Instrument,Date,Close,Open,High,Low,Pre_Close,Change,Pct_Chg,Volume,AMount
000905.SH,2008-01-02,5123.93,4963.05,5125.32,4960.35,4947.6,176.331,3.564,34345900.0,50449900.0
000905.SH,2008-01-03,5230.75,5129.05,5241.55,5110.53,5123.93,106.815,2.0846,41987500.0,61752700.0
000905.SH,2008-01-04,5243.03,5241.09,5246.11,5171.4,5230.75,12.283,0.2348,33308600.0,50326500.0
000905.SH,2008-01-07,5347.81,5237.94,5358.59,5222.2,5243.03,104.774,1.9983,40403700.0,61298200.0
000905.SH,2008-01-08,5200.55,5358.81,5367.54,5158.12,5347.81,-147.254,-2.7535,42472900.0,63914000.0
000905.SH,2008-01-09,5356.48,5176.27,5356.48,5167.34,5200.55,155.93,2.9983,34823800.0,53189300.0
000905.SH,2008-01-10,5382.33,5372.82,5438.31,5354.86,5356.48,25.844,0.4825,40849700.0,62964600.0
000905.SH,2008-01-11,5376.8,5385.9,5392.27,5290.71,5382.33,-5.529,-0.1027,34948200.0,53938000.0
000905.SH,2008-01-14,5445.1,5382.73,5450.89,5368.48,5376.8,68.305,1.2704,33850900.0,53364300.0
000905.SH,2008-01-15,5487.09,5451.64,5495.39,5418.12,5445.1,41.986,0.7711,36880400.0,56818800.0
000905.SH,2008-01-16,5412.91,5461.88,5463.2,5389.15,5487.09,-74.177,-1.3518,39060000.0,58914600.0
000905.SH,2008-01-17,5270.96,5380.82,5467.13,5106.92,5412.91,-141.955,-2.6225,42935100.0,65265000.0
000905.SH,2008-01-18,5317.45,5268.9,5320.45,5210.36,5270.96,46.492,0.882,31238200.0,44924700.0
000905.SH,2008-01-21,5097.23,5331.67,5343.87,5078.5,5317.45,-220.222,-4.1415,35463000.0,51894900.0
000905.SH,2008-01-22,4661.83,4976.79,4976.79,4639.96,5097.23,-435.4,-8.5419,40374500.0,56449800.0
000905.SH,2008-01-23,4912.06,4662.71,4912.48,4624.94,4661.83,250.232,5.3677,38194800.0,53676700.0
000905.SH,2008-01-24,5080.93,4951.38,5116.49,4915.97,4912.06,168.868,3.4378,42780000.0,62469700.0
000905.SH,2008-01-25,5096.69,5081.31,5146.86,5054.08,5080.93,15.764,0.3103,38904400.0,55478500.0
000905.SH,2008-01-28,4740.5,5073.63,5073.63,4712.61,5096.69,-356.189,-6.9886,34534600.0,46942100.0
000905.SH,2008-01-29,4840.64,4757.19,4888.79,4720.68,4740.5,100.135,2.1123,23744400.0,32685600.0
000905.SH,2008-01-30,4851.43,4878.4,4950.18,4725.39,4840.64,10.79,0.2229,24904500.0,35532400.0
000905.SH,2008-01-31,4663.42,4839.4,4868.31,4661.59,4851.43,-188.011,-3.8754,18567900.0,25737700.0
000905.SH,2008-02-01,4456.93,4653.54,4686.6,4308.52,4663.42,-206.488,-4.4278,22513700.0,29182500.0
000905.SH,2008-02-04,4820.39,4570.11,4821.08,4570.11,4456.93,363.46,8.1549,21305100.0,30008500.0
000905.SH,2008-02-05,4839.0,4818.54,4889.38,4751.23,4820.39,18.608,0.386,20773900.0,30045300.0
000905.SH,2008-02-13,4813.58,4798.57,4884.69,4749.15,4839.0,-25.414,-0.5252,15587000.0,22130200.0
000905.SH,2008-02-14,4910.36,4842.94,4929.77,4842.94,4813.58,96.777,2.0105,16113500.0,22683000.0
000905.SH,2008-02-15,4886.02,4884.37,4886.06,4800.64,4910.36,-24.342,-0.4957,19162800.0,27277900.0
000905.SH,2008-02-18,5043.14,4953.03,5072.11,4946.51,4886.02,157.128,3.2159,28922800.0,43435000.0
000905.SH,2008-02-19,5133.36,5054.61,5137.84,5026.56,5043.14,90.217,1.7889,28823300.0,44280400.0
000905.SH,2008-02-20,5089.44,5152.28,5171.18,5079.77,5133.36,-43.922,-0.8556,31477200.0,47223500.0
000905.SH,2008-02-21,5153.6,5068.03,5184.15,5022.65,5089.44,64.162,1.2607,31554600.0,45714600.0
000905.SH,2008-02-22,5029.2,5140.12,5151.29,4938.73,5153.6,-124.403,-2.4139,31199200.0,44996800.0
000905.SH,2008-02-25,4869.65,5038.63,5068.98,4856.48,5029.2,-159.544,-3.1724,26735600.0,38441000.0
000905.SH,2008-02-26,4868.81,4974.71,5021.6,4729.85,4869.65,-0.84,-0.0172,25287600.0,36175500.0
000905.SH,2008-02-27,4977.33,4880.16,4977.33,4854.15,4868.81,108.521,2.2289,23774900.0,33616700.0
000905.SH,2008-02-28,4989.41,4986.44,5045.11,4935.3,4977.33,12.077,0.2426,24117600.0,34217400.0
000905.SH,2008-02-29,5057.62,4984.4,5058.12,4976.15,4989.41,68.205,1.367,25394700.0,35684400.0
000905.SH,2008-03-03,5227.73,5044.94,5227.79,5014.28,5057.62,170.115,3.3635,37422600.0,54849800.0
000905.SH,2008-03-04,5192.59,5246.41,5279.21,5177.74,5227.73,-35.139,-0.6722,43168100.0,61367000.0
000905.SH,2008-03-05,5214.24,5171.78,5218.3,5068.2,5192.59,21.645,0.4168,38579300.0,54154700.0
000905.SH,2008-03-06,5223.82,5229.78,5296.26,5220.37,5214.24,9.582,0.1838,44758000.0,61389800.0
000905.SH,2008-03-07,5115.92,5194.66,5208.9,5104.92,5223.82,-107.904,-2.0656,29953800.0,41394200.0
000905.SH,2008-03-10,4948.35,5081.11,5084.4,4915.44,5115.92,-167.563,-3.2753,23857900.0,32774400.0
000905.SH,2008-03-11,5015.93,4906.14,5015.93,4841.56,4948.35,67.579,1.3657,20439500.0,28767600.0
000905.SH,2008-03-12,4881.03,5095.97,5122.54,4880.7,5015.93,-134.902,-2.6895,22539400.0,31739200.0
000905.SH,2008-03-13,4688.68,4829.24,4844.18,4589.51,4881.03,-192.351,-3.9408,25924800.0,34594900.0
000905.SH,2008-03-14,4662.32,4665.83,4718.18,4598.15,4688.68,-26.363,-0.5623,16579300.0,22264900.0
000905.SH,2008-03-17,4302.61,4641.92,4642.73,4299.56,4662.32,-359.702,-7.7151,21112800.0,27260800.0
000905.SH,2008-03-18,3986.32,4237.3,4327.38,3926.46,4302.61,-316.295,-7.3512,24331000.0,28577500.0
000905.SH,2008-03-19,4176.49,4065.0,4241.94,3989.64,3986.32,190.167,4.7705,25517300.0,31128100.0
000905.SH,2008-03-20,4347.74,4112.7,4394.75,3956.03,4176.49,171.257,4.1005,28428400.0,35722100.0
000905.SH,2008-03-21,4405.86,4347.27,4448.06,4315.67,4347.74,58.113,1.3366,25717400.0,34123900.0
000905.SH,2008-03-24,4314.58,4459.51,4489.46,4312.77,4405.86,-91.275,-2.0717,25757500.0,34855100.0
000905.SH,2008-03-25,4367.34,4233.95,4386.84,4190.54,4314.58,52.76,1.2228,22386600.0,28768200.0
000905.SH,2008-03-26,4352.05,4383.73,4446.54,4317.06,4367.34,-15.288,-0.3501,19459600.0,25137400.0
000905.SH,2008-03-27,4119.79,4298.39,4298.39,4115.52,4352.05,-232.268,-5.337,21748200.0,26990100.0
000905.SH,2008-03-28,4241.45,4072.04,4248.4,3948.85,4119.79,121.667,2.9532,23076200.0,28526400.0
000905.SH,2008-03-31,4044.1,4129.93,4200.76,4042.62,4241.45,-197.354,-4.653,19053100.0,23065500.0
000905.SH,2008-04-01,3704.27,4024.44,4070.11,3695.51,4044.1,-339.825,-8.403,22753600.0,25402400.0
000905.SH,2008-04-02,3500.52,3725.19,3778.57,3464.41,3704.27,-203.751,-5.5004,23076100.0,24668700.0
000905.SH,2008-04-03,3588.76,3469.78,3631.55,3392.08,3500.52,88.24,2.5208,18938800.0,19956500.0
000905.SH,2008-04-07,3822.37,3544.31,3825.85,3506.78,3588.76,233.609,6.5095,21854700.0,24253300.0
000905.SH,2008-04-08,3908.8,3832.92,3941.24,3806.29,3822.37,86.431,2.2612,25150100.0,29602200.0
000905.SH,2008-04-09,3695.31,3887.99,3960.77,3694.96,3908.8,-213.496,-5.4619,24320200.0,28265400.0
000905.SH,2008-04-10,3803.46,3639.61,3803.65,3614.7,3695.31,108.15,2.9267,20713300.0,23533000.0
000905.SH,2008-04-11,3862.36,3831.04,3898.51,3823.67,3803.46,58.907,1.5488,19907900.0,23420500.0
000905.SH,2008-04-14,3607.22,3778.69,3779.25,3597.08,3862.36,-255.145,-6.6059,20826900.0,23299600.0
000905.SH,2008-04-15,3723.27,3588.23,3723.27,3529.18,3607.22,116.049,3.2171,18137700.0,20707500.0
000905.SH,2008-04-16,3633.68,3717.12,3732.77,3612.59,3723.27,-89.592,-2.4063,17413200.0,20461300.0
000905.SH,2008-04-17,3511.91,3632.82,3695.17,3458.53,3633.68,-121.761,-3.3509,17224700.0,18940600.0
000905.SH,2008-04-18,3338.27,3483.85,3495.03,3333.11,3511.91,-173.64,-4.9443,16732300.0,16896700.0
000905.SH,2008-04-21,3314.51,3578.8,3579.58,3273.58,3338.27,-23.768,-0.712,21837800.0,23600300.0
000905.SH,2008-04-22,3266.38,3264.66,3281.48,3093.67,3314.51,-48.123,-1.4519,19059800.0,18575100.0
000905.SH,2008-04-23,3409.77,3238.46,3428.55,3210.75,3266.38,143.391,4.3899,22778000.0,23771200.0
000905.SH,2008-04-24,3723.07,3692.55,3726.87,3603.96,3409.77,313.297,9.1882,47085700.0,53152200.0
000905.SH,2008-04-25,3756.33,3716.51,3873.33,3669.36,3723.07,33.259,0.8933,42792000.0,49480400.0
000905.SH,2008-04-28,3729.56,3696.93,3779.58,3667.58,3756.33,-26.768,-0.7126,30778700.0,35977000.0
000905.SH,2008-04-29,3759.54,3714.79,3782.52,3708.58,3729.56,29.983,0.8039,25885800.0,29953800.0
000905.SH,2008-04-30,3903.18,3771.19,3910.41,3771.19,3759.54,143.633,3.8205,37790800.0,44088700.0
000905.SH,2008-05-05,4040.16,3943.2,4046.68,3895.64,3903.18,136.981,3.5095,39172400.0,47406400.0
000905.SH,2008-05-06,4024.99,4015.55,4086.43,3969.97,4040.16,-15.169,-0.3755,39841700.0,49186900.0
000905.SH,2008-05-07,3850.23,4001.59,4049.11,3849.98,4024.99,-174.764,-4.342,37470500.0,45721700.0
000905.SH,2008-05-08,3985.2,3805.33,3985.2,3796.55,3850.23,134.971,3.5055,31820500.0,38157500.0
000905.SH,2008-05-09,3986.24,4014.17,4049.78,3891.49,3985.2,1.043,0.0262,37449300.0,46621600.0
000905.SH,2008-05-12,4069.15,3926.05,4110.7,3893.39,3986.24,82.905,2.0798,37697500.0,47384700.0
000905.SH,2008-05-13,4078.88,3944.54,4107.59,3932.71,4069.15,9.732,0.2392,46981000.0,57631100.0
000905.SH,2008-05-14,4168.49,4076.88,4171.27,4076.88,4078.88,89.609,2.1969,43683700.0,53809800.0
000905.SH,2008-05-15,4131.25,4186.75,4230.77,4131.25,4168.49,-37.234,-0.8932,39735100.0,48605200.0
000905.SH,2008-05-16,4071.91,4126.65,4160.4,4005.07,4131.25,-59.342,-1.4364,30652800.0,38114100.0
000905.SH,2008-05-19,4070.05,4059.28,4100.56,4008.57,4071.91,-1.861,-0.0457,22805900.0,28111700.0
000905.SH,2008-05-20,3813.94,4070.79,4098.65,3792.15,4070.05,-256.114,-6.2927,31286500.0,37105600.0
000905.SH,2008-05-21,3908.77,3757.06,3932.3,3663.2,3813.94,94.837,2.4866,34400600.0,38691300.0
000905.SH,2008-05-22,3871.55,3866.7,3958.45,3834.54,3908.77,-37.219,-0.9522,31416000.0,36601100.0
000905.SH,2008-05-23,3829.65,3857.22,3890.16,3746.01,3871.55,-41.908,-1.0825,29245500.0,31795300.0
000905.SH,2008-05-26,3728.75,3804.3,3812.31,3726.76,3829.65,-100.894,-2.6346,28323700.0,30756700.0
000905.SH,2008-05-27,3743.54,3712.76,3752.96,3679.0,3728.75,14.788,0.3966,20108700.0,21947600.0
000905.SH,2008-05-28,3847.26,3749.6,3864.81,3730.74,3743.54,103.719,2.7706,23523900.0,26996900.0
000905.SH,2008-05-29,3749.22,3839.54,3859.85,3749.22,3847.26,-98.042,-2.5484,24258300.0,27371600.0
000905.SH,2008-05-30,3755.63,3744.25,3781.33,3695.29,3749.22,6.415,0.1711,21345500.0,23616600.0
000905.SH,2008-06-02,3788.15,3747.59,3804.79,3730.14,3755.63,32.522,0.866,21008000.0,23023900.0
000905.SH,2008-06-03,3771.1,3789.03,3804.56,3741.41,3788.15,-17.056,-0.4502,22600900.0,25389300.0
000905.SH,2008-06-04,3704.08,3759.88,3764.56,3667.26,3771.1,-67.019,-1.7772,20518000.0,22006000.0
000905.SH,2008-06-05,3657.49,3690.86,3705.46,3639.81,3704.08,-46.591,-1.2578,17225500.0,18761600.0
000905.SH,2008-06-06,3629.92,3662.05,3680.27,3607.24,3657.49,-27.564,-0.7536,15106100.0,16588600.0
000905.SH,2008-06-10,3312.79,3487.05,3487.05,3297.91,3629.92,-317.129,-8.7365,18875800.0,18965300.0
000905.SH,2008-06-11,3226.92,3250.44,3270.85,3165.7,3312.79,-85.871,-2.5921,20126300.0,19510500.0
000905.SH,2008-06-12,3197.54,3209.92,3244.57,3125.09,3226.92,-29.378,-0.9104,20001500.0,20144600.0
000905.SH,2008-06-13,3045.1,3202.26,3227.48,3042.5,3197.54,-152.44,-4.7674,17586900.0,16820500.0
000905.SH,2008-06-16,2977.82,3041.7,3076.44,2926.71,3045.1,-67.287,-2.2097,15780800.0,14351500.0
000905.SH,2008-06-17,2791.29,2974.09,3005.79,2776.85,2977.82,-186.529,-6.2639,18513000.0,16090500.0
000905.SH,2008-06-18,2951.84,2767.8,2970.4,2684.67,2791.29,160.555,5.752,26356800.0,22739100.0
000905.SH,2008-06-19,2702.8,2927.16,2936.68,2700.37,2951.84,-249.043,-8.4369,23981600.0,21026600.0
000905.SH,2008-06-20,2764.28,2718.78,2866.61,2596.84,2702.8,61.479,2.2746,27585800.0,23144100.0
000905.SH,2008-06-23,2717.97,2726.45,2779.01,2693.06,2764.28,-46.311,-1.6753,16676700.0,14239300.0
000905.SH,2008-06-24,2806.77,2708.78,2818.92,2702.63,2717.97,88.805,3.2673,20244800.0,17395500.0
000905.SH,2008-06-25,2966.9,2805.59,2966.9,2797.12,2806.77,160.121,5.7048,28449800.0,24575400.0
000905.SH,2008-06-26,3003.3,2965.46,3041.37,2939.86,2966.9,36.407,1.2271,30425700.0,27618900.0
000905.SH,2008-06-27,2792.71,2902.01,2920.11,2762.19,3003.3,-210.597,-7.0122,26066400.0,22544900.0
000905.SH,2008-06-30,2813.72,2762.34,2838.18,2737.75,2792.71,21.011,0.7524,16361800.0,14955900.0
000905.SH,2008-07-01,2765.06,2819.53,2831.91,2741.11,2813.72,-48.652,-1.7291,17018400.0,15866200.0
000905.SH,2008-07-02,2811.23,2768.72,2848.63,2754.69,2765.06,46.161,1.6694,17255800.0,16359600.0
000905.SH,2008-07-03,2941.52,2776.92,2973.38,2742.74,2811.23,130.296,4.6348,30751400.0,28792400.0
000905.SH,2008-07-04,2941.08,2931.84,2979.8,2913.2,2941.52,-0.436,-0.0148,26879800.0,26687500.0
000905.SH,2008-07-07,3094.84,2948.69,3096.27,2948.69,2941.08,153.76,5.228,34492500.0,33447800.0
000905.SH,2008-07-08,3142.32,3101.29,3154.27,3044.67,3094.84,47.475,1.534,36576100.0,35380700.0
000905.SH,2008-07-09,3226.15,3148.61,3226.2,3146.74,3142.32,83.827,2.6677,42098100.0,39152500.0
000905.SH,2008-07-10,3152.49,3186.59,3264.02,3152.49,3226.15,-73.658,-2.2832,42047500.0,41032800.0
000905.SH,2008-07-11,3132.73,3133.69,3167.82,3074.05,3152.49,-19.756,-0.6267,30154700.0,28874700.0
000905.SH,2008-07-14,3198.35,3111.58,3198.61,3100.04,3132.73,65.619,2.0946,26040800.0,25663600.0
000905.SH,2008-07-15,3106.33,3208.55,3231.37,3085.12,3198.35,-92.026,-2.8773,32645200.0,31645000.0
000905.SH,2008-07-16,2948.53,3072.41,3081.41,2893.36,3106.33,-157.8,-5.08,27610000.0,25436700.0
000905.SH,2008-07-17,2918.37,2991.35,3031.89,2901.94,2948.53,-30.157,-1.0228,23928900.0,22388300.0
000905.SH,2008-07-18,3015.8,2935.65,3026.14,2855.92,2918.37,97.429,3.3385,23682400.0,21928200.0
000905.SH,2008-07-21,3139.51,3002.46,3151.03,2982.51,3015.8,123.711,4.1021,28663800.0,26584100.0
000905.SH,2008-07-22,3150.01,3138.76,3183.19,3126.17,3139.51,10.506,0.3346,29213100.0,26936400.0
000905.SH,2008-07-23,3122.69,3161.21,3180.18,3116.84,3150.01,-27.328,-0.8676,28395100.0,26330900.0
000905.SH,2008-07-24,3200.74,3137.44,3206.38,3134.97,3122.69,78.048,2.4994,30853100.0,28405300.0
000905.SH,2008-07-25,3172.17,3167.9,3205.58,3148.5,3200.74,-28.567,-0.8925,26398400.0,25452600.0
000905.SH,2008-07-28,3215.85,3190.28,3229.16,3190.28,3172.17,43.678,1.3769,27742400.0,26343600.0
000905.SH,2008-07-29,3150.0,3179.78,3182.22,3126.02,3215.85,-65.846,-2.0475,27028900.0,24861600.0
000905.SH,2008-07-30,3132.77,3184.23,3201.05,3105.96,3150.0,-17.234,-0.5471,22320500.0,20568400.0
000905.SH,2008-07-31,3017.22,3139.78,3147.65,3015.66,3132.77,-115.549,-3.6884,20879800.0,18702000.0
000905.SH,2008-08-01,3063.81,3001.0,3084.1,2958.03,3017.22,46.595,1.5443,20684000.0,18504400.0
000905.SH,2008-08-04,2990.17,3044.14,3067.04,2986.35,3063.81,-73.644,-2.4037,17827900.0,16174400.0
000905.SH,2008-08-05,2897.73,2988.34,3005.64,2889.25,2990.17,-92.443,-3.0916,18506400.0,16841500.0
000905.SH,2008-08-06,2904.19,2913.87,2941.4,2857.91,2897.73,6.461,0.223,18056000.0,16413700.0
000905.SH,2008-08-07,2923.75,2899.84,2931.0,2871.18,2904.19,19.559,0.6735,17788400.0,15765300.0
000905.SH,2008-08-08,2711.96,2924.93,2924.93,2709.96,2923.75,-211.781,-7.2435,21309700.0,18351700.0
000905.SH,2008-08-11,2508.59,2699.08,2699.08,2497.27,2711.96,-203.374,-7.4991,19815700.0,14740600.0
000905.SH,2008-08-12,2473.42,2467.68,2508.43,2436.94,2508.59,-35.173,-1.4021,16283800.0,11897000.0
000905.SH,2008-08-13,2472.3,2454.89,2496.6,2369.38,2473.42,-1.117,-0.0452,17795600.0,13507600.0
000905.SH,2008-08-14,2483.7,2458.8,2506.47,2443.88,2472.3,11.396,0.4609,14520600.0,11464300.0
000905.SH,2008-08-15,2473.72,2478.16,2510.96,2446.03,2483.7,-9.979,-0.4018,13570500.0,10549400.0
000905.SH,2008-08-18,2289.3,2479.39,2483.98,2287.28,2473.72,-184.421,-7.4552,15336300.0,10770900.0
000905.SH,2008-08-19,2327.02,2255.72,2331.35,2235.71,2289.3,37.723,1.6478,13920300.0,9866940.0
000905.SH,2008-08-20,2520.74,2316.68,2521.08,2287.69,2327.02,193.718,8.3247,26330800.0,18578100.0
000905.SH,2008-08-21,2431.1,2484.82,2535.06,2419.71,2520.74,-89.636,-3.5559,25329300.0,18688900.0
000905.SH,2008-08-22,2382.52,2412.88,2418.89,2326.27,2431.1,-48.578,-1.9982,17875300.0,12909400.0
000905.SH,2008-08-25,2374.06,2379.21,2413.88,2348.96,2382.52,-8.463,-0.3552,14033200.0,10093500.0
000905.SH,2008-08-26,2244.99,2347.81,2347.81,2207.67,2374.06,-129.067,-5.4366,17692700.0,12068000.0
000905.SH,2008-08-27,2237.87,2230.15,2279.55,2180.94,2244.99,-7.126,-0.3174,16134200.0,10991600.0
000905.SH,2008-08-28,2236.82,2232.71,2256.96,2216.06,2237.87,-1.043,-0.0466,13263600.0,9108680.0
000905.SH,2008-08-29,2307.16,2242.16,2334.8,2242.16,2236.82,70.334,3.1444,19417900.0,13186300.0
000905.SH,2008-09-01,2238.05,2290.41,2290.41,2219.52,2307.16,-69.111,-2.9955,15455400.0,10246400.0
000905.SH,2008-09-02,2253.77,2224.8,2278.49,2198.64,2238.05,15.726,0.7027,15449500.0,9572970.0
000905.SH,2008-09-03,2237.28,2246.73,2268.38,2199.15,2253.77,-16.493,-0.7318,18866500.0,11834800.0
000905.SH,2008-09-04,2254.69,2233.11,2278.51,2220.64,2237.28,17.408,0.7781,15600600.0,9790540.0
000905.SH,2008-09-05,2148.74,2193.56,2210.75,2145.66,2254.69,-105.947,-4.699,17462000.0,11002500.0
000905.SH,2008-09-08,2039.89,2146.75,2160.86,2031.53,2148.74,-108.852,-5.0659,15894600.0,9762380.0
000905.SH,2008-09-09,2057.56,2044.3,2070.47,2021.82,2039.89,17.672,0.8663,12755300.0,7991270.0
000905.SH,2008-09-10,2072.81,2044.03,2108.59,2025.67,2057.56,15.247,0.741,15341700.0,9767180.0
000905.SH,2008-09-11,2034.25,2068.18,2089.96,2023.25,2072.81,-38.561,-1.8603,13175300.0,8257810.0
000905.SH,2008-09-12,2038.66,2032.35,2067.59,2031.21,2034.25,4.413,0.2169,10496700.0,6541310.0
000905.SH,2008-09-16,1993.46,2036.38,2037.68,1981.22,2038.66,-45.199,-2.2171,14941100.0,8863740.0
000905.SH,2008-09-17,1956.04,1988.78,2013.01,1946.8,1993.46,-37.426,-1.8774,14183200.0,8321110.0
000905.SH,2008-09-18,1899.32,1915.32,1938.82,1797.07,1956.04,-56.712,-2.8993,21147800.0,11577300.0
000905.SH,2008-09-19,2086.83,2072.61,2086.83,2049.02,1899.32,187.503,9.8721,23083800.0,14463100.0
000905.SH,2008-09-22,2182.79,2213.53,2276.66,2097.78,2086.83,95.966,4.5987,46244400.0,30099000.0
000905.SH,2008-09-23,2042.2,2108.51,2110.06,2041.97,2182.79,-140.595,-6.4411,27446200.0,17418100.0
000905.SH,2008-09-24,2088.55,2006.01,2088.55,1984.23,2042.2,46.352,2.2697,21766400.0,13931800.0
000905.SH,2008-09-25,2138.06,2091.39,2158.15,2086.08,2088.55,49.516,2.3708,34836900.0,22517000.0
000905.SH,2008-09-26,2136.0,2144.52,2156.96,2094.7,2138.06,-2.064,-0.0965,26804400.0,16948700.0
000905.SH,2008-10-06,2054.04,2092.35,2096.35,2049.36,2136.0,-81.959,-3.837,20982600.0,13772300.0
000905.SH,2008-10-07,2046.19,1994.02,2070.72,1972.94,2054.04,-7.851,-0.3822,18706000.0,12083100.0
000905.SH,2008-10-08,1995.61,2005.91,2033.22,1975.82,2046.19,-50.581,-2.472,16635700.0,10426400.0
000905.SH,2008-10-09,1969.81,2034.55,2042.8,1968.9,1995.61,-25.795,-1.2926,15749300.0,9647320.0
000905.SH,2008-10-10,1837.4,1901.03,1901.03,1836.5,1969.81,-132.411,-6.722,19147500.0,10470100.0
000905.SH,2008-10-13,1872.95,1814.54,1872.95,1751.52,1837.4,35.543,1.9344,17247600.0,9525960.0
000905.SH,2008-10-14,1816.32,1932.08,1941.1,1816.32,1872.95,-56.627,-3.0234,21644400.0,12412700.0
000905.SH,2008-10-15,1806.79,1801.39,1823.7,1781.17,1816.32,-9.529,-0.5246,14004000.0,7685640.0
000905.SH,2008-10-16,1704.56,1741.12,1756.36,1703.24,1806.79,-102.226,-5.6579,17651900.0,9117300.0
000905.SH,2008-10-17,1726.4,1717.58,1736.22,1696.72,1704.56,21.835,1.281,13810900.0,7248310.0
000905.SH,2008-10-20,1786.56,1725.56,1787.9,1705.57,1726.4,60.164,3.4849,16739000.0,8817550.0
000905.SH,2008-10-21,1782.66,1793.66,1824.38,1776.7,1786.56,-3.9,-0.2183,20064600.0,10723200.0
000905.SH,2008-10-22,1748.84,1765.61,1792.6,1747.46,1782.66,-33.824,-1.8974,16682000.0,8495210.0
000905.SH,2008-10-23,1766.59,1716.3,1766.59,1706.83,1748.84,17.75,1.015,15466700.0,7884690.0
000905.SH,2008-10-24,1741.18,1764.81,1777.69,1723.5,1766.59,-25.409,-1.4383,15940900.0,8281830.0
000905.SH,2008-10-27,1604.76,1711.82,1711.82,1602.52,1741.18,-136.423,-7.8351,19565600.0,9479940.0
000905.SH,2008-10-28,1642.06,1570.99,1650.79,1562.4,1604.76,37.297,2.3242,20157800.0,9702790.0
000905.SH,2008-10-29,1576.93,1662.04,1665.73,1576.88,1642.06,-65.124,-3.966,18664400.0,8899660.0
000905.SH,2008-10-30,1590.23,1585.52,1613.4,1565.72,1576.93,13.295,0.8431,16593000.0,7860690.0
000905.SH,2008-10-31,1562.02,1590.45,1599.16,1553.49,1590.23,-28.204,-1.7736,13754000.0,6330070.0
000905.SH,2008-11-03,1539.8,1553.88,1563.69,1532.95,1562.02,-22.227,-1.423,12354900.0,5742480.0
000905.SH,2008-11-04,1513.49,1533.75,1535.74,1488.65,1539.8,-26.3,-1.708,14212200.0,6558340.0
000905.SH,2008-11-05,1563.37,1519.8,1573.52,1519.8,1513.49,49.874,3.2953,20628900.0,9395440.0
000905.SH,2008-11-06,1536.6,1530.03,1542.76,1514.58,1563.37,-26.771,-1.7124,16775500.0,7472620.0
000905.SH,2008-11-07,1561.22,1512.98,1569.26,1503.63,1536.6,24.623,1.6024,17839200.0,7805290.0
000905.SH,2008-11-10,1676.28,1585.29,1677.38,1585.29,1561.22,115.056,7.3696,31892100.0,14716200.0
000905.SH,2008-11-11,1662.85,1671.24,1702.18,1651.59,1676.28,-13.429,-0.8011,34852200.0,16453400.0
000905.SH,2008-11-12,1704.23,1648.08,1704.23,1642.4,1662.85,41.378,2.4884,26826000.0,12408500.0
000905.SH,2008-11-13,1784.5,1686.07,1802.61,1680.77,1704.23,80.271,4.7101,47507900.0,23358000.0
000905.SH,2008-11-14,1867.48,1802.25,1867.48,1781.72,1784.5,82.988,4.6505,55050300.0,27946500.0
000905.SH,2008-11-17,1959.07,1864.31,1959.07,1851.87,1867.48,91.587,4.9043,56535900.0,29771600.0
000905.SH,2008-11-18,1816.29,1949.21,1971.66,1806.52,1959.07,-142.787,-7.2885,63976100.0,33473200.0
000905.SH,2008-11-19,1944.33,1803.41,1949.46,1803.41,1816.29,128.042,7.0497,53437000.0,28116700.0
000905.SH,2008-11-20,1948.68,1916.87,1990.3,1900.52,1944.33,4.354,0.2239,59822600.0,31237600.0
000905.SH,2008-11-21,1921.04,1890.98,1973.28,1833.98,1948.68,-27.641,-1.4184,55083200.0,28432100.0
000905.SH,2008-11-24,1842.34,1920.55,1938.47,1839.08,1921.04,-78.696,-4.0965,37202100.0,19928200.0
000905.SH,2008-11-25,1827.64,1869.02,1886.46,1780.91,1842.34,-14.702,-0.798,28119500.0,14646000.0
000905.SH,2008-11-26,1834.77,1825.34,1857.71,1806.09,1827.64,7.132,0.3902,23963100.0,12264400.0
000905.SH,2008-11-27,1861.52,1961.97,1965.65,1860.99,1834.77,26.744,1.4576,47539900.0,24949500.0
000905.SH,2008-11-28,1841.45,1845.3,1868.33,1821.17,1861.52,-20.068,-1.078,30741400.0,15691000.0
000905.SH,2008-12-01,1919.47,1836.42,1919.47,1820.53,1841.45,78.025,4.2372,37176900.0,19239200.0
000905.SH,2008-12-02,1957.32,1878.35,1973.1,1868.94,1919.47,37.847,1.9717,50216700.0,26973600.0
000905.SH,2008-12-03,2039.93,1972.4,2039.93,1972.17,1957.32,82.605,4.2203,59429100.0,32814500.0
000905.SH,2008-12-04,2037.72,2062.64,2110.67,2034.64,2039.93,-2.204,-0.108,74284700.0,42039800.0
000905.SH,2008-12-05,2098.66,2024.41,2098.66,2020.55,2037.72,60.933,2.9902,51366300.0,29363400.0
000905.SH,2008-12-08,2190.53,2128.68,2190.53,2120.54,2098.66,91.876,4.3778,69811100.0,41126900.0
000905.SH,2008-12-09,2134.58,2196.03,2196.03,2123.93,2190.53,-55.952,-2.5543,60845000.0,36671100.0
000905.SH,2008-12-10,2195.74,2123.04,2199.78,2113.15,2134.58,61.163,2.8653,52866700.0,31492000.0
000905.SH,2008-12-11,2127.18,2195.48,2203.29,2125.85,2195.74,-68.56,-3.1224,51629800.0,31272500.0
000905.SH,2008-12-12,2031.99,2107.48,2118.59,2001.18,2127.18,-95.191,-4.475,45509800.0,25898800.0
000905.SH,2008-12-15,2073.03,2063.91,2082.77,2021.05,2031.99,41.037,2.0195,36196000.0,20954700.0
000905.SH,2008-12-16,2110.24,2058.67,2110.57,2008.41,2073.03,37.215,1.7952,36115400.0,20925300.0
000905.SH,2008-12-17,2136.31,2117.65,2164.59,2110.06,2110.24,26.065,1.2352,44330600.0,26668900.0
000905.SH,2008-12-18,2175.36,2135.68,2176.46,2118.3,2136.31,39.048,1.8278,41872000.0,24748300.0
000905.SH,2008-12-19,2194.99,2175.76,2216.89,2169.87,2175.36,19.637,0.9027,48167900.0,28998100.0
000905.SH,2008-12-22,2193.48,2196.39,2213.0,2154.43,2194.99,-1.519,-0.0692,42559900.0,25287400.0
000905.SH,2008-12-23,2054.53,2197.79,2197.79,2052.62,2193.48,-138.94,-6.3342,45766100.0,26470400.0
000905.SH,2008-12-24,2010.1,2020.96,2043.15,1985.82,2054.53,-44.431,-2.1626,34314100.0,19212700.0
000905.SH,2008-12-25,2003.49,2015.96,2035.83,1966.54,2010.1,-6.616,-0.3291,28189700.0,15710000.0
000905.SH,2008-12-26,1983.76,2006.13,2018.14,1976.08,2003.49,-19.731,-0.9848,21288500.0,12123300.0
000905.SH,2008-12-29,1984.76,1977.21,1991.56,1928.07,1983.76,0.998,0.0503,20060100.0,10981100.0
000905.SH,2008-12-30,1971.47,1983.46,2004.64,1961.8,1984.76,-13.289,-0.6696,22269200.0,12617900.0
000905.SH,2008-12-31,1939.43,1973.41,1983.12,1938.01,1971.47,-32.033,-1.6248,19916600.0,11495300.0
000905.SH,2009-01-05,2020.24,1969.63,2020.24,1962.62,1939.43,80.81,4.1667,24718200.0,14271000.0
000905.SH,2009-01-06,2091.89,2016.87,2093.6,2005.33,2020.24,71.649,3.5466,38326000.0,22243200.0
000905.SH,2009-01-07,2104.92,2092.74,2120.21,2082.55,2091.89,13.03,0.6229,40155900.0,23635000.0
000905.SH,2009-01-08,2052.3,2069.22,2087.16,2034.4,2104.92,-52.622,-2.5,33592600.0,19587500.0
000905.SH,2009-01-09,2107.77,2050.32,2107.77,2050.32,2052.3,55.466,2.7026,31585600.0,19044200.0
000905.SH,2009-01-12,2137.84,2105.15,2162.35,2100.04,2107.77,30.075,1.4269,38011800.0,23213000.0
000905.SH,2009-01-13,2081.67,2116.11,2125.46,2078.06,2137.84,-56.169,-2.6274,33356000.0,19715800.0
000905.SH,2009-01-14,2160.06,2078.45,2160.06,2078.45,2081.67,78.392,3.7658,37642900.0,22494700.0
000905.SH,2009-01-15,2181.06,2143.05,2208.34,2135.7,2160.06,20.997,0.9721,50112600.0,29894700.0
000905.SH,2009-01-16,2195.63,2192.03,2228.9,2186.16,2181.06,14.573,0.6682,53147000.0,32618500.0
000905.SH,2009-01-19,2192.81,2209.13,2221.24,2166.08,2195.63,-2.827,-0.1288,40780800.0,25413400.0
000905.SH,2009-01-20,2214.84,2188.61,2214.84,2170.9,2192.81,22.032,1.0047,32273900.0,20146200.0
000905.SH,2009-01-21,2217.63,2187.18,2236.44,2178.54,2214.84,2.787,0.1258,38764400.0,24186200.0
000905.SH,2009-01-22,2256.37,2232.81,2260.5,2222.5,2217.63,38.741,1.747,42052300.0,26330900.0
000905.SH,2009-01-23,2238.08,2253.32,2265.42,2233.5,2256.37,-18.285,-0.8104,37781200.0,23236900.0
000905.SH,2009-02-02,2306.77,2258.51,2306.77,2245.26,2238.08,68.687,3.069,42700500.0,25777300.0
000905.SH,2009-02-03,2369.65,2307.89,2369.65,2300.98,2306.77,62.885,2.7261,63882100.0,38558200.0
000905.SH,2009-02-04,2423.89,2380.62,2423.92,2370.01,2369.65,54.233,2.2886,69847000.0,42964700.0
000905.SH,2009-02-05,2384.76,2421.36,2436.69,2362.23,2423.89,-39.123,-1.6141,73744100.0,46971800.0
000905.SH,2009-02-06,2493.74,2390.24,2496.59,2390.24,2384.76,108.976,4.5697,76563600.0,49084100.0
000905.SH,2009-02-09,2579.23,2528.8,2580.75,2500.54,2493.74,85.488,3.4281,90834100.0,60635900.0
000905.SH,2009-02-10,2653.21,2564.75,2653.21,2535.65,2579.23,73.985,2.8685,81705200.0,55539600.0
000905.SH,2009-02-11,2658.05,2609.01,2723.46,2594.93,2653.21,4.837,0.1823,95073600.0,65689400.0
000905.SH,2009-02-12,2707.92,2666.49,2707.92,2587.19,2658.05,49.872,1.8763,80197100.0,55066300.0
000905.SH,2009-02-13,2805.01,2714.64,2808.48,2704.66,2707.92,97.088,3.5853,90039500.0,64099300.0
000905.SH,2009-02-16,2854.44,2833.29,2854.56,2777.42,2805.01,49.434,1.7623,90691700.0,65944500.0
000905.SH,2009-02-17,2738.58,2844.22,2844.22,2734.37,2854.44,-115.864,-4.0591,85069100.0,62711300.0
000905.SH,2009-02-18,2632.91,2676.81,2736.59,2630.71,2738.58,-105.672,-3.8586,68996000.0,49543100.0
000905.SH,2009-02-19,2687.49,2661.6,2696.78,2629.34,2632.91,54.581,2.073,57010300.0,41448700.0
000905.SH,2009-02-20,2776.96,2694.78,2776.96,2671.18,2687.49,89.466,3.329,60043600.0,45854200.0
000905.SH,2009-02-23,2871.79,2769.63,2878.5,2753.85,2776.96,94.837,3.4151,73580400.0,56054900.0
000905.SH,2009-02-24,2754.24,2838.24,2884.01,2746.02,2871.79,-117.552,-4.0933,85993500.0,65175400.0
000905.SH,2009-02-25,2771.1,2780.33,2803.51,2677.26,2754.24,16.858,0.6121,68657600.0,51891900.0
000905.SH,2009-02-26,2571.28,2769.24,2800.21,2535.53,2771.1,-199.822,-7.2109,65727800.0,48693400.0
000905.SH,2009-02-27,2416.95,2528.6,2542.55,2396.31,2571.28,-154.327,-6.002,53180000.0,36073500.0
000905.SH,2009-03-02,2478.81,2385.84,2485.02,2382.02,2416.95,61.859,2.5594,37333100.0,26009600.0
000905.SH,2009-03-03,2499.83,2416.11,2526.85,2398.8,2478.81,21.018,0.8479,44132100.0,31008500.0
000905.SH,2009-03-04,2651.41,2508.27,2654.4,2508.27,2499.83,151.579,6.0636,61254500.0,44645800.0
000905.SH,2009-03-05,2671.57,2680.32,2710.02,2608.13,2651.41,20.17,0.7607,70331800.0,51259000.0
000905.SH,2009-03-06,2653.47,2621.23,2676.36,2608.56,2671.57,-18.106,-0.6777,50807700.0,36270100.0
000905.SH,2009-03-09,2536.01,2661.95,2692.75,2528.6,2653.47,-117.459,-4.4266,50605100.0,36123400.0
000905.SH,2009-03-10,2601.42,2505.93,2601.5,2498.25,2536.01,65.407,2.5791,35740700.0,24646300.0
000905.SH,2009-03-11,2587.37,2646.61,2655.22,2575.0,2601.42,-14.046,-0.5399,43869000.0,31050000.0
000905.SH,2009-03-12,2597.23,2572.39,2604.78,2507.23,2587.37,9.861,0.3811,38265200.0,26997600.0
000905.SH,2009-03-13,2569.63,2606.88,2625.61,2564.15,2597.23,-27.603,-1.0628,36035100.0,26094400.0
000905.SH,2009-03-16,2603.06,2563.02,2604.0,2539.91,2569.63,33.429,1.3009,31294900.0,22066700.0
000905.SH,2009-03-17,2699.59,2608.23,2708.35,2594.12,2603.06,96.536,3.7086,54249800.0,39274500.0
000905.SH,2009-03-18,2734.55,2711.17,2778.15,2707.79,2699.59,34.953,1.2948,68328400.0,49738300.0
000905.SH,2009-03-19,2797.16,2737.38,2797.16,2733.7,2734.55,62.608,2.2895,65849600.0,48946600.0
000905.SH,2009-03-20,2784.11,2799.79,2802.71,2731.71,2797.16,-13.049,-0.4665,64333700.0,48491300.0
000905.SH,2009-03-23,2843.88,2784.89,2846.63,2779.7,2784.11,59.773,2.1469,70752300.0,55203000.0
000905.SH,2009-03-24,2865.33,2871.44,2877.45,2835.2,2843.88,21.454,0.7544,72372200.0,56429700.0
000905.SH,2009-03-25,2785.66,2849.92,2873.13,2785.55,2865.33,-79.669,-2.7804,64925400.0,49097200.0
000905.SH,2009-03-26,2853.41,2784.89,2853.51,2746.79,2785.66,67.747,2.432,57070400.0,43450400.0
000905.SH,2009-03-27,2877.88,2871.39,2894.51,2852.93,2853.41,24.469,0.8575,69679000.0,54233600.0
000905.SH,2009-03-30,2883.21,2880.53,2904.59,2866.86,2877.88,5.334,0.1853,57376100.0,44630600.0
000905.SH,2009-03-31,2914.13,2825.93,2914.2,2808.6,2883.21,30.914,1.0722,59667500.0,46324400.0
000905.SH,2009-04-01,2962.84,2924.39,2978.1,2924.31,2914.13,48.711,1.6715,76329300.0,59892500.0
000905.SH,2009-04-02,2965.74,2972.74,2996.39,2952.76,2962.84,2.896,0.0977,76376100.0,60820100.0
000905.SH,2009-04-03,2934.25,2983.22,2990.07,2909.83,2965.74,-31.482,-1.0615,66739600.0,53780600.0
000905.SH,2009-04-07,2968.52,2941.39,2968.52,2925.74,2934.25,34.266,1.1678,53024700.0,42619400.0
000905.SH,2009-04-08,2867.17,2959.81,2969.81,2867.17,2968.52,-101.351,-3.4142,61578800.0,48390900.0
000905.SH,2009-04-09,2915.02,2862.11,2915.07,2838.63,2867.17,47.856,1.6691,49871100.0,39259900.0
000905.SH,2009-04-10,3009.38,2932.01,3012.25,2921.61,2915.02,94.352,3.2367,72079900.0,58445900.0
000905.SH,2009-04-13,3050.37,3030.7,3055.65,3019.16,3009.38,40.996,1.3623,77994900.0,63427200.0
000905.SH,2009-04-14,3099.43,3047.77,3102.78,3031.59,3050.37,49.057,1.6082,76937000.0,63983000.0
000905.SH,2009-04-15,3143.82,3084.04,3143.82,3055.25,3099.43,44.392,1.4323,83775500.0,70090800.0
000905.SH,2009-04-16,3159.26,3151.0,3182.58,3097.54,3143.82,15.439,0.4911,86665500.0,71982000.0
000905.SH,2009-04-17,3119.42,3152.36,3171.86,3083.64,3159.26,-39.841,-1.2611,76864800.0,64153400.0
000905.SH,2009-04-20,3205.88,3111.47,3205.88,3109.9,3119.42,86.465,2.7718,73529100.0,60484800.0
000905.SH,2009-04-21,3205.08,3173.53,3225.11,3142.12,3205.88,-0.808,-0.0252,79868200.0,64569500.0
000905.SH,2009-04-22,3042.64,3219.34,3235.45,3021.41,3205.08,-162.438,-5.0681,86051800.0,70079600.0
000905.SH,2009-04-23,3059.71,3013.09,3080.25,2978.65,3042.64,17.071,0.5611,55318800.0,44693500.0
000905.SH,2009-04-24,3036.76,3070.35,3082.5,3034.45,3059.71,-22.948,-0.75,52483400.0,43044300.0
000905.SH,2009-04-27,2916.11,3034.24,3042.8,2903.3,3036.76,-120.647,-3.9729,53130600.0,42036200.0
000905.SH,2009-04-28,2959.95,2900.09,2959.95,2897.8,2916.11,43.838,1.5033,44365100.0,36611400.0
000905.SH,2009-04-29,3040.04,2963.21,3043.41,2954.85,2959.95,80.088,2.7057,56199900.0,46072700.0
000905.SH,2009-04-30,3086.22,3051.14,3096.76,3040.75,3040.04,46.177,1.519,62320400.0,51201100.0
000905.SH,2009-05-04,3190.25,3096.39,3190.27,3096.39,3086.22,104.037,3.371,69192000.0,57234000.0
000905.SH,2009-05-05,3220.61,3208.27,3234.13,3183.39,3190.25,30.361,0.9517,72957300.0,61104200.0
000905.SH,2009-05-06,3264.58,3215.6,3264.58,3204.31,3220.61,43.964,1.3651,72987000.0,62139500.0
000905.SH,2009-05-07,3242.63,3278.99,3285.77,3177.95,3264.58,-21.953,-0.6725,81373900.0,69303800.0
000905.SH,2009-05-08,3257.59,3227.22,3274.57,3196.79,3242.63,14.962,0.4614,77862500.0,63375200.0
000905.SH,2009-05-11,3134.57,3269.02,3275.12,3134.44,3257.59,-123.015,-3.7763,79066300.0,63792600.0
000905.SH,2009-05-12,3212.14,3105.86,3212.18,3101.32,3134.57,77.566,2.4745,50827100.0,41206400.0
000905.SH,2009-05-13,3234.15,3215.97,3247.84,3201.02,3212.14,22.012,0.6853,61448300.0,49842000.0
000905.SH,2009-05-14,3246.56,3211.21,3256.53,3200.11,3234.15,12.406,0.3836,59123900.0,48007400.0
000905.SH,2009-05-15,3270.74,3255.45,3285.45,3238.68,3246.56,24.181,0.7448,58945700.0,48465200.0
000905.SH,2009-05-18,3295.65,3265.0,3297.54,3211.39,3270.74,24.913,0.7617,56313900.0,46772300.0
000905.SH,2009-05-19,3325.53,3313.91,3338.25,3302.75,3295.65,29.88,0.9066,71390600.0,60721200.0
000905.SH,2009-05-20,3306.47,3328.12,3343.66,3302.74,3325.53,-19.057,-0.5731,70002800.0,58970900.0
000905.SH,2009-05-21,3247.48,3288.24,3309.32,3225.55,3306.47,-58.999,-1.7843,70062900.0,58565500.0
000905.SH,2009-05-22,3254.53,3235.41,3283.5,3227.19,3247.48,7.059,0.2174,49638000.0,42179200.0
000905.SH,2009-05-25,3271.5,3176.16,3277.69,3152.54,3254.53,16.967,0.5213,56607300.0,48546100.0
000905.SH,2009-05-26,3274.85,3274.63,3319.12,3271.91,3271.5,3.348,0.1023,61079100.0,54668800.0
000905.SH,2009-05-27,3276.75,3287.99,3300.22,3241.22,3274.85,1.899,0.058,50492500.0,43419600.0
000905.SH,2009-06-01,3332.34,3302.0,3335.07,3296.12,3276.75,55.589,1.6965,56432400.0,49070400.0
000905.SH,2009-06-02,3353.92,3346.07,3366.74,3333.46,3332.34,21.585,0.6477,64421800.0,57437800.0
000905.SH,2009-06-03,3380.19,3351.78,3380.36,3346.97,3353.92,26.266,0.7831,65177500.0,58096200.0
000905.SH,2009-06-04,3375.87,3373.38,3384.36,3321.27,3380.19,-4.315,-0.1277,65131100.0,57924200.0
000905.SH,2009-06-05,3355.78,3379.92,3393.08,3352.63,3375.87,-20.095,-0.5953,58164700.0,51543400.0
000905.SH,2009-06-08,3350.24,3355.91,3380.71,3321.76,3355.78,-5.54,-0.1651,52720700.0,47467300.0
000905.SH,2009-06-09,3366.91,3347.86,3366.91,3282.0,3350.24,16.673,0.4977,56323000.0,48034500.0
000905.SH,2009-06-10,3403.21,3373.03,3403.28,3363.88,3366.91,36.297,1.0781,61203700.0,51214800.0
000905.SH,2009-06-11,3383.0,3399.55,3422.13,3363.97,3403.21,-20.211,-0.5939,60964100.0,51232500.0
000905.SH,2009-06-12,3309.59,3376.59,3391.37,3281.25,3383.0,-73.41,-2.17,55539300.0,47444300.0
000905.SH,2009-06-15,3356.71,3303.74,3356.71,3296.58,3309.59,47.127,1.424,40944100.0,34958700.0
000905.SH,2009-06-16,3349.35,3330.63,3357.44,3317.83,3356.71,-7.364,-0.2194,40799700.0,35431900.0
000905.SH,2009-06-17,3403.96,3346.65,3406.91,3334.17,3349.35,54.612,1.6305,48982600.0,41820800.0
000905.SH,2009-06-18,3431.28,3410.63,3432.09,3406.33,3403.96,27.319,0.8026,59630900.0,52809200.0
000905.SH,2009-06-19,3434.05,3433.2,3448.84,3415.75,3431.28,2.774,0.0808,64737300.0,56530000.0
000905.SH,2009-06-22,3405.13,3451.87,3454.9,3393.32,3434.05,-28.925,-0.8423,57531300.0,49662000.0
000905.SH,2009-06-23,3392.11,3365.24,3421.24,3353.02,3405.13,-13.018,-0.3823,49053200.0,41856400.0
000905.SH,2009-06-24,3431.44,3394.77,3431.44,3384.48,3392.11,39.332,1.1595,49764700.0,43397200.0
000905.SH,2009-06-25,3427.47,3435.0,3441.58,3411.53,3431.44,-3.971,-0.1157,51372600.0,44201500.0
000905.SH,2009-06-26,3448.46,3433.73,3453.61,3419.37,3427.47,20.988,0.6123,50124700.0,44240600.0
000905.SH,2009-06-29,3476.79,3451.78,3484.23,3444.98,3448.46,28.327,0.8214,59346600.0,52383600.0
000905.SH,2009-06-30,3452.26,3483.58,3484.94,3439.77,3476.79,-24.525,-0.7054,53491800.0,47235000.0
000905.SH,2009-07-01,3503.75,3446.45,3503.75,3444.47,3452.26,51.491,1.4915,60848600.0,55239900.0
000905.SH,2009-07-02,3540.51,3516.31,3540.64,3500.89,3503.75,36.755,1.049,71837600.0,65457100.0
000905.SH,2009-07-03,3584.86,3519.7,3584.86,3507.18,3540.51,44.349,1.2526,75130500.0,69740500.0
000905.SH,2009-07-06,3592.64,3593.62,3601.91,3557.67,3584.86,7.782,0.2171,74514100.0,70797500.0
000905.SH,2009-07-07,3589.19,3588.67,3616.17,3563.27,3592.64,-3.453,-0.0961,71322400.0,65799700.0
000905.SH,2009-07-08,3633.43,3567.59,3640.34,3560.11,3589.19,44.246,1.2328,60148000.0,56294000.0
000905.SH,2009-07-09,3701.79,3637.39,3701.79,3631.3,3633.43,68.357,1.8813,75239600.0,72900700.0
000905.SH,2009-07-10,3719.97,3706.56,3747.12,3697.98,3701.79,18.18,0.4911,77856200.0,74303400.0
000905.SH,2009-07-13,3754.34,3711.45,3782.11,3705.43,3719.97,34.374,0.924,75672500.0,73043400.0
000905.SH,2009-07-14,3813.88,3762.32,3813.88,3762.32,3754.34,59.532,1.5857,74369600.0,71842700.0
000905.SH,2009-07-15,3848.63,3824.33,3850.96,3820.24,3813.88,34.756,0.9113,84360800.0,82599100.0
000905.SH,2009-07-16,3829.21,3860.68,3873.33,3821.24,3848.63,-19.425,-0.5047,84348600.0,84405700.0
000905.SH,2009-07-17,3852.86,3827.25,3862.29,3809.5,3829.21,23.656,0.6178,76085200.0,76006700.0
000905.SH,2009-07-20,3919.43,3863.47,3919.45,3855.77,3852.86,66.563,1.7276,90161000.0,92728400.0
000905.SH,2009-07-21,3824.29,3922.11,3922.57,3814.92,3919.43,-95.138,-2.4273,89371000.0,90115300.0
000905.SH,2009-07-22,3894.56,3817.86,3894.69,3817.86,3824.29,70.275,1.8376,77173800.0,79176400.0
000905.SH,2009-07-23,3933.11,3900.01,3933.11,3892.65,3894.56,38.55,0.9898,76614400.0,77959600.0
000905.SH,2009-07-24,3907.97,3945.24,3952.32,3831.4,3933.11,-25.146,-0.6393,82625800.0,84419800.0
000905.SH,2009-07-27,3972.64,3918.27,3972.67,3914.32,3907.97,64.677,1.655,79283900.0,84329100.0
000905.SH,2009-07-28,4022.91,3974.01,4023.01,3936.21,3972.64,50.266,1.2653,88281300.0,92018600.0
000905.SH,2009-07-29,3764.64,4013.03,4019.2,3678.89,4022.91,-258.27,-6.42,94637700.0,94818100.0
000905.SH,2009-07-30,3803.12,3773.15,3830.35,3670.91,3764.64,38.484,1.0222,69837000.0,69297600.0
000905.SH,2009-07-31,3928.58,3826.19,3933.37,3816.47,3803.12,125.46,3.2989,75259200.0,76812800.0
000905.SH,2009-08-03,4020.27,3944.7,4020.62,3928.93,3928.58,91.682,2.3337,85107300.0,87743300.0
000905.SH,2009-08-04,4069.35,4024.68,4071.13,3975.51,4020.27,49.08,1.2208,93650300.0,98052200.0
000905.SH,2009-08-05,4069.34,4065.43,4099.53,3993.11,4069.35,-0.008,-0.0002,88793400.0,94016700.0
000905.SH,2009-08-06,4015.42,4040.22,4093.7,3946.59,4069.34,-53.917,-1.325,78729700.0,84495700.0
000905.SH,2009-08-07,3893.12,4008.23,4036.2,3875.76,4015.42,-122.296,-3.0457,66695000.0,71025100.0
000905.SH,2009-08-10,3933.05,3935.04,3970.18,3857.5,3893.12,39.922,1.0254,53810700.0,57236100.0
000905.SH,2009-08-11,3953.29,3946.15,3964.42,3900.06,3933.05,20.246,0.5148,44640400.0,47678900.0
000905.SH,2009-08-12,3770.14,3944.34,3944.34,3762.24,3953.29,-183.156,-4.633,53833000.0,55199700.0
000905.SH,2009-08-13,3778.14,3772.67,3800.53,3705.37,3770.14,8.003,0.2123,42709900.0,43660000.0
000905.SH,2009-08-14,3609.7,3780.39,3789.75,3609.66,3778.14,-168.442,-4.4583,50726500.0,50461600.0
000905.SH,2009-08-17,3358.1,3558.32,3571.82,3356.2,3609.7,-251.595,-6.97,48213700.0,45055800.0
000905.SH,2009-08-18,3424.77,3326.87,3436.48,3310.9,3358.1,66.672,1.9854,38126200.0,34735000.0
000905.SH,2009-08-19,3247.53,3427.1,3436.95,3215.55,3424.77,-177.249,-5.1755,43905900.0,39910200.0
000905.SH,2009-08-20,3374.35,3247.21,3378.81,3239.82,3247.53,126.825,3.9053,42960800.0,39189800.0
000905.SH,2009-08-21,3468.04,3366.46,3469.07,3344.31,3374.35,93.691,2.7766,51580500.0,48523600.0
000905.SH,2009-08-24,3541.8,3472.49,3556.71,3449.22,3468.04,73.762,2.1269,54607500.0,53333700.0
000905.SH,2009-08-25,3485.92,3523.81,3523.81,3384.45,3541.8,-55.88,-1.5777,59825500.0,57938400.0
000905.SH,2009-08-26,3595.11,3466.22,3622.67,3444.82,3485.92,109.191,3.1323,59667700.0,58697200.0
000905.SH,2009-08-27,3629.51,3585.37,3662.47,3557.77,3595.11,34.398,0.9568,65426100.0,62666500.0
000905.SH,2009-08-28,3531.41,3615.07,3627.37,3512.43,3629.51,-98.103,-2.7029,48276200.0,45945200.0
000905.SH,2009-08-31,3278.0,3477.12,3477.12,3276.11,3531.41,-253.413,-7.176,47314200.0,43255400.0
000905.SH,2009-09-01,3245.27,3242.93,3319.72,3207.27,3278.0,-32.723,-0.9983,37392900.0,33234600.0
000905.SH,2009-09-02,3265.07,3229.02,3279.1,3195.85,3245.27,19.8,0.6101,31058500.0,26998800.0
000905.SH,2009-09-03,3427.44,3266.18,3437.16,3262.97,3265.07,162.368,4.9729,47946500.0,43515600.0
000905.SH,2009-09-04,3489.06,3422.95,3509.28,3408.08,3427.44,61.621,1.7979,53833600.0,50781300.0
000905.SH,2009-09-07,3527.25,3503.0,3564.65,3487.49,3489.06,38.191,1.0946,58320100.0,56322200.0
000905.SH,2009-09-08,3592.81,3505.44,3592.81,3473.18,3527.25,65.552,1.8584,55785200.0,55980500.0
000905.SH,2009-09-09,3613.41,3598.01,3616.25,3556.31,3592.81,20.604,0.5735,55879200.0,56137100.0
000905.SH,2009-09-10,3581.68,3598.27,3624.76,3558.62,3613.41,-31.727,-0.878,49193000.0,48294100.0
000905.SH,2009-09-11,3641.82,3567.62,3659.44,3565.87,3581.68,60.133,1.6789,53522300.0,52031200.0
000905.SH,2009-09-14,3736.58,3653.47,3744.83,3652.58,3641.82,94.76,2.602,69996400.0,69266900.0
000905.SH,2009-09-15,3775.21,3742.45,3791.84,3718.88,3736.58,38.637,1.034,71362900.0,70906100.0
000905.SH,2009-09-16,3781.06,3764.57,3808.9,3706.3,3775.21,5.851,0.155,72237400.0,71506300.0
000905.SH,2009-09-17,3868.67,3785.25,3881.85,3785.25,3781.06,87.603,2.3169,77663300.0,76549300.0
000905.SH,2009-09-18,3739.73,3879.1,3892.17,3707.02,3868.67,-128.935,-3.3328,80515900.0,79292600.0
000905.SH,2009-09-21,3804.33,3704.17,3805.04,3637.5,3739.73,64.599,1.7274,61094400.0,61331300.0
000905.SH,2009-09-22,3708.2,3793.79,3834.73,3708.2,3804.33,-96.132,-2.5269,57193000.0,59072400.0
000905.SH,2009-09-23,3595.71,3693.03,3733.69,3572.63,3708.2,-112.493,-3.0336,49935100.0,49543800.0
000905.SH,2009-09-24,3568.67,3572.48,3620.39,3477.41,3595.71,-27.037,-0.7519,44118200.0,42844100.0
000905.SH,2009-09-25,3536.81,3555.47,3583.6,3516.36,3568.67,-31.858,-0.8927,33151500.0,32027000.0
000905.SH,2009-09-28,3434.66,3546.34,3581.98,3418.46,3536.81,-102.156,-2.8884,32287700.0,30785900.0
000905.SH,2009-09-29,3372.07,3430.29,3449.17,3306.38,3434.66,-62.581,-1.822,32639200.0,29436900.0
000905.SH,2009-09-30,3400.62,3396.93,3444.77,3396.56,3372.07,28.549,0.8466,28863900.0,26693000.0
000905.SH,2009-10-09,3576.44,3456.08,3576.64,3454.8,3400.62,175.821,5.1703,36436900.0,34965900.0
000905.SH,2009-10-12,3597.86,3586.04,3629.58,3555.95,3576.44,21.419,0.5989,39199700.0,38786300.0
000905.SH,2009-10-13,3659.08,3591.61,3659.08,3583.85,3597.86,61.218,1.7015,37932300.0,37251300.0
000905.SH,2009-10-14,3692.65,3668.37,3729.94,3667.51,3659.08,33.567,0.9174,52256000.0,52651500.0
000905.SH,2009-10-15,3704.4,3711.1,3733.28,3677.14,3692.65,11.756,0.3184,44253000.0,44230900.0
000905.SH,2009-10-16,3716.9,3712.92,3725.32,3654.7,3704.4,12.493,0.3372,42916400.0,43612100.0
000905.SH,2009-10-19,3808.18,3719.53,3808.18,3714.49,3716.9,91.284,2.4559,56594400.0,57865500.0
000905.SH,2009-10-20,3865.83,3827.63,3865.83,3811.79,3808.18,57.651,1.5139,67725100.0,71454000.0
000905.SH,2009-10-21,3839.95,3859.51,3887.89,3836.88,3865.83,-25.885,-0.6696,65472000.0,66974100.0
000905.SH,2009-10-22,3855.77,3827.18,3880.29,3815.17,3839.95,15.821,0.412,56752300.0,57097300.0
000905.SH,2009-10-23,3908.44,3858.45,3926.19,3858.45,3855.77,52.667,1.3659,69440100.0,69326900.0
000905.SH,2009-10-26,3911.65,3914.61,3925.42,3869.15,3908.44,3.218,0.0823,58061800.0,59082500.0
000905.SH,2009-10-27,3807.98,3884.56,3887.44,3807.98,3911.65,-103.677,-2.6505,57622800.0,59977800.0
000905.SH,2009-10-28,3846.42,3794.99,3846.42,3763.17,3807.98,38.439,1.0094,50009600.0,52176600.0
000905.SH,2009-10-29,3777.5,3786.73,3814.92,3761.78,3846.42,-68.91,-1.7915,47908900.0,51083900.0
000905.SH,2009-10-30,3827.68,3823.8,3872.23,3799.66,3777.5,50.178,1.3283,51748400.0,55612600.0
000905.SH,2009-11-02,3955.78,3754.94,3955.78,3738.7,3827.68,128.1,3.3467,65950700.0,70113100.0
000905.SH,2009-11-03,4053.21,3970.45,4053.21,3967.0,3955.78,97.429,2.463,82590000.0,88498400.0
000905.SH,2009-11-04,4083.48,4057.02,4091.99,4040.32,4053.21,30.27,0.7468,77912200.0,84245300.0
000905.SH,2009-11-05,4125.78,4082.87,4134.85,4068.94,4083.48,42.299,1.0359,70886900.0,73844900.0
000905.SH,2009-11-06,4145.14,4147.83,4175.5,4130.69,4125.78,19.356,0.4691,83945700.0,86991500.0
000905.SH,2009-11-09,4176.19,4148.43,4176.43,4120.39,4145.14,31.051,0.7491,68324600.0,71824000.0
000905.SH,2009-11-10,4182.77,4193.66,4211.15,4176.13,4176.19,6.582,0.1576,69802600.0,74730900.0
000905.SH,2009-11-11,4199.55,4172.66,4209.25,4149.29,4182.77,16.779,0.4011,62783800.0,66205100.0
000905.SH,2009-11-12,4213.25,4203.62,4251.61,4197.7,4199.55,13.696,0.3261,66825400.0,70705000.0
000905.SH,2009-11-13,4267.01,4200.67,4267.01,4166.14,4213.25,53.763,1.276,63309300.0,69037900.0
000905.SH,2009-11-16,4364.97,4295.72,4366.85,4295.72,4267.01,97.965,2.2959,88374800.0,99027600.0
000905.SH,2009-11-17,4387.55,4381.99,4400.39,4341.78,4364.97,22.579,0.5173,78861400.0,87869900.0
000905.SH,2009-11-18,4406.78,4386.13,4413.62,4363.88,4387.55,19.227,0.4382,77771500.0,85515800.0
000905.SH,2009-11-19,4476.14,4412.1,4476.14,4400.75,4406.78,69.359,1.5739,86056200.0,93593900.0
000905.SH,2009-11-20,4508.29,4462.58,4541.27,4443.13,4476.14,32.155,0.7184,88271200.0,96484200.0
000905.SH,2009-11-23,4591.34,4516.28,4592.01,4513.56,4508.29,83.046,1.8421,82837200.0,94245200.0
000905.SH,2009-11-24,4347.66,4607.03,4611.89,4328.44,4591.34,-243.682,-5.3074,116087000.0,131849000.0
000905.SH,2009-11-25,4512.08,4333.7,4512.68,4317.85,4347.66,164.423,3.7819,87596000.0,97082600.0
000905.SH,2009-11-26,4328.41,4519.13,4541.94,4304.15,4512.08,-183.672,-4.0707,103729000.0,115218000.0
000905.SH,2009-11-27,4215.34,4262.57,4355.23,4187.58,4328.41,-113.07,-2.6123,70829600.0,75810300.0
000905.SH,2009-11-30,4405.33,4251.96,4405.69,4251.96,4215.34,189.99,4.5071,62939500.0,69591300.0
000905.SH,2009-12-01,4525.29,4405.73,4525.65,4386.83,4405.33,119.96,2.7231,76089700.0,84582700.0
000905.SH,2009-12-02,4591.38,4547.98,4605.88,4534.45,4525.29,66.096,1.4606,87627900.0,96857700.0
000905.SH,2009-12-03,4621.94,4582.26,4625.64,4555.47,4591.38,30.557,0.6655,79041800.0,88680000.0
000905.SH,2009-12-04,4506.08,4614.68,4651.15,4403.14,4621.94,-115.859,-2.5067,93985400.0,104837000.0
000905.SH,2009-12-07,4581.24,4508.63,4581.58,4503.49,4506.08,75.16,1.668,60493100.0,68533300.0
000905.SH,2009-12-08,4571.76,4584.16,4598.1,4520.92,4581.24,-9.478,-0.2069,66403600.0,74211400.0
000905.SH,2009-12-09,4498.15,4524.62,4566.24,4474.1,4571.76,-73.612,-1.6101,55351700.0,61247600.0
000905.SH,2009-12-10,4536.56,4517.7,4553.82,4485.82,4498.15,38.405,0.8538,45417800.0,51457500.0
000905.SH,2009-12-11,4534.76,4546.61,4576.22,4517.53,4536.56,-1.794,-0.0395,47113600.0,53229800.0
000905.SH,2009-12-14,4513.59,4533.36,4533.8,4417.73,4534.76,-21.169,-0.4668,46093100.0,51741600.0
000905.SH,2009-12-15,4523.49,4507.16,4545.35,4492.24,4513.59,9.899,0.2193,46581000.0,53573900.0
000905.SH,2009-12-16,4506.04,4509.82,4543.1,4491.02,4523.49,-17.454,-0.3859,43417900.0,49886400.0
000905.SH,2009-12-17,4364.93,4506.37,4518.94,4362.84,4506.04,-141.113,-3.1316,44927100.0,51403000.0
000905.SH,2009-12-18,4203.48,4318.06,4318.99,4194.96,4364.93,-161.446,-3.6987,42987200.0,47125700.0
000905.SH,2009-12-21,4256.39,4195.12,4257.02,4185.11,4203.48,52.909,1.2587,32099700.0,35444600.0
000905.SH,2009-12-22,4136.82,4260.74,4263.34,4124.08,4256.39,-119.567,-2.8091,36849000.0,40966900.0
000905.SH,2009-12-23,4210.17,4132.15,4210.67,4129.89,4136.82,73.351,1.7731,32888800.0,36921100.0
000905.SH,2009-12-24,4345.3,4213.82,4350.52,4209.98,4210.17,135.123,3.2094,44360100.0,50554400.0
000905.SH,2009-12-25,4376.19,4342.35,4398.46,4324.85,4345.3,30.897,0.711,42724500.0,48524100.0
000905.SH,2009-12-28,4447.21,4388.78,4447.76,4388.27,4376.19,71.012,1.6227,43749700.0,50027400.0
000905.SH,2009-12-29,4463.6,4451.93,4465.46,4393.9,4447.21,16.399,0.3687,45272100.0,52114900.0
000905.SH,2009-12-30,4446.07,4459.72,4470.31,4408.38,4463.6,-17.537,-0.3929,48089600.0,57155600.0
000905.SH,2009-12-31,4485.25,4444.25,4487.45,4432.29,4446.07,39.188,0.8814,45292800.0,54875100.0
000905.SH,2010-01-04,4510.53,4508.93,4542.71,4487.37,4485.25,25.272,0.5634,51256700.0,62671900.0
000905.SH,2010-01-05,4557.48,4513.4,4558.21,4480.19,4510.53,46.948,1.0409,57040700.0,68443100.0
000905.SH,2010-01-06,4550.28,4553.37,4595.1,4538.72,4557.48,-7.196,-0.1579,57876000.0,69618400.0
000905.SH,2010-01-07,4459.15,4540.01,4554.93,4436.77,4550.28,-91.124,-2.0026,57873400.0,68761400.0
000905.SH,2010-01-08,4514.45,4439.21,4514.72,4426.23,4459.15,55.297,1.2401,46573600.0,54897800.0
000905.SH,2010-01-11,4542.95,4549.32,4558.46,4502.99,4514.45,28.497,0.6312,57089700.0,70066400.0
000905.SH,2010-01-12,4639.63,4535.3,4640.35,4524.67,4542.95,96.683,2.1282,62061700.0,76271700.0
000905.SH,2010-01-13,4591.02,4544.43,4650.06,4526.84,4639.63,-48.608,-1.0477,67898800.0,83458600.0
000905.SH,2010-01-14,4714.1,4598.4,4714.87,4598.4,4591.02,123.076,2.6808,67918500.0,84561300.0
000905.SH,2010-01-15,4747.65,4720.22,4753.19,4712.62,4714.1,33.548,0.7117,58513400.0,73076000.0
000905.SH,2010-01-18,4829.06,4744.33,4829.36,4738.91,4747.65,81.414,1.7148,63284400.0,78211400.0
000905.SH,2010-01-19,4830.02,4835.83,4852.33,4791.99,4829.06,0.954,0.0198,66154900.0,80838000.0
000905.SH,2010-01-20,4651.07,4830.42,4831.7,4635.67,4830.02,-178.942,-3.7048,78086500.0,94323900.0
000905.SH,2010-01-21,4667.21,4646.62,4696.16,4611.76,4651.07,16.135,0.3469,50936700.0,61486400.0
000905.SH,2010-01-22,4537.88,4613.19,4633.39,4453.69,4667.21,-129.329,-2.771,60187200.0,69988900.0
000905.SH,2010-01-25,4481.16,4515.13,4542.79,4477.19,4537.88,-56.72,-1.2499,41395100.0,49671100.0
000905.SH,2010-01-26,4294.38,4467.52,4492.65,4254.32,4481.16,-186.777,-4.1681,41520300.0,47467800.0
000905.SH,2010-01-27,4267.11,4290.74,4344.13,4229.52,4294.38,-27.27,-0.635,32924200.0,37930600.0
000905.SH,2010-01-28,4336.38,4266.06,4340.41,4249.77,4267.11,69.268,1.6233,32127300.0,37413700.0
000905.SH,2010-01-29,4374.65,4316.24,4418.4,4298.65,4336.38,38.268,0.8825,39888100.0,46920900.0
000905.SH,2010-02-01,4331.37,4366.49,4372.57,4269.33,4374.65,-43.283,-0.9894,43095000.0,50119200.0
000905.SH,2010-02-02,4301.77,4344.04,4388.35,4296.88,4331.37,-29.598,-0.6833,38532500.0,45419400.0
000905.SH,2010-02-03,4363.08,4299.97,4363.67,4160.35,4301.77,61.311,1.4253,48526700.0,55363900.0
000905.SH,2010-02-04,4408.44,4342.68,4445.75,4316.81,4363.08,45.362,1.0397,51873800.0,60009200.0
000905.SH,2010-02-05,4311.29,4312.55,4382.34,4270.71,4408.44,-97.148,-2.2037,49670400.0,57329500.0
000905.SH,2010-02-08,4310.89,4299.25,4330.2,4279.66,4311.29,-0.399,-0.0093,31946100.0,36140900.0
000905.SH,2010-02-09,4311.89,4300.32,4334.34,4284.52,4310.89,0.997,0.0231,29896600.0,33051100.0
000905.SH,2010-02-10,4366.25,4333.85,4366.5,4326.02,4311.89,54.359,1.2607,25897200.0,30362100.0
000905.SH,2010-02-11,4356.52,4367.72,4385.2,4352.11,4366.25,-9.733,-0.2229,24485400.0,28560400.0
000905.SH,2010-02-12,4416.22,4365.62,4418.54,4365.48,4356.52,59.702,1.3704,24511400.0,29321000.0
000905.SH,2010-02-22,4419.55,4412.55,4457.22,4401.06,4416.22,3.328,0.0754,31469400.0,36942600.0
000905.SH,2010-02-23,4459.15,4414.06,4459.73,4352.44,4419.55,39.608,0.8962,38842100.0,44895600.0
000905.SH,2010-02-24,4556.28,4438.4,4556.72,4419.45,4459.15,97.126,2.1781,48024600.0,55266300.0
000905.SH,2010-02-25,4629.96,4565.74,4632.97,4564.02,4556.28,73.684,1.6172,55519400.0,65857300.0
000905.SH,2010-02-26,4634.67,4618.64,4656.93,4602.02,4629.96,4.706,0.1016,49530500.0,58905100.0
000905.SH,2010-03-01,4686.27,4635.95,4692.83,4635.95,4634.67,51.595,1.1132,53862400.0,63522600.0
000905.SH,2010-03-02,4690.29,4692.61,4705.16,4660.17,4686.27,4.027,0.0859,56628900.0,67693500.0
000905.SH,2010-03-03,4758.43,4690.44,4761.58,4680.31,4690.29,68.141,1.4528,63573600.0,76878300.0
000905.SH,2010-03-04,4586.52,4763.64,4780.02,4572.07,4758.43,-171.911,-3.6128,68470700.0,81551600.0
000905.SH,2010-03-05,4604.59,4590.89,4632.04,4550.1,4586.52,18.063,0.3938,52371500.0,58748500.0
000905.SH,2010-03-08,4654.58,4618.86,4665.06,4612.22,4604.59,49.997,1.0858,45039500.0,51555300.0
000905.SH,2010-03-09,4660.13,4653.06,4674.51,4607.86,4654.58,5.543,0.1191,47214400.0,54504600.0
000905.SH,2010-03-10,4598.99,4659.5,4674.06,4564.43,4660.13,-61.132,-1.3118,44799600.0,51948000.0
000905.SH,2010-03-11,4562.87,4594.5,4608.64,4519.03,4598.99,-36.122,-0.7854,37561100.0,43582900.0
000905.SH,2010-03-12,4492.86,4561.61,4576.0,4489.53,4562.87,-70.011,-1.5344,35400200.0,40963800.0
000905.SH,2010-03-15,4454.76,4485.88,4498.1,4426.19,4492.86,-38.101,-0.848,29928800.0,35313800.0
000905.SH,2010-03-16,4491.46,4453.81,4492.04,4426.61,4454.76,36.705,0.824,27664500.0,31934300.0
000905.SH,2010-03-17,4616.05,4500.43,4616.11,4500.25,4491.46,124.588,2.7739,44369500.0,52355100.0
000905.SH,2010-03-18,4630.95,4628.0,4653.68,4605.91,4616.05,14.9,0.3228,49791300.0,58490400.0
000905.SH,2010-03-19,4663.9,4632.05,4665.91,4609.01,4630.95,32.95,0.7115,46415500.0,54392700.0
000905.SH,2010-03-22,4690.2,4669.41,4695.08,4649.53,4663.9,26.295,0.5638,47200300.0,55746600.0
000905.SH,2010-03-23,4658.63,4690.27,4697.73,4642.98,4690.2,-31.572,-0.6731,47048700.0,56747700.0
000905.SH,2010-03-24,4683.06,4662.99,4692.32,4662.54,4658.63,24.439,0.5246,47442800.0,58070200.0
000905.SH,2010-03-25,4620.75,4675.22,4675.22,4609.17,4683.06,-62.316,-1.3307,48954100.0,58843600.0
000905.SH,2010-03-26,4686.93,4609.75,4693.76,4601.69,4620.75,66.182,1.4323,45219300.0,54648700.0
000905.SH,2010-03-29,4723.61,4701.79,4723.75,4682.41,4686.93,36.68,0.7826,50283200.0,61333700.0
000905.SH,2010-03-30,4744.42,4720.58,4748.91,4708.43,4723.61,20.812,0.4406,47343700.0,59814500.0
000905.SH,2010-03-31,4756.16,4744.34,4757.32,4726.52,4744.42,11.734,0.2473,49108300.0,61722500.0
000905.SH,2010-04-01,4827.21,4756.3,4828.1,4755.93,4756.16,71.057,1.494,61878900.0,77731500.0
000905.SH,2010-04-02,4843.17,4833.81,4851.94,4820.06,4827.21,15.961,0.3306,59431900.0,71673100.0
000905.SH,2010-04-06,4852.9,4853.33,4862.17,4814.25,4843.17,9.729,0.2009,57397000.0,70803400.0
000905.SH,2010-04-07,4863.64,4851.83,4865.75,4829.02,4852.9,10.735,0.2212,53289200.0,66073800.0
000905.SH,2010-04-08,4864.92,4856.41,4881.91,4845.6,4863.64,1.283,0.0264,57175500.0,72568500.0
000905.SH,2010-04-09,4939.18,4866.52,4939.41,4866.24,4864.92,74.254,1.5263,58419200.0,76192600.0
000905.SH,2010-04-12,4976.38,4948.1,4976.83,4932.63,4939.18,37.204,0.7532,72281700.0,93471800.0
000905.SH,2010-04-13,4919.87,4977.76,4993.37,4793.28,4976.38,-56.507,-1.1355,73469400.0,96503300.0
000905.SH,2010-04-14,4977.51,4910.7,4978.27,4896.57,4919.87,57.635,1.1715,56202300.0,72485900.0
000905.SH,2010-04-15,4914.75,4975.08,4984.36,4879.91,4977.51,-62.761,-1.2609,54251100.0,70016700.0
000905.SH,2010-04-16,4898.67,4900.6,4936.88,4852.41,4914.75,-16.077,-0.3271,43045700.0,54086000.0
000905.SH,2010-04-19,4688.84,4850.86,4880.54,4688.12,4898.67,-209.834,-4.2835,58277400.0,70792700.0
000905.SH,2010-04-20,4749.93,4680.2,4750.49,4607.2,4688.84,61.098,1.3031,52719100.0,65798500.0
000905.SH,2010-04-21,4893.98,4753.12,4896.66,4747.39,4749.93,144.044,3.0325,63953400.0,83273700.0
000905.SH,2010-04-22,4902.4,4881.25,4950.49,4849.56,4893.98,8.427,0.1722,65995200.0,86324600.0
000905.SH,2010-04-23,4864.16,4892.04,4936.73,4840.17,4902.4,-38.241,-0.78,55763900.0,73051100.0
000905.SH,2010-04-26,4866.55,4868.73,4904.97,4847.91,4864.16,2.389,0.0491,48510400.0,64127100.0
000905.SH,2010-04-27,4739.27,4852.19,4852.19,4645.16,4866.55,-127.284,-2.6155,53715900.0,66704700.0
000905.SH,2010-04-28,4714.43,4682.33,4767.8,4652.87,4739.27,-24.837,-0.5241,44319900.0,55910700.0
000905.SH,2010-04-29,4561.4,4730.49,4758.76,4560.13,4714.43,-153.032,-3.246,48293400.0,61768600.0
000905.SH,2010-04-30,4438.68,4540.65,4547.48,4350.15,4561.4,-122.719,-2.6904,43819700.0,52914800.0
000905.SH,2010-05-04,4434.13,4353.45,4484.46,4324.5,4438.68,-4.55,-0.1025,31837600.0,38342500.0
000905.SH,2010-05-05,4564.81,4388.5,4565.24,4377.38,4434.13,130.676,2.947,43298500.0,52253400.0
000905.SH,2010-05-06,4419.78,4557.45,4583.18,4418.74,4564.81,-145.026,-3.177,44983500.0,56440200.0
000905.SH,2010-05-07,4350.76,4313.65,4443.53,4285.47,4419.78,-69.023,-1.5617,42211600.0,51186600.0
000905.SH,2010-05-10,4269.11,4346.7,4391.03,4175.67,4350.76,-81.65,-1.8767,40192200.0,48639000.0
000905.SH,2010-05-11,4144.35,4350.77,4366.69,4134.6,4269.11,-124.756,-2.9223,40025800.0,46663600.0
000905.SH,2010-05-12,4042.52,4100.6,4154.48,3979.13,4144.35,-101.836,-2.4572,36571800.0,40741400.0
000905.SH,2010-05-13,4157.84,4042.31,4158.35,3974.1,4042.52,115.326,2.8528,36516900.0,39490400.0
000905.SH,2010-05-14,4184.84,4129.89,4217.61,4107.18,4157.84,26.999,0.6494,36942400.0,41610100.0
000905.SH,2010-05-17,3915.75,4125.66,4132.38,3915.75,4184.84,-269.089,-6.4301,37603100.0,39603000.0
000905.SH,2010-05-18,3972.15,3894.09,3983.88,3818.29,3915.75,56.402,1.4404,37713000.0,38355000.0
000905.SH,2010-05-19,3977.38,3946.15,4037.85,3908.64,3972.15,5.223,0.1315,34960500.0,38905000.0
000905.SH,2010-05-20,3901.26,3941.61,4025.8,3890.35,3977.38,-76.12,-1.9138,33434300.0,36236200.0
000905.SH,2010-05-21,3982.39,3787.15,3982.41,3768.1,3901.26,81.128,2.0795,40230800.0,42753900.0
000905.SH,2010-05-24,4163.48,4016.35,4170.73,4016.35,3982.39,181.092,4.5473,54419300.0,60753300.0
000905.SH,2010-05-25,4133.35,4134.93,4177.79,4087.1,4163.48,-30.131,-0.7237,47451000.0,52304000.0
000905.SH,2010-05-26,4144.66,4117.49,4165.29,4097.24,4133.35,11.316,0.2738,34229700.0,38841500.0
000905.SH,2010-05-27,4218.64,4133.33,4228.44,4083.62,4144.66,73.975,1.7848,43652400.0,48762100.0
000905.SH,2010-05-28,4235.32,4254.85,4270.17,4203.49,4218.64,16.685,0.3955,45314100.0,52262300.0
000905.SH,2010-05-31,4104.36,4214.62,4259.16,4104.36,4235.32,-130.958,-3.092,41408200.0,47203400.0
000905.SH,2010-06-01,4025.79,4059.42,4091.44,3933.39,4104.36,-78.575,-1.9144,38746200.0,42575400.0
000905.SH,2010-06-02,4083.62,4004.13,4084.05,3960.33,4025.79,57.827,1.4364,32708800.0,36130500.0
000905.SH,2010-06-03,4053.99,4099.85,4146.66,4053.55,4083.62,-29.631,-0.7256,37543500.0,42725100.0
000905.SH,2010-06-04,4089.03,4025.28,4095.49,4013.97,4053.99,35.05,0.8646,31415100.0,33892600.0
000905.SH,2010-06-07,4072.57,4000.65,4082.38,3985.15,4089.03,-16.467,-0.4027,34970400.0,39400700.0
000905.SH,2010-06-08,4109.32,4064.78,4122.39,4047.82,4072.57,36.749,0.9024,34239600.0,39553700.0
000905.SH,2010-06-09,4211.88,4124.81,4212.17,4110.43,4109.32,102.564,2.4959,47558300.0,51971200.0
000905.SH,2010-06-10,4223.57,4191.29,4261.16,4176.43,4211.88,11.685,0.2774,41886200.0,47912100.0
000905.SH,2010-06-11,4198.0,4239.06,4252.1,4193.08,4223.57,-25.571,-0.6054,34418000.0,39693600.0
000905.SH,2010-06-17,4145.24,4221.6,4237.1,4144.07,4198.0,-52.752,-1.2566,28998400.0,33319300.0
000905.SH,2010-06-18,3972.29,4131.68,4131.68,3945.73,4145.24,-172.957,-4.1724,35042600.0,39210200.0
000905.SH,2010-06-21,4087.02,3960.25,4087.45,3924.42,3972.29,114.731,2.8883,35086200.0,35971300.0
000905.SH,2010-06-22,4119.72,4081.64,4136.59,4069.23,4087.02,32.705,0.8002,34616500.0,36241600.0
000905.SH,2010-06-23,4094.57,4098.26,4138.78,4039.93,4119.72,-25.154,-0.6106,31268000.0,33133800.0
000905.SH,2010-06-24,4095.29,4090.97,4120.84,4070.49,4094.57,0.727,0.0178,24970800.0,26862600.0
000905.SH,2010-06-25,4028.43,4079.19,4080.02,3992.37,4095.29,-66.862,-1.6327,25801700.0,27973000.0
000905.SH,2010-06-28,3961.38,4023.11,4036.43,3944.47,4028.43,-67.051,-1.6644,21119500.0,22859200.0
000905.SH,2010-06-29,3736.98,3960.68,3973.93,3735.12,3961.38,-224.4,-5.6647,33575600.0,34397700.0
000905.SH,2010-06-30,3664.46,3699.18,3701.33,3620.27,3736.98,-72.518,-1.9405,25537300.0,25464500.0
000905.SH,2010-07-01,3606.59,3657.96,3692.9,3604.36,3664.46,-57.871,-1.5792,22463500.0,22874800.0
000905.SH,2010-07-02,3585.58,3600.76,3609.0,3430.36,3606.59,-21.017,-0.5827,30876900.0,30480500.0
000905.SH,2010-07-05,3563.88,3535.74,3586.58,3498.9,3585.58,-21.694,-0.605,22484300.0,21552300.0
000905.SH,2010-07-06,3665.33,3556.19,3665.38,3554.07,3563.88,101.452,2.8467,29592000.0,28857800.0
000905.SH,2010-07-07,3718.66,3672.15,3718.93,3656.3,3665.33,53.328,1.4549,28947700.0,28317300.0
000905.SH,2010-07-08,3698.34,3729.24,3736.51,3663.73,3718.66,-20.32,-0.5464,27792500.0,26639100.0
000905.SH,2010-07-09,3807.6,3699.31,3817.67,3677.34,3698.34,109.262,2.9544,40733300.0,40142100.0
000905.SH,2010-07-12,3849.52,3809.75,3866.78,3799.43,3807.6,41.916,1.1008,40014400.0,39210800.0
000905.SH,2010-07-13,3788.75,3816.46,3816.46,3747.4,3849.52,-60.769,-1.5786,34445300.0,34351800.0
000905.SH,2010-07-14,3824.05,3795.21,3862.39,3795.18,3788.75,35.295,0.9316,35409700.0,35487600.0
000905.SH,2010-07-15,3735.4,3817.18,3850.2,3735.28,3824.05,-88.651,-2.3183,32710600.0,32298100.0
000905.SH,2010-07-16,3757.43,3713.66,3764.83,3672.02,3735.4,22.037,0.59,27987200.0,27600900.0
000905.SH,2010-07-19,3842.31,3718.13,3848.63,3701.93,3757.43,84.881,2.259,35074200.0,35450400.0
000905.SH,2010-07-20,3951.36,3849.04,3951.54,3848.74,3842.31,109.045,2.838,52683500.0,53568900.0
000905.SH,2010-07-21,3959.43,3953.77,4001.43,3937.48,3951.36,8.069,0.2042,52042500.0,53476600.0
000905.SH,2010-07-22,4017.86,3947.99,4018.06,3940.46,3959.43,58.437,1.4759,46178900.0,47107000.0
000905.SH,2010-07-23,4015.47,4020.91,4028.51,3965.7,4017.86,-2.397,-0.0597,44710500.0,46308700.0
000905.SH,2010-07-26,4071.09,4023.06,4071.47,4011.75,4015.47,55.627,1.3853,43857900.0,45616800.0
000905.SH,2010-07-27,4068.86,4062.25,4091.31,4041.9,4071.09,-2.23,-0.0548,41066300.0,44196700.0
000905.SH,2010-07-28,4162.32,4061.02,4162.66,4050.19,4068.86,93.457,2.2969,57902000.0,60592200.0
000905.SH,2010-07-29,4194.04,4170.76,4196.03,4139.94,4162.32,31.719,0.7621,62749000.0,65227300.0
000905.SH,2010-07-30,4191.13,4181.22,4203.64,4137.23,4194.04,-2.91,-0.0694,47298300.0,50667600.0
000905.SH,2010-08-02,4267.9,4192.66,4268.4,4192.52,4191.13,76.765,1.8316,54273100.0,59062500.0
000905.SH,2010-08-03,4193.64,4277.27,4289.46,4193.3,4267.9,-74.254,-1.7398,59405900.0,64726200.0
000905.SH,2010-08-04,4248.01,4178.19,4248.23,4137.65,4193.64,54.373,1.2966,54686800.0,58649000.0
000905.SH,2010-08-05,4267.96,4247.05,4306.65,4231.47,4248.01,19.941,0.4694,58414600.0,63443700.0
000905.SH,2010-08-06,4356.01,4260.63,4356.21,4228.67,4267.96,88.057,2.0632,63696300.0,70480300.0
000905.SH,2010-08-09,4413.57,4357.18,4414.53,4352.92,4356.01,57.556,1.3213,59991100.0,68485200.0
000905.SH,2010-08-10,4246.46,4412.27,4417.2,4246.46,4413.57,-167.108,-3.7862,62485500.0,70276300.0
000905.SH,2010-08-11,4297.9,4230.35,4309.79,4230.35,4246.46,51.444,1.2115,42638800.0,48885200.0
000905.SH,2010-08-12,4241.59,4248.98,4317.95,4228.53,4297.9,-56.312,-1.3102,45326700.0,50452800.0
000905.SH,2010-08-13,4323.05,4240.5,4323.25,4212.21,4241.59,81.46,1.9205,41849600.0,47223900.0
000905.SH,2010-08-16,4423.31,4322.02,4429.9,4315.02,4323.05,100.263,2.3193,56252600.0,64397300.0
000905.SH,2010-08-17,4457.76,4436.38,4470.46,4414.21,4423.31,34.444,0.7787,56911700.0,65233900.0
000905.SH,2010-08-18,4457.13,4462.58,4475.92,4409.59,4457.76,-0.632,-0.0142,56897200.0,66186500.0
000905.SH,2010-08-19,4461.49,4456.27,4491.74,4423.99,4457.13,4.361,0.0978,59312900.0,69454000.0
000905.SH,2010-08-20,4366.6,4442.69,4444.85,4350.15,4461.49,-94.884,-2.1267,58298700.0,67406500.0
000905.SH,2010-08-23,4404.72,4363.17,4416.83,4362.72,4366.6,38.114,0.8729,48536700.0,57536500.0
000905.SH,2010-08-24,4456.5,4401.52,4476.26,4370.57,4404.72,51.779,1.1755,54699700.0,61869700.0
000905.SH,2010-08-25,4368.3,4428.36,4457.84,4364.06,4456.5,-88.193,-1.979,54285400.0,61248600.0
000905.SH,2010-08-26,4399.28,4376.92,4415.84,4355.03,4368.3,30.98,0.7092,42401500.0,49385700.0
000905.SH,2010-08-27,4431.44,4393.99,4437.79,4375.39,4399.28,32.16,0.731,36949900.0,44850500.0
000905.SH,2010-08-30,4553.02,4453.05,4553.4,4453.05,4431.44,121.579,2.7436,55412900.0,68586100.0
000905.SH,2010-08-31,4589.29,4541.77,4605.18,4529.73,4553.02,36.266,0.7965,59063500.0,74996700.0
000905.SH,2010-09-01,4530.23,4595.21,4613.09,4473.57,4589.29,-59.06,-1.2869,64649000.0,81001100.0
000905.SH,2010-09-02,4625.4,4562.43,4631.0,4545.79,4530.23,95.166,2.1007,65126400.0,79502100.0
000905.SH,2010-09-03,4662.96,4632.26,4671.34,4596.12,4625.4,37.565,0.8121,67592600.0,83823800.0
000905.SH,2010-09-06,4651.96,4682.26,4692.11,4616.07,4662.96,-10.997,-0.2358,64244000.0,78525400.0
000905.SH,2010-09-07,4679.94,4650.95,4680.33,4613.39,4651.96,27.979,0.6014,54167900.0,63524400.0
000905.SH,2010-09-08,4720.38,4660.9,4723.83,4644.35,4679.94,40.433,0.864,55226500.0,67062100.0
000905.SH,2010-09-09,4658.01,4730.86,4746.03,4649.04,4720.38,-62.366,-1.3212,70247200.0,85740600.0
000905.SH,2010-09-10,4705.31,4655.7,4712.56,4593.45,4658.01,47.301,1.0155,62314100.0,76778300.0
000905.SH,2010-09-13,4789.69,4713.06,4791.48,4707.36,4705.31,84.383,1.7934,62354600.0,79906000.0
000905.SH,2010-09-14,4805.42,4796.46,4821.55,4770.36,4789.69,15.723,0.3283,61049800.0,77135500.0
000905.SH,2010-09-15,4730.14,4802.61,4802.61,4712.53,4805.42,-75.273,-1.5664,60256300.0,73694000.0
000905.SH,2010-09-16,4610.92,4721.56,4739.43,4558.4,4730.14,-119.227,-2.5206,56016200.0,68031800.0
000905.SH,2010-09-17,4603.49,4616.57,4646.2,4575.79,4610.92,-7.427,-0.1611,42085300.0,52286700.0
000905.SH,2010-09-20,4553.12,4608.85,4622.51,4531.48,4603.49,-50.369,-1.0941,38806400.0,47217100.0
000905.SH,2010-09-21,4546.72,4561.67,4576.04,4516.61,4553.12,-6.396,-0.1405,28514100.0,34583900.0
000905.SH,2010-09-27,4673.6,4570.61,4673.76,4570.61,4546.72,126.878,2.7905,36480300.0,45209800.0
000905.SH,2010-09-28,4654.35,4672.15,4695.04,4643.17,4673.6,-19.257,-0.412,41678000.0,52795700.0
000905.SH,2010-09-29,4590.32,4648.16,4659.56,4577.4,4654.35,-64.028,-1.3757,39953500.0,49445700.0
000905.SH,2010-09-30,4660.6,4564.81,4660.6,4553.96,4590.32,70.288,1.5312,35289000.0,44293600.0
000905.SH,2010-10-08,4767.97,4696.38,4787.45,4691.64,4660.6,107.362,2.3036,51551500.0,65488000.0
000905.SH,2010-10-11,4789.15,4784.65,4825.35,4746.54,4767.97,21.188,0.4444,76595400.0,98047900.0
000905.SH,2010-10-12,4806.03,4772.91,4808.13,4748.74,4789.15,16.874,0.3523,67833400.0,85283300.0
000905.SH,2010-10-13,4836.74,4808.39,4838.86,4765.94,4806.03,30.708,0.6389,77370400.0,97139600.0
000905.SH,2010-10-14,4679.55,4842.69,4848.86,4675.38,4836.74,-157.189,-3.2499,75713500.0,96047500.0
000905.SH,2010-10-15,4691.45,4654.27,4719.93,4638.24,4679.55,11.902,0.2543,71827400.0,92543200.0
000905.SH,2010-10-18,4636.64,4699.03,4701.16,4545.07,4691.45,-54.811,-1.1683,83674600.0,102226000.0
000905.SH,2010-10-19,4778.61,4637.96,4779.11,4637.05,4636.64,141.968,3.0619,65163100.0,80301000.0
000905.SH,2010-10-20,4794.19,4682.65,4828.9,4661.19,4778.61,15.587,0.3262,76638100.0,97102700.0
000905.SH,2010-10-21,4833.8,4805.7,4844.54,4771.61,4794.19,39.606,0.8261,67899400.0,86005600.0
000905.SH,2010-10-22,4877.93,4837.33,4892.62,4826.83,4833.8,44.127,0.9129,66071900.0,86069700.0
000905.SH,2010-10-25,4998.5,4894.85,4998.89,4894.81,4877.93,120.573,2.4718,81029200.0,106747000.0
000905.SH,2010-10-26,5046.15,5010.02,5046.65,4983.84,4998.5,47.648,0.9532,89138500.0,117511000.0
000905.SH,2010-10-27,4994.77,5046.21,5088.85,4976.71,5046.15,-51.374,-1.0181,80491700.0,106578000.0
000905.SH,2010-10-28,4999.59,4978.54,5020.07,4952.71,4994.77,4.816,0.0964,61781600.0,80933200.0
000905.SH,2010-10-29,5055.49,5005.66,5068.7,4992.81,4999.59,55.902,1.1181,65471900.0,88982900.0
000905.SH,2010-11-01,5199.52,5072.76,5199.81,5072.76,5055.49,144.033,2.849,85238400.0,118635000.0
000905.SH,2010-11-02,5173.07,5211.47,5272.45,5171.5,5199.52,-26.459,-0.5089,96864400.0,136199000.0
000905.SH,2010-11-03,5098.54,5165.91,5197.96,5096.46,5173.07,-74.527,-1.4407,76317100.0,106056000.0
000905.SH,2010-11-04,5228.3,5104.77,5228.92,5104.77,5098.54,129.757,2.545,76126000.0,103398000.0
000905.SH,2010-11-05,5311.77,5274.57,5313.48,5244.38,5228.3,83.474,1.5966,89504900.0,121087000.0
000905.SH,2010-11-08,5431.09,5338.51,5431.39,5330.51,5311.77,119.321,2.2464,95076500.0,126109000.0
000905.SH,2010-11-09,5467.84,5435.36,5468.36,5398.7,5431.09,36.748,0.6766,92700600.0,125208000.0
000905.SH,2010-11-10,5484.74,5459.4,5504.88,5432.63,5467.84,16.903,0.3091,88592600.0,123462000.0
000905.SH,2010-11-11,5440.1,5462.76,5581.35,5440.1,5484.74,-44.643,-0.8139,98773300.0,138993000.0
000905.SH,2010-11-12,5111.19,5411.87,5445.71,5094.8,5440.1,-328.91,-6.046,105143000.0,141777000.0
000905.SH,2010-11-15,5255.27,5117.16,5255.85,5083.85,5111.19,144.078,2.8189,67850300.0,93162100.0
000905.SH,2010-11-16,5068.46,5259.51,5288.97,5017.25,5255.27,-186.802,-3.5546,78362200.0,107406000.0
000905.SH,2010-11-17,4855.85,4989.8,5039.09,4830.51,5068.46,-212.615,-4.1949,54307900.0,72200500.0
000905.SH,2010-11-18,4932.4,4885.91,4941.2,4814.42,4855.85,76.551,1.5765,42024500.0,57603100.0
000905.SH,2010-11-19,5081.03,4959.06,5081.03,4919.28,4932.4,148.629,3.0133,54210600.0,75492600.0
000905.SH,2010-11-22,5150.67,5049.46,5190.6,5036.32,5081.03,69.635,1.3705,60867700.0,87125800.0
000905.SH,2010-11-23,5063.24,5129.37,5129.37,4970.49,5150.67,-87.428,-1.6974,53772300.0,75005900.0
000905.SH,2010-11-24,5206.15,5022.13,5206.42,5017.93,5063.24,142.912,2.8225,54086200.0,77895700.0
000905.SH,2010-11-25,5259.81,5228.27,5278.32,5226.98,5206.15,53.661,1.0307,60786600.0,84176600.0
000905.SH,2010-11-26,5227.65,5255.25,5256.4,5169.03,5259.81,-32.162,-0.6115,54072400.0,73895500.0
000905.SH,2010-11-29,5248.75,5214.45,5273.79,5180.66,5227.65,21.099,0.4036,50071000.0,71080900.0
000905.SH,2010-11-30,5110.88,5238.5,5257.1,4960.71,5248.75,-137.872,-2.6268,64600100.0,87462300.0
000905.SH,2010-12-01,5116.84,5090.4,5139.96,5071.35,5110.88,5.962,0.1167,40821200.0,56141000.0
000905.SH,2010-12-02,5138.49,5175.26,5192.63,5135.67,5116.84,21.65,0.4231,47746700.0,65517100.0
000905.SH,2010-12-03,5100.37,5135.83,5145.81,5052.43,5138.49,-38.121,-0.7419,37638000.0,51837100.0
000905.SH,2010-12-06,5016.53,5103.86,5114.07,4989.28,5100.37,-83.838,-1.6438,34135700.0,48188300.0
000905.SH,2010-12-07,5084.58,4999.59,5088.75,4931.88,5016.53,68.055,1.3566,33681600.0,46997300.0
000905.SH,2010-12-08,5069.97,5077.55,5133.25,5059.58,5084.58,-14.613,-0.2874,33016200.0,46928100.0
000905.SH,2010-12-09,4964.9,5047.04,5047.04,4964.25,5069.97,-105.069,-2.0724,35036100.0,46985500.0
000905.SH,2010-12-10,5039.17,4944.93,5045.95,4935.28,4964.9,74.264,1.4958,30412500.0,42161400.0
000905.SH,2010-12-13,5179.02,5063.01,5179.52,5063.01,5039.17,139.856,2.7754,45563500.0,63884500.0
000905.SH,2010-12-14,5244.04,5194.94,5244.53,5181.2,5179.02,65.017,1.2554,49363300.0,69983300.0
000905.SH,2010-12-15,5230.68,5244.8,5276.14,5211.7,5244.04,-13.358,-0.2547,46795700.0,67483800.0
000905.SH,2010-12-16,5216.85,5219.08,5250.39,5200.88,5230.68,-13.829,-0.2644,35520400.0,49766000.0
000905.SH,2010-12-17,5228.34,5212.14,5230.33,5187.4,5216.85,11.486,0.2202,30412100.0,43025400.0
000905.SH,2010-12-20,5163.53,5246.42,5264.21,5043.66,5228.34,-64.808,-1.2396,45587800.0,65571500.0
000905.SH,2010-12-21,5222.79,5166.34,5223.4,5123.27,5163.53,59.263,1.1477,40388400.0,55801000.0
000905.SH,2010-12-22,5174.54,5225.77,5226.18,5157.32,5222.79,-48.253,-0.9239,40779100.0,56958100.0
000905.SH,2010-12-23,5069.52,5161.26,5170.18,5060.53,5174.54,-105.016,-2.0295,34608100.0,47842900.0
000905.SH,2010-12-24,4991.54,5046.94,5046.94,4947.22,5069.52,-77.979,-1.5382,30950800.0,40444100.0
000905.SH,2010-12-27,4849.63,4993.38,5048.6,4832.53,4991.54,-141.914,-2.8431,34155300.0,45458400.0
000905.SH,2010-12-28,4730.5,4820.82,4827.35,4700.56,4849.63,-119.133,-2.4565,29554200.0,37498200.0
000905.SH,2010-12-29,4812.53,4730.63,4813.24,4723.29,4730.5,82.035,1.7342,21476800.0,29581700.0
000905.SH,2010-12-30,4828.49,4810.44,4846.65,4777.84,4812.53,15.957,0.3316,23532200.0,33164300.0
000905.SH,2010-12-31,4936.72,4833.89,4936.72,4833.89,4828.49,108.227,2.2414,27654600.0,41140500.0
000905.SH,2011-01-04,5011.5,4964.21,5012.06,4938.94,4936.72,74.782,1.5148,36995600.0,54148800.0
000905.SH,2011-01-05,5028.77,4989.1,5038.87,4964.87,5011.5,17.268,0.3446,34752200.0,52016600.0
000905.SH,2011-01-06,5001.28,5026.33,5047.26,4992.17,5028.77,-27.483,-0.5465,31238700.0,45887100.0
000905.SH,2011-01-07,4975.14,4990.7,5028.27,4945.78,5001.28,-26.139,-0.5226,34996200.0,47227200.0
000905.SH,2011-01-10,4830.56,4966.56,4970.42,4816.58,4975.14,-144.582,-2.9061,31137900.0,43833200.0
000905.SH,2011-01-11,4804.82,4811.16,4815.5,4747.49,4830.56,-25.74,-0.5329,27506100.0,36680600.0
000905.SH,2011-01-12,4833.58,4813.48,4846.95,4764.47,4804.82,28.758,0.5985,26914400.0,33842400.0
000905.SH,2011-01-13,4826.76,4851.68,4859.53,4810.9,4833.58,-6.823,-0.1412,25443800.0,32453200.0
000905.SH,2011-01-14,4723.43,4816.66,4816.66,4719.15,4826.76,-103.331,-2.1408,27811800.0,36531800.0
000905.SH,2011-01-17,4519.91,4690.88,4691.57,4507.57,4723.43,-203.513,-4.3086,30677500.0,38540800.0
000905.SH,2011-01-18,4536.96,4502.06,4550.29,4483.5,4519.91,17.051,0.3772,19442900.0,24231400.0
000905.SH,2011-01-19,4646.09,4538.99,4646.09,4530.61,4536.96,109.123,2.4052,24360900.0,31999400.0
000905.SH,2011-01-20,4477.36,4637.77,4637.77,4476.56,4646.09,-168.728,-3.6316,28652500.0,36214800.0
000905.SH,2011-01-21,4506.32,4459.99,4549.59,4445.23,4477.36,28.963,0.6469,27095000.0,33386900.0
000905.SH,2011-01-24,4398.5,4506.61,4521.13,4397.02,4506.32,-107.827,-2.3928,25220700.0,32074500.0
000905.SH,2011-01-25,4341.91,4390.16,4392.21,4307.91,4398.5,-56.586,-1.2865,21336200.0,26649000.0
000905.SH,2011-01-26,4424.89,4339.86,4426.25,4339.86,4341.91,82.983,1.9112,19743100.0,25235200.0
000905.SH,2011-01-27,4502.81,4397.93,4514.43,4369.87,4424.89,77.916,1.7609,27964800.0,35608900.0
000905.SH,2011-01-28,4548.21,4497.83,4559.36,4493.84,4502.81,45.398,1.0082,25817700.0,33231200.0
000905.SH,2011-01-31,4610.86,4544.33,4611.0,4536.19,4548.21,62.654,1.3776,26406300.0,34065100.0
000905.SH,2011-02-01,4630.58,4612.4,4638.61,4604.91,4610.86,19.72,0.4277,23946700.0,31851800.0
000905.SH,2011-02-09,4609.72,4597.54,4654.59,4584.9,4630.58,-20.863,-0.4505,27542100.0,35874100.0
000905.SH,2011-02-10,4733.97,4604.84,4734.06,4602.33,4609.72,124.256,2.6955,34578200.0,43583100.0
000905.SH,2011-02-11,4786.81,4736.27,4803.1,4729.39,4733.97,52.833,1.116,39916000.0,51826100.0
000905.SH,2011-02-14,4872.5,4792.85,4884.99,4792.85,4786.81,85.689,1.7901,47815100.0,62502900.0
000905.SH,2011-02-15,4869.69,4878.68,4932.33,4862.77,4872.5,-2.808,-0.0576,51557000.0,68054600.0
000905.SH,2011-02-16,4952.67,4860.89,4952.95,4855.95,4869.69,82.98,1.704,44671400.0,61015700.0
000905.SH,2011-02-17,4987.48,4962.12,4990.75,4917.95,4952.67,34.813,0.7029,50445300.0,68506800.0
000905.SH,2011-02-18,4941.43,4977.22,4984.18,4915.67,4987.48,-46.048,-0.9233,42906700.0,58436600.0
000905.SH,2011-02-21,5042.97,4911.81,5043.25,4905.36,4941.43,101.535,2.0548,47370200.0,64040500.0
000905.SH,2011-02-22,4909.75,5052.36,5058.75,4908.25,5042.97,-133.222,-2.6417,57382000.0,79490300.0
000905.SH,2011-02-23,4979.06,4891.25,4983.23,4891.25,4909.75,69.312,1.4117,44830100.0,61614300.0
000905.SH,2011-02-24,5027.73,4976.34,5033.1,4963.76,4979.06,48.674,0.9776,50090700.0,65190900.0
000905.SH,2011-02-25,5032.8,5019.5,5039.79,4964.35,5027.73,5.066,0.1008,44455400.0,57641300.0
000905.SH,2011-02-28,5095.21,5040.22,5095.57,5007.65,5032.8,62.411,1.2401,51242800.0,66627700.0
000905.SH,2011-03-01,5122.44,5099.7,5143.77,5082.04,5095.21,27.233,0.5345,57798400.0,77456800.0
000905.SH,2011-03-02,5108.74,5099.48,5120.41,5024.86,5122.44,-13.701,-0.2675,53142800.0,70893200.0
000905.SH,2011-03-03,5009.05,5106.39,5124.61,5000.54,5108.74,-99.693,-1.9514,51710400.0,67453600.0
000905.SH,2011-03-04,5067.62,5005.56,5067.92,4989.65,5009.05,58.574,1.1694,42559600.0,54570100.0
000905.SH,2011-03-07,5138.25,5085.46,5138.65,5085.46,5067.62,70.627,1.3937,57478600.0,77165900.0
000905.SH,2011-03-08,5165.73,5135.35,5166.36,5113.09,5138.25,27.487,0.5349,53140100.0,71456200.0
000905.SH,2011-03-09,5181.37,5168.13,5186.03,5147.87,5165.73,15.633,0.3026,51146200.0,69096800.0
000905.SH,2011-03-10,5143.41,5174.03,5174.03,5139.78,5181.37,-37.955,-0.7325,52319900.0,72055700.0
000905.SH,2011-03-11,5139.75,5118.07,5200.7,5113.48,5143.41,-3.667,-0.0713,51719300.0,70886700.0
000905.SH,2011-03-14,5190.04,5127.14,5190.73,5111.01,5139.75,50.291,0.9785,53410100.0,75553100.0
000905.SH,2011-03-15,5131.33,5178.08,5178.08,5016.88,5190.04,-58.705,-1.1311,63336100.0,85317300.0
000905.SH,2011-03-16,5199.36,5122.27,5200.06,5119.19,5131.33,68.026,1.3257,55561300.0,75781500.0
000905.SH,2011-03-17,5104.13,5151.64,5185.42,5080.53,5199.36,-95.224,-1.8315,56740800.0,74999700.0
000905.SH,2011-03-18,5126.93,5133.77,5160.8,5105.06,5104.13,22.8,0.4467,42676800.0,57094400.0
000905.SH,2011-03-21,5086.11,5120.67,5130.93,5062.79,5126.93,-40.826,-0.7963,41919700.0,55093800.0
000905.SH,2011-03-22,5085.81,5093.41,5102.43,5020.75,5086.11,-0.296,-0.0058,39107000.0,53595300.0
000905.SH,2011-03-23,5155.34,5084.77,5155.58,5076.72,5085.81,69.525,1.367,46373600.0,60690200.0
000905.SH,2011-03-24,5169.26,5159.2,5185.5,5149.66,5155.34,13.927,0.2701,48996700.0,63827700.0
000905.SH,2011-03-25,5212.35,5164.82,5218.06,5164.78,5169.26,43.081,0.8334,58577400.0,75047800.0
000905.SH,2011-03-28,5199.55,5223.07,5231.73,5187.45,5212.35,-12.793,-0.2454,69123000.0,89292300.0
000905.SH,2011-03-29,5111.15,5185.68,5191.54,5105.03,5199.55,-88.399,-1.7001,70333300.0,87274600.0
000905.SH,2011-03-30,5064.54,5101.11,5117.22,5036.29,5111.15,-46.608,-0.9119,53628600.0,66256100.0
000905.SH,2011-03-31,5000.4,5065.12,5079.23,4985.02,5064.54,-64.143,-1.2665,45793400.0,56201000.0
000905.SH,2011-04-01,5065.08,4999.76,5065.08,4991.79,5000.4,64.674,1.2934,39117300.0,48618400.0
000905.SH,2011-04-06,5057.84,5046.9,5070.34,5019.49,5065.08,-7.236,-0.1429,45714800.0,58417000.0
000905.SH,2011-04-07,5089.75,5056.09,5090.02,5045.19,5057.84,31.911,0.6309,44968900.0,57683800.0
000905.SH,2011-04-08,5148.8,5087.31,5149.05,5079.65,5089.75,59.048,1.1601,45371600.0,58374700.0
000905.SH,2011-04-11,5107.14,5157.07,5162.49,5102.71,5148.8,-41.662,-0.8092,52617600.0,66933400.0
000905.SH,2011-04-12,5114.46,5096.57,5139.03,5083.39,5107.14,7.322,0.1434,52714400.0,63128200.0
000905.SH,2011-04-13,5165.21,5098.64,5165.49,5069.39,5114.46,50.748,0.9922,48871300.0,58014700.0
000905.SH,2011-04-14,5150.87,5162.31,5175.24,5140.0,5165.21,-14.338,-0.2776,48913100.0,59275600.0
000905.SH,2011-04-15,5162.42,5143.3,5162.42,5103.09,5150.87,11.546,0.2242,52794100.0,63287000.0
000905.SH,2011-04-18,5178.89,5149.34,5179.45,5140.41,5162.42,16.479,0.3192,56460200.0,69014000.0
000905.SH,2011-04-19,5116.14,5149.66,5153.56,5095.6,5178.89,-62.75,-1.2116,64018000.0,77177200.0
000905.SH,2011-04-20,5152.4,5116.11,5154.74,5116.11,5116.14,36.251,0.7086,50876700.0,63372000.0
000905.SH,2011-04-21,5188.11,5169.62,5191.01,5159.96,5152.4,35.716,0.6932,53830700.0,67226000.0
000905.SH,2011-04-22,5165.12,5187.76,5193.21,5150.42,5188.11,-22.988,-0.4431,54987700.0,65818500.0
000905.SH,2011-04-25,5054.77,5152.07,5152.07,5054.77,5165.12,-110.355,-2.1365,50114000.0,60598400.0
000905.SH,2011-04-26,4970.57,5033.79,5047.34,4943.06,5054.77,-84.196,-1.6657,39257700.0,46731500.0
000905.SH,2011-04-27,4913.5,4977.95,5003.86,4872.51,4970.57,-57.075,-1.1483,41128300.0,47874200.0
000905.SH,2011-04-28,4755.42,4920.94,4937.11,4752.41,4913.5,-158.081,-3.2173,40775600.0,46696500.0
000905.SH,2011-04-29,4836.87,4749.53,4837.0,4738.45,4755.42,81.45,1.7128,30110300.0,34952300.0
000905.SH,2011-05-03,4920.57,4836.86,4920.71,4816.02,4836.87,83.704,1.7305,35460500.0,42337000.0
000905.SH,2011-05-04,4814.78,4900.44,4900.44,4798.41,4920.57,-105.789,-2.1499,40627900.0,48501400.0
000905.SH,2011-05-05,4827.21,4792.13,4842.37,4784.7,4814.78,12.431,0.2582,34700000.0,39948600.0
000905.SH,2011-05-06,4849.97,4787.52,4874.98,4764.84,4827.21,22.757,0.4714,36905800.0,43482300.0
000905.SH,2011-05-09,4889.92,4855.84,4897.76,4855.84,4849.97,39.951,0.8237,34562500.0,41948700.0
000905.SH,2011-05-10,4918.67,4893.95,4918.87,4871.45,4889.92,28.754,0.588,35224500.0,41590100.0
000905.SH,2011-05-11,4929.49,4919.24,4949.02,4880.31,4918.67,10.814,0.2199,42374900.0,49759200.0
000905.SH,2011-05-12,4863.79,4896.33,4940.82,4863.12,4929.49,-65.693,-1.3327,47355600.0,54364100.0
000905.SH,2011-05-13,4902.56,4860.03,4903.11,4817.83,4863.79,38.769,0.7971,42464100.0,49201000.0
000905.SH,2011-05-16,4900.71,4900.0,4931.12,4892.24,4902.56,-1.858,-0.0379,40995300.0,47185700.0
000905.SH,2011-05-17,4873.95,4892.29,4912.71,4823.06,4900.71,-26.752,-0.5459,46860600.0,53376000.0
000905.SH,2011-05-18,4906.19,4859.32,4907.75,4850.45,4873.95,32.235,0.6614,36080800.0,40258300.0
000905.SH,2011-05-19,4879.89,4912.81,4929.21,4875.8,4906.19,-26.297,-0.536,34682700.0,40656800.0
000905.SH,2011-05-20,4863.19,4875.08,4886.59,4837.98,4879.89,-16.707,-0.3424,30220000.0,36148800.0
000905.SH,2011-05-23,4679.53,4853.9,4853.92,4677.46,4863.19,-183.658,-3.7765,42852600.0,46854900.0
000905.SH,2011-05-24,4672.08,4656.01,4676.83,4590.13,4679.53,-7.451,-0.1592,32872000.0,36938100.0
000905.SH,2011-05-25,4618.75,4667.64,4689.69,4613.68,4672.08,-53.328,-1.1414,34181700.0,37355400.0
000905.SH,2011-05-26,4572.94,4635.95,4662.29,4572.32,4618.75,-45.806,-0.9917,35701800.0,40354800.0
000905.SH,2011-05-27,4428.89,4561.77,4567.23,4425.76,4572.94,-144.048,-3.15,33902400.0,37048800.0
000905.SH,2011-05-30,4345.05,4403.0,4427.0,4339.08,4428.89,-83.846,-1.8932,26592600.0,28052700.0
000905.SH,2011-05-31,4444.28,4347.99,4444.59,4339.62,4345.05,99.228,2.2837,26472400.0,28524400.0
000905.SH,2011-06-01,4490.89,4439.39,4494.0,4424.2,4444.28,46.616,1.0489,27467300.0,29745700.0
000905.SH,2011-06-02,4430.0,4434.86,4452.53,4363.9,4490.89,-60.893,-1.3559,30386000.0,32797900.0
000905.SH,2011-06-03,4506.2,4425.49,4514.31,4424.2,4430.0,76.197,1.72,26719700.0,29894900.0
000905.SH,2011-06-07,4547.3,4496.96,4548.22,4490.62,4506.2,41.107,0.9122,25352400.0,29192300.0
000905.SH,2011-06-08,4562.97,4542.7,4568.29,4486.65,4547.3,15.669,0.3446,29693700.0,33398400.0
000905.SH,2011-06-09,4456.73,4552.07,4553.71,4456.59,4562.97,-106.242,-2.3284,30127500.0,33502500.0
000905.SH,2011-06-10,4469.05,4442.51,4469.58,4383.2,4456.73,12.319,0.2764,27162700.0,29456700.0
000905.SH,2011-06-13,4468.79,4439.87,4475.69,4408.06,4469.05,-0.262,-0.0059,22903000.0,25594200.0
000905.SH,2011-06-14,4540.94,4466.99,4546.73,4461.53,4468.79,72.152,1.6146,29955600.0,33904000.0
000905.SH,2011-06-15,4499.69,4531.36,4562.04,4498.78,4540.94,-41.245,-0.9083,29547800.0,33518300.0
000905.SH,2011-06-16,4402.14,4461.26,4466.78,4396.21,4499.69,-97.551,-2.1679,27906100.0,30663400.0
000905.SH,2011-06-17,4337.37,4392.98,4415.16,4332.49,4402.14,-64.776,-1.4715,22826900.0,25191600.0
000905.SH,2011-06-20,4278.75,4325.6,4333.57,4251.11,4337.37,-58.614,-1.3514,21588500.0,23481600.0
000905.SH,2011-06-21,4338.42,4286.36,4338.85,4269.92,4278.75,59.669,1.3945,24448700.0,26823900.0
000905.SH,2011-06-22,4321.22,4341.36,4350.92,4300.64,4338.42,-17.203,-0.3965,22280900.0,24496100.0
000905.SH,2011-06-23,4402.94,4307.81,4411.86,4276.73,4321.22,81.719,1.8911,29277400.0,33040800.0
000905.SH,2011-06-24,4509.18,4390.09,4533.71,4381.8,4402.94,106.242,2.413,45929300.0,53141900.0
000905.SH,2011-06-27,4568.19,4511.76,4578.32,4510.72,4509.18,59.009,1.3086,39164600.0,47103000.0
000905.SH,2011-06-28,4574.48,4569.76,4582.62,4529.18,4568.19,6.288,0.1376,32310000.0,40115200.0
000905.SH,2011-06-29,4511.54,4570.84,4583.49,4511.28,4574.48,-62.932,-1.3757,33963700.0,41337700.0
000905.SH,2011-06-30,4579.33,4506.75,4585.26,4506.74,4511.54,67.787,1.5025,32738000.0,39545300.0
000905.SH,2011-07-01,4604.75,4589.17,4635.25,4582.33,4579.33,25.414,0.555,38820200.0,44850900.0
000905.SH,2011-07-04,4719.39,4617.95,4719.57,4617.95,4604.75,114.645,2.4897,50314800.0,59892700.0
000905.SH,2011-07-05,4749.42,4722.33,4758.08,4711.17,4719.39,30.033,0.6364,46068500.0,56956100.0
000905.SH,2011-07-06,4760.92,4742.17,4763.24,4705.38,4749.42,11.493,0.242,43304300.0,54362800.0
000905.SH,2011-07-07,4761.45,4757.07,4813.34,4742.37,4760.92,0.535,0.0112,48503200.0,61550700.0
000905.SH,2011-07-08,4756.61,4755.75,4769.55,4720.23,4761.45,-4.838,-0.1016,36410600.0,46150300.0
000905.SH,2011-07-11,4799.42,4741.98,4802.44,4728.49,4756.61,42.806,0.8999,37252200.0,47482900.0
000905.SH,2011-07-12,4731.12,4762.09,4771.59,4727.67,4799.42,-68.302,-1.4231,41420800.0,51231800.0
000905.SH,2011-07-13,4825.42,4729.2,4825.5,4729.2,4731.12,94.301,1.9932,40235300.0,52157700.0
000905.SH,2011-07-14,4866.17,4833.75,4866.24,4813.49,4825.42,40.746,0.8444,46130800.0,59868200.0
000905.SH,2011-07-15,4896.04,4853.75,4896.1,4842.79,4866.17,29.878,0.614,47819300.0,60113500.0
000905.SH,2011-07-18,4895.26,4902.22,4919.14,4876.48,4896.04,-0.783,-0.016,48436700.0,61013000.0
000905.SH,2011-07-19,4843.71,4871.68,4871.93,4822.45,4895.26,-51.555,-1.0532,41506100.0,52479100.0
000905.SH,2011-07-20,4849.06,4864.28,4881.46,4801.61,4843.71,5.352,0.1105,39451100.0,49231200.0
000905.SH,2011-07-21,4784.39,4846.34,4850.55,4782.4,4849.06,-64.669,-1.3336,38799000.0,48315300.0
000905.SH,2011-07-22,4800.94,4791.46,4822.81,4781.41,4784.39,16.55,0.3459,33160600.0,41208500.0
000905.SH,2011-07-25,4613.73,4784.97,4784.97,4597.74,4800.94,-187.208,-3.8994,43504100.0,53033100.0
000905.SH,2011-07-26,4633.37,4604.99,4634.31,4576.93,4613.73,19.642,0.4257,28412600.0,35524800.0
000905.SH,2011-07-27,4710.38,4621.5,4716.3,4596.43,4633.37,77.007,1.662,32212400.0,41177200.0
000905.SH,2011-07-28,4680.9,4670.92,4685.46,4633.67,4710.38,-29.481,-0.6259,31914100.0,39438300.0
000905.SH,2011-07-29,4628.32,4678.78,4694.06,4611.9,4680.9,-52.578,-1.1232,29398600.0,35749800.0
000905.SH,2011-08-01,4644.46,4622.7,4665.18,4607.56,4628.32,16.142,0.3488,24982800.0,30911900.0
000905.SH,2011-08-02,4610.78,4627.38,4627.38,4539.43,4644.46,-33.679,-0.7251,30586300.0,36411300.0
000905.SH,2011-08-03,4625.17,4565.75,4638.64,4551.48,4610.78,14.39,0.3121,27439100.0,33753700.0
000905.SH,2011-08-04,4649.42,4631.42,4671.0,4631.28,4625.17,24.252,0.5243,25913400.0,32336800.0
000905.SH,2011-08-05,4559.02,4504.08,4589.08,4472.62,4649.42,-90.407,-1.9445,30731400.0,37051100.0
000905.SH,2011-08-08,4330.77,4494.38,4514.62,4242.87,4559.02,-228.247,-5.0065,41717500.0,47671200.0
000905.SH,2011-08-09,4317.11,4199.13,4347.31,4113.01,4330.77,-13.664,-0.3155,38004500.0,42407600.0
000905.SH,2011-08-10,4378.7,4389.15,4433.09,4372.64,4317.11,61.591,1.4267,38268500.0,44611400.0
000905.SH,2011-08-11,4454.39,4283.24,4454.48,4270.62,4378.7,75.696,1.7287,37546200.0,44112400.0
000905.SH,2011-08-12,4505.89,4483.85,4526.5,4480.12,4454.39,51.492,1.156,40382800.0,45582700.0
000905.SH,2011-08-15,4571.72,4514.65,4571.72,4509.63,4505.89,65.833,1.461,36169200.0,41582700.0
000905.SH,2011-08-16,4533.32,4578.35,4587.14,4520.94,4571.72,-38.398,-0.8399,34803500.0,39678100.0
000905.SH,2011-08-17,4513.48,4520.69,4543.88,4499.16,4533.32,-19.836,-0.4376,28101900.0,31574700.0
000905.SH,2011-08-18,4436.1,4510.13,4516.04,4434.99,4513.48,-77.384,-1.7145,29525600.0,34011900.0
000905.SH,2011-08-19,4395.02,4341.19,4395.6,4325.04,4436.1,-41.082,-0.9261,27429400.0,31323800.0
000905.SH,2011-08-22,4363.96,4395.03,4435.3,4348.67,4395.02,-31.06,-0.7067,24476800.0,28476400.0
000905.SH,2011-08-23,4434.92,4376.26,4435.21,4365.84,4363.96,70.963,1.6261,25595200.0,28778800.0
000905.SH,2011-08-24,4427.98,4453.43,4474.1,4420.29,4434.92,-6.944,-0.1566,27783900.0,32055900.0
000905.SH,2011-08-25,4520.17,4432.4,4520.17,4421.6,4427.98,92.193,2.0821,34114100.0,37996200.0
000905.SH,2011-08-26,4530.42,4506.09,4541.46,4496.18,4520.17,10.252,0.2268,30709300.0,35536300.0
000905.SH,2011-08-29,4490.16,4509.89,4512.65,4481.29,4530.42,-40.265,-0.8888,30220300.0,36063800.0
000905.SH,2011-08-30,4451.73,4511.25,4541.56,4450.73,4490.16,-38.432,-0.8559,31378200.0,35566200.0
000905.SH,2011-08-31,4430.54,4449.68,4468.14,4386.63,4451.73,-21.188,-0.476,24421300.0,28252300.0
000905.SH,2011-09-01,4395.07,4435.33,4457.05,4379.1,4430.54,-35.469,-0.8006,22801100.0,25315400.0
000905.SH,2011-09-02,4344.98,4387.3,4399.85,4317.64,4395.07,-50.092,-1.1397,20968800.0,23595000.0
000905.SH,2011-09-05,4238.07,4305.44,4305.44,4237.44,4344.98,-106.908,-2.4605,21013400.0,23581500.0
000905.SH,2011-09-06,4204.91,4205.09,4238.29,4185.8,4238.07,-33.161,-0.7825,17286000.0,19472200.0
000905.SH,2011-09-07,4306.36,4221.99,4306.46,4219.85,4204.91,101.453,2.4127,23486400.0,26743500.0
000905.SH,2011-09-08,4260.15,4320.53,4328.21,4260.14,4306.36,-46.206,-1.073,22323400.0,26309400.0
000905.SH,2011-09-09,4233.75,4256.48,4295.1,4216.42,4260.15,-26.407,-0.6199,18182400.0,21252300.0
000905.SH,2011-09-13,4164.29,4176.3,4176.88,4136.97,4233.75,-69.46,-1.6406,18062300.0,20773000.0
000905.SH,2011-09-14,4212.13,4176.04,4212.29,4111.12,4164.29,47.841,1.1488,19006300.0,21495200.0
000905.SH,2011-09-15,4215.5,4215.37,4249.54,4206.88,4212.13,3.371,0.08,20381200.0,22285400.0
000905.SH,2011-09-16,4214.82,4229.0,4249.17,4212.29,4215.5,-0.684,-0.0162,17654300.0,19378100.0
000905.SH,2011-09-19,4131.88,4200.48,4200.48,4131.31,4214.82,-82.931,-1.9676,17790300.0,18822800.0
000905.SH,2011-09-20,4151.85,4121.04,4168.24,4101.7,4131.88,19.966,0.4832,17712000.0,19402500.0
000905.SH,2011-09-21,4275.09,4150.82,4279.12,4140.34,4151.85,123.243,2.9684,30212100.0,33467300.0
000905.SH,2011-09-22,4151.8,4241.42,4258.61,4151.12,4275.09,-123.294,-2.884,27491600.0,30429900.0
000905.SH,2011-09-23,4117.73,4079.06,4134.22,4061.83,4151.8,-34.065,-0.8205,23245700.0,25226400.0
000905.SH,2011-09-26,4051.43,4102.61,4138.35,4039.55,4117.73,-66.31,-1.6104,19744800.0,21132700.0
000905.SH,2011-09-27,4068.23,4077.23,4098.02,4027.71,4051.43,16.806,0.4148,19274100.0,20861100.0
000905.SH,2011-09-28,3999.78,4088.78,4099.34,3987.27,4068.23,-68.449,-1.6825,20292000.0,21541100.0
000905.SH,2011-09-29,3871.06,3977.14,3977.14,3868.94,3999.78,-128.722,-3.2182,22061600.0,22042600.0
000905.SH,2011-09-30,3856.83,3875.02,3892.38,3818.25,3871.06,-14.232,-0.3677,16757000.0,16659100.0
000905.SH,2011-10-10,3832.58,3866.85,3882.78,3822.28,3856.83,-24.251,-0.6288,13753200.0,13729500.0
000905.SH,2011-10-11,3817.93,3919.44,3942.05,3778.52,3832.58,-14.65,-0.3822,20019200.0,20357000.0
000905.SH,2011-10-12,3950.66,3803.96,3953.14,3768.11,3817.93,132.728,3.4764,27002000.0,26704900.0
000905.SH,2011-10-13,4001.85,3943.16,4009.78,3929.83,3950.66,51.198,1.2959,28752900.0,28974000.0
000905.SH,2011-10-14,3985.19,3994.73,4004.93,3948.44,4001.85,-16.66,-0.4163,22100400.0,22765300.0
000905.SH,2011-10-17,3997.12,3993.75,4024.24,3974.38,3985.19,11.928,0.2993,21815100.0,23179100.0
000905.SH,2011-10-18,3877.02,3974.46,3974.89,3873.37,3997.12,-120.097,-3.0046,24453900.0,25484000.0
000905.SH,2011-10-19,3854.17,3882.02,3898.81,3837.24,3877.02,-22.855,-0.5895,19701800.0,20646800.0
000905.SH,2011-10-20,3740.47,3841.26,3841.26,3710.95,3854.17,-113.7,-2.9501,22601100.0,22251400.0
000905.SH,2011-10-21,3671.7,3733.7,3743.34,3669.69,3740.47,-68.774,-1.8386,17210100.0,17468400.0
000905.SH,2011-10-24,3736.76,3675.72,3736.76,3605.94,3671.7,65.07,1.7722,23028700.0,22517400.0
000905.SH,2011-10-25,3842.98,3735.62,3850.08,3726.25,3736.76,106.213,2.8424,32638600.0,32561900.0
000905.SH,2011-10-26,3884.39,3818.24,3921.25,3808.3,3842.98,41.412,1.0776,38890200.0,40003600.0
000905.SH,2011-10-27,3888.99,3890.26,3927.44,3872.9,3884.39,4.602,0.1185,33011500.0,32383200.0
000905.SH,2011-10-28,3978.8,3932.85,3978.8,3918.36,3888.99,89.808,2.3093,43181100.0,42493300.0
000905.SH,2011-10-31,3999.36,3975.07,4004.39,3963.27,3978.8,20.562,0.5168,36182600.0,37930900.0
000905.SH,2011-11-01,3999.83,3963.37,4020.46,3950.74,3999.36,0.469,0.0117,33917000.0,35462200.0
000905.SH,2011-11-02,4072.78,3937.9,4073.12,3919.69,3999.83,72.95,1.8238,42973900.0,45423400.0
000905.SH,2011-11-03,4097.62,4085.5,4150.04,4085.31,4072.78,24.837,0.6098,57586400.0,62198900.0
000905.SH,2011-11-04,4131.13,4115.1,4140.63,4093.92,4097.62,33.512,0.8178,42118000.0,44006600.0
000905.SH,2011-11-07,4114.77,4125.02,4159.97,4107.56,4131.13,-16.363,-0.3961,32477500.0,33985100.0
000905.SH,2011-11-08,4057.55,4115.77,4125.09,4049.81,4114.77,-57.212,-1.3904,30570500.0,31440800.0
000905.SH,2011-11-09,4126.0,4065.2,4126.0,4025.72,4057.55,68.448,1.6869,32184200.0,35226800.0
000905.SH,2011-11-10,4064.37,4080.36,4112.37,4063.75,4126.0,-61.632,-1.4937,34523700.0,37440700.0
000905.SH,2011-11-11,4062.14,4069.4,4096.57,4043.76,4064.37,-2.227,-0.0548,29188800.0,30696100.0
000905.SH,2011-11-14,4159.57,4092.05,4159.7,4092.05,4062.14,97.423,2.3983,35127000.0,38190200.0
000905.SH,2011-11-15,4192.67,4159.16,4192.77,4153.33,4159.57,33.098,0.7957,35161400.0,37557800.0
000905.SH,2011-11-16,4088.32,4194.38,4195.29,4070.9,4192.67,-104.342,-2.4887,38356700.0,39415700.0
000905.SH,2011-11-17,4079.54,4086.51,4125.85,4066.12,4088.32,-8.787,-0.2149,29247900.0,29954100.0
000905.SH,2011-11-18,3963.26,4054.46,4054.46,3955.06,4079.54,-116.278,-2.8503,29967200.0,30085100.0
000905.SH,2011-11-21,3966.64,3956.39,3966.81,3917.03,3963.26,3.378,0.0852,20483200.0,20729200.0
000905.SH,2011-11-22,3957.93,3932.5,3960.55,3902.13,3966.64,-8.706,-0.2195,20175300.0,20552300.0
000905.SH,2011-11-23,3942.7,3964.14,3978.47,3932.44,3957.93,-15.235,-0.3849,20435800.0,21242500.0
000905.SH,2011-11-24,3935.27,3909.39,3957.88,3880.58,3942.7,-7.422,-0.1882,21109100.0,21606400.0
000905.SH,2011-11-25,3911.36,3931.09,3960.85,3899.06,3935.27,-23.917,-0.6078,19141500.0,20036400.0
000905.SH,2011-11-28,3915.3,3916.0,3932.4,3885.69,3911.36,3.942,0.1008,18501100.0,19728500.0
000905.SH,2011-11-29,3980.62,3945.36,3980.62,3929.02,3915.3,65.32,1.6683,22752500.0,25150800.0
000905.SH,2011-11-30,3819.94,3974.73,3974.73,3776.59,3980.62,-160.676,-4.0365,30116400.0,30503800.0
000905.SH,2011-12-01,3897.02,3923.17,3960.34,3885.87,3819.94,77.077,2.0178,34941900.0,36012500.0
000905.SH,2011-12-02,3817.04,3878.01,3878.01,3797.28,3897.02,-79.978,-2.0523,23210200.0,24121600.0
000905.SH,2011-12-05,3692.23,3806.47,3807.05,3682.06,3817.04,-124.814,-3.2699,20162100.0,20272100.0
000905.SH,2011-12-06,3691.8,3679.74,3704.34,3646.07,3692.23,-0.423,-0.0115,17038900.0,17303500.0
000905.SH,2011-12-07,3702.1,3689.05,3718.71,3674.53,3691.8,10.299,0.279,15326600.0,15832800.0
000905.SH,2011-12-08,3700.09,3695.87,3732.22,3635.55,3702.1,-2.014,-0.0544,19494300.0,20023500.0
000905.SH,2011-12-09,3663.84,3672.59,3706.25,3651.7,3700.09,-36.246,-0.9796,15358400.0,15483300.0
000905.SH,2011-12-12,3616.09,3663.56,3675.95,3612.64,3663.84,-47.756,-1.3034,14094500.0,14352800.0
000905.SH,2011-12-13,3490.4,3597.09,3597.09,3482.23,3616.09,-125.687,-3.4758,20352600.0,19228800.0
000905.SH,2011-12-14,3423.47,3477.05,3505.88,3416.71,3490.4,-66.926,-1.9174,15452300.0,14694800.0
000905.SH,2011-12-15,3329.57,3401.5,3401.5,3324.88,3423.47,-93.899,-2.7428,19868200.0,17292600.0
000905.SH,2011-12-16,3427.21,3328.21,3427.34,3324.59,3329.57,97.639,2.9325,19225700.0,17451400.0
000905.SH,2011-12-19,3434.84,3408.56,3436.63,3348.26,3427.21,7.631,0.2227,19381300.0,18599700.0
000905.SH,2011-12-20,3424.45,3422.76,3474.09,3415.35,3434.84,-10.397,-0.3027,19955900.0,18949800.0
000905.SH,2011-12-21,3342.4,3449.37,3463.32,3340.33,3424.45,-82.047,-2.3959,17750500.0,16974500.0
000905.SH,2011-12-22,3298.72,3315.84,3331.42,3196.84,3342.4,-43.677,-1.3068,21916300.0,19245600.0
000905.SH,2011-12-23,3327.39,3286.45,3357.43,3271.44,3298.72,28.67,0.8691,18996200.0,17194900.0
000905.SH,2011-12-26,3308.07,3321.98,3357.36,3307.29,3327.39,-19.322,-0.5807,15476800.0,14116200.0
000905.SH,2011-12-27,3224.15,3297.41,3297.41,3218.54,3308.07,-83.924,-2.5369,15874100.0,14406400.0
000905.SH,2011-12-28,3207.4,3201.31,3208.91,3128.15,3224.15,-16.749,-0.5195,17440600.0,15681900.0
000905.SH,2011-12-29,3207.18,3190.19,3225.0,3180.06,3207.4,-0.218,-0.0068,15220900.0,13700900.0
000905.SH,2011-12-30,3266.77,3214.2,3267.65,3214.2,3207.18,59.594,1.8581,17784300.0,16227100.0
000905.SH,2012-01-04,3192.23,3290.82,3300.01,3191.99,3266.77,-74.541,-2.2818,18342800.0,16558500.0
000905.SH,2012-01-05,3074.37,3173.01,3173.01,3070.45,3192.23,-117.866,-3.6923,19965700.0,17605600.0
000905.SH,2012-01-06,3087.55,3060.45,3087.55,3002.98,3074.37,13.178,0.4286,17818100.0,15411300.0
000905.SH,2012-01-09,3212.9,3089.45,3213.05,3056.19,3087.55,125.358,4.0601,25616400.0,21836500.0
000905.SH,2012-01-10,3345.39,3211.57,3345.42,3202.97,3212.9,132.487,4.1236,39387500.0,33770400.0
000905.SH,2012-01-11,3346.74,3342.55,3367.4,3315.67,3345.39,1.351,0.0404,33901700.0,29469400.0
000905.SH,2012-01-12,3345.81,3330.9,3388.39,3323.14,3346.74,-0.93,-0.0278,29069900.0,25769100.0
000905.SH,2012-01-13,3233.7,3343.53,3349.68,3210.32,3345.81,-112.111,-3.3508,28108700.0,25418200.0
000905.SH,2012-01-16,3130.56,3201.01,3217.37,3130.32,3233.7,-103.143,-3.1896,18775500.0,16673400.0
000905.SH,2012-01-17,3304.88,3128.51,3305.0,3110.36,3130.56,174.322,5.5684,30148500.0,26731000.0
000905.SH,2012-01-18,3237.85,3310.04,3342.36,3223.99,3304.88,-67.028,-2.0282,30825500.0,28811500.0
000905.SH,2012-01-19,3270.76,3230.88,3288.2,3208.05,3237.85,32.913,1.0165,22974000.0,21257600.0
000905.SH,2012-01-20,3315.6,3276.48,3323.12,3267.03,3270.76,44.838,1.3709,22067300.0,20622200.0
000905.SH,2012-01-30,3292.41,3326.61,3337.06,3290.54,3315.6,-23.194,-0.6995,18754400.0,17403900.0
000905.SH,2012-01-31,3294.49,3284.9,3297.19,3251.42,3292.41,2.085,0.0633,18290700.0,16950600.0
000905.SH,2012-02-01,3266.23,3287.22,3318.37,3255.63,3294.49,-28.26,-0.8578,18236400.0,17016900.0
000905.SH,2012-02-02,3328.15,3271.59,3328.25,3266.96,3266.23,61.919,1.8957,21787900.0,20477700.0
000905.SH,2012-02-03,3383.05,3324.4,3390.33,3315.69,3328.15,54.897,1.6495,32168300.0,29174400.0
000905.SH,2012-02-06,3412.41,3387.22,3420.0,3381.76,3383.05,29.355,0.8677,31249200.0,28696500.0
000905.SH,2012-02-07,3356.84,3397.77,3397.77,3333.64,3412.41,-55.567,-1.6284,26815800.0,24398900.0
000905.SH,2012-02-08,3445.52,3351.04,3445.52,3341.71,3356.84,88.682,2.6418,33521900.0,30900900.0
000905.SH,2012-02-09,3469.85,3441.79,3501.4,3434.81,3445.52,24.326,0.706,43898200.0,38568200.0
000905.SH,2012-02-10,3488.23,3463.97,3506.34,3459.13,3469.85,18.383,0.5298,39783200.0,33790000.0
000905.SH,2012-02-13,3519.88,3458.81,3535.52,3441.33,3488.23,31.646,0.9072,38238100.0,34181500.0
000905.SH,2012-02-14,3524.62,3516.61,3529.49,3493.91,3519.88,4.75,0.1349,35904800.0,32042200.0
000905.SH,2012-02-15,3578.15,3518.79,3580.28,3505.36,3524.62,53.524,1.5186,43625700.0,38706700.0
000905.SH,2012-02-16,3577.2,3572.32,3607.75,3540.85,3578.15,-0.947,-0.0265,43778000.0,38463800.0
000905.SH,2012-02-17,3565.31,3582.51,3596.86,3530.96,3577.2,-11.896,-0.3326,32808100.0,29749200.0
000905.SH,2012-02-20,3574.46,3610.74,3618.68,3573.23,3565.31,9.152,0.2567,40392600.0,37488600.0
000905.SH,2012-02-21,3618.3,3569.23,3618.33,3533.11,3574.46,43.844,1.2266,36803800.0,35274800.0
000905.SH,2012-02-22,3689.0,3617.18,3689.13,3616.11,3618.3,70.702,1.954,51791700.0,49097400.0
000905.SH,2012-02-23,3700.89,3686.73,3711.12,3662.42,3689.0,11.884,0.3221,46948700.0,44736300.0
000905.SH,2012-02-24,3756.82,3698.68,3757.52,3689.36,3700.89,55.937,1.5114,56589400.0,50490300.0
000905.SH,2012-02-27,3764.33,3767.6,3822.26,3764.17,3756.82,7.501,0.1997,65749500.0,60250900.0
000905.SH,2012-02-28,3745.58,3748.33,3761.73,3696.21,3764.33,-18.746,-0.498,49008700.0,45786300.0
000905.SH,2012-02-29,3696.14,3733.63,3750.46,3691.98,3745.58,-49.436,-1.3198,40415200.0,38654100.0
000905.SH,2012-03-01,3715.67,3679.04,3737.72,3675.27,3696.14,19.529,0.5284,35636800.0,35193200.0
000905.SH,2012-03-02,3794.42,3719.96,3794.58,3719.96,3715.67,78.743,2.1192,46234600.0,43320800.0
000905.SH,2012-03-05,3798.38,3805.68,3825.72,3793.69,3794.42,3.961,0.1044,49104500.0,49308600.0
000905.SH,2012-03-06,3760.58,3786.16,3786.16,3729.6,3798.38,-37.792,-0.995,45639200.0,44441700.0
000905.SH,2012-03-07,3732.71,3718.76,3780.48,3707.79,3760.58,-27.878,-0.7413,42103800.0,40740300.0
000905.SH,2012-03-08,3791.83,3741.48,3803.37,3741.48,3732.71,59.12,1.5838,43200100.0,41665600.0
000905.SH,2012-03-09,3848.11,3802.09,3848.11,3787.91,3791.83,56.281,1.4843,44003400.0,45267000.0
000905.SH,2012-03-12,3871.12,3852.6,3876.17,3839.43,3848.11,23.012,0.598,47078400.0,48889200.0
000905.SH,2012-03-13,3910.06,3867.97,3910.06,3856.41,3871.12,38.944,1.006,47496400.0,48173800.0
000905.SH,2012-03-14,3734.32,3924.49,3945.31,3709.09,3910.06,-175.747,-4.4947,76590800.0,75735400.0
000905.SH,2012-03-15,3689.01,3726.36,3754.73,3635.68,3734.32,-45.303,-1.2132,50893900.0,49662300.0
000905.SH,2012-03-16,3786.62,3693.32,3786.62,3687.81,3689.01,97.603,2.6458,45535200.0,46476800.0
000905.SH,2012-03-19,3829.7,3788.39,3830.02,3762.3,3786.62,43.079,1.1377,45401000.0,46051600.0
000905.SH,2012-03-20,3746.28,3819.72,3819.72,3744.81,3829.7,-83.412,-2.178,41414800.0,40150700.0
000905.SH,2012-03-21,3760.05,3757.0,3782.41,3700.49,3746.28,13.763,0.3674,40281800.0,40580000.0
000905.SH,2012-03-22,3742.39,3754.87,3769.37,3720.69,3760.05,-17.659,-0.4696,33653300.0,32386000.0
000905.SH,2012-03-23,3670.13,3727.15,3728.62,3652.23,3742.39,-72.259,-1.9308,32869800.0,32760600.0
000905.SH,2012-03-26,3666.28,3661.39,3680.29,3635.67,3670.13,-3.85,-0.1049,24884800.0,24389800.0
000905.SH,2012-03-27,3652.88,3681.74,3699.16,3648.75,3666.28,-13.403,-0.3656,26109100.0,26289400.0
000905.SH,2012-03-28,3490.01,3638.77,3638.77,3483.58,3652.88,-162.869,-4.4587,36270100.0,33716900.0
000905.SH,2012-03-29,3425.7,3471.36,3482.33,3391.79,3490.01,-64.305,-1.8425,30801500.0,27533100.0
000905.SH,2012-03-30,3416.86,3422.81,3445.47,3383.53,3425.7,-8.846,-0.2582,24826000.0,22391200.0
000905.SH,2012-04-05,3531.55,3420.03,3532.08,3412.44,3416.86,114.693,3.3567,29352400.0,27863100.0
000905.SH,2012-04-06,3554.03,3530.63,3570.59,3520.89,3531.55,22.478,0.6365,30065500.0,28823100.0
000905.SH,2012-04-09,3512.91,3544.01,3563.34,3512.36,3554.03,-41.113,-1.1568,25820000.0,24129500.0
000905.SH,2012-04-10,3554.04,3496.12,3554.22,3432.36,3512.91,41.124,1.1707,28826200.0,26870300.0
000905.SH,2012-04-11,3566.48,3513.5,3582.95,3497.94,3554.04,12.438,0.35,32721500.0,28859100.0
000905.SH,2012-04-12,3640.41,3568.81,3640.41,3561.05,3566.48,73.931,2.0729,41797300.0,36669800.0
000905.SH,2012-04-13,3675.03,3653.6,3695.13,3643.47,3640.41,34.621,0.951,48222300.0,43090800.0
000905.SH,2012-04-16,3685.48,3644.67,3702.42,3632.85,3675.03,10.453,0.2844,44225800.0,36964600.0
000905.SH,2012-04-17,3631.56,3679.92,3702.84,3629.82,3685.48,-53.925,-1.4632,42854300.0,36903700.0
000905.SH,2012-04-18,3714.02,3637.55,3717.54,3632.67,3631.56,82.464,2.2708,44254400.0,40078300.0
000905.SH,2012-04-19,3704.71,3712.53,3728.86,3684.85,3714.02,-9.315,-0.2508,40362000.0,37179600.0
000905.SH,2012-04-20,3736.36,3696.66,3743.49,3684.23,3704.71,31.66,0.8546,45830400.0,40816900.0
000905.SH,2012-04-23,3691.57,3731.55,3739.15,3673.31,3736.36,-44.791,-1.1988,53167400.0,48706500.0
000905.SH,2012-04-24,3666.4,3658.61,3709.37,3557.78,3691.57,-25.179,-0.6821,55731800.0,47971500.0
000905.SH,2012-04-25,3718.91,3654.75,3728.55,3645.07,3666.4,52.516,1.4324,62910500.0,51234000.0
000905.SH,2012-04-26,3700.03,3720.74,3729.91,3683.43,3718.91,-18.883,-0.5078,53458800.0,45543800.0
000905.SH,2012-04-27,3664.64,3690.16,3699.1,3659.11,3700.03,-35.39,-0.9565,38847000.0,33650600.0
000905.SH,2012-05-02,3718.26,3707.82,3735.9,3674.96,3664.64,53.621,1.4632,47656400.0,43664800.0
000905.SH,2012-05-03,3733.82,3707.5,3735.32,3701.2,3718.26,15.557,0.4184,41613100.0,39330400.0
000905.SH,2012-05-04,3758.0,3730.72,3761.97,3713.99,3733.82,24.188,0.6478,40671500.0,38353500.0
000905.SH,2012-05-07,3784.56,3741.66,3784.57,3733.84,3758.0,26.552,0.7065,42312800.0,41857400.0
000905.SH,2012-05-08,3783.47,3783.08,3798.05,3752.39,3784.56,-1.084,-0.0286,40796600.0,40679500.0
000905.SH,2012-05-09,3717.47,3759.39,3759.39,3716.13,3783.47,-66.002,-1.7445,39331100.0,38601900.0
000905.SH,2012-05-10,3731.13,3713.4,3744.52,3713.31,3717.47,13.661,0.3675,32391200.0,32988000.0
000905.SH,2012-05-11,3715.39,3727.59,3753.81,3715.06,3731.13,-15.746,-0.422,32360200.0,33147900.0
000905.SH,2012-05-14,3710.1,3745.83,3760.88,3706.16,3715.39,-5.288,-0.1423,37973700.0,37554300.0
000905.SH,2012-05-15,3705.88,3679.34,3705.9,3652.87,3710.1,-4.214,-0.1136,33110400.0,33030100.0
000905.SH,2012-05-16,3660.31,3696.61,3707.81,3660.03,3705.88,-45.571,-1.2297,32594300.0,32499800.0
000905.SH,2012-05-17,3714.19,3656.82,3716.71,3643.79,3660.31,53.874,1.4718,36674900.0,33943700.0
000905.SH,2012-05-18,3655.86,3691.64,3710.41,3645.91,3714.19,-58.328,-1.5704,37751600.0,33551300.0
000905.SH,2012-05-21,3653.55,3650.92,3676.97,3616.91,3655.86,-2.312,-0.0632,31496200.0,29390800.0
000905.SH,2012-05-22,3711.05,3666.14,3711.05,3666.14,3653.55,57.509,1.5741,34531200.0,33824200.0
000905.SH,2012-05-23,3708.92,3702.81,3723.19,3670.03,3711.05,-2.136,-0.0576,40013700.0,41259200.0
000905.SH,2012-05-24,3678.09,3697.92,3720.44,3668.27,3708.92,-30.826,-0.8311,37482900.0,36857600.0
000905.SH,2012-05-25,3635.52,3675.51,3683.63,3622.1,3678.09,-42.577,-1.1576,35694400.0,32618800.0
000905.SH,2012-05-28,3687.46,3622.13,3687.52,3568.03,3635.52,51.939,1.4287,41965500.0,37034600.0
000905.SH,2012-05-29,3745.68,3686.57,3748.44,3683.52,3687.46,58.223,1.5789,47610600.0,47322200.0
000905.SH,2012-05-30,3752.22,3739.04,3764.64,3734.25,3745.68,6.541,0.1746,39619700.0,38201400.0
000905.SH,2012-05-31,3753.59,3732.47,3775.37,3722.04,3752.22,1.374,0.0366,36784400.0,36618500.0
000905.SH,2012-06-01,3744.44,3752.02,3769.52,3725.28,3753.59,-9.156,-0.2439,34951400.0,34091600.0
000905.SH,2012-06-04,3621.81,3684.04,3707.31,3621.81,3744.44,-122.629,-3.275,37140100.0,35613300.0
000905.SH,2012-06-05,3617.61,3625.14,3646.51,3603.37,3621.81,-4.194,-0.1158,27792200.0,27159400.0
000905.SH,2012-06-06,3600.16,3621.64,3638.56,3585.53,3617.61,-17.451,-0.4824,25405500.0,24367200.0
000905.SH,2012-06-07,3581.14,3635.57,3647.28,3572.49,3600.16,-19.026,-0.5285,25629500.0,24059800.0
000905.SH,2012-06-08,3564.16,3615.11,3618.77,3557.04,3581.14,-16.979,-0.4741,26182500.0,24632300.0
000905.SH,2012-06-11,3630.31,3565.33,3630.96,3554.19,3564.16,66.156,1.8561,26783100.0,26395400.0
000905.SH,2012-06-12,3608.39,3611.92,3628.24,3594.61,3630.31,-21.923,-0.6039,25318900.0,23442300.0
000905.SH,2012-06-13,3674.88,3615.71,3674.88,3610.64,3608.39,66.484,1.8425,31710000.0,29468900.0
000905.SH,2012-06-14,3652.71,3669.04,3693.9,3650.03,3674.88,-22.17,-0.6033,30570000.0,30953300.0
000905.SH,2012-06-15,3648.99,3657.79,3674.45,3604.09,3652.71,-3.711,-0.1016,27821000.0,27690700.0
000905.SH,2012-06-18,3684.73,3663.14,3691.93,3662.22,3648.99,35.733,0.9793,26203000.0,26269700.0
000905.SH,2012-06-19,3657.96,3681.68,3685.93,3652.97,3684.73,-26.769,-0.7265,30136000.0,29309600.0
000905.SH,2012-06-20,3636.09,3663.99,3671.41,3630.18,3657.96,-21.868,-0.5978,25778000.0,23665300.0
000905.SH,2012-06-21,3590.84,3628.22,3628.22,3569.49,3636.09,-45.253,-1.2446,24672800.0,23639200.0
000905.SH,2012-06-25,3493.12,3576.37,3576.37,3491.86,3590.84,-97.721,-2.7214,24481500.0,22532200.0
000905.SH,2012-06-26,3489.97,3474.16,3500.76,3433.56,3493.12,-3.144,-0.09,24632400.0,21483400.0
000905.SH,2012-06-27,3476.4,3486.51,3518.75,3474.77,3489.97,-13.569,-0.3888,23233300.0,21639400.0
000905.SH,2012-06-28,3427.82,3484.23,3495.85,3427.66,3476.4,-48.584,-1.3975,24647600.0,22602400.0
000905.SH,2012-06-29,3470.97,3413.33,3471.7,3392.75,3427.82,43.146,1.2587,25254300.0,23306400.0
000905.SH,2012-07-02,3509.5,3491.75,3528.12,3484.14,3470.97,38.538,1.1103,26187300.0,27478500.0
000905.SH,2012-07-03,3515.78,3507.63,3542.51,3498.07,3509.5,6.275,0.1788,28102200.0,28467400.0
000905.SH,2012-07-04,3497.75,3519.51,3525.16,3484.84,3515.78,-18.03,-0.5128,23234800.0,24438100.0
000905.SH,2012-07-05,3418.2,3486.81,3486.81,3407.6,3497.75,-79.546,-2.2742,24976500.0,24147800.0
000905.SH,2012-07-06,3486.55,3436.31,3487.67,3397.87,3418.2,68.344,1.9994,29658200.0,29205600.0
000905.SH,2012-07-09,3398.8,3464.02,3478.12,3398.52,3486.55,-87.741,-2.5166,29267500.0,30229000.0
000905.SH,2012-07-10,3365.67,3386.63,3400.64,3351.56,3398.8,-33.14,-0.975,23223100.0,23212900.0
000905.SH,2012-07-11,3404.1,3358.56,3404.59,3352.53,3365.67,38.439,1.1421,21254500.0,22847700.0
000905.SH,2012-07-12,3450.3,3398.62,3462.22,3381.83,3404.1,46.198,1.3571,31711100.0,33534200.0
000905.SH,2012-07-13,3435.08,3435.17,3463.22,3422.33,3450.3,-15.218,-0.4411,24312100.0,25759800.0
000905.SH,2012-07-16,3311.09,3434.51,3434.6,3308.64,3435.08,-123.995,-3.6097,29146200.0,30338600.0
000905.SH,2012-07-17,3334.29,3297.15,3335.53,3282.23,3311.09,23.197,0.7006,23122400.0,23327600.0
000905.SH,2012-07-18,3352.85,3328.12,3352.97,3276.32,3334.29,18.562,0.5567,27706800.0,25478400.0
000905.SH,2012-07-19,3392.66,3343.24,3414.23,3335.33,3352.85,39.808,1.1873,33196400.0,29393500.0
000905.SH,2012-07-20,3369.91,3382.82,3407.41,3362.38,3392.66,-22.743,-0.6704,27471200.0,24681500.0
000905.SH,2012-07-23,3337.86,3347.87,3357.24,3310.8,3369.91,-32.057,-0.9513,23173100.0,20692100.0
000905.SH,2012-07-24,3361.09,3317.22,3381.35,3310.95,3337.86,23.234,0.6961,21941700.0,20302400.0
000905.SH,2012-07-25,3332.08,3350.9,3365.21,3324.54,3361.09,-29.005,-0.863,22803600.0,19884000.0
000905.SH,2012-07-26,3302.34,3329.01,3357.79,3301.67,3332.08,-29.749,-0.8928,23368200.0,20608900.0
000905.SH,2012-07-27,3283.59,3312.38,3323.0,3269.23,3302.34,-18.744,-0.5676,20566800.0,19063000.0
000905.SH,2012-07-30,3217.45,3280.1,3294.65,3205.76,3283.59,-66.14,-2.0143,21270700.0,17535100.0
000905.SH,2012-07-31,3159.19,3211.1,3214.17,3152.42,3217.45,-58.26,-1.8107,20378400.0,16961200.0
000905.SH,2012-08-01,3216.18,3152.73,3232.97,3152.31,3159.19,56.992,1.804,19890900.0,17757500.0
000905.SH,2012-08-02,3195.86,3212.05,3231.83,3179.0,3216.18,-20.321,-0.6318,20529300.0,17775100.0
000905.SH,2012-08-03,3259.86,3203.11,3259.86,3193.68,3195.86,63.993,2.0024,21856900.0,18874800.0
000905.SH,2012-08-06,3337.27,3250.78,3338.62,3244.98,3259.86,77.411,2.3747,30051300.0,25767400.0
000905.SH,2012-08-07,3368.25,3336.22,3368.53,3331.5,3337.27,30.985,0.9285,34012300.0,27960400.0
000905.SH,2012-08-08,3356.49,3363.76,3374.08,3335.97,3368.25,-11.767,-0.3494,30300700.0,25311800.0
000905.SH,2012-08-09,3405.06,3351.45,3405.25,3335.13,3356.49,48.573,1.4471,33631800.0,28906000.0
000905.SH,2012-08-10,3395.85,3400.93,3405.05,3378.54,3405.06,-9.209,-0.2705,31124800.0,25897200.0
000905.SH,2012-08-13,3318.1,3386.03,3386.03,3317.04,3395.85,-77.749,-2.2895,27737100.0,24396800.0
000905.SH,2012-08-14,3349.58,3312.81,3349.82,3263.5,3318.1,31.485,0.9489,27085200.0,23989100.0
000905.SH,2012-08-15,3310.84,3340.88,3344.1,3308.49,3349.58,-38.746,-1.1567,21160100.0,18261100.0
000905.SH,2012-08-16,3286.83,3301.74,3316.96,3278.54,3310.84,-24.011,-0.7252,17659900.0,16057300.0
000905.SH,2012-08-17,3286.78,3283.26,3293.25,3252.79,3286.83,-0.05,-0.0015,16691900.0,15429200.0
000905.SH,2012-08-20,3289.44,3270.99,3296.36,3247.58,3286.78,2.661,0.081,16860200.0,14611800.0
000905.SH,2012-08-21,3335.75,3287.73,3347.28,3284.06,3289.44,46.314,1.408,22797600.0,20405400.0
000905.SH,2012-08-22,3306.11,3338.08,3338.74,3292.43,3335.75,-29.642,-0.8886,21917300.0,19624300.0
000905.SH,2012-08-23,3327.99,3303.7,3329.98,3289.55,3306.11,21.879,0.6618,22042900.0,19655200.0
000905.SH,2012-08-24,3265.75,3318.85,3321.92,3265.6,3327.99,-62.241,-1.8702,23637200.0,20041900.0
000905.SH,2012-08-27,3184.33,3250.69,3250.69,3184.1,3265.75,-81.418,-2.4931,21990400.0,18781100.0
000905.SH,2012-08-28,3200.99,3179.77,3221.88,3173.75,3184.33,16.662,0.5232,20486300.0,16939900.0
000905.SH,2012-08-29,3179.54,3197.34,3221.23,3179.54,3200.99,-21.453,-0.6702,20895000.0,17036100.0
000905.SH,2012-08-30,3129.5,3174.3,3188.76,3083.37,3179.54,-50.045,-1.574,26069900.0,21633300.0
000905.SH,2012-08-31,3139.5,3122.53,3148.51,3115.62,3129.5,10.005,0.3197,17767200.0,14414900.0
000905.SH,2012-09-03,3200.31,3135.23,3203.85,3131.16,3139.5,60.806,1.9368,22583400.0,18953100.0
000905.SH,2012-09-04,3164.83,3202.49,3209.88,3160.7,3200.31,-35.48,-1.1086,21103100.0,17450900.0
000905.SH,2012-09-05,3181.8,3158.01,3193.76,3150.79,3164.83,16.974,0.5363,20951700.0,16781000.0
000905.SH,2012-09-06,3217.94,3187.11,3218.28,3187.11,3181.8,36.136,1.1357,21776800.0,17475000.0
000905.SH,2012-09-07,3334.66,3240.65,3365.66,3240.65,3217.94,116.724,3.6273,50349700.0,41034300.0
000905.SH,2012-09-10,3363.6,3343.81,3376.77,3330.94,3334.66,28.945,0.868,42717600.0,35613700.0
000905.SH,2012-09-11,3350.09,3352.62,3352.62,3324.49,3363.6,-13.517,-0.4019,33453700.0,28683700.0
000905.SH,2012-09-12,3376.12,3360.26,3376.33,3339.71,3350.09,26.034,0.7771,33796200.0,29534100.0
000905.SH,2012-09-13,3329.3,3374.78,3385.72,3329.3,3376.12,-46.823,-1.3869,33938200.0,30008600.0
000905.SH,2012-09-14,3338.04,3356.24,3369.77,3308.01,3329.3,8.739,0.2625,34915500.0,30457900.0
000905.SH,2012-09-17,3237.7,3334.71,3334.99,3237.7,3338.04,-100.334,-3.0058,29401600.0,25001900.0
000905.SH,2012-09-18,3224.26,3222.98,3247.67,3210.09,3237.7,-13.445,-0.4153,20639900.0,18234700.0
000905.SH,2012-09-19,3255.87,3227.36,3257.02,3224.07,3224.26,31.607,0.9803,19631800.0,17505800.0
000905.SH,2012-09-20,3161.76,3253.53,3253.53,3160.68,3255.87,-94.103,-2.8903,26794100.0,22683600.0
000905.SH,2012-09-21,3143.71,3153.6,3181.27,3137.39,3161.76,-18.053,-0.571,23752400.0,20589500.0
000905.SH,2012-09-24,3167.16,3129.54,3177.33,3107.37,3143.71,23.451,0.746,22123600.0,19076600.0
000905.SH,2012-09-25,3144.41,3159.13,3179.37,3137.84,3167.16,-22.753,-0.7184,19735900.0,17116100.0
000905.SH,2012-09-26,3071.99,3138.8,3149.03,3067.38,3144.41,-72.419,-2.3031,20860400.0,17057300.0
000905.SH,2012-09-27,3141.08,3065.58,3159.07,3062.7,3071.99,69.093,2.2491,26945600.0,22313100.0
000905.SH,2012-09-28,3199.75,3129.77,3200.08,3121.58,3141.08,58.67,1.8678,26692400.0,23668300.0
000905.SH,2012-10-08,3183.36,3198.88,3214.15,3167.68,3199.75,-16.387,-0.5121,19485300.0,16826500.0
000905.SH,2012-10-09,3265.62,3185.21,3265.64,3185.21,3183.36,82.252,2.5838,29878200.0,25670900.0
000905.SH,2012-10-10,3296.92,3257.45,3296.92,3248.83,3265.62,31.306,0.9587,33291800.0,26655300.0
000905.SH,2012-10-11,3248.04,3288.05,3296.72,3247.6,3296.92,-48.878,-1.4825,29191800.0,24357400.0
000905.SH,2012-10-12,3240.4,3256.97,3282.91,3210.6,3248.04,-7.646,-0.2354,28213800.0,22016200.0
000905.SH,2012-10-15,3223.19,3237.29,3238.42,3193.99,3240.4,-17.21,-0.5311,23539900.0,19461300.0
000905.SH,2012-10-16,3233.23,3219.42,3256.48,3211.3,3223.19,10.04,0.3115,22489700.0,20000000.0
000905.SH,2012-10-17,3240.78,3237.64,3249.39,3205.53,3233.23,7.549,0.2335,22499400.0,19019500.0
000905.SH,2012-10-18,3294.83,3241.27,3301.14,3241.14,3240.78,54.057,1.668,34601100.0,26772200.0
000905.SH,2012-10-19,3285.45,3292.95,3305.53,3279.25,3294.83,-9.39,-0.285,27975900.0,21762600.0
000905.SH,2012-10-22,3298.49,3269.04,3301.36,3260.17,3285.45,13.043,0.397,24527300.0,19635200.0
000905.SH,2012-10-23,3259.07,3298.45,3303.24,3255.49,3298.49,-39.421,-1.1951,28952300.0,22952400.0
000905.SH,2012-10-24,3257.92,3242.88,3273.38,3237.74,3259.07,-1.146,-0.0352,29639700.0,20884800.0
000905.SH,2012-10-25,3226.17,3257.73,3282.09,3222.48,3257.92,-31.749,-0.9745,33362000.0,23592300.0
000905.SH,2012-10-26,3163.29,3221.07,3225.4,3142.28,3226.17,-62.877,-1.949,29717500.0,22194800.0
000905.SH,2012-10-29,3158.94,3158.11,3172.54,3141.35,3163.29,-4.352,-0.1376,20727700.0,15623100.0
000905.SH,2012-10-30,3160.69,3156.74,3189.53,3154.17,3158.94,1.744,0.0552,22608700.0,16940100.0
000905.SH,2012-10-31,3168.1,3159.22,3168.28,3141.14,3160.69,7.41,0.2344,20977700.0,16341000.0
000905.SH,2012-11-01,3228.19,3169.79,3235.01,3169.79,3168.1,60.093,1.8968,33136400.0,24393900.0
000905.SH,2012-11-02,3249.55,3229.96,3251.77,3217.08,3228.19,21.362,0.6617,33139000.0,24247900.0
000905.SH,2012-11-05,3235.35,3244.3,3258.99,3226.5,3249.55,-14.2,-0.437,29117400.0,22694800.0
000905.SH,2012-11-06,3213.26,3233.42,3234.98,3170.62,3235.35,-22.092,-0.6828,29707400.0,22674200.0
000905.SH,2012-11-07,3209.14,3210.84,3223.59,3192.66,3213.26,-4.119,-0.1282,24474300.0,19729700.0
000905.SH,2012-11-08,3129.57,3183.08,3189.47,3129.39,3209.14,-79.573,-2.4796,27608900.0,21223700.0
000905.SH,2012-11-09,3116.98,3123.09,3139.68,3103.84,3129.57,-12.59,-0.4023,20290200.0,16276000.0
000905.SH,2012-11-12,3136.31,3118.11,3139.38,3108.55,3116.98,19.33,0.6202,21407500.0,17174600.0
000905.SH,2012-11-13,3072.12,3136.95,3136.95,3066.63,3136.31,-64.187,-2.0466,22946800.0,17735500.0
000905.SH,2012-11-14,3081.25,3069.38,3084.38,3048.24,3072.12,9.133,0.2973,19657800.0,15234200.0
000905.SH,2012-11-15,3026.84,3066.89,3080.69,3025.3,3081.25,-54.41,-1.7658,20262100.0,15440400.0
000905.SH,2012-11-16,3009.15,3021.29,3021.79,2987.7,3026.84,-17.691,-0.5845,18923900.0,14641900.0
000905.SH,2012-11-19,3016.16,3007.68,3016.48,2974.14,3009.15,7.006,0.2328,16723800.0,13212500.0
000905.SH,2012-11-20,3004.18,3023.08,3031.29,3003.13,3016.16,-11.976,-0.3971,16332600.0,12339800.0
000905.SH,2012-11-21,3035.28,3000.94,3035.28,2963.86,3004.18,31.099,1.0352,20669900.0,15144400.0
000905.SH,2012-11-22,2995.09,3021.3,3021.3,2989.38,3035.28,-40.189,-1.3241,17125300.0,12678700.0
000905.SH,2012-11-23,3005.46,2993.17,3019.79,2990.06,2995.09,10.366,0.3461,17107800.0,12886300.0
000905.SH,2012-11-26,2970.32,3004.17,3006.79,2966.88,3005.46,-35.136,-1.1691,14775900.0,11500000.0
000905.SH,2012-11-27,2864.17,2960.61,2960.61,2862.47,2970.32,-106.154,-3.5738,20739100.0,14693200.0
000905.SH,2012-11-28,2800.54,2854.08,2854.08,2791.29,2864.17,-63.632,-2.2217,18301100.0,13694000.0
000905.SH,2012-11-29,2774.18,2799.96,2822.33,2768.35,2800.54,-26.361,-0.9413,17544800.0,13291100.0
000905.SH,2012-11-30,2816.62,2773.23,2818.04,2765.79,2774.18,42.448,1.5301,18980400.0,13340700.0
000905.SH,2012-12-03,2749.13,2816.3,2829.83,2746.49,2816.62,-67.49,-2.3961,21115000.0,15089200.0
000905.SH,2012-12-04,2783.41,2739.5,2786.13,2704.37,2749.13,34.278,1.2469,22740400.0,16588500.0
000905.SH,2012-12-05,2886.19,2775.41,2904.65,2767.05,2783.41,102.774,3.6924,37987900.0,27297600.0
000905.SH,2012-12-06,2884.35,2884.81,2902.07,2866.89,2886.19,-1.838,-0.0637,28387000.0,20686900.0
000905.SH,2012-12-07,2950.19,2883.16,2954.69,2875.84,2884.35,65.845,2.2828,39193600.0,27730800.0
000905.SH,2012-12-10,3002.23,2951.0,3004.54,2942.49,2950.19,52.038,1.7639,40450500.0,29732100.0
000905.SH,2012-12-11,2982.03,2993.38,3014.07,2978.74,3002.23,-20.204,-0.673,35119500.0,25938600.0
000905.SH,2012-12-12,2982.89,2978.72,2997.92,2952.39,2982.03,0.858,0.0288,27388000.0,20403700.0
000905.SH,2012-12-13,2943.28,2976.58,2989.15,2941.55,2982.89,-39.609,-1.3279,26777100.0,19103200.0
000905.SH,2012-12-14,3066.23,2939.31,3069.06,2939.15,2943.28,122.955,4.1775,52540300.0,38111900.0
000905.SH,2012-12-17,3091.88,3073.92,3098.6,3063.49,3066.23,25.644,0.8363,52606400.0,40357700.0
000905.SH,2012-12-18,3086.58,3087.32,3124.56,3067.86,3091.88,-5.291,-0.1711,46993100.0,35977200.0
000905.SH,2012-12-19,3099.09,3082.38,3109.94,3074.95,3086.58,12.508,0.4052,36876200.0,28573400.0
000905.SH,2012-12-20,3108.86,3092.93,3111.2,3063.32,3099.09,9.768,0.3152,36911400.0,28583100.0
000905.SH,2012-12-21,3101.07,3110.82,3144.26,3089.09,3108.86,-7.786,-0.2504,39141300.0,32326300.0
000905.SH,2012-12-24,3117.7,3093.97,3120.73,3090.42,3101.07,16.624,0.5361,29083900.0,24764700.0
000905.SH,2012-12-25,3189.09,3110.97,3197.72,3102.61,3117.7,71.39,2.2898,52862900.0,41031800.0
000905.SH,2012-12-26,3228.68,3187.2,3228.8,3183.95,3189.09,39.587,1.2413,46800000.0,37198600.0
000905.SH,2012-12-27,3199.48,3232.79,3244.94,3198.91,3228.68,-29.194,-0.9042,47223700.0,38346700.0
000905.SH,2012-12-28,3235.2,3195.2,3235.59,3187.09,3199.48,35.714,1.1162,41316200.0,33393700.0
000905.SH,2012-12-31,3275.86,3242.96,3275.86,3236.63,3235.2,40.665,1.257,47415800.0,38366400.0
000905.SH,2013-01-04,3258.25,3297.04,3304.76,3226.95,3275.86,-17.609,-0.5375,46170900.0,38349000.0
000905.SH,2013-01-07,3288.37,3253.67,3288.65,3245.46,3258.25,30.118,0.9244,42731100.0,36303700.0
000905.SH,2013-01-08,3327.04,3288.12,3331.67,3270.76,3288.37,38.671,1.176,51963800.0,44519400.0
000905.SH,2013-01-09,3334.99,3321.76,3359.07,3303.8,3327.04,7.947,0.2389,50927400.0,43568100.0
000905.SH,2013-01-10,3356.35,3335.09,3368.0,3329.93,3334.99,21.363,0.6406,47902000.0,39408500.0
000905.SH,2013-01-11,3271.18,3357.47,3360.41,3262.83,3356.35,-85.171,-2.5376,51300500.0,42629300.0
000905.SH,2013-01-14,3384.75,3264.15,3387.5,3262.57,3271.18,113.566,3.4717,56753200.0,49292500.0
000905.SH,2013-01-15,3450.68,3390.33,3463.26,3389.78,3384.75,65.937,1.9481,69369000.0,61177600.0
000905.SH,2013-01-16,3450.56,3448.28,3462.59,3393.71,3450.68,-0.122,-0.0035,62908500.0,55786600.0
000905.SH,2013-01-17,3408.02,3444.47,3452.37,3399.66,3450.56,-42.538,-1.2328,47415500.0,41612100.0
000905.SH,2013-01-18,3464.65,3416.45,3466.53,3406.6,3408.02,56.623,1.6615,51118600.0,44339900.0
000905.SH,2013-01-21,3491.12,3475.2,3492.22,3458.87,3464.65,26.477,0.7642,53789500.0,45819900.0
000905.SH,2013-01-22,3435.43,3487.57,3487.57,3409.84,3491.12,-55.688,-1.5951,53474100.0,47247200.0
000905.SH,2013-01-23,3441.75,3422.77,3451.26,3393.05,3435.43,6.311,0.1837,43357400.0,38051300.0
000905.SH,2013-01-24,3369.73,3442.62,3473.98,3344.98,3441.75,-72.013,-2.0923,57175000.0,49520300.0
000905.SH,2013-01-25,3364.06,3363.43,3382.77,3346.24,3369.73,-5.671,-0.1683,37099200.0,33398500.0
000905.SH,2013-01-28,3449.79,3362.47,3449.95,3362.22,3364.06,85.733,2.5485,45422100.0,41684800.0
000905.SH,2013-01-29,3482.52,3451.66,3489.86,3447.82,3449.79,32.725,0.9486,49280400.0,45187000.0
000905.SH,2013-01-30,3500.58,3482.57,3502.72,3462.37,3482.52,18.059,0.5186,54218900.0,46990700.0
000905.SH,2013-01-31,3479.64,3497.28,3499.15,3463.2,3500.58,-20.94,-0.5982,48591300.0,43092400.0
000905.SH,2013-02-01,3507.71,3471.27,3507.83,3462.68,3479.64,28.071,0.8067,47925500.0,42185100.0
000905.SH,2013-02-04,3484.36,3517.46,3524.04,3467.02,3507.71,-23.347,-0.6656,55937400.0,50388000.0
000905.SH,2013-02-05,3520.65,3466.59,3520.99,3457.43,3484.36,36.284,1.0413,47711100.0,41301300.0
000905.SH,2013-02-06,3544.39,3521.66,3555.94,3521.64,3520.65,23.739,0.6743,42308700.0,38010600.0
000905.SH,2013-02-07,3557.67,3539.48,3565.38,3526.03,3544.39,13.282,0.3747,38704800.0,36599200.0
000905.SH,2013-02-08,3608.59,3554.15,3618.84,3553.8,3557.67,50.922,1.4313,37928300.0,36455900.0
000905.SH,2013-02-18,3627.78,3625.03,3639.36,3604.01,3608.59,19.187,0.5317,45099300.0,41448200.0
000905.SH,2013-02-19,3561.36,3624.94,3630.65,3546.72,3627.78,-66.419,-1.8308,48421000.0,42698600.0
000905.SH,2013-02-20,3635.38,3555.59,3635.38,3553.49,3561.36,74.018,2.0784,44252300.0,41216700.0
000905.SH,2013-02-21,3560.32,3612.72,3612.72,3531.13,3635.38,-75.058,-2.0647,54411600.0,50565200.0
000905.SH,2013-02-22,3548.36,3552.67,3587.71,3543.02,3560.32,-11.959,-0.3359,41585400.0,39756200.0
000905.SH,2013-02-25,3587.59,3551.6,3595.6,3551.37,3548.36,39.229,1.1056,37677100.0,35661800.0
000905.SH,2013-02-26,3533.2,3573.95,3600.46,3532.27,3587.59,-54.383,-1.5159,43386800.0,41504100.0
000905.SH,2013-02-27,3535.9,3538.94,3568.69,3506.76,3533.2,2.692,0.0762,38235000.0,36615500.0
000905.SH,2013-02-28,3608.2,3544.06,3608.2,3531.9,3535.9,72.303,2.0448,46062100.0,42703400.0
000905.SH,2013-03-01,3648.42,3608.62,3648.69,3603.98,3608.2,40.223,1.1148,50173300.0,47913800.0
000905.SH,2013-03-04,3518.72,3614.56,3614.56,3496.05,3648.42,-129.705,-3.5551,64588100.0,58624500.0
000905.SH,2013-03-05,3597.92,3516.53,3598.01,3507.03,3518.72,79.205,2.251,50380200.0,47679000.0
000905.SH,2013-03-06,3653.93,3605.36,3654.11,3605.36,3597.92,56.012,1.5568,58246400.0,55482800.0
000905.SH,2013-03-07,3609.64,3648.28,3651.74,3575.98,3653.93,-44.294,-1.2122,54941500.0,53496700.0
000905.SH,2013-03-08,3570.38,3608.9,3626.92,3564.23,3609.64,-39.26,-1.0876,39649200.0,38381100.0
000905.SH,2013-03-11,3571.1,3568.62,3588.71,3543.76,3570.38,0.725,0.0203,32733700.0,31010400.0
000905.SH,2013-03-12,3481.18,3570.47,3589.72,3438.19,3571.1,-89.93,-2.5183,44069300.0,40719800.0
000905.SH,2013-03-13,3449.35,3473.26,3477.1,3413.18,3481.18,-31.825,-0.9142,31415500.0,28827600.0
000905.SH,2013-03-14,3464.85,3443.78,3482.37,3440.02,3449.35,15.504,0.4495,27756600.0,25915200.0
000905.SH,2013-03-15,3471.21,3466.89,3525.53,3431.57,3464.85,6.36,0.1836,38003100.0,36029700.0
000905.SH,2013-03-18,3427.12,3461.87,3477.93,3423.52,3471.21,-44.094,-1.2703,36157400.0,34162300.0
000905.SH,2013-03-19,3438.07,3421.74,3442.06,3378.91,3427.12,10.952,0.3196,34632000.0,31250900.0
000905.SH,2013-03-20,3527.77,3436.84,3527.83,3432.58,3438.07,89.7,2.609,45308600.0,39767900.0
000905.SH,2013-03-21,3565.02,3527.76,3575.84,3522.14,3527.77,37.248,1.0559,48504400.0,45250500.0
000905.SH,2013-03-22,3579.92,3561.12,3586.09,3549.07,3565.02,14.9,0.4179,42811400.0,38737300.0
000905.SH,2013-03-25,3568.52,3581.31,3590.81,3550.19,3579.92,-11.397,-0.3184,39784800.0,37323600.0
000905.SH,2013-03-26,3543.81,3556.3,3557.79,3504.57,3568.52,-24.711,-0.6925,38135600.0,35743300.0
000905.SH,2013-03-27,3552.26,3541.38,3579.39,3528.31,3543.81,8.445,0.2383,36894000.0,35430100.0
000905.SH,2013-03-28,3448.98,3526.54,3526.54,3448.67,3552.26,-103.28,-2.9074,41252700.0,37049200.0
000905.SH,2013-03-29,3447.28,3449.28,3470.48,3434.57,3448.98,-1.692,-0.0491,31555500.0,28629600.0
000905.SH,2013-04-01,3470.96,3449.54,3489.14,3448.29,3447.28,23.675,0.6868,32953800.0,30167400.0
000905.SH,2013-04-02,3428.5,3471.69,3504.28,3419.74,3470.96,-42.46,-1.2233,37863700.0,35182700.0
000905.SH,2013-04-03,3397.23,3429.89,3438.59,3382.23,3428.5,-31.268,-0.912,36721000.0,32560800.0
000905.SH,2013-04-08,3411.13,3354.44,3411.38,3315.33,3397.23,13.898,0.4091,36220800.0,32252800.0
000905.SH,2013-04-09,3444.37,3411.4,3449.92,3411.4,3411.13,33.241,0.9745,34183400.0,30878500.0
000905.SH,2013-04-10,3437.27,3444.46,3455.69,3410.03,3444.37,-7.104,-0.2062,35551700.0,33103600.0
000905.SH,2013-04-11,3423.22,3442.93,3453.53,3420.76,3437.27,-14.05,-0.4088,31925600.0,28642400.0
000905.SH,2013-04-12,3394.52,3418.3,3434.67,3391.01,3423.22,-28.7,-0.8384,29295000.0,26198900.0
000905.SH,2013-04-15,3346.85,3382.0,3382.0,3336.42,3394.52,-47.666,-1.4042,29308100.0,25580200.0
000905.SH,2013-04-16,3383.08,3313.51,3383.31,3302.24,3346.85,36.23,1.0825,29893900.0,25812200.0
000905.SH,2013-04-17,3412.42,3381.61,3412.52,3373.02,3383.08,29.335,0.8671,28793500.0,26727000.0
000905.SH,2013-04-18,3423.01,3396.01,3434.04,3383.97,3412.42,10.596,0.3105,32346700.0,29865400.0
000905.SH,2013-04-19,3495.24,3423.44,3498.57,3422.97,3423.01,72.23,2.1101,43337900.0,39859200.0
000905.SH,2013-04-22,3511.62,3478.04,3511.72,3475.86,3495.24,16.382,0.4687,43809700.0,41273800.0
000905.SH,2013-04-23,3416.45,3509.2,3509.74,3412.21,3511.62,-95.175,-2.7103,43616500.0,39770100.0
000905.SH,2013-04-24,3484.57,3417.4,3489.52,3411.81,3416.45,68.119,1.9939,42449200.0,40524100.0
000905.SH,2013-04-25,3431.4,3473.01,3494.53,3431.15,3484.57,-53.167,-1.5258,48836400.0,46953000.0
000905.SH,2013-04-26,3367.77,3427.15,3438.32,3360.75,3431.4,-63.635,-1.8545,37402900.0,34801700.0
000905.SH,2013-05-02,3383.4,3354.47,3386.28,3345.44,3367.77,15.632,0.4642,29438500.0,28077100.0
000905.SH,2013-05-03,3448.64,3391.22,3459.98,3391.22,3383.4,65.242,1.9283,37244300.0,35659600.0
000905.SH,2013-05-06,3514.46,3456.28,3516.87,3456.28,3448.64,65.817,1.9085,44249300.0,42476600.0
000905.SH,2013-05-07,3521.48,3511.21,3531.55,3495.8,3514.46,7.02,0.1997,41201400.0,40099900.0
000905.SH,2013-05-08,3553.85,3524.79,3554.15,3517.94,3521.48,32.371,0.9192,42307300.0,41307400.0
000905.SH,2013-05-09,3555.77,3551.9,3557.02,3517.59,3553.85,1.921,0.0541,49301700.0,49151000.0
000905.SH,2013-05-10,3577.33,3550.03,3577.33,3536.17,3555.77,21.558,0.6063,44666700.0,44817900.0
000905.SH,2013-05-13,3590.76,3577.29,3591.09,3565.49,3577.33,13.431,0.3754,39465800.0,38932000.0
000905.SH,2013-05-14,3549.3,3586.32,3586.32,3524.58,3590.76,-41.455,-1.1545,38083700.0,36835100.0
000905.SH,2013-05-15,3597.11,3549.75,3597.24,3548.55,3549.3,47.803,1.3468,36487400.0,37037700.0
000905.SH,2013-05-16,3635.75,3594.3,3647.49,3578.09,3597.11,38.649,1.0744,52393600.0,50602500.0
000905.SH,2013-05-17,3691.4,3632.61,3695.24,3631.26,3635.75,55.644,1.5305,59398500.0,54997600.0
000905.SH,2013-05-20,3737.75,3700.09,3740.58,3686.76,3691.4,46.349,1.2556,66798800.0,66738600.0
000905.SH,2013-05-21,3787.06,3733.67,3787.1,3727.67,3737.75,49.311,1.3193,67690100.0,66348000.0
000905.SH,2013-05-22,3755.87,3782.97,3795.17,3740.22,3787.06,-31.185,-0.8235,65313300.0,63037500.0
000905.SH,2013-05-23,3724.23,3740.44,3783.97,3716.29,3755.87,-31.645,-0.8425,57813100.0,54473100.0
000905.SH,2013-05-24,3782.07,3723.62,3782.17,3723.62,3724.23,57.842,1.5531,50238900.0,48927100.0
000905.SH,2013-05-27,3820.43,3784.47,3820.59,3782.27,3782.07,38.356,1.0142,55529400.0,55508800.0
000905.SH,2013-05-28,3827.78,3820.24,3829.97,3770.65,3820.43,7.355,0.1925,60071600.0,58861100.0
000905.SH,2013-05-29,3856.32,3830.22,3858.92,3828.29,3827.78,28.537,0.7455,58319100.0,57096100.0
000905.SH,2013-05-30,3865.13,3843.16,3872.26,3835.22,3856.32,8.815,0.2286,54454800.0,55483900.0
000905.SH,2013-05-31,3841.22,3867.59,3884.68,3840.7,3865.13,-23.916,-0.6188,55067900.0,56207600.0
000905.SH,2013-06-03,3814.51,3836.77,3855.79,3803.36,3841.22,-26.708,-0.6953,48387800.0,49391600.0
000905.SH,2013-06-04,3739.72,3809.55,3811.65,3707.56,3814.51,-74.786,-1.9606,49249700.0,48610500.0
000905.SH,2013-06-05,3755.15,3733.95,3759.52,3718.12,3739.72,15.424,0.4124,36616200.0,37010100.0
000905.SH,2013-06-06,3688.74,3742.5,3742.5,3686.25,3755.15,-66.412,-1.7686,38813800.0,38013900.0
000905.SH,2013-06-07,3616.21,3690.96,3701.22,3593.97,3688.74,-72.526,-1.9661,40708700.0,39558700.0
000905.SH,2013-06-13,3515.05,3573.9,3573.9,3446.25,3616.21,-101.16,-2.7974,37241700.0,34264500.0
000905.SH,2013-06-14,3584.98,3519.37,3591.25,3519.33,3515.05,69.928,1.9894,34643800.0,35266000.0
000905.SH,2013-06-17,3593.37,3593.51,3620.95,3565.28,3584.98,8.393,0.2341,35646000.0,37329000.0
000905.SH,2013-06-18,3605.76,3594.9,3613.03,3557.46,3593.37,12.387,0.3447,31332900.0,31369500.0
000905.SH,2013-06-19,3583.3,3588.77,3588.77,3525.45,3605.76,-22.46,-0.6229,32895400.0,32107500.0
000905.SH,2013-06-20,3465.0,3562.13,3566.36,3463.13,3583.3,-118.294,-3.3013,33024000.0,32563600.0
000905.SH,2013-06-21,3446.48,3401.47,3464.59,3347.76,3465.0,-18.521,-0.5345,32289800.0,30756500.0
000905.SH,2013-06-24,3232.96,3439.87,3439.87,3200.67,3446.48,-213.521,-6.1953,40536500.0,36506600.0
000905.SH,2013-06-25,3219.13,3202.66,3243.4,2981.69,3232.96,-13.828,-0.4277,51554400.0,44250300.0
000905.SH,2013-06-26,3285.82,3222.68,3285.82,3200.16,3219.13,66.684,2.0715,39900600.0,38224800.0
000905.SH,2013-06-27,3233.22,3293.08,3339.86,3231.15,3285.82,-52.596,-1.6007,44968700.0,42517400.0
000905.SH,2013-06-28,3235.98,3212.25,3292.91,3176.24,3233.22,2.756,0.0852,38640600.0,34979600.0
000905.SH,2013-07-01,3304.59,3226.62,3304.59,3210.66,3235.98,68.613,2.1203,35326600.0,33608700.0
000905.SH,2013-07-02,3359.05,3304.99,3359.12,3295.33,3304.59,54.462,1.6481,40385100.0,39563400.0
000905.SH,2013-07-03,3364.18,3346.11,3372.63,3288.02,3359.05,5.131,0.1528,44310700.0,42556300.0
000905.SH,2013-07-04,3390.49,3342.01,3427.38,3325.27,3364.18,26.304,0.7819,46939000.0,44347100.0
000905.SH,2013-07-05,3371.53,3392.58,3427.98,3371.31,3390.49,-18.959,-0.5592,43952800.0,40669700.0
000905.SH,2013-07-08,3240.48,3322.14,3322.14,3240.1,3371.53,-131.052,-3.887,39952500.0,36284200.0
000905.SH,2013-07-09,3259.91,3231.7,3263.39,3210.73,3240.48,19.434,0.5997,30094600.0,28150400.0
000905.SH,2013-07-10,3361.4,3259.84,3361.4,3257.9,3259.91,101.484,3.1131,41864100.0,38711700.0
000905.SH,2013-07-11,3455.88,3364.84,3484.79,3364.23,3361.4,94.489,2.811,63323500.0,56898600.0
000905.SH,2013-07-12,3425.14,3453.44,3490.5,3424.28,3455.88,-30.749,-0.8898,51808200.0,50056300.0
000905.SH,2013-07-15,3493.44,3432.26,3493.72,3431.5,3425.14,68.306,1.9943,46585900.0,45609100.0
000905.SH,2013-07-16,3536.31,3496.73,3536.31,3474.36,3493.44,42.872,1.2272,49314700.0,48308400.0
000905.SH,2013-07-17,3485.07,3529.71,3552.37,3474.36,3536.31,-51.239,-1.4489,50046800.0,49055100.0
000905.SH,2013-07-18,3481.2,3476.18,3505.19,3445.33,3485.07,-3.873,-0.1111,45983400.0,45744900.0
000905.SH,2013-07-19,3394.31,3479.53,3510.11,3394.31,3481.2,-86.895,-2.4961,50986600.0,49889800.0
000905.SH,2013-07-22,3461.28,3374.57,3461.7,3359.39,3394.31,66.975,1.9732,41993000.0,41787800.0
000905.SH,2013-07-23,3544.97,3470.6,3545.05,3470.6,3461.28,83.685,2.4177,53543800.0,53322700.0
000905.SH,2013-07-24,3566.28,3536.16,3575.0,3500.08,3544.97,21.316,0.6013,56549700.0,56316900.0
000905.SH,2013-07-25,3498.24,3561.51,3572.55,3496.31,3566.28,-68.04,-1.9079,50866800.0,51562700.0
000905.SH,2013-07-26,3494.16,3486.96,3520.49,3449.61,3498.24,-4.083,-0.1167,39358400.0,38981400.0
000905.SH,2013-07-29,3426.59,3477.26,3484.64,3423.77,3494.16,-67.566,-1.9337,39191100.0,36668800.0
000905.SH,2013-07-30,3411.22,3426.96,3449.54,3349.55,3426.59,-15.374,-0.4487,36592700.0,34953400.0
000905.SH,2013-07-31,3430.74,3428.13,3462.09,3418.72,3411.22,19.524,0.5723,35825700.0,33393100.0
000905.SH,2013-08-01,3521.15,3435.08,3521.16,3429.72,3430.74,90.409,2.6353,44226000.0,42269900.0
000905.SH,2013-08-02,3533.61,3535.89,3563.19,3528.64,3521.15,12.457,0.3538,47264000.0,44429900.0
000905.SH,2013-08-05,3592.54,3531.65,3592.87,3528.85,3533.61,58.929,1.6677,41721800.0,40115300.0
000905.SH,2013-08-06,3631.12,3589.52,3638.71,3581.53,3592.54,38.586,1.0741,49796100.0,47335600.0
000905.SH,2013-08-07,3596.32,3628.0,3644.21,3589.34,3631.12,-34.806,-0.9585,52616500.0,49976400.0
000905.SH,2013-08-08,3605.85,3589.16,3627.25,3577.58,3596.32,9.532,0.265,42450000.0,41185100.0
000905.SH,2013-08-09,3618.74,3611.78,3637.91,3570.78,3605.85,12.894,0.3576,44357700.0,43821500.0
000905.SH,2013-08-12,3676.2,3629.51,3676.2,3628.95,3618.74,57.451,1.5876,56492700.0,53214500.0
000905.SH,2013-08-13,3695.55,3677.11,3695.56,3669.49,3676.2,19.357,0.5265,52649500.0,45698200.0
000905.SH,2013-08-14,3681.08,3694.68,3706.77,3662.04,3695.55,-14.47,-0.3916,52983300.0,47033300.0
000905.SH,2013-08-15,3631.32,3674.65,3686.26,3629.34,3681.08,-49.761,-1.3518,43739700.0,41626200.0
000905.SH,2013-08-16,3554.35,3611.28,3688.69,3550.82,3631.32,-76.973,-2.1197,53635600.0,49148500.0
000905.SH,2013-08-19,3609.03,3528.91,3609.17,3522.15,3554.35,54.68,1.5384,38469600.0,35417000.0
000905.SH,2013-08-20,3599.64,3606.61,3634.05,3580.19,3609.03,-9.391,-0.2602,43159800.0,40942700.0
000905.SH,2013-08-21,3627.5,3596.93,3627.91,3577.82,3599.64,27.864,0.7741,42619900.0,39002200.0
000905.SH,2013-08-22,3636.47,3621.89,3650.11,3615.71,3627.5,8.968,0.2472,46132500.0,43266600.0
000905.SH,2013-08-23,3627.97,3644.68,3654.73,3560.13,3636.47,-8.499,-0.2337,54837200.0,52538600.0
000905.SH,2013-08-26,3703.59,3629.36,3703.79,3627.31,3627.97,75.623,2.0844,53522600.0,50848500.0
000905.SH,2013-08-27,3732.1,3702.58,3732.22,3691.16,3703.59,28.505,0.7697,57467900.0,51583000.0
000905.SH,2013-08-28,3703.92,3707.53,3740.13,3680.5,3732.1,-28.178,-0.755,70205900.0,63585700.0
000905.SH,2013-08-29,3701.08,3703.05,3715.85,3679.08,3703.92,-2.837,-0.0766,62936700.0,53346000.0
000905.SH,2013-08-30,3664.15,3702.85,3727.3,3645.36,3701.08,-36.935,-0.998,77069200.0,64028400.0
000905.SH,2013-09-02,3689.96,3674.68,3695.09,3633.46,3664.15,25.811,0.7044,62860900.0,52818500.0
000905.SH,2013-09-03,3744.87,3685.34,3745.24,3680.15,3689.96,54.912,1.4881,59626600.0,50108700.0
000905.SH,2013-09-04,3755.24,3747.23,3766.41,3734.78,3744.87,10.368,0.2769,62363800.0,54486400.0
000905.SH,2013-09-05,3762.57,3749.94,3776.0,3741.46,3755.24,7.33,0.1952,60681100.0,54687200.0
000905.SH,2013-09-06,3792.83,3758.91,3799.07,3754.64,3762.57,30.263,0.8043,60603100.0,56989300.0
000905.SH,2013-09-09,3831.93,3799.45,3835.48,3793.11,3792.83,39.095,1.0308,72932200.0,67253500.0
000905.SH,2013-09-10,3870.92,3836.47,3871.19,3832.32,3831.93,38.996,1.0177,81063500.0,71770700.0
000905.SH,2013-09-11,3834.26,3876.59,3876.77,3814.28,3870.92,-36.665,-0.9472,88026300.0,76016200.0
000905.SH,2013-09-12,3845.07,3824.75,3857.52,3815.74,3834.26,10.81,0.2819,67273400.0,57448600.0
000905.SH,2013-09-13,3849.82,3846.45,3858.43,3825.18,3845.07,4.752,0.1236,64865300.0,56409500.0
000905.SH,2013-09-16,3854.21,3852.36,3870.73,3836.41,3849.82,4.387,0.114,55682300.0,52644000.0
000905.SH,2013-09-17,3786.29,3851.66,3851.66,3785.23,3854.21,-67.915,-1.7621,57558600.0,53088700.0
000905.SH,2013-09-18,3822.12,3780.7,3823.01,3776.7,3786.29,35.831,0.9463,44464400.0,43668200.0
000905.SH,2013-09-23,3899.62,3830.95,3899.86,3830.95,3822.12,77.502,2.0277,56527100.0,56490900.0
000905.SH,2013-09-24,3903.52,3897.41,3915.98,3864.44,3899.62,3.893,0.0998,65079800.0,63947900.0
000905.SH,2013-09-25,3889.22,3899.61,3930.6,3881.6,3903.52,-14.297,-0.3663,70191600.0,67886700.0
000905.SH,2013-09-26,3808.22,3879.48,3883.39,3806.64,3889.22,-81.005,-2.0828,59027600.0,56763500.0
000905.SH,2013-09-27,3822.76,3805.5,3841.54,3802.9,3808.22,14.542,0.3819,43549300.0,44024200.0
000905.SH,2013-09-30,3872.89,3834.17,3873.49,3834.01,3822.76,50.135,1.3115,39454600.0,41763500.0
000905.SH,2013-10-08,3938.07,3875.52,3938.07,3866.68,3872.89,65.175,1.6829,55134400.0,55498900.0
000905.SH,2013-10-09,3981.06,3928.4,3981.45,3915.73,3938.07,42.99,1.0917,60214000.0,58126100.0
000905.SH,2013-10-10,3959.63,3990.78,4000.49,3947.84,3981.06,-21.428,-0.5382,69807500.0,66293000.0
000905.SH,2013-10-11,4026.92,3975.11,4027.32,3975.11,3959.63,67.286,1.6993,72015600.0,68678600.0
000905.SH,2013-10-14,4068.32,4034.19,4069.78,4024.59,4026.92,41.404,1.0282,74692300.0,72971100.0
000905.SH,2013-10-15,4074.08,4074.83,4080.11,4043.79,4068.32,5.763,0.1417,75671800.0,72950300.0
000905.SH,2013-10-16,3963.21,4063.82,4063.82,3941.59,4074.08,-110.871,-2.7214,77838000.0,75722300.0
000905.SH,2013-10-17,3956.97,3980.47,4010.62,3944.97,3963.21,-6.247,-0.1576,66319200.0,63201400.0
000905.SH,2013-10-18,3970.64,3954.58,3978.34,3937.24,3956.97,13.676,0.3456,50779600.0,48046900.0
000905.SH,2013-10-21,4069.03,3977.26,4069.22,3968.39,3970.64,98.392,2.478,66057300.0,64779000.0
000905.SH,2013-10-22,4026.52,4070.67,4089.1,4014.26,4069.03,-42.517,-1.0449,73645900.0,74639700.0
000905.SH,2013-10-23,3924.22,4026.56,4039.43,3906.51,4026.52,-102.297,-2.5406,67708400.0,62951200.0
000905.SH,2013-10-24,3898.16,3914.24,3933.73,3889.34,3924.22,-26.063,-0.6642,44942300.0,42767700.0
000905.SH,2013-10-25,3821.78,3902.23,3916.92,3796.07,3898.16,-76.377,-1.9593,49905200.0,49387100.0
000905.SH,2013-10-28,3808.7,3820.67,3828.72,3785.91,3821.78,-13.076,-0.3421,39569800.0,38708800.0
000905.SH,2013-10-29,3703.86,3801.93,3827.12,3600.43,3808.7,-104.843,-2.7527,55739800.0,51444600.0
000905.SH,2013-10-30,3764.45,3694.31,3764.6,3688.39,3703.86,60.593,1.6359,41549300.0,38696500.0
000905.SH,2013-10-31,3713.83,3757.81,3757.81,3710.69,3764.45,-50.624,-1.3448,41787500.0,38030700.0
000905.SH,2013-11-01,3702.45,3698.47,3720.44,3661.74,3713.83,-11.384,-0.3065,33387400.0,30914900.0
000905.SH,2013-11-04,3728.19,3705.45,3744.59,3705.43,3702.45,25.743,0.6953,32852200.0,30522000.0
000905.SH,2013-11-05,3777.4,3719.94,3777.63,3688.21,3728.19,49.216,1.3201,39498200.0,36353800.0
000905.SH,2013-11-06,3737.11,3768.73,3799.82,3737.11,3777.4,-40.298,-1.0668,45097300.0,41298400.0
000905.SH,2013-11-07,3685.04,3722.24,3734.86,3677.53,3737.11,-52.066,-1.3932,34815000.0,33087600.0
000905.SH,2013-11-08,3629.94,3670.35,3678.23,3618.93,3685.04,-55.1,-1.4952,34946700.0,32624400.0
000905.SH,2013-11-11,3645.84,3626.19,3659.66,3600.08,3629.94,15.9,0.438,27357500.0,26340200.0
000905.SH,2013-11-12,3680.54,3645.37,3681.07,3634.87,3645.84,34.696,0.9517,30055000.0,28351800.0
000905.SH,2013-11-13,3611.76,3677.35,3677.35,3611.76,3680.54,-68.776,-1.8686,32957300.0,30074800.0
000905.SH,2013-11-14,3659.83,3602.85,3660.04,3575.84,3611.76,48.07,1.3309,33107800.0,31634500.0
000905.SH,2013-11-15,3736.45,3661.28,3766.36,3661.28,3659.83,76.622,2.0936,48826900.0,47107800.0
000905.SH,2013-11-18,3827.88,3759.12,3828.02,3755.5,3736.45,91.43,2.447,56264000.0,53555700.0
000905.SH,2013-11-19,3840.36,3830.45,3851.57,3814.52,3827.88,12.483,0.3261,50882600.0,49083800.0
000905.SH,2013-11-20,3878.58,3842.25,3878.7,3827.38,3840.36,38.219,0.9952,48582900.0,46676500.0
000905.SH,2013-11-21,3865.41,3865.57,3878.24,3838.54,3878.58,-13.174,-0.3397,53986900.0,49106400.0
000905.SH,2013-11-22,3842.76,3868.5,3880.72,3835.92,3865.41,-22.654,-0.5861,49024000.0,45404300.0
000905.SH,2013-11-25,3839.6,3834.81,3874.1,3824.65,3842.76,-3.154,-0.0821,46434900.0,42870000.0
000905.SH,2013-11-26,3845.68,3837.87,3855.97,3822.13,3839.6,6.074,0.1582,42954400.0,40463700.0
000905.SH,2013-11-27,3889.75,3843.65,3890.05,3837.14,3845.68,44.079,1.1462,47221100.0,46761300.0
000905.SH,2013-11-28,3922.67,3897.25,3945.53,3895.11,3889.75,32.911,0.8461,55448000.0,53130300.0
000905.SH,2013-11-29,3946.38,3924.42,3947.91,3919.73,3922.67,23.717,0.6046,48473200.0,49411300.0
000905.SH,2013-12-02,3770.86,3870.03,3905.68,3737.32,3946.38,-175.518,-4.4476,66783100.0,64791500.0
000905.SH,2013-12-03,3859.96,3755.19,3861.16,3750.96,3770.86,89.09,2.3626,46942100.0,45238700.0
000905.SH,2013-12-04,3933.0,3856.35,3959.11,3852.48,3859.96,73.043,1.8923,64141900.0,61605100.0
000905.SH,2013-12-05,3928.72,3931.14,3944.7,3911.27,3933.0,-4.274,-0.1087,49524300.0,48485000.0
000905.SH,2013-12-06,3918.78,3924.64,3941.54,3906.8,3928.72,-9.941,-0.253,42822800.0,41729900.0
000905.SH,2013-12-09,3947.7,3928.16,3948.06,3924.81,3918.78,28.921,0.738,40104700.0,40766200.0
000905.SH,2013-12-10,3950.49,3948.57,3965.16,3930.0,3947.7,2.782,0.0705,45884300.0,45670000.0
000905.SH,2013-12-11,3906.78,3941.9,3941.9,3878.33,3950.49,-43.706,-1.1063,46188000.0,43699000.0
000905.SH,2013-12-12,3916.96,3903.45,3943.03,3900.95,3906.78,10.182,0.2606,39090700.0,38454500.0
000905.SH,2013-12-13,3925.43,3901.99,3932.89,3886.97,3916.96,8.472,0.2163,35894500.0,35210000.0
000905.SH,2013-12-16,3857.72,3929.38,3932.6,3854.47,3925.43,-67.719,-1.7251,41047700.0,40162400.0
000905.SH,2013-12-17,3834.03,3854.78,3867.78,3824.97,3857.72,-23.688,-0.614,31875300.0,31628600.0
000905.SH,2013-12-18,3834.04,3836.02,3855.36,3819.07,3834.03,0.018,0.0005,26983200.0,26497700.0
000905.SH,2013-12-19,3795.02,3840.28,3859.22,3793.4,3834.04,-39.022,-1.0178,28183500.0,27594000.0
000905.SH,2013-12-20,3747.0,3792.68,3807.55,3736.4,3795.02,-48.021,-1.2654,29200500.0,28581600.0
000905.SH,2013-12-23,3742.74,3745.94,3757.39,3687.4,3747.0,-4.264,-0.1138,26690100.0,26950000.0
000905.SH,2013-12-24,3768.7,3746.65,3799.77,3738.76,3742.74,25.965,0.6937,28610100.0,29958100.0
000905.SH,2013-12-25,3808.45,3766.2,3808.46,3756.71,3768.7,39.75,1.0547,26952000.0,29515500.0
000905.SH,2013-12-26,3743.13,3809.5,3809.5,3741.61,3808.45,-65.321,-1.7152,33116000.0,33000800.0
000905.SH,2013-12-27,3800.77,3737.65,3809.47,3734.65,3743.13,57.642,1.5399,32215100.0,31632400.0
000905.SH,2013-12-30,3813.0,3815.68,3828.97,3803.79,3800.77,12.229,0.3218,31654000.0,30936800.0
000905.SH,2013-12-31,3829.1,3805.7,3829.8,3789.82,3813.0,16.093,0.4221,29276100.0,29310900.0
000905.SH,2014-01-02,3847.88,3823.32,3848.25,3813.81,3829.1,18.783,0.4905,30800300.0,31417800.0
000905.SH,2014-01-03,3816.32,3841.22,3843.36,3802.99,3847.88,-31.563,-0.8203,34817600.0,35851600.0
000905.SH,2014-01-06,3710.9,3806.58,3806.58,3709.91,3816.32,-105.418,-2.7623,34511900.0,33089100.0
000905.SH,2014-01-07,3733.66,3699.9,3740.72,3688.42,3710.9,22.764,0.6134,27208600.0,27587600.0
000905.SH,2014-01-08,3738.21,3735.5,3768.5,3726.11,3733.66,4.543,0.1217,31943400.0,32589000.0
000905.SH,2014-01-09,3696.02,3732.86,3768.62,3693.64,3738.21,-42.182,-1.1284,33354100.0,34352000.0
000905.SH,2014-01-10,3628.63,3685.02,3689.19,3619.68,3696.02,-67.389,-1.8233,31393300.0,29759900.0
000905.SH,2014-01-13,3612.02,3628.53,3657.69,3588.74,3628.63,-16.614,-0.4579,27842400.0,27652500.0
000905.SH,2014-01-14,3683.53,3610.64,3683.53,3601.99,3612.02,71.514,1.9799,28565100.0,27864900.0
000905.SH,2014-01-15,3708.14,3681.04,3708.54,3675.64,3683.53,24.608,0.6681,29479200.0,30178600.0
000905.SH,2014-01-16,3714.31,3709.38,3738.08,3703.19,3708.14,6.172,0.1664,29583300.0,29674600.0
000905.SH,2014-01-17,3671.92,3704.36,3704.96,3669.59,3714.31,-42.399,-1.1415,25325300.0,25832800.0
000905.SH,2014-01-20,3644.12,3666.3,3680.01,3627.65,3671.92,-27.79,-0.7568,23805700.0,24791900.0
000905.SH,2014-01-21,3700.11,3645.34,3700.59,3645.34,3644.12,55.983,1.5363,28497800.0,29215600.0
000905.SH,2014-01-22,3799.04,3707.08,3799.06,3707.03,3700.11,98.934,2.6738,41849000.0,42102200.0
000905.SH,2014-01-23,3825.49,3801.75,3841.03,3795.48,3799.04,26.444,0.6961,40705800.0,44043300.0
000905.SH,2014-01-24,3882.67,3817.08,3890.53,3811.14,3825.49,57.182,1.4948,45790700.0,48820000.0
000905.SH,2014-01-27,3881.95,3867.57,3916.67,3854.87,3882.67,-0.721,-0.0186,42636800.0,45983000.0
000905.SH,2014-01-28,3873.81,3882.01,3906.57,3847.03,3881.95,-8.137,-0.2096,31946500.0,35468300.0
000905.SH,2014-01-29,3908.45,3878.31,3913.12,3878.31,3873.81,34.64,0.8942,33008400.0,36653800.0
000905.SH,2014-01-30,3885.42,3900.01,3908.6,3877.57,3908.45,-23.034,-0.5893,28549900.0,30952100.0
000905.SH,2014-02-07,3957.67,3864.89,3957.93,3854.98,3885.42,72.255,1.8596,34036600.0,37585000.0
000905.SH,2014-02-10,4074.63,3972.86,4074.63,3972.86,3957.67,116.959,2.9552,57754900.0,62830600.0
000905.SH,2014-02-11,4080.38,4081.54,4099.77,4031.95,4074.63,5.748,0.1411,61876800.0,66427600.0
000905.SH,2014-02-12,4125.41,4083.82,4125.71,4064.35,4080.38,45.034,1.1037,59039300.0,60190000.0
000905.SH,2014-02-13,4064.42,4123.21,4137.59,4064.42,4125.41,-60.989,-1.4784,61051500.0,62110100.0
000905.SH,2014-02-14,4134.16,4063.79,4134.23,4060.09,4064.42,69.737,1.7158,50631200.0,52265400.0
000905.SH,2014-02-17,4212.75,4152.04,4213.14,4152.04,4134.16,78.585,1.9009,62469400.0,65594000.0
000905.SH,2014-02-18,4207.7,4216.61,4219.03,4188.07,4212.75,-5.046,-0.1198,63913300.0,66766200.0
000905.SH,2014-02-19,4207.99,4206.02,4232.88,4180.91,4207.7,0.295,0.007,61217800.0,63154500.0
000905.SH,2014-02-20,4149.07,4211.7,4221.63,4139.2,4207.99,-58.923,-1.4003,62564500.0,62300100.0
000905.SH,2014-02-21,4121.92,4142.3,4156.79,4085.82,4149.07,-27.154,-0.6545,48017900.0,47228900.0
000905.SH,2014-02-24,4105.79,4102.56,4105.79,4043.51,4121.92,-16.125,-0.3912,51238700.0,52821400.0
000905.SH,2014-02-25,3961.44,4109.49,4141.26,3937.17,4105.79,-144.353,-3.5158,65665300.0,70061200.0
000905.SH,2014-02-26,3987.48,3941.12,3988.06,3883.96,3961.44,26.041,0.6574,48856700.0,49764800.0
000905.SH,2014-02-27,3934.73,3992.72,4053.85,3932.31,3987.48,-52.753,-1.323,54510900.0,57316300.0
000905.SH,2014-02-28,3975.93,3926.77,3976.13,3874.72,3934.73,41.202,1.0471,46601200.0,48254500.0
000905.SH,2014-03-03,4058.8,3975.54,4059.19,3969.3,3975.93,82.87,2.0843,51290300.0,53495700.0
000905.SH,2014-03-04,4059.57,4045.2,4067.43,4016.03,4058.8,0.768,0.0189,53655600.0,54602400.0
000905.SH,2014-03-05,4037.78,4064.96,4075.75,4031.92,4059.57,-21.783,-0.5366,53143600.0,51928400.0
000905.SH,2014-03-06,4032.76,4030.65,4042.21,3980.28,4037.78,-5.028,-0.1245,48189900.0,46614600.0
000905.SH,2014-03-07,4012.45,4032.14,4051.03,3992.94,4032.76,-20.309,-0.5036,45686300.0,45596300.0
000905.SH,2014-03-10,3860.24,3981.51,3981.51,3856.1,4012.45,-152.203,-3.7933,49665600.0,47348500.0
000905.SH,2014-03-11,3864.26,3848.17,3889.24,3826.93,3860.24,4.016,0.104,39939700.0,37450200.0
000905.SH,2014-03-12,3865.66,3857.58,3894.06,3803.73,3864.26,1.402,0.0363,41221200.0,36976700.0
000905.SH,2014-03-13,3907.15,3865.92,3907.85,3861.71,3865.66,41.484,1.0731,37064700.0,34137600.0
000905.SH,2014-03-14,3888.98,3891.2,3913.5,3860.32,3907.15,-18.171,-0.4651,35140800.0,33406200.0
000905.SH,2014-03-17,3967.15,3889.9,3967.85,3889.9,3888.98,78.175,2.0102,39288200.0,38774400.0
000905.SH,2014-03-18,3989.2,3970.66,4009.35,3968.89,3967.15,22.051,0.5558,44270800.0,44080400.0
000905.SH,2014-03-19,3980.67,3979.25,3980.74,3944.09,3989.2,-8.528,-0.2138,42669000.0,39248900.0
000905.SH,2014-03-20,3876.58,3973.15,4000.37,3876.43,3980.67,-104.095,-2.615,49863100.0,44829600.0
000905.SH,2014-03-21,3952.39,3857.82,3954.26,3828.92,3876.58,75.814,1.9557,52362700.0,45269600.0
000905.SH,2014-03-24,3985.86,3954.05,3995.86,3944.69,3952.39,33.469,0.8468,54203000.0,45816800.0
000905.SH,2014-03-25,3991.14,3977.88,4007.94,3967.62,3985.86,5.283,0.1325,53667000.0,45244100.0
000905.SH,2014-03-26,4001.5,3997.17,4009.88,3987.19,3991.14,10.358,0.2595,46277500.0,39747100.0
000905.SH,2014-03-27,3944.04,3994.82,3996.25,3943.79,4001.5,-57.458,-1.4359,49459900.0,41581300.0
000905.SH,2014-03-28,3865.29,3935.2,3951.73,3855.48,3944.04,-78.749,-1.9967,53458300.0,43844900.0
000905.SH,2014-03-31,3840.54,3865.0,3878.0,3815.74,3865.29,-24.759,-0.6405,38337800.0,31097100.0
000905.SH,2014-04-01,3899.49,3836.5,3899.66,3835.23,3840.54,58.952,1.535,34655200.0,29332500.0
000905.SH,2014-04-02,3902.04,3901.19,3922.08,3891.55,3899.49,2.555,0.0655,43981900.0,34207500.0
000905.SH,2014-04-03,3896.28,3902.07,3919.17,3880.4,3902.04,-5.763,-0.1477,42342700.0,33958600.0
000905.SH,2014-04-04,3939.23,3888.73,3939.61,3881.96,3896.28,42.949,1.1023,38203200.0,32452800.0
000905.SH,2014-04-08,3981.62,3927.51,3981.62,3918.98,3939.23,42.396,1.0763,42618200.0,37712900.0
000905.SH,2014-04-09,4018.55,3987.43,4019.08,3987.43,3981.62,36.922,0.9273,43685000.0,39980300.0
000905.SH,2014-04-10,4038.84,4022.05,4052.84,4012.66,4018.55,20.293,0.505,51174200.0,46752700.0
000905.SH,2014-04-11,4021.19,4021.96,4031.21,4001.8,4038.84,-17.646,-0.4369,43247400.0,39566900.0
000905.SH,2014-04-14,4051.33,4019.5,4051.49,4018.74,4021.19,30.136,0.7494,41571700.0,37820300.0
000905.SH,2014-04-15,4021.91,4050.33,4050.33,4015.09,4051.33,-29.424,-0.7263,45456900.0,41713800.0
000905.SH,2014-04-16,4019.88,4010.36,4026.76,3992.5,4021.91,-2.023,-0.0503,38105100.0,34759900.0
000905.SH,2014-04-17,4014.94,4025.38,4035.37,4012.71,4019.88,-4.943,-0.123,38718400.0,35587600.0
000905.SH,2014-04-18,4029.26,4006.88,4029.76,3995.55,4014.94,14.322,0.3567,34736500.0,32247600.0
000905.SH,2014-04-21,3965.34,4004.61,4032.85,3962.29,4029.26,-63.925,-1.5865,40254000.0,38253400.0
000905.SH,2014-04-22,3947.17,3957.22,3974.63,3889.78,3965.34,-18.168,-0.4582,41934800.0,39218300.0
000905.SH,2014-04-23,3929.17,3942.5,3956.41,3913.18,3947.17,-18.001,-0.456,30741900.0,29374300.0
000905.SH,2014-04-24,3884.81,3924.45,3931.51,3884.59,3929.17,-44.357,-1.1289,32345700.0,29781600.0
000905.SH,2014-04-25,3800.68,3879.45,3886.76,3797.47,3884.81,-84.13,-2.1656,36000600.0,31764000.0
000905.SH,2014-04-28,3684.59,3785.96,3785.96,3679.96,3800.68,-116.088,-3.0544,36670300.0,31495200.0
000905.SH,2014-04-29,3738.93,3678.62,3739.25,3678.01,3684.59,54.333,1.4746,28297400.0,24757400.0
000905.SH,2014-04-30,3766.17,3734.8,3770.73,3728.41,3738.93,27.244,0.7287,26592800.0,23450200.0
000905.SH,2014-05-05,3798.29,3761.23,3798.36,3746.19,3766.17,32.118,0.8528,28615400.0,24739000.0
000905.SH,2014-05-06,3817.98,3795.36,3831.41,3790.5,3798.29,19.692,0.5184,30600400.0,28051000.0
000905.SH,2014-05-07,3749.97,3806.84,3806.84,3747.78,3817.98,-68.015,-1.7814,29363600.0,26315400.0
000905.SH,2014-05-08,3754.01,3740.25,3798.22,3733.75,3749.97,4.046,0.1079,30516000.0,26226600.0
000905.SH,2014-05-09,3716.02,3748.49,3752.46,3688.04,3754.01,-37.989,-1.012,29488800.0,25743200.0
000905.SH,2014-05-12,3812.76,3738.67,3812.83,3730.95,3716.02,96.736,2.6032,42454800.0,36840700.0
000905.SH,2014-05-13,3806.89,3810.49,3819.75,3788.46,3812.76,-5.868,-0.1539,35815000.0,31736400.0
000905.SH,2014-05-14,3803.8,3805.15,3816.41,3796.11,3806.89,-3.087,-0.0811,28307600.0,24921700.0
000905.SH,2014-05-15,3732.34,3797.12,3799.08,3728.32,3803.8,-71.466,-1.8788,30771200.0,27786800.0
000905.SH,2014-05-16,3726.66,3722.56,3733.28,3685.07,3732.34,-5.681,-0.1522,26713300.0,23728000.0
000905.SH,2014-05-19,3705.36,3722.39,3722.39,3679.64,3726.66,-21.292,-0.5713,24203600.0,21748600.0
000905.SH,2014-05-20,3715.71,3720.23,3748.75,3708.14,3705.36,10.346,0.2792,24846000.0,23170300.0
000905.SH,2014-05-21,3747.33,3708.12,3747.55,3680.89,3715.71,31.624,0.8511,24046900.0,21705600.0
000905.SH,2014-05-22,3746.14,3748.93,3788.06,3744.6,3747.33,-1.194,-0.0319,30961000.0,28187200.0
000905.SH,2014-05-23,3786.56,3742.99,3786.56,3742.98,3746.14,40.423,1.0791,28877200.0,26927300.0
000905.SH,2014-05-26,3827.49,3798.73,3827.59,3798.73,3786.56,40.924,1.0808,33396400.0,33591800.0
000905.SH,2014-05-27,3818.32,3825.37,3834.42,3812.89,3827.49,-9.165,-0.2395,32742800.0,31962300.0
000905.SH,2014-05-28,3861.59,3818.35,3862.1,3813.0,3818.32,43.266,1.1331,36774800.0,35782600.0
000905.SH,2014-05-29,3821.87,3862.3,3874.1,3821.42,3861.59,-39.721,-1.0286,37364700.0,37967000.0
000905.SH,2014-05-30,3829.24,3818.47,3840.86,3798.8,3821.87,7.371,0.1929,34479800.0,33847100.0
000905.SH,2014-06-03,3822.72,3833.12,3845.48,3821.43,3829.24,-6.522,-0.1703,30155000.0,29295600.0
000905.SH,2014-06-04,3789.29,3820.5,3820.76,3760.29,3822.72,-33.422,-0.8743,30240400.0,28984400.0
000905.SH,2014-06-05,3832.05,3783.88,3832.38,3779.99,3789.29,42.761,1.1285,29580700.0,28079600.0
000905.SH,2014-06-06,3818.33,3833.38,3837.4,3800.09,3832.05,-13.722,-0.3581,29926300.0,28796400.0
000905.SH,2014-06-09,3797.43,3809.58,3830.6,3795.17,3818.33,-20.904,-0.5475,26819500.0,26434000.0
000905.SH,2014-06-10,3840.02,3801.51,3840.24,3784.05,3797.43,42.59,1.1215,30297400.0,30344500.0
000905.SH,2014-06-11,3858.05,3838.67,3859.03,3832.53,3840.02,18.032,0.4696,31915300.0,32291700.0
000905.SH,2014-06-12,3850.11,3851.23,3857.91,3832.94,3858.05,-7.938,-0.2058,35134900.0,34175900.0
000905.SH,2014-06-13,3891.56,3846.62,3894.54,3843.62,3850.11,41.444,1.0764,39840800.0,40322200.0
000905.SH,2014-06-16,3914.98,3893.92,3915.22,3893.17,3891.56,23.424,0.6019,39294800.0,41025100.0
000905.SH,2014-06-17,3879.34,3909.62,3909.62,3876.23,3914.98,-35.637,-0.9103,39860800.0,39004900.0
000905.SH,2014-06-18,3858.1,3878.69,3881.39,3855.23,3879.34,-21.245,-0.5476,40688700.0,39421200.0
000905.SH,2014-06-19,3755.69,3853.59,3860.3,3739.41,3858.1,-102.405,-2.6543,43351500.0,40226900.0
000905.SH,2014-06-20,3789.34,3751.18,3789.41,3751.08,3755.69,33.648,0.8959,29331600.0,27250300.0
000905.SH,2014-06-23,3815.88,3790.84,3827.83,3790.84,3789.34,26.537,0.7003,32200400.0,30811500.0
000905.SH,2014-06-24,3839.2,3814.53,3839.59,3812.75,3815.88,23.324,0.6112,34149700.0,33396800.0
000905.SH,2014-06-25,3814.03,3835.59,3835.59,3803.29,3839.2,-25.173,-0.6557,30419900.0,29769200.0
000905.SH,2014-06-26,3861.95,3812.91,3863.09,3812.91,3814.03,47.92,1.2564,40550700.0,38363100.0
000905.SH,2014-06-27,3889.32,3861.1,3905.54,3853.75,3861.95,27.373,0.7088,48476100.0,44256500.0
000905.SH,2014-06-30,3924.9,3895.15,3925.44,3889.65,3889.32,35.58,0.9148,49209700.0,45852800.0
000905.SH,2014-07-01,3951.73,3927.48,3951.92,3917.53,3924.9,26.823,0.6834,48814000.0,46780300.0
000905.SH,2014-07-02,3979.31,3950.47,3979.37,3937.24,3951.73,27.584,0.698,52966400.0,49258500.0
000905.SH,2014-07-03,4019.65,3978.82,4026.06,3972.12,3979.31,40.337,1.0137,61184100.0,55067900.0
000905.SH,2014-07-04,4004.56,4018.39,4022.22,3997.76,4019.65,-15.086,-0.3753,55166400.0,49997500.0
000905.SH,2014-07-07,4014.49,4004.1,4024.37,3992.28,4004.56,9.927,0.2479,51197200.0,48129100.0
000905.SH,2014-07-08,4039.71,4012.55,4039.92,3982.33,4014.49,25.219,0.6282,50180700.0,50114300.0
000905.SH,2014-07-09,3982.4,4033.82,4047.38,3981.25,4039.71,-57.303,-1.4185,56944600.0,56785300.0
000905.SH,2014-07-10,3982.2,3980.5,4008.13,3975.7,3982.4,-0.206,-0.0052,48708500.0,49694000.0
000905.SH,2014-07-11,4029.75,3979.73,4033.89,3978.1,3982.2,47.553,1.1941,53074700.0,52241300.0
000905.SH,2014-07-14,4090.8,4033.71,4090.8,4033.7,4029.75,61.051,1.515,60592500.0,58095400.0
000905.SH,2014-07-15,4093.11,4089.35,4098.28,4063.6,4090.8,2.311,0.0565,66834000.0,60773700.0
000905.SH,2014-07-16,4062.12,4089.65,4105.02,4046.55,4093.11,-30.994,-0.7572,59414400.0,54188900.0
000905.SH,2014-07-17,4031.44,4055.91,4055.91,4006.28,4062.12,-30.679,-0.7552,49988400.0,44531900.0
000905.SH,2014-07-18,4042.52,4018.36,4066.18,4012.51,4031.44,11.081,0.2749,49582600.0,44684300.0
000905.SH,2014-07-21,4030.24,4038.74,4048.94,4017.45,4042.52,-12.279,-0.3037,44186100.0,40783100.0
000905.SH,2014-07-22,4083.29,4024.42,4086.11,4023.02,4030.24,53.046,1.3162,54673000.0,50308600.0
000905.SH,2014-07-23,4057.11,4083.08,4094.65,4042.04,4083.29,-26.175,-0.641,58518300.0,52667900.0
000905.SH,2014-07-24,4054.22,4055.15,4073.86,4013.55,4057.11,-2.89,-0.0712,62738300.0,54485200.0
000905.SH,2014-07-25,4089.8,4052.03,4089.8,4047.87,4054.22,35.578,0.8776,55043400.0,49022400.0
000905.SH,2014-07-28,4168.37,4106.99,4168.39,4106.99,4089.8,78.572,1.9212,79528400.0,70428900.0
000905.SH,2014-07-29,4207.86,4173.17,4221.58,4167.27,4168.37,39.489,0.9473,80760800.0,75539000.0
000905.SH,2014-07-30,4214.84,4198.41,4220.21,4184.35,4207.86,6.974,0.1657,69146700.0,68380600.0
000905.SH,2014-07-31,4257.04,4211.07,4257.41,4208.57,4214.84,42.209,1.0014,65711000.0,65347500.0
000905.SH,2014-08-01,4210.22,4242.3,4268.43,4201.92,4257.04,-46.826,-1.1,78171900.0,74451500.0
000905.SH,2014-08-04,4278.85,4213.11,4278.85,4213.11,4210.22,68.628,1.63,66083100.0,61713000.0
000905.SH,2014-08-05,4300.12,4284.15,4300.5,4262.76,4278.85,21.273,0.4972,74379600.0,68408100.0
000905.SH,2014-08-06,4328.6,4291.63,4336.76,4276.68,4300.12,28.481,0.6623,74507200.0,70105500.0
000905.SH,2014-08-07,4286.09,4329.3,4348.19,4284.22,4328.6,-42.511,-0.9821,71135700.0,67096800.0
000905.SH,2014-08-08,4311.7,4287.94,4317.93,4283.61,4286.09,25.607,0.5974,57397700.0,56641100.0
000905.SH,2014-08-11,4377.02,4317.35,4377.24,4317.35,4311.7,65.321,1.515,64798600.0,63782900.0
000905.SH,2014-08-12,4399.81,4378.25,4400.0,4370.23,4377.02,22.788,0.5206,67262900.0,66976600.0
000905.SH,2014-08-13,4401.81,4399.4,4410.46,4347.37,4399.81,2.003,0.0455,73110600.0,72425000.0
000905.SH,2014-08-14,4373.5,4397.21,4426.47,4368.71,4401.81,-28.305,-0.643,74617900.0,71659800.0
000905.SH,2014-08-15,4423.64,4372.77,4428.97,4368.34,4373.5,50.132,1.1463,64972300.0,64888000.0
000905.SH,2014-08-18,4483.54,4434.17,4483.57,4434.17,4423.64,59.908,1.3543,71526300.0,72487200.0
000905.SH,2014-08-19,4496.94,4491.17,4500.8,4461.98,4483.54,13.394,0.2987,77521500.0,80824700.0
000905.SH,2014-08-20,4497.4,4495.82,4521.25,4481.92,4496.94,0.461,0.0103,76368700.0,74592300.0
000905.SH,2014-08-21,4495.44,4498.49,4501.66,4442.64,4497.4,-1.959,-0.0436,72257100.0,72267600.0
000905.SH,2014-08-22,4521.75,4491.63,4526.24,4478.79,4495.44,26.312,0.5853,72034800.0,71989800.0
000905.SH,2014-08-25,4487.14,4521.81,4522.7,4476.2,4521.75,-34.61,-0.7654,67975500.0,69175500.0
000905.SH,2014-08-26,4407.59,4474.45,4490.9,4390.11,4487.14,-79.554,-1.7729,69606900.0,68801700.0
000905.SH,2014-08-27,4421.21,4401.88,4432.15,4401.67,4407.59,13.624,0.3091,54359700.0,57056900.0
000905.SH,2014-08-28,4381.49,4423.76,4431.58,4368.67,4421.21,-39.718,-0.8984,54356000.0,55709100.0
000905.SH,2014-08-29,4427.88,4378.62,4427.88,4370.85,4381.49,46.385,1.0587,43722800.0,45962100.0
000905.SH,2014-09-01,4507.44,4436.55,4507.49,4436.11,4427.88,79.563,1.7969,57685400.0,62594400.0
000905.SH,2014-09-02,4576.12,4519.24,4576.12,4514.73,4507.44,68.678,1.5237,84153800.0,87291000.0
000905.SH,2014-09-03,4608.56,4582.48,4612.33,4571.95,4576.12,32.437,0.7088,87927100.0,91114100.0
000905.SH,2014-09-04,4647.89,4611.56,4648.22,4598.86,4608.56,39.329,0.8534,94318100.0,95294200.0
000905.SH,2014-09-05,4666.47,4654.52,4666.92,4629.18,4647.89,18.588,0.3999,90826600.0,91527800.0
000905.SH,2014-09-09,4701.7,4672.11,4701.94,4643.38,4666.47,35.225,0.7549,89284300.0,90541400.0
000905.SH,2014-09-10,4709.91,4686.12,4713.96,4662.18,4701.7,8.21,0.1746,86187300.0,86626200.0
000905.SH,2014-09-11,4704.94,4707.04,4762.13,4670.64,4709.91,-4.967,-0.1055,97669700.0,99548900.0
000905.SH,2014-09-12,4756.95,4698.11,4757.04,4689.63,4704.94,52.007,1.1054,78550000.0,78101700.0
000905.SH,2014-09-15,4807.56,4759.77,4810.07,4752.85,4756.95,50.606,1.0638,92873100.0,93727100.0
000905.SH,2014-09-16,4645.55,4809.44,4816.32,4643.86,4807.56,-162.009,-3.3699,117310000.0,115747000.0
000905.SH,2014-09-17,4686.05,4649.61,4686.39,4604.67,4645.55,40.501,0.8718,86276100.0,80739900.0
000905.SH,2014-09-18,4719.01,4679.11,4719.58,4663.15,4686.05,32.962,0.7034,77913100.0,70041500.0
000905.SH,2014-09-19,4758.73,4718.78,4762.17,4705.09,4719.01,39.718,0.8417,73891400.0,71508700.0
000905.SH,2014-09-22,4694.23,4753.79,4753.79,4682.62,4758.73,-64.498,-1.3554,77667100.0,75028800.0
000905.SH,2014-09-23,4754.47,4693.37,4754.47,4692.9,4694.23,60.243,1.2833,71679100.0,72122800.0
000905.SH,2014-09-24,4815.71,4746.62,4816.18,4733.56,4754.47,61.238,1.288,84890100.0,85795400.0
000905.SH,2014-09-25,4814.73,4826.98,4861.8,4797.27,4815.71,-0.975,-0.0202,92339400.0,92849400.0
000905.SH,2014-09-26,4829.94,4803.44,4833.8,4787.31,4814.73,15.2,0.3157,72968500.0,75214800.0
000905.SH,2014-09-29,4877.44,4847.82,4880.15,4847.82,4829.94,47.5,0.9835,80918100.0,82373900.0
000905.SH,2014-09-30,4916.12,4886.56,4921.08,4877.88,4877.44,38.684,0.7931,81755000.0,84266900.0
000905.SH,2014-10-08,4993.53,4935.05,4993.61,4913.68,4916.12,77.412,1.5747,90358500.0,92697700.0
000905.SH,2014-10-09,5004.0,4996.66,5010.83,4936.73,4993.53,10.47,0.2097,104303000.0,106971000.0
000905.SH,2014-10-10,4981.85,4987.04,5007.12,4952.19,5004.0,-22.148,-0.4426,96123900.0,98663700.0
000905.SH,2014-10-13,4982.68,4964.23,4982.68,4906.16,4981.85,0.828,0.0166,83134500.0,86362900.0
000905.SH,2014-10-14,4966.08,4978.9,5013.95,4933.6,4982.68,-16.598,-0.3331,82292200.0,85600800.0
000905.SH,2014-10-15,4987.71,4967.23,4988.18,4922.48,4966.08,21.624,0.4354,81985700.0,84289800.0
000905.SH,2014-10-16,4906.24,4962.58,5007.27,4906.24,4987.71,-81.463,-1.6333,95753200.0,97600200.0
000905.SH,2014-10-17,4860.73,4894.59,4914.66,4771.77,4906.24,-45.512,-0.9276,85229800.0,84583400.0
000905.SH,2014-10-20,4929.16,4873.46,4929.47,4869.88,4860.73,68.428,1.4078,64596600.0,67365800.0
000905.SH,2014-10-21,4884.02,4929.23,4942.46,4878.18,4929.16,-45.136,-0.9157,67813200.0,69276400.0
000905.SH,2014-10-22,4825.61,4881.51,4902.78,4821.19,4884.02,-58.415,-1.196,61360800.0,64013600.0
000905.SH,2014-10-23,4755.23,4815.12,4832.43,4732.76,4825.61,-70.378,-1.4584,65012400.0,65545600.0
000905.SH,2014-10-24,4774.67,4757.09,4800.36,4754.89,4755.23,19.435,0.4087,56333900.0,55331100.0
000905.SH,2014-10-27,4809.52,4762.52,4809.94,4739.33,4774.67,34.852,0.7299,56003600.0,55268800.0
000905.SH,2014-10-28,4924.96,4819.55,4925.08,4819.55,4809.52,115.437,2.4002,75113000.0,76495500.0
000905.SH,2014-10-29,4991.75,4938.71,4999.96,4923.52,4924.96,66.8,1.3564,105609000.0,106416000.0
000905.SH,2014-10-30,4992.63,4988.97,5021.19,4975.79,4991.75,0.875,0.0175,99168600.0,98486100.0
000905.SH,2014-10-31,4986.42,4999.0,5012.26,4945.29,4992.63,-6.214,-0.1245,91669100.0,92182200.0
000905.SH,2014-11-03,5028.7,4993.17,5028.76,4992.53,4986.42,42.282,0.8479,92197400.0,91560100.0
000905.SH,2014-11-04,5003.47,5028.54,5036.1,4983.05,5028.7,-25.228,-0.5017,93807600.0,91176900.0
000905.SH,2014-11-05,4995.44,5004.89,5013.61,4976.13,5003.47,-8.027,-0.1604,84678600.0,81152300.0
000905.SH,2014-11-06,5024.85,4992.72,5025.23,4959.73,4995.44,29.405,0.5886,79650700.0,80227200.0
000905.SH,2014-11-07,4977.25,5029.8,5049.28,4956.87,5024.85,-47.593,-0.9472,96201300.0,97187700.0
000905.SH,2014-11-10,5031.0,4989.44,5031.2,4973.32,4977.25,53.746,1.0798,85242900.0,85303600.0
000905.SH,2014-11-11,4881.48,5038.68,5041.33,4842.5,5031.0,-149.521,-2.972,106507000.0,104909000.0
000905.SH,2014-11-12,4965.38,4866.42,4965.38,4855.63,4881.48,83.904,1.7188,72860700.0,72056500.0
000905.SH,2014-11-13,4921.67,4963.73,4967.21,4889.37,4965.38,-43.713,-0.8804,87063500.0,88983000.0
000905.SH,2014-11-14,4909.61,4901.14,4920.09,4862.39,4921.67,-12.062,-0.2451,65753800.0,65868700.0
000905.SH,2014-11-17,4958.47,4925.47,4982.52,4894.65,4909.61,48.857,0.9951,68439200.0,70056700.0
000905.SH,2014-11-18,4967.65,4951.58,4973.85,4947.02,4958.47,9.185,0.1852,63490500.0,62652400.0
000905.SH,2014-11-19,4985.1,4967.64,5002.44,4959.5,4967.65,17.45,0.3513,68164700.0,68842400.0
000905.SH,2014-11-20,4974.63,4972.74,4990.94,4961.6,4985.1,-10.475,-0.2101,59676800.0,60572600.0
000905.SH,2014-11-21,5029.77,4975.54,5029.78,4975.44,4974.63,55.147,1.1086,72866800.0,74666800.0
000905.SH,2014-11-24,5112.12,5088.23,5130.03,5065.19,5029.77,82.346,1.6372,118516000.0,118607000.0
000905.SH,2014-11-25,5189.0,5118.69,5189.43,5106.52,5112.12,76.882,1.5039,107770000.0,113198000.0
000905.SH,2014-11-26,5214.21,5198.13,5215.64,5168.17,5189.0,25.209,0.4858,109880000.0,117427000.0
000905.SH,2014-11-27,5251.39,5229.4,5251.7,5202.76,5214.21,37.179,0.713,120587000.0,125433000.0
000905.SH,2014-11-28,5245.27,5249.67,5261.16,5193.35,5251.39,-6.122,-0.1166,125362000.0,130493000.0
000905.SH,2014-12-01,5208.14,5246.43,5247.01,5181.1,5245.27,-37.128,-0.7078,115923000.0,120869000.0
000905.SH,2014-12-02,5277.66,5201.37,5278.65,5196.09,5208.14,69.518,1.3348,109407000.0,117628000.0
000905.SH,2014-12-03,5339.0,5284.57,5339.25,5245.36,5277.66,61.348,1.1624,152947000.0,164130000.0
000905.SH,2014-12-04,5451.96,5345.01,5452.33,5343.12,5339.0,112.957,2.1157,152122000.0,168985000.0
000905.SH,2014-12-05,5333.89,5462.76,5464.23,5185.35,5451.96,-118.07,-2.1656,172437000.0,192822000.0
000905.SH,2014-12-08,5412.67,5310.57,5435.79,5266.02,5333.89,78.782,1.477,152402000.0,173053000.0
000905.SH,2014-12-09,5195.41,5392.95,5465.09,5181.52,5412.67,-217.268,-4.0141,197609000.0,218571000.0
000905.SH,2014-12-10,5374.1,5184.02,5374.23,5151.0,5195.41,178.691,3.4394,131312000.0,143553000.0
000905.SH,2014-12-11,5454.44,5366.21,5454.92,5341.86,5374.1,80.346,1.4951,139870000.0,152239000.0
000905.SH,2014-12-12,5493.2,5457.23,5498.95,5437.65,5454.44,38.757,0.7106,116563000.0,128461000.0
000905.SH,2014-12-15,5583.6,5485.13,5588.85,5466.79,5493.2,90.397,1.6456,129681000.0,148825000.0
000905.SH,2014-12-16,5606.69,5590.27,5609.68,5548.96,5583.6,23.096,0.4136,125117000.0,144131000.0
000905.SH,2014-12-17,5557.29,5597.88,5597.88,5488.8,5606.69,-49.407,-0.8812,133135000.0,150578000.0
000905.SH,2014-12-18,5558.04,5551.04,5598.98,5543.4,5557.29,0.759,0.0137,107139000.0,123272000.0
000905.SH,2014-12-19,5524.12,5554.67,5558.18,5423.75,5558.04,-33.923,-0.6103,133387000.0,148956000.0
000905.SH,2014-12-22,5305.21,5523.66,5523.96,5279.96,5524.12,-218.913,-3.9629,151328000.0,161635000.0
000905.SH,2014-12-23,5193.72,5273.99,5316.72,5187.63,5305.21,-111.487,-2.1015,95282600.0,104442000.0
000905.SH,2014-12-24,5262.37,5212.07,5263.2,5197.72,5193.72,68.643,1.3217,86145700.0,95316700.0
000905.SH,2014-12-25,5364.56,5279.3,5365.07,5272.32,5262.37,102.198,1.9421,89766600.0,100095000.0
000905.SH,2014-12-26,5422.75,5370.33,5423.35,5359.53,5364.56,58.188,1.0847,105787000.0,119121000.0
000905.SH,2014-12-29,5367.64,5436.49,5436.49,5330.33,5422.75,-55.114,-1.0163,120696000.0,136057000.0
000905.SH,2014-12-30,5275.08,5357.39,5366.16,5261.62,5367.64,-92.552,-1.7243,98910300.0,114208000.0
000905.SH,2014-12-31,5322.71,5274.65,5322.71,5241.36,5275.08,47.629,0.9029,93682900.0,104486000.0
000905.SH,2015-01-05,5417.02,5338.75,5427.23,5314.34,5322.71,94.303,1.7717,128788000.0,139343000.0
000905.SH,2015-01-06,5479.86,5389.9,5482.12,5354.34,5417.02,62.847,1.1602,123754000.0,140328000.0
000905.SH,2015-01-07,5488.24,5471.4,5492.83,5436.92,5479.86,8.378,0.1529,96050500.0,111787000.0
000905.SH,2015-01-08,5444.04,5482.39,5497.74,5418.01,5488.24,-44.205,-0.8054,95634600.0,108521000.0
000905.SH,2015-01-09,5409.06,5424.5,5497.69,5409.06,5444.04,-34.979,-0.6425,90640800.0,105390000.0
000905.SH,2015-01-12,5332.22,5386.58,5386.58,5303.73,5409.06,-76.837,-1.4205,78026400.0,89363500.0
000905.SH,2015-01-13,5405.09,5333.97,5407.63,5333.97,5332.22,72.87,1.3666,68693800.0,84711100.0
000905.SH,2015-01-14,5379.74,5404.37,5417.8,5350.17,5405.09,-25.353,-0.4691,67086500.0,83215900.0
000905.SH,2015-01-15,5449.04,5380.45,5449.25,5380.34,5379.74,69.3,1.2882,67885500.0,81580600.0
000905.SH,2015-01-16,5520.12,5459.19,5520.79,5454.24,5449.04,71.085,1.3045,84506800.0,104672000.0
000905.SH,2015-01-19,5281.9,5359.47,5475.66,5222.04,5520.12,-238.228,-4.3156,105336000.0,121918000.0
000905.SH,2015-01-20,5472.51,5303.18,5472.74,5303.18,5281.9,190.619,3.6089,91938000.0,113837000.0
000905.SH,2015-01-21,5611.69,5490.84,5611.98,5490.53,5472.51,139.18,2.5433,110167000.0,137795000.0
000905.SH,2015-01-22,5690.16,5617.61,5690.43,5610.09,5611.69,78.462,1.3982,105413000.0,134778000.0
000905.SH,2015-01-23,5633.29,5697.84,5699.73,5611.07,5690.16,-56.867,-0.9994,99440300.0,124088000.0
000905.SH,2015-01-26,5758.98,5644.03,5759.37,5636.2,5633.29,125.69,2.2312,101299000.0,126016000.0
000905.SH,2015-01-27,5773.82,5767.74,5783.99,5670.43,5758.98,14.837,0.2576,114318000.0,139606000.0
000905.SH,2015-01-28,5739.92,5756.68,5798.57,5722.49,5773.82,-33.897,-0.5871,102386000.0,123833000.0
000905.SH,2015-01-29,5701.21,5692.39,5739.49,5670.5,5739.92,-38.714,-0.6745,84538600.0,102905000.0
000905.SH,2015-01-30,5632.73,5708.28,5735.93,5631.56,5701.21,-68.477,-1.2011,80593300.0,100021000.0
000905.SH,2015-02-02,5609.39,5568.44,5652.67,5539.52,5632.73,-23.339,-0.4143,71871900.0,87828900.0
000905.SH,2015-02-03,5707.48,5627.4,5708.28,5627.4,5609.39,98.087,1.7486,75432600.0,98565900.0
000905.SH,2015-02-04,5683.52,5720.98,5734.33,5680.83,5707.48,-23.957,-0.4197,80926700.0,104847000.0
000905.SH,2015-02-05,5654.22,5741.19,5745.14,5654.22,5683.52,-29.302,-0.5156,88324400.0,114977000.0
000905.SH,2015-02-06,5534.79,5640.02,5657.66,5510.76,5654.22,-119.432,-2.1123,76277600.0,95597100.0
000905.SH,2015-02-09,5504.97,5526.14,5551.9,5492.55,5534.79,-29.811,-0.5386,55873400.0,71258500.0
000905.SH,2015-02-10,5580.7,5502.73,5581.34,5500.54,5504.97,75.73,1.3757,54973800.0,72864200.0
000905.SH,2015-02-11,5641.79,5587.64,5642.3,5587.44,5580.7,61.082,1.0945,58059600.0,78478400.0
000905.SH,2015-02-12,5681.34,5647.55,5689.74,5640.86,5641.79,39.555,0.7011,62691800.0,86260900.0
000905.SH,2015-02-13,5769.27,5709.16,5789.38,5709.16,5681.34,87.931,1.5477,82306400.0,110777000.0
000905.SH,2015-02-16,5869.71,5786.15,5870.08,5786.04,5769.27,100.441,1.741,82305600.0,113009000.0
000905.SH,2015-02-17,5911.1,5888.87,5914.29,5877.95,5869.71,41.385,0.7051,80938900.0,107302000.0
000905.SH,2015-02-25,5906.54,5926.23,5952.71,5887.37,5911.1,-4.56,-0.0771,83550600.0,109966000.0
000905.SH,2015-02-26,5969.56,5903.26,5970.06,5897.71,5906.54,63.019,1.0669,90920700.0,113711000.0
000905.SH,2015-02-27,6018.46,5974.36,6025.12,5970.68,5969.56,48.906,0.8193,96560700.0,125337000.0
000905.SH,2015-03-02,6139.79,6064.82,6139.79,6039.25,6018.46,121.329,2.0159,127235000.0,168615000.0
000905.SH,2015-03-03,6118.66,6124.28,6199.5,6099.13,6139.79,-21.136,-0.3442,146953000.0,191869000.0
000905.SH,2015-03-04,6210.42,6114.69,6211.09,6114.21,6118.66,91.765,1.4998,119226000.0,159432000.0
000905.SH,2015-03-05,6208.99,6212.66,6217.79,6161.38,6210.42,-1.433,-0.0231,120959000.0,160069000.0
000905.SH,2015-03-06,6133.03,6214.33,6234.11,6129.62,6208.99,-75.962,-1.2234,109314000.0,143376000.0
000905.SH,2015-03-09,6212.24,6113.58,6212.57,6080.54,6133.03,79.21,1.2915,98702200.0,127801000.0
000905.SH,2015-03-10,6276.48,6214.52,6299.28,6205.92,6212.24,64.249,1.0342,102915000.0,135648000.0
000905.SH,2015-03-11,6262.89,6275.17,6281.19,6236.79,6276.48,-13.593,-0.2166,99462500.0,131495000.0
000905.SH,2015-03-12,6260.14,6273.69,6288.52,6220.63,6262.89,-2.755,-0.044,101821000.0,135323000.0
000905.SH,2015-03-13,6329.58,6271.82,6329.7,6271.82,6260.14,69.439,1.1092,95229800.0,127280000.0
000905.SH,2015-03-16,6516.77,6369.2,6517.03,6369.2,6329.58,187.189,2.9574,137058000.0,189424000.0
000905.SH,2015-03-17,6618.05,6547.39,6635.1,6525.83,6516.77,101.289,1.5543,172583000.0,235496000.0
000905.SH,2015-03-18,6728.07,6624.39,6728.51,6612.46,6618.05,110.014,1.6623,164616000.0,221265000.0
000905.SH,2015-03-19,6782.46,6733.12,6783.14,6687.44,6728.07,54.395,0.8085,166873000.0,226099000.0
000905.SH,2015-03-20,6850.9,6789.06,6862.38,6786.33,6782.46,68.434,1.009,152162000.0,218477000.0
000905.SH,2015-03-23,7017.15,6891.92,7017.48,6891.92,6850.9,166.257,2.4268,171778000.0,249561000.0
000905.SH,2015-03-24,7046.12,7042.93,7055.1,6801.54,7017.15,28.969,0.4128,197067000.0,287241000.0
000905.SH,2015-03-25,7124.87,7051.82,7170.83,7001.51,7046.12,78.749,1.1176,169575000.0,255698000.0
000905.SH,2015-03-26,7074.44,7104.04,7171.62,6995.65,7124.87,-50.435,-0.7079,163926000.0,246538000.0
000905.SH,2015-03-27,7155.94,7076.49,7167.37,7060.43,7074.44,81.508,1.1521,126461000.0,189864000.0
000905.SH,2015-03-30,7245.5,7180.06,7259.54,7180.06,7155.94,89.552,1.2514,163220000.0,238312000.0
000905.SH,2015-03-31,7253.1,7280.15,7328.85,7214.48,7245.5,7.607,0.105,169906000.0,253293000.0
000905.SH,2015-04-01,7425.73,7258.83,7430.94,7258.74,7253.1,172.629,2.3801,154919000.0,237481000.0
000905.SH,2015-04-02,7560.65,7463.91,7561.2,7447.12,7425.73,134.915,1.8169,167651000.0,260629000.0
000905.SH,2015-04-03,7679.01,7532.15,7682.72,7494.36,7560.65,118.362,1.5655,170124000.0,264305000.0
000905.SH,2015-04-07,7863.28,7728.91,7863.6,7728.8,7679.01,184.274,2.3997,180905000.0,286055000.0
000905.SH,2015-04-08,7808.0,7908.77,7920.98,7674.07,7863.28,-55.287,-0.7031,189496000.0,307712000.0
000905.SH,2015-04-09,7746.15,7818.2,7818.2,7483.28,7808.0,-61.846,-0.7921,182755000.0,291843000.0
000905.SH,2015-04-10,7952.19,7727.01,7971.62,7683.8,7746.15,206.038,2.6599,161503000.0,259673000.0
000905.SH,2015-04-13,8122.89,7994.25,8143.38,7977.0,7952.19,170.704,2.1466,178485000.0,297004000.0
000905.SH,2015-04-14,8119.96,8129.73,8192.24,8039.95,8122.89,-2.934,-0.0361,183190000.0,298146000.0
000905.SH,2015-04-15,7802.75,8093.13,8093.13,7786.93,8119.96,-317.212,-3.9066,167211000.0,266483000.0
000905.SH,2015-04-16,7912.09,7705.46,7976.12,7607.4,7802.75,109.341,1.4013,143246000.0,230085000.0
000905.SH,2015-04-17,7980.76,7979.35,8032.08,7925.74,7912.09,68.672,0.8679,191110000.0,299255000.0
000905.SH,2015-04-20,7839.9,7967.03,8051.47,7801.03,7980.76,-140.859,-1.765,214596000.0,330349000.0
000905.SH,2015-04-21,8112.69,7852.52,8113.02,7846.61,7839.9,272.786,3.4795,169810000.0,272448000.0
000905.SH,2015-04-22,8323.43,8180.12,8333.82,8179.3,8112.69,210.74,2.5977,199157000.0,318652000.0
000905.SH,2015-04-23,8410.7,8371.85,8447.92,8275.13,8323.43,87.276,1.0486,197995000.0,322874000.0
000905.SH,2015-04-24,8419.09,8321.33,8453.34,8256.2,8410.7,8.392,0.0998,183528000.0,304028000.0
000905.SH,2015-04-27,8513.02,8503.57,8576.48,8413.23,8419.09,93.921,1.1156,185686000.0,307314000.0
000905.SH,2015-04-28,8266.48,8533.67,8543.33,8187.15,8513.02,-246.533,-2.896,184258000.0,303637000.0
000905.SH,2015-04-29,8428.25,8248.32,8449.7,8204.73,8266.48,161.771,1.957,145075000.0,248414000.0
000905.SH,2015-04-30,8469.67,8460.39,8551.46,8458.6,8428.25,41.419,0.4914,146654000.0,252899000.0
000905.SH,2015-05-04,8510.48,8493.96,8532.65,8381.37,8469.67,40.808,0.4818,136205000.0,235269000.0
000905.SH,2015-05-05,8199.34,8501.12,8501.12,8160.66,8510.48,-311.137,-3.6559,144224000.0,237915000.0
000905.SH,2015-05-06,8083.0,8220.6,8359.3,8012.48,8199.34,-116.345,-1.419,129314000.0,219298000.0
000905.SH,2015-05-07,7903.48,8043.01,8076.23,7886.36,8083.0,-179.521,-2.221,112571000.0,179223000.0
000905.SH,2015-05-08,8201.29,7989.34,8201.8,7983.83,7903.48,297.815,3.7682,118888000.0,203154000.0
000905.SH,2015-05-11,8558.22,8292.62,8558.8,8242.1,8201.29,356.925,4.3521,148572000.0,268455000.0
000905.SH,2015-05-12,8745.68,8595.08,8746.21,8564.66,8558.22,187.46,2.1904,165849000.0,301032000.0
000905.SH,2015-05-13,8824.93,8719.58,8909.58,8643.43,8745.68,79.251,0.9062,174986000.0,317305000.0
000905.SH,2015-05-14,8813.39,8829.83,8878.47,8725.3,8824.93,-11.536,-0.1307,149018000.0,272168000.0
000905.SH,2015-05-15,8742.88,8790.01,8828.12,8626.23,8813.39,-70.508,-0.8,143714000.0,256825000.0
000905.SH,2015-05-18,8903.59,8725.41,8929.94,8698.9,8742.88,160.71,1.8382,140445000.0,255351000.0
000905.SH,2015-05-19,9124.83,8927.39,9125.51,8904.19,8903.59,221.238,2.4848,151755000.0,270858000.0
000905.SH,2015-05-20,9277.33,9176.03,9429.22,9173.4,9124.83,152.498,1.6712,190956000.0,341437000.0
000905.SH,2015-05-21,9619.22,9320.84,9620.09,9320.23,9277.33,341.892,3.6852,187178000.0,339920000.0
000905.SH,2015-05-22,9778.17,9756.53,9821.81,9547.42,9619.22,158.948,1.6524,222508000.0,408872000.0
000905.SH,2015-05-25,10040.1,9717.51,10040.7,9659.32,9778.17,261.919,2.6786,228464000.0,415725000.0
000905.SH,2015-05-26,10373.6,10117.7,10373.8,10046.2,10040.1,333.49,3.3216,238514000.0,454167000.0
000905.SH,2015-05-27,10497.3,10421.3,10539.8,10192.2,10373.6,123.76,1.193,232612000.0,448445000.0
000905.SH,2015-05-28,9868.42,10501.4,10637.9,9860.55,10497.3,-628.916,-5.9912,258094000.0,484526000.0
000905.SH,2015-05-29,9966.84,9846.39,10140.1,9433.09,9868.42,98.421,0.9973,198773000.0,365694000.0
000905.SH,2015-06-01,10488.3,10067.5,10488.9,10067.5,9966.84,521.465,5.232,186016000.0,352130000.0
000905.SH,2015-06-02,10886.4,10592.8,10887.9,10541.3,10488.3,398.09,3.7956,213234000.0,413213000.0
000905.SH,2015-06-03,10980.0,10974.0,11055.2,10674.1,10886.4,93.59,0.8597,209060000.0,422516000.0
000905.SH,2015-06-04,10965.4,10986.4,11023.3,10269.0,10980.0,-14.58,-0.1328,211460000.0,416106000.0
000905.SH,2015-06-05,11144.5,11117.4,11236.2,10887.2,10965.4,179.11,1.6334,248875000.0,484267000.0
000905.SH,2015-06-08,11030.9,11157.2,11157.2,10860.4,11144.5,-113.6,-1.0193,235631000.0,457819000.0
000905.SH,2015-06-09,11013.7,11009.9,11089.2,10861.6,11030.9,-17.18,-0.1557,185184000.0,365243000.0
000905.SH,2015-06-10,11208.1,10947.5,11319.9,10830.3,11013.7,194.318,1.7643,184590000.0,375121000.0
000905.SH,2015-06-11,11366.3,11220.1,11367.6,11156.0,11208.1,158.235,1.4118,190368000.0,381799000.0
000905.SH,2015-06-12,11545.9,11424.3,11616.4,11400.7,11366.3,179.598,1.5801,210656000.0,425433000.0
000905.SH,2015-06-15,11332.9,11590.0,11616.3,11304.0,11545.9,-212.999,-1.8448,205877000.0,425891000.0
000905.SH,2015-06-16,10879.8,11205.8,11205.8,10768.6,11332.9,-453.056,-3.9977,179504000.0,362990000.0
000905.SH,2015-06-17,11100.5,10865.4,11133.1,10497.7,10879.8,220.71,2.0286,160040000.0,321536000.0
000905.SH,2015-06-18,10731.4,11093.3,11178.3,10714.3,11100.5,-369.167,-3.3257,154352000.0,307393000.0
000905.SH,2015-06-19,9987.41,10475.9,10601.0,9968.99,10731.4,-743.971,-6.9327,137849000.0,260340000.0
000905.SH,2015-06-23,10046.9,9951.78,10074.8,9333.91,9987.41,59.4775,0.5955,141046000.0,255196000.0
000905.SH,2015-06-24,10267.6,10136.3,10271.2,9950.62,10046.9,220.742,2.1971,158209000.0,300643000.0
000905.SH,2015-06-25,9906.1,10298.6,10343.1,9771.89,10267.6,-361.523,-3.521,164073000.0,314829000.0
000905.SH,2015-06-26,9078.06,9571.55,9603.13,9059.36,9906.1,-828.039,-8.3589,145077000.0,247206000.0
000905.SH,2015-06-29,8484.64,9267.03,9281.17,8339.33,9078.06,-593.421,-6.5369,181653000.0,291294000.0
000905.SH,2015-06-30,8906.02,8302.18,8912.4,7882.33,8484.64,421.377,4.9663,195569000.0,306723000.0
000905.SH,2015-07-01,8411.91,8808.51,9103.09,8385.43,8906.02,-494.111,-5.5481,171297000.0,287642000.0
000905.SH,2015-07-02,7835.1,8369.49,8433.52,7787.1,8411.91,-576.806,-6.857,156974000.0,236428000.0
000905.SH,2015-07-03,7355.49,7530.27,7930.15,7249.31,7835.1,-479.612,-6.1213,156106000.0,211908000.0
000905.SH,2015-07-06,7236.0,7842.43,7842.43,6883.61,7355.49,-119.492,-1.6245,230754000.0,295173000.0
000905.SH,2015-07-07,6763.53,6977.55,7030.98,6763.12,7236.0,-472.473,-6.5295,114116000.0,130757000.0
000905.SH,2015-07-08,6602.37,6444.67,6702.28,6444.25,6763.53,-161.153,-2.3827,275341000.0,306333000.0
000905.SH,2015-07-09,6896.35,6525.12,6896.49,6525.12,6602.37,293.978,4.4526,95815700.0,113774000.0
000905.SH,2015-07-10,7244.78,7101.82,7245.33,7081.35,6896.35,348.433,5.0524,72141200.0,92427700.0
000905.SH,2015-07-13,7695.64,7563.38,7695.67,7502.55,7244.78,450.851,6.2231,124578000.0,174732000.0
000905.SH,2015-07-14,7859.06,7854.0,8076.19,7772.39,7695.64,163.422,2.1236,167384000.0,249878000.0
000905.SH,2015-07-15,7405.29,7836.08,7837.84,7391.96,7859.06,-453.763,-5.7738,164268000.0,231734000.0
000905.SH,2015-07-16,7578.76,7342.83,7729.7,7078.71,7405.29,173.464,2.3424,142013000.0,200520000.0
000905.SH,2015-07-17,7994.7,7629.78,8050.73,7620.16,7578.76,415.939,5.4882,139377000.0,208394000.0
000905.SH,2015-07-20,8116.5,8025.1,8250.4,7931.65,7994.7,121.799,1.5235,162132000.0,252543000.0
000905.SH,2015-07-21,8220.46,8011.9,8291.93,7937.63,8116.5,103.967,1.2809,143098000.0,222962000.0
000905.SH,2015-07-22,8320.24,8207.17,8354.38,8075.6,8220.46,99.7737,1.2137,161166000.0,250462000.0
000905.SH,2015-07-23,8551.99,8330.47,8585.8,8288.84,8320.24,231.755,2.7854,177495000.0,273745000.0
000905.SH,2015-07-24,8425.07,8580.65,8706.25,8348.42,8551.99,-126.917,-1.4841,196948000.0,319784000.0
000905.SH,2015-07-27,7794.18,8240.68,8493.35,7791.6,8425.07,-630.893,-7.4883,171740000.0,277808000.0
000905.SH,2015-07-28,7649.82,7514.15,7893.94,7261.61,7794.18,-144.361,-1.8522,180294000.0,265549000.0
000905.SH,2015-07-29,8022.8,7765.95,8024.58,7472.63,7649.82,372.976,4.8756,132745000.0,207023000.0
000905.SH,2015-07-30,7800.58,7979.57,8174.7,7766.46,8022.8,-222.216,-2.7698,141929000.0,228327000.0
000905.SH,2015-07-31,7727.06,7692.48,7876.65,7634.54,7800.58,-73.5191,-0.9425,107834000.0,169763000.0
000905.SH,2015-08-03,7540.21,7605.89,7658.17,7370.04,7727.06,-186.855,-2.4182,112365000.0,165122000.0
000905.SH,2015-08-04,7942.1,7548.03,7942.27,7532.83,7540.21,401.89,5.33,117180000.0,175497000.0
000905.SH,2015-08-05,7839.34,7933.32,8047.7,7773.92,7942.1,-102.758,-1.2938,120000000.0,186153000.0
000905.SH,2015-08-06,7792.03,7660.58,7891.56,7633.29,7839.34,-47.3097,-0.6035,90058300.0,137351000.0
000905.SH,2015-08-07,8013.32,7874.42,8015.37,7855.68,7792.03,221.291,2.84,109470000.0,170596000.0
000905.SH,2015-08-10,8394.09,8106.12,8437.92,8079.88,8013.32,380.767,4.7517,145317000.0,230800000.0
000905.SH,2015-08-11,8435.33,8402.32,8551.53,8356.52,8394.09,41.2409,0.4913,162435000.0,263075000.0
000905.SH,2015-08-12,8336.34,8342.61,8490.27,8320.05,8435.33,-98.9906,-1.1735,132681000.0,217932000.0
000905.SH,2015-08-13,8534.43,8287.77,8535.37,8237.89,8336.34,198.092,2.3763,133650000.0,216707000.0
000905.SH,2015-08-14,8625.24,8599.77,8717.07,8548.34,8534.43,90.8135,1.0641,160713000.0,262366000.0
000905.SH,2015-08-17,8820.46,8613.29,8820.98,8582.83,8625.24,195.214,2.2633,162013000.0,264347000.0
000905.SH,2015-08-18,8161.27,8842.16,8858.33,8140.91,8820.46,-659.188,-7.4734,184396000.0,295325000.0
000905.SH,2015-08-19,8340.98,7865.63,8404.94,7667.32,8161.27,179.714,2.202,162622000.0,247736000.0
000905.SH,2015-08-20,8049.51,8255.93,8376.67,8049.51,8340.98,-291.471,-3.4944,138314000.0,215502000.0
000905.SH,2015-08-21,7612.9,7884.3,8006.29,7583.7,8049.51,-436.609,-5.424,134561000.0,193790000.0
000905.SH,2015-08-24,7006.19,7255.29,7292.77,7003.66,7612.9,-606.714,-7.9695,92192200.0,123506000.0
000905.SH,2015-08-25,6481.41,6496.11,6666.81,6467.81,7006.19,-524.777,-7.4902,104162000.0,127803000.0
000905.SH,2015-08-26,6238.53,6470.0,6687.53,6165.11,6481.41,-242.886,-3.7474,149197000.0,178117000.0
000905.SH,2015-08-27,6456.05,6344.95,6457.86,6099.17,6238.53,217.529,3.4869,124932000.0,148108000.0
000905.SH,2015-08-28,6842.89,6554.76,6844.45,6512.7,6456.05,386.839,5.9919,142759000.0,178365000.0
000905.SH,2015-08-31,6581.31,6791.42,6791.42,6578.35,6842.89,-261.581,-3.8227,116259000.0,148297000.0
000905.SH,2015-09-01,6169.21,6507.88,6507.88,6161.03,6581.31,-412.105,-6.2618,98667900.0,112818000.0
000905.SH,2015-09-02,6122.55,5878.21,6314.29,5866.66,6169.21,-46.6539,-0.7562,115033000.0,130640000.0
000905.SH,2015-09-07,6143.56,6187.69,6379.2,6094.49,6122.55,21.0033,0.343,102447000.0,123125000.0
000905.SH,2015-09-08,6374.85,6096.01,6387.36,6014.57,6143.56,231.298,3.7649,85509800.0,99580900.0
000905.SH,2015-09-09,6551.01,6408.67,6609.94,6380.25,6374.85,176.152,2.7632,150098000.0,185118000.0
000905.SH,2015-09-10,6440.31,6434.53,6565.16,6407.12,6551.01,-110.698,-1.6898,106415000.0,129232000.0
000905.SH,2015-09-11,6493.32,6423.52,6523.19,6385.31,6440.31,53.0098,0.8231,92572000.0,113349000.0
000905.SH,2015-09-14,6049.79,6535.26,6554.38,6018.44,6493.32,-443.529,-6.8305,119114000.0,138102000.0
000905.SH,2015-09-15,5708.03,5886.27,5996.22,5689.97,6049.79,-341.76,-5.6491,93427400.0,97459800.0
000905.SH,2015-09-16,6084.84,5722.53,6107.37,5704.12,5708.03,376.807,6.6013,104953000.0,113350000.0
000905.SH,2015-09-17,5965.41,6057.87,6242.25,5965.41,6084.84,-119.428,-1.9627,127836000.0,145295000.0
000905.SH,2015-09-18,6036.88,6007.46,6073.55,5934.1,5965.41,71.4724,1.1981,83652100.0,94611600.0
000905.SH,2015-09-21,6250.44,5966.29,6251.62,5943.59,6036.88,213.558,3.5376,105434000.0,123113000.0
000905.SH,2015-09-22,6295.93,6264.06,6362.05,6215.57,6250.44,45.4865,0.7277,118690000.0,142489000.0
000905.SH,2015-09-23,6224.6,6192.33,6302.64,6162.97,6295.93,-71.3252,-1.1329,101247000.0,121883000.0
000905.SH,2015-09-24,6315.11,6250.09,6324.31,6227.39,6224.6,90.5095,1.4541,93290200.0,111995000.0
000905.SH,2015-09-25,6108.38,6294.2,6336.43,6064.72,6315.11,-206.734,-3.2736,98942000.0,115277000.0
000905.SH,2015-09-28,6219.69,6118.23,6221.01,6020.46,6108.38,111.315,1.8223,67737200.0,81183100.0
000905.SH,2015-09-29,6103.61,6114.48,6183.83,6065.85,6219.69,-116.086,-1.8664,68579500.0,81630200.0
000905.SH,2015-09-30,6123.73,6139.14,6165.75,6066.83,6103.61,20.1216,0.3297,56497700.0,69580000.0
000905.SH,2015-10-08,6372.49,6322.54,6409.74,6281.53,6123.73,248.765,4.0623,94907300.0,117653000.0
000905.SH,2015-10-09,6470.05,6369.75,6495.29,6353.04,6372.49,97.559,1.5309,99711700.0,122666000.0
000905.SH,2015-10-12,6718.72,6505.91,6788.4,6501.76,6470.05,248.671,3.8434,153620000.0,194873000.0
000905.SH,2015-10-13,6802.08,6672.66,6816.78,6650.61,6718.72,83.3548,1.2406,132978000.0,167009000.0
000905.SH,2015-10-14,6724.5,6772.46,6842.87,6709.35,6802.08,-77.5812,-1.1406,125882000.0,162533000.0
000905.SH,2015-10-15,6929.24,6694.07,6929.48,6694.07,6724.5,204.742,3.0447,131795000.0,176735000.0
000905.SH,2015-10-16,7047.56,6979.68,7052.14,6883.2,6929.24,118.323,1.7076,164510000.0,214656000.0
000905.SH,2015-10-19,7047.37,7072.36,7113.66,6951.8,7047.56,-0.1881,-0.0027,156008000.0,213220000.0
000905.SH,2015-10-20,7162.08,7033.2,7163.26,6996.56,7047.37,114.704,1.6276,138063000.0,191315000.0
000905.SH,2015-10-21,6712.74,7159.13,7186.54,6689.27,7162.08,-449.337,-6.2738,178169000.0,238182000.0
000905.SH,2015-10-22,6964.3,6708.21,6970.68,6700.62,6712.74,251.559,3.7475,135471000.0,184023000.0
000905.SH,2015-10-23,7138.23,7015.62,7169.37,6988.55,6964.3,173.937,2.4975,158899000.0,231326000.0
000905.SH,2015-10-26,7186.75,7223.15,7233.36,7088.57,7138.23,48.5204,0.6797,163305000.0,236116000.0
000905.SH,2015-10-27,7231.44,7123.08,7266.78,6900.44,7186.75,44.6814,0.6217,147441000.0,210782000.0
000905.SH,2015-10-28,7048.9,7179.99,7270.79,7019.61,7231.44,-182.541,-2.5243,132724000.0,194119000.0
000905.SH,2015-10-29,7108.97,7097.19,7185.21,7011.86,7048.9,60.0796,0.8523,110741000.0,162167000.0
000905.SH,2015-10-30,7084.97,7088.81,7185.52,6984.5,7108.97,-24.0042,-0.3377,110070000.0,164366000.0
000905.SH,2015-11-02,6936.43,6936.37,7137.05,6914.15,7084.97,-148.539,-2.0965,107204000.0,157873000.0
000905.SH,2015-11-03,6920.1,6956.89,6998.05,6860.44,6936.43,-16.3286,-0.2354,89105300.0,131476000.0
000905.SH,2015-11-04,7267.99,6953.87,7268.4,6953.87,6920.1,347.885,5.0272,139208000.0,203475000.0
000905.SH,2015-11-05,7276.45,7277.1,7364.51,7225.64,7267.99,8.4621,0.1164,185192000.0,268748000.0
000905.SH,2015-11-06,7446.85,7284.87,7456.24,7284.71,7276.45,170.397,2.3418,152693000.0,225629000.0
000905.SH,2015-11-09,7543.8,7415.76,7593.17,7350.86,7446.85,96.9543,1.302,177520000.0,269314000.0
000905.SH,2015-11-10,7575.01,7517.41,7633.01,7486.85,7543.8,31.207,0.4137,165738000.0,251903000.0
000905.SH,2015-11-11,7684.67,7589.66,7686.3,7556.37,7575.01,109.658,1.4476,152086000.0,227282000.0
000905.SH,2015-11-12,7682.45,7712.64,7739.65,7579.67,7684.67,-2.2143,-0.0288,162280000.0,254057000.0
000905.SH,2015-11-13,7567.11,7601.15,7665.14,7478.41,7682.45,-115.344,-1.5014,147559000.0,231879000.0
000905.SH,2015-11-16,7718.85,7438.4,7719.7,7431.74,7567.11,151.747,2.0053,116920000.0,187603000.0
000905.SH,2015-11-17,7650.38,7787.08,7820.02,7635.92,7718.85,-68.474,-0.8871,162751000.0,258977000.0
000905.SH,2015-11-18,7526.94,7655.33,7699.61,7504.99,7650.38,-123.439,-1.6135,125690000.0,191824000.0
000905.SH,2015-11-19,7718.62,7553.0,7719.52,7538.28,7526.94,191.68,2.5466,110520000.0,175807000.0
000905.SH,2015-11-20,7806.27,7741.68,7844.06,7720.16,7718.62,87.6435,1.1355,146076000.0,234537000.0
000905.SH,2015-11-23,7744.18,7816.85,7876.48,7710.05,7806.27,-62.0833,-0.7953,142383000.0,227604000.0
000905.SH,2015-11-24,7798.5,7739.09,7799.01,7635.78,7744.18,54.3153,0.7014,110259000.0,168541000.0
000905.SH,2015-11-25,7922.38,7803.29,7925.54,7795.16,7798.5,123.887,1.5886,124436000.0,206536000.0
000905.SH,2015-11-26,7874.08,7962.17,7974.74,7859.63,7922.38,-48.3044,-0.6097,140405000.0,229452000.0
000905.SH,2015-11-27,7376.12,7839.31,7852.0,7317.65,7874.08,-497.955,-6.324,152970000.0,234341000.0
000905.SH,2015-11-30,7408.4,7388.28,7467.47,7035.55,7376.12,32.2745,0.4376,129234000.0,196800000.0
000905.SH,2015-12-01,7443.95,7403.94,7519.94,7358.37,7408.4,35.5464,0.4798,113009000.0,173439000.0
000905.SH,2015-12-02,7405.86,7423.5,7444.22,7201.66,7443.95,-38.0856,-0.5116,102647000.0,149758000.0
000905.SH,2015-12-03,7570.51,7413.22,7571.45,7412.65,7405.86,164.648,2.2232,95329400.0,142964000.0
000905.SH,2015-12-04,7511.67,7533.61,7600.34,7464.28,7570.51,-58.8328,-0.7771,101363000.0,154876000.0
000905.SH,2015-12-07,7602.23,7526.22,7602.77,7476.19,7511.67,90.5527,1.2055,92881300.0,146830000.0
000905.SH,2015-12-08,7404.14,7555.46,7555.46,7398.56,7602.23,-198.086,-2.6056,94938800.0,147230000.0
000905.SH,2015-12-09,7374.27,7369.11,7431.04,7322.87,7404.14,-29.8678,-0.4034,83300000.0,132301000.0
000905.SH,2015-12-10,7350.21,7374.35,7437.71,7332.98,7374.27,-24.0644,-0.3263,78990400.0,129507000.0
000905.SH,2015-12-11,7290.7,7320.16,7347.36,7253.84,7350.21,-59.5081,-0.8096,72132300.0,111880000.0
000905.SH,2015-12-14,7441.03,7224.81,7441.76,7210.41,7290.7,150.328,2.0619,79957300.0,119229000.0
000905.SH,2015-12-15,7498.18,7448.71,7534.22,7447.11,7441.03,57.1512,0.7681,86021500.0,134208000.0
000905.SH,2015-12-16,7529.4,7522.73,7574.65,7503.09,7498.18,31.2215,0.4164,85351200.0,138083000.0
000905.SH,2015-12-17,7716.25,7570.67,7716.48,7570.67,7529.4,186.843,2.4815,130055000.0,199821000.0
000905.SH,2015-12-18,7699.37,7708.34,7746.51,7650.56,7716.25,-16.876,-0.2187,114417000.0,183995000.0
000905.SH,2015-12-21,7788.56,7698.44,7798.08,7692.1,7699.37,89.194,1.1585,115015000.0,180730000.0
000905.SH,2015-12-22,7856.61,7811.0,7856.95,7752.7,7788.56,68.0441,0.8736,111593000.0,175827000.0
000905.SH,2015-12-23,7773.28,7859.13,7881.29,7756.33,7856.61,-83.3256,-1.0606,118166000.0,186904000.0
000905.SH,2015-12-24,7753.04,7760.38,7778.94,7635.78,7773.28,-20.2458,-0.2605,91509300.0,141331000.0
000905.SH,2015-12-25,7792.12,7759.84,7805.05,7738.87,7753.04,39.0877,0.5042,81253500.0,128807000.0
000905.SH,2015-12-28,7603.36,7815.38,7837.63,7603.36,7792.12,-188.764,-2.4225,109814000.0,170494000.0
000905.SH,2015-12-29,7674.39,7591.71,7675.31,7545.35,7603.36,71.0272,0.9342,77292500.0,120874000.0
000905.SH,2015-12-30,7741.05,7693.02,7747.35,7664.28,7674.39,66.6591,0.8686,85533200.0,139407000.0
000905.SH,2015-12-31,7617.69,7745.64,7763.3,7617.39,7741.05,-123.358,-1.5936,79781500.0,132287000.0
000905.SH,2016-01-04,6983.4,7615.51,7624.1,6983.29,7617.69,-634.285,-8.3265,78015000.0,115089000.0
000905.SH,2016-01-05,6889.74,6663.73,7020.54,6627.64,6983.4,-93.663,-1.3412,113428000.0,156717000.0
000905.SH,2016-01-06,7065.61,6916.53,7066.08,6878.65,6889.74,175.865,2.5526,100930000.0,136351000.0
000905.SH,2016-01-07,6462.24,6937.42,6937.42,6454.97,7065.61,-603.364,-8.5395,28426700.0,34781500.0
000905.SH,2016-01-08,6570.43,6618.08,6689.14,6222.59,6462.24,108.189,1.6742,111130000.0,138934000.0
000905.SH,2016-01-11,6128.66,6435.89,6529.88,6128.22,6570.43,-441.776,-6.7237,115601000.0,133120000.0
000905.SH,2016-01-12,6136.66,6126.67,6205.59,5994.64,6128.66,8.0074,0.1307,91905200.0,105727000.0
000905.SH,2016-01-13,5924.04,6168.99,6226.54,5924.04,6136.66,-212.619,-3.4647,86123400.0,98456700.0
000905.SH,2016-01-14,6124.82,5734.61,6137.51,5726.88,5924.04,200.776,3.3892,92251400.0,104255000.0
000905.SH,2016-01-15,5893.68,6078.62,6135.27,5852.24,6124.82,-231.139,-3.7738,88630500.0,102277000.0
000905.SH,2016-01-18,5978.91,5768.76,6051.18,5765.15,5893.68,85.2261,1.4461,72469800.0,86980300.0
000905.SH,2016-01-19,6197.09,5965.35,6203.4,5956.23,5978.91,218.187,3.6493,87981000.0,106186000.0
000905.SH,2016-01-20,6138.5,6161.23,6244.96,6095.72,6197.09,-58.5916,-0.9455,91947500.0,113395000.0
000905.SH,2016-01-21,5886.88,6031.17,6191.32,5886.88,6138.5,-251.62,-4.099,81882800.0,100555000.0
000905.SH,2016-01-22,5980.61,5954.36,6013.97,5799.71,5886.88,93.7276,1.5921,69830700.0,84429400.0
000905.SH,2016-01-25,6041.33,6034.08,6093.27,5976.34,5980.61,60.715,1.0152,65308500.0,78677700.0
000905.SH,2016-01-26,5589.31,5966.71,5982.5,5573.83,6041.33,-452.019,-7.4821,85443900.0,98104100.0
000905.SH,2016-01-27,5514.19,5604.17,5628.19,5240.65,5589.31,-75.1183,-1.344,87924100.0,95354900.0
000905.SH,2016-01-28,5271.23,5441.74,5511.32,5257.08,5514.19,-242.956,-4.406,67338100.0,73152700.0
000905.SH,2016-01-29,5469.13,5262.46,5515.49,5248.21,5271.23,197.893,3.7542,72359100.0,78303700.0
000905.SH,2016-02-01,5399.48,5458.6,5493.98,5319.7,5469.13,-69.6483,-1.2735,64716100.0,70863300.0
000905.SH,2016-02-02,5586.63,5407.71,5594.36,5407.67,5399.48,187.15,3.4661,66572000.0,75674200.0
000905.SH,2016-02-03,5610.17,5520.64,5634.92,5482.22,5586.63,23.5468,0.4215,63280700.0,70624900.0
000905.SH,2016-02-04,5721.49,5631.32,5744.02,5631.32,5610.17,111.312,1.9841,71084000.0,83226200.0
000905.SH,2016-02-05,5664.2,5734.48,5747.98,5662.44,5721.49,-57.2882,-1.0013,56075500.0,65322000.0
000905.SH,2016-02-15,5668.04,5485.72,5700.52,5482.8,5664.2,3.8427,0.0678,53631300.0,63351300.0
000905.SH,2016-02-16,5902.53,5694.75,5918.59,5694.75,5668.04,234.494,4.1371,82877100.0,98534900.0
000905.SH,2016-02-17,5971.41,5889.5,5979.41,5854.22,5902.53,68.8782,1.1669,90582500.0,107857000.0
000905.SH,2016-02-18,5957.13,6009.75,6034.85,5945.2,5971.41,-14.2818,-0.2392,93714800.0,110110000.0
000905.SH,2016-02-19,5979.52,5939.7,6009.72,5919.68,5957.13,22.3859,0.3758,70380500.0,86849100.0
000905.SH,2016-02-22,6103.72,6055.68,6111.69,6029.46,5979.52,124.206,2.0772,94320500.0,110802000.0
000905.SH,2016-02-23,6070.5,6102.51,6118.64,5982.21,6103.72,-33.2227,-0.5443,87874900.0,106557000.0
000905.SH,2016-02-24,6111.04,6041.75,6116.25,5975.14,6070.5,40.5429,0.6679,89819600.0,111114000.0
000905.SH,2016-02-25,5626.05,6097.42,6097.54,5604.1,6111.04,-484.991,-7.9363,110669000.0,129597000.0
000905.SH,2016-02-26,5648.94,5668.33,5701.05,5517.63,5626.05,22.8854,0.4068,79857900.0,91756300.0
000905.SH,2016-02-29,5350.43,5618.51,5618.51,5286.34,5648.94,-298.504,-5.2842,86703200.0,93375900.0
000905.SH,2016-03-01,5473.63,5361.79,5504.75,5294.54,5350.43,123.201,2.3026,80803600.0,87222600.0
000905.SH,2016-03-02,5753.15,5464.73,5763.8,5462.74,5473.63,279.513,5.1065,110672000.0,117963000.0
000905.SH,2016-03-03,5776.98,5757.36,5872.92,5745.62,5753.15,23.8288,0.4142,128527000.0,136299000.0
000905.SH,2016-03-04,5621.56,5755.12,5805.41,5542.98,5776.98,-155.416,-2.6903,108830000.0,117455000.0
000905.SH,2016-03-07,5752.55,5686.69,5788.47,5681.85,5621.56,130.987,2.3301,87170600.0,94467300.0
000905.SH,2016-03-08,5764.33,5751.39,5764.33,5538.15,5752.55,11.7771,0.2047,98149700.0,106369000.0
000905.SH,2016-03-09,5617.04,5627.14,5709.52,5583.07,5764.33,-147.288,-2.5552,72615300.0,80804900.0
000905.SH,2016-03-10,5521.95,5617.42,5657.26,5517.02,5617.04,-95.0896,-1.6929,59559400.0,67298100.0
000905.SH,2016-03-11,5508.98,5460.54,5545.34,5433.32,5521.95,-12.9662,-0.2348,49800000.0,55450000.0
000905.SH,2016-03-14,5690.59,5568.46,5748.33,5568.46,5508.98,181.609,3.2966,79997400.0,95153500.0
000905.SH,2016-03-15,5639.8,5672.75,5701.57,5609.0,5690.59,-50.7892,-0.8925,66268900.0,82607000.0
000905.SH,2016-03-16,5562.8,5662.44,5689.28,5531.33,5639.8,-76.9975,-1.3653,57487300.0,69543000.0
000905.SH,2016-03-17,5745.98,5589.22,5759.54,5579.73,5562.8,183.171,3.2928,84575800.0,106178000.0
000905.SH,2016-03-18,5949.26,5774.3,5967.46,5768.91,5745.98,203.288,3.5379,125160000.0,157756000.0
000905.SH,2016-03-21,6099.48,6016.69,6100.03,6001.32,5949.26,150.217,2.525,131826000.0,166761000.0
000905.SH,2016-03-22,6075.49,6045.84,6130.26,6013.05,6099.48,-23.9883,-0.3933,107722000.0,139916000.0
000905.SH,2016-03-23,6118.97,6054.22,6119.31,6031.27,6075.49,43.4742,0.7156,89661300.0,118559000.0
000905.SH,2016-03-24,6018.42,6062.76,6127.51,6008.54,6118.97,-100.542,-1.6431,101440000.0,134876000.0
000905.SH,2016-03-25,6077.43,6006.67,6081.09,5996.54,6018.42,59.007,0.9804,78231300.0,103215000.0
000905.SH,2016-03-28,6037.78,6114.77,6167.24,6017.49,6077.43,-39.653,-0.6525,93782300.0,124278000.0
000905.SH,2016-03-29,5921.87,6029.94,6041.38,5875.07,6037.78,-115.911,-1.9198,79004000.0,99950100.0
000905.SH,2016-03-30,6137.5,5981.42,6137.79,5981.42,5921.87,215.636,3.6414,88061300.0,116511000.0
000905.SH,2016-03-31,6155.81,6164.28,6211.14,6133.6,6137.5,18.3104,0.2983,94915700.0,130216000.0
000905.SH,2016-04-01,6124.53,6129.72,6157.74,6022.97,6155.81,-31.286,-0.5082,85219500.0,109236000.0
000905.SH,2016-04-05,6286.58,6136.69,6293.47,6117.18,6124.53,162.055,2.646,105543000.0,137360000.0
000905.SH,2016-04-06,6323.43,6262.6,6324.2,6243.11,6286.58,36.8516,0.5862,104675000.0,139410000.0
000905.SH,2016-04-07,6228.97,6344.37,6355.33,6228.97,6323.43,-94.4605,-1.4938,109927000.0,145352000.0
000905.SH,2016-04-08,6168.74,6176.86,6199.15,6087.1,6228.97,-60.2318,-0.967,88670200.0,117274000.0
000905.SH,2016-04-11,6304.3,6226.38,6334.54,6226.38,6168.74,135.559,2.1975,102200000.0,136135000.0
000905.SH,2016-04-12,6252.77,6299.47,6316.25,6182.82,6304.3,-51.5275,-0.8173,87061800.0,118671000.0
000905.SH,2016-04-13,6344.23,6292.57,6421.73,6292.57,6252.77,91.4526,1.4626,132990000.0,168482000.0
000905.SH,2016-04-14,6401.85,6375.49,6402.51,6324.46,6344.23,57.629,0.9084,99088200.0,126152000.0
000905.SH,2016-04-15,6384.35,6403.25,6414.79,6345.55,6401.85,-17.5049,-0.2734,82798100.0,108425000.0
000905.SH,2016-04-18,6281.2,6343.7,6343.7,6241.98,6384.35,-103.147,-1.6156,80400500.0,106856000.0
000905.SH,2016-04-19,6308.23,6314.58,6334.9,6262.61,6281.2,27.0266,0.4303,69438700.0,94250900.0
000905.SH,2016-04-20,6022.21,6331.87,6344.78,5923.43,6308.23,-286.016,-4.534,117325000.0,151257000.0
000905.SH,2016-04-21,5970.68,6000.3,6085.94,5960.5,6022.21,-51.5306,-0.8557,84808600.0,106422000.0
000905.SH,2016-04-22,6011.32,5930.53,6011.46,5915.31,5970.68,40.6381,0.6806,62323800.0,80109600.0
000905.SH,2016-04-25,5978.08,5997.21,5997.22,5897.73,6011.32,-33.2429,-0.553,57034300.0,73555800.0
000905.SH,2016-04-26,6046.77,5971.81,6047.06,5958.4,5978.08,68.6962,1.1491,56055300.0,73373200.0
000905.SH,2016-04-27,6016.7,6051.44,6086.36,6005.16,6046.77,-30.0744,-0.4974,60731600.0,80741700.0
000905.SH,2016-04-28,5990.33,6014.13,6027.2,5888.06,6016.7,-26.3705,-0.4383,60430700.0,79016000.0
000905.SH,2016-04-29,5985.59,5963.91,6018.27,5953.13,5990.33,-4.7345,-0.079,49704200.0,66777700.0
000905.SH,2016-05-03,6167.45,5991.83,6167.8,5960.94,5985.59,181.86,3.0383,75831100.0,103426000.0
000905.SH,2016-05-04,6169.78,6144.57,6213.19,6136.3,6167.45,2.3289,0.0378,74555700.0,105223000.0
000905.SH,2016-05-05,6203.82,6159.73,6206.53,6133.38,6169.78,34.034,0.5516,64559000.0,91831300.0
000905.SH,2016-05-06,5961.49,6208.44,6226.88,5961.46,6203.82,-242.328,-3.9061,98056900.0,130810000.0
000905.SH,2016-05-09,5743.65,5910.12,5910.12,5714.12,5961.49,-217.842,-3.6541,78233400.0,96970000.0
000905.SH,2016-05-10,5738.9,5728.11,5766.16,5697.09,5743.65,-4.7512,-0.0827,52657700.0,66883100.0
000905.SH,2016-05-11,5723.41,5770.35,5806.47,5700.1,5738.9,-15.4857,-0.2698,58011100.0,76234400.0
000905.SH,2016-05-12,5726.46,5647.07,5727.58,5559.69,5723.41,3.0451,0.0532,58215800.0,74358100.0
000905.SH,2016-05-13,5714.31,5708.63,5779.89,5677.94,5726.46,-12.1448,-0.2121,53076700.0,70802800.0
000905.SH,2016-05-16,5812.54,5692.6,5813.04,5665.21,5714.31,98.2316,1.719,57960900.0,76918600.0
000905.SH,2016-05-17,5790.34,5814.1,5853.61,5763.51,5812.54,-22.2007,-0.3819,65260100.0,88432100.0
000905.SH,2016-05-18,5631.19,5743.03,5743.03,5563.06,5790.34,-159.149,-2.7485,63704900.0,79484200.0
000905.SH,2016-05-19,5666.73,5628.73,5729.4,5628.65,5631.19,35.5404,0.6311,56438900.0,76915700.0
000905.SH,2016-05-20,5732.9,5619.94,5733.25,5600.49,5666.73,66.1687,1.1677,55936100.0,76729400.0
000905.SH,2016-05-23,5809.48,5752.15,5811.68,5752.08,5732.9,76.5743,1.3357,62777800.0,85829100.0
000905.SH,2016-05-24,5743.18,5800.0,5800.17,5701.66,5809.48,-66.2979,-1.1412,57956400.0,76372600.0
000905.SH,2016-05-25,5715.18,5780.27,5803.98,5691.61,5743.18,-27.9948,-0.4874,53303000.0,74090900.0
000905.SH,2016-05-26,5744.39,5705.07,5744.85,5598.66,5715.18,29.2042,0.511,59665700.0,79416800.0
000905.SH,2016-05-27,5739.59,5728.9,5780.07,5712.48,5744.39,-4.7979,-0.0835,59984700.0,80771700.0
000905.SH,2016-05-30,5711.32,5706.0,5764.76,5655.64,5739.59,-28.2745,-0.4926,48888000.0,65125800.0
000905.SH,2016-05-31,5947.32,5721.83,5947.43,5721.83,5711.32,236.007,4.1323,95238100.0,123903000.0
000905.SH,2016-06-01,5973.78,5957.18,6013.9,5949.64,5947.32,26.4575,0.4449,94514000.0,130684000.0
000905.SH,2016-06-02,6013.89,5961.72,6014.61,5955.35,5973.78,40.1143,0.6715,81245300.0,108782000.0
000905.SH,2016-06-03,6032.6,6016.95,6062.14,5992.32,6013.89,18.7088,0.3111,84843500.0,117599000.0
000905.SH,2016-06-06,6051.86,6051.95,6067.47,6008.93,6032.6,19.2565,0.3192,73552800.0,102119000.0
000905.SH,2016-06-07,6045.36,6048.32,6052.05,6010.35,6051.86,-6.5024,-0.1074,69598300.0,95045400.0
000905.SH,2016-06-08,6023.88,6037.41,6058.18,5972.74,6045.36,-21.4795,-0.3553,73498200.0,102106000.0
000905.SH,2016-06-13,5746.44,5943.73,5992.33,5746.0,6023.88,-277.434,-4.6056,87139900.0,117810000.0
000905.SH,2016-06-14,5762.76,5723.99,5778.85,5700.52,5746.44,16.3174,0.284,62032700.0,81369900.0
000905.SH,2016-06-15,5952.85,5701.39,5972.85,5692.81,5762.76,190.085,3.2985,90878600.0,122435000.0
000905.SH,2016-06-16,5930.55,5945.49,5979.12,5909.69,5952.85,-22.3006,-0.3746,96031500.0,133397000.0
000905.SH,2016-06-17,5964.27,5937.32,6002.62,5918.19,5930.55,33.727,0.5687,89066800.0,118152000.0
000905.SH,2016-06-20,5985.57,5965.82,5995.0,5908.48,5964.27,21.2967,0.3571,74530100.0,100492000.0
000905.SH,2016-06-21,5916.8,6023.92,6053.41,5888.36,5985.57,-68.7659,-1.1489,88140700.0,118731000.0
000905.SH,2016-06-22,6008.89,5901.15,6009.06,5895.91,5916.8,92.0825,1.5563,72417100.0,93026500.0
000905.SH,2016-06-23,5978.17,5998.67,6015.18,5933.68,6008.89,-30.712,-0.5111,77979600.0,103604000.0
000905.SH,2016-06-24,5903.62,5967.52,6011.37,5748.84,5978.17,-74.5535,-1.2471,98419900.0,125508000.0
000905.SH,2016-06-27,6044.22,5864.73,6044.32,5864.61,5903.62,140.599,2.3816,84047900.0,111586000.0
000905.SH,2016-06-28,6107.51,6018.91,6111.07,6012.05,6044.22,63.2914,1.0471,94952700.0,127683000.0
000905.SH,2016-06-29,6120.2,6130.58,6145.0,6100.08,6107.51,12.6916,0.2078,93055200.0,121775000.0
000905.SH,2016-06-30,6123.49,6127.99,6143.23,6090.9,6120.2,3.2918,0.0538,77299700.0,103443000.0
000905.SH,2016-07-01,6111.54,6133.72,6163.43,6095.85,6123.49,-11.9554,-0.1952,73814400.0,96454300.0
000905.SH,2016-07-04,6231.88,6079.58,6240.6,6078.63,6111.54,120.343,1.9691,100078000.0,125653000.0
000905.SH,2016-07-05,6269.5,6244.39,6276.82,6226.3,6231.88,37.6235,0.6037,107929000.0,136875000.0
000905.SH,2016-07-06,6297.4,6250.49,6299.73,6231.54,6269.5,27.8923,0.4449,95069600.0,121876000.0
000905.SH,2016-07-07,6319.79,6291.06,6342.43,6256.27,6297.4,22.3957,0.3556,112454000.0,151626000.0
000905.SH,2016-07-08,6299.85,6308.06,6337.07,6276.83,6319.79,-19.9393,-0.3155,88064700.0,116856000.0
000905.SH,2016-07-11,6312.5,6320.06,6387.07,6306.13,6299.85,12.6455,0.2007,103663000.0,139771000.0
000905.SH,2016-07-12,6395.15,6309.82,6395.44,6248.93,6312.5,82.646,1.3092,116874000.0,148469000.0
000905.SH,2016-07-13,6446.56,6413.81,6456.77,6392.4,6395.15,51.4186,0.804,112122000.0,143467000.0
000905.SH,2016-07-14,6455.58,6437.28,6458.29,6410.4,6446.56,9.0193,0.1399,95271600.0,124877000.0
000905.SH,2016-07-15,6441.02,6459.63,6469.05,6409.8,6455.58,-14.5668,-0.2256,93192900.0,120338000.0
000905.SH,2016-07-18,6412.07,6426.86,6455.46,6379.06,6441.02,-28.9428,-0.4494,89330600.0,116300000.0
000905.SH,2016-07-19,6431.94,6407.03,6431.94,6355.48,6412.07,19.8652,0.3098,80961900.0,109308000.0
000905.SH,2016-07-20,6417.92,6429.69,6454.18,6404.15,6431.94,-14.016,-0.2179,74820300.0,101445000.0
000905.SH,2016-07-21,6442.71,6414.8,6487.02,6405.6,6417.92,24.787,0.3862,87437900.0,117364000.0
000905.SH,2016-07-22,6390.93,6437.88,6448.37,6385.25,6442.71,-51.7839,-0.8038,86445500.0,114815000.0
000905.SH,2016-07-25,6408.78,6383.56,6441.32,6374.26,6390.93,17.8577,0.2794,81090000.0,105671000.0
000905.SH,2016-07-26,6494.47,6410.82,6494.74,6410.82,6408.78,85.6912,1.3371,81556600.0,103167000.0
000905.SH,2016-07-27,6229.29,6499.34,6515.88,6154.46,6494.47,-265.186,-4.0833,138528000.0,174673000.0
000905.SH,2016-07-28,6243.29,6220.92,6273.38,6148.86,6229.29,13.9998,0.2247,91318700.0,114439000.0
000905.SH,2016-07-29,6202.89,6239.85,6259.2,6183.16,6243.29,-40.396,-0.647,72681300.0,90326600.0
000905.SH,2016-08-01,6109.28,6179.2,6179.2,6046.4,6202.89,-93.6141,-1.5092,72910200.0,87691600.0
000905.SH,2016-08-02,6168.51,6100.75,6168.68,6099.25,6109.28,59.2306,0.9695,55805100.0,66288100.0
000905.SH,2016-08-03,6198.39,6154.47,6203.61,6140.83,6168.51,29.8797,0.4844,68687000.0,80885100.0
000905.SH,2016-08-04,6238.23,6194.2,6245.3,6174.24,6198.39,39.8424,0.6428,70556400.0,84228200.0
000905.SH,2016-08-05,6203.29,6231.53,6251.4,6202.86,6238.23,-34.9437,-0.5602,67543400.0,81408200.0
000905.SH,2016-08-08,6290.76,6191.65,6290.9,6152.58,6203.29,87.469,1.41,77047900.0,87087700.0
000905.SH,2016-08-09,6341.55,6283.29,6341.72,6281.07,6290.76,50.7935,0.8074,78165100.0,92794700.0
000905.SH,2016-08-10,6318.27,6336.54,6366.09,6314.51,6341.55,-23.2816,-0.3671,77197400.0,91373000.0
000905.SH,2016-08-11,6226.31,6304.78,6318.98,6226.31,6318.27,-91.9552,-1.4554,70684500.0,84068500.0
000905.SH,2016-08-12,6299.09,6218.35,6299.09,6204.96,6226.31,72.7786,1.1689,68635500.0,77608900.0
000905.SH,2016-08-15,6442.53,6309.41,6451.93,6289.72,6299.09,143.436,2.2771,117981000.0,136189000.0
000905.SH,2016-08-16,6468.89,6449.91,6488.7,6446.24,6442.53,26.3674,0.4093,109713000.0,130365000.0
000905.SH,2016-08-17,6488.36,6462.05,6502.14,6437.26,6468.89,19.4702,0.301,95788500.0,110222000.0
000905.SH,2016-08-18,6490.41,6485.93,6527.2,6466.4,6488.36,2.0432,0.0315,110416000.0,120248000.0
000905.SH,2016-08-19,6499.55,6485.72,6516.98,6451.61,6490.41,9.1468,0.1409,91827100.0,100808000.0
000905.SH,2016-08-22,6420.35,6499.75,6508.8,6419.56,6499.55,-79.2004,-1.2186,92369200.0,101908000.0
000905.SH,2016-08-23,6428.7,6414.98,6448.54,6380.92,6420.35,8.3434,0.13,80573000.0,86882100.0
000905.SH,2016-08-24,6435.06,6432.88,6466.63,6415.7,6428.7,6.3608,0.0989,73862300.0,83336100.0
000905.SH,2016-08-25,6382.57,6398.56,6398.56,6312.65,6435.06,-52.4882,-0.8157,79722400.0,90859900.0
000905.SH,2016-08-26,6410.73,6395.77,6460.87,6395.73,6382.57,28.1631,0.4413,74785800.0,88200800.0
000905.SH,2016-08-29,6427.53,6409.12,6442.4,6398.78,6410.73,16.7956,0.262,68956600.0,82355600.0
000905.SH,2016-08-30,6425.75,6428.97,6459.71,6413.71,6427.53,-1.7748,-0.0276,61588400.0,74080600.0
000905.SH,2016-08-31,6434.21,6422.8,6441.11,6390.7,6425.75,8.456,0.1316,65277000.0,75033500.0
000905.SH,2016-09-01,6381.48,6434.26,6445.43,6380.9,6434.21,-52.7348,-0.8196,71886100.0,81004500.0
000905.SH,2016-09-02,6356.95,6371.49,6403.57,6320.48,6381.48,-24.5217,-0.3843,67507000.0,78519500.0
000905.SH,2016-09-05,6391.79,6372.62,6419.75,6372.62,6356.95,34.8385,0.548,65434600.0,76419200.0
000905.SH,2016-09-06,6492.97,6392.61,6493.35,6345.69,6391.79,101.18,1.583,86826100.0,104829000.0
000905.SH,2016-09-07,6494.32,6490.33,6529.81,6483.09,6492.97,1.3437,0.0207,93190200.0,109431000.0
000905.SH,2016-09-08,6517.98,6489.62,6518.33,6478.65,6494.32,23.6676,0.3644,72464100.0,87823600.0
000905.SH,2016-09-09,6471.05,6518.68,6539.35,6470.9,6517.98,-46.9305,-0.72,78672500.0,95311300.0
000905.SH,2016-09-12,6291.64,6362.77,6383.84,6283.82,6471.05,-179.417,-2.7726,90041800.0,104743000.0
000905.SH,2016-09-13,6320.03,6324.74,6340.87,6284.04,6291.64,28.3951,0.4513,68636700.0,81512900.0
000905.SH,2016-09-14,6278.16,6286.62,6318.27,6260.65,6320.03,-41.8735,-0.6626,58319700.0,69112400.0
000905.SH,2016-09-19,6344.18,6292.81,6344.45,6292.81,6278.16,66.023,1.0516,54978800.0,63813900.0
000905.SH,2016-09-20,6342.03,6344.71,6346.93,6319.76,6344.18,-2.1482,-0.0339,54505600.0,62742000.0
000905.SH,2016-09-21,6343.75,6342.0,6363.0,6335.39,6342.03,1.7213,0.0271,50290300.0,60152100.0
000905.SH,2016-09-22,6385.64,6381.16,6410.57,6377.17,6343.75,41.8812,0.6602,62971600.0,73959500.0
000905.SH,2016-09-23,6370.58,6397.33,6402.64,6369.22,6385.64,-15.0519,-0.2357,62578300.0,72046500.0
000905.SH,2016-09-26,6241.52,6363.93,6364.21,6239.87,6370.58,-129.068,-2.026,72106700.0,80920800.0
000905.SH,2016-09-27,6286.91,6229.82,6287.34,6200.57,6241.52,45.3936,0.7273,56400500.0,63613800.0
000905.SH,2016-09-28,6281.28,6300.85,6300.85,6266.75,6286.91,-5.6255,-0.0895,49163300.0,55558000.0
000905.SH,2016-09-29,6298.79,6288.92,6323.42,6288.92,6281.28,17.5073,0.2787,50691600.0,58112800.0
000905.SH,2016-09-30,6328.09,6292.08,6338.3,6289.47,6298.79,29.2945,0.4651,44965100.0,52590600.0
000905.SH,2016-10-10,6447.69,6364.52,6447.94,6345.33,6328.09,119.608,1.8901,72724000.0,87775600.0
000905.SH,2016-10-11,6486.43,6451.04,6486.65,6443.75,6447.69,38.732,0.6007,78850900.0,89907700.0
000905.SH,2016-10-12,6482.74,6463.81,6484.0,6452.41,6486.43,-3.6875,-0.0568,67718500.0,77595800.0
000905.SH,2016-10-13,6484.83,6480.93,6501.56,6468.13,6482.74,2.0931,0.0323,68471600.0,78494100.0
000905.SH,2016-10-14,6469.49,6476.26,6477.85,6423.58,6484.83,-15.3395,-0.2365,65860100.0,75444300.0
000905.SH,2016-10-17,6413.15,6478.51,6487.67,6394.49,6469.49,-56.3428,-0.8709,71704800.0,83743600.0
000905.SH,2016-10-18,6509.28,6409.74,6509.28,6409.74,6413.15,96.1334,1.499,73698500.0,86044500.0
000905.SH,2016-10-19,6495.26,6518.74,6531.16,6476.56,6509.28,-14.0247,-0.2155,75048800.0,87277000.0
000905.SH,2016-10-20,6498.24,6495.83,6506.58,6474.78,6495.26,2.9801,0.0459,65574900.0,75634600.0
000905.SH,2016-10-21,6475.28,6498.99,6506.61,6424.44,6498.24,-22.9568,-0.3533,73195100.0,83617200.0
000905.SH,2016-10-24,6539.47,6479.55,6546.79,6472.94,6475.28,64.1854,0.9912,86076700.0,93119400.0
000905.SH,2016-10-25,6563.35,6543.47,6563.52,6536.94,6539.47,23.8878,0.3653,83923200.0,94315400.0
000905.SH,2016-10-26,6530.39,6561.16,6561.25,6511.66,6563.35,-32.9641,-0.5022,80859200.0,91780600.0
000905.SH,2016-10-27,6517.36,6522.89,6529.47,6488.36,6530.39,-13.0304,-0.1995,67103000.0,76662900.0
000905.SH,2016-10-28,6455.83,6512.04,6536.83,6455.15,6517.36,-61.5245,-0.944,70697100.0,79712100.0
000905.SH,2016-10-31,6452.21,6441.43,6460.77,6408.27,6455.83,-3.6291,-0.0562,60253700.0,71768400.0
000905.SH,2016-11-01,6507.95,6457.0,6508.36,6450.02,6452.21,55.7442,0.864,62539900.0,72251200.0
000905.SH,2016-11-02,6455.13,6494.98,6506.78,6450.05,6507.95,-52.8205,-0.8116,72299100.0,82898300.0
000905.SH,2016-11-03,6483.73,6442.35,6521.0,6436.91,6455.13,28.6027,0.4431,77549800.0,88683300.0
000905.SH,2016-11-04,6462.59,6482.6,6502.74,6449.56,6483.73,-21.1394,-0.326,70635400.0,81640500.0
000905.SH,2016-11-07,6468.82,6461.0,6487.06,6437.74,6462.59,6.2243,0.0963,68812100.0,76326300.0
000905.SH,2016-11-08,6503.18,6487.65,6518.19,6476.44,6468.82,34.361,0.5312,72444900.0,78508100.0
000905.SH,2016-11-09,6453.57,6504.41,6507.86,6380.57,6503.18,-49.6063,-0.7628,88060100.0,96517300.0
000905.SH,2016-11-10,6536.97,6501.64,6538.74,6501.64,6453.57,83.3933,1.2922,90625200.0,96157600.0
000905.SH,2016-11-11,6583.89,6539.36,6584.41,6527.45,6536.97,46.9213,0.7178,110372000.0,117683000.0
000905.SH,2016-11-14,6615.01,6568.66,6624.21,6566.05,6583.89,31.1207,0.4727,126669000.0,129073000.0
000905.SH,2016-11-15,6640.46,6622.88,6641.04,6602.28,6615.01,25.4545,0.3848,105111000.0,107785000.0
000905.SH,2016-11-16,6644.19,6647.53,6658.43,6630.12,6640.46,3.7262,0.0561,95468700.0,102794000.0
000905.SH,2016-11-17,6636.47,6633.31,6646.31,6596.9,6644.19,-7.7188,-0.1162,84535300.0,87729000.0
000905.SH,2016-11-18,6602.33,6632.63,6643.94,6592.84,6636.47,-34.1425,-0.5145,81278600.0,86902700.0
000905.SH,2016-11-21,6611.54,6597.17,6635.89,6591.98,6602.33,9.2134,0.1395,78751800.0,90652600.0
000905.SH,2016-11-22,6661.25,6619.85,6661.54,6617.07,6611.54,49.7061,0.7518,92177800.0,101985000.0
000905.SH,2016-11-23,6631.17,6668.25,6676.67,6617.78,6661.25,-30.0727,-0.4515,93963200.0,103904000.0
000905.SH,2016-11-24,6623.05,6635.22,6656.97,6607.03,6631.17,-8.1244,-0.1225,93586300.0,104720000.0
000905.SH,2016-11-25,6652.82,6620.22,6652.92,6531.37,6623.05,29.7688,0.4495,88934600.0,100029000.0
000905.SH,2016-11-28,6670.8,6667.27,6692.14,6650.92,6652.82,17.9858,0.2703,95741400.0,106722000.0
000905.SH,2016-11-29,6620.79,6658.35,6681.88,6619.04,6670.8,-50.0086,-0.7497,101447000.0,112700000.0
000905.SH,2016-11-30,6585.58,6605.36,6615.92,6568.8,6620.79,-35.2173,-0.5319,81526800.0,91355000.0
000905.SH,2016-12-01,6624.47,6593.59,6624.85,6593.07,6585.58,38.8881,0.5905,77818500.0,87662500.0
000905.SH,2016-12-02,6520.97,6617.87,6623.79,6520.97,6624.47,-103.491,-1.5623,81097500.0,91203200.0
000905.SH,2016-12-05,6486.02,6462.26,6522.6,6451.08,6520.97,-34.9572,-0.5361,66821800.0,75623700.0
000905.SH,2016-12-06,6490.89,6496.16,6514.03,6484.98,6486.02,4.8724,0.0751,52009200.0,61621700.0
000905.SH,2016-12-07,6558.02,6493.0,6558.24,6481.92,6490.89,67.135,1.0343,59406400.0,67819700.0
000905.SH,2016-12-08,6527.43,6561.72,6562.66,6522.96,6558.02,-30.5909,-0.4665,56989800.0,67589600.0
000905.SH,2016-12-09,6513.92,6519.4,6534.9,6500.21,6527.43,-13.5183,-0.2071,59218300.0,71500700.0
000905.SH,2016-12-12,6249.08,6512.96,6519.63,6241.61,6513.92,-264.837,-4.0657,94736800.0,107463000.0
000905.SH,2016-12-13,6278.18,6235.56,6292.8,6190.39,6249.08,29.1009,0.4657,65206700.0,75946000.0
000905.SH,2016-12-14,6239.5,6269.08,6299.04,6216.95,6278.18,-38.6804,-0.6161,68977600.0,81065200.0
000905.SH,2016-12-15,6280.4,6216.14,6310.74,6211.27,6239.5,40.8992,0.6555,64733000.0,75209800.0
000905.SH,2016-12-16,6318.52,6279.28,6329.19,6273.0,6280.4,38.1258,0.6071,62204200.0,71330800.0
000905.SH,2016-12-19,6320.73,6319.86,6330.38,6297.37,6318.52,2.2085,0.035,62579200.0,70180600.0
000905.SH,2016-12-20,6300.64,6314.61,6315.54,6275.31,6320.73,-20.0941,-0.3179,60920700.0,65544600.0
000905.SH,2016-12-21,6347.61,6311.06,6348.38,6311.06,6300.64,46.9675,0.7454,63632900.0,70594600.0
000905.SH,2016-12-22,6341.79,6341.2,6350.27,6313.86,6347.61,-5.8179,-0.0917,59617200.0,64478200.0
000905.SH,2016-12-23,6282.0,6339.35,6343.85,6277.66,6341.79,-59.7913,-0.9428,57182500.0,64218600.0
000905.SH,2016-12-26,6294.75,6260.34,6295.24,6194.27,6282.0,12.758,0.2031,54444400.0,60864400.0
000905.SH,2016-12-27,6288.86,6291.65,6311.04,6284.04,6294.75,-5.8952,-0.0937,49275500.0,56430300.0
000905.SH,2016-12-28,6270.24,6288.73,6295.89,6257.1,6288.86,-18.6199,-0.2961,48574200.0,54961500.0
000905.SH,2016-12-29,6252.61,6261.87,6286.74,6242.98,6270.24,-17.6319,-0.2812,45028100.0,51113300.0
000905.SH,2016-12-30,6263.63,6255.62,6275.55,6241.72,6252.61,11.018,0.1762,46924900.0,54554300.0
000905.SH,2017-01-03,6320.76,6273.82,6320.95,6273.75,6263.63,57.137,0.9122,48577800.0,57303000.0
000905.SH,2017-01-04,6394.67,6321.75,6395.0,6314.13,6320.76,73.9068,1.1693,66739400.0,78531900.0
000905.SH,2017-01-05,6399.28,6391.58,6412.87,6385.12,6394.67,4.6147,0.0722,61445200.0,72267800.0
000905.SH,2017-01-06,6371.62,6398.86,6401.74,6364.89,6399.28,-27.6673,-0.4323,64902500.0,73723000.0
000905.SH,2017-01-09,6415.42,6365.39,6415.47,6357.36,6371.62,43.8008,0.6874,63979000.0,74310400.0
000905.SH,2017-01-10,6393.93,6412.76,6428.83,6388.92,6415.42,-21.4893,-0.335,68210700.0,76722100.0
000905.SH,2017-01-11,6331.96,6381.7,6402.9,6331.51,6393.93,-61.9645,-0.9691,62843400.0,68331900.0
000905.SH,2017-01-12,6272.85,6325.62,6339.32,6269.2,6331.96,-59.1128,-0.9336,53433600.0,57259500.0
000905.SH,2017-01-13,6194.66,6272.79,6282.72,6182.1,6272.85,-78.1935,-1.2465,53611500.0,58444900.0
000905.SH,2017-01-16,6031.24,6184.13,6184.34,5872.4,6194.66,-163.416,-2.638,78958400.0,82148400.0
000905.SH,2017-01-17,6082.07,6006.08,6082.2,5957.04,6031.24,50.8243,0.8427,50540900.0,54018900.0
000905.SH,2017-01-18,6068.59,6067.17,6098.78,6049.97,6082.07,-13.4727,-0.2215,46142200.0,48404600.0
000905.SH,2017-01-19,6043.67,6054.73,6074.46,6029.64,6068.59,-24.918,-0.4106,44419600.0,45854100.0
000905.SH,2017-01-20,6122.0,6037.56,6129.58,6034.97,6043.67,78.3233,1.296,45717400.0,49013100.0
000905.SH,2017-01-23,6172.17,6130.44,6189.17,6130.2,6122.0,50.1688,0.8195,50389700.0,52727400.0
000905.SH,2017-01-24,6165.26,6167.84,6177.21,6154.07,6172.17,-6.9029,-0.1118,50127800.0,49571100.0
000905.SH,2017-01-25,6179.57,6156.78,6187.43,6152.14,6165.26,14.3039,0.232,42974300.0,43740200.0
000905.SH,2017-01-26,6223.71,6183.16,6224.19,6183.16,6179.57,44.138,0.7143,40542500.0,41944900.0
000905.SH,2017-02-03,6207.09,6227.46,6231.6,6190.83,6223.71,-16.614,-0.2669,35541500.0,37929200.0
000905.SH,2017-02-06,6259.25,6206.54,6259.41,6195.5,6207.09,52.155,0.8402,45755700.0,50034800.0
000905.SH,2017-02-07,6255.93,6254.2,6269.46,6223.54,6259.25,-3.3201,-0.053,50928200.0,53950800.0
000905.SH,2017-02-08,6291.6,6248.47,6291.77,6219.02,6255.93,35.6707,0.5702,53885100.0,57742100.0
000905.SH,2017-02-09,6331.18,6288.88,6331.33,6285.73,6291.6,39.5794,0.6291,72722300.0,74903700.0
000905.SH,2017-02-10,6337.11,6329.68,6350.34,6320.25,6331.18,5.931,0.0937,89377100.0,87202800.0
000905.SH,2017-02-13,6369.65,6341.73,6370.21,6331.96,6337.11,32.5445,0.5136,83765100.0,84625100.0
000905.SH,2017-02-14,6374.89,6366.94,6378.06,6346.59,6369.65,5.2326,0.0821,76068600.0,75879200.0
000905.SH,2017-02-15,6311.7,6367.64,6379.79,6301.01,6374.89,-63.1893,-0.9912,84076600.0,84745200.0
000905.SH,2017-02-16,6359.34,6308.32,6363.87,6306.51,6311.7,47.6402,0.7548,75074600.0,75785500.0
000905.SH,2017-02-17,6307.16,6356.09,6365.7,6300.51,6359.34,-52.1734,-0.8204,79080000.0,80705700.0
000905.SH,2017-02-20,6385.06,6307.23,6385.06,6307.23,6307.16,77.8998,1.2351,74126600.0,80325700.0
000905.SH,2017-02-21,6434.44,6390.51,6434.53,6386.9,6385.06,49.3758,0.7733,78896900.0,86222000.0
000905.SH,2017-02-22,6474.23,6432.75,6474.49,6431.41,6434.44,39.7867,0.6183,87525600.0,95597800.0
000905.SH,2017-02-23,6473.99,6470.62,6482.25,6435.75,6474.23,-0.232,-0.0036,89366700.0,99277200.0
000905.SH,2017-02-24,6476.17,6466.18,6477.42,6445.07,6473.99,2.1725,0.0336,76258100.0,85426200.0
000905.SH,2017-02-27,6424.25,6476.38,6480.19,6417.78,6476.17,-51.9106,-0.8016,72245000.0,81011800.0
000905.SH,2017-02-28,6450.97,6425.0,6451.29,6414.78,6424.25,26.7152,0.4158,63031100.0,71170200.0
000905.SH,2017-03-01,6467.64,6446.44,6488.82,6440.81,6450.97,16.6684,0.2584,72479700.0,83177700.0
000905.SH,2017-03-02,6434.63,6476.11,6484.12,6431.44,6467.64,-33.0123,-0.5104,72064200.0,84092900.0
000905.SH,2017-03-03,6452.84,6417.39,6457.23,6398.88,6434.63,18.2128,0.283,65253300.0,78891600.0
000905.SH,2017-03-06,6517.32,6457.59,6518.04,6457.59,6452.84,64.4845,0.9993,67277700.0,83853200.0
000905.SH,2017-03-07,6523.19,6517.85,6523.36,6491.26,6517.32,5.8633,0.09,68534900.0,82330600.0
000905.SH,2017-03-08,6497.09,6519.97,6525.19,6478.55,6523.19,-26.099,-0.4001,63067400.0,75049500.0
000905.SH,2017-03-09,6439.38,6484.58,6484.83,6425.0,6497.09,-57.7056,-0.8882,64239000.0,73949300.0
000905.SH,2017-03-10,6447.92,6436.76,6464.6,6436.64,6439.38,8.5343,0.1325,56359900.0,69999400.0
000905.SH,2017-03-13,6507.9,6444.56,6508.07,6412.71,6447.92,59.9799,0.9302,64912400.0,81201100.0
000905.SH,2017-03-14,6493.48,6508.37,6518.78,6480.08,6507.9,-14.4118,-0.2215,60272000.0,74548100.0
000905.SH,2017-03-15,6486.06,6486.3,6499.54,6471.72,6493.48,-7.423,-0.1143,55750100.0,69104000.0
000905.SH,2017-03-16,6543.34,6499.83,6543.34,6499.83,6486.06,57.2791,0.8831,68654600.0,84809200.0
000905.SH,2017-03-17,6483.25,6543.56,6555.58,6480.29,6543.34,-60.0944,-0.9184,73063700.0,89911200.0
000905.SH,2017-03-20,6498.34,6484.54,6498.57,6451.35,6483.25,15.0953,0.2328,61644800.0,76364000.0
000905.SH,2017-03-21,6515.95,6494.77,6516.01,6484.69,6498.34,17.6042,0.2709,58995000.0,75784000.0
000905.SH,2017-03-22,6499.79,6486.3,6514.63,6459.98,6515.95,-16.153,-0.2479,72273400.0,88332200.0
000905.SH,2017-03-23,6512.19,6502.13,6533.65,6445.81,6499.79,12.3946,0.1907,76911100.0,95665100.0
000905.SH,2017-03-24,6546.62,6509.23,6552.75,6500.07,6512.19,34.4276,0.5287,83547800.0,99764200.0
000905.SH,2017-03-27,6516.03,6545.45,6555.79,6510.44,6546.62,-30.5824,-0.4671,77482700.0,91609800.0
000905.SH,2017-03-28,6498.69,6509.04,6519.09,6483.64,6516.03,-17.3424,-0.2661,61262100.0,74546500.0
000905.SH,2017-03-29,6480.54,6504.25,6522.51,6461.54,6498.69,-18.1472,-0.2792,85614000.0,94145700.0
000905.SH,2017-03-30,6375.74,6467.06,6471.94,6369.12,6480.54,-104.799,-1.6171,96512700.0,102559000.0
000905.SH,2017-03-31,6401.65,6374.56,6402.22,6365.45,6375.74,25.9042,0.4063,72082800.0,81869900.0
000905.SH,2017-04-05,6539.97,6450.9,6539.97,6450.9,6401.65,138.319,2.1607,97015000.0,110262000.0
000905.SH,2017-04-06,6559.65,6554.75,6569.7,6535.04,6539.97,19.6861,0.301,97471100.0,106538000.0
000905.SH,2017-04-07,6578.73,6554.26,6593.95,6544.24,6559.65,19.0734,0.2908,100597000.0,115146000.0
000905.SH,2017-04-10,6566.54,6575.46,6595.2,6556.08,6578.73,-12.1819,-0.1852,102529000.0,117950000.0
000905.SH,2017-04-11,6629.17,6566.84,6632.0,6531.53,6566.54,62.622,0.9537,127738000.0,148201000.0
000905.SH,2017-04-12,6576.48,6625.88,6626.76,6571.48,6629.17,-52.69,-0.7948,114173000.0,125634000.0
000905.SH,2017-04-13,6615.7,6569.24,6627.7,6562.76,6576.48,39.2281,0.5965,87711400.0,95722100.0
000905.SH,2017-04-14,6528.16,6623.45,6623.8,6522.79,6615.7,-87.5418,-1.3232,97511200.0,107519000.0
000905.SH,2017-04-17,6456.6,6500.95,6502.04,6426.28,6528.16,-71.5644,-1.0962,87532200.0,99323800.0
000905.SH,2017-04-18,6418.21,6452.92,6491.81,6416.17,6456.6,-38.3866,-0.5945,80185600.0,91417800.0
000905.SH,2017-04-19,6350.65,6390.33,6401.41,6285.99,6418.21,-67.5649,-1.0527,87000400.0,95577300.0
000905.SH,2017-04-20,6347.77,6349.41,6377.8,6299.89,6350.65,-2.8733,-0.0452,79174200.0,92055500.0
000905.SH,2017-04-21,6300.71,6345.77,6364.67,6296.81,6347.77,-47.0604,-0.7414,60871100.0,72187500.0
000905.SH,2017-04-24,6138.5,6282.33,6282.74,6137.92,6300.71,-162.208,-2.5744,70771400.0,78586600.0
000905.SH,2017-04-25,6160.46,6139.48,6203.68,6131.95,6138.5,21.9563,0.3577,64657700.0,73714000.0
000905.SH,2017-04-26,6176.4,6159.89,6195.32,6157.4,6160.46,15.9369,0.2587,69746000.0,81432900.0
000905.SH,2017-04-27,6192.3,6157.52,6205.23,6052.88,6176.4,15.9063,0.2575,89357800.0,101692000.0
000905.SH,2017-04-28,6211.86,6174.14,6214.16,6166.8,6192.3,19.558,0.3158,66769200.0,76706000.0
000905.SH,2017-05-02,6216.12,6205.1,6216.5,6186.17,6211.86,4.2526,0.0685,70289000.0,83553100.0
000905.SH,2017-05-03,6197.48,6205.68,6225.63,6174.69,6216.12,-18.6371,-0.2998,72475400.0,85574300.0
000905.SH,2017-05-04,6176.31,6180.03,6236.89,6151.81,6197.48,-21.1726,-0.3416,77413500.0,89915600.0
000905.SH,2017-05-05,6089.68,6155.2,6164.25,6089.09,6176.31,-86.6225,-1.4025,71552000.0,81292500.0
000905.SH,2017-05-08,5975.54,6076.46,6083.36,5975.22,6089.68,-114.143,-1.8744,67182600.0,76311200.0
000905.SH,2017-05-09,6012.0,5953.84,6012.44,5919.6,5975.54,36.4621,0.6102,54727000.0,62723000.0
000905.SH,2017-05-10,5885.84,6010.73,6038.97,5885.52,6012.0,-126.161,-2.0985,62645700.0,71467200.0
000905.SH,2017-05-11,5872.64,5856.41,5873.91,5731.48,5885.84,-13.2019,-0.2243,73054300.0,77588400.0
000905.SH,2017-05-12,5863.78,5859.34,5889.93,5820.29,5872.64,-8.8559,-0.1508,56685600.0,62606800.0
000905.SH,2017-05-15,5893.51,5880.7,5912.27,5880.7,5863.78,29.7243,0.5069,49725900.0,58911800.0
000905.SH,2017-05-16,6014.73,5882.33,6014.88,5839.22,5893.51,121.227,2.057,73426600.0,84036100.0
000905.SH,2017-05-17,6027.65,6006.47,6055.92,6001.04,6014.73,12.916,0.2147,73146900.0,84588700.0
000905.SH,2017-05-18,5976.3,5983.35,6030.11,5965.35,6027.65,-51.3506,-0.8519,60062100.0,70971700.0
000905.SH,2017-05-19,5974.98,5973.77,5990.44,5942.61,5976.3,-1.3226,-0.0221,55068200.0,64669000.0
000905.SH,2017-05-22,5888.81,5962.29,5987.31,5873.04,5974.98,-86.1645,-1.4421,60894100.0,66101100.0
000905.SH,2017-05-23,5764.88,5879.56,5893.82,5760.32,5888.81,-123.937,-2.1046,64918600.0,70779400.0
000905.SH,2017-05-24,5799.25,5740.44,5799.68,5668.72,5764.88,34.374,0.5963,58130800.0,62845300.0
000905.SH,2017-05-25,5850.8,5788.56,5859.5,5740.8,5799.25,51.5507,0.8889,70684000.0,75351900.0
000905.SH,2017-05-26,5836.93,5843.52,5871.21,5833.09,5850.8,-13.8668,-0.237,59256200.0,65692500.0
000905.SH,2017-05-31,5824.1,5887.94,5913.18,5820.21,5836.93,-12.8296,-0.2198,58477800.0,66221300.0
000905.SH,2017-06-01,5710.0,5810.42,5810.6,5709.69,5824.1,-114.105,-1.9592,60278900.0,65490300.0
000905.SH,2017-06-02,5772.52,5696.83,5780.5,5655.76,5710.0,62.518,1.0949,58868800.0,61562500.0
000905.SH,2017-06-05,5815.8,5778.19,5830.05,5777.95,5772.52,43.2848,0.7498,54333300.0,59775800.0
000905.SH,2017-06-06,5841.52,5808.97,5841.88,5793.44,5815.8,25.721,0.4423,48781500.0,53237800.0
000905.SH,2017-06-07,5955.02,5838.88,5955.02,5836.44,5841.52,113.492,1.9429,74666100.0,81742000.0
000905.SH,2017-06-08,5958.98,5947.98,5972.73,5940.72,5955.02,3.9617,0.0665,66506500.0,74753000.0
000905.SH,2017-06-09,5969.27,5952.41,5971.52,5922.73,5958.98,10.2971,0.1728,62109900.0,69574700.0
000905.SH,2017-06-12,5902.85,5943.64,5950.04,5896.4,5969.27,-66.419,-1.1127,60359700.0,70214600.0
000905.SH,2017-06-13,5980.06,5895.47,5986.87,5894.23,5902.85,77.2015,1.3079,60424200.0,70753200.0
000905.SH,2017-06-14,5966.43,5976.01,5992.78,5958.2,5980.06,-13.6252,-0.2278,60927000.0,71476400.0
000905.SH,2017-06-15,6021.17,5959.47,6024.38,5959.19,5966.43,54.7337,0.9174,64991100.0,73277200.0
000905.SH,2017-06-16,6013.0,6016.97,6027.4,6003.26,6021.17,-8.1655,-0.1356,56912600.0,66287700.0
000905.SH,2017-06-19,6057.41,6010.94,6057.41,6009.22,6013.0,44.4119,0.7386,59231600.0,67315200.0
000905.SH,2017-06-20,6066.9,6061.11,6089.81,6058.69,6057.41,9.4931,0.1567,66122400.0,77790500.0
000905.SH,2017-06-21,6078.19,6074.61,6080.53,6035.27,6066.9,11.2879,0.1861,56730400.0,66856700.0
000905.SH,2017-06-22,5992.33,6074.37,6094.55,5992.33,6078.19,-85.8573,-1.4125,69225600.0,82350300.0
000905.SH,2017-06-23,6010.31,5978.24,6010.31,5923.55,5992.33,17.9785,0.3,63505100.0,73951200.0
000905.SH,2017-06-26,6111.64,6013.48,6111.71,6011.86,6010.31,101.327,1.6859,69846200.0,86328100.0
000905.SH,2017-06-27,6113.17,6109.37,6128.38,6089.68,6111.64,1.5252,0.025,62316800.0,75563300.0
000905.SH,2017-06-28,6086.21,6102.23,6110.35,6075.14,6113.17,-26.9546,-0.4409,60479500.0,71450300.0
000905.SH,2017-06-29,6116.99,6089.92,6132.25,6089.92,6086.21,30.782,0.5058,58035300.0,70846300.0
000905.SH,2017-06-30,6138.16,6101.36,6139.07,6090.25,6116.99,21.1624,0.346,53521200.0,66361700.0
000905.SH,2017-07-03,6177.4,6142.17,6177.4,6129.84,6138.16,39.2397,0.6393,63825300.0,74248200.0
000905.SH,2017-07-04,6146.85,6169.03,6170.85,6134.88,6177.4,-30.5426,-0.4944,63114200.0,76708800.0
000905.SH,2017-07-05,6193.96,6135.71,6193.96,6127.51,6146.85,47.1114,0.7664,68621600.0,83041200.0
000905.SH,2017-07-06,6201.65,6187.43,6211.97,6149.93,6193.96,7.6894,0.1241,82871800.0,97626300.0
000905.SH,2017-07-07,6226.01,6182.45,6229.83,6176.74,6201.65,24.3573,0.3928,79328300.0,93885500.0
000905.SH,2017-07-10,6206.56,6221.53,6236.29,6189.0,6226.01,-19.454,-0.3125,90371000.0,104582000.0
000905.SH,2017-07-11,6128.99,6194.62,6202.2,6128.99,6206.56,-77.5626,-1.2497,76982300.0,90795400.0
000905.SH,2017-07-12,6132.99,6124.96,6143.8,6050.65,6128.99,3.998,0.0652,75579500.0,89554600.0
000905.SH,2017-07-13,6149.93,6134.75,6172.68,6124.36,6132.99,16.9415,0.2762,79136000.0,96251700.0
000905.SH,2017-07-14,6128.74,6143.33,6143.46,6107.91,6149.93,-21.194,-0.3446,66386400.0,80743700.0
000905.SH,2017-07-17,5876.46,6108.45,6108.45,5860.78,6128.74,-252.281,-4.1164,101536000.0,113041000.0
000905.SH,2017-07-18,5938.43,5854.07,5938.43,5842.96,5876.46,61.975,1.0546,76564300.0,83831500.0
000905.SH,2017-07-19,6059.36,5928.01,6059.53,5917.67,5938.43,120.924,2.0363,102902000.0,108845000.0
000905.SH,2017-07-20,6099.28,6052.51,6120.19,6046.41,6059.36,39.9253,0.6589,93828800.0,105755000.0
000905.SH,2017-07-21,6126.11,6089.66,6136.97,6080.56,6099.28,26.8248,0.4398,83132700.0,97182300.0
000905.SH,2017-07-24,6167.13,6121.33,6171.82,6117.3,6126.11,41.0199,0.6696,97299900.0,114328000.0
000905.SH,2017-07-25,6153.6,6159.41,6170.65,6113.56,6167.13,-13.5298,-0.2194,89224300.0,102686000.0
000905.SH,2017-07-26,6146.7,6151.85,6162.88,6111.04,6153.6,-6.8956,-0.1121,88753500.0,105711000.0
000905.SH,2017-07-27,6184.02,6136.96,6192.94,6105.96,6146.7,37.3179,0.6071,104006000.0,121283000.0
000905.SH,2017-07-28,6215.46,6170.66,6229.06,6165.99,6184.02,31.4426,0.5084,86467900.0,104849000.0
000905.SH,2017-07-31,6298.0,6214.66,6299.8,6208.46,6215.46,82.5371,1.3279,113331000.0,129773000.0
000905.SH,2017-08-01,6286.54,6293.06,6299.16,6261.28,6298.0,-11.4642,-0.182,101082000.0,116918000.0
000905.SH,2017-08-02,6251.86,6289.25,6313.51,6248.36,6286.54,-34.6735,-0.5516,114012000.0,132733000.0
000905.SH,2017-08-03,6261.97,6240.15,6288.44,6236.66,6251.86,10.1049,0.1616,100160000.0,113164000.0
000905.SH,2017-08-04,6225.12,6258.85,6297.12,6224.2,6261.97,-36.8525,-0.5885,125888000.0,140098000.0
000905.SH,2017-08-07,6303.42,6227.52,6304.27,6217.29,6225.12,78.3058,1.2579,108572000.0,114075000.0
000905.SH,2017-08-08,6303.72,6302.03,6322.47,6281.62,6303.42,0.2951,0.0047,120380000.0,131243000.0
000905.SH,2017-08-09,6340.02,6296.12,6340.38,6285.02,6303.72,36.306,0.5759,115348000.0,123989000.0
000905.SH,2017-08-10,6289.22,6322.83,6341.48,6246.66,6340.02,-50.8046,-0.8013,112699000.0,127938000.0
000905.SH,2017-08-11,6161.19,6242.49,6275.89,6153.6,6289.22,-128.027,-2.0357,117861000.0,131559000.0
000905.SH,2017-08-14,6292.64,6165.13,6293.35,6165.13,6161.19,131.452,2.1335,89845000.0,113335000.0
000905.SH,2017-08-15,6314.76,6291.18,6316.2,6283.54,6292.64,22.119,0.3515,82603700.0,107586000.0
000905.SH,2017-08-16,6318.8,6307.17,6323.56,6268.19,6314.76,4.0378,0.0639,89617700.0,113208000.0
000905.SH,2017-08-17,6366.03,6327.03,6366.25,6312.89,6318.8,47.2354,0.7475,98724900.0,119457000.0
000905.SH,2017-08-18,6347.76,6324.9,6361.97,6313.15,6366.03,-18.2783,-0.2871,91174600.0,111491000.0
000905.SH,2017-08-21,6403.78,6354.1,6404.05,6354.01,6347.76,56.0246,0.8826,86521800.0,105734000.0
000905.SH,2017-08-22,6375.98,6396.93,6398.56,6362.41,6403.78,-27.7989,-0.4341,89100200.0,116758000.0
000905.SH,2017-08-23,6322.78,6359.78,6371.3,6310.01,6375.98,-53.1995,-0.8344,75609800.0,94213300.0
000905.SH,2017-08-24,6278.59,6322.63,6329.03,6267.23,6322.78,-44.1919,-0.6989,67567600.0,86463500.0
000905.SH,2017-08-25,6346.53,6274.35,6358.89,6274.35,6278.59,67.9405,1.0821,75549700.0,94698900.0
000905.SH,2017-08-28,6424.58,6348.87,6442.4,6348.87,6346.53,78.0536,1.2299,94893400.0,123348000.0
000905.SH,2017-08-29,6408.16,6420.57,6439.08,6393.48,6424.58,-16.4274,-0.2557,87704100.0,111434000.0
000905.SH,2017-08-30,6453.46,6405.9,6462.76,6405.9,6408.16,45.3069,0.707,95559700.0,115514000.0
000905.SH,2017-08-31,6470.43,6451.52,6470.94,6429.74,6453.46,16.9623,0.2628,91029200.0,110911000.0
000905.SH,2017-09-01,6526.5,6472.95,6530.9,6466.13,6470.43,56.0787,0.8667,121117000.0,140862000.0
000905.SH,2017-09-04,6564.68,6530.51,6566.1,6519.79,6526.5,38.1758,0.5849,119984000.0,143877000.0
000905.SH,2017-09-05,6571.86,6561.67,6576.56,6528.11,6564.68,7.1787,0.1094,95232100.0,120125000.0
000905.SH,2017-09-06,6607.12,6550.06,6610.75,6540.83,6571.86,35.2585,0.5365,105478000.0,136238000.0
000905.SH,2017-09-07,6558.6,6601.34,6614.1,6553.7,6607.12,-48.5213,-0.7344,107062000.0,133941000.0
000905.SH,2017-09-08,6574.18,6554.6,6599.13,6537.04,6558.6,15.5863,0.2376,93851600.0,120912000.0
000905.SH,2017-09-11,6649.63,6579.89,6650.12,6566.28,6574.18,75.445,1.1476,102547000.0,134674000.0
000905.SH,2017-09-12,6644.01,6659.8,6715.39,6628.88,6649.63,-5.6158,-0.0845,141880000.0,190294000.0
000905.SH,2017-09-13,6684.38,6635.17,6684.86,6630.5,6644.01,40.368,0.6076,104722000.0,136522000.0
000905.SH,2017-09-14,6672.19,6683.47,6701.69,6643.59,6684.38,-12.1949,-0.1824,113967000.0,145426000.0
000905.SH,2017-09-15,6622.04,6661.52,6663.51,6603.73,6672.19,-50.1411,-0.7515,109384000.0,134077000.0
000905.SH,2017-09-18,6669.45,6616.13,6669.45,6616.13,6622.04,47.411,0.716,88850600.0,110671000.0
000905.SH,2017-09-19,6636.02,6670.97,6681.25,6611.75,6669.45,-33.4347,-0.5013,93518700.0,117509000.0
000905.SH,2017-09-20,6692.47,6627.69,6692.71,6613.66,6636.02,56.4523,0.8507,101972000.0,126534000.0
000905.SH,2017-09-21,6612.05,6684.65,6687.12,6612.05,6692.47,-80.4268,-1.2018,98937500.0,121144000.0
000905.SH,2017-09-22,6572.01,6591.15,6592.88,6547.28,6612.05,-40.036,-0.6055,85236500.0,103274000.0
000905.SH,2017-09-25,6489.84,6560.14,6568.0,6484.21,6572.01,-82.1655,-1.2502,77829200.0,97438300.0
000905.SH,2017-09-26,6520.72,6484.34,6520.72,6482.29,6489.84,30.8734,0.4757,67765900.0,82514600.0
000905.SH,2017-09-27,6583.14,6523.5,6589.74,6522.2,6520.72,62.4226,0.9573,75171300.0,94752400.0
000905.SH,2017-09-28,6567.79,6577.43,6599.13,6565.88,6583.14,-15.3486,-0.2332,74625900.0,94419100.0
000905.SH,2017-09-29,6603.26,6572.45,6611.65,6572.45,6567.79,35.4672,0.54,70936300.0,91769800.0
000905.SH,2017-10-09,6678.37,6682.58,6696.67,6657.53,6603.26,75.1123,1.1375,86419700.0,110669000.0
000905.SH,2017-10-10,6705.48,6677.37,6705.72,6658.86,6678.37,27.1102,0.4059,87005200.0,111479000.0
000905.SH,2017-10-11,6666.47,6702.69,6703.58,6661.09,6705.48,-39.0116,-0.5818,90746100.0,120911000.0
000905.SH,2017-10-12,6659.1,6658.13,6674.38,6611.97,6666.47,-7.3739,-0.1106,77961000.0,99226600.0
000905.SH,2017-10-13,6709.82,6660.03,6711.93,6659.88,6659.1,50.7207,0.7617,72925600.0,94892300.0
000905.SH,2017-10-16,6619.21,6709.87,6709.87,6609.62,6709.82,-90.6108,-1.3504,85871000.0,109217000.0
000905.SH,2017-10-17,6612.94,6604.33,6644.75,6589.54,6619.21,-6.2628,-0.0946,59419200.0,78773100.0
000905.SH,2017-10-18,6563.44,6612.49,6630.67,6557.66,6612.94,-49.5059,-0.7486,73371000.0,88963300.0
000905.SH,2017-10-19,6501.4,6553.87,6562.35,6494.73,6563.44,-62.037,-0.9452,72615800.0,85253500.0
000905.SH,2017-10-20,6571.42,6489.79,6571.44,6485.81,6501.4,70.0241,1.0771,60479300.0,77533400.0
000905.SH,2017-10-23,6612.76,6569.79,6613.03,6562.91,6571.42,41.3397,0.6291,60482000.0,79350000.0
000905.SH,2017-10-24,6603.0,6605.52,6605.9,6556.34,6612.76,-9.7595,-0.1476,59171300.0,78607000.0
000905.SH,2017-10-25,6647.89,6596.79,6648.39,6593.07,6603.0,44.8878,0.6798,58646900.0,80183400.0
000905.SH,2017-10-26,6671.93,6639.89,6686.12,6630.97,6647.89,24.0368,0.3616,74905900.0,104752000.0
000905.SH,2017-10-27,6630.81,6664.43,6673.47,6622.12,6671.93,-41.1221,-0.6163,67921100.0,90443700.0
000905.SH,2017-10-30,6511.76,6621.78,6629.3,6460.05,6630.81,-119.045,-1.7953,83764200.0,109250000.0
000905.SH,2017-10-31,6560.21,6496.69,6560.25,6496.69,6511.76,48.4438,0.7439,62261400.0,88141800.0
000905.SH,2017-11-01,6552.95,6559.52,6586.13,6547.85,6560.21,-7.2509,-0.1105,64632800.0,92988600.0
000905.SH,2017-11-02,6484.93,6541.61,6541.61,6476.37,6552.95,-68.0287,-1.0381,67552300.0,90872000.0
000905.SH,2017-11-03,6426.98,6477.82,6491.05,6395.46,6484.93,-57.9459,-0.8935,68257100.0,89315900.0
000905.SH,2017-11-06,6511.1,6432.07,6512.13,6408.36,6426.98,84.1159,1.3088,66717600.0,93924400.0
000905.SH,2017-11-07,6551.94,6508.21,6552.26,6498.39,6511.1,40.8405,0.6272,72377700.0,97329800.0
000905.SH,2017-11-08,6561.69,6544.59,6601.47,6534.16,6551.94,9.7534,0.1489,73806800.0,101626000.0
000905.SH,2017-11-09,6611.35,6562.36,6611.39,6558.49,6561.69,49.662,0.7568,68818500.0,93514200.0
000905.SH,2017-11-10,6641.22,6599.65,6647.23,6593.03,6611.35,29.8647,0.4517,80012500.0,112205000.0
000905.SH,2017-11-13,6671.21,6644.69,6671.26,6624.67,6641.22,29.989,0.4516,84596700.0,122270000.0
000905.SH,2017-11-14,6614.51,6664.61,6673.75,6588.25,6671.21,-56.6918,-0.8498,84749100.0,120408000.0
000905.SH,2017-11-15,6537.66,6592.76,6603.51,6505.99,6614.51,-76.8573,-1.1619,73949200.0,107725000.0
000905.SH,2017-11-16,6558.31,6529.31,6570.28,6511.9,6537.66,20.6522,0.3159,67940200.0,97928400.0
000905.SH,2017-11-17,6361.94,6549.22,6555.75,6359.52,6558.31,-196.367,-2.9942,89019000.0,115828000.0
000905.SH,2017-11-20,6433.17,6330.9,6433.78,6239.32,6361.94,71.2287,1.1196,70066700.0,95164700.0
000905.SH,2017-11-21,6456.35,6420.39,6473.7,6397.36,6433.17,23.1818,0.3603,67754600.0,97778900.0
000905.SH,2017-11-22,6439.44,6456.32,6483.63,6391.46,6456.35,-16.9101,-0.2619,70895900.0,99818200.0
000905.SH,2017-11-23,6274.51,6427.58,6427.58,6274.51,6439.44,-164.93,-2.5613,75009700.0,104105000.0
000905.SH,2017-11-24,6278.03,6250.06,6307.89,6243.96,6274.51,3.5171,0.0561,59049100.0,82258300.0
000905.SH,2017-11-27,6194.55,6269.23,6279.59,6186.03,6278.03,-83.4765,-1.3297,59407500.0,78092800.0
000905.SH,2017-11-28,6299.31,6188.09,6299.31,6188.09,6194.55,104.76,1.6912,56478200.0,71418800.0
000905.SH,2017-11-29,6318.37,6293.25,6329.18,6245.06,6299.31,19.0562,0.3025,76563900.0,94409000.0
000905.SH,2017-11-30,6263.42,6303.92,6322.04,6248.18,6318.37,-54.9474,-0.8696,60883400.0,77704200.0
000905.SH,2017-12-01,6316.41,6259.96,6323.84,6256.23,6263.42,52.9862,0.846,54746300.0,72064700.0
000905.SH,2017-12-04,6279.62,6311.22,6334.87,6272.67,6316.41,-36.7866,-0.5824,60188200.0,79301600.0
000905.SH,2017-12-05,6132.91,6265.79,6279.39,6099.41,6279.62,-146.709,-2.3363,69690200.0,87408900.0
000905.SH,2017-12-06,6172.8,6116.16,6173.35,6053.24,6132.91,39.8911,0.6504,60267200.0,74993600.0
000905.SH,2017-12-07,6135.47,6156.35,6182.75,6130.83,6172.8,-37.3329,-0.6048,53098000.0,69245100.0
000905.SH,2017-12-08,6203.14,6128.12,6217.57,6126.38,6135.47,67.6731,1.103,55579200.0,72390400.0
000905.SH,2017-12-11,6286.17,6214.64,6286.5,6214.64,6203.14,83.0223,1.3384,61112900.0,77392000.0
000905.SH,2017-12-12,6233.21,6281.14,6290.85,6233.21,6286.17,-52.9541,-0.8424,56614400.0,73964800.0
000905.SH,2017-12-13,6277.44,6224.78,6277.73,6217.79,6233.21,44.2295,0.7096,50352000.0,64676000.0
000905.SH,2017-12-14,6284.08,6273.61,6288.5,6247.68,6277.44,6.6397,0.1058,55759200.0,72497800.0
000905.SH,2017-12-15,6235.76,6274.1,6278.93,6214.65,6284.08,-48.3199,-0.7689,61938100.0,77690500.0
000905.SH,2017-12-18,6199.99,6229.74,6247.59,6179.03,6235.76,-35.7719,-0.5737,53772200.0,67137200.0
000905.SH,2017-12-19,6251.24,6200.93,6251.49,6200.71,6199.99,51.2527,0.8267,52639300.0,65186700.0
000905.SH,2017-12-20,6199.36,6244.06,6246.91,6188.32,6251.24,-51.8788,-0.8299,57814500.0,69446000.0
000905.SH,2017-12-21,6238.5,6191.78,6255.84,6148.82,6199.36,39.1359,0.6313,59245900.0,73900000.0
000905.SH,2017-12-22,6242.88,6236.23,6269.31,6235.23,6238.5,4.386,0.0703,55010600.0,70736600.0
000905.SH,2017-12-25,6185.59,6244.86,6257.02,6170.68,6242.88,-57.294,-0.9177,61264700.0,75604300.0
000905.SH,2017-12-26,6220.15,6179.56,6220.5,6148.1,6185.59,34.5566,0.5587,57671700.0,69117500.0
000905.SH,2017-12-27,6173.15,6213.24,6228.88,6168.13,6220.15,-46.9945,-0.7555,64197500.0,78009700.0
000905.SH,2017-12-28,6204.27,6163.96,6219.54,6157.1,6173.15,31.1174,0.5041,65877500.0,78010200.0
000905.SH,2017-12-29,6250.82,6201.46,6250.82,6201.46,6204.27,46.5505,0.7503,57165600.0,71841800.0
000905.SH,2018-01-02,6332.23,6263.15,6332.61,6258.16,6250.82,81.4062,1.3023,73032200.0,88154000.0
000905.SH,2018-01-03,6388.25,6331.72,6391.98,6324.26,6332.23,56.0264,0.8848,83936700.0,103455000.0
000905.SH,2018-01-04,6417.54,6380.27,6418.26,6375.51,6388.25,29.2817,0.4584,80543700.0,102930000.0
000905.SH,2018-01-05,6417.25,6414.77,6435.85,6397.29,6417.54,-0.2813,-0.0044,81581000.0,97642300.0
000905.SH,2018-01-08,6446.18,6413.87,6446.79,6393.88,6417.25,28.9281,0.4508,89476900.0,106390000.0
000905.SH,2018-01-09,6445.75,6441.68,6449.03,6425.03,6446.18,-0.4356,-0.0068,75573200.0,92837800.0
000905.SH,2018-01-10,6405.94,6443.46,6444.31,6361.09,6445.75,-39.8067,-0.6176,80967000.0,98938300.0
000905.SH,2018-01-11,6425.94,6391.9,6432.44,6371.54,6405.94,20.0006,0.3122,78770100.0,91569200.0
000905.SH,2018-01-12,6399.37,6418.83,6435.19,6387.78,6425.94,-26.5664,-0.4134,77834600.0,89777100.0
000905.SH,2018-01-15,6253.38,6391.37,6392.52,6236.56,6399.37,-145.998,-2.2814,91474000.0,110513000.0
000905.SH,2018-01-16,6301.13,6245.15,6301.4,6245.11,6253.38,47.7568,0.7637,79169700.0,96364900.0
000905.SH,2018-01-17,6267.46,6288.02,6288.14,6202.31,6301.13,-33.6728,-0.5344,84195500.0,99694500.0
000905.SH,2018-01-18,6286.8,6253.06,6295.78,6253.06,6267.46,19.3408,0.3086,65015300.0,76896800.0
000905.SH,2018-01-19,6272.38,6284.6,6317.0,6261.24,6286.8,-14.4207,-0.2294,71806700.0,84263200.0
000905.SH,2018-01-22,6347.64,6264.75,6347.81,6248.31,6272.38,75.2583,1.1998,72761200.0,85475500.0
000905.SH,2018-01-23,6355.0,6342.69,6362.58,6330.46,6347.64,7.3595,0.1159,66753900.0,80539700.0
000905.SH,2018-01-24,6394.3,6353.3,6395.57,6322.92,6355.0,39.3021,0.6184,77347700.0,94754100.0
000905.SH,2018-01-25,6382.72,6386.8,6424.35,6380.84,6394.3,-11.5834,-0.1812,81082900.0,95990400.0
000905.SH,2018-01-26,6383.63,6374.1,6401.48,6368.9,6382.72,0.9147,0.0143,69004600.0,82476800.0
000905.SH,2018-01-29,6309.88,6385.04,6398.97,6295.9,6383.63,-73.7476,-1.1553,84031200.0,96862100.0
000905.SH,2018-01-30,6313.44,6301.35,6330.54,6300.46,6309.88,3.5584,0.0564,70699700.0,81577600.0
000905.SH,2018-01-31,6189.34,6277.74,6277.74,6170.16,6313.44,-124.101,-1.9657,80733500.0,88106200.0
000905.SH,2018-02-01,5984.74,6181.0,6196.71,5984.28,6189.34,-204.598,-3.3057,94968500.0,102122000.0
000905.SH,2018-02-02,6004.85,5937.62,6006.47,5844.46,5984.74,20.1066,0.336,83747600.0,89557300.0
000905.SH,2018-02-05,5998.22,5927.74,6016.16,5907.47,6004.85,-6.6258,-0.1103,74046500.0,79277100.0
000905.SH,2018-02-06,5704.26,5886.35,5920.74,5702.85,5998.22,-293.96,-4.9008,92340700.0,95655900.0
000905.SH,2018-02-07,5711.33,5805.96,5831.81,5630.09,5704.26,7.0681,0.1239,85236000.0,88965400.0
000905.SH,2018-02-08,5766.48,5695.67,5786.79,5691.29,5711.33,55.1475,0.9656,62444800.0,66338200.0
000905.SH,2018-02-09,5554.9,5631.96,5663.1,5490.62,5766.48,-211.582,-3.6692,84318800.0,82291700.0
000905.SH,2018-02-12,5699.1,5581.71,5714.82,5581.71,5554.9,144.201,2.5959,57246500.0,61430800.0
000905.SH,2018-02-13,5736.95,5731.15,5789.7,5727.75,5699.1,37.8526,0.6642,57208600.0,62790500.0
000905.SH,2018-02-14,5754.83,5741.88,5761.77,5712.88,5736.95,17.8839,0.3117,41398200.0,42490000.0
000905.SH,2018-02-22,5875.73,5800.95,5875.76,5797.91,5754.83,120.893,2.1007,59636100.0,61992000.0
000905.SH,2018-02-23,5897.68,5877.72,5902.94,5848.52,5875.73,21.9493,0.3736,62147800.0,64825100.0
000905.SH,2018-02-26,6029.68,5926.42,6032.14,5917.62,5897.68,132.003,2.2382,83074000.0,92064900.0
000905.SH,2018-02-27,6010.56,6025.88,6042.39,6000.88,6029.68,-19.1222,-0.3171,77022200.0,90285100.0
000905.SH,2018-02-28,6023.68,5967.9,6044.07,5939.64,6010.56,13.1197,0.2183,70986900.0,82266500.0
000905.SH,2018-03-01,6090.22,5987.36,6091.0,5974.12,6023.68,66.5477,1.1048,73101800.0,86470400.0
000905.SH,2018-03-02,6056.34,6053.48,6094.8,6044.26,6090.22,-33.8893,-0.5565,73434800.0,86135000.0
000905.SH,2018-03-05,6064.1,6066.68,6080.97,6031.98,6056.34,7.7629,0.1282,67324700.0,82113700.0
000905.SH,2018-03-06,6145.58,6077.37,6145.85,6070.72,6064.1,81.4785,1.3436,83495800.0,99900200.0
000905.SH,2018-03-07,6086.49,6133.95,6149.1,6082.58,6145.58,-59.0894,-0.9615,74594100.0,84935000.0
000905.SH,2018-03-08,6131.51,6073.67,6131.7,6073.67,6086.49,45.0268,0.7398,67889900.0,76733000.0
000905.SH,2018-03-09,6206.98,6131.12,6211.28,6131.01,6131.51,75.4612,1.2307,85928300.0,98413200.0
000905.SH,2018-03-12,6295.78,6230.81,6295.78,6230.39,6206.98,88.8022,1.4307,97662300.0,117238000.0
000905.SH,2018-03-13,6254.15,6285.8,6297.43,6251.4,6295.78,-41.6319,-0.6613,84804800.0,97523500.0
000905.SH,2018-03-14,6189.32,6234.24,6253.17,6185.18,6254.15,-64.8287,-1.0366,75466600.0,87185200.0
000905.SH,2018-03-15,6180.11,6172.85,6203.24,6117.6,6189.32,-9.2062,-0.1487,72173900.0,82975100.0
000905.SH,2018-03-16,6146.31,6181.38,6205.87,6146.31,6180.11,-33.805,-0.547,65073500.0,75643400.0
000905.SH,2018-03-19,6153.83,6142.52,6186.61,6118.3,6146.31,7.5281,0.1225,67233200.0,78681900.0
000905.SH,2018-03-20,6173.7,6109.6,6176.5,6091.5,6153.83,19.8645,0.3228,67475700.0,78423700.0
000905.SH,2018-03-21,6129.2,6182.11,6224.56,6125.14,6173.7,-44.4942,-0.7207,79487200.0,92526100.0
000905.SH,2018-03-22,6101.23,6130.05,6161.38,6074.66,6129.2,-27.9766,-0.4564,67407400.0,78135900.0
000905.SH,2018-03-23,5787.15,5913.37,5978.42,5722.77,6101.23,-314.075,-5.1477,121367000.0,121045000.0
000905.SH,2018-03-26,5902.96,5715.35,5902.96,5675.37,5787.15,115.807,2.0011,84772900.0,91809700.0
000905.SH,2018-03-27,6034.77,5956.24,6043.05,5956.24,5902.96,131.816,2.2331,89199300.0,106539000.0
000905.SH,2018-03-28,5973.34,5962.56,6036.16,5949.1,6034.77,-61.4336,-1.018,75299100.0,90975300.0
000905.SH,2018-03-29,6034.86,5993.97,6040.86,5967.63,5973.34,61.5158,1.0298,68813700.0,82742500.0
000905.SH,2018-03-30,6114.74,6052.18,6115.27,6051.02,6034.86,79.881,1.3237,73046500.0,94445300.0
000905.SH,2018-04-02,6121.96,6127.23,6169.3,6113.34,6114.74,7.226,0.1182,85433800.0,109911000.0
000905.SH,2018-04-03,6059.71,6039.07,6066.44,6008.51,6121.96,-62.2553,-1.0169,71749900.0,87808400.0
000905.SH,2018-04-04,6017.69,6077.65,6098.84,6011.15,6059.71,-42.0226,-0.6935,67260200.0,83134500.0
000905.SH,2018-04-09,6025.65,5994.35,6053.97,5954.54,6017.69,7.963,0.1323,64851800.0,79255900.0
000905.SH,2018-04-10,6063.74,6032.49,6064.39,5993.0,6025.65,38.093,0.6322,69421000.0,81611900.0
000905.SH,2018-04-11,6086.61,6082.03,6110.18,6073.22,6063.74,22.8703,0.3772,66248900.0,81079800.0
000905.SH,2018-04-12,6051.33,6073.77,6091.98,6039.56,6086.61,-35.278,-0.5796,60524200.0,72705100.0
000905.SH,2018-04-13,6027.19,6073.84,6093.35,6018.01,6051.33,-24.1479,-0.3991,54157600.0,66885600.0
000905.SH,2018-04-16,6012.41,6018.17,6053.99,5966.2,6027.19,-14.7814,-0.2452,70985900.0,87151700.0
000905.SH,2018-04-17,5890.86,6024.55,6038.25,5886.02,6012.41,-121.548,-2.0216,71920300.0,88004200.0
000905.SH,2018-04-18,5970.66,5925.84,5981.34,5826.65,5890.86,79.8006,1.3547,76201700.0,98199200.0
000905.SH,2018-04-19,6004.73,5965.24,6041.99,5962.71,5970.66,34.0757,0.5707,75998600.0,99649000.0
000905.SH,2018-04-20,5880.84,5984.06,5999.01,5872.5,6004.73,-123.897,-2.0633,72391400.0,90559600.0
000905.SH,2018-04-23,5823.92,5885.61,5913.57,5761.97,5880.84,-56.9154,-0.9678,63952400.0,81375000.0
000905.SH,2018-04-24,5957.19,5825.45,5957.83,5825.45,5823.92,133.272,2.2884,67954100.0,85162000.0
000905.SH,2018-04-25,5959.42,5929.4,5968.88,5919.52,5957.19,2.2293,0.0374,60382800.0,78868200.0
000905.SH,2018-04-26,5847.98,5951.19,5955.26,5846.08,5959.42,-111.445,-1.8701,62638400.0,77107600.0
000905.SH,2018-04-27,5860.98,5865.44,5886.0,5808.78,5847.98,13.007,0.2224,55997800.0,72295800.0
000905.SH,2018-05-02,5855.32,5861.84,5894.46,5817.39,5860.98,-5.6603,-0.0966,63147000.0,78765900.0
000905.SH,2018-05-03,5910.61,5843.09,5911.09,5779.73,5855.32,55.2825,0.9441,67604500.0,83816600.0
000905.SH,2018-05-04,5909.29,5891.12,5939.95,5883.7,5910.61,-1.3114,-0.0222,55464000.0,73639300.0
000905.SH,2018-05-07,6019.14,5921.31,6023.19,5918.38,5909.29,109.846,1.8589,64033400.0,83485000.0
000905.SH,2018-05-08,6041.81,6023.58,6042.07,6012.13,6019.14,22.6734,0.3767,62194700.0,80480600.0
000905.SH,2018-05-09,6029.23,6034.46,6042.91,6002.39,6041.81,-12.5814,-0.2082,54124200.0,67413900.0
000905.SH,2018-05-10,6040.57,6036.01,6052.71,5999.95,6029.23,11.3387,0.1881,58310700.0,72313800.0
000905.SH,2018-05-11,5991.34,6044.98,6052.54,5989.43,6040.57,-49.2292,-0.815,63847300.0,76807400.0
000905.SH,2018-05-14,5967.55,5982.47,6008.89,5951.67,5991.34,-23.7883,-0.397,59798200.0,75641900.0
000905.SH,2018-05-15,6020.57,5972.16,6021.02,5947.46,5967.55,53.0156,0.8884,54721500.0,69543000.0
000905.SH,2018-05-16,6004.07,6002.75,6045.03,5991.38,6020.57,-16.5001,-0.2741,58338600.0,74115200.0
000905.SH,2018-05-17,5973.78,6000.74,6010.3,5959.73,6004.07,-30.2911,-0.5045,52997300.0,65967400.0
000905.SH,2018-05-18,5995.15,5968.56,6000.95,5932.13,5973.78,21.3712,0.3578,57868300.0,70899000.0
000905.SH,2018-05-21,6072.2,6034.43,6080.82,6034.06,5995.15,77.0494,1.2852,70722400.0,86933300.0
000905.SH,2018-05-22,6092.91,6066.25,6092.91,6052.09,6072.2,20.7078,0.341,62266900.0,74429100.0
000905.SH,2018-05-23,6013.85,6080.73,6081.53,6012.42,6092.91,-79.0597,-1.2976,67845900.0,82629900.0
000905.SH,2018-05-24,5992.62,6014.02,6028.5,5986.72,6013.85,-21.2263,-0.353,53711800.0,67066100.0
000905.SH,2018-05-25,5917.8,5983.94,5992.48,5909.04,5992.62,-74.8231,-1.2486,57793800.0,69492000.0
000905.SH,2018-05-28,5891.26,5910.48,5938.07,5858.27,5917.8,-26.5351,-0.4484,57810100.0,68653100.0
000905.SH,2018-05-29,5835.45,5884.59,5921.72,5832.55,5891.26,-55.8171,-0.9475,56179900.0,67901900.0
000905.SH,2018-05-30,5682.59,5759.45,5778.04,5675.91,5835.45,-152.857,-2.6195,68527900.0,76127600.0
000905.SH,2018-05-31,5754.47,5722.95,5760.2,5672.18,5682.59,71.8865,1.265,56008900.0,65192200.0
000905.SH,2018-06-01,5685.12,5729.92,5759.5,5654.84,5754.47,-69.3591,-1.2053,53833600.0,61533900.0
000905.SH,2018-06-04,5683.15,5692.97,5707.49,5652.14,5685.12,-1.9669,-0.0346,46750300.0,54050300.0
000905.SH,2018-06-05,5779.08,5681.22,5779.86,5680.49,5683.15,95.9292,1.688,47410500.0,56450400.0
000905.SH,2018-06-06,5774.26,5770.71,5784.61,5748.7,5779.08,-4.8203,-0.0834,48182500.0,56304600.0
000905.SH,2018-06-07,5738.02,5786.46,5798.33,5734.63,5774.26,-36.2399,-0.6276,47376200.0,54089400.0
000905.SH,2018-06-08,5669.3,5731.84,5731.84,5630.66,5738.02,-68.7145,-1.1975,52925600.0,58767200.0
000905.SH,2018-06-11,5632.36,5657.65,5672.63,5612.87,5669.3,-36.9465,-0.6517,43109700.0,48746500.0
000905.SH,2018-06-12,5693.35,5638.35,5693.61,5594.92,5632.36,60.9895,1.0828,46645400.0,54189500.0
000905.SH,2018-06-13,5607.02,5678.81,5679.67,5605.55,5693.35,-86.3288,-1.5163,49234200.0,53944400.0
000905.SH,2018-06-14,5586.93,5590.57,5645.19,5570.83,5607.02,-20.0859,-0.3582,44419700.0,49865500.0
000905.SH,2018-06-15,5483.94,5582.84,5593.69,5448.07,5586.93,-102.987,-1.8434,56448600.0,59537600.0
000905.SH,2018-06-19,5141.71,5396.68,5409.41,5070.22,5483.94,-342.235,-6.2407,82986400.0,76922800.0
000905.SH,2018-06-20,5198.39,5114.06,5222.88,5090.22,5141.71,56.684,1.1024,60329400.0,57106400.0
000905.SH,2018-06-21,5089.25,5196.13,5244.65,5086.93,5198.39,-109.141,-2.0995,63240500.0,60429300.0
000905.SH,2018-06-22,5160.12,5052.44,5165.04,5017.51,5089.25,70.8706,1.3926,51689200.0,49898700.0
000905.SH,2018-06-25,5125.03,5196.65,5211.76,5121.21,5160.12,-35.0895,-0.68,47860800.0,46663100.0
000905.SH,2018-06-26,5160.28,5059.38,5170.17,5044.24,5125.03,35.2496,0.6878,51066600.0,49773400.0
000905.SH,2018-06-27,5109.5,5159.62,5188.2,5089.71,5160.28,-50.7854,-0.9842,49857800.0,48613400.0
000905.SH,2018-06-28,5055.11,5097.51,5150.65,5050.32,5109.5,-54.3882,-1.0645,47767500.0,46665000.0
000905.SH,2018-06-29,5217.76,5061.09,5218.91,5054.05,5055.11,162.655,3.2176,57234900.0,57894800.0
000905.SH,2018-07-02,5138.78,5216.85,5238.64,5100.87,5217.76,-78.9817,-1.5137,55248900.0,58629500.0
000905.SH,2018-07-03,5197.13,5138.55,5203.36,5054.66,5138.78,58.3487,1.1355,61424200.0,64268500.0
000905.SH,2018-07-04,5121.34,5171.19,5180.27,5102.78,5197.13,-75.7877,-1.4583,53860000.0,53143800.0
000905.SH,2018-07-05,4982.76,5109.14,5126.47,4981.78,5121.34,-138.581,-2.7059,52927400.0,52638800.0
000905.SH,2018-07-06,4996.63,4981.98,5061.04,4897.26,4982.76,13.8672,0.2783,61340300.0,62083400.0
000905.SH,2018-07-09,5107.55,5007.21,5107.88,5007.21,4996.63,110.921,2.2199,52937200.0,55786400.0
000905.SH,2018-07-10,5136.53,5114.12,5141.71,5094.29,5107.55,28.9819,0.5674,52227700.0,54565900.0
000905.SH,2018-07-11,5036.16,5060.07,5070.49,4973.99,5136.53,-100.376,-1.9542,58915300.0,58812400.0
000905.SH,2018-07-12,5172.5,5029.29,5184.02,5029.29,5036.16,136.347,2.7074,68089600.0,71215000.0
000905.SH,2018-07-13,5204.19,5174.51,5207.36,5167.16,5172.5,31.6823,0.6125,56354200.0,61214600.0
000905.SH,2018-07-16,5195.2,5201.53,5216.56,5170.22,5204.19,-8.9853,-0.1727,51667400.0,57488200.0
000905.SH,2018-07-17,5196.2,5189.15,5196.2,5132.21,5195.2,0.9967,0.0192,48243300.0,52610200.0
000905.SH,2018-07-18,5156.64,5198.89,5220.18,5156.64,5196.2,-39.5606,-0.7613,55257100.0,57391500.0
000905.SH,2018-07-19,5111.33,5153.38,5179.73,5088.12,5156.64,-45.3092,-0.8787,50483900.0,51462200.0
000905.SH,2018-07-20,5175.25,5105.65,5184.87,5072.16,5111.33,63.9245,1.2506,57868500.0,58971300.0
000905.SH,2018-07-23,5214.0,5146.62,5214.38,5132.38,5175.25,38.7522,0.7488,68484300.0,71205900.0
000905.SH,2018-07-24,5304.64,5213.39,5315.67,5211.94,5214.0,90.6372,1.7383,88201800.0,89531000.0
000905.SH,2018-07-25,5308.66,5308.02,5332.62,5294.42,5304.64,4.0159,0.0757,74850900.0,72266900.0
000905.SH,2018-07-26,5273.48,5307.3,5318.88,5262.31,5308.66,-35.178,-0.6627,75120200.0,65271800.0
000905.SH,2018-07-27,5249.29,5270.23,5281.35,5230.1,5273.48,-24.1885,-0.4587,61715900.0,54149400.0
000905.SH,2018-07-30,5185.15,5244.77,5255.19,5167.4,5249.29,-64.1394,-1.2219,60836000.0,58367000.0
000905.SH,2018-07-31,5188.72,5182.83,5208.38,5163.66,5185.15,3.5656,0.0688,49496400.0,49340100.0
000905.SH,2018-08-01,5105.37,5198.46,5233.5,5105.37,5188.72,-83.3425,-1.6062,60369500.0,58600900.0
000905.SH,2018-08-02,4996.01,5094.34,5094.34,4887.5,5105.37,-109.362,-2.1421,74390300.0,67786100.0
000905.SH,2018-08-03,4929.75,4982.89,5008.24,4929.75,4996.01,-66.262,-1.3263,50735800.0,48281900.0
000905.SH,2018-08-06,4825.25,4919.5,4941.18,4798.85,4929.75,-104.499,-2.1198,52455200.0,51046900.0
000905.SH,2018-08-07,4956.87,4836.31,4956.87,4797.45,4825.25,131.621,2.7278,59145800.0,55813400.0
000905.SH,2018-08-08,4880.57,4940.78,4952.42,4877.66,4956.87,-76.3024,-1.5393,58083100.0,53408600.0
000905.SH,2018-08-09,5004.77,4862.15,5030.16,4856.48,4880.57,124.204,2.5449,68264800.0,64727800.0
000905.SH,2018-08-10,5030.51,5000.05,5037.49,4990.83,5004.77,25.7415,0.5143,53185000.0,53025200.0
000905.SH,2018-08-13,5055.28,4981.34,5064.02,4958.89,5030.51,24.7605,0.4922,55722700.0,57931400.0
000905.SH,2018-08-14,5037.88,5043.89,5061.41,5016.32,5055.28,-17.3922,-0.344,46375900.0,47977100.0
000905.SH,2018-08-15,4932.81,5035.57,5038.77,4929.2,5037.88,-105.077,-2.0857,53350000.0,49219300.0
000905.SH,2018-08-16,4888.37,4876.69,4943.2,4836.05,4932.81,-44.4351,-0.9008,52393800.0,47422700.0
000905.SH,2018-08-17,4803.03,4923.44,4941.1,4793.77,4888.37,-85.3427,-1.7458,51708000.0,47777900.0
000905.SH,2018-08-20,4832.65,4794.24,4832.91,4736.56,4803.03,29.6227,0.6168,51631100.0,47753700.0
000905.SH,2018-08-21,4891.98,4831.21,4901.12,4816.85,4832.65,59.3289,1.2277,49737900.0,48883500.0
000905.SH,2018-08-22,4837.02,4877.01,4878.82,4829.6,4891.98,-54.9618,-1.1235,43922300.0,41150000.0
000905.SH,2018-08-23,4863.67,4832.01,4885.81,4821.11,4837.02,26.6468,0.5509,47263800.0,47302500.0
000905.SH,2018-08-24,4852.29,4853.86,4880.89,4831.89,4863.67,-11.3764,-0.2339,43898100.0,41741700.0
000905.SH,2018-08-27,4960.07,4859.12,4964.45,4859.12,4852.29,107.777,2.2212,58545800.0,58402000.0
000905.SH,2018-08-28,4974.21,4964.73,4983.94,4954.17,4960.07,14.1417,0.2851,53465400.0,53028700.0
000905.SH,2018-08-29,4941.96,4972.08,4974.16,4929.46,4974.21,-32.2465,-0.6483,53272200.0,45121100.0
000905.SH,2018-08-30,4867.12,4937.65,4952.61,4861.06,4941.96,-74.8393,-1.5144,54158500.0,47422500.0
000905.SH,2018-08-31,4814.82,4854.96,4862.44,4805.21,4867.12,-52.2977,-1.0745,48012100.0,42052900.0
000905.SH,2018-09-03,4838.87,4808.38,4840.15,4754.81,4814.82,24.0493,0.4995,52902600.0,46495700.0
000905.SH,2018-09-04,4890.28,4833.88,4905.02,4828.52,4838.87,51.4076,1.0624,61024900.0,54969300.0
000905.SH,2018-09-05,4815.03,4877.11,4886.27,4814.96,4890.28,-75.2463,-1.5387,58403500.0,47240000.0
000905.SH,2018-09-06,4793.35,4800.94,4849.18,4773.88,4815.03,-21.6889,-0.4504,45868500.0,44572500.0
000905.SH,2018-09-07,4791.78,4796.84,4867.53,4759.49,4793.35,-1.5675,-0.0327,53600100.0,53242800.0
000905.SH,2018-09-10,4704.88,4792.6,4794.01,4701.29,4791.78,-86.8997,-1.8135,51326500.0,45376000.0
000905.SH,2018-09-11,4702.9,4702.83,4738.26,4669.42,4704.88,-1.975,-0.042,49968000.0,42215700.0
000905.SH,2018-09-12,4693.97,4700.9,4733.58,4681.13,4702.9,-8.9289,-0.1899,42540900.0,38524800.0
000905.SH,2018-09-13,4721.21,4727.43,4752.9,4655.21,4693.97,27.2378,0.5803,55692100.0,47279200.0
000905.SH,2018-09-14,4670.08,4720.78,4724.0,4669.94,4721.21,-51.1322,-1.083,56447900.0,44931900.0
000905.SH,2018-09-17,4602.39,4649.95,4649.95,4586.32,4670.08,-67.6898,-1.4494,49338900.0,37905900.0
000905.SH,2018-09-18,4683.51,4588.23,4684.29,4584.43,4602.39,81.1155,1.7625,54432300.0,44579200.0
000905.SH,2018-09-19,4736.89,4673.95,4772.95,4664.13,4683.51,53.3878,1.1399,67055900.0,55671400.0
000905.SH,2018-09-20,4733.48,4734.48,4761.41,4723.3,4736.89,-3.4128,-0.072,56399000.0,43574300.0
000905.SH,2018-09-21,4805.22,4743.81,4813.29,4721.69,4733.48,71.7345,1.5155,65895200.0,52507700.0
000905.SH,2018-09-25,4792.55,4774.79,4810.34,4763.21,4805.22,-12.6644,-0.2636,52654200.0,42641700.0
000905.SH,2018-09-26,4815.63,4794.07,4841.7,4782.39,4792.55,23.0799,0.4816,64719600.0,51709800.0
000905.SH,2018-09-27,4755.38,4812.64,4817.62,4754.28,4815.63,-60.2503,-1.2511,61437700.0,47097800.0
000905.SH,2018-09-28,4800.73,4762.33,4802.16,4746.18,4755.38,45.3484,0.9536,57268600.0,45938700.0
000905.SH,2018-10-08,4646.49,4722.42,4737.29,4639.4,4800.73,-154.236,-3.2128,63275700.0,49494800.0
000905.SH,2018-10-09,4634.89,4652.49,4685.22,4612.64,4646.49,-11.599,-0.2496,50437500.0,41244000.0
000905.SH,2018-10-10,4629.89,4634.64,4655.55,4586.89,4634.89,-5.0062,-0.108,51339600.0,39541100.0
000905.SH,2018-10-11,4307.42,4483.27,4503.2,4274.7,4629.89,-322.467,-6.9649,90563600.0,64480300.0
000905.SH,2018-10-12,4278.04,4267.36,4300.01,4136.63,4307.42,-29.3855,-0.6822,81525200.0,56700600.0
000905.SH,2018-10-15,4199.15,4283.36,4317.71,4195.83,4278.04,-78.8821,-1.8439,62291800.0,44849000.0
000905.SH,2018-10-16,4099.68,4193.38,4221.34,4076.87,4199.15,-99.4701,-2.3688,61076700.0,44015900.0
000905.SH,2018-10-17,4133.38,4147.35,4167.76,4038.42,4099.68,33.7001,0.822,69523900.0,47137700.0
000905.SH,2018-10-18,4018.46,4104.33,4104.33,4013.65,4133.38,-114.922,-2.7803,59783900.0,40382600.0
000905.SH,2018-10-19,4127.99,3958.45,4130.93,3948.56,4018.46,109.524,2.7255,69561600.0,49937000.0
000905.SH,2018-10-22,4333.14,4165.76,4375.6,4165.76,4127.99,205.159,4.97,92958300.0,69511000.0
000905.SH,2018-10-23,4253.56,4336.45,4350.73,4228.33,4333.14,-79.5884,-1.8367,74668100.0,54448400.0
000905.SH,2018-10-24,4245.49,4233.84,4297.37,4207.17,4253.56,-8.0677,-0.1897,62823500.0,44264700.0
000905.SH,2018-10-25,4234.42,4124.19,4240.58,4103.56,4245.49,-11.0676,-0.2607,69687200.0,48371800.0
000905.SH,2018-10-26,4233.96,4260.91,4294.56,4217.79,4234.42,-0.4623,-0.0109,67983600.0,46824100.0
000905.SH,2018-10-29,4162.53,4220.63,4227.64,4144.81,4233.96,-71.433,-1.6871,57451600.0,41278100.0
000905.SH,2018-10-30,4204.54,4145.4,4233.79,4096.14,4162.53,42.0169,1.0094,72834600.0,52308200.0
000905.SH,2018-10-31,4272.55,4207.76,4298.24,4204.36,4204.54,68.0094,1.6175,74687800.0,53243300.0
000905.SH,2018-11-01,4298.98,4299.46,4367.73,4294.87,4272.55,26.4319,0.6186,86059100.0,65004700.0
000905.SH,2018-11-02,4437.95,4366.73,4437.98,4360.88,4298.98,138.962,3.2324,96892200.0,75808800.0
000905.SH,2018-11-05,4440.83,4427.63,4466.14,4375.04,4437.95,2.8818,0.0649,87777300.0,66155100.0
000905.SH,2018-11-06,4438.1,4427.36,4440.11,4385.33,4440.83,-2.7309,-0.0615,69803000.0,51219300.0
000905.SH,2018-11-07,4415.14,4437.72,4479.69,4414.07,4438.1,-22.9605,-0.5174,78086400.0,58896500.0
000905.SH,2018-11-08,4382.33,4442.66,4450.98,4379.88,4415.14,-32.8074,-0.7431,72145400.0,51522200.0
000905.SH,2018-11-09,4368.61,4363.21,4396.39,4348.81,4382.33,-13.7143,-0.3129,67425000.0,45846300.0
000905.SH,2018-11-12,4481.69,4360.63,4481.77,4354.47,4368.61,113.074,2.5883,86990500.0,59949600.0
000905.SH,2018-11-13,4563.54,4430.95,4588.5,4422.95,4481.69,81.847,1.8263,128710000.0,84982100.0
000905.SH,2018-11-14,4545.51,4551.8,4600.13,4534.52,4563.54,-18.0262,-0.395,112599000.0,74023800.0
000905.SH,2018-11-15,4619.81,4540.88,4619.81,4539.96,4545.51,74.3052,1.6347,98305200.0,69668900.0
000905.SH,2018-11-16,4659.1,4625.0,4691.56,4609.83,4619.81,39.2824,0.8503,110672000.0,82381100.0
000905.SH,2018-11-19,4670.74,4660.48,4677.97,4612.48,4659.1,11.6405,0.2498,111015000.0,82549200.0
000905.SH,2018-11-20,4537.45,4629.13,4645.9,4535.87,4670.74,-133.288,-2.8537,103124000.0,76300200.0
000905.SH,2018-11-21,4554.67,4483.38,4564.53,4476.42,4537.45,17.2254,0.3796,90156600.0,65298600.0
000905.SH,2018-11-22,4551.33,4562.64,4583.37,4528.24,4554.67,-3.3483,-0.0735,75275000.0,54157300.0
000905.SH,2018-11-23,4374.76,4542.11,4547.51,4365.35,4551.33,-176.562,-3.8794,92074800.0,64245100.0
000905.SH,2018-11-26,4367.46,4371.42,4408.11,4347.75,4374.76,-7.3025,-0.1669,68584700.0,45641600.0
000905.SH,2018-11-27,4387.65,4393.29,4416.36,4361.02,4367.46,20.1896,0.4623,62352700.0,43832200.0
000905.SH,2018-11-28,4441.86,4389.83,4441.86,4333.06,4387.65,54.2054,1.2354,72507900.0,50581700.0
000905.SH,2018-11-29,4345.7,4462.79,4473.31,4344.9,4441.86,-96.1539,-2.1647,77102500.0,52609700.0
000905.SH,2018-11-30,4376.65,4334.04,4385.0,4291.81,4345.7,30.9481,0.7122,63848800.0,44026300.0
000905.SH,2018-12-03,4515.17,4483.66,4536.83,4460.39,4376.65,138.522,3.165,96265800.0,72617400.0
000905.SH,2018-12-04,4536.21,4506.25,4538.42,4492.06,4515.17,21.0369,0.4659,76280200.0,56315600.0
000905.SH,2018-12-05,4502.7,4456.2,4532.28,4445.97,4536.21,-33.5083,-0.7387,74276000.0,55251900.0
000905.SH,2018-12-06,4411.09,4476.81,4483.32,4405.84,4502.7,-91.6137,-2.0346,66047600.0,52051400.0
000905.SH,2018-12-07,4410.96,4419.61,4432.33,4397.42,4411.09,-0.1291,-0.0029,51755100.0,41253200.0
000905.SH,2018-12-10,4359.31,4381.38,4396.4,4350.23,4410.96,-51.6471,-1.1709,53940300.0,40103200.0
000905.SH,2018-12-11,4395.57,4373.03,4398.06,4365.12,4359.31,36.258,0.8317,50430800.0,37194200.0
000905.SH,2018-12-12,4393.32,4408.91,4417.6,4381.32,4395.57,-2.2462,-0.0511,48093600.0,35826100.0
000905.SH,2018-12-13,4443.16,4405.09,4471.26,4378.46,4393.32,49.8332,1.1343,63613900.0,47775600.0
000905.SH,2018-12-14,4337.1,4436.0,4439.05,4331.38,4443.16,-106.055,-2.3869,65786500.0,47335300.0
000905.SH,2018-12-17,4330.65,4322.59,4341.2,4285.21,4337.1,-6.456,-0.1489,51502800.0,38561900.0
000905.SH,2018-12-18,4307.27,4308.05,4339.4,4266.45,4330.65,-23.379,-0.5399,51303500.0,37327900.0
000905.SH,2018-12-19,4247.9,4311.28,4315.11,4245.15,4307.27,-59.3684,-1.3783,46260200.0,33854300.0
000905.SH,2018-12-20,4259.76,4240.37,4274.01,4225.13,4247.9,11.8623,0.2793,46967900.0,34731000.0
000905.SH,2018-12-21,4231.14,4246.43,4260.29,4204.49,4259.76,-28.6174,-0.6718,47110400.0,35374800.0
000905.SH,2018-12-24,4274.72,4227.35,4276.97,4215.02,4231.14,43.5778,1.0299,41841900.0,32706100.0
000905.SH,2018-12-25,4225.51,4233.54,4244.95,4132.76,4274.72,-49.2094,-1.1512,60383700.0,43750300.0
000905.SH,2018-12-26,4208.41,4218.66,4241.35,4194.31,4225.51,-17.1071,-0.4049,45032900.0,34328600.0
000905.SH,2018-12-27,4161.27,4263.33,4272.81,4159.77,4208.41,-47.1351,-1.12,54219400.0,40327800.0
000905.SH,2018-12-28,4168.04,4168.94,4192.7,4138.93,4161.27,6.7661,0.1626,49964200.0,37350100.0
000905.SH,2019-01-02,4131.96,4176.11,4179.72,4125.94,4168.04,-36.0796,-0.8656,47494400.0,35572500.0
000905.SH,2019-01-03,4112.81,4131.69,4182.2,4110.53,4131.96,-19.1497,-0.4635,55491200.0,41103700.0
000905.SH,2019-01-04,4210.88,4075.62,4210.88,4071.69,4112.81,98.0716,2.3845,73448700.0,52230700.0
000905.SH,2019-01-07,4288.32,4235.03,4297.02,4223.46,4210.88,77.4448,1.8392,81153400.0,59231300.0
000905.SH,2019-01-08,4277.3,4278.28,4289.63,4264.6,4288.32,-11.0267,-0.2571,69556900.0,49700100.0
000905.SH,2019-01-09,4288.77,4286.23,4354.2,4280.66,4277.3,11.475,0.2683,85153600.0,61510900.0
000905.SH,2019-01-10,4281.86,4289.56,4319.49,4274.2,4288.77,-6.9111,-0.1611,68910900.0,49243100.0
000905.SH,2019-01-11,4314.88,4282.39,4316.54,4267.29,4281.86,33.0151,0.771,68355100.0,46600000.0
000905.SH,2019-01-14,4286.55,4317.52,4325.95,4278.76,4314.88,-28.3283,-0.6565,67679600.0,44766000.0
000905.SH,2019-01-15,4347.36,4282.99,4350.93,4271.64,4286.55,60.8081,1.4186,72005200.0,50608100.0
000905.SH,2019-01-16,4336.88,4347.08,4364.1,4330.74,4347.36,-10.4776,-0.241,69274700.0,50030100.0
000905.SH,2019-01-17,4303.73,4334.63,4347.18,4297.67,4336.88,-33.1471,-0.7643,74562100.0,48421100.0
000905.SH,2019-01-18,4347.81,4307.14,4351.44,4297.48,4303.73,44.0804,1.0242,83371600.0,55476900.0
000905.SH,2019-01-21,4373.63,4354.7,4395.06,4352.81,4347.81,25.8221,0.5939,72781500.0,52937600.0
000905.SH,2019-01-22,4308.25,4370.86,4370.86,4291.96,4373.63,-65.3815,-1.4949,69496700.0,47826600.0
000905.SH,2019-01-23,4315.68,4298.94,4322.89,4292.09,4308.25,7.4328,0.1725,58485700.0,40571900.0
000905.SH,2019-01-24,4338.17,4318.71,4363.22,4292.83,4315.68,22.4854,0.521,70630300.0,51572100.0
000905.SH,2019-01-25,4318.44,4341.41,4359.46,4315.95,4338.17,-19.7283,-0.4548,71657500.0,52504900.0
000905.SH,2019-01-28,4307.22,4341.49,4370.9,4297.96,4318.44,-11.2221,-0.2599,67279900.0,49287500.0
000905.SH,2019-01-29,4254.29,4301.47,4301.47,4188.59,4307.22,-52.9321,-1.2289,77753700.0,54223800.0
000905.SH,2019-01-30,4211.62,4235.27,4266.88,4211.19,4254.29,-42.664,-1.0028,58513800.0,42466800.0
000905.SH,2019-01-31,4176.47,4203.98,4240.72,4151.41,4211.62,-35.1496,-0.8346,71511200.0,47694700.0
000905.SH,2019-02-01,4294.27,4189.11,4295.04,4189.11,4176.47,117.796,2.8205,66099700.0,47693500.0
000905.SH,2019-02-11,4402.87,4306.2,4403.73,4306.2,4294.27,108.597,2.5289,75297400.0,56743700.0
000905.SH,2019-02-12,4439.48,4398.44,4452.5,4394.83,4402.87,36.6182,0.8317,85271200.0,61588900.0
000905.SH,2019-02-13,4512.41,4442.73,4526.27,4433.03,4439.48,72.9238,1.6426,113219000.0,82940500.0
000905.SH,2019-02-14,4532.17,4507.84,4555.23,4494.55,4512.41,19.7611,0.4379,94828500.0,70164100.0
000905.SH,2019-02-15,4502.73,4523.94,4544.39,4497.39,4532.17,-29.4351,-0.6495,93511600.0,67254600.0
000905.SH,2019-02-18,4661.0,4527.97,4661.0,4527.97,4502.73,158.264,3.5148,124124000.0,92189900.0
000905.SH,2019-02-19,4667.28,4683.33,4706.53,4614.28,4661.0,6.2846,0.1348,143875000.0,105704000.0
000905.SH,2019-02-20,4667.62,4667.35,4677.98,4619.46,4667.28,0.3407,0.0073,120213000.0,87303400.0
000905.SH,2019-02-21,4659.14,4666.28,4750.42,4643.11,4667.62,-8.4812,-0.1817,145951000.0,111329000.0
000905.SH,2019-02-22,4777.3,4651.54,4777.3,4649.22,4659.14,118.155,2.536,146166000.0,111540000.0
000905.SH,2019-02-25,5044.35,4840.54,5045.08,4835.48,4777.3,267.049,5.59,241784000.0,190541000.0
000905.SH,2019-02-26,5038.54,5059.28,5149.62,5004.55,5044.35,-5.8031,-0.115,262833000.0,196258000.0
000905.SH,2019-02-27,5017.88,5027.39,5093.8,4964.62,5038.54,-20.6593,-0.41,208854000.0,155472000.0
000905.SH,2019-02-28,5025.29,5017.44,5072.67,4994.05,5017.88,7.4071,0.1476,156043000.0,116972000.0
000905.SH,2019-03-01,5067.23,5047.23,5067.31,4984.99,5025.29,41.9337,0.8345,149828000.0,112765000.0
000905.SH,2019-03-04,5158.25,5112.95,5253.39,5108.28,5067.23,91.0217,1.7963,232447000.0,183782000.0
000905.SH,2019-03-05,5295.29,5146.62,5295.29,5125.15,5158.25,137.041,2.6567,206891000.0,168046000.0
000905.SH,2019-03-06,5390.03,5328.13,5395.55,5256.79,5295.29,94.7416,1.7892,264964000.0,209513000.0
000905.SH,2019-03-07,5458.62,5381.23,5512.64,5353.57,5390.03,68.5859,1.2725,266967000.0,214812000.0
000905.SH,2019-03-08,5245.7,5340.11,5480.17,5245.53,5458.62,-212.915,-3.9005,285680000.0,229868000.0
000905.SH,2019-03-11,5456.38,5279.75,5456.42,5272.19,5245.7,210.681,4.0163,214252000.0,185767000.0
000905.SH,2019-03-12,5551.0,5500.94,5591.69,5458.76,5456.38,94.6219,1.7342,249334000.0,216216000.0
000905.SH,2019-03-13,5424.86,5557.16,5557.16,5388.25,5551.0,-126.139,-2.2724,224349000.0,201484000.0
000905.SH,2019-03-14,5298.5,5381.11,5432.52,5236.75,5424.86,-126.362,-2.3293,178609000.0,154289000.0
000905.SH,2019-03-15,5359.01,5328.81,5418.33,5308.06,5298.5,60.5063,1.142,152846000.0,139682000.0
000905.SH,2019-03-18,5501.18,5387.38,5501.18,5333.26,5359.01,142.174,2.653,172655000.0,153884000.0
000905.SH,2019-03-19,5522.18,5505.7,5555.12,5486.8,5501.18,20.9971,0.3817,166714000.0,150234000.0
000905.SH,2019-03-20,5515.79,5518.31,5533.05,5415.75,5522.18,-6.3945,-0.1158,176821000.0,154380000.0
000905.SH,2019-03-21,5589.48,5525.99,5634.66,5513.39,5515.79,73.6924,1.336,207150000.0,184005000.0
000905.SH,2019-03-22,5622.14,5591.04,5625.1,5505.81,5589.48,32.6622,0.5844,181955000.0,168610000.0
000905.SH,2019-03-25,5549.67,5521.25,5629.23,5507.36,5622.14,-72.4691,-1.289,178433000.0,166384000.0
000905.SH,2019-03-26,5394.88,5571.52,5589.41,5380.85,5549.67,-154.792,-2.7892,176165000.0,160540000.0
000905.SH,2019-03-27,5447.88,5431.98,5447.88,5333.78,5394.88,53.0008,0.9824,144957000.0,134714000.0
000905.SH,2019-03-28,5370.12,5432.94,5487.77,5370.12,5447.88,-77.7561,-1.4273,149261000.0,141312000.0
000905.SH,2019-03-29,5547.66,5370.42,5550.76,5346.21,5370.12,177.533,3.3059,178333000.0,164955000.0
000905.SH,2019-04-01,5757.84,5591.67,5763.58,5591.67,5547.66,210.182,3.7887,221182000.0,208465000.0
000905.SH,2019-04-02,5775.55,5794.79,5833.02,5750.33,5757.84,17.7118,0.3076,228750000.0,216018000.0
000905.SH,2019-04-03,5836.04,5744.22,5843.47,5724.13,5775.55,60.4872,1.0473,199105000.0,182304000.0
000905.SH,2019-04-04,5871.56,5868.39,5894.99,5813.46,5836.04,35.5206,0.6086,208835000.0,196845000.0
000905.SH,2019-04-08,5847.63,5921.21,5939.5,5765.91,5871.56,-23.9279,-0.4075,238317000.0,222907000.0
000905.SH,2019-04-09,5858.05,5834.29,5877.84,5798.37,5847.63,10.4168,0.1781,179364000.0,169073000.0
000905.SH,2019-04-10,5850.76,5826.03,5906.43,5782.37,5858.05,-7.2855,-0.1244,178754000.0,172672000.0
000905.SH,2019-04-11,5727.17,5852.64,5866.92,5720.55,5850.76,-123.586,-2.1123,165876000.0,157397000.0
000905.SH,2019-04-12,5714.37,5720.05,5749.34,5673.74,5727.17,-12.8073,-0.2236,140078000.0,126122000.0
000905.SH,2019-04-15,5655.98,5795.5,5815.39,5654.34,5714.37,-58.3851,-1.0217,157754000.0,147933000.0
000905.SH,2019-04-16,5777.01,5625.12,5777.01,5583.61,5655.98,121.029,2.1398,156030000.0,147395000.0
000905.SH,2019-04-17,5807.73,5776.64,5840.62,5758.0,5777.01,30.7177,0.5317,169800000.0,158857000.0
000905.SH,2019-04-18,5775.17,5804.3,5826.67,5762.57,5807.73,-32.5578,-0.5606,151323000.0,141407000.0
000905.SH,2019-04-19,5810.18,5762.5,5810.18,5710.8,5775.17,35.0088,0.6062,148724000.0,133507000.0
000905.SH,2019-04-22,5723.04,5821.02,5824.52,5704.98,5810.18,-87.1381,-1.4997,158161000.0,143411000.0
000905.SH,2019-04-23,5628.06,5710.73,5710.73,5610.74,5723.04,-94.9793,-1.6596,149871000.0,133768000.0
000905.SH,2019-04-24,5679.73,5636.4,5682.48,5568.41,5628.06,51.6632,0.918,134784000.0,121971000.0
000905.SH,2019-04-25,5458.42,5652.01,5662.79,5457.83,5679.73,-221.306,-3.8964,151402000.0,132099000.0
000905.SH,2019-04-26,5408.03,5427.62,5496.04,5407.19,5458.42,-50.3888,-0.9231,124280000.0,108971000.0
000905.SH,2019-04-29,5265.6,5405.16,5421.66,5252.05,5408.03,-142.43,-2.6337,138672000.0,119713000.0
000905.SH,2019-04-30,5307.56,5244.04,5349.94,5244.04,5265.6,41.9589,0.7968,102190000.0,90849600.0
000905.SH,2019-05-06,4908.8,5122.47,5125.16,4874.64,5307.56,-398.762,-7.5131,143386000.0,116598000.0
000905.SH,2019-05-07,4973.4,4933.04,4990.19,4886.06,4908.8,64.6059,1.3161,116574000.0,97661000.0
000905.SH,2019-05-08,4947.74,4865.79,5028.53,4842.56,4973.4,-25.6624,-0.516,107738000.0,88503400.0
000905.SH,2019-05-09,4888.41,4897.98,4955.78,4879.69,4947.74,-59.3291,-1.1991,90934700.0,75438900.0
000905.SH,2019-05-10,5064.32,4940.48,5064.32,4842.61,4888.41,175.91,3.5985,122177000.0,103927000.0
000905.SH,2019-05-13,5005.9,5009.47,5040.5,4985.19,5064.32,-58.4186,-1.1535,91736400.0,81269400.0
000905.SH,2019-05-14,4965.61,4942.39,5018.41,4941.93,5005.9,-40.292,-0.8049,87541000.0,78269200.0
000905.SH,2019-05-15,5076.56,5002.6,5086.73,4999.34,4965.61,110.943,2.2342,97463900.0,88150000.0
000905.SH,2019-05-16,5108.36,5071.11,5118.44,5059.21,5076.56,31.8038,0.6265,104422000.0,91206200.0
000905.SH,2019-05-17,4942.58,5112.24,5116.99,4923.67,5108.36,-165.78,-3.2453,119071000.0,103931000.0
000905.SH,2019-05-20,4923.56,4937.18,4947.75,4835.81,4942.58,-19.0203,-0.3848,95686500.0,84271500.0
000905.SH,2019-05-21,5009.87,4917.34,5026.28,4904.82,4923.56,86.3136,1.7531,100837000.0,91301300.0
000905.SH,2019-05-22,4976.39,5002.16,5018.11,4941.01,5009.87,-33.4796,-0.6683,94092700.0,86507900.0
000905.SH,2019-05-23,4872.92,4955.25,4957.99,4860.19,4976.39,-103.473,-2.0793,90563700.0,82582800.0
000905.SH,2019-05-24,4841.76,4848.58,4892.46,4831.33,4872.92,-31.1629,-0.6395,77933400.0,69305400.0
000905.SH,2019-05-27,4962.95,4848.64,4974.27,4824.14,4841.76,121.19,2.503,93076400.0,81678400.0
000905.SH,2019-05-28,4955.49,4965.59,5002.25,4933.9,4962.95,-7.4615,-0.1503,90264000.0,83642000.0
000905.SH,2019-05-29,4956.86,4943.57,4992.99,4930.43,4955.49,1.3783,0.0278,85876800.0,78641300.0
000905.SH,2019-05-30,4926.4,4933.5,4933.85,4865.78,4956.86,-30.4608,-0.6145,94779600.0,80822600.0
000905.SH,2019-05-31,4912.0,4923.92,4969.05,4902.74,4926.4,-14.4025,-0.2924,86716700.0,75731100.0
000905.SH,2019-06-03,4853.82,4921.71,4942.07,4838.35,4912.0,-58.1852,-1.1846,98540800.0,83580700.0
000905.SH,2019-06-04,4795.41,4847.66,4853.81,4768.04,4853.82,-58.4024,-1.2032,86751700.0,77250800.0
000905.SH,2019-06-05,4783.82,4837.9,4850.8,4777.98,4795.41,-11.5884,-0.2417,81300200.0,72772900.0
000905.SH,2019-06-06,4678.78,4776.49,4776.69,4668.54,4783.82,-105.04,-2.1957,83416900.0,70429600.0
000905.SH,2019-06-10,4725.26,4693.76,4750.54,4662.78,4678.78,46.4799,0.9934,73361400.0,63265400.0
000905.SH,2019-06-11,4901.47,4730.81,4903.87,4728.48,4725.26,176.208,3.7291,116811000.0,99669900.0
000905.SH,2019-06-12,4863.49,4889.36,4917.09,4852.98,4901.47,-37.9801,-0.7749,107848000.0,94685200.0
000905.SH,2019-06-13,4877.65,4855.54,4892.58,4831.52,4863.49,14.1583,0.2911,96172500.0,79697100.0
000905.SH,2019-06-14,4795.53,4880.23,4893.93,4786.19,4877.65,-82.1238,-1.6837,102804000.0,83140700.0
000905.SH,2019-06-17,4802.82,4796.12,4826.6,4779.64,4795.53,7.2918,0.1521,73361100.0,64090000.0
000905.SH,2019-06-18,4797.15,4804.3,4825.62,4773.55,4802.82,-5.6717,-0.1181,66523900.0,56694900.0
000905.SH,2019-06-19,4858.92,4902.96,4931.11,4856.9,4797.15,61.7696,1.2876,98274400.0,88246800.0
000905.SH,2019-06-20,4954.73,4853.21,4987.6,4837.18,4858.92,95.8174,1.972,119696000.0,102804000.0
000905.SH,2019-06-21,5021.31,4973.59,5045.71,4973.59,4954.73,66.5713,1.3436,122814000.0,106833000.0
000905.SH,2019-06-24,5024.2,5032.37,5038.48,4996.17,5021.31,2.8995,0.0577,99620200.0,86442200.0
000905.SH,2019-06-25,4974.99,5020.2,5020.2,4910.2,5024.2,-49.2164,-0.9796,99202200.0,85713800.0
000905.SH,2019-06-26,4962.59,4943.77,4991.13,4928.73,4974.99,-12.3946,-0.2491,70035700.0,64206700.0
000905.SH,2019-06-27,5007.48,4974.99,5030.37,4972.67,4962.59,44.8897,0.9046,81631300.0,77117700.0
000905.SH,2019-06-28,4950.48,5005.19,5005.19,4920.44,5007.48,-57.0035,-1.1384,77164600.0,70271400.0
000905.SH,2019-07-01,5100.26,5044.66,5100.26,5016.24,4950.48,149.782,3.0256,111630000.0,108157000.0
000905.SH,2019-07-02,5084.41,5092.84,5102.41,5066.25,5100.26,-15.8519,-0.3108,97080600.0,91618100.0
000905.SH,2019-07-03,5040.72,5074.71,5074.71,5021.9,5084.41,-43.6873,-0.8592,85358600.0,79210200.0
000905.SH,2019-07-04,5025.02,5046.88,5068.0,5002.33,5040.72,-15.702,-0.3115,80147200.0,72016500.0
000905.SH,2019-07-05,5042.66,5026.33,5055.01,5001.52,5025.02,17.6392,0.351,64904100.0,60552000.0
000905.SH,2019-07-08,4870.78,5028.63,5028.63,4855.21,5042.66,-171.879,-3.4085,91766100.0,81431300.0
000905.SH,2019-07-09,4881.62,4868.48,4892.56,4838.94,4870.78,10.8428,0.2226,61012500.0,56755400.0
000905.SH,2019-07-10,4843.86,4891.91,4896.04,4829.28,4881.62,-37.7586,-0.7735,60795200.0,55261300.0
000905.SH,2019-07-11,4844.55,4867.68,4905.16,4821.55,4843.86,0.6825,0.0141,62628500.0,56483200.0
000905.SH,2019-07-12,4861.57,4848.22,4874.32,4820.66,4844.55,17.0205,0.3513,61479400.0,54064500.0
000905.SH,2019-07-15,4925.32,4850.89,4951.62,4787.91,4861.57,63.7564,1.3114,84594500.0,75865100.0
000905.SH,2019-07-16,4932.05,4917.79,4940.23,4909.66,4925.32,6.7215,0.1365,68925000.0,60959000.0
000905.SH,2019-07-17,4929.08,4930.65,4953.41,4914.49,4932.05,-2.9608,-0.06,75361100.0,65860800.0
000905.SH,2019-07-18,4844.11,4909.72,4909.72,4843.51,4929.08,-84.9763,-1.724,72636200.0,59848900.0
000905.SH,2019-07-19,4878.69,4861.21,4920.41,4861.2,4844.11,34.5816,0.7139,68597300.0,57390800.0
000905.SH,2019-07-22,4776.57,4885.43,4886.4,4766.07,4878.69,-102.115,-2.0931,72191600.0,61198800.0
000905.SH,2019-07-23,4823.92,4778.05,4823.92,4778.05,4776.57,47.3433,0.9912,54729300.0,48301000.0
000905.SH,2019-07-24,4873.03,4837.77,4898.81,4837.77,4823.92,49.1089,1.018,69451400.0,63586100.0
000905.SH,2019-07-25,4891.64,4873.17,4899.71,4861.77,4873.03,18.6161,0.382,67384400.0,65540800.0
000905.SH,2019-07-26,4898.11,4880.72,4902.09,4868.2,4891.64,6.4667,0.1322,59252800.0,57190700.0
000905.SH,2019-07-29,4897.02,4897.65,4914.48,4872.54,4898.11,-1.0916,-0.0223,56581500.0,54815800.0
000905.SH,2019-07-30,4922.92,4902.84,4961.02,4902.78,4897.02,25.8992,0.5289,71194100.0,65554000.0
000905.SH,2019-07-31,4903.2,4914.04,4921.72,4892.56,4922.92,-19.7145,-0.4005,62754500.0,58776200.0
000905.SH,2019-08-01,4870.47,4877.56,4900.09,4850.53,4903.2,-32.734,-0.6676,64332500.0,61801900.0
000905.SH,2019-08-02,4809.92,4773.43,4816.81,4756.4,4870.47,-60.5492,-1.2432,79002400.0,73848000.0
000905.SH,2019-08-05,4751.98,4795.91,4838.76,4749.94,4809.92,-57.9352,-1.2045,71612500.0,69025900.0
000905.SH,2019-08-06,4650.56,4665.84,4684.52,4558.06,4751.98,-101.422,-2.1343,98667900.0,84239300.0
000905.SH,2019-08-07,4626.36,4678.43,4686.73,4624.74,4650.56,-24.1986,-0.5203,67417400.0,62344700.0
000905.SH,2019-08-08,4656.1,4641.87,4663.03,4636.24,4626.36,29.7368,0.6428,60077800.0,56743200.0
000905.SH,2019-08-09,4600.35,4677.25,4690.65,4593.22,4656.1,-55.7483,-1.1973,64443300.0,64477300.0
000905.SH,2019-08-12,4685.04,4608.12,4685.04,4591.66,4600.35,84.6924,1.841,61946500.0,62148000.0
000905.SH,2019-08-13,4658.39,4649.35,4667.71,4638.03,4685.04,-26.6566,-0.569,58691300.0,57730600.0
000905.SH,2019-08-14,4683.84,4713.5,4731.86,4677.13,4658.39,25.4519,0.5464,71148800.0,69438500.0
000905.SH,2019-08-15,4706.55,4585.09,4709.36,4576.46,4683.84,22.7101,0.4849,78261600.0,72618400.0
000905.SH,2019-08-16,4722.66,4702.14,4755.95,4696.92,4706.55,16.1121,0.3423,77542500.0,76502400.0
000905.SH,2019-08-19,4875.04,4765.06,4875.04,4765.06,4722.66,152.374,3.2264,106581000.0,105144000.0
000905.SH,2019-08-20,4872.61,4878.67,4912.99,4864.82,4875.04,-2.4302,-0.0498,100202000.0,94825300.0
000905.SH,2019-08-21,4882.72,4865.72,4896.29,4859.33,4872.61,10.1152,0.2076,84940800.0,83121800.0
000905.SH,2019-08-22,4887.91,4894.36,4896.58,4851.97,4882.72,5.1929,0.1064,82238100.0,82031400.0
000905.SH,2019-08-23,4887.9,4888.53,4902.78,4861.2,4887.91,-0.0118,-0.0002,82502500.0,81178900.0
000905.SH,2019-08-26,4855.46,4799.48,4867.3,4793.84,4887.9,-32.444,-0.6638,88453100.0,86780300.0
000905.SH,2019-08-27,4936.12,4878.29,4976.58,4878.29,4855.46,80.6654,1.6613,108193000.0,105376000.0
000905.SH,2019-08-28,4928.19,4929.89,4948.02,4910.6,4936.12,-7.9303,-0.1607,98994300.0,92168500.0
000905.SH,2019-08-29,4934.18,4937.59,4954.96,4912.22,4928.19,5.9903,0.1216,96818000.0,94062400.0
000905.SH,2019-08-30,4886.49,4963.28,4975.97,4862.58,4934.18,-47.6898,-0.9665,102452000.0,108135000.0
000905.SH,2019-09-02,5008.3,4894.05,5020.26,4890.23,4886.49,121.802,2.4926,108293000.0,109204000.0
000905.SH,2019-09-03,5044.18,5019.4,5044.18,4999.89,5008.3,35.8847,0.7165,109090000.0,115053000.0
000905.SH,2019-09-04,5093.27,5036.52,5093.27,5027.67,5044.18,49.0857,0.9731,122499000.0,123208000.0
000905.SH,2019-09-05,5138.41,5119.57,5209.0,5119.43,5093.27,45.1389,0.8862,158947000.0,160737000.0
000905.SH,2019-09-06,5154.64,5152.19,5167.48,5111.73,5138.41,16.2327,0.3159,112799000.0,122605000.0
000905.SH,2019-09-09,5263.46,5202.71,5263.46,5171.85,5154.64,108.822,2.1111,132942000.0,139542000.0
000905.SH,2019-09-10,5245.31,5264.33,5264.33,5212.52,5263.46,-18.1544,-0.3449,131112000.0,138175000.0
000905.SH,2019-09-11,5217.29,5262.49,5273.97,5206.97,5245.31,-28.0137,-0.5341,115604000.0,119062000.0
000905.SH,2019-09-12,5242.61,5230.29,5255.79,5197.57,5217.29,25.3202,0.4853,96044200.0,99874300.0
000905.SH,2019-09-16,5250.34,5263.3,5279.59,5228.29,5242.61,7.7283,0.1474,114136000.0,116964000.0
000905.SH,2019-09-17,5140.45,5237.56,5237.56,5118.21,5250.34,-109.89,-2.093,114771000.0,113656000.0
000905.SH,2019-09-18,5141.04,5148.06,5163.81,5119.61,5140.45,0.5879,0.0114,89556000.0,92044100.0
000905.SH,2019-09-19,5191.67,5150.5,5191.67,5126.15,5141.04,50.6306,0.9848,88129300.0,92724200.0
000905.SH,2019-09-20,5204.48,5198.73,5220.23,5180.08,5191.67,12.8161,0.2469,94186400.0,104270000.0
000905.SH,2019-09-23,5171.48,5192.88,5192.88,5124.8,5204.48,-33.0008,-0.6341,94657700.0,103757000.0
000905.SH,2019-09-24,5180.74,5168.12,5237.41,5159.33,5171.48,9.2578,0.179,94528000.0,108590000.0
000905.SH,2019-09-25,5087.01,5162.15,5162.15,5087.01,5180.74,-93.7327,-1.8093,92202900.0,103769000.0
000905.SH,2019-09-26,4970.24,5099.52,5108.8,4970.24,5087.01,-116.769,-2.2954,94670800.0,100909000.0
000905.SH,2019-09-27,5005.63,4974.03,5033.19,4974.03,4970.24,35.3896,0.712,74329800.0,77773500.0
000905.SH,2019-09-30,4940.9,5009.14,5022.43,4940.9,5005.63,-64.7269,-1.2931,65785100.0,66977300.0
000905.SH,2019-10-08,4941.76,4955.08,4994.44,4937.03,4940.9,0.8577,0.0174,66443400.0,69528000.0
000905.SH,2019-10-09,4982.95,4926.21,4985.44,4904.32,4941.76,41.1928,0.8336,66505800.0,67224100.0
000905.SH,2019-10-10,5046.36,4988.14,5049.22,4979.19,4982.95,63.4059,1.2725,73818200.0,75962300.0
000905.SH,2019-10-11,5055.52,5057.81,5074.9,5012.38,5046.36,9.1571,0.1815,82786000.0,82692700.0
000905.SH,2019-10-14,5131.13,5095.22,5151.69,5089.31,5055.52,75.6147,1.4957,103689000.0,100738000.0
000905.SH,2019-10-15,5061.0,5115.25,5115.25,5057.28,5131.13,-70.1283,-1.3667,88321400.0,86494800.0
000905.SH,2019-10-16,5038.36,5064.33,5086.97,5036.5,5061.0,-22.6469,-0.4475,78221400.0,73744400.0
000905.SH,2019-10-17,5029.85,5039.27,5049.36,5017.47,5038.36,-8.502,-0.1687,70514500.0,65942900.0
000905.SH,2019-10-18,4961.81,5033.82,5056.56,4953.15,5029.85,-68.0468,-1.3529,82038800.0,74431300.0
000905.SH,2019-10-21,4951.04,4956.79,4957.24,4906.36,4961.81,-10.7718,-0.2171,69899300.0,65366200.0
000905.SH,2019-10-22,5005.55,4954.11,5011.01,4954.11,4951.04,54.5171,1.1011,65535000.0,63627900.0
000905.SH,2019-10-23,4967.19,5009.36,5009.94,4955.06,5005.55,-38.3576,-0.7663,69036500.0,65559000.0
000905.SH,2019-10-24,4958.25,4961.69,4972.76,4921.11,4967.19,-8.9484,-0.1801,64868400.0,62074700.0
000905.SH,2019-10-25,4994.57,4953.33,5001.51,4922.08,4958.25,36.3219,0.7326,73158800.0,72672800.0
000905.SH,2019-10-28,5084.47,5026.06,5084.69,5026.06,4994.57,89.8993,1.7999,102907000.0,101065000.0
000905.SH,2019-10-29,5007.71,5080.93,5080.93,5007.71,5084.47,-76.7551,-1.5096,108706000.0,105275000.0
000905.SH,2019-10-30,4947.9,4975.67,4984.4,4938.1,5007.71,-59.8172,-1.1945,85762200.0,83620100.0
000905.SH,2019-10-31,4917.42,4950.03,4967.75,4911.38,4947.9,-30.478,-0.616,79582700.0,79650600.0
000905.SH,2019-11-01,4962.35,4908.65,4967.05,4896.01,4917.42,44.9321,0.9137,74155700.0,72447100.0
000905.SH,2019-11-04,4987.84,4974.36,5016.94,4974.36,4962.35,25.4869,0.5136,81278200.0,82241600.0
000905.SH,2019-11-05,5025.3,4995.46,5041.24,4972.72,4987.84,37.4665,0.7512,85073000.0,84236000.0
000905.SH,2019-11-06,4974.73,5022.1,5027.79,4955.83,5025.3,-50.5686,-1.0063,83216300.0,82703600.0
000905.SH,2019-11-07,5007.07,4970.53,5020.22,4960.84,4974.73,32.3323,0.6499,72092200.0,70612900.0
000905.SH,2019-11-08,4988.29,5036.66,5051.56,4985.95,5007.07,-18.7728,-0.3749,79096600.0,80301700.0
000905.SH,2019-11-11,4876.16,4961.19,4961.19,4868.43,4988.29,-112.134,-2.248,77096400.0,71951300.0
000905.SH,2019-11-12,4881.61,4878.97,4887.3,4823.43,4876.16,5.455,0.1119,68785500.0,64024900.0
000905.SH,2019-11-13,4875.54,4878.97,4888.19,4853.59,4881.61,-6.0714,-0.1244,60606400.0,60162200.0
000905.SH,2019-11-14,4912.11,4875.25,4925.44,4871.56,4875.54,36.5645,0.75,63910100.0,68278800.0
000905.SH,2019-11-15,4868.44,4910.21,4936.98,4868.44,4912.11,-43.6708,-0.889,70076400.0,74051100.0
000905.SH,2019-11-18,4892.46,4862.28,4901.0,4851.39,4868.44,24.0242,0.4935,63965400.0,63914800.0
000905.SH,2019-11-19,4975.11,4892.34,4975.11,4890.76,4892.46,82.6519,1.6894,72363400.0,73229600.0
000905.SH,2019-11-20,4946.28,4975.76,4991.7,4941.91,4975.11,-28.8371,-0.5796,78998300.0,81388200.0
000905.SH,2019-11-21,4945.72,4929.85,4963.09,4919.59,4946.28,-0.5569,-0.0113,66167500.0,63282000.0
000905.SH,2019-11-22,4904.08,4954.31,5018.06,4876.81,4945.72,-41.636,-0.8419,88027700.0,89306600.0
000905.SH,2019-11-25,4901.5,4905.0,4915.35,4853.84,4904.08,-2.5807,-0.0526,86347300.0,78620500.0
000905.SH,2019-11-26,4882.16,4906.43,4920.68,4882.16,4901.5,-19.3397,-0.3946,81259700.0,74550200.0
000905.SH,2019-11-27,4904.26,4881.4,4935.63,4872.3,4882.16,22.0944,0.4526,72646900.0,70087700.0
000905.SH,2019-11-28,4889.26,4897.65,4916.8,4878.01,4904.26,-14.9973,-0.3058,59672300.0,56925700.0
000905.SH,2019-11-29,4894.94,4888.35,4909.41,4850.59,4889.26,5.6821,0.1162,61395600.0,58934000.0
000905.SH,2019-12-02,4905.42,4897.63,4930.59,4889.32,4894.94,10.4793,0.2141,63150200.0,61517300.0
000905.SH,2019-12-03,4926.45,4889.41,4926.45,4863.66,4905.42,21.0339,0.4288,60345500.0,59970200.0
000905.SH,2019-12-04,4920.67,4902.49,4935.57,4901.04,4926.45,-5.7866,-0.1175,63496400.0,65049400.0
000905.SH,2019-12-05,4967.6,4927.78,4978.99,4923.11,4920.67,46.9339,0.9538,74077100.0,77991500.0
000905.SH,2019-12-06,5010.51,4968.04,5010.51,4954.79,4967.6,42.9083,0.8638,73706000.0,77615900.0
000905.SH,2019-12-09,5024.6,5020.22,5040.24,5005.84,5010.51,14.0936,0.2813,88486400.0,92501700.0
000905.SH,2019-12-10,5049.05,5012.47,5054.31,4998.15,5024.6,24.4474,0.4866,82936300.0,85621400.0
000905.SH,2019-12-11,5027.28,5044.94,5052.35,5007.56,5049.05,-21.773,-0.4312,86011000.0,87198600.0
000905.SH,2019-12-12,5012.0,5025.49,5044.2,5008.37,5027.28,-15.2773,-0.3039,80055400.0,82031900.0
000905.SH,2019-12-13,5073.69,5047.9,5082.76,5029.88,5012.0,61.6847,1.2307,99979200.0,100215000.0
000905.SH,2019-12-16,5166.04,5095.35,5166.04,5081.91,5073.69,92.3533,1.8202,116523000.0,118078000.0
000905.SH,2019-12-17,5236.06,5167.23,5257.83,5161.15,5166.04,70.0233,1.3555,150219000.0,143008000.0
000905.SH,2019-12-18,5235.12,5235.48,5267.41,5221.7,5236.06,-0.9376,-0.0179,129264000.0,126381000.0
000905.SH,2019-12-19,5241.74,5236.92,5255.17,5215.88,5235.12,6.6128,0.1263,113666000.0,111319000.0
000905.SH,2019-12-20,5184.68,5244.21,5258.01,5182.06,5241.74,-57.0624,-1.0886,117998000.0,107405000.0
000905.SH,2019-12-23,5084.35,5161.28,5188.85,5079.44,5184.68,-100.325,-1.935,105653000.0,98214900.0
000905.SH,2019-12-24,5162.07,5098.81,5165.16,5092.91,5084.35,77.7197,1.5286,85451900.0,80244000.0
000905.SH,2019-12-25,5183.1,5157.37,5195.87,5153.51,5162.07,21.0284,0.4074,95918700.0,97321500.0
000905.SH,2019-12-26,5219.14,5181.38,5219.14,5171.44,5183.1,36.0418,0.6954,95625500.0,89169200.0
000905.SH,2019-12-27,5179.19,5223.47,5252.79,5175.85,5219.14,-39.9475,-0.7654,126260000.0,116273000.0
000905.SH,2019-12-30,5241.94,5160.31,5242.12,5119.86,5179.19,62.7454,1.2115,116869000.0,106836000.0
000905.SH,2019-12-31,5267.66,5239.91,5269.87,5228.17,5241.94,25.7239,0.4907,103890000.0,95356600.0
000905.SH,2020-01-02,5366.14,5306.67,5374.91,5288.17,5267.66,98.4753,1.8694,145894000.0,136814000.0
000905.SH,2020-01-03,5380.64,5376.03,5395.26,5351.8,5366.14,14.4997,0.2702,128452000.0,122200000.0
000905.SH,2020-01-06,5434.85,5365.22,5481.55,5355.02,5380.64,54.2131,1.0076,159587000.0,158191000.0
000905.SH,2020-01-07,5499.84,5441.9,5499.84,5440.69,5434.85,64.9892,1.1958,144143000.0,142194000.0
000905.SH,2020-01-08,5423.8,5481.98,5500.16,5409.57,5499.84,-76.0429,-1.3826,155407000.0,149838000.0
000905.SH,2020-01-09,5497.54,5465.86,5497.54,5457.35,5423.8,73.7463,1.3597,132432000.0,135961000.0
000905.SH,2020-01-10,5480.23,5511.67,5516.09,5455.25,5497.54,-17.315,-0.315,113820000.0,118197000.0
000905.SH,2020-01-13,5559.63,5478.32,5559.63,5447.73,5480.23,79.3993,1.4488,118076000.0,128652000.0
000905.SH,2020-01-14,5542.33,5576.63,5583.72,5539.9,5559.63,-17.2956,-0.3111,129811000.0,134845000.0
000905.SH,2020-01-15,5530.03,5532.96,5545.1,5492.65,5542.33,-12.305,-0.222,112425000.0,118143000.0
000905.SH,2020-01-16,5527.67,5539.42,5559.02,5514.69,5530.03,-2.359,-0.0427,111897000.0,122338000.0
000905.SH,2020-01-17,5510.05,5539.72,5555.41,5499.47,5527.67,-17.6223,-0.3188,104949000.0,110492000.0
000905.SH,2020-01-20,5587.54,5523.01,5587.54,5500.59,5510.05,77.4906,1.4064,115403000.0,128212000.0
000905.SH,2020-01-21,5523.94,5581.01,5581.98,5515.19,5587.54,-63.594,-1.1381,124605000.0,135221000.0
000905.SH,2020-01-22,5575.51,5502.59,5597.99,5440.2,5523.94,51.5707,0.9336,123475000.0,138250000.0
000905.SH,2020-01-23,5377.74,5521.79,5558.43,5326.93,5575.51,-197.771,-3.5471,145773000.0,161862000.0
000905.SH,2020-02-03,4910.9,4896.89,4960.75,4896.89,5377.74,-466.84,-8.681,81777100.0,89455000.0
000905.SH,2020-02-04,4996.47,4736.12,5013.77,4736.12,4910.9,85.5732,1.7425,189672000.0,175375000.0
000905.SH,2020-02-05,5123.96,5035.41,5178.44,5026.41,4996.47,127.488,2.5516,171095000.0,177352000.0
000905.SH,2020-02-06,5282.89,5128.19,5299.18,5100.48,5123.96,158.93,3.1017,185957000.0,197274000.0
000905.SH,2020-02-07,5327.04,5287.27,5329.36,5226.7,5282.89,44.1447,0.8356,191148000.0,203496000.0
000905.SH,2020-02-10,5388.44,5322.01,5389.04,5301.41,5327.04,61.398,1.1526,176703000.0,186768000.0
000905.SH,2020-02-11,5361.28,5390.53,5396.96,5323.76,5388.44,-27.1581,-0.504,152508000.0,157303000.0
000905.SH,2020-02-12,5459.95,5345.52,5461.67,5340.49,5361.28,98.6693,1.8404,151041000.0,164552000.0
000905.SH,2020-02-13,5412.84,5456.66,5482.79,5397.23,5459.95,-47.1043,-0.8627,158203000.0,175680000.0
000905.SH,2020-02-14,5420.8,5407.47,5474.47,5375.93,5412.84,7.9607,0.1471,145346000.0,162742000.0
000905.SH,2020-02-17,5594.44,5454.46,5594.44,5454.46,5420.8,173.634,3.2031,174637000.0,183879000.0
000905.SH,2020-02-18,5660.81,5607.84,5660.81,5577.9,5594.44,66.3776,1.1865,185099000.0,206429000.0
000905.SH,2020-02-19,5603.26,5654.18,5678.82,5601.39,5660.81,-57.5516,-1.0167,185642000.0,210591000.0
000905.SH,2020-02-20,5706.71,5619.52,5712.18,5580.07,5603.26,103.45,1.8462,192076000.0,205565000.0
000905.SH,2020-02-21,5784.03,5704.84,5822.4,5700.95,5706.71,77.3194,1.3549,207236000.0,230175000.0
000905.SH,2020-02-24,5865.47,5784.58,5884.14,5754.68,5784.03,81.4344,1.4079,218099000.0,250154000.0
000905.SH,2020-02-25,5897.72,5745.62,5912.27,5643.88,5865.47,32.2554,0.5499,267367000.0,301961000.0
000905.SH,2020-02-26,5743.39,5824.05,5885.27,5724.5,5897.72,-154.329,-2.6168,266375000.0,281046000.0
000905.SH,2020-02-27,5753.73,5770.22,5829.04,5689.54,5743.39,10.3348,0.1799,204695000.0,221902000.0
000905.SH,2020-02-28,5451.29,5558.42,5641.77,5438.85,5753.73,-302.438,-5.2564,224307000.0,232880000.0
000905.SH,2020-03-02,5656.42,5516.44,5683.24,5505.27,5451.29,205.13,3.763,199512000.0,213505000.0
000905.SH,2020-03-03,5710.02,5756.79,5832.35,5658.12,5656.42,53.6042,0.9477,226325000.0,244204000.0
000905.SH,2020-03-04,5716.51,5670.5,5719.18,5603.93,5710.02,6.4877,0.1136,185133000.0,194980000.0
000905.SH,2020-03-05,5801.12,5795.25,5811.21,5732.17,5716.51,84.6087,1.4801,217232000.0,217238000.0
000905.SH,2020-03-06,5763.86,5737.1,5802.63,5723.73,5801.12,-37.2597,-0.6423,185297000.0,177496000.0
000905.SH,2020-03-09,5525.82,5668.64,5699.92,5525.82,5763.86,-238.044,-4.1299,218538000.0,212042000.0
000905.SH,2020-03-10,5675.11,5459.17,5675.88,5423.43,5525.82,149.295,2.7018,208403000.0,210472000.0
000905.SH,2020-03-11,5589.53,5692.72,5708.92,5589.53,5675.11,-85.5802,-1.508,187751000.0,190010000.0
000905.SH,2020-03-12,5493.88,5507.32,5549.35,5446.79,5589.53,-95.6473,-1.7112,158753000.0,154103000.0
000905.SH,2020-03-13,5457.2,5225.51,5507.39,5224.73,5493.88,-36.6832,-0.6677,195267000.0,188405000.0
000905.SH,2020-03-16,5200.11,5496.89,5496.89,5183.34,5457.2,-257.086,-4.711,186850000.0,184924000.0
000905.SH,2020-03-17,5212.06,5245.52,5300.56,5052.65,5200.11,11.9477,0.2298,159138000.0,152551000.0
000905.SH,2020-03-18,5119.47,5257.94,5333.12,5119.47,5212.06,-92.5903,-1.7765,164287000.0,160536000.0
000905.SH,2020-03-19,5157.82,5119.94,5185.09,5020.44,5119.47,38.3519,0.7491,154594000.0,148681000.0
000905.SH,2020-03-20,5219.28,5217.49,5225.03,5129.07,5157.82,61.4574,1.1915,127513000.0,131519000.0
000905.SH,2020-03-23,4998.91,5079.35,5129.14,4981.67,5219.28,-220.371,-4.2223,138685000.0,133728000.0
000905.SH,2020-03-24,5096.04,5089.15,5118.04,4963.29,4998.91,97.1313,1.943,140788000.0,137371000.0
000905.SH,2020-03-25,5217.42,5200.78,5229.22,5160.39,5096.04,121.383,2.3819,146881000.0,142310000.0
000905.SH,2020-03-26,5166.11,5180.47,5227.47,5157.15,5217.42,-51.3146,-0.9835,125652000.0,126982000.0
000905.SH,2020-03-27,5137.34,5222.85,5227.79,5134.49,5166.11,-28.772,-0.5569,117045000.0,118481000.0
000905.SH,2020-03-30,5027.49,5073.7,5074.62,4974.32,5137.34,-109.852,-2.1383,123981000.0,124559000.0
000905.SH,2020-03-31,5041.45,5073.52,5090.57,5030.57,5027.49,13.9678,0.2778,111606000.0,106538000.0
000905.SH,2020-04-01,5019.22,5029.58,5108.17,5007.71,5041.45,-22.2347,-0.441,112154000.0,110651000.0
000905.SH,2020-04-02,5147.2,4998.63,5147.2,4998.11,5019.22,127.983,2.5499,113351000.0,117822000.0
000905.SH,2020-04-03,5107.04,5143.52,5161.57,5085.09,5147.2,-40.1626,-0.7803,109479000.0,112751000.0
000905.SH,2020-04-07,5267.07,5202.55,5273.09,5197.58,5107.04,160.034,3.1336,145109000.0,146827000.0
000905.SH,2020-04-08,5271.8,5243.16,5291.42,5232.62,5267.07,4.7231,0.0897,137786000.0,136500000.0
000905.SH,2020-04-09,5322.46,5301.27,5336.12,5289.38,5271.8,50.6653,0.9611,125098000.0,128353000.0
000905.SH,2020-04-10,5208.51,5321.79,5321.79,5197.98,5322.46,-113.951,-2.1409,123816000.0,126468000.0
000905.SH,2020-04-13,5169.18,5176.44,5198.37,5140.85,5208.51,-39.3345,-0.7552,98181000.0,101356000.0
000905.SH,2020-04-14,5288.59,5197.17,5288.59,5189.82,5169.18,119.417,2.3102,110188000.0,118917000.0
000905.SH,2020-04-15,5268.75,5291.97,5320.58,5264.01,5288.59,-19.8433,-0.3752,122477000.0,128026000.0
000905.SH,2020-04-16,5316.97,5245.92,5328.12,5238.43,5268.75,48.221,0.9152,120742000.0,122069000.0
000905.SH,2020-04-17,5318.45,5354.98,5377.15,5309.58,5316.97,1.484,0.0279,136970000.0,156746000.0
000905.SH,2020-04-20,5381.79,5329.87,5381.79,5311.2,5318.45,63.331,1.1908,120642000.0,130826000.0
000905.SH,2020-04-21,5343.88,5358.6,5358.6,5287.66,5381.79,-37.9051,-0.7043,130744000.0,139768000.0
000905.SH,2020-04-22,5387.62,5304.73,5388.21,5296.26,5343.88,43.7427,0.8186,123597000.0,127946000.0
000905.SH,2020-04-23,5357.79,5402.65,5407.49,5354.94,5387.62,-29.8329,-0.5537,144618000.0,145325000.0
000905.SH,2020-04-24,5273.55,5350.54,5354.76,5258.57,5357.79,-84.243,-1.5723,131383000.0,127211000.0
000905.SH,2020-04-27,5265.72,5278.98,5314.41,5249.31,5273.55,-7.8226,-0.1483,117132000.0,110738000.0
000905.SH,2020-04-28,5227.85,5268.13,5273.26,5102.06,5265.72,-37.8788,-0.7193,140825000.0,133971000.0
000905.SH,2020-04-29,5226.81,5203.71,5269.73,5201.47,5227.85,-1.0344,-0.0198,105927000.0,103339000.0
000905.SH,2020-04-30,5353.86,5261.05,5368.89,5261.05,5226.81,127.048,2.4307,133037000.0,142524000.0
000905.SH,2020-05-06,5451.32,5320.94,5451.46,5318.44,5353.86,97.4564,1.8203,141679000.0,159946000.0
000905.SH,2020-05-07,5445.75,5454.25,5473.77,5425.8,5451.32,-5.564,-0.1021,140146000.0,147975000.0
000905.SH,2020-05-08,5507.7,5474.87,5527.09,5467.65,5445.75,61.9446,1.1375,136319000.0,146385000.0
000905.SH,2020-05-11,5496.19,5529.11,5547.94,5466.62,5507.7,-11.5045,-0.2089,129852000.0,142055000.0
000905.SH,2020-05-12,5512.46,5494.07,5519.29,5441.7,5496.19,16.272,0.2961,115944000.0,127585000.0
000905.SH,2020-05-13,5536.28,5495.9,5546.55,5483.99,5512.46,23.8162,0.432,107896000.0,120477000.0
000905.SH,2020-05-14,5487.11,5513.08,5528.09,5485.02,5536.28,-49.1732,-0.8882,119198000.0,129596000.0
000905.SH,2020-05-15,5507.93,5510.15,5543.93,5486.26,5487.11,20.8266,0.3796,112652000.0,132317000.0
000905.SH,2020-05-18,5478.82,5522.72,5528.78,5454.96,5507.93,-29.1118,-0.5285,133655000.0,158389000.0
000905.SH,2020-05-19,5547.88,5515.03,5548.22,5504.23,5478.82,69.0541,1.2604,112009000.0,133183000.0
000905.SH,2020-05-20,5489.7,5545.04,5547.17,5473.79,5547.88,-58.1735,-1.0486,123491000.0,141355000.0
000905.SH,2020-05-21,5426.17,5508.2,5511.23,5415.6,5489.7,-63.5279,-1.1572,114559000.0,128884000.0
000905.SH,2020-05-22,5328.23,5421.73,5421.89,5307.3,5426.17,-97.9477,-1.8051,106416000.0,115705000.0
000905.SH,2020-05-25,5316.6,5323.97,5344.28,5293.23,5328.23,-11.6232,-0.2181,84385700.0,91375400.0
000905.SH,2020-05-26,5420.21,5341.11,5421.9,5341.08,5316.6,103.609,1.9488,90969000.0,99351000.0
000905.SH,2020-05-27,5369.5,5426.56,5426.56,5358.47,5420.21,-50.7134,-0.9356,103960000.0,113109000.0
000905.SH,2020-05-28,5361.17,5367.27,5390.14,5290.29,5369.5,-8.3322,-0.1552,102524000.0,107584000.0
000905.SH,2020-05-29,5406.34,5349.57,5416.66,5336.07,5361.17,45.1733,0.8426,105003000.0,110023000.0
000905.SH,2020-06-01,5569.48,5446.29,5576.65,5446.29,5406.34,163.14,3.0176,141698000.0,147880000.0
000905.SH,2020-06-02,5566.44,5595.36,5596.44,5544.19,5569.48,-3.0362,-0.0545,139029000.0,149203000.0
000905.SH,2020-06-03,5572.31,5583.7,5618.29,5567.07,5566.44,5.8687,0.1054,138346000.0,146218000.0
000905.SH,2020-06-04,5576.75,5589.34,5597.26,5549.36,5572.31,4.441,0.0797,120778000.0,123810000.0
000905.SH,2020-06-05,5585.42,5585.16,5592.35,5542.87,5576.75,8.6696,0.1555,112254000.0,115167000.0
000905.SH,2020-06-08,5575.3,5618.38,5627.19,5567.21,5585.42,-10.1195,-0.1812,119446000.0,128061000.0
000905.SH,2020-06-09,5610.38,5582.14,5616.04,5560.14,5575.3,35.0738,0.6291,114871000.0,119379000.0
000905.SH,2020-06-10,5615.24,5611.66,5616.61,5581.92,5610.38,4.8643,0.0867,108368000.0,114115000.0
000905.SH,2020-06-11,5589.1,5618.64,5673.31,5567.54,5615.24,-26.1398,-0.4655,127515000.0,144595000.0
000905.SH,2020-06-12,5591.49,5483.78,5620.21,5479.27,5589.1,2.3852,0.0427,129545000.0,142138000.0
000905.SH,2020-06-15,5590.64,5605.88,5661.97,5590.64,5591.49,-0.8436,-0.0151,145360000.0,152567000.0
000905.SH,2020-06-16,5695.3,5633.26,5695.3,5624.85,5590.64,104.657,1.872,133952000.0,142088000.0
000905.SH,2020-06-17,5735.42,5708.69,5735.42,5685.62,5695.3,40.1176,0.7044,146838000.0,153683000.0
000905.SH,2020-06-18,5734.4,5738.03,5744.45,5705.29,5735.42,-1.0153,-0.0177,158154000.0,160763000.0
000905.SH,2020-06-19,5787.15,5733.43,5796.36,5727.62,5734.4,52.7452,0.9198,141768000.0,147827000.0
000905.SH,2020-06-22,5784.03,5793.79,5815.39,5770.81,5787.15,-3.1213,-0.0539,145392000.0,157370000.0
000905.SH,2020-06-23,5804.34,5783.12,5809.28,5755.4,5784.03,20.3161,0.3512,125748000.0,140277000.0
000905.SH,2020-06-24,5789.09,5808.54,5824.31,5773.29,5804.34,-15.2537,-0.2628,110241000.0,128537000.0
000905.SH,2020-06-29,5762.44,5774.46,5789.16,5740.26,5789.09,-26.6515,-0.4604,117761000.0,131671000.0
000905.SH,2020-06-30,5864.42,5790.06,5875.33,5788.21,5762.44,101.979,1.7697,115350000.0,139672000.0
000905.SH,2020-07-01,5881.89,5884.54,5885.87,5814.76,5864.42,17.4711,0.2979,142833000.0,161438000.0
000905.SH,2020-07-02,5975.28,5880.88,5979.99,5858.57,5881.89,93.3919,1.5878,201181000.0,200063000.0
000905.SH,2020-07-03,6051.51,5990.0,6052.52,5968.07,5975.28,76.2305,1.2758,226827000.0,217088000.0
000905.SH,2020-07-06,6299.85,6095.96,6318.31,6095.96,6051.51,248.345,4.1039,302376000.0,291742000.0
000905.SH,2020-07-07,6380.03,6368.31,6480.03,6300.24,6299.85,80.1725,1.2726,325865000.0,329327000.0
000905.SH,2020-07-08,6535.42,6378.95,6541.44,6352.37,6380.03,155.387,2.4355,288847000.0,292262000.0
000905.SH,2020-07-09,6693.75,6541.29,6712.14,6530.02,6535.42,158.33,2.4226,317412000.0,334583000.0
000905.SH,2020-07-10,6676.44,6664.33,6763.81,6644.36,6693.75,-17.3079,-0.2586,288737000.0,322510000.0
000905.SH,2020-07-13,6899.52,6710.64,6899.62,6710.64,6676.44,223.08,3.3413,297306000.0,335186000.0
000905.SH,2020-07-14,6807.73,6897.0,6897.0,6672.8,6899.52,-91.7905,-1.3304,293868000.0,341855000.0
000905.SH,2020-07-15,6638.84,6815.62,6838.15,6598.52,6807.73,-168.889,-2.4808,256473000.0,300880000.0
000905.SH,2020-07-16,6320.0,6642.33,6711.0,6305.13,6638.84,-318.84,-4.8027,253316000.0,277008000.0
000905.SH,2020-07-17,6344.59,6327.03,6447.51,6272.94,6320.0,24.5931,0.3891,196804000.0,215077000.0
000905.SH,2020-07-20,6526.83,6419.08,6526.83,6340.65,6344.59,182.241,2.8724,212413000.0,225849000.0
000905.SH,2020-07-21,6563.32,6546.57,6591.01,6500.87,6526.83,36.4914,0.5591,193966000.0,214682000.0
000905.SH,2020-07-22,6620.69,6554.17,6699.69,6534.74,6563.32,57.3654,0.874,210101000.0,232947000.0
000905.SH,2020-07-23,6620.09,6562.05,6629.21,6431.26,6620.69,-0.6034,-0.0091,207992000.0,240882000.0
000905.SH,2020-07-24,6283.98,6584.81,6609.29,6265.38,6620.09,-336.103,-5.077,219018000.0,247233000.0
000905.SH,2020-07-27,6298.73,6304.59,6337.33,6229.47,6283.98,14.752,0.2348,145542000.0,168023000.0
000905.SH,2020-07-28,6359.66,6345.68,6385.39,6307.79,6298.73,60.9286,0.9673,138838000.0,162440000.0
000905.SH,2020-07-29,6530.27,6341.01,6530.27,6324.05,6359.66,170.607,2.6826,159222000.0,186898000.0
000905.SH,2020-07-30,6511.44,6548.7,6564.77,6491.45,6530.27,-18.8352,-0.2884,177616000.0,209285000.0
000905.SH,2020-07-31,6579.67,6499.39,6619.26,6463.42,6511.44,68.2336,1.0479,179913000.0,207862000.0
000905.SH,2020-08-03,6739.81,6635.34,6739.81,6614.43,6579.67,160.139,2.4338,207267000.0,240947000.0
000905.SH,2020-08-04,6697.71,6758.49,6764.9,6672.89,6739.81,-42.1014,-0.6247,209479000.0,245085000.0
000905.SH,2020-08-05,6772.84,6696.69,6790.01,6653.28,6697.71,75.1351,1.1218,184844000.0,217994000.0
000905.SH,2020-08-06,6770.3,6780.33,6792.28,6656.28,6772.84,-2.5406,-0.0375,205230000.0,240929000.0
000905.SH,2020-08-07,6688.88,6743.29,6755.53,6578.67,6770.3,-81.4194,-1.2026,198128000.0,227977000.0
000905.SH,2020-08-10,6725.3,6666.56,6768.87,6651.74,6688.88,36.4134,0.5444,175353000.0,210391000.0
000905.SH,2020-08-11,6600.85,6727.77,6756.85,6594.98,6725.3,-124.448,-1.8505,180846000.0,203428000.0
000905.SH,2020-08-12,6528.4,6580.01,6599.66,6395.01,6600.85,-72.4473,-1.0975,177889000.0,197969000.0
000905.SH,2020-08-13,6552.66,6552.37,6592.12,6518.42,6528.4,24.2568,0.3716,162061000.0,166812000.0
000905.SH,2020-08-14,6623.56,6542.6,6629.51,6506.03,6552.66,70.9066,1.0821,156876000.0,161301000.0
000905.SH,2020-08-17,6744.55,6646.54,6752.32,6614.19,6623.56,120.983,1.8266,201407000.0,207541000.0
000905.SH,2020-08-18,6789.4,6747.61,6811.56,6737.53,6744.55,44.8511,0.665,189166000.0,208576000.0
000905.SH,2020-08-19,6666.27,6782.59,6782.59,6661.99,6789.4,-123.124,-1.8135,194309000.0,205476000.0
000905.SH,2020-08-20,6593.79,6622.01,6672.49,6570.69,6666.27,-72.489,-1.0874,157646000.0,163429000.0
000905.SH,2020-08-21,6643.94,6628.9,6686.02,6589.2,6593.79,50.1594,0.7607,142963000.0,153128000.0
000905.SH,2020-08-24,6688.96,6667.3,6702.75,6589.93,6643.94,45.0203,0.6776,143020000.0,157949000.0
000905.SH,2020-08-25,6652.55,6698.12,6734.44,6631.69,6688.96,-36.4169,-0.5444,147098000.0,158243000.0
000905.SH,2020-08-26,6525.88,6650.45,6660.76,6501.24,6652.55,-126.669,-1.9041,153735000.0,170546000.0
000905.SH,2020-08-27,6578.79,6538.14,6585.72,6486.75,6525.88,52.9126,0.8108,129836000.0,142140000.0
000905.SH,2020-08-28,6691.21,6571.9,6695.36,6553.92,6578.79,112.418,1.7088,141950000.0,155879000.0
000905.SH,2020-08-31,6668.43,6719.29,6765.89,6667.68,6691.21,-22.7765,-0.3404,156024000.0,173313000.0
000905.SH,2020-09-01,6710.46,6667.17,6710.46,6637.63,6668.43,42.0268,0.6302,125632000.0,140204000.0
000905.SH,2020-09-02,6717.56,6725.69,6742.55,6647.03,6710.46,7.098,0.1058,149563000.0,160818000.0
000905.SH,2020-09-03,6662.25,6715.1,6732.67,6638.45,6717.56,-55.3064,-0.8233,142110000.0,151592000.0
000905.SH,2020-09-04,6618.58,6545.89,6631.03,6538.49,6662.25,-43.6753,-0.6556,125358000.0,132077000.0
000905.SH,2020-09-07,6478.81,6619.9,6669.39,6459.1,6618.58,-139.764,-2.1117,155582000.0,167216000.0
000905.SH,2020-09-08,6525.1,6493.77,6543.0,6432.95,6478.81,46.2856,0.7144,161230000.0,148149000.0
000905.SH,2020-09-09,6349.22,6455.31,6471.48,6319.27,6525.1,-175.875,-2.6954,216916000.0,176689000.0
000905.SH,2020-09-10,6235.57,6404.66,6414.96,6219.64,6349.22,-113.655,-1.7901,181050000.0,149335000.0
000905.SH,2020-09-11,6311.97,6209.79,6319.67,6209.79,6235.57,76.3983,1.2252,124629000.0,115691000.0
000905.SH,2020-09-14,6351.24,6350.35,6381.18,6297.9,6311.97,39.2752,0.6222,130502000.0,129304000.0
000905.SH,2020-09-15,6387.88,6351.04,6388.13,6328.54,6351.24,36.6383,0.5769,115184000.0,117077000.0
000905.SH,2020-09-16,6353.84,6379.52,6387.77,6321.57,6387.88,-34.0445,-0.533,113380000.0,112504000.0
000905.SH,2020-09-17,6367.02,6345.67,6416.01,6291.63,6353.84,13.1846,0.2075,118960000.0,123682000.0
000905.SH,2020-09-18,6469.47,6367.79,6473.6,6353.56,6367.02,102.449,1.6091,135226000.0,136789000.0
000905.SH,2020-09-21,6445.96,6492.23,6515.34,6434.32,6469.47,-23.5043,-0.3633,126024000.0,133640000.0
000905.SH,2020-09-22,6358.65,6392.02,6462.98,6341.48,6445.96,-87.3129,-1.3545,121306000.0,122990000.0
000905.SH,2020-09-23,6392.03,6382.28,6411.2,6356.16,6358.65,33.3809,0.525,95048800.0,106027000.0
000905.SH,2020-09-24,6244.64,6353.69,6354.68,6243.28,6392.03,-147.394,-2.3059,112801000.0,112625000.0
000905.SH,2020-09-25,6236.89,6271.7,6285.47,6206.18,6244.64,-7.7485,-0.1241,87798800.0,92989200.0
000905.SH,2020-09-28,6178.47,6255.02,6261.93,6171.02,6236.89,-58.4211,-0.9367,78962900.0,87526300.0
000905.SH,2020-09-29,6228.77,6206.99,6280.44,6179.88,6178.47,50.3015,0.8141,81371200.0,91783300.0
000905.SH,2020-09-30,6192.5,6245.12,6260.12,6155.02,6228.77,-36.2663,-0.5822,81484100.0,89615500.0
000905.SH,2020-10-09,6357.97,6300.07,6373.94,6290.47,6192.5,165.467,2.672,100386000.0,115150000.0
000905.SH,2020-10-12,6541.18,6408.08,6541.31,6399.68,6357.97,183.205,2.8815,144824000.0,160960000.0
000905.SH,2020-10-13,6551.4,6538.84,6557.86,6486.31,6541.18,10.2227,0.1563,111558000.0,130284000.0
000905.SH,2020-10-14,6508.37,6547.84,6547.84,6492.66,6551.4,-43.0244,-0.6567,118630000.0,133540000.0
000905.SH,2020-10-15,6460.04,6511.07,6518.55,6456.77,6508.37,-48.3335,-0.7426,107004000.0,115596000.0
000905.SH,2020-10-16,6428.68,6456.74,6473.63,6388.65,6460.04,-31.3586,-0.4854,98732000.0,109047000.0
000905.SH,2020-10-19,6358.32,6466.57,6483.51,6346.26,6428.68,-70.3609,-1.0945,103668000.0,114683000.0
000905.SH,2020-10-20,6423.11,6349.64,6423.16,6324.39,6358.32,64.7915,1.019,86189200.0,95327300.0
000905.SH,2020-10-21,6350.01,6426.19,6426.51,6323.44,6423.11,-73.1001,-1.1381,87512300.0,102121000.0
000905.SH,2020-10-22,6317.14,6331.8,6334.54,6256.23,6350.01,-32.8689,-0.5176,85724700.0,96745800.0
000905.SH,2020-10-23,6213.26,6312.01,6362.43,6202.53,6317.14,-103.881,-1.6444,80565100.0,93954400.0
000905.SH,2020-10-26,6214.38,6195.35,6239.72,6127.38,6213.26,1.1153,0.018,73393000.0,85255100.0
000905.SH,2020-10-27,6221.34,6187.47,6227.84,6168.97,6214.38,6.9635,0.1121,75586500.0,89315900.0
000905.SH,2020-10-28,6246.0,6221.74,6254.72,6164.24,6221.34,24.6572,0.3963,87130900.0,104079000.0
000905.SH,2020-10-29,6255.19,6168.91,6287.65,6159.14,6246.0,9.1947,0.1472,92587500.0,109761000.0
000905.SH,2020-10-30,6111.48,6272.93,6274.62,6103.89,6255.19,-143.713,-2.2975,112122000.0,126461000.0
000905.SH,2020-11-02,6143.12,6119.45,6162.28,6095.8,6111.48,31.6354,0.5176,111756000.0,123794000.0
000905.SH,2020-11-03,6241.77,6175.16,6245.56,6155.73,6143.12,98.6519,1.6059,105440000.0,115863000.0
000905.SH,2020-11-04,6234.16,6246.64,6256.07,6181.1,6241.77,-7.6096,-0.1219,92929700.0,108227000.0
000905.SH,2020-11-05,6351.98,6294.61,6358.44,6273.31,6234.16,117.821,1.8899,118843000.0,132602000.0
000905.SH,2020-11-06,6301.25,6366.19,6366.19,6254.09,6351.98,-50.7312,-0.7987,118244000.0,131702000.0
000905.SH,2020-11-09,6421.65,6337.44,6452.91,6337.44,6301.25,120.403,1.9108,160028000.0,175072000.0
000905.SH,2020-11-10,6373.09,6434.43,6435.41,6339.29,6421.65,-48.5653,-0.7563,141929000.0,155931000.0
000905.SH,2020-11-11,6294.61,6356.37,6375.24,6292.84,6373.09,-78.4798,-1.2314,130728000.0,134439000.0
000905.SH,2020-11-12,6315.49,6305.07,6341.0,6285.29,6294.61,20.8883,0.3318,104681000.0,113184000.0
000905.SH,2020-11-13,6306.97,6304.46,6319.41,6248.35,6315.49,-8.5238,-0.135,107116000.0,112944000.0
000905.SH,2020-11-16,6387.37,6319.7,6387.42,6294.29,6306.97,80.401,1.2748,133677000.0,131782000.0
000905.SH,2020-11-17,6336.94,6380.77,6380.77,6300.57,6387.37,-50.4304,-0.7895,141274000.0,138972000.0
000905.SH,2020-11-18,6341.01,6333.45,6382.5,6314.31,6336.94,4.073,0.0643,133982000.0,129796000.0
000905.SH,2020-11-19,6360.6,6328.08,6370.18,6293.56,6341.01,19.5862,0.3089,123805000.0,121060000.0
000905.SH,2020-11-20,6422.99,6354.79,6429.87,6351.31,6360.6,62.3856,0.9808,130668000.0,128065000.0
000905.SH,2020-11-23,6472.93,6435.92,6516.24,6407.06,6422.99,49.9447,0.7776,181926000.0,170218000.0
000905.SH,2020-11-24,6475.19,6472.75,6495.14,6454.67,6472.93,2.258,0.0349,154063000.0,148760000.0
000905.SH,2020-11-25,6350.37,6489.26,6489.72,6350.37,6475.19,-124.821,-1.9277,153813000.0,156625000.0
000905.SH,2020-11-26,6334.3,6349.86,6358.17,6284.97,6350.37,-16.0625,-0.2529,123237000.0,125528000.0
000905.SH,2020-11-27,6351.61,6337.38,6351.81,6276.07,6334.3,17.3077,0.2732,120885000.0,117408000.0
000905.SH,2020-11-30,6320.94,6360.46,6397.72,6309.44,6351.61,-30.6678,-0.4828,163158000.0,157518000.0
000905.SH,2020-12-01,6426.62,6307.85,6437.94,6299.41,6320.94,105.671,1.6718,150957000.0,152563000.0
000905.SH,2020-12-02,6434.98,6437.96,6446.81,6392.99,6426.62,8.3636,0.1301,149705000.0,150491000.0
000905.SH,2020-12-03,6440.88,6437.38,6461.09,6392.9,6434.98,5.9017,0.0917,152215000.0,152892000.0
000905.SH,2020-12-04,6464.73,6426.03,6471.86,6409.68,6440.88,23.8537,0.3703,128855000.0,135321000.0
000905.SH,2020-12-07,6424.68,6465.99,6472.85,6417.65,6464.73,-40.0522,-0.6195,121078000.0,130847000.0
000905.SH,2020-12-08,6423.65,6424.16,6448.39,6406.72,6424.68,-1.031,-0.016,105495000.0,118325000.0
000905.SH,2020-12-09,6307.22,6430.48,6437.43,6307.22,6423.65,-116.431,-1.8125,121516000.0,133439000.0
000905.SH,2020-12-10,6320.1,6295.35,6350.92,6267.17,6307.22,12.8749,0.2041,110577000.0,122399000.0
000905.SH,2020-12-11,6209.43,6328.83,6340.39,6163.41,6320.1,-110.669,-1.7511,132642000.0,143457000.0
000905.SH,2020-12-14,6259.02,6207.83,6260.61,6176.54,6209.43,49.5905,0.7986,106877000.0,123901000.0
000905.SH,2020-12-15,6265.58,6250.1,6276.58,6228.68,6259.02,6.5644,0.1049,97981000.0,119719000.0
000905.SH,2020-12-16,6235.44,6268.21,6271.03,6219.09,6265.58,-30.1467,-0.4811,99284000.0,114108000.0
000905.SH,2020-12-17,6308.9,6225.08,6312.01,6184.54,6235.44,73.4661,1.1782,127703000.0,140083000.0
000905.SH,2020-12-18,6291.92,6310.16,6332.53,6269.21,6308.9,-16.9833,-0.2692,128622000.0,137531000.0
000905.SH,2020-12-21,6398.6,6302.26,6401.55,6293.92,6291.92,106.681,1.6955,136348000.0,156762000.0
000905.SH,2020-12-22,6250.06,6372.88,6378.5,6241.56,6398.6,-148.538,-2.3214,151311000.0,172457000.0
000905.SH,2020-12-23,6307.6,6255.35,6330.6,6242.62,6250.06,57.5434,0.9207,144044000.0,166259000.0
000905.SH,2020-12-24,6205.22,6308.48,6308.48,6202.4,6307.6,-102.379,-1.6231,131222000.0,147689000.0
000905.SH,2020-12-25,6278.5,6190.99,6284.58,6186.03,6205.22,73.2734,1.1808,134478000.0,143832000.0
000905.SH,2020-12-28,6244.48,6283.78,6288.24,6219.09,6278.5,-34.0163,-0.5418,148960000.0,160496000.0
000905.SH,2020-12-29,6199.85,6240.74,6280.04,6196.41,6244.48,-44.6295,-0.7147,154476000.0,155675000.0
000905.SH,2020-12-30,6269.25,6196.45,6289.27,6188.59,6199.85,69.3961,1.1193,138042000.0,148228000.0
000905.SH,2020-12-31,6367.11,6282.96,6370.57,6281.01,6269.25,97.8665,1.5611,160194000.0,174289000.0
000905.SH,2021-01-04,6482.79,6395.61,6501.59,6359.08,6367.11,115.672,1.8167,186621000.0,211127000.0
000905.SH,2021-01-05,6539.73,6470.25,6539.73,6452.52,6482.79,56.9447,0.8784,196726000.0,227033000.0
000905.SH,2021-01-06,6528.14,6549.73,6569.2,6472.74,6539.73,-11.589,-0.1772,178521000.0,209333000.0
000905.SH,2021-01-07,6538.12,6523.68,6567.27,6467.44,6528.14,9.9737,0.1528,197136000.0,219239000.0
000905.SH,2021-01-08,6557.6,6541.56,6598.38,6484.4,6538.12,19.4802,0.2979,180837000.0,207114000.0
000905.SH,2021-01-11,6455.4,6557.45,6572.85,6419.73,6557.6,-102.198,-1.5585,183257000.0,217940000.0
000905.SH,2021-01-12,6543.23,6425.81,6543.23,6425.81,6455.4,87.8299,1.3606,162311000.0,199049000.0
000905.SH,2021-01-13,6496.91,6550.03,6553.65,6457.88,6543.23,-46.3155,-0.7078,184913000.0,222963000.0
000905.SH,2021-01-14,6439.89,6471.79,6516.27,6402.6,6496.91,-57.0277,-0.8778,163024000.0,198733000.0
000905.SH,2021-01-15,6417.5,6427.13,6447.88,6339.43,6439.89,-22.3843,-0.3476,138243000.0,166963000.0
000905.SH,2021-01-18,6514.46,6414.83,6529.41,6392.07,6417.5,96.9633,1.5109,136833000.0,169892000.0
000905.SH,2021-01-19,6476.37,6510.48,6532.65,6456.12,6514.46,-38.0908,-0.5847,147617000.0,174545000.0
000905.SH,2021-01-20,6535.42,6477.67,6535.48,6449.28,6476.37,59.0449,0.9117,128525000.0,153379000.0
000905.SH,2021-01-21,6622.5,6552.03,6649.86,6550.88,6535.42,87.0774,1.3324,156810000.0,189209000.0
000905.SH,2021-01-22,6637.81,6619.86,6643.67,6573.82,6622.5,15.3093,0.2312,158062000.0,202862000.0
000905.SH,2021-01-25,6645.31,6636.22,6711.57,6599.97,6637.81,7.5085,0.1131,165623000.0,223557000.0
000905.SH,2021-01-26,6532.96,6621.15,6624.45,6515.26,6645.31,-112.353,-1.6907,143371000.0,191892000.0
000905.SH,2021-01-27,6557.16,6527.68,6564.29,6481.16,6532.96,24.1998,0.3704,139760000.0,174776000.0
000905.SH,2021-01-28,6414.38,6475.86,6529.84,6405.81,6557.16,-142.78,-2.1775,144825000.0,174818000.0
000905.SH,2021-01-29,6346.14,6448.67,6462.37,6255.7,6414.38,-68.244,-1.0639,146042000.0,172077000.0
000905.SH,2021-02-01,6393.28,6338.64,6397.01,6328.34,6346.14,47.1409,0.7428,137325000.0,157579000.0
000905.SH,2021-02-02,6454.79,6404.85,6459.48,6361.09,6393.28,61.5073,0.9621,132394000.0,161720000.0
000905.SH,2021-02-03,6399.33,6459.66,6484.49,6399.33,6454.79,-55.4538,-0.8591,145457000.0,175699000.0
000905.SH,2021-02-04,6328.79,6375.67,6414.3,6249.53,6399.33,-70.5434,-1.1024,148861000.0,173709000.0
000905.SH,2021-02-05,6239.87,6343.83,6382.96,6236.27,6328.79,-88.9172,-1.405,135133000.0,162501000.0
000905.SH,2021-02-08,6323.16,6247.92,6354.02,6215.73,6239.87,83.2913,1.3348,116134000.0,141592000.0
000905.SH,2021-02-09,6457.88,6334.42,6468.43,6330.79,6323.16,134.719,2.1306,119319000.0,146851000.0
000905.SH,2021-02-10,6525.17,6474.75,6542.75,6424.72,6457.88,67.2844,1.0419,119043000.0,150036000.0
000905.SH,2021-02-18,6614.54,6657.31,6678.61,6564.31,6525.17,89.3785,1.3698,166892000.0,194996000.0
000905.SH,2021-02-19,6703.48,6600.25,6706.39,6542.78,6614.54,88.9378,1.3446,178768000.0,201469000.0
000905.SH,2021-02-22,6657.06,6731.51,6810.92,6657.06,6703.48,-46.4261,-0.6926,237066000.0,259948000.0
000905.SH,2021-02-23,6631.23,6613.6,6701.43,6609.08,6657.06,-25.8274,-0.388,192657000.0,206145000.0
000905.SH,2021-02-24,6536.19,6633.28,6661.43,6477.75,6631.23,-95.0425,-1.4333,173719000.0,196798000.0
000905.SH,2021-02-25,6499.15,6600.21,6609.56,6484.55,6536.19,-37.0333,-0.5666,162068000.0,171451000.0
000905.SH,2021-02-26,6364.35,6365.74,6446.95,6346.13,6499.15,-134.8,-2.0741,150760000.0,163656000.0
000905.SH,2021-03-01,6488.44,6407.16,6491.94,6404.89,6364.35,124.086,1.9497,158608000.0,165792000.0
000905.SH,2021-03-02,6433.33,6514.02,6514.02,6386.49,6488.44,-55.1106,-0.8494,165877000.0,174025000.0
000905.SH,2021-03-03,6524.75,6426.04,6528.22,6420.21,6433.33,91.4231,1.4211,171018000.0,169667000.0
000905.SH,2021-03-04,6401.99,6482.79,6485.16,6371.73,6524.75,-122.76,-1.8814,194335000.0,192658000.0
000905.SH,2021-03-05,6403.5,6325.75,6442.02,6319.53,6401.99,1.5047,0.0235,166505000.0,163666000.0
000905.SH,2021-03-08,6256.41,6453.78,6488.82,6253.7,6403.5,-147.087,-2.297,168546000.0,177120000.0
000905.SH,2021-03-09,6108.0,6235.31,6250.94,6033.41,6256.41,-148.406,-2.3721,196433000.0,181888000.0
000905.SH,2021-03-10,6062.26,6164.77,6179.85,6053.02,6108.0,-45.7475,-0.749,142554000.0,135611000.0
000905.SH,2021-03-11,6213.83,6074.33,6213.93,6045.55,6062.26,151.577,2.5003,160815000.0,149413000.0
000905.SH,2021-03-12,6222.38,6231.48,6232.5,6137.99,6213.83,8.5483,0.1376,175746000.0,160347000.0
000905.SH,2021-03-15,6173.87,6192.3,6229.57,6111.36,6222.38,-48.5081,-0.7796,170800000.0,150565000.0
000905.SH,2021-03-16,6195.24,6176.07,6222.18,6124.78,6173.87,21.3717,0.3462,152846000.0,138853000.0
000905.SH,2021-03-17,6225.36,6180.89,6230.56,6124.05,6195.24,30.115,0.4861,134840000.0,125107000.0
000905.SH,2021-03-18,6273.86,6231.19,6300.94,6227.19,6225.36,48.4968,0.779,140726000.0,137985000.0
000905.SH,2021-03-19,6206.6,6195.25,6258.13,6167.51,6273.86,-67.2533,-1.072,143238000.0,143898000.0
000905.SH,2021-03-22,6305.69,6208.93,6307.55,6206.08,6206.6,99.0896,1.5965,143041000.0,138484000.0
000905.SH,2021-03-23,6219.17,6307.98,6307.98,6181.13,6305.69,-86.5253,-1.3722,150964000.0,144086000.0
000905.SH,2021-03-24,6142.54,6180.31,6232.13,6131.82,6219.17,-76.6227,-1.232,147673000.0,137685000.0
000905.SH,2021-03-25,6157.41,6118.87,6190.94,6108.26,6142.54,14.8633,0.242,129307000.0,122102000.0
000905.SH,2021-03-26,6251.79,6164.82,6264.56,6164.82,6157.41,94.3869,1.5329,128888000.0,130405000.0
000905.SH,2021-03-29,6254.94,6270.0,6277.77,6215.8,6251.79,3.1485,0.0504,139634000.0,137607000.0
000905.SH,2021-03-30,6280.36,6239.47,6287.87,6217.33,6254.94,25.4164,0.4063,134410000.0,138903000.0
000905.SH,2021-03-31,6254.07,6277.7,6277.7,6205.94,6280.36,-26.2895,-0.4186,125128000.0,124540000.0
000905.SH,2021-04-01,6311.66,6259.41,6321.58,6238.31,6254.07,57.5949,0.9209,130375000.0,124972000.0
000905.SH,2021-04-02,6326.61,6316.56,6341.65,6291.71,6311.66,14.9415,0.2367,123939000.0,125309000.0
000905.SH,2021-04-06,6343.1,6345.89,6367.78,6323.24,6326.61,16.4903,0.2607,111489000.0,115980000.0
000905.SH,2021-04-07,6348.08,6350.38,6350.38,6289.07,6343.1,4.9799,0.0785,150017000.0,139659000.0
000905.SH,2021-04-08,6356.75,6332.93,6385.2,6309.12,6348.08,8.6765,0.1367,173741000.0,147433000.0
000905.SH,2021-04-09,6335.24,6345.29,6360.45,6307.66,6356.75,-21.5133,-0.3384,141307000.0,127539000.0
000905.SH,2021-04-12,6226.42,6325.26,6344.16,6203.57,6335.24,-108.821,-1.7177,155441000.0,142018000.0
000905.SH,2021-04-13,6209.78,6210.22,6254.9,6193.81,6226.42,-16.6381,-0.2672,130388000.0,116032000.0
000905.SH,2021-04-14,6277.21,6206.64,6287.84,6206.64,6209.78,67.431,1.0859,117438000.0,107283000.0
000905.SH,2021-04-15,6276.46,6263.63,6281.43,6211.66,6277.21,-0.7502,-0.012,119776000.0,111582000.0
000905.SH,2021-04-16,6339.59,6283.86,6344.95,6276.43,6276.46,63.1297,1.0058,126765000.0,119985000.0
000905.SH,2021-04-19,6425.26,6331.71,6431.78,6315.08,6339.59,85.67,1.3513,142201000.0,144721000.0
000905.SH,2021-04-20,6428.54,6419.73,6467.38,6410.28,6425.26,3.2805,0.0511,134675000.0,143365000.0
000905.SH,2021-04-21,6420.26,6396.27,6434.63,6369.77,6428.54,-8.2824,-0.1288,121052000.0,128355000.0
000905.SH,2021-04-22,6445.47,6444.28,6472.8,6424.75,6420.26,25.207,0.3926,124924000.0,131906000.0
000905.SH,2021-04-23,6462.76,6445.52,6463.98,6412.99,6445.47,17.2901,0.2683,126117000.0,135171000.0
000905.SH,2021-04-26,6442.65,6480.3,6546.64,6437.19,6462.76,-20.1107,-0.3112,144964000.0,166587000.0
000905.SH,2021-04-27,6446.28,6434.61,6466.25,6399.44,6442.65,3.6371,0.0565,125895000.0,138320000.0
000905.SH,2021-04-28,6489.74,6433.1,6489.74,6410.32,6446.28,43.4619,0.6742,117235000.0,136378000.0
000905.SH,2021-04-29,6491.93,6495.65,6502.42,6453.52,6489.74,2.184,0.0337,128305000.0,145502000.0
000905.SH,2021-04-30,6485.71,6470.35,6503.15,6434.73,6491.93,-6.2206,-0.0958,144254000.0,163746000.0
000905.SH,2021-05-06,6489.35,6503.6,6548.07,6440.33,6485.71,3.641,0.0561,154142000.0,167436000.0
000905.SH,2021-05-07,6444.44,6505.58,6524.18,6439.89,6489.35,-44.9056,-0.692,177519000.0,177916000.0
000905.SH,2021-05-10,6475.99,6461.42,6493.5,6437.11,6444.44,31.5509,0.4896,189080000.0,180907000.0
000905.SH,2021-05-11,6456.04,6436.29,6472.87,6349.79,6475.99,-19.9562,-0.3082,187264000.0,175350000.0
000905.SH,2021-05-12,6512.05,6434.91,6521.49,6419.74,6456.04,56.0125,0.8676,156491000.0,150127000.0
000905.SH,2021-05-13,6439.03,6448.96,6497.0,6426.58,6512.05,-73.0228,-1.1213,159659000.0,155854000.0
000905.SH,2021-05-14,6525.8,6454.68,6525.8,6421.21,6439.03,86.7763,1.3477,166243000.0,163611000.0
000905.SH,2021-05-17,6578.14,6521.89,6613.89,6521.89,6525.8,52.3366,0.802,159364000.0,172029000.0
000905.SH,2021-05-18,6599.6,6578.97,6604.69,6558.78,6578.14,21.4583,0.3262,132505000.0,141987000.0
000905.SH,2021-05-19,6584.39,6582.1,6590.98,6544.84,6599.6,-15.2116,-0.2305,135181000.0,146346000.0
000905.SH,2021-05-20,6548.71,6541.09,6580.44,6506.41,6584.39,-35.6758,-0.5418,162330000.0,167136000.0
000905.SH,2021-05-21,6527.86,6557.49,6570.46,6512.81,6548.71,-20.8471,-0.3183,134351000.0,145990000.0
000905.SH,2021-05-24,6544.12,6515.83,6564.07,6494.62,6527.86,16.2578,0.2491,137227000.0,150739000.0
000905.SH,2021-05-25,6619.67,6549.34,6628.69,6524.3,6544.12,75.5489,1.1545,144692000.0,158036000.0
000905.SH,2021-05-26,6628.21,6631.37,6642.38,6612.42,6619.67,8.5358,0.1289,156237000.0,169905000.0
000905.SH,2021-05-27,6685.41,6629.24,6685.48,6620.72,6628.21,57.1989,0.863,145167000.0,164642000.0
000905.SH,2021-05-28,6668.17,6699.28,6718.09,6643.64,6685.41,-17.2358,-0.2578,157318000.0,176612000.0
000905.SH,2021-05-31,6728.99,6681.55,6729.07,6667.26,6668.17,60.821,0.9121,146929000.0,176729000.0
000905.SH,2021-06-01,6739.76,6718.64,6742.98,6656.66,6728.99,10.7718,0.1601,161092000.0,185039000.0
000905.SH,2021-06-02,6681.43,6740.5,6748.15,6662.75,6739.76,-58.3339,-0.8655,157365000.0,174266000.0
000905.SH,2021-06-03,6667.73,6680.1,6744.52,6654.46,6681.43,-13.7021,-0.2051,154886000.0,167599000.0
000905.SH,2021-06-04,6693.06,6642.06,6725.69,6628.01,6667.73,25.331,0.3799,137866000.0,161257000.0
000905.SH,2021-06-07,6721.5,6705.74,6729.85,6689.7,6693.06,28.4445,0.425,140561000.0,174154000.0
000905.SH,2021-06-08,6684.56,6726.09,6752.63,6652.39,6721.5,-36.9393,-0.5496,138685000.0,169907000.0
000905.SH,2021-06-09,6692.9,6677.14,6712.25,6656.05,6684.56,8.3423,0.1248,136511000.0,155486000.0
000905.SH,2021-06-10,6765.64,6688.82,6773.46,6683.49,6692.9,72.7387,1.0868,154281000.0,177003000.0
000905.SH,2021-06-11,6725.92,6773.64,6775.86,6717.27,6765.64,-39.7284,-0.5872,169570000.0,194413000.0
000905.SH,2021-06-15,6663.66,6734.1,6736.54,6649.2,6725.92,-62.2529,-0.9256,152209000.0,166359000.0
000905.SH,2021-06-16,6566.29,6659.49,6662.78,6554.89,6663.66,-97.3763,-1.4613,136808000.0,152269000.0
000905.SH,2021-06-17,6616.17,6554.3,6618.5,6554.3,6566.29,49.888,0.7598,124493000.0,143796000.0
000905.SH,2021-06-18,6657.76,6610.27,6671.88,6587.03,6616.17,41.5895,0.6286,138023000.0,161540000.0
000905.SH,2021-06-21,6707.18,6652.65,6722.98,6638.52,6657.76,49.4127,0.7422,143031000.0,174777000.0
000905.SH,2021-06-22,6739.79,6723.3,6748.97,6691.82,6707.18,32.6177,0.4863,146544000.0,170147000.0
000905.SH,2021-06-23,6789.95,6741.58,6803.97,6720.58,6739.79,50.1525,0.7441,155310000.0,184582000.0
000905.SH,2021-06-24,6754.87,6791.86,6791.86,6743.33,6789.95,-35.0807,-0.5167,145047000.0,172628000.0
000905.SH,2021-06-25,6813.41,6748.87,6824.86,6739.02,6754.87,58.5481,0.8668,151486000.0,174329000.0
000905.SH,2021-06-28,6828.52,6814.32,6843.52,6802.86,6813.41,15.1024,0.2217,145504000.0,175448000.0
000905.SH,2021-06-29,6765.42,6833.06,6835.05,6756.92,6828.52,-63.0961,-0.924,136626000.0,167622000.0
000905.SH,2021-06-30,6808.18,6767.74,6812.38,6757.34,6765.42,42.763,0.6321,125406000.0,155032000.0
000905.SH,2021-07-01,6716.67,6827.7,6827.7,6716.67,6808.18,-91.5173,-1.3442,138351000.0,168200000.0
000905.SH,2021-07-02,6658.04,6701.06,6718.51,6651.48,6716.67,-58.6207,-0.8728,136472000.0,162302000.0
000905.SH,2021-07-05,6711.01,6670.13,6716.15,6663.54,6658.04,52.9685,0.7956,134735000.0,165136000.0
000905.SH,2021-07-06,6709.5,6727.97,6747.85,6633.61,6711.01,-1.5153,-0.0226,145018000.0,183569000.0
000905.SH,2021-07-07,6764.13,6661.85,6765.43,6642.57,6709.5,54.6336,0.8143,147647000.0,176267000.0
000905.SH,2021-07-08,6748.65,6774.84,6797.08,6740.85,6764.13,-15.4779,-0.2288,159565000.0,203043000.0
000905.SH,2021-07-09,6804.54,6721.61,6814.65,6683.79,6748.65,55.8849,0.8281,166107000.0,204577000.0
000905.SH,2021-07-12,6904.38,6852.48,6926.76,6840.02,6804.54,99.8429,1.4673,193561000.0,239884000.0
000905.SH,2021-07-13,6961.85,6901.81,6961.97,6889.03,6904.38,57.4657,0.8323,179621000.0,223831000.0
000905.SH,2021-07-14,6898.75,6953.82,6973.61,6898.75,6961.85,-63.0973,-0.9063,171735000.0,214905000.0
000905.SH,2021-07-15,6932.41,6874.8,6936.58,6828.48,6898.75,33.6558,0.4879,173221000.0,205199000.0
000905.SH,2021-07-16,6925.12,6931.05,6992.83,6922.35,6932.41,-7.2828,-0.1051,184908000.0,221559000.0
000905.SH,2021-07-19,6889.34,6912.1,6931.14,6856.65,6925.12,-35.7857,-0.5168,169735000.0,208077000.0
000905.SH,2021-07-20,6901.13,6831.05,6901.13,6825.82,6889.34,11.7943,0.1712,140141000.0,171140000.0
000905.SH,2021-07-21,6984.54,6923.61,6998.28,6922.92,6901.13,83.41,1.2086,163009000.0,204940000.0
000905.SH,2021-07-22,7026.55,6996.26,7026.73,6960.3,6984.54,42.0064,0.6014,190233000.0,219500000.0
000905.SH,2021-07-23,6985.75,7036.3,7061.67,6968.31,7026.55,-40.7983,-0.5806,225079000.0,253751000.0
000905.SH,2021-07-26,6868.21,6974.11,6986.5,6778.5,6985.75,-117.543,-1.6826,208197000.0,242702000.0
000905.SH,2021-07-27,6719.26,6877.44,6925.97,6719.26,6868.21,-148.952,-2.1687,228614000.0,266958000.0
000905.SH,2021-07-28,6621.98,6650.15,6709.23,6534.92,6719.26,-97.2712,-1.4476,197267000.0,222466000.0
000905.SH,2021-07-29,6758.89,6720.62,6773.57,6682.12,6621.98,136.902,2.0674,171018000.0,209142000.0
000905.SH,2021-07-30,6767.32,6739.75,6775.01,6702.51,6758.89,8.4291,0.1247,189712000.0,222515000.0
000905.SH,2021-08-02,6872.0,6756.81,6875.42,6731.78,6767.32,104.684,1.5469,206205000.0,249640000.0
000905.SH,2021-08-03,6816.01,6844.37,6879.59,6792.71,6872.0,-55.9897,-0.8148,194189000.0,237723000.0
000905.SH,2021-08-04,6931.34,6814.08,6931.78,6813.23,6816.01,115.326,1.692,174064000.0,216190000.0
000905.SH,2021-08-05,6911.83,6920.94,6946.34,6880.69,6931.34,-19.5073,-0.2814,179372000.0,226672000.0
000905.SH,2021-08-06,6938.87,6929.02,6947.54,6885.65,6911.83,27.0387,0.3912,172357000.0,214959000.0
000905.SH,2021-08-09,6979.53,6914.32,6989.71,6877.2,6938.87,40.6577,0.5859,173833000.0,210956000.0
000905.SH,2021-08-10,7019.23,6970.83,7019.69,6958.81,6979.53,39.7028,0.5688,173088000.0,222660000.0
000905.SH,2021-08-11,7073.52,7024.77,7076.37,6999.93,7019.23,54.2935,0.7735,188358000.0,221760000.0
000905.SH,2021-08-12,7095.2,7059.47,7115.89,7051.01,7073.52,21.6805,0.3065,194079000.0,226075000.0
000905.SH,2021-08-13,7088.89,7070.47,7124.92,7050.31,7095.2,-6.3148,-0.089,192191000.0,221866000.0
000905.SH,2021-08-16,7052.49,7087.58,7102.4,7039.1,7088.89,-36.4,-0.5135,188179000.0,222080000.0
000905.SH,2021-08-17,6894.4,7045.75,7063.02,6876.5,7052.49,-158.083,-2.2415,201936000.0,226553000.0
000905.SH,2021-08-18,6941.01,6883.27,6950.88,6865.07,6894.4,46.6038,0.676,175367000.0,191997000.0
000905.SH,2021-08-19,6947.06,6917.51,6978.98,6869.29,6941.01,6.0484,0.0871,171814000.0,194993000.0
000905.SH,2021-08-20,6920.02,6915.02,6952.52,6843.0,6947.06,-27.0316,-0.3891,175627000.0,205136000.0
000905.SH,2021-08-23,7024.56,6949.33,7031.88,6949.33,6920.02,104.54,1.5107,189457000.0,216300000.0
000905.SH,2021-08-24,7090.78,7031.65,7098.03,7009.69,7024.56,66.217,0.9426,202727000.0,236479000.0
000905.SH,2021-08-25,7153.0,7092.15,7153.27,7058.57,7090.78,62.2226,0.8775,198127000.0,228737000.0
000905.SH,2021-08-26,7118.84,7151.53,7175.51,7115.84,7153.0,-34.1601,-0.4776,230176000.0,255364000.0
000905.SH,2021-08-27,7180.11,7096.65,7185.73,7083.21,7118.84,61.2646,0.8606,223830000.0,258998000.0
000905.SH,2021-08-30,7226.88,7202.63,7262.6,7190.61,7180.11,46.7735,0.6514,250649000.0,301015000.0
000905.SH,2021-08-31,7255.34,7202.52,7255.34,7159.3,7226.88,28.4595,0.3938,245108000.0,288657000.0
000905.SH,2021-09-01,7193.1,7271.03,7278.16,7100.31,7255.34,-62.2418,-0.8579,295520000.0,331023000.0
000905.SH,2021-09-02,7307.01,7172.4,7309.33,7172.4,7193.1,113.908,1.5836,253412000.0,271545000.0
000905.SH,2021-09-03,7278.68,7335.7,7385.24,7227.03,7307.01,-28.3275,-0.3877,288801000.0,315017000.0
000905.SH,2021-09-06,7355.4,7297.36,7359.54,7231.73,7278.68,76.7204,1.054,255875000.0,273720000.0
000905.SH,2021-09-07,7498.93,7360.38,7501.13,7350.7,7355.4,143.524,1.9513,260728000.0,280403000.0
000905.SH,2021-09-08,7544.04,7496.33,7549.45,7483.87,7498.93,45.1156,0.6016,272848000.0,287851000.0
000905.SH,2021-09-09,7617.45,7534.98,7617.66,7526.97,7544.04,73.4094,0.9731,287204000.0,302380000.0
000905.SH,2021-09-10,7607.67,7613.6,7661.43,7564.26,7617.45,-9.7756,-0.1283,293469000.0,322688000.0
000905.SH,2021-09-13,7648.75,7613.54,7650.88,7566.78,7607.67,41.0732,0.5399,263619000.0,298956000.0
000905.SH,2021-09-14,7556.62,7630.72,7688.6,7544.02,7648.75,-92.1324,-1.2045,271502000.0,306464000.0
000905.SH,2021-09-15,7592.31,7535.25,7627.67,7521.88,7556.62,35.6902,0.4723,233398000.0,274073000.0
000905.SH,2021-09-16,7446.94,7616.88,7657.23,7445.23,7592.31,-145.371,-1.9147,267650000.0,301163000.0
000905.SH,2021-09-17,7395.56,7421.81,7471.42,7275.98,7446.94,-51.3708,-0.6898,233604000.0,259019000.0
000905.SH,2021-09-22,7453.62,7305.08,7453.93,7298.03,7395.56,58.0602,0.7851,196795000.0,221839000.0
000905.SH,2021-09-23,7502.84,7512.33,7543.66,7467.2,7453.62,49.2144,0.6603,241159000.0,267659000.0
000905.SH,2021-09-24,7380.38,7490.56,7490.56,7373.29,7502.84,-122.455,-1.6321,231716000.0,248983000.0
000905.SH,2021-09-27,7170.59,7400.0,7410.47,7128.51,7380.38,-209.794,-2.8426,239542000.0,255097000.0
000905.SH,2021-09-28,7198.9,7158.62,7227.46,7155.27,7170.59,28.3067,0.3948,202801000.0,196202000.0
000905.SH,2021-09-29,7010.22,7142.76,7161.21,6996.57,7198.9,-188.677,-2.6209,210571000.0,207831000.0
000905.SH,2021-09-30,7103.61,7034.69,7116.04,7034.69,7010.22,93.3884,1.3322,202483000.0,186186000.0
000905.SH,2021-10-08,7091.34,7191.23,7198.96,7058.83,7103.61,-12.272,-0.1728,205468000.0,202877000.0
000905.SH,2021-10-11,7090.47,7102.88,7123.75,7048.87,7091.34,-0.8683,-0.0122,195421000.0,194710000.0
000905.SH,2021-10-12,6952.19,7069.35,7079.71,6891.84,7090.47,-138.277,-1.9502,201667000.0,194147000.0
000905.SH,2021-10-13,6981.59,6957.73,6991.24,6887.34,6952.19,29.4044,0.423,162605000.0,163678000.0
000905.SH,2021-10-14,7008.33,6970.65,7033.4,6949.48,6981.59,26.7379,0.383,154765000.0,162947000.0
000905.SH,2021-10-15,7024.16,6996.12,7034.03,6975.24,7008.33,15.827,0.2258,174108000.0,189000000.0
000905.SH,2021-10-18,7068.1,7027.14,7071.87,6983.72,7024.16,43.9452,0.6256,175627000.0,194313000.0
000905.SH,2021-10-19,7120.38,7060.77,7127.24,7051.78,7068.1,52.2746,0.7396,168136000.0,182701000.0
000905.SH,2021-10-20,7118.8,7081.98,7154.91,7067.13,7120.38,-1.5835,-0.0222,170511000.0,186276000.0
000905.SH,2021-10-21,7098.25,7127.64,7145.58,7069.45,7118.8,-20.5417,-0.2886,167972000.0,184365000.0
000905.SH,2021-10-22,7026.07,7089.13,7110.66,7020.87,7098.25,-72.1866,-1.017,171615000.0,184192000.0
000905.SH,2021-10-25,7103.99,7019.02,7105.98,7003.78,7026.07,77.918,1.109,159005000.0,184607000.0
000905.SH,2021-10-26,7102.43,7120.07,7155.63,7085.07,7103.99,-1.5521,-0.0218,175032000.0,204998000.0
000905.SH,2021-10-27,7048.6,7093.12,7097.86,7017.86,7102.43,-53.8295,-0.7579,179021000.0,212524000.0
000905.SH,2021-10-28,6950.28,7026.29,7043.42,6930.54,7048.6,-98.3272,-1.395,188075000.0,210381000.0
000905.SH,2021-10-29,7022.5,6955.85,7022.75,6920.31,6950.28,72.2224,1.0391,170780000.0,207012000.0
000905.SH,2021-11-01,7060.76,7005.07,7087.29,6993.27,7022.5,38.2568,0.5448,184143000.0,226534000.0
000905.SH,2021-11-02,6985.1,7061.0,7093.61,6921.85,7060.76,-75.6562,-1.0715,196115000.0,230634000.0
000905.SH,2021-11-03,7017.85,6975.06,7034.09,6962.87,6985.1,32.7543,0.4689,150815000.0,183531000.0
000905.SH,2021-11-04,7073.85,7031.95,7073.85,7018.61,7017.85,55.9981,0.7979,152652000.0,188533000.0
000905.SH,2021-11-05,6991.91,7071.08,7073.85,6991.15,7073.85,-81.9445,-1.1584,177241000.0,207300000.0
000905.SH,2021-11-08,7026.97,6986.5,7034.14,6984.81,6991.91,35.0638,0.5015,146361000.0,176810000.0
000905.SH,2021-11-09,7081.75,7037.57,7087.02,7028.31,7026.97,54.7824,0.7796,141697000.0,175620000.0
000905.SH,2021-11-10,7062.33,7061.64,7072.15,6965.86,7081.75,-19.4226,-0.2743,162138000.0,187122000.0
000905.SH,2021-11-11,7119.86,7048.86,7121.92,7033.09,7062.33,57.5276,0.8146,165401000.0,186638000.0
000905.SH,2021-11-12,7156.61,7118.99,7165.11,7112.58,7119.86,36.7538,0.5162,168513000.0,195250000.0
000905.SH,2021-11-15,7098.21,7166.04,7176.77,7083.78,7156.61,-58.3998,-0.816,161148000.0,201940000.0
000905.SH,2021-11-16,7045.94,7083.92,7121.74,7040.51,7098.21,-52.2742,-0.7364,162370000.0,192032000.0
000905.SH,2021-11-17,7104.53,7043.63,7106.05,7033.95,7045.94,58.5957,0.8316,140347000.0,168875000.0
000905.SH,2021-11-18,7084.68,7108.78,7130.29,7066.49,7104.53,-19.8517,-0.2794,162715000.0,185153000.0
000905.SH,2021-11-19,7169.88,7083.01,7174.25,7073.72,7084.68,85.1932,1.2025,178186000.0,193601000.0
000905.SH,2021-11-22,7255.07,7177.4,7259.53,7177.4,7169.88,85.1977,1.1883,180522000.0,222986000.0
000905.SH,2021-11-23,7261.38,7245.95,7292.92,7239.0,7255.07,6.3055,0.0869,189595000.0,218299000.0
000905.SH,2021-11-24,7256.11,7260.22,7278.4,7229.6,7261.38,-5.2674,-0.0725,177674000.0,209537000.0
000905.SH,2021-11-25,7233.54,7262.79,7262.79,7228.29,7256.11,-22.5694,-0.311,164068000.0,190328000.0
000905.SH,2021-11-26,7219.86,7216.64,7249.2,7201.2,7233.54,-13.6801,-0.1891,159423000.0,192094000.0
000905.SH,2021-11-29,7221.9,7129.94,7226.34,7125.43,7219.86,2.0356,0.0282,166941000.0,198552000.0
000905.SH,2021-11-30,7252.76,7252.33,7281.13,7210.83,7221.9,30.8574,0.4273,186336000.0,213218000.0
000905.SH,2021-12-01,7272.84,7239.13,7272.94,7215.67,7252.76,20.0818,0.2769,171806000.0,196112000.0
000905.SH,2021-12-02,7229.99,7256.42,7279.95,7221.36,7272.84,-42.849,-0.5892,176556000.0,198627000.0
000905.SH,2021-12-03,7301.92,7233.57,7310.27,7223.8,7229.99,71.9293,0.9949,186223000.0,200791000.0
000905.SH,2021-12-06,7240.46,7308.99,7330.47,7235.45,7301.92,-61.4615,-0.8417,213070000.0,218323000.0
000905.SH,2021-12-07,7206.83,7274.13,7284.64,7148.07,7240.46,-33.6301,-0.4645,192244000.0,206136000.0
000905.SH,2021-12-08,7302.99,7225.0,7302.99,7214.26,7206.83,96.1648,1.3344,169280000.0,190280000.0
000905.SH,2021-12-09,7320.32,7298.8,7331.58,7290.27,7302.99,17.3272,0.2373,196087000.0,211492000.0
000905.SH,2021-12-10,7306.65,7285.97,7317.27,7276.61,7320.32,-13.6717,-0.1868,187231000.0,209398000.0
000905.SH,2021-12-13,7353.03,7334.11,7371.31,7322.44,7306.65,46.3846,0.6348,185363000.0,210742000.0
000905.SH,2021-12-14,7324.13,7330.24,7349.88,7314.43,7353.03,-28.8975,-0.393,159584000.0,183556000.0
000905.SH,2021-12-15,7314.26,7319.66,7352.38,7302.38,7324.13,-9.8745,-0.1348,159924000.0,183859000.0
000905.SH,2021-12-16,7381.0,7323.41,7381.0,7323.41,7314.26,66.7388,0.9124,177690000.0,187009000.0
000905.SH,2021-12-17,7314.56,7380.72,7384.02,7308.72,7381.0,-66.4373,-0.9001,196265000.0,203440000.0
000905.SH,2021-12-20,7195.97,7290.95,7313.48,7191.05,7314.56,-118.587,-1.6212,181728000.0,190351000.0
000905.SH,2021-12-21,7275.47,7190.97,7285.72,7190.97,7195.97,79.4943,1.1047,176217000.0,164258000.0
000905.SH,2021-12-22,7302.46,7289.91,7318.6,7271.82,7275.47,26.9955,0.371,174117000.0,171088000.0
000905.SH,2021-12-23,7337.19,7306.16,7350.0,7290.38,7302.46,34.727,0.4756,169132000.0,180467000.0
000905.SH,2021-12-24,7278.76,7336.0,7339.94,7257.53,7337.19,-58.4344,-0.7964,169419000.0,182681000.0
000905.SH,2021-12-27,7272.75,7269.37,7323.88,7255.72,7278.76,-6.0063,-0.0825,148619000.0,165586000.0
000905.SH,2021-12-28,7286.03,7281.0,7290.54,7240.93,7272.75,13.2843,0.1827,143262000.0,164783000.0
000905.SH,2021-12-29,7247.77,7275.67,7290.86,7242.3,7286.03,-38.2595,-0.5251,136210000.0,155744000.0
000905.SH,2021-12-30,7310.96,7246.03,7324.5,7244.22,7247.77,63.1859,0.8718,141651000.0,158448000.0
000905.SH,2021-12-31,7359.4,7320.94,7368.13,7317.7,7310.96,48.4424,0.6626,149909000.0,169457000.0
000905.SH,2022-01-04,7354.46,7387.81,7392.1,7317.5,7359.4,-4.9462,-0.0672,200810000.0,219175000.0
000905.SH,2022-01-05,7222.67,7343.9,7346.26,7200.73,7354.46,-131.781,-1.7919,194002000.0,209810000.0
000905.SH,2022-01-06,7229.96,7187.95,7242.77,7167.81,7222.67,7.2854,0.1009,173336000.0,179908000.0
000905.SH,2022-01-07,7175.68,7232.41,7262.81,7168.04,7229.96,-54.2841,-0.7508,200018000.0,202498000.0
000905.SH,2022-01-10,7191.45,7161.44,7193.92,7122.09,7175.68,15.7751,0.2198,165749000.0,176718000.0
000905.SH,2022-01-11,7135.22,7187.02,7206.92,7118.84,7191.45,-56.2279,-0.7819,169495000.0,179645000.0
000905.SH,2022-01-12,7196.93,7160.18,7196.93,7148.63,7135.22,61.7095,0.8649,156051000.0,170334000.0
000905.SH,2022-01-13,7097.76,7203.24,7203.24,7096.33,7196.93,-99.1733,-1.378,169149000.0,174599000.0
000905.SH,2022-01-14,7081.14,7063.42,7125.09,7052.63,7097.76,-16.6186,-0.2341,175591000.0,181514000.0
000905.SH,2022-01-17,7157.86,7080.62,7169.34,7078.66,7081.14,76.7185,1.0834,161780000.0,183491000.0
000905.SH,2022-01-18,7163.16,7163.13,7191.0,7133.2,7157.86,5.2993,0.074,179235000.0,195000000.0
000905.SH,2022-01-19,7118.76,7144.48,7182.06,7078.36,7163.16,-44.3966,-0.6198,163178000.0,174675000.0
000905.SH,2022-01-20,7056.79,7119.51,7135.78,7040.01,7118.76,-61.9766,-0.8706,168666000.0,172753000.0
000905.SH,2022-01-21,6976.62,7037.94,7040.42,6965.33,7056.79,-80.1699,-1.1361,144680000.0,158204000.0
000905.SH,2022-01-24,6979.25,6942.92,7006.7,6925.77,6976.62,2.6301,0.0377,122680000.0,135921000.0
000905.SH,2022-01-25,6743.96,6960.0,6979.48,6743.96,6979.25,-235.289,-3.3713,150337000.0,154265000.0
000905.SH,2022-01-26,6782.58,6762.35,6799.81,6721.9,6743.96,38.6197,0.5727,120615000.0,130235000.0
000905.SH,2022-01-27,6605.92,6781.61,6785.73,6605.92,6782.58,-176.66,-2.6046,125244000.0,132245000.0
000905.SH,2022-01-28,6580.53,6690.18,6690.18,6510.18,6605.92,-25.3859,-0.3843,127089000.0,130258000.0
000905.SH,2022-02-07,6676.61,6664.57,6702.33,6656.13,6580.53,96.0822,1.4601,145093000.0,138642000.0
000905.SH,2022-02-08,6742.19,6678.99,6742.4,6599.37,6676.61,65.5799,0.9822,159599000.0,145459000.0
000905.SH,2022-02-09,6843.03,6736.75,6848.69,6725.8,6742.19,100.835,1.4956,162823000.0,155363000.0
000905.SH,2022-02-10,6840.48,6841.16,6864.69,6797.01,6843.03,-2.5421,-0.0371,154917000.0,147065000.0
000905.SH,2022-02-11,6745.02,6811.78,6840.72,6735.89,6840.48,-95.4615,-1.3955,159801000.0,156700000.0
000905.SH,2022-02-14,6695.7,6711.59,6765.52,6667.49,6745.02,-49.3277,-0.7313,137082000.0,132192000.0
000905.SH,2022-02-15,6760.28,6700.82,6762.86,6686.95,6695.7,64.5818,0.9645,112806000.0,121268000.0
000905.SH,2022-02-16,6772.03,6779.21,6788.36,6751.8,6760.28,11.756,0.1739,108414000.0,114685000.0
000905.SH,2022-02-17,6768.79,6764.33,6797.62,6730.18,6772.03,-3.2448,-0.0479,122985000.0,130707000.0
000905.SH,2022-02-18,6835.02,6734.52,6835.2,6727.82,6768.79,66.2329,0.9785,139953000.0,134407000.0
000905.SH,2022-02-21,6867.11,6843.08,6871.99,6822.88,6835.02,32.0912,0.4695,145146000.0,150072000.0
000905.SH,2022-02-22,6784.76,6827.05,6827.05,6743.85,6867.11,-82.3507,-1.1992,148610000.0,152906000.0
000905.SH,2022-02-23,6887.42,6785.1,6889.7,6785.1,6784.76,102.661,1.5131,144117000.0,159413000.0
000905.SH,2022-02-24,6764.88,6861.41,6898.41,6688.75,6887.42,-122.548,-1.7793,210850000.0,218057000.0
000905.SH,2022-02-25,6819.43,6805.64,6895.04,6801.33,6764.88,54.5555,0.8065,156429000.0,164106000.0
000905.SH,2022-02-28,6853.31,6831.49,6853.34,6770.05,6819.43,33.877,0.4968,139601000.0,148585000.0
000905.SH,2022-03-01,6874.04,6868.62,6889.33,6837.25,6853.31,20.7366,0.3026,137717000.0,147535000.0
000905.SH,2022-03-02,6875.24,6853.07,6878.35,6828.06,6874.04,1.1957,0.0174,137115000.0,140871000.0
000905.SH,2022-03-03,6859.55,6900.98,6907.41,6843.99,6875.24,-15.6882,-0.2282,189092000.0,173517000.0
000905.SH,2022-03-04,6803.83,6823.83,6871.09,6779.41,6859.55,-55.7185,-0.8123,177412000.0,165853000.0
000905.SH,2022-03-07,6659.39,6800.77,6800.82,6628.48,6803.83,-144.443,-2.123,166485000.0,164637000.0
000905.SH,2022-03-08,6429.89,6650.58,6665.95,6416.8,6659.39,-229.501,-3.4463,186296000.0,184444000.0
000905.SH,2022-03-09,6305.61,6443.2,6462.48,6066.76,6429.89,-124.28,-1.9328,197803000.0,188336000.0
000905.SH,2022-03-10,6414.94,6424.91,6475.14,6390.73,6305.61,109.331,1.7339,153152000.0,158972000.0
000905.SH,2022-03-11,6474.13,6343.19,6479.72,6270.02,6414.94,59.1867,0.9226,152114000.0,158771000.0
000905.SH,2022-03-14,6323.58,6419.24,6490.61,6323.58,6474.13,-150.549,-2.3254,137954000.0,153706000.0
000905.SH,2022-03-15,5964.98,6272.44,6278.07,5964.98,6323.58,-358.597,-5.6708,194714000.0,184102000.0
000905.SH,2022-03-16,6156.27,6068.9,6173.79,5824.33,5964.98,191.29,3.2069,178827000.0,178613000.0
000905.SH,2022-03-17,6267.52,6233.64,6369.89,6225.98,6156.27,111.253,1.8071,170439000.0,184845000.0
000905.SH,2022-03-18,6332.22,6249.48,6338.22,6231.73,6267.52,64.6922,1.0322,152620000.0,153302000.0
000905.SH,2022-03-21,6358.94,6340.56,6389.21,6284.85,6332.22,26.7264,0.4221,159654000.0,161774000.0
000905.SH,2022-03-22,6358.11,6343.4,6404.83,6313.27,6358.94,-0.8337,-0.0131,151108000.0,145705000.0
000905.SH,2022-03-23,6398.1,6368.31,6420.16,6353.34,6358.11,39.9916,0.629,143179000.0,141685000.0
000905.SH,2022-03-24,6344.12,6370.97,6384.4,6315.14,6398.1,-53.9859,-0.8438,137749000.0,139176000.0
000905.SH,2022-03-25,6268.24,6346.71,6373.47,6268.24,6344.12,-75.8774,-1.196,134972000.0,135182000.0
000905.SH,2022-03-28,6283.28,6230.12,6322.13,6176.25,6268.24,15.0438,0.24,144858000.0,136992000.0
000905.SH,2022-03-29,6253.07,6289.48,6316.31,6233.28,6283.28,-30.2122,-0.4808,141362000.0,140401000.0
000905.SH,2022-03-30,6377.87,6272.0,6377.87,6261.8,6253.07,124.805,1.9959,164015000.0,155601000.0
000905.SH,2022-03-31,6324.96,6361.1,6383.07,6313.97,6377.87,-52.9135,-0.8296,176904000.0,167073000.0
000905.SH,2022-04-01,6364.52,6289.39,6373.26,6274.0,6324.96,39.5597,0.6255,175129000.0,154552000.0
000905.SH,2022-04-06,6356.93,6363.0,6363.0,6279.07,6364.52,-7.5935,-0.1193,196854000.0,169525000.0
000905.SH,2022-04-07,6221.59,6321.81,6364.63,6221.59,6356.93,-135.336,-2.129,190762000.0,163736000.0
000905.SH,2022-04-08,6224.12,6227.2,6237.91,6117.01,6221.59,2.5259,0.0406,183955000.0,159245000.0
000905.SH,2022-04-11,6029.89,6202.02,6202.02,6001.57,6224.12,-194.223,-3.1205,178385000.0,162201000.0
000905.SH,2022-04-12,6126.91,6019.67,6135.57,5964.39,6029.89,97.013,1.6089,173180000.0,151432000.0
000905.SH,2022-04-13,6044.33,6094.68,6129.66,6039.92,6126.91,-82.5802,-1.3478,167043000.0,147270000.0
000905.SH,2022-04-14,6126.49,6074.13,6156.5,6060.68,6044.33,82.1639,1.3594,159033000.0,147089000.0
000905.SH,2022-04-15,6070.75,6094.12,6122.29,6048.16,6126.49,-55.7413,-0.9098,184627000.0,162170000.0
000905.SH,2022-04-18,6074.01,6019.53,6094.67,5975.45,6070.75,3.258,0.0537,149186000.0,131554000.0
000905.SH,2022-04-19,6092.4,6067.48,6106.93,6052.1,6074.01,18.3894,0.3028,141998000.0,129227000.0
000905.SH,2022-04-20,5956.92,6082.81,6093.78,5942.0,6092.4,-135.475,-2.2237,151056000.0,134721000.0
000905.SH,2022-04-21,5759.8,5933.79,5971.19,5742.42,5956.92,-197.12,-3.3091,157855000.0,135626000.0
000905.SH,2022-04-22,5740.98,5728.19,5794.33,5667.34,5759.8,-18.8169,-0.3267,139998000.0,120244000.0
000905.SH,2022-04-25,5369.72,5656.39,5656.39,5369.72,5740.98,-371.267,-6.467,186753000.0,150664000.0
000905.SH,2022-04-26,5234.01,5374.25,5434.7,5225.21,5369.72,-135.711,-2.5273,171299000.0,139144000.0
000905.SH,2022-04-27,5437.04,5179.03,5440.07,5158.48,5234.01,203.031,3.8791,179693000.0,148166000.0
000905.SH,2022-04-28,5418.76,5398.9,5472.82,5339.61,5437.04,-18.2733,-0.3361,155040000.0,133024000.0
000905.SH,2022-04-29,5627.9,5458.91,5630.93,5443.67,5418.76,209.138,3.8595,181290000.0,157723000.0
000905.SH,2022-05-05,5686.7,5612.5,5728.62,5606.94,5627.9,58.8002,1.0448,168643000.0,153614000.0
000905.SH,2022-05-06,5563.77,5560.98,5629.65,5542.18,5686.7,-122.933,-2.1618,152993000.0,128085000.0
000905.SH,2022-05-09,5608.52,5552.48,5626.59,5537.98,5563.77,44.7469,0.8043,131554000.0,114555000.0
000905.SH,2022-05-10,5690.09,5532.6,5698.51,5519.47,5608.52,81.5706,1.4544,165330000.0,141137000.0
000905.SH,2022-05-11,5737.82,5697.43,5856.19,5696.7,5690.09,47.7305,0.8388,185164000.0,172855000.0
000905.SH,2022-05-12,5743.1,5707.56,5779.32,5687.17,5737.82,5.2834,0.0921,139216000.0,125953000.0
000905.SH,2022-05-13,5796.8,5765.32,5796.8,5731.86,5743.1,53.7007,0.935,136560000.0,116785000.0
000905.SH,2022-05-16,5791.08,5840.24,5855.72,5767.54,5796.8,-5.7205,-0.0987,151387000.0,132451000.0
000905.SH,2022-05-17,5816.34,5789.92,5816.34,5724.44,5791.08,25.257,0.4361,130829000.0,119260000.0
000905.SH,2022-05-18,5797.49,5815.6,5846.84,5785.45,5816.34,-18.8483,-0.3241,127244000.0,114320000.0
000905.SH,2022-05-19,5838.41,5708.8,5838.41,5700.11,5797.49,40.9178,0.7058,136624000.0,122730000.0
000905.SH,2022-05-20,5929.49,5854.01,5929.54,5849.76,5838.41,91.0808,1.56,165727000.0,151891000.0
000905.SH,2022-05-23,5965.73,5941.14,5968.85,5908.66,5929.49,36.2395,0.6112,153876000.0,143376000.0
000905.SH,2022-05-24,5745.68,5962.15,5967.23,5745.68,5965.73,-220.053,-3.6886,177541000.0,161859000.0
000905.SH,2022-05-25,5844.25,5741.23,5844.28,5736.14,5745.68,98.5795,1.7157,143591000.0,126687000.0
000905.SH,2022-05-26,5911.56,5848.03,5928.71,5780.97,5844.25,67.3061,1.1517,162350000.0,142667000.0
000905.SH,2022-05-27,5899.92,5921.33,5952.62,5854.61,5911.56,-11.6457,-0.197,143407000.0,128503000.0
000905.SH,2022-05-30,5942.83,5918.24,5943.0,5867.19,5899.92,42.9167,0.7274,133853000.0,124184000.0
000905.SH,2022-05-31,6026.24,5940.37,6033.47,5902.27,5942.83,83.4056,1.4035,155945000.0,147825000.0
000905.SH,2022-06-01,6023.64,6008.75,6042.37,5970.49,6026.24,-2.5933,-0.043,155366000.0,143127000.0
000905.SH,2022-06-02,6078.44,6000.62,6084.32,5987.64,6023.64,54.7909,0.9096,159572000.0,150036000.0
000905.SH,2022-06-06,6187.44,6079.89,6194.43,6070.71,6078.44,109.009,1.7934,182680000.0,180119000.0
000905.SH,2022-06-07,6186.57,6186.58,6199.72,6136.04,6187.44,-0.8769,-0.0142,177312000.0,169115000.0
000905.SH,2022-06-08,6217.83,6184.96,6227.33,6110.06,6186.57,31.2604,0.5053,186429000.0,176671000.0
000905.SH,2022-06-09,6130.69,6207.73,6209.11,6088.46,6217.83,-87.1414,-1.4015,172130000.0,160399000.0
000905.SH,2022-06-10,6240.1,6083.5,6250.36,6078.78,6130.69,109.417,1.7847,192541000.0,178687000.0
000905.SH,2022-06-13,6233.62,6188.77,6250.68,6172.92,6240.1,-6.4838,-0.1039,188132000.0,197652000.0
000905.SH,2022-06-14,6275.57,6161.62,6278.97,6061.19,6233.62,41.9458,0.6729,197403000.0,196166000.0
000905.SH,2022-06-15,6261.06,6275.37,6398.36,6261.04,6275.57,-14.5039,-0.2311,238141000.0,231705000.0
000905.SH,2022-06-16,6264.82,6262.29,6330.35,6242.33,6261.06,3.7607,0.0601,194615000.0,200890000.0
000905.SH,2022-06-17,6316.31,6220.58,6328.36,6181.85,6264.82,51.4872,0.8218,167859000.0,188555000.0
000905.SH,2022-06-20,6330.39,6323.41,6359.0,6277.22,6316.31,14.085,0.223,175207000.0,202463000.0
000905.SH,2022-06-21,6277.0,6324.84,6337.08,6215.29,6330.39,-53.3928,-0.8434,164462000.0,178813000.0
000905.SH,2022-06-22,6179.57,6281.87,6285.65,6176.85,6277.0,-97.4314,-1.5522,154094000.0,164241000.0
000905.SH,2022-06-23,6300.47,6186.99,6300.47,6142.94,6179.57,120.905,1.9565,168266000.0,179526000.0
000905.SH,2022-06-24,6368.28,6306.83,6378.5,6304.08,6300.47,67.8081,1.0762,157713000.0,181996000.0
000905.SH,2022-06-27,6407.74,6398.36,6449.34,6390.28,6368.28,39.462,0.6197,168918000.0,201653000.0
000905.SH,2022-06-28,6501.35,6412.44,6506.67,6392.11,6407.74,93.6073,1.4608,170583000.0,196479000.0
000905.SH,2022-06-29,6374.3,6479.17,6501.39,6370.02,6501.35,-127.055,-1.9543,190728000.0,215976000.0
000905.SH,2022-06-30,6454.08,6385.21,6493.09,6385.21,6374.3,79.7804,1.2516,163847000.0,193599000.0
000905.SH,2022-07-01,6438.54,6450.75,6481.15,6423.86,6454.08,-15.5403,-0.2408,144205000.0,172658000.0
000905.SH,2022-07-04,6523.13,6445.07,6524.29,6405.38,6438.54,84.5936,1.3139,157820000.0,193784000.0
000905.SH,2022-07-05,6511.53,6535.45,6548.3,6435.74,6523.13,-11.6014,-0.1779,186625000.0,206725000.0
000905.SH,2022-07-06,6418.55,6489.02,6496.97,6359.47,6511.53,-92.9844,-1.428,177104000.0,188283000.0
000905.SH,2022-07-07,6452.99,6414.41,6482.42,6380.17,6418.55,34.441,0.5366,157351000.0,176906000.0
000905.SH,2022-07-08,6404.44,6478.29,6490.15,6404.16,6452.99,-48.547,-0.7523,150987000.0,171163000.0
000905.SH,2022-07-11,6319.14,6387.45,6387.45,6274.74,6404.44,-85.2991,-1.3319,151994000.0,169420000.0
000905.SH,2022-07-12,6241.48,6317.88,6346.51,6238.56,6319.14,-77.6609,-1.229,144513000.0,162745000.0
000905.SH,2022-07-13,6268.49,6238.68,6287.64,6207.72,6241.48,27.015,0.4328,142711000.0,148941000.0
000905.SH,2022-07-14,6302.43,6267.47,6339.42,6254.68,6268.49,33.9376,0.5414,140354000.0,156035000.0
000905.SH,2022-07-15,6196.8,6279.68,6323.53,6196.8,6302.43,-105.632,-1.6761,158387000.0,169165000.0
000905.SH,2022-07-18,6312.36,6216.1,6315.66,6200.52,6196.8,115.556,1.8648,159145000.0,163899000.0
000905.SH,2022-07-19,6335.71,6318.84,6347.24,6283.4,6312.36,23.3536,0.37,146385000.0,163013000.0
000905.SH,2022-07-20,6410.71,6353.0,6416.87,6351.82,6335.71,74.9995,1.1838,142933000.0,157782000.0
000905.SH,2022-07-21,6347.6,6400.07,6408.46,6347.6,6410.71,-63.1104,-0.9845,148210000.0,163173000.0
000905.SH,2022-07-22,6289.53,6353.92,6371.32,6236.34,6347.6,-58.0659,-0.9148,130621000.0,143788000.0
000905.SH,2022-07-25,6231.24,6297.1,6319.18,6213.47,6289.53,-58.297,-0.9269,129458000.0,139714000.0
000905.SH,2022-07-26,6307.96,6239.21,6319.25,6213.84,6231.24,76.7205,1.2312,117277000.0,129166000.0
000905.SH,2022-07-27,6332.23,6301.61,6344.21,6286.35,6307.96,24.2767,0.3849,120435000.0,133250000.0
000905.SH,2022-07-28,6348.17,6361.27,6393.73,6339.55,6332.23,15.9328,0.2516,138473000.0,152662000.0
000905.SH,2022-07-29,6294.11,6356.52,6365.26,6285.72,6348.17,-54.0511,-0.8514,137926000.0,152961000.0
000905.SH,2022-08-01,6347.22,6293.38,6350.04,6253.06,6294.11,53.1067,0.8438,128679000.0,151349000.0
000905.SH,2022-08-02,6170.0,6288.61,6288.61,6095.06,6347.22,-177.225,-2.7922,182903000.0,192873000.0
000905.SH,2022-08-03,6124.31,6171.62,6261.91,6111.22,6170.0,-45.6815,-0.7404,147213000.0,175545000.0
000905.SH,2022-08-04,6158.73,6160.49,6177.62,6080.1,6124.31,34.42,0.562,113646000.0,137806000.0
000905.SH,2022-08-05,6270.51,6175.48,6274.27,6163.5,6158.73,111.777,1.8149,124284000.0,150451000.0
000905.SH,2022-08-08,6323.07,6266.57,6324.34,6249.62,6270.51,52.5633,0.8383,116133000.0,149910000.0
000905.SH,2022-08-09,6341.48,6314.1,6344.84,6290.87,6323.07,18.406,0.2911,116967000.0,148682000.0
000905.SH,2022-08-10,6322.06,6331.41,6362.29,6298.86,6341.48,-19.4248,-0.3063,118900000.0,153412000.0
000905.SH,2022-08-11,6439.36,6349.5,6439.36,6341.72,6322.06,117.303,1.8555,142038000.0,168399000.0
000905.SH,2022-08-12,6420.85,6425.11,6463.07,6416.29,6439.36,-18.5056,-0.2874,140400000.0,158383000.0
000905.SH,2022-08-15,6442.81,6405.72,6462.54,6394.22,6420.85,21.9563,0.342,133627000.0,151482000.0
000905.SH,2022-08-16,6465.19,6446.76,6492.54,6440.38,6442.81,22.3773,0.3473,135841000.0,150951000.0
000905.SH,2022-08-17,6493.5,6473.25,6501.36,6428.97,6465.19,28.3181,0.438,146220000.0,165337000.0
000905.SH,2022-08-18,6468.81,6481.37,6483.69,6448.75,6493.5,-24.6991,-0.3804,130452000.0,151581000.0
000905.SH,2022-08-19,6391.72,6468.82,6477.31,6390.93,6468.81,-77.0897,-1.1917,142591000.0,161778000.0
000905.SH,2022-08-22,6472.68,6381.34,6472.79,6363.22,6391.72,80.964,1.2667,133736000.0,155429000.0
000905.SH,2022-08-23,6466.4,6460.17,6475.82,6436.08,6472.68,-6.2754,-0.097,133676000.0,152812000.0
000905.SH,2022-08-24,6284.58,6470.69,6472.68,6277.99,6466.4,-181.828,-2.8119,158104000.0,171923000.0
000905.SH,2022-08-25,6322.7,6303.14,6327.09,6225.68,6284.58,38.1192,0.6066,141946000.0,152349000.0
000905.SH,2022-08-26,6298.37,6331.08,6381.48,6286.52,6322.7,-24.3222,-0.3847,130406000.0,145604000.0
000905.SH,2022-08-29,6310.4,6213.4,6310.99,6205.13,6298.37,12.0281,0.191,125269000.0,132966000.0
000905.SH,2022-08-30,6285.93,6309.58,6319.17,6248.14,6310.4,-24.4747,-0.3878,132109000.0,136583000.0
000905.SH,2022-08-31,6155.75,6265.59,6280.19,6132.23,6285.93,-130.182,-2.071,147275000.0,153777000.0
000905.SH,2022-09-01,6126.77,6153.29,6207.24,6118.58,6155.75,-28.977,-0.4707,118575000.0,124671000.0
000905.SH,2022-09-02,6149.43,6135.3,6176.17,6117.73,6126.77,22.6588,0.3698,106564000.0,114216000.0
000905.SH,2022-09-05,6182.65,6147.71,6184.8,6122.62,6149.43,33.2192,0.5402,117479000.0,119758000.0
000905.SH,2022-09-06,6291.57,6198.49,6292.53,6187.95,6182.65,108.924,1.7618,129846000.0,135892000.0
000905.SH,2022-09-07,6301.56,6269.99,6314.12,6256.61,6291.57,9.9937,0.1588,120160000.0,130718000.0
000905.SH,2022-09-08,6272.58,6299.91,6309.9,6266.52,6301.56,-28.9892,-0.46,116164000.0,120970000.0
000905.SH,2022-09-09,6316.97,6275.9,6321.82,6254.26,6272.58,44.3972,0.7078,121389000.0,124658000.0
000905.SH,2022-09-13,6300.42,6334.86,6343.77,6291.44,6316.97,-16.5504,-0.262,118106000.0,123862000.0
000905.SH,2022-09-14,6249.96,6214.91,6273.63,6206.92,6300.42,-50.459,-0.8009,109121000.0,114645000.0
000905.SH,2022-09-15,6107.8,6280.45,6282.69,6053.8,6249.96,-142.167,-2.2747,141644000.0,148202000.0
000905.SH,2022-09-16,5954.5,6091.42,6102.54,5954.5,6107.8,-153.293,-2.5098,137172000.0,131508000.0
000905.SH,2022-09-19,5913.15,5947.86,5967.65,5880.49,5954.5,-41.3544,-0.6945,104025000.0,104610000.0
000905.SH,2022-09-20,5958.29,5949.34,6002.79,5940.58,5913.15,45.1429,0.7634,88813000.0,96795100.0
000905.SH,2022-09-21,5978.58,5943.09,5998.7,5876.52,5958.29,20.2888,0.3405,103464000.0,100001000.0
000905.SH,2022-09-22,5965.89,5938.1,6015.12,5931.73,5978.58,-12.6956,-0.2124,99867600.0,102286000.0
000905.SH,2022-09-23,5889.6,5961.06,5986.82,5839.93,5965.89,-76.2835,-1.2787,100609000.0,104707000.0
000905.SH,2022-09-26,5806.32,5841.58,5922.32,5798.28,5889.6,-83.2838,-1.4141,103244000.0,102568000.0
000905.SH,2022-09-27,5920.05,5823.55,5920.05,5808.25,5806.32,113.735,1.9588,97418000.0,103954000.0
000905.SH,2022-09-28,5769.52,5910.05,5910.05,5769.52,5920.05,-150.533,-2.5428,93694900.0,99052700.0
000905.SH,2022-09-29,5771.88,5823.27,5856.16,5741.02,5769.52,2.3614,0.0409,95385800.0,97557900.0
000905.SH,2022-09-30,5714.06,5764.15,5804.2,5714.06,5771.88,-57.8183,-1.0017,85545200.0,87143100.0
000905.SH,2022-10-10,5635.71,5729.75,5758.04,5618.8,5714.06,-78.352,-1.3712,97469300.0,97320900.0
000905.SH,2022-10-11,5684.51,5642.48,5703.27,5606.99,5635.71,48.7954,0.8658,86571500.0,88733100.0
000905.SH,2022-10-12,5820.45,5680.36,5820.45,5594.3,5684.51,135.947,2.3915,106102000.0,110816000.0
000905.SH,2022-10-13,5830.34,5789.66,5876.48,5780.18,5820.45,9.8818,0.1698,105722000.0,114922000.0
000905.SH,2022-10-14,5973.44,5866.86,5996.04,5866.86,5830.34,143.103,2.4545,118212000.0,138463000.0
000905.SH,2022-10-17,6015.6,5952.38,6023.53,5945.43,5973.44,42.1574,0.7057,111462000.0,127160000.0
000905.SH,2022-10-18,6035.67,6031.05,6074.37,5996.39,6015.6,20.0774,0.3338,105750000.0,127131000.0
000905.SH,2022-10-19,5972.72,6021.8,6037.44,5970.44,6035.67,-62.9511,-1.043,93881100.0,112291000.0
000905.SH,2022-10-20,5948.86,5943.48,6035.55,5886.4,5972.72,-23.8605,-0.3995,103388000.0,121767000.0
000905.SH,2022-10-21,5956.88,5959.21,5993.88,5928.92,5948.86,8.019,0.1348,96826300.0,112261000.0
000905.SH,2022-10-24,5896.9,5968.54,6061.21,5857.86,5956.88,-59.978,-1.0069,119501000.0,137329000.0
000905.SH,2022-10-25,5869.78,5864.02,5926.57,5785.41,5896.9,-27.1221,-0.4599,107046000.0,123656000.0
000905.SH,2022-10-26,5971.6,5871.08,6016.92,5871.08,5869.78,101.82,1.7346,116530000.0,143743000.0
000905.SH,2022-10-27,5963.0,5978.28,6020.89,5962.97,5971.6,-8.5972,-0.144,117088000.0,147970000.0
000905.SH,2022-10-28,5781.8,5922.82,5934.8,5760.05,5963.0,-181.206,-3.0388,131676000.0,147373000.0
000905.SH,2022-10-31,5807.11,5745.08,5859.6,5743.56,5781.8,25.3091,0.4377,127016000.0,150059000.0
000905.SH,2022-11-01,5941.15,5814.21,5942.14,5786.87,5807.11,134.039,2.3082,136617000.0,165176000.0
000905.SH,2022-11-02,5997.8,5925.65,6028.77,5916.06,5941.15,56.6587,0.9537,142330000.0,183166000.0
000905.SH,2022-11-03,5996.72,5944.51,6018.42,5937.6,5997.8,-1.0851,-0.0181,106387000.0,145163000.0
000905.SH,2022-11-04,6133.46,5996.31,6157.43,5996.31,5996.72,136.744,2.2803,138707000.0,174457000.0
000905.SH,2022-11-07,6141.41,6133.24,6166.19,6100.61,6133.46,7.9459,0.1295,138092000.0,167295000.0
000905.SH,2022-11-08,6134.26,6139.89,6141.02,6095.44,6141.41,-7.1524,-0.1165,108268000.0,134373000.0
000905.SH,2022-11-09,6120.83,6140.54,6182.34,6118.73,6134.26,-13.4278,-0.2189,104762000.0,127037000.0
000905.SH,2022-11-10,6089.7,6085.28,6119.03,6061.81,6120.83,-31.1335,-0.5086,116402000.0,129143000.0
000905.SH,2022-11-11,6138.62,6223.23,6249.35,6134.68,6089.7,48.926,0.8034,176492000.0,198177000.0
000905.SH,2022-11-14,6129.51,6140.19,6189.38,6104.93,6138.62,-9.1082,-0.1484,159487000.0,174065000.0
000905.SH,2022-11-15,6236.38,6125.11,6236.38,6112.62,6129.51,106.871,1.7435,149861000.0,171482000.0
000905.SH,2022-11-16,6203.92,6238.58,6263.16,6190.01,6236.38,-32.4664,-0.5206,129770000.0,151855000.0
000905.SH,2022-11-17,6217.21,6182.69,6217.21,6148.61,6203.92,13.2878,0.2142,123430000.0,152684000.0
000905.SH,2022-11-18,6191.65,6213.09,6251.11,6181.55,6217.21,-25.5575,-0.4111,131181000.0,164591000.0
000905.SH,2022-11-21,6189.71,6147.72,6196.65,6116.3,6191.65,-1.9385,-0.0313,112854000.0,141790000.0
000905.SH,2022-11-22,6125.4,6178.16,6196.2,6100.11,6189.71,-64.3093,-1.039,116086000.0,137587000.0
000905.SH,2022-11-23,6115.6,6114.27,6140.11,6045.02,6125.4,-9.795,-0.1599,115194000.0,128687000.0
000905.SH,2022-11-24,6120.07,6126.6,6149.96,6099.75,6115.6,4.461,0.0729,100201000.0,117480000.0
000905.SH,2022-11-25,6087.86,6095.13,6107.07,6062.0,6120.07,-32.2068,-0.5262,107742000.0,110060000.0
000905.SH,2022-11-28,6055.28,5999.85,6059.02,5970.09,6087.86,-32.5748,-0.5351,117940000.0,125698000.0
000905.SH,2022-11-29,6163.82,6071.45,6173.85,6071.22,6055.28,108.537,1.7924,155324000.0,159512000.0
000905.SH,2022-11-30,6156.15,6156.77,6175.68,6118.9,6163.82,-7.6749,-0.1245,154648000.0,153126000.0
000905.SH,2022-12-01,6186.1,6211.29,6229.83,6186.1,6156.15,29.9556,0.4866,152523000.0,171479000.0
000905.SH,2022-12-02,6168.01,6177.92,6206.99,6154.21,6186.1,-18.0894,-0.2924,115501000.0,133340000.0
000905.SH,2022-12-05,6215.12,6201.98,6227.21,6182.98,6168.01,47.1117,0.7638,170477000.0,177699000.0
000905.SH,2022-12-06,6211.25,6202.52,6244.64,6185.49,6215.12,-3.8729,-0.0623,149373000.0,164216000.0
000905.SH,2022-12-07,6204.0,6198.05,6243.9,6183.33,6211.25,-7.2464,-0.1167,137821000.0,155239000.0
000905.SH,2022-12-08,6186.28,6199.16,6206.14,6168.78,6204.0,-17.7216,-0.2856,131051000.0,149348000.0
000905.SH,2022-12-09,6192.3,6185.79,6213.52,6159.5,6186.28,6.0174,0.0973,167807000.0,180239000.0
000905.SH,2022-12-12,6154.81,6181.24,6182.08,6146.25,6192.3,-37.4917,-0.6055,134098000.0,162420000.0
000905.SH,2022-12-13,6121.66,6153.74,6154.3,6113.41,6154.81,-33.1477,-0.5386,104858000.0,131516000.0
000905.SH,2022-12-14,6096.39,6122.43,6139.74,6084.08,6121.66,-25.2759,-0.4129,95089900.0,125346000.0
000905.SH,2022-12-15,6101.88,6090.12,6108.96,6078.0,6096.39,5.4931,0.0901,88190500.0,113088000.0
000905.SH,2022-12-16,6072.86,6071.96,6087.46,6036.05,6101.88,-29.016,-0.4755,93910700.0,113412000.0
000905.SH,2022-12-19,5936.48,6058.89,6081.44,5911.88,6072.86,-136.388,-2.2459,105106000.0,121083000.0
000905.SH,2022-12-20,5878.03,5919.03,5920.99,5857.86,5936.48,-58.4437,-0.9845,78623300.0,96369700.0
000905.SH,2022-12-21,5845.83,5879.27,5892.91,5819.67,5878.03,-32.1964,-0.5477,69783400.0,85257800.0
000905.SH,2022-12-22,5779.06,5867.72,5875.47,5761.98,5845.83,-66.7795,-1.1423,82231900.0,97446800.0
000905.SH,2022-12-23,5763.35,5751.95,5805.51,5732.47,5779.06,-15.7097,-0.2718,66556900.0,81911200.0
000905.SH,2022-12-26,5843.26,5769.07,5850.91,5769.07,5763.35,79.9097,1.3865,75424100.0,93646100.0
000905.SH,2022-12-27,5885.66,5857.75,5891.35,5832.27,5843.26,42.4067,0.7257,81780400.0,101272000.0
000905.SH,2022-12-28,5862.1,5869.46,5889.32,5848.24,5885.66,-23.5655,-0.4004,90098900.0,102679000.0
000905.SH,2022-12-29,5857.4,5843.94,5895.98,5835.33,5862.1,-4.6946,-0.0801,79510800.0,94429700.0
000905.SH,2022-12-30,5864.47,5875.28,5885.89,5848.95,5857.4,7.0648,0.1206,75345000.0,86117900.0
000905.SH,2023-01-03,5955.9,5861.55,5964.82,5848.15,5864.47,91.43,1.5591,99557800.0,119271000.0
000905.SH,2023-01-04,5952.45,5952.51,5970.58,5922.86,5955.9,-3.4431,-0.0578,97160400.0,114359000.0
000905.SH,2023-01-05,6010.46,5959.44,6017.34,5950.09,5952.45,58.0103,0.9746,96630000.0,117480000.0
000905.SH,2023-01-06,6012.82,6004.17,6050.89,5998.83,6010.46,2.3511,0.0391,99244900.0,121596000.0
000905.SH,2023-01-09,6040.02,6028.4,6070.16,6023.64,6012.82,27.2041,0.4524,100697000.0,124921000.0
000905.SH,2023-01-10,6048.3,6044.64,6053.58,6017.15,6040.02,8.2775,0.137,96393400.0,113967000.0
000905.SH,2023-01-11,6014.16,6049.04,6070.45,6004.22,6048.3,-34.1403,-0.5645,94406400.0,112880000.0
000905.SH,2023-01-12,6015.29,6022.56,6048.19,5995.91,6014.16,1.1306,0.0188,92900100.0,104903000.0
000905.SH,2023-01-13,6057.69,6030.93,6058.23,6015.22,6015.29,42.4031,0.7049,90025000.0,102450000.0
000905.SH,2023-01-16,6126.18,6068.91,6168.74,6068.14,6057.69,68.487,1.1306,129620000.0,146527000.0
000905.SH,2023-01-17,6132.64,6129.73,6138.17,6107.76,6126.18,6.4619,0.1055,95921700.0,109180000.0
000905.SH,2023-01-18,6151.46,6139.69,6168.37,6136.97,6132.64,18.8166,0.3068,94555800.0,103053000.0
000905.SH,2023-01-19,6204.33,6145.62,6204.33,6130.42,6151.46,52.8704,0.8595,99777800.0,114472000.0
000905.SH,2023-01-20,6251.43,6214.02,6253.27,6214.02,6204.33,47.1076,0.7593,113905000.0,128362000.0
000905.SH,2023-01-30,6283.33,6331.88,6342.45,6279.45,6251.43,31.8935,0.5102,146518000.0,173698000.0
000905.SH,2023-01-31,6289.15,6266.3,6303.91,6259.53,6283.33,5.8228,0.0927,135302000.0,146630000.0
000905.SH,2023-02-01,6365.91,6300.5,6368.79,6293.49,6289.15,76.7551,1.2204,152442000.0,166449000.0
000905.SH,2023-02-02,6370.14,6383.3,6402.26,6347.73,6365.91,4.236,0.0665,149293000.0,166213000.0
000905.SH,2023-02-03,6343.69,6354.71,6354.71,6267.44,6370.14,-26.455,-0.4153,121507000.0,138714000.0
000905.SH,2023-02-06,6302.33,6314.6,6330.79,6274.54,6343.69,-41.3512,-0.6518,108485000.0,127652000.0
000905.SH,2023-02-07,6317.24,6309.22,6318.84,6273.6,6302.33,14.9028,0.2365,109663000.0,125078000.0
000905.SH,2023-02-08,6268.28,6319.52,6323.85,6263.76,6317.24,-48.9618,-0.7751,105995000.0,116986000.0
000905.SH,2023-02-09,6354.56,6256.31,6354.8,6250.45,6268.28,86.2861,1.3766,109031000.0,129044000.0
000905.SH,2023-02-10,6334.25,6349.0,6368.49,6296.55,6354.56,-20.31,-0.3196,120101000.0,134995000.0
000905.SH,2023-02-13,6383.83,6333.22,6386.72,6331.37,6334.25,49.5759,0.7827,131566000.0,151375000.0
000905.SH,2023-02-14,6397.21,6394.62,6408.55,6369.57,6383.83,13.3867,0.2097,124674000.0,143967000.0
000905.SH,2023-02-15,6384.35,6398.87,6407.75,6365.31,6397.21,-12.8667,-0.2011,115907000.0,143472000.0
000905.SH,2023-02-16,6289.48,6384.21,6429.05,6244.48,6384.35,-94.8693,-1.486,168388000.0,190791000.0
000905.SH,2023-02-17,6237.41,6284.92,6308.57,6237.41,6289.48,-52.0733,-0.8279,117211000.0,143422000.0
000905.SH,2023-02-20,6346.07,6248.26,6349.41,6227.35,6237.41,108.662,1.7421,140334000.0,157289000.0
000905.SH,2023-02-21,6383.42,6349.91,6396.74,6337.6,6346.07,37.357,0.5887,141825000.0,153706000.0
000905.SH,2023-02-22,6375.07,6352.03,6397.15,6344.99,6383.42,-8.3564,-0.1309,109083000.0,128341000.0
000905.SH,2023-02-23,6360.32,6377.29,6396.66,6328.64,6375.07,-14.7482,-0.2313,116065000.0,135992000.0
000905.SH,2023-02-24,6340.84,6367.63,6372.49,6308.22,6360.32,-19.4767,-0.3062,96957300.0,119878000.0
000905.SH,2023-02-27,6307.21,6318.64,6349.09,6288.3,6340.84,-33.6378,-0.5305,101083000.0,124887000.0
000905.SH,2023-02-28,6357.54,6323.84,6357.54,6293.18,6307.21,50.3295,0.798,96603200.0,119095000.0
000905.SH,2023-03-01,6402.14,6356.5,6410.52,6340.0,6357.54,44.6059,0.7016,123908000.0,144328000.0
000905.SH,2023-03-02,6382.23,6398.26,6410.23,6375.01,6402.14,-19.9089,-0.311,125349000.0,147597000.0
000905.SH,2023-03-03,6390.32,6384.06,6398.47,6346.96,6382.23,8.0855,0.1267,123235000.0,140273000.0
000905.SH,2023-03-06,6395.22,6398.1,6405.82,6362.47,6390.32,4.9014,0.0767,126846000.0,155124000.0
000905.SH,2023-03-07,6284.3,6389.81,6396.54,6284.22,6395.22,-110.921,-1.7344,137929000.0,149308000.0
000905.SH,2023-03-08,6301.52,6264.43,6303.71,6258.32,6284.3,17.2171,0.274,98698400.0,114464000.0
000905.SH,2023-03-09,6285.95,6311.04,6311.34,6258.45,6301.52,-15.5636,-0.247,92688900.0,111867000.0
000905.SH,2023-03-10,6204.9,6251.56,6261.33,6202.61,6285.95,-81.0532,-1.2894,108052000.0,129145000.0
000905.SH,2023-03-13,6245.0,6189.98,6245.0,6178.67,6204.9,40.104,0.6463,108007000.0,132474000.0
000905.SH,2023-03-14,6189.4,6237.73,6243.42,6127.69,6245.0,-55.606,-0.8904,121200000.0,149978000.0
000905.SH,2023-03-15,6224.64,6210.93,6254.49,6210.93,6189.4,35.2431,0.5694,112949000.0,129456000.0
000905.SH,2023-03-16,6140.83,6191.3,6209.97,6133.83,6224.64,-83.8083,-1.3464,127633000.0,143759000.0
000905.SH,2023-03-17,6183.18,6174.19,6233.75,6169.84,6140.83,42.3526,0.6897,137108000.0,157222000.0
000905.SH,2023-03-20,6160.35,6195.35,6201.97,6152.81,6183.18,-22.8302,-0.3692,145581000.0,167826000.0
000905.SH,2023-03-21,6234.68,6171.89,6235.01,6171.28,6160.35,74.3252,1.2065,123025000.0,144175000.0
000905.SH,2023-03-22,6269.74,6244.36,6271.52,6242.16,6234.68,35.0591,0.5623,128266000.0,149868000.0
000905.SH,2023-03-23,6305.76,6253.58,6305.76,6245.98,6269.74,36.0201,0.5745,129180000.0,164125000.0
000905.SH,2023-03-24,6310.1,6312.43,6315.68,6279.54,6305.76,4.3394,0.0688,141021000.0,179449000.0
000905.SH,2023-03-27,6311.6,6304.48,6320.66,6265.01,6310.1,1.5019,0.0238,144665000.0,184209000.0
000905.SH,2023-03-28,6279.92,6314.58,6331.56,6272.72,6311.6,-31.6781,-0.5019,139156000.0,174935000.0
000905.SH,2023-03-29,6260.55,6285.95,6294.29,6239.94,6279.92,-19.3707,-0.3085,131548000.0,166565000.0
000905.SH,2023-03-30,6286.18,6257.64,6287.44,6213.97,6260.55,25.6263,0.4093,123219000.0,155159000.0
000905.SH,2023-03-31,6339.82,6284.85,6343.23,6282.14,6286.18,53.641,0.8533,129490000.0,164139000.0
000905.SH,2023-04-03,6413.81,6346.69,6419.87,6346.69,6339.82,73.989,1.1671,163921000.0,215331000.0
000905.SH,2023-04-04,6408.9,6414.82,6423.31,6377.53,6413.81,-4.9079,-0.0765,157492000.0,218741000.0
000905.SH,2023-04-06,6416.85,6387.23,6428.72,6382.03,6408.9,7.9462,0.124,144064000.0,207003000.0
000905.SH,2023-04-07,6464.47,6418.26,6470.09,6416.68,6416.85,47.6208,0.7421,127965000.0,177737000.0
000905.SH,2023-04-10,6410.52,6474.94,6476.22,6395.37,6464.47,-53.9446,-0.8345,145134000.0,203398000.0
000905.SH,2023-04-11,6420.88,6405.63,6421.49,6381.06,6410.52,10.3552,0.1615,142399000.0,188800000.0
000905.SH,2023-04-12,6443.44,6415.7,6450.35,6407.2,6420.88,22.5621,0.3514,149448000.0,188165000.0
000905.SH,2023-04-13,6404.65,6438.16,6451.79,6396.02,6443.44,-38.7928,-0.6021,156200000.0,196031000.0
000905.SH,2023-04-14,6431.07,6420.31,6444.89,6390.92,6404.65,26.4225,0.4126,145301000.0,190743000.0
000905.SH,2023-04-17,6459.24,6422.87,6459.24,6421.39,6431.07,28.1708,0.438,168823000.0,196752000.0
000905.SH,2023-04-18,6449.85,6448.76,6462.25,6422.05,6459.24,-9.3865,-0.1453,143471000.0,184598000.0
000905.SH,2023-04-19,6416.97,6444.87,6456.15,6404.99,6449.85,-32.8835,-0.5098,148700000.0,192404000.0
000905.SH,2023-04-20,6411.76,6408.81,6413.08,6376.35,6416.97,-5.2132,-0.0812,150501000.0,196200000.0
000905.SH,2023-04-21,6250.54,6411.51,6411.51,6250.54,6411.76,-161.212,-2.5143,162313000.0,210802000.0
000905.SH,2023-04-24,6208.78,6250.96,6260.54,6184.71,6250.54,-41.7649,-0.6682,147695000.0,191205000.0
000905.SH,2023-04-25,6118.15,6205.62,6208.4,6042.64,6208.78,-90.6271,-1.4597,162459000.0,200847000.0
000905.SH,2023-04-26,6142.15,6095.13,6178.17,6093.2,6118.15,24.0015,0.3923,152166000.0,197700000.0
000905.SH,2023-04-27,6157.94,6127.64,6190.25,6121.61,6142.15,15.7819,0.2569,143136000.0,179309000.0
000905.SH,2023-04-28,6241.24,6151.64,6245.55,6151.64,6157.94,83.3081,1.3529,167876000.0,199336000.0
000905.SH,2023-05-04,6262.39,6223.23,6264.52,6218.78,6241.24,21.145,0.3388,202488000.0,215099000.0
000905.SH,2023-05-05,6200.58,6255.7,6256.23,6172.69,6262.39,-61.8132,-0.9871,178261000.0,192218000.0
000905.SH,2023-05-08,6248.58,6202.68,6259.69,6200.15,6200.58,48.0069,0.7742,202718000.0,198162000.0
000905.SH,2023-05-09,6181.98,6242.66,6274.9,6177.65,6248.58,-66.6071,-1.066,224389000.0,215437000.0
000905.SH,2023-05-10,6173.81,6167.13,6199.16,6137.15,6181.98,-8.1664,-0.1321,175454000.0,180485000.0
000905.SH,2023-05-11,6154.47,6185.67,6190.39,6151.07,6173.81,-19.339,-0.3132,146065000.0,152275000.0
000905.SH,2023-05-12,6091.65,6138.94,6173.91,6088.22,6154.47,-62.8239,-1.0208,140411000.0,142316000.0
000905.SH,2023-05-15,6159.39,6094.68,6159.39,6036.81,6091.65,67.7424,1.1121,149844000.0,159620000.0
000905.SH,2023-05-16,6110.83,6159.17,6159.17,6095.69,6159.39,-48.5617,-0.7884,121841000.0,142447000.0
000905.SH,2023-05-17,6122.05,6097.98,6137.02,6090.88,6110.83,11.2247,0.1837,107266000.0,125586000.0
000905.SH,2023-05-18,6128.18,6132.52,6153.99,6101.24,6122.05,6.1244,0.1,122942000.0,144558000.0
000905.SH,2023-05-19,6117.08,6116.84,6149.14,6085.04,6128.18,-11.0929,-0.181,119305000.0,147525000.0
000905.SH,2023-05-22,6115.31,6111.84,6136.86,6086.23,6117.08,-1.7682,-0.0289,112716000.0,126363000.0
000905.SH,2023-05-23,6052.43,6114.21,6117.36,6052.43,6115.31,-62.8854,-1.0283,111104000.0,120628000.0
000905.SH,2023-05-24,6005.79,6032.69,6058.39,5988.03,6052.43,-46.6384,-0.7706,107223000.0,116914000.0
000905.SH,2023-05-25,5988.19,6000.22,6028.64,5926.2,6005.79,-17.6028,-0.2931,109923000.0,126769000.0
000905.SH,2023-05-26,6034.98,5983.14,6045.13,5953.88,5988.19,46.7949,0.7815,106382000.0,123263000.0
000905.SH,2023-05-29,6025.16,6046.54,6058.92,6012.4,6034.98,-9.8282,-0.1629,125139000.0,146808000.0
000905.SH,2023-05-30,6061.31,6008.46,6061.31,5960.34,6025.16,36.1537,0.6,127312000.0,151849000.0
000905.SH,2023-05-31,6047.8,6044.02,6063.19,6009.25,6061.31,-13.5068,-0.2228,117476000.0,144654000.0
000905.SH,2023-06-01,6051.46,6028.8,6094.24,6008.27,6047.8,3.6582,0.0605,126250000.0,154907000.0
000905.SH,2023-06-02,6105.22,6061.91,6115.07,6061.91,6051.46,53.7578,0.8883,122307000.0,142074000.0
000905.SH,2023-06-05,6097.11,6102.13,6107.12,6075.59,6105.22,-8.1122,-0.1329,115748000.0,131119000.0
000905.SH,2023-06-06,5983.42,6088.66,6089.07,5969.29,6097.11,-113.686,-1.8646,123045000.0,133636000.0
000905.SH,2023-06-07,5987.01,5982.31,6010.03,5969.16,5983.42,3.5908,0.06,93597900.0,113594000.0
000905.SH,2023-06-08,5966.15,5971.72,5992.97,5922.39,5987.01,-20.8633,-0.3485,108982000.0,124388000.0
000905.SH,2023-06-09,6009.58,5968.7,6017.28,5960.11,5966.15,43.4349,0.728,127553000.0,158760000.0
000905.SH,2023-06-12,6027.71,5999.62,6045.66,5987.27,6009.58,18.1296,0.3017,113612000.0,151203000.0
000905.SH,2023-06-13,6044.04,6016.69,6047.06,6014.06,6027.71,16.3249,0.2708,98680300.0,134426000.0
000905.SH,2023-06-14,6044.08,6046.44,6064.29,6034.47,6044.04,0.0395,0.0007,109689000.0,148046000.0
000905.SH,2023-06-15,6096.81,6049.47,6100.23,6046.16,6044.08,52.7309,0.8724,118418000.0,165700000.0
000905.SH,2023-06-16,6148.01,6094.84,6154.93,6091.18,6096.81,51.205,0.8399,115350000.0,165690000.0
000905.SH,2023-06-19,6131.38,6148.85,6148.85,6126.39,6148.01,-16.6276,-0.2705,113787000.0,164780000.0
000905.SH,2023-06-20,6126.11,6122.74,6144.01,6100.14,6131.38,-5.2716,-0.086,106631000.0,161420000.0
000905.SH,2023-06-21,5990.85,6104.25,6104.25,5990.79,6126.11,-135.268,-2.2081,106448000.0,154201000.0
000905.SH,2023-06-26,5887.03,5947.57,5970.61,5875.94,5990.85,-103.813,-1.7329,111082000.0,148204000.0
000905.SH,2023-06-27,5948.0,5897.69,5956.18,5884.95,5887.03,60.9705,1.0357,93039200.0,118625000.0
000905.SH,2023-06-28,5942.31,5945.64,5951.13,5857.13,5948.0,-5.6917,-0.0957,93944300.0,128455000.0
000905.SH,2023-06-29,5940.58,5928.71,5964.86,5924.28,5942.31,-1.733,-0.0292,88376900.0,123484000.0
000905.SH,2023-06-30,5998.73,5931.87,6016.45,5927.94,5940.58,58.1511,0.9789,94504700.0,133367000.0
000905.SH,2023-07-03,6042.31,6009.27,6056.16,5997.85,5998.73,43.5829,0.7265,113076000.0,153065000.0
000905.SH,2023-07-04,6055.26,6042.72,6059.57,6027.29,6042.31,12.9455,0.2142,105584000.0,144485000.0
000905.SH,2023-07-05,6020.82,6050.35,6059.38,6011.87,6055.26,-34.4365,-0.5687,104129000.0,142199000.0
000905.SH,2023-07-06,5988.55,6010.66,6042.29,5983.48,6020.82,-32.2687,-0.536,93965000.0,131979000.0
000905.SH,2023-07-07,5961.61,5973.98,5994.28,5936.23,5988.55,-26.9468,-0.45,94118300.0,121688000.0
000905.SH,2023-07-10,5984.28,5980.61,6003.4,5958.73,5961.61,22.6757,0.3804,85168600.0,113940000.0
000905.SH,2023-07-11,6029.23,5991.02,6029.23,5972.14,5984.28,44.9504,0.7511,84531900.0,117920000.0
000905.SH,2023-07-12,5962.79,6030.64,6033.58,5960.43,6029.23,-66.438,-1.1019,96692200.0,134419000.0
000905.SH,2023-07-13,6044.06,5986.25,6049.06,5986.25,5962.79,81.2645,1.3629,99656400.0,138942000.0
000905.SH,2023-07-14,6030.52,6052.95,6055.53,6026.33,6044.06,-13.5395,-0.224,94963200.0,137881000.0
000905.SH,2023-07-17,6012.69,6012.76,6018.07,5985.44,6030.52,-17.8293,-0.2957,88420200.0,124992000.0
000905.SH,2023-07-18,6001.8,6015.98,6027.61,5984.06,6012.69,-10.8897,-0.1811,87719900.0,121310000.0
000905.SH,2023-07-19,5993.41,5998.38,6017.45,5962.99,6001.8,-8.3872,-0.1397,77791000.0,104055000.0
000905.SH,2023-07-20,5925.48,5996.84,6009.43,5920.15,5993.41,-67.9283,-1.1334,91195400.0,123685000.0
000905.SH,2023-07-21,5925.63,5914.35,5961.05,5904.79,5925.48,0.1412,0.0024,81975300.0,107065000.0
000905.SH,2023-07-24,5916.71,5913.57,5954.24,5896.45,5925.63,-8.9114,-0.1504,75928000.0,99623300.0
000905.SH,2023-07-25,6016.63,5976.97,6016.75,5971.73,5916.71,99.9171,1.6887,131896000.0,145733000.0
000905.SH,2023-07-26,6001.54,6014.76,6015.58,5984.39,6016.63,-15.091,-0.2508,121825000.0,120547000.0
000905.SH,2023-07-27,5961.18,5998.85,6017.67,5952.89,6001.54,-40.3559,-0.6724,123001000.0,117272000.0
000905.SH,2023-07-28,6043.24,5945.91,6049.76,5932.06,5961.18,82.0595,1.3766,163172000.0,149147000.0
000905.SH,2023-07-31,6088.24,6059.11,6133.72,6059.11,6043.24,44.9993,0.7446,186551000.0,179596000.0
000905.SH,2023-08-01,6098.88,6086.9,6113.98,6077.11,6088.24,10.6358,0.1747,187589000.0,166628000.0
000905.SH,2023-08-02,6077.46,6088.14,6111.24,6059.87,6098.88,-21.4144,-0.3511,147155000.0,135759000.0
000905.SH,2023-08-03,6098.69,6062.64,6101.81,6047.68,6077.46,21.2223,0.3492,146479000.0,138777000.0
000905.SH,2023-08-04,6128.56,6126.15,6164.16,6105.64,6098.69,29.8692,0.4898,196944000.0,186850000.0
000905.SH,2023-08-07,6090.73,6115.84,6117.92,6072.54,6128.56,-37.8253,-0.6172,145319000.0,154416000.0
000905.SH,2023-08-08,6066.1,6077.3,6088.1,6044.24,6090.73,-24.6288,-0.4044,121546000.0,131357000.0
000905.SH,2023-08-09,6021.75,6049.45,6062.02,6012.25,6066.1,-44.3513,-0.7311,98809200.0,116295000.0
000905.SH,2023-08-10,6031.71,6013.35,6040.46,5999.56,6021.75,9.9599,0.1654,99842600.0,103950000.0
000905.SH,2023-08-11,5913.35,6030.05,6030.05,5913.35,6031.71,-118.36,-1.9623,113072000.0,115393000.0
000905.SH,2023-08-14,5916.8,5864.48,5919.8,5833.46,5913.35,3.4527,0.0584,103676000.0,116321000.0
000905.SH,2023-08-15,5879.78,5919.77,5926.42,5830.97,5916.8,-37.0247,-0.6258,92417400.0,107626000.0
000905.SH,2023-08-16,5833.22,5858.6,5891.81,5833.22,5879.78,-46.5627,-0.7919,104950000.0,114014000.0
000905.SH,2023-08-17,5874.36,5808.91,5882.15,5778.53,5833.22,41.1454,0.7054,113576000.0,120853000.0
000905.SH,2023-08-18,5777.8,5875.11,5891.4,5777.8,5874.36,-96.5637,-1.6438,102932000.0,109766000.0
000905.SH,2023-08-21,5710.78,5764.67,5802.51,5710.78,5777.8,-67.0189,-1.1599,92835700.0,96692000.0
000905.SH,2023-08-22,5741.06,5733.25,5754.57,5646.51,5710.78,30.2823,0.5303,106175000.0,120035000.0
000905.SH,2023-08-23,5629.5,5732.39,5732.39,5629.5,5741.06,-111.561,-1.9432,94186700.0,101871000.0
000905.SH,2023-08-24,5652.67,5650.36,5701.32,5619.33,5629.5,23.173,0.4116,108087000.0,120641000.0
000905.SH,2023-08-25,5581.21,5624.77,5648.62,5560.22,5652.67,-71.4613,-1.2642,106242000.0,114730000.0
000905.SH,2023-08-28,5644.14,5885.88,5887.51,5631.69,5581.21,62.9289,1.1275,185746000.0,181457000.0
000905.SH,2023-08-29,5770.32,5631.01,5789.96,5626.52,5644.14,126.175,2.2355,160852000.0,165476000.0
000905.SH,2023-08-30,5775.15,5780.28,5817.73,5753.22,5770.32,4.8379,0.0838,136004000.0,145079000.0
000905.SH,2023-08-31,5739.4,5770.95,5777.42,5728.47,5775.15,-35.755,-0.6191,116335000.0,121253000.0
000905.SH,2023-09-01,5750.8,5746.41,5775.18,5732.97,5739.4,11.4043,0.1987,104179000.0,107061000.0
000905.SH,2023-09-04,5829.78,5772.03,5829.78,5758.03,5750.8,78.9813,1.3734,135649000.0,135994000.0
000905.SH,2023-09-05,5788.71,5819.97,5822.06,5779.37,5829.78,-41.0691,-0.7045,106518000.0,114972000.0
000905.SH,2023-09-06,5790.38,5771.85,5800.96,5748.65,5788.71,1.6657,0.0288,90480500.0,106513000.0
000905.SH,2023-09-07,5702.7,5782.07,5782.07,5701.8,5790.38,-87.6798,-1.5142,92920500.0,105713000.0
000905.SH,2023-09-08,5708.62,5684.66,5732.37,5683.4,5702.7,5.9219,0.1038,79520000.0,93059100.0
000905.SH,2023-09-11,5774.73,5723.02,5802.21,5704.7,5708.62,66.1078,1.158,112837000.0,132426000.0
000905.SH,2023-09-12,5770.93,5774.47,5793.83,5763.3,5774.73,-3.8046,-0.0659,86041200.0,105032000.0
000905.SH,2023-09-13,5715.4,5764.82,5770.41,5681.5,5770.93,-55.5286,-0.9622,91472500.0,101933000.0
000905.SH,2023-09-14,5702.1,5714.67,5721.21,5679.2,5715.4,-13.2953,-0.2326,90247800.0,97979800.0
000905.SH,2023-09-15,5704.66,5716.29,5741.07,5680.9,5702.1,2.5612,0.0449,98376000.0,110558000.0
000905.SH,2023-09-18,5719.69,5685.85,5734.19,5665.58,5704.66,15.0255,0.2634,92305700.0,109250000.0
000905.SH,2023-09-19,5687.9,5713.49,5713.6,5670.42,5719.69,-31.788,-0.5558,85112100.0,94544800.0
000905.SH,2023-09-20,5651.01,5677.92,5689.83,5651.01,5687.9,-36.8945,-0.6486,77634200.0,84080300.0
000905.SH,2023-09-21,5611.92,5638.44,5666.7,5609.21,5651.01,-39.0876,-0.6917,81931500.0,84847100.0
000905.SH,2023-09-22,5698.82,5606.83,5700.32,5603.81,5611.92,86.8982,1.5485,104119000.0,120276000.0
000905.SH,2023-09-25,5666.66,5694.9,5699.15,5659.32,5698.82,-32.1526,-0.5642,93340700.0,114172000.0
000905.SH,2023-09-26,5646.65,5661.03,5682.28,5646.65,5666.66,-20.0098,-0.3531,74309600.0,100424000.0
000905.SH,2023-09-27,5674.35,5642.39,5701.51,5641.85,5646.65,27.6907,0.4904,81086200.0,102149000.0
000905.SH,2023-09-28,5690.77,5687.64,5704.62,5677.53,5674.35,16.4246,0.2895,79477300.0,101457000.0
000905.SH,2023-10-09,5658.08,5679.64,5680.95,5634.35,5690.77,-32.6865,-0.5744,90029800.0,109095000.0
000905.SH,2023-10-10,5630.37,5665.66,5678.46,5627.41,5658.08,-27.7118,-0.4898,87726400.0,104621000.0
000905.SH,2023-10-11,5629.79,5639.07,5674.25,5617.87,5630.37,-0.5828,-0.0104,90644800.0,112202000.0
000905.SH,2023-10-12,5671.64,5655.61,5677.82,5642.49,5629.79,41.8533,0.7434,100503000.0,119947000.0
000905.SH,2023-10-13,5633.38,5645.44,5646.07,5616.85,5671.64,-38.2588,-0.6746,89391700.0,110878000.0
000905.SH,2023-10-16,5580.67,5633.3,5636.32,5559.42,5633.38,-52.7165,-0.9358,89867600.0,107684000.0
000905.SH,2023-10-17,5595.34,5585.15,5599.42,5556.57,5580.67,14.6757,0.263,92516700.0,105060000.0
000905.SH,2023-10-18,5524.6,5586.02,5586.02,5519.46,5595.34,-70.7435,-1.2643,98953600.0,110311000.0
000905.SH,2023-10-19,5464.03,5496.76,5529.87,5463.65,5524.6,-60.5718,-1.0964,108078000.0,117347000.0
000905.SH,2023-10-20,5423.67,5443.46,5473.21,5413.02,5464.03,-40.3522,-0.7385,94936100.0,107714000.0
000905.SH,2023-10-23,5290.33,5400.54,5400.79,5269.83,5423.67,-133.34,-2.4585,103083000.0,112228000.0
000905.SH,2023-10-24,5352.01,5311.67,5363.2,5290.5,5290.33,61.678,1.1659,114746000.0,126191000.0
000905.SH,2023-10-25,5376.0,5386.43,5423.01,5376.0,5352.01,23.986,0.4482,114921000.0,129741000.0
000905.SH,2023-10-26,5398.93,5351.16,5404.99,5337.49,5376.0,22.9357,0.4266,102485000.0,116893000.0
000905.SH,2023-10-27,5492.03,5387.27,5514.31,5380.94,5398.93,93.0934,1.7243,112543000.0,132776000.0
000905.SH,2023-10-30,5546.39,5484.62,5559.78,5483.16,5492.03,54.3607,0.9898,123034000.0,153067000.0
000905.SH,2023-10-31,5528.24,5547.32,5554.19,5505.93,5546.39,-18.1496,-0.3272,105679000.0,127527000.0
000905.SH,2023-11-01,5509.97,5534.89,5534.94,5496.83,5528.24,-18.2723,-0.3305,87185800.0,105639000.0
000905.SH,2023-11-02,5459.45,5514.52,5532.85,5457.75,5509.97,-50.5145,-0.9168,90202600.0,101796000.0
000905.SH,2023-11-03,5510.36,5462.14,5537.73,5462.14,5459.45,50.9053,0.9324,97990600.0,114010000.0
000905.SH,2023-11-06,5605.06,5549.29,5609.26,5549.29,5510.36,94.7051,1.7187,139241000.0,156665000.0
000905.SH,2023-11-07,5611.1,5594.47,5631.1,5578.51,5605.06,6.0362,0.1077,120579000.0,139899000.0
000905.SH,2023-11-08,5608.02,5602.97,5633.97,5577.39,5611.1,-3.081,-0.0549,122995000.0,139708000.0
000905.SH,2023-11-09,5592.06,5602.49,5638.08,5582.12,5608.02,-15.9605,-0.2846,106363000.0,123040000.0
000905.SH,2023-11-10,5573.1,5577.34,5585.21,5550.82,5592.06,-18.9569,-0.339,94324000.0,109672000.0
000905.SH,2023-11-13,5605.57,5589.06,5605.57,5565.09,5573.1,32.4689,0.5826,102159000.0,117834000.0
000905.SH,2023-11-14,5630.55,5602.98,5639.19,5600.78,5605.57,24.9846,0.4457,101073000.0,116073000.0
000905.SH,2023-11-15,5664.62,5677.55,5684.75,5649.72,5630.55,34.0636,0.605,113088000.0,131864000.0
000905.SH,2023-11-16,5609.36,5647.06,5652.4,5609.36,5664.62,-55.2563,-0.9755,94662700.0,105765000.0
000905.SH,2023-11-17,5631.42,5598.95,5632.39,5593.49,5609.36,22.0626,0.3933,89422300.0,101444000.0
000905.SH,2023-11-20,5659.77,5635.59,5669.38,5609.27,5631.42,28.3494,0.5034,103105000.0,119885000.0
000905.SH,2023-11-21,5641.08,5669.17,5696.09,5634.27,5659.77,-18.6883,-0.3302,114861000.0,126741000.0
000905.SH,2023-11-22,5572.9,5622.86,5639.0,5572.9,5641.08,-68.1858,-1.2087,104718000.0,109972000.0
000905.SH,2023-11-23,5622.99,5566.73,5627.79,5548.97,5572.9,50.0905,0.8988,98042400.0,101151000.0
000905.SH,2023-11-24,5570.42,5619.32,5619.32,5556.71,5622.99,-52.5686,-0.9349,101248000.0,100701000.0
000905.SH,2023-11-27,5566.51,5562.75,5579.72,5531.65,5570.42,-3.9136,-0.0703,98218700.0,107691000.0
000905.SH,2023-11-28,5591.5,5561.58,5594.72,5529.54,5566.51,24.9886,0.4489,89373300.0,98931000.0
000905.SH,2023-11-29,5553.33,5588.77,5593.37,5547.84,5591.5,-38.1606,-0.6825,89509200.0,96924100.0
000905.SH,2023-11-30,5545.05,5548.52,5560.33,5509.96,5553.33,-8.2845,-0.1492,87841500.0,95350500.0
000905.SH,2023-12-01,5566.87,5541.23,5576.73,5521.06,5545.05,21.8185,0.3935,93371700.0,107455000.0
000905.SH,2023-12-04,5559.07,5578.42,5590.84,5559.07,5566.87,-7.8007,-0.1401,99306500.0,119628000.0
000905.SH,2023-12-05,5460.41,5542.87,5542.87,5460.41,5559.07,-98.6594,-1.7747,91298200.0,103824000.0
000905.SH,2023-12-06,5481.82,5448.46,5513.09,5443.07,5460.41,21.4152,0.3922,88374000.0,102085000.0
000905.SH,2023-12-07,5481.14,5475.27,5501.48,5443.29,5481.82,-0.6885,-0.0126,89048700.0,103622000.0
000905.SH,2023-12-08,5497.99,5484.68,5522.06,5477.53,5481.14,16.8542,0.3075,118124000.0,140788000.0
000905.SH,2023-12-11,5564.85,5473.65,5574.12,5429.44,5497.99,66.8641,1.2162,118606000.0,140631000.0
000905.SH,2023-12-12,5566.18,5560.44,5576.01,5545.16,5564.85,1.324,0.0238,84232300.0,110639000.0
000905.SH,2023-12-13,5507.51,5557.05,5558.06,5507.51,5566.18,-58.665,-1.054,75929900.0,96464600.0
000905.SH,2023-12-14,5489.33,5532.99,5557.37,5487.75,5507.51,-18.1861,-0.3302,74118100.0,90000000.0
000905.SH,2023-12-15,5449.79,5499.37,5516.22,5438.53,5489.33,-39.5403,-0.7203,80125400.0,94631900.0
000905.SH,2023-12-18,5385.27,5436.99,5448.08,5374.59,5449.79,-64.5162,-1.1838,78022500.0,88053800.0
000905.SH,2023-12-19,5379.87,5380.73,5406.96,5344.03,5385.27,-5.3967,-0.1002,70323700.0,82191400.0
000905.SH,2023-12-20,5309.29,5386.0,5388.46,5308.57,5379.87,-70.587,-1.3121,75387100.0,86209200.0
000905.SH,2023-12-21,5338.76,5286.45,5352.5,5253.32,5309.29,29.4755,0.5552,81522300.0,96981000.0
000905.SH,2023-12-22,5311.69,5337.38,5366.23,5293.22,5338.76,-27.0718,-0.5071,90387000.0,108918000.0
000905.SH,2023-12-25,5315.37,5301.57,5339.66,5288.47,5311.69,3.6844,0.0694,65918800.0,81018200.0
000905.SH,2023-12-26,5258.28,5312.8,5313.92,5238.04,5315.37,-57.0905,-1.0741,67532000.0,80910400.0
000905.SH,2023-12-27,5285.53,5261.57,5293.8,5235.46,5258.28,27.246,0.5182,75397900.0,84253400.0
000905.SH,2023-12-28,5382.8,5280.69,5400.24,5275.4,5285.53,97.2665,1.8402,107699000.0,126896000.0
000905.SH,2023-12-29,5429.23,5376.98,5437.15,5374.69,5382.8,46.4322,0.8626,90931800.0,112534000.0
000905.SH,2024-01-02,5409.46,5431.48,5439.48,5409.46,5429.23,-19.7734,-0.3642,92964700.0,106840000.0
000905.SH,2024-01-03,5401.4,5398.29,5428.52,5373.83,5409.46,-8.0604,-0.149,86705200.0,99883600.0
000905.SH,2024-01-04,5355.32,5395.14,5395.14,5331.89,5401.4,-46.0734,-0.853,78846600.0,91011400.0
000905.SH,2024-01-05,5281.87,5347.07,5373.68,5260.59,5355.32,-73.4505,-1.3715,89538900.0,101085000.0
000905.SH,2024-01-08,5167.7,5268.23,5268.98,5167.7,5281.87,-114.171,-2.1616,83785200.0,92792800.0
000905.SH,2024-01-09,5180.65,5176.11,5220.46,5153.0,5167.7,12.9533,0.2507,78740400.0,90959800.0
000905.SH,2024-01-10,5158.08,5167.73,5211.82,5118.43,5180.65,-22.5746,-0.4357,71173900.0,84227800.0
000905.SH,2024-01-11,5223.86,5152.36,5243.14,5146.9,5158.08,65.7849,1.2754,85041300.0,106152000.0
000905.SH,2024-01-12,5206.18,5213.14,5262.62,5206.16,5223.86,-17.6853,-0.3385,76619800.0,93271400.0
000905.SH,2024-01-15,5193.3,5189.53,5238.96,5171.24,5206.18,-12.8824,-0.2474,73925100.0,88027800.0
000905.SH,2024-01-16,5190.4,5188.37,5210.08,5124.08,5193.3,-2.8981,-0.0558,83070400.0,92337600.0
000905.SH,2024-01-17,5061.54,5180.93,5180.93,5061.54,5190.4,-128.858,-2.4826,78741800.0,87930600.0
000905.SH,2024-01-18,5066.96,5033.1,5069.23,4924.68,5061.54,5.4184,0.1071,118751000.0,123436000.0
000905.SH,2024-01-19,5018.43,5056.48,5084.29,5014.77,5066.96,-48.5247,-0.9577,78467400.0,92039400.0
000905.SH,2024-01-22,4780.97,5008.68,5008.77,4753.63,5018.43,-237.458,-4.7317,109708000.0,115623000.0
000905.SH,2024-01-23,4865.74,4771.5,4889.42,4727.88,4780.97,84.7682,1.773,99944700.0,107809000.0
000905.SH,2024-01-24,4933.7,4886.2,4941.44,4766.8,4865.74,67.9579,1.3967,114026000.0,112683000.0
000905.SH,2024-01-25,5073.18,4931.63,5074.49,4910.96,4933.7,139.477,2.827,132308000.0,134823000.0
000905.SH,2024-01-26,5027.09,5055.29,5086.13,5009.97,5073.18,-46.0847,-0.9084,117010000.0,119233000.0
000905.SH,2024-01-29,4927.91,5032.11,5050.11,4927.91,5027.09,-99.1795,-1.9729,116877000.0,117835000.0
000905.SH,2024-01-30,4814.99,4898.36,4939.35,4810.1,4927.91,-112.923,-2.2915,99675800.0,95474100.0
000905.SH,2024-01-31,4696.98,4786.81,4832.4,4690.94,4814.99,-118.011,-2.4509,121093000.0,116593000.0
000905.SH,2024-02-01,4678.73,4667.91,4771.05,4629.99,4696.98,-18.2488,-0.3885,111472000.0,107509000.0
000905.SH,2024-02-02,4563.22,4686.1,4724.05,4435.56,4678.73,-115.509,-2.4688,137502000.0,124953000.0
000905.SH,2024-02-05,4460.26,4527.71,4598.06,4281.24,4563.22,-102.959,-2.2563,165958000.0,143547000.0
000905.SH,2024-02-06,4805.9,4411.3,4817.12,4405.31,4460.26,345.638,7.7493,173058000.0,156485000.0
000905.SH,2024-02-07,5109.57,4813.95,5110.8,4813.23,4805.9,303.667,6.3186,227199000.0,212618000.0
000905.SH,2024-02-08,5150.23,5131.8,5367.22,5129.78,5109.57,40.6603,0.7958,213676000.0,212256000.0
000905.SH,2024-02-19,5141.6,5225.14,5225.14,5074.76,5150.23,-8.6251,-0.1675,162950000.0,172806000.0
000905.SH,2024-02-20,5140.96,5107.57,5151.72,5072.88,5141.6,-0.6462,-0.0126,121646000.0,133242000.0
000905.SH,2024-02-21,5139.04,5101.41,5252.88,5074.82,5140.96,-1.9203,-0.0374,150872000.0,155561000.0
000905.SH,2024-02-22,5176.34,5133.55,5184.62,5117.68,5139.04,37.3059,0.7259,116615000.0,127547000.0
000905.SH,2024-02-23,5197.71,5190.65,5197.71,5118.57,5176.34,21.3684,0.4128,135265000.0,145442000.0
000905.SH,2024-02-26,5195.46,5194.74,5255.36,5162.95,5197.71,-2.2473,-0.0432,144019000.0,152601000.0
000905.SH,2024-02-27,5307.8,5174.82,5307.8,5160.88,5195.46,112.34,2.1623,138972000.0,157202000.0
000905.SH,2024-02-28,5184.05,5311.43,5383.32,5184.05,5307.8,-123.757,-2.3316,202561000.0,214135000.0
000905.SH,2024-02-29,5346.79,5154.15,5349.77,5154.15,5184.05,162.746,3.1394,160790000.0,178976000.0
000905.SH,2024-03-01,5379.05,5350.86,5387.78,5321.56,5346.79,32.2553,0.6033,142298000.0,171103000.0
000905.SH,2024-03-04,5388.82,5386.94,5400.12,5325.96,5379.05,9.7718,0.1817,143928000.0,175906000.0
000905.SH,2024-03-05,5351.83,5358.22,5382.98,5329.97,5388.82,-36.9932,-0.6865,140816000.0,174283000.0
000905.SH,2024-03-06,5350.1,5332.83,5405.49,5293.95,5351.83,-1.7252,-0.0322,121100000.0,146843000.0
000905.SH,2024-03-07,5277.3,5354.33,5384.66,5277.3,5350.1,-72.8028,-1.3608,139831000.0,157442000.0
000905.SH,2024-03-08,5349.6,5282.41,5361.71,5268.53,5277.3,72.2962,1.3699,121468000.0,144004000.0
000905.SH,2024-03-11,5441.05,5342.18,5443.04,5339.26,5349.6,91.4557,1.7096,142982000.0,173589000.0
000905.SH,2024-03-12,5423.72,5445.88,5473.29,5385.14,5441.05,-17.3324,-0.3185,147073000.0,178849000.0
000905.SH,2024-03-13,5415.11,5430.04,5459.32,5389.52,5423.72,-8.6057,-0.1587,129746000.0,164526000.0
000905.SH,2024-03-14,5392.93,5415.15,5447.54,5352.12,5415.11,-22.1859,-0.4097,131887000.0,157337000.0
000905.SH,2024-03-15,5454.15,5380.02,5456.73,5357.18,5392.93,61.2196,1.1352,136405000.0,158719000.0
000905.SH,2024-03-18,5528.45,5472.31,5528.45,5459.55,5454.15,74.3007,1.3623,159863000.0,190794000.0
000905.SH,2024-03-19,5478.22,5514.55,5533.64,5477.12,5528.45,-50.2222,-0.9084,146777000.0,176662000.0
000905.SH,2024-03-20,5493.41,5469.61,5499.24,5455.76,5478.22,15.1892,0.2773,126273000.0,157036000.0
000905.SH,2024-03-21,5465.83,5505.7,5517.46,5454.23,5493.41,-27.5854,-0.5022,129489000.0,159252000.0
000905.SH,2024-03-22,5384.57,5454.41,5463.54,5356.11,5465.83,-81.263,-1.4867,137096000.0,163186000.0
000905.SH,2024-03-25,5294.75,5369.78,5401.6,5292.64,5384.57,-89.8193,-1.6681,130778000.0,156252000.0
000905.SH,2024-03-26,5284.42,5291.52,5318.88,5237.9,5294.75,-10.3275,-0.1951,116468000.0,145296000.0
000905.SH,2024-03-27,5156.68,5280.73,5282.7,5156.68,5284.42,-127.735,-2.4172,110107000.0,129829000.0
000905.SH,2024-03-28,5223.81,5156.48,5276.64,5156.48,5156.68,67.122,1.3017,116318000.0,140613000.0
000905.SH,2024-03-29,5286.16,5220.55,5287.04,5211.19,5223.81,62.3552,1.1937,109047000.0,126574000.0
000905.SH,2024-04-01,5401.23,5309.83,5401.78,5309.83,5286.16,115.064,2.1767,136735000.0,166553000.0
000905.SH,2024-04-02,5381.23,5395.48,5402.16,5353.31,5401.23,-19.9958,-0.3702,132149000.0,155780000.0
000905.SH,2024-04-03,5374.6,5373.5,5386.34,5350.16,5381.23,-6.6337,-0.1233,133628000.0,154114000.0
000905.SH,2024-04-08,5298.59,5358.96,5383.66,5297.56,5374.6,-76.0042,-1.4141,148589000.0,161261000.0
000905.SH,2024-04-09,5342.9,5294.47,5342.9,5284.96,5298.59,44.307,0.8362,113301000.0,133263000.0
000905.SH,2024-04-10,5275.47,5335.73,5335.73,5242.86,5342.9,-67.4255,-1.262,117909000.0,132251000.0
000905.SH,2024-04-11,5301.81,5244.05,5353.81,5240.51,5275.47,26.3367,0.4992,127745000.0,141291000.0
000905.SH,2024-04-12,5277.22,5307.72,5336.45,5270.46,5301.81,-24.5904,-0.4638,118525000.0,136145000.0
000905.SH,2024-04-15,5339.72,5270.04,5376.05,5219.43,5277.22,62.5033,1.1844,159218000.0,169269000.0
000905.SH,2024-04-16,5191.55,5309.1,5346.76,5184.65,5339.72,-148.168,-2.7748,162584000.0,168778000.0
000905.SH,2024-04-17,5339.75,5211.25,5339.75,5211.25,5191.55,148.193,2.8545,147595000.0,155661000.0
000905.SH,2024-04-18,5349.84,5317.8,5410.7,5299.23,5339.75,10.0894,0.1889,153498000.0,167339000.0
000905.SH,2024-04-19,5314.87,5322.36,5369.95,5292.02,5349.84,-34.9694,-0.6537,142134000.0,156010000.0
000905.SH,2024-04-22,5267.58,5289.41,5340.63,5264.19,5314.87,-47.2856,-0.8897,135267000.0,150190000.0
000905.SH,2024-04-23,5208.27,5257.77,5280.06,5196.96,5267.58,-59.3099,-1.1259,125801000.0,139019000.0
000905.SH,2024-04-24,5263.04,5210.18,5263.04,5183.7,5208.27,54.7679,1.0516,117297000.0,139471000.0
000905.SH,2024-04-25,5259.34,5240.48,5297.16,5229.82,5263.04,-3.7037,-0.0704,110834000.0,127545000.0
000905.SH,2024-04-26,5372.12,5258.38,5379.67,5258.38,5259.34,112.785,2.1445,173778000.0,193789000.0
000905.SH,2024-04-29,5478.49,5371.21,5488.28,5371.21,5372.12,106.37,1.98,190936000.0,212149000.0
000905.SH,2024-04-30,5441.14,5471.17,5478.04,5436.58,5478.49,-37.3497,-0.6818,162797000.0,175144000.0
000905.SH,2024-05-06,5528.6,5498.44,5535.95,5496.91,5441.14,87.4625,1.6074,165792000.0,187907000.0
000905.SH,2024-05-07,5527.08,5532.32,5543.12,5507.5,5528.6,-1.5189,-0.0275,136535000.0,162156000.0
000905.SH,2024-05-08,5458.76,5516.45,5516.45,5454.87,5527.08,-68.3288,-1.2363,123956000.0,139473000.0
000905.SH,2024-05-09,5556.77,5461.36,5568.73,5461.36,5458.76,98.0153,1.7956,131121000.0,154000000.0
000905.SH,2024-05-10,5535.4,5562.19,5570.57,5497.5,5556.77,-21.3758,-0.3847,128688000.0,144027000.0
000905.SH,2024-05-13,5505.26,5503.13,5527.2,5462.51,5535.4,-30.1359,-0.5444,131628000.0,146160000.0
000905.SH,2024-05-14,5500.74,5508.47,5538.74,5484.96,5505.26,-4.5216,-0.0821,118994000.0,132592000.0
000905.SH,2024-05-15,5446.66,5495.56,5497.08,5441.35,5500.74,-54.0822,-0.9832,110125000.0,121526000.0
000905.SH,2024-05-16,5424.67,5461.11,5475.37,5408.12,5446.66,-21.9905,-0.4037,122108000.0,133149000.0
000905.SH,2024-05-17,5491.89,5418.66,5493.2,5409.7,5424.67,67.2292,1.2393,126916000.0,139245000.0
000905.SH,2024-05-20,5523.5,5496.79,5536.66,5484.36,5491.89,31.6069,0.5755,144971000.0,163572000.0
000905.SH,2024-05-21,5478.91,5511.48,5513.42,5460.98,5523.5,-44.5882,-0.8072,108691000.0,123832000.0
000905.SH,2024-05-22,5468.61,5472.01,5486.3,5455.08,5478.91,-10.3063,-0.1881,113058000.0,126573000.0
000905.SH,2024-05-23,5362.31,5448.94,5448.94,5352.39,5468.61,-106.301,-1.9438,126658000.0,135749000.0
000905.SH,2024-05-24,5313.45,5348.51,5400.16,5311.49,5362.31,-48.8507,-0.911,106564000.0,117396000.0
000905.SH,2024-05-27,5371.37,5325.85,5373.11,5284.51,5313.45,57.9147,1.09,115643000.0,124786000.0
000905.SH,2024-05-28,5316.13,5363.33,5365.47,5310.32,5371.37,-55.2407,-1.0284,110965000.0,120979000.0
000905.SH,2024-05-29,5328.31,5308.59,5361.74,5305.96,5316.13,12.1778,0.2291,104361000.0,112763000.0
000905.SH,2024-05-30,5308.66,5316.4,5349.69,5296.49,5328.31,-19.6464,-0.3687,107350000.0,114758000.0
000905.SH,2024-05-31,5308.54,5310.72,5357.02,5308.54,5308.66,-0.1197,-0.0023,104151000.0,113020000.0
000905.SH,2024-06-03,5274.07,5300.79,5316.33,5232.69,5308.54,-34.4716,-0.6494,126969000.0,129544000.0
000905.SH,2024-06-04,5341.95,5263.23,5352.28,5247.58,5274.07,67.8809,1.2871,108083000.0,117836000.0
000905.SH,2024-06-05,5277.94,5328.87,5347.43,5277.94,5341.95,-64.0091,-1.1982,105793000.0,111608000.0
000905.SH,2024-06-06,5228.8,5291.52,5305.88,5213.66,5277.94,-49.1403,-0.9311,133368000.0,135740000.0
000905.SH,2024-06-07,5208.98,5247.15,5258.82,5172.05,5228.8,-19.8204,-0.3791,113527000.0,118554000.0
000905.SH,2024-06-11,5217.47,5182.41,5232.85,5159.33,5208.98,8.4904,0.163,116437000.0,119661000.0
000905.SH,2024-06-12,5232.95,5209.13,5245.99,5205.57,5217.47,15.4832,0.2968,103066000.0,111341000.0
000905.SH,2024-06-13,5194.59,5231.91,5233.8,5182.74,5232.95,-38.3634,-0.7331,118233000.0,123194000.0
000905.SH,2024-06-14,5213.09,5180.29,5235.88,5163.38,5194.59,18.5027,0.3562,133999000.0,146009000.0
000905.SH,2024-06-17,5207.13,5189.28,5223.59,5184.6,5213.09,-5.9647,-0.1144,107971000.0,135704000.0
000905.SH,2024-06-18,5230.89,5207.98,5243.59,5204.97,5207.13,23.7633,0.4564,94090900.0,120391000.0
000905.SH,2024-06-19,5168.82,5235.48,5236.3,5168.82,5230.89,-62.0709,-1.1866,87849600.0,111741000.0
000905.SH,2024-06-20,5094.57,5162.16,5184.75,5092.29,5168.82,-74.2551,-1.4366,95609000.0,113063000.0
000905.SH,2024-06-21,5102.33,5079.92,5128.14,5071.65,5094.57,7.7639,0.1524,83838900.0,98090400.0
000905.SH,2024-06-24,4992.91,5072.8,5078.96,4986.77,5102.33,-109.42,-2.1445,100187000.0,113108000.0
000905.SH,2024-06-25,4948.63,4989.07,5007.34,4918.04,4992.91,-44.2754,-0.8868,91636800.0,104684000.0
000905.SH,2024-06-26,5020.43,4942.17,5024.77,4915.66,4948.63,71.7975,1.4509,93394600.0,102152000.0
000905.SH,2024-06-27,4928.05,4998.99,5000.18,4925.16,5020.43,-92.3804,-1.8401,88537200.0,97365000.0
000905.SH,2024-06-28,4942.78,4914.67,5003.41,4914.55,4928.05,14.7303,0.2989,106308000.0,114743000.0
000905.SH,2024-07-01,5003.16,4943.79,5017.61,4929.09,4942.78,60.3791,1.2216,97312800.0,110821000.0
000905.SH,2024-07-02,4949.48,5000.58,5002.74,4934.12,5003.16,-53.6837,-1.073,96209300.0,105903000.0
000905.SH,2024-07-03,4910.92,4945.4,4950.51,4905.39,4949.48,-38.5526,-0.7789,84528300.0,96121100.0
000905.SH,2024-07-04,4834.5,4917.44,4935.61,4827.34,4910.92,-76.4263,-1.5563,91008500.0,98771600.0
000905.SH,2024-07-05,4866.26,4828.86,4877.93,4794.13,4834.5,31.7665,0.6571,83133300.0,93724600.0
000905.SH,2024-07-08,4783.62,4857.02,4857.27,4768.56,4866.26,-82.6482,-1.6984,90254500.0,96789200.0
000905.SH,2024-07-09,4876.9,4775.31,4888.48,4745.32,4783.62,93.2825,1.95,111402000.0,126705000.0
000905.SH,2024-07-10,4844.16,4857.48,4891.37,4836.17,4876.9,-32.7366,-0.6713,100953000.0,117245000.0
000905.SH,2024-07-11,4939.73,4902.81,4941.7,4871.17,4844.16,95.5694,1.9729,115275000.0,133128000.0
000905.SH,2024-07-12,4919.36,4926.98,4937.35,4905.8,4939.73,-20.3679,-0.4123,97175100.0,115594000.0
000905.SH,2024-07-15,4883.9,4903.52,4903.52,4868.74,4919.36,-35.4668,-0.721,86824300.0,102735000.0
000905.SH,2024-07-16,4898.36,4877.6,4907.83,4850.43,4883.9,14.4655,0.2962,87268000.0,113648000.0
000905.SH,2024-07-17,4856.58,4893.41,4900.36,4853.6,4898.36,-41.7832,-0.853,96909500.0,117933000.0
000905.SH,2024-07-18,4877.69,4822.13,4879.69,4793.43,4856.58,21.1122,0.4347,96654800.0,115284000.0
000905.SH,2024-07-19,4872.05,4853.04,4900.38,4842.93,4877.69,-5.6384,-0.1156,93290700.0,111989000.0
000905.SH,2024-07-22,4865.98,4872.64,4885.36,4839.11,4872.05,-6.0754,-0.1247,92710500.0,110308000.0
000905.SH,2024-07-23,4722.8,4862.97,4862.97,4722.8,4865.98,-143.178,-2.9424,102404000.0,110578000.0
000905.SH,2024-07-24,4668.06,4712.29,4738.76,4661.83,4722.8,-54.7373,-1.159,112675000.0,103027000.0
000905.SH,2024-07-25,4665.45,4644.42,4710.46,4635.24,4668.06,-2.6133,-0.056,88600100.0,95885200.0
000905.SH,2024-07-26,4736.38,4670.45,4744.45,4670.45,4665.45,70.9283,1.5203,86472000.0,94118600.0
000905.SH,2024-07-29,4708.84,4740.5,4742.15,4702.98,4736.38,-27.5328,-0.5813,81102000.0,90979200.0
000905.SH,2024-07-30,4699.28,4694.52,4712.04,4650.56,4708.84,-9.5623,-0.2031,83353400.0,86181000.0
000905.SH,2024-07-31,4886.41,4694.73,4887.92,4687.05,4699.28,187.132,3.9821,143181000.0,146602000.0
000905.SH,2024-08-01,4852.97,4893.87,4928.24,4834.65,4886.41,-33.4411,-0.6844,113213000.0,119766000.0
000905.SH,2024-08-02,4788.62,4816.94,4874.71,4783.12,4852.97,-64.3566,-1.3261,98529800.0,105655000.0
000905.SH,2024-08-05,4693.85,4756.08,4846.54,4693.82,4788.62,-94.7681,-1.979,113338000.0,123487000.0
000905.SH,2024-08-06,4750.78,4740.45,4774.93,4699.18,4693.85,56.9282,1.2128,107775000.0,105286000.0
000905.SH,2024-08-07,4751.94,4747.98,4783.42,4719.94,4750.78,1.1648,0.0245,96989500.0,96834800.0
000905.SH,2024-08-08,4755.81,4737.09,4791.66,4701.79,4751.94,3.8741,0.0815,104309000.0,95364200.0
000905.SH,2024-08-09,4720.31,4778.26,4805.1,4720.31,4755.81,-35.5045,-0.7465,108820000.0,88057500.0
000905.SH,2024-08-12,4714.16,4716.96,4737.19,4696.05,4720.31,-6.1518,-0.1303,89100800.0,76375900.0
000905.SH,2024-08-13,4731.84,4713.96,4731.84,4680.59,4714.16,17.6767,0.375,81365200.0,71101400.0
000905.SH,2024-08-14,4667.07,4729.81,4730.24,4667.07,4731.84,-64.7622,-1.3686,74588000.0,68308200.0
000905.SH,2024-08-15,4698.38,4656.69,4746.41,4647.79,4667.07,31.3019,0.6707,90973300.0,83712900.0
000905.SH,2024-08-16,4670.38,4703.6,4708.02,4662.11,4698.38,-27.9961,-0.5959,87379600.0,81927300.0
000905.SH,2024-08-19,4682.96,4666.33,4729.87,4666.26,4670.38,12.5839,0.2694,87136900.0,80742400.0
000905.SH,2024-08-20,4602.01,4684.29,4686.36,4590.39,4682.96,-80.9533,-1.7287,91846100.0,81351700.0
000905.SH,2024-08-21,4587.12,4589.09,4610.87,4582.27,4602.01,-14.8877,-0.3235,83526900.0,74810000.0
000905.SH,2024-08-22,4533.37,4589.5,4595.05,4526.25,4587.12,-53.7523,-1.1718,85856900.0,78202500.0
000905.SH,2024-08-23,4537.09,4523.99,4549.3,4513.2,4533.37,3.7177,0.082,75778400.0,71370000.0
000905.SH,2024-08-26,4544.36,4542.86,4558.59,4523.73,4537.09,7.2722,0.1603,87118300.0,84365200.0
000905.SH,2024-08-27,4495.29,4532.49,4532.49,4487.09,4544.36,-49.0738,-1.0799,82529200.0,78742900.0
000905.SH,2024-08-28,4500.01,4486.43,4527.77,4482.03,4495.29,4.7232,0.1051,82681200.0,74244600.0
000905.SH,2024-08-29,4557.9,4483.55,4577.79,4475.22,4500.01,57.8918,1.2865,103116000.0,96830000.0
000905.SH,2024-08-30,4639.11,4557.5,4704.34,4548.38,4557.9,81.2138,1.7818,151593000.0,144749000.0
000905.SH,2024-09-02,4546.88,4631.9,4632.31,4546.84,4639.11,-92.2312,-1.9881,126369000.0,115893000.0
000905.SH,2024-09-03,4596.48,4543.22,4612.28,4543.22,4546.88,49.5987,1.0908,98589700.0,92749200.0
000905.SH,2024-09-04,4582.08,4567.69,4623.38,4552.3,4596.48,-14.3979,-0.3132,92435700.0,88646000.0
000905.SH,2024-09-05,4601.09,4585.17,4630.64,4582.05,4582.08,19.0071,0.4148,80583700.0,80148600.0
000905.SH,2024-09-06,4537.45,4609.34,4613.31,4535.35,4601.09,-63.6367,-1.3831,90147600.0,80215800.0
000905.SH,2024-09-09,4507.19,4517.57,4541.79,4487.84,4537.45,-30.2678,-0.6671,91944600.0,81907600.0
000905.SH,2024-09-10,4507.71,4509.32,4528.67,4432.91,4507.19,0.5208,0.0116,98529500.0,87011800.0
000905.SH,2024-09-11,4514.92,4490.19,4529.35,4479.03,4507.71,7.2084,0.1599,85206800.0,81707900.0
000905.SH,2024-09-12,4496.59,4518.99,4568.75,4496.59,4514.92,-18.3239,-0.4059,86654300.0,80916500.0
000905.SH,2024-09-13,4450.96,4500.4,4509.07,4450.96,4496.59,-45.6332,-1.0148,92533800.0,85710600.0
000905.SH,2024-09-18,4462.87,4450.09,4474.72,4397.16,4450.96,11.9114,0.2676,90989700.0,79102500.0
000905.SH,2024-09-19,4520.39,4481.46,4565.39,4437.54,4462.87,57.5238,1.2889,115612000.0,105406000.0
000905.SH,2024-09-20,4498.39,4514.96,4515.81,4471.94,4520.39,-22.0038,-0.4868,94312000.0,89084400.0
000905.SH,2024-09-23,4494.69,4495.78,4545.54,4483.13,4498.39,-3.7023,-0.0823,89935200.0,85104800.0
000905.SH,2024-09-24,4689.6,4524.22,4690.57,4503.12,4494.69,194.909,4.3364,177145000.0,159947000.0
000905.SH,2024-09-25,4731.48,4743.63,4847.2,4724.43,4689.6,41.8791,0.893,204594000.0,182210000.0
000905.SH,2024-09-26,4938.18,4726.0,4938.18,4719.35,4731.48,206.708,4.3688,229930000.0,196123000.0
000905.SH,2024-09-27,5201.67,5027.26,5227.96,5021.51,4938.18,263.482,5.3356,230178000.0,232647000.0
000905.SH,2024-09-30,5743.22,5449.79,5757.92,5387.34,5201.67,541.551,10.4111,388703000.0,418785000.0
000905.SH,2024-10-08,6155.58,6417.81,6417.81,5868.85,5743.22,412.365,7.18,493546000.0,579263000.0
000905.SH,2024-10-09,5735.64,6013.7,6088.08,5704.48,6155.58,-419.941,-6.8221,431156000.0,529448000.0
000905.SH,2024-10-10,5690.88,5768.61,5875.94,5597.48,5735.64,-44.7588,-0.7804,353480000.0,390814000.0
000905.SH,2024-10-11,5470.81,5650.05,5652.85,5408.87,5690.88,-220.069,-3.867,244383000.0,266749000.0
000905.SH,2024-10-14,5608.15,5503.65,5623.97,5408.39,5470.81,137.34,2.5104,250609000.0,279231000.0
000905.SH,2024-10-15,5472.56,5578.26,5661.07,5471.88,5608.15,-135.593,-2.4178,238997000.0,276817000.0
000905.SH,2024-10-16,5461.09,5393.67,5546.18,5393.67,5472.56,-11.4723,-0.2096,205451000.0,222426000.0
000905.SH,2024-10-17,5418.99,5499.77,5541.03,5417.88,5461.09,-42.0994,-0.7709,202769000.0,234459000.0
000905.SH,2024-10-18,5640.02,5416.03,5774.14,5404.2,5418.99,221.031,4.0788,287114000.0,352062000.0
000905.SH,2024-10-21,5704.23,5680.56,5797.88,5631.23,5640.02,64.2052,1.1384,266885000.0,359966000.0
000905.SH,2024-10-22,5753.85,5703.32,5779.3,5673.79,5704.23,49.6247,0.87,237024000.0,312584000.0
000905.SH,2024-10-23,5776.38,5745.11,5853.46,5727.77,5753.85,22.5333,0.3916,273413000.0,336168000.0
000905.SH,2024-10-24,5726.7,5747.56,5759.87,5694.78,5776.38,-49.6789,-0.86,207690000.0,257232000.0
000905.SH,2024-10-25,5809.69,5735.29,5855.26,5729.44,5726.7,82.9838,1.4491,236726000.0,299590000.0
000905.SH,2024-10-28,5883.72,5816.33,5883.72,5787.48,5809.69,74.0324,1.2743,270654000.0,312664000.0
000905.SH,2024-10-29,5812.53,5903.31,5917.21,5807.29,5883.72,-71.1917,-1.21,275371000.0,332482000.0
000905.SH,2024-10-30,5837.93,5793.83,5869.11,5777.43,5812.53,25.4052,0.4371,252021000.0,315957000.0
000905.SH,2024-10-31,5901.29,5839.98,5935.18,5812.03,5837.93,63.3566,1.0853,313549000.0,377454000.0
000905.SH,2024-11-01,5831.82,5893.32,5934.2,5795.08,5901.29,-69.4687,-1.1772,369841000.0,429257000.0
000905.SH,2024-11-04,5928.91,5835.39,5928.91,5835.39,5831.82,97.0868,1.6648,286552000.0,342777000.0
000905.SH,2024-11-05,6111.97,5925.87,6119.25,5910.89,5928.91,183.062,3.0876,366344000.0,441463000.0
000905.SH,2024-11-06,6125.79,6134.92,6204.53,6081.81,6111.97,13.8161,0.226,415188000.0,502324000.0
000905.SH,2024-11-07,6239.56,6061.73,6240.76,6049.59,6125.79,113.773,1.8573,418413000.0,465815000.0
000905.SH,2024-11-08,6222.44,6306.8,6333.68,6206.29,6239.56,-17.1148,-0.2743,385648000.0,470080000.0
000905.SH,2024-11-11,6330.62,6211.03,6330.8,6199.06,6222.44,108.17,1.7384,334097000.0,453328000.0
000905.SH,2024-11-12,6263.88,6349.23,6382.98,6205.1,6330.62,-66.7322,-1.0541,332857000.0,452685000.0
000905.SH,2024-11-13,6259.84,6234.16,6282.28,6162.9,6263.88,-4.0418,-0.0645,260401000.0,347813000.0
000905.SH,2024-11-14,6078.31,6240.61,6240.61,6068.66,6259.84,-181.536,-2.9,239743000.0,317336000.0
000905.SH,2024-11-15,5924.48,6055.54,6093.42,5924.35,6078.31,-153.822,-2.5307,236226000.0,309680000.0
000905.SH,2024-11-18,5833.04,5940.49,5977.49,5799.91,5924.48,-91.4476,-1.5436,282527000.0,296423000.0
000905.SH,2024-11-19,5936.6,5836.61,5936.93,5776.2,5833.04,103.566,1.7755,241404000.0,262478000.0
000905.SH,2024-11-20,5992.39,5920.32,6015.23,5909.11,5936.6,55.7889,0.9397,217345000.0,261005000.0
000905.SH,2024-11-21,5985.31,5973.15,6009.63,5937.81,5992.39,-7.0776,-0.1181,206199000.0,252722000.0
000905.SH,2024-11-22,5750.25,5969.08,5983.34,5750.25,5985.31,-235.067,-3.9274,225067000.0,267676000.0
000905.SH,2024-11-25,5735.65,5754.55,5774.82,5662.09,5750.25,-14.5964,-0.2538,186005000.0,215262000.0
000905.SH,2024-11-26,5690.48,5727.37,5773.36,5688.58,5735.65,-45.1701,-0.7875,147563000.0,170187000.0
000905.SH,2024-11-27,5804.94,5669.55,5805.63,5604.0,5690.48,114.458,2.0114,175313000.0,204529000.0
000905.SH,2024-11-28,5757.6,5802.8,5826.49,5749.29,5804.94,-47.3403,-0.8155,172184000.0,204358000.0
000905.SH,2024-11-29,5851.94,5748.17,5899.87,5736.41,5757.6,94.342,1.6386,204256000.0,243571000.0
000905.SH,2024-12-02,5943.62,5853.71,5956.6,5848.42,5851.94,91.686,1.5668,236181000.0,257213000.0
000905.SH,2024-12-03,5932.12,5946.74,5954.66,5877.8,5943.62,-11.5038,-0.1935,209871000.0,229347000.0
000905.SH,2024-12-04,5879.27,5929.48,5940.85,5850.91,5932.12,-52.8512,-0.8909,215992000.0,234213000.0
000905.SH,2024-12-05,5901.99,5855.74,5923.62,5853.53,5879.27,22.7164,0.3864,198542000.0,212252000.0
000905.SH,2024-12-06,5979.2,5903.5,6011.77,5877.04,5901.99,77.2111,1.3082,265330000.0,255601000.0
000905.SH,2024-12-09,5947.11,5983.33,6004.23,5911.36,5979.2,-32.0881,-0.5367,284462000.0,237295000.0
000905.SH,2024-12-10,5992.09,6132.29,6141.07,5982.58,5947.11,44.9848,0.7564,320528000.0,324711000.0
000905.SH,2024-12-11,6047.1,5973.33,6051.47,5972.27,5992.09,55.0113,0.9181,253884000.0,250011000.0
000905.SH,2024-12-12,6100.39,6048.78,6107.71,6023.23,6047.1,53.2895,0.8812,243654000.0,258381000.0
000905.SH,2024-12-13,5988.29,6065.95,6065.95,5988.29,6100.39,-112.103,-1.8376,286328000.0,307316000.0
000905.SH,2024-12-16,5912.6,5983.16,5991.58,5888.04,5988.29,-75.6906,-1.264,214647000.0,241791000.0
000905.SH,2024-12-17,5848.16,5896.97,5924.62,5837.25,5912.6,-64.4386,-1.0899,193109000.0,204630000.0
000905.SH,2024-12-18,5888.62,5861.26,5921.98,5853.16,5848.16,40.4534,0.6917,187996000.0,193282000.0
000905.SH,2024-12-19,5901.92,5829.26,5918.49,5816.47,5888.62,13.2993,0.2258,196531000.0,211287000.0
000905.SH,2024-12-20,5917.18,5889.95,5962.42,5889.95,5901.92,15.2596,0.2586,178090000.0,221133000.0
000905.SH,2024-12-23,5818.55,5917.69,5935.15,5815.34,5917.18,-98.6241,-1.6667,177315000.0,217347000.0
000905.SH,2024-12-24,5895.26,5827.16,5897.19,5827.16,5818.55,76.7085,1.3183,167366000.0,196113000.0
000905.SH,2024-12-25,5840.29,5896.43,5897.51,5796.65,5895.26,-54.9706,-0.9325,157279000.0,191269000.0
000905.SH,2024-12-26,5887.06,5830.72,5897.48,5830.72,5840.29,46.7716,0.8008,145319000.0,201723000.0
000905.SH,2024-12-27,5899.17,5892.69,5975.79,5881.72,5887.06,12.106,0.2056,179086000.0,236681000.0
000905.SH,2024-12-30,5898.88,5890.46,5928.57,5867.85,5899.17,-0.2825,-0.0048,155566000.0,196183000.0
000905.SH,2024-12-31,5725.73,5902.03,5905.46,5725.73,5898.88,-173.152,-2.9353,182159000.0,217194000.0
000905.SH,2025-01-02,5545.82,5717.92,5722.11,5498.82,5725.73,-179.915,-3.1422,193763000.0,220079000.0
000905.SH,2025-01-03,5427.8,5552.75,5581.4,5419.74,5545.82,-118.013,-2.128,174077000.0,187233000.0
000905.SH,2025-01-06,5427.1,5421.07,5482.63,5384.33,5427.8,-0.7034,-0.013,146266000.0,156744000.0
000905.SH,2025-01-07,5484.68,5429.17,5485.58,5405.13,5427.1,57.584,1.061,145065000.0,159836000.0
000905.SH,2025-01-08,5461.59,5462.32,5501.66,5326.93,5484.68,-23.0986,-0.4211,163850000.0,181141000.0
000905.SH,2025-01-09,5456.59,5437.81,5493.68,5436.7,5461.59,-4.9998,-0.0915,129833000.0,156799000.0
000905.SH,2025-01-10,5369.28,5449.0,5496.38,5369.28,5456.59,-87.3052,-1.6,130180000.0,159984000.0
000905.SH,2025-01-13,5381.7,5319.7,5422.01,5319.27,5369.28,12.4163,0.2312,119683000.0,139407000.0
000905.SH,2025-01-14,5572.27,5393.76,5582.83,5378.59,5381.7,190.575,3.5412,172143000.0,208084000.0
000905.SH,2025-01-15,5522.46,5559.58,5569.19,5509.58,5572.27,-49.8132,-0.8939,138393000.0,169060000.0
000905.SH,2025-01-16,5545.63,5546.7,5633.85,5508.91,5522.46,23.1746,0.4196,149318000.0,182996000.0
000905.SH,2025-01-17,5587.29,5524.21,5621.94,5519.41,5545.63,41.6603,0.7512,126691000.0,164437000.0
000905.SH,2025-01-20,5614.33,5621.92,5665.18,5598.16,5587.29,27.0372,0.4839,135713000.0,173426000.0
000905.SH,2025-01-21,5633.92,5639.6,5642.92,5573.5,5614.33,19.5938,0.349,126491000.0,170909000.0
000905.SH,2025-01-22,5607.06,5606.85,5618.58,5567.78,5633.92,-26.8655,-0.4769,115375000.0,158107000.0
000905.SH,2025-01-23,5584.25,5659.37,5717.69,5584.25,5607.06,-22.8046,-0.4067,163420000.0,203634000.0
000905.SH,2025-01-24,5649.95,5570.48,5660.43,5570.48,5584.25,65.6956,1.1764,139438000.0,180859000.0
000905.SH,2025-01-27,5589.34,5660.48,5676.03,5589.34,5649.95,-60.6072,-1.0727,136546000.0,163086000.0
000905.SH,2025-02-05,5614.39,5643.17,5646.04,5588.56,5589.34,25.044,0.4481,155674000.0,215000000.0
000905.SH,2025-02-06,5747.9,5606.87,5749.02,5597.32,5614.39,133.514,2.3781,181428000.0,257122000.0
000905.SH,2025-02-07,5833.99,5750.29,5889.43,5741.73,5747.9,86.0871,1.4977,232719000.0,327949000.0
000905.SH,2025-02-10,5888.55,5858.24,5895.41,5836.17,5833.99,54.5626,0.9353,209301000.0,286253000.0
000905.SH,2025-02-11,5858.28,5890.37,5890.37,5827.38,5888.55,-30.2704,-0.5141,181921000.0,260281000.0
000905.SH,2025-02-12,5940.53,5841.36,5940.54,5841.32,5858.28,82.2494,1.404,195446000.0,285439000.0
000905.SH,2025-02-13,5898.26,5938.2,5957.58,5889.7,5940.53,-42.2688,-0.7115,228282000.0,313080000.0
000905.SH,2025-02-14,5947.8,5893.93,5954.48,5886.95,5898.26,49.5349,0.8398,211914000.0,306627000.0
000905.SH,2025-02-17,5948.72,5979.84,5985.36,5906.27,5947.8,0.9237,0.0155,233902000.0,356940000.0
000905.SH,2025-02-18,5840.71,5935.5,5947.93,5816.05,5948.72,-108.008,-1.8157,214941000.0,306906000.0
000905.SH,2025-02-19,5943.88,5834.95,5945.35,5831.48,5840.71,103.171,1.7664,205298000.0,313960000.0
000905.SH,2025-02-20,5957.55,5941.6,5977.73,5920.57,5943.88,13.6642,0.2299,198207000.0,305885000.0
000905.SH,2025-02-21,6057.06,5969.65,6061.82,5943.19,5957.55,99.5183,1.6705,252317000.0,396961000.0
000905.SH,2025-02-24,6044.97,6057.38,6079.02,6007.18,6057.06,-12.0918,-0.1996,243814000.0,382363000.0
000905.SH,2025-02-25,5979.97,5967.04,6044.76,5956.18,6044.97,-65.0077,-1.0754,206834000.0,340316000.0
000905.SH,2025-02-26,6051.74,5990.29,6055.87,5973.86,5979.97,71.7748,1.2003,210861000.0,327265000.0
000905.SH,2025-02-27,6028.99,6050.19,6064.49,5940.34,6051.74,-22.7545,-0.376,216653000.0,328255000.0
000905.SH,2025-02-28,5859.87,5997.92,6007.47,5847.15,6028.99,-169.115,-2.805,205224000.0,298291000.0
000905.SH,2025-03-03,5885.77,5875.95,5964.27,5851.56,5859.87,25.8988,0.442,185025000.0,266956000.0
000905.SH,2025-03-04,5937.63,5845.47,5943.08,5843.46,5885.77,51.8606,0.8811,153922000.0,231145000.0
000905.SH,2025-03-05,5950.7,5937.11,5955.9,5892.53,5937.63,13.0732,0.2202,163072000.0,241738000.0
000905.SH,2025-03-06,6047.77,5980.38,6062.54,5972.6,5950.7,97.07,1.6312,213043000.0,320543000.0
000905.SH,2025-03-07,6013.77,6029.38,6067.35,5989.32,6047.77,-33.9987,-0.5622,207437000.0,301122000.0
000905.SH,2025-03-10,6013.62,6022.68,6041.52,5971.81,6013.77,-0.1556,-0.0026,173044000.0,248513000.0
000905.SH,2025-03-11,6044.97,5944.42,6044.97,5942.91,6013.62,31.3551,0.5214,173856000.0,245205000.0
000905.SH,2025-03-12,6040.5,6068.38,6098.24,6038.82,6044.97,-4.4777,-0.0741,184764000.0,267906000.0
000905.SH,2025-03-13,5993.97,6032.85,6050.18,5947.78,6040.5,-46.5295,-0.7703,193711000.0,253622000.0
000905.SH,2025-03-14,6099.98,5993.97,6099.98,5978.53,5993.97,106.014,1.7687,219246000.0,289038000.0
000905.SH,2025-03-17,6108.02,6119.61,6129.85,6098.51,6099.98,8.0367,0.1317,184317000.0,250161000.0
000905.SH,2025-03-18,6133.3,6126.04,6161.23,6114.21,6108.02,25.2842,0.414,166023000.0,236342000.0
000905.SH,2025-03-19,6101.44,6117.42,6128.23,6076.56,6133.3,-31.8649,-0.5195,153894000.0,218872000.0
000905.SH,2025-03-20,6059.49,6094.84,6109.18,6055.38,6101.44,-41.951,-0.6876,147188000.0,203850000.0
000905.SH,2025-03-21,5971.93,6038.99,6071.08,5951.8,6059.49,-87.5557,-1.4449,174104000.0,225801000.0
000905.SH,2025-03-24,5969.08,5973.05,5987.06,5882.88,5971.93,-2.8513,-0.0477,169192000.0,220094000.0
000905.SH,2025-03-25,5946.95,5969.42,5993.93,5929.67,5969.08,-22.1279,-0.3707,147484000.0,192227000.0
000905.SH,2025-03-26,5948.5,5935.85,5983.47,5935.85,5946.95,1.5476,0.026,136702000.0,171696000.0
000905.SH,2025-03-27,5957.6,5932.52,6000.66,5891.77,5948.5,9.1031,0.153,134709000.0,176590000.0
000905.SH,2025-03-28,5916.03,5954.73,5973.8,5904.92,5957.6,-41.5703,-0.6978,134262000.0,168899000.0
000905.SH,2025-03-31,5857.77,5886.96,5908.3,5802.42,5916.03,-58.2593,-0.9848,154256000.0,189563000.0
000905.SH,2025-04-01,5892.85,5870.94,5931.5,5867.85,5857.77,35.0781,0.5988,136449000.0,179328000.0
000905.SH,2025-04-02,5899.09,5884.89,5936.65,5884.11,5892.85,6.2363,0.1058,112160000.0,140642000.0
000905.SH,2025-04-03,5845.5,5842.62,5906.71,5817.97,5899.09,-53.582,-0.9083,134939000.0,173662000.0
000905.SH,2025-04-07,5287.03,5523.96,5587.85,5212.68,5845.5,-558.471,-9.5539,236523000.0,267397000.0
000905.SH,2025-04-08,5326.91,5279.76,5371.18,5249.23,5287.03,39.8807,0.7543,223841000.0,261875000.0
000905.SH,2025-04-09,5439.77,5249.68,5465.15,5135.97,5326.91,112.858,2.1186,245118000.0,288257000.0
000905.SH,2025-04-10,5544.06,5534.56,5610.19,5513.95,5439.77,104.293,1.9172,211963000.0,268666000.0
000905.SH,2025-04-14,5627.14,5633.78,5661.8,5608.73,5581.32,45.8191,0.8209,155487000.0,207470000.0
000905.SH,2025-04-15,5602.53,5625.0,5626.68,5567.03,5627.14,-24.6035,-0.4372,123274000.0,161901000.0
000905.SH,2025-04-16,5556.86,5589.78,5592.67,5492.65,5602.53,-45.6698,-0.8152,132537000.0,163751000.0
000905.SH,2025-04-17,5557.01,5527.59,5604.62,5526.89,5556.86,0.1463,0.0026,113652000.0,148283000.0
000905.SH,2025-04-18,5560.72,5546.97,5579.48,5525.4,5557.01,3.7102,0.0668,111644000.0,139804000.0
000905.SH,2025-04-21,5642.38,5556.51,5646.22,5535.7,5560.72,81.6598,1.4685,123112000.0,160265000.0
000905.SH,2025-04-22,5624.21,5634.89,5651.55,5617.88,5642.38,-18.1715,-0.3221,124667000.0,164464000.0
000905.SH,2025-04-23,5634.95,5647.92,5670.26,5614.77,5624.21,10.7397,0.191,127008000.0,177991000.0
000905.SH,2025-04-24,5605.88,5633.02,5651.53,5583.43,5634.95,-29.0691,-0.5159,122697000.0,157899000.0
000905.SH,2025-04-25,5627.18,5613.14,5661.59,5596.53,5605.88,21.3008,0.38,140001000.0,171934000.0
000905.SH,2025-04-28,5598.29,5624.42,5628.08,5587.79,5627.18,-28.8853,-0.5133,136218000.0,167616000.0
000905.SH,2025-04-29,5604.91,5583.72,5622.02,5571.24,5598.29,6.6106,0.1181,126743000.0,158033000.0
000905.SH,2025-04-30,5631.82,5604.65,5647.78,5603.17,5604.91,26.9192,0.4803,138387000.0,181617000.0
000905.SH,2025-05-06,5740.33,5668.88,5740.33,5666.47,5631.82,108.509,1.9267,162774000.0,217060000.0
000905.SH,2025-05-07,5750.29,5805.66,5819.24,5713.27,5740.33,9.9573,0.1735,171012000.0,227566000.0
000905.SH,2025-05-08,5773.81,5731.72,5783.79,5724.95,5750.29,23.5145,0.4089,136140000.0,187033000.0
000905.SH,2025-05-09,5721.72,5770.44,5770.44,5705.17,5773.81,-52.0831,-0.9021,123939000.0,178162000.0
000905.SH,2025-05-12,5793.67,5751.44,5794.52,5737.46,5721.72,71.9518,1.2575,135824000.0,199427000.0
000905.SH,2025-05-13,5781.67,5838.03,5838.03,5772.07,5793.67,-12.006,-0.2072,138271000.0,194252000.0
000905.SH,2025-05-14,5799.12,5778.08,5835.49,5750.54,5781.67,17.4508,0.3018,156280000.0,188145000.0
000905.SH,2025-05-15,5715.3,5786.78,5786.78,5715.29,5799.12,-83.8225,-1.4454,135161000.0,165137000.0
000905.SH,2025-05-16,5715.85,5703.74,5735.01,5703.74,5715.3,0.5525,0.0097,116709000.0,141882000.0
000905.SH,2025-05-19,5720.79,5719.44,5729.07,5669.72,5715.85,4.9458,0.0865,115385000.0,141099000.0
000905.SH,2025-05-20,5747.37,5723.51,5759.46,5707.81,5720.79,26.5721,0.4645,116897000.0,151751000.0
000905.SH,2025-05-21,5757.92,5741.69,5763.08,5733.83,5747.37,10.5555,0.1837,115805000.0,155147000.0
000905.SH,2025-05-22,5703.28,5739.19,5757.79,5701.16,5757.92,-54.6428,-0.949,109058000.0,141621000.0
000905.SH,2025-05-23,5653.04,5697.14,5738.08,5653.04,5703.28,-50.2361,-0.8808,114361000.0,148124000.0
000905.SH,2025-05-26,5669.46,5653.21,5693.62,5644.58,5653.04,16.4173,0.2904,97171000.0,127344000.0
000905.SH,2025-05-27,5652.15,5666.3,5667.87,5629.13,5669.46,-17.3155,-0.3054,95149400.0,125276000.0
000905.SH,2025-05-28,5637.24,5651.88,5660.47,5628.42,5652.15,-14.9076,-0.2638,94908900.0,119960000.0
000905.SH,2025-05-29,5719.91,5637.06,5724.52,5637.06,5637.24,82.6723,1.4665,114682000.0,148095000.0
000905.SH,2025-05-30,5671.07,5704.77,5704.77,5665.52,5719.91,-48.8378,-0.8538,109901000.0,137671000.0
000905.SH,2025-06-03,5694.84,5653.67,5710.42,5653.3,5671.07,23.7662,0.4191,122854000.0,159997000.0
000905.SH,2025-06-04,5739.01,5696.57,5744.45,5696.57,5694.84,44.1673,0.7756,116196000.0,150315000.0
000905.SH,2025-06-05,5769.97,5741.03,5778.1,5719.55,5739.01,30.9617,0.5395,125224000.0,174970000.0
000905.SH,2025-06-06,5762.08,5768.4,5771.76,5750.66,5769.97,-7.8897,-0.1367,108218000.0,148022000.0
000905.SH,2025-06-09,5805.65,5772.78,5823.9,5765.35,5762.08,43.5765,0.7563,128189000.0,171482000.0
000905.SH,2025-06-10,5757.99,5809.83,5810.92,5715.97,5805.65,-47.6622,-0.821,138269000.0,182980000.0
000905.SH,2025-06-11,5792.95,5758.53,5818.57,5758.53,5757.99,34.9543,0.6071,123717000.0,161354000.0
000905.SH,2025-06-12,5799.93,5780.97,5808.8,5766.52,5792.95,6.9855,0.1206,125616000.0,165394000.0
000905.SH,2025-06-13,5740.24,5783.16,5794.67,5728.21,5799.93,-59.6922,-1.0292,167613000.0,216010000.0
000905.SH,2025-06-16,5767.81,5725.0,5775.95,5725.0,5740.24,27.5686,0.4803,128243000.0,170989000.0
000905.SH,2025-06-17,5750.91,5772.3,5776.63,5734.83,5767.81,-16.8961,-0.2929,121527000.0,160122000.0
000905.SH,2025-06-18,5745.87,5740.16,5753.71,5709.8,5750.91,-5.0408,-0.0877,112704000.0,154540000.0
000905.SH,2025-06-19,5676.83,5733.81,5750.46,5660.05,5745.87,-69.0397,-1.2016,125531000.0,162658000.0
000905.SH,2025-06-20,5639.51,5669.09,5688.74,5636.78,5676.83,-37.3187,-0.6574,101795000.0,135043000.0
000905.SH,2025-06-23,5674.17,5613.28,5684.4,5613.28,5639.51,34.6574,0.6145,111602000.0,146035000.0
000905.SH,2025-06-24,5765.84,5683.46,5766.02,5683.46,5674.17,91.6669,1.6155,142082000.0,191935000.0
000905.SH,2025-06-25,5862.55,5777.74,5866.52,5776.12,5765.84,96.7156,1.6774,184632000.0,239260000.0
000905.SH,2025-06-26,5838.25,5868.29,5885.25,5835.34,5862.55,-24.3075,-0.4146,180164000.0,235224000.0
000905.SH,2025-06-27,5863.73,5850.43,5905.7,5839.58,5838.25,25.4828,0.4365,199390000.0,243303000.0
000905.SH,2025-07-01,5934.67,5915.8,5936.92,5890.11,5915.39,19.2824,0.326,154192000.0,213596000.0
000905.SH,2025-07-02,5892.95,5922.54,5922.54,5873.89,5934.67,-41.7195,-0.703,162500000.0,194981000.0
000905.SH,2025-07-04,5911.44,5917.75,5969.3,5889.73,5922.66,-11.2248,-0.1895,164941000.0,211373000.0
000905.SH,2025-07-07,5900.41,5901.4,5910.8,5889.6,5911.44,-11.0296,-0.1866,137207000.0,165759000.0
000905.SH,2025-07-08,5977.74,5903.1,5979.63,5903.1,5900.41,77.3381,1.3107,168681000.0,216966000.0
000905.SH,2025-07-09,5953.49,5980.65,5992.13,5940.18,5977.74,-24.2566,-0.4058,164914000.0,207864000.0
000905.SH,2025-07-10,5983.05,5950.97,6000.69,5942.29,5953.49,29.5634,0.4966,176243000.0,207637000.0
000905.SH,2025-07-11,6027.08,5985.82,6057.62,5963.26,5983.05,44.0284,0.7359,222363000.0,263485000.0
000905.SH,2025-07-14,6020.86,6033.18,6042.89,6011.69,6027.08,-6.2204,-0.1032,189277000.0,226291000.0
000905.SH,2025-07-15,6018.76,6018.63,6049.79,5973.8,6020.86,-2.1002,-0.0349,189736000.0,246077000.0
000905.SH,2025-07-16,6017.19,6019.58,6061.2,5997.16,6018.76,-1.5636,-0.026,148610000.0,213065000.0
000905.SH,2025-07-17,6082.46,6013.71,6082.46,6013.04,6017.19,65.2697,1.0847,149693000.0,235043000.0
000905.SH,2025-07-18,6099.61,6092.23,6112.11,6073.64,6082.46,17.146,0.2819,153152000.0,236483000.0
000905.SH,2025-07-21,6161.31,6115.03,6162.44,6110.99,6099.61,61.6982,1.0115,207351000.0,272008000.0
000905.SH,2025-07-22,6213.41,6166.62,6215.41,6152.81,6161.31,52.0986,0.8456,246212000.0,313662000.0
000905.SH,2025-07-28,6323.42,6305.22,6329.03,6271.93,6299.59,23.829,0.3783,214448000.0,305210000.0
000905.SH,2025-07-29,6356.13,6308.12,6356.15,6272.31,6323.42,32.7129,0.5173,201758000.0,292527000.0
000905.SH,2025-08-04,6261.73,6190.34,6261.96,6187.62,6213.2,48.5299,0.7811,148591000.0,236649000.0
000905.SH,2025-08-05,6303.24,6277.01,6303.24,6272.51,6261.73,41.5046,0.6628,154207000.0,235655000.0
000905.SH,2025-08-11,6391.76,6335.43,6404.83,6335.43,6323.5,68.2596,1.0795,174909000.0,277034000.0
000905.SH,2025-08-25,6951.9,6886.27,6967.8,6863.93,6822.85,129.049,1.8914,333829000.0,574923000.0
000905.SH,2025-08-26,6964.07,6928.29,7008.96,6910.41,6951.9,12.1698,0.1751,281532000.0,490812000.0
000905.SH,2025-08-27,6862.56,6964.77,7074.63,6862.56,6964.07,-101.503,-1.4575,328060000.0,583864000.0
000905.SH,2025-09-01,7110.29,7087.73,7110.69,7038.34,7043.94,66.3466,0.9419,285908000.0,536161000.0
000905.SH,2025-09-02,6961.69,7108.94,7108.94,6909.72,7110.29,-148.599,-2.0899,294037000.0,541494000.0
000905.SH,2025-09-03,6868.46,6988.02,7003.27,6846.18,6961.69,-93.2279,-1.3392,259083000.0,449580000.0
000905.SH,2025-09-15,7137.36,7170.41,7174.89,7126.83,7147.75,-10.3862,-0.1453,238266000.0,441829000.0
000905.SH,2025-09-16,7190.99,7152.19,7195.42,7080.43,7137.36,53.6301,0.7514,242349000.0,435210000.0
000905.SH,2025-09-17,7260.04,7184.26,7265.39,7159.67,7190.99,69.0425,0.9601,258264000.0,445549000.0
000905.SH,2025-09-22,7225.13,7182.89,7225.86,7143.08,7170.35,54.7793,0.764,231858000.0,421916000.0
000905.SH,2025-09-29,7350.56,7251.52,7377.22,7216.74,7240.91,109.648,1.5143,233539000.0,433864000.0
000905.SH,2025-10-13,7376.56,7135.1,7391.82,7135.1,7398.22,-21.6605,-0.2928,258028000.0,473286000.0
000905.SH,2025-10-14,7194.85,7434.11,7459.02,7166.08,7376.56,-181.713,-2.4634,277359000.0,505839000.0
000905.SH,2025-10-15,7294.0,7205.74,7294.0,7153.42,7194.85,99.1505,1.3781,217560000.0,397459000.0
