Instrument,Date,Open,Close,High,Low,Pre_Close,Change,Pct_Chg,Volume,AMount,Turnover_rate,Turnover_rate_f,Volume_ratio,Pe,Pe_ttm,Pb,Ps,Ps_ttm,Dv_ratio,Dv_ttm,Total_share,Float_share,Free_share,Total_mv,Circ_mv,Adj_factor,Up_limit,Down_limit,Mfd_inflow_vol_ratio,Mfd_large_amount_ratio,Q_dt_roe,Mkt_class,Ind_class_l1,Ind_class_l2,List_date
300026.SZ,2010-01-05,91.7,92.63,92.69,91.02,91.7,0.93,1.01,3231.46,29692.2,3.2084,3.2084,0.97,72.4255,56.4913,5.1892,24.9362,21.5195,,,5034.2,1007.2,1007.2,466318.0,93296.9,1.0,100.87,82.53,,,15.1742,0,29,120,2009-10-30
300026.SZ,2010-01-06,92.3,91.73,92.3,91.49,92.63,-0.9,-0.97,2657.52,24442.7,2.6385,2.6385,0.79,71.7219,55.9424,5.1387,24.6939,21.3104,,,5034.2,1007.2,1007.2,461787.0,92390.5,1.0,101.89,83.37,0.0000,-0.23461202213152996,15.1742,0,29,120,2009-10-30
300026.SZ,2010-01-07,91.3,89.95,91.67,88.51,91.73,-1.78,-1.94,3896.05,34997.2,3.8682,3.8682,1.19,70.3301,54.8568,5.039,24.2147,20.8969,,,5034.2,1007.2,1007.2,452826.0,90597.6,1.0,100.9,82.56,,,15.1742,0,29,120,2009-10-30
300026.SZ,2010-01-08,89.03,88.48,89.2,87.0,89.95,-1.47,-1.63,3273.84,28776.3,3.2504,3.2504,1.09,69.1807,53.9604,4.9567,23.819,20.5554,,,5034.2,1007.2,1007.2,445426.0,89117.1,1.0,98.95,80.96,,,15.1742,0,29,120,2009-10-30
300026.SZ,2010-01-11,88.0,88.83,89.87,87.03,88.48,0.35,0.4,3010.34,26658.6,2.9888,2.9888,0.97,69.4544,54.1738,4.9763,23.9132,20.6367,,,5034.2,1007.2,1007.2,447188.0,89469.6,1.0,97.33,79.63,0.0000,-0.037353082580242385,15.1742,0,29,120,2009-10-30
300026.SZ,2010-01-12,88.83,91.0,91.53,88.44,88.83,2.17,2.44,3931.06,35629.8,3.903,3.903,1.22,71.1511,55.4972,5.0979,24.4974,21.1408,,,5034.2,1007.2,1007.2,458112.0,91655.2,1.0,97.71,79.95,,,15.1742,0,29,120,2009-10-30
300026.SZ,2010-01-13,89.61,91.04,91.99,89.58,91.0,0.04,0.04,2843.26,25793.7,2.8229,2.8229,0.85,71.1824,55.5216,5.1001,24.5082,21.1501,,,5034.2,1007.2,1007.2,458314.0,91695.5,1.0,100.1,81.9,-0.0002,0.03801745298191259,15.1742,0,29,120,2009-10-30
300026.SZ,2010-01-14,91.05,93.85,94.3,91.05,91.04,2.81,3.09,5259.09,49140.5,5.2215,5.2215,1.55,73.3794,57.2353,5.2575,25.2646,21.8029,,,5034.2,1007.2,1007.2,472460.0,94525.7,1.0,100.14,81.94,,,15.1742,0,29,120,2009-10-30
300026.SZ,2010-01-15,93.58,92.51,94.69,92.3,93.85,-1.34,-1.43,2928.46,27196.2,2.9075,2.9075,0.8,72.3317,56.4181,5.1824,24.9039,21.4916,,,5034.2,1007.2,1007.2,465714.0,93176.1,1.0,103.24,84.47,,,15.1742,0,29,120,2009-10-30
300026.SZ,2010-01-18,92.09,91.88,92.84,91.25,92.51,-0.63,-0.68,2825.12,26020.9,2.8049,2.8049,0.79,71.8391,56.0339,5.1472,24.7343,21.3452,,,5034.2,1007.2,1007.2,462542.0,92541.5,1.0,101.76,83.26,,,15.1742,0,29,120,2009-10-30
300026.SZ,2010-01-19,92.79,92.68,94.5,92.01,91.88,0.8,0.87,7277.34,67766.0,7.2253,7.2253,2.05,72.4646,57.6857,5.0343,24.9497,20.729,,,5034.2,1007.2,1007.2,466570.0,93347.3,1.0,101.07,82.69,,,15.1742,0,29,120,2009-10-30
300026.SZ,2010-01-20,91.11,88.1,92.2,87.0,92.68,-4.58,-4.94,5073.05,45422.5,5.0368,5.0368,1.2,68.8836,54.8351,4.7855,23.7167,19.7046,,,5034.2,1007.2,1007.2,443513.0,88734.3,1.0,101.95,83.41,,,15.1742,0,29,120,2009-10-30
300026.SZ,2010-01-21,88.12,88.42,88.98,88.1,88.1,0.32,0.36,2281.25,20195.9,2.2649,2.2649,0.49,69.1338,55.0342,4.8029,23.8029,19.7762,,,5034.2,1007.2,1007.2,445124.0,89056.6,1.0,96.91,79.29,0.0000,-0.1521839633067033,15.1742,0,29,120,2009-10-30
300026.SZ,2010-01-22,88.42,85.87,88.42,85.0,88.42,-2.55,-2.88,4084.46,35167.4,4.0553,4.0553,1.0,67.14,53.4471,4.6643,23.1164,19.2059,,,5034.2,1007.2,1007.2,432287.0,86488.3,1.0,97.26,79.58,,,15.1742,0,29,120,2009-10-30
300026.SZ,2010-01-25,85.15,84.42,85.6,84.42,85.87,-1.45,-1.69,2753.83,23364.5,2.7341,2.7341,0.64,66.0063,52.5446,4.5856,22.7261,18.8816,,,5034.2,1007.2,1007.2,424987.0,85027.8,1.0,94.46,77.28,,,15.1742,0,29,120,2009-10-30
300026.SZ,2010-01-26,84.96,84.16,86.38,83.61,84.42,-0.26,-0.31,2920.25,24812.2,2.8994,2.8994,0.68,65.803,52.3827,4.5715,22.6561,18.8234,,,5034.2,1007.2,1007.2,423678.0,84766.0,1.0,92.86,75.98,,,15.1742,0,29,120,2009-10-30
300026.SZ,2010-01-27,84.65,83.85,85.0,83.68,84.16,-0.31,-0.37,1999.01,16808.1,1.9847,1.9847,0.58,65.5606,52.1898,4.5546,22.5726,18.7541,,,5034.2,1007.2,1007.2,422118.0,84453.7,1.0,92.58,75.74,,,15.1742,0,29,120,2009-10-30
300026.SZ,2010-01-28,82.99,81.35,83.54,81.2,83.85,-2.5,-2.98,3614.21,29766.2,3.5884,3.5884,1.29,63.6059,50.6337,4.4188,21.8996,18.1949,,,5034.2,1007.2,1007.2,409532.0,81935.7,1.0,92.24,75.47,,,15.1742,0,29,120,2009-10-30
300026.SZ,2010-01-29,81.41,83.61,84.31,81.02,81.35,2.26,2.78,4536.72,37893.6,4.5043,4.5043,1.48,65.373,52.0404,4.5416,22.508,18.7004,,,5034.2,1007.2,1007.2,420909.0,84212.0,1.0,89.49,73.22,-0.0001,0.14136170467855871,15.1742,0,29,120,2009-10-30
300026.SZ,2010-02-01,75.6,80.38,84.58,75.6,83.61,-3.23,-3.86,20384.2,161653.0,16.1908,16.1908,6.44,62.8475,50.03,4.3661,21.6385,17.978,,,5034.2,1259.0,1259.0,404649.0,101198.0,1.0,91.97,75.25,0.0000,-0.07555464639793498,15.1742,0,29,120,2009-10-30
300026.SZ,2010-02-02,80.02,78.42,80.49,78.28,80.38,-1.96,-2.44,4266.85,33978.2,3.3891,3.3891,0.64,61.315,48.81,4.2597,21.1108,17.5396,,,5034.2,1259.0,1259.0,394782.0,98730.8,1.0,88.42,72.34,-0.0001,-0.21968766698131678,15.1742,0,29,120,2009-10-30
300026.SZ,2010-02-03,78.3,78.75,79.4,75.05,78.42,0.33,0.42,4332.91,33362.4,3.4415,3.4415,0.62,61.5731,49.0154,4.2776,21.1997,17.6134,,,5034.2,1259.0,1259.0,396443.0,99146.2,1.0,86.26,70.58,0.0000,-0.1041497075402261,15.1742,0,29,120,2009-10-30
300026.SZ,2010-02-04,78.01,79.3,80.45,77.3,78.75,0.55,0.7,3233.95,25635.6,2.5687,2.5687,0.44,62.0031,49.3578,4.3075,21.3477,17.7364,,,5034.2,1259.0,1259.0,399212.0,99838.7,1.0,86.63,70.88,0.0002,0.1464131475592302,15.1742,0,29,120,2009-10-30
300026.SZ,2010-02-05,78.52,81.89,84.85,78.4,79.3,2.59,3.27,5858.43,48023.7,4.6532,4.6532,0.8,64.0282,50.9698,4.4482,22.045,18.3157,,,5034.2,1259.0,1259.0,412251.0,103100.0,1.0,87.23,71.37,-0.0001,0.1135869710820714,15.1742,0,29,120,2009-10-30
300026.SZ,2010-02-08,81.97,83.62,84.44,81.8,81.89,1.73,2.11,3523.04,29356.0,2.7983,2.7983,0.46,65.3808,52.0466,4.5421,22.5107,18.7026,,,5034.2,1259.0,1259.0,420960.0,105278.0,1.0,90.08,73.7,-0.0001,0.1872404954732497,15.1742,0,29,120,2009-10-30
300026.SZ,2010-02-09,83.52,82.83,83.86,82.66,83.62,-0.79,-0.94,1517.54,12614.2,1.2054,1.2054,0.36,64.7631,51.5549,4.4992,22.298,18.5259,,,5034.2,1259.0,1259.0,416983.0,104283.0,1.0,91.98,75.26,,,15.1742,0,29,120,2009-10-30
300026.SZ,2010-02-10,82.98,85.17,85.45,82.98,82.83,2.34,2.83,4827.69,40867.2,3.8345,3.8345,1.31,66.5927,53.0114,4.6263,22.928,19.0493,,,5034.2,1259.0,1259.0,428763.0,107229.0,1.0,91.11,74.55,-0.0001,-0.07101085394423304,15.1742,0,29,120,2009-10-30
300026.SZ,2010-02-11,84.9,85.22,86.8,84.4,85.17,0.05,0.06,3553.27,30453.4,2.8223,2.8223,0.94,66.6318,53.0425,4.629,22.9414,19.0605,,,5034.2,1259.0,1259.0,429015.0,107292.0,1.0,93.69,76.65,,,15.1742,0,29,120,2009-10-30
300026.SZ,2010-02-12,85.3,87.98,88.4,85.3,85.22,2.76,3.24,3387.2,29369.0,2.6904,2.6904,0.88,68.7898,54.7604,4.779,23.6844,19.6778,,,5034.2,1259.0,1259.0,442909.0,110767.0,1.0,93.74,76.7,0.0000,0.13270876621221117,15.1742,0,29,120,2009-10-30
300026.SZ,2010-02-22,87.1,86.4,87.79,85.7,87.98,-1.58,-1.8,3988.09,34531.5,3.1677,3.1677,1.19,67.5544,53.7769,4.6931,23.2591,19.3244,,,5034.2,1259.0,1259.0,434955.0,108778.0,1.0,96.78,79.18,,,15.1742,0,29,120,2009-10-30
300026.SZ,2010-02-23,86.3,87.18,87.35,85.7,86.4,0.78,0.9,3211.28,27778.2,2.5507,2.5507,0.93,68.1643,54.2624,4.7355,23.469,19.4989,,,5034.2,1259.0,1259.0,438882.0,109760.0,1.0,95.04,77.76,-0.0002,-0.016312590471028284,15.1742,0,29,120,2009-10-30
300026.SZ,2010-02-24,87.17,90.8,91.5,87.1,87.18,3.62,4.15,6072.88,54705.5,4.8236,4.8236,1.6,70.9947,56.5156,4.9321,24.4436,20.3085,,,5034.2,1259.0,1259.0,457105.0,114317.0,1.0,95.9,78.46,0.0000,0.1526698440380194,15.1742,0,29,120,2009-10-30
300026.SZ,2010-02-25,91.02,91.31,93.19,90.85,90.8,0.51,0.56,5586.91,51336.5,4.4376,4.4376,1.38,71.3935,56.833,4.9598,24.5809,20.4226,,,5034.2,1259.0,1259.0,459673.0,114959.0,1.0,99.88,81.72,-0.0001,-0.050942230394043116,15.1742,0,29,120,2009-10-30
300026.SZ,2010-02-26,91.99,93.88,94.45,91.04,91.31,2.57,2.81,6989.78,65363.9,5.5519,5.5519,1.57,73.4029,58.4326,5.0994,25.2727,20.9974,,,5034.2,1259.0,1259.0,472611.0,118195.0,1.0,100.44,82.18,,,15.1742,0,29,120,2009-10-30
300026.SZ,2010-03-01,94.51,96.2,96.87,92.5,93.88,2.32,2.47,8250.03,78365.2,6.5528,6.5528,1.6,75.2169,59.8766,5.2255,25.8973,21.5163,,,5034.2,1259.0,1259.0,484290.0,121116.0,1.0,103.27,84.49,0.0001,0.04808180780377233,15.1742,0,29,120,2009-10-30
300026.SZ,2010-03-02,96.26,95.66,96.6,94.8,96.2,-0.54,-0.56,5795.01,55384.4,4.6029,4.6029,0.96,74.7946,59.5405,5.1961,25.7519,21.3955,,,5034.2,1259.0,1259.0,481572.0,120436.0,1.0,105.82,86.58,-0.0001,-0.16391435635343182,15.1742,0,29,120,2009-10-30
300026.SZ,2010-03-03,95.02,93.77,95.97,92.0,95.66,-1.89,-1.98,7262.61,67996.9,5.7686,5.7686,1.11,73.3169,58.3642,5.0935,25.2431,20.9728,,,5034.2,1259.0,1259.0,472057.0,118056.0,1.0,105.23,86.09,-0.0001,-0.15337231863248418,15.1742,0,29,120,2009-10-30
300026.SZ,2010-03-04,93.01,91.5,94.88,89.91,93.77,-2.27,-2.42,5805.89,53332.2,4.6115,4.6115,0.86,71.542,56.9513,4.9702,24.632,20.4651,,,5034.2,1259.0,1259.0,460629.0,115198.0,1.0,103.15,84.39,-0.0001,-0.040992289829109796,15.1742,0,29,120,2009-10-30
300026.SZ,2010-03-05,90.99,95.25,95.55,90.99,91.5,3.75,4.1,7125.59,66343.1,5.6597,5.6597,1.04,74.4741,59.2853,5.1739,25.6415,21.3038,,,5034.2,1259.0,1259.0,479508.0,119920.0,1.0,100.65,82.35,0.0000,0.06911329886152766,15.1742,0,29,120,2009-10-30
300026.SZ,2010-03-08,95.15,96.18,96.49,94.3,95.25,0.93,0.98,8623.85,82438.8,6.8498,6.8498,1.26,75.2012,59.8642,5.2244,25.8919,21.5118,,,5034.2,1259.0,1259.0,484189.0,121091.0,1.0,104.78,85.73,0.0000,-0.14032883344600267,15.1742,0,29,120,2009-10-30
300026.SZ,2010-03-09,96.09,97.48,98.0,93.71,96.18,1.3,1.35,6363.33,61481.6,5.0543,5.0543,0.92,76.2177,60.6733,5.295,26.2418,21.8026,,,5034.2,1259.0,1259.0,490734.0,122727.0,1.0,105.8,86.56,,,15.1742,0,29,120,2009-10-30
300026.SZ,2010-03-10,97.45,93.65,99.89,93.5,97.48,-3.83,-3.93,11006.8,105759.0,8.7425,8.7425,1.56,73.2231,58.2895,5.0869,25.2108,20.946,,,5034.2,1259.0,1259.0,471453.0,117905.0,1.0,107.23,87.73,0.0000,-0.1719484229110426,15.1742,0,29,120,2009-10-30
300026.SZ,2010-03-11,93.62,96.18,96.5,91.6,93.65,2.53,2.7,10106.7,94882.4,8.0275,8.0275,1.3,75.2012,59.8642,5.2244,25.8919,21.5118,,,5034.2,1259.0,1259.0,484189.0,121091.0,1.0,103.02,84.29,0.0001,-0.120630486038364,15.1742,0,29,120,2009-10-30
300026.SZ,2010-03-12,96.5,97.84,98.88,95.51,96.18,1.66,1.73,13178.0,128542.0,10.467,10.467,1.52,76.4991,60.8974,5.3145,26.3387,21.8831,,,5034.2,1259.0,1259.0,492546.0,123181.0,1.0,105.8,86.56,0.0000,0.06019300316902433,15.1742,0,29,120,2009-10-30
300026.SZ,2010-03-15,98.89,101.88,103.8,98.88,97.84,4.04,4.13,17791.5,181217.0,14.1315,14.1315,1.81,79.6579,63.412,5.534,27.4263,22.7867,,,5034.2,1259.0,1259.0,512884.0,128267.0,1.0,107.62,88.06,0.0000,0.0037163041909548935,15.1742,0,29,120,2009-10-30
300026.SZ,2010-03-16,100.8,102.1,102.6,99.58,101.88,0.22,0.22,11994.2,121111.0,9.5267,9.5267,1.03,79.8299,63.5489,5.5459,27.4855,22.8359,,,5034.2,1259.0,1259.0,513992.0,128544.0,1.0,112.07,91.69,0.0000,-0.01968965212567803,15.1742,0,29,120,2009-10-30
300026.SZ,2010-03-17,101.0,104.0,104.2,100.0,102.1,1.9,1.86,16704.1,170171.0,13.2677,13.2677,1.3,81.3155,64.7315,5.6491,27.997,23.2609,,,5034.2,1259.0,1259.0,523557.0,130936.0,1.0,112.31,91.89,0.0000,0.028046495893059506,15.1742,0,29,120,2009-10-30
300026.SZ,2010-03-18,102.8,98.92,102.8,98.88,104.0,-5.08,-4.88,18183.9,181867.0,14.4431,14.4431,1.3,61.5023,61.5023,5.3727,22.1247,22.1247,,,5034.2,1259.0,1259.0,497983.0,124540.0,1.0,114.4,93.6,0.0000,-0.28511841193801335,5.0208,0,29,120,2009-10-30
300026.SZ,2010-03-19,99.59,98.18,99.6,97.28,98.92,-0.74,-0.75,9037.03,88685.2,7.1779,7.1779,0.58,61.0422,61.0422,5.3325,21.9592,21.9592,,,5034.2,1259.0,1259.0,494258.0,123609.0,1.0,108.81,89.03,0.0000,-0.2382715141092454,5.0208,0,29,120,2009-10-30
300026.SZ,2010-03-22,98.68,100.0,100.2,97.8,98.18,1.82,1.85,10820.0,107099.0,8.5941,8.5941,0.73,62.1738,62.1738,5.4313,22.3662,22.3662,,,5034.2,1259.0,1259.0,503420.0,125900.0,1.0,108.0,88.36,0.0000,0.018358341374618243,5.0208,0,29,120,2009-10-30
300026.SZ,2010-03-23,100.0,102.58,103.15,99.7,100.0,2.58,2.58,11862.3,120694.0,9.422,9.422,0.89,63.7779,63.7779,5.5715,22.9433,22.9433,,,5034.2,1259.0,1259.0,516408.0,129148.0,1.0,110.0,90.0,0.0000,0.12023545288820131,5.0208,0,29,120,2009-10-30
300026.SZ,2010-03-24,103.57,102.66,106.56,102.5,102.58,0.08,0.08,14060.2,146725.0,11.1678,11.1678,1.06,63.8276,63.8276,5.5758,22.9612,22.9612,,,5034.2,1259.0,1259.0,516811.0,129249.0,1.0,112.84,92.32,0.0000,-0.055842840282318645,5.0208,0,29,120,2009-10-30
300026.SZ,2010-03-25,101.99,106.66,107.5,101.9,102.66,4.0,3.9,13572.6,142805.0,10.7804,10.7804,1.06,66.3146,66.3146,5.7931,23.8558,23.8558,,,5034.2,1259.0,1259.0,536948.0,134285.0,1.0,112.93,92.39,0.0000,0.030836775720424002,5.0208,0,29,120,2009-10-30
300026.SZ,2010-03-26,104.5,103.5,105.88,102.0,106.66,-3.16,-2.96,9782.61,101533.0,7.7701,7.7701,0.82,64.3499,64.3499,5.6214,23.149,23.149,,,5034.2,1259.0,1259.0,521040.0,130306.0,1.0,117.33,95.99,0.0000,-0.17085309244162333,5.0208,0,29,120,2009-10-30
300026.SZ,2010-03-29,103.31,103.65,105.49,100.1,103.5,0.15,0.14,8607.7,88685.4,6.8369,6.8369,0.72,64.4431,64.4431,5.6296,23.1826,23.1826,,,5034.2,1259.0,1259.0,521795.0,130495.0,1.0,113.85,93.15,0.0001,-0.0005170989512488847,5.0208,0,29,120,2009-10-30
300026.SZ,2010-03-31,106.97,108.0,110.6,106.96,106.95,1.05,0.98,9319.56,101728.0,7.4024,7.4024,0.84,67.1477,67.1477,5.8659,24.1555,24.1555,,,5034.2,1259.0,1259.0,543694.0,135972.0,1.0,117.65,96.26,0.0001,-0.012439233436845666,5.0208,0,29,120,2009-10-30
300026.SZ,2010-04-01,109.09,114.0,118.8,108.68,108.0,6.0,5.56,18576.1,214979.0,14.7546,14.7546,1.84,70.8781,70.8781,6.1917,25.4975,25.4975,,,5034.2,1259.0,1259.0,573899.0,143526.0,1.0,118.8,97.2,0.0000,0.05653940918827015,5.0208,0,29,120,2009-10-30
300026.SZ,2010-04-02,113.0,114.9,116.48,111.01,114.0,0.9,0.79,10585.5,120187.0,8.4079,8.4079,0.95,71.4377,71.4377,6.2406,25.6988,25.6988,,,5034.2,1259.0,1259.0,578430.0,144659.0,1.0,125.4,102.6,0.0000,-0.14513066342087608,5.0208,0,29,120,2009-10-30
300026.SZ,2010-04-06,114.7,119.05,119.53,113.05,114.9,4.15,3.61,11656.0,137342.0,9.2581,9.2581,1.03,74.0179,74.0179,6.466,26.627,26.627,,,5034.2,1259.0,1259.0,599322.0,149884.0,1.0,126.39,103.41,0.0000,0.010001093013734407,5.0208,0,29,120,2009-10-30
300026.SZ,2010-04-07,119.1,118.5,119.1,116.71,119.05,-0.55,-0.46,8387.47,98792.8,6.662,6.662,0.71,73.6759,73.6759,6.4361,26.504,26.504,,,5034.2,1259.0,1259.0,596553.0,149192.0,1.0,130.96,107.15,0.0000,-0.11425928702785584,5.0208,0,29,120,2009-10-30
300026.SZ,2010-04-08,117.9,113.7,120.8,113.58,118.5,-4.8,-4.05,9135.68,107159.0,7.2563,7.2563,0.78,70.6916,70.6916,6.1754,25.4304,25.4304,,,5034.2,1259.0,1259.0,572389.0,143148.0,1.0,130.35,106.65,0.0001,-0.18215859439017879,5.0208,0,29,120,2009-10-30
300026.SZ,2010-04-09,113.69,118.79,119.0,113.54,113.7,5.09,4.48,8355.22,97880.8,6.6364,6.6364,0.72,73.8562,73.8562,6.4519,26.5688,26.5688,,,5034.2,1259.0,1259.0,598013.0,149557.0,1.0,125.07,102.33,0.0000,-0.012898496725602964,5.0208,0,29,120,2009-10-30
300026.SZ,2010-04-12,117.0,125.6,126.8,117.0,118.79,6.81,5.73,14400.5,176581.0,11.438,11.438,1.5,78.0903,78.0903,6.8218,28.092,28.092,,,5034.2,1259.0,1259.0,632296.0,158130.0,1.0,130.67,106.91,0.0001,0.04723429465744917,5.0208,0,29,120,2009-10-30
300026.SZ,2010-04-13,124.99,113.04,125.51,113.04,125.6,-12.56,-10.0,16848.9,197380.0,13.3827,13.3827,1.62,70.2812,70.2812,6.1396,25.2828,25.2828,,,5034.2,1259.0,1259.0,569066.0,142317.0,1.0,138.16,113.04,0.0000,-0.16779819624803483,5.0208,0,29,120,2009-10-30
300026.SZ,2010-04-14,111.1,112.27,114.6,109.21,113.04,-0.77,-0.68,8614.24,96297.0,6.8421,6.8421,0.75,69.8025,69.8025,6.0978,25.1105,25.1105,,,5034.2,1259.0,1259.0,565190.0,141348.0,1.0,124.34,101.74,-0.0001,-0.09678907357093587,5.0208,0,29,120,2009-10-30
300026.SZ,2010-04-15,112.58,103.05,112.74,101.05,112.27,-9.22,-8.21,13556.5,143086.0,10.7677,10.7677,1.18,64.0701,64.0701,5.597,23.0484,23.0484,,,5034.2,1259.0,1259.0,518774.0,129740.0,1.0,123.5,101.04,0.0000,-0.12575588714076685,5.0208,0,29,120,2009-10-30
300026.SZ,2010-04-16,102.64,105.5,107.5,102.0,103.05,2.45,2.38,8224.19,86821.9,6.5323,6.5323,0.67,65.5933,65.5933,5.7301,23.5964,23.5964,,,5034.2,1259.0,1259.0,531108.0,132824.0,1.0,113.36,92.75,0.0001,0.07051618987366338,5.0208,0,29,120,2009-10-30
300026.SZ,2010-04-19,104.5,105.59,109.86,104.03,105.5,0.09,0.09,9337.43,100096.0,7.4165,7.4165,0.76,65.6493,65.6493,5.735,23.6165,23.6165,,,5034.2,1259.0,1259.0,531561.0,132938.0,1.0,116.05,94.95,0.0000,-0.09759905889802953,5.0208,0,29,120,2009-10-30
300026.SZ,2010-04-20,105.39,108.6,109.5,98.0,105.59,3.01,2.85,8733.9,91107.8,6.9372,6.9372,0.77,67.5207,67.5207,5.8984,24.2897,24.2897,,,5034.2,1259.0,1259.0,546714.0,136727.0,1.0,116.15,95.03,0.0001,0.11244492556694954,5.0208,0,29,120,2009-10-30
300026.SZ,2010-04-21,107.49,116.4,119.18,107.13,108.6,7.8,7.18,10749.2,124070.0,8.5379,8.5379,1.11,72.3703,72.3703,6.3221,26.0343,26.0343,,,5034.2,1259.0,1259.0,585981.0,146548.0,1.0,119.46,97.74,0.0000,0.05099804708388551,5.0208,0,29,120,2009-10-30
300026.SZ,2010-04-23,119.18,122.98,125.49,119.01,116.4,6.58,5.65,15353.9,188259.0,12.1953,12.1953,1.52,76.4613,76.4613,6.6795,27.506,27.506,,,5034.2,1259.0,1259.0,619106.0,154832.0,1.0,128.04,104.76,0.0000,0.06789161866266748,5.0208,0,29,120,2009-10-30
300026.SZ,2010-04-26,121.52,118.3,126.11,115.5,122.98,-4.68,-3.81,11951.1,144112.0,9.4925,9.4925,1.14,73.5516,73.5516,6.4253,26.4592,26.4592,,,5034.2,1259.0,1259.0,595546.0,148940.0,1.0,135.28,110.68,0.0000,0.017850067443330123,5.0208,0,29,120,2009-10-30
300026.SZ,2010-04-27,115.8,114.97,117.5,110.13,118.3,-3.33,-2.81,7962.2,90169.5,6.3242,6.3242,0.71,71.4812,71.4812,6.2444,25.7144,25.7144,,,5034.2,1259.0,1259.0,578782.0,144747.0,1.0,130.13,106.47,,,5.0208,0,29,120,2009-10-30
300026.SZ,2010-04-28,108.5,105.88,110.5,104.0,114.97,-9.09,-7.91,11793.6,126321.0,9.3674,9.3674,1.08,65.8296,62.9969,5.6652,23.6813,22.705,,,5034.2,1259.0,1259.0,533021.0,133303.0,1.0,126.47,103.47,0.0000,-0.024826261691032407,1.474,0,29,120,2009-10-30
300026.SZ,2010-04-29,105.31,106.9,109.87,105.31,105.88,1.02,0.96,9836.67,106167.0,7.8131,7.8131,0.85,66.4638,63.6038,5.7197,23.9095,22.9237,,,5034.2,1259.0,1259.0,538156.0,134587.0,1.0,116.47,95.29,0.0000,0.0847548849508329,1.474,0,29,120,2009-10-30
300026.SZ,2010-04-30,106.0,103.47,107.94,102.0,106.9,-3.43,-3.21,8641.84,89864.2,6.8641,6.8641,0.76,64.3312,61.563,5.5362,23.1423,22.1882,,,5034.2,1259.0,1259.0,520889.0,130269.0,1.0,117.59,96.21,0.0001,-0.011132412796042006,1.474,0,29,120,2009-10-30
300026.SZ,2010-05-04,102.18,107.2,108.68,100.01,103.47,3.73,3.6,5202.44,55517.1,4.1322,4.1322,0.52,66.6503,63.7823,5.7358,23.9766,22.988,,,5034.2,1259.0,1259.0,539666.0,134965.0,1.0,113.82,93.12,0.0001,-0.0552285850232826,1.474,0,29,120,2009-10-30
300026.SZ,2010-05-05,107.0,110.03,111.0,105.18,107.2,2.83,2.64,6387.16,68975.2,5.0732,5.0732,0.74,68.4098,65.4661,5.8872,24.6095,23.5949,,,5034.2,1259.0,1259.0,553913.0,138528.0,1.0,117.92,96.48,0.0001,-0.027823223278375678,1.474,0,29,120,2009-10-30
300026.SZ,2010-05-06,109.5,104.1,109.5,103.15,110.03,-5.93,-5.39,6802.63,71976.5,5.4032,5.4032,0.81,64.7229,61.9378,5.5699,23.2832,22.3233,,,5034.2,1259.0,1259.0,524060.0,131062.0,1.0,121.03,99.03,0.0000,-0.18096507523279862,1.474,0,29,120,2009-10-30
300026.SZ,2010-05-07,101.5,100.01,103.99,97.12,104.1,-4.09,-3.93,8010.85,80613.5,6.3629,6.3629,1.09,62.18,59.5044,5.3511,22.3685,21.4462,,,5034.2,1259.0,1259.0,503470.0,125913.0,1.0,114.51,93.69,0.0001,-0.12332510304115618,1.474,0,29,120,2009-10-30
300026.SZ,2010-05-10,49.0,44.78,49.5,44.78,49.76,-4.98,-10.01,19645.6,88710.7,7.8021,7.8021,2.8,55.6828,53.2868,4.9237,20.0312,19.2053,,0.56,10068.4,2518.0,2518.0,450863.0,112756.0,2.01,54.74,44.78,0.0000,-0.12067830692096591,1.474,0,29,120,2009-10-30
300026.SZ,2010-05-11,45.21,41.19,45.5,40.6,44.78,-3.59,-8.02,16167.9,69279.9,6.4209,6.4209,1.76,51.2188,49.0148,4.5289,18.4253,17.6656,,0.61,10068.4,2518.0,2518.0,414717.0,103716.0,2.01,49.26,40.3,0.0001,-0.01801297612756082,1.474,0,29,120,2009-10-30
300026.SZ,2010-05-12,40.65,41.2,41.8,39.0,41.19,0.01,0.02,9684.29,39107.7,3.846,3.846,0.85,51.2312,49.0267,4.53,18.4298,17.6699,,0.61,10068.4,2518.0,2518.0,414818.0,103742.0,2.01,45.31,37.07,0.0000,-0.026452264955798766,1.474,0,29,120,2009-10-30
300026.SZ,2010-05-13,41.2,42.8,43.0,40.28,41.2,1.6,3.88,8668.94,36028.6,3.4428,3.4428,0.72,53.2208,50.9306,4.706,19.1455,18.3561,,0.58,10068.4,2518.0,2518.0,430928.0,107770.0,2.01,45.32,37.08,,,1.474,0,29,120,2009-10-30
300026.SZ,2010-05-14,42.28,42.52,43.5,41.6,42.8,-0.28,-0.65,6690.98,28522.1,2.6573,2.6573,0.54,52.8726,50.5974,4.6752,19.0202,18.236,,0.59,10068.4,2518.0,2518.0,428108.0,107065.0,2.01,47.08,38.52,,,1.474,0,29,120,2009-10-30
300026.SZ,2010-05-17,42.26,39.98,42.26,39.8,42.52,-2.54,-5.97,7370.3,30052.4,2.927,2.927,0.61,49.7142,47.5749,4.3959,17.884,17.1467,,0.63,10068.4,2518.0,2518.0,402535.0,100670.0,2.01,46.77,38.27,0.0000,-0.048733854417445925,1.474,0,29,120,2009-10-30
300026.SZ,2010-05-18,39.9,40.91,41.32,39.12,39.98,0.93,2.33,4788.64,19361.2,1.9018,1.9018,0.49,50.8706,48.6816,4.4982,18.3,17.5455,,0.61,10068.4,2518.0,2518.0,411898.0,103011.0,2.01,43.98,35.98,,,1.474,0,29,120,2009-10-30
300026.SZ,2010-05-19,40.8,41.79,42.88,40.19,40.91,0.88,2.15,7245.11,30279.8,2.8773,2.8773,0.97,51.9648,49.7288,4.5949,18.6937,17.9229,,0.6,10068.4,2518.0,2518.0,420758.0,105227.0,2.01,45.0,36.82,,,1.474,0,29,120,2009-10-30
300026.SZ,2010-05-20,41.2,40.59,42.3,40.34,41.79,-1.2,-2.87,5430.02,22444.4,2.1565,2.1565,0.78,50.4727,48.3008,4.463,18.1569,17.4083,,0.62,10068.4,2518.0,2518.0,408676.0,102206.0,2.01,45.97,37.61,0.0000,-0.030241934356989367,1.474,0,29,120,2009-10-30
300026.SZ,2010-05-21,39.01,41.59,41.7,38.88,40.59,1.0,2.46,8095.39,32823.4,3.215,3.215,1.28,51.7162,49.4908,4.5729,18.6042,17.8372,,0.6,10068.4,2518.0,2518.0,418745.0,104724.0,2.01,44.65,36.53,0.0000,-0.17399978187594162,1.474,0,29,120,2009-10-30
300026.SZ,2010-05-24,41.75,43.8,44.1,41.65,41.59,2.21,5.31,10858.9,47063.9,4.3125,4.3125,1.65,54.4642,52.1206,4.8159,19.5928,18.785,,0.57,10068.4,2518.0,2518.0,440996.0,110288.0,2.01,45.75,37.43,0.0000,0.15024506313160904,1.474,0,29,120,2009-10-30
300026.SZ,2010-05-25,43.65,42.63,43.65,42.0,43.8,-1.17,-2.67,7634.39,32747.2,3.0319,3.0319,1.05,53.0094,50.7283,4.6873,19.0694,18.2832,,0.59,10068.4,2518.0,2518.0,429216.0,107342.0,2.01,48.18,39.42,0.0000,-0.09595258066220991,1.474,0,29,120,2009-10-30
300026.SZ,2010-05-26,42.45,42.41,43.2,42.05,42.63,-0.22,-0.52,4705.13,20071.8,1.8686,1.8686,0.6,52.7358,50.4665,4.6631,18.971,18.1889,,0.59,10068.4,2518.0,2518.0,427001.0,106788.0,2.01,46.89,38.37,0.0000,0.2234237060840435,1.474,0,29,120,2009-10-30
300026.SZ,2010-05-27,42.4,45.8,46.54,42.13,42.41,3.39,7.99,13937.3,62246.0,5.5351,5.5351,1.9,56.9512,54.5005,5.0358,20.4875,19.6428,,0.55,10068.4,2518.0,2518.0,461133.0,115324.0,2.01,46.65,38.17,0.0000,0.25875805842203053,1.474,0,29,120,2009-10-30
300026.SZ,2010-05-28,46.0,47.28,47.88,46.0,45.8,1.48,3.23,17165.9,80473.6,6.8173,6.8173,1.9,58.7915,56.2617,5.1985,21.1495,20.2775,,0.53,10068.4,2518.0,2518.0,476034.0,119051.0,2.01,50.38,41.22,0.0000,-0.007316222256992964,1.474,0,29,120,2009-10-30
300026.SZ,2010-05-31,47.1,45.62,48.23,45.57,47.28,-1.66,-3.51,10121.0,47400.1,4.0194,4.0194,0.93,56.7274,54.2863,5.016,20.4069,19.5656,,0.55,10068.4,2518.0,2518.0,459320.0,114871.0,2.01,52.01,42.55,,,1.474,0,29,120,2009-10-30
300026.SZ,2010-06-01,44.6,43.75,45.3,41.82,45.62,-1.87,-4.1,9555.26,41708.6,3.7948,3.7948,0.89,54.4021,52.0611,4.8104,19.5704,18.7636,,0.57,10068.4,2518.0,2518.0,440492.0,110162.0,2.01,50.18,41.06,,,1.474,0,29,120,2009-10-30
300026.SZ,2010-06-02,43.7,44.6,44.65,42.8,43.75,0.85,1.94,6042.76,26406.2,2.3998,2.3998,0.54,55.459,53.0726,4.9039,19.9507,19.1281,,0.56,10068.4,2518.0,2518.0,449051.0,112303.0,2.01,48.13,39.38,,,1.474,0,29,120,2009-10-30
300026.SZ,2010-06-03,44.95,44.75,46.8,44.61,44.6,0.15,0.34,9729.55,44455.6,3.864,3.864,0.86,55.6455,53.2511,4.9204,20.0178,19.1924,,0.56,10068.4,2518.0,2518.0,450561.0,112680.0,2.01,49.06,40.14,,,1.474,0,29,120,2009-10-30
300026.SZ,2010-06-04,44.1,46.2,46.2,44.1,44.75,1.45,3.24,8002.22,36469.2,3.178,3.178,0.76,57.4486,54.9765,5.0798,20.6664,19.8143,,0.54,10068.4,2518.0,2518.0,465160.0,116332.0,2.01,49.23,40.28,,,1.474,0,29,120,2009-10-30
300026.SZ,2010-06-07,45.0,48.89,49.3,44.78,46.2,2.69,5.82,22455.0,107733.0,8.9178,8.9178,2.58,60.7935,58.1775,5.3756,21.8697,20.968,,0.51,10068.4,2518.0,2518.0,492244.0,123105.0,2.01,50.82,41.58,0.0000,0.11413517002576515,1.474,0,29,120,2009-10-30
300026.SZ,2010-06-08,48.9,48.28,49.47,47.18,48.89,-0.61,-1.25,11394.8,54817.7,4.5253,4.5253,1.02,60.035,57.4517,5.3085,21.5968,20.7064,,0.52,10068.4,2518.0,2518.0,486102.0,121569.0,2.01,53.78,44.0,,,1.474,0,29,120,2009-10-30
300026.SZ,2010-06-09,48.59,48.86,50.8,48.0,48.28,0.58,1.2,18991.4,93832.3,7.5423,7.5423,1.65,60.7562,58.1418,5.3723,21.8563,20.9551,,0.51,10068.4,2518.0,2518.0,491942.0,123029.0,2.01,53.11,43.45,0.0000,0.015643291846223838,1.474,0,29,120,2009-10-30
300026.SZ,2010-06-10,49.0,49.81,50.33,48.55,48.86,0.95,1.94,9985.0,49636.1,3.9654,3.9654,0.71,61.9375,59.2723,5.4767,22.2812,21.3626,,0.5,10068.4,2518.0,2518.0,501507.0,125422.0,2.01,53.75,43.97,,,1.474,0,29,120,2009-10-30
300026.SZ,2010-06-11,49.9,51.19,52.5,49.5,49.81,1.38,2.77,16861.8,86155.5,6.6965,6.6965,1.19,63.6535,60.9145,5.6285,22.8985,21.9544,,0.49,10068.4,2518.0,2518.0,515401.0,128896.0,2.01,54.79,44.83,0.0000,0.05534485202233908,1.474,0,29,120,2009-10-30
300026.SZ,2010-06-17,51.88,47.18,51.99,47.18,51.19,-4.01,-7.83,15567.2,76211.3,6.1824,6.1824,0.98,58.6672,56.1427,5.1876,21.1048,20.2346,,0.53,10068.4,2518.0,2518.0,475027.0,118799.0,2.01,56.31,46.07,0.0000,-0.21798318072085712,1.474,0,29,120,2009-10-30
300026.SZ,2010-06-18,46.5,42.66,46.67,42.58,47.18,-4.52,-9.58,16022.4,70593.4,6.3631,6.3631,1.1,53.0467,50.764,4.6906,19.0829,18.2961,,0.59,10068.4,2518.0,2518.0,429518.0,107418.0,2.01,51.9,42.46,0.0000,-0.2935414625823352,1.474,0,29,120,2009-10-30
300026.SZ,2010-06-21,42.35,43.81,44.3,40.62,42.66,1.15,2.7,10724.2,45639.8,4.259,4.259,0.69,54.4767,52.1325,4.817,19.5973,18.7893,,0.57,10068.4,2518.0,2518.0,441097.0,110314.0,2.01,46.93,38.39,0.0000,0.05462731262973283,1.474,0,29,120,2009-10-30
300026.SZ,2010-06-22,43.79,43.11,44.44,43.08,43.81,-0.7,-1.6,6303.39,27602.4,2.5033,2.5033,0.46,53.6062,51.2995,4.74,19.2842,18.4891,,0.58,10068.4,2518.0,2518.0,434049.0,108551.0,2.01,48.19,39.43,0.0001,-0.29747077338598,1.474,0,29,120,2009-10-30
300026.SZ,2010-06-23,42.77,43.53,43.99,42.51,43.11,0.42,0.97,6205.94,26896.3,2.4646,2.4646,0.47,54.1285,51.7993,4.7862,19.472,18.6692,,0.57,10068.4,2518.0,2518.0,438277.0,109609.0,2.01,47.42,38.8,0.0001,0.04611512639472132,1.474,0,29,120,2009-10-30
300026.SZ,2010-06-24,43.52,43.15,43.99,43.1,43.53,-0.38,-0.87,4472.23,19417.8,1.7761,1.7761,0.41,53.656,51.3471,4.7444,19.302,18.5062,,0.58,10068.4,2518.0,2518.0,434451.0,108652.0,2.01,47.88,39.18,,,1.474,0,29,120,2009-10-30
300026.SZ,2010-06-25,42.88,41.63,43.19,40.71,43.15,-1.52,-3.52,6860.86,28713.6,2.7247,2.7247,0.78,51.7659,49.5384,4.5773,18.6221,17.8543,,0.6,10068.4,2518.0,2518.0,419148.0,104824.0,2.01,47.47,38.84,,,1.474,0,29,120,2009-10-30
300026.SZ,2010-06-28,41.57,40.54,41.6,40.18,41.63,-1.09,-2.62,5442.46,22236.9,2.1614,2.1614,0.79,50.4105,48.2413,4.4575,18.1345,17.3868,,0.62,10068.4,2518.0,2518.0,408173.0,102080.0,2.01,45.79,37.47,0.0000,-0.34054213421986246,1.474,0,29,120,2009-10-30
300026.SZ,2010-06-29,40.62,37.22,40.98,37.01,40.54,-3.32,-8.19,11712.0,44892.3,4.6513,4.6513,2.0,46.2822,44.2906,4.0924,16.6494,15.963,,0.67,10068.4,2518.0,2518.0,374746.0,93720.0,2.01,44.59,36.49,0.0000,-0.268314978267488,1.474,0,29,120,2009-10-30
300026.SZ,2010-06-30,36.23,38.25,38.5,35.86,37.22,1.03,2.77,7255.12,26868.4,2.8813,2.8813,1.05,47.5629,45.5163,4.2057,17.1102,16.4047,,0.6536,10068.4,2518.0,2518.0,385116.0,96313.5,2.01,40.94,33.5,-0.0001,-0.0016366758058188862,1.474,0,29,120,2009-10-30
300026.SZ,2010-07-01,37.89,37.4,38.53,36.4,38.25,-0.85,-2.22,5242.24,19681.2,2.0819,2.0819,0.73,46.506,44.5048,4.1122,16.7299,16.0402,,0.6684,10068.4,2518.0,2518.0,376558.0,94173.2,2.01,42.08,34.43,0.0000,0.04419863339390307,1.474,0,29,120,2009-10-30
300026.SZ,2010-07-02,37.24,37.31,37.58,35.5,37.4,-0.09,-0.24,5232.91,19122.7,2.0782,2.0782,0.72,46.3941,44.3977,4.1023,16.6897,16.0016,,0.6701,10068.4,2518.0,2518.0,375652.0,93946.6,2.01,41.14,33.66,,,1.474,0,29,120,2009-10-30
300026.SZ,2010-07-05,36.36,39.17,39.89,36.36,37.31,1.86,4.99,8622.9,32994.5,3.4245,3.4245,1.24,48.7069,46.611,4.3068,17.5217,16.7993,,0.6382,10068.4,2518.0,2518.0,394379.0,98630.1,2.01,41.04,33.58,,,1.474,0,29,120,2009-10-30
300026.SZ,2010-07-06,39.17,41.4,42.8,38.81,39.17,2.23,5.69,13874.1,57632.8,5.51,5.51,1.82,51.4799,49.2647,4.552,18.5192,17.7557,,0.6039,10068.4,2518.0,2518.0,416832.0,104245.0,2.01,43.09,35.25,0.0000,-0.03068827717970572,1.474,0,29,120,2009-10-30
300026.SZ,2010-07-07,41.4,41.74,42.0,40.8,41.4,0.34,0.82,7789.94,32207.1,3.0937,3.0937,0.97,51.9027,49.6693,4.5894,18.6713,17.9015,,0.5989,10068.4,2518.0,2518.0,420255.0,105101.0,2.01,45.54,37.26,,,1.474,0,29,120,2009-10-30
300026.SZ,2010-07-08,41.8,41.35,41.8,40.5,41.74,-0.39,-0.93,6845.67,28144.5,2.7187,2.7187,0.84,51.4177,49.2052,4.5465,18.4969,17.7342,,0.6046,10068.4,2518.0,2518.0,416328.0,104119.0,2.01,45.91,37.57,0.0001,-0.3013540167280967,1.474,0,29,120,2009-10-30
300026.SZ,2010-07-09,41.0,42.31,42.42,40.55,41.35,0.96,2.32,9317.32,38931.6,3.7003,3.7003,1.1,52.6115,50.3475,4.6521,18.9263,18.146,,0.5909,10068.4,2518.0,2518.0,425994.0,106537.0,2.01,45.49,37.22,,,1.474,0,29,120,2009-10-30
300026.SZ,2010-07-12,42.31,41.25,42.31,41.05,42.31,-1.06,-2.51,8900.65,37007.4,3.5348,3.5348,0.96,51.2934,49.0862,4.5355,18.4521,17.6914,,0.6061,10068.4,2518.0,2518.0,415322.0,103868.0,2.01,46.54,38.08,0.0000,-0.2645178800806427,1.474,0,29,120,2009-10-30
300026.SZ,2010-07-13,40.51,40.58,41.15,39.09,41.25,-0.67,-1.62,7908.94,31841.4,3.141,3.141,0.85,50.4602,48.2889,4.4619,18.1524,17.404,,0.6161,10068.4,2518.0,2518.0,408576.0,102180.0,2.01,45.38,37.13,,,1.474,0,29,120,2009-10-30
300026.SZ,2010-07-14,40.6,41.25,41.48,40.6,40.58,0.67,1.65,6589.36,27028.9,2.6169,2.6169,0.81,51.2934,49.0862,4.5355,18.4521,17.6914,,0.6061,10068.4,2518.0,2518.0,415322.0,103868.0,2.01,44.64,36.52,,,1.474,0,29,120,2009-10-30
300026.SZ,2010-07-15,41.02,40.1,41.3,40.0,41.25,-1.15,-2.79,4464.56,18115.4,1.7731,1.7731,0.56,49.8634,47.7177,4.4091,17.9377,17.1981,,0.6234,10068.4,2518.0,2518.0,403743.0,100972.0,2.01,45.38,37.13,,,1.474,0,29,120,2009-10-30
300026.SZ,2010-07-16,39.5,39.63,40.09,38.81,40.1,-0.47,-1.17,5695.58,22372.6,2.2619,2.2619,0.77,49.2789,47.1584,4.3574,17.7275,16.9966,,0.6308,10068.4,2518.0,2518.0,399011.0,99788.3,2.01,44.11,36.09,,,1.474,0,29,120,2009-10-30
300026.SZ,2010-07-19,38.91,40.41,40.43,38.85,39.63,0.78,1.97,5701.4,22800.3,2.2643,2.2643,0.85,50.2489,48.0866,4.4432,18.0764,17.3311,,0.6187,10068.4,2518.0,2518.0,406864.0,101752.0,2.01,43.59,35.67,,,1.474,0,29,120,2009-10-30
300026.SZ,2010-07-20,40.67,42.32,42.58,40.46,40.41,1.91,4.73,10492.1,44097.4,4.1668,4.1668,1.73,52.6239,50.3594,4.6532,18.9308,18.1503,,0.5907,10068.4,2518.0,2518.0,426095.0,106562.0,2.01,44.45,36.37,,,1.474,0,29,120,2009-10-30
300026.SZ,2010-07-21,42.4,42.15,42.97,41.85,42.32,-0.17,-0.4,9462.13,40133.9,3.7578,3.7578,1.44,52.4125,50.1572,4.6345,18.8547,18.0773,,0.5931,10068.4,2518.0,2518.0,424383.0,106134.0,2.01,46.55,38.09,,,1.474,0,29,120,2009-10-30
300026.SZ,2010-07-22,42.01,43.0,43.15,41.85,42.15,0.85,2.02,7585.95,32420.2,3.0127,3.0127,1.06,53.4695,51.1686,4.728,19.2349,18.4419,,0.5814,10068.4,2518.0,2518.0,432941.0,108274.0,2.01,46.37,37.94,,,1.474,0,29,120,2009-10-30
300026.SZ,2010-07-23,42.9,43.03,43.38,42.35,43.0,0.03,0.07,6391.51,27391.6,2.5383,2.5383,0.82,53.5068,51.2043,4.7313,19.2484,18.4548,,0.581,10068.4,2518.0,2518.0,433243.0,108350.0,2.01,47.3,38.7,,,1.474,0,29,120,2009-10-30
300026.SZ,2010-07-26,43.1,43.03,43.58,42.38,43.03,0.0,0.0,5090.94,21872.0,2.0218,2.0218,0.64,53.5068,51.2043,4.7313,19.2484,18.4548,,0.581,10068.4,2518.0,2518.0,433243.0,108350.0,2.01,47.33,38.73,,,1.474,0,29,120,2009-10-30
300026.SZ,2010-07-27,43.0,42.7,43.18,42.42,43.03,-0.33,-0.77,5146.59,22036.7,2.0439,2.0439,0.66,53.0964,50.8116,4.695,19.1007,18.3132,,0.5855,10068.4,2518.0,2518.0,429921.0,107519.0,2.01,47.33,38.73,,,1.474,0,29,120,2009-10-30
300026.SZ,2010-07-28,42.98,43.93,44.0,42.62,42.7,1.23,2.88,8819.09,38309.9,3.5024,3.5024,1.31,54.6259,52.2753,4.8302,19.651,18.8408,,0.5691,10068.4,2518.0,2518.0,442305.0,110616.0,2.01,46.97,38.43,0.0001,0.12440806304246185,1.474,0,29,120,2009-10-30
300026.SZ,2010-07-29,44.0,43.34,44.38,43.05,43.93,-0.59,-1.34,8123.22,35349.3,3.2261,3.2261,1.23,53.8922,51.5732,4.7653,19.387,18.5877,,0.5768,10068.4,2518.0,2518.0,436364.0,109130.0,2.01,48.32,39.54,,,1.474,0,29,120,2009-10-30
300026.SZ,2010-07-30,43.08,42.95,43.5,42.21,43.34,-0.39,-0.9,7696.85,32945.5,3.0567,3.0567,1.15,53.4073,51.1091,4.7225,19.2126,18.4205,,0.5821,10068.4,2518.0,2518.0,432438.0,108148.0,2.01,47.67,39.01,-0.0001,-0.04672298641287003,1.474,0,29,120,2009-10-30
300026.SZ,2010-08-02,42.95,43.98,43.98,42.67,42.95,1.03,2.4,7918.66,34431.0,3.1448,3.1448,1.14,54.6881,52.3348,4.8357,19.6733,18.8622,,0.5684,10068.4,2518.0,2518.0,442808.0,110742.0,2.01,47.25,38.66,0.0000,0.06689647873037016,1.474,0,29,120,2009-10-30
300026.SZ,2010-08-03,44.2,44.25,45.77,43.66,43.98,0.27,0.61,13173.3,58752.1,5.2316,5.2316,1.75,55.0238,52.6561,4.8654,19.7941,18.978,,0.565,10068.4,2518.0,2518.0,445527.0,111422.0,2.01,48.38,39.58,,,1.474,0,29,120,2009-10-30
300026.SZ,2010-08-04,44.0,44.27,44.98,43.08,44.25,0.02,0.05,6407.01,28146.8,2.5445,2.5445,0.7,55.0487,52.6799,4.8676,19.803,18.9866,,0.5647,10068.4,2518.0,2518.0,445728.0,111472.0,2.01,48.68,39.83,,,1.474,0,29,120,2009-10-30
300026.SZ,2010-08-05,44.26,44.84,45.8,44.1,44.27,0.57,1.29,9293.61,41889.8,3.6909,3.6909,1.07,55.7574,53.3582,4.9303,20.058,19.231,,0.5575,10068.4,2518.0,2518.0,451467.0,112907.0,2.01,48.7,39.84,0.0001,-0.13550251289555143,1.474,0,29,120,2009-10-30
300026.SZ,2010-08-06,44.98,46.8,47.0,44.5,44.84,1.96,4.37,13854.4,63645.4,5.5021,5.5021,1.56,58.1947,55.6905,5.1458,20.9348,20.0716,,0.5342,10068.4,2518.0,2518.0,471201.0,117842.0,2.01,49.32,40.36,0.0000,0.18144969204246933,1.474,0,29,120,2009-10-30
300026.SZ,2010-08-09,47.1,47.0,47.15,46.5,46.8,0.2,0.43,12851.3,60218.8,5.1038,5.1038,1.27,58.4434,55.9285,5.1678,21.0242,20.1574,,0.5319,10068.4,2518.0,2518.0,473215.0,118346.0,2.01,51.48,42.12,0.0000,-0.12871426992369564,1.474,0,29,120,2009-10-30
300026.SZ,2010-08-10,47.23,44.9,47.36,44.88,47.0,-2.1,-4.47,12528.9,57436.0,4.9757,4.9757,1.13,55.8321,53.4296,4.9369,20.0849,19.2568,,0.5568,10068.4,2518.0,2518.0,452071.0,113058.0,2.01,51.7,42.3,0.0000,-0.0662769495801464,1.474,0,29,120,2009-10-30
300026.SZ,2010-08-11,44.48,44.54,45.46,44.0,44.9,-0.36,-0.8,6670.66,29712.3,2.6492,2.6492,0.61,55.3844,53.0012,4.8973,19.9238,19.1024,,0.5613,10068.4,2518.0,2518.0,448447.0,112152.0,2.01,49.39,40.41,,,1.474,0,29,120,2009-10-30
300026.SZ,2010-08-12,44.13,43.55,44.65,43.53,44.54,-0.99,-2.22,7050.16,31032.0,2.7999,2.7999,0.64,54.1534,51.8231,4.7884,19.481,18.6778,,0.5741,10068.4,2518.0,2518.0,438479.0,109659.0,2.01,48.99,40.09,,,1.474,0,29,120,2009-10-30
300026.SZ,2010-08-13,43.6,44.42,44.46,43.01,43.55,0.87,2.0,6999.5,30622.4,2.7798,2.7798,0.66,55.2352,52.8584,4.8841,19.8701,19.0509,,0.5628,10068.4,2518.0,2518.0,447238.0,111850.0,2.01,47.91,39.2,0.0000,-0.13820647040754339,1.474,0,29,120,2009-10-30
300026.SZ,2010-08-16,44.61,45.9,46.4,44.26,44.42,1.48,3.33,10095.6,46198.3,4.0094,4.0094,1.09,57.0755,54.6195,5.0468,20.5322,19.6857,,0.5447,10068.4,2518.0,2518.0,462140.0,115576.0,2.01,48.86,39.98,0.0000,0.11587701334797154,1.474,0,29,120,2009-10-30
300026.SZ,2010-08-17,45.88,45.22,46.0,44.93,45.9,-0.68,-1.48,7761.83,35233.4,3.0825,3.0825,0.9,56.23,53.8104,4.972,20.228,19.394,,0.5529,10068.4,2518.0,2518.0,455293.0,113864.0,2.01,50.49,41.31,,,1.474,0,29,120,2009-10-30
300026.SZ,2010-08-18,45.3,45.46,46.0,45.16,45.22,0.24,0.53,6315.45,28759.5,2.5081,2.5081,0.82,56.5284,54.0959,4.9984,20.3354,19.4969,,0.5499,10068.4,2518.0,2518.0,457709.0,114468.0,2.01,49.74,40.7,,,1.474,0,29,120,2009-10-30
300026.SZ,2010-08-19,45.57,44.63,45.88,44.38,45.46,-0.83,-1.83,6821.86,30563.6,2.7092,2.7092,0.89,55.4963,53.1083,4.9072,19.9641,19.141,,0.5602,10068.4,2518.0,2518.0,449353.0,112378.0,2.01,50.01,40.91,,,1.474,0,29,120,2009-10-30
300026.SZ,2010-08-20,44.61,42.99,44.61,42.91,44.63,-1.64,-3.67,9028.75,39290.0,3.5857,3.5857,1.19,53.457,51.1567,4.7269,19.2305,18.4376,,0.5815,10068.4,2518.0,2518.0,432841.0,108249.0,2.01,49.09,40.17,0.0001,-0.22893655394170262,1.474,0,29,120,2009-10-30
300026.SZ,2010-08-23,42.1,41.88,42.56,41.0,42.99,-1.11,-2.58,9536.21,39736.0,3.7872,3.7872,1.19,52.0768,49.2781,4.5146,18.7339,16.0906,,0.5969,10068.4,2518.0,2518.0,421665.0,105454.0,2.01,47.29,38.69,0.0000,-0.23271613754473106,1.9538,0,29,120,2009-10-30
300026.SZ,2010-08-24,41.36,41.85,42.24,41.08,41.88,-0.03,-0.07,5856.29,24440.1,2.3258,2.3258,0.74,52.0395,49.2428,4.5114,18.7205,16.0791,,0.5974,10068.4,2518.0,2518.0,421363.0,105378.0,2.01,46.07,37.69,,,1.9538,0,29,120,2009-10-30
300026.SZ,2010-08-25,41.78,40.78,41.78,40.7,41.85,-1.07,-2.56,6668.97,27375.8,2.6485,2.6485,0.89,50.7089,47.9838,4.3961,18.2419,15.668,,0.613,10068.4,2518.0,2518.0,410589.0,102684.0,2.01,46.04,37.67,,,1.9538,0,29,120,2009-10-30
300026.SZ,2010-08-26,40.78,41.32,41.58,40.63,40.78,0.54,1.32,4077.25,16777.2,1.6192,1.6192,0.54,51.3804,48.6192,4.4543,18.4834,15.8755,,0.605,10068.4,2518.0,2518.0,416026.0,104044.0,2.01,44.86,36.7,,,1.9538,0,29,120,2009-10-30
300026.SZ,2010-08-27,41.34,41.65,41.82,40.8,41.32,0.33,0.8,4926.39,20413.0,1.9565,1.9565,0.7,51.7908,49.0075,4.4898,18.6311,16.0022,,0.6002,10068.4,2518.0,2518.0,419349.0,104875.0,2.01,45.45,37.19,,,1.9538,0,29,120,2009-10-30
300026.SZ,2010-08-30,41.99,42.3,42.68,41.6,41.65,0.65,1.56,7172.3,30328.6,2.8484,2.8484,1.15,52.599,49.7723,4.5599,18.9218,16.252,,0.591,10068.4,2518.0,2518.0,425893.0,106511.0,2.01,45.82,37.49,0.0000,-0.12597707744292416,1.9538,0,29,120,2009-10-30
300026.SZ,2010-08-31,42.0,41.58,42.44,41.26,42.3,-0.72,-1.7,7920.18,32914.3,3.1454,3.1454,1.38,51.7037,48.9251,4.4823,18.5997,15.9753,,0.6013,10068.4,2518.0,2518.0,418644.0,104698.0,2.01,46.53,38.07,0.0001,-0.3296757361975298,1.9538,0,29,120,2009-10-30
300026.SZ,2010-09-01,41.51,39.35,41.6,38.91,41.58,-2.23,-5.36,15776.1,62934.6,6.2653,6.2653,2.56,48.9308,46.3012,4.2419,17.6022,15.1186,,0.6353,10068.4,2518.0,2518.0,396192.0,99083.3,2.01,45.74,37.42,0.0000,-0.484731500199435,1.9538,0,29,120,2009-10-30
300026.SZ,2010-09-02,39.48,40.15,40.6,39.0,39.35,0.8,2.03,8656.41,34475.8,3.4378,3.4378,1.09,49.9255,47.2425,4.3281,17.9601,15.4259,,0.6227,10068.4,2518.0,2518.0,404246.0,101098.0,2.01,43.29,35.42,-0.0001,-0.01832895929566301,1.9538,0,29,120,2009-10-30
300026.SZ,2010-09-03,40.3,40.53,40.81,39.51,40.15,0.38,0.95,7596.01,30611.8,3.0167,3.0167,0.85,50.3981,47.6896,4.3691,18.1301,15.5719,,0.6168,10068.4,2518.0,2518.0,408072.0,102055.0,2.01,44.17,36.14,,,1.9538,0,29,120,2009-10-30
300026.SZ,2010-09-06,40.58,39.76,40.89,39.32,40.53,-0.77,-1.9,7076.77,28158.1,2.8105,2.8105,0.75,49.4406,46.7836,4.2861,17.7856,15.2761,,0.6288,10068.4,2518.0,2518.0,400320.0,100116.0,2.01,44.58,36.48,0.0000,-0.408205437785924,1.9538,0,29,120,2009-10-30
300026.SZ,2010-09-07,39.51,40.52,40.77,39.36,39.76,0.76,1.91,7024.66,28181.1,2.7898,2.7898,0.75,50.3856,47.6778,4.368,18.1256,15.5681,,0.617,10068.4,2518.0,2518.0,407972.0,102029.0,2.01,43.74,35.78,,,1.9538,0,29,120,2009-10-30
300026.SZ,2010-09-09,40.5,41.18,42.19,40.21,40.52,0.66,1.63,11831.9,49199.5,4.6989,4.6989,1.28,51.2063,48.4544,4.4392,18.4208,15.8217,,0.6071,10068.4,2518.0,2518.0,414617.0,103691.0,2.01,44.57,36.47,,,1.9538,0,29,120,2009-10-30
300026.SZ,2010-09-10,41.36,45.3,45.3,41.36,41.18,4.12,10.0,30012.6,132085.0,11.9192,11.9192,3.56,56.3294,53.3022,4.8833,20.2638,17.4046,,0.5519,10068.4,2518.0,2518.0,456099.0,114065.0,2.01,45.3,37.06,0.0000,0.14792776741774644,1.9538,0,29,120,2009-10-30
300026.SZ,2010-09-13,45.34,44.34,46.0,43.98,45.3,-0.96,-2.12,20561.7,92084.0,8.1659,8.1659,1.62,55.1357,52.1726,4.7798,19.8344,17.0358,,0.5638,10068.4,2518.0,2518.0,446433.0,111648.0,2.01,49.83,40.77,0.0000,-0.2174279666510682,1.9538,0,29,120,2009-10-30
300026.SZ,2010-09-14,44.5,43.02,44.6,42.9,44.34,-1.32,-2.98,12739.3,55414.3,5.0593,5.0593,0.83,53.4943,50.6195,4.6375,19.2439,16.5286,,0.5811,10068.4,2518.0,2518.0,433143.0,108324.0,2.01,48.77,39.91,0.0000,-0.24063766893413518,1.9538,0,29,120,2009-10-30
300026.SZ,2010-09-15,43.04,41.18,43.46,40.79,43.02,-1.84,-4.28,13807.8,57422.3,5.4836,5.4836,0.84,51.2063,48.4544,4.4392,18.4208,15.8217,,0.6071,10068.4,2518.0,2518.0,414617.0,103691.0,2.01,47.32,38.72,0.0000,-0.45799505833919174,1.9538,0,29,120,2009-10-30
300026.SZ,2010-09-16,41.0,39.92,41.55,39.64,41.18,-1.26,-3.06,9378.28,37687.1,3.7245,3.7245,0.53,49.6395,46.9719,4.3034,17.8572,15.3376,,0.6263,10068.4,2518.0,2518.0,401931.0,100519.0,2.01,45.3,37.06,,,1.9538,0,29,120,2009-10-30
300026.SZ,2010-09-17,39.98,39.8,40.68,39.7,39.92,-0.12,-0.3,6369.81,25519.6,2.5297,2.5297,0.37,49.4903,46.8307,4.2904,17.8035,15.2915,,0.6281,10068.4,2518.0,2518.0,400722.0,100216.0,2.01,43.91,35.93,-0.0002,-0.2826858341245216,1.9538,0,29,120,2009-10-30
300026.SZ,2010-09-20,39.8,39.01,40.42,38.9,39.8,-0.79,-1.98,5355.4,21070.4,2.1268,2.1268,0.43,48.508,45.9011,4.2053,17.4501,14.9879,,0.6409,10068.4,2518.0,2518.0,392768.0,98227.2,2.01,43.78,35.82,,,1.9538,0,29,120,2009-10-30
300026.SZ,2010-09-21,39.33,38.67,39.33,38.2,39.01,-0.34,-0.87,4949.03,19091.9,1.9655,1.9655,0.52,48.0852,45.501,4.1686,17.298,14.8573,,0.6465,10068.4,2518.0,2518.0,389345.0,97371.1,2.01,42.91,35.11,0.0001,-0.15335826236268005,1.9538,0,29,120,2009-10-30
300026.SZ,2010-09-27,39.0,39.5,39.78,38.7,38.67,0.83,2.15,5485.08,21534.2,2.1783,2.1783,0.69,49.1173,46.4777,4.2581,17.6693,15.1762,,0.6329,10068.4,2518.0,2518.0,397702.0,99461.0,2.01,42.54,34.8,,,1.9538,0,29,120,2009-10-30
300026.SZ,2010-09-28,39.7,38.99,39.7,38.8,39.5,-0.51,-1.29,4674.2,18215.4,1.8563,1.8563,0.74,48.4831,45.8776,4.2031,17.4412,14.9802,,0.6412,10068.4,2518.0,2518.0,392567.0,98176.8,2.01,43.45,35.55,0.0000,-0.17686121006287328,1.9538,0,29,120,2009-10-30
300026.SZ,2010-09-29,38.98,37.65,38.98,37.42,38.99,-1.34,-3.44,7193.02,27377.8,2.8566,2.8566,1.34,46.8169,44.3009,4.0586,16.8418,14.4654,,0.664,10068.4,2518.0,2518.0,379075.0,94802.7,2.01,42.89,35.09,,,1.9538,0,29,120,2009-10-30
300026.SZ,2010-09-30,37.54,38.15,38.37,37.08,37.65,0.5,1.33,3848.35,14613.4,1.5283,1.5283,0.7,47.4386,44.8892,4.1125,17.0654,14.6575,,0.6553,10068.4,2518.0,2518.0,384109.0,96061.7,2.01,41.42,33.89,,,1.9538,0,29,120,2009-10-30
300026.SZ,2010-10-08,38.1,38.9,39.15,38.1,38.15,0.75,1.97,5503.48,21342.0,2.1857,2.1857,1.05,48.3712,45.7717,4.1934,17.4009,14.9457,,0.6427,10068.4,2518.0,2518.0,391661.0,97950.2,2.01,41.97,34.34,,,1.9538,0,29,120,2009-10-30
300026.SZ,2010-10-11,39.0,40.89,41.28,38.75,38.9,1.99,5.12,13584.8,54005.4,5.3951,5.3951,2.54,50.8457,48.1132,4.4079,18.2911,15.7102,,0.6114,10068.4,2518.0,2518.0,411697.0,102961.0,2.01,42.79,35.01,0.0000,-0.025795739248228377,1.9538,0,29,120,2009-10-30
300026.SZ,2010-10-12,40.5,40.14,40.98,39.8,40.89,-0.75,-1.83,11113.0,44899.2,4.4134,4.4134,1.6,49.9131,47.2307,4.3271,17.9556,15.4221,,0.6228,10068.4,2518.0,2518.0,404146.0,101073.0,2.01,44.98,36.8,0.0000,0.026116790006129542,1.9538,0,29,120,2009-10-30
300026.SZ,2010-10-13,40.15,40.37,40.88,39.6,40.14,0.23,0.57,10710.3,43072.1,4.2535,4.2535,1.3,50.1991,47.5013,4.3519,18.0585,15.5105,,0.6193,10068.4,2518.0,2518.0,406461.0,101652.0,2.01,44.15,36.13,0.0000,-0.017927879495533924,1.9538,0,29,120,2009-10-30
300026.SZ,2010-10-14,40.78,39.03,40.78,39.0,40.37,-1.34,-3.32,12439.5,49358.0,4.9402,4.9402,1.39,48.5329,45.9246,4.2074,17.4591,14.9956,,0.6405,10068.4,2518.0,2518.0,392970.0,98277.5,2.01,44.41,36.33,0.0000,-0.16991564488114697,1.9538,0,29,120,2009-10-30
300026.SZ,2010-10-15,38.31,38.22,39.26,38.05,39.03,-0.81,-2.08,7478.8,28834.3,2.9701,2.9701,0.7,47.5256,44.9716,4.1201,17.0967,14.6844,,0.6541,10068.4,2518.0,2518.0,384814.0,96238.0,2.01,42.93,35.13,0.0000,-0.35046660512711386,1.9538,0,29,120,2009-10-30
300026.SZ,2010-10-18,38.5,37.81,38.5,37.0,38.22,-0.41,-1.07,6852.66,25648.2,2.7215,2.7215,0.62,47.0158,44.4891,4.0759,16.9133,14.5269,,0.6612,10068.4,2518.0,2518.0,380686.0,95205.6,2.01,42.04,34.4,,,1.9538,0,29,120,2009-10-30
300026.SZ,2010-10-19,37.95,41.59,41.59,37.95,37.81,3.78,10.0,29508.9,120182.0,11.7192,11.7192,3.04,51.7162,48.9369,4.4834,18.6042,15.9792,,0.6011,10068.4,2518.0,2518.0,418745.0,104724.0,2.01,41.59,34.03,0.0000,0.17931545775923852,1.9538,0,29,120,2009-10-30
300026.SZ,2010-10-20,41.61,43.0,45.04,41.61,41.59,1.41,3.39,26830.5,116628.0,10.6555,10.6555,2.0,53.4695,50.5959,4.6354,19.2349,16.5209,,0.5814,10068.4,2518.0,2518.0,432941.0,108274.0,2.01,45.75,37.43,0.0000,0.1470924787026322,1.9538,0,29,120,2009-10-30
300026.SZ,2010-10-21,43.2,43.73,44.26,42.5,43.0,0.73,1.7,19275.1,84176.0,7.6549,7.6549,1.16,54.3772,51.4549,4.7141,19.5615,16.8014,,0.5717,10068.4,2518.0,2518.0,440291.0,110112.0,2.01,47.3,38.7,0.0000,0.17635022688275367,1.9538,0,29,120,2009-10-30
300026.SZ,2010-10-22,43.7,46.28,46.88,43.7,43.73,2.55,5.83,22893.2,104646.0,9.0918,9.0918,1.27,57.5481,54.4553,4.989,20.7022,17.7811,,0.5402,10068.4,2518.0,2518.0,465966.0,116533.0,2.01,48.1,39.36,0.0000,0.13126235539952763,1.9538,0,29,120,2009-10-30
300026.SZ,2010-10-25,46.28,45.95,46.99,45.0,46.28,-0.33,-0.71,20035.2,91417.5,7.9568,7.9568,0.95,57.1377,54.0671,4.9534,20.5546,17.6543,,0.5441,10068.4,2518.0,2518.0,462643.0,115702.0,2.01,50.91,41.65,0.0000,-0.2774349535434978,1.9538,0,29,120,2009-10-30
300026.SZ,2010-10-26,45.39,44.22,45.4,43.61,45.95,-1.73,-3.77,16545.8,73200.3,6.571,6.571,0.7,54.9865,47.9824,4.6077,19.7807,13.9861,,0.5654,10068.4,2518.0,2518.0,445225.0,111346.0,2.01,50.55,41.36,0.0000,-0.25601449646345614,3.4006,0,29,120,2009-10-30
300026.SZ,2010-10-27,44.44,45.37,48.32,44.44,44.22,1.15,2.6,17450.5,81089.0,6.9303,6.9303,0.83,56.4165,49.2302,4.7276,20.2951,14.3498,,0.551,10068.4,2518.0,2518.0,456803.0,114242.0,2.01,48.64,39.8,0.0000,0.03390113509531245,3.4006,0,29,120,2009-10-30
300026.SZ,2010-10-28,45.1,44.27,45.7,43.48,45.37,-1.1,-2.42,9250.58,40780.1,3.6738,3.6738,0.48,55.0487,48.0366,4.6129,19.803,14.0019,,0.5647,10068.4,2518.0,2518.0,445728.0,111472.0,2.01,49.91,40.83,,,3.4006,0,29,120,2009-10-30
300026.SZ,2010-10-29,44.16,44.65,46.45,44.0,44.27,0.38,0.86,12957.3,58699.0,5.1459,5.1459,0.75,55.5212,48.449,4.6525,19.973,14.1221,,0.5599,10068.4,2518.0,2518.0,449554.0,112429.0,2.01,48.7,39.84,0.0000,0.08076548267432092,3.4006,0,29,120,2009-10-30
300026.SZ,2010-11-01,44.88,47.59,48.0,44.88,44.65,2.94,6.58,20691.8,96788.1,5.7107,5.7107,1.36,59.177,51.6391,4.9589,21.2882,15.0519,,0.5253,10068.4,3623.34,3623.34,479155.0,172435.0,2.01,49.12,40.19,0.0000,0.048284072314960624,3.4006,0,29,120,2009-10-30
300026.SZ,2010-11-02,47.65,46.0,47.85,45.45,47.59,-1.59,-3.34,22622.0,104513.0,6.2434,6.2434,1.47,57.1999,49.9138,4.7932,20.5769,14.5491,,0.5435,10068.4,3623.34,3623.34,463146.0,166674.0,2.01,52.35,42.83,0.0000,-0.10442477439618907,3.4006,0,29,120,2009-10-30
300026.SZ,2010-11-03,45.28,45.28,46.23,44.4,46.0,-0.72,-1.57,16716.8,75813.1,4.6136,4.6136,1.01,56.3046,49.1326,4.7182,20.2548,14.3213,,0.5521,10068.4,3623.34,3623.34,455897.0,164065.0,2.01,50.6,41.4,0.0000,-0.025007659045102954,3.4006,0,29,120,2009-10-30
300026.SZ,2010-11-04,45.14,44.95,45.4,44.3,45.28,-0.33,-0.73,11368.0,50754.2,3.1374,3.1374,0.69,55.8942,48.7745,4.6838,20.1072,14.217,,0.5562,10068.4,3623.34,3623.34,452575.0,162869.0,2.01,49.81,40.75,0.0000,-0.30757144924558066,3.4006,0,29,120,2009-10-30
300026.SZ,2010-11-05,45.0,45.38,45.99,44.73,44.95,0.43,0.96,10283.7,46593.6,2.8382,2.8382,0.61,56.4289,49.2411,4.7286,20.2996,14.353,,0.5509,10068.4,3623.34,3623.34,456904.0,164427.0,2.01,49.45,40.46,0.0000,-0.05964694905776271,3.4006,0,29,120,2009-10-30
300026.SZ,2010-11-08,45.6,46.4,46.8,45.3,45.38,1.02,2.25,22974.3,106537.0,6.3406,6.3406,1.41,57.6973,50.3479,4.8349,20.7558,14.6756,,0.5388,10068.4,3623.34,3623.34,467174.0,168123.0,2.01,49.92,40.84,0.0000,-0.003157915012293234,3.4006,0,29,120,2009-10-30
300026.SZ,2010-11-09,46.43,48.5,48.53,45.7,46.4,2.1,4.53,29848.2,141190.0,8.2377,8.2377,1.78,60.3086,52.6265,5.0537,21.6952,15.3398,,0.5155,10068.4,3623.34,3623.34,488317.0,175732.0,2.01,51.04,41.76,0.0000,0.019219366635323986,3.4006,0,29,120,2009-10-30
300026.SZ,2010-11-10,48.5,50.79,52.18,48.21,48.5,2.29,4.72,33550.5,170498.0,9.2595,9.2595,1.84,63.1561,55.1114,5.2923,22.7196,16.0641,,0.4922,10068.4,3623.34,3623.34,511374.0,184030.0,2.01,53.35,43.65,0.0000,0.09203072702442465,3.4006,0,29,120,2009-10-30
300026.SZ,2010-11-11,50.5,49.8,51.3,49.52,50.79,-0.99,-1.95,20096.5,101216.0,5.5464,5.5464,0.93,61.9251,54.0371,5.1892,22.2768,15.7509,,0.502,10068.4,3623.34,3623.34,501406.0,180443.0,2.01,55.87,45.71,0.0001,-0.0693589214638547,3.4006,0,29,120,2009-10-30
300026.SZ,2010-11-12,48.98,46.92,50.7,46.51,49.8,-2.88,-5.78,18643.4,90019.6,5.1454,5.1454,0.8,58.3439,50.9121,4.8891,20.9885,14.84,,0.5328,10068.4,3623.34,3623.34,472409.0,170007.0,2.01,54.78,44.82,0.0000,-0.05025372461347004,3.4006,0,29,120,2009-10-30
300026.SZ,2010-11-15,46.91,49.93,49.93,46.91,46.92,3.01,6.42,25066.6,121819.0,6.9181,6.9181,1.0,62.0867,54.1782,5.2027,22.3349,15.7921,,0.5007,10068.4,3623.34,3623.34,502715.0,180914.0,2.01,51.61,42.23,0.0000,-0.061100664467665766,3.4006,0,29,120,2009-10-30
300026.SZ,2010-11-16,50.03,48.35,52.99,47.5,49.93,-1.58,-3.16,34504.9,173779.0,9.5229,9.5229,1.36,60.122,52.4638,5.0381,21.6281,15.2923,,0.5171,10068.4,3623.34,3623.34,486807.0,175189.0,2.01,54.92,44.94,0.0000,-0.16362383674337128,3.4006,0,29,120,2009-10-30
300026.SZ,2010-11-17,47.88,44.8,48.3,44.21,48.35,-3.55,-7.34,20288.8,94293.4,5.5995,5.5995,0.77,55.7077,48.6117,4.6682,20.0401,14.1695,,0.558,10068.4,3623.34,3623.34,451064.0,162326.0,2.01,53.19,43.52,0.0000,-0.10956200110639884,3.4006,0,29,120,2009-10-30
300026.SZ,2010-11-18,45.42,46.45,47.18,44.0,44.8,1.65,3.68,14837.5,68092.3,4.095,4.095,0.63,57.7594,50.4021,4.8401,20.7782,14.6914,,0.5382,10068.4,3623.34,3623.34,467677.0,168304.0,2.01,49.28,40.32,0.0000,0.13873557926403246,3.4006,0,29,120,2009-10-30
300026.SZ,2010-11-19,46.53,48.45,48.6,46.18,46.45,2.0,4.31,14802.0,70182.4,4.0852,4.0852,0.65,60.2464,52.5723,5.0485,21.6729,15.324,,0.516,10068.4,3623.34,3623.34,487814.0,175551.0,2.01,51.1,41.81,0.0000,0.11665381762502575,3.4006,0,29,120,2009-10-30
300026.SZ,2010-11-22,48.99,49.9,50.7,48.46,48.45,1.45,2.99,20860.9,103513.0,5.7574,5.7574,0.95,62.0494,54.1457,5.1996,22.3215,15.7826,,0.501,10068.4,3623.34,3623.34,502413.0,180805.0,2.01,53.3,43.61,0.0000,-0.014948629259925576,3.4006,0,29,120,2009-10-30
300026.SZ,2010-11-23,49.85,49.88,49.9,48.02,49.9,-0.02,-0.04,12951.8,63539.4,3.5745,3.5745,0.62,62.0246,54.124,5.1975,22.3125,15.7762,,0.5012,10068.4,3623.34,3623.34,502212.0,180732.0,2.01,54.89,44.91,0.0000,0.042081376038664596,3.4006,0,29,120,2009-10-30
300026.SZ,2010-11-24,49.09,51.79,51.93,49.09,49.88,1.91,3.83,18583.0,95117.0,5.1287,5.1287,1.11,64.3996,56.1965,5.3965,23.1669,16.3803,,0.4827,10068.4,3623.34,3623.34,521442.0,187653.0,2.01,54.87,44.89,0.0000,0.060170372926946276,3.4006,0,29,120,2009-10-30
300026.SZ,2010-11-25,51.95,50.84,52.5,49.83,51.79,-0.95,-1.83,15945.2,81598.6,4.4007,4.4007,0.97,63.2183,55.1656,5.2975,22.742,16.0799,,0.4917,10068.4,3623.34,3623.34,511877.0,184211.0,2.01,56.97,46.61,0.0000,0.03646792975203932,3.4006,0,29,120,2009-10-30
300026.SZ,2010-11-26,50.56,51.9,52.38,49.81,50.84,1.06,2.09,15046.6,77079.6,4.1527,4.1527,0.9,64.5364,56.3158,5.408,23.2161,16.4151,,0.4817,10068.4,3623.34,3623.34,522550.0,188052.0,2.01,55.92,45.76,0.0000,0.05458582829985332,3.4006,0,29,120,2009-10-30
300026.SZ,2010-11-29,51.84,52.96,53.66,51.4,51.9,1.06,2.04,16124.8,85309.9,4.4503,4.4503,0.97,65.8545,57.466,5.5184,23.6903,16.7504,,0.4721,10068.4,3623.34,3623.34,533222.0,191892.0,2.01,57.09,46.71,0.0000,-0.04680655944682566,3.4006,0,29,120,2009-10-30
300026.SZ,2010-11-30,52.5,49.99,53.28,49.0,52.96,-2.97,-5.61,16742.8,84480.6,4.6208,4.6208,1.06,62.1613,54.2433,5.209,22.3617,15.811,,0.5001,10068.4,3623.34,3623.34,503319.0,181131.0,2.01,58.26,47.66,0.0000,-0.13211597638628778,3.4006,0,29,120,2009-10-30
300026.SZ,2010-12-01,50.2,50.23,50.56,49.3,49.99,0.24,0.48,6779.11,33844.7,1.871,1.871,0.41,62.4598,54.5037,5.234,22.4691,15.8869,,0.4977,10068.4,3623.34,3623.34,505736.0,182001.0,2.01,54.99,44.99,0.0000,-0.10662141571415444,3.4006,0,29,120,2009-10-30
300026.SZ,2010-12-02,50.26,48.93,50.49,48.78,50.23,-1.3,-2.59,16102.0,80014.1,4.444,4.444,1.14,60.8433,53.0931,5.0985,21.8876,15.4758,,0.5109,10068.4,3623.34,3623.34,492647.0,177290.0,2.01,55.25,45.21,0.0000,-0.1112675982024207,3.4006,0,29,120,2009-10-30
300026.SZ,2010-12-03,49.01,47.72,49.05,47.27,48.93,-1.21,-2.47,9861.97,47357.2,2.7218,2.7218,0.7,59.3387,51.7802,4.9724,21.3463,15.0931,,0.5239,10068.4,3623.34,3623.34,480464.0,172906.0,2.01,53.82,44.04,0.0000,-0.0791612188282547,3.4006,0,29,120,2009-10-30
300026.SZ,2010-12-06,47.88,46.33,48.2,46.04,47.72,-1.39,-2.91,7003.87,32779.6,1.933,1.933,0.53,57.6102,50.2719,4.8276,20.7245,14.6534,,0.5396,10068.4,3623.34,3623.34,466469.0,167870.0,2.01,52.49,42.95,0.0001,-0.19610196854751125,3.4006,0,29,120,2009-10-30
300026.SZ,2010-12-07,46.42,47.36,47.39,45.88,46.33,1.03,2.22,8610.13,40291.4,2.3763,2.3763,0.76,58.891,51.3895,4.9349,21.1853,14.9792,,0.5279,10068.4,3623.34,3623.34,476839.0,171602.0,2.01,50.96,41.7,0.0000,-0.18622263546793844,3.4006,0,29,120,2009-10-30
300026.SZ,2010-12-08,47.45,47.13,48.11,47.09,47.36,-0.23,-0.49,5024.39,23907.5,1.3867,1.3867,0.52,58.605,51.14,4.911,21.0824,14.9065,,0.5304,10068.4,3623.34,3623.34,474524.0,170768.0,2.01,52.1,42.62,0.0000,-0.004836697855674683,3.4006,0,29,120,2009-10-30
300026.SZ,2010-12-09,46.99,48.87,49.3,46.99,47.13,1.74,3.69,15815.0,76450.1,4.3648,4.3648,1.7,60.7687,53.028,5.0923,21.8607,15.4568,,0.5116,10068.4,3623.34,3623.34,492043.0,177073.0,2.01,51.84,42.42,0.0000,0.08438736700726565,3.4006,0,29,120,2009-10-30
300026.SZ,2010-12-10,48.6,49.91,50.03,48.2,48.87,1.04,2.13,9128.56,45132.4,2.5194,2.5194,0.99,62.0619,54.1565,5.2006,22.326,15.7857,,0.5009,10068.4,3623.34,3623.34,502514.0,180841.0,2.01,53.76,43.98,-0.0001,0.15917597960174507,3.4006,0,29,120,2009-10-30
300026.SZ,2010-12-13,50.34,50.35,50.77,49.65,49.91,0.44,0.88,14588.8,73181.0,4.0263,4.0263,1.6,62.609,54.6339,5.2465,22.5228,15.9249,,0.4965,10068.4,3623.34,3623.34,506944.0,182435.0,2.01,54.9,44.92,0.0000,-0.14724716260098372,3.4006,0,29,120,2009-10-30
300026.SZ,2010-12-14,50.55,50.18,50.75,49.85,50.35,-0.17,-0.34,7082.26,35581.7,1.9546,1.9546,0.67,62.3976,54.4495,5.2288,22.4467,15.8711,,0.4982,10068.4,3623.34,3623.34,505232.0,181819.0,2.01,55.39,45.32,,,3.4006,0,29,120,2009-10-30
300026.SZ,2010-12-15,50.09,49.01,50.28,48.95,50.18,-1.17,-2.33,9919.63,48889.1,2.7377,2.7377,0.96,60.9427,53.1799,5.1068,21.9234,15.5011,,0.5101,10068.4,3623.34,3623.34,493452.0,177580.0,2.01,55.2,45.16,-0.0001,-0.1513962670484348,3.4006,0,29,120,2009-10-30
300026.SZ,2010-12-16,48.94,49.2,49.81,48.6,49.01,0.19,0.39,6068.25,29926.3,1.6748,1.6748,0.54,61.179,53.3861,5.1266,22.0084,15.5612,,0.5081,10068.4,3623.34,3623.34,495365.0,178269.0,2.01,53.91,44.11,,,3.4006,0,29,120,2009-10-30
300026.SZ,2010-12-17,49.04,48.8,49.77,48.56,49.2,-0.4,-0.81,6337.84,30990.7,1.7492,1.7492,0.68,60.6816,52.9521,5.085,21.8294,15.4347,,0.5123,10068.4,3623.34,3623.34,491338.0,176819.0,2.01,54.12,44.28,-0.0001,-0.2949775045979075,3.4006,0,29,120,2009-10-30
300026.SZ,2010-12-20,49.0,47.28,49.55,46.8,48.8,-1.52,-3.11,11250.8,53909.4,3.1051,3.1051,1.28,58.7915,51.3027,4.9266,21.1495,14.9539,,0.5288,10068.4,3623.34,3623.34,476034.0,171312.0,2.01,53.68,43.92,0.0000,-0.1658925213662785,3.4006,0,29,120,2009-10-30
300026.SZ,2010-12-21,47.7,47.82,48.1,47.05,47.28,0.54,1.14,4666.21,22230.4,1.2878,1.2878,0.57,59.463,51.8887,4.9829,21.391,15.1247,,0.5228,10068.4,3623.34,3623.34,481471.0,173268.0,2.01,52.01,42.55,,,3.4006,0,29,120,2009-10-30
300026.SZ,2010-12-22,47.82,47.32,48.35,47.28,47.82,-0.5,-1.05,4490.07,21374.8,1.2392,1.2392,0.59,58.8413,51.3461,4.9308,21.1674,14.9666,,0.5283,10068.4,3623.34,3623.34,476437.0,171457.0,2.01,52.6,43.04,,,3.4006,0,29,120,2009-10-30
300026.SZ,2010-12-23,47.18,46.83,47.85,46.65,47.32,-0.49,-1.04,5028.87,23796.8,1.3879,1.3879,0.77,58.232,50.8145,4.8797,20.9482,14.8116,,0.5338,10068.4,3623.34,3623.34,471503.0,169681.0,2.01,52.05,42.59,,,3.4006,0,29,120,2009-10-30
300026.SZ,2010-12-24,46.83,46.38,47.1,46.15,46.83,-0.45,-0.96,2995.84,13912.7,0.8268,0.8268,0.47,57.6724,50.3262,4.8328,20.7469,14.6692,,0.539,10068.4,3623.34,3623.34,466972.0,168051.0,2.01,51.51,42.15,,,3.4006,0,29,120,2009-10-30
300026.SZ,2010-12-27,46.2,44.5,46.88,44.01,46.38,-1.88,-4.05,8144.66,37250.3,2.2478,2.2478,1.43,55.3347,48.2862,4.6369,19.9059,14.0746,,0.5618,10068.4,3623.34,3623.34,448044.0,161239.0,2.01,51.02,41.74,0.0000,-0.07042610961929271,3.4006,0,29,120,2009-10-30
300026.SZ,2010-12-28,44.5,43.15,44.65,43.1,44.5,-1.35,-3.03,5518.72,24101.3,1.5231,1.5231,1.09,53.656,46.8213,4.4962,19.302,13.6476,,0.5794,10068.4,3623.34,3623.34,434451.0,156347.0,2.01,48.95,40.05,,,3.4006,0,29,120,2009-10-30
300026.SZ,2010-12-29,43.3,44.3,44.3,42.91,43.15,1.15,2.67,10828.0,46914.8,2.9884,2.9884,2.07,55.086,48.0692,4.6161,19.8165,14.0114,,0.5643,10068.4,3623.34,3623.34,446030.0,160514.0,2.01,47.47,38.84,0.0000,-0.12152990551394519,3.4006,0,29,120,2009-10-30
300026.SZ,2010-12-30,44.01,43.56,44.18,43.0,44.3,-0.74,-1.67,8305.99,36347.3,2.2924,2.2924,1.28,54.1658,47.2662,4.539,19.4854,13.7773,,0.5739,10068.4,3623.34,3623.34,438580.0,157833.0,2.01,48.73,39.87,0.0000,-0.1773688484480288,3.4006,0,29,120,2009-10-30
300026.SZ,2010-12-31,43.5,44.93,44.93,43.5,43.56,1.37,3.15,5260.4,23280.9,1.4518,1.4518,0.73,55.8694,48.7528,4.6817,20.0983,14.2106,,0.56,10068.4,3623.34,3623.34,452373.0,162797.0,2.01,47.92,39.2,,,3.4006,0,29,120,2009-10-30
300026.SZ,2011-01-04,45.12,44.9,45.12,44.67,44.93,-0.03,-0.07,5267.34,23627.4,1.4537,1.4537,0.69,55.8321,48.7202,4.6786,20.0849,14.2011,0.56,0.56,10068.4,3623.34,3623.34,452071.0,162688.0,2.01,49.42,40.44,,,3.4006,0,29,120,2009-10-30
300026.SZ,2011-01-05,44.9,44.59,45.5,44.2,44.9,-0.31,-0.69,5922.27,26640.2,1.6345,1.6345,0.84,55.4466,48.3839,4.6463,19.9462,14.1031,0.56,0.56,10068.4,3623.34,3623.34,448950.0,161565.0,2.01,49.39,40.41,0.0001,-0.1002961291422842,3.4006,0,29,120,2009-10-30
300026.SZ,2011-01-06,44.67,44.38,45.15,44.15,44.59,-0.21,-0.47,5777.87,25828.4,1.5946,1.5946,0.81,55.1855,48.156,4.6244,19.8523,14.0367,0.56,0.56,10068.4,3623.34,3623.34,446836.0,160804.0,2.01,49.05,40.13,0.0000,-0.30200108194809216,3.4006,0,29,120,2009-10-30
300026.SZ,2011-01-07,44.38,43.9,44.9,43.51,44.38,-0.48,-1.08,5397.2,23805.7,1.4896,1.4896,0.88,54.5886,47.6352,4.5744,19.6375,13.8849,0.57,0.57,10068.4,3623.34,3623.34,442003.0,159065.0,2.01,48.82,39.94,0.0000,-0.19023403512585824,3.4006,0,29,120,2009-10-30
300026.SZ,2011-01-10,44.0,42.8,44.0,42.76,43.9,-1.1,-2.51,6433.91,27763.8,1.7757,1.7757,1.16,53.2208,46.4416,4.4598,19.1455,13.5369,0.58,0.58,10068.4,3623.34,3623.34,430928.0,155079.0,2.01,48.29,39.51,,,3.4006,0,29,120,2009-10-30
300026.SZ,2011-01-11,42.8,41.95,42.8,41.11,42.8,-0.85,-1.99,6688.49,27887.1,1.8459,1.8459,1.16,52.1638,45.5192,4.3712,18.7653,13.2681,0.6,0.6,10068.4,3623.34,3623.34,422369.0,151999.0,2.01,47.08,38.52,0.0001,-0.13231397817184395,3.4006,0,29,120,2009-10-30
300026.SZ,2011-01-12,41.95,42.3,42.64,41.9,41.95,0.35,0.83,3553.61,15011.4,0.9808,0.9808,0.59,52.599,45.899,4.4077,18.9218,13.3788,0.59,0.59,10068.4,3623.34,3623.34,425893.0,153267.0,2.01,46.15,37.76,,,3.4006,0,29,120,2009-10-30
300026.SZ,2011-01-13,42.43,41.86,42.5,41.5,42.3,-0.44,-1.04,3922.06,16467.9,1.0824,1.0824,0.7,52.0519,45.4216,4.3618,18.725,13.2396,0.6,0.6,10068.4,3623.34,3623.34,421463.0,151673.0,2.01,46.53,38.07,,,3.4006,0,29,120,2009-10-30
300026.SZ,2011-01-17,41.2,39.64,41.28,39.2,41.86,-2.22,-5.3,10021.6,40238.4,2.7658,2.7658,1.93,49.2914,43.0127,4.1305,17.7319,12.5375,0.63,0.63,10068.4,3623.34,3623.34,399111.0,143629.0,2.01,46.05,37.67,0.0000,-0.029103007673522776,3.4006,0,29,120,2009-10-30
300026.SZ,2011-01-18,39.2,40.09,40.43,39.2,39.64,0.45,1.14,1884.86,7544.51,0.5202,0.5202,0.31,49.8509,43.501,4.1774,17.9332,12.6798,0.62,0.62,10068.4,3623.34,3623.34,403642.0,145260.0,2.01,43.6,35.68,,,3.4006,0,29,120,2009-10-30
300026.SZ,2011-01-19,40.39,40.9,40.9,40.0,40.09,0.81,2.02,3067.7,12392.2,0.8466,0.8466,0.59,50.8582,44.3799,4.2618,18.2956,12.936,0.61,0.61,10068.4,3623.34,3623.34,411798.0,148195.0,2.01,44.1,36.08,-0.0002,-0.0794187605067807,3.4006,0,29,120,2009-10-30
300026.SZ,2011-01-20,41.0,39.7,41.43,39.5,40.9,-1.2,-2.93,3106.99,12462.5,0.8575,0.8575,0.69,49.366,40.07,3.9716,17.7588,10.4103,0.6297,0.6297,10068.4,3623.34,3623.34,399715.0,143847.0,2.01,44.99,36.81,,,3.4006,0,29,120,2009-10-30
300026.SZ,2011-01-21,39.68,39.5,40.28,39.28,39.7,-0.2,-0.5,2773.14,10999.2,0.7654,0.7654,0.63,49.1173,39.8681,3.9515,17.6693,10.3578,0.6329,0.6329,10068.4,3623.34,3623.34,397702.0,143122.0,2.01,43.67,35.73,,,3.4006,0,29,120,2009-10-30
300026.SZ,2011-01-24,39.6,39.8,40.6,38.98,39.5,0.3,0.76,3958.44,15797.0,1.0925,1.0925,0.95,49.4903,40.1709,3.9816,17.8035,10.4365,0.6281,0.6281,10068.4,3623.34,3623.34,400722.0,144209.0,2.01,43.45,35.55,,,3.4006,0,29,120,2009-10-30
300026.SZ,2011-01-25,39.5,39.32,39.7,38.8,39.8,-0.48,-1.21,2619.7,10258.3,0.723,0.723,0.89,48.8935,39.6865,3.9335,17.5888,10.3106,0.6358,0.6358,10068.4,3623.34,3623.34,395890.0,142470.0,2.01,43.78,35.82,,,3.4006,0,29,120,2009-10-30
300026.SZ,2011-01-26,39.3,40.29,40.38,39.3,39.32,0.97,2.47,1846.93,7381.93,0.5097,0.5097,0.59,50.0996,40.6655,4.0306,18.0227,10.565,0.6205,0.6205,10068.4,3623.34,3623.34,405656.0,145985.0,2.01,43.25,35.39,,,3.4006,0,29,120,2009-10-30
300026.SZ,2011-01-27,39.7,41.11,41.5,39.7,40.29,0.82,2.04,4579.41,18622.8,1.2639,1.2639,1.6,51.1193,41.4931,4.1126,18.3895,10.78,0.6081,0.6081,10068.4,3623.34,3623.34,413912.0,148956.0,2.01,44.32,36.26,0.0000,0.017596046140736895,3.4006,0,29,120,2009-10-30
300026.SZ,2011-01-28,41.05,41.6,41.78,40.8,41.11,0.49,1.19,4765.76,19761.2,1.3153,1.3153,1.51,51.7286,41.9877,4.1616,18.6087,10.9085,0.601,0.601,10068.4,3623.34,3623.34,418845.0,150731.0,2.01,45.22,37.0,0.0001,0.022443069873216478,3.4006,0,29,120,2009-10-30
300026.SZ,2011-02-01,41.98,41.58,41.98,41.2,41.6,-0.02,-0.05,2703.76,11247.8,0.7462,0.7462,0.76,51.7037,41.9675,4.1596,18.5997,10.9032,0.6013,0.6013,10068.4,3623.34,3623.34,418644.0,150659.0,2.01,45.76,37.44,,,3.4006,0,29,120,2009-10-30
300026.SZ,2011-02-09,41.5,40.62,41.88,40.5,41.58,-0.96,-2.31,3060.55,12496.6,0.8447,0.8447,0.93,50.51,40.9986,4.0636,18.1703,10.6515,0.6155,0.6155,10068.4,3623.34,3623.34,408978.0,147180.0,2.01,45.74,37.42,,,3.4006,0,29,120,2009-10-30
300026.SZ,2011-02-10,40.78,41.92,41.99,40.46,40.62,1.3,3.2,4573.45,18991.2,1.2622,1.2622,1.35,52.1265,42.3107,4.1936,18.7518,10.9924,0.5964,0.5964,10068.4,3623.34,3623.34,422067.0,151891.0,2.01,44.68,36.56,,,3.4006,0,29,120,2009-10-30
300026.SZ,2011-02-11,41.78,42.31,42.64,41.7,41.92,0.39,0.93,6520.17,27532.2,1.7995,1.7995,1.66,52.6115,42.7043,4.2327,18.9263,11.0947,0.5909,0.5909,10068.4,3623.34,3623.34,425994.0,153304.0,2.01,46.11,37.73,0.0001,-0.0023250466763266764,3.4006,0,29,120,2009-10-30
300026.SZ,2011-02-14,42.6,42.41,42.65,41.9,42.31,0.1,0.24,7604.01,32151.7,2.0986,2.0986,1.76,52.7358,42.8053,4.2427,18.971,11.1209,0.5895,0.5895,10068.4,3623.34,3623.34,427001.0,153666.0,2.01,46.54,38.08,0.0000,-0.007984180351335267,3.4006,0,29,120,2009-10-30
300026.SZ,2011-02-15,42.5,43.9,44.39,42.33,42.41,1.49,3.51,12890.5,56118.3,3.5576,3.5576,2.63,54.5886,44.3091,4.3917,19.6375,11.5116,0.5695,0.5695,10068.4,3623.34,3623.34,442003.0,159065.0,2.01,46.65,38.17,0.0000,0.10679784846594186,3.4006,0,29,120,2009-10-30
300026.SZ,2011-02-16,43.8,44.18,44.18,43.55,43.9,0.28,0.64,4308.61,18933.6,1.1891,1.1891,0.62,54.9368,44.5918,4.4197,19.7628,11.585,0.5659,0.5659,10068.4,3623.34,3623.34,444822.0,160079.0,2.01,48.29,39.51,,,3.4006,0,29,120,2009-10-30
300026.SZ,2011-02-17,44.28,44.25,44.5,43.85,44.18,0.07,0.16,4950.19,21882.7,1.3662,1.3662,0.69,55.0238,44.6624,4.4267,19.7941,11.6034,0.565,0.565,10068.4,3623.34,3623.34,445527.0,160333.0,2.01,48.6,39.76,0.0000,0.08291043736101934,3.4006,0,29,120,2009-10-30
300026.SZ,2011-02-18,44.03,43.4,44.8,43.1,44.25,-0.85,-1.92,4978.78,21929.7,1.3741,1.3741,0.69,53.9668,43.8045,4.3417,19.4139,11.3805,0.576,0.576,10068.4,3623.34,3623.34,436969.0,157253.0,2.01,48.68,39.83,0.0000,-0.21990132310886545,3.4006,0,29,120,2009-10-30
300026.SZ,2011-02-21,43.35,44.2,44.3,42.8,43.4,0.8,1.84,6558.89,28536.8,1.8102,1.8102,0.94,54.9616,44.6119,4.4217,19.7717,11.5903,0.5656,0.5656,10068.4,3623.34,3623.34,445023.0,160152.0,2.01,47.74,39.06,0.0001,-0.1627140762915343,3.4006,0,29,120,2009-10-30
300026.SZ,2011-02-22,44.22,42.48,44.38,42.48,44.2,-1.72,-3.89,8997.29,38781.5,2.4831,2.4831,1.34,52.8228,42.8759,4.2497,19.0023,11.1392,0.5885,0.5885,10068.4,3623.34,3623.34,427706.0,153920.0,2.01,48.62,39.78,-0.0001,-0.07143384386867825,3.4006,0,29,120,2009-10-30
300026.SZ,2011-02-23,42.2,42.68,42.79,42.0,42.48,0.2,0.47,5355.95,22699.3,1.4782,1.4782,0.9,53.0715,43.0778,4.2697,19.0918,11.1917,0.5858,0.5858,10068.4,3623.34,3623.34,429719.0,154644.0,2.01,46.73,38.23,0.0001,-0.2625511207432499,3.4006,0,29,120,2009-10-30
300026.SZ,2011-02-24,42.48,42.77,43.9,42.18,42.68,0.09,0.21,3895.24,16702.7,1.075,1.075,0.63,53.1835,43.1686,4.2787,19.1321,11.2153,0.5845,0.5845,10068.4,3623.34,3623.34,430625.0,154970.0,2.01,46.95,38.41,,,3.4006,0,29,120,2009-10-30
300026.SZ,2011-02-25,42.66,41.99,42.68,41.68,42.77,-0.78,-1.82,7160.02,30032.1,1.9761,1.9761,1.2,52.2135,42.3813,4.2006,18.7831,11.0108,0.5954,0.5954,10068.4,3623.34,3623.34,422772.0,152144.0,2.01,47.05,38.49,0.0001,-0.20145225821774015,3.4006,0,29,120,2009-10-30
300026.SZ,2011-02-28,42.0,42.95,43.1,41.8,41.99,0.96,2.29,3500.88,14893.1,0.9662,0.9662,0.55,53.4073,43.3503,4.2967,19.2126,11.2625,0.5821,0.5821,10068.4,3623.34,3623.34,432438.0,155623.0,2.01,46.19,37.79,0.0001,0.15438657257435798,3.4006,0,29,120,2009-10-30
300026.SZ,2011-03-01,42.95,43.37,44.0,42.71,42.95,0.42,0.98,4869.21,21114.6,1.3438,1.3438,0.84,53.9295,43.7742,4.3387,19.4005,11.3726,0.5764,0.5764,10068.4,3623.34,3623.34,436666.0,157144.0,2.01,47.25,38.66,0.0000,0.17547042044201544,3.4006,0,29,120,2009-10-30
300026.SZ,2011-03-02,43.38,43.7,43.7,43.06,43.37,0.33,0.76,5414.08,23523.2,1.4942,1.4942,1.09,54.3399,44.1073,4.3717,19.5481,11.4592,0.5721,0.5721,10068.4,3623.34,3623.34,439989.0,158340.0,2.01,47.71,39.03,0.0001,0.18866436800943603,3.4006,0,29,120,2009-10-30
300026.SZ,2011-03-03,43.7,44.49,44.5,43.68,43.7,0.79,1.81,10446.6,45991.1,2.8831,2.8831,2.1,55.3222,44.9046,4.4507,19.9015,11.6663,0.5619,0.5619,10068.4,3623.34,3623.34,447943.0,161203.0,2.01,48.07,39.33,0.0000,0.1020109289161529,3.4006,0,29,120,2009-10-30
300026.SZ,2011-03-04,44.2,44.14,44.45,43.6,44.49,-0.35,-0.79,4624.76,20324.1,1.2764,1.2764,0.74,54.887,44.5514,4.4157,19.7449,11.5745,0.5664,0.5664,10068.4,3623.34,3623.34,444419.0,159934.0,2.01,48.94,40.04,,,3.4006,0,29,120,2009-10-30
300026.SZ,2011-03-07,44.2,43.24,44.5,43.12,44.14,-0.9,-2.04,9087.3,39576.3,2.508,2.508,1.57,53.7679,43.643,4.3257,19.3423,11.3385,0.5782,0.5782,10068.4,3623.34,3623.34,435358.0,156673.0,2.01,48.55,39.73,-0.0001,-0.19779984209300827,3.4006,0,29,120,2009-10-30
300026.SZ,2011-03-08,43.29,42.66,43.3,42.4,43.24,-0.58,-1.34,8853.23,37754.3,2.4434,2.4434,1.29,53.0467,43.0576,4.2677,19.0829,11.1864,0.586,0.586,10068.4,3623.34,3623.34,429518.0,154572.0,2.01,47.56,38.92,0.0001,-0.11799372981493039,3.4006,0,29,120,2009-10-30
300026.SZ,2011-03-09,42.9,42.1,42.98,41.89,42.66,-0.56,-1.31,8044.16,33898.9,2.2201,2.2201,1.05,52.3503,42.4924,4.2116,18.8324,11.0396,0.5938,0.5938,10068.4,3623.34,3623.34,423880.0,152543.0,2.01,46.93,38.39,0.0000,-0.45737400536828415,3.4006,0,29,120,2009-10-30
300026.SZ,2011-03-10,42.1,42.25,42.8,42.02,42.1,0.15,0.36,4732.43,20065.6,1.3061,1.3061,0.58,52.5368,42.6438,4.2267,18.8995,11.0789,0.5917,0.5917,10068.4,3623.34,3623.34,425390.0,153086.0,2.01,46.31,37.89,0.0000,0.1916813674914961,3.4006,0,29,120,2009-10-30
300026.SZ,2011-03-11,42.25,42.15,42.55,41.92,42.25,-0.1,-0.24,5454.82,22982.2,1.5055,1.5055,0.77,52.4125,42.5428,4.2166,18.8547,11.0527,0.5931,0.5931,10068.4,3623.34,3623.34,424383.0,152724.0,2.01,46.48,38.03,0.0000,-0.3524877753378774,3.4006,0,29,120,2009-10-30
300026.SZ,2011-03-14,42.1,42.4,42.59,41.8,42.15,0.25,0.59,15142.6,64007.8,4.1792,4.1792,2.09,52.7234,42.7952,4.2417,18.9666,11.1183,0.5896,0.5896,10068.4,3623.34,3623.34,426900.0,153630.0,2.01,46.37,37.94,0.0000,-0.06535875687576027,3.4006,0,29,120,2009-10-30
300026.SZ,2011-03-15,42.38,42.22,42.98,41.9,42.4,-0.18,-0.42,7616.45,32250.8,2.102,2.102,0.9,52.4995,42.6135,4.2237,18.886,11.0711,0.5921,0.5921,10068.4,3623.34,3623.34,425088.0,152978.0,2.01,46.64,38.16,0.0000,-0.039249635718179,3.4006,0,29,120,2009-10-30
300026.SZ,2011-03-16,42.22,42.38,42.63,42.07,42.22,0.16,0.38,6817.05,28828.8,1.8814,1.8814,0.83,52.6985,42.775,4.2397,18.9576,11.113,0.5899,0.5899,10068.4,3623.34,3623.34,426699.0,153557.0,2.01,46.44,38.0,,,3.4006,0,29,120,2009-10-30
300026.SZ,2011-03-17,42.3,42.11,42.65,42.05,42.38,-0.27,-0.64,6203.85,26241.0,1.7122,1.7122,0.78,52.3628,42.5025,4.2126,18.8368,11.0422,0.5937,0.5937,10068.4,3623.34,3623.34,423980.0,152579.0,2.01,46.62,38.14,,,3.4006,0,29,120,2009-10-30
300026.SZ,2011-03-18,42.15,42.82,43.1,42.11,42.11,0.71,1.69,7051.71,30115.3,1.9462,1.9462,0.86,53.2456,43.2191,4.2837,19.1544,11.2284,0.5838,0.5838,10068.4,3623.34,3623.34,431129.0,155152.0,2.01,46.32,37.9,0.0000,0.16450505367406662,3.4006,0,29,120,2009-10-30
300026.SZ,2011-03-21,42.81,41.97,42.81,41.27,42.82,-0.85,-1.99,8441.29,35444.9,2.3297,2.3297,0.99,52.1887,42.3612,4.1986,18.7742,11.0055,0.5957,0.5957,10068.4,3623.34,3623.34,422571.0,152072.0,2.01,47.1,38.54,,,3.4006,0,29,120,2009-10-30
300026.SZ,2011-03-22,41.76,41.65,41.96,41.18,41.97,-0.32,-0.76,5716.54,23674.8,1.5777,1.5777,0.79,51.7908,42.0382,4.1666,18.6311,10.9216,0.6002,0.6002,10068.4,3623.34,3623.34,419349.0,150912.0,2.01,46.17,37.77,,,3.4006,0,29,120,2009-10-30
300026.SZ,2011-03-23,41.46,41.71,41.95,41.0,41.65,0.06,0.14,6185.97,25699.0,1.7073,1.7073,0.9,51.8654,42.0987,4.1726,18.6579,10.9373,0.5994,0.5994,10068.4,3623.34,3623.34,419953.0,151130.0,2.01,45.82,37.49,-0.0001,-0.031982550766683,3.4006,0,29,120,2009-10-30
300026.SZ,2011-03-24,41.71,42.37,42.8,41.53,41.71,0.66,1.58,7295.57,30883.2,2.0135,2.0135,1.09,52.6861,42.7649,4.2387,18.9531,11.1104,0.59,0.59,10068.4,3623.34,3623.34,426598.0,153521.0,2.01,45.88,37.54,,,3.4006,0,29,120,2009-10-30
300026.SZ,2011-03-25,42.37,42.11,42.4,41.82,42.37,-0.26,-0.61,3400.48,14294.6,0.9385,0.9385,0.49,52.3628,42.5025,4.2126,18.8368,11.0422,0.5937,0.5937,10068.4,3623.34,3623.34,423980.0,152579.0,2.01,46.61,38.13,0.0000,-0.1895219025835112,3.4006,0,29,120,2009-10-30
300026.SZ,2011-03-28,42.0,41.42,42.5,41.38,42.11,-0.69,-1.64,4595.11,19159.4,1.2682,1.2682,0.74,51.5048,41.806,4.1436,18.5282,10.8613,0.6036,0.6036,10068.4,3623.34,3623.34,417033.0,150079.0,2.01,46.32,37.9,0.0000,-0.10816475991214738,3.4006,0,29,120,2009-10-30
300026.SZ,2011-03-29,41.4,40.2,41.4,39.69,41.42,-1.22,-2.95,9754.99,39234.4,2.6923,2.6923,1.79,49.9877,40.5747,4.0216,17.9824,10.5414,0.6219,0.6219,10068.4,3623.34,3623.34,404750.0,145658.0,2.01,45.56,37.28,0.0000,-0.2571699474643539,3.4006,0,29,120,2009-10-30
300026.SZ,2011-03-30,39.85,39.42,40.13,39.08,40.2,-0.78,-1.94,4763.34,18787.4,1.3146,1.3146,0.76,49.0178,39.7874,3.9435,17.6335,10.3368,0.6342,0.6342,10068.4,3623.34,3623.34,396896.0,142832.0,2.01,44.22,36.18,0.0001,-0.09453553704388239,3.4006,0,29,120,2009-10-30
300026.SZ,2011-03-31,39.4,39.22,39.71,39.0,39.42,-0.2,-0.51,4797.25,18814.1,1.324,1.324,0.8,48.7691,39.5855,3.9235,17.5441,10.2844,0.6374,0.6374,10068.4,3623.34,3623.34,394883.0,142108.0,2.01,43.36,35.48,0.0000,-0.3313122636498445,3.4006,0,29,120,2009-10-30
300026.SZ,2011-04-01,39.22,39.3,39.56,39.1,39.22,0.08,0.2,5120.92,20118.1,1.4133,1.4133,0.94,48.8686,39.6663,3.9315,17.5798,10.3054,0.6361,0.6361,10068.4,3623.34,3623.34,395688.0,142397.0,2.01,43.14,35.3,,,3.4006,0,29,120,2009-10-30
300026.SZ,2011-04-06,39.3,37.96,39.38,37.88,39.3,-1.34,-3.41,10007.4,38510.3,2.7619,2.7619,1.72,47.2023,38.3138,3.7975,16.9804,9.954,0.6586,0.6586,10068.4,3623.34,3623.34,382196.0,137542.0,2.01,43.23,35.37,-0.0001,-0.30347937766334426,3.4006,0,29,120,2009-10-30
300026.SZ,2011-04-07,37.96,38.49,38.6,37.74,37.96,0.53,1.4,7239.46,27492.9,1.998,1.998,1.05,47.8614,38.8487,3.8505,17.2175,10.093,0.6495,0.6495,10068.4,3623.34,3623.34,387533.0,139463.0,2.01,41.76,34.16,-0.0001,-0.12329618783380389,3.4006,0,29,120,2009-10-30
300026.SZ,2011-04-08,38.4,39.46,39.68,38.22,38.49,0.97,2.52,6086.06,23828.9,1.6797,1.6797,0.95,49.0676,39.8278,3.9475,17.6514,10.3473,0.6336,0.6336,10068.4,3623.34,3623.34,397299.0,142977.0,2.01,42.34,34.64,0.0001,0.1319354224160557,3.4006,0,29,120,2009-10-30
300026.SZ,2011-04-11,39.6,39.19,39.76,39.03,39.46,-0.27,-0.68,5141.41,20239.0,1.419,1.419,0.77,48.7318,39.5552,3.9205,17.5306,10.2765,0.6379,0.6379,10068.4,3623.34,3623.34,394581.0,141999.0,2.01,43.41,35.51,-0.0001,-0.10751485907381496,3.4006,0,29,120,2009-10-30
300026.SZ,2011-04-12,39.15,38.65,39.77,38.51,39.19,-0.54,-1.38,3459.29,13507.5,0.9547,0.9547,0.51,48.0603,39.0102,3.8665,17.2891,10.1349,0.6468,0.6468,10068.4,3623.34,3623.34,389144.0,140042.0,2.01,43.11,35.27,0.0001,-0.3991687612395118,3.4006,0,29,120,2009-10-30
300026.SZ,2011-04-13,38.84,39.35,39.48,38.4,38.65,0.7,1.81,4088.19,15966.6,1.1283,1.1283,0.64,48.9308,39.7167,3.9365,17.6022,10.3185,0.6353,0.6353,10068.4,3623.34,3623.34,396192.0,142579.0,2.01,42.52,34.79,-0.0001,-0.09669730851340483,3.4006,0,29,120,2009-10-30
300026.SZ,2011-04-14,39.35,39.16,39.55,38.8,39.35,-0.19,-0.48,4744.33,18497.4,1.3094,1.3094,0.91,48.6945,39.525,3.9175,17.5172,10.2687,0.6384,0.6384,10068.4,3623.34,3623.34,394279.0,141890.0,2.01,43.29,35.42,0.0000,-0.1740683485935599,3.4006,0,29,120,2009-10-30
300026.SZ,2011-04-15,39.53,39.6,39.86,39.0,39.16,0.44,1.12,8917.96,35236.7,2.4613,2.4613,1.9,39.0781,39.0781,3.9521,10.3863,10.3863,0.6313,0.6313,10068.4,3623.34,3623.34,398709.0,143484.0,2.01,43.08,35.24,0.0000,0.05396731051393702,3.7494,0,29,120,2009-10-30
300026.SZ,2011-04-18,39.75,39.8,40.0,39.1,39.6,0.2,0.51,8439.38,33441.5,2.3292,2.3292,1.6,39.2755,39.2755,3.972,10.4388,10.4388,0.6281,0.6281,10068.4,3623.34,3623.34,400722.0,144209.0,2.01,43.56,35.64,-0.0001,0.025419626149143653,3.7494,0,29,120,2009-10-30
300026.SZ,2011-04-19,39.6,41.05,41.25,39.55,39.8,1.25,3.14,14014.9,56968.2,3.8679,3.8679,2.36,40.509,40.509,4.0968,10.7666,10.7666,0.609,0.609,10068.4,3623.34,3623.34,413308.0,148738.0,2.01,43.78,35.82,0.0000,0.08782397152902363,3.7494,0,29,120,2009-10-30
300026.SZ,2011-04-20,40.8,42.18,42.35,40.52,41.05,1.13,2.75,12462.9,51947.4,3.4396,3.4396,1.55,41.6241,39.5281,4.1301,11.063,9.5432,0.5927,0.5927,10068.4,3623.34,3623.34,424685.0,152833.0,2.01,45.16,36.95,0.0000,0.18619824213280534,1.8827,0,29,120,2009-10-30
300026.SZ,2011-04-21,41.95,42.01,43.78,41.9,42.18,-0.17,-0.4,18577.3,79485.2,5.1271,5.1271,1.91,41.4563,39.3688,4.1135,11.0184,9.5047,0.5951,0.5951,10068.4,3623.34,3623.34,422973.0,152217.0,2.01,46.4,37.96,0.0000,0.07479118035309176,1.8827,0,29,120,2009-10-30
300026.SZ,2011-04-22,42.19,42.56,43.15,41.81,42.01,0.55,1.31,6521.33,27738.4,1.7998,1.7998,0.52,41.9991,39.8842,4.1673,11.1627,9.6292,0.5874,0.5874,10068.4,3623.34,3623.34,428511.0,154210.0,2.01,46.21,37.81,,,1.8827,0,29,120,2009-10-30
300026.SZ,2011-04-25,42.5,41.96,42.84,41.2,42.56,-0.6,-1.41,10710.5,44999.1,2.956,2.956,0.89,41.407,39.3219,4.1086,11.0053,9.4934,0.5958,0.5958,10068.4,3623.34,3623.34,422470.0,152036.0,2.01,46.82,38.3,0.0000,0.002166602305763184,1.8827,0,29,120,2009-10-30
300026.SZ,2011-04-26,41.4,40.84,42.3,40.8,41.96,-1.12,-2.67,4852.84,20053.0,1.3393,1.3393,0.39,40.3018,38.2723,3.9989,10.7115,9.24,0.6121,0.6121,10068.4,3623.34,3623.34,411193.0,147977.0,2.01,46.16,37.76,-0.0001,-0.12764020226154693,1.8827,0,29,120,2009-10-30
300026.SZ,2011-04-27,41.3,40.21,41.5,40.01,40.84,-0.63,-1.54,4223.08,17156.9,1.1655,1.1655,0.4,39.6801,37.6819,3.9372,10.5463,9.0975,0.6217,0.6217,10068.4,3623.34,3623.34,404850.0,145695.0,2.01,44.92,36.76,-0.0001,-0.11276591372164346,1.8827,0,29,120,2009-10-30
300026.SZ,2011-04-28,40.15,39.21,40.65,39.21,40.21,-1.0,-2.49,4988.5,19804.3,1.3768,1.3768,0.56,38.6932,36.7448,3.8393,10.284,8.8712,0.6376,0.6376,10068.4,3623.34,3623.34,394782.0,142071.0,2.01,44.23,36.19,,,1.8827,0,29,120,2009-10-30
300026.SZ,2011-04-29,39.21,39.93,40.13,39.02,39.21,0.72,1.84,3715.9,14776.6,1.0255,1.0255,0.59,39.4037,37.4195,3.9098,10.4729,9.0341,0.6261,0.6261,10068.4,3623.34,3623.34,402031.0,144680.0,2.01,43.13,35.29,,,1.8827,0,29,120,2009-10-30
300026.SZ,2011-05-03,39.91,41.24,41.5,39.63,39.93,1.31,3.28,4297.69,17517.8,1.1861,1.1861,0.75,40.6965,38.6472,4.0381,10.8165,9.3305,0.6062,0.6062,10068.4,3623.34,3623.34,415221.0,149427.0,2.01,43.92,35.94,,,1.8827,0,29,120,2009-10-30
300026.SZ,2011-05-04,41.1,41.85,41.88,40.6,41.24,0.61,1.48,5819.93,24031.6,1.6062,1.6062,1.32,41.2984,39.2188,4.0978,10.9765,9.4685,0.5974,0.5974,10068.4,3623.34,3623.34,421363.0,151637.0,2.01,45.36,37.12,,,1.8827,0,29,120,2009-10-30
300026.SZ,2011-05-05,41.86,42.15,43.1,41.7,41.85,0.3,0.72,15138.2,64673.3,4.178,4.178,3.28,41.5945,39.4999,4.1272,11.0551,9.5364,0.5931,0.5931,10068.4,3623.34,3623.34,424383.0,152724.0,2.01,46.04,37.67,0.0000,-0.13616387427498525,1.8827,0,29,120,2009-10-30
300026.SZ,2011-05-06,41.55,42.8,44.0,41.55,42.15,0.65,1.54,10574.0,45857.2,2.9183,2.9183,1.56,42.2359,40.1091,4.1908,11.2256,9.6835,0.5841,0.5841,10068.4,3623.34,3623.34,430928.0,155079.0,2.01,46.37,37.94,0.0000,-0.14410207041032466,1.8827,0,29,120,2009-10-30
300026.SZ,2011-05-10,43.4,43.0,43.5,42.0,42.8,0.2,0.47,5644.61,24246.0,1.5578,1.5578,0.71,42.4333,40.2965,4.2104,11.2781,9.7287,0.5814,,10068.4,3623.34,3623.34,432941.0,155804.0,2.01,47.08,38.52,-0.0001,0.19325135087215461,1.8827,0,29,120,2009-10-30
300026.SZ,2011-05-11,43.0,42.5,43.0,42.0,43.0,-0.5,-1.16,4442.99,18876.5,1.2262,1.2262,0.54,41.9399,39.8279,4.1614,11.1469,9.6156,0.5882,,10068.4,3623.34,3623.34,427907.0,153992.0,2.01,47.3,38.7,-0.0001,-0.04386748944405153,1.8827,0,29,120,2009-10-30
300026.SZ,2011-05-12,42.51,42.5,43.26,42.26,42.5,0.0,0.0,2758.2,11792.6,0.7612,0.7612,0.33,41.9399,39.8279,4.1614,11.1469,9.6156,0.5882,,10068.4,3623.34,3623.34,427907.0,153992.0,2.01,46.75,38.25,,,1.8827,0,29,120,2009-10-30
300026.SZ,2011-05-13,42.31,42.2,42.7,41.68,42.5,-0.3,-0.71,4011.12,16841.5,1.107,1.107,0.52,41.6438,39.5468,4.1321,11.0683,9.5477,0.5924,,10068.4,3623.34,3623.34,424886.0,152905.0,2.01,46.75,38.25,,,1.8827,0,29,120,2009-10-30
300026.SZ,2011-05-16,42.99,42.03,42.99,41.42,42.2,-0.17,-0.4,3002.99,12611.3,0.8288,0.8288,0.55,41.4761,39.3875,4.1154,11.0237,9.5092,0.5948,,10068.4,3623.34,3623.34,423175.0,152289.0,2.01,46.42,37.98,0.0002,-0.2282377318328967,1.8827,0,29,120,2009-10-30
300026.SZ,2011-05-17,42.1,42.0,42.2,41.6,42.03,-0.03,-0.07,1516.95,6368.46,0.4187,0.4187,0.38,41.4465,39.3594,4.1125,11.0158,9.5025,0.5952,,10068.4,3623.34,3623.34,422873.0,152180.0,2.01,46.23,37.83,,,1.8827,0,29,120,2009-10-30
300026.SZ,2011-05-18,41.92,42.35,42.96,41.92,42.0,0.35,0.83,4734.1,20183.6,1.3066,1.3066,1.5,41.7919,39.6874,4.1467,11.1076,9.5816,0.5903,,10068.4,3623.34,3623.34,426397.0,153449.0,2.01,46.2,37.8,0.0000,-0.20075172249502188,1.8827,0,29,120,2009-10-30
300026.SZ,2011-05-19,28.07,28.12,28.68,27.71,28.07,0.05,0.18,5692.95,15995.3,1.0475,1.0475,1.78,41.6241,39.5281,4.2337,11.063,9.5432,0.5927,0.5927,15102.6,5435.02,5435.02,424685.0,152833.0,3.032,30.88,25.26,,,1.8827,0,29,120,2009-10-30
300026.SZ,2011-05-20,28.0,27.74,28.27,27.36,28.12,-0.38,-1.35,6592.7,18185.6,1.213,1.213,1.74,41.0616,38.9939,4.1765,10.9135,9.4142,0.6008,0.6008,15102.6,5435.02,5435.02,418946.0,150767.0,3.032,30.93,25.31,-0.0001,-0.02031710286777625,1.8827,0,29,120,2009-10-30
300026.SZ,2011-05-23,27.27,26.7,27.56,26.18,27.74,-1.04,-3.75,6988.2,18641.6,1.2858,1.2858,1.62,39.5222,37.532,4.0199,10.5043,9.0613,0.6242,0.6242,15102.6,5435.02,5435.02,403239.0,145115.0,3.032,30.51,24.97,,,1.8827,0,29,120,2009-10-30
300026.SZ,2011-05-24,26.37,27.49,27.63,26.37,26.7,0.79,2.96,5084.71,13755.9,0.9355,0.9355,1.0,40.6915,38.6425,4.1389,10.8151,9.3294,0.6063,0.6063,15102.6,5435.02,5435.02,415170.0,149409.0,3.032,29.37,24.03,0.0000,-0.056983105010944134,1.8827,0,29,120,2009-10-30
300026.SZ,2011-05-25,27.38,26.16,27.38,26.13,27.49,-1.33,-4.84,4122.94,11058.0,0.7586,0.7586,0.71,38.7228,36.7729,3.9386,10.2919,8.878,0.6371,0.6371,15102.6,5435.02,5435.02,395084.0,142180.0,3.032,30.24,24.74,0.0001,-0.10565338491014109,1.8827,0,29,120,2009-10-30
300026.SZ,2011-05-26,26.03,26.3,27.8,26.03,26.16,0.14,0.54,2811.29,7421.79,0.5173,0.5173,0.49,38.9301,36.9697,3.9597,10.347,8.9255,0.6337,0.6337,15102.6,5435.02,5435.02,397198.0,142941.0,3.032,28.78,23.54,,,1.8827,0,29,120,2009-10-30
300026.SZ,2011-05-27,26.29,25.81,26.3,25.41,26.3,-0.49,-1.86,3333.49,8602.82,0.6133,0.6133,0.65,38.2048,36.2809,3.8859,10.1542,8.7592,0.6457,0.6457,15102.6,5435.02,5435.02,389798.0,140278.0,3.032,28.93,23.67,,,1.8827,0,29,120,2009-10-30
300026.SZ,2011-05-30,25.7,25.75,26.31,25.33,25.81,-0.06,-0.23,2159.14,5584.81,0.3973,0.3973,0.48,38.1159,36.1966,3.8769,10.1306,8.7389,0.6472,0.6472,15102.6,5435.02,5435.02,388892.0,139952.0,3.032,28.39,23.23,,,1.8827,0,29,120,2009-10-30
300026.SZ,2011-05-31,26.0,26.06,26.08,25.5,25.75,0.31,1.2,1658.6,4278.79,0.3052,0.3052,0.47,38.5748,36.6323,3.9236,10.2526,8.8441,0.6395,0.6395,15102.6,5435.02,5435.02,393574.0,141637.0,3.032,28.33,23.18,,,1.8827,0,29,120,2009-10-30
300026.SZ,2011-06-01,26.2,26.3,26.49,26.01,26.06,0.24,0.92,2029.39,5331.92,0.3734,0.3734,0.72,38.9301,36.9697,3.9597,10.347,8.9255,0.6337,0.6337,15102.6,5435.02,5435.02,397198.0,142941.0,3.032,28.67,23.45,,,1.8827,0,29,120,2009-10-30
300026.SZ,2011-06-02,26.3,26.2,26.3,25.56,26.3,-0.1,-0.38,3168.0,8226.76,0.5829,0.5829,1.32,38.7821,36.8291,3.9447,10.3076,8.8916,0.6361,0.6361,15102.6,5435.02,5435.02,395688.0,142397.0,3.032,28.93,23.67,,,1.8827,0,29,120,2009-10-30
300026.SZ,2011-06-03,26.2,26.81,27.13,26.2,26.2,0.61,2.33,4800.77,12884.2,0.8833,0.8833,1.94,39.685,37.6866,4.0365,10.5476,9.0986,0.6217,0.6217,15102.6,5435.02,5435.02,404901.0,145713.0,3.032,28.82,23.58,0.0000,0.13916315705305143,1.8827,0,29,120,2009-10-30
300026.SZ,2011-06-07,26.98,27.32,27.51,26.82,26.81,0.51,1.9,2626.78,7179.89,0.4833,0.4833,0.95,40.4399,38.4035,4.1133,10.7483,9.2717,0.6101,0.6101,15102.6,5435.02,5435.02,412603.0,148485.0,3.032,29.49,24.13,,,1.8827,0,29,120,2009-10-30
300026.SZ,2011-06-08,27.28,27.19,27.45,27.11,27.32,-0.13,-0.48,2544.81,6934.67,0.4682,0.4682,0.89,40.2475,38.2208,4.0937,10.6971,9.2276,0.613,0.613,15102.6,5435.02,5435.02,410640.0,147778.0,3.032,30.05,24.59,,,1.8827,0,29,120,2009-10-30
300026.SZ,2011-06-09,27.35,26.43,27.35,26.25,27.19,-0.76,-2.8,2777.82,7407.77,0.5111,0.5111,0.92,39.1225,37.1524,3.9793,10.3981,8.9696,0.6306,0.6306,15102.6,5435.02,5435.02,399162.0,143647.0,3.032,29.91,24.47,,,1.8827,0,29,120,2009-10-30
300026.SZ,2011-06-10,26.22,26.1,26.36,25.86,26.43,-0.33,-1.25,2385.75,6212.12,0.439,0.439,0.75,38.634,36.6886,3.9296,10.2683,8.8576,0.6386,0.6386,15102.6,5435.02,5435.02,394178.0,141854.0,3.032,29.07,23.79,,,1.8827,0,29,120,2009-10-30
300026.SZ,2011-06-13,26.1,26.3,26.5,25.8,26.1,0.2,0.77,1496.36,3923.74,0.2753,0.2753,0.49,38.9301,36.9697,3.9597,10.347,8.9255,0.6337,0.6337,15102.6,5435.02,5435.02,397198.0,142941.0,3.032,28.71,23.49,,,1.8827,0,29,120,2009-10-30
300026.SZ,2011-06-14,26.2,26.41,26.57,26.2,26.3,0.11,0.42,1025.45,2709.58,0.1887,0.1887,0.43,39.0929,37.1243,3.9763,10.3903,8.9629,0.6311,0.6311,15102.6,5435.02,5435.02,398860.0,143539.0,3.032,28.93,23.67,,,1.8827,0,29,120,2009-10-30
300026.SZ,2011-06-15,26.3,26.46,26.52,26.22,26.41,0.05,0.19,1736.53,4574.25,0.3195,0.3195,0.85,39.1669,37.1946,3.9838,10.4099,8.9798,0.6299,0.6299,15102.6,5435.02,5435.02,399615.0,143811.0,3.032,29.05,23.77,,,1.8827,0,29,120,2009-10-30
300026.SZ,2011-06-16,26.38,25.67,26.38,25.3,26.46,-0.79,-2.99,2914.48,7501.88,0.5362,0.5362,1.55,37.9975,36.0841,3.8649,10.0991,8.7117,0.6493,0.6493,15102.6,5435.02,5435.02,387684.0,139517.0,3.032,29.11,23.81,,,1.8827,0,29,120,2009-10-30
300026.SZ,2011-06-17,25.77,25.29,25.79,25.29,25.67,-0.38,-1.48,1166.14,2975.46,0.2146,0.2146,0.61,37.435,35.55,3.8077,9.9496,8.5828,0.659,0.659,15102.6,5435.02,5435.02,381945.0,137452.0,3.032,28.24,23.1,,,1.8827,0,29,120,2009-10-30
300026.SZ,2011-06-20,25.3,24.89,25.3,24.68,25.29,-0.4,-1.58,2864.61,7160.69,0.5271,0.5271,1.72,36.8429,34.9877,3.7474,9.7923,8.447,0.6696,0.6696,15102.6,5435.02,5435.02,375904.0,135278.0,3.032,27.82,22.76,,,1.8827,0,29,120,2009-10-30
300026.SZ,2011-06-21,25.14,25.83,26.0,24.73,24.89,0.94,3.78,5497.86,14018.7,1.0116,1.0116,2.83,38.2344,36.309,3.889,10.1621,8.766,0.6452,0.6452,15102.6,5435.02,5435.02,390100.0,140386.0,3.032,27.38,22.4,-0.0001,0.05756982565049979,1.8827,0,29,120,2009-10-30
300026.SZ,2011-06-22,25.8,26.01,26.49,25.8,25.83,0.18,0.7,3281.93,8560.15,0.6038,0.6038,1.16,38.5008,36.5621,3.9161,10.2329,8.8271,0.6408,0.6408,15102.6,5435.02,5435.02,392819.0,141365.0,3.032,28.41,23.25,0.0002,0.026099354551315436,1.8827,0,29,120,2009-10-30
300026.SZ,2011-06-23,25.89,26.9,27.08,25.8,26.01,0.89,3.42,5887.17,15667.9,1.0832,1.0832,1.87,39.8182,37.8131,4.0501,10.583,9.1291,0.6196,0.6196,15102.6,5435.02,5435.02,406260.0,146202.0,3.032,28.61,23.41,0.0000,0.11799582263154275,1.8827,0,29,120,2009-10-30
300026.SZ,2011-06-24,27.0,27.33,27.6,26.74,26.9,0.43,1.6,6925.18,18857.9,1.2742,1.2742,1.85,40.4547,38.4176,4.1148,10.7522,9.2751,0.6098,0.6098,15102.6,5435.02,5435.02,412754.0,148539.0,3.032,29.59,24.21,0.0000,0.09465025314146978,1.8827,0,29,120,2009-10-30
300026.SZ,2011-06-27,27.33,27.12,27.59,26.76,27.33,-0.21,-0.77,6609.91,17928.4,1.2162,1.2162,1.35,40.1439,38.1224,4.0832,10.6696,9.2038,0.6146,0.6146,15102.6,5435.02,5435.02,409582.0,147398.0,3.032,30.06,24.6,,,1.8827,0,29,120,2009-10-30
300026.SZ,2011-06-28,27.12,27.03,27.3,26.7,27.12,-0.09,-0.33,4948.86,13349.9,0.9106,0.9106,0.88,40.0106,37.9959,4.0696,10.6342,9.1733,0.6166,0.6166,15102.6,5435.02,5435.02,408223.0,146908.0,3.032,29.83,24.41,0.0000,0.19273133564416017,1.8827,0,29,120,2009-10-30
300026.SZ,2011-06-29,27.1,26.7,27.18,26.7,27.03,-0.33,-1.22,2588.49,6955.54,0.4763,0.4763,0.47,39.5222,37.532,4.0199,10.5043,9.0613,0.6242,0.6242,15102.6,5435.02,5435.02,403239.0,145115.0,3.032,29.73,24.33,,,1.8827,0,29,120,2009-10-30
300026.SZ,2011-06-30,26.82,26.67,26.98,26.58,26.7,-0.03,-0.11,4721.61,12616.9,0.8687,0.8687,0.88,39.4778,37.4898,4.0154,10.4925,9.0511,0.62,0.62,15102.6,5435.02,5435.02,402786.0,144952.0,3.032,29.37,24.03,,,1.8827,0,29,120,2009-10-30
300026.SZ,2011-07-01,26.7,27.41,27.45,26.7,26.67,0.74,2.77,9327.42,25267.1,1.7162,1.7162,1.81,40.5731,38.53,4.1268,10.7837,9.3022,0.61,0.61,15102.6,5435.02,5435.02,413962.0,148974.0,3.032,29.34,24.0,,,1.8827,0,29,120,2009-10-30
300026.SZ,2011-07-04,27.41,27.69,28.25,27.35,27.41,0.28,1.02,9209.71,25596.0,1.6945,1.6945,1.63,40.9876,38.9236,4.169,10.8938,9.3973,0.6,0.6,15102.6,5435.02,5435.02,418191.0,150496.0,3.032,30.15,24.67,,,1.8827,0,29,120,2009-10-30
300026.SZ,2011-07-05,27.7,27.88,27.97,27.32,27.69,0.19,0.69,5954.73,16420.3,1.0956,1.0956,0.97,41.2688,39.1907,4.1976,10.9686,9.4617,0.6,0.6,15102.6,5435.02,5435.02,421060.0,151528.0,3.032,30.46,24.92,0.0000,0.0813247488117176,1.8827,0,29,120,2009-10-30
300026.SZ,2011-07-06,27.65,27.69,27.83,27.35,27.88,-0.19,-0.68,3472.68,9589.95,0.6389,0.6389,0.55,40.9876,38.9236,4.169,10.8938,9.3973,0.6,0.6,15102.6,5435.02,5435.02,418191.0,150496.0,3.032,30.67,25.09,,,1.8827,0,29,120,2009-10-30
300026.SZ,2011-07-07,27.72,27.99,28.68,27.72,27.69,0.3,1.08,11044.4,31225.6,2.0321,2.0321,1.69,41.4317,39.3453,4.2142,11.0119,9.4991,0.6,0.6,15102.6,5435.02,5435.02,422722.0,152126.0,3.032,30.46,24.92,0.0000,0.3013690091791937,1.8827,0,29,120,2009-10-30
300026.SZ,2011-07-08,28.0,28.09,28.27,27.81,27.99,0.1,0.36,3687.35,10331.1,0.6784,0.6784,0.47,41.5797,39.4859,4.2292,11.0512,9.533,0.59,0.59,15102.6,5435.02,5435.02,424232.0,152670.0,3.032,30.79,25.19,,,1.8827,0,29,120,2009-10-30
300026.SZ,2011-07-11,27.91,28.49,28.6,27.91,28.09,0.4,1.42,7906.35,22314.2,1.4547,1.4547,1.18,42.1718,40.0482,4.2894,11.2086,9.6688,0.59,0.59,15102.6,5435.02,5435.02,430273.0,154844.0,3.032,30.9,25.28,-0.0001,-0.053839262419263824,1.8827,0,29,120,2009-10-30
300026.SZ,2011-07-12,28.46,28.21,28.46,27.79,28.49,-0.28,-0.98,5629.6,15846.3,1.0358,1.0358,0.88,41.7573,39.6546,4.2473,11.0984,9.5737,0.59,0.59,15102.6,5435.02,5435.02,426044.0,153322.0,3.032,31.34,25.64,,,1.8827,0,29,120,2009-10-30
300026.SZ,2011-07-13,28.15,28.8,29.05,27.92,28.21,0.59,2.09,10686.5,30458.1,1.9662,1.9662,1.68,42.6307,40.4839,4.3361,11.3305,9.774,0.58,0.58,15102.6,5435.02,5435.02,434955.0,156528.0,3.032,31.03,25.39,0.0000,-0.01164961370637522,1.8827,0,29,120,2009-10-30
300026.SZ,2011-07-14,29.07,29.39,29.85,28.8,28.8,0.59,2.05,16376.2,48267.0,3.0131,3.0131,2.1,43.504,41.3133,4.4249,11.5627,9.9742,0.57,0.57,15102.6,5435.02,5435.02,443865.0,159735.0,3.032,31.68,25.92,0.0001,-0.006502130209873248,1.8827,0,29,120,2009-10-30
300026.SZ,2011-07-15,30.1,30.8,30.87,29.46,29.39,1.41,4.8,23378.5,70775.5,4.3015,4.3015,2.64,45.5911,43.2953,4.6372,12.1174,10.4527,0.54,0.54,15102.6,5435.02,5435.02,465160.0,167399.0,3.032,32.33,26.45,0.0000,0.15435324593040167,1.8827,0,29,120,2009-10-30
300026.SZ,2011-07-18,31.2,30.19,32.4,29.9,30.8,-0.61,-1.98,25763.1,80232.3,4.7402,4.7402,2.01,44.6882,42.4378,4.5454,11.8774,10.2457,0.55,0.55,15102.6,5435.02,5435.02,455948.0,164083.0,3.032,33.88,27.72,0.0000,-0.09643639013896836,1.8827,0,29,120,2009-10-30
300026.SZ,2011-07-19,29.95,29.89,30.1,29.55,30.19,-0.3,-0.99,10075.0,29984.0,1.8537,1.8537,0.62,44.2441,42.0161,4.5002,11.7594,10.1439,0.56,0.56,15102.6,5435.02,5435.02,451417.0,162453.0,3.032,33.21,27.17,0.0000,0.00684863872118858,1.8827,0,29,120,2009-10-30
300026.SZ,2011-07-20,29.98,29.9,30.25,29.3,29.89,0.01,0.03,7150.43,21195.0,1.3156,1.3156,0.41,44.2589,42.0302,4.5017,11.7633,10.1473,0.56,0.56,15102.6,5435.02,5435.02,451568.0,162507.0,3.032,32.88,26.9,-0.0001,-0.02797878248729575,1.8827,0,29,120,2009-10-30
300026.SZ,2011-07-21,30.39,29.72,30.39,29.53,29.9,-0.18,-0.6,2898.29,8635.55,0.5333,0.5333,0.18,43.9925,41.7772,4.4746,11.6925,10.0862,0.56,0.56,15102.6,5435.02,5435.02,448849.0,161529.0,3.032,32.89,26.91,,,1.8827,0,29,120,2009-10-30
300026.SZ,2011-07-22,29.75,28.92,29.98,28.76,29.72,-0.8,-2.69,5262.73,15515.1,0.9683,0.9683,0.38,42.8083,40.6526,4.3542,11.3777,9.8147,0.58,0.58,15102.6,5435.02,5435.02,436767.0,157181.0,3.032,32.69,26.75,0.0001,-0.370938628197368,1.8827,0,29,120,2009-10-30
300026.SZ,2011-07-25,28.92,28.79,29.3,28.38,28.92,-0.13,-0.45,12363.3,35718.9,2.2747,2.2747,1.21,42.6158,40.4699,4.3346,11.3266,9.7706,0.58,0.58,15102.6,5435.02,5435.02,434804.0,156474.0,3.032,31.81,26.03,0.0000,0.020660966424702457,1.8827,0,29,120,2009-10-30
300026.SZ,2011-07-26,28.8,29.38,29.4,28.67,28.79,0.59,2.05,3494.87,10142.2,0.643,0.643,0.46,43.4892,41.2992,4.4234,11.5587,9.9708,0.57,0.57,15102.6,5435.02,5435.02,443714.0,159681.0,3.032,31.67,25.91,,,1.8827,0,29,120,2009-10-30
300026.SZ,2011-07-27,29.3,30.33,30.4,28.9,29.38,0.95,3.23,8563.35,25519.4,1.5756,1.5756,1.37,44.8954,42.6346,4.5665,11.9325,10.2932,0.55,0.55,15102.6,5435.02,5435.02,458062.0,164844.0,3.032,32.32,26.44,,,1.8827,0,29,120,2009-10-30
300026.SZ,2011-07-28,30.2,29.81,30.2,29.4,30.33,-0.52,-1.71,5893.17,17544.6,1.0843,1.0843,0.9,44.1257,39.8838,4.3845,11.7279,9.2169,0.56,0.56,15102.6,5435.02,5435.02,450208.0,162018.0,3.032,33.36,27.3,,,2.0636,0,29,120,2009-10-30
300026.SZ,2011-07-29,29.99,30.28,30.54,29.64,29.81,0.47,1.58,8226.62,24776.1,1.5136,1.5136,1.16,44.8214,40.5127,4.4536,11.9128,9.3623,0.55,0.55,15102.6,5435.02,5435.02,457307.0,164572.0,3.032,32.79,26.83,,,2.0636,0,29,120,2009-10-30
300026.SZ,2011-08-02,30.2,30.22,30.75,29.75,30.28,-0.06,-0.2,9403.75,28430.4,1.7302,1.7302,1.22,44.7326,40.4324,4.4448,11.8892,9.3437,0.55,0.55,15102.6,5435.02,5435.02,456401.0,164246.0,3.032,33.31,27.25,0.0000,-0.017438939785528282,2.0636,0,29,120,2009-10-30
300026.SZ,2011-08-03,29.92,29.66,30.8,29.6,30.22,-0.56,-1.85,10257.3,30952.5,1.8873,1.8873,1.44,43.9037,39.6831,4.3624,11.6689,9.1706,0.56,0.56,15102.6,5435.02,5435.02,447943.0,161203.0,3.032,33.24,27.2,0.0000,-0.03283234989579638,2.0636,0,29,120,2009-10-30
300026.SZ,2011-08-04,29.48,28.96,29.72,28.9,29.66,-0.7,-2.36,9540.36,27753.5,1.7554,1.7554,1.13,42.8675,38.7466,4.2594,11.3935,8.9541,0.58,0.58,15102.6,5435.02,5435.02,437371.0,157398.0,3.032,32.63,26.69,0.0001,-0.1792585023881627,2.0636,0,29,120,2009-10-30
300026.SZ,2011-08-05,27.98,28.6,28.9,27.88,28.96,-0.36,-1.24,14920.9,42128.1,2.7453,2.7453,1.72,42.3346,38.2649,4.2065,11.2518,8.8428,0.58,0.58,15102.6,5435.02,5435.02,431934.0,155441.0,3.032,31.86,26.06,0.0000,-0.04982238416853858,2.0636,0,29,120,2009-10-30
300026.SZ,2011-08-08,27.85,28.47,28.61,27.01,28.6,-0.13,-0.45,10293.3,28817.9,1.8939,1.8939,0.98,42.1422,38.091,4.1874,11.2007,8.8026,0.59,0.59,15102.6,5435.02,5435.02,429971.0,154735.0,3.032,31.46,25.74,0.0000,0.18788783077043056,2.0636,0,29,120,2009-10-30
300026.SZ,2011-08-09,27.99,28.12,28.8,27.3,28.47,-0.35,-1.23,5728.26,16142.8,1.054,1.054,0.53,41.6241,37.6227,4.1359,11.063,8.6944,0.59,0.59,15102.6,5435.02,5435.02,424685.0,152833.0,3.032,31.32,25.62,0.0000,-0.08090712547183544,2.0636,0,29,120,2009-10-30
300026.SZ,2011-08-10,28.49,28.84,28.96,28.4,28.12,0.72,2.56,5733.91,16483.9,1.055,1.055,0.57,42.6899,38.586,4.2418,11.3463,8.917,0.58,0.58,15102.6,5435.02,5435.02,435559.0,156746.0,3.032,30.93,25.31,,,2.0636,0,29,120,2009-10-30
300026.SZ,2011-08-11,28.5,29.58,29.58,28.4,28.84,0.74,2.57,13307.4,38640.2,2.4485,2.4485,1.44,43.7852,39.5761,4.3506,11.6374,9.1458,0.56,0.56,15102.6,5435.02,5435.02,446735.0,160768.0,3.032,31.72,25.96,0.0000,0.03440119221906089,2.0636,0,29,120,2009-10-30
300026.SZ,2011-08-12,29.81,30.0,30.15,29.52,29.58,0.42,1.42,16207.3,48369.0,2.982,2.982,1.62,44.4069,40.138,4.4124,11.8026,9.2757,0.56,0.56,15102.6,5435.02,5435.02,453078.0,163050.0,3.032,32.54,26.62,0.0000,-0.07945217423504487,2.0636,0,29,120,2009-10-30
300026.SZ,2011-08-15,30.07,29.96,30.5,29.69,30.0,-0.04,-0.13,8231.35,24817.7,1.5145,1.5145,0.8,44.3477,40.0845,4.4065,11.7869,9.2633,0.56,0.56,15102.6,5435.02,5435.02,452474.0,162833.0,3.032,33.0,27.0,,,2.0636,0,29,120,2009-10-30
300026.SZ,2011-08-16,30.01,29.75,30.01,29.51,29.96,-0.21,-0.7,7258.98,21599.0,1.3356,1.3356,0.74,44.0369,39.8035,4.3756,11.7043,9.1984,0.56,0.56,15102.6,5435.02,5435.02,449302.0,161692.0,3.032,32.96,26.96,,,2.0636,0,29,120,2009-10-30
300026.SZ,2011-08-17,29.5,29.63,29.87,29.3,29.75,-0.12,-0.4,4137.42,12251.7,0.7613,0.7613,0.41,43.8592,39.643,4.358,11.6571,9.1613,0.56,0.56,15102.6,5435.02,5435.02,447490.0,161040.0,3.032,32.73,26.78,,,2.0636,0,29,120,2009-10-30
300026.SZ,2011-08-18,29.3,29.2,29.75,29.2,29.63,-0.43,-1.45,4300.46,12666.5,0.7913,0.7913,0.44,43.2227,39.0677,4.2947,11.4879,9.0283,0.57,0.57,15102.6,5435.02,5435.02,440996.0,158702.0,3.032,32.59,26.67,0.0000,-0.04222418104703429,2.0636,0,29,120,2009-10-30
300026.SZ,2011-08-19,28.65,29.26,29.28,28.65,29.2,0.06,0.21,3460.58,10034.1,0.6367,0.6367,0.43,43.3116,39.148,4.3036,11.5115,9.0469,0.57,0.57,15102.6,5435.02,5435.02,441902.0,159029.0,3.032,32.12,26.28,,,2.0636,0,29,120,2009-10-30
300026.SZ,2011-08-22,29.33,28.2,29.35,27.92,29.26,-1.06,-3.62,13067.9,37131.8,2.4044,2.4044,2.39,41.7425,37.7297,4.1477,11.0945,8.7191,0.59,0.59,15102.6,5435.02,5435.02,425893.0,153267.0,3.032,32.19,26.33,,,2.0636,0,29,120,2009-10-30
300026.SZ,2011-08-23,28.21,28.38,28.44,27.36,28.2,0.18,0.64,10244.5,28579.5,1.8849,1.8849,1.59,42.009,37.9706,4.1741,11.1653,8.7748,0.59,0.59,15102.6,5435.02,5435.02,428612.0,154246.0,3.032,31.02,25.38,,,2.0636,0,29,120,2009-10-30
300026.SZ,2011-08-24,28.28,28.44,29.4,28.02,28.38,0.06,0.21,11411.7,32751.6,2.0997,2.0997,1.62,42.0978,38.0509,4.183,11.1889,8.7933,0.59,0.59,15102.6,5435.02,5435.02,429518.0,154572.0,3.032,31.22,25.54,,,2.0636,0,29,120,2009-10-30
300026.SZ,2011-08-25,28.33,28.35,28.5,27.6,28.44,-0.09,-0.32,8437.72,23679.9,1.5525,1.5525,0.99,41.9645,37.9304,4.1697,11.1535,8.7655,0.59,0.59,15102.6,5435.02,5435.02,428159.0,154083.0,3.032,31.28,25.6,0.0001,-0.23697509106154477,2.0636,0,29,120,2009-10-30
300026.SZ,2011-08-26,28.29,28.54,28.69,28.16,28.35,0.19,0.67,7570.68,21567.8,1.3929,1.3929,0.81,42.2458,38.1846,4.1977,11.2282,8.8243,0.58,0.58,15102.6,5435.02,5435.02,431028.0,155115.0,3.032,31.19,25.52,,,2.0636,0,29,120,2009-10-30
300026.SZ,2011-08-29,28.58,28.75,28.93,28.2,28.54,0.21,0.74,11731.3,33603.8,2.1585,2.1585,1.16,42.5566,38.4656,4.2286,11.3109,8.8892,0.58,0.58,15102.6,5435.02,5435.02,434200.0,156257.0,3.032,31.39,25.69,,,2.0636,0,29,120,2009-10-30
300026.SZ,2011-08-30,28.79,27.8,29.1,27.61,28.75,-0.95,-3.3,10777.7,30804.9,1.983,1.983,1.09,41.1504,37.1946,4.0888,10.9371,8.5955,0.6,0.6,15102.6,5435.02,5435.02,419852.0,151093.0,3.032,31.63,25.88,0.0000,0.0409539068865699,2.0636,0,29,120,2009-10-30
300026.SZ,2011-08-31,27.8,27.25,28.1,27.16,27.8,-0.55,-1.98,8703.87,23912.8,1.6014,1.6014,0.87,40.3363,36.4587,4.0079,10.7207,8.4254,0.61,0.61,15102.6,5435.02,5435.02,411546.0,148104.0,3.032,30.58,25.02,,,2.0636,0,29,120,2009-10-30
300026.SZ,2011-09-01,27.25,27.0,27.54,26.88,27.25,-0.25,-0.92,8240.19,22317.1,1.5161,1.5161,0.87,39.9662,36.1242,3.9712,10.6224,8.3481,0.62,0.62,15102.6,5435.02,5435.02,407770.0,146745.0,3.032,29.98,24.53,0.0000,-0.40688203009062707,2.0636,0,29,120,2009-10-30
300026.SZ,2011-09-02,26.99,26.66,27.23,26.65,27.0,-0.34,-1.26,4206.47,11256.0,0.774,0.774,0.45,39.463,35.6693,3.9212,10.4886,8.243,0.63,0.63,15102.6,5435.02,5435.02,402635.0,144898.0,3.032,29.7,24.3,,,2.0636,0,29,120,2009-10-30
300026.SZ,2011-09-05,26.59,26.5,26.8,26.3,26.66,-0.16,-0.6,4921.52,13088.8,0.9055,0.9055,0.56,39.2261,35.4553,3.8976,10.4257,8.1935,0.63,0.63,15102.6,5435.02,5435.02,400219.0,144028.0,3.032,29.33,23.99,0.0000,0.0340971938510732,2.0636,0,29,120,2009-10-30
300026.SZ,2011-09-06,26.25,26.69,26.7,26.25,26.5,0.19,0.72,2121.7,5630.67,0.3904,0.3904,0.29,39.5074,35.7095,3.9256,10.5004,8.2523,0.62,0.62,15102.6,5435.02,5435.02,403088.0,145061.0,3.032,29.15,23.85,,,2.0636,0,29,120,2009-10-30
300026.SZ,2011-09-07,26.69,27.03,27.2,26.67,26.69,0.34,1.27,4049.12,10904.8,0.745,0.745,0.72,40.0106,36.1644,3.9756,10.6342,8.3574,0.62,0.62,15102.6,5435.02,5435.02,408223.0,146908.0,3.032,29.36,24.02,,,2.0636,0,29,120,2009-10-30
300026.SZ,2011-09-08,27.13,26.68,27.2,26.66,27.03,-0.35,-1.29,2658.72,7141.28,0.4892,0.4892,0.56,39.4926,35.6961,3.9241,10.4965,8.2492,0.62,0.62,15102.6,5435.02,5435.02,402937.0,145006.0,3.032,29.73,24.33,,,2.0636,0,29,120,2009-10-30
300026.SZ,2011-09-09,26.62,26.5,26.94,26.22,26.68,-0.18,-0.67,5079.54,13423.5,0.9346,0.9346,1.41,39.2261,35.4553,3.8976,10.4257,8.1935,0.63,0.63,15102.6,5435.02,5435.02,400219.0,144028.0,3.032,29.35,24.01,-0.0001,0.03818090317763502,2.0636,0,29,120,2009-10-30
300026.SZ,2011-09-13,26.21,26.34,26.46,26.03,26.5,-0.16,-0.6,2266.47,5944.83,0.417,0.417,0.6,38.9893,35.2412,3.8741,10.3627,8.144,0.63,0.63,15102.6,5435.02,5435.02,397802.0,143158.0,3.032,29.15,23.85,,,2.0636,0,29,120,2009-10-30
300026.SZ,2011-09-14,26.27,26.95,26.99,26.27,26.34,0.61,2.32,3426.63,9154.72,0.6305,0.6305,1.06,39.8922,36.0573,3.9638,10.6027,8.3327,0.62,0.62,15102.6,5435.02,5435.02,407015.0,146474.0,3.032,28.97,23.71,,,2.0636,0,29,120,2009-10-30
300026.SZ,2011-09-15,27.0,26.96,27.37,26.81,26.95,0.01,0.04,2473.05,6696.82,0.455,0.455,0.71,39.907,36.0707,3.9653,10.6066,8.3357,0.62,0.62,15102.6,5435.02,5435.02,407166.0,146528.0,3.032,29.65,24.26,,,2.0636,0,29,120,2009-10-30
300026.SZ,2011-09-16,27.2,26.63,27.2,26.6,26.96,-0.33,-1.22,2393.0,6442.36,0.4403,0.4403,0.75,39.4186,35.6292,3.9167,10.4768,8.2337,0.63,0.63,15102.6,5435.02,5435.02,402182.0,144734.0,3.032,29.66,24.26,,,2.0636,0,29,120,2009-10-30
300026.SZ,2011-09-19,26.65,26.37,26.65,26.22,26.63,-0.26,-0.98,1219.06,3206.69,0.2243,0.2243,0.39,39.0337,35.2813,3.8785,10.3745,8.1533,0.63,0.63,15102.6,5435.02,5435.02,398256.0,143321.0,3.032,29.29,23.97,,,2.0636,0,29,120,2009-10-30
300026.SZ,2011-09-20,26.32,26.86,27.04,26.32,26.37,0.49,1.86,1675.49,4483.36,0.3083,0.3083,0.71,39.759,35.9369,3.9506,10.5673,8.3048,0.62,0.62,15102.6,5435.02,5435.02,405656.0,145985.0,3.032,29.01,23.73,,,2.0636,0,29,120,2009-10-30
300026.SZ,2011-09-21,26.87,27.26,27.3,26.59,26.86,0.4,1.49,4040.79,10950.8,0.7435,0.7435,1.81,40.3511,36.4721,4.0094,10.7247,8.4285,0.61,0.61,15102.6,5435.02,5435.02,411697.0,148159.0,3.032,29.55,24.17,0.0000,-0.35215431288990157,2.0636,0,29,120,2009-10-30
300026.SZ,2011-09-22,27.27,26.51,27.27,26.51,27.26,-0.75,-2.75,1685.17,4533.08,0.3101,0.3101,0.71,39.2409,35.4686,3.8991,10.4296,8.1966,0.63,0.63,15102.6,5435.02,5435.02,400370.0,144082.0,3.032,29.99,24.53,0.0000,-1.0,2.0636,0,29,120,2009-10-30
300026.SZ,2011-09-23,26.4,26.19,26.4,25.56,26.51,-0.32,-1.21,3575.68,9278.89,0.6579,0.6579,1.62,38.7672,35.0405,3.852,10.3037,8.0977,0.64,0.64,15102.6,5435.02,5435.02,395537.0,142343.0,3.032,29.16,23.86,-0.0001,-0.09906066216892329,2.0636,0,29,120,2009-10-30
300026.SZ,2011-09-26,26.12,25.5,26.12,25.5,26.19,-0.69,-2.63,1145.0,2949.55,0.2107,0.2107,0.47,37.7459,34.1173,3.7505,10.0322,7.8843,0.65,0.65,15102.6,5435.02,5435.02,385116.0,138593.0,3.032,28.81,23.57,-0.0004,-1.0,2.0636,0,29,120,2009-10-30
300026.SZ,2011-09-27,25.49,25.47,25.72,25.26,25.5,-0.03,-0.12,2435.17,6197.88,0.4481,0.4481,1.0,37.7015,34.0772,3.7461,10.0204,7.8751,0.65,0.65,15102.6,5435.02,5435.02,384663.0,138430.0,3.032,28.05,22.95,0.0000,0.15494504250732652,2.0636,0,29,120,2009-10-30
300026.SZ,2011-09-28,25.85,25.21,25.89,25.2,25.47,-0.26,-1.02,1626.0,4159.48,0.2992,0.2992,0.63,37.3166,33.7293,3.7079,9.9181,7.7947,0.66,0.66,15102.6,5435.02,5435.02,380737.0,137017.0,3.032,28.02,22.92,0.0000,0.2563060307604694,2.0636,0,29,120,2009-10-30
300026.SZ,2011-09-29,25.18,24.6,25.2,24.6,25.21,-0.61,-2.42,2788.52,6934.96,0.5131,0.5131,1.33,36.4137,32.9132,3.6182,9.6782,7.6061,0.68,0.68,15102.6,5435.02,5435.02,371524.0,133701.0,3.032,27.73,22.69,0.0000,-0.09991865058889263,2.0636,0,29,120,2009-10-30
300026.SZ,2011-09-30,24.6,25.13,25.13,23.81,24.6,0.53,2.15,4979.44,12121.2,0.9162,0.9162,2.15,37.1982,33.6223,3.6961,9.8867,7.7699,0.66,0.66,15102.6,5435.02,5435.02,379528.0,136582.0,3.032,27.06,22.14,0.0001,0.03778908131884872,2.0636,0,29,120,2009-10-30
300026.SZ,2011-10-10,24.67,24.31,24.87,24.21,25.13,-0.82,-3.26,2871.09,7022.04,0.5283,0.5283,1.11,35.9844,32.5252,3.5755,9.5641,7.5164,0.69,0.69,15102.6,5435.02,5435.02,367144.0,132125.0,3.032,27.64,22.62,-0.0002,-0.2891619243326302,2.0636,0,29,120,2009-10-30
300026.SZ,2011-10-11,24.98,24.31,25.0,24.0,24.31,0.0,0.0,3450.66,8470.02,0.6349,0.6349,1.17,35.9844,32.5252,3.5755,9.5641,7.5164,0.69,0.69,15102.6,5435.02,5435.02,367144.0,132125.0,3.032,26.74,21.88,0.0001,0.2756266332581312,2.0636,0,29,120,2009-10-30
300026.SZ,2011-10-12,24.18,25.45,25.6,23.9,24.31,1.14,4.69,3555.03,8829.83,0.6541,0.6541,1.13,37.6719,34.0504,3.7432,10.0126,7.8689,0.65,0.65,15102.6,5435.02,5435.02,384361.0,138321.0,3.032,26.74,21.88,0.0000,0.302134378656772,2.0636,0,29,120,2009-10-30
300026.SZ,2011-10-13,25.28,25.35,25.75,25.1,25.45,-0.1,-0.39,2674.25,6813.62,0.492,0.492,0.76,37.5239,33.9166,3.7285,9.9732,7.838,0.66,0.66,15102.6,5435.02,5435.02,382851.0,137778.0,3.032,28.0,22.91,-0.0002,-0.06763220378675673,2.0636,0,29,120,2009-10-30
300026.SZ,2011-10-14,25.3,25.01,25.3,24.76,25.35,-0.34,-1.34,2494.57,6235.77,0.459,0.459,0.71,37.0206,33.4617,3.6785,9.8395,7.7328,0.67,0.67,15102.6,5435.02,5435.02,377716.0,135930.0,3.032,27.89,22.82,0.0000,-0.08063743367375381,2.0636,0,29,120,2009-10-30
300026.SZ,2011-10-17,25.25,25.3,25.76,24.35,25.01,0.29,1.16,4026.4,10194.9,0.7408,0.7408,1.34,37.4498,33.8497,3.7211,9.9536,7.8225,0.66,0.66,15102.6,5435.02,5435.02,382096.0,137506.0,3.032,27.51,22.51,0.0000,-0.1471272858134688,2.0636,0,29,120,2009-10-30
300026.SZ,2011-10-18,25.19,24.42,25.29,24.35,25.3,-0.88,-3.48,2490.71,6137.75,0.4583,0.4583,0.77,36.1472,32.6724,3.5917,9.6073,7.5504,0.68,0.68,15102.6,5435.02,5435.02,368806.0,132723.0,3.032,27.83,22.77,0.0000,-0.3587117428122129,2.0636,0,29,120,2009-10-30
300026.SZ,2011-10-19,24.4,24.44,24.59,23.9,24.42,0.02,0.08,3947.19,9542.86,0.7263,0.7263,1.29,36.1768,32.6991,3.5946,9.6152,7.5566,0.68,0.68,15102.6,5435.02,5435.02,369108.0,132832.0,3.032,26.86,21.98,-0.0001,-0.36068628802762653,2.0636,0,29,120,2009-10-30
300026.SZ,2011-10-20,24.43,23.58,24.43,22.91,24.44,-0.86,-3.52,5540.39,12972.1,1.0194,1.0194,1.77,34.9038,31.5485,3.4682,9.2769,7.2907,0.71,0.71,15102.6,5435.02,5435.02,356119.0,128158.0,3.032,26.88,22.0,0.0000,-0.05966818429248274,2.0636,0,29,120,2009-10-30
300026.SZ,2011-10-21,23.21,22.72,23.55,22.7,23.58,-0.86,-3.65,3127.67,7192.98,0.5755,0.5755,0.85,33.6308,29.0537,3.7041,8.9385,6.4978,0.73,0.73,15102.6,5435.02,5435.02,343131.0,123484.0,3.032,25.94,21.22,0.0000,-0.15148270025323077,3.5877,0,29,120,2009-10-30
300026.SZ,2011-10-24,22.73,23.31,23.5,22.62,22.72,0.59,2.6,2158.05,4959.93,0.3971,0.3971,0.56,34.5042,29.8081,3.8002,9.1706,6.6666,0.72,0.72,15102.6,5435.02,5435.02,352042.0,126690.0,3.032,24.99,20.45,0.0002,0.2841453918366892,3.5877,0,29,120,2009-10-30
300026.SZ,2011-10-25,23.12,24.44,24.48,23.12,23.31,1.13,4.85,4297.9,10327.9,0.7908,0.7908,1.24,36.1768,31.2531,3.9845,9.6152,6.9898,0.68,0.68,15102.6,5435.02,5435.02,369108.0,132832.0,3.032,25.64,20.98,0.0000,0.19453677696377888,3.5877,0,29,120,2009-10-30
300026.SZ,2011-10-26,24.43,24.41,25.0,24.18,24.44,-0.03,-0.12,5793.94,14351.3,1.066,1.066,1.52,36.1324,31.2148,3.9796,9.6034,6.9812,0.68,0.68,15102.6,5435.02,5435.02,368654.0,132669.0,3.032,26.88,22.0,-0.0001,0.05215154935431973,3.5877,0,29,120,2009-10-30
300026.SZ,2011-10-27,24.56,24.38,24.93,24.35,24.41,-0.03,-0.12,1452.4,3570.99,0.2672,0.2672,0.35,36.088,31.1764,3.9747,9.5916,6.9726,0.68,0.68,15102.6,5435.02,5435.02,368201.0,132506.0,3.032,26.85,21.97,-0.0004,0.6995386311665888,3.5877,0,29,120,2009-10-30
300026.SZ,2011-10-28,24.49,25.09,25.09,24.35,24.38,0.71,2.91,2937.04,7262.91,0.5404,0.5404,0.87,37.139,32.0843,4.0904,9.8709,7.1757,0.66,0.66,15102.6,5435.02,5435.02,378924.0,136365.0,3.032,26.82,21.94,0.0002,0.0659935065131062,3.5877,0,29,120,2009-10-30
300026.SZ,2011-10-31,25.24,27.0,27.0,24.82,25.09,1.91,7.61,6364.44,16075.6,1.171,1.171,1.91,39.9662,34.5268,4.4018,10.6224,7.7219,0.62,0.62,15102.6,5435.02,5435.02,407770.0,146745.0,3.032,27.6,22.58,0.0000,-0.10866216705812605,3.5877,0,29,120,2009-10-30
300026.SZ,2011-11-01,25.5,26.8,27.09,25.41,27.0,-0.2,-0.74,10310.7,27295.4,1.8971,1.8971,2.47,39.6702,34.271,4.3692,10.5437,7.6647,0.62,0.62,15102.6,5435.02,5435.02,404750.0,145658.0,3.032,29.7,24.3,0.0000,0.1310458418728118,3.5877,0,29,120,2009-10-30
300026.SZ,2011-11-02,26.2,26.68,27.1,25.72,26.8,-0.12,-0.45,6007.53,15890.3,1.1053,1.1053,1.12,39.4926,34.1176,4.3497,10.4965,7.6304,0.62,0.62,15102.6,5435.02,5435.02,402937.0,145006.0,3.032,29.48,24.12,0.0000,-0.012550796762939279,3.5877,0,29,120,2009-10-30
300026.SZ,2011-11-03,26.9,26.61,27.38,26.51,26.68,-0.07,-0.26,6454.08,17233.1,1.1875,1.1875,1.19,39.3889,34.0281,4.3382,10.4689,7.6104,0.63,0.63,15102.6,5435.02,5435.02,401880.0,144626.0,3.032,29.35,24.01,0.0000,-0.452275021116068,3.5877,0,29,120,2009-10-30
300026.SZ,2011-11-04,26.61,26.73,27.08,26.61,26.61,0.12,0.45,8437.95,22725.1,1.5525,1.5525,1.32,39.5666,34.1815,4.3578,10.5161,7.6447,0.62,0.62,15102.6,5435.02,5435.02,403692.0,145278.0,3.032,29.27,23.95,0.0001,0.07305468028144951,3.5877,0,29,120,2009-10-30
300026.SZ,2011-11-07,26.94,26.2,26.94,26.02,26.73,-0.53,-1.98,2107.93,5596.51,0.3878,0.3878,0.28,38.7821,33.5038,4.2714,10.3076,7.4931,0.64,0.64,15102.6,5435.02,5435.02,395688.0,142397.0,3.032,29.4,24.06,0.0000,0.02400697392395068,3.5877,0,29,120,2009-10-30
300026.SZ,2011-11-08,26.22,25.65,26.57,25.6,26.2,-0.55,-2.1,2930.56,7630.2,0.5392,0.5392,0.44,37.9679,32.8005,4.1817,10.0913,7.3358,0.65,0.65,15102.6,5435.02,5435.02,387382.0,139408.0,3.032,28.82,23.58,0.0002,-0.2730738071144497,3.5877,0,29,120,2009-10-30
300026.SZ,2011-11-09,25.99,26.16,26.2,25.52,25.65,0.51,1.99,2827.91,7316.26,0.5203,0.5203,0.55,38.7228,33.4526,4.2649,10.2919,7.4817,0.64,0.64,15102.6,5435.02,5435.02,395084.0,142180.0,3.032,28.22,23.09,-0.0002,-0.03910385348117472,3.5877,0,29,120,2009-10-30
300026.SZ,2011-11-10,26.06,26.33,26.81,25.85,26.16,0.17,0.65,4912.03,12957.3,0.9038,0.9038,1.08,38.9745,33.67,4.2926,10.3588,7.5303,0.63,0.63,15102.6,5435.02,5435.02,397651.0,143104.0,3.032,28.78,23.54,0.0000,-0.08730229249575092,3.5877,0,29,120,2009-10-30
300026.SZ,2011-11-11,26.28,26.55,26.66,26.15,26.33,0.22,0.84,3621.09,9580.25,0.6663,0.6663,0.85,39.3001,33.9513,4.3285,10.4453,7.5932,0.63,0.63,15102.6,5435.02,5435.02,400974.0,144300.0,3.032,28.96,23.7,0.0001,0.2427390213170666,3.5877,0,29,120,2009-10-30
300026.SZ,2011-11-14,26.67,27.19,27.2,26.67,26.55,0.64,2.41,8944.64,24202.4,1.6457,1.6457,2.73,40.2475,34.7698,4.4328,10.6971,7.7762,0.61,0.61,15102.6,5435.02,5435.02,410640.0,147778.0,3.032,29.21,23.9,0.0000,0.03920371959038194,3.5877,0,29,120,2009-10-30
300026.SZ,2011-11-15,27.22,28.29,28.3,27.1,27.19,1.1,4.05,15269.1,42432.2,2.8094,2.8094,3.29,41.8757,36.1764,4.6121,11.1299,8.0908,0.59,0.59,15102.6,5435.02,5435.02,427253.0,153757.0,3.032,29.91,24.47,0.0000,0.2385464959041407,3.5877,0,29,120,2009-10-30
300026.SZ,2011-11-16,28.1,27.72,28.3,27.7,28.29,-0.57,-2.01,10490.3,29335.9,1.9301,1.9301,1.47,41.032,35.4475,4.5192,10.9056,7.9278,0.6,0.6,15102.6,5435.02,5435.02,418644.0,150659.0,3.032,31.12,25.46,0.0000,0.020638160682301242,3.5877,0,29,120,2009-10-30
300026.SZ,2011-11-17,27.88,28.6,28.78,27.81,27.72,0.88,3.17,12129.4,34384.6,2.2317,2.2317,1.4,42.3346,36.5728,4.6627,11.2518,8.1795,0.58,0.58,15102.6,5435.02,5435.02,431934.0,155441.0,3.032,30.49,24.95,0.0000,0.12690904132409997,3.5877,0,29,120,2009-10-30
300026.SZ,2011-11-18,28.28,28.09,28.64,27.5,28.6,-0.51,-1.78,9125.45,25705.5,1.679,1.679,0.9,41.5797,35.9206,4.5795,11.0512,8.0336,0.59,0.59,15102.6,5435.02,5435.02,424232.0,152670.0,3.032,31.46,25.74,-0.0001,0.14975568403018036,3.5877,0,29,120,2009-10-30
300026.SZ,2011-11-21,28.0,28.13,28.34,27.67,28.09,0.04,0.14,5392.94,15141.6,0.9923,0.9923,0.48,41.6389,35.9718,4.5861,11.0669,8.0451,0.59,0.59,15102.6,5435.02,5435.02,424836.0,152887.0,3.032,30.9,25.28,0.0000,0.2220786353532651,3.5877,0,29,120,2009-10-30
300026.SZ,2011-11-22,27.99,27.9,28.02,26.73,28.13,-0.23,-0.82,9280.47,25327.1,1.7075,1.7075,0.89,41.2984,35.6777,4.5486,10.9765,7.9793,0.6,0.6,15102.6,5435.02,5435.02,421363.0,151637.0,3.032,30.94,25.32,0.0001,-0.009403694086950246,3.5877,0,29,120,2009-10-30
300026.SZ,2011-11-23,27.53,28.1,28.16,27.3,27.9,0.2,0.72,6503.81,18089.9,1.1966,1.1966,0.7,41.5945,35.9334,4.5812,11.0551,8.0365,0.59,0.59,15102.6,5435.02,5435.02,424383.0,152724.0,3.032,30.69,25.11,0.0001,0.21436180159206525,3.5877,0,29,120,2009-10-30
300026.SZ,2011-11-24,27.63,28.13,28.35,27.63,28.1,0.03,0.11,4911.29,13818.3,0.9036,0.9036,0.58,41.6389,35.9718,4.5861,11.0669,8.0451,0.59,0.59,15102.6,5435.02,5435.02,424836.0,152887.0,3.032,30.91,25.29,0.0000,0.18269609195346992,3.5877,0,29,120,2009-10-30
300026.SZ,2011-11-25,28.28,27.77,28.3,27.46,28.13,-0.36,-1.28,6947.92,19252.0,1.2784,1.2784,0.99,41.106,35.5114,4.5274,10.9253,7.9421,0.6,0.6,15102.6,5435.02,5435.02,419399.0,150930.0,3.032,30.94,25.32,0.0000,-0.09349726360433264,3.5877,0,29,120,2009-10-30
300026.SZ,2011-11-28,28.0,27.85,28.0,27.27,27.77,0.08,0.29,4728.35,13016.3,0.87,0.87,0.72,41.2244,35.6137,4.5404,10.9568,7.965,0.6,0.6,15102.6,5435.02,5435.02,420607.0,151365.0,3.032,30.55,24.99,-0.0001,0.23965136737548015,3.5877,0,29,120,2009-10-30
300026.SZ,2011-11-29,28.0,28.98,29.17,27.81,27.85,1.13,4.06,11004.3,31257.0,2.0247,2.0247,1.7,42.8971,37.0588,4.7246,11.4013,8.2882,0.58,0.58,15102.6,5435.02,5435.02,437673.0,157507.0,3.032,30.64,25.07,0.0000,0.12470853567682509,3.5877,0,29,120,2009-10-30
300026.SZ,2011-11-30,29.09,27.3,29.35,27.3,28.98,-1.68,-5.8,18946.2,53817.2,3.486,3.486,2.78,40.4103,34.9104,4.4507,10.7404,7.8077,0.61,0.61,15102.6,5435.02,5435.02,412301.0,148376.0,3.032,31.88,26.08,0.0000,-0.32047395568415016,3.5877,0,29,120,2009-10-30
300026.SZ,2011-12-01,27.98,27.72,28.98,27.53,27.3,0.42,1.54,13963.5,39413.1,2.5692,2.5692,1.5,41.032,35.4475,4.5192,10.9056,7.9278,0.6,0.6,15102.6,5435.02,5435.02,418644.0,150659.0,3.032,30.03,24.57,0.0000,0.29801000857123205,3.5877,0,29,120,2009-10-30
300026.SZ,2011-12-02,27.41,27.0,27.69,26.66,27.72,-0.72,-2.6,8992.93,24222.7,1.6546,1.6546,0.81,39.9662,34.5268,4.4018,10.6224,7.7219,0.62,0.62,15102.6,5435.02,5435.02,407770.0,146745.0,3.032,30.49,24.95,-0.0001,0.05087887570748729,3.5877,0,29,120,2009-10-30
300026.SZ,2011-12-05,27.2,26.2,27.21,25.01,27.0,-0.8,-2.96,9228.73,24058.7,1.698,1.698,0.8,38.7821,33.5038,4.2714,10.3076,7.4931,0.64,0.64,15102.6,5435.02,5435.02,395688.0,142397.0,3.032,29.7,24.3,0.0000,-0.004522383719666937,3.5877,0,29,120,2009-10-30
300026.SZ,2011-12-06,26.13,26.02,26.24,25.71,26.2,-0.18,-0.69,2546.0,6641.45,0.4684,0.4684,0.2,38.5156,33.2736,4.2421,10.2368,7.4416,0.64,0.64,15102.6,5435.02,5435.02,392970.0,141419.0,3.032,28.82,23.58,0.0000,-0.04508377079329618,3.5877,0,29,120,2009-10-30
300026.SZ,2011-12-07,26.0,26.09,26.35,25.93,26.02,0.07,0.27,2462.14,6409.83,0.453,0.453,0.23,38.6192,33.3631,4.2535,10.2644,7.4616,0.64,0.64,15102.6,5435.02,5435.02,394027.0,141800.0,3.032,28.62,23.42,0.0000,0.2776318044405369,3.5877,0,29,120,2009-10-30
300026.SZ,2011-12-08,25.58,26.18,26.4,25.5,26.09,0.09,0.35,10062.0,26217.2,1.8513,1.8513,1.35,38.7524,33.4782,4.2681,10.2998,7.4874,0.64,0.64,15102.6,5435.02,5435.02,395386.0,142289.0,3.032,28.7,23.48,0.0000,0.024439179861534658,3.5877,0,29,120,2009-10-30
300026.SZ,2011-12-09,25.88,26.5,26.79,25.85,26.18,0.32,1.22,6596.13,17499.3,1.2136,1.2136,0.99,39.2261,33.8874,4.3203,10.4257,7.5789,0.63,0.63,15102.6,5435.02,5435.02,400219.0,144028.0,3.032,28.8,23.56,-0.0001,0.18798928674376686,3.5877,0,29,120,2009-10-30
300026.SZ,2011-12-12,26.31,26.71,26.71,26.23,26.5,0.21,0.79,2027.69,5355.48,0.3731,0.3731,0.33,39.537,34.1559,4.3545,10.5083,7.639,0.62,0.62,15102.6,5435.02,5435.02,403390.0,145169.0,3.032,29.15,23.85,-0.0003,0.10871228856477311,3.5877,0,29,120,2009-10-30
300026.SZ,2011-12-13,26.1,25.6,26.65,25.52,26.71,-1.11,-4.16,6958.59,17930.6,1.2803,1.2803,1.47,37.8939,32.7365,4.1736,10.0716,7.3215,0.65,0.65,15102.6,5435.02,5435.02,386627.0,139136.0,3.032,29.38,24.04,-0.0001,-0.26762671753244804,3.5877,0,29,120,2009-10-30
300026.SZ,2011-12-14,24.8,24.91,25.8,24.8,25.6,-0.69,-2.7,2760.06,6922.38,0.5078,0.5078,0.49,36.8726,31.8542,4.0611,9.8001,7.1242,0.67,0.67,15102.6,5435.02,5435.02,376206.0,135386.0,3.032,28.16,23.04,0.0000,-0.055290274786290665,3.5877,0,29,120,2009-10-30
300026.SZ,2011-12-15,24.61,24.57,25.12,24.33,24.91,-0.34,-1.36,2340.33,5757.32,0.4306,0.4306,0.41,36.3693,31.4194,4.0057,9.6664,7.0269,0.68,0.68,15102.6,5435.02,5435.02,371071.0,133538.0,3.032,27.4,22.42,0.0002,-0.15879845942216816,3.5877,0,29,120,2009-10-30
300026.SZ,2011-12-16,24.23,25.27,25.35,24.23,24.57,0.7,2.85,1136.0,2808.31,0.209,0.209,0.27,37.4054,32.3145,4.1198,9.9418,7.2271,0.66,0.66,15102.6,5435.02,5435.02,381643.0,137343.0,3.032,27.03,22.11,-0.0004,1.0,3.5877,0,29,120,2009-10-30
300026.SZ,2011-12-19,24.99,25.35,25.35,24.15,25.27,0.08,0.32,1276.64,3184.72,0.2349,0.2349,0.42,37.5239,32.4168,4.1328,9.9732,7.25,0.66,0.66,15102.6,5435.02,5435.02,382851.0,137778.0,3.032,27.8,22.74,0.0000,,3.5877,0,29,120,2009-10-30
300026.SZ,2011-12-20,25.33,25.46,26.13,25.33,25.35,0.11,0.43,2560.0,6606.9,0.471,0.471,0.88,37.6867,32.5575,4.1508,10.0165,7.2815,0.65,0.65,15102.6,5435.02,5435.02,384512.0,138376.0,3.032,27.89,22.82,0.0000,0.044337482541166026,3.5877,0,29,120,2009-10-30
300026.SZ,2011-12-21,25.95,24.58,25.96,24.4,25.46,-0.88,-3.46,3408.8,8589.54,0.6272,0.6272,1.69,36.3841,31.4322,4.0073,9.6703,7.0298,0.68,0.68,15102.6,5435.02,5435.02,371222.0,133593.0,3.032,28.01,22.91,0.0000,-1.0,3.5877,0,29,120,2009-10-30
300026.SZ,2011-12-22,24.65,24.55,24.8,23.68,24.58,-0.03,-0.12,4559.3,11078.0,0.8389,0.8389,2.13,36.3397,31.3938,4.0024,9.6585,7.0212,0.68,0.68,15102.6,5435.02,5435.02,370769.0,133430.0,3.032,27.04,22.12,0.0000,-0.040218320983129545,3.5877,0,29,120,2009-10-30
300026.SZ,2011-12-23,24.48,24.74,25.39,24.32,24.55,0.19,0.77,1111.89,2760.5,0.2046,0.2046,0.43,36.6209,31.6368,4.0334,9.7332,7.0756,0.67,0.67,15102.6,5435.02,5435.02,373638.0,134462.0,3.032,27.01,22.1,0.0000,1.0,3.5877,0,29,120,2009-10-30
300026.SZ,2011-12-26,24.65,25.0,25.28,24.5,24.74,0.26,1.05,1051.3,2630.84,0.1934,0.1934,0.41,37.0058,31.9692,4.0758,9.8355,7.1499,0.67,0.67,15102.6,5435.02,5435.02,377565.0,135875.0,3.032,27.21,22.27,0.0000,1.0,3.5877,0,29,120,2009-10-30
300026.SZ,2012-02-29,27.5,27.06,27.5,26.68,25.0,2.06,8.24,87495.1,237565.0,16.0984,16.0984,34.47,40.055,33.3808,4.2211,10.646,7.2729,0.6159,0.6159,15102.6,5435.02,5435.02,408676.0,147072.0,3.032,27.5,22.5,0.0000,-0.1782729532367882,3.5877,0,29,120,2009-10-30
300026.SZ,2012-03-01,26.99,26.39,26.99,26.1,27.06,-0.67,-2.48,22272.1,58765.2,4.0979,4.0979,1.14,39.0633,32.5543,4.1166,10.3824,7.0929,0.6316,0.6316,15102.6,5435.02,5435.02,398558.0,143430.0,3.032,29.77,24.35,0.0000,-0.09289973998017315,3.5877,0,29,120,2009-10-30
300026.SZ,2012-03-02,26.57,26.56,26.59,26.2,26.39,0.17,0.64,15477.9,40855.8,2.8478,2.8478,0.66,39.3149,32.764,4.1431,10.4493,7.1386,0.6275,0.6275,15102.6,5435.02,5435.02,401125.0,144354.0,3.032,29.03,23.75,0.0000,-0.19170211436537501,3.5877,0,29,120,2009-10-30
300026.SZ,2012-03-05,26.4,26.71,26.96,26.24,26.56,0.15,0.56,23109.7,61284.9,4.252,4.252,0.91,39.537,32.949,4.1665,10.5083,7.1789,0.624,0.624,15102.6,5435.02,5435.02,403390.0,145169.0,3.032,29.22,23.9,0.0000,-0.3126419200976222,3.5877,0,29,120,2009-10-30
300026.SZ,2012-03-06,26.57,25.94,26.72,25.8,26.71,-0.77,-2.88,17868.6,46615.4,3.2877,3.2877,0.6,38.3972,31.9992,4.0464,10.2053,6.9719,0.6425,0.6425,15102.6,5435.02,5435.02,391761.0,140984.0,3.032,29.38,24.04,0.0000,0.09056288083694514,3.5877,0,29,120,2009-10-30
300026.SZ,2012-03-07,25.71,26.07,26.36,25.5,25.94,0.13,0.5,9831.51,25633.8,1.8089,1.8089,0.3,38.5896,32.1595,4.0667,10.2565,7.0069,0.6393,0.6393,15102.6,5435.02,5435.02,393725.0,141691.0,3.032,28.53,23.35,0.0000,0.07766405525058287,3.5877,0,29,120,2009-10-30
300026.SZ,2012-03-08,26.18,26.6,26.79,26.07,26.07,0.53,2.03,14254.9,37898.1,2.6228,2.6228,0.8,39.3741,32.8133,4.1494,10.465,7.1493,0.6266,0.6266,15102.6,5435.02,5435.02,401729.0,144571.0,3.032,28.68,23.46,0.0000,0.2721314802089114,3.5877,0,29,120,2009-10-30
300026.SZ,2012-03-09,26.62,27.04,27.06,26.62,26.6,0.44,1.65,14014.1,37657.6,2.5785,2.5785,0.87,40.0254,33.3561,4.218,10.6381,7.2676,0.6164,0.6164,15102.6,5435.02,5435.02,408374.0,146963.0,3.032,29.26,23.94,0.0000,0.12620499735292948,3.5877,0,29,120,2009-10-30
300026.SZ,2012-03-12,27.1,27.29,27.35,26.72,27.04,0.25,0.92,13325.1,36145.4,2.4517,2.4517,0.84,40.3955,33.6645,4.257,10.7365,7.3348,0.6107,0.6107,15102.6,5435.02,5435.02,412150.0,148322.0,3.032,29.74,24.34,0.0000,-0.047031980613767344,3.5877,0,29,120,2009-10-30
300026.SZ,2012-03-13,27.85,28.21,28.6,27.8,27.29,0.92,3.37,22902.6,64272.3,4.2097,4.2139,1.65,34.8745,34.8745,4.4023,7.5838,7.5838,0.5908,0.5908,15102.6,5440.4,5435.02,426044.0,153474.0,3.032,30.02,24.56,0.0000,-0.04545787724503195,4.0617,0,29,120,2009-10-30
300026.SZ,2012-03-14,28.25,28.38,29.39,27.43,28.21,0.17,0.6,30076.8,84893.1,5.5284,5.5284,2.02,35.0847,35.0847,4.4288,7.6295,7.6295,0.5873,0.5873,15102.6,5440.4,5440.4,428612.0,154399.0,3.032,31.03,25.39,0.0000,0.1559492021698254,4.0617,0,29,120,2009-10-30
300026.SZ,2012-03-15,28.29,29.9,30.5,28.1,28.38,1.52,5.36,38689.5,113705.0,7.1115,7.1115,2.05,36.9638,36.9638,4.6661,8.0382,8.0382,0.5574,0.5574,15102.6,5440.4,5440.4,451568.0,162668.0,3.032,31.22,25.54,0.0000,0.06485630418273437,4.0617,0,29,120,2009-10-30
300026.SZ,2012-03-16,29.95,30.35,30.39,29.4,29.9,0.45,1.51,26472.5,79133.0,4.8659,4.8659,1.11,37.5201,37.5201,4.7363,8.1592,8.1592,0.5491,0.5491,15102.6,5440.4,5440.4,458364.0,165116.0,3.032,32.89,26.91,0.0000,0.06058717838127296,4.0617,0,29,120,2009-10-30
300026.SZ,2012-03-19,30.1,30.37,30.8,29.71,30.35,0.02,0.07,22692.3,68857.0,4.1711,4.1711,0.86,37.5448,37.5448,4.7394,8.1645,8.1645,0.5488,0.5488,15102.6,5440.4,5440.4,458666.0,165225.0,3.032,33.39,27.32,0.0000,0.03359599770558756,4.0617,0,29,120,2009-10-30
300026.SZ,2012-03-20,30.05,28.8,30.31,28.8,30.37,-1.57,-5.17,15116.8,44589.6,2.7786,2.7786,0.54,35.6039,35.6039,4.4944,7.7425,7.7425,0.5787,0.5787,15102.6,5440.4,5440.4,434955.0,156683.0,3.032,33.41,27.33,0.0000,-0.023747782031189234,4.0617,0,29,120,2009-10-30
300026.SZ,2012-03-21,28.7,28.47,29.05,27.78,28.8,-0.33,-1.15,15608.6,44387.5,2.869,2.869,0.59,35.1959,35.1959,4.4429,7.6537,7.6537,0.5854,0.5854,15102.6,5440.4,5440.4,429971.0,154888.0,3.032,31.68,25.92,0.0000,-0.31727835725121034,4.0617,0,29,120,2009-10-30
300026.SZ,2012-03-22,28.45,28.43,28.88,28.08,28.47,-0.04,-0.14,9452.15,26867.7,1.7374,1.7374,0.4,35.1465,35.1465,4.4367,7.643,7.643,0.5862,0.5862,15102.6,5440.4,5440.4,429367.0,154671.0,3.032,31.32,25.62,0.0001,-0.3204586576864111,4.0617,0,29,120,2009-10-30
300026.SZ,2012-03-23,28.13,27.87,28.78,27.6,28.43,-0.56,-1.97,10478.2,29458.4,1.926,1.926,0.59,34.4542,34.4542,4.3493,7.4924,7.4924,0.598,0.598,15102.6,5440.4,5440.4,420909.0,151624.0,3.032,31.27,25.59,0.0000,-0.41983005941984325,4.0617,0,29,120,2009-10-30
300026.SZ,2012-03-26,27.75,28.35,28.68,27.75,27.87,0.48,1.72,11124.6,31393.1,2.0448,2.0448,0.76,35.0476,35.0476,4.4242,7.6215,7.6215,0.5879,0.5879,15102.6,5440.4,5440.4,428159.0,154235.0,3.032,30.66,25.08,0.0000,-0.14190173142632356,4.0617,0,29,120,2009-10-30
300026.SZ,2012-03-27,28.75,27.78,28.75,27.78,28.35,-0.57,-2.01,11220.5,31656.8,2.0624,2.0624,0.91,34.3429,34.3429,4.3352,7.4682,7.4682,0.6,0.6,15102.6,5440.4,5440.4,419550.0,151134.0,3.032,31.19,25.52,0.0000,-0.08735025473543712,4.0617,0,29,120,2009-10-30
300026.SZ,2012-03-28,27.7,26.96,27.97,26.96,27.78,-0.82,-2.95,9637.9,26436.8,1.7715,1.7715,0.83,33.3292,33.3292,4.2072,7.2478,7.2478,0.6182,0.6182,15102.6,5440.4,5440.4,407166.0,146673.0,3.032,30.56,25.0,0.0001,-0.30964229794282205,4.0617,0,29,120,2009-10-30
300026.SZ,2012-03-29,26.75,26.58,27.69,26.3,26.96,-0.38,-1.41,9775.2,26261.5,1.7968,1.7968,0.94,32.8594,32.8594,4.1479,7.1456,7.1456,0.627,0.627,15102.6,5440.4,5440.4,401427.0,144606.0,3.032,29.66,24.26,0.0000,-0.16637267311413984,4.0617,0,29,120,2009-10-30
300026.SZ,2012-03-30,26.6,26.5,26.9,26.0,26.58,-0.08,-0.3,7926.44,20978.9,1.457,1.457,0.76,32.7605,32.7605,4.1355,7.1241,7.1241,0.6289,0.6289,15102.6,5440.4,5440.4,400219.0,144171.0,3.032,29.24,23.92,0.0000,-0.12464419793944857,4.0617,0,29,120,2009-10-30
300026.SZ,2012-04-05,26.68,27.42,27.5,26.5,26.5,0.92,3.47,5800.58,15766.7,1.0662,1.0662,0.58,33.8979,33.8979,4.279,7.3715,7.3715,0.6078,0.6078,15102.6,5440.4,5440.4,414113.0,149176.0,3.032,29.15,23.85,0.0000,-0.18288817074157568,4.0617,0,29,120,2009-10-30
300026.SZ,2012-04-06,27.46,27.3,27.72,27.18,27.42,-0.12,-0.44,8032.48,22037.0,1.4765,1.4765,0.91,33.7495,33.7495,4.2603,7.3392,7.3392,0.6105,0.6105,15102.6,5440.4,5440.4,412301.0,148523.0,3.032,30.16,24.68,0.0000,0.15745289848819533,4.0617,0,29,120,2009-10-30
300026.SZ,2012-04-09,27.35,26.51,27.35,26.5,27.3,-0.79,-2.89,4166.69,11226.9,0.7659,0.7659,0.51,32.7729,32.7729,4.137,7.1268,7.1268,0.6287,0.6287,15102.6,5440.4,5440.4,400370.0,144225.0,3.032,30.03,24.57,-0.0001,0.700726057400115,4.0617,0,29,120,2009-10-30
300026.SZ,2012-04-10,26.51,26.6,26.73,25.8,26.51,0.09,0.34,11888.1,31060.6,2.1851,2.1851,1.66,32.8842,32.8842,4.1511,7.151,7.151,0.6266,0.6266,15102.6,5440.4,5440.4,401729.0,144715.0,3.032,29.16,23.86,0.0000,-0.12189674501076823,4.0617,0,29,120,2009-10-30
300026.SZ,2012-04-11,26.32,26.81,27.29,26.23,26.6,0.21,0.79,6085.11,16417.2,1.1185,1.1185,0.8,33.1438,33.1438,4.1838,7.2075,7.2075,0.6217,0.6217,15102.6,5440.4,5440.4,404901.0,145857.0,3.032,29.26,23.94,-0.0001,-0.05576077624629686,4.0617,0,29,120,2009-10-30
300026.SZ,2012-04-12,27.03,27.8,27.95,26.99,26.81,0.99,3.69,8307.43,22956.4,1.527,1.527,1.15,34.3676,34.3676,4.3383,7.4736,7.4736,0.5995,0.5995,15102.6,5440.4,5440.4,419852.0,151243.0,3.032,29.49,24.13,0.0000,0.2517683457672712,4.0617,0,29,120,2009-10-30
300026.SZ,2012-04-13,28.3,28.41,29.3,28.12,27.8,0.61,2.19,15467.7,44510.6,2.8431,2.8431,2.01,35.1218,35.1218,4.4335,7.6376,7.6376,0.5866,0.5866,15102.6,5440.4,5440.4,429065.0,154562.0,3.032,30.58,25.02,0.0000,0.1987573417521039,4.0617,0,29,120,2009-10-30
300026.SZ,2012-04-16,28.02,28.75,28.98,27.91,28.41,0.34,1.2,5937.0,16988.3,1.0913,1.0913,0.65,35.5421,35.5421,4.4866,7.729,7.729,0.5797,0.5797,15102.6,5440.4,5440.4,434200.0,156411.0,3.032,31.25,25.57,0.0000,0.051671859817334465,4.0617,0,29,120,2009-10-30
300026.SZ,2012-04-17,28.7,28.38,28.8,28.3,28.75,-0.37,-1.29,6641.16,18878.7,1.2207,1.2207,0.7,35.0847,35.0847,4.4288,7.6295,7.6295,0.5873,0.5873,15102.6,5440.4,5440.4,428612.0,154399.0,3.032,31.63,25.88,0.0001,0.16602056623218941,4.0617,0,29,120,2009-10-30
300026.SZ,2012-04-19,28.66,28.82,29.38,28.6,28.38,0.44,1.55,9388.88,27157.3,1.7258,1.7258,1.11,35.6286,35.6286,4.4975,7.7478,7.7478,0.5783,0.5783,15102.6,5440.4,5440.4,435257.0,156792.0,3.032,31.22,25.54,0.0000,0.004066299209354358,4.0617,0,29,120,2009-10-30
300026.SZ,2012-04-20,28.8,28.88,28.97,28.58,28.82,0.06,0.21,5711.63,16449.9,1.0499,1.0499,0.62,35.7028,35.7028,4.5069,7.764,7.764,0.5771,0.5771,15102.6,5440.4,5440.4,436163.0,157119.0,3.032,31.7,25.94,0.0001,0.05880205347632124,4.0617,0,29,120,2009-10-30
300026.SZ,2012-04-23,29.0,28.61,29.1,28.25,28.88,-0.27,-0.93,7047.32,20197.1,1.2954,1.2954,0.82,35.369,35.369,4.4647,7.6914,7.6914,0.5825,0.5825,15102.6,5440.4,5440.4,432085.0,155650.0,3.032,31.77,25.99,0.0001,0.2461756927698401,4.0617,0,29,120,2009-10-30
300026.SZ,2012-04-24,28.6,28.61,29.01,27.45,28.61,0.0,0.0,8553.14,24145.9,1.5722,1.5722,1.23,35.369,35.369,4.4647,7.6914,7.6914,0.5825,0.5825,15102.6,5440.4,5440.4,432085.0,155650.0,3.032,31.47,25.75,-0.0001,0.06324118137779941,4.0617,0,29,120,2009-10-30
300026.SZ,2012-04-25,28.9,28.5,28.99,28.46,28.61,-0.11,-0.38,7571.86,21754.6,1.3918,1.3918,1.01,35.233,30.5768,4.2756,7.6618,6.9741,0.5848,0.5848,15102.6,5440.4,5440.4,430424.0,155051.0,3.032,31.47,25.75,0.0001,-0.18565153700310297,3.8468,0,29,120,2009-10-30
300026.SZ,2012-04-26,28.5,29.33,29.52,28.32,28.5,0.83,2.91,10984.7,31914.4,2.0191,2.0191,1.44,36.2591,31.4673,4.4002,7.8849,7.1772,0.5682,0.5682,15102.6,5440.4,5440.4,442959.0,159567.0,3.032,31.35,25.65,0.0000,0.03717248577512804,3.8468,0,29,120,2009-10-30
300026.SZ,2012-04-27,29.4,29.61,29.8,29.01,29.33,0.28,0.95,5414.13,15903.3,0.9952,0.9952,0.68,36.6053,31.7677,4.4422,7.9602,7.2457,0.5629,0.5629,15102.6,5440.4,5440.4,447188.0,161090.0,3.032,32.26,26.4,0.0000,0.4021010370105961,3.8468,0,29,120,2009-10-30
300026.SZ,2012-05-02,30.0,29.95,30.29,29.34,29.61,0.34,1.15,9110.45,27258.7,1.6746,1.6746,1.15,37.0256,32.1324,4.4932,8.0516,7.3289,0.5565,0.5565,15102.6,5440.4,5440.4,452323.0,162940.0,3.032,32.57,26.65,0.0001,-0.29399751061390944,3.8468,0,29,120,2009-10-30
300026.SZ,2012-05-03,29.88,31.0,31.15,29.78,29.95,1.05,3.51,18108.7,55719.0,3.3286,3.3286,2.17,38.3236,33.259,4.6507,8.3339,7.5858,0.5376,0.5376,15102.6,5440.4,5440.4,468181.0,168652.0,3.032,32.95,26.96,0.0000,0.11080569264106549,3.8468,0,29,120,2009-10-30
300026.SZ,2012-05-04,31.0,31.01,31.75,30.71,31.0,0.01,0.03,11523.7,36140.2,2.1182,2.1182,1.13,38.336,33.2697,4.6522,8.3366,7.5883,0.5375,0.5375,15102.6,5440.4,5440.4,468332.0,168707.0,3.032,34.1,27.9,0.0000,0.07344545095702722,3.8468,0,29,120,2009-10-30
300026.SZ,2012-05-07,31.2,32.6,32.6,31.0,31.01,1.59,5.13,17323.6,55509.4,3.1843,3.1843,1.57,40.3016,34.9755,4.8907,8.764,7.9774,0.5112,0.5112,15102.6,5440.4,5440.4,492345.0,177357.0,3.032,34.11,27.91,0.0000,0.08773894677928001,3.8468,0,29,120,2009-10-30
300026.SZ,2012-05-08,32.6,32.28,32.65,31.7,32.6,-0.32,-0.98,12153.4,39137.5,2.2339,2.2339,0.99,39.906,34.6322,4.8427,8.678,7.8991,0.5163,0.5163,15102.6,5440.4,5440.4,487512.0,175616.0,3.032,35.86,29.34,0.0000,0.021842001799525446,3.8468,0,29,120,2009-10-30
300026.SZ,2012-05-09,32.28,31.2,32.35,30.82,32.28,-1.08,-3.35,11382.4,35657.8,2.0922,2.0922,0.83,38.5709,33.4735,4.6807,8.3877,7.6348,0.5342,0.5342,15102.6,5440.4,5440.4,471201.0,169740.0,3.032,35.51,29.05,0.0000,0.06707756229677542,3.8468,0,29,120,2009-10-30
300026.SZ,2012-05-10,20.69,20.85,21.22,20.37,20.69,0.16,0.77,13080.0,27400.3,1.6028,1.6028,0.93,38.6636,33.554,4.8147,8.4078,7.6531,0.5329,1.0765,22653.9,8160.6,8160.6,472334.0,170148.0,4.573,22.76,18.62,0.0000,0.032212927724832925,3.8468,0,29,120,2009-10-30
300026.SZ,2012-05-11,20.9,21.13,21.8,20.86,20.85,0.28,1.34,16594.2,35568.4,2.0334,2.0334,1.27,39.1828,34.0046,4.8794,8.5207,7.7559,0.5258,1.0622,22653.9,8160.6,8160.6,478677.0,172433.0,4.573,22.94,18.77,0.0000,-0.046493513355368166,3.8468,0,29,120,2009-10-30
300026.SZ,2012-05-14,21.4,20.84,21.5,20.58,21.13,-0.29,-1.37,21049.3,43880.3,2.5794,2.5794,1.49,38.6451,33.5379,4.8124,8.4038,7.6495,0.5332,1.077,22653.9,8160.6,8160.6,472107.0,170067.0,4.573,23.24,19.02,0.0000,-0.017801593202623717,3.8468,0,29,120,2009-10-30
300026.SZ,2012-05-15,20.7,20.57,20.7,20.25,20.84,-0.27,-1.3,10565.0,21597.2,1.2946,1.2946,0.71,38.1444,33.1034,4.7501,8.2949,7.5503,0.5402,1.0911,22653.9,8160.6,8160.6,465991.0,167864.0,4.573,22.92,18.76,0.0000,-0.23294196249749438,3.8468,0,29,120,2009-10-30
300026.SZ,2012-05-16,20.56,20.39,20.86,20.36,20.57,-0.18,-0.88,6702.32,13783.8,0.8213,0.8213,0.46,37.8106,32.8137,4.7085,8.2223,7.4843,0.5449,1.1008,22653.9,8160.6,8160.6,461913.0,166395.0,4.573,22.63,18.51,0.0001,-0.15843587044333662,3.8468,0,29,120,2009-10-30
300026.SZ,2012-05-17,20.45,20.64,20.81,20.27,20.39,0.25,1.23,7056.35,14517.7,0.8647,0.8647,0.52,38.2742,33.216,4.7662,8.3231,7.576,0.5383,1.0874,22653.9,8160.6,8160.6,467576.0,168435.0,4.573,22.43,18.35,0.0000,0.11610726242938992,3.8468,0,29,120,2009-10-30
300026.SZ,2012-05-18,20.63,19.96,20.63,19.95,20.64,-0.68,-3.29,12797.0,25738.7,1.5682,1.5682,1.03,37.0132,32.1217,4.6092,8.0489,7.3264,0.5567,1.1245,22653.9,8160.6,8160.6,452172.0,162886.0,4.573,22.7,18.58,0.0000,-0.14701846041638675,3.8468,0,29,120,2009-10-30
300026.SZ,2012-05-21,19.91,19.8,20.17,19.76,19.96,-0.16,-0.8,9700.93,19316.7,1.1888,1.1888,0.83,36.7165,31.8642,4.5723,7.9844,7.2677,0.5612,0.5724,22653.9,8160.6,8160.6,448547.0,161580.0,4.573,21.96,17.96,0.0000,-0.10308609089831117,3.8468,0,29,120,2009-10-30
300026.SZ,2012-05-22,19.91,20.94,20.99,19.91,19.8,1.14,5.76,14497.6,29955.4,1.7765,1.7765,1.55,38.8305,33.6988,4.8355,8.4441,7.6862,0.5306,0.5412,22653.9,8160.6,8160.6,474373.0,170883.0,4.573,21.78,17.82,0.0000,0.0964358419676247,3.8468,0,29,120,2009-10-30
300026.SZ,2012-05-23,20.88,21.4,21.48,20.6,20.94,0.46,2.2,14944.7,31418.5,1.8313,1.8313,1.47,39.6835,34.4391,4.9417,8.6296,7.855,0.5192,0.5296,22653.9,8160.6,8160.6,484793.0,174637.0,4.573,23.03,18.85,0.0000,0.09513442861429552,3.8468,0,29,120,2009-10-30
300026.SZ,2012-05-24,21.2,20.93,21.42,20.8,21.4,-0.47,-2.2,12839.2,27068.2,1.5733,1.5733,1.09,38.812,33.6827,4.8332,8.4401,7.6825,0.5309,0.5415,22653.9,8160.6,8160.6,474146.0,170801.0,4.573,23.54,19.26,0.0000,0.10814431129048195,3.8468,0,29,120,2009-10-30
300026.SZ,2012-05-25,20.93,20.84,21.2,20.59,20.93,-0.09,-0.43,8227.11,17155.4,1.0082,1.0082,0.64,38.6451,33.5379,4.8124,8.4038,7.6495,0.5332,0.5438,22653.9,8160.6,8160.6,472107.0,170067.0,4.573,23.02,18.84,0.0000,-0.008744903689249763,3.8468,0,29,120,2009-10-30
300026.SZ,2012-05-28,20.79,21.1,21.25,20.39,20.84,0.26,1.25,6965.24,14505.7,0.8535,0.8535,0.58,39.1272,33.9563,4.8725,8.5086,7.7449,0.5266,0.5371,22653.9,8160.6,8160.6,477997.0,172189.0,4.573,22.92,18.76,-0.0001,0.16252861930826693,3.8468,0,29,120,2009-10-30
300026.SZ,2012-05-29,21.19,21.55,21.8,20.94,21.1,0.45,2.13,12921.3,27691.4,1.5834,1.5834,1.12,39.9617,34.6805,4.9764,8.6901,7.9101,0.5156,0.5259,22653.9,8160.6,8160.6,488192.0,175861.0,4.573,23.21,18.99,0.0000,0.08379785610484639,3.8468,0,29,120,2009-10-30
300026.SZ,2012-05-30,21.51,21.76,22.34,21.16,21.55,0.21,0.97,17156.0,37435.6,2.1023,2.1023,1.53,40.3511,35.0185,5.0249,8.7748,7.9871,0.5106,0.5208,22653.9,8160.6,8160.6,492949.0,177575.0,4.573,23.71,19.4,0.0000,0.0049122036606712655,3.8468,0,29,120,2009-10-30
300026.SZ,2012-05-31,21.76,21.8,22.3,21.56,21.76,0.04,0.18,10163.6,22287.6,1.2454,1.2454,0.87,40.4253,35.0828,5.0341,8.7909,8.0018,0.5097,0.5199,22653.9,8160.6,8160.6,493855.0,177901.0,4.573,23.94,19.58,0.0000,-0.07473566908496151,3.8468,0,29,120,2009-10-30
300026.SZ,2012-06-01,22.0,22.25,22.33,21.75,21.8,0.45,2.06,15118.4,33389.5,1.8526,1.8526,1.36,41.2597,35.807,5.138,8.9724,8.167,0.4994,0.5094,22653.9,8160.6,8160.6,504049.0,181573.0,4.573,23.98,19.62,0.0000,0.09948063157152252,3.8468,0,29,120,2009-10-30
300026.SZ,2012-06-04,22.01,22.4,23.36,21.9,22.25,0.15,0.67,26803.8,60857.0,3.2845,3.2845,2.15,41.5379,36.0484,5.1727,9.0329,8.2221,0.496,0.506,22653.9,8160.6,8160.6,507447.0,182797.0,4.573,24.48,20.03,0.0000,0.1435005251557583,3.8468,0,29,120,2009-10-30
300026.SZ,2012-06-05,22.51,22.97,22.98,21.81,22.4,0.57,2.54,18234.0,41109.1,2.2344,2.2344,1.11,42.5949,36.9657,5.3043,9.2627,8.4313,0.4837,0.4934,22653.9,8160.6,8160.6,520360.0,187449.0,4.573,24.64,20.16,0.0000,0.14889422216418127,3.8468,0,29,120,2009-10-30
300026.SZ,2012-06-06,22.89,22.83,23.08,22.51,22.97,-0.14,-0.61,11188.7,25456.7,1.3711,1.3711,0.64,42.3353,36.7404,5.272,9.2063,8.3799,0.4867,0.4964,22653.9,8160.6,8160.6,517189.0,186306.0,4.573,25.27,20.67,0.0000,0.039093200848094846,3.8468,0,29,120,2009-10-30
300026.SZ,2012-06-07,23.0,22.35,23.1,22.29,22.83,-0.48,-2.1,9498.07,21488.5,1.1639,1.1639,0.58,41.4452,35.9679,5.1611,9.0127,8.2037,0.4971,0.5071,22653.9,8160.6,8160.6,506315.0,182389.0,4.573,25.11,20.55,0.0000,-0.09676384360892253,3.8468,0,29,120,2009-10-30
300026.SZ,2012-06-08,22.36,22.3,22.57,21.88,22.35,-0.05,-0.22,11381.1,25232.6,1.3946,1.3946,0.7,41.3524,35.8875,5.1496,8.9925,8.1854,0.4983,0.5082,22653.9,8160.6,8160.6,505182.0,181981.0,4.573,24.59,20.12,0.0000,-0.04013174847393637,3.8468,0,29,120,2009-10-30
300026.SZ,2012-06-11,22.2,22.64,22.9,22.0,22.3,0.34,1.52,8170.94,18337.1,1.0013,1.0013,0.53,41.9829,36.4346,5.2281,9.1296,8.3102,0.4908,0.5006,22653.9,8160.6,8160.6,512884.0,184756.0,4.573,24.53,20.07,0.0000,0.018938573823453014,3.8468,0,29,120,2009-10-30
300026.SZ,2012-06-12,22.65,23.39,23.41,22.53,22.64,0.75,3.31,14367.9,33244.9,1.7606,1.7606,1.23,43.3737,37.6416,5.4013,9.4321,8.5854,0.475,0.4845,22653.9,8160.6,8160.6,529875.0,190876.0,4.573,24.9,20.38,0.0000,0.19393664358783597,3.8468,0,29,120,2009-10-30
300026.SZ,2012-06-13,23.5,23.75,23.8,23.13,23.39,0.36,1.54,14882.3,35041.4,1.8237,1.8237,1.36,44.0413,38.221,5.4844,9.5773,8.7176,0.4678,0.4772,22653.9,8160.6,8160.6,538030.0,193814.0,4.573,25.73,21.05,0.0000,0.022570023989674514,3.8468,0,29,120,2009-10-30
300026.SZ,2012-06-14,23.54,23.25,23.96,23.2,23.75,-0.5,-2.11,19286.1,45229.6,2.3633,2.3633,1.65,43.1141,37.4163,5.369,9.3756,8.5341,0.4779,0.4875,22653.9,8160.6,8160.6,526703.0,189734.0,4.573,26.13,21.38,0.0000,-0.07328927005338066,3.8468,0,29,120,2009-10-30
300026.SZ,2012-06-15,23.3,23.68,23.9,23.01,23.25,0.43,1.85,18068.7,42439.7,2.2141,2.2141,1.33,43.9115,38.1083,5.4683,9.549,8.6919,0.4692,0.4786,22653.9,8160.6,8160.6,536444.0,193243.0,4.573,25.58,20.93,0.0000,-0.08626607772565906,3.8468,0,29,120,2009-10-30
300026.SZ,2012-06-18,23.75,24.18,24.5,23.75,23.68,0.5,2.11,19114.4,46127.1,2.3423,2.3423,1.28,44.8387,38.913,5.5837,9.7507,8.8754,0.4595,0.4687,22653.9,8160.6,8160.6,547771.0,197323.0,4.573,26.05,21.31,0.0000,-0.05162772255416136,3.8468,0,29,120,2009-10-30
300026.SZ,2012-06-19,24.18,24.05,24.39,23.88,24.18,-0.13,-0.54,11457.7,27589.5,1.404,1.404,0.67,44.5976,38.7038,5.5537,9.6982,8.8277,0.462,0.4712,22653.9,8160.6,8160.6,544826.0,196262.0,4.573,26.6,21.76,0.0000,-0.17716006949423174,3.8468,0,29,120,2009-10-30
300026.SZ,2012-06-20,24.09,23.63,24.18,23.39,24.05,-0.42,-1.75,11360.1,26799.2,1.3921,1.3921,0.69,43.8187,38.0279,5.4567,9.5289,8.6735,0.4702,0.4796,22653.9,8160.6,8160.6,535312.0,192835.0,4.573,26.46,21.65,0.0000,-0.4573291406030164,3.8468,0,29,120,2009-10-30
300026.SZ,2012-06-21,23.6,23.84,24.15,23.21,23.63,0.21,0.89,12230.0,28876.7,1.4987,1.4987,0.77,44.2082,38.3658,5.5052,9.6136,8.7506,0.4661,0.4754,22653.9,8160.6,8160.6,540069.0,194549.0,4.573,25.99,21.27,0.0000,-0.03521857170153026,3.8468,0,29,120,2009-10-30
300026.SZ,2012-06-25,23.8,23.6,23.8,23.28,23.84,-0.24,-1.01,15275.9,35915.5,1.8719,1.8719,1.06,43.7631,37.9796,5.4498,9.5168,8.6625,0.4708,0.4802,22653.9,8160.6,8160.6,534632.0,192590.0,4.573,26.22,21.46,0.0000,0.004785845755804975,3.8468,0,29,120,2009-10-30
300026.SZ,2012-06-26,23.41,23.2,23.58,22.7,23.6,-0.4,-1.69,17301.6,39916.7,2.1201,2.1201,1.25,43.0214,37.3359,5.3574,9.3555,8.5157,0.4789,0.4885,22653.9,8160.6,8160.6,525570.0,189326.0,4.573,25.96,21.24,0.0000,0.006072266174834634,3.8468,0,29,120,2009-10-30
300026.SZ,2012-06-27,23.0,23.6,24.16,22.9,23.2,0.4,1.72,21575.7,51290.8,2.6439,2.6439,1.6,43.7631,37.9796,5.4498,9.5168,8.6625,0.4708,0.4802,22653.9,8160.6,8160.6,534632.0,192590.0,4.573,25.52,20.88,0.0000,-0.08533105706961597,3.8468,0,29,120,2009-10-30
300026.SZ,2012-06-28,23.65,23.55,24.09,23.49,23.6,-0.05,-0.21,11326.7,26893.1,1.388,1.388,0.73,43.6704,37.8991,5.4382,9.4966,8.6442,0.4718,0.4812,22653.9,8160.6,8160.6,533499.0,192182.0,4.573,25.96,21.24,0.0000,-0.1547501651192891,3.8468,0,29,120,2009-10-30
300026.SZ,2012-06-29,23.45,24.02,24.08,23.35,23.55,0.47,2.0,12534.1,29878.3,1.5359,1.5359,0.81,44.542,38.6555,5.5468,9.6861,8.8167,0.4626,0.4718,22653.9,8160.6,8160.6,544147.0,196018.0,4.573,25.91,21.2,0.0000,-0.1808429045528183,3.8468,0,29,120,2009-10-30
300026.SZ,2012-07-02,24.2,25.28,25.89,24.1,24.02,1.26,5.25,30000.4,75886.5,3.6763,3.6763,1.92,46.8785,40.6832,5.8377,10.1942,9.2792,0.4395,0.4483,22653.9,8160.6,8160.6,572691.0,206300.0,4.573,26.42,21.62,0.0000,0.1648572608421918,3.8468,0,29,120,2009-10-30
300026.SZ,2012-07-03,25.3,26.3,26.66,25.3,25.28,1.02,4.03,35866.5,93366.7,4.3951,4.3951,1.93,48.7699,42.3247,6.0733,10.6056,9.6536,0.4225,0.4309,22653.9,8160.6,8160.6,595798.0,214624.0,4.573,27.81,22.75,0.0000,0.08797759910997194,3.8468,0,29,120,2009-10-30
300026.SZ,2012-07-04,26.3,25.75,26.55,25.5,26.3,-0.55,-2.09,22898.1,59342.0,2.8059,2.8059,1.03,47.75,41.4396,5.9463,10.3838,9.4517,0.4315,0.4401,22653.9,8160.6,8160.6,583338.0,210135.0,4.573,28.93,23.67,0.0000,-0.13367000120086694,3.8468,0,29,120,2009-10-30
300026.SZ,2012-07-05,25.75,25.9,26.16,25.0,25.75,0.15,0.58,25562.7,65451.8,3.1325,3.1325,1.13,48.0282,41.681,5.9809,10.4443,9.5068,0.429,0.4376,22653.9,8160.6,8160.6,586736.0,211359.0,4.573,28.33,23.18,0.0000,-0.23939697591390965,3.8468,0,29,120,2009-10-30
300026.SZ,2012-07-06,28.0,28.49,28.49,27.2,25.9,2.59,10.0,98538.5,279562.0,12.0749,12.0749,3.88,52.831,45.8491,6.579,11.4887,10.4574,0.39,0.3978,22653.9,8160.6,8160.6,645410.0,232495.0,4.573,28.49,23.31,0.0000,0.023260495716234023,3.8468,0,29,120,2009-10-30
300026.SZ,2012-07-09,29.25,29.43,30.7,28.75,28.49,0.94,3.3,99852.9,295887.0,12.236,12.236,2.35,54.5741,47.3618,6.7961,11.8677,10.8025,0.3775,0.3851,22653.9,8160.6,8160.6,666704.0,240166.0,4.573,31.34,25.64,0.0000,-0.12228165820035193,3.8468,0,29,120,2009-10-30
300026.SZ,2012-07-10,29.39,28.23,29.7,28.22,29.43,-1.2,-4.08,49227.4,142389.0,6.0323,6.0323,0.87,52.3488,45.4307,6.519,11.3838,10.362,0.3936,0.4015,22653.9,8160.6,8160.6,639520.0,230374.0,4.573,32.37,26.49,0.0000,-0.17277509536967975,3.8468,0,29,120,2009-10-30
300026.SZ,2012-07-11,28.02,29.59,29.9,28.02,28.23,1.36,4.82,56857.9,166185.0,6.9674,6.9674,0.96,54.8708,47.6193,6.833,11.9323,10.8612,0.3755,0.383,22653.9,8160.6,8160.6,670329.0,241472.0,4.573,31.05,25.41,0.0000,0.01088575632554234,3.8468,0,29,120,2009-10-30
300026.SZ,2012-07-12,29.6,29.32,30.3,29.12,29.59,-0.27,-0.91,39494.1,116782.0,4.8396,4.8396,0.6,54.3701,47.1848,6.7707,11.8234,10.7621,0.379,0.3865,22653.9,8160.6,8160.6,664212.0,239269.0,4.573,32.55,26.63,0.0000,-0.1353921351863593,3.8468,0,29,120,2009-10-30
300026.SZ,2012-07-13,29.0,29.45,30.07,28.51,29.32,0.13,0.44,42471.5,124543.0,5.2045,5.2045,0.62,54.6112,47.394,6.8007,11.8758,10.8098,0.3773,0.3848,22653.9,8160.6,8160.6,667157.0,240330.0,4.573,32.25,26.39,0.0000,0.03769360576074406,3.8468,0,29,120,2009-10-30
300026.SZ,2012-07-16,29.71,29.59,30.8,29.0,29.45,0.14,0.48,55116.5,165599.0,6.754,6.754,0.96,54.8708,47.6193,6.833,11.9323,10.8612,0.3755,0.383,22653.9,8160.6,8160.6,670329.0,241472.0,4.573,32.4,26.51,0.0000,0.07298558015155557,3.8468,0,29,120,2009-10-30
300026.SZ,2012-07-17,28.81,28.34,29.3,27.77,29.59,-1.25,-4.22,42426.1,120508.0,5.1989,5.1989,0.87,52.5528,45.6077,6.5444,11.4282,10.4024,0.3921,0.3999,22653.9,8160.6,8160.6,642012.0,231271.0,4.573,32.55,26.63,0.0000,-0.10711947864684472,3.8468,0,29,120,2009-10-30
300026.SZ,2012-07-25,28.7,28.45,29.96,28.35,28.34,0.11,0.39,52253.5,152091.0,6.4031,6.4031,1.11,52.7568,45.7847,6.5698,11.4725,10.4427,0.3905,0.3984,22653.9,8160.6,8160.6,644503.0,232169.0,4.573,31.17,25.51,0.0000,-0.11218405603936488,3.8468,0,29,120,2009-10-30
300026.SZ,2012-07-26,28.55,28.46,29.45,28.01,28.45,0.01,0.04,30328.7,87078.4,3.7165,3.7165,0.65,52.7754,45.8008,6.5721,11.4766,10.4464,0.3904,0.3982,22653.9,8160.6,8160.6,644730.0,232251.0,4.573,31.3,25.61,0.0000,-0.01056517424888341,3.8468,0,29,120,2009-10-30
300026.SZ,2012-07-27,28.19,27.76,28.7,27.33,28.46,-0.7,-2.46,31050.6,86855.6,3.8049,3.8049,0.7,51.4773,44.6743,6.4104,11.1943,10.1895,0.4003,0.4083,22653.9,8160.6,8160.6,628872.0,226538.0,4.573,31.31,25.61,0.0000,-0.1246309710419256,3.8468,0,29,120,2009-10-30
300026.SZ,2012-07-30,27.9,27.92,28.9,27.65,27.76,0.16,0.58,29203.8,82590.9,3.5786,3.5786,0.69,51.774,44.9318,6.4474,11.2588,10.2482,0.398,0.4059,22653.9,8160.6,8160.6,632497.0,227844.0,4.573,30.54,24.98,0.0000,-0.052429620287244766,3.8468,0,29,120,2009-10-30
300026.SZ,2012-07-31,27.91,28.22,28.8,27.37,27.92,0.3,1.07,26670.3,74964.7,3.2682,3.2682,0.72,52.3303,45.4146,6.5166,11.3798,10.3583,0.3937,0.4016,22653.9,8160.6,8160.6,639293.0,230292.0,4.573,30.71,25.13,0.0000,-0.0343634860524581,3.8468,0,29,120,2009-10-30
300026.SZ,2012-08-01,28.25,29.62,29.62,27.77,28.22,1.4,4.96,41049.5,117982.0,5.0302,5.0302,1.21,54.9264,47.6676,6.8399,11.9444,10.8722,0.3751,0.3826,22653.9,8160.6,8160.6,671008.0,241717.0,4.573,31.04,25.4,0.0000,0.02993381540385388,3.8468,0,29,120,2009-10-30
300026.SZ,2012-08-02,30.0,32.58,32.58,29.63,29.62,2.96,9.99,99306.3,315094.0,12.169,12.169,3.14,60.4154,39.5164,7.0241,13.138,9.2263,0.341,0.3479,22653.9,8160.6,8160.6,738064.0,265872.0,4.573,32.58,26.66,0.0000,0.03607990366439718,6.9398,0,29,120,2009-10-30
300026.SZ,2012-08-03,32.58,34.0,34.0,32.21,32.58,1.42,4.36,86026.7,286166.0,10.5417,10.5417,1.89,63.0486,41.2387,7.3303,13.7106,9.6284,0.3268,0.3333,22653.9,8160.6,8160.6,770233.0,277460.0,4.573,35.84,29.32,0.0000,0.07698353696231759,6.9398,0,29,120,2009-10-30
300026.SZ,2012-08-06,33.74,34.1,34.38,33.32,34.0,0.1,0.29,49879.8,168426.0,6.1123,6.1123,0.88,63.234,41.36,7.3518,13.7509,9.6567,0.3258,0.3324,22653.9,8160.6,8160.6,772498.0,278276.0,4.573,37.4,30.6,0.0000,-0.01973559865898603,6.9398,0,29,120,2009-10-30
300026.SZ,2012-08-07,33.84,34.7,34.88,33.4,34.1,0.6,1.76,50192.7,171899.0,6.1506,6.1506,0.83,64.3466,42.0877,7.4812,13.9929,9.8266,0.3202,0.3266,22653.9,8160.6,8160.6,786090.0,283173.0,4.573,37.51,30.69,0.0000,0.01139164316833215,6.9398,0,29,120,2009-10-30
300026.SZ,2012-08-08,34.47,33.38,34.47,33.38,34.7,-1.32,-3.8,51031.7,172332.0,6.2534,6.2534,0.78,61.8989,40.4867,7.1966,13.4606,9.4528,0.3329,0.3395,22653.9,8160.6,8160.6,756187.0,272401.0,4.573,38.17,31.23,0.0000,0.003439155633591935,6.9398,0,29,120,2009-10-30
300026.SZ,2012-08-09,33.3,33.9,34.3,33.15,33.38,0.52,1.56,24278.2,82121.7,2.9751,2.9751,0.36,62.8631,41.1174,7.3087,13.6703,9.6001,0.3278,0.3343,22653.9,8160.6,8160.6,767967.0,276644.0,4.573,36.72,30.04,0.0000,-0.02005549925618155,6.9398,0,29,120,2009-10-30
300026.SZ,2012-08-10,33.99,37.15,37.29,33.99,33.9,3.25,9.59,48325.5,172764.0,5.9218,5.9218,0.92,68.8898,45.0593,8.0094,14.9809,10.5204,0.2991,0.3051,22653.9,8160.6,8160.6,841592.0,303166.0,4.573,37.29,30.51,0.0000,-0.007670882459628869,6.9398,0,29,120,2009-10-30
300026.SZ,2012-08-13,37.18,36.83,38.1,36.25,37.15,-0.32,-0.86,28141.5,104374.0,3.4485,3.4485,0.63,68.2964,44.6712,7.9404,14.8518,10.4298,0.3017,0.3077,22653.9,8160.6,8160.6,834343.0,300555.0,4.573,40.87,33.44,0.0000,-0.18767809096303711,6.9398,0,29,120,2009-10-30
300026.SZ,2012-08-14,36.36,37.77,38.0,36.01,36.83,0.94,2.55,31220.1,116083.0,3.8257,3.8257,0.77,70.0395,45.8113,8.1431,15.2309,10.696,0.2942,0.3001,22653.9,8160.6,8160.6,855638.0,308226.0,4.573,40.51,33.15,0.0000,-0.07511064693192213,6.9398,0,29,120,2009-10-30
300026.SZ,2012-08-15,37.48,36.3,37.98,35.72,37.77,-1.47,-3.89,35345.7,130002.0,4.3313,4.3313,0.97,67.3136,44.0284,7.8262,14.6381,10.2797,0.3061,0.3122,22653.9,8160.6,8160.6,822337.0,296230.0,4.573,41.55,33.99,0.0000,-0.20645439024725873,6.9398,0,29,120,2009-10-30
300026.SZ,2012-08-16,36.0,35.68,36.45,35.2,36.3,-0.62,-1.71,24525.5,87617.2,3.0054,3.0054,0.73,66.1639,43.2764,7.6925,14.3881,10.1042,0.3114,0.3176,22653.9,8160.6,8160.6,808291.0,291170.0,4.573,39.93,32.67,0.0000,-0.048248666397904316,6.9398,0,29,120,2009-10-30
300026.SZ,2012-08-17,35.37,35.38,35.66,34.23,35.68,-0.3,-0.84,25838.6,90167.0,3.1663,3.1663,0.77,65.6076,42.9125,7.6278,14.2671,10.0192,0.3141,0.3203,22653.9,8160.6,8160.6,801495.0,288722.0,4.573,39.25,32.11,0.0000,-0.1744314159121583,6.9398,0,29,120,2009-10-30
300026.SZ,2012-08-20,35.0,37.36,37.89,34.62,35.38,1.98,5.6,29239.8,107670.0,3.5831,3.5831,1.01,69.2792,45.3141,8.0547,15.0655,10.5799,0.2974,0.3034,22653.9,8160.6,8160.6,846350.0,304880.0,4.573,38.92,31.84,0.0000,0.03793973999253274,6.9398,0,29,120,2009-10-30
300026.SZ,2012-08-21,37.3,37.66,38.35,36.82,37.36,0.3,0.8,28374.0,106414.0,3.4769,3.4769,0.97,69.8356,45.6779,8.1194,15.1865,10.6649,0.295,0.3009,22653.9,8160.6,8160.6,853146.0,307328.0,4.573,41.1,33.62,0.0000,0.010549050850569902,6.9398,0,29,120,2009-10-30
300026.SZ,2012-08-22,37.51,38.64,40.3,37.45,37.66,0.98,2.6,37755.2,147146.0,4.6265,4.6265,1.32,71.6528,46.8666,8.3306,15.5817,10.9424,0.2876,0.2933,22653.9,8160.6,8160.6,875347.0,315326.0,4.573,41.43,33.89,0.0000,0.03802136148905054,6.9398,0,29,120,2009-10-30
300026.SZ,2012-08-23,38.18,37.31,38.75,36.6,38.64,-1.33,-3.44,35710.0,134384.0,4.3759,4.3759,1.23,69.1865,45.2534,8.0439,15.0454,10.5658,0.2978,0.3038,22653.9,8160.6,8160.6,845217.0,304472.0,4.573,42.5,34.78,0.0000,-0.10857923879399908,6.9398,0,29,120,2009-10-30
300026.SZ,2012-08-24,36.7,35.9,36.95,35.33,37.31,-1.41,-3.78,31652.9,113954.0,3.8788,3.8788,1.01,66.5719,43.5432,7.7399,14.4768,10.1665,0.3095,0.3157,22653.9,8160.6,8160.6,813275.0,292965.0,4.573,41.04,33.58,0.0000,-0.21282037403528065,6.9398,0,29,120,2009-10-30
300026.SZ,2012-08-27,35.8,36.75,36.95,35.5,35.9,0.85,2.37,28461.5,103235.0,3.4877,3.4877,0.87,68.1481,44.5742,7.9232,14.8195,10.4072,0.3023,0.3084,22653.9,8160.6,8160.6,832531.0,299902.0,4.573,39.49,32.31,0.0000,0.07578585342350012,6.9398,0,29,120,2009-10-30
300026.SZ,2012-08-28,36.28,35.68,36.85,34.9,36.75,-1.07,-2.91,35685.3,127237.0,4.3729,4.3729,1.1,66.1639,43.2764,7.6925,14.3881,10.1042,0.3114,0.3176,22653.9,8160.6,8160.6,808291.0,291170.0,4.573,40.43,33.08,0.0000,-0.07458218497024054,6.9398,0,29,120,2009-10-30
300026.SZ,2012-08-29,35.65,35.41,36.47,35.07,35.68,-0.27,-0.76,20631.3,73985.4,2.5282,2.5282,0.61,65.6632,42.9489,7.6343,14.2792,10.0277,0.3138,0.3201,22653.9,8160.6,8160.6,802175.0,288967.0,4.573,39.25,32.11,0.0000,-0.02361695195097337,6.9398,0,29,120,2009-10-30
300026.SZ,2012-08-30,35.15,33.8,35.56,32.03,35.41,-1.61,-4.55,56934.1,192231.0,6.9767,6.9767,1.87,62.6777,40.9961,7.2872,13.63,9.5718,0.3287,0.3353,22653.9,8160.6,8160.6,765702.0,275828.0,4.573,38.95,31.87,0.0000,-0.00585662368847582,6.9398,0,29,120,2009-10-30
300026.SZ,2012-08-31,33.5,34.22,34.65,33.37,33.8,0.42,1.24,19834.1,67963.0,2.4305,2.4305,0.57,63.4565,41.5055,7.3777,13.7993,9.6907,0.3247,0.3312,22653.9,8160.6,8160.6,775216.0,279256.0,4.573,37.18,30.42,0.0000,0.08228422216916063,6.9398,0,29,120,2009-10-30
300026.SZ,2012-09-03,34.1,35.69,35.85,33.33,34.22,1.47,4.3,30714.1,106968.0,3.7637,3.7637,0.95,66.1824,43.2885,7.6946,14.3921,10.107,0.3113,0.3175,22653.9,8160.6,8160.6,808518.0,291252.0,4.573,37.64,30.8,0.0000,0.0912662938928545,6.9398,0,29,120,2009-10-30
300026.SZ,2012-09-04,35.53,35.39,36.55,35.11,35.69,-0.3,-0.84,23600.4,84653.8,2.892,2.892,0.72,65.6261,42.9246,7.63,14.2711,10.022,0.314,0.3202,22653.9,8160.6,8160.6,801722.0,288804.0,4.573,39.26,32.12,0.0000,0.07420981535945058,6.9398,0,29,120,2009-10-30
300026.SZ,2012-09-05,35.37,35.52,36.0,35.2,35.39,0.13,0.37,13977.2,49728.0,1.7128,1.7128,0.46,65.8672,43.0823,7.658,14.3235,10.0588,0.3128,0.3191,22653.9,8160.6,8160.6,804666.0,289864.0,4.573,38.93,31.85,0.0000,0.08963124368687321,6.9398,0,29,120,2009-10-30
300026.SZ,2012-09-06,35.6,35.99,36.35,35.42,35.52,0.47,1.32,12932.6,46397.6,1.5848,1.5848,0.45,66.7388,43.6524,7.7593,14.5131,10.1919,0.3087,0.3149,22653.9,8160.6,8160.6,815314.0,293700.0,4.573,39.07,31.97,0.0000,-0.1948252385833144,6.9398,0,29,120,2009-10-30
300026.SZ,2012-09-07,36.44,36.41,36.99,35.8,35.99,0.42,1.17,40000.9,145872.0,4.9017,4.9017,1.98,67.5176,44.1618,7.8499,14.6824,10.3109,0.3052,0.3113,22653.9,8160.6,8160.6,824828.0,297127.0,4.573,39.59,32.39,0.0000,-0.14259357765152716,6.9398,0,29,120,2009-10-30
300026.SZ,2012-09-10,35.97,34.93,36.85,33.76,36.41,-1.48,-4.06,60226.9,209158.0,7.3802,7.3802,2.48,64.7731,42.3667,7.5308,14.0856,9.8918,0.3181,0.3245,22653.9,8160.6,8160.6,791301.0,285050.0,4.573,40.05,32.77,0.0000,-0.08941697439634352,6.9398,0,29,120,2009-10-30
300026.SZ,2012-09-11,34.56,35.0,35.3,34.28,34.93,0.07,0.2,23106.1,80573.8,2.8314,2.8314,0.77,64.9029,42.4516,7.5459,14.1139,9.9116,0.3175,0.3238,22653.9,8160.6,8160.6,792886.0,285621.0,4.573,38.42,31.44,0.0000,0.03713969536063109,6.9398,0,29,120,2009-10-30
300026.SZ,2012-09-12,34.69,34.34,35.2,34.05,35.0,-0.66,-1.89,22706.1,78578.6,2.7824,2.7824,0.76,63.679,41.6511,7.4036,13.8477,9.7247,0.3236,0.33,22653.9,8160.6,8160.6,777935.0,280235.0,4.573,38.5,31.5,0.0000,0.024231859319798963,6.9398,0,29,120,2009-10-30
300026.SZ,2012-09-13,34.34,33.74,34.95,33.74,34.34,-0.6,-1.75,21594.3,74157.3,2.6462,2.6462,0.68,62.5664,40.9233,7.2742,13.6058,9.5548,0.3293,0.3359,22653.9,8160.6,8160.6,764343.0,275339.0,4.573,37.77,30.91,0.0000,-0.06805826863959798,6.9398,0,29,120,2009-10-30
300026.SZ,2012-09-14,34.05,33.22,34.05,32.77,33.74,-0.52,-1.54,28029.0,93316.2,3.4347,3.4347,0.84,61.6022,40.2926,7.1621,13.3961,9.4075,0.3345,0.3412,22653.9,8160.6,8160.6,752563.0,271095.0,4.573,37.11,30.37,0.0000,-0.06947517941407451,6.9398,0,29,120,2009-10-30
300026.SZ,2012-09-17,33.01,33.06,33.88,32.61,33.22,-0.16,-0.48,20972.4,69803.0,2.57,2.57,0.67,61.3055,40.0986,7.1276,13.3315,9.3622,0.3361,0.3428,22653.9,8160.6,8160.6,748938.0,269789.0,4.573,36.54,29.9,0.0000,-0.06457970357131419,6.9398,0,29,120,2009-10-30
300026.SZ,2012-09-18,33.44,33.65,34.36,32.94,33.06,0.59,1.78,25433.9,85454.8,3.1167,3.1167,1.09,62.3995,40.8142,7.2548,13.5695,9.5293,0.3302,0.3368,22653.9,8160.6,8160.6,762304.0,274604.0,4.573,36.37,29.75,0.0000,-0.2065117847174547,6.9398,0,29,120,2009-10-30
300026.SZ,2012-09-19,33.75,34.1,34.46,33.6,33.65,0.45,1.34,20943.7,71328.8,2.5664,2.5664,0.88,63.234,41.36,7.3518,13.7509,9.6567,0.3258,0.3324,22653.9,8160.6,8160.6,772498.0,278276.0,4.573,37.02,30.29,0.0000,0.003418249878411212,6.9398,0,29,120,2009-10-30
300026.SZ,2012-09-20,33.89,33.2,33.93,32.81,34.1,-0.9,-2.64,19944.7,66091.8,2.444,2.444,0.85,61.5651,40.2684,7.1578,13.388,9.4019,0.3347,0.3414,22653.9,8160.6,8160.6,752110.0,270932.0,4.573,37.51,30.69,0.0000,-0.004227904272347496,6.9398,0,29,120,2009-10-30
300026.SZ,2012-09-21,33.2,32.6,33.75,32.08,33.2,-0.6,-1.81,15977.6,52292.1,1.9579,1.9579,0.69,60.4524,39.5406,7.0284,13.146,9.2319,0.3408,0.3476,22653.9,8160.6,8160.6,738517.0,266036.0,4.573,36.52,29.88,0.0000,0.04878772917609143,6.9398,0,29,120,2009-10-30
300026.SZ,2012-09-24,31.61,30.84,32.45,30.01,32.6,-1.76,-5.4,40628.0,127843.0,4.9786,4.9786,1.97,57.1888,37.4059,6.649,12.4363,8.7335,0.3603,0.3675,22653.9,8160.6,8160.6,698646.0,251673.0,4.573,35.86,29.34,0.0000,0.02953561103467447,6.9398,0,29,120,2009-10-30
300026.SZ,2012-09-25,31.2,32.05,32.45,31.2,30.84,1.21,3.92,41065.2,130676.0,5.0321,5.0321,1.67,59.4325,38.8735,6.9099,12.9243,9.0762,0.3467,0.3536,22653.9,8160.6,8160.6,726058.0,261547.0,4.573,33.92,27.76,0.0000,-0.04245611023518974,6.9398,0,29,120,2009-10-30
300026.SZ,2012-09-26,32.01,30.64,32.5,30.25,32.05,-1.41,-4.4,27404.4,85783.5,3.3581,3.3581,0.99,56.8179,37.1633,6.6059,12.3557,8.6769,0.3626,0.3699,22653.9,8160.6,8160.6,694116.0,250041.0,4.573,35.26,28.85,0.0000,-0.030586387358809485,6.9398,0,29,120,2009-10-30
300026.SZ,2012-09-27,31.08,32.64,33.3,30.66,30.64,2.0,6.53,29620.2,94880.1,3.6297,3.6297,1.02,60.5266,39.5892,7.0371,13.1622,9.2433,0.3404,0.3472,22653.9,8160.6,8160.6,739423.0,266362.0,4.573,33.7,27.58,0.0000,0.10782809938724548,6.9398,0,29,120,2009-10-30
300026.SZ,2012-09-28,32.46,33.1,33.25,32.02,32.64,0.46,1.41,22469.3,73391.4,2.7534,2.7534,0.73,61.3796,40.1471,7.1362,13.3477,9.3735,0.3357,0.3424,22653.9,8160.6,8160.6,749844.0,270116.0,4.573,35.9,29.38,0.0000,-0.07708267554380278,6.9398,0,29,120,2009-10-30
300026.SZ,2012-10-08,32.9,32.5,33.06,32.18,33.1,-0.6,-1.81,10297.1,33487.9,1.2618,1.2618,0.32,60.267,39.4193,7.0069,13.1057,9.2036,0.3419,0.3487,22653.9,8160.6,8160.6,736252.0,265219.0,4.573,36.41,29.79,0.0000,-0.03790766843233294,6.9398,0,29,120,2009-10-30
300026.SZ,2012-10-09,32.15,33.95,34.1,32.15,32.5,1.45,4.46,30030.3,100730.0,3.6799,3.6799,1.15,62.9558,41.1781,7.3195,13.6904,9.6142,0.3273,0.3338,22653.9,8160.6,8160.6,769100.0,277052.0,4.573,35.75,29.25,0.0000,0.08118621584952493,6.9398,0,29,120,2009-10-30
300026.SZ,2012-10-10,34.65,34.7,35.65,34.3,33.95,0.75,2.21,45734.7,160045.0,5.6043,5.6043,1.91,64.3466,42.0877,7.4812,13.9929,9.8266,0.3202,0.3266,22653.9,8160.6,8160.6,786090.0,283173.0,4.573,37.35,30.56,0.0000,-0.04451066607491102,6.9398,0,29,120,2009-10-30
300026.SZ,2012-10-11,34.4,34.91,35.32,34.2,34.7,0.21,0.61,20420.2,71214.6,2.5023,2.5023,0.74,64.736,42.3424,7.5265,14.0776,9.8861,0.3183,0.3246,22653.9,8160.6,8160.6,790848.0,284886.0,4.573,38.17,31.23,0.0000,-0.06852565165998838,6.9398,0,29,120,2009-10-30
300026.SZ,2012-10-12,34.9,35.78,35.91,34.67,34.91,0.87,2.49,27686.8,97849.2,3.3927,3.3927,1.07,66.3493,43.3977,7.714,14.4284,10.1325,0.3105,0.3168,22653.9,8160.6,8160.6,810557.0,291986.0,4.573,38.4,31.42,0.0000,0.04462050584739824,6.9398,0,29,120,2009-10-30
300026.SZ,2012-10-15,35.92,36.4,37.19,35.68,35.78,0.62,1.73,35828.7,130643.0,4.3905,4.3905,1.34,67.499,44.1497,7.8477,14.6784,10.3081,0.3053,0.3114,22653.9,8160.6,8160.6,824602.0,297046.0,4.573,39.36,32.2,0.0000,0.008611528915637205,6.9398,0,29,120,2009-10-30
300026.SZ,2012-10-16,36.4,35.67,36.4,35.0,36.4,-0.73,-2.01,29559.5,105548.0,3.6222,3.6222,0.93,66.1454,43.2642,7.6903,14.384,10.1013,0.3115,0.3177,22653.9,8160.6,8160.6,808065.0,291089.0,4.573,40.04,32.76,0.0000,-0.17579655111682504,6.9398,0,29,120,2009-10-30
300026.SZ,2012-10-17,35.38,35.69,36.29,35.33,35.67,0.02,0.06,14837.9,53072.1,1.8182,1.8182,0.47,66.1824,43.2885,7.6946,14.3921,10.107,0.3113,0.3175,22653.9,8160.6,8160.6,808518.0,291252.0,4.573,39.24,32.1,0.0000,-0.02179462836497858,6.9398,0,29,120,2009-10-30
300026.SZ,2012-10-18,35.71,35.67,36.11,35.3,35.69,-0.02,-0.06,28998.1,103648.0,3.5534,3.5534,1.13,66.1454,43.2642,7.6903,14.384,10.1013,0.3115,0.3177,22653.9,8160.6,8160.6,808065.0,291089.0,4.573,39.26,32.12,0.0000,-0.07700900700930187,6.9398,0,29,120,2009-10-30
300026.SZ,2012-10-19,35.5,35.6,35.78,35.3,35.67,-0.07,-0.2,12280.8,43671.8,1.5049,1.5049,0.45,66.0156,43.1793,7.6752,14.3558,10.0815,0.3121,0.3184,22653.9,8160.6,8160.6,806479.0,290517.0,4.573,39.24,32.1,0.0000,-0.13724228475488132,6.9398,0,29,120,2009-10-30
300026.SZ,2012-10-22,35.38,36.02,36.86,35.32,35.6,0.42,1.18,18206.8,65810.1,2.2311,2.2311,0.75,66.7944,43.6888,7.7658,14.5252,10.2004,0.3085,0.3146,22653.9,8160.6,8160.6,815994.0,293945.0,4.573,39.16,32.04,0.0000,-0.05478336503610224,6.9398,0,29,120,2009-10-30
300026.SZ,2012-10-23,36.17,33.41,36.7,33.21,36.02,-2.61,-7.25,39549.5,136227.0,4.8464,4.8464,1.9,61.9545,40.5231,7.2031,13.4727,9.4613,0.3326,0.3392,22653.9,8160.6,8160.6,756867.0,272646.0,4.573,39.62,32.42,0.0000,-0.22524052570102684,6.9398,0,29,120,2009-10-30
300026.SZ,2012-10-24,32.5,33.0,33.49,31.81,33.41,-0.41,-1.23,43925.2,143381.0,5.3826,5.3826,1.93,61.1942,34.3728,6.681,13.3074,7.6095,0.3367,0.3434,22653.9,8160.6,8160.6,747579.0,269300.0,4.573,36.75,30.07,0.0000,-0.040591534213835975,6.4358,0,29,120,2009-10-30
300026.SZ,2012-10-25,32.89,32.35,33.87,32.34,33.0,-0.65,-1.97,18756.5,62019.0,2.2984,2.2984,0.66,59.9889,33.6957,6.5494,13.0452,7.4597,0.3435,0.3503,22653.9,8160.6,8160.6,732854.0,263995.0,4.573,36.3,29.7,0.0000,-0.16801094318916587,6.4358,0,29,120,2009-10-30
300026.SZ,2012-10-26,32.0,31.7,32.49,31.6,32.35,-0.65,-2.01,31529.7,100690.0,3.8636,3.8636,1.19,58.7835,33.0187,6.4178,12.7831,7.3098,0.3505,0.3575,22653.9,8160.6,8160.6,718129.0,258691.0,4.573,35.59,29.12,0.0000,-0.0883124968895402,6.4358,0,29,120,2009-10-30
300026.SZ,2012-10-29,31.51,32.83,32.85,31.4,31.7,1.13,3.56,19696.9,63619.1,2.4137,2.4137,0.65,60.8789,34.1957,6.6466,13.2388,7.5703,0.3384,0.3452,22653.9,8160.6,8160.6,743728.0,267912.0,4.573,34.87,28.53,0.0000,0.0743127320466592,6.4358,0,29,120,2009-10-30
300026.SZ,2012-10-30,32.82,33.35,34.09,32.8,32.83,0.52,1.58,18317.9,61439.4,1.7887,2.1999,0.6,61.8432,34.7373,6.7519,13.4485,7.6903,0.3332,0.3398,22653.9,10240.9,8326.74,755508.0,341534.0,4.573,36.11,29.55,0.0000,0.006470115247501404,6.4358,0,29,120,2009-10-30
300026.SZ,2012-10-31,33.5,33.64,33.89,32.73,33.35,0.29,0.87,12342.6,41134.6,1.2052,1.4823,0.47,62.381,35.0394,6.8106,13.5654,7.7571,0.3303,0.3369,22653.9,10240.9,8326.74,762077.0,344504.0,4.573,36.69,30.02,0.0000,-0.048816888478358654,6.4358,0,29,120,2009-10-30
300026.SZ,2012-11-01,33.65,33.72,34.15,33.38,33.64,0.08,0.24,14194.6,47877.7,1.3861,1.7047,0.71,62.5293,35.1227,6.8268,13.5977,7.7756,0.3295,0.3361,22653.9,10240.9,8326.74,763890.0,345323.0,4.573,37.0,30.28,0.0000,-0.108742239510182,6.4358,0,29,120,2009-10-30
300026.SZ,2012-11-02,33.73,32.6,33.97,32.5,33.72,-1.12,-3.32,19670.8,65063.3,1.9208,2.3624,1.02,60.4524,33.9561,6.6001,13.146,7.5173,0.3408,0.3476,22653.9,10240.9,8326.74,738517.0,333854.0,4.573,37.09,30.35,0.0000,-0.1794204994444925,6.4358,0,29,120,2009-10-30
300026.SZ,2012-11-05,32.58,33.32,33.33,32.01,32.6,0.72,2.21,16469.4,53508.9,1.6082,1.9779,0.98,61.7876,34.7061,6.7458,13.4364,7.6833,0.3335,0.3401,22653.9,10240.9,8326.74,754828.0,341227.0,4.573,35.86,29.34,0.0000,0.13554131040307357,6.4358,0,29,120,2009-10-30
300026.SZ,2012-11-06,33.0,33.0,33.33,32.37,33.32,-0.32,-0.96,10114.7,33288.9,0.9877,1.2147,0.62,61.1942,34.3728,6.681,13.3074,7.6095,0.3367,0.3434,22653.9,10240.9,8326.74,747579.0,337950.0,4.573,36.65,29.99,0.0000,0.031420368488786654,6.4358,0,29,120,2009-10-30
300026.SZ,2012-11-07,33.03,32.88,33.28,32.62,33.0,-0.12,-0.36,7547.31,24861.7,0.737,0.9064,0.52,60.9717,34.2478,6.6567,13.259,7.5819,0.3379,0.3447,22653.9,10240.9,8326.74,744860.0,336721.0,4.573,36.3,29.7,-0.0001,0.10115419869915811,6.4358,0,29,120,2009-10-30
300026.SZ,2012-11-08,32.1,32.62,33.0,32.1,32.88,-0.26,-0.79,12734.4,41501.7,1.2435,1.5293,0.94,60.4895,33.977,6.6041,13.1541,7.5219,0.3406,0.3474,22653.9,10240.9,8326.74,738970.0,334058.0,4.573,36.17,29.59,0.0000,-0.005518639853982329,6.4358,0,29,120,2009-10-30
300026.SZ,2012-11-09,32.31,31.86,32.79,31.78,32.62,-0.76,-2.33,13832.7,44418.7,1.3507,1.6612,1.04,59.0802,33.1853,6.4502,12.8476,7.3467,0.3487,0.3557,22653.9,10240.9,8326.74,721753.0,326275.0,4.573,35.88,29.36,0.0000,0.07840982257256565,6.4358,0,29,120,2009-10-30
300026.SZ,2012-11-12,31.85,31.55,32.35,31.21,31.86,-0.31,-0.97,15272.0,48306.9,1.4913,1.8341,1.26,58.5054,32.8624,6.3875,12.7226,7.2752,0.3522,0.3592,22653.9,10240.9,8326.74,714731.0,323101.0,4.573,35.05,28.67,0.0000,0.08507114796463588,6.4358,0,29,120,2009-10-30
300026.SZ,2012-11-13,31.79,31.36,31.97,31.16,31.55,-0.19,-0.6,8272.62,26055.4,0.8078,0.9935,0.7,58.153,32.6645,6.349,12.646,7.2314,0.3543,0.3614,22653.9,10240.9,8326.74,710426.0,321155.0,4.573,34.71,28.4,0.0001,0.1534022432501354,6.4358,0,29,120,2009-10-30
300026.SZ,2012-11-14,31.4,31.7,31.99,31.25,31.36,0.34,1.08,8886.2,28136.9,0.8677,1.0672,0.77,58.7835,33.0187,6.4178,12.7831,7.3098,0.3505,0.3575,22653.9,10240.9,8326.74,718129.0,324637.0,4.573,34.5,28.22,0.0001,0.06083000764711937,6.4358,0,29,120,2009-10-30
300026.SZ,2012-11-15,31.92,32.7,33.3,31.75,31.7,1.0,3.15,39516.1,129595.0,3.8587,4.7457,3.35,60.6379,34.0603,6.6203,13.1864,7.5404,0.3087,0.3149,22653.9,10240.9,8326.74,740782.0,334878.0,4.573,34.87,28.53,0.0000,0.19926665463372298,6.4358,0,29,120,2009-10-30
300026.SZ,2012-11-16,32.7,31.95,33.8,31.88,32.7,-0.75,-2.29,35502.8,116844.0,3.4668,4.2637,2.07,65.2037,36.6249,5.0875,14.1793,8.1081,0.316,0.3223,24931.5,10240.9,8326.74,796561.0,327197.0,4.573,35.97,29.43,0.0000,0.04937823182904467,6.4358,0,29,120,2009-10-30
300026.SZ,2012-11-19,31.6,31.68,32.17,31.05,31.95,-0.27,-0.85,15834.5,50015.1,1.5462,1.9016,0.74,64.6527,36.3154,5.0446,14.0594,8.0396,0.3187,0.3251,24931.5,10240.9,8326.74,789830.0,324432.0,4.573,35.15,28.76,0.0000,0.02283801058839299,6.4358,0,29,120,2009-10-30
300026.SZ,2012-11-20,31.35,31.37,31.8,31.3,31.68,-0.31,-0.98,12716.9,40169.1,1.2418,1.5272,0.59,64.02,35.96,4.9952,13.9219,7.9609,0.3218,0.3283,24931.5,10240.9,8326.74,782101.0,321257.0,4.573,34.85,28.51,0.0000,0.0280556931964486,6.4358,0,29,120,2009-10-30
300026.SZ,2012-11-21,31.37,31.0,31.54,30.41,31.37,-0.37,-1.18,19731.1,60861.5,1.9267,2.3696,0.88,63.265,35.5359,4.9363,13.7577,7.8671,0.3257,0.3322,24931.5,10240.9,8326.74,772876.0,317468.0,4.573,34.51,28.23,0.0000,-0.11039312154491912,6.4358,0,29,120,2009-10-30
300026.SZ,2012-11-22,30.72,29.45,30.73,29.41,31.0,-1.55,-5.0,25029.2,75059.2,2.444,3.0059,1.01,60.1017,33.7591,4.6895,13.0698,7.4737,0.3428,0.3497,24931.5,10240.9,8326.74,734232.0,301595.0,4.573,34.1,27.9,0.0000,-0.1071087746337236,6.4358,0,29,120,2009-10-30
300026.SZ,2012-11-23,29.39,29.9,30.25,29.0,29.45,0.45,1.53,17752.9,52281.6,1.7335,2.132,0.82,61.0201,34.275,4.7611,13.2695,7.5879,0.3377,0.3444,24931.5,10240.9,8326.74,745452.0,306203.0,4.573,32.4,26.51,0.0001,-0.008066147739226079,6.4358,0,29,120,2009-10-30
300026.SZ,2012-11-26,29.91,29.92,30.17,29.46,29.9,0.02,0.07,8054.28,23961.6,0.7865,0.9673,0.44,61.0609,34.2979,4.7643,13.2784,7.593,0.3374,0.3442,24931.5,10240.9,8326.74,745950.0,306408.0,4.573,32.89,26.91,0.0000,0.0348881679288676,6.4358,0,29,120,2009-10-30
300026.SZ,2012-11-27,29.89,28.63,29.95,28.52,29.92,-1.29,-4.31,23027.3,67358.8,2.2486,2.7655,1.38,58.4282,32.8191,4.5589,12.7059,7.2656,0.3526,0.3597,24931.5,10240.9,8326.74,713788.0,293197.0,4.573,32.91,26.93,0.0000,0.06679787968214808,6.4358,0,29,120,2009-10-30
300026.SZ,2012-11-28,28.5,28.69,28.85,27.9,28.63,0.06,0.21,16961.2,48292.0,1.6562,2.037,0.91,58.5507,32.8879,4.5684,12.7325,7.2808,0.3519,0.3589,24931.5,10240.9,8326.74,715284.0,293812.0,4.573,31.49,25.77,0.0000,-0.06365226618563932,6.4358,0,29,120,2009-10-30
300026.SZ,2012-11-29,28.59,28.85,29.5,28.52,28.69,0.16,0.56,15199.7,44259.9,1.4842,1.8254,0.84,58.8772,33.0713,4.5939,12.8035,7.3214,0.35,0.3569,24931.5,10240.9,8326.74,719273.0,295450.0,4.573,31.56,25.82,0.0000,-0.0013456986827437142,6.4358,0,29,120,2009-10-30
300026.SZ,2012-11-30,28.99,29.16,29.29,28.61,28.85,0.31,1.07,7794.95,22539.3,0.7612,0.9361,0.48,59.5099,33.4267,4.6433,12.9411,7.4001,0.3462,0.3532,24931.5,10240.9,8326.74,727002.0,298625.0,4.573,31.74,25.97,0.0000,-0.04923576649446537,6.4358,0,29,120,2009-10-30
300026.SZ,2012-12-03,28.89,28.64,29.47,28.57,29.16,-0.52,-1.78,13740.1,39947.1,1.3417,1.6501,0.97,58.4487,32.8306,4.5605,12.7103,7.2681,0.3525,0.3596,24931.5,10240.9,8326.74,714038.0,293300.0,4.573,32.08,26.24,0.0000,-0.05703939370234008,6.4358,0,29,120,2009-10-30
300026.SZ,2012-12-04,28.16,29.27,29.33,27.92,28.64,0.63,2.2,13096.5,37538.2,1.2788,1.5728,0.85,59.7344,33.5528,4.6608,12.9899,7.428,0.3449,0.3518,24931.5,10240.9,8326.74,729745.0,299751.0,4.573,31.5,25.78,0.0000,0.11447600100791874,6.4358,0,29,120,2009-10-30
300026.SZ,2012-12-05,29.02,30.45,30.99,29.01,29.27,1.18,4.03,19276.7,58642.9,1.8823,2.315,1.44,62.1425,34.9054,4.8487,13.5136,7.7275,0.3316,0.3382,24931.5,10240.9,8326.74,759164.0,311836.0,4.573,32.2,26.34,0.0000,0.11482351149544033,6.4358,0,29,120,2009-10-30
300026.SZ,2012-12-06,30.25,30.52,30.66,30.1,30.45,0.07,0.23,12324.1,37454.4,1.2034,1.4801,0.89,62.2854,34.9857,4.8598,13.5446,7.7452,0.3308,0.3374,24931.5,10240.9,8326.74,760909.0,312552.0,4.573,33.5,27.41,0.0000,0.019722689680928628,6.4358,0,29,120,2009-10-30
300026.SZ,2012-12-07,30.42,31.37,31.75,30.14,30.52,0.85,2.79,12769.9,39950.7,1.2469,1.5336,0.96,64.02,35.96,4.9952,13.9219,7.9609,0.3218,0.3283,24931.5,10240.9,8326.74,782101.0,321257.0,4.573,33.57,27.47,0.0000,0.12309018052863274,6.4358,0,29,120,2009-10-30
300026.SZ,2012-12-10,31.48,31.3,32.25,31.3,31.37,-0.07,-0.22,11263.9,35514.5,1.0999,1.3527,0.79,63.8772,35.8798,4.984,13.8908,7.9432,0.3226,0.329,24931.5,10240.9,8326.74,780356.0,320540.0,4.573,34.51,28.23,0.0000,-0.1760999020651718,6.4358,0,29,120,2009-10-30
300026.SZ,2012-12-11,31.22,29.99,31.4,29.99,31.3,-1.31,-4.19,13229.0,40592.9,1.2918,1.5887,0.96,61.2037,34.3781,4.7754,13.3094,7.6107,0.3366,0.3434,24931.5,10240.9,8326.74,747695.0,307125.0,4.573,34.43,28.17,0.0000,-0.1625867012323789,6.4358,0,29,120,2009-10-30
300026.SZ,2012-12-12,29.51,29.35,29.85,28.2,29.99,-0.64,-2.13,41395.6,119889.0,4.0422,4.9714,3.01,59.8976,33.6445,4.6735,13.0254,7.4483,0.344,0.3509,24931.5,10240.9,8326.74,731739.0,300571.0,4.573,32.99,26.99,0.0000,-0.0923773127916136,6.4358,0,29,120,2009-10-30
300026.SZ,2012-12-13,29.02,29.36,29.5,28.64,29.35,0.01,0.03,14659.6,42705.9,1.4315,1.7605,0.81,59.918,33.6559,4.6751,13.0298,7.4509,0.3439,0.3507,24931.5,10240.9,8326.74,731988.0,300673.0,4.573,32.29,26.42,0.0000,-0.22033560399626523,6.4358,0,29,120,2009-10-30
300026.SZ,2012-12-14,29.25,30.95,31.05,29.04,29.36,1.59,5.42,31065.0,93982.3,3.0334,3.7308,1.66,63.1629,35.4786,4.9283,13.7355,7.8544,0.3262,0.3327,24931.5,10240.9,8326.74,771630.0,316956.0,4.573,32.3,26.42,0.0000,0.047661059538073064,6.4358,0,29,120,2009-10-30
300026.SZ,2012-12-17,30.98,30.16,31.0,29.6,30.95,-0.79,-2.55,23054.4,69231.8,2.2512,2.7687,1.03,61.5507,34.573,4.8025,13.3849,7.6539,0.3348,0.3414,24931.5,10240.9,8326.74,751934.0,308866.0,4.573,34.05,27.86,0.0000,-0.05057661204114103,6.4358,0,29,120,2009-10-30
300026.SZ,2012-12-18,30.14,29.64,30.27,29.5,30.16,-0.52,-1.72,9583.83,28570.5,0.9358,1.151,0.39,60.4895,33.9769,4.7197,13.1541,7.5219,0.3406,0.3474,24931.5,10240.9,8326.74,738969.0,303540.0,4.573,33.18,27.14,0.0000,-0.1853430510584045,6.4358,0,29,120,2009-10-30
300026.SZ,2012-12-19,29.51,30.03,30.07,29.5,29.64,0.39,1.32,9702.1,28871.8,0.9474,1.1652,0.41,61.2854,34.424,4.7818,13.3272,7.6209,0.3362,0.3429,24931.5,10240.9,8326.74,748693.0,307534.0,4.573,32.6,26.68,0.0000,-0.0888855028578252,6.4358,0,29,120,2009-10-30
300026.SZ,2012-12-20,30.05,30.0,30.34,29.7,30.03,-0.03,-0.1,10509.8,31551.3,1.0263,1.2622,0.6,61.2241,34.3896,4.777,13.3139,7.6133,0.3365,0.3433,24931.5,10240.9,8326.74,747945.0,307227.0,4.573,33.03,27.03,0.0000,-0.029949030063644688,6.4358,0,29,120,2009-10-30
300026.SZ,2012-12-21,30.0,30.83,31.04,29.76,30.0,0.83,2.77,16474.0,50357.9,1.6086,1.9784,0.98,62.918,35.341,4.9092,13.6822,7.8239,0.3275,0.334,24931.5,10240.9,8326.74,768638.0,315727.0,4.573,33.0,27.0,0.0000,0.10735722021355101,6.4358,0,29,120,2009-10-30
300026.SZ,2012-12-24,30.83,32.92,33.5,30.81,30.83,2.09,6.78,34318.6,111030.0,3.3511,4.1215,2.48,67.1833,37.7368,5.242,14.6097,8.3543,0.3067,0.3128,24931.5,10240.9,8326.74,820745.0,337131.0,4.573,33.91,27.75,0.0000,-0.012797452905277184,6.4358,0,29,120,2009-10-30
300026.SZ,2012-12-25,32.85,33.73,33.9,32.4,32.92,0.81,2.46,32136.7,107003.0,3.1381,3.8595,1.99,68.8363,38.6654,5.371,14.9692,8.5599,0.2993,0.3053,24931.5,10240.9,8326.74,840939.0,345426.0,4.573,36.21,29.63,0.0000,0.08690060323825367,6.4358,0,29,120,2009-10-30
300026.SZ,2012-12-26,33.7,33.94,34.35,33.4,33.73,0.21,0.62,21559.3,73165.4,2.1052,2.5892,1.05,69.2649,38.9061,5.4044,15.0624,8.6132,0.2975,0.3034,24931.5,10240.9,8326.74,846175.0,347576.0,4.573,37.1,30.36,0.0000,0.0815101930707304,6.4358,0,29,120,2009-10-30
300026.SZ,2012-12-27,33.76,33.7,34.0,33.01,33.94,-0.24,-0.71,13163.8,43999.0,1.2854,1.5809,0.57,68.7751,38.631,5.3662,14.9559,8.5522,0.2996,0.3056,24931.5,10240.9,8326.74,840191.0,345119.0,4.573,37.33,30.55,0.0000,-0.018921732852922493,6.4358,0,29,120,2009-10-30
300026.SZ,2012-12-28,33.6,33.89,34.03,33.13,33.7,0.19,0.56,10402.0,35096.8,1.0157,1.2492,0.44,69.1629,38.8488,5.3965,15.0402,8.6005,0.2979,0.3039,24931.5,10240.9,8326.74,844928.0,347064.0,4.573,37.07,30.33,0.0000,-0.05573631471398046,6.4358,0,29,120,2009-10-30
300026.SZ,2012-12-31,33.89,33.86,34.08,32.44,33.89,-0.03,-0.09,28314.0,94272.6,2.7648,3.4004,1.27,69.1017,38.8144,5.3917,15.0269,8.5928,0.2982,0.3041,24931.5,10240.9,8326.74,844180.0,346757.0,4.573,37.28,30.5,0.0000,-0.04499394079074078,6.4358,0,29,120,2009-10-30
300026.SZ,2013-01-04,33.7,32.95,34.0,32.9,33.86,-0.91,-2.69,14905.2,49629.4,1.2605,1.6052,0.71,67.2445,37.7712,5.2468,14.6231,8.3619,0.3125,0.3125,24931.5,11825.3,9285.39,821492.0,389642.0,4.573,37.25,30.47,0.0000,-0.21402530468099779,6.4358,0,29,120,2009-10-30
300026.SZ,2013-01-07,32.75,36.25,36.25,32.75,32.95,3.3,10.02,24527.6,85402.5,2.0742,2.6415,1.39,73.9792,41.5541,5.7723,16.0876,9.1994,0.2841,0.2841,24931.5,11825.3,9285.39,903766.0,428665.0,4.573,36.25,29.66,0.0000,0.2608647083119502,6.4358,0,29,120,2009-10-30
300026.SZ,2013-01-08,37.08,36.38,37.08,34.72,36.25,0.13,0.36,34248.3,123415.0,2.8962,3.6884,1.88,74.2445,41.7031,5.793,16.1453,9.2324,0.2831,0.2831,24931.5,11825.3,9285.39,907008.0,430203.0,4.573,39.88,32.63,0.0000,-0.15400487552084352,6.4358,0,29,120,2009-10-30
300026.SZ,2013-01-09,36.2,36.4,37.15,35.2,36.38,0.02,0.06,18466.3,66991.6,1.5616,1.9887,0.82,74.2853,41.726,5.7961,16.1542,9.2374,0.2829,0.2829,24931.5,11825.3,9285.39,907506.0,430439.0,4.573,40.02,32.74,0.0000,0.028971292774439595,6.4358,0,29,120,2009-10-30
300026.SZ,2013-01-10,36.36,37.3,38.98,36.2,36.4,0.9,2.47,31014.3,116149.0,2.6227,3.3401,1.29,76.122,42.7577,5.9394,16.5536,9.4658,0.2761,0.2761,24931.5,11825.3,9285.39,929944.0,441082.0,4.573,40.04,32.76,0.0000,-0.008197936014263472,6.4358,0,29,120,2009-10-30
300026.SZ,2013-01-11,37.2,36.01,38.0,35.51,37.3,-1.29,-3.46,22790.5,84013.4,1.9273,2.4544,0.93,73.4894,41.279,5.734,15.9811,9.1385,0.286,0.286,24931.5,11825.3,9285.39,897783.0,425827.0,4.573,41.03,33.57,0.0000,-0.1147224505474569,6.4358,0,29,120,2009-10-30
300026.SZ,2013-01-14,35.88,37.31,37.77,35.5,36.01,1.3,3.61,33414.4,122681.0,2.8257,3.5986,1.27,76.1424,42.7692,5.941,16.558,9.4684,0.276,0.276,24931.5,11825.3,9285.39,930194.0,441200.0,4.573,39.61,32.41,0.0000,-0.025905221973268784,6.4358,0,29,120,2009-10-30
300026.SZ,2013-01-15,37.4,37.94,38.2,37.03,37.31,0.63,1.69,22864.1,86726.8,1.9335,2.4624,0.82,77.4281,43.4914,6.0414,16.8376,9.6283,0.2714,0.2714,24931.5,11825.3,9285.39,945901.0,448650.0,4.573,41.04,33.58,0.0000,0.028556217804898334,6.4358,0,29,120,2009-10-30
300026.SZ,2013-01-16,37.9,38.0,39.24,37.5,37.94,0.06,0.16,25560.2,97828.6,2.1615,2.7527,0.99,77.5506,43.5601,6.0509,16.8642,9.6435,0.271,0.271,24931.5,11825.3,9285.39,947397.0,449360.0,4.573,41.73,34.15,0.0000,0.0028577916685285643,6.4358,0,29,120,2009-10-30
300026.SZ,2013-01-17,38.1,38.24,39.0,38.0,38.0,0.24,0.63,18591.7,71548.9,1.5722,2.0022,0.69,78.0404,43.8353,6.0891,16.9707,9.7044,0.2693,0.2693,24931.5,11825.3,9285.39,953380.0,452198.0,4.573,41.8,34.2,0.0000,0.06472020115624545,6.4358,0,29,120,2009-10-30
300026.SZ,2013-01-18,38.26,39.45,40.15,38.26,38.24,1.21,3.16,23995.3,94022.4,2.0292,2.5842,0.97,80.5098,45.2223,6.2818,17.5077,10.0115,0.261,0.261,24931.5,11825.3,9285.39,983547.0,466506.0,4.573,42.06,34.42,0.0000,0.00563512428593166,6.4358,0,29,120,2009-10-30
300026.SZ,2013-01-21,39.02,38.81,39.6,38.2,39.45,-0.64,-1.62,29038.7,112537.0,2.4557,3.1274,1.17,79.2036,44.4887,6.1799,17.2237,9.849,0.2653,0.2653,24931.5,11825.3,9285.39,967591.0,458938.0,4.573,43.4,35.51,0.0000,-0.019430138712920805,6.4358,0,29,120,2009-10-30
300026.SZ,2013-01-22,38.96,37.41,38.96,37.0,38.81,-1.4,-3.61,18738.8,71443.4,1.5846,2.0181,0.78,76.3465,42.8838,5.957,16.6024,9.4938,0.2753,0.2753,24931.5,11825.3,9285.39,932687.0,442383.0,4.573,42.69,34.93,0.0000,-0.09102180366433561,6.4358,0,29,120,2009-10-30
300026.SZ,2013-01-23,37.66,36.94,37.66,36.49,37.41,-0.47,-1.26,24430.3,90303.0,2.0659,2.631,1.05,75.3873,42.3451,5.8821,16.3938,9.3745,0.2788,0.2788,24931.5,11825.3,9285.39,920969.0,436825.0,4.573,41.15,33.67,0.0000,-0.08385546654851303,6.4358,0,29,120,2009-10-30
300026.SZ,2013-01-24,36.54,36.09,37.17,34.92,36.94,-0.85,-2.3,39825.4,143309.0,3.3678,4.289,1.73,73.6526,41.3707,5.7468,16.0166,9.1588,0.2853,0.2853,24931.5,11825.3,9285.39,899777.0,426773.0,4.573,40.63,33.25,0.0000,-0.12741237692550683,6.4358,0,29,120,2009-10-30
300026.SZ,2013-01-25,35.79,37.51,37.74,35.52,36.09,1.42,3.93,20081.1,74215.9,1.6982,2.1627,0.74,76.5506,42.9985,5.9729,16.6468,9.5191,0.2745,0.2745,24931.5,11825.3,9285.39,935180.0,443565.0,4.573,39.7,32.48,0.0000,0.16247482582417247,6.4358,0,29,120,2009-10-30
300026.SZ,2013-01-28,37.85,39.16,39.97,37.22,37.51,1.65,4.4,19731.7,76838.9,1.6686,2.125,0.75,79.9179,44.8899,6.2356,17.379,9.9379,0.263,0.263,24931.5,11825.3,9285.39,976317.0,463077.0,4.573,41.26,33.76,0.0000,0.17339929250126823,6.4358,0,29,120,2009-10-30
300026.SZ,2013-01-29,39.15,39.1,40.86,38.5,39.16,-0.06,-0.15,20495.4,81544.2,1.7332,2.2073,0.83,79.7955,44.8211,6.2261,17.3524,9.9226,0.2634,0.2634,24931.5,11825.3,9285.39,974821.0,462367.0,4.573,43.08,35.24,0.0000,-0.0712979458124397,6.4358,0,29,120,2009-10-30
300026.SZ,2013-01-30,39.11,39.7,40.09,38.8,39.1,0.6,1.53,14505.8,56988.2,1.2267,1.5622,0.58,81.02,45.5089,6.3216,17.6187,10.0749,0.2594,0.2594,24931.5,11825.3,9285.39,989780.0,469463.0,4.573,43.01,35.19,0.0000,0.011486541353241142,6.4358,0,29,120,2009-10-30
300026.SZ,2013-01-31,39.7,38.25,39.7,37.8,39.7,-1.45,-3.65,19301.2,73849.6,1.6322,2.0787,0.84,78.0608,43.8467,6.0907,16.9752,9.7069,0.2692,0.2692,24931.5,11825.3,9285.39,953629.0,452316.0,4.573,43.67,35.73,0.0001,-0.17419871317738495,6.4358,0,29,120,2009-10-30
300026.SZ,2013-02-01,38.32,39.05,39.22,38.0,38.25,0.8,2.09,16319.5,63338.1,1.3801,1.7575,0.87,79.6934,44.7638,6.2181,17.3302,9.9099,0.2637,0.2637,24931.5,11825.3,9285.39,973575.0,461776.0,4.573,42.08,34.43,0.0000,0.12368073836856573,6.4358,0,29,120,2009-10-30
300026.SZ,2013-02-04,39.06,38.21,39.06,37.92,39.05,-0.84,-2.15,6969.94,26647.4,0.5894,0.7506,0.39,77.9792,43.8009,6.0844,16.9574,9.6968,0.2695,0.2695,24931.5,11825.3,9285.39,952632.0,451843.0,4.573,42.96,35.15,-0.0001,-0.13444047740158954,6.4358,0,29,120,2009-10-30
300026.SZ,2013-02-05,38.0,39.52,40.55,38.0,38.21,1.31,3.43,14181.3,56073.0,1.1992,1.5273,0.91,80.6526,45.3026,6.2929,17.5388,10.0292,0.2606,0.2606,24931.5,11825.3,9285.39,985292.0,467334.0,4.573,42.03,34.39,0.0000,0.12889410262919007,6.4358,0,29,120,2009-10-30
300026.SZ,2013-02-06,39.7,41.2,41.49,39.0,39.52,1.68,4.25,23974.4,97644.8,2.0274,2.5819,1.68,84.0812,47.2284,6.5605,18.2844,10.4556,0.25,0.25,24931.5,11825.3,9285.39,1027180.0,487200.0,4.573,43.47,35.57,0.0000,0.08120927502232343,6.4358,0,29,120,2009-10-30
300026.SZ,2013-02-07,41.21,41.8,41.93,40.15,41.2,0.6,1.46,15823.2,65434.1,1.3381,1.7041,0.98,85.3056,47.9162,6.656,18.5507,10.6078,0.2464,0.2464,24931.5,11825.3,9285.39,1042140.0,494296.0,4.573,45.32,37.08,0.0000,-0.0262510545118116,6.4358,0,29,120,2009-10-30
300026.SZ,2013-02-08,41.45,43.83,43.97,41.27,41.8,2.03,4.86,13281.7,57641.4,1.1232,1.4304,0.86,89.4485,50.2432,6.9792,19.4516,11.123,0.235,0.235,24931.5,11825.3,9285.39,1092750.0,518301.0,4.573,45.98,37.62,0.0000,0.15018858810019928,6.4358,0,29,120,2009-10-30
300026.SZ,2013-02-18,43.83,42.99,44.73,42.74,43.83,-0.84,-1.92,11925.5,52077.4,1.0085,1.2843,0.8,87.7342,49.2803,6.8455,19.0788,10.9098,0.2395,0.2395,24931.5,11825.3,9285.39,1071800.0,508368.0,4.573,48.21,39.45,0.0000,-0.23926406985189524,6.4358,0,29,120,2009-10-30
300026.SZ,2013-02-19,42.94,42.83,43.78,42.25,42.99,-0.16,-0.37,10700.4,45980.2,0.9049,1.1524,0.68,87.4077,49.0969,6.82,19.0078,10.8692,0.2404,0.2404,24931.5,11825.3,9285.39,1067820.0,506476.0,4.573,47.29,38.69,0.0000,-0.1283909427350404,6.4358,0,29,120,2009-10-30
300026.SZ,2013-02-20,42.8,44.77,44.8,42.5,42.83,1.94,4.53,18391.6,80593.6,1.5553,1.9807,1.21,91.3668,51.3207,7.1289,19.8687,11.3615,0.23,0.23,24931.5,11825.3,9285.39,1116180.0,529417.0,4.573,47.11,38.55,0.0000,0.019792357302487993,6.4358,0,29,120,2009-10-30
300026.SZ,2013-02-21,44.55,43.76,44.9,42.8,44.77,-1.01,-2.26,15424.9,67625.0,1.3044,1.6612,1.1,89.3056,50.163,6.9681,19.4205,11.1052,0.2353,0.2353,24931.5,11825.3,9285.39,1091000.0,517473.0,4.573,49.25,40.29,0.0000,-0.20136934349972874,6.4358,0,29,120,2009-10-30
300026.SZ,2013-02-22,43.64,42.3,43.75,42.16,43.76,-1.46,-3.34,17631.2,75241.8,1.491,1.8988,1.26,86.326,48.4893,6.7356,18.7725,10.7347,0.2435,0.2435,24931.5,11825.3,9285.39,1054600.0,500208.0,4.573,48.14,39.38,-0.0001,-0.27316562369789343,6.4358,0,29,120,2009-10-30
300026.SZ,2013-02-25,42.26,42.65,43.18,41.0,42.3,0.35,0.83,12207.1,51713.0,1.0323,1.3147,0.82,87.0403,48.8905,6.7914,18.9279,10.8235,0.2415,0.2415,24931.5,11825.3,9285.39,1063330.0,504347.0,4.573,46.53,38.07,0.0000,-0.1600394556825223,6.4358,0,29,120,2009-10-30
300026.SZ,2013-02-26,42.54,42.4,44.19,42.03,42.65,-0.25,-0.59,16587.2,72065.4,1.4027,1.7864,1.12,86.5301,48.604,6.7515,18.8169,10.7601,0.2429,0.2429,24931.5,11825.3,9285.39,1057100.0,501391.0,4.573,46.92,38.39,0.0000,-0.04653070956056253,6.4358,0,29,120,2009-10-30
300026.SZ,2013-02-27,42.84,42.03,43.27,41.63,42.4,-0.37,-0.87,11589.9,48838.7,0.9801,1.2482,0.72,85.775,48.1798,6.6926,18.6527,10.6662,0.245,0.245,24931.5,11825.3,9285.39,1047870.0,497015.0,4.573,46.64,38.16,0.0000,-0.0975350156856161,6.4358,0,29,120,2009-10-30
300026.SZ,2013-02-28,42.03,42.6,42.9,42.03,42.03,0.57,1.36,9407.93,40023.4,0.7956,1.0132,0.64,86.9383,45.6994,7.7147,18.9057,8.6386,0.2417,0.2417,24931.5,11825.3,9285.39,1062080.0,503756.0,4.573,46.23,37.83,0.0001,-0.13738959614080104,6.4358,0,29,120,2009-10-30
300026.SZ,2013-03-01,42.44,43.7,44.1,42.44,42.6,1.1,2.58,13206.6,57650.1,1.1168,1.4223,0.98,89.1832,46.8794,7.914,19.3939,8.8616,0.2357,0.2357,24931.5,11825.3,9285.39,1089510.0,516764.0,4.573,46.86,38.34,0.0000,-0.05177102577373061,6.4358,0,29,120,2009-10-30
300026.SZ,2013-03-04,43.28,42.56,44.7,42.1,43.7,-1.14,-2.61,19333.1,84101.3,1.6349,2.0821,1.53,86.8567,45.6565,7.7075,18.8879,8.6305,0.242,0.242,24931.5,11825.3,9285.39,1061080.0,503283.0,4.573,48.07,39.33,0.0000,-0.13552497892079213,6.4358,0,29,120,2009-10-30
300026.SZ,2013-03-05,42.79,44.06,44.09,42.57,42.56,1.5,3.52,13448.2,58626.2,1.1372,1.4483,0.96,89.9179,47.2656,7.9792,19.5536,8.9346,0.2337,0.2337,24931.5,11825.3,9285.39,1098480.0,521021.0,4.573,46.82,38.3,0.0000,0.07106451115820092,6.4358,0,29,120,2009-10-30
300026.SZ,2013-03-06,44.06,44.29,45.23,43.5,44.06,0.23,0.52,19119.9,84795.8,1.6169,2.0591,1.43,90.3872,47.5123,8.0208,19.6557,8.9813,0.2325,0.2325,24931.5,11825.3,9285.39,1104220.0,523740.0,4.573,48.47,39.65,0.0000,0.02079632880981886,6.4358,0,29,120,2009-10-30
300026.SZ,2013-03-07,44.0,42.71,44.48,42.04,44.29,-1.58,-3.57,28422.8,121705.0,2.4036,3.061,1.91,87.1628,45.8174,7.7347,18.9545,8.6609,0.2411,0.2411,24931.5,11825.3,9285.39,1064820.0,505057.0,4.573,48.72,39.86,0.0000,-0.12336725782272691,6.4358,0,29,120,2009-10-30
300026.SZ,2013-03-08,42.7,41.75,42.7,41.2,42.71,-0.96,-2.25,17566.9,73295.4,1.4855,1.8919,0.94,85.2036,44.7875,7.5608,18.5285,8.4662,0.2467,0.2467,24931.5,11825.3,9285.39,1040890.0,493704.0,4.573,46.98,38.44,0.0000,-0.2160593473603574,6.4358,0,29,120,2009-10-30
300026.SZ,2013-03-11,41.96,41.29,42.09,41.13,41.75,-0.46,-1.1,12995.5,54062.5,1.099,1.3996,0.66,84.2648,44.2941,7.4775,18.3243,8.3729,0.2494,0.2494,24931.5,11825.3,9285.39,1029420.0,488265.0,4.573,45.93,37.58,0.0000,-0.06995146702624877,6.4358,0,29,120,2009-10-30
300026.SZ,2013-03-12,41.48,39.48,42.03,39.21,41.29,-1.81,-4.38,21277.7,85136.4,1.7993,2.2915,1.16,80.571,42.3524,7.1497,17.521,8.0059,0.2608,0.2608,24931.5,11825.3,9285.39,984295.0,466861.0,4.573,45.42,37.16,0.0000,-0.05335995970753462,6.4358,0,29,120,2009-10-30
300026.SZ,2013-03-13,39.5,39.89,40.26,39.15,39.48,0.41,1.04,11417.7,45436.7,0.9655,1.2296,0.57,81.4077,42.7922,7.224,17.703,8.089,0.2582,0.2582,24931.5,11825.3,9285.39,994517.0,471709.0,4.573,43.43,35.53,0.0000,0.025075274722851714,6.4358,0,29,120,2009-10-30
300026.SZ,2013-03-14,39.62,41.0,41.3,39.6,39.89,1.11,2.78,9552.23,39012.4,0.8078,1.0287,0.52,83.673,43.983,7.425,18.1956,8.3141,0.2512,0.2512,24931.5,11825.3,9285.39,1022190.0,484835.0,4.573,43.88,35.9,0.0001,0.07246550082351955,6.4358,0,29,120,2009-10-30
300026.SZ,2013-03-15,41.02,42.15,43.05,41.02,41.0,1.15,2.8,13892.8,58800.1,1.1748,1.4962,0.95,86.0199,45.2166,7.6333,18.706,8.5473,0.2443,0.2443,24931.5,11825.3,9285.39,1050860.0,498434.0,4.573,45.1,36.9,0.0000,0.15397946332812606,6.4358,0,29,120,2009-10-30
300026.SZ,2013-03-18,42.15,41.71,42.75,41.45,42.15,-0.44,-1.04,12632.3,53207.6,1.0682,1.3604,0.91,85.122,44.7446,7.5536,18.5107,8.4581,0.2469,0.2469,24931.5,11825.3,9285.39,1039890.0,493231.0,4.573,46.37,37.94,0.0000,-0.24960278670916136,6.4358,0,29,120,2009-10-30
300026.SZ,2013-03-19,41.99,41.71,41.99,39.9,41.71,0.0,0.0,15000.0,61004.2,1.2685,1.6154,1.09,85.122,44.7446,7.5536,18.5107,8.4581,0.2469,0.2469,24931.5,11825.3,9285.39,1039890.0,493231.0,4.573,45.88,37.54,0.0000,-0.056756433004673146,6.4358,0,29,120,2009-10-30
300026.SZ,2013-03-20,41.25,42.92,43.27,41.25,41.71,1.21,2.9,8856.73,37875.3,0.749,0.9538,0.71,87.5913,46.0427,7.7727,19.0477,8.7035,0.2399,0.2399,24931.5,11825.3,9285.39,1070060.0,507540.0,4.573,45.88,37.54,0.0000,0.2852819907933546,6.4358,0,29,120,2009-10-30
300026.SZ,2013-03-21,42.62,43.38,43.45,42.55,42.92,0.46,1.07,10365.1,44584.8,0.8765,1.1163,0.86,88.5301,46.5361,7.856,19.2518,8.7968,0.2374,0.2374,24931.5,11825.3,9285.39,1081530.0,512980.0,4.573,47.21,38.63,0.0001,-0.14530505189746606,6.4358,0,29,120,2009-10-30
300026.SZ,2013-03-22,44.0,43.69,44.9,43.02,43.38,0.31,0.71,13194.7,58088.5,1.1158,1.421,1.09,89.1628,46.8687,7.9121,19.3894,8.8596,0.2357,0.2357,24931.5,11825.3,9285.39,1089260.0,516645.0,4.573,47.72,39.04,0.0000,-0.029909841807843427,6.4358,0,29,120,2009-10-30
300026.SZ,2013-03-25,43.76,43.5,43.98,42.73,43.69,-0.19,-0.43,11175.1,48273.2,0.945,1.2035,0.93,88.775,46.6649,7.8777,19.3051,8.8211,0.2367,0.2367,24931.5,11825.3,9285.39,1084520.0,514399.0,4.573,48.06,39.32,0.0000,-0.07238409546793367,6.4358,0,29,120,2009-10-30
300026.SZ,2013-03-26,42.8,41.99,43.35,40.91,43.5,-1.51,-3.47,31043.0,129171.0,2.6251,3.3432,2.65,45.2999,45.2999,7.608,8.5163,8.5163,0.2452,0.2452,24931.5,11825.3,9285.39,1046870.0,496542.0,4.573,47.85,39.15,0.0000,-0.121788502026038,4.2085,0,29,120,2009-10-30
300026.SZ,2013-03-27,41.75,42.16,43.13,41.45,41.99,0.17,0.4,21413.9,90205.8,1.2941,2.3062,1.43,45.4833,45.4833,7.6388,8.5508,8.5508,0.2443,0.2443,24931.5,16546.9,9285.39,1051110.0,697617.0,4.573,46.19,37.79,0.0000,-0.08969622109702277,4.2085,0,29,120,2009-10-30
300026.SZ,2013-03-28,41.73,43.0,44.35,41.0,42.16,0.84,1.99,30616.0,132311.0,1.8503,3.2972,1.76,46.3895,46.3895,7.791,8.7212,8.7212,0.2395,0.2395,24931.5,16546.9,9285.39,1072050.0,711516.0,4.573,46.38,37.94,0.0000,0.12824373229978006,4.2085,0,29,120,2009-10-30
300026.SZ,2013-03-29,43.04,45.8,45.8,43.04,43.0,2.8,6.51,30849.8,138584.0,1.8644,3.3224,1.44,49.4102,49.4102,8.2984,9.2891,9.2891,0.2248,0.2248,24931.5,16546.9,9285.39,1141860.0,757847.0,4.573,47.3,38.7,0.0000,0.17923471208579633,4.2085,0,29,120,2009-10-30
300026.SZ,2013-04-01,45.93,45.95,46.6,44.71,45.8,0.15,0.33,18195.0,83235.6,1.0996,1.9595,0.73,49.5721,49.5721,8.3255,9.3195,9.3195,0.2241,0.2241,24931.5,16546.9,9285.39,1145600.0,760329.0,4.573,50.38,41.22,0.0000,-0.049554053949706314,4.2085,0,29,120,2009-10-30
300026.SZ,2013-04-02,45.49,42.48,46.2,41.6,45.95,-3.47,-7.55,30817.6,134339.0,1.8624,3.3189,1.17,45.8285,45.8285,7.6968,8.6157,8.6157,0.2424,0.2424,24931.5,16546.9,9285.39,1059090.0,702912.0,4.573,50.55,41.36,0.0000,-0.17766973229064814,4.2085,0,29,120,2009-10-30
300026.SZ,2013-04-03,42.28,42.51,42.96,41.5,42.48,0.03,0.07,21053.0,88802.3,1.2723,2.2673,0.8,45.8609,45.8609,7.7022,8.6218,8.6218,0.2422,0.2422,24931.5,16546.9,9285.39,1059840.0,703408.0,4.573,46.73,38.23,0.0000,-0.040842076158787,4.2085,0,29,120,2009-10-30
300026.SZ,2013-04-08,42.19,43.98,44.0,41.61,42.51,1.47,3.46,14390.8,61733.3,0.8697,1.6898,0.55,47.4468,47.4468,7.9686,8.92,8.92,0.2342,0.2342,24931.5,16546.9,8516.5,1096490.0,727732.0,4.573,46.76,38.26,0.0001,-0.04083881157814642,4.2085,0,29,120,2009-10-30
300026.SZ,2013-04-09,43.89,42.88,43.98,42.3,43.98,-1.1,-2.5,15558.5,66798.3,0.9403,1.8269,0.67,46.2601,46.2601,7.7693,8.6969,8.6969,0.2402,0.2402,24931.5,16546.9,8516.5,1069060.0,709530.0,4.573,48.38,39.58,0.0000,-0.13541541593133663,4.2085,0,29,120,2009-10-30
300026.SZ,2013-04-10,42.48,40.78,42.7,40.62,42.88,-2.1,-4.9,25429.3,104810.0,1.5368,2.9859,1.27,43.9945,43.9945,7.3888,8.2709,8.2709,0.2525,0.2525,24931.5,16546.9,8516.5,1016710.0,674782.0,4.573,47.17,38.59,0.0000,-0.16471623417429335,4.2085,0,29,120,2009-10-30
300026.SZ,2013-04-11,40.83,40.5,41.35,40.5,40.78,-0.28,-0.69,8101.24,33176.1,0.4896,0.9512,0.38,43.6925,43.6925,7.3381,8.2141,8.2141,0.2543,0.2543,24931.5,16546.9,8516.5,1009730.0,670149.0,4.573,44.86,36.7,-0.0001,-0.17153542701846244,4.2085,0,29,120,2009-10-30
300026.SZ,2013-04-12,40.61,40.0,40.97,40.0,40.5,-0.5,-1.23,8069.75,32673.4,0.4877,0.9475,0.48,43.1531,43.1531,7.2475,8.1127,8.1127,0.2574,0.2574,24931.5,16546.9,8516.5,997260.0,661875.0,4.573,44.55,36.45,0.0000,-0.22525162349407962,4.2085,0,29,120,2009-10-30
300026.SZ,2013-04-15,39.63,40.25,40.44,39.63,40.0,0.25,0.63,8627.82,34660.9,0.5214,1.0131,0.6,43.4228,43.4228,7.2928,8.1634,8.1634,0.2559,0.2559,24931.5,16546.9,8516.5,1003490.0,666012.0,4.573,44.0,36.0,0.0000,0.049875541204448405,4.2085,0,29,120,2009-10-30
300026.SZ,2013-04-16,39.66,41.1,41.23,39.52,40.25,0.85,2.11,8410.78,34059.7,0.5083,0.9876,0.64,44.3398,44.3398,7.4468,8.3358,8.3358,0.2506,0.2506,24931.5,16546.9,8516.5,1024680.0,680077.0,4.573,44.28,36.23,0.0000,-0.0808159486346435,4.2085,0,29,120,2009-10-30
300026.SZ,2013-04-17,41.06,42.3,42.55,40.82,41.1,1.2,2.92,12237.1,51365.9,0.7395,1.4369,1.04,45.6344,45.6344,7.6642,8.5792,8.5792,0.2435,0.2435,24931.5,16546.9,8516.5,1054600.0,699933.0,4.573,45.21,36.99,-0.0001,0.09464091747032219,4.2085,0,29,120,2009-10-30
300026.SZ,2013-04-18,42.23,42.1,43.09,41.85,42.3,-0.2,-0.47,7372.68,31384.8,0.4456,0.8657,0.81,45.4186,45.4186,7.628,8.5387,8.5387,0.2446,0.2446,24931.5,16546.9,8516.5,1049620.0,696624.0,4.573,46.53,38.07,0.0000,0.17316445219820198,4.2085,0,29,120,2009-10-30
300026.SZ,2013-04-19,42.2,43.45,43.77,42.2,42.1,1.35,3.21,10939.7,47310.2,0.6611,1.2845,1.22,46.875,46.875,7.8726,8.8125,8.8125,0.237,0.237,24931.5,16546.9,8516.5,1083270.0,718962.0,4.573,46.31,37.89,0.0000,0.23409710692563146,4.2085,0,29,120,2009-10-30
300026.SZ,2013-04-22,43.79,44.57,44.6,43.01,43.45,1.12,2.58,14826.7,65647.1,0.896,1.7409,1.56,48.0833,48.0833,8.0755,9.0396,9.0396,0.2311,0.2311,24931.5,16546.9,8516.5,1111200.0,737495.0,4.573,47.8,39.11,0.0000,0.12925693641960767,4.2085,0,29,120,2009-10-30
300026.SZ,2013-04-23,44.5,43.94,45.4,43.77,44.57,-0.63,-1.41,14065.5,62399.9,0.85,1.6516,1.31,47.4036,47.4036,7.9613,8.9118,8.9118,0.2344,0.2344,24931.5,16546.9,8516.5,1095490.0,727070.0,4.573,49.03,40.11,0.0000,0.22092085244044607,4.2085,0,29,120,2009-10-30
300026.SZ,2013-04-24,44.17,46.8,46.8,43.91,43.94,2.86,6.51,23523.3,107398.0,1.4216,2.7621,1.98,50.4891,50.4891,8.4795,9.4919,9.4919,0.22,0.22,24931.5,16546.9,8516.5,1166790.0,774394.0,4.573,48.33,39.55,0.0000,0.14452537765747578,4.2085,0,29,120,2009-10-30
300026.SZ,2013-04-25,47.1,45.1,48.7,45.1,46.8,-1.7,-3.63,32087.4,150254.0,1.9392,3.7677,2.27,48.6551,44.2359,7.8241,9.1471,7.6501,0.2283,0.2283,24931.5,16546.9,8516.5,1124410.0,746264.0,4.573,51.48,42.12,0.0000,-0.06932852531943418,4.322,0,29,120,2009-10-30
300026.SZ,2013-04-26,45.0,45.8,45.95,44.08,45.1,0.7,1.55,20229.8,90847.3,1.2107,2.3891,1.06,49.4102,44.9224,7.9456,9.2891,7.7688,0.2248,0.2248,24931.5,16709.2,8467.68,1141860.0,765280.0,4.573,49.61,40.59,0.0000,-0.06745078918282252,4.322,0,29,120,2009-10-30
300026.SZ,2013-05-02,45.33,46.75,47.9,45.1,45.8,0.95,2.07,14381.2,67244.3,0.8607,1.6984,0.69,50.4351,45.8542,8.1104,9.4818,7.9299,0.2203,0.2203,24931.5,16709.2,8467.68,1165550.0,781153.0,4.573,50.38,41.22,0.0000,-0.09520495563110322,4.322,0,29,120,2009-10-30
300026.SZ,2013-05-03,46.75,48.33,49.2,46.42,46.75,1.58,3.38,18649.8,89894.4,1.1161,2.2025,0.89,52.1397,47.404,8.3845,9.8022,8.198,0.2131,0.2131,24931.5,16709.2,8467.68,1204940.0,807554.0,4.573,51.43,42.08,0.0000,0.002156941303062242,4.322,0,29,120,2009-10-30
300026.SZ,2013-05-06,48.45,49.03,49.3,47.8,48.33,0.7,1.45,19004.4,92366.7,1.1374,2.2443,0.87,52.8949,48.0906,8.5059,9.9442,8.3167,0.21,0.21,24931.5,16709.2,8467.68,1222390.0,819250.0,4.573,53.16,43.5,0.0000,0.005335639475326629,4.322,0,29,120,2009-10-30
300026.SZ,2013-05-07,32.83,32.98,33.48,31.8,32.62,0.36,1.1,27832.4,90763.0,1.1105,2.1501,1.33,53.3695,48.5221,8.7338,10.0334,8.3913,0.2082,0.4103,37397.2,25063.7,12944.9,1233360.0,826602.0,6.873,35.88,29.36,0.0000,-0.050763508073550095,4.322,0,29,120,2009-10-30
300026.SZ,2013-05-08,32.99,33.18,33.7,32.65,32.98,0.2,0.61,22816.5,75829.6,0.9103,1.7626,1.14,53.6932,48.8164,8.7867,10.0943,8.4422,0.2069,0.4078,37397.2,25063.7,12944.9,1240840.0,831615.0,6.873,36.28,29.68,0.0000,-0.24621419661541602,4.322,0,29,120,2009-10-30
300026.SZ,2013-05-09,32.89,32.39,32.99,32.0,33.18,-0.79,-2.38,22676.6,73473.8,0.9048,1.7518,1.1,52.4148,47.6541,8.5775,9.8539,8.2412,0.212,0.4178,37397.2,25063.7,12944.9,1211300.0,811815.0,6.873,36.5,29.86,0.0000,-0.22238309165815132,4.322,0,29,120,2009-10-30
300026.SZ,2013-05-10,32.24,31.2,32.86,31.0,32.39,-1.19,-3.67,30234.9,95726.4,1.2063,2.3357,1.36,50.4891,45.9033,8.2624,9.4919,7.9384,0.22,0.2137,37397.2,25063.7,12944.9,1166790.0,781989.0,6.873,35.63,29.15,0.0000,-0.29710836241337824,4.322,0,29,120,2009-10-30
300026.SZ,2013-05-13,31.2,32.11,32.15,31.1,31.2,0.91,2.92,14788.2,46714.8,0.59,1.1424,0.6,51.9617,47.2421,8.5034,9.7687,8.17,0.2138,0.2076,37397.2,25063.7,12944.9,1200830.0,804797.0,6.873,34.32,28.08,0.0000,-0.07982036134263837,4.322,0,29,120,2009-10-30
300026.SZ,2013-05-14,32.17,31.91,32.57,31.52,32.11,-0.2,-0.62,23032.7,73917.7,0.919,1.7793,0.97,51.638,46.9479,8.4504,9.7079,8.1191,0.2151,0.2089,37397.2,25063.7,12944.9,1193350.0,799784.0,6.873,35.32,28.9,0.0000,0.07374426609327744,4.322,0,29,120,2009-10-30
300026.SZ,2013-05-15,32.0,32.89,32.94,31.65,31.91,0.98,3.07,15326.7,49620.7,0.6115,1.184,0.67,53.2239,48.3897,8.7099,10.006,8.3684,0.2087,0.2027,37397.2,25063.7,12944.9,1230000.0,824346.0,6.873,35.1,28.72,0.0000,0.11130773808054538,4.322,0,29,120,2009-10-30
300026.SZ,2013-05-16,33.1,32.64,34.1,32.49,32.89,-0.25,-0.76,37672.4,125273.0,1.5031,2.9102,1.78,52.8193,48.0219,8.6437,9.93,8.3048,0.2103,0.2042,37397.2,25063.7,12944.9,1220650.0,818080.0,6.873,36.18,29.6,0.0000,0.024284912316186208,4.322,0,29,120,2009-10-30
300026.SZ,2013-05-17,32.76,32.6,32.8,31.91,32.64,-0.04,-0.12,25132.4,81120.2,1.0027,1.9415,1.04,52.7546,47.963,8.6331,9.9178,8.2946,0.2106,0.2045,37397.2,25063.7,12944.9,1219150.0,817078.0,6.873,35.9,29.38,0.0000,-0.220961196537265,4.322,0,29,120,2009-10-30
300026.SZ,2013-05-20,32.31,31.59,32.32,30.58,32.6,-1.01,-3.1,59125.8,186029.0,2.359,4.5675,2.55,51.1202,46.4771,8.3657,9.6106,8.0377,0.2173,0.211,37397.2,25063.7,12944.9,1181380.0,791764.0,6.873,35.86,29.34,0.0000,-0.029471391830489656,4.322,0,29,120,2009-10-30
300026.SZ,2013-05-21,31.32,32.14,32.18,30.86,31.59,0.55,1.74,32336.7,102452.0,1.2902,2.498,1.01,52.0102,47.2863,8.5113,9.7779,8.1776,0.2136,0.2074,37397.2,25063.7,12944.9,1201950.0,805549.0,6.873,34.75,28.43,0.0000,0.13704947892318547,4.322,0,29,120,2009-10-30
300026.SZ,2013-05-22,32.04,31.94,32.55,31.6,32.14,-0.2,-0.62,20375.6,65409.4,0.813,1.574,0.6,51.6866,46.992,8.4583,9.717,8.1267,0.2149,0.2087,37397.2,25063.7,12944.9,1194470.0,800536.0,6.873,35.35,28.93,0.0000,-0.016785563242489587,4.322,0,29,120,2009-10-30
300026.SZ,2013-05-23,31.88,31.56,32.19,30.71,31.94,-0.38,-1.19,31598.2,99074.4,1.2607,2.441,0.9,51.0716,46.4329,8.3577,9.6014,8.03,0.2175,0.2112,37397.2,25063.7,12944.9,1180260.0,791012.0,6.873,35.13,28.75,0.0000,-0.034267483416474384,4.322,0,29,120,2009-10-30
300026.SZ,2013-05-24,31.55,32.0,32.14,31.0,31.56,0.44,1.39,31723.9,100240.0,1.2657,2.4507,0.94,51.7837,47.0803,8.4742,9.7353,8.142,0.2145,0.2083,37397.2,25063.7,12944.9,1196710.0,802040.0,6.873,34.72,28.4,0.0000,-0.18530836536927558,4.322,0,29,120,2009-10-30
300026.SZ,2013-05-27,31.85,31.4,32.0,31.01,32.0,-0.6,-1.88,27079.8,85260.0,1.0804,2.0919,0.77,50.8127,46.1975,8.3153,9.5527,7.9893,0.2186,0.2123,37397.2,25063.7,12944.9,1174270.0,787001.0,6.873,35.2,28.8,0.0000,0.024848475747465827,4.322,0,29,120,2009-10-30
300026.SZ,2013-05-28,31.4,32.34,32.95,31.0,31.4,0.94,2.99,41055.1,132178.0,1.638,3.1715,1.43,52.3339,47.5805,8.5643,9.8387,8.2285,0.2123,0.2061,37397.2,25063.7,12944.9,1209430.0,810561.0,6.873,34.54,28.26,0.0000,0.07607879093015597,4.322,0,29,120,2009-10-30
300026.SZ,2013-05-29,32.0,32.17,32.68,31.93,32.34,-0.17,-0.53,21577.6,69740.5,0.8609,1.6669,0.71,52.0588,47.3304,8.5192,9.787,8.1852,0.2134,0.2072,37397.2,25063.7,12944.9,1203070.0,806301.0,6.873,35.57,29.11,0.0000,0.016510326672344002,4.322,0,29,120,2009-10-30
300026.SZ,2013-05-30,32.35,33.42,33.55,32.23,32.17,1.25,3.89,28420.3,93845.7,1.1339,2.1955,0.93,54.0816,49.1695,8.8503,10.1673,8.5033,0.2054,0.1995,37397.2,25063.7,12944.9,1249820.0,837630.0,6.873,35.39,28.95,0.0000,0.03209579135570699,4.322,0,29,120,2009-10-30
300026.SZ,2013-05-31,33.78,34.86,35.6,33.1,33.42,1.44,4.31,45132.1,155463.0,1.8007,3.4865,1.51,56.4118,51.2881,9.2316,10.6054,8.8697,0.1969,0.1912,37397.2,25063.7,12944.9,1303670.0,873722.0,6.873,36.76,30.08,0.0000,0.14302410958262218,4.322,0,29,120,2009-10-30
300026.SZ,2013-06-03,34.88,35.05,36.68,34.88,34.86,0.19,0.55,62225.6,223099.0,2.4827,4.8069,1.91,56.7193,51.5676,9.2819,10.6632,8.918,0.1959,0.1902,37397.2,25063.7,12944.9,1310770.0,878484.0,6.873,38.35,31.37,0.0000,0.03484545986602061,4.322,0,29,120,2009-10-30
300026.SZ,2013-06-04,34.63,34.54,34.77,33.35,35.05,-0.51,-1.46,37762.5,128247.0,1.5067,2.9172,0.95,55.894,50.8173,9.1469,10.508,8.7883,0.1988,0.193,37397.2,25063.7,12944.9,1291700.0,865702.0,6.873,38.56,31.55,0.0000,0.00529944979626863,4.322,0,29,120,2009-10-30
300026.SZ,2013-06-05,34.04,34.07,35.92,33.8,34.54,-0.47,-1.36,36873.1,129534.0,1.4712,2.8485,0.94,55.1334,50.1258,9.0224,10.365,8.6687,0.2015,0.1957,37397.2,25063.7,12944.9,1274120.0,853922.0,6.873,37.99,31.09,0.0000,-0.025218181977190585,4.322,0,29,120,2009-10-30
300026.SZ,2013-06-06,33.55,33.0,34.49,32.8,34.07,-1.07,-3.14,24452.8,82047.0,0.9756,1.889,0.58,53.4019,48.5515,8.739,10.0395,8.3964,0.208,0.202,37397.2,25063.7,12944.9,1234110.0,827103.0,6.873,37.48,30.66,0.0000,-0.20081376600995407,4.322,0,29,120,2009-10-30
300026.SZ,2013-06-07,33.0,32.9,33.69,32.0,33.0,-0.1,-0.3,35316.6,116364.0,1.4091,2.7282,0.86,53.2401,48.4044,8.7126,10.0091,8.371,0.2087,0.2026,37397.2,25063.7,12944.9,1230370.0,824597.0,6.873,36.3,29.7,0.0000,0.04080900097435773,4.322,0,29,120,2009-10-30
300026.SZ,2013-06-13,32.08,33.4,33.56,31.4,32.9,0.5,1.52,15577.8,50451.8,0.6215,1.2034,0.4,54.0492,49.1401,8.845,10.1612,8.4982,0.2055,0.1996,37397.2,25063.7,12944.9,1249070.0,837129.0,6.873,36.19,29.61,-0.0001,-0.1099072807748917,4.322,0,29,120,2009-10-30
300026.SZ,2013-06-14,33.4,34.73,35.0,33.3,33.4,1.33,3.98,19560.2,67466.1,0.7804,1.511,0.65,56.2015,51.0968,9.1972,10.5658,8.8366,0.1977,0.192,37397.2,25063.7,12944.9,1298810.0,870464.0,6.873,36.74,30.06,0.0000,0.2283987532349115,4.322,0,29,120,2009-10-30
300026.SZ,2013-06-17,35.1,36.45,36.8,34.91,34.73,1.72,4.95,41543.2,149916.0,1.6575,3.2092,1.58,58.9848,53.6274,9.6527,11.0891,9.2742,0.1883,0.1829,37397.2,25063.7,12944.9,1363130.0,913573.0,6.873,38.2,31.26,0.0000,0.07138319567809048,4.322,0,29,120,2009-10-30
300026.SZ,2013-06-18,36.5,35.83,37.25,35.55,36.45,-0.62,-1.7,27533.0,99574.8,1.0985,2.1269,1.01,57.9815,52.7152,9.4885,10.9005,9.1165,0.1916,0.1861,37397.2,25063.7,12944.9,1339940.0,898034.0,6.873,40.1,32.81,0.0000,-0.05514344571287606,4.322,0,29,120,2009-10-30
300026.SZ,2013-06-19,35.3,36.05,36.06,34.71,35.83,0.22,0.61,14919.9,52700.4,0.5953,1.1526,0.53,58.3375,53.0389,9.5467,10.9674,9.1724,0.1904,0.1849,37397.2,25063.7,12944.9,1348170.0,903548.0,6.873,39.41,32.25,0.0000,-0.16266387620047482,4.322,0,29,120,2009-10-30
300026.SZ,2013-06-20,35.6,34.0,36.45,33.99,36.05,-2.05,-5.69,28429.9,100881.0,1.1343,2.1962,1.19,55.0201,50.0228,9.0039,10.3437,8.6509,0.2019,0.1961,37397.2,25063.7,12944.9,1271510.0,852167.0,6.873,39.66,32.45,0.0000,-0.22497030894349643,4.322,0,29,120,2009-10-30
300026.SZ,2013-06-21,33.18,34.46,35.46,32.38,34.0,0.46,1.35,35432.9,120432.0,1.4137,2.7372,1.34,55.7645,50.6996,9.1257,10.4837,8.7679,0.1992,0.1935,37397.2,25063.7,12944.9,1288710.0,863696.0,6.873,37.4,30.6,0.0000,0.06479350063912939,4.322,0,29,120,2009-10-30
300026.SZ,2013-06-24,34.45,33.43,34.46,32.0,34.46,-1.03,-2.99,39668.2,131611.0,1.5827,3.0644,1.34,54.0977,49.1842,8.8529,10.1703,8.5058,0.2054,0.1994,37397.2,25063.7,12944.9,1250190.0,837881.0,6.873,37.91,31.01,0.0000,-0.008903895895662149,4.322,0,29,120,2009-10-30
300026.SZ,2013-06-25,32.76,34.62,34.75,30.4,33.43,1.19,3.56,49201.3,160969.0,1.963,3.8008,1.69,56.0234,50.935,9.1681,10.5324,8.8086,0.1983,0.1926,37397.2,25063.7,12944.9,1294690.0,867707.0,6.873,36.77,30.09,0.0000,0.0602973062004138,4.322,0,29,120,2009-10-30
300026.SZ,2013-06-26,34.53,36.2,36.3,33.86,34.62,1.58,4.56,37953.7,133398.0,1.5143,2.9319,1.13,58.5803,53.2596,9.5865,11.013,9.2106,0.1896,0.1842,37397.2,25063.7,12944.9,1353780.0,907307.0,6.873,38.08,31.16,0.0000,0.1127905836025421,4.322,0,29,120,2009-10-30
300026.SZ,2013-06-27,36.01,35.23,37.18,35.03,36.2,-0.97,-2.68,39592.5,143020.0,1.5797,3.0585,1.04,57.0106,51.8325,9.3296,10.7179,8.9638,0.1949,0.1892,37397.2,25063.7,12944.9,1317500.0,882996.0,6.873,39.82,32.58,0.0000,0.04858359239588395,4.322,0,29,120,2009-10-30
300026.SZ,2013-06-28,34.8,33.94,35.5,33.81,35.23,-1.29,-3.66,27091.3,93402.0,1.0809,2.0928,0.67,54.923,49.9345,8.988,10.3255,8.6356,0.2023,0.1964,37397.2,25063.7,12944.9,1269260.0,850663.0,6.873,38.75,31.71,0.0000,-0.136171451606927,4.322,0,29,120,2009-10-30
300026.SZ,2013-07-01,33.55,36.35,36.44,33.2,33.94,2.41,7.1,32979.2,117348.0,1.3143,2.5421,0.85,58.823,53.4803,9.6262,11.0587,9.2488,0.1889,0.1834,37397.2,25091.8,12973.0,1359390.0,912088.0,6.873,37.33,30.55,0.0000,0.13345503162768332,4.322,0,29,120,2009-10-30
300026.SZ,2013-07-02,36.41,39.42,39.68,36.34,36.35,3.07,8.45,58792.4,224201.0,2.3431,4.5319,1.57,63.791,57.997,10.4392,11.9927,10.0299,0.1742,0.1691,37397.2,25091.8,12973.0,1474200.0,989120.0,6.873,39.99,32.72,0.0000,0.15525545262005394,4.322,0,29,120,2009-10-30
300026.SZ,2013-07-03,38.63,39.54,39.71,37.44,39.42,0.12,0.3,91803.5,350768.0,3.6587,7.0765,2.34,63.9852,58.1736,10.471,12.0292,10.0604,0.1736,0.1686,37397.2,25091.8,12973.0,1478690.0,992131.0,6.873,43.36,35.48,0.0000,-0.03224684046996566,4.322,0,29,120,2009-10-30
300026.SZ,2013-07-04,39.4,38.0,39.6,37.73,39.54,-1.54,-3.89,63516.8,245635.0,2.5314,4.6796,1.27,61.4931,55.9078,10.0631,11.5606,9.6686,0.1807,0.1754,37397.2,25091.8,13573.0,1421090.0,953489.0,6.873,43.49,35.59,0.0000,0.029096695928062435,4.322,0,29,120,2009-10-30
300026.SZ,2013-07-05,37.9,36.7,38.34,36.7,38.0,-1.3,-3.42,31202.1,116688.0,1.2435,2.2988,0.57,59.3894,53.9952,9.7189,11.1652,9.3378,0.1871,0.1817,37397.2,25091.8,13573.0,1372480.0,920870.0,6.873,41.8,34.2,0.0000,-0.10898932633976609,4.322,0,29,120,2009-10-30
300026.SZ,2013-07-08,36.0,36.4,37.56,35.71,36.7,-0.3,-0.82,21929.9,80469.0,0.874,1.6157,0.39,58.9039,53.5538,9.6394,11.0739,9.2615,0.1886,0.1832,37397.2,25091.8,13573.0,1361260.0,913342.0,6.873,40.37,33.03,0.0000,-0.154292568492404,4.322,0,29,120,2009-10-30
300026.SZ,2013-07-09,36.36,37.5,38.0,36.35,36.4,1.1,3.02,26667.5,99565.1,1.0628,1.9647,0.5,60.684,55.1722,9.9307,11.4085,9.5414,0.1831,0.1778,37397.2,25091.8,13573.0,1402400.0,940943.0,6.873,40.04,32.76,0.0000,0.009892666357736467,4.322,0,29,120,2009-10-30
300026.SZ,2013-07-10,37.5,37.92,37.92,37.33,37.5,0.42,1.12,15237.7,57390.8,0.6073,1.1226,0.32,61.3636,55.7901,10.042,11.5363,9.6482,0.181,0.1758,37397.2,25091.8,13573.0,1418100.0,951482.0,6.873,41.25,33.75,0.0000,0.04114489399643333,4.322,0,29,120,2009-10-30
300026.SZ,2013-07-11,38.19,38.1,38.66,37.4,37.92,0.18,0.47,18878.2,71775.1,0.7524,1.3909,0.6,61.6549,56.055,10.0896,11.5911,9.694,0.1802,0.175,37397.2,25091.8,13573.0,1424830.0,955998.0,6.873,41.71,34.13,0.0000,0.014904450077795173,4.322,0,29,120,2009-10-30
300026.SZ,2013-07-12,38.1,38.35,39.3,37.94,38.1,0.25,0.66,21626.5,83548.4,0.8619,1.5933,0.95,62.0595,56.4228,10.1558,11.6671,9.7577,0.179,0.1738,37397.2,25091.8,13573.0,1434180.0,962271.0,6.873,41.91,34.29,0.0000,-0.12756636206028577,4.322,0,29,120,2009-10-30
300026.SZ,2013-07-15,38.55,39.8,39.98,38.02,38.35,1.45,3.78,30301.4,118360.0,1.2076,2.2325,1.45,64.4059,58.5561,10.5398,12.1083,10.1266,0.1725,0.1675,37397.2,25091.8,13573.0,1488410.0,998654.0,6.873,42.19,34.52,0.0000,0.10699342787737752,4.322,0,29,120,2009-10-30
300026.SZ,2013-07-16,39.85,39.2,39.98,38.65,39.8,-0.6,-1.51,27452.5,107187.0,1.0941,2.0226,1.22,63.435,57.6734,10.3809,11.9257,9.9739,0.1751,0.1701,37397.2,25091.8,13573.0,1465970.0,983599.0,6.873,43.78,35.82,0.0000,-0.25956539160197556,4.322,0,29,120,2009-10-30
300026.SZ,2013-07-17,39.15,38.22,39.15,37.76,39.2,-0.98,-2.5,22379.5,85875.4,0.8919,1.6488,0.99,61.8491,56.2315,10.1214,11.6276,9.7246,0.1796,0.1744,37397.2,25091.8,13573.0,1429320.0,959009.0,6.873,43.12,35.28,0.0000,-0.22876575887237505,4.322,0,29,120,2009-10-30
300026.SZ,2013-07-18,37.87,37.71,38.76,37.69,38.22,-0.51,-1.33,16479.0,62946.6,0.6567,1.2141,0.68,61.0238,55.4812,9.9863,11.4724,9.5948,0.1821,0.1768,37397.2,25091.8,13573.0,1410250.0,946213.0,6.873,42.04,34.4,0.0000,-0.31226090296241354,4.322,0,29,120,2009-10-30
300026.SZ,2013-07-19,37.77,37.78,38.65,37.62,37.71,0.07,0.19,23808.0,90977.6,0.9488,1.7541,1.01,61.1371,55.5842,10.0049,11.4937,9.6126,0.1817,0.1765,37397.2,25091.8,13573.0,1412870.0,947969.0,6.873,41.48,33.94,0.0000,-0.07817981208591647,4.322,0,29,120,2009-10-30
300026.SZ,2013-07-22,37.95,39.22,39.25,37.02,37.78,1.44,3.81,22905.7,88863.3,0.9129,1.6876,0.95,63.4674,57.7028,10.3862,11.9318,9.979,0.175,0.17,37397.2,25091.8,13573.0,1466720.0,984101.0,6.873,41.56,34.0,0.0000,0.06802954393258119,4.322,0,29,120,2009-10-30
300026.SZ,2013-07-23,39.24,39.9,40.2,39.24,39.22,0.68,1.73,23556.4,93801.5,0.9388,1.7355,1.04,64.5678,58.7032,10.5663,12.1387,10.152,0.1721,0.1671,37397.2,25091.8,13573.0,1492150.0,1001160.0,6.873,43.14,35.3,0.0000,0.17904401085238741,4.322,0,29,120,2009-10-30
300026.SZ,2013-07-24,39.9,40.11,40.5,39.15,39.9,0.21,0.53,23833.2,95352.2,0.9498,1.7559,1.09,64.9076,59.0122,10.6219,12.2026,10.2055,0.1712,0.1662,37397.2,25091.8,13573.0,1500000.0,1006430.0,6.873,43.89,35.91,0.0000,0.03354378147849273,4.322,0,29,120,2009-10-30
300026.SZ,2013-07-25,39.9,38.3,40.15,38.2,40.11,-1.81,-4.51,25980.9,100969.0,1.0354,1.9142,1.17,61.9786,56.3492,10.1426,11.6519,9.7449,0.1793,0.1741,37397.2,25091.8,13573.0,1432310.0,961017.0,6.873,44.12,36.1,0.0000,-0.1852591086520882,4.322,0,29,120,2009-10-30
300026.SZ,2013-07-26,38.1,38.08,38.5,36.88,38.3,-0.22,-0.57,17187.5,65062.4,0.685,1.2663,0.72,61.6226,56.0255,10.0843,11.585,9.689,0.1803,0.1751,37397.2,25091.8,13573.0,1424090.0,955497.0,6.873,42.13,34.47,0.0000,-0.15920723008775717,4.322,0,29,120,2009-10-30
300026.SZ,2013-07-29,38.09,38.32,39.18,37.55,38.08,0.24,0.63,17123.0,66107.7,0.6824,1.2615,0.75,62.0109,56.3786,10.1479,11.658,9.75,0.1792,0.174,37397.2,25091.8,13573.0,1433060.0,961519.0,6.873,41.89,34.27,0.0000,0.15392643330633438,4.322,0,29,120,2009-10-30
300026.SZ,2013-07-30,38.3,37.17,38.7,36.9,38.32,-1.15,-3.0,18809.8,70386.7,0.7496,1.3858,0.87,60.15,54.6867,9.8433,11.3081,9.4574,0.1847,0.1794,37397.2,25091.8,13573.0,1390060.0,932663.0,6.873,42.15,34.49,0.0000,-0.28273937087723183,4.322,0,29,120,2009-10-30
300026.SZ,2013-07-31,37.2,37.07,37.5,36.4,37.17,-0.1,-0.27,15705.5,58155.0,0.6259,1.1571,0.76,59.9881,54.5396,9.8169,11.2777,9.432,0.1852,0.1798,37397.2,25091.8,13573.0,1386320.0,930154.0,6.873,40.89,33.45,0.0000,-0.10904567054934203,4.322,0,29,120,2009-10-30
300026.SZ,2013-08-01,37.01,38.37,38.5,36.52,37.07,1.3,3.51,15591.9,59368.3,0.6214,1.1487,0.82,62.0918,56.4522,10.1611,11.6732,9.7627,0.1789,0.1737,37397.2,25091.8,13573.0,1434930.0,962773.0,6.873,40.78,33.36,0.0000,0.13882856495679954,4.322,0,29,120,2009-10-30
300026.SZ,2013-08-02,38.59,38.86,39.76,38.31,38.37,0.49,1.28,24774.2,97321.1,0.9873,1.8253,1.47,62.8848,57.1731,10.2909,11.8223,9.8874,0.1767,0.1716,37397.2,25091.8,13573.0,1453260.0,975068.0,6.873,42.21,34.53,0.0000,0.16425769616904476,4.322,0,29,120,2009-10-30
300026.SZ,2013-08-05,38.86,39.4,39.9,38.82,38.86,0.54,1.39,13320.4,52507.7,0.5309,0.9814,0.72,63.7586,57.9676,10.4339,11.9866,10.0248,0.1742,0.1692,37397.2,25091.8,13573.0,1473450.0,988618.0,6.873,42.75,34.97,0.0000,0.01742140633111666,4.322,0,29,120,2009-10-30
300026.SZ,2013-08-06,39.4,39.2,40.0,38.51,39.4,-0.2,-0.51,17455.8,68320.8,0.6957,1.2861,0.99,63.435,57.6734,10.3809,11.9257,9.9739,0.1751,0.1701,37397.2,25091.8,13573.0,1465970.0,983599.0,6.873,43.34,35.46,0.0000,0.03958791953197991,4.322,0,29,120,2009-10-30
300026.SZ,2013-08-07,39.25,38.2,39.4,38.0,39.2,-1.0,-2.55,14297.0,54961.5,0.5698,1.0533,0.82,61.8167,56.2021,10.1161,11.6215,9.7195,0.1797,0.1745,37397.2,25091.8,13573.0,1428570.0,958508.0,6.873,43.12,35.28,0.0000,-0.2809969609362287,4.322,0,29,120,2009-10-30
300026.SZ,2013-08-08,37.9,40.81,41.29,37.8,38.2,2.61,6.83,57089.0,227875.0,2.2752,4.0557,3.34,66.0404,52.9033,10.0657,12.4155,8.9353,0.1682,0.1634,37397.2,25091.8,14076.3,1526180.0,1024000.0,6.873,42.02,34.38,0.0000,0.08908287875637523,7.0161,0,29,120,2009-10-30
300026.SZ,2013-08-09,40.77,40.56,41.14,39.8,40.81,-0.25,-0.61,23599.1,95310.3,0.9405,1.6765,0.93,65.6358,52.5792,10.0041,12.3395,8.8806,0.1693,0.1644,37397.2,25091.8,14076.3,1516830.0,1017720.0,6.873,44.89,36.73,0.0000,-0.07351032203845353,7.0161,0,29,120,2009-10-30
300026.SZ,2013-08-12,40.59,41.41,42.8,40.11,40.56,0.85,2.1,36563.9,151625.0,1.4572,2.5975,1.45,67.0113,53.6811,10.2137,12.5981,9.0667,0.1658,0.161,37397.2,25091.8,14076.3,1548620.0,1039050.0,6.873,44.62,36.5,0.0000,0.07638384463713589,7.0161,0,29,120,2009-10-30
300026.SZ,2013-08-13,41.46,41.11,41.68,40.22,41.41,-0.3,-0.72,15680.9,63854.9,0.6249,1.114,0.53,66.5258,53.2922,10.1397,12.5068,9.001,0.167,0.1622,37397.2,25091.8,14076.3,1537400.0,1031520.0,6.873,45.55,37.27,0.0000,-0.15218100628518755,7.0161,0,29,120,2009-10-30
300026.SZ,2013-08-14,40.82,40.4,41.0,40.0,41.11,-0.71,-1.73,22085.1,89264.3,0.8802,1.569,0.75,65.3769,52.3718,9.9646,12.2908,8.8456,0.1699,0.165,37397.2,25091.8,14076.3,1510850.0,1013710.0,6.873,45.22,37.0,0.0000,-0.1622612618547676,7.0161,0,29,120,2009-10-30
300026.SZ,2013-08-15,40.35,39.55,40.58,39.33,40.4,-0.85,-2.1,18422.6,73179.8,0.7342,1.3088,0.59,64.0014,51.2699,9.755,12.0322,8.6595,0.1736,0.1686,37397.2,25091.8,14076.3,1479060.0,992382.0,6.873,44.44,36.36,0.0000,-0.24010557860954587,7.0161,0,29,120,2009-10-30
300026.SZ,2013-08-16,39.55,37.3,39.73,36.7,39.55,-2.25,-5.69,33390.4,127499.0,1.3307,2.3721,1.43,60.3603,48.3531,9.2,11.3477,8.1668,0.1841,0.1787,37397.2,25091.8,14076.3,1394920.0,935925.0,6.873,43.51,35.6,0.0000,-0.238735600333803,7.0161,0,29,120,2009-10-30
300026.SZ,2013-08-19,36.92,37.93,38.26,36.82,37.3,0.63,1.69,30412.8,114584.0,1.2114,2.1584,1.21,61.3798,49.1698,9.3554,11.5394,8.3048,0.181,0.1758,37397.2,25105.9,14090.3,1418480.0,952265.0,6.873,41.03,33.57,0.0000,0.0049841906208182565,7.0161,0,29,120,2009-10-30
300026.SZ,2013-08-20,37.94,38.56,39.66,37.94,37.93,0.63,1.66,45265.5,176563.0,1.803,3.2125,1.89,62.3993,49.9865,9.5108,11.731,8.4427,0.178,0.1729,37397.2,25105.9,14090.3,1442040.0,968082.0,6.873,41.72,34.14,0.0000,0.08441499038470628,7.0161,0,29,120,2009-10-30
300026.SZ,2013-08-21,38.6,37.7,38.84,37.45,38.56,-0.86,-2.23,31258.4,118859.0,1.2451,2.2184,1.04,61.0076,48.8717,9.2987,11.4694,8.2544,0.1821,0.1768,37397.2,25105.9,14090.3,1409880.0,946491.0,6.873,42.42,34.7,0.0000,-0.16297599578808084,7.0161,0,29,120,2009-10-30
300026.SZ,2013-08-22,37.78,38.6,38.7,37.38,37.7,0.9,2.39,29764.0,112465.0,1.1855,2.1124,0.94,62.464,50.0384,9.5206,11.7432,8.4515,0.1779,0.1727,37397.2,25105.9,14090.3,1443530.0,969086.0,6.873,41.47,33.93,0.0000,-0.12415064281205457,7.0161,0,29,120,2009-10-30
300026.SZ,2013-08-23,38.6,39.72,40.08,38.42,38.6,1.12,2.9,37586.6,148709.0,1.4971,2.6675,1.1,64.2765,51.4903,9.7969,12.0839,8.6967,0.1728,0.1678,37397.2,25105.9,14090.3,1485420.0,997205.0,6.873,42.46,34.74,0.0000,0.2698154129891845,7.0161,0,29,120,2009-10-30
300026.SZ,2013-08-26,39.72,40.79,41.15,39.72,39.72,1.07,2.69,25463.0,103627.0,1.0142,1.8071,0.73,66.008,52.8773,10.0608,12.4094,8.931,0.1683,0.1634,37397.2,25105.9,14090.3,1525430.0,1024070.0,6.873,43.69,35.75,0.0000,0.2612098581085749,7.0161,0,29,120,2009-10-30
300026.SZ,2013-08-27,40.79,40.36,40.88,40.05,40.79,-0.43,-1.05,9987.92,40269.9,0.3978,0.7088,0.29,65.3121,52.3199,9.9547,12.2786,8.8368,0.1701,0.1652,37397.2,25105.9,14090.3,1509350.0,1013270.0,6.873,44.87,36.71,0.0000,0.20975425358808192,7.0161,0,29,120,2009-10-30
300026.SZ,2013-08-28,40.23,39.18,40.79,39.04,40.36,-1.18,-2.92,26204.1,104466.0,1.0437,1.8597,0.98,63.4026,50.7902,9.6637,11.9196,8.5785,0.1752,0.1702,37397.2,25105.9,14090.3,1465220.0,983648.0,6.873,44.4,36.32,0.0000,-0.03484894764797951,7.0161,0,29,120,2009-10-30
300026.SZ,2013-08-29,39.29,39.4,39.87,38.81,39.18,0.22,0.56,8738.2,34399.5,0.3481,0.6202,0.34,63.7586,51.0754,9.718,11.9866,8.6266,0.1742,0.1692,37397.2,25105.9,14090.3,1473450.0,989171.0,6.873,43.1,35.26,0.0000,-0.01410969977549504,7.0161,0,29,120,2009-10-30
300026.SZ,2013-08-30,39.6,39.18,40.0,38.8,39.4,-0.22,-0.56,15188.7,59958.5,0.605,1.078,0.7,63.4026,50.7902,9.6637,11.9196,8.5785,0.1752,0.1702,37397.2,25105.9,14090.3,1465220.0,983648.0,6.873,43.34,35.46,0.0000,0.18745461886777595,7.0161,0,29,120,2009-10-30
300026.SZ,2013-09-02,38.68,38.3,40.0,37.2,39.18,-0.88,-2.25,25676.7,99545.8,1.0227,1.8223,1.5,61.9786,49.6495,9.4467,11.6519,8.3858,0.1793,0.1741,37397.2,25105.9,14090.3,1432310.0,961554.0,6.873,43.1,35.26,0.0000,-0.06792356006722462,7.0161,0,29,120,2009-10-30
300026.SZ,2013-09-03,38.4,38.93,39.49,38.19,38.3,0.63,1.64,10944.0,42496.6,0.4359,0.7767,0.64,62.9981,50.4662,9.602,11.8436,8.5237,0.1764,0.1712,37397.2,25105.9,14090.3,1455870.0,977371.0,6.873,42.13,34.47,0.0000,-0.05097852777891822,7.0161,0,29,120,2009-10-30
300026.SZ,2013-09-04,38.93,39.59,39.8,38.5,38.93,0.66,1.7,11697.4,46101.8,0.4659,0.8302,0.67,64.0661,51.3217,9.7648,12.0444,8.6682,0.1734,0.1684,37397.2,25105.9,14090.3,1480560.0,993941.0,6.873,42.82,35.04,0.0000,0.12091962713110804,7.0161,0,29,120,2009-10-30
300026.SZ,2013-09-05,39.47,38.87,39.79,38.48,39.59,-0.72,-1.82,11993.8,46672.1,0.4777,0.8512,0.83,62.901,50.3884,9.5872,11.8253,8.5106,0.1766,0.1715,37397.2,25105.9,14090.3,1453630.0,975865.0,6.873,43.55,35.63,0.0000,-0.4210536408791484,7.0161,0,29,120,2009-10-30
300026.SZ,2013-09-06,38.66,39.0,39.05,38.48,38.87,0.13,0.33,8897.19,34493.8,0.3544,0.6314,0.59,63.1113,50.5569,9.6193,11.8649,8.5391,0.176,0.1709,37397.2,25105.9,14090.3,1458490.0,979129.0,6.873,42.76,34.98,0.0000,-0.05242422268940234,7.0161,0,29,120,2009-10-30
300026.SZ,2013-09-09,38.81,38.5,39.15,37.58,39.0,-0.5,-1.28,21489.4,81897.1,0.856,1.5251,1.55,62.3022,49.9087,9.496,11.7128,8.4296,0.1783,0.1732,37397.2,25105.9,14090.3,1439790.0,966576.0,6.873,42.9,35.1,0.0000,-0.02845312102440668,7.0161,0,29,120,2009-10-30
300026.SZ,2013-09-10,38.4,37.75,38.4,37.43,38.5,-0.75,-1.95,18487.0,69836.3,0.7364,1.312,1.42,61.0885,48.9365,9.311,11.4846,8.2654,0.1819,0.1766,37397.2,25105.9,14090.3,1411750.0,947746.0,6.873,42.35,34.65,0.0000,-0.15056570657441282,7.0161,0,29,120,2009-10-30
300026.SZ,2013-09-11,37.51,36.5,37.8,35.88,37.75,-1.25,-3.31,29941.8,109405.0,1.1926,2.125,2.06,59.0657,47.3161,9.0027,11.1043,7.9917,0.1881,0.1826,37397.2,25105.9,14090.3,1365000.0,916364.0,6.873,41.53,33.98,0.0000,-0.22652707053810905,7.0161,0,29,120,2009-10-30
300026.SZ,2013-09-12,36.35,35.61,36.88,35.5,36.5,-0.89,-2.44,22772.5,82073.4,0.9071,1.6162,1.25,57.6255,46.1623,8.7832,10.8335,7.7968,0.1928,0.1872,37397.2,25105.9,14090.3,1331720.0,894020.0,6.873,40.15,32.85,0.0000,-0.14827243756726247,7.0161,0,29,120,2009-10-30
300026.SZ,2013-09-13,35.6,37.39,37.46,35.51,35.61,1.78,5.0,16161.1,59213.7,0.6437,1.147,0.8,60.506,48.4698,9.2222,11.3751,8.1865,0.1836,0.1783,37397.2,25105.9,14090.3,1398280.0,938708.0,6.873,39.17,32.05,0.0000,0.12256782671332596,7.0161,0,29,120,2009-10-30
300026.SZ,2013-09-16,38.0,37.3,38.5,37.27,37.39,-0.09,-0.24,21526.1,81616.1,0.8574,1.5277,0.99,60.3603,48.3531,9.2,11.3477,8.1668,0.1841,0.1787,37397.2,25105.9,14090.3,1394920.0,936449.0,6.873,41.13,33.65,0.0000,0.022356731191896018,7.0161,0,29,120,2009-10-30
300026.SZ,2013-09-17,37.3,37.43,38.0,37.03,37.3,0.13,0.35,8847.45,33253.9,0.3524,0.6279,0.41,60.5707,48.5217,9.2321,11.3872,8.1953,0.1834,0.1781,37397.2,25105.9,14090.3,1399780.0,939712.0,6.873,41.03,33.57,0.0001,0.21304380421397806,7.0161,0,29,120,2009-10-30
300026.SZ,2013-09-18,37.51,38.21,38.46,37.01,37.43,0.78,2.08,14803.0,56153.2,0.5896,1.0506,0.75,61.8329,49.5328,9.4245,11.6245,8.3661,0.1797,0.1745,37397.2,25105.9,14090.3,1428950.0,959295.0,6.873,41.17,33.69,0.0000,0.11585394346832681,7.0161,0,29,120,2009-10-30
300026.SZ,2013-09-23,38.02,38.81,39.05,37.76,38.21,0.6,1.57,18715.3,72215.1,0.7455,1.3282,1.11,62.8039,50.3106,9.5724,11.8071,8.4974,0.1769,0.1718,37397.2,25105.9,14090.3,1451390.0,974358.0,6.873,42.03,34.39,0.0000,0.06973562818372656,7.0161,0,29,120,2009-10-30
300026.SZ,2013-09-24,38.6,38.82,38.99,38.0,38.81,0.01,0.03,18853.4,72397.8,0.751,1.338,1.18,62.8201,50.3236,9.5749,11.8101,8.4996,0.1769,0.1717,37397.2,25105.9,14090.3,1451760.0,974610.0,6.873,42.69,34.93,0.0000,0.10651324656499381,7.0161,0,29,120,2009-10-30
300026.SZ,2013-09-25,38.51,37.92,38.72,37.77,38.82,-0.9,-2.32,14321.6,54810.1,0.5704,1.0164,0.87,61.3636,49.1569,9.3529,11.5363,8.3026,0.181,0.1758,37397.2,25105.9,14090.3,1418100.0,952014.0,6.873,42.7,34.94,0.0000,-0.018302974258821405,7.0161,0,29,120,2009-10-30
300026.SZ,2013-09-26,37.92,37.4,38.85,37.29,37.92,-0.52,-1.37,19498.7,74619.1,0.7767,1.3838,1.29,60.5222,48.4828,9.2247,11.3781,8.1887,0.1836,0.1783,37397.2,25105.9,14090.3,1398660.0,938959.0,6.873,41.71,34.13,0.0000,-0.03772012144445551,7.0161,0,29,120,2009-10-30
300026.SZ,2013-09-27,37.43,40.04,40.29,37.43,37.4,2.64,7.06,34747.6,137233.0,1.384,2.4661,2.02,64.7943,51.9051,9.8758,12.1813,8.7668,0.1715,0.1665,37397.2,25105.9,14090.3,1497390.0,1005240.0,6.873,41.14,33.66,0.0000,0.06699204884333768,7.0161,0,29,120,2009-10-30
300026.SZ,2013-09-30,40.0,40.68,41.48,40.0,40.04,0.64,1.6,18153.7,74034.1,0.7231,1.2884,0.86,65.83,52.7347,10.0337,12.376,8.9069,0.1688,0.1639,37397.2,25105.9,14090.3,1521320.0,1021310.0,6.873,44.04,36.04,0.0000,0.11561696383577232,7.0161,0,29,120,2009-10-30
300026.SZ,2013-10-08,40.65,40.69,41.25,40.05,40.68,0.01,0.02,12466.4,50688.9,0.4966,0.8847,0.59,65.8462,52.7477,10.0361,12.379,8.9091,0.1687,0.1638,37397.2,25105.9,14090.3,1521690.0,1021560.0,6.873,44.75,36.61,0.0000,-0.008029261299883014,7.0161,0,29,120,2009-10-30
300026.SZ,2013-10-09,40.9,42.77,43.5,40.69,40.69,2.08,5.11,30763.5,131387.0,1.2254,2.1833,1.55,69.2121,55.4441,10.5492,13.0118,9.3645,0.1605,0.1559,37397.2,25105.9,14090.3,1599480.0,1073780.0,6.873,44.76,36.62,0.0000,0.04939817628633176,7.0161,0,29,120,2009-10-30
300026.SZ,2013-10-10,42.53,41.99,44.37,41.89,42.77,-0.78,-1.82,21570.2,93008.6,0.8592,1.5308,0.93,67.9499,54.4329,10.3568,12.7745,9.1937,0.1635,0.1588,37397.2,25105.9,14090.3,1570310.0,1054200.0,6.873,47.05,38.49,0.0000,0.041205314352674174,7.0161,0,29,120,2009-10-30
300026.SZ,2013-10-11,40.7,39.99,41.99,39.3,41.99,-2.0,-4.76,47774.2,191323.0,1.9029,3.3906,2.03,64.7134,51.8403,9.8635,12.1661,8.7558,0.1717,0.1667,37397.2,25105.9,14090.3,1495520.0,1003980.0,6.873,46.19,37.79,0.0000,-0.10590499812776762,7.0161,0,29,120,2009-10-30
300026.SZ,2013-10-14,39.98,40.3,41.15,39.1,39.99,0.31,0.78,24704.5,99020.3,0.984,1.7533,0.94,65.215,52.2421,9.9399,12.2604,8.8237,0.1704,0.1654,37397.2,25105.9,14090.3,1507110.0,1011770.0,6.873,43.99,35.99,0.0000,0.09817777125445844,7.0161,0,29,120,2009-10-30
300026.SZ,2013-10-15,40.49,39.88,41.5,39.58,40.3,-0.42,-1.04,30198.3,120814.0,1.2028,2.1432,1.1,64.5354,51.6977,9.8364,12.1326,8.7317,0.1721,0.1672,37397.2,25105.9,14090.3,1491400.0,1001220.0,6.873,44.33,36.27,0.0000,-0.15738057418305393,7.0161,0,29,120,2009-10-30
300026.SZ,2013-10-16,39.74,39.2,39.74,38.25,39.88,-0.68,-1.71,20312.9,78695.7,0.8091,1.4416,0.66,63.435,50.8162,9.6686,11.9257,8.5828,0.1751,0.1701,37397.2,25105.9,14090.3,1465970.0,984150.0,6.873,43.87,35.89,0.0000,-0.1696033851826134,7.0161,0,29,120,2009-10-30
300026.SZ,2013-10-17,39.2,38.07,39.2,37.9,39.2,-1.13,-2.88,21176.8,81378.3,0.8435,1.5029,0.73,61.6064,49.3513,9.3899,11.5819,8.3354,0.1803,0.1751,37397.2,25105.9,14090.3,1423710.0,955780.0,6.873,43.12,35.28,0.0000,-0.3062923948741383,7.0161,0,29,120,2009-10-30
300026.SZ,2013-10-18,37.7,38.19,38.88,37.7,38.07,0.12,0.32,10311.8,39421.8,0.4107,0.7318,0.36,61.8006,49.5069,9.4195,11.6185,8.3617,0.1798,0.1746,37397.2,25105.9,14090.3,1428200.0,958793.0,6.873,41.88,34.26,0.0000,0.06972039616396924,7.0161,0,29,120,2009-10-30
300026.SZ,2013-10-21,38.3,38.78,39.08,37.99,38.19,0.59,1.54,20387.3,78516.9,0.8121,1.4469,0.96,62.7553,50.2717,9.565,11.7979,8.4909,0.177,0.1719,37397.2,25105.9,14090.3,1450260.0,973605.0,6.873,42.01,34.37,0.0000,-0.1537797539487877,7.0161,0,29,120,2009-10-30
300026.SZ,2013-10-22,38.8,38.51,39.25,38.2,38.78,-0.27,-0.7,15391.1,59266.5,0.613,1.0923,0.75,62.3184,49.9217,9.4984,11.7158,8.4318,0.1783,0.1731,37397.2,25105.9,14090.3,1440170.0,966827.0,6.873,42.66,34.9,0.0000,-0.10569685325103426,7.0161,0,29,120,2009-10-30
300026.SZ,2013-10-23,38.43,38.11,38.47,37.8,38.51,-0.4,-1.04,8934.05,34031.9,0.3559,0.6341,0.51,61.6711,49.4032,9.3998,11.5941,8.3442,0.1801,0.1749,37397.2,25105.9,14090.3,1425210.0,956784.0,6.873,42.36,34.66,0.0000,-0.3125081915003335,7.0161,0,29,120,2009-10-30
300026.SZ,2013-10-24,37.22,36.72,39.0,36.0,38.11,-1.39,-3.65,29228.5,109778.0,1.1642,2.0744,1.92,59.4218,44.5162,8.5591,11.1712,7.3751,0.187,0.1816,37397.2,25105.9,14090.3,1373230.0,921887.0,6.873,41.92,34.3,0.0000,-0.14199410914413108,5.4499,0,29,120,2009-10-30
300026.SZ,2013-10-25,36.98,37.32,37.52,36.32,36.72,0.6,1.63,14993.0,55543.6,0.5972,1.0641,0.89,60.3927,45.2436,8.6989,11.3538,7.4956,0.184,0.1786,37397.2,25105.9,14090.3,1395660.0,936951.0,6.873,40.39,33.05,0.0000,0.1554297108958836,5.4499,0,29,120,2009-10-30
300026.SZ,2013-10-28,37.36,36.54,37.89,36.24,37.32,-0.78,-2.09,12443.0,45688.2,0.4956,0.8831,0.7,59.1305,44.298,8.5171,11.1165,7.3389,0.1879,0.1824,37397.2,25105.9,14090.3,1366490.0,917368.0,6.873,41.05,33.59,0.0000,-0.1336492597854199,5.4499,0,29,120,2009-10-30
300026.SZ,2013-10-29,36.54,37.18,37.64,34.58,36.54,0.64,1.75,21621.5,77387.5,0.8612,1.5345,1.33,60.1661,45.0739,8.6663,11.3112,7.4675,0.1847,0.1793,37397.2,25105.9,14090.3,1390430.0,933436.0,6.873,40.19,32.89,0.0000,0.08229922238007842,5.4499,0,29,120,2009-10-30
300026.SZ,2013-10-30,36.85,37.02,37.5,36.55,37.18,-0.16,-0.43,7705.11,28568.8,0.3069,0.5468,0.44,59.9072,44.8799,8.629,11.2625,7.4353,0.1854,0.1801,37397.2,25105.9,14090.3,1384450.0,929419.0,6.873,40.9,33.46,-0.0001,0.11356366296414029,5.4499,0,29,120,2009-10-30
300026.SZ,2013-10-31,36.81,35.53,37.0,35.48,37.02,-1.49,-4.02,17553.0,63198.1,0.6992,1.2457,1.02,57.496,43.0736,8.2817,10.8092,7.1361,0.1932,0.1876,37397.2,25105.9,14090.3,1328720.0,892011.0,6.873,40.72,33.32,0.0000,-0.024798181691630825,5.4499,0,29,120,2009-10-30
300026.SZ,2013-11-01,35.55,35.8,36.36,35.5,35.53,0.27,0.76,11105.7,39791.5,0.4424,0.7882,0.75,57.933,43.4009,8.3446,10.8913,7.1903,0.1918,0.1862,37397.2,25105.9,14090.3,1338820.0,898790.0,6.873,39.08,31.98,0.0000,0.09443820300222573,5.4499,0,29,120,2009-10-30
300026.SZ,2013-11-04,35.69,34.31,36.25,34.14,35.8,-1.49,-4.16,21311.9,74626.5,0.8489,1.5125,1.51,55.5218,41.5946,7.9973,10.438,6.891,0.2001,0.1943,37397.2,25105.9,14090.3,1283100.0,861382.0,6.873,39.38,32.22,0.0000,-0.2616954739985692,5.4499,0,29,120,2009-10-30
300026.SZ,2013-11-05,34.12,35.7,35.74,33.83,34.31,1.39,4.05,19035.3,65855.4,0.7582,1.3509,1.2,57.7711,43.2797,8.3213,10.8609,7.1702,0.1923,0.1867,37397.2,25105.9,14090.3,1335080.0,896279.0,6.873,37.74,30.88,-0.0001,0.1613240909233081,5.4499,0,29,120,2009-10-30
300026.SZ,2013-11-06,35.49,34.0,35.95,33.89,35.7,-1.7,-4.76,21612.3,74987.9,0.8608,1.5338,1.41,55.0201,41.2187,7.9251,10.3437,6.8288,0.2019,0.1961,37397.2,25105.9,14090.3,1271510.0,853599.0,6.873,39.27,32.13,0.0000,-0.21015438627596847,5.4499,0,29,120,2009-10-30
300026.SZ,2013-11-07,34.0,33.36,34.0,33.08,34.0,-0.64,-1.88,11032.9,36957.6,0.4395,0.783,0.61,53.9845,40.4429,7.7759,10.149,6.7002,0.2058,0.1998,37397.2,25105.9,14090.3,1247570.0,837532.0,6.873,37.4,30.6,0.0000,-0.24004147465452258,5.4499,0,29,120,2009-10-30
300026.SZ,2013-11-08,33.15,33.2,33.59,33.1,33.36,-0.16,-0.48,9381.18,31278.3,0.3737,0.6658,0.56,53.7255,40.2489,7.7386,10.1004,6.6681,0.2068,0.2008,37397.2,25105.9,14090.3,1241590.0,833515.0,6.873,36.7,30.02,0.0000,0.021109228221004396,5.4499,0,29,120,2009-10-30
300026.SZ,2013-11-11,33.49,35.3,35.46,32.97,33.2,2.1,6.33,18614.2,64337.4,0.7414,1.3211,1.13,57.1239,42.7948,8.2281,10.7392,7.0899,0.1945,0.1889,37397.2,25105.9,14090.3,1320120.0,886237.0,6.873,36.52,29.88,0.0000,0.2625761790457583,5.4499,0,29,120,2009-10-30
300026.SZ,2013-11-12,35.22,35.88,36.99,35.22,35.3,0.58,1.64,24254.2,87975.5,0.9661,1.7213,1.52,58.0624,43.4979,8.3633,10.9157,7.2064,0.1913,0.1858,37397.2,25105.9,14090.3,1341810.0,900798.0,6.873,38.83,31.77,0.0000,0.0625410672933196,5.4499,0,29,120,2009-10-30
300026.SZ,2013-11-13,35.8,35.05,36.17,34.84,35.88,-0.83,-2.31,12264.8,43278.8,0.4885,0.8704,0.72,56.7193,42.4917,8.1698,10.6632,7.0397,0.1959,0.1902,37397.2,25105.9,14090.3,1310770.0,879960.0,6.873,39.47,32.29,0.0000,0.05504543614546689,5.4499,0,29,120,2009-10-30
300026.SZ,2013-11-14,34.67,35.6,35.9,34.25,35.05,0.55,1.5692,16257.6,57060.6,0.6476,1.1538,1.08,57.6093,43.1585,8.298,10.8305,7.1501,0.1928,0.1873,37397.2,25105.9,14090.3,1331340.0,893769.0,6.873,38.56,31.55,0.0000,0.1143673039028398,5.4499,0,29,120,2009-10-30
300026.SZ,2013-11-15,35.18,35.5,36.52,35.18,35.6,-0.1,-0.28,20725.6,74340.1,0.8255,1.4709,1.28,57.4475,43.0372,8.2747,10.8001,7.1301,0.1934,0.1878,37397.2,25105.9,14090.3,1327600.0,891258.0,6.873,39.16,32.04,0.0000,-0.027937906308174776,5.4499,0,29,120,2009-10-30
300026.SZ,2013-11-18,35.71,35.2,36.27,34.81,35.5,-0.3,-0.85,30674.0,108194.0,1.1295,1.9004,1.66,56.962,42.6735,8.2048,10.7088,7.0698,0.195,0.1894,37397.2,27156.0,16140.4,1316380.0,955890.0,6.873,39.05,31.95,0.0000,-0.1042120588795461,5.4499,0,29,120,2009-10-30
300026.SZ,2013-11-19,35.18,34.3,35.42,34.0,35.2,-0.9,-2.56,23703.3,82466.1,0.8729,1.4686,1.14,55.5056,41.5824,7.995,10.435,6.889,0.2002,0.1944,37397.2,27156.0,16140.4,1282720.0,931450.0,6.873,38.72,31.68,0.0000,-0.16199904328515324,5.4499,0,29,120,2009-10-30
300026.SZ,2013-11-20,34.22,34.73,35.3,34.06,34.3,0.43,1.25,18505.1,64427.7,0.6814,1.1465,0.89,56.2015,42.1037,8.0952,10.5658,6.9754,0.1977,0.192,37397.2,27156.0,16140.4,1298810.0,943127.0,6.873,37.73,30.87,0.0000,-0.15022943326017885,5.4499,0,29,120,2009-10-30
300026.SZ,2013-11-21,34.73,34.27,34.96,34.03,34.73,-0.46,-1.32,14472.7,49543.1,0.5329,0.8967,0.66,55.4571,41.5461,7.988,10.4259,6.883,0.2003,0.1945,37397.2,27156.0,16140.4,1281600.0,930635.0,6.873,38.2,31.26,0.0000,-0.18453641214831565,5.4499,0,29,120,2009-10-30
300026.SZ,2013-11-22,34.29,34.35,34.75,34.12,34.27,0.08,0.23,14202.4,48722.1,0.523,0.8799,0.66,55.5865,41.6431,8.0067,10.4502,6.8991,0.1999,0.1941,37397.2,27156.0,16140.4,1284590.0,932808.0,6.873,37.7,30.84,0.0000,-0.03563873878118552,5.4499,0,29,120,2009-10-30
300026.SZ,2013-11-25,34.4,34.54,34.92,34.06,34.35,0.19,0.55,26466.7,91685.9,0.9746,1.6398,1.3,55.894,41.8734,8.051,10.508,6.9372,0.1988,0.193,37397.2,27156.0,16140.4,1291700.0,937967.0,6.873,37.79,30.92,0.0000,0.057026442238041014,5.4499,0,29,120,2009-10-30
300026.SZ,2013-11-26,34.5,34.53,34.65,33.84,34.54,-0.01,-0.03,15796.5,54197.2,0.5817,0.9787,0.81,55.8778,41.8613,8.0486,10.505,6.9352,0.1988,0.1931,37397.2,27156.0,16140.4,1291330.0,937696.0,6.873,37.99,31.09,0.0000,0.23276942463095582,5.4499,0,29,120,2009-10-30
300026.SZ,2013-11-27,34.4,34.4,34.65,34.15,34.53,-0.13,-0.38,34504.8,118497.0,1.2706,2.1378,1.93,55.6674,41.7037,8.0183,10.4654,6.9091,0.1996,0.1938,37397.2,27156.0,16140.4,1286460.0,934165.0,6.873,37.98,31.08,0.0000,0.15658342532939906,5.4499,0,29,120,2009-10-30
300026.SZ,2013-11-28,34.46,35.65,35.65,34.46,34.4,1.25,3.63,35144.6,124132.0,1.2942,2.1774,1.67,57.6902,43.2191,8.3097,10.8457,7.1602,0.1926,0.187,37397.2,27156.0,16140.4,1333210.0,968110.0,6.873,37.84,30.96,0.0000,0.09255837595024893,5.4499,0,29,120,2009-10-30
300026.SZ,2013-11-29,35.96,36.27,36.99,35.5,35.65,0.62,1.74,36738.1,133444.0,1.3529,2.2761,1.46,58.6935,43.9707,8.4542,11.0343,7.2847,0.1893,0.1838,37397.2,27156.0,16140.4,1356400.0,984947.0,6.873,39.22,32.09,0.0000,0.06516387124629507,5.4499,0,29,120,2009-10-30
300026.SZ,2013-12-02,35.4,34.51,35.55,34.5,36.27,-1.76,-4.85,31372.2,109639.0,1.1553,1.9437,1.06,55.8454,41.837,8.044,10.4989,6.9312,0.1989,0.1932,37397.2,27156.0,16140.4,1290580.0,937153.0,6.873,39.9,32.64,0.0000,0.06975338878076448,5.4499,0,29,120,2009-10-30
300026.SZ,2013-12-03,34.51,34.85,35.0,33.12,34.51,0.34,0.99,21543.9,74248.5,0.7933,1.3348,0.7,56.3956,42.2492,8.1232,10.6023,6.9995,0.197,0.1913,37397.2,27156.0,16140.4,1303290.0,946386.0,6.873,37.96,31.06,0.0000,0.041812012381919665,5.4499,0,29,120,2009-10-30
300026.SZ,2013-12-04,34.6,34.75,35.43,34.2,34.85,-0.1,-0.29,14836.1,52063.7,0.5463,0.9192,0.47,56.2338,42.128,8.0999,10.5719,6.9794,0.1976,0.1918,37397.2,27156.0,16140.4,1299550.0,943670.0,6.873,38.34,31.37,0.0001,-0.03293516754730307,5.4499,0,29,120,2009-10-30
300026.SZ,2013-12-05,34.5,33.89,34.68,33.58,34.75,-0.86,-2.47,15962.7,54215.7,0.5878,0.989,0.57,54.8421,41.0854,7.8994,10.3103,6.8067,0.2026,0.1967,37397.2,27156.0,16140.4,1267390.0,920316.0,6.873,38.23,31.28,0.0000,-0.0976262371005472,5.4499,0,29,120,2009-10-30
300026.SZ,2013-12-06,33.85,33.66,33.97,33.51,33.89,-0.23,-0.68,6968.95,23545.3,0.2566,0.4318,0.29,54.4699,40.8066,7.8458,10.2403,6.7605,0.204,0.1981,37397.2,27156.0,16140.4,1258790.0,914070.0,6.873,37.28,30.5,-0.0001,-0.12996644918958744,5.4499,0,29,120,2009-10-30
300026.SZ,2013-12-09,33.65,33.84,34.14,33.55,33.66,0.18,0.53,10474.8,35421.6,0.3857,0.649,0.58,54.7612,41.0248,7.8878,10.2951,6.7967,0.2029,0.197,37397.2,27156.0,16140.4,1265520.0,918958.0,6.873,37.03,30.29,0.0000,-0.3228111013613396,5.4499,0,29,120,2009-10-30
300026.SZ,2013-12-10,33.85,33.9,34.0,32.59,33.84,0.06,0.18,34900.2,114940.0,1.2852,2.1623,2.5,54.8583,41.0975,7.9018,10.3133,6.8087,0.2025,0.1967,37397.2,27156.0,16140.4,1267770.0,920587.0,6.873,37.22,30.46,0.0000,-0.06240712894967002,5.4499,0,29,120,2009-10-30
300026.SZ,2013-12-11,33.64,33.6,33.96,33.0,33.9,-0.3,-0.89,13762.1,46101.1,0.5068,0.8526,0.83,54.3728,40.7338,7.8318,10.222,6.7484,0.2043,0.1984,37397.2,27156.0,16140.4,1256550.0,912441.0,6.873,37.29,30.51,0.0000,-0.04050111045807493,5.4499,0,29,120,2009-10-30
300026.SZ,2013-12-12,33.6,34.02,34.3,33.05,33.6,0.42,1.25,14187.7,48092.2,0.5225,0.879,0.86,55.0525,41.243,7.9297,10.3498,6.8328,0.2018,0.196,37397.2,27156.0,16140.4,1272250.0,923846.0,6.873,36.96,30.24,0.0000,0.01678427300947476,5.4499,0,29,120,2009-10-30
300026.SZ,2013-12-13,34.0,34.25,34.8,34.0,34.02,0.23,0.68,13890.3,47961.1,0.5115,0.8606,0.86,55.4247,41.5218,7.9834,10.4198,6.879,0.2004,0.1946,37397.2,27156.0,16140.4,1280860.0,930092.0,6.873,37.42,30.62,0.0000,0.17185754462234715,5.4499,0,29,120,2009-10-30
300026.SZ,2013-12-16,34.06,34.25,35.0,34.06,34.25,0.0,0.0,21079.1,72991.1,0.7762,1.306,1.21,55.4247,41.5218,7.9834,10.4198,6.879,0.2004,0.1946,37397.2,27156.0,16140.4,1280860.0,930092.0,6.873,37.68,30.83,0.0000,0.12495916713392136,5.4499,0,29,120,2009-10-30
300026.SZ,2013-12-17,34.35,34.6,34.65,33.76,34.25,0.35,1.02,8515.51,29166.2,0.3136,0.5276,0.44,55.9911,41.9461,8.0649,10.5263,6.9493,0.1984,0.1927,37397.2,27156.0,16140.4,1293940.0,939597.0,6.873,37.68,30.83,0.0000,-0.07664072919609265,5.4499,0,29,120,2009-10-30
300026.SZ,2013-12-18,34.6,34.3,34.8,34.01,34.6,-0.3,-0.87,5966.65,20464.1,0.2197,0.3697,0.42,55.5056,41.5824,7.995,10.435,6.889,0.2002,0.1944,37397.2,27156.0,16140.4,1282720.0,931450.0,6.873,38.06,31.14,-0.0001,-0.17478772303733794,5.4499,0,29,120,2009-10-30
300026.SZ,2013-12-19,34.3,34.35,34.75,34.17,34.3,0.05,0.15,7084.71,24447.2,0.2609,0.4389,0.56,55.5865,41.6431,8.0067,10.4502,6.8991,0.1999,0.1941,37397.2,27156.0,16140.4,1284590.0,932808.0,6.873,37.73,30.87,-0.0001,-0.30776415915071004,5.4499,0,29,120,2009-10-30
300026.SZ,2013-12-20,34.35,35.0,35.38,34.08,34.35,0.65,1.89,18658.2,65128.8,0.6871,1.156,1.65,56.6384,42.4311,8.1582,10.648,7.0296,0.1962,0.1905,37397.2,27156.0,16140.4,1308900.0,950459.0,6.873,37.79,30.92,0.0000,0.274371566396978,5.4499,0,29,120,2009-10-30
300026.SZ,2013-12-23,35.01,36.75,37.1,35.01,35.0,1.75,5.0,26286.3,95399.1,0.968,1.6286,2.14,59.4703,44.5526,8.5661,11.1804,7.3811,0.1868,0.1814,37397.2,27156.0,16140.4,1374350.0,997982.0,6.873,38.5,31.5,0.0000,0.21593096527460315,5.4499,0,29,120,2009-10-30
300026.SZ,2013-12-24,36.98,36.36,36.98,36.16,36.75,-0.39,-1.06,10818.0,39354.3,0.3984,0.6702,0.81,58.8392,44.0798,8.4752,11.0617,7.3028,0.1888,0.1834,37397.2,27156.0,16140.4,1359760.0,987391.0,6.873,40.43,33.08,0.0000,0.18374461293857508,5.4499,0,29,120,2009-10-30
300026.SZ,2013-12-25,36.68,36.31,36.68,35.73,36.36,-0.05,-0.14,14023.3,50522.8,0.5164,0.8688,1.02,58.7583,44.0192,8.4635,11.0465,7.2927,0.1891,0.1836,37397.2,27156.0,16140.4,1357890.0,986033.0,6.873,40.0,32.72,0.0000,5.9563415033878635e-05,5.4499,0,29,120,2009-10-30
300026.SZ,2013-12-26,36.43,35.8,37.08,35.5,36.31,-0.51,-1.4,22986.5,83929.9,0.8465,1.4242,1.5,57.933,43.4009,8.3446,10.8913,7.1903,0.1918,0.1862,37397.2,27156.0,16140.4,1338820.0,972184.0,6.873,39.94,32.68,0.0000,0.11832739528976934,5.4499,0,29,120,2009-10-30
300026.SZ,2013-12-27,35.55,36.25,36.66,35.55,35.8,0.45,1.26,10967.3,39920.0,0.4039,0.6795,0.59,58.6612,43.9465,8.4495,11.0283,7.2807,0.1894,0.1839,37397.2,27156.0,16140.4,1355650.0,984404.0,6.873,39.38,32.22,0.0000,0.13108582786766385,5.4499,0,29,120,2009-10-30
300026.SZ,2013-12-30,36.26,36.85,37.09,36.24,36.25,0.6,1.66,9553.24,35130.7,0.3518,0.5919,0.56,59.6321,44.6738,8.5894,11.2108,7.4012,0.1863,0.1809,37397.2,27156.0,16140.4,1378090.0,1000700.0,6.873,39.88,32.63,-0.0001,-0.14859463491830777,5.4499,0,29,120,2009-10-30
300026.SZ,2013-12-31,36.85,37.36,37.79,36.47,36.85,0.51,1.38,13497.0,50449.5,0.497,0.8362,0.99,60.4574,45.2921,8.7083,11.3659,7.5036,0.1838,0.1784,37397.2,27156.0,16140.4,1397160.0,1014550.0,6.873,40.54,33.17,0.0000,0.07395231091564945,5.4499,0,29,120,2009-10-30
300026.SZ,2014-01-02,37.58,38.62,39.32,37.58,37.36,1.26,3.37,27496.0,106603.0,1.0125,1.7035,1.94,62.4964,46.8196,9.002,11.7493,7.7567,0.1726,0.1726,37397.2,27156.0,16140.4,1444280.0,1048760.0,6.873,41.1,33.62,0.0000,0.028986076552176797,5.4499,0,29,120,2009-10-30
300026.SZ,2014-01-03,38.52,38.05,39.26,38.05,38.62,-0.57,-1.48,18882.2,72861.4,0.6953,1.1699,1.12,61.574,46.1286,8.8691,11.5759,7.6422,0.1752,0.1752,37397.2,27156.0,16140.4,1422960.0,1033280.0,6.873,42.48,34.76,0.0000,-0.1928707713694102,5.4499,0,29,120,2009-10-30
300026.SZ,2014-01-06,37.99,38.0,38.54,37.37,38.05,-0.05,-0.13,6825.13,25905.6,0.2513,0.4229,0.42,61.4931,46.068,8.8574,11.5606,7.6322,0.1754,0.1754,37397.2,27156.0,16140.4,1421090.0,1031930.0,6.873,41.86,34.25,0.0000,0.09173746186070121,5.4499,0,29,120,2009-10-30
300026.SZ,2014-01-07,37.64,39.17,39.18,37.64,38.0,1.17,3.08,14970.0,58237.0,0.5513,0.9275,0.98,63.3864,47.4864,9.1302,11.9166,7.8672,0.1702,0.1702,37397.2,27156.0,16140.4,1464850.0,1063700.0,6.873,41.8,34.2,0.0000,0.021695444110634617,5.4499,0,29,120,2009-10-30
300026.SZ,2014-01-08,39.25,39.2,40.38,38.18,39.17,0.03,0.08,17395.5,68797.1,0.6406,1.0778,1.06,63.435,47.5228,9.1372,11.9257,7.8732,0.1701,0.1701,37397.2,27156.0,16140.4,1465970.0,1064510.0,6.873,43.09,35.25,0.0000,0.11271471742947572,5.4499,0,29,120,2009-10-30
300026.SZ,2014-01-09,38.99,38.94,40.0,38.4,39.2,-0.26,-0.66,22323.0,87963.1,0.822,1.383,1.3,63.0142,47.2076,9.0766,11.8466,7.821,0.1712,0.1712,37397.2,27156.0,16140.4,1456250.0,1057450.0,6.873,43.12,35.28,0.0000,-0.08384907886559208,5.4499,0,29,120,2009-10-30
300026.SZ,2014-01-10,38.76,37.2,39.35,37.12,38.94,-1.74,-4.47,21210.5,81340.6,0.7811,1.3141,1.32,60.1985,45.0982,8.671,11.3173,7.4715,0.1792,0.1792,37397.2,27156.0,16140.4,1391180.0,1010200.0,6.873,42.83,35.05,0.0000,-0.12745713522029048,5.4499,0,29,120,2009-10-30
300026.SZ,2014-01-13,37.12,38.1,38.29,37.1,37.2,0.9,2.42,16961.7,64041.8,0.6246,1.0509,1.03,61.6549,46.1892,8.8808,11.5911,7.6523,0.175,0.175,37397.2,27156.0,16140.4,1424830.0,1034640.0,6.873,40.92,33.48,0.0000,-0.04311685437812139,5.4499,0,29,120,2009-10-30
300026.SZ,2014-01-14,37.7,38.0,38.67,37.5,38.1,-0.1,-0.26,14280.2,54072.3,0.5259,0.8847,0.77,61.4931,46.068,8.8574,11.5606,7.6322,0.1754,0.1754,37397.2,27156.0,16140.4,1421090.0,1031930.0,6.873,41.91,34.29,0.0000,-0.18677550824076286,5.4499,0,29,120,2009-10-30
300026.SZ,2014-01-15,38.35,39.51,39.98,38.35,38.0,1.51,3.97,26864.2,106195.0,0.9893,1.6644,1.46,63.9366,47.8986,9.2094,12.02,7.9355,0.1687,0.1687,37397.2,27156.0,16140.4,1477560.0,1072930.0,6.873,41.8,34.2,0.0000,0.1531917466995469,5.4499,0,29,120,2009-10-30
300026.SZ,2014-01-16,39.65,39.7,40.86,38.94,39.51,0.19,0.48,11167.2,44386.6,0.4112,0.6919,0.55,64.2441,48.1289,9.2537,12.0778,7.9736,0.1679,0.1679,37397.2,27156.0,16140.4,1484670.0,1078090.0,6.873,43.46,35.56,0.0000,0.0014815065120175794,5.4499,0,29,120,2009-10-30
300026.SZ,2014-01-17,39.69,38.3,39.76,38.1,39.7,-1.4,-3.53,16544.7,64463.0,0.6092,1.025,0.91,61.9786,46.4317,8.9274,11.6519,7.6924,0.1741,0.1741,37397.2,27156.0,16140.4,1432310.0,1040070.0,6.873,43.67,35.73,0.0000,-0.46170153624895843,5.4499,0,29,120,2009-10-30
300026.SZ,2014-01-20,38.3,38.05,38.99,37.5,38.3,-0.25,-0.65,15495.4,59135.2,0.5706,0.96,0.9,61.574,46.1286,8.8691,11.5759,7.6422,0.1752,0.1752,37397.2,27156.0,16140.4,1422960.0,1033280.0,6.873,42.13,34.47,0.0000,-0.3454555224951748,5.4499,0,29,120,2009-10-30
300026.SZ,2014-01-21,37.81,38.3,38.4,37.49,38.05,0.25,0.66,15910.8,60458.3,0.5859,0.9858,0.94,61.9786,46.4317,8.9274,11.6519,7.6924,0.1741,0.1741,37397.2,27156.0,16140.4,1432310.0,1040070.0,6.873,41.86,34.25,0.0000,-0.5421516848730293,5.4499,0,29,120,2009-10-30
300026.SZ,2014-01-22,38.29,38.34,39.33,37.6,38.3,0.04,0.1,23399.8,89967.5,0.8617,1.4498,1.36,62.0433,46.4802,8.9367,11.6641,7.7005,0.1739,0.1739,37397.2,27156.0,16140.4,1433810.0,1041160.0,6.873,42.13,34.47,0.0000,-0.2921534917724397,5.4499,0,29,120,2009-10-30
300026.SZ,2014-01-23,38.34,39.29,40.08,38.08,38.34,0.95,2.48,30349.5,119436.0,1.1176,1.8803,1.84,63.5806,47.6319,9.1581,11.9531,7.8913,0.1697,0.1697,37397.2,27156.0,16140.4,1469340.0,1066960.0,6.873,42.17,34.51,0.0000,-0.05281927065676655,5.4499,0,29,120,2009-10-30
300026.SZ,2014-01-24,39.39,43.22,43.22,39.39,39.29,3.93,10.0,71833.9,302555.0,2.6452,4.4506,3.53,69.9403,52.3963,10.0742,13.1487,8.6806,0.1542,0.1542,37397.2,27156.0,16140.4,1616310.0,1173680.0,6.873,43.22,35.36,0.0000,0.07335519075695322,5.4499,0,29,120,2009-10-30
300026.SZ,2014-01-27,44.2,42.75,44.28,42.43,43.22,-0.47,-1.09,42870.9,185362.0,1.5787,2.6561,1.37,69.1797,51.8265,9.9646,13.0057,8.5862,0.1559,0.1559,37397.2,27156.0,16140.4,1598730.0,1160920.0,6.873,47.54,38.9,0.0000,-0.11789677661087253,5.4499,0,29,120,2009-10-30
300026.SZ,2014-01-28,42.74,42.47,42.97,41.77,42.75,-0.28,-0.66,21199.1,89468.6,0.7806,1.3134,0.57,68.7266,51.4871,9.8994,12.9205,8.53,0.157,0.157,37397.2,27156.0,16140.4,1588260.0,1153310.0,6.873,47.03,38.48,0.0000,-0.004463419535306398,5.4499,0,29,120,2009-10-30
300026.SZ,2014-01-29,43.49,43.38,43.49,42.62,42.47,0.91,2.14,18772.4,80871.1,0.6913,1.1631,0.49,70.1992,52.5903,10.1115,13.1974,8.7127,0.1537,0.1537,37397.2,27156.0,16140.4,1622290.0,1178030.0,6.873,46.72,38.22,0.0000,0.011373196241865896,5.4499,0,29,120,2009-10-30
300026.SZ,2014-01-30,43.44,43.02,43.5,42.74,43.38,-0.36,-0.83,13635.4,58562.0,0.5021,0.8448,0.37,69.6167,52.1538,10.0276,13.0879,8.6404,0.155,0.155,37397.2,27156.0,16140.4,1608830.0,1168250.0,6.873,47.72,39.04,0.0000,-0.03525853081219614,5.4499,0,29,120,2009-10-30
300026.SZ,2014-02-07,42.02,43.04,43.3,42.02,43.02,0.02,0.05,12391.0,53130.1,0.4563,0.7677,0.37,69.649,52.1781,10.0322,13.094,8.6444,0.1549,0.1549,37397.2,27156.0,16140.4,1609580.0,1168790.0,6.873,47.32,38.72,0.0001,-0.25811471784203227,5.4499,0,29,120,2009-10-30
300026.SZ,2014-02-10,43.08,44.0,44.3,42.06,43.04,0.96,2.23,24445.9,105999.0,0.9002,1.5146,1.12,71.2025,53.3419,10.256,13.386,8.8373,0.1515,0.1515,37397.2,27156.0,16140.4,1645480.0,1194860.0,6.873,47.34,38.74,0.0000,-0.09895074201729434,5.4499,0,29,120,2009-10-30
300026.SZ,2014-02-11,43.99,43.3,45.0,43.2,44.0,-0.7,-1.59,22075.1,97135.7,0.8129,1.3677,1.22,70.0698,52.4933,10.0928,13.1731,8.6967,0.154,0.154,37397.2,27156.0,16140.4,1619300.0,1175850.0,6.873,48.4,39.6,0.0000,0.036986933245353376,5.4499,0,29,120,2009-10-30
300026.SZ,2014-02-12,43.01,42.5,43.18,42.0,43.3,-0.8,-1.85,15642.4,66433.3,0.576,0.9691,0.86,68.7752,51.5234,9.9064,12.9297,8.536,0.1569,0.1569,37397.2,27156.0,16140.4,1589380.0,1154130.0,6.873,47.63,38.97,0.0000,-0.20279110187560712,5.4499,0,29,120,2009-10-30
300026.SZ,2014-02-13,42.38,40.2,42.87,40.02,42.5,-2.3,-5.41,24581.1,102184.0,0.9052,1.523,1.39,65.0532,48.7351,9.3702,12.23,8.074,0.1658,0.1658,37397.2,27156.0,16140.4,1503370.0,1091670.0,6.873,46.75,38.25,0.0000,-0.11342591657859116,5.4499,0,29,120,2009-10-30
300026.SZ,2014-02-14,40.55,41.67,42.0,40.36,40.2,1.47,3.66,23750.9,97981.5,0.8746,1.4715,1.2,67.432,50.5172,9.7129,12.6772,8.3693,0.16,0.16,37397.2,27156.0,16140.4,1558340.0,1131590.0,6.873,44.22,36.18,0.0000,0.0033625948815231253,5.4499,0,29,120,2009-10-30
300026.SZ,2014-02-17,42.5,45.7,45.84,42.5,41.67,4.03,9.67,46951.1,211575.0,1.7289,2.9089,2.12,73.9535,50.0703,10.0983,13.9032,8.1425,0.1459,0.1459,37397.2,27156.0,16140.4,1709050.0,1241030.0,6.873,45.84,37.5,0.0000,0.1353858234119783,5.4499,0,29,120,2009-10-30
300026.SZ,2014-02-18,45.33,45.2,47.2,44.69,45.7,-0.5,-1.09,26335.9,121364.0,0.9698,1.6317,0.99,73.1444,49.5225,9.9879,13.7511,8.0534,0.1475,0.1475,37397.2,27156.0,16140.4,1690350.0,1227450.0,6.873,50.27,41.13,0.0000,0.01540527375757727,5.4499,0,29,120,2009-10-30
300026.SZ,2014-02-19,45.32,45.4,45.86,44.46,45.2,0.2,0.44,14712.3,66406.1,0.5418,0.9115,0.54,73.4681,49.7416,10.0321,13.8119,8.0891,0.1468,0.1468,37397.2,27156.0,16140.4,1697830.0,1232880.0,6.873,49.72,40.68,0.0000,-0.046461074662065095,5.4499,0,29,120,2009-10-30
300026.SZ,2014-02-20,45.9,43.3,46.0,43.3,45.4,-2.1,-4.63,18220.1,80238.3,0.6709,1.1288,0.67,70.0698,47.4408,9.568,13.1731,7.7149,0.154,0.154,37397.2,27156.0,16140.4,1619300.0,1175850.0,6.873,49.94,40.86,0.0000,-0.15290524383604295,5.4499,0,29,120,2009-10-30
300026.SZ,2014-02-21,43.3,45.11,46.0,42.3,43.3,1.81,4.18,28128.2,124029.0,1.0358,1.7427,1.08,72.9988,49.4239,9.968,13.7237,8.0374,0.1478,0.1478,37397.2,27156.0,16140.4,1686990.0,1225010.0,6.873,47.63,38.97,0.0000,0.10883321787944075,5.4499,0,29,120,2009-10-30
300026.SZ,2014-02-24,44.8,45.2,47.2,43.9,45.11,0.09,0.2,21044.7,95832.9,0.775,1.3038,0.78,73.1444,49.5225,9.9879,13.7511,8.0534,0.1475,0.1475,37397.2,27156.0,16140.4,1690350.0,1227450.0,6.873,49.62,40.6,0.0000,0.017418969292344922,5.4499,0,29,120,2009-10-30
300026.SZ,2014-02-25,45.47,43.0,45.47,41.8,45.2,-2.2,-4.87,32098.6,141630.0,1.182,1.9887,1.48,69.5843,47.1121,9.5017,13.0818,7.6614,0.155,0.155,37397.2,27156.0,16140.4,1608080.0,1167710.0,6.873,49.72,40.68,0.0000,-0.09560752985601037,5.4499,0,29,120,2009-10-30
300026.SZ,2014-02-26,42.48,41.68,43.25,41.6,43.0,-1.32,-3.07,22662.1,95422.0,0.8128,1.4041,0.99,67.4482,45.6659,9.21,12.6802,7.4263,0.1599,0.1599,37397.2,27882.7,16140.4,1558720.0,1162150.0,6.873,47.3,38.7,0.0000,-0.01978615139739766,5.4499,0,29,120,2009-10-30
300026.SZ,2014-02-27,41.7,40.75,44.5,40.48,41.68,-0.93,-2.23,20849.3,88574.9,0.7477,1.2917,0.85,65.9433,44.6469,9.0045,12.3973,7.2606,0.1636,0.1636,37397.2,27882.7,16140.4,1523940.0,1136220.0,6.873,45.85,37.51,0.0000,-0.011904218185538936,5.4499,0,29,120,2009-10-30
300026.SZ,2014-02-28,40.81,41.0,41.98,40.1,40.75,0.25,0.61,22191.6,90853.0,0.7959,1.3157,0.89,67.7756,45.8876,8.9688,12.7418,7.4623,0.1592,0.1592,38202.0,27882.7,16867.2,1566280.0,1143190.0,6.873,44.83,36.68,0.0000,-0.1362406877488395,5.4499,0,29,120,2009-10-30
300026.SZ,2014-03-03,40.57,41.3,42.03,39.8,41.0,0.3,0.73,14042.5,57963.9,0.5036,0.8325,0.59,68.2716,46.2233,9.0344,12.835,7.5169,0.158,0.158,38202.0,27882.7,16867.2,1577740.0,1151560.0,6.873,45.1,36.9,0.0000,-0.0835622686377004,5.4499,0,29,120,2009-10-30
300026.SZ,2014-03-04,41.4,39.6,41.69,39.3,41.3,-1.7,-4.12,23434.8,93954.4,0.8405,1.3894,1.05,65.4614,44.3207,8.6625,12.3067,7.2075,0.1648,0.1648,38202.0,27882.7,16867.2,1512800.0,1104160.0,6.873,45.43,37.17,0.0000,-0.34487528088986674,5.4499,0,29,120,2009-10-30
300026.SZ,2014-03-05,39.66,39.46,40.17,38.71,39.6,-0.14,-0.35,21414.6,83783.6,0.768,1.2696,1.04,65.2299,44.164,8.6319,12.2632,7.182,0.1654,0.1654,38202.0,27882.7,16867.2,1507450.0,1100250.0,6.873,43.56,35.64,0.0000,-0.40773940735771336,5.4499,0,29,120,2009-10-30
300026.SZ,2014-03-06,39.4,37.5,39.4,37.09,39.46,-1.96,-4.97,46118.6,173672.0,1.654,2.7342,2.26,61.9899,41.9703,8.2031,11.6541,6.8253,0.174,0.174,38202.0,27882.7,16867.2,1432580.0,1045600.0,6.873,43.41,35.51,0.0000,-0.2008851554756018,5.4499,0,29,120,2009-10-30
300026.SZ,2014-03-07,37.4,39.88,39.98,37.22,37.5,2.38,6.35,44696.8,173698.0,1.603,2.6499,1.76,65.9242,44.634,8.7238,12.3937,7.2585,0.1636,0.1636,38202.0,27882.7,16867.2,1523500.0,1111960.0,6.873,41.25,33.75,0.0000,0.168490363645689,5.4499,0,29,120,2009-10-30
300026.SZ,2014-03-10,39.25,38.83,39.25,37.99,39.88,-1.05,-2.63,26560.5,102596.0,0.9526,1.5747,0.89,64.1885,43.4589,8.4941,12.0674,7.0673,0.1681,0.1681,38202.0,27882.7,16867.2,1483380.0,1082690.0,6.873,43.87,35.89,0.0000,-0.08669142617372036,5.4499,0,29,120,2009-10-30
300026.SZ,2014-03-11,38.82,38.02,39.4,37.68,38.83,-0.81,-2.09,23935.7,91103.0,0.8584,1.4191,0.74,62.8495,42.5523,8.3169,11.8157,6.9199,0.1717,0.1717,38202.0,27882.7,16867.2,1452440.0,1060100.0,6.873,42.71,34.95,0.0000,-0.08849933129258987,5.4499,0,29,120,2009-10-30
300026.SZ,2014-03-12,37.95,39.86,40.6,37.72,38.02,1.84,4.84,37807.4,149368.0,1.3559,2.2415,1.16,65.8911,44.6117,8.7194,12.3875,7.2548,0.1637,0.1637,38202.0,27882.7,16867.2,1522730.0,1111400.0,6.873,41.82,34.22,0.0000,0.029144883133251587,5.4499,0,29,120,2009-10-30
300026.SZ,2014-03-13,39.86,40.6,40.99,39.3,39.86,0.74,1.86,22045.2,89457.2,0.7906,1.307,0.62,67.1144,45.4399,8.8813,12.6175,7.3895,0.1607,0.1607,38202.0,27882.7,16867.2,1551000.0,1132040.0,6.873,43.85,35.87,0.0000,0.09497685592306938,5.4499,0,29,120,2009-10-30
300026.SZ,2014-03-14,40.37,39.44,41.0,39.01,40.6,-1.16,-2.86,12192.3,48415.3,0.4373,0.7228,0.39,65.1969,44.1416,8.6275,12.257,7.1784,0.1655,0.1655,38202.0,27882.7,16867.2,1506690.0,1099690.0,6.873,44.66,36.54,0.0000,-0.08538137263803734,5.4499,0,29,120,2009-10-30
300026.SZ,2014-03-17,39.49,41.6,42.03,39.2,39.44,2.16,5.48,22343.0,92201.4,0.8013,1.3246,0.91,68.7675,46.5591,9.1,12.9282,7.5715,0.1569,0.1569,38202.0,27882.7,16867.2,1589200.0,1159920.0,6.873,43.38,35.5,0.0000,0.12972176168911728,5.4499,0,29,120,2009-10-30
300026.SZ,2014-03-18,41.74,42.2,43.65,41.18,41.6,0.6,1.44,16203.8,68638.8,0.5811,0.9607,0.68,69.7593,47.2306,9.2313,13.1147,7.6807,0.1546,0.1546,38202.0,27882.7,16867.2,1612130.0,1176650.0,6.873,45.76,37.44,0.0000,0.1376778749828032,5.4499,0,29,120,2009-10-30
300026.SZ,2014-03-19,41.99,42.22,43.6,41.98,42.2,0.02,0.05,13047.7,55764.6,0.4679,0.7736,0.59,69.7924,47.253,9.2357,13.1209,7.6844,0.1546,0.1546,38202.0,27882.7,16867.2,1612890.0,1177210.0,6.873,46.42,37.98,0.0000,0.010803624392420861,5.4499,0,29,120,2009-10-30
300026.SZ,2014-03-20,41.3,40.51,42.9,40.5,42.22,-1.71,-4.05,9945.24,41149.0,0.3567,0.5896,0.58,66.9656,45.3391,8.8616,12.5895,7.3731,0.1611,0.1611,38202.0,27882.7,16867.2,1547560.0,1129530.0,6.873,46.44,38.0,0.0001,-0.2497693232157976,5.4499,0,29,120,2009-10-30
300026.SZ,2014-03-21,40.51,40.03,40.84,39.06,40.51,-0.48,-1.18,13914.2,55771.5,0.499,0.8249,0.94,66.1722,44.8019,8.7566,12.4403,7.2858,0.163,0.163,38202.0,27882.7,16867.2,1529230.0,1116140.0,6.873,44.56,36.46,0.0000,-0.22392238244705656,5.4499,0,29,120,2009-10-30
300026.SZ,2014-03-24,40.1,41.29,41.93,40.1,40.03,1.26,3.15,18941.8,78296.5,0.6793,1.123,1.26,68.255,46.2121,9.0322,12.8319,7.5151,0.1581,0.1581,38202.0,27882.7,16867.2,1577360.0,1151280.0,6.873,44.03,36.03,0.0000,-0.01757997344540372,5.4499,0,29,120,2009-10-30
300026.SZ,2014-03-25,41.17,40.05,41.88,39.85,41.29,-1.24,-3.0,9937.38,40226.0,0.3564,0.5892,0.69,66.2052,44.8243,8.761,12.4465,7.2894,0.163,0.163,38202.0,27882.7,16867.2,1529990.0,1116700.0,6.873,45.42,37.16,0.0000,-0.1693622516045317,5.4499,0,29,120,2009-10-30
300026.SZ,2014-03-26,40.11,40.3,40.99,39.8,40.05,0.25,0.62,10999.3,44322.4,0.3945,0.6521,0.84,66.6185,45.1041,8.8156,12.5242,7.3349,0.1619,0.1619,38202.0,27882.7,16867.2,1539540.0,1123670.0,6.873,44.06,36.05,0.0000,-0.08161842033963122,5.4499,0,29,120,2009-10-30
300026.SZ,2014-03-27,40.25,39.36,40.75,39.0,40.3,-0.94,-2.33,10008.2,39568.7,0.3589,0.5934,0.79,65.0646,44.0521,8.61,12.2321,7.1638,0.1658,0.1658,38202.0,27882.7,16867.2,1503630.0,1097460.0,6.873,44.33,36.27,0.0000,0.053667669098437766,5.4499,0,29,120,2009-10-30
300026.SZ,2014-03-28,39.36,35.99,39.36,35.42,39.36,-3.37,-8.56,72555.9,261075.0,2.6022,4.3016,5.69,59.4938,40.2803,7.8728,11.1848,6.5504,0.1813,0.1813,38202.0,27882.7,16867.2,1374890.0,1003500.0,6.873,43.3,35.42,0.0000,-0.03998899807905733,5.4499,0,29,120,2009-10-30
300026.SZ,2014-03-31,35.5,35.42,36.66,35.12,35.99,-0.57,-1.58,22069.3,79249.5,0.7915,1.3084,0.9,58.5515,39.6424,7.7481,11.0076,6.4467,0.1843,0.1843,38202.0,27882.7,16867.2,1353120.0,987605.0,6.873,39.59,32.39,0.0000,0.00880251199051994,5.4499,0,29,120,2009-10-30
300026.SZ,2014-04-01,35.18,35.8,36.2,35.18,35.42,0.38,1.07,25943.8,92843.7,0.9305,1.5381,1.03,59.1797,40.0677,7.8313,11.1257,6.5159,0.1823,0.1823,38202.0,27882.7,16867.2,1367630.0,998201.0,6.873,38.96,31.88,0.0000,0.07653452137125528,5.4499,0,29,120,2009-10-30
300026.SZ,2014-04-02,35.8,34.4,36.1,33.11,35.8,-1.4,-3.91,33990.8,116518.0,1.2191,2.0152,1.2,56.8654,38.5008,7.525,10.6906,6.2611,0.1897,0.1897,38202.0,27882.7,16867.2,1314150.0,959165.0,6.873,39.38,32.22,0.0000,-0.15060357693871917,5.4499,0,29,120,2009-10-30
300026.SZ,2014-04-03,34.35,34.41,35.56,33.5,34.4,0.01,0.03,41613.2,144485.0,1.4924,2.4671,1.26,56.8819,38.512,7.5272,10.6938,6.2629,0.1897,0.1897,38202.0,27882.7,16867.2,1314530.0,959444.0,6.873,37.84,30.96,0.0000,0.030327123370054644,5.4499,0,29,120,2009-10-30
300026.SZ,2014-04-04,34.29,36.1,36.14,34.05,34.41,1.69,4.91,20073.7,71266.7,0.7199,1.1901,0.51,59.6756,40.4034,7.8969,11.219,6.5705,0.1808,0.1808,38202.0,27882.7,16867.2,1379090.0,1006570.0,6.873,37.85,30.97,0.0000,0.20273866019845957,5.4499,0,29,120,2009-10-30
300026.SZ,2014-04-08,35.9,35.83,36.3,35.46,36.1,-0.27,-0.75,22799.6,81998.8,0.8177,1.3517,0.79,59.2293,40.1013,7.8378,11.1351,6.5213,0.1821,0.1821,38202.0,27882.7,16867.2,1368780.0,999037.0,6.873,39.71,32.49,0.0000,-0.19533130048969036,5.4499,0,29,120,2009-10-30
300026.SZ,2014-04-09,36.0,37.83,37.93,36.0,35.83,2.0,5.58,25571.8,95275.3,0.9171,1.5161,0.89,62.5354,42.3397,8.2753,11.7566,6.8853,0.1725,0.1725,38202.0,27882.7,16867.2,1445180.0,1054800.0,6.873,39.41,32.25,0.0000,0.16482946492517522,5.4499,0,29,120,2009-10-30
300026.SZ,2014-04-10,37.8,39.3,40.1,37.6,37.83,1.47,3.89,44570.8,174817.0,1.5985,2.6425,1.55,44.2173,44.2173,8.1925,7.1588,7.1588,0.1661,0.1661,38202.0,27882.7,16867.2,1501340.0,1095790.0,6.873,41.61,34.05,0.0000,0.004250639718468424,4.8405,0,29,120,2009-10-30
300026.SZ,2014-04-11,39.0,38.79,39.7,38.0,39.3,-0.51,-1.3,16527.3,64708.9,0.5927,0.9798,0.53,43.6435,43.6435,8.0862,7.0659,7.0659,0.1682,0.1682,38202.0,27882.7,16867.2,1481860.0,1081570.0,6.873,43.23,35.37,0.0000,-0.0644871215533102,4.8405,0,29,120,2009-10-30
300026.SZ,2014-04-14,38.51,39.5,40.15,38.46,38.79,0.71,1.83,11160.9,43721.0,0.4003,0.6617,0.43,44.4424,44.4424,8.2342,7.1952,7.1952,0.1652,0.1652,38202.0,27882.7,16867.2,1508980.0,1101370.0,6.873,42.67,34.91,0.0000,0.056951653704988885,4.8405,0,29,120,2009-10-30
300026.SZ,2014-04-15,39.92,39.65,41.0,39.52,39.5,0.15,0.38,18821.8,75899.8,0.675,1.1159,0.78,44.6111,44.6111,8.2654,7.2225,7.2225,0.1646,0.1646,38202.0,27882.7,16867.2,1514710.0,1105550.0,6.873,43.45,35.55,0.0000,0.14191337902722603,4.8405,0,29,120,2009-10-30
300026.SZ,2014-04-16,39.4,40.06,40.4,39.09,39.65,0.41,1.03,10795.7,43062.6,0.3872,0.64,0.46,45.0724,45.0724,8.3509,7.2972,7.2972,0.1629,0.1629,38202.0,27882.7,16867.2,1530370.0,1116980.0,6.873,43.62,35.69,0.0000,0.034998095948398665,4.8405,0,29,120,2009-10-30
300026.SZ,2014-04-17,40.04,40.05,41.0,39.81,40.06,-0.01,-0.03,3955.59,15965.7,0.1419,0.2345,0.19,45.0612,45.0612,8.3488,7.2954,7.2954,0.163,0.163,38202.0,27882.7,16867.2,1529990.0,1116700.0,6.873,44.07,36.05,0.0000,0.1223027582267611,4.8405,0,29,120,2009-10-30
300026.SZ,2014-04-18,40.0,41.13,41.22,39.82,40.05,1.08,2.7,10491.5,42810.8,0.3763,0.622,0.86,46.2763,46.2763,8.574,7.4921,7.4921,0.1587,0.1587,38202.0,27882.7,16867.2,1571250.0,1146820.0,6.873,44.06,36.05,0.0001,0.27877399890231075,4.8405,0,29,120,2009-10-30
300026.SZ,2014-04-21,41.21,41.29,41.5,40.51,41.13,0.16,0.39,9667.84,39760.6,0.3467,0.5732,0.88,46.4563,46.4563,8.6073,7.5213,7.5213,0.1581,0.1581,38202.0,27882.7,16867.2,1577360.0,1151280.0,6.873,45.24,37.02,0.0000,0.19824630988638098,4.8405,0,29,120,2009-10-30
300026.SZ,2014-04-22,41.29,39.05,41.29,38.6,41.29,-2.24,-5.43,12871.5,51058.7,0.4616,0.7631,1.2,43.9361,43.9361,8.1404,7.1132,7.1132,0.1671,0.1671,38202.0,27882.7,16867.2,1491790.0,1088820.0,6.873,45.42,37.16,0.0000,-0.0811024846447408,4.8405,0,29,120,2009-10-30
300026.SZ,2014-04-23,39.0,39.15,40.15,38.6,39.05,0.1,0.26,8710.38,34280.6,0.3124,0.5164,0.91,44.0486,44.0486,8.1612,7.1315,7.1315,0.1667,0.1667,38202.0,27882.7,16867.2,1495610.0,1091610.0,6.873,42.96,35.15,0.0000,0.051639697079382554,4.8405,0,29,120,2009-10-30
300026.SZ,2014-04-24,39.01,39.5,39.95,38.81,39.15,0.35,0.89,4869.52,19146.3,0.1746,0.2887,0.53,44.4424,44.4424,8.2342,7.1952,7.1952,0.1652,0.1652,38202.0,27882.7,16867.2,1508980.0,1101370.0,6.873,43.07,35.24,-0.0002,0.039029626483653046,4.8405,0,29,120,2009-10-30
300026.SZ,2014-04-25,39.44,38.3,39.66,37.87,39.5,-1.2,-3.04,9615.93,37336.9,0.3449,0.5701,1.03,43.0922,40.4701,7.5748,6.9766,6.6482,0.1704,0.1704,38202.0,27882.7,16867.2,1463140.0,1067910.0,6.873,43.45,35.55,-0.0001,0.13612615245065973,4.4932,0,29,120,2009-10-30
300026.SZ,2014-04-28,37.89,36.6,38.97,35.5,38.3,-1.7,-4.44,13412.4,49286.1,0.481,0.817,1.47,41.1795,38.6738,7.2386,6.667,6.3531,0.1783,0.1783,38202.0,27882.7,16417.2,1398190.0,1020510.0,6.873,42.13,34.47,0.0000,-0.1564503393693994,4.4932,0,29,120,2009-10-30
300026.SZ,2014-04-29,36.4,38.28,38.29,36.4,36.6,1.68,4.59,8868.89,33363.9,0.3181,0.5402,0.9,43.0697,40.449,7.5709,6.973,6.6447,0.1705,0.1705,38202.0,27882.7,16417.2,1462370.0,1067350.0,6.873,40.26,32.94,0.0000,-0.001517880200729941,4.4932,0,29,120,2009-10-30
300026.SZ,2014-04-30,38.43,39.89,39.94,38.43,38.28,1.61,4.21,8328.96,32819.0,0.2987,0.5073,0.92,44.8812,42.1502,7.8893,7.2663,6.9242,0.1636,0.1636,38202.0,27882.7,16417.2,1523880.0,1112240.0,6.873,42.11,34.45,0.0001,0.11241564735363768,4.4932,0,29,120,2009-10-30
300026.SZ,2014-05-05,39.86,40.45,40.8,39.01,39.89,0.56,1.4,10802.1,43083.7,0.3874,0.658,1.2,45.5112,42.742,8.0,7.3683,7.0214,0.1613,0.1613,38202.0,27882.7,16417.2,1545270.0,1127860.0,6.873,43.88,35.9,0.0000,0.26039286799275824,4.4932,0,29,120,2009-10-30
300026.SZ,2014-05-06,40.44,39.44,40.86,39.2,40.45,-1.01,-2.5,11998.3,48082.7,0.4303,0.7308,1.18,44.3749,41.6747,7.8003,7.1843,6.846,0.1655,0.1655,38202.0,27882.7,16417.2,1506690.0,1099690.0,6.873,44.5,36.41,0.0000,-0.0786763767059866,4.4932,0,29,120,2009-10-30
300026.SZ,2014-05-07,39.46,38.51,39.9,38.5,39.44,-0.93,-2.36,6348.9,24982.7,0.2277,0.3867,0.59,43.3285,40.692,7.6164,7.0149,6.6846,0.1695,,38202.0,27882.7,16417.2,1471160.0,1073760.0,6.873,43.38,35.5,0.0000,-0.31875592129526625,4.4932,0,29,120,2009-10-30
300026.SZ,2014-05-08,38.68,39.39,39.88,38.53,38.51,0.88,2.29,8623.65,33828.3,0.3093,0.5253,0.93,44.3186,41.6219,7.7904,7.1752,6.8374,0.1657,,38202.0,27882.7,16417.2,1504780.0,1098300.0,6.873,42.36,34.66,0.0001,0.01645798762972505,4.4932,0,29,120,2009-10-30
300026.SZ,2014-05-09,39.29,38.13,39.49,38.05,39.39,-1.26,-3.2,10110.9,38974.3,0.3626,0.6159,1.1,42.9009,40.2905,7.5412,6.9457,6.6187,0.1712,,38202.0,27882.7,16417.2,1456640.0,1063170.0,6.873,43.33,35.45,0.0000,-0.11458533595522548,4.4932,0,29,120,2009-10-30
300026.SZ,2014-05-12,38.82,39.6,39.85,38.12,38.13,1.47,3.86,13678.0,52936.6,0.4906,0.8332,1.43,44.5549,41.8438,7.8319,7.2134,6.8738,0.1648,,38202.0,27882.7,16417.2,1512800.0,1104160.0,6.873,41.94,34.32,-0.0001,0.08107131776796722,4.4932,0,29,120,2009-10-30
300026.SZ,2014-05-13,39.57,38.79,39.88,38.7,39.6,-0.81,-2.05,10466.7,41089.2,0.3754,0.6375,1.03,43.6435,40.9879,7.6717,7.0659,6.7332,0.1682,,38202.0,27882.7,16417.2,1481860.0,1081570.0,6.873,43.56,35.64,0.0000,-0.14710538710757878,4.4932,0,29,120,2009-10-30
300026.SZ,2014-05-14,39.1,40.29,40.4,38.76,38.79,1.5,3.87,13557.5,53799.2,0.4862,0.8258,1.38,45.3312,42.5729,7.9684,7.3391,6.9936,0.162,,38202.0,27882.7,16417.2,1539160.0,1123390.0,6.873,42.67,34.91,0.0000,0.08544974315092843,4.4932,0,29,120,2009-10-30
300026.SZ,2014-05-15,40.29,40.8,41.54,39.9,40.29,0.51,1.27,17641.0,72259.9,0.6327,1.0745,1.56,45.905,43.1118,8.0693,7.432,7.0821,0.16,,38202.0,27882.7,16417.2,1558640.0,1137610.0,6.873,44.32,36.26,0.0000,0.019677825613389155,4.4932,0,29,120,2009-10-30
300026.SZ,2014-05-16,40.8,40.59,41.24,39.12,40.8,-0.21,-0.51,12709.5,50720.3,0.4558,0.7742,0.97,45.6687,42.8899,8.0277,7.3938,7.0457,0.1608,,38202.0,27882.7,16417.2,1550620.0,1131760.0,6.873,44.88,36.72,0.0000,-0.1498554036322525,4.4932,0,29,120,2009-10-30
300026.SZ,2014-05-19,26.68,26.47,26.98,25.67,26.99,-0.52,-1.93,18056.3,47297.4,0.4317,0.7332,1.33,44.673,41.9548,8.0111,7.2326,6.892,0.1644,0.2519,57303.0,41824.1,24625.8,1516810.0,1107080.0,10.336,29.69,24.29,0.0000,-0.06750075728485642,4.4932,0,29,120,2009-10-30
300026.SZ,2014-05-20,26.56,26.25,27.5,26.01,26.47,-0.22,-0.83,15683.4,41943.7,0.375,0.6369,1.08,44.3017,41.6061,7.9446,7.1724,6.8348,0.1657,0.254,57303.0,41824.1,24625.8,1504200.0,1097880.0,10.336,29.12,23.82,0.0000,-0.005950649574156839,4.4932,0,29,120,2009-10-30
300026.SZ,2014-05-21,26.3,26.59,26.69,25.8,26.25,0.34,1.3,9577.46,25267.3,0.229,0.3889,0.62,44.8755,42.145,8.0475,7.2653,6.9233,0.1636,0.2507,57303.0,41824.1,24625.8,1523690.0,1112100.0,10.336,28.88,23.63,0.0001,-0.2191597516420602,4.4932,0,29,120,2009-10-30
300026.SZ,2014-05-22,26.58,26.52,26.91,26.17,26.59,-0.07,-0.26,12720.6,33747.9,0.3041,0.5166,0.86,44.7574,42.034,8.0263,7.2462,6.9051,0.1641,0.2514,57303.0,41824.1,24625.8,1519680.0,1109170.0,10.336,29.25,23.93,0.0000,-0.11109084022409202,4.4932,0,29,120,2009-10-30
300026.SZ,2014-05-23,26.53,26.55,26.7,26.05,26.52,0.03,0.11,12134.5,32097.2,0.2901,0.4928,0.88,44.808,42.0816,8.0354,7.2544,6.9129,0.1639,0.2511,57303.0,41824.1,24625.8,1521400.0,1110430.0,10.336,29.17,23.87,-0.0001,-0.029691270724462933,4.4932,0,29,120,2009-10-30
300026.SZ,2014-05-26,26.65,27.49,27.74,26.6,26.55,0.94,3.54,35481.4,96771.0,0.8483,1.4408,2.6,46.3944,43.5714,8.3199,7.5113,7.1576,0.1583,0.2425,57303.0,41824.1,24625.8,1575260.0,1149740.0,10.336,29.21,23.9,0.0000,-0.006809380156767525,4.4932,0,29,120,2009-10-30
300026.SZ,2014-05-27,27.39,27.1,27.69,26.98,27.49,-0.39,-1.42,20266.4,55266.7,0.4846,0.823,1.18,45.7363,42.9533,8.2018,7.4047,7.0561,0.1605,0.246,57303.0,41824.1,24625.8,1552910.0,1133430.0,10.336,30.24,24.74,0.0000,-0.150304859829064,4.4932,0,29,120,2009-10-30
300026.SZ,2014-05-28,27.15,28.1,28.2,26.82,27.1,1.0,3.69,34662.2,96650.1,0.8288,1.4076,1.92,47.4239,44.5383,8.5045,7.6779,7.3165,0.1548,0.2372,57303.0,41824.1,24625.8,1610220.0,1175260.0,10.336,29.81,24.39,0.0000,-0.09483951745606455,4.4932,0,29,120,2009-10-30
300026.SZ,2014-05-29,28.2,27.98,28.39,27.82,28.1,-0.12,-0.43,18652.9,52361.8,0.446,0.7575,0.81,47.2214,44.3481,8.4681,7.6451,7.2852,0.1555,0.2383,57303.0,41824.1,24625.8,1603340.0,1170240.0,10.336,30.91,25.29,0.0001,-0.020335322108752937,4.4932,0,29,120,2009-10-30
300026.SZ,2014-05-30,28.1,27.98,28.35,27.5,27.98,0.0,0.0,14391.1,40296.8,0.3441,0.5844,0.59,47.2214,44.3481,8.4681,7.6451,7.2852,0.1555,0.2383,57303.0,41824.1,24625.8,1603340.0,1170240.0,10.336,30.78,25.18,0.0000,-0.07895712186787555,4.4932,0,29,120,2009-10-30
300026.SZ,2014-06-03,28.22,28.03,28.97,28.03,27.98,0.05,0.18,20148.6,57474.0,0.4817,0.8182,0.82,47.3058,44.4273,8.4833,7.6588,7.2982,0.1552,0.2378,57303.0,41824.1,24625.8,1606200.0,1172330.0,10.336,30.78,25.18,0.0000,-0.07097974225965471,4.4932,0,29,120,2009-10-30
300026.SZ,2014-06-04,28.06,27.47,28.07,27.29,28.03,-0.56,-2.0,16833.0,46354.0,0.4025,0.6836,0.78,46.3607,43.5397,8.3138,7.5058,7.1524,0.1584,0.2427,57303.0,41824.1,24625.8,1574110.0,1148910.0,10.336,30.83,25.23,0.0000,-0.10769948510543381,4.4932,0,29,120,2009-10-30
300026.SZ,2014-06-05,27.26,28.5,28.93,27.26,27.47,1.03,3.75,30333.5,86221.2,0.7253,1.2318,1.45,48.099,45.1723,8.6255,7.7872,7.4206,0.1527,0.2339,57303.0,41824.1,24625.8,1633140.0,1191990.0,10.336,30.22,24.72,0.0000,0.07062215283716147,4.4932,0,29,120,2009-10-30
300026.SZ,2014-06-06,28.4,29.23,29.35,28.37,28.5,0.73,2.56,32931.0,95657.5,0.7874,1.3373,1.64,49.331,46.3293,8.8465,7.9867,7.6107,0.1488,0.2281,57303.0,41824.1,24625.8,1674970.0,1222520.0,10.336,31.35,25.65,0.0000,-0.018333563409923523,4.4932,0,29,120,2009-10-30
300026.SZ,2014-06-09,29.23,29.1,29.9,28.62,29.23,-0.13,-0.44,23361.7,68921.0,0.5586,0.9487,1.02,49.1116,46.1233,8.8071,7.9512,7.5768,0.1495,0.2291,57303.0,41824.1,24625.8,1667520.0,1217080.0,10.336,32.15,26.31,0.0000,0.08075058823371116,4.4932,0,29,120,2009-10-30
300026.SZ,2014-06-10,29.0,29.39,29.8,28.66,29.1,0.29,1.0,16797.7,49341.1,0.4016,0.6821,0.68,49.601,46.5829,8.8949,8.0304,7.6523,0.148,0.2268,57303.0,41824.1,24625.8,1684140.0,1229210.0,10.336,32.01,26.19,0.0000,-0.1421946332298822,4.4932,0,29,120,2009-10-30
300026.SZ,2014-06-11,29.24,29.36,29.77,29.24,29.39,-0.03,-0.1,11221.8,33060.6,0.2683,0.4557,0.47,49.5504,46.5354,8.8858,8.0222,7.6445,0.1482,0.2271,57303.0,41824.1,24625.8,1682420.0,1227950.0,10.336,32.33,26.45,0.0000,-0.06524841266636008,4.4932,0,29,120,2009-10-30
300026.SZ,2014-06-12,29.55,29.16,29.65,29.0,29.36,-0.2,-0.68,10353.2,30292.1,0.2475,0.4204,0.45,49.2129,46.2184,8.8253,7.9676,7.5924,0.1492,0.2286,57303.0,41824.1,24625.8,1670960.0,1219590.0,10.336,32.3,26.42,0.0000,-0.28793152210597145,4.4932,0,29,120,2009-10-30
300026.SZ,2014-06-13,29.06,28.76,29.24,28.5,29.16,-0.4,-1.37,23045.2,66237.7,0.551,0.9358,1.22,48.5378,45.5844,8.7042,7.8583,7.4883,0.1513,0.2318,57303.0,41824.1,24625.8,1648040.0,1202860.0,10.336,32.08,26.24,0.0000,-0.21838257596774138,4.4932,0,29,120,2009-10-30
300026.SZ,2014-06-16,28.64,28.19,29.18,27.95,28.76,-0.57,-1.98,40048.9,113499.0,0.9576,1.6263,2.36,47.5758,44.6809,8.5317,7.7025,7.3399,0.1543,0.2365,57303.0,41824.1,24625.8,1615370.0,1179020.0,10.336,31.64,25.88,0.0000,-0.1877868566632578,4.4932,0,29,120,2009-10-30
300026.SZ,2014-06-17,28.21,28.11,28.55,28.05,28.19,-0.08,-0.28,21850.5,61827.7,0.5224,0.8873,1.08,47.4408,44.5541,8.5075,7.6807,7.3191,0.1548,0.2372,57303.0,41824.1,24625.8,1610790.0,1175670.0,10.336,31.01,25.37,0.0000,-0.34346579947240563,4.4932,0,29,120,2009-10-30
300026.SZ,2014-06-18,28.15,28.5,28.56,28.0,28.11,0.39,1.39,18041.5,50893.6,0.4314,0.7326,0.85,48.099,45.1723,8.6255,7.7872,7.4206,0.1527,0.2339,57303.0,41824.1,24625.8,1633140.0,1191990.0,10.336,30.92,25.3,0.0000,-0.08638531226265533,4.4932,0,29,120,2009-10-30
300026.SZ,2014-06-19,28.44,28.12,28.9,28.0,28.5,-0.38,-1.33,16911.4,47981.2,0.4043,0.6867,0.75,47.4577,44.57,8.5105,7.6834,7.3217,0.1547,0.2371,57303.0,41824.1,24625.8,1611360.0,1176090.0,10.336,31.35,25.65,0.0000,0.03324317731402112,4.4932,0,29,120,2009-10-30
300026.SZ,2014-06-20,28.25,28.15,28.39,27.96,28.12,0.03,0.11,9426.91,26545.9,0.2254,0.3828,0.39,47.5083,44.6175,8.5196,7.6916,7.3295,0.1546,0.2368,57303.0,41824.1,24625.8,1613080.0,1177350.0,10.336,30.93,25.31,-0.0001,0.19838008185316264,4.4932,0,29,120,2009-10-30
300026.SZ,2014-06-23,28.01,28.81,28.89,27.99,28.15,0.66,2.34,19335.3,55109.7,0.4623,0.7852,0.91,48.7164,45.7521,8.6728,7.8872,7.5158,0.1507,0.231,57414.0,41824.1,24625.8,1654100.0,1204950.0,10.336,30.97,25.34,0.0000,0.26324456482468184,4.4932,0,29,120,2009-10-30
300026.SZ,2014-06-24,28.98,28.94,29.24,28.5,28.81,0.13,0.45,14732.2,42571.7,0.3522,0.5982,0.86,48.9362,45.9585,8.7119,7.9228,7.5498,0.15,0.2299,57414.0,41824.1,24625.8,1661560.0,1210390.0,10.336,31.69,25.93,0.0000,0.3092742216375338,4.4932,0,29,120,2009-10-30
300026.SZ,2014-06-25,28.94,28.91,29.1,28.55,28.94,-0.03,-0.1,10761.4,31097.5,0.2573,0.437,0.69,48.8855,45.9109,8.7029,7.9145,7.5419,0.1502,0.2302,57414.0,41824.1,24625.8,1659840.0,1209130.0,10.336,31.83,26.05,0.0000,-0.2267660598317689,4.4932,0,29,120,2009-10-30
300026.SZ,2014-06-26,29.07,29.23,29.32,28.77,28.91,0.32,1.11,15784.0,46101.3,0.3774,0.641,1.11,49.4266,46.4191,8.7992,8.0022,7.6254,0.1486,0.2276,57414.0,41824.1,24625.8,1678210.0,1222520.0,10.336,31.8,26.02,0.0000,0.15351125268842397,4.4932,0,29,120,2009-10-30
300026.SZ,2014-06-27,29.35,29.27,29.49,28.91,29.23,0.04,0.14,13060.9,38122.8,0.3123,0.5304,0.93,49.4942,46.4826,8.8113,8.0131,7.6359,0.1484,0.2273,57414.0,41824.1,24625.8,1680510.0,1224190.0,10.336,32.15,26.31,0.0000,0.12501531481941175,4.4932,0,29,120,2009-10-30
300026.SZ,2014-06-30,29.3,29.3,29.58,28.91,29.27,0.03,0.1,14795.3,43425.6,0.3538,0.6008,1.0,49.5449,46.5302,8.8203,8.0213,7.6437,0.1482,0.2271,57414.0,41824.1,24625.8,1682230.0,1225440.0,10.336,32.2,26.34,0.0000,-0.011395073093728213,4.4932,0,29,120,2009-10-30
300026.SZ,2014-07-01,29.36,29.0,29.58,28.85,29.3,-0.3,-1.02,17054.5,49662.6,0.4078,0.6925,1.23,49.0377,46.0538,8.73,7.9392,7.5654,0.1497,0.2294,57414.0,41824.1,24625.8,1665010.0,1212900.0,10.336,32.23,26.37,0.0000,-0.020471735271872193,4.4932,0,29,120,2009-10-30
300026.SZ,2014-07-02,29.06,28.63,29.34,27.98,29.0,-0.37,-1.28,30297.7,86275.6,0.7244,1.2303,2.12,48.412,45.4662,8.6186,7.8379,7.4689,0.1517,0.2324,57414.0,41824.1,24625.8,1643760.0,1197420.0,10.336,31.9,26.1,0.0000,-0.1420548878257849,4.4932,0,29,120,2009-10-30
300026.SZ,2014-07-03,28.6,28.45,28.65,28.2,28.63,-0.18,-0.63,26525.8,75433.5,0.6342,1.0772,1.46,48.1076,45.1804,8.5644,7.7886,7.4219,0.1526,0.2339,57414.0,41824.1,24625.8,1633430.0,1189890.0,10.336,31.49,25.77,0.0000,-0.08916274144253826,4.4932,0,29,120,2009-10-30
300026.SZ,2014-07-04,28.45,27.97,28.55,27.35,28.45,-0.48,-1.69,32567.0,90557.2,0.7787,1.3225,1.6,47.296,44.4181,8.4199,7.6572,7.2967,0.1553,0.2379,57414.0,41824.1,24625.8,1605870.0,1169820.0,10.336,31.3,25.61,0.0000,-0.1344020702939248,4.4932,0,29,120,2009-10-30
300026.SZ,2014-07-07,27.91,27.66,27.91,27.36,27.97,-0.31,-1.11,18592.1,51220.5,0.4445,0.755,0.77,46.7718,43.9258,8.3266,7.5723,7.2158,0.157,0.2406,57414.0,41824.1,24625.8,1588070.0,1156850.0,10.336,30.77,25.17,0.0000,-0.27438855966908293,4.4932,0,29,120,2009-10-30
300026.SZ,2014-07-08,27.75,27.85,28.05,27.57,27.66,0.19,0.69,14963.7,41644.6,0.3578,0.6076,0.6,47.0931,44.2276,8.3838,7.6244,7.2654,0.1559,0.2389,57414.0,41824.1,24625.8,1598980.0,1164800.0,10.336,30.43,24.89,0.0000,-0.3406252214149935,4.4932,0,29,120,2009-10-30
300026.SZ,2014-07-09,27.89,27.09,28.03,27.03,27.85,-0.76,-2.73,23499.2,64580.6,0.5619,0.9543,0.96,45.8079,43.0206,8.155,7.4163,7.0671,0.1603,0.2456,57414.0,41824.1,24625.8,1555350.0,1133010.0,10.336,30.64,25.07,0.0000,-0.41930631364593174,4.4932,0,29,120,2009-10-30
300026.SZ,2014-07-10,27.11,27.04,27.5,27.01,27.09,-0.05,-0.18,12769.8,34693.0,0.3053,0.5186,0.55,45.7234,42.9412,8.14,7.4026,7.0541,0.1606,0.2461,57414.0,41824.1,24625.8,1552480.0,1130920.0,10.336,29.8,24.38,0.0000,-0.10201144570120196,4.4932,0,29,120,2009-10-30
300026.SZ,2014-07-11,27.16,27.22,27.49,27.08,27.04,0.18,0.67,9191.47,25069.6,0.2198,0.3732,0.45,46.0278,43.2271,8.1941,7.4519,7.1011,0.1595,0.2444,57414.0,41824.1,24625.8,1562810.0,1138450.0,10.336,29.74,24.34,0.0000,-0.02523541312119526,4.4932,0,29,120,2009-10-30
300026.SZ,2014-07-14,27.18,27.6,28.0,27.0,27.22,0.38,1.4,20771.5,57096.4,0.4962,0.8422,1.31,46.6703,43.8305,8.3085,7.5559,7.2002,0.1573,0.2411,57414.0,41860.4,24662.1,1584630.0,1155350.0,10.336,29.94,24.5,0.0000,-0.08360908461926864,4.4932,0,29,120,2009-10-30
300026.SZ,2014-07-15,27.65,28.13,28.15,27.38,27.6,0.53,1.92,25477.9,70978.2,0.6086,1.0331,1.57,47.5665,44.6722,8.4681,7.701,7.3385,0.1544,0.2365,57414.0,41860.4,24662.1,1615060.0,1177530.0,10.336,30.36,24.84,0.0000,-0.17786985660305155,4.4932,0,29,120,2009-10-30
300026.SZ,2014-07-16,28.27,27.47,28.37,27.33,28.13,-0.66,-2.35,17285.1,47739.3,0.4129,0.7009,0.94,46.4505,43.6241,8.2694,7.5203,7.1663,0.1581,0.2422,57414.0,41860.4,24662.1,1577160.0,1149900.0,10.336,30.94,25.32,0.0000,-0.13455035643914762,4.4932,0,29,120,2009-10-30
300026.SZ,2014-07-17,27.3,26.55,27.45,26.11,27.47,-0.92,-3.35,23800.1,63328.0,0.5686,0.965,1.39,44.8948,42.1631,7.9924,7.2685,6.9263,0.1636,0.2506,57414.0,41860.4,24662.1,1524340.0,1111390.0,10.336,30.22,24.72,0.0000,-0.01865038149720874,4.4932,0,29,120,2009-10-30
300026.SZ,2014-07-18,26.5,25.74,26.89,25.35,26.55,-0.81,-3.05,45639.2,118372.0,1.0903,1.8506,2.36,43.5251,40.8767,7.7486,7.0467,6.715,0.1687,0.2585,57414.0,41860.4,24662.1,1477840.0,1077490.0,10.336,29.21,23.9,0.0000,-0.12072693941998124,4.4932,0,29,120,2009-10-30
300026.SZ,2014-07-21,25.9,26.5,26.68,25.9,25.74,0.76,2.95,32917.0,86213.3,0.7864,1.3347,1.24,44.8103,42.0837,7.9774,7.2548,6.9132,0.1639,0.2511,57414.0,41860.4,24662.1,1521470.0,1109300.0,10.336,28.31,23.17,0.0000,-0.08768504317579026,4.4932,0,29,120,2009-10-30
300026.SZ,2014-07-22,26.5,27.0,27.27,26.3,26.5,0.5,1.89,24798.1,66653.3,0.5916,1.0032,0.85,45.6557,42.8777,8.1279,7.3917,7.0437,0.1608,0.2464,57414.0,41916.8,24718.5,1550180.0,1131750.0,10.336,29.15,23.85,0.0000,0.20081203621993426,4.4932,0,29,120,2009-10-30
300026.SZ,2014-07-23,27.0,26.2,27.1,25.52,27.0,-0.8,-2.96,47099.9,122888.0,1.1237,1.9054,1.63,44.303,41.6072,7.8871,7.1726,6.835,0.1657,0.254,57414.0,41916.8,24718.5,1504250.0,1098220.0,10.336,29.7,24.3,0.0000,-0.03743344505028581,4.4932,0,29,120,2009-10-30
300026.SZ,2014-07-24,25.8,24.97,25.94,24.78,26.2,-1.23,-4.69,50480.2,127122.0,1.2043,2.0422,1.45,42.2231,39.6539,7.5168,6.8359,6.5141,0.1739,0.2665,57414.0,41916.8,24718.5,1433630.0,1046660.0,10.336,28.82,23.58,0.0000,-0.03483536323727539,4.4932,0,29,120,2009-10-30
300026.SZ,2014-07-25,24.86,25.03,25.23,24.71,24.97,0.06,0.24,29895.1,74442.4,0.7132,1.2094,0.74,42.3246,39.7492,7.5349,6.8523,6.5297,0.1735,0.2658,57414.0,41916.8,24718.5,1437070.0,1049180.0,10.336,27.47,22.47,0.0000,-0.09720919113182953,4.4932,0,29,120,2009-10-30
300026.SZ,2014-07-28,25.12,25.48,25.58,25.09,25.03,0.45,1.8,26147.0,66406.4,0.6238,1.0578,0.71,43.0855,40.4638,7.6703,6.9755,6.6471,0.1704,0.2611,57414.0,41916.8,24718.5,1462910.0,1068040.0,10.336,27.53,22.53,0.0000,0.3158546239105992,4.4932,0,29,120,2009-10-30
300026.SZ,2014-07-29,25.51,26.42,26.5,25.46,25.48,0.94,3.69,46227.9,121292.0,1.1028,1.8702,1.3,44.675,41.9566,7.9533,7.2329,6.8924,0.1644,0.2518,57414.0,41916.8,24718.5,1516880.0,1107440.0,10.336,28.03,22.93,0.0000,0.18801632856820855,4.4932,0,29,120,2009-10-30
300026.SZ,2014-07-30,26.42,26.19,26.52,25.8,26.42,-0.23,-0.87,19751.4,51578.6,0.4712,0.7991,0.49,44.2861,41.5914,7.8841,7.1699,6.8324,0.1658,0.2541,57414.0,41916.8,24718.5,1503670.0,1097800.0,10.336,29.06,23.78,0.0000,-0.19020367369278726,4.4932,0,29,120,2009-10-30
300026.SZ,2014-07-31,26.27,26.81,27.32,26.07,26.19,0.62,2.37,37227.6,99897.7,0.8881,1.5061,1.08,45.3345,42.576,8.0707,7.3396,6.9941,0.162,0.2482,57414.0,41916.8,24718.5,1539270.0,1123790.0,10.336,28.81,23.57,0.0000,0.09423850798262572,4.4932,0,29,120,2009-10-30
300026.SZ,2014-08-01,26.78,26.15,27.16,26.11,26.81,-0.66,-2.46,40203.9,107541.0,0.9591,1.6265,1.26,44.2184,41.5278,7.872,7.159,6.8219,0.1661,0.2544,57414.0,41916.8,24718.5,1501380.0,1096130.0,10.336,29.49,24.13,0.0000,-0.018686809671327183,4.4932,0,29,120,2009-10-30
300026.SZ,2014-08-04,26.29,26.15,26.29,25.62,26.15,0.0,0.0,37595.7,97225.4,0.8969,1.521,1.11,44.2184,41.5278,7.872,7.159,6.8219,0.1661,0.2544,57414.0,41916.8,24718.5,1501380.0,1096130.0,10.336,28.77,23.54,0.0000,-0.25021723742971747,4.4932,0,29,120,2009-10-30
300026.SZ,2014-08-05,26.05,26.26,26.46,25.72,26.15,0.11,0.42,27438.2,71647.9,0.6546,1.11,0.76,44.4044,41.7025,7.9051,7.1891,6.8506,0.1654,0.2534,57414.0,41916.8,24718.5,1507690.0,1100740.0,10.336,28.77,23.54,0.0000,-0.1351878575633225,4.4932,0,29,120,2009-10-30
300026.SZ,2014-08-06,26.3,26.15,26.37,25.95,26.26,-0.11,-0.42,27962.5,73029.0,0.6671,1.1312,0.86,44.2184,41.5278,7.872,7.159,6.8219,0.1661,0.2544,57414.0,41916.8,24718.5,1501380.0,1096130.0,10.336,28.89,23.63,0.0000,-0.25221313981686266,4.4932,0,29,120,2009-10-30
300026.SZ,2014-08-07,26.0,26.75,26.94,26.0,26.15,0.6,2.29,39894.4,106229.0,0.9518,1.6139,1.17,45.233,42.4807,8.0527,7.3232,6.9784,0.1623,0.2487,57414.0,41916.8,24718.5,1535830.0,1121280.0,10.336,28.77,23.54,0.0000,0.0314512536786839,4.4932,0,29,120,2009-10-30
300026.SZ,2014-08-08,26.75,26.66,26.84,26.45,26.75,-0.09,-0.34,20885.3,55741.7,0.4983,0.8449,0.6,45.0808,42.3378,8.0256,7.2986,6.955,0.1629,0.2496,57414.0,41916.8,24718.5,1530660.0,1117500.0,10.336,29.43,24.08,0.0000,0.00820338547133539,4.4932,0,29,120,2009-10-30
300026.SZ,2014-08-11,26.69,26.94,26.99,26.52,26.66,0.28,1.05,33485.6,89687.8,0.7989,1.3547,1.09,45.5543,42.7824,8.1099,7.3752,7.028,0.1612,0.247,57414.0,41916.8,24718.5,1546730.0,1129240.0,10.336,29.33,23.99,0.0000,0.0342958631365134,4.4932,0,29,120,2009-10-30
300026.SZ,2014-08-12,26.98,26.69,26.98,26.6,26.94,-0.25,-0.93,20989.4,56095.5,0.5007,0.8491,0.7,45.1316,42.3854,8.0346,7.3068,6.9628,0.1627,0.2493,57414.0,41916.8,24718.5,1532380.0,1118760.0,10.336,29.63,24.25,0.0000,-0.10226677988347774,4.4932,0,29,120,2009-10-30
300026.SZ,2014-08-13,26.56,26.5,26.81,26.05,26.69,-0.19,-0.71,34168.7,89824.0,0.8152,1.3823,1.19,44.8103,42.0837,7.9774,7.2548,6.9132,0.1639,0.2511,57414.0,41916.8,24718.5,1521470.0,1110800.0,10.336,29.36,24.02,0.0000,0.07401501667301165,4.4932,0,29,120,2009-10-30
300026.SZ,2014-08-14,26.41,26.45,26.59,26.21,26.5,-0.05,-0.19,20995.4,55456.1,0.5009,0.8494,0.7,44.7257,42.0043,7.9623,7.2411,6.9002,0.1642,0.2516,57414.0,41916.8,24718.5,1518600.0,1108700.0,10.336,29.15,23.85,0.0000,0.18920046324502038,4.4932,0,29,120,2009-10-30
300026.SZ,2014-08-15,26.32,26.75,26.89,26.32,26.45,0.3,1.13,17285.5,46168.7,0.4124,0.6993,0.66,45.233,42.4807,8.0527,7.3232,6.9784,0.1623,0.2487,57414.0,41916.8,24718.5,1535830.0,1121280.0,10.336,29.1,23.81,0.0000,0.1810642739202048,4.4932,0,29,120,2009-10-30
300026.SZ,2014-08-18,26.66,27.55,27.61,26.66,26.75,0.8,2.99,48410.9,132497.0,1.1549,1.9585,1.91,46.5858,43.7511,8.2935,7.5422,7.1871,0.1576,0.2415,57414.0,41916.8,24718.5,1581760.0,1154810.0,10.336,29.43,24.08,0.0000,0.07068465901750311,4.4932,0,29,120,2009-10-30
300026.SZ,2014-08-19,27.98,27.45,28.49,27.08,27.55,-0.1,-0.36,61863.3,171245.0,1.4759,2.5027,2.18,46.4167,39.9118,7.6149,7.5149,6.5543,0.1582,0.2424,57414.0,41916.8,24718.5,1576020.0,1150620.0,10.336,30.31,24.8,0.0000,-0.13766487542923497,6.6895,0,29,120,2009-10-30
300026.SZ,2014-08-20,27.52,27.6,27.8,27.2,27.45,0.15,0.55,46960.9,129805.0,1.1203,1.8998,1.29,46.6703,40.1299,7.6565,7.5559,6.5902,0.1573,0.2411,57414.0,41916.8,24718.5,1584630.0,1156900.0,10.336,30.2,24.71,0.0000,0.02653473885321502,6.6895,0,29,120,2009-10-30
300026.SZ,2014-08-21,27.6,27.7,27.88,27.28,27.6,0.1,0.36,40298.9,111133.0,0.9614,1.6303,1.03,46.8394,40.2752,7.6842,7.5833,6.614,0.1568,0.2402,57414.0,41916.8,24718.5,1590370.0,1161100.0,10.336,30.36,24.84,0.0000,-0.13309666011812968,6.6895,0,29,120,2009-10-30
300026.SZ,2014-08-22,27.71,27.75,28.08,27.69,27.7,0.05,0.18,28269.5,78639.8,0.6744,1.1437,0.66,46.924,40.3479,7.6981,7.597,6.626,0.1565,0.2398,57414.0,41916.8,24718.5,1593240.0,1163190.0,10.336,30.47,24.93,0.0000,-0.06117827415513031,6.6895,0,29,120,2009-10-30
300026.SZ,2014-08-25,27.9,27.6,28.03,27.5,27.75,-0.15,-0.54,32637.6,90605.9,0.7786,1.3204,0.72,46.6703,40.1299,7.6565,7.5559,6.5902,0.1573,0.2411,57414.0,41916.8,24718.5,1584630.0,1156900.0,10.336,30.53,24.98,0.0000,-0.18267052999669836,6.6895,0,29,120,2009-10-30
300026.SZ,2014-08-26,27.3,26.99,27.6,26.71,27.6,-0.61,-2.21,25723.1,69741.1,0.6137,1.0406,0.61,45.6388,39.2429,7.4873,7.3889,6.4445,0.1609,0.2465,57414.0,41916.8,24718.5,1549610.0,1131340.0,10.336,30.36,24.84,0.0000,-0.08028394514018104,6.6895,0,29,120,2009-10-30
300026.SZ,2014-08-27,26.95,26.38,27.24,26.21,26.99,-0.61,-2.26,41573.8,111157.0,0.9918,1.6819,1.2,44.6074,38.356,7.318,7.2219,6.2989,0.1646,0.2522,57414.0,41916.8,24718.5,1514580.0,1105770.0,10.336,29.69,24.29,0.0000,-0.17193554270160463,6.6895,0,29,120,2009-10-30
300026.SZ,2014-08-28,26.38,26.42,26.99,26.38,26.38,0.04,0.15,21039.8,55867.4,0.5019,0.8512,0.62,44.675,38.4142,7.3291,7.2329,6.3084,0.1644,0.2518,57414.0,41916.8,24718.5,1516880.0,1107440.0,10.336,29.02,23.74,0.0000,0.11953910423673003,6.6895,0,29,120,2009-10-30
300026.SZ,2014-08-29,26.39,26.57,26.69,26.0,26.42,0.15,0.57,25943.2,68149.1,0.6189,1.0495,0.87,44.9286,38.6323,7.3707,7.2739,6.3442,0.1634,0.2504,57414.0,41916.8,24718.5,1525490.0,1113730.0,10.336,29.06,23.78,0.0000,-0.09978807530531057,6.6895,0,29,120,2009-10-30
300026.SZ,2014-09-01,26.67,26.81,26.89,26.32,26.57,0.24,0.9,27849.7,74538.1,0.6644,1.1267,0.95,45.3345,38.9812,7.4373,7.3396,6.4015,0.162,0.2482,57414.0,41916.8,24718.5,1539270.0,1123790.0,10.336,29.23,23.91,0.0000,0.051028210977818136,6.6895,0,29,120,2009-10-30
300026.SZ,2014-09-02,26.86,26.97,27.09,26.35,26.81,0.16,0.6,60610.6,161485.0,1.446,2.452,2.13,45.605,39.2138,7.4817,7.3834,6.4397,0.161,0.2467,57414.0,41916.8,24718.5,1548460.0,1130500.0,10.336,29.49,24.13,0.0000,-0.07973298930701128,6.6895,0,29,120,2009-10-30
300026.SZ,2014-09-03,26.95,26.76,27.23,26.56,26.97,-0.21,-0.78,58154.9,156025.0,1.3874,2.3527,1.64,45.2499,38.9085,7.4235,7.326,6.3896,0.1623,0.2486,57414.0,41916.8,24718.5,1536400.0,1121690.0,10.336,29.67,24.27,0.0000,-0.18013336228331583,6.6895,0,29,120,2009-10-30
300026.SZ,2014-09-04,26.79,27.16,27.18,26.65,26.76,0.4,1.49,61397.8,165328.0,1.4648,2.4839,1.59,45.9263,39.4901,7.5344,7.4355,6.4851,0.1599,0.245,57414.0,41916.8,24718.5,1559370.0,1138460.0,10.336,29.44,24.08,0.0000,-0.03104670843670321,6.6895,0,29,120,2009-10-30
300026.SZ,2014-09-05,27.25,27.33,27.48,27.0,27.16,0.17,0.63,54955.7,149519.0,1.3111,2.2233,1.17,46.2138,39.7373,7.5816,7.482,6.5257,0.1589,0.2435,57414.0,41916.8,24718.5,1569130.0,1145590.0,10.336,29.88,24.44,0.0000,0.041668983115845756,6.6895,0,29,120,2009-10-30
300026.SZ,2014-09-09,27.5,27.5,27.66,27.2,27.33,0.17,0.62,64169.9,176194.0,1.5309,2.596,1.22,46.5012,39.9845,7.6287,7.5285,6.5663,0.1579,0.242,57414.0,41916.8,24718.5,1578890.0,1152710.0,10.336,30.06,24.6,0.0000,-0.10439837165113988,6.6895,0,29,120,2009-10-30
300026.SZ,2014-09-10,27.5,27.58,27.65,27.28,27.5,0.08,0.29,46674.1,128111.0,1.1135,1.8882,0.78,46.6365,40.1008,7.6509,7.5504,6.5854,0.1574,0.2413,57414.0,41916.8,24718.5,1583480.0,1156070.0,10.336,30.25,24.75,0.0000,-0.08195062439686579,6.6895,0,29,120,2009-10-30
300026.SZ,2014-09-11,27.59,27.43,27.96,27.35,27.58,-0.15,-0.54,73201.7,202447.0,1.7464,2.9614,1.28,46.3829,39.8827,7.6093,7.5094,6.5496,0.1583,0.2426,57414.0,41916.8,24718.5,1574870.0,1149780.0,10.336,30.34,24.82,0.0000,-0.05836505871588085,6.6895,0,29,120,2009-10-30
300026.SZ,2014-09-12,27.42,27.33,27.5,27.16,27.43,-0.1,-0.36,36457.4,99523.6,0.8698,1.4749,0.61,46.2138,39.7373,7.5816,7.482,6.5257,0.1589,0.2435,57414.0,41916.8,24718.5,1569130.0,1145590.0,10.336,30.17,24.69,0.0000,-0.17297420707509145,6.6895,0,29,120,2009-10-30
300026.SZ,2014-09-15,27.35,26.93,27.44,26.8,27.33,-0.4,-1.46,62863.5,169809.0,1.4997,2.5432,1.14,45.5374,39.1557,7.4706,7.3725,6.4302,0.1612,0.2471,57414.0,41916.8,24718.5,1546160.0,1128820.0,10.336,30.06,24.6,0.0000,-0.22461137702605832,6.6895,0,29,120,2009-10-30
300026.SZ,2014-09-16,26.9,26.84,27.16,26.66,26.93,-0.09,-0.33,64840.6,174628.0,1.5469,2.6232,1.14,45.3852,39.0248,7.4456,7.3479,6.4087,0.1618,0.2479,57414.0,41916.8,24718.5,1540990.0,1125050.0,10.336,29.62,24.24,0.0000,0.09110185523158515,6.6895,0,29,120,2009-10-30
300026.SZ,2014-09-17,26.81,26.94,26.99,26.6,26.84,0.1,0.37,33160.4,88934.5,0.7911,1.3415,0.58,45.5543,39.1702,7.4734,7.3752,6.4326,0.1612,0.247,57414.0,41916.8,24718.5,1546730.0,1129240.0,10.336,29.52,24.16,0.0000,0.04580164494367318,6.6895,0,29,120,2009-10-30
300026.SZ,2014-09-18,26.86,28.64,28.9,26.86,26.94,1.7,6.31,151649.0,428234.0,3.6179,6.135,2.8,48.4289,41.642,7.945,7.8406,6.8385,0.1516,0.2323,57414.0,41916.8,24718.5,1644340.0,1200500.0,10.336,29.63,24.25,0.0000,0.1092381772077838,6.6895,0,29,120,2009-10-30
300026.SZ,2014-09-19,28.5,28.55,28.72,28.1,28.64,-0.09,-0.31,70321.6,200287.0,1.6776,2.8449,1.01,48.2767,41.5111,7.92,7.816,6.817,0.1521,0.2331,57414.0,41916.8,24718.5,1639170.0,1196730.0,10.336,31.5,25.78,0.0000,-0.05006114944467396,6.6895,0,29,120,2009-10-30
300026.SZ,2014-09-22,28.49,28.55,28.88,28.18,28.55,0.0,0.0,45713.4,130216.0,1.0906,1.8494,0.6,48.2767,41.5111,7.92,7.816,6.817,0.1521,0.2331,57414.0,41916.8,24718.5,1639170.0,1196730.0,10.336,31.41,25.7,0.0000,0.07226509935886698,6.6895,0,29,120,2009-10-30
300026.SZ,2014-09-23,28.72,28.47,28.72,28.31,28.55,-0.08,-0.28,36643.1,104349.0,0.8742,1.4824,0.5,48.1415,41.3948,7.8978,7.7941,6.7979,0.1525,0.2337,57414.0,41916.8,24718.5,1634580.0,1193370.0,10.336,31.41,25.7,0.0000,-0.01674379458930441,6.6895,0,29,120,2009-10-30
300026.SZ,2014-09-24,28.4,28.69,28.9,28.4,28.47,0.22,0.77,56261.5,161115.0,1.3422,2.2761,0.83,48.5135,41.7147,7.9588,7.8543,6.8504,0.1514,0.2319,57414.0,41916.8,24718.5,1647210.0,1202590.0,10.336,31.32,25.62,0.0000,0.009262158343953289,6.6895,0,29,120,2009-10-30
300026.SZ,2014-09-25,28.7,28.2,28.94,28.08,28.69,-0.49,-1.71,49825.3,141832.0,1.1887,2.0157,0.69,47.6849,41.0022,7.8229,7.7202,6.7334,0.154,0.2359,57414.0,41916.8,24718.5,1619080.0,1182050.0,10.336,31.56,25.82,0.0000,-0.14977564776426974,6.6895,0,29,120,2009-10-30
300026.SZ,2014-09-26,28.11,28.79,29.0,28.0,28.2,0.59,2.09,48002.4,137587.0,1.1452,1.942,0.93,48.6826,41.8601,7.9866,7.8817,6.8743,0.1508,0.2311,57414.0,41916.8,24718.5,1652950.0,1206790.0,10.336,31.02,25.38,0.0000,0.07000110890309068,6.6895,0,29,120,2009-10-30
300026.SZ,2014-09-29,28.8,28.7,28.8,28.32,28.79,-0.09,-0.31,41768.8,119249.0,0.9965,1.6898,0.88,48.5304,41.7292,7.9616,7.8571,6.8528,0.1513,0.2318,57414.0,41916.8,24718.5,1647780.0,1203010.0,10.336,31.67,25.91,0.0000,-0.08048073343130031,6.6895,0,29,120,2009-10-30
300026.SZ,2014-09-30,28.7,29.33,29.8,28.62,28.7,0.63,2.2,60902.4,179367.0,1.4529,2.4638,1.31,49.5957,42.6452,8.1364,8.0295,7.0032,0.1481,0.2269,57414.0,41916.8,24718.5,1683950.0,1229420.0,10.336,31.57,25.83,0.0000,0.10331345925255145,6.6895,0,29,120,2009-10-30
300026.SZ,2014-10-08,29.43,30.51,30.66,29.42,29.33,1.18,4.02,83042.2,249928.0,1.9811,3.3595,1.62,51.591,44.3609,8.4637,8.3526,7.285,0.1423,0.2181,57414.0,41916.8,24718.5,1751700.0,1278880.0,10.336,32.26,26.4,0.0000,0.0211355914535267,6.6895,0,29,120,2009-10-30
300026.SZ,2014-10-09,30.4,30.18,30.5,29.6,30.51,-0.33,-1.08,49418.5,148448.0,1.179,1.9992,0.87,51.033,43.8811,8.3722,8.2622,7.2062,0.1439,0.2205,57414.0,41916.8,24718.5,1732760.0,1265050.0,10.336,33.56,27.46,0.0000,-0.2572807100438371,6.6895,0,29,120,2009-10-30
300026.SZ,2014-10-10,30.04,29.76,30.04,29.37,30.18,-0.42,-1.39,41490.5,123177.0,0.9898,1.6785,0.73,50.3228,43.2704,8.2557,8.1472,7.1059,0.1459,0.2236,57414.0,41916.8,24718.5,1708640.0,1247440.0,10.336,33.2,27.16,0.0000,-0.13320584424472198,6.6895,0,29,120,2009-10-30
300026.SZ,2014-10-13,29.62,30.15,30.3,28.8,29.76,0.39,1.31,48835.5,143349.0,1.1651,1.9757,0.88,50.9823,43.8375,8.3639,8.254,7.199,0.144,0.2207,57414.0,41916.8,24718.5,1731030.0,1263790.0,10.336,32.74,26.78,0.0000,0.024638641083910704,6.6895,0,29,120,2009-10-30
300026.SZ,2014-10-14,29.87,29.46,30.1,29.29,30.15,-0.69,-2.29,43186.7,128104.0,1.0303,1.7471,0.76,49.8155,42.8343,8.1725,8.0651,7.0343,0.1474,0.2259,57414.0,41916.8,24718.5,1691420.0,1234870.0,10.336,33.17,27.14,0.0000,-0.19401087835974187,6.6895,0,29,120,2009-10-30
300026.SZ,2014-10-15,29.42,29.95,30.06,29.15,29.46,0.49,1.66,38325.1,114178.0,0.9143,1.5505,0.72,50.6441,43.5467,8.3084,8.1993,7.1513,0.145,0.2222,57414.0,41916.8,24718.5,1719550.0,1255410.0,10.336,32.41,26.51,0.0000,-0.009463481606396875,6.6895,0,29,120,2009-10-30
300026.SZ,2014-10-16,29.94,29.5,30.99,29.38,29.95,-0.45,-1.5,60878.3,184161.0,1.4524,2.4629,1.38,49.8831,42.8924,8.1836,8.0761,7.0438,0.1472,0.2256,57414.0,41916.8,24718.5,1693710.0,1236550.0,10.336,32.95,26.96,0.0000,-0.035874463796644745,6.6895,0,29,120,2009-10-30
300026.SZ,2014-10-17,30.12,29.85,30.76,28.77,29.5,0.35,1.19,76359.5,228236.0,1.8217,3.0892,1.64,50.475,43.4013,8.2806,8.1719,7.1274,0.1455,0.2229,57414.0,41916.8,24718.5,1713810.0,1251220.0,10.336,32.45,26.55,0.0000,-0.08144371558035289,6.6895,0,29,120,2009-10-30
300026.SZ,2014-10-20,29.92,29.88,30.56,29.51,29.85,0.03,0.1,38215.5,114396.0,0.9117,1.546,0.71,50.5257,43.4449,8.289,8.1801,7.1346,0.1453,0.2227,57414.0,41916.8,24718.5,1715530.0,1252480.0,10.336,32.84,26.87,0.0000,-0.19613751293447057,6.6895,0,29,120,2009-10-30
300026.SZ,2014-10-21,29.99,29.03,30.0,28.96,29.88,-0.85,-2.84,48066.4,140777.0,1.1467,1.9445,0.94,49.0884,42.209,8.0532,7.9474,6.9316,0.1496,0.2292,57414.0,41916.8,24718.5,1666730.0,1216850.0,10.336,32.87,26.89,0.0000,-0.19752912673589734,6.6895,0,29,120,2009-10-30
300026.SZ,2014-10-22,29.0,28.39,29.1,28.22,29.03,-0.64,-2.2,33773.1,96645.7,0.8057,1.3663,0.64,48.0062,41.2785,7.8756,7.7722,6.7788,0.153,0.2344,57414.0,41916.8,24718.5,1629980.0,1190020.0,10.336,31.93,26.13,0.0000,-0.2654379894730447,6.6895,0,29,120,2009-10-30
300026.SZ,2014-10-23,28.21,28.38,28.67,28.01,28.39,-0.01,-0.04,29963.1,84850.8,0.7148,1.2122,0.58,47.9893,41.264,7.8729,7.7695,6.7764,0.153,0.2345,57414.0,41916.8,24718.5,1629410.0,1189600.0,10.336,31.23,25.55,0.0000,0.010030952919059736,6.6895,0,29,120,2009-10-30
300026.SZ,2014-10-24,28.5,28.56,28.92,28.38,28.38,0.18,0.63,23647.4,67892.5,0.5642,0.9567,0.52,48.2936,38.9498,7.4213,7.8187,6.1169,0.152,0.233,57414.0,41916.8,24718.5,1639750.0,1197140.0,10.336,31.22,25.54,0.0000,0.029797483089296792,4.8703,0,29,120,2009-10-30
300026.SZ,2014-10-27,28.56,28.75,28.91,28.32,28.56,0.19,0.67,14999.5,43099.4,0.3578,0.6068,0.43,48.6149,39.2089,7.4707,7.8707,6.1576,0.151,0.2314,57414.0,41916.8,24718.5,1650650.0,1205110.0,10.336,31.42,25.7,0.0000,-0.017034367705971946,4.8703,0,29,120,2009-10-30
300026.SZ,2014-10-28,28.75,29.11,29.15,28.71,28.75,0.36,1.25,28852.1,83427.7,0.6883,1.1672,0.96,49.2237,39.6999,7.5642,7.9693,6.2347,0.1492,0.2286,57414.0,41916.8,24718.5,1671320.0,1220200.0,10.336,31.63,25.88,0.0000,-0.008961520487531923,4.8703,0,29,120,2009-10-30
300026.SZ,2014-10-29,29.18,28.85,29.25,28.64,29.11,-0.26,-0.89,31810.2,92017.4,0.7589,1.2869,1.21,48.784,39.3453,7.4967,7.8981,6.179,0.1505,0.2306,57414.0,41916.8,24718.5,1656400.0,1209300.0,10.336,32.02,26.2,0.0000,-0.2686809916771421,4.8703,0,29,120,2009-10-30
300026.SZ,2014-10-30,28.79,28.7,29.24,28.68,28.85,-0.15,-0.52,28686.4,82955.6,0.6844,1.1605,1.11,48.5304,39.1407,7.4577,7.8571,6.1469,0.1513,0.2318,57414.0,41916.8,24718.5,1647780.0,1203010.0,10.336,31.74,25.97,0.0000,-0.04771867626884792,4.8703,0,29,120,2009-10-30
300026.SZ,2014-10-31,28.71,28.3,28.84,27.8,28.7,-0.4,-1.39,53757.1,150957.0,1.2825,2.1748,2.1,47.854,38.5952,7.3538,7.7476,6.0612,0.1534,0.2351,57414.0,41916.8,24718.5,1624820.0,1186250.0,10.336,31.57,25.83,0.0000,-0.1506705805138307,4.8703,0,29,120,2009-10-30
300026.SZ,2014-11-03,28.28,27.73,28.28,27.33,28.3,-0.57,-2.01,102193.0,282178.0,2.438,4.1343,3.23,46.8901,37.8178,7.2056,7.5915,5.9391,0.1566,0.2399,57414.0,41916.8,24718.5,1592090.0,1162350.0,10.336,31.13,25.47,0.0000,-0.03615649091265514,4.8703,0,29,120,2009-10-30
300026.SZ,2014-11-04,27.69,27.73,27.93,27.43,27.73,0.0,0.0,42283.7,116752.0,1.0088,1.7106,0.86,46.8901,37.8178,7.2056,7.5915,5.9391,0.1566,0.2399,57414.0,41916.8,24718.5,1592090.0,1162350.0,10.336,30.5,24.96,0.0000,-0.022403387885007228,4.8703,0,29,120,2009-10-30
300026.SZ,2014-11-05,27.72,27.48,27.72,27.43,27.73,-0.25,-0.9,28883.6,79467.6,0.6891,1.1685,0.56,46.4674,37.4769,7.1407,7.5231,5.8856,0.158,0.2421,57414.0,41916.8,24718.5,1577740.0,1151870.0,10.336,30.5,24.96,0.0000,-0.16275584580730168,4.8703,0,29,120,2009-10-30
300026.SZ,2014-11-06,27.56,27.4,27.79,27.06,27.48,-0.08,-0.29,44722.7,122259.0,1.0669,1.8093,0.87,46.3321,37.3678,7.1199,7.5012,5.8684,0.1585,0.2428,57414.0,41916.8,24718.5,1573140.0,1148520.0,10.336,30.23,24.73,0.0000,-0.19819437105285997,4.8703,0,29,120,2009-10-30
300026.SZ,2014-11-07,27.4,26.79,27.54,26.7,27.4,-0.61,-2.23,64094.3,173512.0,1.5291,2.593,1.18,45.3006,36.5359,6.9614,7.3342,5.7378,0.1621,0.2484,57414.0,41916.8,24718.5,1538120.0,1122950.0,10.336,30.14,24.66,0.0000,-0.357451606520689,4.8703,0,29,120,2009-10-30
300026.SZ,2014-11-10,26.84,27.06,27.06,26.43,26.79,0.27,1.01,45196.2,120745.0,1.0782,1.8284,0.8,45.7572,36.9041,7.0315,7.4081,5.7956,0.1605,0.2459,57414.0,41916.8,24718.5,1553620.0,1134270.0,10.336,29.47,24.11,0.0000,-0.25887930391187836,4.8703,0,29,120,2009-10-30
300026.SZ,2014-11-11,27.05,26.22,27.05,26.05,27.06,-0.84,-3.1,54168.9,143316.0,1.2923,2.1914,1.2,44.3368,35.7585,6.8133,7.1781,5.6157,0.1656,0.2538,57414.0,41916.8,24718.5,1505400.0,1099060.0,10.336,29.77,24.35,0.0000,-0.2298608066213357,4.8703,0,29,120,2009-10-30
300026.SZ,2014-11-12,26.21,26.6,26.72,26.11,26.22,0.38,1.45,27138.2,71877.3,0.6474,1.0979,0.57,44.9794,36.2768,6.912,7.2822,5.6971,0.1632,0.2501,57414.0,41916.8,24718.5,1527210.0,1114990.0,10.336,28.84,23.6,0.0000,0.04378462411593017,4.8703,0,29,120,2009-10-30
300026.SZ,2014-11-13,26.6,26.89,27.1,26.22,26.6,0.29,1.09,35196.3,94130.1,0.8397,1.4239,0.75,45.4697,36.6723,6.9874,7.3615,5.7592,0.1615,0.2474,57414.0,41916.8,24718.5,1543860.0,1127140.0,10.336,29.26,23.94,0.0000,0.062346537373168136,4.8703,0,29,120,2009-10-30
300026.SZ,2014-11-14,26.77,26.91,27.06,26.69,26.89,0.02,0.07,18330.1,49279.0,0.4373,0.7416,0.41,45.5036,36.6995,6.9926,7.367,5.7635,0.1614,0.2473,57414.0,41916.8,24718.5,1545010.0,1127980.0,10.336,29.58,24.2,0.0000,-0.0061677416683705985,4.8703,0,29,120,2009-10-30
300026.SZ,2014-11-17,26.9,27.14,27.32,26.4,26.91,0.23,0.85,27768.6,75294.7,0.6625,1.1234,0.77,45.8925,37.0132,7.0523,7.43,5.8128,0.16,0.2452,57414.0,41916.8,24718.5,1558220.0,1137620.0,10.336,29.6,24.22,0.0000,0.11090661755307303,4.8703,0,29,120,2009-10-30
300026.SZ,2014-11-18,27.14,26.7,27.29,26.7,27.14,-0.44,-1.62,25752.8,69165.6,0.6144,1.0418,0.79,45.1485,36.4131,6.938,7.3095,5.7185,0.1626,0.2492,57414.0,41916.8,24718.5,1532960.0,1119180.0,10.336,29.85,24.43,0.0000,-0.1636087200942304,4.8703,0,29,120,2009-10-30
300026.SZ,2014-11-19,26.6,26.7,26.93,26.55,26.7,0.0,0.0,20743.4,55513.3,0.4949,0.8392,0.77,45.1485,36.4131,6.938,7.3095,5.7185,0.1626,0.2492,57414.0,41916.8,24718.5,1532960.0,1119180.0,10.336,29.37,24.03,0.0000,-0.12981010056582504,4.8703,0,29,120,2009-10-30
300026.SZ,2014-11-20,26.78,26.31,26.78,26.25,26.7,-0.39,-1.46,23784.2,62846.5,0.5674,0.9622,0.93,44.489,35.8813,6.8367,7.2028,5.635,0.165,0.2529,57414.0,41916.8,24718.5,1510560.0,1102830.0,10.336,29.37,24.03,0.0000,-0.36886870677857114,4.8703,0,29,120,2009-10-30
300026.SZ,2014-11-21,26.25,26.42,26.58,26.19,26.31,0.11,0.42,23192.9,61105.0,0.5533,0.9383,1.0,44.675,36.0313,6.8652,7.2329,5.6585,0.1644,0.2518,57414.0,41916.8,24718.5,1516880.0,1107440.0,10.336,28.94,23.68,0.0000,-0.267643976722953,4.8703,0,29,120,2009-10-30
300026.SZ,2014-11-24,26.68,26.0,26.72,25.5,26.42,-0.42,-1.59,54206.1,141630.0,1.2932,2.1929,2.24,43.9648,35.4585,6.7561,7.1179,5.5686,0.167,0.2559,57414.0,41916.8,24718.5,1492770.0,1089840.0,10.336,29.06,23.78,0.0000,-0.20975824561764708,4.8703,0,29,120,2009-10-30
300026.SZ,2014-11-25,26.03,26.37,26.48,25.95,26.0,0.37,1.42,38853.1,101591.0,0.9269,1.5718,1.32,44.5904,35.9631,6.8523,7.2192,5.6478,0.1647,0.2523,57414.0,41916.8,24718.5,1514010.0,1105350.0,10.336,28.6,23.4,0.0000,-0.06609765914150557,4.8703,0,29,120,2009-10-30
300026.SZ,2014-11-26,26.6,26.85,26.98,26.49,26.37,0.48,1.82,66889.8,178601.0,1.5958,2.7061,2.08,45.4021,36.6177,6.977,7.3506,5.7506,0.1617,0.2478,57414.0,41916.8,24718.5,1541570.0,1125470.0,10.336,29.01,23.73,0.0000,-0.08988966172354239,4.8703,0,29,120,2009-10-30
300026.SZ,2014-11-27,26.99,26.58,27.2,26.36,26.85,-0.27,-1.01,77776.2,207554.0,1.8555,3.1465,1.88,44.9455,36.2495,6.9068,7.2767,5.6928,0.1634,0.2503,57414.0,41916.8,24718.5,1526070.0,1114150.0,10.336,29.54,24.17,0.0000,-0.25853381220028343,4.8703,0,29,120,2009-10-30
300026.SZ,2014-11-28,26.6,26.29,26.73,25.99,26.58,-0.29,-1.09,70103.1,184891.0,1.6724,2.8361,1.34,44.4552,35.854,6.8315,7.1973,5.6307,0.1652,0.2531,57414.0,41916.8,24718.5,1509420.0,1101990.0,10.336,29.24,23.92,0.0000,-0.14391550655022,4.8703,0,29,120,2009-10-30
300026.SZ,2014-12-01,26.29,25.94,26.36,25.41,26.29,-0.35,-1.33,83839.5,216031.0,2.0001,3.3918,1.36,43.8633,35.3767,6.7405,7.1015,5.5557,0.1674,0.2565,57414.0,41916.8,24718.5,1489320.0,1087320.0,10.336,28.92,23.66,0.0000,-0.14624415687563122,4.8703,0,29,120,2009-10-30
300026.SZ,2014-12-02,26.08,26.0,26.28,25.9,25.94,0.06,0.23,56306.7,146771.0,1.3433,2.2779,0.83,43.9648,35.4585,6.7561,7.1179,5.5686,0.167,0.2559,57414.0,41916.8,24718.5,1492770.0,1089840.0,10.336,28.53,23.35,0.0000,-0.25709467293707333,4.8703,0,29,120,2009-10-30
300026.SZ,2014-12-03,26.01,26.48,26.57,25.4,26.0,0.48,1.85,111437.0,288402.0,2.6585,4.5082,1.57,44.7765,36.1131,6.8808,7.2493,5.6714,0.164,0.2513,57414.0,41916.8,24718.5,1520320.0,1109960.0,10.336,28.6,23.4,0.0000,-0.07398841640383506,4.8703,0,29,120,2009-10-30
300026.SZ,2014-12-04,26.5,27.2,27.35,26.48,26.48,0.72,2.72,126521.0,339766.0,3.0184,5.1184,1.58,45.9939,37.095,7.0679,7.4464,5.8256,0.1596,0.2446,57414.0,41916.8,24718.5,1561660.0,1140140.0,10.336,29.13,23.83,0.0000,0.06713578625692669,4.8703,0,29,120,2009-10-30
300026.SZ,2014-12-05,27.07,26.06,27.09,25.76,27.2,-1.14,-4.19,103404.0,271877.0,2.4669,4.1832,1.15,44.0663,35.5403,6.7717,7.1343,5.5814,0.1666,0.2553,57414.0,41916.8,24718.5,1496210.0,1092350.0,10.336,29.92,24.48,0.0000,-0.24716744071998287,4.8703,0,29,120,2009-10-30
300026.SZ,2014-12-08,25.88,25.56,26.26,25.48,26.06,-0.5,-1.92,133937.0,344980.0,3.1953,5.4185,1.39,43.2208,34.8584,6.6418,6.9974,5.4744,0.1699,0.2603,57414.0,41916.8,24718.5,1467500.0,1071390.0,10.336,28.67,23.45,0.0000,-0.1668183586102629,4.8703,0,29,120,2009-10-30
300026.SZ,2014-12-09,25.57,25.48,26.08,25.01,25.56,-0.08,-0.31,96597.9,245772.0,2.3045,3.9079,0.91,43.0855,34.7493,6.621,6.9755,5.4572,0.1704,0.2611,57414.0,41916.8,24718.5,1462910.0,1068040.0,10.336,28.12,23.0,0.0000,0.05395222903378427,4.8703,0,29,120,2009-10-30
300026.SZ,2014-12-10,25.48,26.34,26.48,25.32,25.48,0.86,3.38,82653.8,216056.0,1.9719,3.3438,0.72,44.5362,35.9194,6.8455,7.2104,5.641,0.1649,0.2526,57409.5,41916.8,24718.5,1512170.0,1104090.0,10.336,28.03,22.93,0.0000,0.10454311821059745,4.8703,0,29,120,2009-10-30
300026.SZ,2014-12-11,26.2,26.27,26.5,26.01,26.34,-0.07,-0.27,68798.2,180257.0,1.6413,2.7833,0.63,44.4179,35.8239,6.8274,7.1912,5.626,0.1653,0.2533,57409.5,41916.8,24718.5,1508150.0,1101160.0,10.336,28.97,23.71,0.0000,-0.20163742669868331,4.8703,0,29,120,2009-10-30
300026.SZ,2014-12-12,26.12,26.4,26.42,26.0,26.27,0.13,0.49,63770.8,167231.0,1.5214,2.5799,0.66,44.6377,36.0012,6.8611,7.2268,5.6538,0.1645,0.2521,57409.5,41916.8,24718.5,1515610.0,1106600.0,10.336,28.9,23.64,0.0000,-0.00946827447647478,4.8703,0,29,120,2009-10-30
300026.SZ,2014-12-15,26.51,26.69,26.86,26.39,26.4,0.29,1.1,89487.8,238692.0,2.1349,3.6203,1.0,45.128,36.3966,6.9365,7.3062,5.7159,0.1627,0.2493,57409.5,41916.8,24718.5,1532260.0,1118760.0,10.336,29.04,23.76,0.0000,-0.020897980962099133,4.8703,0,29,120,2009-10-30
300026.SZ,2014-12-16,26.66,26.4,26.84,26.37,26.69,-0.29,-1.09,51090.2,135434.0,1.2188,2.0669,0.64,44.6377,36.0012,6.8611,7.2268,5.6538,0.1645,0.2521,57409.5,41916.8,24718.5,1515610.0,1106600.0,10.336,29.36,24.02,0.0000,-0.14055570547891255,4.8703,0,29,120,2009-10-30
300026.SZ,2014-12-17,26.4,25.63,26.4,25.5,26.4,-0.77,-2.92,84293.1,217031.0,2.011,3.4101,1.18,43.3357,34.9511,6.661,7.016,5.4889,0.1694,0.2596,57409.5,41916.8,24718.5,1471410.0,1074330.0,10.336,29.04,23.76,0.0000,-0.11065088289838428,4.8703,0,29,120,2009-10-30
300026.SZ,2014-12-18,25.63,25.56,25.89,25.4,25.63,-0.07,-0.27,44510.1,113852.0,1.0619,1.8007,0.62,43.2174,34.8557,6.6428,6.9969,5.4739,0.1699,0.2603,57409.5,41916.8,24718.5,1467390.0,1071390.0,10.336,28.19,23.07,0.0000,-0.27366062702848937,4.8703,0,29,120,2009-10-30
300026.SZ,2014-12-19,25.56,25.5,25.56,24.3,25.56,-0.06,-0.23,83276.2,207923.0,1.9867,3.369,1.25,43.1159,34.7739,6.6272,6.9805,5.4611,0.1703,0.261,57409.5,41916.8,24718.5,1463940.0,1068880.0,10.336,28.12,23.0,0.0000,-0.035407805328756974,4.8703,0,29,120,2009-10-30
300026.SZ,2014-12-22,25.31,25.6,25.6,24.4,25.5,0.1,0.39,71980.9,179318.0,1.7172,2.912,1.02,43.285,34.9102,6.6532,7.0078,5.4825,0.1696,0.2599,57409.5,41916.8,24718.5,1469680.0,1073070.0,10.336,28.05,22.95,0.0000,0.01729971466123947,4.8703,0,29,120,2009-10-30
300026.SZ,2014-12-23,25.3,25.23,25.89,25.02,25.6,-0.37,-1.45,46710.4,119404.0,1.1144,1.8897,0.7,42.6594,34.4057,6.5571,6.9066,5.4032,0.1721,0.2637,57409.5,41916.8,24718.5,1448440.0,1057560.0,10.336,28.16,23.04,0.0000,-0.06672709686262866,4.8703,0,29,120,2009-10-30
300026.SZ,2014-12-24,25.27,25.33,25.75,25.25,25.23,0.1,0.4,37911.9,96569.3,0.9045,1.5337,0.57,42.8285,34.542,6.5831,6.9339,5.4247,0.1714,0.2627,57409.5,41916.8,24718.5,1454180.0,1061750.0,10.336,27.75,22.71,0.0000,0.040222973363498386,4.8703,0,29,120,2009-10-30
300026.SZ,2014-12-25,25.45,25.01,25.5,24.96,25.33,-0.32,-1.26,42356.5,106357.0,1.0105,1.7136,0.74,42.2874,34.1057,6.4999,6.8463,5.3561,0.1736,0.2661,57409.5,41916.8,24718.5,1435810.0,1048340.0,10.336,27.86,22.8,0.0000,-0.20520465484509218,4.8703,0,29,120,2009-10-30
300026.SZ,2014-12-26,24.95,24.83,25.14,24.64,25.01,-0.18,-0.72,46550.5,115447.0,1.1105,1.8832,0.82,41.9831,33.8602,6.4531,6.7971,5.3176,0.1749,0.268,57409.5,41916.8,24718.5,1425480.0,1040800.0,10.336,27.51,22.51,0.0000,-0.09306954195677915,4.8703,0,29,120,2009-10-30
300026.SZ,2014-12-29,24.85,24.08,24.93,23.8,24.83,-0.75,-3.02,82296.0,198866.0,1.9633,3.3293,1.68,40.715,32.8374,6.2582,6.5917,5.157,0.1803,0.2763,57409.5,41916.8,24718.5,1382420.0,1009360.0,10.336,27.31,22.35,0.0000,-0.2117597685995098,4.8703,0,29,120,2009-10-30
300026.SZ,2014-12-30,24.08,23.53,24.09,23.2,24.08,-0.55,-2.28,52260.5,123260.0,1.2468,2.1142,1.02,39.785,32.0874,6.1153,6.4412,5.0392,0.1846,0.2828,57409.5,41916.8,24718.5,1350850.0,986303.0,10.336,26.49,21.67,0.0000,0.03216030096159,4.8703,0,29,120,2009-10-30
300026.SZ,2014-12-31,23.54,24.1,24.21,23.42,23.53,0.57,2.42,41167.9,98477.2,0.9821,1.6655,0.79,40.7488,32.8647,6.2634,6.5972,5.1612,0.1802,0.2761,57409.5,41916.8,24718.5,1383570.0,1010200.0,10.336,25.88,21.18,0.0000,0.15736035992716121,4.8703,0,29,120,2009-10-30
300026.SZ,2015-01-05,24.11,24.02,24.12,23.45,24.1,-0.08,-0.33,48811.0,115721.0,1.1645,1.9747,0.92,40.6135,32.7556,6.2426,6.5753,5.1441,0.277,0.277,57409.5,41916.8,24718.5,1378980.0,1006840.0,10.336,26.51,21.69,0.0000,-0.05949182216185434,4.8703,0,29,120,2009-10-30
300026.SZ,2015-01-06,24.02,24.88,25.02,23.69,24.02,0.86,3.58,89690.0,221072.0,2.1397,3.6285,1.65,42.0676,33.9284,6.4661,6.8107,5.3283,0.2675,0.2675,57409.5,41916.8,24718.5,1428350.0,1042890.0,10.336,26.42,21.62,0.0000,0.055087274295700824,4.8703,0,29,120,2009-10-30
300026.SZ,2015-01-07,24.87,25.15,25.49,24.55,24.88,0.27,1.09,79261.4,198298.0,1.8909,3.2066,1.26,42.5242,34.2966,6.5363,6.8847,5.3861,0.2646,0.2646,57409.5,41916.8,24718.5,1443850.0,1054210.0,10.336,27.37,22.39,0.0000,0.12200220402419618,4.8703,0,29,120,2009-10-30
300026.SZ,2015-01-08,25.2,25.53,25.97,25.0,25.15,0.38,1.51,78021.3,200287.0,1.8613,3.1564,1.25,43.1667,34.8148,6.635,6.9887,5.4675,0.2606,0.2606,57409.5,41916.8,24718.5,1465670.0,1070140.0,10.336,27.67,22.64,0.0000,0.21198709623396578,4.8703,0,29,120,2009-10-30
300026.SZ,2015-01-09,25.52,25.29,25.89,25.28,25.53,-0.24,-0.94,45438.9,116347.0,1.084,1.8382,0.67,42.7609,34.4875,6.5727,6.923,5.4161,0.2631,0.2631,57409.5,41916.8,24718.5,1451890.0,1060080.0,10.336,28.08,22.98,0.0000,0.07221595738129023,4.8703,0,29,120,2009-10-30
300026.SZ,2015-01-12,25.32,25.63,25.82,25.18,25.29,0.34,1.34,47744.7,122373.0,1.139,1.9315,0.7,43.3357,34.9511,6.661,7.016,5.4889,0.2596,0.2596,57409.5,41916.8,24718.5,1471410.0,1074330.0,10.336,27.82,22.76,0.0000,0.216956836833719,4.8703,0,29,120,2009-10-30
300026.SZ,2015-01-13,25.64,26.26,26.36,25.4,25.63,0.63,2.46,75884.9,196800.0,1.8104,3.07,1.12,44.401,35.8103,6.8248,7.1885,5.6238,0.2534,0.2534,57409.5,41916.8,24718.5,1507570.0,1100740.0,10.336,28.19,23.07,0.0000,0.14117183706130126,4.8703,0,29,120,2009-10-30
300026.SZ,2015-01-14,26.01,25.72,26.26,25.61,26.26,-0.54,-2.06,30628.6,79436.4,0.7307,1.2391,0.47,43.4879,35.0739,6.6844,7.0407,5.5082,0.2587,0.2587,57409.5,41916.8,24718.5,1476570.0,1078100.0,10.336,28.89,23.63,0.0000,-0.11215077073282223,4.8703,0,29,120,2009-10-30
300026.SZ,2015-01-15,25.74,25.17,26.08,25.01,25.72,-0.55,-2.14,45211.3,114562.0,1.0786,1.829,0.81,42.558,34.3238,6.5415,6.8901,5.3904,0.2644,0.2644,57409.5,41916.8,24718.5,1445000.0,1055050.0,10.336,28.29,23.15,0.0000,-0.22183946945091185,4.8703,0,29,120,2009-10-30
300026.SZ,2015-01-16,25.14,25.49,25.64,25.02,25.17,0.32,1.27,29498.9,74870.2,0.7037,1.1934,0.6,43.099,34.7602,6.6246,6.9777,5.4589,0.2611,0.2611,57409.5,41916.8,24718.5,1463370.0,1068460.0,10.336,27.69,22.65,0.0000,0.02646560711510516,4.8703,0,29,120,2009-10-30
300026.SZ,2015-01-19,25.18,25.14,26.35,25.03,25.49,-0.35,-1.37,66591.0,171743.0,1.5886,2.694,1.45,42.5072,34.2829,6.5337,6.8819,5.384,0.2647,0.2647,57409.5,41916.8,24718.5,1443280.0,1053790.0,10.336,28.04,22.94,0.0000,0.07442253267025664,4.8703,0,29,120,2009-10-30
300026.SZ,2015-01-20,25.56,26.27,26.27,25.24,25.14,1.13,4.49,78627.5,204877.0,1.8758,3.1809,1.59,44.4179,35.8239,6.8274,7.1912,5.626,0.2533,0.2533,57409.5,41916.8,24718.5,1508150.0,1101160.0,10.336,27.65,22.63,0.0000,0.20371687610855166,4.8703,0,29,120,2009-10-30
300026.SZ,2015-01-21,26.46,27.39,27.8,26.46,26.27,1.12,4.26,142777.0,391308.0,3.4062,5.7761,2.85,46.3116,37.3512,7.1184,7.4978,5.8658,0.2429,0.2429,57409.5,41916.8,24718.5,1572450.0,1148100.0,10.336,28.9,23.64,0.0000,0.11406778693430272,4.8703,0,29,120,2009-10-30
300026.SZ,2015-01-22,27.27,27.69,27.98,27.27,27.39,0.3,1.1,72612.5,200602.0,1.7323,2.9376,1.0,46.8188,37.7603,7.1964,7.58,5.9301,0.2403,0.2403,57409.5,41916.8,24718.5,1589670.0,1160680.0,10.336,30.13,24.65,0.0000,0.09388737674040369,4.8703,0,29,120,2009-10-30
300026.SZ,2015-01-23,27.71,27.2,27.98,27.04,27.69,-0.49,-1.77,62020.9,170458.0,1.4796,2.5091,0.79,45.9903,37.0921,7.0691,7.4458,5.8251,0.2446,0.2446,57409.5,41916.8,24718.5,1561540.0,1140140.0,10.336,30.46,24.92,0.0000,-0.04668766692623868,4.8703,0,29,120,2009-10-30
300026.SZ,2015-01-26,27.21,27.56,27.6,26.8,27.2,0.36,1.32,46137.2,125894.0,1.1007,1.8665,0.55,46.599,37.583,7.1626,7.5444,5.9022,0.2414,0.2414,57409.5,41916.8,24718.5,1582210.0,1155230.0,10.336,29.92,24.48,0.0000,0.09415595028339274,4.8703,0,29,120,2009-10-30
300026.SZ,2015-01-27,27.53,28.23,28.28,27.46,27.56,0.67,2.43,81466.2,226894.0,1.9435,3.2958,1.01,47.7319,38.4967,7.3367,7.7278,6.0457,0.2357,0.2357,57409.5,41916.8,24718.5,1620670.0,1183310.0,10.336,30.32,24.8,0.0000,0.15244568115453652,4.8703,0,29,120,2009-10-30
300026.SZ,2015-01-28,28.15,27.96,28.5,27.9,28.23,-0.27,-0.96,53595.2,151429.0,1.2786,2.1682,0.66,47.2754,38.1285,7.2666,7.6539,5.9879,0.238,0.238,57409.5,41916.8,24718.5,1605170.0,1171990.0,10.336,31.05,25.41,0.0000,0.04958735872524407,4.8703,0,29,120,2009-10-30
300026.SZ,2015-01-29,27.84,27.6,28.0,27.46,27.96,-0.36,-1.29,43050.6,119282.0,1.027,1.7416,0.68,46.6667,37.6376,7.173,7.5553,5.9108,0.2411,0.2411,57409.5,41916.8,24718.5,1584500.0,1156900.0,10.336,30.76,25.16,0.0000,0.01935910706875153,4.8703,0,29,120,2009-10-30
300026.SZ,2015-01-30,27.69,26.65,27.7,26.61,27.6,-0.95,-3.44,45345.1,123243.0,1.0818,1.8345,0.79,45.0604,36.3421,6.9261,7.2953,5.7074,0.2497,0.2497,57409.5,41916.8,24718.5,1529960.0,1117080.0,10.336,30.36,24.84,0.0000,-0.1432964606820513,4.8703,0,29,120,2009-10-30
300026.SZ,2015-02-02,26.7,27.01,27.28,26.28,26.65,0.36,1.35,44805.3,120927.0,1.0689,1.8126,0.83,45.6691,36.833,7.0197,7.3938,5.7845,0.2464,0.2464,57409.5,41916.8,24718.5,1550630.0,1132170.0,10.336,29.32,23.99,0.0000,0.0110236513300509,4.8703,0,29,120,2009-10-30
300026.SZ,2015-02-03,27.1,27.5,27.78,27.1,27.01,0.49,1.81,56433.1,155508.0,1.3463,2.283,1.05,46.4976,37.5012,7.147,7.5279,5.8894,0.242,0.242,57409.5,41916.8,24718.5,1578760.0,1152710.0,10.336,29.71,24.31,0.0000,0.03298318715603769,4.8703,0,29,120,2009-10-30
300026.SZ,2015-02-04,27.7,27.7,28.13,27.5,27.5,0.2,0.73,47152.7,131298.0,1.1249,1.9076,0.97,46.8357,37.774,7.199,7.5827,5.9322,0.2402,0.2402,57409.5,41916.8,24718.5,1590240.0,1161100.0,10.336,30.25,24.75,0.0000,0.0854506991466223,4.8703,0,29,120,2009-10-30
300026.SZ,2015-02-05,27.74,27.52,28.12,27.5,27.7,-0.18,-0.65,59869.4,166562.0,1.4283,2.422,1.26,46.5314,37.5285,7.1522,7.5334,5.8937,0.2418,0.2418,57409.5,41916.8,24718.5,1579910.0,1153550.0,10.336,30.47,24.93,0.0000,0.04971206455151068,4.8703,0,29,120,2009-10-30
300026.SZ,2015-02-06,27.68,27.45,27.95,27.09,27.52,-0.07,-0.25,44521.1,122660.0,1.0621,1.8011,0.88,46.413,37.433,7.134,7.5143,5.8787,0.2424,0.2424,57409.5,41916.8,24718.5,1575890.0,1150620.0,10.336,30.27,24.77,0.0000,0.08341593357576611,4.8703,0,29,120,2009-10-30
300026.SZ,2015-02-09,27.44,27.44,27.89,27.26,27.45,-0.01,-0.04,30990.1,85503.6,0.7393,1.2537,0.61,46.3961,37.4194,7.1314,7.5115,5.8765,0.2425,0.2425,57409.5,41916.8,24718.5,1575320.0,1150200.0,10.336,30.2,24.71,0.0000,0.08080162741096415,4.8703,0,29,120,2009-10-30
300026.SZ,2015-02-10,27.25,26.88,27.65,26.7,27.44,-0.56,-2.04,41237.5,111966.0,0.9838,1.6683,0.86,45.4493,36.6557,6.9859,7.3582,5.7566,0.2476,0.2476,57409.5,41916.8,24718.5,1543170.0,1126720.0,10.336,30.18,24.7,0.0000,-0.10672343492398394,4.8703,0,29,120,2009-10-30
300026.SZ,2015-02-11,26.73,27.02,27.1,26.73,26.88,0.14,0.52,32807.7,88196.1,0.7827,1.3272,0.73,45.686,36.8467,7.0223,7.3966,5.7866,0.2463,0.2463,57409.5,41916.8,24718.5,1551210.0,1132590.0,10.336,29.57,24.19,0.0000,-0.009992577601822879,4.8703,0,29,120,2009-10-30
300026.SZ,2015-02-12,26.98,27.57,27.57,26.9,27.02,0.55,2.04,54125.4,147307.0,1.2913,2.1897,1.29,46.6159,37.5967,7.1652,7.5471,5.9044,0.2414,0.2414,57409.5,41916.8,24718.5,1582780.0,1155650.0,10.336,29.72,24.32,0.0000,0.20155579554803507,4.8703,0,29,120,2009-10-30
300026.SZ,2015-02-13,27.7,27.72,27.88,27.53,27.57,0.15,0.54,46709.8,129508.0,1.1143,1.8897,1.15,46.8696,37.8012,7.2042,7.5882,5.9365,0.2401,0.2401,57409.5,41916.8,24718.5,1591390.0,1161930.0,10.336,30.33,24.81,0.0000,0.07540166402993782,4.8703,0,29,120,2009-10-30
300026.SZ,2015-02-16,27.9,28.61,28.82,27.77,27.72,0.89,3.21,77278.7,219591.0,1.8436,3.1263,1.88,48.3744,39.0149,7.4355,7.8318,6.1271,0.2326,0.2326,57409.5,41916.8,24718.5,1642490.0,1199240.0,10.336,30.49,24.95,0.0000,0.023010578497198692,4.8703,0,29,120,2009-10-30
300026.SZ,2015-02-17,28.8,28.7,29.01,28.4,28.61,0.09,0.31,54400.3,156057.0,1.2978,2.2008,1.08,48.5266,36.8743,7.0244,7.8564,5.7539,0.2319,0.2319,57409.5,41916.8,24718.5,1647650.0,1203010.0,10.336,31.47,25.75,0.0000,0.02512148574327049,4.8703,0,29,120,2009-10-30
300026.SZ,2015-02-25,28.75,28.39,28.95,28.31,28.7,-0.31,-1.08,36004.2,102637.0,0.8589,1.4566,0.68,48.0024,36.476,6.9485,7.7716,5.6917,0.2344,0.2344,57409.5,41916.8,24718.5,1629860.0,1190020.0,10.336,31.57,25.83,0.0000,-0.08215084731825159,4.8703,0,29,120,2009-10-30
300026.SZ,2015-02-26,28.45,28.14,28.83,27.88,28.39,-0.25,-0.88,59118.4,167143.0,1.4104,2.3917,1.1,47.5797,36.1548,6.8873,7.7031,5.6416,0.2365,0.2365,57409.5,41916.8,24718.5,1615500.0,1179540.0,10.336,31.23,25.55,0.0000,-0.12479708831073329,4.8703,0,29,120,2009-10-30
300026.SZ,2015-02-27,28.01,28.18,28.32,27.89,28.14,0.04,0.14,72147.4,203000.0,1.7212,2.9188,1.32,47.6473,36.2062,6.8971,7.7141,5.6496,0.2361,0.2361,57409.5,41916.8,24718.5,1617800.0,1181220.0,10.336,30.95,25.33,0.0000,-0.09615615909774061,4.8703,0,29,120,2009-10-30
300026.SZ,2015-03-19,31.0,31.0,31.0,31.0,28.18,2.82,10.01,11885.9,36846.2,0.2817,0.4757,0.2,55.4825,42.16,8.0312,8.9826,6.5786,0.2147,0.2147,60768.8,42186.4,24988.1,1883830.0,1307780.0,10.336,31.0,25.36,0.0000,0.09569112339104127,4.8703,0,29,120,2009-10-30
300026.SZ,2015-03-20,33.2,31.43,33.2,31.09,31.0,0.43,1.39,271968.0,872694.0,6.4468,10.8839,5.82,56.2521,42.7448,8.1426,9.1072,6.6699,0.2117,0.2117,60768.8,42186.4,24988.1,1909960.0,1325920.0,10.336,34.1,27.9,0.0000,-0.0455918320289008,4.8703,0,29,120,2009-10-30
300026.SZ,2015-03-23,31.48,31.68,31.99,31.48,31.43,0.25,0.8,113497.0,360094.0,2.6904,4.542,1.26,56.6995,43.0848,8.2074,9.1796,6.7229,0.21,0.21,60768.8,42186.4,24988.1,1925160.0,1336470.0,10.336,34.57,28.29,0.0000,-0.11383532238025586,4.8703,0,29,120,2009-10-30
300026.SZ,2015-03-24,31.68,33.66,33.85,31.6,31.68,1.98,6.25,150651.0,497531.0,3.5711,6.0289,1.42,56.913,43.247,8.2383,9.2142,6.7483,0.1977,0.1977,57409.5,42186.4,24988.1,1932410.0,1419990.0,10.336,34.85,28.51,0.0000,0.04014045700292152,4.8703,0,29,120,2009-10-30
300026.SZ,2015-03-25,33.7,33.77,34.45,33.1,33.66,0.11,0.33,100719.0,340402.0,2.3875,4.0307,0.81,57.099,43.3883,8.2652,9.2443,6.7703,0.197,0.197,57409.5,42186.4,24988.1,1938720.0,1424630.0,10.336,37.03,30.29,0.0000,-0.03969519036255794,4.8703,0,29,120,2009-10-30
300026.SZ,2015-03-26,33.7,32.45,33.79,31.6,33.77,-1.32,-3.91,101570.0,331798.0,2.4076,4.0647,0.78,54.8671,41.6924,7.9422,8.883,6.5057,0.1937,0.1937,57409.5,42186.4,24988.1,1862940.0,1368950.0,10.336,37.15,30.39,0.0000,-0.13928049237531678,4.8703,0,29,120,2009-10-30
300026.SZ,2015-03-27,32.6,32.77,33.2,32.3,32.45,0.32,0.99,69160.6,226679.0,1.6394,2.7677,0.47,58.6504,44.5672,6.3645,9.4955,6.9543,0.1918,0.1918,60768.8,42186.4,24988.1,1991390.0,1382450.0,10.336,35.7,29.21,0.0000,-0.057611653642189155,4.8703,0,29,120,2009-10-30
300026.SZ,2015-03-30,33.05,33.54,33.73,33.0,32.77,0.77,2.35,77165.3,257777.0,1.8292,3.0881,0.72,60.0285,45.6143,6.514,9.7186,7.1177,0.1874,0.1874,60768.8,42186.4,24988.1,2038190.0,1414930.0,10.336,36.05,29.49,0.0000,0.10887133373047346,4.8703,0,29,120,2009-10-30
300026.SZ,2015-03-31,33.5,32.8,33.5,32.48,33.54,-0.74,-2.21,136753.0,448036.0,3.2416,5.4727,1.37,44.5897,44.5897,6.1034,6.9606,6.9606,0.1917,0.1917,60768.8,42186.4,24988.1,1993220.0,1383710.0,10.336,36.89,30.19,0.0000,-0.09004544103709937,4.4682,0,29,120,2009-10-30
300026.SZ,2015-04-01,32.76,33.16,33.29,32.51,32.8,0.36,1.1,101746.0,335521.0,2.4118,4.0718,1.05,45.0791,45.0791,6.1704,7.037,7.037,0.1896,0.1896,60768.8,42186.4,24988.1,2015090.0,1398900.0,10.336,36.08,29.52,0.0000,-0.0147133417682228,4.4682,0,29,120,2009-10-30
300026.SZ,2015-04-02,33.5,36.18,36.3,33.5,33.16,3.02,9.11,162216.0,556376.0,3.8452,6.4917,1.67,49.1846,49.1846,6.7323,7.6779,7.6779,0.1738,0.1738,60768.8,42186.4,24988.1,2198620.0,1526300.0,10.336,36.48,29.84,0.0000,0.05282459542664732,4.4682,0,29,120,2009-10-30
300026.SZ,2015-04-03,35.38,35.88,36.3,34.8,36.18,-0.3,-0.83,94997.5,337494.0,2.2519,3.8017,0.87,48.7768,48.7768,6.6765,7.6142,7.6142,0.1752,0.1752,60768.8,42186.4,24988.1,2180380.0,1513650.0,10.336,39.8,32.56,0.0000,-0.10850478634278889,4.4682,0,29,120,2009-10-30
300026.SZ,2015-06-12,26.24,26.24,26.24,26.24,23.85,2.39,10.02,2122.31,5568.94,0.0333,0.056,0.02,53.5077,52.907,7.2075,8.3528,8.0573,0.1597,0.2541,91153.2,63734.5,37889.6,2391860.0,1672390.0,15.55,26.24,21.47,0.0000,0.43537262626039025,3.0086,0,29,120,2009-10-30
300026.SZ,2015-06-15,28.86,28.86,28.86,28.86,26.24,2.62,9.98,4385.25,12655.8,0.0688,0.1157,0.04,58.8503,58.1897,7.9272,9.1868,8.8618,0.1452,0.231,91153.2,63734.5,37889.6,2630680.0,1839380.0,15.55,28.86,23.62,-0.0002,0.11551803446021179,3.0086,0,29,120,2009-10-30
300026.SZ,2015-06-16,31.75,31.75,31.75,29.03,28.86,2.89,10.01,401407.0,1262290.0,6.2981,10.5941,5.49,64.7435,64.0167,8.721,10.1067,9.7492,0.132,0.21,91153.2,63734.5,37889.6,2894110.0,2023570.0,15.55,31.75,25.97,0.0000,-0.060726768223421594,3.0086,0,29,120,2009-10-30
300026.SZ,2015-06-17,31.0,30.45,32.8,28.8,31.75,-1.3,-4.09,315164.0,958623.0,4.9449,8.318,2.37,62.0926,61.3955,8.3639,9.6929,9.35,0.1376,0.2189,91153.2,63734.5,37889.6,2775620.0,1940710.0,15.55,34.93,28.58,0.0000,-0.032238976359881946,3.0086,0,29,120,2009-10-30
300026.SZ,2015-06-18,30.0,27.45,30.0,27.41,30.45,-3.0,-9.85,292048.0,838660.0,4.5823,7.7079,1.78,55.9751,55.3467,7.5399,8.7379,8.4288,0.1527,0.2429,91153.2,63734.5,37889.6,2502160.0,1749510.0,15.55,33.5,27.41,0.0000,-0.14064454712742142,3.0086,0,29,120,2009-10-30
300026.SZ,2015-06-19,27.35,27.89,28.92,26.37,27.45,0.44,1.6,279531.0,771929.0,4.3859,7.3775,1.38,56.8723,56.2339,7.6608,8.878,8.5639,0.1503,0.239,91153.2,63734.5,37889.6,2542260.0,1777550.0,15.55,30.2,24.71,0.0000,-0.03148770158020488,3.0086,0,29,120,2009-10-30
300026.SZ,2015-06-23,27.92,27.82,28.9,26.01,27.89,-0.07,-0.25,223434.0,617923.0,3.5057,5.897,0.86,56.7296,56.0927,7.6415,8.8557,8.5424,0.1506,0.2396,91153.2,63734.5,37889.6,2535880.0,1773090.0,15.55,30.68,25.1,0.0000,-0.10298542046544273,3.0086,0,29,120,2009-10-30
300026.SZ,2015-06-24,27.8,27.38,28.67,26.61,27.82,-0.44,-1.58,206850.0,571478.0,3.2455,5.4593,0.68,55.8323,55.2056,7.5207,8.7156,8.4073,0.1531,0.2435,91153.2,63734.5,37889.6,2495780.0,1745050.0,15.55,30.6,25.04,0.0000,-0.07835331857397262,3.0086,0,29,120,2009-10-30
300026.SZ,2015-06-25,27.6,25.2,27.8,24.99,27.38,-2.18,-7.96,193640.0,508390.0,3.0382,5.1106,0.74,51.3869,50.8101,6.9219,8.0217,7.7379,0.1663,0.2646,91153.2,63734.5,37889.6,2297060.0,1606110.0,15.55,30.12,24.64,0.0000,-0.11027078060312574,3.0086,0,29,120,2009-10-30
300026.SZ,2015-06-26,24.1,22.68,25.0,22.68,25.2,-2.52,-10.0,179000.0,416820.0,2.8085,4.7243,0.75,46.2482,45.7291,6.2297,7.2195,6.9641,0.1848,0.2939,91153.2,63734.5,37889.6,2067360.0,1445500.0,15.55,27.72,22.68,0.0000,-0.1300630450027583,3.0086,0,29,120,2009-10-30
300026.SZ,2015-06-29,23.22,20.41,23.5,20.41,22.68,-2.27,-10.01,242868.0,512342.0,3.8106,6.4099,1.12,41.6193,41.1522,5.6062,6.4969,6.2671,0.2053,0.3266,91153.2,63734.5,37889.6,1860440.0,1300820.0,15.55,24.95,20.41,0.0000,-0.09837560845607361,3.0086,0,29,120,2009-10-30
300026.SZ,2015-06-30,19.51,22.44,22.45,18.37,20.41,2.03,9.95,308064.0,627826.0,4.8336,8.1306,1.47,45.7588,45.2452,6.1638,7.1431,6.8904,0.1868,0.2971,91153.2,63734.5,37889.6,2045480.0,1430200.0,15.55,22.45,18.37,0.0000,0.001273202052262228,3.0086,0,29,120,2009-10-30
300026.SZ,2015-07-01,22.15,22.2,23.99,21.54,22.44,-0.24,-1.07,292335.0,673343.0,4.5868,7.7154,1.29,45.2694,44.7613,6.0978,7.0667,6.8167,0.1888,0.3003,91153.2,63734.5,37889.6,2023600.0,1414910.0,15.55,24.68,20.2,0.0000,-0.0017229413650220423,3.0086,0,29,120,2009-10-30
300026.SZ,2015-07-02,22.4,21.86,23.33,20.45,22.2,-0.34,-1.53,233266.0,522002.0,3.66,6.1565,0.96,44.5761,44.0758,6.0044,6.9585,6.7123,0.1917,0.305,91153.2,63734.5,37889.6,1992610.0,1393240.0,15.55,24.42,19.98,0.0000,-0.014758300447583453,3.0086,0,29,120,2009-10-30
300026.SZ,2015-07-03,20.8,21.21,24.03,19.8,21.86,-0.65,-2.97,268706.0,584273.0,4.216,7.0918,1.07,43.2507,42.7652,5.8259,6.7516,6.5127,0.1976,0.3143,91153.2,63734.5,37889.6,1933360.0,1351810.0,15.55,24.05,19.67,0.0000,-0.041588530466823696,3.0086,0,29,120,2009-10-30
300026.SZ,2015-07-06,23.33,20.51,23.33,19.09,21.21,-0.7,-3.3,260350.0,550831.0,4.0849,6.8713,0.97,41.8233,41.3538,5.6336,6.5288,6.2978,0.2043,0.325,91153.2,63734.5,37889.6,1869550.0,1307190.0,15.55,23.33,19.09,0.0000,-0.09996586923392314,3.0086,0,29,120,2009-10-30
300026.SZ,2015-07-07,19.99,18.46,20.07,18.46,20.51,-2.05,-10.0,132244.0,249362.0,2.0749,3.4903,0.49,37.643,37.2204,5.0705,5.8762,5.6683,0.227,0.3611,91153.2,63734.5,37889.6,1682690.0,1176540.0,15.55,22.56,18.46,0.0000,-0.1308272573679532,3.0086,0,29,120,2009-10-30
300026.SZ,2015-07-13,20.31,20.31,20.31,20.31,18.46,1.85,10.02,4754.07,9655.52,0.0746,0.1255,0.02,41.4154,40.9505,5.5787,6.4651,6.2364,0.2064,0.3282,91153.2,63734.5,37889.6,1851320.0,1294450.0,15.55,20.31,16.61,-0.0001,0.18232247082335343,3.0086,0,29,120,2009-10-30
300026.SZ,2015-07-14,22.34,22.34,22.34,22.34,20.31,2.03,10.0,6852.31,15308.1,0.1075,0.1808,0.04,45.5549,45.0436,6.1363,7.1113,6.8597,0.1876,0.2984,91153.2,63734.5,37889.6,2036360.0,1423830.0,15.55,22.34,18.28,0.0001,0.19070520077363184,3.0086,0,29,120,2009-10-30
300026.SZ,2015-07-15,23.0,20.11,23.26,20.11,22.34,-2.23,-9.98,320882.0,687823.0,5.0347,8.4689,2.38,41.0076,40.5473,5.5238,6.4014,6.175,0.2084,0.3315,91153.2,63734.5,37889.6,1833090.0,1281700.0,15.55,24.57,20.11,0.0000,-0.10859027842208621,3.0086,0,29,120,2009-10-30
300026.SZ,2015-07-16,19.8,20.85,21.8,18.12,20.11,0.74,3.68,230771.0,470967.0,3.6208,6.0906,1.59,42.5166,42.0393,5.727,6.637,6.4022,0.201,0.3197,91153.2,63734.5,37889.6,1900540.0,1328860.0,15.55,22.12,18.1,0.0000,-0.015558791227771197,3.0086,0,29,120,2009-10-30
300026.SZ,2015-07-17,20.91,22.03,22.38,20.89,20.85,1.18,5.66,221157.0,481067.0,3.47,5.8369,1.59,44.9228,44.4185,6.0511,7.0126,6.7645,0.1902,0.3026,91153.2,63734.5,37889.6,2008110.0,1404070.0,15.55,22.94,18.77,0.0000,-0.027067201912414286,3.0086,0,29,120,2009-10-30
300026.SZ,2015-07-20,22.36,22.15,23.03,21.58,22.03,0.12,0.54,221229.0,493768.0,3.4711,5.8388,1.41,45.1675,44.6605,6.0841,7.0508,6.8014,0.1892,0.301,91153.2,63734.5,37889.6,2019040.0,1411720.0,15.55,24.23,19.83,0.0000,-0.03830429473163769,3.0086,0,29,120,2009-10-30
300026.SZ,2015-07-21,21.74,21.99,22.49,21.42,22.15,-0.16,-0.72,174320.0,384501.0,2.7351,4.6007,0.87,44.8412,44.3379,6.0402,6.9999,6.7523,0.1906,0.3032,91153.2,63734.5,37889.6,2004460.0,1401520.0,15.55,24.37,19.94,0.0000,-0.007593370295989091,3.0086,0,29,120,2009-10-30
300026.SZ,2015-07-22,22.15,22.29,22.78,21.8,21.99,0.3,1.36,196849.0,438664.0,3.0886,5.1953,0.84,45.453,44.9427,6.1226,7.0954,6.8444,0.188,0.2991,91153.2,63734.5,37889.6,2031810.0,1420640.0,15.55,24.19,19.79,0.0000,-0.008418449777196468,3.0086,0,29,120,2009-10-30
300026.SZ,2015-07-23,22.4,23.27,23.63,22.21,22.29,0.98,4.4,231141.0,528395.0,3.6266,6.1004,1.11,47.4514,46.9187,6.3917,7.4073,7.1453,0.1801,0.2865,91153.2,63734.5,37889.6,2121140.0,1483100.0,15.55,24.52,20.06,0.0000,0.08474417511242924,3.0086,0,29,120,2009-10-30
300026.SZ,2015-07-24,23.03,22.32,23.5,22.17,23.27,-0.95,-4.08,233857.0,535342.0,3.6692,6.1721,1.12,45.5141,45.0032,6.1308,7.1049,6.8536,0.1878,0.2987,91153.2,63734.5,37889.6,2034540.0,1422550.0,15.55,25.6,20.94,0.0000,-0.1504966682551283,3.0086,0,29,120,2009-10-30
300026.SZ,2015-07-27,21.56,20.09,22.18,20.09,22.32,-2.23,-9.99,194390.0,412046.0,3.05,5.1304,0.92,40.9668,40.5069,5.5183,6.3951,6.1688,0.2086,0.3318,91153.2,63734.5,37889.6,1831270.0,1280430.0,15.55,24.55,20.09,0.0000,-0.16347856194106136,3.0086,0,29,120,2009-10-30
300026.SZ,2015-07-28,18.5,18.88,19.87,18.08,20.09,-1.21,-6.02,293921.0,546351.0,4.6117,7.7573,1.43,38.4994,38.0673,5.1859,6.0099,5.7973,0.222,0.3531,91153.2,63734.5,37889.6,1720970.0,1203310.0,15.55,22.1,18.08,0.0000,-0.12760556727259167,3.0086,0,29,120,2009-10-30
300026.SZ,2015-07-29,19.1,19.66,19.8,18.3,18.88,0.78,4.13,187657.0,357654.0,2.9444,4.9527,0.82,40.09,39.6399,5.4002,6.2582,6.0368,0.2132,0.3391,91153.2,63734.5,37889.6,1792070.0,1253020.0,15.55,20.77,16.99,0.0000,0.006449952542534174,3.0086,0,29,120,2009-10-30
300026.SZ,2015-07-30,19.5,18.52,19.71,18.5,19.66,-1.14,-5.8,191821.0,368329.0,3.0097,5.0626,0.84,37.7653,37.3414,5.087,5.8953,5.6868,0.2263,0.36,91153.2,63734.5,37889.6,1688160.0,1180360.0,15.55,21.63,17.69,0.0000,-0.13150271573589975,3.0086,0,29,120,2009-10-30
300026.SZ,2015-07-31,18.3,17.95,18.58,17.61,18.52,-0.57,-3.08,146464.0,266408.0,2.298,3.8656,0.66,36.603,36.1921,4.9305,5.7139,5.5117,0.2335,0.3714,91153.2,63734.5,37889.6,1636200.0,1144030.0,15.55,20.37,16.67,0.0000,-0.1690763165782951,3.0086,0,29,120,2009-10-30
300026.SZ,2015-08-03,17.45,18.26,18.6,17.01,17.95,0.31,1.73,182920.0,325010.0,2.87,4.8277,0.9,37.2351,36.8172,5.0156,5.8125,5.6069,0.2295,0.3651,91153.2,63734.5,37889.6,1664460.0,1163790.0,15.55,19.75,16.16,0.0000,-0.03321939503932068,3.0086,0,29,120,2009-10-30
300026.SZ,2015-08-04,18.44,19.62,19.7,18.2,18.26,1.36,7.45,183231.0,347412.0,2.8749,4.8359,0.91,40.0084,39.5593,5.3892,6.2455,6.0245,0.2136,0.3398,91153.2,63734.5,37889.6,1788430.0,1250470.0,15.55,20.09,16.43,0.0000,0.061024530830859944,3.0086,0,29,120,2009-10-30
300026.SZ,2015-08-05,19.74,19.16,19.77,18.88,19.62,-0.46,-2.34,170914.0,329240.0,2.6817,4.5109,0.96,39.0704,38.6318,5.2628,6.099,5.8833,0.2187,0.3479,91153.2,63734.5,37889.6,1746500.0,1221150.0,15.55,21.58,17.66,0.0000,-0.020493227024517578,3.0086,0,29,120,2009-10-30
300026.SZ,2015-08-06,18.61,18.57,19.17,18.35,19.16,-0.59,-3.08,97837.2,183768.0,1.5351,2.5822,0.56,37.8673,37.4422,5.1008,5.9112,5.7021,0.2257,0.359,91153.2,63734.5,37889.6,1692720.0,1183550.0,15.55,21.08,17.24,0.0000,-0.12510986827915951,3.0086,0,29,120,2009-10-30
300026.SZ,2015-08-07,18.83,19.3,19.6,18.73,18.57,0.73,3.93,150582.0,290453.0,2.3626,3.9742,0.96,39.3559,38.9141,5.3013,6.1436,5.9263,0.2171,0.3454,91153.2,63734.5,37889.6,1759260.0,1230080.0,15.55,20.43,16.71,0.0000,0.08825649984305131,3.0086,0,29,120,2009-10-30
300026.SZ,2015-08-10,19.53,20.24,20.55,19.3,19.3,0.94,4.87,184472.0,368449.0,2.8944,4.8687,1.17,41.2727,40.8094,5.5595,6.4428,6.2149,0.2071,0.3294,91153.2,63734.5,37889.6,1844940.0,1289990.0,15.55,21.23,17.37,0.0000,-0.03317272939836108,3.0086,0,29,120,2009-10-30
300026.SZ,2015-08-11,20.6,20.1,20.6,19.81,20.24,-0.14,-0.69,160476.0,324368.0,2.5179,4.2354,1.02,40.9872,40.5271,5.521,6.3983,6.1719,0.2085,0.3317,91153.2,63734.5,37889.6,1832180.0,1281060.0,15.55,22.26,18.22,0.0000,-0.0350346283481484,3.0086,0,29,120,2009-10-30
300026.SZ,2015-08-12,19.98,19.82,20.21,19.67,20.1,-0.28,-1.39,94646.6,188698.0,1.485,2.498,0.62,40.4162,39.9626,5.4441,6.3091,6.0859,0.2115,0.3364,91153.2,63734.5,37889.6,1806660.0,1263220.0,15.55,22.11,18.09,0.0000,-0.0472921464299729,3.0086,0,29,120,2009-10-30
300026.SZ,2015-08-13,20.02,20.48,20.68,19.91,19.82,0.66,3.33,147458.0,299479.0,2.3136,3.8918,1.07,41.7621,41.2933,5.6254,6.5192,6.2886,0.2046,0.3255,91153.2,63734.5,37889.6,1866820.0,1305280.0,15.55,21.8,17.84,0.0000,0.07361724736064068,3.0086,0,29,120,2009-10-30
300026.SZ,2015-08-14,20.7,20.54,20.99,20.28,20.48,0.06,0.29,153744.0,316863.0,2.4123,4.0577,1.04,41.8844,41.4143,5.6419,6.5383,6.307,0.204,0.3246,91153.2,63734.5,37889.6,1872290.0,1309110.0,15.55,22.53,18.43,0.0000,0.0014113348193459437,3.0086,0,29,120,2009-10-30
300026.SZ,2015-08-17,20.13,20.41,20.66,19.79,20.54,-0.13,-0.63,138781.0,279840.0,2.1775,3.6628,0.94,41.6193,41.1522,5.6062,6.4969,6.2671,0.2053,0.3266,91153.2,63734.5,37889.6,1860440.0,1300820.0,15.55,22.59,18.49,0.0000,-0.031056738923664177,3.0086,0,29,120,2009-10-30
300026.SZ,2015-08-18,20.65,18.99,20.99,18.8,20.41,-1.42,-6.96,251470.0,509023.0,3.9456,6.6369,1.81,38.7237,36.4967,4.9626,6.0449,5.628,0.2207,0.3511,91153.2,63734.5,37889.6,1731000.0,1210320.0,15.55,22.45,18.37,0.0000,0.008348907370673729,4.6074,0,29,120,2009-10-30
300026.SZ,2015-08-19,18.52,19.43,19.49,17.85,18.99,0.44,2.32,133209.0,251803.0,2.0823,3.4937,0.85,39.621,37.3424,5.0775,6.185,5.7584,0.2157,0.3431,91153.2,63972.9,38128.0,1771110.0,1242990.0,15.55,20.89,17.09,0.0000,-0.10515295962240918,4.6074,0,29,120,2009-10-30
300026.SZ,2015-08-20,19.41,19.4,20.3,18.93,19.43,-0.03,-0.15,126759.0,248039.0,1.9814,3.3246,0.77,39.5598,37.2847,5.0697,6.1754,5.7495,0.216,0.3436,91153.2,63972.9,38128.0,1768370.0,1241070.0,15.55,21.37,17.49,0.0000,-0.017216276302736713,4.6074,0,29,120,2009-10-30
300026.SZ,2015-08-21,18.95,18.65,19.3,18.06,19.4,-0.75,-3.87,156023.0,293172.0,2.4389,4.0921,0.97,38.0304,35.8433,4.8737,5.9367,5.5273,0.2247,0.3575,91153.2,63972.9,38128.0,1700010.0,1193090.0,15.55,21.34,17.46,0.0000,0.0002910360376232659,4.6074,0,29,120,2009-10-30
300026.SZ,2015-08-24,17.9,16.79,18.31,16.79,18.65,-1.86,-9.97,165689.0,281787.0,2.59,4.3456,1.03,34.2376,32.2686,4.3876,5.3446,4.976,0.2496,0.3971,91153.2,63972.9,38128.0,1530460.0,1074110.0,15.55,20.52,16.79,0.0000,-0.14421517424557204,4.6074,0,29,120,2009-10-30
300026.SZ,2015-08-25,15.22,17.0,17.2,15.11,16.79,0.21,1.25,273407.0,439226.0,4.2738,7.1708,1.64,34.6658,32.6722,4.4425,5.4115,5.0383,0.2465,0.3922,91153.2,63972.9,38128.0,1549600.0,1087540.0,15.55,18.47,15.11,0.0000,0.03212640045284711,4.6074,0,29,120,2009-10-30
300026.SZ,2015-08-26,17.55,17.0,17.85,16.51,17.0,0.0,0.0,190153.0,328866.0,2.9724,5.0589,1.11,34.6658,32.6722,4.4425,5.4115,5.0383,0.2465,0.3922,91153.2,63972.9,37587.7,1549600.0,1087540.0,15.55,18.7,15.3,0.0000,-0.05906923795931312,4.6074,0,29,120,2009-10-30
300026.SZ,2015-08-27,17.06,17.58,17.78,16.71,17.0,0.58,3.41,144170.0,249534.0,2.2536,3.896,0.79,35.8485,33.7869,4.5941,5.5961,5.2102,0.2384,0.3792,91153.2,63972.9,37004.4,1602470.0,1124640.0,15.55,18.7,15.3,0.0000,-0.08519040813902046,4.6074,0,29,120,2009-10-30
300026.SZ,2015-08-28,18.1,18.7,18.7,17.57,17.58,1.12,6.37,160050.0,287925.0,2.5018,4.3252,0.86,38.1324,35.9394,4.8868,5.9526,5.5421,0.2241,0.3565,91153.2,63972.9,37004.4,1704570.0,1196290.0,15.55,19.34,15.82,0.0000,-0.019913200020296444,4.6074,0,29,120,2009-10-30
300026.SZ,2015-08-31,18.47,18.49,18.5,17.61,18.7,-0.21,-1.12,117203.0,211118.0,1.8321,3.1673,0.63,37.7041,35.5358,4.8319,5.8858,5.4799,0.2267,0.3606,91153.2,63972.9,37004.4,1685420.0,1182860.0,15.55,20.57,16.83,0.0000,-0.011975613936163818,4.6074,0,29,120,2009-10-30
300026.SZ,2015-09-01,17.99,16.8,18.0,16.64,18.49,-1.69,-9.14,95238.1,162499.0,1.4887,2.5737,0.54,34.258,32.2878,4.3903,5.3478,4.979,0.2495,0.3968,91153.2,63972.9,37004.4,1531370.0,1074740.0,15.55,20.34,16.64,0.0000,-0.15458257556468585,4.6074,0,29,120,2009-10-30
300026.SZ,2015-09-02,16.0,15.79,16.98,15.12,16.8,-1.01,-6.01,251828.0,397389.0,3.9365,6.8053,1.78,32.1984,30.3467,4.1263,5.0263,4.6797,0.2654,0.4222,91153.2,63972.9,37004.4,1439310.0,1010130.0,15.55,18.48,15.12,0.0000,-0.15041718917853386,4.6074,0,29,120,2009-10-30
300026.SZ,2015-09-07,15.86,16.0,16.6,15.83,15.79,0.21,1.33,122865.0,199138.0,1.9206,3.3203,0.8,32.6266,30.7503,4.1812,5.0931,4.7419,0.2619,0.4167,91153.2,63972.9,37004.4,1458450.0,1023570.0,15.55,17.37,14.21,0.0000,-0.05201564381591175,4.6074,0,29,120,2009-10-30
300026.SZ,2015-09-08,15.94,16.63,16.63,15.41,16.0,0.63,3.94,127163.0,204006.0,1.9878,3.4364,0.85,33.9113,31.9611,4.3458,5.2937,4.9286,0.252,0.4009,91153.2,63972.9,37004.4,1515880.0,1063870.0,15.55,17.6,14.4,0.0000,-0.03992808908897336,4.6074,0,29,120,2009-10-30
300026.SZ,2015-09-17,17.88,15.95,17.88,15.9,16.63,-0.68,-4.09,157817.0,268672.0,2.4669,4.2648,1.1,32.5247,30.6542,4.1681,5.0772,4.7271,0.2628,0.418,91153.2,63972.9,37004.4,1453890.0,1020370.0,15.55,18.29,14.97,0.0000,-0.18906103497190932,4.6074,0,29,120,2009-10-30
300026.SZ,2015-09-18,15.78,16.11,16.25,15.55,15.95,0.16,1.0,84415.7,134457.0,1.3196,2.2812,0.56,32.8509,30.9617,4.2099,5.1282,4.7745,0.2601,0.4138,91153.2,63972.9,37004.4,1468480.0,1030600.0,15.55,17.55,14.36,0.0000,-0.07016636697338118,4.6074,0,29,120,2009-10-30
300026.SZ,2015-09-21,15.88,16.86,16.95,15.83,16.11,0.75,4.66,103329.0,170491.0,1.6152,2.7923,0.69,34.3803,32.4031,4.4059,5.3669,4.9968,0.2486,0.3954,91153.2,63972.9,37004.4,1536840.0,1078580.0,15.55,17.72,14.5,0.0000,0.10665758378765829,4.6074,0,29,120,2009-10-30
300026.SZ,2015-09-22,17.02,16.81,17.14,16.62,16.86,-0.05,-0.3,93628.4,158434.0,1.4636,2.5302,0.79,34.2784,32.307,4.3929,5.351,4.982,0.2493,0.3966,91153.2,63972.9,37004.4,1532290.0,1075380.0,15.55,18.55,15.17,0.0000,-0.06829559819343395,4.6074,0,29,120,2009-10-30
300026.SZ,2015-09-23,16.93,17.1,17.47,16.83,16.81,0.29,1.73,134442.0,231507.0,2.1015,3.6331,1.19,34.8697,32.8643,4.4687,5.4433,5.0679,0.2451,0.3899,91153.2,63972.9,37004.4,1558720.0,1093940.0,15.55,18.49,15.13,0.0000,-0.11681456814016969,4.6074,0,29,120,2009-10-30
300026.SZ,2015-09-24,17.16,16.99,17.27,16.77,17.1,-0.11,-0.64,86737.3,147637.0,1.3558,2.3822,0.76,34.6454,32.6529,4.4399,5.4083,5.0353,0.2467,0.3924,91153.2,63972.9,36409.9,1548690.0,1086900.0,15.55,18.81,15.39,0.0000,-0.20174142184875216,4.6074,0,29,120,2009-10-30
300026.SZ,2015-09-25,16.96,16.2,16.96,16.1,16.99,-0.79,-4.65,68285.0,112599.0,1.0674,1.8755,0.68,33.0345,31.1346,4.2335,5.1568,4.8012,0.2587,0.4115,91153.2,63972.9,36409.9,1476680.0,1036360.0,15.55,18.69,15.29,0.0000,-0.3242814931813179,4.6074,0,29,120,2009-10-30
300026.SZ,2015-09-28,16.22,16.64,16.73,16.12,16.2,0.44,2.72,60566.2,99395.6,0.9467,1.6635,0.62,33.9317,31.9803,4.3484,5.2969,4.9316,0.2519,0.4006,91153.2,63972.9,36409.9,1516790.0,1064510.0,15.55,17.82,14.58,0.0000,0.04210434758978689,4.6074,0,29,120,2009-10-30
300026.SZ,2015-09-29,16.16,16.3,16.95,16.16,16.64,-0.34,-2.04,77400.9,127500.0,1.2099,2.1258,0.87,33.2384,31.3268,4.2596,5.1886,4.8308,0.2571,0.409,91153.2,63972.9,36409.9,1485800.0,1042760.0,15.55,18.3,14.98,0.0000,-0.14397898509183266,4.6074,0,29,120,2009-10-30
300026.SZ,2015-09-30,16.31,16.32,16.5,16.2,16.3,0.02,0.12,35616.7,58173.9,0.5567,0.9782,0.42,33.2792,31.3653,4.2648,5.195,4.8367,0.2568,0.4085,91153.2,63972.9,36409.9,1487620.0,1044040.0,15.55,17.93,14.67,0.0000,-0.1783039494967728,4.6074,0,29,120,2009-10-30
300026.SZ,2015-10-08,17.18,17.19,17.38,16.8,16.32,0.87,5.33,108791.0,186219.0,1.7006,2.9879,1.66,35.0532,33.0373,4.4922,5.4719,5.0946,0.2438,0.3878,91153.2,63972.9,36409.9,1566920.0,1099690.0,15.55,17.95,14.69,0.0000,0.10025590663130163,4.6074,0,29,120,2009-10-30
300026.SZ,2015-10-09,17.05,17.23,17.3,17.02,17.19,0.04,0.23,94343.2,162146.0,1.4747,2.5911,1.35,35.1348,33.1142,4.5026,5.4847,5.1064,0.2432,0.3869,91153.2,63972.9,36409.9,1570570.0,1102250.0,15.55,18.91,15.47,0.0000,0.034546851669807595,4.6074,0,29,120,2009-10-30
300026.SZ,2015-10-12,17.34,17.99,18.32,17.3,17.23,0.76,4.41,144698.0,258692.0,2.2619,3.9741,1.92,36.6846,34.5748,4.7012,5.7266,5.3317,0.233,0.3706,91153.2,63972.9,36409.9,1639850.0,1150870.0,15.55,18.95,15.51,0.0000,0.03553733430027491,4.6074,0,29,120,2009-10-30
300026.SZ,2015-10-13,17.96,18.13,18.3,17.8,17.99,0.14,0.78,111022.0,200752.0,1.7355,3.0492,1.2,36.9701,34.8439,4.7378,5.7712,5.3732,0.2312,0.3677,91153.2,63972.9,36409.9,1652610.0,1159830.0,15.55,19.79,16.19,0.0000,0.08423236625335416,4.6074,0,29,120,2009-10-30
300026.SZ,2015-10-14,18.19,17.91,18.22,17.8,18.13,-0.22,-1.21,92233.1,165963.0,1.4418,2.5332,0.93,36.5214,34.4211,4.6803,5.7011,5.308,0.234,0.3722,91153.2,63972.9,36409.9,1632550.0,1145750.0,15.55,19.94,16.32,0.0000,-0.008821635528049694,4.6074,0,29,120,2009-10-30
300026.SZ,2015-10-15,17.8,18.3,18.41,17.75,17.91,0.39,2.18,127358.0,230894.0,1.9908,3.4979,1.16,37.3167,35.1706,4.7822,5.8253,5.4235,0.229,0.3643,91153.2,63972.9,36409.9,1668100.0,1170700.0,15.55,19.7,16.12,0.0000,-0.048171235078370525,4.6074,0,29,120,2009-10-30
300026.SZ,2015-10-16,18.5,18.36,18.64,18.15,18.3,0.06,0.33,132741.0,243575.0,2.075,3.6457,1.17,37.4391,35.2859,4.7979,5.8444,5.4413,0.2283,0.3631,91153.2,63972.9,36409.9,1673570.0,1174540.0,15.55,20.13,16.47,0.0000,-0.04498887868185196,4.6074,0,29,120,2009-10-30
300026.SZ,2015-10-19,18.36,17.93,18.47,17.8,18.36,-0.43,-2.34,125885.0,227762.0,1.9678,3.4574,1.04,36.5622,34.4595,4.6856,5.7075,5.3139,0.2337,0.3718,91153.2,63972.9,36409.9,1634380.0,1147030.0,15.55,20.2,16.52,0.0000,-0.11836808707399422,4.6074,0,29,120,2009-10-30
300026.SZ,2015-10-20,17.9,18.4,18.41,17.76,17.93,0.47,2.62,158938.0,287761.0,2.4845,4.3652,1.35,37.5206,35.3628,4.8084,5.8571,5.4532,0.2278,0.3623,91153.2,63972.9,36409.9,1677220.0,1177100.0,15.55,19.72,16.14,0.0000,0.033245309381652634,4.6074,0,29,120,2009-10-30
300026.SZ,2015-10-21,18.6,17.64,19.17,17.35,18.4,-0.76,-4.13,229381.0,423334.0,3.5856,6.2999,1.8,35.9709,33.9022,4.6098,5.6152,5.2279,0.2376,0.3779,91153.2,63972.9,36409.9,1607940.0,1128480.0,15.55,20.24,16.56,0.0000,-0.027280879113241896,4.6074,0,29,120,2009-10-30
300026.SZ,2015-10-22,17.51,18.82,19.18,17.51,17.64,1.18,6.69,184593.0,336960.0,2.8855,5.0699,1.19,38.3771,36.17,4.9181,5.9908,5.5777,0.2227,0.3542,91153.2,63972.9,36409.9,1715500.0,1203970.0,15.55,19.4,15.88,0.0000,0.10323273729031573,4.6074,0,29,120,2009-10-30
300026.SZ,2015-10-23,19.13,19.49,19.9,19.13,18.82,0.67,3.56,223116.0,435515.0,3.4877,6.1279,1.34,39.7433,37.4577,5.0932,6.2041,5.7762,0.215,0.3421,91153.2,63972.9,36409.9,1776580.0,1246830.0,15.55,20.7,16.94,0.0000,-0.029243142854574477,4.6074,0,29,120,2009-10-30
300026.SZ,2015-10-26,19.8,19.29,19.8,18.87,19.49,-0.2,-1.03,171155.0,328231.0,2.6754,4.7008,0.93,39.3355,37.0733,5.041,6.1404,5.7169,0.2173,0.3456,91153.2,63972.9,36409.9,1758350.0,1234040.0,15.55,21.44,17.54,0.0000,-0.20644457386154302,4.6074,0,29,120,2009-10-30
300026.SZ,2015-10-27,19.25,20.51,20.76,18.93,19.29,1.22,6.32,216313.0,428531.0,3.3813,5.6733,1.12,41.8233,34.5486,5.0805,6.5288,5.8658,0.2043,0.325,91153.2,63972.9,38128.0,1869550.0,1312080.0,15.55,21.22,17.36,0.0000,0.03899470586274162,4.3949,0,29,120,2009-10-30
300026.SZ,2015-10-28,20.02,19.9,20.87,19.82,20.51,-0.61,-2.97,170651.0,347241.0,2.6676,4.4757,0.83,40.5794,33.521,4.9294,6.3346,5.6913,0.2106,0.335,91153.2,63972.9,38128.0,1813950.0,1273060.0,15.55,22.56,18.46,0.0000,-0.08623914678927415,4.3949,0,29,120,2009-10-30
300026.SZ,2015-10-29,20.1,19.7,20.3,19.3,19.9,-0.2,-1.01,123696.0,244179.0,1.9336,3.2442,0.64,40.1715,33.1841,4.8799,6.2709,5.6341,0.2127,0.3384,91153.2,63972.9,38128.0,1795720.0,1260270.0,15.55,21.89,17.91,0.0000,-0.19635916483141708,4.3949,0,29,120,2009-10-30
300026.SZ,2015-10-30,19.66,19.6,19.87,19.29,19.7,-0.1,-0.51,101749.0,200058.0,1.5905,2.6686,0.56,39.9676,33.0157,4.8551,6.2391,5.6055,0.2138,0.3401,91153.2,63972.9,38128.0,1786600.0,1253870.0,15.55,21.67,17.73,0.0000,-0.07511101085256514,4.3949,0,29,120,2009-10-30
300026.SZ,2015-11-02,19.29,18.86,19.86,18.81,19.6,-0.74,-3.78,136029.0,263280.0,2.1264,3.5677,0.87,38.4586,31.7692,4.6718,6.0035,5.3939,0.2222,0.3535,91153.2,63972.9,38128.0,1719150.0,1206530.0,15.55,21.56,17.64,0.0000,-0.3913864582152872,4.3949,0,29,120,2009-10-30
300026.SZ,2015-11-03,18.79,19.18,19.99,18.57,18.86,0.32,1.7,99929.7,190539.0,1.5621,2.6209,0.67,39.1112,32.3082,4.7511,6.1054,5.4854,0.2185,0.3476,91153.2,63972.9,38128.0,1748320.0,1227000.0,15.55,20.75,16.97,0.0000,-0.031289143765679435,4.3949,0,29,120,2009-10-30
300026.SZ,2015-11-04,19.18,19.99,20.0,19.13,19.18,0.81,4.22,145890.0,286826.0,2.2805,3.8263,1.15,40.7629,33.6726,4.9517,6.3632,5.7171,0.2097,0.3335,91153.2,63972.9,38128.0,1822150.0,1278820.0,15.55,21.1,17.26,0.0000,0.055314108118953854,4.3949,0,29,120,2009-10-30
300026.SZ,2015-11-05,20.1,19.74,20.2,19.58,19.99,-0.25,-1.25,159085.0,316168.0,2.4868,4.1724,1.31,40.2531,33.2515,4.8898,6.2837,5.6456,0.2123,0.3377,91153.2,63972.9,38128.0,1799360.0,1262830.0,15.55,21.99,17.99,0.0000,0.02469839601315026,4.3949,0,29,120,2009-10-30
300026.SZ,2015-11-06,19.75,20.15,20.3,19.7,19.74,0.41,2.08,155207.0,310316.0,2.4261,4.0707,1.21,41.0892,33.9422,4.9913,6.4142,5.7628,0.208,0.3309,91153.2,63972.9,38128.0,1836740.0,1289050.0,15.55,21.71,17.77,0.0000,0.007740048541487774,4.3949,0,29,120,2009-10-30
300026.SZ,2015-11-09,19.98,20.4,20.7,19.5,20.15,0.25,1.24,189779.0,382555.0,2.9666,4.9774,1.36,41.599,34.3633,5.0533,6.4938,5.8343,0.2054,0.3268,91153.2,63972.9,38128.0,1859530.0,1305050.0,15.55,22.17,18.14,0.0000,-0.016013781762653483,4.3949,0,29,120,2009-10-30
300026.SZ,2015-11-10,20.28,20.24,20.75,19.9,20.4,-0.16,-0.78,149115.0,303343.0,2.3309,3.9109,0.99,41.2727,34.0938,5.0136,6.4428,5.7886,0.2071,0.3294,91153.2,63972.9,38128.0,1844940.0,1294810.0,15.55,22.44,18.36,0.0000,-0.07259606567757283,4.3949,0,29,120,2009-10-30
300026.SZ,2015-11-11,20.1,21.2,21.55,20.03,20.24,0.96,4.74,195430.0,405992.0,3.0549,5.1256,1.22,43.2303,35.7109,5.2514,6.7484,6.0631,0.1977,0.3145,91153.2,63972.9,38128.0,1932450.0,1356230.0,15.55,22.26,18.22,0.0000,0.06134327196379461,4.3949,0,29,120,2009-10-30
300026.SZ,2015-11-12,21.17,20.72,21.19,20.51,21.2,-0.48,-2.26,129307.0,269059.0,2.0215,3.392,0.76,42.2515,34.9023,5.1325,6.5956,5.9259,0.2023,0.3218,91153.2,63965.7,38120.8,1888690.0,1325370.0,15.55,23.32,19.08,0.0000,-0.10387621729535085,4.3949,0,29,120,2009-10-30
300026.SZ,2015-11-13,20.5,19.94,20.5,19.88,20.72,-0.78,-3.76,108655.0,218754.0,1.6986,2.8503,0.66,40.6609,33.5884,4.9393,6.3473,5.7028,0.2102,0.3343,91153.2,63965.7,38120.8,1817600.0,1275480.0,15.55,22.79,18.65,0.0000,-0.14156306608888503,4.3949,0,29,120,2009-10-30
300026.SZ,2015-11-16,19.8,20.06,20.07,19.45,19.94,0.12,0.6,131010.0,258744.0,1.9977,3.297,0.85,40.9056,33.7906,4.9691,6.3855,5.7371,0.2089,0.3323,91153.2,65581.2,39736.3,1828530.0,1315560.0,15.55,21.93,17.95,0.0000,-0.055716637971550576,4.3949,0,29,120,2009-10-30
300026.SZ,2015-11-17,20.13,19.74,20.4,19.69,20.06,-0.32,-1.6,116652.0,234664.0,1.7787,2.9357,0.82,40.2531,33.2515,4.8898,6.2837,5.6456,0.2123,0.3377,91153.2,65581.2,39736.3,1799360.0,1294570.0,15.55,22.07,18.05,0.0000,-0.1008933022405193,4.3949,0,29,120,2009-10-30
300026.SZ,2015-11-18,19.72,19.47,19.95,19.41,19.74,-0.27,-1.37,70980.0,139942.0,1.0823,1.7863,0.52,39.7025,32.7967,4.8229,6.1977,5.5684,0.2153,0.3424,91153.2,65581.2,39736.3,1774750.0,1276870.0,15.55,21.71,17.77,0.0000,-0.2368033461954356,4.3949,0,29,120,2009-10-30
300026.SZ,2015-11-19,19.51,19.89,19.89,19.3,19.47,0.42,2.16,121719.0,237969.0,1.856,3.0632,1.09,40.559,33.5042,4.9269,6.3314,5.6885,0.2107,0.3352,91153.2,65581.2,39736.3,1813040.0,1304410.0,15.55,21.42,17.52,0.0000,-0.22111717011832535,4.3949,0,29,120,2009-10-30
300026.SZ,2015-11-20,19.98,20.3,20.5,19.86,19.89,0.41,2.06,147569.0,299079.0,2.2502,3.7137,1.34,41.395,34.1948,5.0285,6.4619,5.8057,0.2065,0.3284,91153.2,65581.2,39736.3,1850410.0,1331300.0,15.55,21.88,17.9,0.0000,0.01707940041863467,4.3949,0,29,120,2009-10-30
300026.SZ,2015-11-23,20.28,20.21,20.66,20.0,20.3,-0.09,-0.44,121938.0,247735.0,1.8593,3.0687,1.04,41.2115,34.0432,5.0062,6.4333,5.78,0.2074,0.3299,91153.2,65581.2,39736.3,1842210.0,1325400.0,15.55,22.33,18.27,0.0000,0.029251949940761055,4.3949,0,29,120,2009-10-30
300026.SZ,2015-11-24,20.3,20.61,20.74,20.01,20.21,0.4,1.98,123911.0,252035.0,1.8894,3.1183,1.07,42.0272,34.717,5.1053,6.5606,5.8944,0.2033,0.3235,91153.2,65581.2,39736.3,1878670.0,1351630.0,15.55,22.23,18.19,0.0000,0.005054360645355924,4.3949,0,29,120,2009-10-30
300026.SZ,2015-11-25,20.49,20.77,20.85,20.4,20.61,0.16,0.78,134960.0,278192.0,2.0579,3.3964,1.15,42.3534,34.9865,5.1449,6.6115,5.9402,0.2018,0.321,91153.2,65581.2,39736.3,1893250.0,1362120.0,15.55,22.67,18.55,0.0000,0.026971629273776946,4.3949,0,29,120,2009-10-30
300026.SZ,2015-11-26,20.95,20.81,21.16,20.61,20.77,0.04,0.19,165601.0,345688.0,2.5251,4.1675,1.27,42.435,35.0539,5.1548,6.6243,5.9516,0.2014,0.3204,91153.2,65581.2,39736.3,1896900.0,1364740.0,15.55,22.85,18.69,0.0000,0.003648303352999138,4.3949,0,29,120,2009-10-30
300026.SZ,2015-11-27,20.74,19.44,20.74,19.33,20.81,-1.37,-6.58,135152.0,270932.0,2.0608,3.4012,0.97,39.6414,32.7462,4.8155,6.1882,5.5598,0.2156,0.3429,91153.2,65581.2,39736.3,1772020.0,1274900.0,15.55,22.89,18.73,0.0000,-0.10427991259464685,4.3949,0,29,120,2009-10-30
300026.SZ,2015-11-30,19.52,19.13,19.6,18.5,19.44,-0.31,-1.59,157536.0,299953.0,2.4022,3.9645,1.16,39.0092,32.224,4.7387,6.0895,5.4711,0.2191,0.3485,91153.2,65581.2,39736.3,1743760.0,1254570.0,15.55,21.38,17.5,0.0000,-0.18805778059463923,4.3949,0,29,120,2009-10-30
300026.SZ,2015-12-01,19.24,19.35,19.44,18.92,19.13,0.22,1.15,72146.9,138801.0,1.1001,1.8156,0.5,39.4578,32.5946,4.7932,6.1595,5.534,0.2166,0.3445,91153.2,65581.2,39736.3,1763810.0,1269000.0,15.55,21.04,17.22,0.0000,-0.032735805380204076,4.3949,0,29,120,2009-10-30
300026.SZ,2015-12-02,19.26,19.5,19.58,18.8,19.35,0.15,0.78,76973.6,148422.0,1.1737,1.9371,0.58,39.7637,32.8473,4.8303,6.2073,5.5769,0.2149,0.3419,91153.2,65581.2,39736.3,1777490.0,1278830.0,15.55,21.29,17.42,0.0000,0.019796591995199328,4.3949,0,29,120,2009-10-30
300026.SZ,2015-12-03,19.57,20.07,20.2,19.38,19.5,0.57,2.92,62331.7,123446.0,0.9505,1.5686,0.51,40.926,33.8074,4.9715,6.3887,5.74,0.2088,0.3322,91153.2,65581.2,39736.3,1829450.0,1316210.0,15.55,21.45,17.55,0.0000,0.08379987359092951,4.3949,0,29,120,2009-10-30
300026.SZ,2015-12-04,19.99,19.65,20.04,19.5,20.07,-0.42,-2.09,67255.5,133077.0,1.0255,1.6925,0.67,40.0696,33.0999,4.8675,6.255,5.6198,0.2133,0.3393,91153.2,65581.2,39736.3,1791160.0,1288670.0,15.55,22.08,18.06,0.0000,-0.2268108534896463,4.3949,0,29,120,2009-10-30
300026.SZ,2015-12-07,19.88,19.96,20.09,19.55,19.65,0.31,1.58,67046.9,133097.0,1.0223,1.6873,0.77,40.7017,33.6221,4.9443,6.3537,5.7085,0.21,0.334,91153.2,65581.2,39736.3,1819420.0,1309000.0,15.55,21.62,17.69,0.0000,0.04360257773637876,4.3949,0,29,120,2009-10-30
300026.SZ,2015-12-08,19.96,19.19,19.96,19.11,19.96,-0.77,-3.86,66876.2,129490.0,1.0197,1.683,0.97,39.1316,32.3251,4.7535,6.1086,5.4883,0.2184,0.3474,91153.2,65581.2,39736.3,1749230.0,1258500.0,15.55,21.96,17.96,0.0000,-0.17143462916982793,4.3949,0,29,120,2009-10-30
300026.SZ,2015-12-09,19.15,19.08,19.33,18.97,19.19,-0.11,-0.57,78833.7,150814.0,1.2021,1.9839,1.16,38.9073,32.1398,4.7263,6.0736,5.4568,0.2197,0.3494,91153.2,65581.2,39736.3,1739200.0,1251290.0,15.55,21.11,17.27,0.0000,0.05307728111073707,4.3949,0,29,120,2009-10-30
300026.SZ,2015-12-10,19.15,19.1,19.53,18.97,19.08,0.02,0.1,83348.5,160383.0,1.2709,2.0975,1.22,38.948,32.1735,4.7313,6.0799,5.4625,0.1991,0.3166,91153.2,65581.2,39736.3,1741030.0,1252600.0,15.55,20.99,17.17,0.0000,0.11322585694921884,4.3949,0,29,120,2009-10-30
300026.SZ,2015-12-11,19.03,18.94,19.1,18.83,19.1,-0.16,-0.84,39213.1,74355.1,0.5979,0.9868,0.54,38.6218,31.9039,4.6916,6.029,5.4168,0.2007,0.3193,91153.2,65581.2,39736.3,1726440.0,1242110.0,15.55,21.01,17.19,0.0000,-0.15809106581649424,4.3949,0,29,120,2009-10-30
300026.SZ,2015-12-14,18.81,19.23,19.25,18.81,18.94,0.29,1.53,57202.6,108689.0,0.8722,1.4396,0.85,43.226,35.7073,3.6813,6.7477,6.0625,0.1977,0.3145,100481.0,65581.2,39736.3,1932260.0,1261130.0,15.55,20.83,17.05,0.0000,0.20043848170700185,4.3949,0,29,120,2009-10-30
300026.SZ,2015-12-15,19.24,19.32,19.43,19.18,19.23,0.09,0.47,65483.5,126449.0,0.9985,1.648,1.01,43.4283,35.8744,3.6985,6.7793,6.0909,0.1968,0.313,100481.0,65581.2,39736.3,1941300.0,1267030.0,15.55,21.15,17.31,0.0000,0.016637004639697053,4.3949,0,29,120,2009-10-30
300026.SZ,2015-12-16,19.38,19.38,19.58,19.37,19.32,0.06,0.31,54596.5,106243.0,0.8325,1.374,0.84,43.5632,35.9859,3.71,6.8004,6.1098,0.1962,0.3121,100481.0,65581.2,39736.3,1947330.0,1270960.0,15.55,21.25,17.39,0.0000,-0.04649863082037078,4.3949,0,29,120,2009-10-30
300026.SZ,2015-12-17,19.5,19.69,19.86,19.44,19.38,0.31,1.6,92667.6,182116.0,1.413,2.3321,1.55,44.26,36.5615,3.7694,6.9092,6.2076,0.1931,0.3071,100481.0,65581.2,39736.3,1978480.0,1291290.0,15.55,21.32,17.44,0.0000,-0.08827091215874866,4.3949,0,29,120,2009-10-30
300026.SZ,2015-12-18,19.78,19.54,19.78,19.39,19.69,-0.15,-0.76,80048.0,156685.0,1.2206,2.0145,1.29,43.9228,36.283,3.7406,6.8565,6.1603,0.1946,0.3095,100481.0,65581.2,39736.3,1963410.0,1281460.0,15.55,21.66,17.72,0.0000,-0.15027809190865496,4.3949,0,29,120,2009-10-30
300026.SZ,2015-12-21,19.58,20.38,20.38,19.5,19.54,0.84,4.3,149282.0,301049.0,2.2763,3.7568,2.13,45.811,37.8427,3.9015,7.1513,6.4251,0.1866,0.2968,100481.0,65581.2,39736.3,2047810.0,1336540.0,15.55,21.49,17.59,0.0000,0.10941381140936188,4.3949,0,29,120,2009-10-30
300026.SZ,2015-12-22,20.57,20.42,20.87,20.18,20.38,0.04,0.2,104787.0,214721.0,1.5978,2.6371,1.19,45.9009,37.917,3.9091,7.1653,6.4377,0.1862,0.2962,100481.0,65581.2,39736.3,2051830.0,1339170.0,15.55,22.42,18.34,0.0000,0.03855654410472595,4.3949,0,29,120,2009-10-30
300026.SZ,2015-12-23,20.84,20.89,22.0,20.75,20.42,0.47,2.3,249218.0,531740.0,3.8001,6.2718,2.59,46.9574,38.7897,3.9991,7.3302,6.5859,0.182,0.2895,100481.0,65581.2,39736.3,2099060.0,1369990.0,15.55,22.46,18.38,0.0000,-0.03607314799229144,4.3949,0,29,120,2009-10-30
300026.SZ,2015-12-24,20.89,21.31,21.63,20.78,20.89,0.42,2.01,172353.0,367632.0,2.6281,4.3374,1.27,47.9015,39.5696,4.0795,7.4776,6.7183,0.1784,0.2838,100481.0,65581.2,39736.3,2141260.0,1397540.0,15.55,22.98,18.8,0.0000,-0.014658252044530308,4.3949,0,29,120,2009-10-30
300026.SZ,2015-12-25,21.49,21.28,21.54,20.96,21.31,-0.03,-0.14,106335.0,225564.0,1.6214,2.676,0.7,47.8341,39.5139,4.0737,7.4671,6.7088,0.1787,0.2842,100481.0,65581.2,39736.3,2138240.0,1395570.0,15.55,23.44,19.18,0.0000,-0.03486468237097493,4.3949,0,29,120,2009-10-30
300026.SZ,2015-12-28,21.28,20.3,21.6,20.3,21.28,-0.98,-4.61,128931.0,269139.0,1.966,3.2447,0.82,45.6312,37.6942,3.8861,7.1232,6.3999,0.1873,0.2979,100481.0,65581.2,39736.3,2039770.0,1331300.0,15.55,23.41,19.15,0.0000,-0.13075571891958937,4.3949,0,29,120,2009-10-30
300026.SZ,2015-12-29,20.25,20.59,20.65,19.98,20.3,0.29,1.43,70235.3,143169.0,1.071,1.7675,0.46,46.2831,38.2327,3.9417,7.225,6.4913,0.1846,0.2937,100481.0,65581.2,39736.3,2068910.0,1350320.0,15.55,22.33,18.27,0.0000,-0.0376104982650786,4.3949,0,29,120,2009-10-30
300026.SZ,2015-12-30,20.75,20.85,21.19,20.55,20.59,0.26,1.26,92492.0,193250.0,1.4103,2.3276,0.64,46.8675,38.7154,3.9914,7.3162,6.5733,0.1823,0.2901,100481.0,65581.2,39736.3,2095040.0,1367370.0,15.55,22.65,18.53,0.0000,-0.1295343600557269,4.3949,0,29,120,2009-10-30
300026.SZ,2015-12-31,21.08,21.1,21.59,20.96,20.85,0.25,1.2,134420.0,285455.0,2.0497,3.3828,1.18,47.4295,39.1797,4.0393,7.4039,6.6521,0.1802,0.2866,100481.0,65581.2,39736.3,2120160.0,1383760.0,15.55,22.94,18.77,0.0000,0.027828185891279847,4.3949,0,29,120,2009-10-30
300026.SZ,2016-01-04,20.81,19.2,20.98,19.06,21.1,-1.9,-9.0,92112.7,185150.0,1.4046,2.3181,0.87,43.1586,35.6516,3.6756,6.7372,6.0531,0.315,0.315,100481.0,65581.2,39736.3,1929240.0,1259160.0,15.55,23.21,18.99,0.0000,-0.27594605735051314,4.3949,0,29,120,2009-10-30
300026.SZ,2016-01-05,18.75,18.89,19.75,17.56,19.2,-0.31,-1.61,113857.0,216250.0,1.7361,2.8653,1.1,42.4617,35.076,3.6162,6.6284,5.9554,0.3202,0.3202,100481.0,65581.2,39736.3,1898090.0,1238830.0,15.55,21.12,17.28,0.0000,-0.04192061504099037,4.3949,0,29,120,2009-10-30
300026.SZ,2016-01-06,18.9,19.24,19.39,18.4,18.89,0.35,1.85,106496.0,200982.0,1.6239,2.6801,1.06,43.2485,35.7259,3.6832,6.7513,6.0657,0.3143,0.3143,100481.0,65581.2,39736.3,1933260.0,1261780.0,15.55,20.78,17.0,0.0000,-0.030747791486402234,4.3949,0,29,120,2009-10-30
300026.SZ,2016-01-07,18.79,17.41,18.79,17.39,19.24,-1.83,-9.51,26593.5,48231.2,0.4055,0.6692,0.25,39.1349,32.3279,3.3329,6.1091,5.4888,0.3474,0.3474,100481.0,65581.2,39736.3,1749380.0,1141770.0,15.55,21.16,17.32,0.0000,-0.31327072438764214,4.3949,0,29,120,2009-10-30
300026.SZ,2016-01-08,17.8,17.4,18.0,16.6,17.41,-0.01,-0.06,107159.0,186498.0,1.634,2.6967,1.13,39.1125,32.3093,3.331,6.1056,5.4856,0.3476,0.3476,100481.0,65581.2,39736.3,1748380.0,1141110.0,15.55,19.15,15.67,0.0000,-0.13632785537873066,4.3949,0,29,120,2009-10-30
300026.SZ,2016-01-11,17.19,15.67,17.35,15.66,17.4,-1.73,-9.94,160108.0,261008.0,2.4414,4.0293,1.79,35.2237,29.0969,2.9998,5.4986,4.9402,0.3859,0.3859,100481.0,65581.2,39736.3,1574540.0,1027660.0,15.55,19.14,15.66,0.0000,-0.18686261648826905,4.3949,0,29,120,2009-10-30
300026.SZ,2016-01-12,15.74,16.0,16.22,15.5,15.67,0.33,2.11,76563.6,121540.0,1.1675,1.9268,0.74,35.9655,29.7097,3.063,5.6143,5.0442,0.378,0.378,100481.0,65581.2,39736.3,1607700.0,1049300.0,15.55,17.24,14.1,0.0000,-0.0140019416159645,4.3949,0,29,120,2009-10-30
300026.SZ,2016-01-13,16.07,15.42,16.27,15.36,16.0,-0.58,-3.63,75304.3,118991.0,1.1483,1.8951,0.79,34.6617,28.6327,2.9519,5.4108,4.8614,0.3922,0.3922,100481.0,65581.2,39736.3,1549420.0,1011260.0,15.55,17.6,14.4,0.0000,-0.16351334351585947,4.3949,0,29,120,2009-10-30
300026.SZ,2016-01-14,15.16,16.18,16.29,15.01,15.42,0.76,4.93,82126.0,129467.0,1.2523,2.0668,0.92,36.3701,30.0439,3.0974,5.6775,5.101,0.3738,0.3738,100481.0,65581.2,39736.3,1625790.0,1061100.0,15.55,16.96,13.88,0.0000,0.01745966262685856,4.3949,0,29,120,2009-10-30
300026.SZ,2016-01-15,16.01,15.47,16.17,15.28,16.18,-0.71,-4.39,78379.7,123034.0,1.1952,1.9725,0.78,34.7741,28.7256,2.9615,5.4284,4.8771,0.3909,0.3909,100481.0,65581.2,39736.3,1554450.0,1014540.0,15.55,17.8,14.56,0.0000,-0.28773006918611954,4.3949,0,29,120,2009-10-30
300026.SZ,2016-01-18,15.31,15.56,15.97,15.31,15.47,0.09,0.58,81135.9,127376.0,1.2372,2.0419,0.86,34.9764,28.8927,2.9787,5.46,4.9055,0.3887,0.3887,100481.0,65581.2,39736.3,1563490.0,1020440.0,15.55,17.02,13.92,0.0000,-0.08236314040731683,4.3949,0,29,120,2009-10-30
300026.SZ,2016-01-19,15.63,16.16,16.3,15.36,15.56,0.6,3.86,109070.0,172265.0,1.6631,2.7449,1.39,36.3251,30.0068,3.0936,5.6705,5.0947,0.3742,0.3742,100481.0,65581.2,39736.3,1623780.0,1059790.0,15.55,17.12,14.0,0.0000,0.012352310941696988,4.3949,0,29,120,2009-10-30
300026.SZ,2016-01-20,15.92,15.76,16.27,15.6,16.16,-0.4,-2.48,94026.6,150044.0,1.4337,2.3663,1.1,35.426,29.264,3.017,5.5301,4.9686,0.3837,0.3837,100481.0,65581.2,39736.3,1583590.0,1033560.0,15.55,17.78,14.54,0.0000,-0.15102119240929968,4.3949,0,29,120,2009-10-30
300026.SZ,2016-01-21,15.5,15.35,16.1,15.3,15.76,-0.41,-2.6,80876.4,126797.0,1.2332,2.0353,0.91,34.5044,28.5027,2.9385,5.3863,4.8393,0.394,0.394,100481.0,65581.2,39736.3,1542390.0,1006670.0,15.55,17.34,14.18,0.0000,-0.2266530543097558,4.3949,0,29,120,2009-10-30
300026.SZ,2016-01-22,15.55,15.84,15.93,15.18,15.35,0.49,3.19,75672.1,117849.0,1.1539,1.9044,0.85,35.6058,29.4126,3.0323,5.5582,4.9938,0.3818,0.3818,100481.0,65581.2,39736.3,1591630.0,1038810.0,15.55,16.89,13.82,0.0000,0.1014351894158511,4.3949,0,29,120,2009-10-30
300026.SZ,2016-01-25,15.91,15.77,16.01,15.7,15.84,-0.07,-0.44,56811.7,90013.4,0.8663,1.4297,0.64,35.4485,29.2826,3.0189,5.5336,4.9717,0.3835,0.3835,100481.0,65581.2,39736.3,1584590.0,1034220.0,15.55,17.42,14.26,0.0000,-0.18502645076322413,4.3949,0,29,120,2009-10-30
300026.SZ,2016-01-26,15.58,14.43,15.64,14.33,15.77,-1.34,-8.5,95605.1,144604.0,1.4578,2.406,1.15,32.4364,26.7944,2.7624,5.0634,4.5493,0.4191,0.4191,100481.0,65581.2,39736.3,1449950.0,946337.0,15.55,17.35,14.19,0.0000,-0.2960253136025798,4.3949,0,29,120,2009-10-30
300026.SZ,2016-01-27,14.52,14.09,14.58,13.62,14.43,-0.34,-2.36,109688.0,153662.0,1.6726,2.7604,1.36,31.6721,26.1631,2.6973,4.9441,4.4421,0.4292,0.4292,100481.0,65581.2,39736.3,1415780.0,924039.0,15.55,15.87,12.99,0.0000,-0.08587350385075337,4.3949,0,29,120,2009-10-30
300026.SZ,2016-01-28,13.98,13.33,13.99,13.18,14.09,-0.76,-5.39,86394.9,118165.0,1.3174,2.1742,1.03,29.9637,24.7519,2.5518,4.6775,4.2025,0.4537,0.4537,100481.0,65581.2,39736.3,1339420.0,874197.0,15.55,15.5,12.68,0.0000,-0.1332900339154367,4.3949,0,29,120,2009-10-30
300026.SZ,2016-01-29,13.51,13.76,13.94,13.35,13.33,0.43,3.23,79361.7,108407.0,1.2101,1.9972,0.94,30.9303,25.5503,2.6342,4.8283,4.338,0.4395,0.4395,100481.0,65581.2,39736.3,1382620.0,902397.0,15.55,14.66,12.0,0.0000,0.16277048371604458,4.3949,0,29,120,2009-10-30
300026.SZ,2016-02-01,13.76,13.56,13.78,13.4,13.76,-0.2,-1.45,58808.5,79817.4,0.8967,1.48,0.69,30.4807,25.179,2.5959,4.7582,4.275,0.446,0.446,100481.0,65581.2,39736.3,1362530.0,889281.0,15.55,15.14,12.38,0.0000,-0.2542004704015857,4.3949,0,29,120,2009-10-30
300026.SZ,2016-02-02,13.7,14.05,14.33,13.68,13.56,0.49,3.61,77985.4,109223.0,1.1891,1.9626,0.91,31.5822,26.0888,2.6897,4.9301,4.4295,0.4304,0.4304,100481.0,65581.2,39736.3,1411760.0,921416.0,15.55,14.92,12.2,0.0000,0.22379672982500312,4.3949,0,29,120,2009-10-30
300026.SZ,2016-02-03,13.8,14.32,14.45,13.77,14.05,0.27,1.92,64431.9,90522.8,0.9825,1.6215,0.78,32.1891,26.5902,2.7414,5.0248,4.5146,0.4223,0.4223,100481.0,65581.2,39736.3,1438890.0,939123.0,15.55,15.46,12.65,0.0000,-0.0009748882214675022,4.3949,0,29,120,2009-10-30
300026.SZ,2016-02-04,14.32,14.48,14.74,14.32,14.32,0.16,1.12,79411.0,114956.0,1.2109,1.9985,1.08,32.5488,26.8873,2.772,5.081,4.565,0.4177,0.4177,100481.0,65581.2,39736.3,1454970.0,949616.0,15.55,15.75,12.89,0.0000,0.08521475574706294,4.3949,0,29,120,2009-10-30
300026.SZ,2016-02-05,14.5,14.5,14.6,14.35,14.48,0.02,0.14,61652.4,89376.8,0.9401,1.5515,0.86,32.5937,26.9244,2.7758,5.088,4.5713,0.4171,0.4171,100481.0,65581.2,39736.3,1456980.0,950927.0,15.55,15.93,13.03,0.0000,0.11151378016703396,4.3949,0,29,120,2009-10-30
300026.SZ,2016-02-15,14.0,14.4,14.5,13.85,14.5,-0.1,-0.69,53459.0,76000.1,0.8152,1.3453,0.78,32.3689,26.7387,2.7567,5.0529,4.5398,0.42,0.42,100481.0,65581.2,39736.3,1446930.0,944369.0,15.55,15.95,13.05,0.0000,-0.09430096574297428,4.3949,0,29,120,2009-10-30
300026.SZ,2016-02-16,14.51,14.93,15.03,14.5,14.4,0.53,3.68,89535.6,132854.0,1.3653,2.2532,1.33,33.5603,27.7229,2.8581,5.2389,4.7069,0.4051,0.4051,100481.0,65581.2,39736.3,1500190.0,979127.0,15.55,15.84,12.96,0.0000,0.1896626604492405,4.3949,0,29,120,2009-10-30
300026.SZ,2016-02-17,15.09,14.89,15.09,14.53,14.93,-0.04,-0.27,77003.5,113999.0,1.1742,1.9379,1.1,33.4704,27.6486,2.8505,5.2249,4.6943,0.4062,0.4062,100481.0,65581.2,39736.3,1496170.0,976504.0,15.55,16.42,13.44,0.0000,-0.1554388462009339,4.3949,0,29,120,2009-10-30
300026.SZ,2016-02-18,14.94,14.7,15.12,14.67,14.89,-0.19,-1.28,89536.3,133316.0,1.3653,2.2533,1.24,33.0433,27.2958,2.8141,5.1582,4.6344,0.4114,0.4114,100481.0,65581.2,39736.3,1477080.0,964044.0,15.55,16.38,13.4,0.0000,-0.13277052976962386,4.3949,0,29,120,2009-10-30
300026.SZ,2016-02-19,14.67,14.8,14.88,14.56,14.7,0.1,0.68,61290.2,90232.8,0.9346,1.5424,0.83,33.2681,27.4815,2.8332,5.1933,4.6659,0.4086,0.4086,100481.0,65581.2,39736.3,1487120.0,970602.0,15.55,16.17,13.23,0.0000,0.02740569979235053,4.3949,0,29,120,2009-10-30
300026.SZ,2016-02-22,15.01,14.99,15.09,14.84,14.8,0.19,1.28,91274.3,136471.0,1.3918,2.297,1.23,33.6952,27.8343,2.8696,5.2599,4.7258,0.4035,0.4035,100481.0,65581.2,39736.3,1506220.0,983062.0,15.55,16.28,13.32,0.0000,0.10396761802258339,4.3949,0,29,120,2009-10-30
300026.SZ,2016-02-23,15.0,15.07,15.12,14.61,14.99,0.08,0.53,117977.0,175398.0,1.7989,2.969,1.44,33.875,27.9828,2.8849,5.288,4.751,0.4013,0.4013,100481.0,65581.2,39736.3,1514250.0,988309.0,15.55,16.49,13.49,0.0000,-0.027445286198953266,4.3949,0,29,120,2009-10-30
300026.SZ,2016-02-24,14.9,14.89,15.0,14.58,15.07,-0.18,-1.19,113380.0,167749.0,1.7288,2.8533,1.3,33.4704,27.6486,2.8505,5.2249,4.6943,0.4062,0.4062,100481.0,65581.2,39736.3,1496170.0,976504.0,15.55,16.58,13.56,0.0000,-0.03384899640439808,4.3949,0,29,120,2009-10-30
300026.SZ,2016-02-25,14.81,13.4,14.84,13.4,14.89,-1.49,-10.01,152847.0,214404.0,2.3306,3.8465,1.61,30.1211,24.8819,2.5652,4.702,4.2245,0.4513,0.4513,100481.0,65581.2,39736.3,1346450.0,878788.0,15.55,16.38,13.4,0.0000,-0.31326673519566883,4.3949,0,29,120,2009-10-30
300026.SZ,2016-02-26,13.42,13.32,13.62,13.14,13.4,-0.08,-0.6,93156.6,124627.0,1.4205,2.3444,0.87,29.9413,24.7333,2.5499,4.6739,4.1993,0.454,0.454,100481.0,65581.2,39736.3,1338410.0,873542.0,15.55,14.74,12.06,0.0000,0.013809037128030718,4.3949,0,29,120,2009-10-30
300026.SZ,2016-02-29,13.45,12.45,13.45,12.24,13.32,-0.87,-6.53,121994.0,154709.0,1.8602,3.0701,1.07,27.9856,23.4796,2.372,4.3687,3.7356,0.4858,0.4858,100481.0,65581.2,39736.3,1250990.0,816486.0,15.55,14.65,11.99,0.0000,-0.03149227781653552,4.3949,0,29,120,2009-10-30
300026.SZ,2016-03-01,12.49,12.64,12.8,12.16,12.45,0.19,1.53,101074.0,126873.0,1.5412,2.5436,0.84,28.4127,23.838,2.4082,4.4353,3.7926,0.4785,0.4785,100481.0,65581.2,39736.3,1270080.0,828946.0,15.55,13.7,11.21,0.0000,0.13119933074176007,4.3949,0,29,120,2009-10-30
300026.SZ,2016-03-02,12.69,13.36,13.44,12.63,12.64,0.72,5.7,146477.0,189993.0,2.2335,3.6862,1.26,30.0312,25.1958,2.5454,4.688,4.0087,0.4527,0.4527,100481.0,65581.2,39736.3,1342430.0,876165.0,15.55,13.9,11.38,0.0000,0.15138833206319505,4.3949,0,29,120,2009-10-30
300026.SZ,2016-03-03,13.3,13.31,13.7,13.24,13.36,-0.05,-0.37,124999.0,168019.0,1.906,3.1457,1.02,29.9188,25.1015,2.5358,4.6704,3.9937,0.4544,0.4544,100481.0,65581.2,39736.3,1337410.0,872886.0,15.55,14.7,12.02,0.0000,0.07204369478729808,4.3949,0,29,120,2009-10-30
300026.SZ,2016-03-04,13.2,12.89,13.47,12.55,13.31,-0.42,-3.16,135753.0,176575.0,2.07,3.4164,1.15,28.9747,24.3094,2.4558,4.5231,3.8677,0.4692,0.4692,100481.0,65581.2,39736.3,1295210.0,845342.0,15.55,14.64,11.98,0.0000,-0.06153177651179704,4.3949,0,29,120,2009-10-30
300026.SZ,2016-03-07,13.05,13.22,13.45,13.05,12.89,0.33,2.56,108341.0,143633.0,1.652,2.7265,0.86,29.7165,24.9318,2.5187,4.6389,3.9667,0.4575,0.4575,100481.0,65581.2,39736.3,1328360.0,866983.0,15.55,14.18,11.6,0.0000,-0.00042259637133196395,4.3949,0,29,120,2009-10-30
300026.SZ,2016-03-08,13.24,13.51,13.51,12.74,13.22,0.29,2.19,132983.0,174303.0,2.0278,3.3466,1.08,30.3684,25.4787,2.5739,4.7406,4.0537,0.4477,0.4477,100481.0,65581.2,39736.3,1357500.0,886002.0,15.55,14.54,11.9,0.0000,0.05040638711610742,4.3949,0,29,120,2009-10-30
300026.SZ,2016-03-09,13.19,13.16,13.46,13.05,13.51,-0.35,-2.59,79473.5,105278.0,1.2118,2.0,0.61,29.5816,24.8186,2.5073,4.6178,3.9487,0.4596,0.4596,100481.0,65581.2,39736.3,1322340.0,863049.0,15.55,14.86,12.16,0.0000,-0.08840451481376435,4.3949,0,29,120,2009-10-30
300026.SZ,2016-03-10,13.16,13.11,13.37,13.03,13.16,-0.05,-0.38,74934.5,98922.2,1.1426,1.8858,0.64,29.4692,24.7243,2.4977,4.6003,3.9337,0.4615,0.4615,100481.0,65581.2,39736.3,1317310.0,859770.0,15.55,14.48,11.84,0.0000,-0.0041082754250079305,4.3949,0,29,120,2009-10-30
300026.SZ,2016-03-11,13.05,13.12,13.23,12.84,13.11,0.01,0.08,54247.2,70903.5,0.8243,1.3573,0.51,29.4811,24.7343,2.5121,4.6021,3.9353,0.4611,0.4611,100445.0,65811.8,39966.9,1317840.0,863450.0,15.55,14.42,11.8,0.0000,-0.06749085083551865,4.3949,0,29,120,2009-10-30
300026.SZ,2016-03-14,13.28,13.58,13.78,13.28,13.12,0.46,3.51,129292.0,175595.0,1.9646,3.235,1.44,30.5148,25.6015,2.6001,4.7635,4.0732,0.4455,0.4455,100445.0,65811.8,39966.9,1364050.0,893724.0,15.55,14.43,11.81,0.0000,0.09176492623423145,4.3949,0,29,120,2009-10-30
300026.SZ,2016-03-15,13.52,13.45,13.68,13.43,13.58,-0.13,-0.96,87720.3,119097.0,1.3329,2.1948,0.93,30.2227,25.3565,2.5752,4.7179,4.0342,0.4498,0.4498,100445.0,65811.8,39966.9,1350990.0,885168.0,15.55,14.94,12.22,0.0000,-0.0004399205564828096,4.3949,0,29,120,2009-10-30
300026.SZ,2016-03-16,13.7,13.33,13.75,13.22,13.45,-0.12,-0.89,79100.1,106452.0,1.2019,1.9791,0.93,29.953,25.1302,2.5523,4.6758,3.9982,0.4539,0.4539,100445.0,65811.8,39966.9,1338940.0,877271.0,15.55,14.8,12.11,0.0000,-0.008931841498303355,4.3949,0,29,120,2009-10-30
300026.SZ,2016-03-17,13.46,13.95,14.09,13.39,13.33,0.62,4.65,132158.0,181625.0,2.0081,3.3067,1.55,31.3462,26.2991,2.671,4.8933,4.1842,0.4337,0.4337,100445.0,65811.8,39966.9,1401210.0,918074.0,15.55,14.66,12.0,0.0000,0.2022598557292002,4.3949,0,29,120,2009-10-30
300026.SZ,2016-03-18,13.99,14.61,14.87,13.99,13.95,0.66,4.73,192253.0,279161.0,2.9213,4.8103,1.99,32.8292,27.5433,2.7974,5.1248,4.3822,0.4141,0.4141,100445.0,65811.8,39966.9,1467510.0,961510.0,15.55,15.35,12.56,0.0000,0.12782968393375013,4.3949,0,29,120,2009-10-30
300026.SZ,2016-03-21,14.85,14.9,15.09,14.7,14.61,0.29,1.98,130395.0,194186.0,1.9813,3.2626,1.05,33.4809,28.09,2.8529,5.2265,4.4692,0.406,0.406,100445.0,65811.8,39966.9,1496640.0,980595.0,15.55,16.07,13.15,0.0000,0.08554548938579247,4.3949,0,29,120,2009-10-30
300026.SZ,2016-03-22,14.85,15.02,15.29,14.71,14.9,0.12,0.81,99822.3,150447.0,1.5168,2.4976,0.8,33.7505,28.3163,2.8759,5.2686,4.5051,0.4028,0.4028,100445.0,65811.8,39966.9,1508690.0,988493.0,15.55,16.39,13.41,0.0000,0.12012608447828645,4.3949,0,29,120,2009-10-30
300026.SZ,2016-03-23,14.95,14.82,15.12,14.65,15.02,-0.2,-1.33,158679.0,235444.0,2.4111,3.9703,1.25,27.8293,27.8293,2.8266,4.4459,4.4459,0.4082,0.4082,100445.0,65811.8,39966.9,1488600.0,975330.0,15.55,16.52,13.52,0.0000,-0.08935439782044632,2.2509,0,29,120,2009-10-30
300026.SZ,2016-03-24,14.88,14.85,15.14,14.63,14.82,0.03,0.2,142294.0,211964.0,2.1621,3.5603,1.0,27.8857,27.8857,2.8323,4.4549,4.4549,0.4074,0.4074,100445.0,65811.8,39966.9,1491610.0,977305.0,15.55,16.3,13.34,0.0000,0.042118992602836955,2.2509,0,29,120,2009-10-30
300026.SZ,2016-03-25,14.79,14.62,14.9,14.43,14.85,-0.23,-1.55,111381.0,163295.0,1.6924,2.7868,0.77,27.4538,27.4538,2.7884,4.3859,4.3859,0.4138,0.4138,100445.0,65811.8,39966.9,1468510.0,962168.0,15.55,16.34,13.37,0.0000,-0.19126094877034835,2.2509,0,29,120,2009-10-30
300026.SZ,2016-03-28,14.75,14.4,14.93,14.35,14.62,-0.22,-1.5,126459.0,185434.0,1.7849,2.8098,0.98,27.0406,27.0406,2.7464,4.3199,4.3199,0.4201,0.4201,100445.0,70850.7,45005.8,1446410.0,1020250.0,15.55,16.08,13.16,0.0000,-0.1676248421357732,2.2509,0,29,120,2009-10-30
300026.SZ,2016-03-29,14.45,14.1,14.54,14.02,14.4,-0.3,-2.08,84334.3,119859.0,1.1903,1.8739,0.66,26.4773,26.4773,2.6892,4.2299,4.2299,0.4291,0.4291,100445.0,70850.7,45005.8,1416280.0,998994.0,15.55,15.84,12.96,0.0000,-0.10483098567565301,2.2509,0,29,120,2009-10-30
300026.SZ,2016-03-30,14.27,14.78,14.86,14.26,14.1,0.68,4.82,118050.0,172282.0,1.6662,2.623,0.95,27.7542,27.7542,2.8189,4.4339,4.4339,0.4093,0.4093,100445.0,70850.7,45005.8,1484580.0,1047170.0,15.55,15.51,12.69,0.0000,0.06889185176628226,2.2509,0,29,120,2009-10-30
300026.SZ,2016-03-31,14.94,14.88,15.26,14.81,14.78,0.1,0.68,158248.0,238525.0,2.2335,3.5162,1.36,27.942,27.942,2.838,4.4639,4.4639,0.4066,0.4066,100445.0,70850.7,45005.8,1494630.0,1054260.0,15.55,16.26,13.3,0.0000,-0.02851106614225508,2.2509,0,29,120,2009-10-30
300026.SZ,2016-04-01,14.87,15.07,15.09,14.66,14.88,0.19,1.28,108927.0,162292.0,1.5374,2.4203,0.91,28.2988,28.2988,2.8742,4.5209,4.5209,0.4015,0.4015,100445.0,70850.7,45005.8,1513710.0,1067720.0,15.55,16.37,13.39,0.0000,-0.11276258002791832,2.2509,0,29,120,2009-10-30
300026.SZ,2016-04-05,15.0,15.3,15.37,14.9,15.07,0.23,1.53,132653.0,201089.0,1.8723,2.9475,1.11,28.7307,28.7307,2.9181,4.5899,4.5899,0.3954,0.3954,100445.0,70850.7,45005.8,1536810.0,1084020.0,15.55,16.58,13.56,0.0000,-0.04630421790255748,2.2509,0,29,120,2009-10-30
300026.SZ,2016-04-06,15.29,15.1,15.3,15.01,15.3,-0.2,-1.31,115702.0,175133.0,1.633,2.5708,0.96,28.3551,28.3551,2.88,4.5299,4.5299,0.4007,0.4007,100445.0,70850.7,45005.8,1516730.0,1069850.0,15.55,16.83,13.77,0.0000,-0.053921415158049824,2.2509,0,29,120,2009-10-30
300026.SZ,2016-04-07,15.19,14.64,15.25,14.62,15.1,-0.46,-3.05,121783.0,181487.0,1.7189,2.706,0.96,27.4913,27.4913,2.7922,4.3919,4.3919,0.4132,0.4132,100445.0,70850.7,45005.8,1470520.0,1037250.0,15.55,16.61,13.59,0.0000,-0.32227791732177224,2.2509,0,29,120,2009-10-30
300026.SZ,2016-04-08,14.6,14.61,14.83,14.47,14.64,-0.03,-0.2,91994.2,134373.0,1.2984,2.0441,0.72,27.435,27.435,2.7865,4.3829,4.3829,0.4141,0.4141,100445.0,70850.7,45005.8,1467510.0,1035130.0,15.55,16.1,13.18,0.0000,-0.10796884410727448,2.2509,0,29,120,2009-10-30
300026.SZ,2016-04-11,14.75,15.01,15.06,14.71,14.61,0.4,2.74,128008.0,191566.0,1.8067,2.8443,1.12,28.1861,28.1861,2.8628,4.5029,4.5029,0.4031,0.4031,100445.0,70850.7,45005.8,1507690.0,1063470.0,15.55,16.07,13.15,0.0000,0.05267670445953065,2.2509,0,29,120,2009-10-30
300026.SZ,2016-04-12,15.1,14.98,15.19,14.83,15.01,-0.03,-0.2,108774.0,163527.0,1.5353,2.4169,0.92,28.1298,28.1298,2.8571,4.4939,4.4939,0.4039,0.4039,100445.0,70850.7,45005.8,1504670.0,1061340.0,15.55,16.51,13.51,0.0000,0.09058199317029082,2.2509,0,29,120,2009-10-30
300026.SZ,2016-04-13,15.16,15.12,15.31,15.08,14.98,0.14,0.93,181958.0,276363.0,2.5682,4.043,1.61,28.3927,28.3927,2.8838,4.5359,4.5359,0.4001,0.4001,100445.0,70850.7,45005.8,1518730.0,1071260.0,15.55,16.48,13.48,0.0000,-0.05680799838170454,2.2509,0,29,120,2009-10-30
300026.SZ,2016-04-14,15.31,15.2,15.32,15.01,15.12,0.08,0.53,95094.0,144064.0,1.3422,2.1129,0.75,28.5429,28.5429,2.899,4.5599,4.5599,0.398,0.398,100445.0,70850.7,45005.8,1526770.0,1076930.0,15.55,16.63,13.61,0.0000,0.024873104608753784,2.2509,0,29,120,2009-10-30
300026.SZ,2016-04-15,15.17,15.07,15.21,15.02,15.2,-0.13,-0.86,80553.5,121579.0,1.1369,1.7898,0.66,28.2988,28.2988,2.8742,4.5209,4.5209,0.4015,0.4015,100445.0,70850.7,45005.8,1513710.0,1067720.0,15.55,16.72,13.68,0.0000,-0.13227778927943146,2.2509,0,29,120,2009-10-30
300026.SZ,2016-04-18,14.98,14.71,14.98,14.61,15.07,-0.36,-2.39,88538.3,130396.0,1.2496,1.9673,0.74,27.6228,27.6228,2.8056,4.4129,4.4129,0.4113,0.4113,100445.0,70850.7,45005.8,1477550.0,1042210.0,15.55,16.58,13.56,0.0000,-0.1798563498189865,2.2509,0,29,120,2009-10-30
300026.SZ,2016-04-19,14.85,14.75,14.9,14.67,14.71,0.04,0.27,60596.8,89531.7,0.8553,1.3464,0.55,27.6979,27.6979,2.8132,4.4249,4.4249,0.4102,0.4102,100445.0,70850.7,45005.8,1481570.0,1045050.0,15.55,16.18,13.24,0.0000,-0.007700909359579419,2.2509,0,29,120,2009-10-30
300026.SZ,2016-04-20,14.78,13.99,14.85,13.7,14.75,-0.76,-5.15,121079.0,172817.0,1.7089,2.6903,1.19,26.2707,26.2707,2.6682,4.1969,4.1969,0.4324,0.4324,100445.0,70850.7,45005.8,1405230.0,991201.0,15.55,16.23,13.28,0.0000,-0.23812607158514673,2.2509,0,29,120,2009-10-30
300026.SZ,2016-04-21,13.92,13.74,14.07,13.72,13.99,-0.25,-1.79,59063.7,82377.2,0.8336,1.3124,0.66,25.8013,25.8013,2.6206,4.1219,4.1219,0.4403,0.4403,100445.0,70850.7,45005.8,1380120.0,973488.0,15.55,15.39,12.59,0.0000,-0.21528419769263463,2.2509,0,29,120,2009-10-30
300026.SZ,2016-04-22,13.67,13.85,13.87,13.67,13.74,0.11,0.8,47144.6,64997.0,0.6654,1.0475,0.58,26.0078,26.0078,2.6415,4.1549,4.1549,0.4368,0.4368,100445.0,70850.7,45005.8,1391170.0,981282.0,15.55,15.11,12.37,0.0000,-0.1345494813013161,2.2509,0,29,120,2009-10-30
300026.SZ,2016-04-25,13.85,13.83,13.85,13.57,13.85,-0.02,-0.14,56695.4,77769.6,0.8002,1.2597,0.75,25.9703,25.9703,2.6377,4.1489,4.1489,0.4375,0.4375,100445.0,70850.7,45005.8,1389160.0,979865.0,15.55,15.24,12.47,0.0000,0.02247374803666306,2.2509,0,29,120,2009-10-30
300026.SZ,2016-04-26,13.85,13.97,14.0,13.78,13.83,0.14,1.01,48512.9,67569.8,0.6847,1.0779,0.7,26.2332,26.2332,2.6644,4.1909,4.1909,0.4331,0.4331,100445.0,70850.7,45005.8,1403220.0,989784.0,15.55,15.21,12.45,0.0000,-0.1511637050643824,2.2509,0,29,120,2009-10-30
300026.SZ,2016-04-27,14.15,14.05,14.29,14.05,13.97,0.08,0.57,77029.5,109232.0,1.0872,1.7115,1.16,26.3834,24.6775,2.6121,4.2149,3.9246,0.4306,0.4306,100445.0,70850.7,45005.8,1411260.0,995452.0,15.55,15.37,12.57,0.0000,-0.023758300821081168,2.3055,0,29,120,2009-10-30
300026.SZ,2016-04-28,14.18,13.94,14.18,13.76,14.05,-0.11,-0.78,79230.8,110064.0,1.1183,1.7605,1.37,26.1769,24.4842,2.5916,4.1819,3.8938,0.434,0.434,100445.0,70850.7,45005.8,1400210.0,987658.0,15.55,15.46,12.65,0.0000,-0.17598167592679315,2.3055,0,29,120,2009-10-30
300026.SZ,2016-04-29,13.84,13.91,13.98,13.8,13.94,-0.03,-0.22,63463.5,88201.7,0.8981,1.416,1.03,26.1205,24.4316,2.5861,4.1729,3.8855,0.4349,0.4349,100445.0,70664.8,44819.9,1397200.0,982948.0,15.55,15.33,12.55,0.0000,0.18372152983335877,2.3055,0,29,120,2009-10-30
300026.SZ,2016-05-03,13.91,14.44,14.47,13.9,13.91,0.53,3.81,92210.4,131663.0,1.298,2.0429,1.42,27.1158,25.3625,2.6846,4.3319,4.0335,0.419,0.419,100445.0,71038.3,45136.5,1450430.0,1025790.0,15.55,15.3,12.52,0.0000,0.04771390340249717,2.3055,0,29,120,2009-10-30
300026.SZ,2016-05-04,14.45,14.61,14.72,14.34,14.44,0.17,1.18,112002.0,163567.0,1.5766,2.4814,1.55,27.435,25.661,2.7162,4.3829,4.081,0.4141,0.4141,100445.0,71038.3,45136.5,1467510.0,1037870.0,15.55,15.88,13.0,0.0000,-0.004568821235109778,2.3055,0,29,120,2009-10-30
300026.SZ,2016-05-05,14.65,14.64,14.75,14.48,14.61,0.03,0.21,61098.5,89310.9,0.8601,1.3536,0.72,27.4913,25.7137,2.7218,4.3919,4.0894,0.4132,0.4132,100445.0,71038.3,45136.5,1470520.0,1040000.0,15.55,16.07,13.15,0.0000,-0.03755725110025907,2.3055,0,29,120,2009-10-30
300026.SZ,2016-05-06,14.62,14.01,14.7,13.94,14.64,-0.63,-4.3,89218.7,127677.0,1.2559,1.9766,1.09,26.3083,24.6072,2.6047,4.2029,3.9134,0.4318,0.4318,100445.0,71038.3,45136.5,1407240.0,995247.0,15.55,16.1,13.18,0.0000,-0.07722373525941476,2.3055,0,29,120,2009-10-30
300026.SZ,2016-05-09,13.84,13.63,13.96,13.59,14.01,-0.38,-2.71,64372.1,88380.9,0.9062,1.4262,0.77,25.5947,23.9398,2.534,4.0889,3.8072,0.4439,0.4439,100445.0,71038.3,45136.5,1369070.0,968252.0,15.55,15.41,12.61,0.0000,-0.110661890368156,2.3055,0,29,120,2009-10-30
300026.SZ,2016-05-10,13.63,13.7,13.74,13.6,13.63,0.07,0.51,31711.0,43371.2,0.4464,0.7026,0.38,25.7262,24.0627,2.547,4.1099,3.8268,0.4416,0.4416,100445.0,71038.3,45136.5,1376100.0,973225.0,15.55,14.99,12.27,0.0000,-0.050326363383655016,2.3055,0,29,120,2009-10-30
300026.SZ,2016-05-11,13.8,14.11,14.55,13.69,13.7,0.41,2.99,90548.1,127987.0,1.2746,2.0061,1.26,26.4961,24.7828,2.6232,4.2329,3.9413,0.4288,0.4288,100445.0,71038.3,45136.5,1417280.0,1002350.0,15.55,15.07,12.33,0.0000,0.04868096809183366,2.3055,0,29,120,2009-10-30
300026.SZ,2016-05-12,13.93,14.02,14.11,13.69,14.11,-0.09,-0.64,50448.2,70124.6,0.7102,1.1177,0.75,26.3271,24.6248,2.6065,4.2059,3.9162,0.4315,0.4315,100445.0,71038.3,45136.5,1408240.0,995957.0,15.55,15.52,12.7,0.0000,-0.05099449737340759,2.3055,0,29,120,2009-10-30
300026.SZ,2016-05-13,14.0,14.1,14.27,13.88,14.02,0.08,0.57,49989.0,70479.4,0.7037,1.1075,0.77,26.4773,24.7653,2.6214,4.2299,3.9385,0.4291,0.4291,100445.0,71038.3,45136.5,1416280.0,1001640.0,15.55,15.42,12.62,0.0000,0.05187698995041656,2.3055,0,29,120,2009-10-30
300026.SZ,2016-05-16,14.05,14.32,14.37,13.95,14.1,0.22,1.56,65583.9,93186.8,0.9232,1.453,1.14,26.8904,25.1517,2.6623,4.2959,4.0,0.4225,0.4225,100445.0,71038.3,45136.5,1438380.0,1017270.0,15.55,15.51,12.69,0.0000,0.015724592081116602,2.3055,0,29,120,2009-10-30
300026.SZ,2016-05-17,14.36,14.23,14.39,14.15,14.32,-0.09,-0.63,57004.1,81469.7,0.8024,1.2629,0.99,26.7214,24.9936,2.6456,4.2689,3.9748,0.4252,0.4252,100445.0,71038.3,45136.5,1429340.0,1010880.0,15.55,15.75,12.89,0.0000,-0.03542781362500692,2.3055,0,29,120,2009-10-30
300026.SZ,2016-05-18,14.17,13.82,14.23,13.65,14.23,-0.41,-2.88,64654.6,89648.6,0.9101,1.4324,1.03,25.9515,24.2735,2.5693,4.1459,3.8603,0.4378,0.4378,100445.0,71038.3,45136.5,1388160.0,981750.0,15.55,15.65,12.81,0.0000,-0.3609570815248716,2.3055,0,29,120,2009-10-30
300026.SZ,2016-05-19,13.79,13.88,14.06,13.78,13.82,0.06,0.43,42148.8,58730.9,0.5933,0.9338,0.73,26.0642,24.3789,2.5805,4.1639,3.8771,0.4359,0.4359,100445.0,71038.3,45136.5,1394180.0,986012.0,15.55,15.2,12.44,0.0000,-0.10438566789599003,2.3055,0,29,120,2009-10-30
300026.SZ,2016-05-20,13.81,13.92,13.99,13.72,13.88,0.04,0.29,28922.7,40088.3,0.4071,0.6408,0.52,26.1393,24.4491,2.5879,4.1759,3.8883,0.4346,0.4346,100445.0,71038.3,45136.5,1398200.0,988854.0,15.55,15.27,12.49,0.0000,-0.4290034901292934,2.3055,0,29,120,2009-10-30
300026.SZ,2016-05-23,13.93,13.96,14.06,13.9,13.92,0.04,0.29,45213.2,63205.6,0.6365,1.0017,0.88,26.2144,24.5194,2.5954,4.1879,3.8994,0.4334,0.4334,100445.0,71038.3,45136.5,1402220.0,991695.0,15.55,15.31,12.53,0.0000,-0.125023008259911,2.3055,0,29,120,2009-10-30
300026.SZ,2016-05-24,13.95,14.07,14.43,13.91,13.96,0.11,0.79,142389.0,201740.0,2.0044,3.1546,2.99,26.421,24.7126,2.6158,4.2209,3.9301,0.43,0.43,100445.0,71038.3,45136.5,1413270.0,999509.0,15.55,15.36,12.56,0.0000,-0.0434220386170255,2.3055,0,29,120,2009-10-30
300026.SZ,2016-05-25,14.18,13.97,14.24,13.97,14.01,-0.04,-0.29,86921.3,122590.0,1.2236,1.9257,1.34,26.2332,24.5369,2.6265,4.1909,3.9022,0.4331,0.8626,100445.0,71038.3,45136.5,1403220.0,992405.0,15.616,15.41,12.61,0.0000,-0.08015283176999484,2.3055,0,29,120,2009-10-30
300026.SZ,2016-05-26,13.83,13.86,13.95,13.56,13.97,-0.11,-0.79,76489.1,105033.0,1.0767,1.6946,1.11,26.0266,24.3437,2.6058,4.1579,3.8715,0.4365,0.4329,100445.0,71038.3,45136.5,1392170.0,984591.0,15.616,15.37,12.57,0.0000,-0.34978803244805556,2.3055,0,29,120,2009-10-30
300026.SZ,2016-05-27,13.8,13.77,13.87,13.72,13.86,-0.09,-0.65,45059.6,62198.0,0.6343,0.9983,0.59,25.8576,24.1857,2.5889,4.1309,3.8464,0.4394,0.4357,100445.0,71038.3,45136.5,1383130.0,978198.0,15.616,15.25,12.47,0.0000,-0.0870284844820291,2.3055,0,29,120,2009-10-30
300026.SZ,2016-05-30,13.72,13.68,13.78,13.54,13.77,-0.09,-0.65,41283.3,56423.2,0.5811,0.9146,0.52,25.6886,24.0276,2.572,4.1039,3.8212,0.4422,0.4386,100445.0,71038.3,45136.5,1374090.0,971804.0,15.616,15.15,12.39,0.0000,-0.12863011639469102,2.3055,0,29,120,2009-10-30
300026.SZ,2016-05-31,13.75,14.19,14.22,13.68,13.68,0.51,3.73,119409.0,167829.0,1.6809,2.6455,1.52,26.6463,24.9233,2.6679,4.2569,3.9637,0.4264,0.4228,100445.0,71038.3,45136.5,1425320.0,1008030.0,15.616,15.05,12.31,0.0000,0.04648641129665924,2.3055,0,29,120,2009-10-30
300026.SZ,2016-06-01,14.21,14.17,14.33,14.13,14.19,-0.02,-0.14,95701.2,136168.0,1.3472,2.1203,1.3,26.6087,24.8882,2.6641,4.2509,3.9581,0.427,0.4234,100445.0,71038.3,45136.5,1423310.0,1006610.0,15.616,15.61,12.77,0.0000,-0.11165395255004244,2.3055,0,29,120,2009-10-30
300026.SZ,2016-06-02,14.18,14.22,14.23,14.05,14.17,0.05,0.35,81035.6,114695.0,1.1407,1.7953,1.07,26.7026,24.976,2.6735,4.2659,3.972,0.4255,0.4219,100445.0,71038.3,45136.5,1428330.0,1010170.0,15.616,15.59,12.75,0.0000,-0.1818232497394789,2.3055,0,29,120,2009-10-30
300026.SZ,2016-06-03,14.21,14.54,14.55,14.18,14.22,0.32,2.25,121191.0,174204.0,1.706,2.685,1.58,27.3035,25.5381,2.7337,4.3619,4.0614,0.4161,0.4127,100445.0,71038.3,45136.5,1460480.0,1032900.0,15.616,15.64,12.8,0.0000,0.10428921623231145,2.3055,0,29,120,2009-10-30
300026.SZ,2016-06-06,14.57,14.5,14.73,14.35,14.54,-0.04,-0.28,112060.0,162587.0,1.5775,2.4827,1.22,27.2284,25.4678,2.7262,4.3499,4.0503,0.4172,0.4138,100445.0,71038.3,45136.5,1456460.0,1030060.0,15.616,15.99,13.09,0.0000,0.08399719899124009,2.3055,0,29,120,2009-10-30
300026.SZ,2016-06-07,14.5,14.43,14.57,14.31,14.5,-0.07,-0.48,67945.7,97996.4,0.9565,1.5053,0.64,27.097,25.3449,2.713,4.3289,4.0307,0.4193,0.4158,100445.0,71038.3,45136.5,1449430.0,1025080.0,15.616,15.95,13.05,0.0000,0.04115329112334264,2.3055,0,29,120,2009-10-30
300026.SZ,2016-06-08,14.49,14.5,14.6,14.35,14.43,0.07,0.49,81159.3,117512.0,1.1425,1.7981,0.85,27.2284,25.4678,2.7262,4.3499,4.0503,0.4172,0.4138,100445.0,71038.3,45136.5,1456460.0,1030060.0,15.616,15.87,12.99,0.0000,0.03417714314808521,2.3055,0,29,120,2009-10-30
300026.SZ,2016-06-13,14.35,14.65,15.21,14.22,14.5,0.15,1.03,286852.0,426965.0,4.038,6.3552,3.1,27.5101,25.7313,2.7544,4.3949,4.0922,0.413,0.4096,100445.0,71038.3,45136.5,1471530.0,1040710.0,15.616,15.95,13.05,0.0000,0.05160230980043301,2.3055,0,29,120,2009-10-30
300026.SZ,2016-06-14,14.74,15.54,15.82,14.66,14.65,0.89,6.08,387325.0,595098.0,5.4523,8.5812,2.89,29.1814,27.2945,2.9217,4.6619,4.3408,0.3893,0.3861,100445.0,71038.3,45136.5,1560920.0,1103940.0,15.616,16.12,13.19,0.0000,-0.0049437436781512075,2.3055,0,29,120,2009-10-30
300026.SZ,2016-06-15,15.25,15.91,16.28,15.21,15.54,0.37,2.38,314625.0,497612.0,4.4289,6.9705,1.68,29.8762,27.9444,2.9913,4.7729,4.4441,0.3803,0.3771,100445.0,71038.3,45136.5,1598090.0,1130220.0,15.616,17.09,13.99,0.0000,0.021182255630587777,2.3055,0,29,120,2009-10-30
300026.SZ,2016-06-16,15.71,15.81,16.12,15.6,15.91,-0.1,-0.63,231135.0,366258.0,3.2537,5.1208,1.02,29.6884,27.7687,2.9725,4.7429,4.4162,0.3827,0.3795,100445.0,71038.3,45136.5,1588040.0,1123120.0,15.616,17.5,14.32,0.0000,0.039624607417989205,2.3055,0,29,120,2009-10-30
300026.SZ,2016-06-17,15.86,15.7,16.19,15.49,15.81,-0.11,-0.7,190714.0,301896.0,2.6847,4.2253,0.73,29.4818,27.5755,2.9518,4.7099,4.3855,0.3853,0.3822,100445.0,71038.3,45136.5,1576990.0,1115300.0,15.616,17.39,14.23,0.0000,-0.09157171798376894,2.3055,0,29,120,2009-10-30
300026.SZ,2016-06-20,15.6,15.85,16.09,15.5,15.7,0.15,0.96,124939.0,197903.0,1.7588,2.768,0.44,29.7635,27.839,2.98,4.7549,4.4274,0.3817,0.3785,100445.0,71038.3,45136.5,1592060.0,1125960.0,15.616,17.27,14.13,0.0000,0.11634974734071461,2.3055,0,29,120,2009-10-30
300026.SZ,2016-06-21,16.11,15.55,16.17,15.5,15.85,-0.3,-1.89,133977.0,212182.0,1.886,2.9683,0.54,29.2001,27.3121,2.9236,4.6649,4.3436,0.3891,0.3859,100445.0,71038.3,45136.5,1561930.0,1104650.0,15.616,17.44,14.27,0.0000,0.0034980298244396413,2.3055,0,29,120,2009-10-30
300026.SZ,2016-06-22,15.51,15.85,15.95,15.35,15.55,0.3,1.93,137038.0,213387.0,1.9291,3.0361,0.69,29.7635,27.839,2.98,4.7549,4.4274,0.3817,0.3785,100445.0,71038.3,45136.5,1592060.0,1125960.0,15.616,17.11,14.0,0.0000,-0.1502507051856415,2.3055,0,29,120,2009-10-30
300026.SZ,2016-06-23,15.85,15.64,15.92,15.53,15.85,-0.21,-1.32,115343.0,181198.0,1.6237,2.5554,0.71,29.3691,27.4701,2.9405,4.6919,4.3687,0.3868,0.3836,100445.0,71038.3,45136.5,1570970.0,1111040.0,15.616,17.44,14.27,0.0000,-0.0772633554169218,2.3055,0,29,120,2009-10-30
300026.SZ,2016-06-24,15.7,16.36,16.55,15.59,15.64,0.72,4.6,289105.0,465354.0,4.0697,6.4051,2.06,30.7212,28.7347,3.0759,4.9079,4.5698,0.3698,0.3667,100445.0,71038.3,45136.5,1643290.0,1162190.0,15.616,17.2,14.08,0.0000,0.06421205873096004,2.3055,0,29,120,2009-10-30
300026.SZ,2016-06-27,16.15,16.86,17.15,16.11,16.36,0.5,3.06,221672.0,373719.0,3.1205,4.9112,1.38,31.6601,29.6129,3.1699,5.0579,4.7095,0.3588,0.3559,100445.0,71038.3,45136.5,1693510.0,1197710.0,15.616,18.0,14.72,0.0000,0.09401921030886823,2.3055,0,29,120,2009-10-30
300026.SZ,2016-06-28,16.7,16.86,17.26,16.63,16.86,0.0,0.0,184394.0,313426.0,2.5957,4.0853,1.03,31.6601,29.6129,3.1699,5.0579,4.7095,0.3588,0.3559,100445.0,71038.3,45136.5,1693510.0,1197710.0,15.616,18.55,15.17,0.0000,0.07497990251471008,2.3055,0,29,120,2009-10-30
300026.SZ,2016-06-29,16.75,16.95,17.32,16.75,16.86,0.09,0.53,160137.0,273546.0,2.2542,3.5478,0.85,31.8291,29.771,3.1868,5.0849,4.7346,0.3569,0.354,100445.0,71038.3,45136.5,1702550.0,1204100.0,15.616,18.55,15.17,0.0000,0.1194620035375395,2.3055,0,29,120,2009-10-30
300026.SZ,2016-06-30,17.05,17.39,17.6,17.05,16.95,0.44,2.6,227257.0,395621.0,3.1991,5.0349,1.17,32.6553,30.5438,3.2695,5.2169,4.8575,0.3479,0.345,100445.0,71038.3,45136.5,1746750.0,1235360.0,15.616,18.65,15.26,0.0000,0.05268750102944318,2.3055,0,29,120,2009-10-30
300026.SZ,2016-07-01,17.45,16.87,17.53,16.56,17.39,-0.52,-2.99,202126.0,343694.0,2.8453,4.4781,0.93,31.6789,29.6305,3.1718,5.0609,4.7123,0.3586,0.3557,100445.0,71038.3,45136.5,1694510.0,1198420.0,15.616,19.13,15.65,0.0000,-0.08702248569981576,2.3055,0,29,120,2009-10-30
300026.SZ,2016-07-04,16.7,16.93,17.11,16.65,16.87,0.06,0.36,124587.0,210509.0,1.7538,2.7602,0.63,31.7915,29.7359,3.183,5.0789,4.729,0.3573,0.3544,100445.0,71038.3,45136.5,1700540.0,1202680.0,15.616,18.56,15.18,0.0000,-0.08757420270740568,2.3055,0,29,120,2009-10-30
300026.SZ,2016-07-05,17.17,16.78,17.17,16.54,16.93,-0.15,-0.89,160252.0,268552.0,2.2559,3.5504,0.89,31.5099,29.4724,3.1548,5.0339,4.6871,0.3605,0.3576,100445.0,71038.3,45136.5,1685470.0,1192020.0,15.616,18.62,15.24,0.0000,-0.12942458384585687,2.3055,0,29,120,2009-10-30
300026.SZ,2016-07-06,16.69,16.9,17.04,16.66,16.78,0.12,0.72,119483.0,201234.0,1.682,2.6471,0.68,31.7352,29.6832,3.1774,5.0699,4.7206,0.358,0.355,100445.0,71038.3,45136.5,1697530.0,1200550.0,15.616,18.46,15.1,0.0000,-0.023141645192122983,2.3055,0,29,120,2009-10-30
300026.SZ,2016-07-07,16.88,17.07,17.44,16.85,16.9,0.17,1.01,156447.0,268396.0,2.2023,3.4661,0.94,32.0544,29.9818,3.2094,5.1209,4.7681,0.3544,0.3515,100445.0,71038.3,45136.5,1714600.0,1212620.0,15.616,18.59,15.21,0.0000,0.007126706862048875,2.3055,0,29,120,2009-10-30
300026.SZ,2016-07-08,17.11,17.69,17.98,17.0,17.07,0.62,3.63,212340.0,371789.0,2.9891,4.7044,1.39,33.2187,31.0708,3.3259,5.3069,4.9413,0.342,0.3392,100445.0,71038.3,45136.5,1776880.0,1256670.0,15.616,18.78,15.36,0.0000,0.09439161190073625,2.3055,0,29,120,2009-10-30
300026.SZ,2016-07-11,17.8,17.53,17.94,17.43,17.69,-0.16,-0.9,147268.0,259570.0,2.0731,3.2627,0.95,32.9182,30.7897,3.2958,5.2589,4.8966,0.3451,0.3423,100445.0,71038.3,45136.5,1760810.0,1245300.0,15.616,19.46,15.92,0.0000,-0.12035559360385999,2.3055,0,29,120,2009-10-30
300026.SZ,2016-07-12,18.3,18.08,19.11,17.7,17.53,0.55,3.14,550425.0,996428.0,7.7483,12.1947,3.46,33.951,31.7558,3.3992,5.4239,5.0503,0.3346,0.3319,100445.0,71038.3,45136.5,1816050.0,1284370.0,15.616,19.28,15.78,0.0000,-0.2168653934453351,2.3055,0,29,120,2009-10-30
300026.SZ,2016-07-13,18.21,17.99,18.48,17.88,18.08,-0.09,-0.5,293668.0,530855.0,4.1339,6.5062,1.24,33.782,31.5977,3.3823,5.3969,5.0251,0.3363,0.3335,100445.0,71038.3,45136.5,1807010.0,1277980.0,15.616,19.89,16.27,0.0000,-0.08752461089113958,2.3055,0,29,120,2009-10-30
300026.SZ,2016-07-14,18.0,18.45,18.68,17.95,17.99,0.46,2.56,287698.0,528126.0,4.0499,6.374,1.06,34.6458,32.4056,3.4688,5.5349,5.1536,0.3279,0.3252,100445.0,71038.3,45136.5,1853220.0,1310660.0,15.616,19.79,16.19,0.0000,0.022477697917311475,2.3055,0,29,120,2009-10-30
300026.SZ,2016-07-15,18.34,18.34,18.45,18.12,18.45,-0.11,-0.6,152057.0,277376.0,2.1405,3.3688,0.51,34.4393,32.2124,3.4481,5.5019,5.1229,0.3299,0.3272,100445.0,71038.3,45136.5,1842170.0,1302840.0,15.616,20.3,16.61,0.0000,-0.1639244841051767,2.3055,0,29,120,2009-10-30
300026.SZ,2016-07-18,18.32,17.97,18.36,17.88,18.34,-0.37,-2.02,149557.0,270129.0,2.1053,3.3135,0.52,33.7445,31.5626,3.3786,5.3909,5.0195,0.3367,0.3339,100445.0,71038.3,45136.5,1805000.0,1276560.0,15.616,20.17,16.51,0.0000,-0.20677053612229557,2.3055,0,29,120,2009-10-30
300026.SZ,2016-07-19,17.98,18.06,18.08,17.86,17.97,0.09,0.5,115883.0,208085.0,1.6313,2.5674,0.4,33.9135,31.7206,3.3955,5.4179,5.0447,0.3352,0.3324,100445.0,71038.3,45136.5,1814040.0,1282950.0,15.616,19.77,16.17,0.0000,-0.1672221064622911,2.3055,0,29,120,2009-10-30
300026.SZ,2016-07-20,18.06,18.18,18.45,18.02,18.06,0.12,0.66,172021.0,313939.0,2.4215,3.8111,0.86,34.1166,31.9106,3.4191,5.4503,5.0749,0.333,0.3302,100380.0,71038.3,45136.5,1824910.0,1291480.0,15.616,19.87,16.25,0.0000,-0.004759806930518424,2.3055,0,29,120,2009-10-30
300026.SZ,2016-07-21,18.18,18.06,18.26,18.02,18.18,-0.12,-0.66,125785.0,228306.0,1.7707,2.7868,0.72,33.8914,31.6999,3.3965,5.4144,5.0414,0.3352,0.3324,100380.0,71038.3,45136.5,1812860.0,1282950.0,15.616,20.0,16.36,0.0000,-0.0562208242685975,2.3055,0,29,120,2009-10-30
300026.SZ,2016-07-22,18.01,17.65,18.1,17.61,18.06,-0.41,-2.27,156051.0,278028.0,2.1967,3.4573,1.09,33.122,30.9803,3.3194,5.2914,4.9269,0.343,0.3402,100380.0,71038.3,45136.5,1771700.0,1253830.0,15.616,19.87,16.25,0.0000,-0.17187679501866687,2.3055,0,29,120,2009-10-30
300026.SZ,2016-07-25,17.7,17.72,17.85,17.59,17.65,0.07,0.4,86571.6,153394.0,1.2187,1.918,0.6,33.2533,31.1031,3.3325,5.3124,4.9465,0.3416,0.3388,100380.0,71038.3,45136.5,1778730.0,1258800.0,15.616,19.42,15.89,0.0000,-0.12481608584094009,2.3055,0,29,120,2009-10-30
300026.SZ,2016-07-26,17.77,17.93,17.98,17.74,17.72,0.21,1.19,98066.2,175296.0,1.3805,2.1727,0.75,33.6474,31.4718,3.372,5.3754,5.0051,0.3376,0.3349,100380.0,71038.3,45136.5,1799810.0,1273720.0,15.616,19.49,15.95,0.0000,-0.038983884640425015,2.3055,0,29,120,2009-10-30
300026.SZ,2016-07-27,17.89,17.09,17.97,16.9,17.93,-0.84,-4.68,188083.0,326186.0,2.6476,4.167,1.47,32.0711,29.9973,3.2141,5.1235,4.7706,0.3542,0.3513,100380.0,71038.3,45136.5,1715490.0,1214040.0,15.616,19.72,16.14,0.0000,-0.15199921285935147,2.3055,0,29,120,2009-10-30
300026.SZ,2016-07-28,17.1,17.18,17.27,16.98,17.09,0.09,0.53,98506.9,168774.0,1.3867,2.1824,0.75,32.24,30.1553,3.231,5.1505,4.7957,0.3524,0.3495,100380.0,71038.3,45136.5,1724530.0,1220440.0,15.616,18.8,15.38,0.0000,-0.13494645550043335,2.3055,0,29,120,2009-10-30
300026.SZ,2016-07-29,17.18,17.49,17.67,17.1,17.18,0.31,1.8,112076.0,195458.0,1.5777,2.483,0.89,32.8217,30.6994,3.2893,5.2435,4.8823,0.3461,0.3433,100380.0,71038.3,45136.5,1755640.0,1242460.0,15.616,18.9,15.46,0.0000,0.04395265345143803,2.3055,0,29,120,2009-10-30
300026.SZ,2016-08-01,17.39,17.15,17.39,16.91,17.49,-0.34,-1.94,88488.9,151192.0,1.2456,1.9605,0.76,32.1837,30.1027,3.2253,5.1415,4.7874,0.353,0.3501,100380.0,71038.3,45136.5,1721510.0,1218310.0,15.616,19.24,15.74,0.0000,-0.11404753536244308,2.3055,0,29,120,2009-10-30
300026.SZ,2016-08-02,17.2,17.82,17.85,17.18,17.15,0.67,3.91,151532.0,267006.0,2.1331,3.3572,1.29,33.441,31.2787,3.3513,5.3424,4.9744,0.3397,0.3369,100380.0,71038.3,45136.5,1788770.0,1265900.0,15.616,18.87,15.44,0.0000,0.11215296660325688,2.3055,0,29,120,2009-10-30
300026.SZ,2016-08-03,17.7,17.75,17.91,17.61,17.82,-0.07,-0.39,89657.1,158966.0,1.2621,1.9864,0.7,33.3096,31.1558,3.3382,5.3214,4.9548,0.3411,0.3382,100380.0,71038.3,45136.5,1781740.0,1260930.0,15.616,19.6,16.04,0.0000,-0.12240011892192816,2.3055,0,29,120,2009-10-30
300026.SZ,2016-08-04,17.8,17.76,17.88,17.54,17.75,0.01,0.06,82729.0,146616.0,1.1646,1.8329,0.77,33.3284,31.1734,3.3401,5.3244,4.9576,0.3409,0.3381,100380.0,71038.3,45136.5,1782750.0,1261640.0,15.616,19.53,15.98,0.0000,-0.016385640727303405,2.3055,0,29,120,2009-10-30
300026.SZ,2016-08-05,17.77,17.73,17.84,17.61,17.76,-0.03,-0.17,66017.5,117115.0,0.9293,1.4626,0.63,33.2721,31.1207,3.3344,5.3154,4.9493,0.3414,0.3386,100380.0,71038.3,45136.5,1779740.0,1259510.0,15.616,19.54,15.98,0.0000,-0.014800154559799241,2.3055,0,29,120,2009-10-30
300026.SZ,2016-08-08,17.63,17.72,17.72,17.46,17.73,-0.01,-0.06,71483.3,125881.0,1.0063,1.5837,0.75,33.2533,31.1031,3.3325,5.3124,4.9465,0.3416,0.3388,100380.0,71038.3,45136.5,1778730.0,1258800.0,15.616,19.5,15.96,0.0000,0.000853335001307198,2.3055,0,29,120,2009-10-30
300026.SZ,2016-08-09,17.69,18.18,18.3,17.66,17.72,0.46,2.6,171173.0,309714.0,2.4096,3.7923,1.85,34.1166,31.9106,3.4191,5.4503,5.0749,0.333,0.3302,100380.0,71038.3,45136.5,1824910.0,1291480.0,15.616,19.49,15.95,0.0000,0.10415836509926456,2.3055,0,29,120,2009-10-30
300026.SZ,2016-08-10,18.17,18.04,18.25,18.01,18.18,-0.14,-0.77,140080.0,253777.0,1.9719,3.1035,1.46,33.8538,31.6648,3.3927,5.4084,5.0358,0.3356,0.3328,100380.0,71038.3,45136.5,1810850.0,1281530.0,15.616,20.0,16.36,0.0000,-0.032764153160247944,2.3055,0,29,120,2009-10-30
300026.SZ,2016-08-11,18.1,17.7,18.13,17.7,18.04,-0.34,-1.88,102522.0,183385.0,1.4432,2.2714,0.96,33.2158,31.068,3.3288,5.3064,4.9409,0.342,0.3392,100380.0,71038.3,45136.5,1776720.0,1257380.0,15.616,19.84,16.24,0.0000,-0.15795084810716833,2.3055,0,29,120,2009-10-30
300026.SZ,2016-08-12,17.67,17.75,17.77,17.5,17.7,0.05,0.28,81384.1,143675.0,1.1456,1.8031,0.74,33.3096,31.1558,3.3382,5.3214,4.9548,0.3411,0.3382,100380.0,71038.3,45136.5,1781740.0,1260930.0,15.616,19.47,15.93,0.0000,-0.1407955192645878,2.3055,0,29,120,2009-10-30
300026.SZ,2016-08-15,17.8,18.53,18.7,17.76,17.75,0.78,4.39,261927.0,479544.0,3.6871,5.803,2.31,34.7734,32.5249,3.4849,5.5553,5.1726,0.3267,0.324,100380.0,71038.3,45136.5,1860040.0,1316340.0,15.616,19.53,15.98,0.0000,0.1497715121378292,2.3055,0,29,120,2009-10-30
300026.SZ,2016-08-16,18.56,19.1,19.25,18.47,18.53,0.57,3.08,267585.0,507640.0,3.7668,5.9283,1.77,35.843,33.5254,3.5921,5.7261,5.3317,0.317,0.3143,100380.0,71038.3,45136.5,1917260.0,1356830.0,15.616,20.38,16.68,0.0000,0.05329633583420761,2.3055,0,29,120,2009-10-30
300026.SZ,2016-08-17,19.08,19.05,19.48,18.91,19.1,-0.05,-0.26,231298.0,445395.0,3.256,5.1244,1.36,35.7492,33.4376,3.5827,5.7112,5.3177,0.3178,0.3152,100380.0,71038.3,45136.5,1912240.0,1353280.0,15.616,21.01,17.19,0.0000,-0.09812395223392772,2.3055,0,29,120,2009-10-30
300026.SZ,2016-08-18,19.02,18.92,19.27,18.7,19.05,-0.13,-0.68,200272.0,378941.0,2.8192,4.437,1.06,35.5052,33.2095,3.5582,5.6722,5.2814,0.32,0.3173,100380.0,71038.3,45136.5,1899190.0,1344050.0,15.616,20.96,17.15,0.0000,-0.22296669973343353,2.3055,0,29,120,2009-10-30
300026.SZ,2016-08-19,19.0,20.2,20.51,18.88,18.92,1.28,6.77,432750.0,856784.0,6.0918,9.5876,2.08,37.9073,35.4562,3.7989,6.0559,5.6388,0.2997,0.2972,100380.0,71038.3,45136.5,2027670.0,1434970.0,15.616,20.81,17.03,0.0000,0.014167441314610086,2.3055,0,29,120,2009-10-30
300026.SZ,2016-08-22,20.56,19.83,21.0,19.71,20.2,-0.37,-1.83,402294.0,816783.0,5.6631,8.9128,1.44,37.2129,34.8067,3.7294,5.945,5.5355,0.3053,0.3028,100380.0,71038.3,45136.5,1990530.0,1408690.0,15.616,22.22,18.18,0.0000,-0.1263686267367698,2.3055,0,29,120,2009-10-30
300026.SZ,2016-08-23,19.85,20.45,20.81,19.85,19.83,0.62,3.13,275567.0,560567.0,3.8791,6.1052,0.9,38.3764,35.895,3.846,6.1309,5.7085,0.296,0.2936,100380.0,71038.3,45136.5,2052770.0,1452730.0,15.616,21.81,17.85,0.0000,0.06452239590834548,2.3055,0,29,120,2009-10-30
300026.SZ,2016-08-24,20.46,20.94,21.45,20.2,20.45,0.49,2.4,421238.0,881196.0,5.9297,9.3325,1.37,39.296,36.7551,3.9381,6.2778,5.8453,0.2891,0.2867,100380.0,71038.3,45136.5,2101950.0,1487540.0,15.616,22.5,18.41,0.0000,-0.026470368333231065,2.3055,0,29,120,2009-10-30
300026.SZ,2016-08-25,20.66,21.8,21.89,20.48,20.94,0.86,4.11,469592.0,993591.0,6.6104,10.4038,1.36,40.9098,38.2646,4.0999,6.5356,6.0854,0.2777,0.2754,100380.0,71038.3,45136.5,2188280.0,1548640.0,15.616,23.03,18.85,0.0000,0.0240769079779427,2.3055,0,29,120,2009-10-30
300026.SZ,2016-08-26,21.28,20.22,21.49,19.93,21.8,-1.58,-7.25,635693.0,1319640.0,8.9486,14.0838,1.59,37.9448,33.9085,3.8027,6.0619,5.5841,0.2994,0.2969,100380.0,71038.3,45136.5,2029680.0,1436400.0,15.616,23.98,19.62,0.0000,-0.22840435588501393,2.8819,0,29,120,2009-10-30
300026.SZ,2016-08-29,20.09,19.55,20.09,19.31,20.22,-0.67,-3.31,338458.0,662895.0,4.7644,7.4986,0.77,36.6875,32.7849,3.6767,5.8611,5.399,0.3097,0.3071,100380.0,71038.3,45136.5,1962430.0,1388800.0,15.616,22.24,18.2,0.0000,-0.21392613117158302,2.8819,0,29,120,2009-10-30
300026.SZ,2016-08-30,19.55,19.5,19.87,19.45,19.55,-0.05,-0.26,198313.0,389126.0,2.7916,4.3936,0.46,36.5937,32.7011,3.5125,5.8461,5.3852,0.3105,0.3079,100380.0,71038.3,45136.5,1957410.0,1385250.0,15.616,21.51,17.6,0.0000,-0.11273906879427349,2.8819,0,29,120,2009-10-30
300026.SZ,2016-08-31,19.51,19.64,19.67,19.06,19.5,0.14,0.72,198436.0,385167.0,2.7934,4.3964,0.48,36.8564,32.9359,3.5377,5.888,5.4239,0.3082,0.3057,100380.0,71038.3,45136.5,1971460.0,1395190.0,15.616,21.45,17.55,0.0000,-0.05570218807704861,2.8819,0,29,120,2009-10-30
300026.SZ,2016-09-01,19.53,19.17,19.71,19.16,19.64,-0.47,-2.39,160618.0,311408.0,2.261,3.5585,0.44,35.9744,32.1477,3.453,5.7471,5.2941,0.3158,0.3132,100380.0,71038.3,45136.5,1924280.0,1361800.0,15.616,21.6,17.68,0.0000,-0.24756033739411543,2.8819,0,29,120,2009-10-30
300026.SZ,2016-09-02,19.14,18.8,19.25,18.72,19.17,-0.37,-1.93,210514.0,398298.0,2.9634,4.6639,0.69,35.28,31.5272,3.3864,5.6362,5.1919,0.322,0.3194,100380.0,71038.3,45136.5,1887140.0,1335520.0,15.616,21.09,17.25,0.0000,-0.26964020947340905,2.8819,0,29,120,2009-10-30
300026.SZ,2016-09-05,18.88,19.05,19.23,18.88,18.8,0.25,1.33,150705.0,287616.0,2.1215,3.3389,0.68,35.7492,31.9465,3.4314,5.7112,5.261,0.3178,0.3152,100380.0,71038.3,45136.5,1912240.0,1353280.0,15.616,20.68,16.92,0.0000,0.05578386112443339,2.8819,0,29,120,2009-10-30
300026.SZ,2016-09-06,19.13,19.48,19.5,18.93,19.05,0.43,2.26,184130.0,354700.0,2.592,4.0794,1.0,36.5561,32.6676,3.5089,5.8401,5.3797,0.3108,0.3082,100380.0,71038.3,45136.5,1955400.0,1383830.0,15.616,20.96,17.15,0.0000,0.11868934984418644,2.8819,0,29,120,2009-10-30
300026.SZ,2016-09-07,19.54,19.1,19.61,19.09,19.48,-0.38,-1.95,166403.0,321979.0,2.3424,3.6867,0.92,35.843,32.0303,3.4404,5.7261,5.2748,0.317,0.3143,100380.0,71038.3,45136.5,1917260.0,1356830.0,15.616,21.43,17.53,0.0000,-0.0958145045918409,2.8819,0,29,120,2009-10-30
300026.SZ,2016-09-08,19.15,19.25,19.29,19.06,19.1,0.15,0.79,103165.0,197769.0,1.4522,2.2856,0.59,36.1245,32.2819,3.4675,5.7711,5.3162,0.3145,0.3119,100380.0,71038.3,45136.5,1932310.0,1367490.0,15.616,21.01,17.19,0.0000,-0.049528575777494324,2.8819,0,29,120,2009-10-30
300026.SZ,2016-09-09,19.21,18.98,19.3,18.95,19.25,-0.27,-1.4,124524.0,237561.0,1.7529,2.7588,0.76,35.6178,31.8291,3.4188,5.6902,5.2416,0.319,0.3163,100380.0,71038.3,45136.5,1905210.0,1348310.0,15.616,21.18,17.33,0.0000,-0.18707202814474894,2.8819,0,29,120,2009-10-30
300026.SZ,2016-09-12,18.65,18.2,18.65,18.19,18.98,-0.78,-4.11,149107.0,274538.0,2.099,3.3035,1.02,34.1541,30.521,3.2783,5.4563,5.0262,0.3326,0.3299,100380.0,71038.3,45136.5,1826910.0,1292900.0,15.616,20.88,17.08,0.0000,-0.2873518746800429,2.8819,0,29,120,2009-10-30
300026.SZ,2016-09-13,18.41,18.58,18.63,18.29,18.2,0.38,2.09,102136.0,188645.0,1.4378,2.2628,0.7,34.8672,31.1583,3.3468,5.5702,5.1312,0.3258,0.3231,100380.0,71038.3,45136.5,1865060.0,1319890.0,15.616,20.02,16.38,0.0000,0.11091089850243707,2.8819,0,29,120,2009-10-30
300026.SZ,2016-09-14,18.41,18.35,18.68,18.33,18.58,-0.23,-1.24,88450.2,163418.0,1.2451,1.9596,0.69,34.4356,30.7726,3.3053,5.5013,5.0676,0.3299,0.3272,100380.0,71038.3,45136.5,1841970.0,1303550.0,15.616,20.44,16.72,0.0000,-0.14228821765383903,2.8819,0,29,120,2009-10-30
300026.SZ,2016-09-19,18.46,18.57,18.65,18.35,18.35,0.22,1.2,60923.4,112864.0,0.8576,1.3498,0.54,34.8484,31.1415,3.345,5.5672,5.1284,0.326,0.3233,100380.0,71038.3,45136.5,1864050.0,1319180.0,15.616,20.19,16.52,0.0000,0.05558353885224403,2.8819,0,29,120,2009-10-30
300026.SZ,2016-09-20,18.6,18.61,18.79,18.5,18.57,0.04,0.22,64441.6,120024.0,0.9071,1.4277,0.61,34.9235,31.2086,3.3522,5.5792,5.1394,0.3253,0.3226,100380.0,71038.3,45136.5,1868070.0,1322020.0,15.616,20.43,16.71,0.0000,-0.08861500907543297,2.8819,0,29,120,2009-10-30
300026.SZ,2016-09-21,18.55,18.63,18.74,18.54,18.61,0.02,0.11,61073.5,113776.0,0.8597,1.3531,0.66,34.961,31.2421,3.3558,5.5852,5.145,0.325,0.3223,100380.0,71038.3,45136.5,1870080.0,1323440.0,15.616,20.47,16.75,0.0000,-0.04174695443852886,2.8819,0,29,120,2009-10-30
300026.SZ,2016-09-22,18.7,18.74,18.91,18.65,18.63,0.11,0.59,102547.0,192633.0,1.4435,2.2719,1.36,35.1674,31.4266,3.3756,5.6182,5.1753,0.323,0.3204,100380.0,71038.3,45136.5,1881120.0,1331260.0,15.616,20.49,16.77,0.0000,0.10493556806212269,2.8819,0,29,120,2009-10-30
300026.SZ,2016-09-23,18.68,18.25,18.76,18.24,18.74,-0.49,-2.61,90497.9,167242.0,1.2739,2.005,1.2,34.2479,30.6049,3.2873,5.4713,5.04,0.3317,0.329,100380.0,71038.3,45136.5,1831930.0,1296450.0,15.616,20.61,16.87,0.0000,-0.3050927160042537,2.8819,0,29,120,2009-10-30
300026.SZ,2016-09-26,18.21,17.58,18.31,17.55,18.25,-0.67,-3.67,132734.0,238496.0,1.8685,2.9407,1.75,32.9906,29.4813,3.1666,5.2704,4.855,0.3444,0.3415,100380.0,71038.3,45136.5,1764680.0,1248850.0,15.616,20.08,16.43,0.0000,-0.20263387079090434,2.8819,0,29,120,2009-10-30
300026.SZ,2016-09-27,17.62,17.78,17.78,17.44,17.58,0.2,1.14,71156.8,125447.0,1.0017,1.5765,0.79,33.3659,29.8167,3.2027,5.3304,4.9102,0.3405,0.3377,100380.0,71038.3,45136.5,1784750.0,1263060.0,15.616,19.34,15.82,0.0000,-0.12056020026969563,2.8819,0,29,120,2009-10-30
300026.SZ,2016-09-28,17.79,17.63,17.79,17.55,17.78,-0.15,-0.84,38819.7,68607.9,0.5465,0.8601,0.42,33.0844,29.5651,3.1757,5.2854,4.8688,0.3434,0.3406,100380.0,71038.3,45136.5,1769700.0,1252410.0,15.616,19.56,16.0,0.0000,-0.1905076099504728,2.8819,0,29,120,2009-10-30
300026.SZ,2016-09-29,17.65,17.74,17.83,17.62,17.63,0.11,0.62,55391.7,98228.5,0.7797,1.2272,0.64,33.2908,29.7496,3.1955,5.3184,4.8992,0.3413,0.3384,100380.0,71038.3,45136.5,1780740.0,1260220.0,15.616,19.39,15.87,0.0000,0.010435067957534384,2.8819,0,29,120,2009-10-30
300026.SZ,2016-09-30,17.99,18.6,18.7,17.88,17.74,0.86,4.85,194922.0,359932.0,2.7439,4.3185,2.51,34.9047,31.1918,3.3504,5.5762,5.1367,0.3255,0.3228,100380.0,71038.3,45136.5,1867070.0,1321310.0,15.616,19.51,15.97,0.0000,-0.009370070673468348,2.8819,0,29,120,2009-10-30
300026.SZ,2016-10-10,18.75,19.11,19.22,18.75,18.6,0.51,2.74,165562.0,315254.0,2.3306,3.668,1.68,35.8618,32.0471,3.4422,5.7291,5.2775,0.3168,0.3142,100380.0,71038.3,45136.5,1918260.0,1357540.0,15.616,20.46,16.74,0.0000,0.13606884796021423,2.8819,0,29,120,2009-10-30
300026.SZ,2016-10-11,19.11,19.08,19.18,18.93,19.11,-0.03,-0.16,90672.9,172565.0,1.2764,2.0089,0.86,35.8055,31.9968,3.4368,5.7201,5.2692,0.3173,0.3147,100380.0,71038.3,45136.5,1915250.0,1355410.0,15.616,21.02,17.2,0.0000,-0.08133820741250511,2.8819,0,29,120,2009-10-30
300026.SZ,2016-10-12,18.96,19.18,19.37,18.96,19.08,0.1,0.52,109783.0,211090.0,1.5454,2.4322,1.01,35.9931,32.1645,3.4549,5.7501,5.2969,0.3156,0.313,100380.0,71038.3,45136.5,1925290.0,1362520.0,15.616,20.99,17.17,0.0000,0.07884622393590306,2.8819,0,29,120,2009-10-30
300026.SZ,2016-10-13,19.16,19.12,19.3,19.06,19.18,-0.06,-0.31,75722.1,144938.0,1.0659,1.6776,0.61,35.8806,32.0638,3.444,5.7321,5.2803,0.3166,0.314,100380.0,71038.3,45136.5,1919260.0,1358250.0,15.616,21.1,17.26,0.0000,-0.05506783114923496,2.8819,0,29,120,2009-10-30
300026.SZ,2016-10-14,19.08,19.17,19.22,18.97,19.12,0.05,0.26,104220.0,198911.0,1.4671,2.309,0.82,35.9744,32.1477,3.453,5.7471,5.2941,0.3158,0.3132,100380.0,71038.3,45136.5,1924280.0,1361800.0,15.616,21.03,17.21,0.0000,-0.01796925197974891,2.8819,0,29,120,2009-10-30
300026.SZ,2016-10-17,19.21,19.1,19.44,18.97,19.17,-0.07,-0.37,116334.0,223642.0,1.6376,2.5774,1.07,35.843,32.0303,3.4404,5.7261,5.2748,0.317,0.3143,100380.0,71038.3,45136.5,1917260.0,1356830.0,15.616,21.09,17.25,0.0000,-0.07304793093845328,2.8819,0,29,120,2009-10-30
300026.SZ,2016-10-18,19.02,19.26,19.28,19.01,19.1,0.16,0.84,104661.0,200583.0,1.4733,2.3188,1.05,36.1433,32.2986,3.4693,5.7741,5.3189,0.3143,0.3117,100380.0,71038.3,45136.5,1933320.0,1368200.0,15.616,21.01,17.19,0.0000,0.0688615199593025,2.8819,0,29,120,2009-10-30
300026.SZ,2016-10-19,19.28,20.16,20.27,19.19,19.26,0.9,4.67,334715.0,662557.0,4.7118,7.4156,3.28,37.8322,33.8079,3.6314,6.0439,5.5675,0.3003,0.2978,100380.0,71038.3,45136.5,2023660.0,1432130.0,15.616,21.19,17.33,0.0000,0.12235269064143617,2.8819,0,29,120,2009-10-30
300026.SZ,2016-10-20,20.15,20.01,20.38,19.88,20.16,-0.15,-0.74,317793.0,637966.0,4.4272,6.9266,2.16,37.5507,33.5564,3.6044,5.999,5.5261,0.3025,0.3,100380.0,71781.7,45879.8,2008600.0,1436350.0,15.616,22.18,18.14,0.0000,-0.20153189882296857,2.8819,0,29,120,2009-10-30
300026.SZ,2016-10-21,19.81,19.44,19.95,19.07,20.01,-0.57,-2.85,254376.0,497040.0,3.5437,5.5444,1.3,36.4811,32.6005,3.5017,5.8281,5.3687,0.3114,0.3088,100380.0,71781.7,45879.8,1951380.0,1395440.0,15.616,22.01,18.01,0.0000,-0.2511883809084973,2.8819,0,29,120,2009-10-30
300026.SZ,2016-10-24,19.52,20.05,20.28,19.45,19.44,0.61,3.14,291099.0,580039.0,4.0553,6.3448,1.29,37.6258,33.6234,3.6116,6.0109,5.5371,0.3019,0.2994,100380.0,71781.7,45879.8,2012620.0,1439220.0,15.616,21.38,17.5,0.0000,0.07883738492397978,2.8819,0,29,120,2009-10-30
300026.SZ,2016-10-25,19.97,19.5,19.97,19.49,20.05,-0.55,-2.74,261913.0,515358.0,3.6487,5.7087,1.01,36.5937,33.6214,3.4091,5.8461,5.2588,0.3105,0.3079,100380.0,71781.7,45879.8,1957410.0,1399740.0,15.616,22.06,18.05,0.0000,-0.3167356831950631,2.9004,0,29,120,2009-10-30
300026.SZ,2016-10-26,6.54,6.42,6.65,6.38,6.5,-0.08,-1.23,674423.0,440885.0,3.1318,4.8999,2.31,36.1433,33.2076,3.3672,5.7741,5.1941,0.3143,0.3117,301140.0,215345.0,137639.0,1933320.0,1382520.0,46.849,7.15,5.85,0.0000,-0.2985530855921481,2.9004,0,29,120,2009-10-30
300026.SZ,2016-10-27,6.4,6.3,6.41,6.21,6.42,-0.12,-1.87,543056.0,341951.0,2.5218,3.9455,1.51,35.4677,32.5869,3.3042,5.6662,5.097,0.3203,0.3177,301140.0,215345.0,137639.0,1897180.0,1356670.0,46.849,7.06,5.78,0.0000,-0.22359265448962284,2.9004,0,29,120,2009-10-30
300026.SZ,2016-10-28,6.33,6.45,6.65,6.27,6.3,0.15,2.38,720662.0,466903.0,3.3465,5.2359,1.78,36.3122,33.3628,3.3829,5.8011,5.2183,0.3129,0.3103,301140.0,215345.0,137639.0,1942350.0,1388980.0,46.849,6.93,5.67,0.0000,0.07054133363184845,2.9004,0,29,120,2009-10-30
300026.SZ,2016-10-31,6.37,6.31,6.4,6.23,6.45,-0.14,-2.17,381188.0,240777.0,1.7701,2.7695,0.77,35.524,32.6386,3.3095,5.6752,5.1051,0.3198,0.3172,301140.0,215345.0,137639.0,1900190.0,1358830.0,46.849,7.1,5.81,0.0000,-0.32533429832193567,2.9004,0,29,120,2009-10-30
300026.SZ,2016-11-01,6.33,6.38,6.45,6.32,6.31,0.07,1.11,356460.0,227153.0,1.6553,2.5898,0.69,35.9181,33.0007,3.3462,5.7381,5.1617,0.3163,0.3137,301140.0,215345.0,137639.0,1921270.0,1373900.0,46.849,6.94,5.68,0.0000,-0.012598918102576562,2.9004,0,29,120,2009-10-30
300026.SZ,2016-11-02,6.38,6.27,6.38,6.25,6.38,-0.11,-1.72,422007.0,265572.0,1.9597,3.066,0.79,35.2988,32.4317,3.2885,5.6392,5.0727,0.3218,0.3192,301140.0,215345.0,137639.0,1888150.0,1350210.0,46.849,7.02,5.74,0.0000,-0.22980553215939423,2.9004,0,29,120,2009-10-30
300026.SZ,2016-11-03,6.28,6.3,6.43,6.21,6.27,0.03,0.48,510863.0,322372.0,2.3723,3.7116,1.05,35.4677,32.5869,3.3042,5.6662,5.097,0.3203,0.3177,301140.0,215345.0,137639.0,1897180.0,1356670.0,46.849,6.9,5.64,0.0000,0.021701192069473043,2.9004,0,29,120,2009-10-30
300026.SZ,2016-11-04,6.28,6.25,6.37,6.23,6.3,-0.05,-0.79,324376.0,203380.0,1.5141,2.376,0.68,35.1862,32.3283,3.278,5.6212,5.0565,0.3229,0.3202,301140.0,214230.0,136524.0,1882120.0,1338940.0,46.849,6.93,5.67,0.0000,-0.32810346092528964,2.9004,0,29,120,2009-10-30
300026.SZ,2016-11-07,6.25,6.16,6.25,6.14,6.25,-0.09,-1.44,359627.0,221864.0,1.6787,2.6342,0.9,34.6795,31.8628,3.2308,5.5403,4.9837,0.3276,0.3249,301140.0,214230.0,136524.0,1855020.0,1319660.0,46.849,6.88,5.63,0.0000,-0.2887321883034275,2.9004,0,29,120,2009-10-30
300026.SZ,2016-11-08,6.16,6.18,6.22,6.14,6.16,0.02,0.32,225329.0,139293.0,1.0518,1.6505,0.57,34.7921,31.9662,3.2413,5.5583,4.9999,0.3265,0.3238,301140.0,214230.0,136524.0,1861040.0,1323940.0,46.849,6.78,5.54,0.0000,-0.2064055510805388,2.9004,0,29,120,2009-10-30
300026.SZ,2016-11-09,6.2,6.09,6.23,6.06,6.18,-0.09,-1.46,486224.0,299107.0,2.2696,3.5614,1.32,34.2854,31.5007,3.1941,5.4773,4.9271,0.3314,0.3286,301140.0,214230.0,136524.0,1833940.0,1304660.0,46.849,6.8,5.56,0.0000,-0.1545325745748141,2.9004,0,29,120,2009-10-30
300026.SZ,2016-11-10,6.16,6.15,6.19,6.11,6.09,0.06,0.99,283601.0,174244.0,1.3238,2.0773,0.74,34.6232,31.811,3.2256,5.5313,4.9756,0.3281,0.3254,301140.0,214230.0,136524.0,1852010.0,1317510.0,46.849,6.7,5.48,0.0000,-0.15998088644832192,2.9004,0,29,120,2009-10-30
300026.SZ,2016-11-11,6.15,6.31,6.34,6.09,6.15,0.16,2.6,697002.0,435765.0,3.2535,5.1053,2.08,35.524,32.6386,3.3095,5.6752,5.1051,0.3198,0.3172,301140.0,214230.0,136524.0,1900190.0,1351790.0,46.849,6.77,5.54,0.0000,0.03375265716344552,2.9004,0,29,120,2009-10-30
300026.SZ,2016-11-14,6.31,6.49,6.55,6.3,6.31,0.18,2.85,785805.0,506160.0,3.668,5.7558,1.91,36.5374,33.5697,3.4039,5.8371,5.2507,0.3109,0.3084,301140.0,214230.0,136524.0,1954400.0,1390350.0,46.849,6.94,5.68,0.0000,-0.07298348632042438,2.9004,0,29,120,2009-10-30
300026.SZ,2016-11-15,6.51,6.5,6.53,6.4,6.49,0.01,0.15,542979.0,350973.0,2.5346,3.9772,1.1,36.5937,33.6214,3.4091,5.8461,5.2588,0.3105,0.3079,301140.0,214230.0,136524.0,1957410.0,1392500.0,46.849,7.14,5.84,0.0000,-0.08319686198813897,2.9004,0,29,120,2009-10-30
300026.SZ,2016-11-16,6.51,6.53,6.65,6.45,6.5,0.03,0.46,615155.0,402560.0,2.8715,4.5058,1.1,36.7626,33.7766,3.4249,5.873,5.2831,0.309,0.3065,301140.0,214230.0,136524.0,1966440.0,1398920.0,46.849,7.15,5.85,0.0000,0.018841249418940716,2.9004,0,29,120,2009-10-30
300026.SZ,2016-11-17,6.48,6.42,6.5,6.39,6.53,-0.11,-1.68,434285.0,279341.0,2.0272,3.181,0.74,36.1433,33.2076,3.3672,5.7741,5.1941,0.3143,0.3117,301140.0,214230.0,136524.0,1933320.0,1375360.0,46.849,7.18,5.88,0.0000,-0.198752824817339,2.9004,0,29,120,2009-10-30
300026.SZ,2016-11-18,6.42,6.38,6.44,6.35,6.42,-0.04,-0.62,243381.0,155452.0,1.1361,1.7827,0.4,35.9181,33.0007,3.3462,5.7381,5.1617,0.3163,0.3137,301140.0,214230.0,136524.0,1921270.0,1366790.0,46.849,7.06,5.78,0.0000,-0.17242130798512442,2.9004,0,29,120,2009-10-30
300026.SZ,2016-11-21,6.38,6.32,6.39,6.3,6.38,-0.06,-0.94,296369.0,187587.0,1.3834,2.1708,0.57,35.5803,32.6904,3.3147,5.6842,5.1132,0.3193,0.3167,301140.0,214230.0,136524.0,1903200.0,1353930.0,46.849,7.02,5.74,0.0000,-0.30714542740605694,2.9004,0,29,120,2009-10-30
300026.SZ,2016-11-22,6.33,6.36,6.38,6.3,6.32,0.04,0.63,295992.0,187365.0,1.3817,2.1681,0.69,35.8055,32.8973,3.3357,5.7201,5.1455,0.3173,0.3147,301140.0,214230.0,136524.0,1915250.0,1362500.0,46.849,6.95,5.69,0.0000,-0.17829029905367208,2.9004,0,29,120,2009-10-30
300026.SZ,2016-11-23,6.36,6.25,6.37,6.24,6.36,-0.11,-1.73,354474.0,223363.0,1.6546,2.5964,0.94,35.1862,32.3283,3.278,5.6212,5.0565,0.3229,0.3202,301140.0,214230.0,136524.0,1882120.0,1338940.0,46.849,7.0,5.72,0.0000,-0.35864826269421546,2.9004,0,29,120,2009-10-30
300026.SZ,2016-11-24,6.24,6.2,6.29,6.2,6.25,-0.05,-0.8,263245.0,164118.0,1.2288,1.9282,0.81,34.9047,32.0697,3.2518,5.5762,5.0161,0.3255,0.3228,301140.0,214230.0,136524.0,1867070.0,1328230.0,46.849,6.88,5.63,0.0000,-0.3769418731631347,2.9004,0,29,120,2009-10-30
300026.SZ,2016-11-25,6.21,6.2,6.23,6.11,6.2,0.0,0.0,283015.0,174528.0,1.3211,2.073,0.97,34.9047,32.0697,3.2518,5.5762,5.0161,0.3255,0.3228,301140.0,214230.0,136524.0,1867070.0,1328230.0,46.849,6.82,5.58,0.0000,-0.22804723381228478,2.9004,0,29,120,2009-10-30
300026.SZ,2016-11-28,6.24,6.22,6.25,6.19,6.2,0.02,0.32,201391.0,125275.0,0.9401,1.4751,0.67,35.0173,32.1731,3.2623,5.5942,5.0323,0.3244,0.3218,301140.0,214230.0,136524.0,1873090.0,1332510.0,46.849,6.82,5.58,0.0000,-0.1660361923754268,2.9004,0,29,120,2009-10-30
300026.SZ,2016-11-29,6.23,6.17,6.24,6.16,6.22,-0.05,-0.8,266937.0,165478.0,1.246,1.9552,0.95,34.7358,31.9145,3.2361,5.5493,4.9918,0.3271,0.3244,301140.0,214230.0,136524.0,1858030.0,1321800.0,46.849,6.84,5.6,0.0000,-0.20942303164544243,2.9004,0,29,120,2009-10-30
300026.SZ,2016-11-30,6.16,6.17,6.21,6.14,6.17,0.0,0.0,203751.0,125710.0,0.9511,1.4924,0.74,34.7358,31.9145,3.2361,5.5493,4.9918,0.3271,0.3244,301140.0,214230.0,136524.0,1858030.0,1321800.0,46.849,6.79,5.55,0.0000,-0.23686487031658676,2.9004,0,29,120,2009-10-30
300026.SZ,2016-12-01,6.17,6.2,6.23,6.14,6.17,0.03,0.49,206699.0,127791.0,0.9648,1.514,0.85,34.9047,32.0697,3.2518,5.5762,5.0161,0.3255,0.3228,301140.0,214230.0,136524.0,1867070.0,1328230.0,46.849,6.79,5.55,0.0000,0.06256818887362905,2.9004,0,29,120,2009-10-30
300026.SZ,2016-12-02,6.22,6.15,6.22,6.14,6.2,-0.05,-0.81,186725.0,115012.0,0.8716,1.3677,0.8,34.6232,31.811,3.2256,5.5313,4.9756,0.3281,0.3254,301140.0,214230.0,136524.0,1852010.0,1317510.0,46.849,6.82,5.58,0.0000,-0.15624019410712192,2.9004,0,29,120,2009-10-30
300026.SZ,2016-12-05,6.1,6.12,6.18,6.1,6.15,-0.03,-0.49,147144.0,90357.4,0.6869,1.0778,0.69,34.4543,31.6559,3.2098,5.5043,4.9514,0.3297,0.327,301140.0,214230.0,136524.0,1842970.0,1311090.0,46.849,6.77,5.54,0.0000,-0.23192032161511122,2.9004,0,29,120,2009-10-30
300026.SZ,2016-12-06,6.14,6.13,6.16,6.11,6.12,0.01,0.16,115354.0,70693.6,0.5385,0.8449,0.57,34.5106,31.7076,3.2151,5.5133,4.9594,0.3292,0.3265,301140.0,214230.0,136524.0,1845990.0,1313230.0,46.849,6.73,5.51,0.0000,-0.21701352122338416,2.9004,0,29,120,2009-10-30
300026.SZ,2016-12-07,6.14,6.14,6.15,6.09,6.13,0.01,0.16,139586.0,85347.9,0.6516,1.0224,0.81,34.5669,31.7593,3.2203,5.5223,4.9675,0.3287,0.3259,301140.0,214230.0,136524.0,1849000.0,1315370.0,46.849,6.74,5.52,0.0000,-0.13529246654746716,2.9004,0,29,120,2009-10-30
300026.SZ,2016-12-08,6.14,6.08,6.14,6.08,6.14,-0.06,-0.98,137310.0,83798.5,0.6409,1.0058,0.86,34.2291,31.449,3.1889,5.4683,4.919,0.3319,0.3292,301140.0,214230.0,136524.0,1830930.0,1302520.0,46.849,6.75,5.53,0.0000,-0.2548624871600442,2.9004,0,29,120,2009-10-30
300026.SZ,2016-12-09,6.08,6.04,6.11,6.03,6.08,-0.04,-0.66,195445.0,118531.0,0.9123,1.4316,1.35,34.004,31.2421,3.1679,5.4323,4.8866,0.3341,0.3313,301140.0,214230.0,136524.0,1818880.0,1293950.0,46.849,6.69,5.47,0.0000,-0.36736560426120624,2.9004,0,29,120,2009-10-30
300026.SZ,2016-12-12,6.01,5.67,6.01,5.65,6.04,-0.37,-6.13,391518.0,228042.0,1.8276,2.8677,2.66,31.9209,29.3282,2.9738,5.0996,4.5873,0.3559,0.353,301140.0,214230.0,136524.0,1707460.0,1214680.0,46.849,6.64,5.44,0.0000,-0.31050051054001854,2.9004,0,29,120,2009-10-30
300026.SZ,2016-12-13,5.66,5.6,5.66,5.52,5.67,-0.07,-1.23,194659.0,108684.0,0.9086,1.4258,0.99,31.5268,28.9662,2.9371,5.0366,4.5307,0.3604,0.3574,301140.0,214230.0,136524.0,1686380.0,1199690.0,46.849,6.24,5.1,0.0000,-0.23476603761200365,2.9004,0,29,120,2009-10-30
300026.SZ,2016-12-14,5.6,5.59,5.64,5.57,5.6,-0.01,-0.18,119422.0,67016.6,0.5344,0.8192,0.56,31.4705,28.9144,2.9319,5.0276,4.5226,0.361,0.358,301140.0,223482.0,145777.0,1683370.0,1249270.0,46.849,6.16,5.04,0.0000,-0.034303267352936956,2.9004,0,29,120,2009-10-30
300026.SZ,2016-12-15,5.58,5.6,5.64,5.57,5.59,0.01,0.18,130626.0,73174.9,0.5845,0.8961,0.63,31.5268,28.9662,2.9371,5.0366,4.5307,0.3604,0.3574,301140.0,223482.0,145777.0,1686380.0,1251500.0,46.849,6.15,5.03,0.0000,-0.14177557644562455,2.9004,0,29,120,2009-10-30
300026.SZ,2016-12-16,5.6,5.59,5.62,5.55,5.6,-0.01,-0.18,118377.0,66163.7,0.5297,0.812,0.57,31.4705,28.9144,2.9319,5.0276,4.5226,0.361,0.358,301140.0,223482.0,145777.0,1683370.0,1249270.0,46.849,6.16,5.04,0.0000,-0.08909577206072211,2.9004,0,29,120,2009-10-30
300026.SZ,2016-12-19,5.6,5.56,5.62,5.55,5.59,-0.03,-0.54,103555.0,57644.1,0.4634,0.7104,0.54,31.3017,28.7593,2.9161,5.0006,4.4983,0.3629,0.3599,301140.0,223482.0,145777.0,1674340.0,1242560.0,46.849,6.15,5.03,0.0000,-0.17762582781228445,2.9004,0,29,120,2009-10-30
300026.SZ,2016-12-20,5.56,5.5,5.57,5.49,5.56,-0.06,-1.08,144595.0,79876.9,0.647,0.9919,1.08,30.9639,28.4489,2.8847,4.9467,4.4498,0.3669,0.3639,301140.0,223482.0,145777.0,1656270.0,1229150.0,46.849,6.12,5.0,0.0000,-0.24525959264406502,2.9004,0,29,120,2009-10-30
300026.SZ,2016-12-21,5.53,5.54,5.56,5.51,5.5,0.04,0.73,118916.0,65856.8,0.5321,0.8157,0.96,31.1891,28.6558,2.9056,4.9826,4.4821,0.3643,0.3612,301140.0,223482.0,145777.0,1668310.0,1238090.0,46.849,6.05,4.95,0.0000,-0.14845999890460757,2.9004,0,29,120,2009-10-30
300026.SZ,2016-12-22,5.55,5.51,5.56,5.5,5.54,-0.03,-0.54,98645.6,54513.4,0.4414,0.6767,0.8,31.0202,28.5006,2.8899,4.9557,4.4578,0.3662,0.3632,301140.0,223482.0,145777.0,1659280.0,1231390.0,46.849,6.09,4.99,0.0000,-0.25461024899360285,2.9004,0,29,120,2009-10-30
300026.SZ,2016-12-23,5.52,5.48,5.53,5.48,5.51,-0.03,-0.54,115933.0,63767.3,0.5188,0.7953,0.99,30.8513,28.3455,2.8742,4.9287,4.4336,0.3682,0.3652,301140.0,223482.0,145777.0,1650250.0,1224680.0,46.849,6.06,4.96,0.0000,-0.3776613007237907,2.9004,0,29,120,2009-10-30
300026.SZ,2016-12-26,5.44,5.44,5.47,5.39,5.48,-0.04,-0.73,134945.0,73109.4,0.6038,0.9257,1.16,30.6261,28.1385,2.8532,4.8927,4.4012,0.3709,0.3679,301140.0,223482.0,145777.0,1638200.0,1215740.0,46.849,6.03,4.93,0.0000,-0.28810395247726034,2.9004,0,29,120,2009-10-30
300026.SZ,2016-12-27,5.44,5.47,5.51,5.42,5.44,0.03,0.55,101516.0,55481.4,0.4542,0.6964,0.83,30.795,28.2937,2.8689,4.9197,4.4255,0.3689,0.3659,301140.0,223482.0,145777.0,1647230.0,1222450.0,46.849,5.98,4.9,0.0000,0.11827379241234603,2.9004,0,29,120,2009-10-30
300026.SZ,2016-12-28,5.46,5.42,5.48,5.4,5.47,-0.05,-0.91,84559.7,46039.3,0.3784,0.5801,0.74,30.5135,28.0351,2.8427,4.8747,4.385,0.3723,0.3692,301140.0,223482.0,145777.0,1632180.0,1211270.0,46.849,6.02,4.92,0.0000,-0.476519452099643,2.9004,0,29,120,2009-10-30
300026.SZ,2016-12-29,5.43,5.4,5.44,5.4,5.42,-0.02,-0.37,75369.9,40862.7,0.3373,0.517,0.7,30.4009,27.9316,2.8322,4.8567,4.3688,0.3737,0.3706,301140.0,223482.0,145777.0,1626150.0,1206800.0,46.849,5.96,4.88,0.0000,-0.4089280748001851,2.9004,0,29,120,2009-10-30
300026.SZ,2016-12-30,5.4,5.43,5.45,5.4,5.4,0.03,0.56,72136.0,39141.5,0.3228,0.4948,0.7,30.5698,28.0868,2.8479,4.8837,4.3931,0.3716,0.3686,301140.0,223482.0,145777.0,1635190.0,1213510.0,46.849,5.94,4.86,0.0000,0.011382584340104676,2.9004,0,29,120,2009-10-30
300026.SZ,2017-01-03,5.44,5.5,5.5,5.42,5.43,0.07,1.29,114412.0,62680.2,0.5119,0.7848,1.22,30.9639,28.4489,2.8847,4.9467,4.4498,0.3639,0.3639,301140.0,223482.0,145777.0,1656270.0,1229150.0,46.849,5.97,4.89,0.0000,-0.031007516870183008,2.9004,0,29,120,2009-10-30
300026.SZ,2017-01-04,5.5,5.5,5.51,5.46,5.5,0.0,0.0,132291.0,72592.0,0.592,0.9075,1.48,30.9639,28.4489,2.8847,4.9467,4.4498,0.3639,0.3639,301140.0,223482.0,145777.0,1656270.0,1229150.0,46.849,6.05,4.95,0.0000,-0.18854827175224848,2.9004,0,29,120,2009-10-30
300026.SZ,2017-01-05,5.5,5.49,5.51,5.47,5.5,-0.01,-0.18,101414.0,55644.0,0.4538,0.6957,1.06,30.9076,28.3972,2.8794,4.9377,4.4417,0.3645,0.3645,301140.0,223482.0,145777.0,1653260.0,1226920.0,46.849,6.05,4.95,0.0000,-0.10428186424633103,2.9004,0,29,120,2009-10-30
300026.SZ,2017-01-06,5.49,5.45,5.49,5.43,5.49,-0.04,-0.73,95965.4,52358.8,0.4294,0.6583,0.97,30.6824,28.1903,2.8584,4.9017,4.4093,0.3672,0.3672,301140.0,223482.0,145777.0,1641210.0,1217980.0,46.849,6.04,4.94,0.0000,-0.11130214231005262,2.9004,0,29,120,2009-10-30
300026.SZ,2017-01-09,5.44,5.46,5.47,5.42,5.45,0.01,0.18,96000.3,52297.9,0.4296,0.6585,0.93,30.7387,28.242,2.8637,4.9107,4.4174,0.3665,0.3665,301140.0,223482.0,145777.0,1644220.0,1220210.0,46.849,6.0,4.91,0.0000,-0.09890227740798195,2.9004,0,29,120,2009-10-30
300026.SZ,2017-01-10,5.46,5.43,5.46,5.43,5.46,-0.03,-0.55,82650.5,44995.2,0.3698,0.567,0.77,30.5698,28.0868,2.8479,4.8837,4.3931,0.3686,0.3686,301140.0,223482.0,145777.0,1635190.0,1213510.0,46.849,6.01,4.91,0.0000,-0.028622657281416698,2.9004,0,29,120,2009-10-30
300026.SZ,2017-01-11,5.44,5.4,5.45,5.4,5.43,-0.03,-0.55,101557.0,55016.3,0.4544,0.6967,1.0,30.4009,27.9316,2.8322,4.8567,4.3688,0.3706,0.3706,301140.0,223482.0,145777.0,1626150.0,1206800.0,46.849,5.97,4.89,0.0000,-0.18876136154029702,2.9004,0,29,120,2009-10-30
300026.SZ,2017-01-12,5.39,5.38,5.41,5.38,5.4,-0.02,-0.37,79500.0,42883.4,0.3557,0.5454,0.83,30.2883,27.8282,2.8217,4.8387,4.3527,0.372,0.372,301140.0,223482.0,145777.0,1620130.0,1202330.0,46.849,5.94,4.86,0.0000,-0.14177129142796252,2.9004,0,29,120,2009-10-30
300026.SZ,2017-01-13,5.38,5.28,5.4,5.28,5.38,-0.1,-1.86,142068.0,75618.0,0.6357,0.9746,1.56,29.7253,27.3109,2.7693,4.7488,4.2718,0.379,0.379,301140.0,223482.0,145777.0,1590020.0,1179990.0,46.849,5.92,4.84,0.0000,-0.31222718405559136,2.9004,0,29,120,2009-10-30
300026.SZ,2017-01-16,5.28,5.04,5.28,4.85,5.28,-0.24,-4.55,186355.0,95303.6,0.8339,1.2784,1.86,28.3742,26.0695,2.6434,4.5329,4.0776,0.3971,0.3971,301140.0,223482.0,145777.0,1517740.0,1126350.0,46.849,5.81,4.75,0.0000,-0.3111529459421473,2.9004,0,29,120,2009-10-30
300026.SZ,2017-01-17,5.04,5.13,5.15,4.95,5.04,0.09,1.79,141098.0,71566.9,0.6314,0.9679,1.19,28.8808,26.5351,2.6906,4.6139,4.1504,0.3901,0.3901,301140.0,223482.0,145777.0,1544850.0,1146460.0,46.849,5.54,4.54,0.0000,-0.032060190272201854,2.9004,0,29,120,2009-10-30
300026.SZ,2017-01-18,5.12,5.09,5.12,5.04,5.13,-0.04,-0.78,102678.0,52122.0,0.4594,0.7044,0.79,28.6557,26.3282,2.6696,4.5779,4.118,0.3932,0.3932,301140.0,223482.0,145777.0,1532800.0,1137520.0,46.849,5.64,4.62,0.0000,-0.33246516049922026,2.9004,0,29,120,2009-10-30
300026.SZ,2017-01-19,5.08,5.07,5.1,5.03,5.09,-0.02,-0.39,70414.0,35689.7,0.3151,0.483,0.54,28.5431,26.2247,2.6591,4.5599,4.1019,0.3947,0.3947,301140.0,223482.0,145777.0,1526780.0,1133060.0,46.849,5.6,4.58,0.0000,0.01269904514955591,2.9004,0,29,120,2009-10-30
300026.SZ,2017-01-20,5.08,5.14,5.15,5.05,5.07,0.07,1.38,138001.0,70721.5,0.6175,0.9467,1.07,28.9371,26.5868,2.6958,4.6229,4.1585,0.3894,0.3894,301140.0,223482.0,145777.0,1547860.0,1148700.0,46.849,5.58,4.56,0.0000,0.08210928837695242,2.9004,0,29,120,2009-10-30
300026.SZ,2017-01-23,5.14,5.15,5.23,5.13,5.14,0.01,0.19,119546.0,61729.2,0.5349,0.8201,0.94,28.9934,26.6385,2.7011,4.6319,4.1666,0.3886,0.3886,301140.0,223482.0,145777.0,1550870.0,1150930.0,46.849,5.65,4.63,0.0000,-0.2791038833116433,2.9004,0,29,120,2009-10-30
300026.SZ,2017-01-24,5.16,5.12,5.16,5.1,5.15,-0.03,-0.58,105217.0,53828.6,0.4708,0.7218,0.92,28.8245,26.4833,2.6854,4.6049,4.1423,0.3909,0.3909,301140.0,223482.0,145777.0,1541830.0,1144230.0,46.849,5.67,4.64,0.0000,-0.1259166827937652,2.9004,0,29,120,2009-10-30
300026.SZ,2017-01-25,5.12,5.17,5.18,5.08,5.12,0.05,0.98,127275.0,65322.1,0.5695,0.8731,1.19,29.106,26.742,2.7116,4.6499,4.1828,0.3871,0.3871,301140.0,223482.0,145777.0,1556890.0,1155400.0,46.849,5.63,4.61,0.0000,0.032071764930273125,2.9004,0,29,120,2009-10-30
300026.SZ,2017-01-26,5.17,5.3,5.34,5.17,5.17,0.13,2.51,254818.0,134748.0,1.1402,1.748,2.27,29.8379,27.4144,2.7798,4.7668,4.2879,0.3776,0.3776,301140.0,223482.0,145777.0,1596040.0,1184460.0,46.849,5.69,4.65,0.0000,0.008128577879279397,2.9004,0,29,120,2009-10-30
300026.SZ,2017-02-03,5.31,5.29,5.36,5.26,5.3,-0.01,-0.19,183122.0,96982.8,0.8194,1.2562,1.23,29.7816,27.3627,2.7745,4.7578,4.2799,0.3783,0.3783,301140.0,223482.0,145777.0,1593030.0,1182220.0,46.849,5.83,4.77,0.0000,0.14300637332436894,2.9004,0,29,120,2009-10-30
300026.SZ,2017-02-06,5.29,5.31,5.33,5.29,5.29,0.02,0.38,96215.4,51085.8,0.4305,0.66,0.61,29.8942,27.4661,2.785,4.7758,4.296,0.3769,0.3769,301140.0,223482.0,145777.0,1599050.0,1186690.0,46.849,5.82,4.76,0.0000,0.059386483608017335,2.9004,0,29,120,2009-10-30
300026.SZ,2017-02-07,5.31,5.32,5.33,5.29,5.31,0.01,0.19,104266.0,55349.1,0.4666,0.7152,0.68,29.9505,27.5178,2.7903,4.7848,4.3041,0.3762,0.3762,301140.0,223482.0,145777.0,1602060.0,1188930.0,46.849,5.84,4.78,0.0000,0.17539764768781432,2.9004,0,29,120,2009-10-30
300026.SZ,2017-02-08,5.32,5.34,5.34,5.29,5.32,0.02,0.38,100988.0,53633.2,0.4519,0.6928,0.66,30.0631,27.6213,2.8007,4.8028,4.3203,0.3748,0.3748,301140.0,223482.0,145777.0,1608090.0,1193400.0,46.849,5.85,4.79,0.0000,0.27264137295634494,2.9004,0,29,120,2009-10-30
300026.SZ,2017-02-09,5.34,5.38,5.38,5.32,5.34,0.04,0.75,154732.0,82958.4,0.6924,1.0614,1.05,30.2883,27.8282,2.8217,4.8387,4.3527,0.372,0.372,301140.0,223482.0,145777.0,1620130.0,1202330.0,46.849,5.87,4.81,0.0000,0.04845765579740417,2.9004,0,29,120,2009-10-30
300026.SZ,2017-02-10,5.36,5.36,5.38,5.34,5.38,-0.02,-0.37,112978.0,60523.5,0.5055,0.775,0.88,30.1757,27.7247,2.8112,4.8208,4.3365,0.3734,0.3734,301140.0,223482.0,145777.0,1614110.0,1197860.0,46.849,5.92,4.84,0.0000,-0.09512718610821205,2.9004,0,29,120,2009-10-30
300026.SZ,2017-02-13,5.36,5.4,5.41,5.34,5.36,0.04,0.75,187489.0,100830.0,0.8389,1.2861,1.65,30.4009,27.9316,2.8322,4.8567,4.3688,0.3706,0.3706,301140.0,223482.0,145777.0,1626150.0,1206800.0,46.849,5.9,4.82,0.0000,-0.026401768261079404,2.9004,0,29,120,2009-10-30
300026.SZ,2017-02-14,5.38,5.37,5.39,5.36,5.4,-0.03,-0.56,110325.0,59227.9,0.4937,0.7568,0.84,30.232,27.7765,2.8165,4.8297,4.3446,0.3727,0.3727,301140.0,223482.0,145777.0,1617120.0,1200100.0,46.849,5.94,4.86,0.0000,-0.1200158269477087,2.9004,0,29,120,2009-10-30
300026.SZ,2017-02-15,5.36,5.32,5.39,5.31,5.37,-0.05,-0.93,150980.0,80725.9,0.6756,1.0357,1.13,29.9505,27.5178,2.7903,4.7848,4.3041,0.3762,0.3762,301140.0,223482.0,145777.0,1602060.0,1188930.0,46.849,5.91,4.83,0.0000,-0.36478662545972007,2.9004,0,29,120,2009-10-30
300026.SZ,2017-02-16,5.31,5.32,5.34,5.3,5.32,0.0,0.0,98858.2,52535.0,0.4424,0.6781,0.69,29.9505,27.5178,2.7903,4.7848,4.3041,0.3762,0.3762,301140.0,223482.0,145777.0,1602060.0,1188930.0,46.849,5.85,4.79,0.0000,0.0006538507591847295,2.9004,0,29,120,2009-10-30
300026.SZ,2017-02-17,5.33,5.29,5.34,5.28,5.32,-0.03,-0.56,147744.0,78482.4,0.6611,1.0135,1.12,29.7816,27.3627,2.7745,4.7578,4.2799,0.3783,0.3783,301140.0,223482.0,145777.0,1593030.0,1182220.0,46.849,5.85,4.79,0.0000,-0.17162774369817543,2.9004,0,29,120,2009-10-30
300026.SZ,2017-02-20,5.29,5.34,5.35,5.28,5.29,0.05,0.95,137332.0,72908.4,0.6145,0.9421,0.99,30.0631,27.6213,2.8007,4.8028,4.3203,0.3748,0.3748,301140.0,223482.0,145777.0,1608090.0,1193400.0,46.849,5.82,4.76,0.0000,0.030480720486999856,2.9004,0,29,120,2009-10-30
300026.SZ,2017-02-21,5.35,5.39,5.4,5.31,5.34,0.05,0.94,213708.0,114675.0,0.9563,1.466,1.66,30.3446,27.8799,2.827,4.8477,4.3608,0.3713,0.3713,301140.0,223482.0,145777.0,1623140.0,1204570.0,46.849,5.87,4.81,0.0000,0.005596550090471234,2.9004,0,29,120,2009-10-30
300026.SZ,2017-02-22,5.39,5.37,5.4,5.35,5.39,-0.02,-0.37,130558.0,70080.3,0.5842,0.8956,0.87,30.232,27.7765,2.8165,4.8297,4.3446,0.3727,0.3727,301140.0,223482.0,145777.0,1617120.0,1200100.0,46.849,5.93,4.85,0.0000,-0.2167042393060791,2.9004,0,29,120,2009-10-30
300026.SZ,2017-02-23,5.37,5.47,5.48,5.34,5.37,0.1,1.86,336917.0,182301.0,1.5076,2.3112,2.31,30.795,28.2937,2.8689,4.9197,4.4255,0.3659,0.3659,301140.0,223482.0,145777.0,1647230.0,1222450.0,46.849,5.91,4.83,0.0000,0.017319417405242513,2.9004,0,29,120,2009-10-30
300026.SZ,2017-02-24,5.45,5.69,5.7,5.43,5.47,0.22,4.02,608893.0,339270.0,2.7246,4.1769,3.15,32.0335,29.4317,2.9843,5.1176,4.6035,0.3517,0.3517,301140.0,223482.0,145777.0,1713480.0,1271610.0,46.849,6.02,4.92,0.0000,-0.008379640172343645,2.9004,0,29,120,2009-10-30
300026.SZ,2017-02-27,5.7,5.68,5.79,5.62,5.69,-0.01,-0.18,580799.0,331757.0,2.5989,3.9842,2.03,31.9772,29.38,2.9791,5.1086,4.5954,0.3523,0.3523,301140.0,223482.0,145777.0,1710470.0,1269380.0,46.849,6.26,5.12,0.0000,-0.24828675133743172,2.9004,0,29,120,2009-10-30
300026.SZ,2017-02-28,5.67,5.63,5.71,5.56,5.68,-0.05,-0.88,345772.0,194132.0,1.5472,2.3719,0.92,31.6957,29.1213,2.9528,5.0636,4.5549,0.3555,0.3555,301140.0,223482.0,145777.0,1695420.0,1258210.0,46.849,6.25,5.11,0.0000,-0.1874874399720269,2.9004,0,29,120,2009-10-30
300026.SZ,2017-03-01,5.6,5.61,5.64,5.59,5.63,-0.02,-0.36,223994.0,125744.0,1.0023,1.5366,0.56,31.5831,25.671,2.8494,5.0456,4.3715,0.3567,0.3567,301140.0,223482.0,145777.0,1689390.0,1253740.0,46.849,6.19,5.07,0.0000,-0.24915184755374997,2.9004,0,29,120,2009-10-30
300026.SZ,2017-03-02,5.63,5.53,5.63,5.52,5.61,-0.08,-1.43,210051.0,116702.0,0.9399,1.4409,0.5,31.1328,25.3049,2.8087,4.9736,4.3092,0.3619,0.3619,301140.0,223482.0,145777.0,1665300.0,1235860.0,46.849,6.17,5.05,0.0000,-0.4458906956285573,2.9004,0,29,120,2009-10-30
300026.SZ,2017-03-03,5.53,5.54,5.55,5.46,5.53,0.01,0.18,179145.0,98726.3,0.8016,1.2289,0.45,31.1891,25.3507,2.8138,4.9826,4.3169,0.3612,0.3612,301140.0,223482.0,145777.0,1668310.0,1238090.0,46.849,6.08,4.98,0.0000,-0.09615327496517605,2.9004,0,29,120,2009-10-30
300026.SZ,2017-03-06,5.53,5.62,5.63,5.52,5.54,0.08,1.44,202329.0,113377.0,0.9053,1.3879,0.66,31.6394,25.7168,2.8544,5.0546,4.3793,0.3561,0.3561,301140.0,223482.0,145777.0,1692400.0,1255970.0,46.849,6.09,4.99,0.0000,0.19514104962797615,2.9004,0,29,120,2009-10-30
300026.SZ,2017-03-07,5.63,5.61,5.63,5.57,5.62,-0.01,-0.18,153052.0,85609.2,0.6848,1.0499,0.66,31.5831,25.671,2.8494,5.0456,4.3715,0.3567,0.3567,301140.0,223482.0,145777.0,1689390.0,1253740.0,46.849,6.18,5.06,0.0000,-0.1524137824463037,2.9004,0,29,120,2009-10-30
300026.SZ,2017-03-08,5.61,5.53,5.61,5.51,5.61,-0.08,-1.43,166212.0,92285.4,0.7437,1.1402,0.86,31.1328,25.3049,2.8087,4.9736,4.3092,0.3619,0.3619,301140.0,223482.0,145777.0,1665300.0,1235860.0,46.849,6.17,5.05,0.0000,-0.23032808613283562,2.9004,0,29,120,2009-10-30
300026.SZ,2017-03-09,5.54,5.47,5.54,5.46,5.53,-0.06,-1.09,172984.0,94830.2,0.774,1.1866,0.95,30.795,25.0304,2.7782,4.9197,4.2624,0.3659,0.3659,301140.0,223482.0,145777.0,1647230.0,1222450.0,46.849,6.08,4.98,0.0000,-0.10326280959625281,2.9004,0,29,120,2009-10-30
300026.SZ,2017-03-10,5.47,5.44,5.49,5.42,5.47,-0.03,-0.55,155745.0,84864.2,0.6969,1.0684,0.89,30.6261,24.8931,2.763,4.8927,4.239,0.3679,0.3679,301140.0,223482.0,145777.0,1638200.0,1215740.0,46.849,6.02,4.92,0.0000,-0.18556197050705256,2.9004,0,29,120,2009-10-30
300026.SZ,2017-03-13,5.42,5.47,5.47,5.4,5.44,0.03,0.55,154863.0,84353.6,0.693,1.0623,0.91,30.795,25.0304,2.7782,4.9197,4.2624,0.3659,0.3659,301140.0,223482.0,145777.0,1647230.0,1222450.0,46.849,5.98,4.9,0.0000,-0.13433248189601227,2.9004,0,29,120,2009-10-30
300026.SZ,2017-03-14,5.47,5.43,5.48,5.42,5.47,-0.04,-0.73,124449.0,67774.7,0.5569,0.8537,0.78,30.5698,24.8474,2.7579,4.8837,4.2312,0.3686,0.3686,301140.0,223482.0,145777.0,1635190.0,1213510.0,46.849,6.02,4.92,0.0000,-0.08466030506863562,2.9004,0,29,120,2009-10-30
300026.SZ,2017-03-15,5.42,5.41,5.43,5.4,5.43,-0.02,-0.37,113326.0,61362.4,0.5071,0.7774,0.73,30.4572,24.7558,2.7478,4.8657,4.2156,0.3699,0.3699,301140.0,223482.0,145777.0,1629170.0,1209040.0,46.849,5.97,4.89,0.0000,-0.20229965486750473,2.9004,0,29,120,2009-10-30
300026.SZ,2017-03-16,5.41,5.48,5.49,5.41,5.41,0.07,1.29,181913.0,99302.6,0.814,1.2479,1.26,30.8513,25.0762,2.7833,4.9287,4.2702,0.3652,0.3652,301140.0,223482.0,145777.0,1650250.0,1224680.0,46.849,5.95,4.87,0.0000,0.06084566408983635,2.9004,0,29,120,2009-10-30
300026.SZ,2017-03-17,5.48,5.44,5.49,5.43,5.48,-0.04,-0.73,180378.0,98561.6,0.8057,1.2341,1.23,30.6226,24.8903,2.8533,4.8921,4.2385,0.3679,0.3679,301105.0,223871.0,146165.0,1638010.0,1217860.0,46.849,6.03,4.93,0.0000,0.11951238635237571,2.9004,0,29,120,2009-10-30
300026.SZ,2017-03-20,5.44,5.44,5.45,5.41,5.44,0.0,0.0,108875.0,59069.6,0.4863,0.7449,0.72,30.6226,24.8903,2.8533,4.8921,4.2385,0.3679,0.3679,301105.0,223871.0,146165.0,1638010.0,1217860.0,46.849,5.98,4.9,0.0000,-0.029061515618496757,2.9004,0,29,120,2009-10-30
300026.SZ,2017-03-21,5.43,5.44,5.46,5.42,5.44,0.0,0.0,102358.0,55635.5,0.4572,0.7003,0.72,30.6226,24.8903,2.8533,4.8921,4.2385,0.3679,0.3679,301105.0,223871.0,146165.0,1638010.0,1217860.0,46.849,5.98,4.9,0.0000,-0.14520170035677715,2.9004,0,29,120,2009-10-30
300026.SZ,2017-03-22,5.42,5.5,5.5,5.41,5.44,0.06,1.1,226811.0,124044.0,1.0131,1.5517,1.65,30.9604,25.1648,2.8848,4.9461,4.2853,0.3639,0.3639,301105.0,223871.0,146165.0,1656080.0,1231290.0,46.849,5.98,4.9,0.0000,0.18352475301367585,2.9004,0,29,120,2009-10-30
300026.SZ,2017-03-23,5.49,5.53,5.6,5.48,5.5,0.03,0.55,348467.0,193263.0,1.5566,2.3841,2.18,31.1292,25.3021,2.9005,4.9731,4.3087,0.3619,0.3619,301105.0,223871.0,146165.0,1665110.0,1238010.0,46.849,6.05,4.95,0.0000,0.09514942960022524,2.9004,0,29,120,2009-10-30
300026.SZ,2017-03-24,5.54,5.53,5.54,5.47,5.53,0.0,0.0,160043.0,88011.4,0.7149,1.0949,0.83,31.1292,25.3021,2.9005,4.9731,4.3087,0.3619,0.3619,301105.0,223871.0,146165.0,1665110.0,1238010.0,46.849,6.08,4.98,0.0000,-0.23290009987596566,2.9004,0,29,120,2009-10-30
300026.SZ,2017-03-27,5.5,5.46,5.52,5.45,5.53,-0.07,-1.27,144644.0,79232.1,0.6461,0.9896,0.76,30.7352,24.9818,2.8638,4.9101,4.2541,0.3666,0.3666,301105.0,223871.0,146165.0,1644040.0,1222340.0,46.849,6.08,4.98,0.0000,-0.15205397325943515,2.9004,0,29,120,2009-10-30
300026.SZ,2017-03-28,5.44,5.43,5.45,5.41,5.46,-0.03,-0.55,121301.0,65821.6,0.5418,0.8289,0.62,24.828,24.828,2.7578,4.2281,4.2281,0.3686,0.3686,301105.0,223871.0,146336.0,1635000.0,1215620.0,46.849,6.01,4.91,0.0000,-0.049731475033044446,2.9736,0,29,120,2009-10-30
300026.SZ,2017-03-29,5.42,5.34,5.44,5.34,5.43,-0.09,-1.66,184533.0,99227.0,0.8243,1.261,0.92,24.4165,24.4165,2.7121,4.158,4.158,0.3748,0.3748,301105.0,223871.0,146336.0,1607900.0,1195470.0,46.849,5.97,4.89,0.0000,-0.34697565007237313,2.9736,0,29,120,2009-10-30
300026.SZ,2017-03-30,5.35,5.23,5.35,5.2,5.34,-0.11,-2.06,211120.0,110907.0,0.943,1.4427,1.1,23.9135,23.9135,2.6562,4.0723,4.0723,0.3827,0.3827,301105.0,223871.0,146336.0,1574780.0,1170840.0,46.849,5.87,4.81,0.0000,-0.2764067563055806,2.9736,0,29,120,2009-10-30
300026.SZ,2017-03-31,5.22,5.25,5.28,5.19,5.23,0.02,0.38,101210.0,53178.7,0.4521,0.6916,0.62,24.005,24.005,2.6664,4.0879,4.0879,0.3812,0.3812,301105.0,223871.0,146336.0,1580800.0,1175320.0,46.849,5.75,4.71,0.0000,-0.020448438434735688,2.9736,0,29,120,2009-10-30
300026.SZ,2017-04-05,5.25,5.35,5.36,5.25,5.25,0.1,1.9,168296.0,89679.4,0.7518,1.1501,1.1,24.4622,24.4622,2.7172,4.1658,4.1658,0.3741,0.3741,301105.0,223871.0,146336.0,1610910.0,1197710.0,46.849,5.78,4.73,0.0000,-0.1805909011439633,2.9736,0,29,120,2009-10-30
300026.SZ,2017-04-06,5.35,5.33,5.37,5.32,5.35,-0.02,-0.37,134277.0,71667.3,0.5998,0.9176,0.85,24.3707,24.3707,2.707,4.1502,4.1502,0.3755,0.3755,301105.0,223871.0,146336.0,1604890.0,1193230.0,46.849,5.89,4.82,0.0000,-0.13474306127772687,2.9736,0,29,120,2009-10-30
300026.SZ,2017-04-07,5.33,5.32,5.34,5.31,5.33,-0.01,-0.19,118637.0,63177.7,0.5299,0.8107,0.74,24.325,24.325,2.702,4.1424,4.1424,0.3762,0.3762,301105.0,223871.0,146336.0,1601880.0,1190990.0,46.849,5.86,4.8,0.0000,-0.12192494560179716,2.9736,0,29,120,2009-10-30
300026.SZ,2017-04-10,5.32,5.29,5.35,5.28,5.32,-0.03,-0.56,164728.0,87622.4,0.7358,1.1257,1.12,24.1879,24.1879,2.6867,4.1191,4.1191,0.3784,0.3784,301105.0,223871.0,146336.0,1592850.0,1184280.0,46.849,5.85,4.79,0.0000,-0.1235766299102482,2.9736,0,29,120,2009-10-30
300026.SZ,2017-04-11,5.29,5.34,5.35,5.27,5.29,0.05,0.95,175916.0,93255.2,0.7858,1.2021,1.28,24.4165,24.4165,2.7121,4.158,4.158,0.3748,0.3748,301105.0,223871.0,146336.0,1607900.0,1195470.0,46.849,5.82,4.76,0.0000,-0.05736772203662526,2.9736,0,29,120,2009-10-30
300026.SZ,2017-04-12,5.32,5.28,5.33,5.27,5.34,-0.06,-1.12,129022.0,68250.8,0.5763,0.8817,0.85,24.1421,24.1421,2.6816,4.1113,4.1113,0.3791,0.3791,301105.0,223871.0,146336.0,1589840.0,1182040.0,46.849,5.87,4.81,0.0000,-0.3366801219526731,2.9736,0,29,120,2009-10-30
300026.SZ,2017-04-13,5.27,5.29,5.31,5.26,5.28,0.01,0.19,72860.2,38553.6,0.3255,0.4979,0.5,24.1879,24.1879,2.6867,4.1191,4.1191,0.3784,0.3784,301105.0,223871.0,146336.0,1592850.0,1184280.0,46.849,5.81,4.75,0.0000,-0.14449464458431854,2.9736,0,29,120,2009-10-30
300026.SZ,2017-04-14,5.28,5.22,5.29,5.22,5.29,-0.07,-1.32,145083.0,76152.4,0.6481,0.9914,1.1,23.8678,23.8678,2.6512,4.0646,4.0646,0.3834,0.3834,301105.0,223871.0,146336.0,1571770.0,1168610.0,46.849,5.82,4.76,0.0000,-0.2677985762868689,2.9736,0,29,120,2009-10-30
300026.SZ,2017-04-17,5.26,5.21,5.29,5.21,5.22,-0.01,-0.19,159270.0,83382.3,0.7114,1.0884,1.16,23.8221,23.8221,2.6461,4.0568,4.0568,0.3842,0.3842,301105.0,223871.0,146336.0,1568760.0,1166370.0,46.849,5.74,4.7,0.0000,-0.15562699775002894,2.9736,0,29,120,2009-10-30
300026.SZ,2017-04-18,5.2,5.19,5.25,5.18,5.21,-0.02,-0.38,121622.0,63449.9,0.5433,0.8311,0.89,23.7306,23.7306,2.6359,4.0412,4.0412,0.3857,0.3857,301105.0,223871.0,146336.0,1562740.0,1161890.0,46.849,5.73,4.69,0.0000,-0.21594281174762187,2.9736,0,29,120,2009-10-30
300026.SZ,2017-04-19,5.17,5.17,5.2,5.08,5.19,-0.02,-0.39,148655.0,76269.4,0.664,1.0158,1.18,23.6392,23.6392,2.6258,4.0256,4.0256,0.3871,0.3871,301105.0,223871.0,146336.0,1556720.0,1157410.0,46.849,5.71,4.67,0.0000,-0.11863747167466486,2.9736,0,29,120,2009-10-30
300026.SZ,2017-04-20,5.17,5.23,5.26,5.15,5.17,0.06,1.16,145096.0,75784.5,0.6481,0.9915,1.12,23.9135,23.9135,2.6562,4.0723,4.0723,0.3827,0.3827,301105.0,223871.0,146336.0,1574780.0,1170840.0,46.849,5.69,4.65,0.0000,0.043364208261768976,2.9736,0,29,120,2009-10-30
300026.SZ,2017-04-21,5.23,5.25,5.27,5.21,5.23,0.02,0.38,100480.0,52731.4,0.4488,0.6866,0.7,24.005,24.005,2.6664,4.0879,4.0879,0.3812,0.3812,301105.0,223871.0,146336.0,1580800.0,1175320.0,46.849,5.75,4.71,0.0000,-0.028469820843612336,2.9736,0,29,120,2009-10-30
300026.SZ,2017-04-24,5.22,5.14,5.24,5.12,5.25,-0.11,-2.1,125745.0,64907.1,0.5617,0.8593,0.93,23.502,23.502,2.6105,4.0023,4.0023,0.3894,0.3894,301105.0,223871.0,146336.0,1547680.0,1150700.0,46.849,5.78,4.73,0.0000,-0.20566235472879008,2.9736,0,29,120,2009-10-30
300026.SZ,2017-04-25,5.14,5.15,5.21,5.13,5.14,0.01,0.19,93886.2,48488.3,0.4194,0.6416,0.73,23.5477,23.5477,2.6156,4.01,4.01,0.3886,0.3886,301105.0,223871.0,146336.0,1550690.0,1152940.0,46.849,5.65,4.63,0.0000,-0.18722279865723884,2.9736,0,29,120,2009-10-30
300026.SZ,2017-04-26,5.13,5.06,5.16,5.04,5.15,-0.09,-1.75,187794.0,95251.3,0.8389,1.2833,1.53,23.1362,22.8791,2.5123,3.94,4.0709,0.3956,0.3956,301105.0,223871.0,146336.0,1523590.0,1132790.0,46.849,5.67,4.64,0.0000,-0.2926673319920667,2.0978,0,29,120,2009-10-30
300026.SZ,2017-04-27,5.05,5.04,5.06,4.93,5.06,-0.02,-0.4,167209.0,83565.1,0.7469,1.1426,1.28,23.0448,22.7887,2.5024,3.9244,4.0548,0.3971,0.3971,301105.0,223871.0,146336.0,1517570.0,1128310.0,46.849,5.57,4.55,0.0000,-0.2353868853321853,2.0978,0,29,120,2009-10-30
300026.SZ,2017-04-28,5.04,5.03,5.05,5.0,5.04,-0.01,-0.2,103591.0,51980.4,0.4627,0.7079,0.77,22.999,22.7435,2.4974,3.9166,4.0468,0.3979,0.3979,301105.0,223871.0,146336.0,1514560.0,1126070.0,46.849,5.54,4.54,0.0000,-0.017890845579936487,2.0978,0,29,120,2009-10-30
300026.SZ,2017-05-02,5.0,4.94,5.01,4.94,5.03,-0.09,-1.79,119905.0,59517.3,0.5356,0.8194,0.88,22.5875,22.3365,2.4527,3.8465,3.9744,0.4052,0.4052,301105.0,223871.0,146336.0,1487460.0,1105920.0,46.849,5.53,4.53,0.0000,-0.22509966816213867,2.0978,0,29,120,2009-10-30
300026.SZ,2017-05-03,4.95,4.93,4.96,4.91,4.94,-0.01,-0.2,78516.3,38715.1,0.3507,0.5365,0.58,22.5418,22.2913,2.4478,3.8387,3.9663,0.406,0.406,301105.0,223871.0,146336.0,1484450.0,1103680.0,46.849,5.43,4.45,0.0000,-0.22788632097567005,2.0978,0,29,120,2009-10-30
300026.SZ,2017-05-04,4.94,4.94,4.99,4.92,4.93,0.01,0.2,105356.0,52229.4,0.4706,0.72,0.8,22.5875,22.3365,2.4527,3.8465,3.9744,0.4052,0.4052,301105.0,223871.0,146336.0,1487460.0,1105920.0,46.849,5.42,4.44,0.0000,-0.39258218118312094,2.0978,0,29,120,2009-10-30
300026.SZ,2017-05-05,4.94,4.92,4.95,4.91,4.94,-0.02,-0.4,97940.8,48316.9,0.4375,0.6693,0.85,22.4961,22.2461,2.4428,3.831,3.9583,0.4068,0.4068,301105.0,223871.0,146336.0,1481440.0,1101440.0,46.849,5.43,4.45,0.0000,-0.135303019881506,2.0978,0,29,120,2009-10-30
300026.SZ,2017-05-08,4.94,4.86,4.94,4.86,4.92,-0.06,-1.22,118252.0,57684.9,0.5318,0.8165,1.17,22.2217,21.9748,2.413,3.7842,3.91,0.4118,0.4118,301105.0,222365.0,144831.0,1463370.0,1080700.0,46.849,5.41,4.43,0.0000,-0.2726309856172407,2.0978,0,29,120,2009-10-30
300026.SZ,2017-05-09,4.85,4.85,4.86,4.82,4.86,-0.01,-0.21,88039.4,42583.1,0.3959,0.6079,0.85,22.176,21.9296,2.408,3.7765,3.9019,0.4127,0.4127,301105.0,222365.0,144831.0,1460360.0,1078470.0,46.849,5.35,4.37,0.0000,-0.08243970222364276,2.0978,0,29,120,2009-10-30
300026.SZ,2017-05-10,4.86,4.71,4.88,4.7,4.85,-0.14,-2.89,135911.0,65104.4,0.6112,0.9384,1.39,21.5359,21.2966,2.3385,3.6674,3.7893,0.425,0.425,301105.0,222365.0,144831.0,1418210.0,1047340.0,46.849,5.34,4.37,0.0000,-0.17529876238133307,2.0978,0,29,120,2009-10-30
300026.SZ,2017-05-11,4.7,4.61,4.7,4.5,4.71,-0.1,-2.12,203070.0,93108.5,0.9088,1.3917,1.86,21.0786,20.8444,2.2889,3.5896,3.7089,0.4342,0.4342,301105.0,223448.0,145914.0,1388100.0,1030100.0,46.849,5.18,4.24,0.0000,-0.1765279611970213,2.0978,0,29,120,2009-10-30
300026.SZ,2017-05-12,4.59,4.58,4.59,4.55,4.61,-0.03,-0.65,79135.9,36178.1,0.3542,0.5423,0.62,20.9415,20.7088,2.274,3.5662,3.6847,0.437,0.437,301105.0,223448.0,145914.0,1379060.0,1023390.0,46.849,5.07,4.15,0.0000,-0.021413490535439027,2.0978,0,29,120,2009-10-30
300026.SZ,2017-05-15,4.58,4.62,4.66,4.57,4.58,0.04,0.87,106891.0,49363.1,0.4784,0.7326,0.86,21.1244,20.8896,2.2938,3.5974,3.7169,0.4332,0.4332,301105.0,223448.0,145914.0,1391110.0,1032330.0,46.849,5.04,4.12,0.0000,0.1378961313694654,2.0978,0,29,120,2009-10-30
300026.SZ,2017-05-16,4.62,4.68,4.68,4.53,4.62,0.06,1.3,113939.0,52615.1,0.5099,0.7809,0.93,21.3987,21.1609,2.3236,3.6441,3.7652,0.4277,0.4277,301105.0,223448.0,145914.0,1409170.0,1045740.0,46.849,5.08,4.16,0.0000,0.21338353333463908,2.0978,0,29,120,2009-10-30
300026.SZ,2017-05-17,4.67,4.66,4.7,4.64,4.68,-0.02,-0.43,102034.0,47704.3,0.4566,0.6993,0.8,21.3073,21.0705,2.3137,3.6285,3.7491,0.4295,0.4295,301105.0,223448.0,145914.0,1403150.0,1041270.0,46.849,5.15,4.21,0.0000,-0.21078751042352578,2.0978,0,29,120,2009-10-30
300026.SZ,2017-05-18,4.61,4.62,4.66,4.61,4.66,-0.04,-0.86,70927.0,32869.1,0.3174,0.4861,0.59,21.1244,20.8896,2.2938,3.5974,3.7169,0.4332,0.4332,301105.0,223448.0,145914.0,1391110.0,1032330.0,46.849,5.13,4.19,0.0000,0.04225265494126256,2.0978,0,29,120,2009-10-30
300026.SZ,2017-05-19,4.62,4.63,4.63,4.61,4.62,0.01,0.22,76886.6,35530.3,0.3441,0.5269,0.81,21.1701,20.9348,2.2988,3.6052,3.725,0.4323,0.4323,301105.0,223448.0,145914.0,1394120.0,1034570.0,46.849,5.08,4.16,0.0000,0.05099080499485284,2.0978,0,29,120,2009-10-30
300026.SZ,2017-05-22,4.63,4.47,4.63,4.45,4.63,-0.16,-3.46,165153.0,74858.9,0.7391,1.1319,1.75,20.4385,20.2114,2.2194,3.4806,3.5962,0.4478,0.4478,301105.0,223448.0,145914.0,1345940.0,998814.0,46.849,5.09,4.17,0.0000,-0.3394117218610464,2.0978,0,29,120,2009-10-30
300026.SZ,2017-05-23,4.46,4.31,4.48,4.3,4.47,-0.16,-3.58,187768.0,82539.2,0.8403,1.2868,1.77,19.7069,19.4879,2.1399,3.356,3.4675,0.4644,0.4644,301105.0,223448.0,145914.0,1297760.0,963062.0,46.849,4.92,4.02,0.0000,0.007249795207198304,2.0978,0,29,120,2009-10-30
300026.SZ,2017-05-24,4.3,4.33,4.36,4.22,4.29,0.04,0.93,131851.0,56568.3,0.5901,0.9036,1.09,19.7984,19.5784,2.1769,3.3716,3.4836,0.4622,1.0396,301105.0,223448.0,145914.0,1303790.0,967531.0,47.068,4.72,3.86,0.0000,-0.19811594789142092,2.0978,0,29,120,2009-10-30
300026.SZ,2017-05-25,4.3,4.42,4.45,4.29,4.33,0.09,2.08,157254.0,68725.8,0.7038,1.0777,1.24,20.2099,19.9853,2.2221,3.4416,3.556,0.4528,0.5656,301105.0,223448.0,145914.0,1330890.0,987641.0,47.068,4.76,3.9,0.0000,0.08426033334777683,2.0978,0,29,120,2009-10-30
300026.SZ,2017-05-26,4.42,4.4,4.46,4.38,4.42,-0.02,-0.45,84702.2,37445.1,0.3791,0.5805,0.59,20.1184,19.8949,2.2121,3.4261,3.5399,0.4549,0.5682,301105.0,223448.0,145914.0,1324860.0,983172.0,47.068,4.86,3.98,0.0000,-0.14004578820828717,2.0978,0,29,120,2009-10-30
300026.SZ,2017-05-31,4.47,4.38,4.49,4.37,4.4,-0.02,-0.45,145070.0,64015.9,0.6492,0.9942,1.0,20.027,19.8045,2.202,3.4105,3.5238,0.457,0.5708,301105.0,223448.0,145914.0,1318840.0,978703.0,47.068,4.84,3.96,0.0000,-0.20089234736247846,2.0978,0,29,120,2009-10-30
300026.SZ,2017-06-01,4.38,4.29,4.38,4.26,4.38,-0.09,-2.05,125399.0,54303.5,0.5612,0.8594,0.89,19.6155,19.3975,2.1568,3.3404,3.4514,0.4666,0.5828,301105.0,223448.0,145914.0,1291740.0,958593.0,47.068,4.82,3.94,0.0000,-0.10590279789942728,2.0978,0,29,120,2009-10-30
300026.SZ,2017-06-02,4.28,4.38,4.41,4.25,4.29,0.09,2.1,148553.0,64115.8,0.6648,1.0181,1.15,20.027,19.8045,2.202,3.4105,3.5238,0.457,0.5708,301105.0,223448.0,145914.0,1318840.0,978703.0,47.068,4.72,3.86,0.0000,0.03225378212685634,2.0978,0,29,120,2009-10-30
300026.SZ,2017-06-05,4.38,4.51,4.53,4.38,4.38,0.13,2.97,240877.0,107257.0,1.078,1.6508,1.82,20.6214,20.3923,2.2674,3.5117,3.6284,0.4438,0.5543,301105.0,223448.0,145914.0,1357990.0,1007750.0,47.068,4.82,3.94,0.0000,0.2684140651523785,2.0978,0,29,120,2009-10-30
300026.SZ,2017-06-06,4.5,4.47,4.5,4.43,4.51,-0.04,-0.89,123388.0,55115.9,0.5522,0.8456,0.83,20.4385,20.2114,2.2473,3.4806,3.5962,0.4478,0.5593,301105.0,223448.0,145914.0,1345940.0,998814.0,47.068,4.96,4.06,0.0000,0.0022347208681535386,2.0978,0,29,120,2009-10-30
300026.SZ,2017-06-07,4.47,4.52,4.54,4.46,4.47,0.05,1.12,184237.0,83004.9,0.8245,1.2626,1.18,20.6671,20.4375,2.2724,3.5195,3.6365,0.4428,0.5531,301105.0,223448.0,145914.0,1361000.0,1009990.0,47.068,4.92,4.02,0.0000,0.077251220540008,2.0978,0,29,120,2009-10-30
300026.SZ,2017-06-08,4.53,4.47,4.54,4.46,4.52,-0.05,-1.11,136898.0,61549.5,0.6127,0.9382,0.83,20.4385,20.2114,2.2473,3.4806,3.5962,0.4478,0.5593,301105.0,223448.0,145914.0,1345940.0,998814.0,47.068,4.97,4.07,0.0000,-0.12238178267803046,2.0978,0,29,120,2009-10-30
300026.SZ,2017-06-09,4.47,4.49,4.5,4.44,4.47,0.02,0.45,93715.3,41856.6,0.4194,0.6423,0.56,20.53,20.3018,2.2573,3.4961,3.6123,0.4458,0.5568,301105.0,223448.0,145914.0,1351960.0,1003280.0,47.068,4.92,4.02,0.0000,-0.029873394175708258,2.0978,0,29,120,2009-10-30
300026.SZ,2017-06-12,4.48,4.41,4.48,4.41,4.49,-0.08,-1.78,105921.0,47016.6,0.474,0.7259,0.68,20.1642,19.9401,2.2171,3.4338,3.548,0.4539,0.5669,301105.0,223448.0,145914.0,1327880.0,985407.0,47.068,4.94,4.04,0.0000,-0.07524657061257671,2.0978,0,29,120,2009-10-30
300026.SZ,2017-06-13,4.4,4.45,4.47,4.4,4.41,0.04,0.91,83088.0,37002.1,0.3718,0.5694,0.64,20.3471,20.121,2.2372,3.465,3.5801,0.4498,0.5618,301105.0,223448.0,145914.0,1339920.0,994345.0,47.068,4.85,3.97,0.0000,-0.15429513524899824,2.0978,0,29,120,2009-10-30
300026.SZ,2017-06-14,4.45,4.44,4.47,4.41,4.45,-0.01,-0.22,91949.9,40866.1,0.4115,0.6302,0.76,20.3013,20.0757,2.2322,3.4572,3.5721,0.4508,0.5631,301105.0,223448.0,145914.0,1336910.0,992110.0,47.068,4.9,4.01,0.0000,-0.008083250359142341,2.0978,0,29,120,2009-10-30
300026.SZ,2017-06-15,4.43,4.52,4.56,4.42,4.44,0.08,1.8,251410.0,113583.0,1.1251,1.723,2.46,20.6671,20.4375,2.2724,3.5195,3.6365,0.4428,0.5531,301105.0,223448.0,145914.0,1361000.0,1009990.0,47.068,4.88,4.0,0.0000,0.16486823599712216,2.0978,0,29,120,2009-10-30
300026.SZ,2017-06-16,4.52,4.5,4.54,4.49,4.52,-0.02,-0.44,117643.0,53114.9,0.5265,0.8063,0.94,20.5757,20.347,2.2623,3.5039,3.6204,0.4448,0.5556,301105.0,223448.0,145914.0,1354970.0,1005520.0,47.068,4.97,4.07,0.0000,-0.24050792287400782,2.0978,0,29,120,2009-10-30
300026.SZ,2017-06-19,4.49,4.68,4.68,4.48,4.5,0.18,4.0,345659.0,159223.0,1.5469,2.3689,2.66,21.3987,21.1609,2.3528,3.6441,3.7652,0.4277,0.5342,301105.0,223448.0,145914.0,1409170.0,1045740.0,47.068,4.95,4.05,0.0000,0.27003136833034586,2.0978,0,29,120,2009-10-30
300026.SZ,2017-06-20,4.67,4.66,4.68,4.62,4.68,-0.02,-0.43,129423.0,60153.3,0.5792,0.887,0.73,21.3073,21.0705,2.3428,3.6285,3.7491,0.4295,0.5365,301105.0,223448.0,145914.0,1403150.0,1041270.0,47.068,5.15,4.21,0.0000,0.10037066736482264,2.0978,0,29,120,2009-10-30
300026.SZ,2017-06-21,4.65,4.74,4.82,4.62,4.66,0.08,1.72,304624.0,144434.0,1.3633,2.0877,1.63,21.673,21.4322,2.383,3.6908,3.8134,0.4223,0.5274,301105.0,223448.0,145914.0,1427240.0,1059140.0,47.068,5.13,4.19,0.0000,0.17697743730650128,2.0978,0,29,120,2009-10-30
300026.SZ,2017-06-22,4.73,4.65,4.79,4.63,4.74,-0.09,-1.9,166024.0,78392.4,0.743,1.1378,0.72,21.2615,21.0253,2.3378,3.6207,3.741,0.4304,0.5376,301105.0,223448.0,145914.0,1400140.0,1039030.0,47.068,5.21,4.27,0.0000,-0.14478586426027326,2.0978,0,29,120,2009-10-30
300026.SZ,2017-06-23,4.64,4.64,4.68,4.55,4.65,-0.01,-0.22,155354.0,71672.9,0.6953,1.0647,0.73,21.2158,20.9801,2.3327,3.6129,3.733,0.4314,0.5388,301105.0,223448.0,145914.0,1397130.0,1036800.0,47.068,5.12,4.19,0.0000,-0.19214194685298172,2.0978,0,29,120,2009-10-30
300026.SZ,2017-06-26,4.61,4.71,4.76,4.61,4.64,0.07,1.51,158136.0,74444.7,0.7077,1.0838,0.72,21.5359,21.2966,2.3679,3.6674,3.7893,0.425,0.5308,301105.0,223448.0,145914.0,1418210.0,1052440.0,47.068,5.1,4.18,0.0000,0.11982000139798413,2.0978,0,29,120,2009-10-30
300026.SZ,2017-06-27,4.7,4.72,4.78,4.7,4.71,0.01,0.21,119112.0,56450.1,0.5331,0.8163,0.65,21.5816,21.3418,2.3729,3.6752,3.7974,0.4241,0.5297,301105.0,223448.0,145914.0,1421220.0,1054680.0,47.068,5.18,4.24,0.0000,0.02305677806422911,2.0978,0,29,120,2009-10-30
300026.SZ,2017-06-28,4.73,4.71,4.75,4.69,4.72,-0.01,-0.21,93369.6,44078.7,0.4179,0.6399,0.52,21.5359,21.2966,2.3679,3.6674,3.7893,0.425,0.5308,301105.0,223448.0,145914.0,1418210.0,1052440.0,47.068,5.19,4.25,0.0000,0.06581111375604545,2.0978,0,29,120,2009-10-30
300026.SZ,2017-06-29,4.73,4.75,4.77,4.72,4.71,0.04,0.85,90781.5,43090.6,0.4063,0.6222,0.66,21.7188,21.4774,2.388,3.6986,3.8215,0.4214,0.5263,301105.0,223448.0,145914.0,1430250.0,1061380.0,47.068,5.18,4.24,0.0000,0.2719771555550221,2.0978,0,29,120,2009-10-30
300026.SZ,2017-06-30,4.74,4.71,4.76,4.67,4.75,-0.04,-0.84,99872.5,47042.4,0.447,0.6845,0.81,21.5359,21.2966,2.3679,3.6674,3.7893,0.425,0.5308,301105.0,223448.0,145914.0,1418210.0,1052440.0,47.068,5.23,4.28,0.0000,0.044344085164567976,2.0978,0,29,120,2009-10-30
300026.SZ,2017-07-03,4.72,4.71,4.74,4.67,4.71,0.0,0.0,104050.0,48935.5,0.4657,0.7131,0.93,21.5359,21.2966,2.3679,3.6674,3.7893,0.425,0.5308,301105.0,223448.0,145914.0,1418210.0,1052440.0,47.068,5.18,4.24,0.0000,-0.22805949690772728,2.0978,0,29,120,2009-10-30
300026.SZ,2017-07-04,4.7,4.68,4.71,4.67,4.71,-0.03,-0.64,86689.1,40625.2,0.388,0.5941,0.85,21.3987,21.1609,2.3528,3.6441,3.7652,0.4277,0.5342,301105.0,223448.0,145914.0,1409170.0,1045740.0,47.068,5.18,4.24,0.0000,-0.050372057909360106,2.0978,0,29,120,2009-10-30
300026.SZ,2017-07-05,4.68,4.69,4.71,4.68,4.68,0.01,0.21,85246.9,40017.8,0.3815,0.5842,0.9,21.4444,21.2061,2.3579,3.6519,3.7732,0.4268,0.533,301105.0,223448.0,145914.0,1412180.0,1047970.0,47.068,5.15,4.21,0.0000,-0.12674771817925606,2.0978,0,29,120,2009-10-30
300026.SZ,2017-07-06,4.69,4.65,4.72,4.62,4.69,-0.04,-0.85,117320.0,54768.1,0.525,0.804,1.26,21.2615,21.0253,2.3378,3.6207,3.741,0.4304,0.5376,301105.0,223448.0,145914.0,1400140.0,1039030.0,47.068,5.16,4.22,0.0000,-0.3451972341434883,2.0978,0,29,120,2009-10-30
300026.SZ,2017-07-07,4.64,4.66,4.66,4.6,4.65,0.01,0.22,116730.0,54079.4,0.5224,0.8,1.18,21.3073,21.0705,2.3428,3.6285,3.7491,0.4295,0.5365,301105.0,223448.0,145914.0,1403150.0,1041270.0,47.068,5.12,4.19,0.0000,-0.37281854849763635,2.0978,0,29,120,2009-10-30
300026.SZ,2017-07-10,4.63,4.63,4.64,4.61,4.66,-0.03,-0.64,102154.0,47238.0,0.4572,0.7001,1.0,21.1701,20.9348,2.3277,3.6052,3.725,0.4323,0.54,301105.0,223448.0,145914.0,1394120.0,1034570.0,47.068,5.13,4.19,0.0000,0.05853242297317506,2.0978,0,29,120,2009-10-30
300026.SZ,2017-07-11,4.61,4.52,4.64,4.5,4.63,-0.11,-2.38,182087.0,83095.1,0.8149,1.2479,1.79,20.6671,20.4375,2.2724,3.5195,3.6365,0.4428,0.5531,301105.0,223448.0,145914.0,1361000.0,1009990.0,47.068,5.09,4.17,0.0000,-0.43181473602264087,2.0978,0,29,120,2009-10-30
300026.SZ,2017-07-12,4.51,4.51,4.55,4.47,4.52,-0.01,-0.22,120591.0,54421.8,0.5397,0.8265,1.0,20.6214,20.3923,2.2674,3.5117,3.6284,0.4438,0.5543,301105.0,223448.0,145914.0,1357990.0,1007750.0,47.068,4.97,4.07,0.0000,-0.06454614279878529,2.0978,0,29,120,2009-10-30
300026.SZ,2017-07-13,4.51,4.53,4.55,4.48,4.51,0.02,0.44,66054.6,29823.9,0.2956,0.4527,0.52,20.7128,20.4827,2.2774,3.5273,3.6445,0.4418,0.5519,301105.0,223448.0,145914.0,1364010.0,1012220.0,47.068,4.96,4.06,0.0000,-0.016095128194335583,2.0978,0,29,120,2009-10-30
300026.SZ,2017-07-14,4.49,4.55,4.63,4.44,4.53,0.02,0.44,192033.0,87401.1,0.8594,1.3161,1.63,20.8043,20.5731,2.2875,3.5429,3.6606,0.4399,0.5495,301105.0,223448.0,145914.0,1370030.0,1016690.0,47.068,4.98,4.08,0.0000,0.0774521394928896,2.0978,0,29,120,2009-10-30
300026.SZ,2017-07-17,4.55,4.47,4.6,4.42,4.55,-0.08,-1.76,252533.0,114202.0,1.1302,1.7307,1.9,20.4385,20.2114,2.2473,3.4806,3.5962,0.4478,0.5593,301105.0,223448.0,145914.0,1345940.0,998814.0,47.068,5.01,4.1,0.0000,0.044650990307294684,2.0978,0,29,120,2009-10-30
300026.SZ,2017-07-18,4.46,4.41,4.5,4.4,4.47,-0.06,-1.34,177350.0,78630.6,0.7937,1.2154,1.09,20.1642,19.9401,2.2171,3.4338,3.548,0.4539,0.5669,301105.0,223448.0,145914.0,1327880.0,985407.0,47.068,4.92,4.02,0.0000,-0.2827352856329094,2.0978,0,29,120,2009-10-30
300026.SZ,2017-07-19,4.42,4.43,4.45,4.4,4.41,0.02,0.45,237526.0,104986.0,1.063,1.6279,1.47,20.2556,20.0305,2.2271,3.4494,3.564,0.4518,0.5643,301105.0,223448.0,145914.0,1333900.0,989876.0,47.068,4.85,3.97,0.0000,-0.07686061367280395,2.0978,0,29,120,2009-10-30
300026.SZ,2017-07-20,4.42,4.43,4.46,4.4,4.43,0.0,0.0,130605.0,57909.0,0.5845,0.8951,0.71,20.2556,20.0305,2.2271,3.4494,3.564,0.4518,0.5643,301105.0,223448.0,145914.0,1333900.0,989876.0,47.068,4.87,3.99,0.0000,-0.05428637792749794,2.0978,0,29,120,2009-10-30
300026.SZ,2017-07-21,4.43,4.4,4.43,4.39,4.43,-0.03,-0.68,121187.0,53446.4,0.5424,0.8305,0.61,20.1184,19.8949,2.2121,3.4261,3.5399,0.4549,0.5682,301105.0,223448.0,145914.0,1324860.0,983172.0,47.068,4.87,3.99,0.0000,-0.15108940193729645,2.0978,0,29,120,2009-10-30
300026.SZ,2017-07-24,4.39,4.38,4.4,4.35,4.4,-0.02,-0.45,142422.0,62255.8,0.6374,0.9761,0.77,20.027,19.8045,2.202,3.4105,3.5238,0.457,0.5708,301105.0,223448.0,145914.0,1318840.0,978703.0,47.068,4.84,3.96,0.0000,-0.26885953106711363,2.0978,0,29,120,2009-10-30
300026.SZ,2017-07-25,4.38,4.39,4.39,4.35,4.38,0.01,0.23,104387.0,45651.4,0.4672,0.7154,0.65,20.0727,19.8497,2.207,3.4183,3.5319,0.4559,0.5695,301105.0,223448.0,145914.0,1321850.0,980938.0,47.068,4.82,3.94,0.0000,-0.0831690566417726,2.0978,0,29,120,2009-10-30
300026.SZ,2017-07-26,4.38,4.34,4.39,4.33,4.39,-0.05,-1.14,102896.0,44795.6,0.4605,0.7052,0.7,19.8441,19.6236,2.1819,3.3793,3.4916,0.4612,0.576,301105.0,223448.0,145914.0,1306800.0,969765.0,47.068,4.83,3.95,0.0000,-0.39366798025012706,2.0978,0,29,120,2009-10-30
300026.SZ,2017-07-27,4.34,4.5,4.54,4.33,4.34,0.16,3.69,355374.0,158489.0,1.5904,2.4355,2.95,20.5757,20.347,2.2623,3.5039,3.6204,0.4448,0.5556,301105.0,223448.0,145914.0,1354970.0,1005520.0,47.068,4.77,3.91,0.0000,0.1869879436279788,2.0978,0,29,120,2009-10-30
300026.SZ,2017-07-28,4.5,4.45,4.51,4.45,4.5,-0.05,-1.11,156294.0,69927.7,0.6995,1.0711,0.95,20.3471,20.121,2.2372,3.465,3.5801,0.4498,0.5618,301105.0,223448.0,145914.0,1339920.0,994345.0,47.068,4.95,4.05,0.0000,-0.187585457540135,2.0978,0,29,120,2009-10-30
300026.SZ,2017-07-31,4.45,4.46,4.49,4.42,4.45,0.01,0.22,147262.0,65541.1,0.659,1.0092,0.85,20.3928,20.1662,2.2422,3.4728,3.5882,0.4488,0.5605,301105.0,223448.0,145914.0,1342930.0,996579.0,47.068,4.9,4.01,0.0000,-0.14608234813778428,2.0978,0,29,120,2009-10-30
300026.SZ,2017-08-01,4.46,4.46,4.48,4.43,4.46,0.0,0.0,137671.0,61277.4,0.6161,0.9435,0.79,20.3928,20.1662,2.2422,3.4728,3.5882,0.4488,0.5605,301105.0,223448.0,145914.0,1342930.0,996579.0,47.068,4.91,4.01,0.0000,0.025135406077776336,2.0978,0,29,120,2009-10-30
300026.SZ,2017-08-02,4.45,4.45,4.49,4.42,4.46,-0.01,-0.22,145577.0,64683.5,0.6515,0.9977,0.81,20.3471,20.121,2.2372,3.465,3.5801,0.4498,0.5618,301105.0,223448.0,145914.0,1339920.0,994345.0,47.068,4.91,4.01,0.0000,-0.0380075260325385,2.0978,0,29,120,2009-10-30
300026.SZ,2017-08-03,4.44,4.45,4.5,4.43,4.45,0.0,0.0,184047.0,82234.1,0.8237,1.2613,0.98,20.3471,20.121,2.2372,3.465,3.5801,0.4498,0.5618,301105.0,223448.0,145914.0,1339920.0,994345.0,47.068,4.9,4.01,0.0000,-0.015768850481050145,2.0978,0,29,120,2009-10-30
300026.SZ,2017-08-04,4.46,4.44,4.48,4.44,4.45,-0.01,-0.22,141324.0,62959.1,0.6325,0.9685,0.92,20.3013,20.0757,2.2322,3.4572,3.5721,0.4508,0.5631,301105.0,223448.0,145914.0,1336910.0,992110.0,47.068,4.9,4.01,0.0000,-0.16219700590335867,2.0978,0,29,120,2009-10-30
300026.SZ,2017-08-07,4.45,4.48,4.49,4.44,4.44,0.04,0.9,207712.0,92679.5,0.9296,1.4235,1.37,20.4842,20.2566,2.2523,3.4884,3.6043,0.4468,0.558,301105.0,223448.0,145914.0,1348950.0,1001050.0,47.068,4.88,4.0,0.0000,-0.20126441767181746,2.0978,0,29,120,2009-10-30
300026.SZ,2017-08-08,4.47,4.5,4.51,4.43,4.48,0.02,0.45,246016.0,110034.0,1.101,1.686,1.51,20.5757,20.347,2.2623,3.5039,3.6204,0.4448,0.5556,301105.0,223448.0,145914.0,1354970.0,1005520.0,47.068,4.93,4.03,0.0000,-0.047235903532128365,2.0978,0,29,120,2009-10-30
300026.SZ,2017-08-09,4.49,4.62,4.67,4.48,4.5,0.12,2.67,541076.0,248747.0,2.4215,3.7082,2.93,21.1244,20.8896,2.3227,3.5974,3.7169,0.4332,0.5411,301105.0,223448.0,145914.0,1391110.0,1032330.0,47.068,4.95,4.05,0.0000,0.033068374264113694,2.0978,0,29,120,2009-10-30
300026.SZ,2017-08-10,4.62,4.58,4.64,4.52,4.62,-0.04,-0.87,240874.0,110397.0,1.078,1.6508,0.91,20.9415,20.7088,2.3026,3.5662,3.6847,0.437,0.5459,301105.0,223448.0,145914.0,1379060.0,1023390.0,47.068,5.08,4.16,0.0000,-0.039072209305886646,2.0978,0,29,120,2009-10-30
300026.SZ,2017-08-11,4.55,4.52,4.6,4.49,4.58,-0.06,-1.31,248084.0,112407.0,1.1103,1.7002,0.9,20.6671,20.4375,2.2724,3.5195,3.6365,0.4428,0.5531,301105.0,223448.0,145914.0,1361000.0,1009990.0,47.068,5.04,4.12,0.0000,-0.39890186339288697,2.0978,0,29,120,2009-10-30
300026.SZ,2017-08-14,4.5,4.59,4.59,4.5,4.52,0.07,1.55,168376.0,76854.4,0.7535,1.1539,0.57,20.9872,20.754,2.3076,3.574,3.6928,0.4361,0.5447,301105.0,223448.0,145914.0,1382070.0,1025630.0,47.068,4.97,4.07,0.0000,-0.004558836020917985,2.0978,0,29,120,2009-10-30
300026.SZ,2017-08-15,4.58,4.62,4.65,4.57,4.59,0.03,0.65,214307.0,98984.3,0.9591,1.4687,0.74,21.1244,20.8896,2.3227,3.5974,3.7169,0.4332,0.5411,301105.0,223448.0,145914.0,1391110.0,1032330.0,47.068,5.05,4.13,0.0000,-0.012185066557331167,2.0978,0,29,120,2009-10-30
300026.SZ,2017-08-16,4.62,4.62,4.65,4.58,4.62,0.0,0.0,197367.0,91199.6,0.8833,1.3526,0.7,21.1244,20.8896,2.3227,3.5974,3.7169,0.4332,0.5411,301105.0,223448.0,145914.0,1391110.0,1032330.0,47.068,5.08,4.16,0.0000,-0.0857467079056331,2.0978,0,29,120,2009-10-30
300026.SZ,2017-08-17,4.61,4.59,4.63,4.58,4.62,-0.03,-0.65,194697.0,89586.3,0.8713,1.3343,0.91,20.9872,20.754,2.3076,3.574,3.6928,0.4361,0.5447,301105.0,223448.0,145914.0,1382070.0,1025630.0,47.068,5.08,4.16,0.0000,-0.068303088090214,2.0978,0,29,120,2009-10-30
300026.SZ,2017-08-18,4.58,4.55,4.6,4.55,4.59,-0.04,-0.87,155164.0,70881.7,0.6944,1.0634,0.76,20.8043,20.5731,2.2875,3.5429,3.6606,0.4399,0.5495,301105.0,223448.0,145914.0,1370030.0,1016690.0,47.068,5.05,4.13,0.0000,-0.2374229513789759,2.0978,0,29,120,2009-10-30
300026.SZ,2017-08-21,4.56,4.58,4.59,4.53,4.55,0.03,0.66,116003.0,52942.6,0.5191,0.795,0.62,20.9415,20.7088,2.3026,3.5662,3.6847,0.437,0.5459,301105.0,223448.0,145914.0,1379060.0,1023390.0,47.068,5.01,4.1,0.0000,-0.21266987462407083,2.0978,0,29,120,2009-10-30
300026.SZ,2017-08-22,4.57,4.53,4.58,4.51,4.58,-0.05,-1.09,136554.0,61966.3,0.6111,0.9359,0.78,20.7128,20.4827,2.2774,3.5273,3.6445,0.4418,0.5519,301105.0,223448.0,145914.0,1364010.0,1012220.0,47.068,5.04,4.12,0.0000,-0.36163149983128773,2.0978,0,29,120,2009-10-30
300026.SZ,2017-08-23,4.52,4.55,4.56,4.5,4.53,0.02,0.44,130556.0,59083.7,0.5843,0.8948,0.82,20.8043,20.5731,2.2875,3.5429,3.6606,0.4399,0.5495,301105.0,223448.0,145914.0,1370030.0,1016690.0,47.068,4.98,4.08,0.0000,0.03383355841673033,2.0978,0,29,120,2009-10-30
300026.SZ,2017-08-24,4.54,4.46,4.54,4.45,4.55,-0.09,-1.98,138956.0,62535.0,0.6219,0.9523,0.95,20.3928,20.1662,2.2422,3.4728,3.5882,0.4488,0.5605,301105.0,223448.0,145914.0,1342930.0,996579.0,47.068,5.01,4.1,0.0000,-0.30350520039344425,2.0978,0,29,120,2009-10-30
300026.SZ,2017-08-25,4.45,4.5,4.5,4.45,4.46,0.04,0.9,127540.0,57137.3,0.5708,0.8741,0.94,20.5757,21.5241,2.1922,3.5039,3.8022,0.4448,0.5556,301105.0,223448.0,145914.0,1354970.0,1005520.0,47.068,4.91,4.01,0.0000,0.012790352879043121,2.4275,0,29,120,2009-10-30
300026.SZ,2017-08-28,4.49,4.53,4.56,4.49,4.5,0.03,0.67,175018.0,79429.3,0.7833,1.1995,1.35,20.7128,21.6676,2.2068,3.5273,3.8275,0.4418,0.5519,301105.0,223448.0,145914.0,1364010.0,1012220.0,47.068,4.95,4.05,0.0000,0.1279731414864798,2.4275,0,29,120,2009-10-30
300026.SZ,2017-08-29,4.52,4.51,4.55,4.5,4.53,-0.02,-0.44,132798.0,60046.8,0.5943,0.9101,0.94,20.6214,21.572,2.197,3.5117,3.8106,0.4438,0.5543,301105.0,223448.0,145914.0,1357990.0,1007750.0,47.068,4.98,4.08,0.0000,-0.337232866605323,2.4275,0,29,120,2009-10-30
300026.SZ,2017-08-30,4.5,4.5,4.52,4.49,4.51,-0.01,-0.22,116916.0,52639.9,0.5232,0.8013,0.83,20.5757,21.5241,2.1922,3.5039,3.8022,0.4448,0.5556,301105.0,223448.0,145914.0,1354970.0,1005520.0,47.068,4.96,4.06,0.0000,-0.14317175023387158,2.4275,0,29,120,2009-10-30
300026.SZ,2017-08-31,4.5,4.49,4.52,4.47,4.5,-0.01,-0.22,118534.0,53200.9,0.5305,0.8124,0.86,20.53,21.4763,2.1873,3.4961,3.7937,0.4458,0.5568,301105.0,223448.0,145914.0,1351960.0,1003280.0,47.068,4.95,4.05,0.0000,-0.13734880593546844,2.4275,0,29,120,2009-10-30
300026.SZ,2017-09-01,4.49,4.51,4.51,4.47,4.49,0.02,0.45,118413.0,53182.2,0.5299,0.8115,0.88,20.6214,21.572,2.197,3.5117,3.8106,0.4438,0.5543,301105.0,223448.0,145914.0,1357990.0,1007750.0,47.068,4.94,4.04,0.0000,-0.012816465869787541,2.4275,0,29,120,2009-10-30
300026.SZ,2017-09-04,4.51,4.49,4.51,4.44,4.51,-0.02,-0.44,163692.0,73355.7,0.7326,1.1218,1.24,20.53,21.4763,2.1873,3.4961,3.7937,0.4458,0.5568,301105.0,223448.0,145914.0,1351960.0,1003280.0,47.068,4.96,4.06,0.0000,-0.25303422469570025,2.4275,0,29,120,2009-10-30
300026.SZ,2017-09-05,4.48,4.49,4.51,4.46,4.49,0.0,0.0,156227.0,69966.6,0.6992,1.0707,1.2,20.53,21.4763,2.1873,3.4961,3.7937,0.4458,0.5568,301105.0,223448.0,145914.0,1351960.0,1003280.0,47.068,4.94,4.04,0.0000,-0.16294929805124242,2.4275,0,29,120,2009-10-30
300026.SZ,2017-09-06,4.48,4.48,4.49,4.46,4.49,-0.01,-0.22,133609.0,59725.7,0.5979,0.9157,0.99,20.4842,21.4285,2.1824,3.4884,3.7853,0.4468,0.558,301105.0,223448.0,145914.0,1348950.0,1001050.0,47.068,4.94,4.04,0.0000,-0.20205446325001397,2.4275,0,29,120,2009-10-30
300026.SZ,2017-09-07,4.47,4.48,4.51,4.46,4.48,0.0,0.0,198690.0,89258.4,0.8892,1.3617,1.44,20.4842,21.4285,2.1824,3.4884,3.7853,0.4468,0.558,301105.0,223448.0,145914.0,1348950.0,1001050.0,47.068,4.93,4.03,0.0000,0.02981359822721742,2.4275,0,29,120,2009-10-30
300026.SZ,2017-09-08,4.48,4.48,4.5,4.46,4.48,0.0,0.0,128557.0,57596.1,0.5753,0.881,0.83,20.4842,21.4285,2.1824,3.4884,3.7853,0.4468,0.558,301105.0,223448.0,145914.0,1348950.0,1001050.0,47.068,4.93,4.03,0.0000,-0.1184606764911781,2.4275,0,29,120,2009-10-30
300026.SZ,2017-09-11,4.48,4.51,4.51,4.47,4.48,0.03,0.67,133760.0,60158.1,0.5986,0.9167,0.86,20.6214,21.572,2.197,3.5117,3.8106,0.4438,0.5543,301105.0,223448.0,145914.0,1357990.0,1007750.0,47.068,4.93,4.03,0.0000,0.1264095456671684,2.4275,0,29,120,2009-10-30
300026.SZ,2017-09-12,4.51,4.48,4.52,4.48,4.51,-0.03,-0.67,150783.0,67752.6,0.6748,1.0334,1.0,20.4842,21.4285,2.1824,3.4884,3.7853,0.4468,0.558,301105.0,223448.0,145914.0,1348950.0,1001050.0,47.068,4.96,4.06,0.0000,-0.044079400602457394,2.4275,0,29,120,2009-10-30
300026.SZ,2017-09-13,4.48,4.49,4.5,4.47,4.48,0.01,0.22,102915.0,46173.2,0.4606,0.7053,0.69,20.53,21.4763,2.1873,3.4961,3.7937,0.4458,0.5568,301105.0,223448.0,145914.0,1351960.0,1003280.0,47.068,4.93,4.03,0.0000,-0.11368025753634028,2.4275,0,29,120,2009-10-30
300026.SZ,2017-09-14,4.49,4.47,4.5,4.46,4.49,-0.02,-0.45,109607.0,49072.6,0.4905,0.7512,0.77,20.4385,21.3806,2.1776,3.4806,3.7768,0.4478,0.5593,301105.0,223448.0,145914.0,1345940.0,998814.0,47.068,4.94,4.04,0.0000,-0.1852156262670925,2.4275,0,29,120,2009-10-30
300026.SZ,2017-09-15,4.47,4.48,4.49,4.45,4.47,0.01,0.22,105225.0,47042.2,0.4709,0.7211,0.84,20.4842,21.4285,2.1824,3.4884,3.7853,0.4468,0.558,301105.0,223448.0,145914.0,1348950.0,1001050.0,47.068,4.92,4.02,0.0000,0.09585960159808109,2.4275,0,29,120,2009-10-30
300026.SZ,2017-09-18,4.48,4.49,4.49,4.47,4.48,0.01,0.22,104115.0,46647.5,0.4659,0.7135,0.86,20.53,21.4763,2.1873,3.4961,3.7937,0.4458,0.5568,301105.0,223448.0,145914.0,1351960.0,1003280.0,47.068,4.93,4.03,0.0000,-0.04136101895513159,2.4275,0,29,120,2009-10-30
300026.SZ,2017-09-19,4.49,4.47,4.49,4.45,4.49,-0.02,-0.45,103694.0,46390.8,0.4641,0.7107,0.91,20.4385,21.3806,2.1776,3.4806,3.7768,0.4478,0.5593,301105.0,223448.0,145914.0,1345940.0,998814.0,47.068,4.94,4.04,0.0000,-0.15326762029458815,2.4275,0,29,120,2009-10-30
300026.SZ,2017-09-20,4.46,4.46,4.47,4.44,4.47,-0.01,-0.22,109970.0,49016.1,0.4921,0.7537,1.05,20.3928,21.3328,2.1727,3.4728,3.7684,0.4488,0.5605,301105.0,223448.0,145914.0,1342930.0,996579.0,47.068,4.92,4.02,0.0000,-0.33132806011926696,2.4275,0,29,120,2009-10-30
300026.SZ,2017-09-21,4.45,4.42,4.46,4.42,4.46,-0.04,-0.9,143519.0,63793.9,0.6423,0.9836,1.35,20.2099,21.1415,2.1532,3.4416,3.7346,0.4528,0.5656,301105.0,223448.0,145914.0,1330890.0,987641.0,47.068,4.91,4.01,0.0000,-0.007326550913993611,2.4275,0,29,120,2009-10-30
300026.SZ,2017-09-22,4.42,4.41,4.44,4.4,4.42,-0.01,-0.23,106285.0,46919.8,0.4757,0.7284,0.94,20.1642,21.0936,2.1483,3.4338,3.7261,0.4539,0.5669,301105.0,223448.0,145914.0,1327880.0,985407.0,47.068,4.86,3.98,0.0000,-0.24486780672043293,2.4275,0,29,120,2009-10-30
300026.SZ,2017-09-25,4.41,4.37,4.41,4.36,4.41,-0.04,-0.91,108915.0,47759.9,0.4874,0.7464,0.96,19.9813,20.9023,2.1288,3.4027,3.6923,0.458,0.5721,301105.0,223448.0,145914.0,1315830.0,976469.0,47.068,4.85,3.97,0.0000,-0.08405281700105374,2.4275,0,29,120,2009-10-30
300026.SZ,2017-09-26,4.38,4.37,4.39,4.35,4.37,0.0,0.0,73695.1,32168.4,0.3298,0.5051,0.64,19.9813,20.9023,2.1288,3.4027,3.6923,0.458,0.5721,301105.0,223448.0,145914.0,1315830.0,976469.0,47.068,4.81,3.93,0.0000,-0.30128264377439085,2.4275,0,29,120,2009-10-30
300026.SZ,2017-09-27,4.37,4.38,4.38,4.35,4.37,0.01,0.23,81579.7,35636.9,0.3651,0.5591,0.75,20.027,20.9501,2.1337,3.4105,3.7008,0.457,0.5708,301105.0,223448.0,145914.0,1318840.0,978703.0,47.068,4.81,3.93,0.0000,-0.079072045478536,2.4275,0,29,120,2009-10-30
300026.SZ,2017-09-28,4.36,4.36,4.38,4.35,4.38,-0.02,-0.46,78351.8,34211.4,0.3506,0.537,0.76,19.9355,20.8545,2.124,3.3949,3.6839,0.4591,0.5734,301105.0,223448.0,145914.0,1312820.0,974234.0,47.068,4.82,3.94,0.0000,-0.07878996398969439,2.4275,0,29,120,2009-10-30
300026.SZ,2017-09-29,4.36,4.37,4.39,4.35,4.36,0.01,0.23,98910.4,43263.9,0.4427,0.6779,1.1,19.9813,20.9023,2.1288,3.4027,3.6923,0.458,0.5721,301105.0,223448.0,145914.0,1315830.0,976469.0,47.068,4.8,3.92,0.0000,0.09205653444389734,2.4275,0,29,120,2009-10-30
300026.SZ,2017-10-09,4.39,4.4,4.42,4.39,4.37,0.03,0.69,112983.0,49733.8,0.5056,0.7743,1.28,20.1184,21.0458,2.1435,3.4261,3.7177,0.4549,0.5682,301105.0,223448.0,145914.0,1324860.0,983172.0,47.068,4.81,3.93,0.0000,-0.2583079544085352,2.4275,0,29,120,2009-10-30
300026.SZ,2017-10-10,4.42,4.52,4.54,4.41,4.4,0.12,2.73,409665.0,184435.0,1.8334,2.8076,4.6,20.6671,21.6198,2.2019,3.5195,3.8191,0.4428,0.5531,301105.0,223448.0,145914.0,1361000.0,1009990.0,47.068,4.84,3.96,0.0000,0.1716319707280058,2.4275,0,29,120,2009-10-30
300026.SZ,2017-10-11,4.53,4.49,4.54,4.49,4.52,-0.03,-0.66,228284.0,103093.0,1.0216,1.5645,1.46,20.53,21.4763,2.1873,3.4961,3.7937,0.4458,0.5568,301105.0,223448.0,145914.0,1351960.0,1003280.0,47.068,4.97,4.07,0.0000,-0.09420384733388841,2.4275,0,29,120,2009-10-30
300026.SZ,2017-10-12,4.49,4.47,4.51,4.45,4.49,-0.02,-0.45,134261.0,60080.9,0.6009,0.9201,0.72,20.4385,21.3806,2.1776,3.4806,3.7768,0.4478,0.5593,301105.0,223448.0,145914.0,1345940.0,998814.0,47.068,4.94,4.04,0.0000,-0.12540923615177663,2.4275,0,29,120,2009-10-30
300026.SZ,2017-10-13,4.47,4.5,4.52,4.45,4.47,0.03,0.67,135216.0,60702.4,0.6051,0.9267,0.69,20.5757,21.5241,2.1922,3.5039,3.8022,0.4448,0.5556,301105.0,223448.0,145914.0,1354970.0,1005520.0,47.068,4.92,4.02,0.0000,-0.04991838417622297,2.4275,0,29,120,2009-10-30
300026.SZ,2017-10-16,4.48,4.44,4.5,4.43,4.5,-0.06,-1.33,170496.0,76090.0,0.763,1.1685,0.84,20.3013,21.2371,2.1629,3.4572,3.7515,0.4508,0.5631,301105.0,223448.0,145914.0,1336910.0,992110.0,47.068,4.95,4.05,0.0000,-0.4103055411778029,2.4275,0,29,120,2009-10-30
300026.SZ,2017-10-17,4.44,4.43,4.45,4.41,4.44,-0.01,-0.23,99122.6,43932.7,0.4414,0.6742,0.46,20.2556,21.1893,2.1581,3.4494,3.743,0.4518,0.5643,301105.0,224563.0,147029.0,1333900.0,994815.0,47.068,4.88,4.0,0.0000,0.012621532868915639,2.4275,0,29,120,2009-10-30
300026.SZ,2017-10-18,4.41,4.42,4.46,4.41,4.43,-0.01,-0.23,91786.7,40728.5,0.4087,0.6243,0.6,20.2099,21.1415,2.1532,3.4416,3.7346,0.4528,0.5656,301105.0,224563.0,147029.0,1330890.0,992570.0,47.068,4.87,3.99,0.0000,-0.011515696432952294,2.4275,0,29,120,2009-10-30
300026.SZ,2017-10-19,4.4,4.42,4.45,4.4,4.42,0.0,0.0,100504.0,44478.4,0.4476,0.6836,0.8,20.2099,21.1415,2.1532,3.4416,3.7346,0.4528,0.5656,301105.0,224563.0,147029.0,1330890.0,992570.0,47.068,4.86,3.98,0.0000,-0.047674805016902314,2.4275,0,29,120,2009-10-30
300026.SZ,2017-10-20,4.42,4.44,4.44,4.41,4.42,0.02,0.45,68803.1,30469.4,0.3064,0.468,0.58,20.3013,21.2371,2.1629,3.4572,3.7515,0.4508,0.5631,301105.0,224563.0,147029.0,1336910.0,997061.0,47.068,4.86,3.98,0.0000,-0.004639973189421142,2.4275,0,29,120,2009-10-30
300026.SZ,2017-10-23,4.45,4.47,4.47,4.43,4.44,0.03,0.68,98093.8,43635.3,0.4368,0.6672,0.92,20.4385,21.3806,2.1776,3.4806,3.7768,0.4478,0.5593,301105.0,224563.0,147029.0,1345940.0,1003800.0,47.068,4.88,4.0,0.0000,0.3887585015142064,2.4275,0,29,120,2009-10-30
300026.SZ,2017-10-24,4.46,4.45,4.48,4.43,4.47,-0.02,-0.45,93421.5,41580.7,0.416,0.6354,1.02,20.3471,21.285,2.1678,3.465,3.7599,0.4498,0.5618,301105.0,224563.0,147029.0,1339920.0,999307.0,47.068,4.92,4.02,0.0000,-0.06874622338737628,2.4275,0,29,120,2009-10-30
300026.SZ,2017-10-25,4.45,4.45,4.46,4.44,4.45,0.0,0.0,85337.3,37977.2,0.38,0.5804,0.94,20.3471,21.285,2.1678,3.465,3.7599,0.4498,0.5618,301105.0,224563.0,147029.0,1339920.0,999307.0,47.068,4.9,4.01,0.0000,-0.15501270114570545,2.4275,0,29,120,2009-10-30
300026.SZ,2017-10-26,4.45,4.45,4.47,4.43,4.45,0.0,0.0,128175.0,57087.0,0.5708,0.8718,1.44,20.3471,21.285,2.1678,3.465,3.7599,0.4498,0.5618,301105.0,224563.0,147029.0,1339920.0,999307.0,47.068,4.9,4.01,0.0000,-0.1880170985204457,2.4275,0,29,120,2009-10-30
300026.SZ,2017-10-27,4.45,4.43,4.46,4.42,4.45,-0.02,-0.45,101727.0,45138.5,0.453,0.6919,1.07,20.2556,21.1893,2.1581,3.4494,3.743,0.4518,0.5643,301105.0,224563.0,147029.0,1333900.0,994815.0,47.068,4.9,4.01,0.0000,0.0700350793672807,2.4275,0,29,120,2009-10-30
300026.SZ,2017-10-30,4.43,4.35,4.43,4.34,4.43,-0.08,-1.81,148094.0,64781.3,0.6595,1.0072,1.46,19.8898,20.6838,2.0637,3.3871,3.6966,0.4601,0.5747,301105.0,224563.0,147029.0,1309810.0,976850.0,47.068,4.87,3.99,0.0000,-0.16964733568780715,2.6222,0,29,120,2009-10-30
300026.SZ,2017-10-31,4.35,4.35,4.37,4.33,4.35,0.0,0.0,98670.6,42965.7,0.4394,0.6711,0.89,19.8898,20.6838,2.0637,3.3871,3.6966,0.4601,0.5747,301105.0,224563.0,147029.0,1309810.0,976850.0,47.068,4.79,3.92,0.0000,-0.17291056533312188,2.6222,0,29,120,2009-10-30
300026.SZ,2017-11-01,4.36,4.37,4.38,4.34,4.35,0.02,0.46,76353.6,33342.8,0.34,0.5193,0.68,19.9813,20.7789,2.0732,3.4027,3.7136,0.458,0.5721,301105.0,224563.0,147029.0,1315830.0,981342.0,47.068,4.79,3.92,0.0000,0.051037033273721194,2.6222,0,29,120,2009-10-30
300026.SZ,2017-11-02,4.37,4.33,4.37,4.33,4.37,-0.04,-0.92,81413.8,35382.9,0.3625,0.5537,0.74,19.7984,20.5887,2.0542,3.3716,3.6796,0.4622,0.5774,301105.0,224563.0,147029.0,1303790.0,972359.0,47.068,4.81,3.93,0.0000,-0.08191325993049488,2.6222,0,29,120,2009-10-30
300026.SZ,2017-11-03,4.34,4.28,4.34,4.27,4.33,-0.05,-1.15,115322.0,49525.7,0.5135,0.7844,1.14,19.5698,20.351,2.0305,3.3326,3.6371,0.4676,0.5841,301105.0,224563.0,147029.0,1288730.0,961131.0,47.068,4.76,3.9,0.0000,-0.2600735785446423,2.6222,0,29,120,2009-10-30
300026.SZ,2017-11-06,4.29,4.3,4.3,4.26,4.28,0.02,0.47,74146.9,31777.4,0.3302,0.5043,0.71,19.6612,20.4461,2.04,3.3482,3.6541,0.4655,0.5814,301105.0,224563.0,147029.0,1294750.0,965622.0,47.068,4.71,3.85,0.0000,-0.08330730176686693,2.6222,0,29,120,2009-10-30
300026.SZ,2017-11-07,4.3,4.3,4.34,4.27,4.3,0.0,0.0,148373.0,63856.9,0.6607,1.0091,1.66,19.6612,20.4461,2.04,3.3482,3.6541,0.4655,0.5814,301105.0,224563.0,147029.0,1294750.0,965622.0,47.068,4.73,3.87,0.0000,-0.11144430145406915,2.6222,0,29,120,2009-10-30
300026.SZ,2017-11-08,4.3,4.36,4.39,4.28,4.3,0.06,1.4,169618.0,73896.1,0.7553,1.1536,1.71,19.9355,20.7314,2.0684,3.3949,3.7051,0.4591,0.5734,301105.0,224563.0,147029.0,1312820.0,979096.0,47.068,4.73,3.87,0.0000,0.233642310068489,2.6222,0,29,120,2009-10-30
300026.SZ,2017-11-09,4.36,4.35,4.38,4.32,4.36,-0.01,-0.23,126789.0,55126.5,0.5646,0.8623,1.08,19.8898,20.6838,2.0637,3.3871,3.6966,0.4601,0.5747,301105.0,224563.0,147029.0,1309810.0,976850.0,47.068,4.8,3.92,0.0000,-0.1311971105234484,2.6222,0,29,120,2009-10-30
300026.SZ,2017-11-10,4.35,4.38,4.38,4.32,4.35,0.03,0.69,118088.0,51419.1,0.5259,0.8032,0.93,20.027,20.8265,2.0779,3.4105,3.7221,0.457,0.5708,301105.0,224563.0,147029.0,1318840.0,983587.0,47.068,4.79,3.92,0.0000,0.21224881692513084,2.6222,0,29,120,2009-10-30
300026.SZ,2017-11-13,4.37,4.38,4.39,4.35,4.38,0.0,0.0,107505.0,47017.4,0.4787,0.7312,0.84,20.027,20.8265,2.0779,3.4105,3.7221,0.457,0.5708,301105.0,224563.0,147029.0,1318840.0,983587.0,47.068,4.82,3.94,0.0000,0.018380148032315392,2.6222,0,29,120,2009-10-30
300026.SZ,2017-11-14,4.35,4.31,4.35,4.31,4.38,-0.07,-1.6,121921.0,52805.4,0.5429,0.8292,0.91,19.7069,20.4936,2.0447,3.356,3.6626,0.4644,0.58,301105.0,224563.0,147029.0,1297760.0,967868.0,47.068,4.82,3.94,0.0000,0.07826037758720568,2.6222,0,29,120,2009-10-30
300026.SZ,2017-11-15,4.32,4.28,4.32,4.27,4.31,-0.03,-0.7,111098.0,47707.8,0.4947,0.7556,0.86,19.5698,20.351,2.0305,3.3326,3.6371,0.4676,0.5841,301105.0,224563.0,147029.0,1288730.0,961131.0,47.068,4.74,3.88,0.0000,-0.04889510714829224,2.6222,0,29,120,2009-10-30
300026.SZ,2017-11-16,4.28,4.29,4.31,4.27,4.28,0.01,0.23,98807.6,42418.1,0.44,0.672,0.84,19.6155,20.3985,2.0352,3.3404,3.6456,0.4666,0.5828,301105.0,224563.0,147029.0,1291740.0,963376.0,47.068,4.71,3.85,0.0000,0.021501010654378316,2.6222,0,29,120,2009-10-30
300026.SZ,2017-11-17,4.29,4.19,4.32,4.16,4.29,-0.1,-2.33,182797.0,77556.7,0.814,1.2433,1.64,19.1582,19.923,1.9878,3.2625,3.5606,0.4777,0.5967,301105.0,224563.0,147029.0,1261630.0,940920.0,47.068,4.72,3.86,0.0000,-0.09740101623806306,2.6222,0,29,120,2009-10-30
300026.SZ,2017-11-20,4.19,4.2,4.2,4.13,4.19,0.01,0.24,140916.0,58684.9,0.6275,0.9584,1.13,19.204,19.9706,1.9925,3.2703,3.5691,0.4766,0.5952,301105.0,224563.0,147029.0,1264640.0,943166.0,47.068,4.61,3.77,0.0000,-0.03848505719721316,2.6222,0,29,120,2009-10-30
300026.SZ,2017-11-21,4.19,4.21,4.23,4.17,4.2,0.01,0.24,95256.1,40002.5,0.4242,0.6479,0.73,19.2497,20.0181,1.9973,3.2781,3.5776,0.4754,0.5938,301105.0,224563.0,147029.0,1267650.0,945411.0,47.068,4.62,3.78,0.0000,0.006497902911045451,2.6222,0,29,120,2009-10-30
300026.SZ,2017-11-22,4.21,4.25,4.32,4.2,4.21,0.04,0.95,158645.0,67689.9,0.7065,1.079,1.26,19.4326,20.2083,2.0162,3.3093,3.6116,0.4709,0.5882,301105.0,224563.0,147029.0,1279700.0,954394.0,47.068,4.63,3.79,0.0000,0.027649658942172126,2.6222,0,29,120,2009-10-30
300026.SZ,2017-11-23,4.23,4.17,4.28,4.15,4.25,-0.08,-1.88,110360.0,46490.0,0.4914,0.7506,0.82,19.0668,19.8279,1.9783,3.247,3.5436,0.48,0.5995,301105.0,224563.0,147029.0,1255610.0,936429.0,47.068,4.68,3.83,0.0000,-0.2495862231512305,2.6222,0,29,120,2009-10-30
300026.SZ,2017-11-24,4.17,4.59,4.59,4.17,4.17,0.42,10.07,981677.0,441219.0,4.3715,6.6768,7.13,20.9872,21.825,2.1775,3.574,3.9005,0.4361,0.5447,301105.0,224563.0,147029.0,1382070.0,1030750.0,47.068,4.59,3.75,0.0000,0.345625366945416,2.6222,0,29,120,2009-10-30
300026.SZ,2017-11-27,4.59,4.45,4.63,4.45,4.59,-0.14,-3.05,604212.0,273912.0,2.6906,4.1095,2.03,20.3471,21.1593,2.1111,3.465,3.7816,0.4498,0.5618,301105.0,224563.0,147029.0,1339920.0,999307.0,47.068,5.05,4.13,0.0000,-0.14873758355134817,2.6222,0,29,120,2009-10-30
300026.SZ,2017-11-28,4.44,4.52,4.55,4.43,4.45,0.07,1.57,304197.0,137035.0,1.3546,2.069,0.78,20.6671,21.4921,2.1443,3.5195,3.8411,0.4428,0.5531,301105.0,224563.0,147029.0,1361000.0,1015030.0,47.068,4.9,4.01,0.0000,-0.05857998012543885,2.6222,0,29,120,2009-10-30
300026.SZ,2017-11-29,4.51,4.61,4.62,4.46,4.52,0.09,1.99,390596.0,177318.0,1.7394,2.6566,0.9,21.0786,21.9201,2.187,3.5896,3.9175,0.4342,0.5423,301105.0,224563.0,147029.0,1388100.0,1035240.0,47.068,4.97,4.07,0.0000,0.00301096333240009,2.6222,0,29,120,2009-10-30
300026.SZ,2017-11-30,4.58,4.56,4.63,4.56,4.61,-0.05,-1.08,230383.0,105719.0,1.0259,1.5669,0.48,20.85,21.6823,2.1633,3.5506,3.875,0.4389,0.5482,301105.0,224563.0,147029.0,1373040.0,1024010.0,47.068,5.07,4.15,0.0000,0.022283028562394704,2.6222,0,29,120,2009-10-30
300026.SZ,2017-12-01,4.57,4.64,4.69,4.51,4.56,0.08,1.75,318689.0,146549.0,1.4191,2.1675,0.63,21.2158,22.0627,2.2012,3.6129,3.943,0.4314,0.5388,301105.0,224563.0,147029.0,1397130.0,1041970.0,47.068,5.02,4.1,0.0000,0.03712061442336808,2.6222,0,29,120,2009-10-30
300026.SZ,2017-12-04,4.64,4.53,4.68,4.52,4.64,-0.11,-2.37,252506.0,116214.0,1.1244,1.7174,0.68,20.7128,21.5397,2.1491,3.5273,3.8495,0.4418,0.5519,301105.0,224563.0,147029.0,1364010.0,1017270.0,47.068,5.1,4.18,0.0000,-0.02093341574967025,2.6222,0,29,120,2009-10-30
300026.SZ,2017-12-05,4.54,4.47,4.57,4.43,4.53,-0.06,-1.32,187888.0,84544.3,0.8367,1.2779,0.63,20.4385,21.2544,2.1206,3.4806,3.7986,0.4478,0.5593,301105.0,224563.0,147029.0,1345940.0,1003800.0,47.068,4.98,4.08,0.0000,-0.0846954749229482,2.6222,0,29,120,2009-10-30
300026.SZ,2017-12-06,4.49,4.53,4.57,4.42,4.47,0.06,1.34,269232.0,121241.0,1.1989,1.8312,0.98,20.7128,21.5397,2.1491,3.5273,3.8495,0.4418,0.5519,301105.0,224563.0,147029.0,1364010.0,1017270.0,47.068,4.92,4.02,0.0000,-0.17435322048386703,2.6222,0,29,120,2009-10-30
300026.SZ,2017-12-07,4.52,4.48,4.55,4.46,4.53,-0.05,-1.1,127736.0,57431.3,0.5688,0.8688,0.51,20.4842,21.3019,2.1253,3.4884,3.8071,0.4468,0.558,301105.0,224563.0,147029.0,1348950.0,1006040.0,47.068,4.98,4.08,0.0000,-0.090439610461974,2.6222,0,29,120,2009-10-30
300026.SZ,2017-12-08,4.48,4.48,4.52,4.45,4.48,0.0,0.0,183348.0,82185.1,0.8165,1.247,0.79,20.4842,21.3019,2.1253,3.4884,3.8071,0.4468,0.558,301105.0,224563.0,147029.0,1348950.0,1006040.0,47.068,4.93,4.03,0.0000,0.016064741946511703,2.6222,0,29,120,2009-10-30
300026.SZ,2017-12-11,4.48,4.5,4.51,4.43,4.48,0.02,0.45,207265.0,92873.8,0.923,1.4097,1.02,20.5757,21.397,2.1348,3.5039,3.8241,0.4448,0.5556,301105.0,224563.0,147029.0,1354970.0,1010530.0,47.068,4.93,4.03,0.0000,-0.03737084506486291,2.6222,0,29,120,2009-10-30
300026.SZ,2017-12-12,4.48,4.45,4.49,4.43,4.5,-0.05,-1.11,137176.0,61028.6,0.6109,0.933,0.7,20.3471,21.1593,2.1111,3.465,3.7816,0.4498,0.5618,301105.0,224563.0,147029.0,1339920.0,999307.0,47.068,4.95,4.05,0.0000,-0.0683388792340762,2.6222,0,29,120,2009-10-30
300026.SZ,2017-12-13,4.45,4.46,4.46,4.42,4.45,0.01,0.22,98990.9,43974.7,0.4408,0.6733,0.54,20.3928,21.2069,2.1159,3.4728,3.7901,0.4488,0.5605,301105.0,224563.0,147029.0,1342930.0,1001550.0,47.068,4.9,4.01,0.0000,0.056167112949604844,2.6222,0,29,120,2009-10-30
300026.SZ,2017-12-14,4.43,4.53,4.56,4.43,4.46,0.07,1.57,237682.0,107507.0,1.0201,1.5289,1.58,20.7128,21.5397,2.1491,3.5273,3.8495,0.4418,0.5519,301105.0,232998.0,155464.0,1364010.0,1055480.0,47.068,4.91,4.01,0.0000,-0.025165337355924536,2.6222,0,29,120,2009-10-30
300026.SZ,2017-12-15,4.52,4.57,4.6,4.5,4.53,0.04,0.88,238040.0,108421.0,1.0216,1.5312,1.38,20.8957,21.7299,2.168,3.5584,3.8835,0.438,0.547,301105.0,232998.0,155464.0,1376050.0,1064800.0,47.068,4.98,4.08,0.0000,-0.019693429638644507,2.6222,0,29,120,2009-10-30
300026.SZ,2017-12-18,4.59,4.52,4.62,4.51,4.57,-0.05,-1.09,124535.0,56669.0,0.5345,0.8011,0.68,20.6671,21.4921,2.1443,3.5195,3.8411,0.4428,0.5531,301105.0,232998.0,155464.0,1361000.0,1053150.0,47.068,5.03,4.11,0.0000,-0.1017378782096533,2.6222,0,29,120,2009-10-30
300026.SZ,2017-12-19,4.52,4.6,4.62,4.51,4.52,0.08,1.77,217640.0,99849.7,0.9341,1.3999,1.3,21.0329,21.8725,2.1823,3.5818,3.909,0.4351,0.5435,301105.0,232998.0,155464.0,1385090.0,1071790.0,47.068,4.97,4.07,0.0000,0.11117479168815192,2.6222,0,29,120,2009-10-30
300026.SZ,2017-12-20,4.58,4.52,4.6,4.49,4.6,-0.08,-1.74,156470.0,70932.1,0.6715,1.0065,0.85,20.6671,21.4921,2.1443,3.5195,3.8411,0.4428,0.5531,301105.0,232998.0,155464.0,1361000.0,1053150.0,47.068,5.06,4.14,0.0000,-0.20673013810187643,2.6222,0,29,120,2009-10-30
300026.SZ,2017-12-21,4.49,4.45,4.52,4.41,4.52,-0.07,-1.55,164842.0,73606.9,0.7075,1.0603,0.85,20.3471,21.1593,2.1111,3.465,3.7816,0.4498,0.5618,301105.0,232998.0,155464.0,1339920.0,1036840.0,47.068,4.97,4.07,0.0000,-0.055956377992024645,2.6222,0,29,120,2009-10-30
300026.SZ,2017-12-22,4.44,4.46,4.47,4.43,4.45,0.01,0.22,93191.5,41428.3,0.4,0.5994,0.52,20.3928,21.2069,2.1159,3.4728,3.7901,0.4488,0.5605,301105.0,232998.0,155464.0,1342930.0,1039170.0,47.068,4.9,4.01,0.0000,-0.13003227819860014,2.6222,0,29,120,2009-10-30
300026.SZ,2017-12-25,4.45,4.27,4.46,4.26,4.46,-0.19,-4.26,241771.0,104875.0,1.0377,1.5552,1.6,19.524,20.3034,2.0257,3.3248,3.6286,0.4687,0.5855,301105.0,232998.0,155464.0,1285720.0,994903.0,47.068,4.91,4.01,0.0000,-0.161487998542095,2.6222,0,29,120,2009-10-30
300026.SZ,2017-12-26,4.26,4.3,4.32,4.24,4.27,0.03,0.7,120623.0,51626.6,0.5177,0.7759,0.69,19.6612,20.4461,2.04,3.3482,3.6541,0.4655,0.5814,301105.0,232998.0,155464.0,1294750.0,1001890.0,47.068,4.7,3.84,0.0000,-0.09455560285767779,2.6222,0,29,120,2009-10-30
300026.SZ,2017-12-27,4.3,4.22,4.3,4.2,4.3,-0.08,-1.86,168909.0,71718.9,0.7249,1.0865,1.09,19.2954,20.0657,2.002,3.2859,3.5861,0.4743,0.5924,301105.0,232998.0,155464.0,1270670.0,983253.0,47.068,4.73,3.87,0.0000,-0.0357379263583162,2.6222,0,29,120,2009-10-30
300026.SZ,2017-12-28,4.23,4.29,4.3,4.22,4.22,0.07,1.66,104709.0,44737.9,0.4494,0.6735,0.66,19.6155,20.3985,2.0352,3.3404,3.6456,0.4666,0.5828,301105.0,232998.0,155464.0,1291740.0,999563.0,47.068,4.64,3.8,0.0000,0.25654398738226286,2.6222,0,29,120,2009-10-30
300026.SZ,2017-12-29,4.28,4.26,4.31,4.23,4.29,-0.03,-0.7,130120.0,55400.6,0.5585,0.837,0.89,19.4783,20.2559,2.021,3.3171,3.6201,0.4698,0.5869,301105.0,232998.0,155464.0,1282710.0,992573.0,47.068,4.72,3.86,0.0000,-0.1274401692274922,2.6222,0,29,120,2009-10-30
300026.SZ,2018-01-02,4.26,4.33,4.35,4.26,4.26,0.07,1.64,135101.0,58402.1,0.5798,0.869,0.88,19.7984,20.5887,2.0542,3.3716,3.6796,0.5774,0.5774,301105.0,232998.0,155464.0,1303790.0,1008880.0,47.068,4.69,3.83,0.0000,0.15409599065174678,2.6222,0,29,120,2009-10-30
300026.SZ,2018-01-03,4.34,4.35,4.36,4.31,4.33,0.02,0.46,142624.0,61777.5,0.6121,0.9174,1.08,19.8898,20.6838,2.0637,3.3871,3.6966,0.5747,0.5747,301105.0,232998.0,155464.0,1309810.0,1013540.0,47.068,4.76,3.9,0.0000,-0.0621753500073368,2.6222,0,29,120,2009-10-30
300026.SZ,2018-01-04,4.34,4.31,4.36,4.29,4.35,-0.04,-0.92,139205.0,60049.7,0.5975,0.8954,1.02,19.7069,20.4936,2.0447,3.356,3.6626,0.58,0.58,301105.0,232998.0,155464.0,1297760.0,1004220.0,47.068,4.79,3.92,0.0000,-0.1803279257715454,2.6222,0,29,120,2009-10-30
300026.SZ,2018-01-05,4.3,4.32,4.34,4.28,4.31,0.01,0.23,101766.0,43914.6,0.4368,0.6546,0.78,19.7527,20.5412,2.0494,3.3638,3.6711,0.5787,0.5787,301105.0,232998.0,155464.0,1300780.0,1006550.0,47.068,4.74,3.88,0.0000,-0.046170884479974035,2.6222,0,29,120,2009-10-30
300026.SZ,2018-01-08,4.32,4.32,4.34,4.29,4.32,0.0,0.0,122306.0,52765.5,0.5249,0.7867,0.94,19.7527,20.5412,2.0494,3.3638,3.6711,0.5787,0.5787,301105.0,232998.0,155464.0,1300780.0,1006550.0,47.068,4.75,3.89,0.0000,0.028573344309090806,2.6222,0,29,120,2009-10-30
300026.SZ,2018-01-09,4.32,4.31,4.32,4.3,4.32,-0.01,-0.23,78725.4,33919.4,0.3379,0.5064,0.61,19.7069,20.4936,2.0447,3.356,3.6626,0.58,0.58,301105.0,232998.0,155464.0,1297760.0,1004220.0,47.068,4.75,3.89,0.0000,-0.29784890356234417,2.6222,0,29,120,2009-10-30
300026.SZ,2018-01-10,4.3,4.26,4.31,4.23,4.31,-0.05,-1.16,123408.0,52585.4,0.5297,0.7938,1.06,19.4783,20.2559,2.021,3.3171,3.6201,0.5869,0.5869,301105.0,232998.0,155464.0,1282710.0,992573.0,47.068,4.74,3.88,0.0000,-0.31284342881993704,2.6222,0,29,120,2009-10-30
300026.SZ,2018-01-11,4.24,4.28,4.3,4.22,4.26,0.02,0.47,74102.5,31567.5,0.318,0.4767,0.66,19.5698,20.351,2.0305,3.3326,3.6371,0.5841,0.5841,301105.0,232998.0,155464.0,1288730.0,997233.0,47.068,4.69,3.83,0.0000,-0.04157293586837175,2.6222,0,29,120,2009-10-30
300026.SZ,2018-01-12,4.26,4.26,4.29,4.25,4.28,-0.02,-0.47,65406.4,27857.2,0.2807,0.4207,0.65,19.4783,20.2559,2.021,3.3171,3.6201,0.5869,0.5869,301105.0,232998.0,155464.0,1282710.0,992573.0,47.068,4.71,3.85,0.0000,-0.41795787586886785,2.6222,0,29,120,2009-10-30
300026.SZ,2018-01-15,4.26,4.23,4.29,4.22,4.26,-0.03,-0.7,111392.0,47352.1,0.4781,0.7165,1.2,19.3411,20.1132,2.0067,3.2937,3.5946,0.591,0.591,301105.0,232998.0,155464.0,1273680.0,985583.0,47.068,4.69,3.83,0.0000,-0.0647357481100331,2.6222,0,29,120,2009-10-30
300026.SZ,2018-01-16,4.23,4.28,4.3,4.22,4.23,0.05,1.18,137982.0,58866.4,0.5922,0.8876,1.52,19.5698,20.351,2.0305,3.3326,3.6371,0.5841,0.5841,301105.0,232998.0,155464.0,1288730.0,997233.0,47.068,4.65,3.81,0.0000,-0.18779888751742094,2.6222,0,29,120,2009-10-30
300026.SZ,2018-01-17,4.28,4.32,4.34,4.26,4.28,0.04,0.93,152736.0,65824.5,0.6555,0.9825,1.49,19.7527,20.5412,2.0494,3.3638,3.6711,0.5787,0.5787,301105.0,232998.0,155464.0,1300780.0,1006550.0,47.068,4.71,3.85,0.0000,0.1120753990365791,2.6222,0,29,120,2009-10-30
300026.SZ,2018-01-18,4.32,4.3,4.35,4.3,4.32,-0.02,-0.46,83053.6,35921.6,0.3565,0.5342,0.77,19.6612,20.4461,2.04,3.3482,3.6541,0.5814,0.5814,301105.0,232998.0,155464.0,1294750.0,1001890.0,47.068,4.75,3.89,0.0000,-0.19710237046392887,2.6222,0,29,120,2009-10-30
300026.SZ,2018-01-19,4.32,4.33,4.34,4.29,4.3,0.03,0.7,105247.0,45421.2,0.4517,0.677,0.96,19.7984,20.5887,2.0542,3.3716,3.6796,0.5774,0.5774,301105.0,232998.0,155464.0,1303790.0,1008880.0,47.068,4.73,3.87,0.0000,0.1462874261423767,2.6222,0,29,120,2009-10-30
300026.SZ,2018-01-22,4.25,4.35,4.36,4.25,4.33,0.02,0.46,144350.0,62513.8,0.6195,0.9285,1.22,19.8898,20.6838,2.0637,3.3871,3.6966,0.5747,0.5747,301105.0,232998.0,155464.0,1309810.0,1013540.0,47.068,4.76,3.9,0.0000,-0.003138473554048708,2.6222,0,29,120,2009-10-30
300026.SZ,2018-01-23,4.34,4.32,4.35,4.31,4.35,-0.03,-0.69,91512.5,39597.2,0.3928,0.5886,0.73,19.7527,20.5412,2.0494,3.3638,3.6711,0.5787,0.5787,301105.0,232998.0,155464.0,1300780.0,1006550.0,47.068,4.79,3.92,0.0000,-0.2863653472445366,2.6222,0,29,120,2009-10-30
300026.SZ,2018-01-24,4.32,4.45,4.45,4.27,4.32,0.13,3.01,288697.0,126077.0,1.2391,1.857,2.5,20.3471,21.1593,2.1111,3.465,3.7816,0.5618,0.5618,301105.0,232998.0,155464.0,1339920.0,1036840.0,47.068,4.75,3.89,0.0000,0.05468534964695199,2.6222,0,29,120,2009-10-30
300026.SZ,2018-01-25,4.42,4.39,4.46,4.37,4.45,-0.06,-1.35,161531.0,71464.7,0.6933,1.039,1.13,20.0727,20.874,2.0826,3.4183,3.7306,0.5695,0.5695,301105.0,232998.0,155464.0,1321850.0,1022860.0,47.068,4.9,4.01,0.0000,-0.2084766873136812,2.6222,0,29,120,2009-10-30
300026.SZ,2018-01-26,4.37,4.34,4.41,4.32,4.39,-0.05,-1.14,168692.0,73599.6,0.724,1.0851,1.07,19.8441,20.6363,2.0589,3.3793,3.6881,0.576,0.576,301105.0,232998.0,155464.0,1306800.0,1011210.0,47.068,4.83,3.95,0.0000,-0.25795662353459947,2.6222,0,29,120,2009-10-30
300026.SZ,2018-01-29,4.34,4.35,4.41,4.33,4.34,0.01,0.23,147747.0,64507.8,0.6341,0.9504,0.86,19.8898,20.6838,2.0637,3.3871,3.6966,0.5747,0.5747,301105.0,232998.0,155464.0,1309810.0,1013540.0,47.068,4.77,3.91,0.0000,0.09272588332573554,2.6222,0,29,120,2009-10-30
300026.SZ,2018-01-30,4.33,4.35,4.38,4.33,4.35,0.0,0.0,68273.0,29705.9,0.293,0.4392,0.4,19.8898,20.6838,2.0637,3.3871,3.6966,0.5747,0.5747,301105.0,232998.0,155464.0,1309810.0,1013540.0,47.068,4.79,3.92,0.0000,-0.22469343853707693,2.6222,0,29,120,2009-10-30
300026.SZ,2018-01-31,4.15,4.16,4.27,4.15,4.35,-0.19,-4.37,274177.0,114959.0,1.1767,1.7636,1.64,19.0211,19.7804,1.9735,3.2392,3.5351,0.601,0.601,301105.0,232998.0,155464.0,1252600.0,969273.0,47.068,4.79,3.92,0.0000,-0.15814704472917668,2.6222,0,29,120,2009-10-30
300026.SZ,2018-02-01,4.16,3.95,4.18,3.94,4.16,-0.21,-5.05,260851.0,105592.0,1.1195,1.6779,1.59,18.0609,18.7819,1.8739,3.0757,3.3567,0.6329,0.6329,301105.0,232998.0,155464.0,1189370.0,920344.0,47.068,4.58,3.74,0.0000,-0.3274984373523928,2.6222,0,29,120,2009-10-30
300026.SZ,2018-02-02,3.96,3.92,4.02,3.9,3.95,-0.03,-0.76,158452.0,62587.6,0.6801,1.0192,0.86,17.9237,18.6392,1.8597,3.0523,3.3312,0.6378,0.6378,301105.0,232998.0,155464.0,1180330.0,913354.0,47.068,4.35,3.56,0.0000,-0.24163727694672563,2.6222,0,29,120,2009-10-30
300026.SZ,2018-02-05,3.9,3.85,3.93,3.82,3.92,-0.07,-1.79,153048.0,59119.1,0.6569,0.9845,0.84,17.6036,18.3064,1.8265,2.9978,3.2717,0.6494,0.6494,301105.0,232998.0,155464.0,1159260.0,897044.0,47.068,4.31,3.53,0.0000,-0.4194388014466872,2.6222,0,29,120,2009-10-30
300026.SZ,2018-02-06,3.8,3.57,3.83,3.57,3.85,-0.28,-7.27,181941.0,67428.6,0.7809,1.1703,0.99,16.3234,16.975,1.6936,2.7798,3.0338,0.7003,0.7003,301105.0,232998.0,155464.0,1074950.0,831804.0,47.068,4.24,3.47,0.0000,-0.27776052472073365,2.6222,0,29,120,2009-10-30
300026.SZ,2018-02-07,3.66,3.76,3.78,3.56,3.57,0.19,5.32,206177.0,75848.4,0.8849,1.3262,1.0,17.1921,17.8784,1.7838,2.9277,3.1952,0.6649,0.6649,301105.0,232998.0,155464.0,1132160.0,876074.0,47.068,3.93,3.21,0.0000,0.1608311672833779,2.6222,0,29,120,2009-10-30
300026.SZ,2018-02-08,3.72,3.8,3.81,3.72,3.76,0.04,1.06,119267.0,45057.6,0.5119,0.7672,0.62,17.375,18.0686,1.8027,2.9589,3.2292,0.6579,0.6579,301105.0,232998.0,155464.0,1144200.0,885394.0,47.068,4.14,3.38,0.0000,-0.03360786113439413,2.6222,0,29,120,2009-10-30
300026.SZ,2018-02-09,3.63,3.69,3.74,3.63,3.8,-0.11,-2.89,132403.0,48960.3,0.5683,0.8517,0.81,16.8721,17.5456,1.7506,2.8732,3.1357,0.6775,0.6775,301105.0,232998.0,155464.0,1111080.0,859764.0,47.068,4.18,3.42,0.0000,-0.2560964699452479,2.6222,0,29,120,2009-10-30
300026.SZ,2018-02-12,3.71,3.8,3.81,3.71,3.69,0.11,2.98,86746.0,32663.4,0.3723,0.558,0.55,17.375,18.0686,1.8027,2.9589,3.2292,0.6579,0.6579,301105.0,232998.0,155464.0,1144200.0,885394.0,47.068,4.06,3.32,0.0000,0.028137187598928873,2.6222,0,29,120,2009-10-30
300026.SZ,2018-02-13,3.82,3.78,3.85,3.74,3.8,-0.02,-0.53,77506.6,29316.1,0.3326,0.4986,0.53,17.2836,17.9735,1.7933,2.9433,3.2122,0.6614,0.6614,301105.0,232998.0,155464.0,1138180.0,880734.0,47.068,4.18,3.42,0.0000,-0.3818599836444542,2.6222,0,29,120,2009-10-30
300026.SZ,2018-02-14,3.76,3.76,3.79,3.74,3.78,-0.02,-0.53,46244.4,17363.1,0.1985,0.2975,0.37,17.1921,17.8784,1.7838,2.9277,3.1952,0.6649,0.6649,301105.0,232998.0,155464.0,1132160.0,876074.0,47.068,4.16,3.4,0.0000,-0.47861729928773694,2.6222,0,29,120,2009-10-30
300026.SZ,2018-02-22,3.78,3.78,3.79,3.76,3.76,0.02,0.53,58816.6,22218.6,0.2524,0.3783,0.64,17.2836,17.9735,1.7933,2.9433,3.2122,0.6614,0.6614,301105.0,232998.0,155464.0,1138180.0,880734.0,47.068,4.14,3.38,0.0000,-0.23246384358078526,2.6222,0,29,120,2009-10-30
300026.SZ,2018-02-23,3.78,3.77,3.8,3.76,3.78,-0.01,-0.26,46860.0,17714.4,0.2011,0.3014,0.58,17.2378,17.926,1.7885,2.9355,3.2037,0.6631,0.6631,301105.0,232998.0,155464.0,1135170.0,878404.0,47.068,4.16,3.4,0.0000,-0.3039274952145896,2.6222,0,29,120,2009-10-30
300026.SZ,2018-02-26,3.78,3.83,3.85,3.78,3.77,0.06,1.59,113280.0,43303.3,0.4862,0.7287,1.79,17.5122,18.2113,1.817,2.9822,3.2547,0.6527,0.6527,301105.0,232998.0,155464.0,1153230.0,892384.0,47.068,4.15,3.39,0.0000,-0.14618834419933632,2.6222,0,29,120,2009-10-30
300026.SZ,2018-02-27,3.84,3.83,3.88,3.81,3.83,0.0,0.0,116656.0,44851.5,0.5007,0.7504,1.7,17.5122,18.2113,1.817,2.9822,3.2547,0.6527,0.6527,301105.0,232998.0,155464.0,1153230.0,892384.0,47.068,4.21,3.45,0.0000,-0.11968864280509796,2.6222,0,29,120,2009-10-30
300026.SZ,2018-02-28,3.82,3.84,3.86,3.8,3.83,0.01,0.26,91862.0,35243.6,0.3943,0.5909,1.2,17.5579,25.7572,1.8209,2.99,3.4215,0.651,0.651,301105.0,232998.0,155464.0,1156240.0,894714.0,47.068,4.21,3.45,0.0000,-0.012819898331372112,2.6222,0,29,120,2009-10-30
300026.SZ,2018-03-01,3.83,3.92,3.93,3.82,3.84,0.08,2.08,137434.0,53210.9,0.5899,0.884,1.61,17.9237,26.2938,1.8589,3.0523,3.4927,0.6378,0.6378,301105.0,232998.0,155464.0,1180330.0,913354.0,47.068,4.22,3.46,0.0000,0.29008990187771033,2.6222,0,29,120,2009-10-30
300026.SZ,2018-03-02,3.88,3.83,3.92,3.83,3.92,-0.09,-2.3,125419.0,48501.2,0.5383,0.8067,1.24,17.5122,25.6902,1.8162,2.9822,3.4125,0.6527,0.6527,301105.0,232998.0,155464.0,1153230.0,892384.0,47.068,4.31,3.53,0.0000,-0.2887858451990827,2.6222,0,29,120,2009-10-30
300026.SZ,2018-03-05,3.83,3.83,3.85,3.81,3.83,0.0,0.0,71041.0,27224.0,0.3049,0.457,0.61,17.5122,25.6902,1.8162,2.9822,3.4125,0.6527,0.6527,301105.0,232998.0,155464.0,1153230.0,892384.0,47.068,4.21,3.45,0.0000,-0.4508361436188994,2.6222,0,29,120,2009-10-30
300026.SZ,2018-03-06,3.86,3.89,3.92,3.84,3.83,0.06,1.57,110601.0,42970.0,0.4747,0.7114,1.02,17.7865,26.0926,1.8447,3.029,3.466,0.6427,0.6427,301105.0,232998.0,155464.0,1171300.0,906364.0,47.068,4.21,3.45,0.0000,0.19221000438053445,2.6222,0,29,120,2009-10-30
300026.SZ,2018-03-07,3.89,3.85,3.9,3.85,3.89,-0.04,-1.03,84129.0,32563.3,0.3611,0.5411,0.78,17.6036,25.8243,1.8257,2.9978,3.4304,0.6494,0.6494,301105.0,232998.0,155464.0,1159260.0,897044.0,47.068,4.28,3.5,0.0000,-0.20483652182870496,2.6222,0,29,120,2009-10-30
300026.SZ,2018-03-08,3.83,3.9,3.93,3.83,3.85,0.05,1.3,116049.0,45164.5,0.4981,0.7465,1.1,17.8323,26.1597,1.8494,3.0367,3.4749,0.641,0.641,301105.0,232998.0,155464.0,1174310.0,908694.0,47.068,4.24,3.47,0.0000,0.028851930612751587,2.6222,0,29,120,2009-10-30
300026.SZ,2018-03-09,3.9,4.03,4.05,3.88,3.9,0.13,3.33,243371.0,96918.1,1.0445,1.5655,2.4,18.4267,27.0317,1.911,3.138,3.5907,0.6203,0.6203,301105.0,232998.0,155464.0,1213460.0,938983.0,47.068,4.29,3.51,0.0000,0.06856700933564014,2.6222,0,29,120,2009-10-30
300026.SZ,2018-03-12,4.03,4.06,4.1,4.01,4.03,0.03,0.74,171973.0,69892.1,0.7381,1.1062,1.38,18.5638,27.2329,1.9253,3.1613,3.6175,0.6158,0.6158,301105.0,232998.0,155464.0,1222490.0,945973.0,47.068,4.43,3.63,0.0000,-0.04611736149825877,2.6222,0,29,120,2009-10-30
300026.SZ,2018-03-13,4.08,4.03,4.1,4.02,4.06,-0.03,-0.74,152606.0,61820.8,0.655,0.9816,1.05,18.4267,27.0317,1.911,3.138,3.5907,0.6203,0.6203,301105.0,232998.0,155464.0,1213460.0,938983.0,47.068,4.47,3.65,0.0000,-0.2135970645297957,2.6222,0,29,120,2009-10-30
300026.SZ,2018-03-14,4.01,3.98,4.03,3.96,4.03,-0.05,-1.24,124282.0,49550.5,0.5334,0.7994,0.81,18.198,26.6963,1.8873,3.099,3.5462,0.6281,0.6281,301105.0,232998.0,155464.0,1198400.0,927334.0,47.068,4.43,3.63,0.0000,-0.06106866992765968,2.6222,0,29,120,2009-10-30
300026.SZ,2018-03-15,3.96,3.94,3.98,3.9,3.98,-0.04,-1.01,113501.0,44699.6,0.4871,0.7301,0.7,18.0151,26.428,1.8684,3.0679,3.5106,0.6345,0.6345,301105.0,232998.0,155464.0,1186360.0,918014.0,47.068,4.38,3.58,0.0000,-0.017518014627288803,2.6222,0,29,120,2009-10-30
300026.SZ,2018-03-16,3.95,3.96,4.05,3.92,3.94,0.02,0.51,99098.9,39409.1,0.4253,0.6374,0.61,18.1066,26.5622,1.8778,3.0835,3.5284,0.6313,0.6313,301105.0,232998.0,155464.0,1192380.0,922674.0,47.068,4.33,3.55,0.0000,0.07422386827125356,2.6222,0,29,120,2009-10-30
300026.SZ,2018-03-19,3.95,4.01,4.04,3.93,3.96,0.05,1.26,116662.0,46741.2,0.5007,0.7504,0.88,18.3352,26.8975,1.9016,3.1224,3.5729,0.6234,0.6234,301105.0,232998.0,155464.0,1207430.0,934324.0,47.068,4.36,3.56,0.0000,0.18460063832696771,2.6222,0,29,120,2009-10-30
300026.SZ,2018-03-20,4.0,4.13,4.17,3.92,4.01,0.12,2.99,273665.0,112143.0,1.1745,1.7603,2.26,18.8839,27.7024,1.9585,3.2158,3.6798,0.6053,0.6053,301105.0,232998.0,155464.0,1243570.0,962283.0,47.068,4.41,3.61,0.0000,0.16945889900541866,2.6222,0,29,120,2009-10-30
300026.SZ,2018-03-21,4.11,4.03,4.16,4.02,4.13,-0.1,-2.42,196988.0,80488.0,0.8454,1.2671,1.35,18.4267,27.0317,1.911,3.138,3.5907,0.6203,0.6203,301105.0,232998.0,155464.0,1213460.0,938983.0,47.068,4.54,3.72,0.0000,-0.1908423351117774,2.6222,0,29,120,2009-10-30
300026.SZ,2018-03-22,4.05,4.02,4.06,3.98,4.03,-0.01,-0.25,89604.0,35947.7,0.3846,0.5764,0.56,18.3809,26.9646,1.9063,3.1302,3.5818,0.6219,0.6219,301105.0,232998.0,155464.0,1210440.0,936653.0,47.068,4.43,3.63,0.0000,-0.20657903377840123,2.6222,0,29,120,2009-10-30
300026.SZ,2018-03-23,3.96,3.83,4.01,3.69,4.02,-0.19,-4.73,245399.0,95833.8,1.0532,1.5785,1.58,17.5122,25.6902,1.8162,2.9822,3.4125,0.6527,0.6527,301105.0,232998.0,155464.0,1153230.0,892384.0,47.068,4.42,3.62,0.0000,-0.1690817661306685,2.6222,0,29,120,2009-10-30
300026.SZ,2018-03-26,3.78,3.91,3.93,3.66,3.83,0.08,2.09,105286.0,40260.5,0.4519,0.6772,0.57,17.878,26.2268,1.8541,3.0445,3.4838,0.6394,0.6394,301105.0,232998.0,155464.0,1177320.0,911024.0,47.068,4.21,3.45,0.0000,-0.06737041133400774,2.6222,0,29,120,2009-10-30
300026.SZ,2018-03-27,3.95,3.99,4.02,3.92,3.91,0.08,2.05,147578.0,58640.1,0.6334,0.9493,0.81,18.2438,26.7634,1.8921,3.1068,3.5551,0.6266,0.6266,301105.0,232998.0,155464.0,1201410.0,929664.0,47.068,4.3,3.52,0.0000,-0.0048627962047891075,2.6222,0,29,120,2009-10-30
300026.SZ,2018-03-28,3.96,4.01,4.05,3.93,3.99,0.02,0.5,143658.0,57562.0,0.6166,0.9241,0.92,18.3352,26.8975,1.9016,3.1224,3.5729,0.6234,0.6234,301105.0,232998.0,155464.0,1207430.0,934324.0,47.068,4.39,3.59,0.0000,-0.12832334482836807,2.6222,0,29,120,2009-10-30
300026.SZ,2018-03-29,4.02,3.99,4.05,3.95,4.01,-0.02,-0.5,91006.5,36385.5,0.3906,0.5854,0.62,18.2438,26.7634,1.8921,3.1068,3.5551,0.6266,0.6266,301105.0,232998.0,155464.0,1201410.0,929664.0,47.068,4.41,3.61,0.0000,-0.2066450479949684,2.6222,0,29,120,2009-10-30
300026.SZ,2018-03-30,4.1,4.11,4.16,4.06,3.99,0.12,3.01,236010.0,96872.9,0.9874,1.4615,1.61,27.4564,27.4564,1.9484,3.6679,3.6679,0.6083,0.6083,301105.0,239020.0,161485.0,1237540.0,982372.0,47.068,4.39,3.59,0.0000,0.13653946143501067,-0.5689,0,29,120,2009-10-30
300026.SZ,2018-04-02,4.11,4.1,4.15,4.09,4.11,-0.01,-0.24,163968.0,67538.9,0.686,1.0154,1.13,27.3896,27.3896,1.9437,3.6589,3.6589,0.6098,0.6098,301105.0,239020.0,161485.0,1234530.0,979982.0,47.068,4.52,3.7,0.0000,-0.125298240835574,-0.5689,0,29,120,2009-10-30
300026.SZ,2018-04-03,4.07,4.09,4.11,4.04,4.1,-0.01,-0.24,128742.0,52493.4,0.5386,0.7972,0.82,27.3228,27.3228,1.9389,3.65,3.65,0.6112,0.6112,301105.0,239020.0,161485.0,1231520.0,977592.0,47.068,4.51,3.69,0.0000,-0.12341916772196139,-0.5689,0,29,120,2009-10-30
300026.SZ,2018-04-04,4.15,4.07,4.16,4.06,4.09,-0.02,-0.49,198256.0,81800.9,0.8295,1.2277,1.3,27.1892,27.1892,1.9295,3.6322,3.6322,0.6143,0.6143,301105.0,239020.0,161485.0,1225500.0,972812.0,47.068,4.5,3.68,0.0000,0.13045963438165967,-0.5689,0,29,120,2009-10-30
300026.SZ,2018-04-09,4.03,4.08,4.11,4.03,4.07,0.01,0.25,99481.0,40578.0,0.4162,0.616,0.61,27.256,27.256,1.9342,3.6411,3.6411,0.6127,0.6127,301105.0,239020.0,161485.0,1228510.0,975202.0,47.068,4.48,3.66,0.0000,-0.18791090279532588,-0.5689,0,29,120,2009-10-30
300026.SZ,2018-04-10,4.08,4.08,4.11,4.04,4.08,0.0,0.0,105175.0,42815.8,0.44,0.6513,0.64,27.256,27.256,1.9342,3.6411,3.6411,0.6127,0.6127,301105.0,239020.0,161485.0,1228510.0,975202.0,47.068,4.49,3.67,0.0000,-0.15190578362703236,-0.5689,0,29,120,2009-10-30
300026.SZ,2018-04-11,4.09,4.13,4.15,4.09,4.08,0.05,1.23,139935.0,57787.0,0.5855,0.8666,1.01,27.5901,27.5901,1.9579,3.6857,3.6857,0.6053,0.6053,301105.0,239020.0,161485.0,1243570.0,987153.0,47.068,4.49,3.67,0.0000,0.047795514121059576,-0.5689,0,29,120,2009-10-30
300026.SZ,2018-04-12,4.12,4.11,4.15,4.08,4.13,-0.02,-0.48,103990.0,42912.5,0.4351,0.644,0.77,27.4564,27.4564,1.9484,3.6679,3.6679,0.6083,0.6083,301105.0,239020.0,161485.0,1237540.0,982372.0,47.068,4.54,3.72,0.0000,0.1778577589964417,-0.5689,0,29,120,2009-10-30
300026.SZ,2018-04-13,4.12,4.1,4.14,4.07,4.11,-0.01,-0.24,91677.0,37731.6,0.3836,0.5677,0.71,27.3896,27.3896,1.9437,3.6589,3.6589,0.6098,0.6098,301105.0,239020.0,161485.0,1234530.0,979982.0,47.068,4.52,3.7,0.0000,-0.03386701505373788,-0.5689,0,29,120,2009-10-30
300026.SZ,2018-04-16,4.1,4.03,4.12,4.02,4.1,-0.07,-1.71,117147.0,47608.1,0.4901,0.7254,1.08,26.922,26.922,1.9105,3.5965,3.5965,0.6203,0.6203,301105.0,239020.0,161485.0,1213460.0,963251.0,47.068,4.51,3.69,0.0000,0.055515261071005795,-0.5689,0,29,120,2009-10-30
300026.SZ,2018-04-17,4.05,4.02,4.1,4.01,4.03,-0.01,-0.25,110048.0,44665.2,0.4604,0.6815,0.99,26.8552,26.8552,1.9058,3.5875,3.5875,0.6219,0.6219,301105.0,239020.0,161485.0,1210440.0,960860.0,47.068,4.43,3.63,0.0000,-0.006676857109546551,-0.5689,0,29,120,2009-10-30
300026.SZ,2018-04-18,4.05,4.05,4.07,3.94,4.02,0.03,0.75,124900.0,50175.9,0.5226,0.7734,1.11,27.0556,27.0556,1.92,3.6143,3.6143,0.6173,0.6173,301105.0,239020.0,161485.0,1219480.0,968031.0,47.068,4.42,3.62,0.0000,-0.16531675573494517,-0.5689,0,29,120,2009-10-30
300026.SZ,2018-04-19,4.05,4.03,4.06,4.0,4.05,-0.02,-0.49,85439.5,34471.5,0.3575,0.5291,0.78,26.922,26.922,1.9105,3.5965,3.5965,0.6203,0.6203,301105.0,239020.0,161485.0,1213460.0,963251.0,47.068,4.46,3.65,0.0000,-0.04670485648367728,-0.5689,0,29,120,2009-10-30
300026.SZ,2018-04-20,4.03,4.02,4.09,4.01,4.03,-0.01,-0.25,111577.0,45193.6,0.4668,0.6909,1.05,26.8552,24.9595,1.8582,3.5875,3.3572,0.6219,0.6219,301105.0,239020.0,161485.0,1210440.0,960860.0,47.068,4.43,3.63,0.0000,-0.04473909420273547,2.5545,0,29,120,2009-10-30
300026.SZ,2018-04-23,4.02,3.93,4.05,3.9,4.02,-0.09,-2.24,99594.0,39515.6,0.4167,0.6167,0.91,26.254,24.4007,1.8166,3.5072,3.2821,0.6361,0.6361,301105.0,239020.0,161485.0,1183340.0,939349.0,47.068,4.42,3.62,0.0000,-0.4190638193746405,2.5545,0,29,120,2009-10-30
300026.SZ,2018-04-24,3.98,3.97,3.99,3.93,3.93,0.04,1.02,95097.9,37741.3,0.3979,0.5889,0.89,26.5212,24.6491,1.835,3.5429,3.3155,0.6297,0.6297,301105.0,239020.0,161485.0,1195390.0,948910.0,47.068,4.32,3.54,0.0000,-0.4472274400154419,2.5545,0,29,120,2009-10-30
300026.SZ,2018-04-25,3.98,4.02,4.02,3.95,3.97,0.05,1.26,75442.5,30077.6,0.3156,0.4672,0.73,26.8552,24.9595,1.8582,3.5875,3.3572,0.6219,0.6219,301105.0,239020.0,161485.0,1210440.0,960860.0,47.068,4.37,3.57,0.0000,-0.4536055761208413,2.5545,0,29,120,2009-10-30
300026.SZ,2018-04-26,4.01,3.93,4.02,3.93,4.02,-0.09,-2.24,72626.1,28807.1,0.3038,0.4497,0.78,26.254,24.4007,1.8166,3.5072,3.2821,0.6361,0.6361,301105.0,239020.0,161485.0,1183340.0,939349.0,47.068,4.42,3.62,0.0000,0.023802675556955623,2.5545,0,29,120,2009-10-30
300026.SZ,2018-04-27,3.94,4.0,4.01,3.94,3.93,0.07,1.78,87791.0,34945.6,0.3673,0.5436,0.97,26.7216,24.8353,1.8489,3.5697,3.3405,0.625,0.625,301105.0,239020.0,161485.0,1204420.0,956080.0,47.068,4.32,3.54,0.0000,-0.3158009449554097,2.5545,0,29,120,2009-10-30
300026.SZ,2018-05-02,4.02,4.07,4.08,3.99,4.0,0.07,1.75,139892.0,56846.1,0.5853,0.8663,1.62,27.1892,25.2699,1.8813,3.6322,3.399,0.6143,0.6143,301105.0,239020.0,161485.0,1225500.0,972812.0,47.068,4.4,3.6,0.0000,-0.018226884900399917,2.5545,0,29,120,2009-10-30
300026.SZ,2018-05-03,4.06,4.04,4.07,3.96,4.07,-0.03,-0.74,200711.0,80726.7,0.8397,1.2429,2.13,26.9888,25.0837,1.8674,3.6054,3.3739,0.6188,0.6188,301105.0,239020.0,161485.0,1216470.0,965641.0,47.068,4.48,3.66,0.0000,0.03984909114112657,2.5545,0,29,120,2009-10-30
300026.SZ,2018-05-04,4.03,4.03,4.07,4.01,4.04,-0.01,-0.25,127233.0,51404.8,0.5323,0.7879,1.1,26.922,25.0216,1.8628,3.5965,3.3656,0.6203,0.6203,301105.0,239020.0,161485.0,1213460.0,963251.0,47.068,4.44,3.64,0.0000,-0.11020287918559128,2.5545,0,29,120,2009-10-30
300026.SZ,2018-05-07,4.05,4.13,4.13,4.03,4.03,0.1,2.48,223039.0,91272.3,0.9331,1.3812,1.78,27.5901,25.6425,1.909,3.6857,3.4491,0.6053,0.6053,301105.0,239020.0,161485.0,1243570.0,987153.0,47.068,4.43,3.63,0.0000,-0.041696225533727906,2.5545,0,29,120,2009-10-30
300026.SZ,2018-05-08,4.13,4.29,4.46,4.13,4.13,0.16,3.87,621779.0,267691.0,2.6014,3.8504,3.99,28.6589,26.6359,1.983,3.8285,3.5827,0.5828,0.5828,301105.0,239020.0,161485.0,1291740.0,1025400.0,47.068,4.54,3.72,0.0000,-0.006150188649892843,2.5545,0,29,120,2009-10-30
300026.SZ,2018-05-09,4.25,4.29,4.34,4.23,4.29,0.0,0.0,309957.0,133034.0,1.2968,1.9194,1.18,28.6589,26.6359,1.983,3.8285,3.5827,0.5828,0.5828,301105.0,239020.0,161485.0,1291740.0,1025400.0,47.068,4.72,3.86,0.0000,0.12930693876065016,2.5545,0,29,120,2009-10-30
300026.SZ,2018-05-10,4.28,4.36,4.39,4.25,4.29,0.07,1.63,323138.0,140097.0,1.3519,2.001,1.09,29.1265,27.0705,2.0153,3.891,3.6412,0.5734,0.5734,301105.0,239020.0,161485.0,1312820.0,1042130.0,47.068,4.72,3.86,0.0000,0.04177482306201598,2.5545,0,29,120,2009-10-30
300026.SZ,2018-05-11,4.41,4.3,4.43,4.3,4.36,-0.06,-1.38,289950.0,126179.0,1.2131,1.7955,0.9,28.7257,26.698,1.9876,3.8374,3.5911,0.5814,0.5814,301105.0,239020.0,161485.0,1294750.0,1027790.0,47.068,4.8,3.92,0.0000,0.004219315461051039,2.5545,0,29,120,2009-10-30
300026.SZ,2018-05-14,4.3,4.24,4.34,4.19,4.3,-0.06,-1.4,192835.0,81815.6,0.8068,1.1941,0.55,28.3249,26.3254,1.9599,3.7839,3.541,0.5896,0.5896,301105.0,239020.0,161485.0,1276690.0,1013440.0,47.068,4.73,3.87,0.0000,-0.1147692004351279,2.5545,0,29,120,2009-10-30
300026.SZ,2018-05-15,4.21,4.29,4.29,4.21,4.24,0.05,1.18,150765.0,64292.1,0.6308,0.9336,0.43,28.6589,26.6359,1.983,3.8285,3.5827,0.5828,0.5828,301105.0,239020.0,161485.0,1291740.0,1025400.0,47.068,4.66,3.82,0.0000,-0.006182226790872835,2.5545,0,29,120,2009-10-30
300026.SZ,2018-05-16,4.29,4.29,4.38,4.26,4.29,0.0,0.0,217217.0,93887.7,0.9088,1.3451,0.86,28.6589,26.6359,1.983,3.8285,3.5827,0.5828,0.5828,301105.0,239020.0,161485.0,1291740.0,1025400.0,47.068,4.72,3.86,0.0000,-0.06394340758070476,2.5545,0,29,120,2009-10-30
300026.SZ,2018-05-17,4.27,4.3,4.33,4.27,4.29,0.01,0.23,126764.0,54577.3,0.5303,0.785,0.54,28.7257,26.698,1.9876,3.8374,3.5911,0.5814,0.5814,301105.0,239020.0,161485.0,1294750.0,1027790.0,47.068,4.72,3.86,0.0000,-0.3105405093139374,2.5545,0,29,120,2009-10-30
300026.SZ,2018-05-18,4.28,4.24,4.3,4.21,4.28,-0.04,-0.93,138668.0,58904.9,0.5802,0.8587,0.71,28.3249,26.3254,1.9781,3.7839,3.541,0.5896,1.0613,301105.0,239020.0,161485.0,1276690.0,1013440.0,47.288,4.71,3.85,0.0000,-0.28609314333097663,2.5545,0,29,120,2009-10-30
300026.SZ,2018-05-21,4.31,4.28,4.31,4.26,4.24,0.04,0.94,136520.0,58521.6,0.5712,0.8454,0.83,28.5921,26.5738,1.9968,3.8196,3.5744,0.5841,1.0514,301105.0,239020.0,161485.0,1288730.0,1023010.0,47.288,4.66,3.82,0.0000,-0.16717022692421163,2.5545,0,29,120,2009-10-30
300026.SZ,2018-05-22,4.28,4.33,4.34,4.27,4.28,0.05,1.17,155810.0,67136.9,0.6519,0.9649,1.01,28.9261,26.8842,2.0201,3.8642,3.6161,0.5774,1.0393,301105.0,239020.0,161485.0,1303790.0,1034960.0,47.288,4.71,3.85,0.0000,-0.14278281408733742,2.5545,0,29,120,2009-10-30
300026.SZ,2018-05-23,4.34,4.3,4.36,4.29,4.33,-0.03,-0.69,161187.0,69785.7,0.6744,0.9982,1.04,28.7257,26.698,2.0061,3.8374,3.5911,0.5814,1.0465,301105.0,239020.0,161485.0,1294750.0,1027790.0,47.288,4.76,3.9,0.0000,-0.0979238458850217,2.5545,0,29,120,2009-10-30
300026.SZ,2018-05-24,4.3,4.32,4.35,4.29,4.3,0.02,0.47,125393.0,54290.1,0.5246,0.7765,0.87,28.8593,26.8221,2.0155,3.8553,3.6078,0.5787,0.463,301105.0,239020.0,161485.0,1300780.0,1032570.0,47.288,4.73,3.87,0.0000,-0.09806406294413259,2.5545,0,29,120,2009-10-30
300026.SZ,2018-05-25,4.32,4.28,4.34,4.28,4.32,-0.04,-0.93,151051.0,65086.3,0.632,0.9354,1.05,28.5921,26.5738,1.9968,3.8196,3.5744,0.5841,0.4673,301105.0,239020.0,161485.0,1288730.0,1023010.0,47.288,4.75,3.89,0.0000,-0.1582565329415577,2.5545,0,29,120,2009-10-30
300026.SZ,2018-05-28,4.28,4.37,4.4,4.28,4.28,0.09,2.1,248931.0,108274.0,1.0415,1.5415,1.71,29.1933,27.1326,2.0388,3.8999,3.6495,0.5721,0.4577,301105.0,239020.0,161485.0,1315830.0,1044520.0,47.288,4.71,3.85,0.0000,-0.1295844563044786,2.5545,0,29,120,2009-10-30
300026.SZ,2018-05-29,4.39,4.29,4.43,4.29,4.37,-0.08,-1.83,295914.0,129432.0,1.238,1.8324,1.76,28.6589,26.6359,2.0015,3.8285,3.5827,0.5828,0.4662,301105.0,239020.0,161485.0,1291740.0,1025400.0,47.288,4.81,3.93,0.0000,-0.11089737795989857,2.5545,0,29,120,2009-10-30
300026.SZ,2018-05-30,4.25,4.08,4.26,4.04,4.29,-0.21,-4.9,283470.0,118293.0,1.186,1.7554,1.44,27.256,25.332,1.9035,3.6411,3.4073,0.6127,0.4902,301105.0,239020.0,161485.0,1228510.0,975202.0,47.288,4.72,3.86,0.0000,-0.20582819534127617,2.5545,0,29,120,2009-10-30
300026.SZ,2018-05-31,4.11,4.14,4.15,4.05,4.08,0.06,1.47,231823.0,95160.1,0.9699,1.4356,1.05,27.6569,25.7046,1.9315,3.6946,3.4574,0.6039,0.4831,301105.0,239020.0,161485.0,1246580.0,989543.0,47.288,4.49,3.67,0.0000,-0.20662332893794266,2.5545,0,29,120,2009-10-30
300026.SZ,2018-06-01,4.14,4.03,4.16,4.02,4.14,-0.11,-2.66,228959.0,93428.0,0.9579,1.4178,0.95,26.922,25.0216,1.8802,3.5965,3.3656,0.6203,0.4963,301105.0,239020.0,161485.0,1213460.0,963251.0,47.288,4.55,3.73,0.0000,0.04522800571097669,2.5545,0,29,120,2009-10-30
300026.SZ,2018-06-04,4.06,3.98,4.07,3.93,4.03,-0.05,-1.24,189354.0,75644.4,0.7922,1.1726,0.73,26.588,24.7111,1.8568,3.5518,3.3238,0.6281,0.5025,301105.0,239020.0,161485.0,1198400.0,951300.0,47.288,4.43,3.63,0.0000,-0.09700398556454465,2.5545,0,29,120,2009-10-30
300026.SZ,2018-06-05,4.0,4.09,4.1,3.98,3.98,0.11,2.76,165831.0,66941.0,0.6938,1.0269,0.67,27.3228,25.3941,1.9082,3.65,3.4157,0.6112,0.489,301105.0,239020.0,161485.0,1231520.0,977592.0,47.288,4.38,3.58,0.0000,0.0525357481177833,2.5545,0,29,120,2009-10-30
300026.SZ,2018-06-11,4.1,4.01,4.24,3.99,4.09,-0.08,-1.96,304611.0,125189.0,1.2744,1.8863,1.39,26.7884,24.8974,1.8708,3.5786,3.3489,0.6234,0.4988,301105.0,239020.0,161485.0,1207430.0,958470.0,47.288,4.5,3.68,0.0000,-0.10475238785569904,2.5545,0,29,120,2009-10-30
300026.SZ,2018-06-12,4.0,3.84,4.07,3.79,4.01,-0.17,-4.24,288861.0,112563.0,1.2085,1.7888,1.29,25.6527,23.8419,1.7915,3.4269,3.2069,0.651,0.5208,301105.0,239020.0,161485.0,1156240.0,917837.0,47.288,4.41,3.61,0.0000,-0.27110248193811026,2.5545,0,29,120,2009-10-30
300026.SZ,2018-06-13,3.85,3.82,3.88,3.78,3.84,-0.02,-0.52,128872.0,49452.6,0.5392,0.798,0.55,25.5191,23.7177,1.7822,3.4091,3.1902,0.6545,0.5236,301105.0,239020.0,161485.0,1150220.0,913056.0,47.288,4.22,3.46,0.0000,-0.19420559549996233,2.5545,0,29,120,2009-10-30
300026.SZ,2018-06-14,3.84,3.77,3.85,3.75,3.82,-0.05,-1.31,126325.0,47886.3,0.5285,0.7823,0.59,25.1851,23.4073,1.7589,3.3644,3.1484,0.6631,0.5305,301105.0,239020.0,161485.0,1135170.0,901106.0,47.288,4.2,3.44,0.0000,-0.0550155391461841,2.5545,0,29,120,2009-10-30
300026.SZ,2018-06-15,3.81,3.69,3.81,3.66,3.77,-0.08,-2.12,152662.0,56552.8,0.6387,0.9454,0.75,24.6507,22.9106,1.7215,3.293,3.0816,0.6775,0.542,301105.0,239020.0,161485.0,1111080.0,881984.0,47.288,4.15,3.39,0.0000,-0.12457715059509705,2.5545,0,29,120,2009-10-30
300026.SZ,2018-06-19,3.64,3.51,3.73,3.4,3.69,-0.18,-4.88,237184.0,85481.4,0.9923,1.4688,1.18,23.4482,21.793,1.6376,3.1324,2.9313,0.7123,0.5698,301105.0,239020.0,161485.0,1056880.0,838960.0,47.288,4.06,3.32,0.0000,-0.2195631360678493,2.5545,0,29,120,2009-10-30
300026.SZ,2018-06-20,3.46,3.55,3.59,3.45,3.51,0.04,1.14,120701.0,42615.3,0.505,0.7474,0.65,23.7154,22.0413,1.6562,3.1681,2.9647,0.7042,0.5634,301105.0,239020.0,161485.0,1068920.0,848521.0,47.288,3.86,3.16,0.0000,-0.10104133035095036,2.5545,0,29,120,2009-10-30
300026.SZ,2018-06-21,3.55,3.47,3.59,3.46,3.55,-0.08,-2.25,120326.0,42485.8,0.5034,0.7451,0.79,23.181,21.5446,1.6189,3.0967,2.8979,0.7205,0.5764,301105.0,239020.0,161485.0,1044840.0,829399.0,47.288,3.91,3.2,0.0000,-0.06466862370232498,2.5545,0,29,120,2009-10-30
300026.SZ,2018-06-22,3.47,3.53,3.56,3.45,3.47,0.06,1.73,83252.6,29234.8,0.3483,0.5155,0.55,23.5818,21.9172,1.6469,3.1503,2.948,0.7082,0.5666,301105.0,239020.0,161485.0,1062900.0,843741.0,47.288,3.82,3.12,0.0000,0.01586542613253322,2.5545,0,29,120,2009-10-30
300026.SZ,2018-06-25,3.59,3.54,3.61,3.53,3.53,0.01,0.28,105020.0,37571.7,0.4394,0.6503,0.74,23.6486,21.9793,1.6516,3.1592,2.9564,0.7062,0.565,301105.0,239020.0,161485.0,1065910.0,846131.0,47.288,3.88,3.18,0.0000,0.020544662198459566,2.5545,0,29,120,2009-10-30
300026.SZ,2018-06-26,3.51,3.6,3.65,3.49,3.54,0.06,1.69,122250.0,44048.5,0.5115,0.757,0.92,24.0494,22.3518,1.6796,3.2127,3.0065,0.6944,0.5556,301105.0,239020.0,161485.0,1083980.0,860472.0,47.288,3.89,3.19,0.0000,-0.0756843030254639,2.5545,0,29,120,2009-10-30
300026.SZ,2018-06-27,3.59,3.58,3.63,3.54,3.6,-0.02,-0.56,74387.6,26672.6,0.3112,0.4606,0.67,23.9158,22.2276,1.6702,3.1949,2.9898,0.6983,0.5587,301105.0,239020.0,161485.0,1077960.0,855692.0,47.288,3.96,3.24,0.0000,-0.32423121734765337,2.5545,0,29,120,2009-10-30
300026.SZ,2018-06-28,3.59,3.54,3.62,3.53,3.58,-0.04,-1.12,67113.6,24106.8,0.2808,0.4156,0.66,23.6486,21.9793,1.6516,3.1592,2.9564,0.7062,0.565,301105.0,239020.0,161485.0,1065910.0,846131.0,47.288,3.94,3.22,0.0000,-0.4261051482884262,2.5545,0,29,120,2009-10-30
300026.SZ,2018-06-29,3.55,3.65,3.65,3.55,3.54,0.11,3.11,77597.0,28072.7,0.3246,0.4805,0.86,24.3835,22.6622,1.7029,3.2573,3.0482,0.6849,0.5479,301105.0,239020.0,161485.0,1099040.0,872423.0,47.288,3.89,3.19,0.0000,0.13628471032343728,2.5545,0,29,120,2009-10-30
300026.SZ,2018-07-02,3.65,3.6,3.68,3.57,3.65,-0.05,-1.37,78957.7,28630.5,0.3303,0.4889,0.88,24.0494,22.3518,1.6796,3.2127,3.0065,0.6944,0.5556,301105.0,239020.0,161485.0,1083980.0,860472.0,47.288,4.02,3.29,0.0000,-0.20553100141225866,2.5545,0,29,120,2009-10-30
300026.SZ,2018-07-03,3.62,3.63,3.65,3.54,3.6,0.03,0.83,116172.0,41779.0,0.486,0.7194,1.38,24.2499,22.5381,1.6935,3.2395,3.0315,0.6887,0.551,301105.0,239020.0,161485.0,1093010.0,867643.0,47.288,3.96,3.24,0.0000,-0.05407153013629226,2.5545,0,29,120,2009-10-30
300026.SZ,2018-07-04,3.6,3.58,3.61,3.56,3.63,-0.05,-1.38,55006.8,19702.2,0.2301,0.3406,0.66,23.9158,22.2276,1.6702,3.1949,2.9898,0.6983,0.5587,301105.0,239020.0,161485.0,1077960.0,855692.0,47.288,3.99,3.27,0.0000,-0.44381991941598364,2.5545,0,29,120,2009-10-30
300026.SZ,2018-07-05,3.59,3.48,3.6,3.48,3.58,-0.1,-2.79,66505.7,23536.6,0.2782,0.4118,0.84,23.2478,21.6067,1.6236,3.1056,2.9063,0.7184,0.5747,301105.0,239020.0,161485.0,1047850.0,831790.0,47.288,3.94,3.22,0.0000,-0.3431312044473857,2.5545,0,29,120,2009-10-30
300026.SZ,2018-07-06,3.51,3.51,3.58,3.48,3.48,0.03,0.86,81574.8,28780.9,0.3413,0.5052,1.03,23.4482,21.793,1.6376,3.1324,2.9313,0.7123,0.5698,301105.0,239020.0,161485.0,1056880.0,838960.0,47.288,3.83,3.13,0.0000,0.19876456205149345,2.5545,0,29,120,2009-10-30
300026.SZ,2018-07-09,3.52,3.61,3.62,3.51,3.51,0.1,2.85,80030.4,28681.0,0.3348,0.4956,1.0,24.1162,22.4139,1.6842,3.2216,3.0148,0.6925,0.554,301105.0,239020.0,161485.0,1086990.0,862862.0,47.288,3.86,3.16,0.0000,0.32173673257909285,2.5545,0,29,120,2009-10-30
300026.SZ,2018-07-10,3.63,3.65,3.66,3.59,3.61,0.04,1.11,90221.9,32794.3,0.3775,0.5587,1.13,24.3835,22.6622,1.7029,3.2573,3.0482,0.6849,0.5479,301105.0,239020.0,161485.0,1099040.0,872423.0,47.288,3.97,3.25,0.0000,-0.23143526619715718,2.5545,0,29,120,2009-10-30
300026.SZ,2018-07-11,3.58,3.64,3.74,3.58,3.65,-0.01,-0.27,122865.0,44966.0,0.514,0.7608,1.65,24.3167,22.6001,1.6982,3.2484,3.0399,0.6868,0.5495,301105.0,239020.0,161485.0,1096020.0,870033.0,47.288,4.02,3.29,0.0000,-0.15194384904225064,2.5545,0,29,120,2009-10-30
300026.SZ,2018-07-12,3.65,3.93,4.0,3.64,3.64,0.29,7.97,340128.0,132286.0,1.423,2.1062,3.85,26.254,24.4007,1.8335,3.5072,3.2821,0.6361,0.5089,301105.0,239020.0,161485.0,1183340.0,939349.0,47.288,4.0,3.28,0.0000,0.320326746365184,2.5545,0,29,120,2009-10-30
300026.SZ,2018-07-13,3.93,3.91,3.95,3.88,3.93,-0.02,-0.51,134455.0,52667.6,0.5625,0.8326,0.94,26.1204,24.2765,1.8242,3.4894,3.2654,0.6394,0.5115,301105.0,239020.0,161485.0,1177320.0,934568.0,47.288,4.32,3.54,0.0000,-0.05561901625461555,2.5545,0,29,120,2009-10-30
300026.SZ,2018-07-16,3.91,3.84,3.92,3.8,3.91,-0.07,-1.79,130501.0,50279.3,0.546,0.8081,0.85,25.6527,23.8419,1.7915,3.4269,3.2069,0.651,0.5208,301105.0,239020.0,161485.0,1156240.0,917837.0,47.288,4.3,3.52,0.0000,-0.300280279521207,2.5545,0,29,120,2009-10-30
300026.SZ,2018-07-17,3.88,3.85,3.88,3.8,3.84,0.01,0.26,99020.2,38064.3,0.4143,0.6132,0.61,25.7195,23.904,1.7962,3.4358,3.2153,0.6494,0.5195,301105.0,239020.0,161485.0,1159260.0,920227.0,47.288,4.22,3.46,0.0000,-0.14135219123242837,2.5545,0,29,120,2009-10-30
300026.SZ,2018-07-18,3.88,3.76,3.88,3.7,3.85,-0.09,-2.34,181421.0,68752.7,0.759,1.1235,1.1,25.1183,23.3452,1.7542,3.3555,3.1401,0.6649,0.5319,301105.0,239020.0,161485.0,1132160.0,898715.0,47.288,4.24,3.47,0.0000,-0.30893735910648706,2.5545,0,29,120,2009-10-30
300026.SZ,2018-07-19,3.76,3.91,3.97,3.76,3.76,0.15,3.99,257190.0,99511.9,1.076,1.5927,1.45,26.1204,24.2765,1.8242,3.4894,3.2654,0.6394,0.5115,301105.0,239020.0,161485.0,1177320.0,934568.0,47.288,4.14,3.38,0.0000,0.16680858054277958,2.5545,0,29,120,2009-10-30
300026.SZ,2018-07-20,3.89,3.92,3.97,3.86,3.91,0.01,0.2558,138593.0,54302.9,0.5798,0.8582,0.86,26.1872,24.3386,1.8288,3.4983,3.2737,0.6378,0.5102,301105.0,239020.0,161485.0,1180330.0,936958.0,47.288,4.3,3.52,0.0000,-0.0061604891212739534,2.5545,0,29,120,2009-10-30
300026.SZ,2018-07-23,3.86,3.82,3.9,3.79,3.92,-0.1,-2.551,164766.0,63113.1,0.6893,1.0203,1.02,25.5191,23.7177,1.7822,3.4091,3.1902,0.6545,0.5236,301105.0,239020.0,161485.0,1150220.0,913056.0,47.288,4.31,3.53,0.0000,-0.37622056238434987,2.5545,0,29,120,2009-10-30
300026.SZ,2018-07-24,3.82,3.86,3.87,3.79,3.82,0.04,1.0471,130558.0,50149.0,0.5462,0.8085,0.78,25.7863,23.9661,1.8009,3.4448,3.2236,0.6477,0.5181,301105.0,239020.0,161485.0,1162270.0,922617.0,47.288,4.2,3.44,0.0000,-0.15536457668475898,2.5545,0,29,120,2009-10-30
300026.SZ,2018-07-25,3.86,3.84,3.86,3.81,3.86,-0.02,-0.5181,88154.3,33847.2,0.3688,0.5459,0.51,25.6527,23.8419,1.7915,3.4269,3.2069,0.651,0.5208,301105.0,239020.0,161485.0,1156240.0,917837.0,47.288,4.25,3.47,0.0000,-0.15387580065700177,2.5545,0,29,120,2009-10-30
300026.SZ,2018-07-26,3.84,3.82,3.84,3.8,3.84,-0.02,-0.5208,106987.0,40830.7,0.4476,0.6625,0.69,25.5191,23.7177,1.7822,3.4091,3.1902,0.6545,0.5236,301105.0,239020.0,161485.0,1150220.0,913056.0,47.288,4.22,3.46,0.0000,-0.24292589650802648,2.5545,0,29,120,2009-10-30
300026.SZ,2018-07-27,3.81,3.82,3.85,3.8,3.82,0.0,0.0,113630.0,43377.5,0.4754,0.7037,0.9,25.5191,23.7177,1.7822,3.4091,3.1902,0.6545,0.5236,301105.0,239020.0,161485.0,1150220.0,913056.0,47.288,4.2,3.44,0.0000,-0.23784196306375968,2.5545,0,29,120,2009-10-30
300026.SZ,2018-07-30,3.83,3.75,3.83,3.74,3.82,-0.07,-1.8325,128801.0,48546.3,0.5389,0.7976,1.07,25.0515,23.2831,1.7495,3.3466,3.1317,0.6667,0.5333,301105.0,239020.0,161485.0,1129150.0,896325.0,47.288,4.2,3.44,0.0000,-0.09871538484459913,2.5545,0,29,120,2009-10-30
300026.SZ,2018-07-31,3.73,3.75,3.77,3.72,3.75,0.0,0.0,55963.7,20973.1,0.2341,0.3466,0.49,25.0515,23.2831,1.7495,3.3466,3.1317,0.6667,0.5333,301105.0,239020.0,161485.0,1129150.0,896325.0,47.288,4.13,3.38,0.0000,-0.058568840067317225,2.5545,0,29,120,2009-10-30
300026.SZ,2018-08-01,3.76,3.67,3.76,3.66,3.75,-0.08,-2.1333,99474.5,37011.2,0.4162,0.616,1.01,24.5171,22.7864,1.7122,3.2752,3.0649,0.6812,0.545,301105.0,239020.0,161485.0,1105060.0,877203.0,47.288,4.13,3.38,0.0000,-0.05856004078985758,2.5545,0,29,120,2009-10-30
300026.SZ,2018-08-02,3.68,3.6,3.69,3.55,3.67,-0.07,-1.9074,106864.0,38655.0,0.4471,0.6618,1.06,24.0494,22.3518,1.6796,3.2127,3.0065,0.6944,0.5556,301105.0,239020.0,161485.0,1083980.0,860472.0,47.288,4.04,3.3,0.0000,-0.18085231450691872,2.5545,0,29,120,2009-10-30
300026.SZ,2018-08-03,3.63,3.64,3.7,3.6,3.6,0.04,1.1111,62946.3,22965.3,0.2634,0.3898,0.62,24.3167,22.6001,1.6982,3.2484,3.0399,0.6868,0.5495,301105.0,239020.0,161485.0,1096020.0,870033.0,47.288,3.96,3.24,0.0000,0.2890477629772904,2.5545,0,29,120,2009-10-30
300026.SZ,2018-08-06,3.66,3.66,3.7,3.61,3.64,0.02,0.5495,84738.4,31011.8,0.3545,0.5247,0.93,24.4503,22.7243,1.7075,3.2663,3.0566,0.6831,0.5464,301105.0,239020.0,161485.0,1102050.0,874813.0,47.288,4.0,3.28,0.0000,-0.4318997116401509,2.5545,0,29,120,2009-10-30
300026.SZ,2018-08-07,3.68,3.69,3.7,3.65,3.66,0.03,0.8197,76267.9,28070.5,0.3191,0.4723,0.93,24.6507,22.9106,1.7215,3.293,3.0816,0.6775,0.542,301105.0,239020.0,161485.0,1111080.0,881984.0,47.288,4.03,3.29,0.0000,-0.1422300182913682,2.5545,0,29,120,2009-10-30
300026.SZ,2018-08-08,3.69,3.62,3.69,3.61,3.69,-0.07,-1.897,71928.8,26282.4,0.3009,0.4454,0.84,24.183,22.476,1.6889,3.2306,3.0232,0.6906,0.5525,301105.0,239020.0,161485.0,1090000.0,865252.0,47.288,4.06,3.32,0.0000,-0.1514910995702614,2.5545,0,29,120,2009-10-30
300026.SZ,2018-08-09,3.61,3.7,3.75,3.6,3.62,0.08,2.2099,126906.0,47074.7,0.5309,0.7859,1.58,24.7175,22.9727,1.7262,3.302,3.09,0.6757,0.5405,301105.0,239020.0,161485.0,1114090.0,884374.0,47.288,3.98,3.26,0.0000,-0.006646117453498533,2.5545,0,29,120,2009-10-30
300026.SZ,2018-08-10,3.69,3.71,3.73,3.67,3.7,0.01,0.2703,77628.3,28694.5,0.3248,0.4807,0.92,24.7843,23.0348,1.7309,3.3109,3.0983,0.6739,0.5391,301105.0,239020.0,161485.0,1117100.0,886764.0,47.288,4.07,3.33,0.0000,-0.2390375660970023,2.5545,0,29,120,2009-10-30
300026.SZ,2018-08-13,3.66,3.72,3.74,3.66,3.71,0.01,0.2695,80213.0,29739.8,0.3356,0.4967,0.92,24.8511,23.0968,1.7355,3.3198,3.1067,0.672,0.5376,301105.0,239020.0,161485.0,1120110.0,889154.0,47.288,4.08,3.34,0.0000,-0.29430649302992196,2.5545,0,29,120,2009-10-30
300026.SZ,2018-08-14,3.72,3.77,3.78,3.71,3.72,0.05,1.3441,72228.6,27043.2,0.3022,0.4473,0.83,25.1851,23.4073,1.7589,3.3644,3.1484,0.6631,0.5305,301105.0,239020.0,161485.0,1135170.0,901106.0,47.288,4.09,3.35,0.0000,-0.02854138744183694,2.5545,0,29,120,2009-10-30
300026.SZ,2018-08-15,3.76,3.7,3.79,3.69,3.77,-0.07,-1.8568,86735.1,32281.7,0.3629,0.5371,1.01,24.7175,22.9727,1.7262,3.302,3.09,0.6757,0.5405,301105.0,239020.0,161485.0,1114090.0,884374.0,47.288,4.15,3.39,0.0000,0.26811165329405845,2.5545,0,29,120,2009-10-30
300026.SZ,2018-08-16,3.68,3.61,3.7,3.6,3.7,-0.09,-2.4324,82526.0,30090.0,0.3453,0.511,0.93,24.1162,22.4139,1.6842,3.2216,3.0148,0.6925,0.554,301105.0,239020.0,161485.0,1086990.0,862862.0,47.288,4.07,3.33,0.0000,-0.29040711377696854,2.5545,0,29,120,2009-10-30
300026.SZ,2018-08-17,3.65,3.59,3.67,3.58,3.61,-0.02,-0.554,53263.0,19333.9,0.2228,0.3298,0.67,23.9826,22.2897,1.6749,3.2038,2.9981,0.6964,0.5571,301105.0,239020.0,161485.0,1080970.0,858082.0,47.288,3.97,3.25,0.0000,-0.538923973652922,2.5545,0,29,120,2009-10-30
300026.SZ,2018-08-20,3.58,3.67,3.69,3.58,3.59,0.08,2.2284,79863.1,29224.9,0.3341,0.4946,1.06,24.5171,22.7864,1.7122,3.2752,3.0649,0.6812,0.545,301105.0,239020.0,161485.0,1105060.0,877203.0,47.288,3.95,3.23,0.0000,-0.015604499022547784,2.5545,0,29,120,2009-10-30
300026.SZ,2018-08-21,3.67,3.68,3.73,3.65,3.67,0.01,0.2725,76916.2,28365.1,0.3213,0.4763,1.03,24.5839,21.5642,1.6694,3.2841,2.8454,0.6793,0.5435,301105.0,239395.0,161485.0,1108070.0,880974.0,47.288,4.04,3.3,0.0000,0.4429812013016668,2.4484,0,29,120,2009-10-30
300026.SZ,2018-08-22,3.66,3.66,3.7,3.63,3.68,-0.02,-0.5435,45238.1,16532.2,0.189,0.2807,0.6,24.4503,21.4471,1.6603,3.2663,2.8299,0.6831,0.5464,301105.0,239395.0,161185.0,1102050.0,876186.0,47.288,4.05,3.31,0.0000,-0.30246618014001264,2.4484,0,29,120,2009-10-30
300026.SZ,2018-08-23,3.64,3.66,3.68,3.64,3.66,0.0,0.0,53091.8,19450.4,0.2218,0.3294,0.79,24.4503,21.4471,1.6603,3.2663,2.8299,0.6831,0.5464,301105.0,239395.0,161185.0,1102050.0,876186.0,47.288,4.03,3.29,0.0000,-0.06464353499033516,2.4484,0,29,120,2009-10-30
300026.SZ,2018-08-24,3.65,3.66,3.68,3.64,3.66,0.0,0.0,32136.9,11751.8,0.1342,0.1994,0.52,24.4503,21.4471,1.6603,3.2663,2.8299,0.6831,0.5464,301105.0,239395.0,161185.0,1102050.0,876186.0,47.288,4.03,3.29,0.0000,-0.1326164761293033,2.4484,0,29,120,2009-10-30
300026.SZ,2018-08-27,3.67,3.7,3.71,3.64,3.66,0.04,1.0929,58427.0,21560.6,0.2441,0.3625,1.02,24.7175,21.6814,1.6784,3.302,2.8609,0.6757,0.5405,301105.0,239395.0,161185.0,1114090.0,885762.0,47.288,4.03,3.29,0.0000,-0.26810183364410634,2.4484,0,29,120,2009-10-30
300026.SZ,2018-08-28,3.71,3.65,3.72,3.63,3.7,-0.05,-1.3514,108797.0,39840.9,0.4545,0.675,2.05,24.3835,21.3885,1.6558,3.2573,2.8222,0.6849,0.5479,301105.0,239395.0,161185.0,1099040.0,873792.0,47.288,4.07,3.33,0.0000,-0.24060645567145478,2.4484,0,29,120,2009-10-30
300026.SZ,2018-08-29,3.65,3.66,3.67,3.63,3.65,0.01,0.274,62070.0,22697.8,0.2593,0.3851,1.04,24.4503,21.4471,1.6603,3.2663,2.8299,0.6831,0.5464,301105.0,239395.0,161185.0,1102050.0,876186.0,47.288,4.02,3.29,0.0000,-0.7109622210072178,2.4484,0,29,120,2009-10-30
300026.SZ,2018-08-30,3.65,3.61,3.67,3.6,3.66,-0.05,-1.3661,88891.4,32296.8,0.3713,0.5515,1.41,24.1162,21.1541,1.6376,3.2216,2.7913,0.6925,0.554,301105.0,239395.0,161185.0,1086990.0,864216.0,47.288,4.03,3.29,0.0000,-0.3518074628622211,2.4484,0,29,120,2009-10-30
300026.SZ,2018-08-31,3.61,3.56,3.64,3.54,3.61,-0.05,-1.385,81234.0,29029.5,0.3393,0.504,1.16,23.7822,20.8611,1.6149,3.177,2.7526,0.7022,0.5618,301105.0,239395.0,161185.0,1071940.0,852246.0,47.288,3.97,3.25,0.0000,-0.2132523209498157,2.4484,0,29,120,2009-10-30
300026.SZ,2018-09-03,3.55,3.57,3.6,3.52,3.56,0.01,0.2809,72263.6,25742.0,0.3019,0.4483,0.9,23.849,20.9197,1.6195,3.186,2.7604,0.7003,0.5602,301105.0,239395.0,161185.0,1074950.0,854640.0,47.288,3.92,3.2,0.0000,-0.32000962032299657,2.4484,0,29,120,2009-10-30
300026.SZ,2018-09-04,3.58,3.62,3.65,3.56,3.57,0.05,1.4006,99530.7,35957.3,0.4158,0.6175,1.2,24.183,21.2127,1.6421,3.2306,2.799,0.6906,0.5525,301105.0,239395.0,161185.0,1090000.0,866610.0,47.288,3.93,3.21,0.0000,-0.03592922653126779,2.4484,0,29,120,2009-10-30
300026.SZ,2018-09-05,3.63,3.6,3.63,3.58,3.62,-0.02,-0.5525,62873.0,22676.7,0.2626,0.3901,0.78,24.0494,21.0955,1.6331,3.2127,2.7835,0.6944,0.5556,301105.0,239395.0,161185.0,1083980.0,861822.0,47.288,3.98,3.26,0.0000,-0.20774497646270237,2.4484,0,29,120,2009-10-30
300026.SZ,2018-09-06,3.6,3.58,3.62,3.57,3.6,-0.02,-0.5556,58084.6,20893.4,0.2426,0.3604,0.72,23.9158,20.9783,1.624,3.1949,2.7681,0.6983,0.5587,301105.0,239395.0,161185.0,1077960.0,857034.0,47.288,3.96,3.24,0.0000,0.07956931118454436,2.4484,0,29,120,2009-10-30
300026.SZ,2018-09-07,3.59,3.59,3.64,3.58,3.58,0.01,0.2793,96000.0,34654.9,0.401,0.5956,1.28,23.9826,21.0369,1.6285,3.2038,2.7758,0.6964,0.5571,301105.0,239395.0,161185.0,1080970.0,859428.0,47.288,3.94,3.22,0.0000,-0.2819671575191356,2.4484,0,29,120,2009-10-30
300026.SZ,2018-09-10,3.58,3.59,3.63,3.58,3.59,0.0,0.0,88077.3,31768.8,0.3679,0.5464,1.13,23.9826,21.0369,1.6285,3.2038,2.7758,0.6964,0.5571,301105.0,239395.0,161185.0,1080970.0,859428.0,47.288,3.95,3.23,0.0000,-0.2524012892646389,2.4484,0,29,120,2009-10-30
300026.SZ,2018-09-11,3.58,3.53,3.6,3.52,3.59,-0.06,-1.6713,74688.1,26535.8,0.312,0.4634,0.92,23.5818,20.6853,1.6013,3.1503,2.7294,0.7082,0.5666,301105.0,239395.0,161185.0,1062900.0,845064.0,47.288,3.95,3.23,0.0000,-0.3855304195806471,2.4484,0,29,120,2009-10-30
300026.SZ,2018-09-12,3.54,3.54,3.57,3.51,3.53,0.01,0.2833,64373.1,22796.7,0.2689,0.3994,0.85,23.6486,20.7439,1.6059,3.1592,2.7372,0.7062,0.565,301105.0,239395.0,161185.0,1065910.0,847458.0,47.288,3.88,3.18,0.0000,-0.8639894473854516,2.4484,0,29,120,2009-10-30
300026.SZ,2018-09-13,3.55,3.53,3.58,3.5,3.54,-0.01,-0.2825,87999.9,31084.9,0.3676,0.546,1.15,23.5818,20.6853,1.6013,3.1503,2.7294,0.7082,0.5666,301105.0,239395.0,161185.0,1062900.0,845064.0,47.288,3.89,3.19,0.0000,-0.3660858004664927,2.4484,0,29,120,2009-10-30
300026.SZ,2018-09-14,3.53,3.47,3.54,3.47,3.53,-0.06,-1.6997,78897.0,27617.2,0.3296,0.4895,0.96,23.181,20.3337,1.5741,3.0967,2.683,0.7205,0.5764,301105.0,239395.0,161185.0,1044840.0,830701.0,47.288,3.88,3.18,0.0000,-0.4204566038029583,2.4484,0,29,120,2009-10-30
300026.SZ,2018-09-17,3.48,3.41,3.49,3.4,3.47,-0.06,-1.7291,77222.6,26442.4,0.3226,0.4791,0.98,22.7802,19.9821,1.5469,3.0432,2.6366,0.7331,0.5865,301105.0,239395.0,161185.0,1026770.0,816337.0,47.288,3.82,3.12,0.0000,-0.23635530027440602,2.4484,0,29,120,2009-10-30
300026.SZ,2018-09-18,3.42,3.46,3.48,3.42,3.41,0.05,1.4663,63915.6,22081.6,0.267,0.3965,0.83,23.1142,20.2751,1.5696,3.0878,2.6753,0.7225,0.578,301105.0,239395.0,161185.0,1041820.0,828307.0,47.288,3.75,3.07,0.0000,0.04425626693920823,2.4484,0,29,120,2009-10-30
300026.SZ,2018-09-19,3.46,3.48,3.52,3.45,3.46,0.02,0.578,101152.0,35208.9,0.4225,0.6276,1.36,23.2478,20.3923,1.5786,3.1056,2.6908,0.7184,0.5747,301105.0,239395.0,161185.0,1047850.0,833095.0,47.288,3.81,3.11,0.0000,-0.23220827688886347,2.4484,0,29,120,2009-10-30
300026.SZ,2018-09-20,3.48,3.48,3.49,3.46,3.48,0.0,0.0,54730.4,19029.6,0.2286,0.3396,0.67,23.2478,20.3923,1.5786,3.1056,2.6908,0.7184,0.5747,301105.0,239395.0,161185.0,1047850.0,833095.0,47.288,3.83,3.13,0.0000,-0.2985239044683491,2.4484,0,29,120,2009-10-30
300026.SZ,2018-09-21,3.48,3.51,3.52,3.47,3.48,0.03,0.8621,67297.4,23523.1,0.2811,0.4175,0.9,23.4482,20.5681,1.5922,3.1324,2.714,0.7123,0.5698,301105.0,239395.0,161185.0,1056880.0,840276.0,47.288,3.83,3.13,0.0000,-0.34128185457070753,2.4484,0,29,120,2009-10-30
300026.SZ,2018-09-25,3.5,3.5,3.51,3.48,3.51,-0.01,-0.2849,58105.1,20322.5,0.2427,0.3605,0.8,23.3814,20.5095,1.5877,3.1235,2.7062,0.7143,0.5714,301105.0,239395.0,161185.0,1053870.0,837883.0,47.288,3.86,3.16,0.0000,0.0316343038114524,2.4484,0,29,120,2009-10-30
300026.SZ,2018-09-26,3.5,3.49,3.53,3.49,3.5,-0.01,-0.2857,86492.0,30351.0,0.3613,0.5366,1.25,23.3146,20.4509,1.5832,3.1146,2.6985,0.7163,0.5731,301105.0,239395.0,161185.0,1050860.0,835489.0,47.288,3.85,3.15,0.0000,-0.2244772874927773,2.4484,0,29,120,2009-10-30
300026.SZ,2018-09-27,3.49,3.49,3.51,3.48,3.49,0.0,0.0,71932.5,25151.0,0.3005,0.4463,0.98,23.3146,20.4509,1.5832,3.1146,2.6985,0.7163,0.5731,301105.0,239395.0,161185.0,1050860.0,835489.0,47.288,3.84,3.14,0.0000,-0.07884604595011227,2.4484,0,29,120,2009-10-30
300026.SZ,2018-09-28,3.49,3.5,3.5,3.46,3.49,0.01,0.2865,79260.0,27617.5,0.3311,0.4917,1.17,23.3814,20.5095,1.5877,3.1235,2.7062,0.7143,0.5714,301105.0,239395.0,161185.0,1053870.0,837883.0,47.288,3.84,3.14,0.0000,-0.43349081609525075,2.4484,0,29,120,2009-10-30
300026.SZ,2018-10-08,3.48,3.51,3.56,3.46,3.5,0.01,0.2857,157407.0,55179.4,0.6575,0.9766,2.17,23.4482,20.5681,1.5922,3.1324,2.714,0.7123,0.5698,301105.0,239395.0,161185.0,1056880.0,840276.0,47.288,3.85,3.15,0.0000,0.007805929403448776,2.4484,0,29,120,2009-10-30
300026.SZ,2018-10-09,3.52,3.47,3.54,3.45,3.51,-0.04,-1.1396,118229.0,41175.3,0.4939,0.7335,1.3,23.181,20.3337,1.5741,3.0967,2.683,0.7205,0.5764,301105.0,239395.0,161185.0,1044840.0,830701.0,47.288,3.86,3.16,0.0000,0.3285152260032639,2.4484,0,29,120,2009-10-30
300026.SZ,2018-10-10,3.47,3.46,3.49,3.45,3.47,-0.01,-0.2882,68445.8,23712.8,0.2859,0.4246,0.67,23.1142,20.2751,1.5696,3.0878,2.6753,0.7225,0.578,301105.0,239395.0,161185.0,1041820.0,828307.0,47.288,3.82,3.12,0.0000,0.0549584734556805,2.4484,0,29,120,2009-10-30
300026.SZ,2018-10-11,3.42,3.11,3.45,3.11,3.46,-0.35,-10.1156,206172.0,67320.4,0.8612,1.2791,2.08,20.776,18.2241,1.4108,2.7754,2.4047,0.8039,0.6431,301105.0,239395.0,161185.0,936438.0,744518.0,47.288,3.81,3.11,0.0000,-0.3086550804260757,2.4484,0,29,120,2009-10-30
300026.SZ,2018-10-12,3.08,3.27,3.27,3.07,3.11,0.16,5.1447,166216.0,52548.0,0.6943,1.0312,1.32,21.8449,19.1617,1.4834,2.9182,2.5284,0.7645,0.6116,301105.0,239395.0,161185.0,984615.0,782822.0,47.288,3.42,2.8,0.0000,-0.1877587981735241,2.4484,0,29,120,2009-10-30
300026.SZ,2018-10-15,3.27,3.14,3.27,3.13,3.27,-0.13,-3.9755,86421.3,27639.1,0.361,0.5362,0.6,20.9765,18.3999,1.4244,2.8022,2.4279,0.7962,0.6369,301105.0,239395.0,161185.0,945471.0,751700.0,47.288,3.6,2.94,0.0000,0.28888311574476333,2.4484,0,29,120,2009-10-30
300026.SZ,2018-10-16,3.16,3.13,3.2,3.09,3.14,-0.01,-0.3185,69037.3,21703.7,0.2884,0.4283,0.53,20.9097,18.3413,1.4199,2.7933,2.4201,0.7987,0.639,301105.0,239395.0,161185.0,942460.0,749306.0,47.288,3.45,2.83,0.0000,-0.6653701681381022,2.4484,0,29,120,2009-10-30
300026.SZ,2018-10-17,3.18,3.15,3.19,3.1,3.13,0.02,0.639,79700.4,25150.4,0.3329,0.4945,0.67,21.0433,18.4585,1.4289,2.8111,2.4356,0.7937,0.6349,301105.0,239395.0,161185.0,948482.0,754094.0,47.288,3.44,2.82,0.0000,-0.09158917938954697,2.4484,0,29,120,2009-10-30
300026.SZ,2018-10-18,3.15,3.11,3.19,3.11,3.15,-0.04,-1.2698,71614.9,22558.0,0.2991,0.4443,0.59,20.776,18.2241,1.4108,2.7754,2.4047,0.8039,0.6431,301105.0,239395.0,161185.0,936438.0,744518.0,47.288,3.47,2.84,0.0000,-0.331891063986405,2.4484,0,29,120,2009-10-30
300026.SZ,2018-10-19,3.08,3.15,3.16,3.08,3.11,0.04,1.2862,77385.8,24290.1,0.3233,0.4801,0.82,21.0433,18.4585,1.4289,2.8111,2.4356,0.7937,0.6349,301105.0,239395.0,161185.0,948482.0,754094.0,47.288,3.42,2.8,0.0000,-0.33557455231913424,2.4484,0,29,120,2009-10-30
300026.SZ,2018-10-22,3.17,3.25,3.3,3.17,3.15,0.1,3.1746,131958.0,42834.5,0.5512,0.8187,1.72,21.7113,19.0445,1.4743,2.9004,2.5129,0.7692,0.6154,301105.0,239395.0,161185.0,978593.0,778034.0,47.288,3.47,2.84,0.0000,-0.057931261356366136,2.4484,0,29,120,2009-10-30
300026.SZ,2018-10-23,3.25,3.21,3.28,3.21,3.25,-0.04,-1.2308,72416.0,23446.2,0.3025,0.4493,0.84,21.4441,18.8101,1.4562,2.8647,2.482,0.7788,0.6231,301105.0,239395.0,161185.0,966549.0,768458.0,47.288,3.58,2.93,0.0000,-0.10092374316106653,2.4484,0,29,120,2009-10-30
300026.SZ,2018-10-24,3.22,3.24,3.27,3.2,3.21,0.03,0.9346,52334.7,16930.9,0.2186,0.3247,0.6,21.6445,18.9859,1.4698,2.8915,2.5052,0.7716,0.6173,301105.0,239395.0,161185.0,975582.0,775640.0,47.288,3.53,2.89,0.0000,0.004689889360767926,2.4484,0,29,120,2009-10-30
300026.SZ,2018-10-25,3.2,3.2,3.24,3.15,3.24,-0.04,-1.2346,62159.5,19773.1,0.2597,0.3856,0.77,21.3773,18.7515,1.4516,2.8558,2.4743,0.7813,0.625,301105.0,239395.0,161185.0,963538.0,766064.0,47.288,3.56,2.92,0.0000,-0.26842156260161454,2.4484,0,29,120,2009-10-30
300026.SZ,2018-10-26,3.22,3.2,3.25,3.19,3.2,0.0,0.0,77260.0,24964.5,0.3227,0.4793,0.97,21.3773,18.7515,1.4516,2.8558,2.4743,0.7813,0.625,301105.0,239395.0,161185.0,963538.0,766064.0,47.288,3.52,2.88,0.0000,-0.20930167165956076,2.4484,0,29,120,2009-10-30
300026.SZ,2018-10-29,3.23,3.2,3.26,3.2,3.2,0.0,0.0,77930.3,25146.2,0.3255,0.4835,0.98,21.3773,18.7515,1.4516,2.8558,2.4743,0.7813,0.625,301105.0,239395.0,161185.0,963538.0,766064.0,47.288,3.52,2.88,0.0000,-0.2596523490135586,2.4484,0,29,120,2009-10-30
300026.SZ,2018-10-30,3.2,3.19,3.24,3.19,3.2,-0.01,-0.3125,124702.0,40012.1,0.5209,0.7737,1.82,21.3105,20.7435,1.4209,2.8468,2.3924,0.7837,0.627,301105.0,239395.0,161185.0,960526.0,763670.0,47.288,3.52,2.88,0.0000,-0.17933657268264205,1.7299,0,29,120,2009-10-30
300026.SZ,2018-10-31,3.2,3.24,3.27,3.19,3.19,0.05,1.5674,99896.5,32341.2,0.4173,0.6198,1.27,21.6445,21.0687,1.4432,2.8915,2.4299,0.7716,0.6173,301105.0,239395.0,161185.0,975582.0,775640.0,47.288,3.51,2.87,0.0000,0.23452831825392376,1.7299,0,29,120,2009-10-30
300026.SZ,2018-11-01,3.24,3.24,3.29,3.23,3.24,0.0,0.0,125320.0,40831.1,0.5235,0.7775,1.42,21.6445,21.0687,1.4432,2.8915,2.4299,0.7716,0.6173,301105.0,239395.0,161185.0,975582.0,775640.0,47.288,3.56,2.92,0.0000,0.11607382669964925,1.7299,0,29,120,2009-10-30
300026.SZ,2018-11-02,3.29,3.33,3.34,3.26,3.24,0.09,2.7778,180420.0,59451.6,0.7536,1.1193,1.79,22.2457,21.6539,1.4833,2.9718,2.4974,0.7508,0.6006,301105.0,239395.0,161185.0,1002680.0,797185.0,47.288,3.56,2.92,0.0000,0.2505416860410735,1.7299,0,29,120,2009-10-30
300026.SZ,2018-11-05,3.32,3.3,3.33,3.27,3.33,-0.03,-0.9009,159059.0,52481.9,0.6644,0.9868,1.31,22.0453,21.4588,1.4699,2.945,2.4749,0.7576,0.6061,301105.0,239395.0,161185.0,993648.0,790004.0,47.288,3.66,3.0,0.0000,0.32239890355258044,1.7299,0,29,120,2009-10-30
300026.SZ,2018-11-06,3.28,3.28,3.3,3.25,3.3,-0.02,-0.6061,84236.9,27579.3,0.3519,0.5226,0.61,21.9117,21.3288,1.461,2.9272,2.4599,0.7622,0.6098,301105.0,239395.0,161185.0,987626.0,785216.0,47.288,3.63,2.97,0.0000,0.03506938213079199,1.7299,0,29,120,2009-10-30
300026.SZ,2018-11-07,3.29,3.25,3.3,3.25,3.28,-0.03,-0.9146,110713.0,36263.6,0.4625,0.6869,0.85,21.7113,21.1337,1.4476,2.9004,2.4374,0.7692,0.6154,301105.0,239395.0,161185.0,978593.0,778034.0,47.288,3.61,2.95,0.0000,-0.15657213844091408,1.7299,0,29,120,2009-10-30
300026.SZ,2018-11-08,3.27,3.25,3.28,3.24,3.25,0.0,0.0,84879.0,27680.5,0.3546,0.5266,0.64,21.7113,21.1337,1.4476,2.9004,2.4374,0.7692,0.6154,301105.0,239395.0,161185.0,978593.0,778034.0,47.288,3.58,2.93,0.0000,0.35717919960809696,1.7299,0,29,120,2009-10-30
300026.SZ,2018-11-09,3.25,3.26,3.26,3.22,3.25,0.01,0.3077,75158.6,24366.9,0.314,0.4663,0.61,21.7781,21.1987,1.4521,2.9093,2.4449,0.7669,0.6135,301105.0,239395.0,161185.0,981604.0,780428.0,47.288,3.58,2.93,0.0000,0.03277746215181895,1.7299,0,29,120,2009-10-30
300026.SZ,2018-11-12,3.25,3.35,3.38,3.24,3.26,0.09,2.7607,166672.0,55099.4,0.6962,1.034,1.62,22.3793,21.784,1.4922,2.9896,2.5124,0.7463,0.597,301105.0,239395.0,161185.0,1008700.0,801973.0,47.288,3.59,2.93,0.0000,0.27706977873025795,1.7299,0,29,120,2009-10-30
300026.SZ,2018-11-13,3.31,3.41,3.43,3.3,3.35,0.06,1.791,223042.0,75357.3,0.9317,1.3838,2.14,22.7802,22.1741,1.5189,3.0432,2.5573,0.7331,0.5865,301105.0,239395.0,161185.0,1026770.0,816337.0,47.288,3.69,3.02,0.0000,-0.0554002722390484,1.7299,0,29,120,2009-10-30
300026.SZ,2018-11-14,3.4,3.4,3.44,3.38,3.41,-0.01,-0.2933,173562.0,59173.6,0.725,1.0768,1.31,22.7134,22.1091,1.5144,3.0342,2.5498,0.7353,0.5882,301105.0,239395.0,161185.0,1023760.0,813943.0,47.288,3.75,3.07,0.0000,0.02760360988727359,1.7299,0,29,120,2009-10-30
300026.SZ,2018-11-15,3.4,3.42,3.43,3.38,3.4,0.02,0.5882,125115.0,42687.6,0.5226,0.7762,0.86,22.847,22.2391,1.5233,3.0521,2.5648,0.731,0.5848,301105.0,239395.0,161185.0,1029780.0,818731.0,47.288,3.74,3.06,0.0000,-0.19510008825702493,1.7299,0,29,120,2009-10-30
300026.SZ,2018-11-16,3.43,3.46,3.53,3.42,3.42,0.04,1.1696,185494.0,64383.0,0.7748,1.1508,1.21,23.1142,22.4992,1.5412,3.0878,2.5948,0.7225,0.578,301105.0,239395.0,161185.0,1041820.0,828307.0,47.288,3.76,3.08,0.0000,0.16709422144144223,1.7299,0,29,120,2009-10-30
300026.SZ,2018-11-19,3.47,3.46,3.48,3.41,3.46,0.0,0.0,162548.0,56028.5,0.679,1.0085,0.93,23.1142,22.4992,1.5412,3.0878,2.5948,0.7225,0.578,301105.0,239395.0,161185.0,1041820.0,828307.0,47.288,3.81,3.11,0.0000,-0.016708192697157048,1.7299,0,29,120,2009-10-30
300026.SZ,2018-11-20,3.45,3.41,3.47,3.4,3.46,-0.05,-1.4451,126479.0,43459.2,0.5283,0.7847,0.73,22.7802,22.1741,1.5189,3.0432,2.5573,0.7331,0.5865,301105.0,239395.0,161185.0,1026770.0,816337.0,47.288,3.81,3.11,0.0000,0.06659617849679772,1.7299,0,29,120,2009-10-30
300026.SZ,2018-11-21,3.4,3.44,3.44,3.38,3.41,0.03,0.8798,146316.0,49810.0,0.6112,0.9078,0.95,22.9806,22.3692,1.5323,3.0699,2.5798,0.7267,0.5814,301105.0,239395.0,161185.0,1035800.0,823519.0,47.288,3.75,3.07,0.0000,0.03333166189093379,1.7299,0,29,120,2009-10-30
300026.SZ,2018-11-22,3.43,3.44,3.46,3.42,3.44,0.0,0.0,111442.0,38337.7,0.4655,0.6914,0.75,22.9806,22.3692,1.5323,3.0699,2.5798,0.7267,0.5814,301105.0,239395.0,161185.0,1035800.0,823519.0,47.288,3.78,3.1,0.0000,-0.27051320116039496,1.7299,0,29,120,2009-10-30
300026.SZ,2018-11-23,3.44,3.38,3.44,3.37,3.44,-0.06,-1.7442,182678.0,61998.1,0.7631,1.1333,1.25,22.5798,21.979,1.5055,3.0164,2.5348,0.7396,0.5917,301105.0,239395.0,161185.0,1017740.0,809155.0,47.288,3.78,3.1,0.0000,0.04993014791742386,1.7299,0,29,120,2009-10-30
300026.SZ,2018-11-26,3.37,3.36,3.39,3.3,3.38,-0.02,-0.5917,155692.0,52061.5,0.6504,0.9659,1.07,22.4461,21.849,1.4966,2.9985,2.5199,0.744,0.5952,301105.0,239395.0,161185.0,1011710.0,804367.0,47.288,3.72,3.04,0.0000,-0.04356586266184852,1.7299,0,29,120,2009-10-30
300026.SZ,2018-11-27,3.45,3.33,3.5,3.32,3.36,-0.03,-0.8929,162779.0,55192.2,0.68,1.0099,1.13,22.2457,21.6539,1.4833,2.9718,2.4974,0.7508,0.6006,301105.0,239395.0,161185.0,1002680.0,797185.0,47.288,3.7,3.02,0.0000,-0.3066829768678304,1.7299,0,29,120,2009-10-30
300026.SZ,2018-11-28,3.3,3.33,3.34,3.25,3.33,0.0,0.0,112734.0,37127.7,0.4709,0.6994,0.74,22.2457,21.6539,1.4833,2.9718,2.4974,0.7508,0.6006,301105.0,239395.0,161185.0,1002680.0,797185.0,47.288,3.66,3.0,0.0000,0.0843644285732977,1.7299,0,29,120,2009-10-30
300026.SZ,2018-11-29,3.35,3.3,3.36,3.3,3.33,-0.03,-0.9009,113840.0,37849.5,0.4755,0.7063,0.78,22.0453,21.4588,1.4699,2.945,2.4749,0.7576,0.6061,301105.0,239395.0,161185.0,993648.0,790004.0,47.288,3.66,3.0,0.0000,-0.32472389254585465,1.7299,0,29,120,2009-10-30
300026.SZ,2018-11-30,3.28,3.31,3.34,3.27,3.3,0.01,0.303,96467.7,31882.8,0.403,0.5985,0.66,22.1121,21.5238,1.4744,2.9539,2.4824,0.7553,0.6042,301105.0,239395.0,161185.0,996659.0,792398.0,47.288,3.63,2.97,0.0000,-0.36950621436996484,1.7299,0,29,120,2009-10-30
300026.SZ,2018-12-03,3.36,3.36,3.4,3.35,3.31,0.05,1.5106,138286.0,46553.4,0.5776,0.8579,1.08,22.4461,21.849,1.4966,2.9985,2.5199,0.744,0.5952,301105.0,239395.0,161185.0,1011710.0,804367.0,47.288,3.64,2.98,0.0000,-0.4314134642169847,1.7299,0,29,120,2009-10-30
300026.SZ,2018-12-04,3.36,3.38,3.38,3.35,3.36,0.02,0.5952,147345.0,49578.1,0.6155,0.9141,1.18,22.5798,21.979,1.5055,3.0164,2.5348,0.7396,0.5917,301105.0,239395.0,161185.0,1017740.0,809155.0,47.288,3.7,3.02,0.0000,-0.3895133964281723,1.7299,0,29,120,2009-10-30
300026.SZ,2018-12-05,3.35,3.39,3.39,3.32,3.38,0.01,0.2959,138043.0,46446.1,0.5766,0.8564,1.13,22.6466,22.0441,1.51,3.0253,2.5423,0.7375,0.59,301105.0,239395.0,161185.0,1020750.0,811549.0,47.288,3.72,3.04,0.0000,-0.04377650481511569,1.7299,0,29,120,2009-10-30
300026.SZ,2018-12-06,3.37,3.34,3.39,3.34,3.39,-0.05,-1.4749,113593.0,38225.3,0.4745,0.7047,0.9,22.3125,21.7189,1.4877,2.9807,2.5049,0.7485,0.5988,301105.0,239395.0,161185.0,1005690.0,799579.0,47.288,3.73,3.05,0.0000,0.20955631832350527,1.7299,0,29,120,2009-10-30
300026.SZ,2018-12-07,3.32,3.32,3.35,3.32,3.34,-0.02,-0.5988,56111.8,18688.0,0.2344,0.3481,0.44,22.1789,21.5889,1.4788,2.9628,2.4899,0.753,0.6024,301105.0,239395.0,161185.0,999670.0,794791.0,47.288,3.67,3.01,0.0000,-0.004486508109991904,1.7299,0,29,120,2009-10-30
300026.SZ,2018-12-10,3.32,3.21,3.32,3.21,3.32,-0.11,-3.3133,99291.6,32268.5,0.4148,0.616,0.84,21.4441,20.8736,1.4298,2.8647,2.4074,0.7788,0.6231,301105.0,239395.0,161185.0,966549.0,768458.0,47.288,3.65,2.99,0.0000,-7.154072651727028e-05,1.7299,0,29,120,2009-10-30
300026.SZ,2018-12-11,3.24,3.23,3.24,3.21,3.21,0.02,0.6231,61731.9,19870.5,0.2579,0.383,0.56,21.5777,21.0036,1.4387,2.8825,2.4224,0.774,0.6192,301105.0,239395.0,161185.0,972571.0,773246.0,47.288,3.53,2.89,0.0000,0.11431126860888022,1.7299,0,29,120,2009-10-30
300026.SZ,2018-12-12,3.23,3.19,3.25,3.17,3.23,-0.04,-1.2384,78640.4,25202.3,0.3285,0.4879,0.84,21.3105,20.7435,1.4209,2.8468,2.3924,0.7837,0.627,301105.0,239395.0,161185.0,960526.0,763670.0,47.288,3.55,2.91,0.0000,0.08606647809183617,1.7299,0,29,120,2009-10-30
300026.SZ,2018-12-13,3.21,3.21,3.25,3.16,3.19,0.02,0.627,75290.0,24133.6,0.3145,0.4671,0.92,21.4441,20.8736,1.4298,2.8647,2.4074,0.7788,0.6231,301105.0,239395.0,161185.0,966549.0,768458.0,47.288,3.51,2.87,0.0000,-0.026049924446461113,1.7299,0,29,120,2009-10-30
300026.SZ,2018-12-14,3.21,3.14,3.21,3.14,3.21,-0.07,-2.1807,77290.2,24468.9,0.3095,0.4507,1.04,20.9765,20.4184,1.3986,2.8022,2.3549,0.7962,0.6369,301105.0,249692.0,171482.0,945471.0,784034.0,47.288,3.53,2.89,0.0000,-0.17968146623894432,1.7299,0,29,120,2009-10-30
300026.SZ,2018-12-17,3.13,3.17,3.19,3.11,3.14,0.03,0.9554,59868.7,18907.9,0.2398,0.3491,0.76,21.1769,20.6135,1.412,2.829,2.3774,0.7886,0.6309,301105.0,249692.0,171482.0,954504.0,791524.0,47.288,3.45,2.83,0.0000,-0.19812880844335898,1.7299,0,29,120,2009-10-30
300026.SZ,2018-12-18,3.17,3.17,3.18,3.14,3.17,0.0,0.0,49265.0,15569.3,0.1973,0.2873,0.7,21.1769,20.6135,1.412,2.829,2.3774,0.7886,0.6309,301105.0,249692.0,171482.0,954504.0,791524.0,47.288,3.49,2.85,0.0000,-0.24186220509292336,1.7299,0,29,120,2009-10-30
300026.SZ,2018-12-19,3.16,3.16,3.17,3.14,3.17,-0.01,-0.3155,41901.5,13223.6,0.1678,0.2443,0.62,21.1101,20.5484,1.4075,2.8201,2.3699,0.7911,0.6329,301105.0,249692.0,171482.0,951493.0,789027.0,47.288,3.49,2.85,0.0000,-0.3725121579427445,1.7299,0,29,120,2009-10-30
300026.SZ,2018-12-20,3.16,3.13,3.17,3.12,3.16,-0.03,-0.9494,57548.4,18115.9,0.2305,0.3356,0.95,20.9097,20.3534,1.3942,2.7933,2.3474,0.7987,0.639,301105.0,249692.0,171482.0,942460.0,781537.0,47.288,3.48,2.84,0.0000,-0.3479055521105147,1.7299,0,29,120,2009-10-30
300026.SZ,2018-12-21,3.14,3.15,3.16,3.12,3.13,0.02,0.639,51655.1,16217.3,0.2069,0.3012,0.9,21.0433,20.4834,1.4031,2.8111,2.3624,0.7937,0.6349,301105.0,249692.0,171482.0,948482.0,786530.0,47.288,3.44,2.82,0.0000,-0.0843081451159329,1.7299,0,29,120,2009-10-30
300026.SZ,2018-12-24,3.13,3.15,3.18,3.09,3.15,0.0,0.0,71656.5,22509.5,0.287,0.4179,1.38,21.0433,20.4834,1.4031,2.8111,2.3624,0.7937,0.6349,301105.0,249692.0,171482.0,948482.0,786530.0,47.288,3.47,2.84,0.0000,-0.46761719667713,1.7299,0,29,120,2009-10-30
300026.SZ,2018-12-25,3.14,3.12,3.14,3.07,3.15,-0.03,-0.9524,65206.3,20214.8,0.2611,0.3803,1.2,20.8428,20.2883,1.3897,2.7844,2.3399,0.8013,0.641,301105.0,249692.0,171482.0,939449.0,779040.0,47.288,3.47,2.84,0.0000,-0.3399383630573409,1.7299,0,29,120,2009-10-30
300026.SZ,2018-12-26,3.13,3.11,3.13,3.1,3.12,-0.01,-0.3205,39789.5,12384.0,0.1594,0.232,0.69,20.776,20.2233,1.3853,2.7754,2.3324,0.8039,0.6431,301105.0,249692.0,171482.0,936438.0,776543.0,47.288,3.43,2.81,0.0000,-0.09331222637616647,1.7299,0,29,120,2009-10-30
300026.SZ,2018-12-27,3.13,3.08,3.15,3.06,3.11,-0.03,-0.9646,41244.8,12851.2,0.1652,0.2405,0.72,20.5756,20.0282,1.3719,2.7487,2.3099,0.8117,0.6494,301105.0,249692.0,171482.0,927405.0,769052.0,47.288,3.42,2.8,0.0000,-0.32711697079201085,1.7299,0,29,120,2009-10-30
300026.SZ,2018-12-28,3.09,3.05,3.1,3.04,3.08,-0.03,-0.974,70641.2,21691.9,0.2829,0.4119,1.31,20.3752,19.8332,1.3585,2.7219,2.2874,0.8197,0.6557,301105.0,249692.0,171482.0,918372.0,761561.0,47.288,3.39,2.77,0.0000,-0.2931925753949106,1.7299,0,29,120,2009-10-30
300026.SZ,2019-01-02,3.06,3.0,3.07,2.99,3.05,-0.05,-1.6393,68513.1,20674.4,0.2744,0.3995,1.19,20.0412,19.508,1.3363,2.6773,2.2499,0.6667,0.6667,301105.0,249692.0,171482.0,903316.0,749077.0,47.288,3.36,2.75,0.0000,-0.48203031656847395,1.7299,0,29,120,2009-10-30
300026.SZ,2019-01-03,3.0,3.04,3.07,2.99,3.0,0.04,1.3333,63215.0,19178.8,0.2532,0.3686,1.11,20.3084,19.7681,1.3541,2.713,2.2799,0.6579,0.6579,301105.0,249692.0,171482.0,915361.0,759064.0,47.288,3.3,2.7,0.0000,-0.11505880916819852,1.7299,0,29,120,2009-10-30
300026.SZ,2019-01-04,3.03,3.08,3.1,3.01,3.04,0.04,1.3158,74882.1,22976.6,0.2999,0.4367,1.32,20.5756,20.0282,1.3719,2.7487,2.3099,0.6494,0.6494,301105.0,249692.0,171482.0,927405.0,769052.0,47.288,3.34,2.74,0.0000,0.2481574714810566,1.7299,0,29,120,2009-10-30
300026.SZ,2019-01-07,3.1,3.12,3.13,3.07,3.08,0.04,1.2987,92739.6,28821.7,0.3714,0.5408,1.46,20.8428,20.2883,1.3897,2.7844,2.3399,0.641,0.641,301105.0,249692.0,171482.0,939449.0,779040.0,47.288,3.39,2.77,0.0000,-0.030751728574101328,1.7299,0,29,120,2009-10-30
300026.SZ,2019-01-08,3.12,3.11,3.13,3.09,3.12,-0.01,-0.3205,55316.8,17197.3,0.2215,0.3226,0.75,20.776,20.2233,1.3853,2.7754,2.3324,0.6431,0.6431,301105.0,249692.0,171482.0,936438.0,776543.0,47.288,3.43,2.81,0.0000,-0.4236502226398793,1.7299,0,29,120,2009-10-30
300026.SZ,2019-01-09,3.11,3.14,3.17,3.1,3.11,0.03,0.9646,84339.9,26573.2,0.3378,0.4918,1.19,20.9765,20.4184,1.3986,2.8022,2.3549,0.6369,0.6369,301105.0,249692.0,171482.0,945471.0,784034.0,47.288,3.42,2.8,0.0000,-0.07328854950759442,1.7299,0,29,120,2009-10-30
300026.SZ,2019-01-10,3.12,3.13,3.15,3.11,3.14,-0.01,-0.3185,46480.9,14553.4,0.1862,0.2711,0.63,20.9097,20.3534,1.3942,2.7933,2.3474,0.639,0.639,301105.0,249692.0,171482.0,942460.0,781537.0,47.288,3.45,2.83,0.0000,-0.0026824254881808837,1.7299,0,29,120,2009-10-30
300026.SZ,2019-01-11,3.14,3.13,3.14,3.11,3.13,0.0,0.0,51964.8,16221.0,0.2081,0.303,0.73,20.9097,20.3534,1.3942,2.7933,2.3474,0.639,0.639,301105.0,249692.0,171482.0,942460.0,781537.0,47.288,3.44,2.82,0.0000,-0.28999119668496415,1.7299,0,29,120,2009-10-30
300026.SZ,2019-01-14,3.13,3.07,3.13,3.07,3.13,-0.06,-1.9169,61601.8,19054.0,0.2467,0.3592,0.93,20.5088,19.9632,1.3675,2.7397,2.3024,0.6515,0.6515,301105.0,249692.0,171482.0,924394.0,766555.0,47.288,3.44,2.82,0.0000,-0.205812022244011,1.7299,0,29,120,2009-10-30
300026.SZ,2019-01-15,3.08,3.13,3.13,3.07,3.07,0.06,1.9544,63514.2,19695.9,0.2544,0.3717,1.06,20.9097,20.3534,1.3942,2.7933,2.3474,0.639,0.639,301105.0,249692.0,170895.0,942460.0,781537.0,47.288,3.38,2.76,0.0000,0.22570872148479376,1.7299,0,29,120,2009-10-30
300026.SZ,2019-01-16,3.14,3.13,3.14,3.11,3.13,0.0,0.0,55649.5,17392.1,0.2229,0.3256,0.9,20.9097,20.3534,1.3942,2.7933,2.3474,0.639,0.639,301105.0,249692.0,170895.0,942460.0,781537.0,47.288,3.44,2.82,0.0000,-0.07358448047576531,1.7299,0,29,120,2009-10-30
300026.SZ,2019-01-17,3.14,3.07,3.14,3.06,3.13,-0.06,-1.9169,123060.0,38035.9,0.4928,0.7201,2.2,20.5088,19.9632,1.3675,2.7397,2.3024,0.6515,0.6515,301105.0,249692.0,170895.0,924394.0,766555.0,47.288,3.44,2.82,0.0000,0.0033524852480592,1.7299,0,29,120,2009-10-30
300026.SZ,2019-01-18,3.08,3.08,3.1,3.06,3.07,0.01,0.3257,117883.0,36288.5,0.4721,0.6898,1.66,20.5756,20.0282,1.3719,2.7487,2.3099,0.6494,0.6494,301105.0,249692.0,170895.0,927405.0,769052.0,47.288,3.38,2.76,0.0000,-0.2688979552050352,1.7299,0,29,120,2009-10-30
300026.SZ,2019-01-21,3.08,3.1,3.1,3.08,3.08,0.02,0.6494,110154.0,34029.9,0.4412,0.6446,1.31,20.7092,20.1583,1.3808,2.7665,2.3249,0.6452,0.6452,301105.0,249692.0,170895.0,933427.0,774046.0,47.288,3.39,2.77,0.0000,-0.28206639513006765,1.7299,0,29,120,2009-10-30
300026.SZ,2019-01-22,3.16,3.11,3.23,3.09,3.1,0.01,0.3226,192885.0,60709.3,0.7725,1.1287,2.05,20.776,20.2233,1.3853,2.7754,2.3324,0.6431,0.6431,301105.0,249692.0,170895.0,936438.0,776543.0,47.288,3.41,2.79,0.0000,-0.10843349233642494,1.7299,0,29,120,2009-10-30
300026.SZ,2019-01-23,3.08,3.05,3.09,3.03,3.11,-0.06,-1.9293,134347.0,41017.8,0.5381,0.7861,1.12,20.3752,19.8332,1.3585,2.7219,2.2874,0.6557,0.6557,301105.0,249692.0,170895.0,918372.0,761561.0,47.288,3.42,2.8,0.0000,-0.38418890979805614,1.7299,0,29,120,2009-10-30
300026.SZ,2019-01-24,3.04,3.07,3.08,3.02,3.05,0.02,0.6557,89818.6,27401.1,0.3597,0.5256,0.66,20.5088,19.9632,1.3675,2.7397,2.3024,0.6515,0.6515,301105.0,249692.0,170895.0,924394.0,766555.0,47.288,3.36,2.75,0.0000,0.11759310245166878,1.7299,0,29,120,2009-10-30
300026.SZ,2019-01-25,3.05,3.03,3.06,3.03,3.07,-0.04,-1.3029,61232.5,18663.4,0.2452,0.3583,0.47,20.2416,19.7031,1.3496,2.704,2.2724,0.6601,0.6601,301105.0,249692.0,170895.0,912350.0,756567.0,47.288,3.38,2.76,0.0000,-0.14880666031608725,1.7299,0,29,120,2009-10-30
300026.SZ,2019-01-28,3.03,3.02,3.06,3.02,3.03,-0.01,-0.33,60331.6,18313.8,0.2416,0.353,0.51,20.1748,19.6381,1.3452,2.6951,2.2649,0.6623,0.6623,301105.0,249692.0,170895.0,909339.0,754070.0,47.288,3.33,2.73,0.0000,0.05550333790224906,1.7299,0,29,120,2009-10-30
300026.SZ,2019-01-29,3.02,2.99,3.03,2.98,3.02,-0.03,-0.9934,84872.2,25467.6,0.3399,0.4966,0.79,19.9744,19.443,1.3318,2.6683,2.2424,0.6689,0.6689,301105.0,249692.0,170895.0,900305.0,746580.0,47.288,3.32,2.72,0.0000,0.1072816128168532,1.7299,0,29,120,2009-10-30
300026.SZ,2019-01-30,2.99,2.99,3.01,2.98,2.99,0.0,0.0,59052.8,17662.5,0.2365,0.3455,0.69,19.9744,19.443,1.3318,2.6683,2.2424,0.6689,0.6689,301105.0,249692.0,170895.0,900305.0,746580.0,47.288,3.29,2.69,0.0000,-0.11284014855007797,1.7299,0,29,120,2009-10-30
300026.SZ,2019-01-31,3.0,2.95,3.01,2.92,2.99,-0.04,-1.3378,99018.0,29347.5,0.3966,0.5794,1.39,19.7072,19.1829,1.314,2.6327,2.2124,0.678,0.678,301105.0,249692.0,170895.0,888261.0,736592.0,47.288,3.29,2.69,0.0000,-0.4619041012404168,1.7299,0,29,120,2009-10-30
300026.SZ,2019-02-01,2.96,3.0,3.01,2.93,2.95,0.05,1.6949,83550.8,24828.9,0.3346,0.4889,1.15,20.0412,19.508,1.3363,2.6773,2.2499,0.6667,0.6667,301105.0,249692.0,170895.0,903316.0,749077.0,47.288,3.25,2.66,0.0000,-0.3404596746137023,1.7299,0,29,120,2009-10-30
300026.SZ,2019-02-11,2.99,3.05,3.05,2.98,3.0,0.05,1.6667,103540.0,31355.3,0.4147,0.6059,1.34,20.3752,19.8332,1.3585,2.7219,2.2874,0.6557,0.6557,301105.0,249692.0,170895.0,918372.0,761561.0,47.288,3.3,2.7,0.0000,0.17777085461767272,1.7299,0,29,120,2009-10-30
300026.SZ,2019-02-12,3.06,3.09,3.12,3.05,3.05,0.04,1.3115,145087.0,44907.3,0.5811,0.849,1.69,20.6424,20.0933,1.3764,2.7576,2.3174,0.6472,0.6472,301105.0,249692.0,170895.0,930416.0,771549.0,47.288,3.36,2.75,0.0000,0.06364649002559557,1.7299,0,29,120,2009-10-30
300026.SZ,2019-02-13,3.09,3.12,3.14,3.08,3.09,0.03,0.9709,153627.0,47781.7,0.6153,0.899,1.57,20.8428,20.2883,1.3897,2.7844,2.3399,0.641,0.641,301105.0,249692.0,170895.0,939449.0,779040.0,47.288,3.4,2.78,0.0000,0.06342083555794642,1.7299,0,29,120,2009-10-30
300026.SZ,2019-02-14,3.13,3.12,3.14,3.1,3.12,0.0,0.0,127592.0,39789.7,0.511,0.7466,1.09,20.8428,20.2883,1.3897,2.7844,2.3399,0.641,0.641,301105.0,249692.0,170895.0,939449.0,779040.0,47.288,3.43,2.81,0.0000,-0.014622976727954954,1.7299,0,29,120,2009-10-30
300026.SZ,2019-02-15,3.12,3.1,3.14,3.09,3.12,-0.02,-0.641,131287.0,40796.7,0.5258,0.7682,1.07,20.7092,20.1583,1.3808,2.7665,2.3249,0.6452,0.6452,301105.0,249692.0,170895.0,933427.0,774046.0,47.288,3.43,2.81,0.0000,-0.2113127738544861,1.7299,0,29,120,2009-10-30
300026.SZ,2019-02-18,3.1,3.18,3.18,3.1,3.1,0.08,2.5806,251735.0,79164.6,1.0082,1.473,1.9,21.2437,20.6785,1.4164,2.8379,2.3849,0.6289,0.6289,301105.0,249692.0,170895.0,957515.0,794021.0,47.288,3.41,2.79,0.0000,0.0051220844037920986,1.7299,0,29,120,2009-10-30
300026.SZ,2019-02-19,3.17,3.16,3.21,3.15,3.18,-0.02,-0.6289,208942.0,66402.2,0.8368,1.2226,1.29,21.1101,20.5484,1.4075,2.8201,2.3699,0.6329,0.6329,301105.0,249692.0,170895.0,951493.0,789027.0,47.288,3.5,2.86,0.0000,-0.006394124669271409,1.7299,0,29,120,2009-10-30
300026.SZ,2019-02-20,3.17,3.19,3.19,3.15,3.16,0.03,0.9494,150638.0,47755.2,0.6033,0.8815,0.86,21.3105,20.7435,1.4209,2.8468,2.3924,0.627,0.627,301105.0,249692.0,170895.0,960526.0,796518.0,47.288,3.48,2.84,0.0000,0.15168965571078682,1.7299,0,29,120,2009-10-30
300026.SZ,2019-02-21,3.18,3.17,3.22,3.16,3.19,-0.02,-0.627,240510.0,76825.9,0.9632,1.4074,1.38,21.1769,20.6135,1.412,2.829,2.3774,0.6309,0.6309,301105.0,249692.0,170895.0,954504.0,791524.0,47.288,3.51,2.87,0.0000,0.016422411340147085,1.7299,0,29,120,2009-10-30
300026.SZ,2019-02-22,3.17,3.21,3.22,3.16,3.17,0.04,1.2618,234544.0,74696.6,0.9393,1.3724,1.19,21.4441,20.8736,1.4298,2.8647,2.4074,0.6231,0.6231,301105.0,249692.0,170895.0,966549.0,801512.0,47.288,3.49,2.85,0.0000,-0.06088824765148787,1.7299,0,29,120,2009-10-30
300026.SZ,2019-02-25,3.21,3.36,3.37,3.21,3.21,0.15,4.6729,471048.0,154624.0,1.8865,2.7564,2.17,22.4461,21.849,1.4966,2.9985,2.5199,0.5952,0.5952,301105.0,249692.0,170895.0,1011710.0,838966.0,47.288,3.53,2.89,0.0000,-0.08058133481832402,1.7299,0,29,120,2009-10-30
300026.SZ,2019-02-26,3.36,3.38,3.46,3.31,3.36,0.02,0.5952,520936.0,177088.0,2.0863,3.0483,1.99,22.5798,21.979,1.5055,3.0164,2.5348,0.5917,0.5917,301105.0,249692.0,170895.0,1017740.0,843960.0,47.288,3.7,3.02,0.0000,-0.0452361384807414,1.7299,0,29,120,2009-10-30
300026.SZ,2019-02-27,3.37,3.36,3.44,3.34,3.38,-0.02,-0.5917,341908.0,115991.0,1.3693,2.0007,1.06,22.4461,21.849,1.4966,2.9985,2.5199,0.5952,0.5952,301105.0,249692.0,170895.0,1011710.0,838966.0,47.288,3.72,3.04,0.0000,0.003842218273340212,1.7299,0,29,120,2009-10-30
300026.SZ,2019-02-28,3.33,3.42,3.48,3.3,3.36,0.06,1.7857,332371.0,113165.0,1.3311,1.9449,0.92,22.847,49.3127,1.6082,3.0521,2.4379,0.5848,0.5848,301105.0,249692.0,170895.0,1029780.0,853947.0,47.288,3.7,3.02,0.0000,-0.0351779608632611,1.7299,0,29,120,2009-10-30
300026.SZ,2019-03-01,3.41,3.39,3.43,3.36,3.42,-0.03,-0.8772,213390.0,72177.1,0.8546,1.2487,0.56,22.6466,48.8802,1.5941,3.0253,2.4166,0.59,0.59,301105.0,249692.0,170895.0,1020750.0,846457.0,47.288,3.76,3.08,0.0000,-0.06450638349879663,1.7299,0,29,120,2009-10-30
300026.SZ,2019-03-04,3.43,3.41,3.47,3.39,3.39,0.02,0.59,414077.0,141947.0,1.6584,2.423,1.1,22.7802,49.1685,1.6035,3.0432,2.4308,0.5865,0.5865,301105.0,249692.0,170895.0,1026770.0,851450.0,47.288,3.73,3.05,0.0000,-0.058375319944470615,1.7299,0,29,120,2009-10-30
300026.SZ,2019-03-05,3.42,3.51,3.52,3.4,3.41,0.1,2.9326,440665.0,152251.0,1.7648,2.5786,1.21,23.4482,50.6104,1.6505,3.1324,2.5021,0.5698,0.5698,301105.0,249692.0,170895.0,1056880.0,876420.0,47.288,3.75,3.07,0.0000,0.06015811380448114,1.7299,0,29,120,2009-10-30
300026.SZ,2019-03-06,3.53,3.56,3.57,3.45,3.51,0.05,1.4245,562984.0,197711.0,2.2547,3.2943,1.62,23.7822,51.3314,1.674,3.177,2.5377,0.5618,0.5618,301105.0,249692.0,170895.0,1071940.0,888904.0,47.288,3.86,3.16,0.0000,-0.06471487116740621,1.7299,0,29,120,2009-10-30
300026.SZ,2019-03-07,3.56,3.63,3.69,3.53,3.56,0.07,1.9663,551147.0,199418.0,2.2073,3.2251,1.4,24.2499,52.3407,1.7069,3.2395,2.5876,0.551,0.551,301105.0,249692.0,170895.0,1093010.0,906383.0,47.288,3.92,3.2,0.0000,0.015850383495738887,1.7299,0,29,120,2009-10-30
300026.SZ,2019-03-08,3.6,3.46,3.69,3.46,3.63,-0.17,-4.6832,527662.0,187774.0,2.1132,3.0876,1.21,23.1142,49.8895,1.627,3.0878,2.4665,0.578,0.578,301105.0,249692.0,170895.0,1041820.0,863935.0,47.288,3.99,3.27,0.0000,-0.09884231933985965,1.7299,0,29,120,2009-10-30
300026.SZ,2019-03-11,3.45,3.63,3.64,3.45,3.46,0.17,4.9133,381348.0,134954.0,1.5273,2.2315,0.76,24.2499,52.3407,1.7069,3.2395,2.5876,0.551,0.551,301105.0,249692.0,170895.0,1093010.0,906383.0,47.288,3.81,3.11,0.0000,0.07819511555076397,1.7299,0,29,120,2009-10-30
300026.SZ,2019-03-12,3.66,3.63,3.69,3.58,3.63,0.0,0.0,491275.0,178685.0,1.9675,2.8747,1.0,24.2499,52.3407,1.7069,3.2395,2.5876,0.551,0.551,301105.0,249692.0,170895.0,1093010.0,906383.0,47.288,3.99,3.27,0.0000,-0.11754347870023953,1.7299,0,29,120,2009-10-30
300026.SZ,2019-03-13,3.63,3.56,3.66,3.52,3.63,-0.07,-1.9284,415101.0,148993.0,1.6625,2.429,0.83,23.7822,51.3314,1.674,3.177,2.5377,0.5618,0.5618,301105.0,249692.0,170895.0,1071940.0,888904.0,47.288,3.99,3.27,0.0000,-0.19936106423420152,1.7299,0,29,120,2009-10-30
300026.SZ,2019-03-14,3.53,3.46,3.65,3.42,3.56,-0.1,-2.809,408126.0,143230.0,1.6345,2.3882,0.86,23.1142,49.8895,1.627,3.0878,2.4665,0.578,0.578,301105.0,249692.0,170895.0,1041820.0,863935.0,47.288,3.92,3.2,0.0000,-0.17308654958518746,1.7299,0,29,120,2009-10-30
300026.SZ,2019-03-15,3.46,3.47,3.52,3.44,3.46,0.01,0.289,289588.0,100949.0,1.1598,1.6945,0.65,23.181,50.0337,1.6317,3.0967,2.4736,0.5764,0.5764,301105.0,249692.0,170895.0,1044840.0,866432.0,47.288,3.81,3.11,0.0000,-0.09880743306548663,1.7299,0,29,120,2009-10-30
300026.SZ,2019-03-18,3.47,3.55,3.57,3.44,3.47,0.08,2.3055,355126.0,124695.0,1.4223,2.078,0.89,23.7154,51.1872,1.6693,3.1681,2.5306,0.5634,0.5634,301105.0,249692.0,170895.0,1068920.0,886407.0,47.288,3.82,3.12,0.0000,-0.10004903167767486,1.7299,0,29,120,2009-10-30
300026.SZ,2019-03-19,3.55,3.53,3.57,3.51,3.55,-0.02,-0.5634,328478.0,116238.0,1.3155,1.9221,0.84,23.5818,50.8988,1.6599,3.1503,2.5164,0.5666,0.5666,301105.0,249692.0,170895.0,1062900.0,881414.0,47.288,3.91,3.2,0.0000,-0.21356520683526176,1.7299,0,29,120,2009-10-30
300026.SZ,2019-03-20,3.52,3.53,3.55,3.48,3.53,0.0,0.0,216224.0,76091.6,0.866,1.2652,0.6,23.5818,50.8988,1.6599,3.1503,2.5164,0.5666,0.5666,301105.0,249692.0,170895.0,1062900.0,881414.0,47.288,3.88,3.18,0.0000,-0.10891142747341874,1.7299,0,29,120,2009-10-30
300026.SZ,2019-03-21,3.53,3.59,3.62,3.51,3.53,0.06,1.6997,346419.0,124005.0,1.3874,2.0271,1.08,23.9826,51.7639,1.6881,3.2038,2.5591,0.5571,0.5571,301105.0,249692.0,170895.0,1080970.0,896395.0,47.288,3.88,3.18,0.0000,0.13820887213953215,1.7299,0,29,120,2009-10-30
300026.SZ,2019-03-22,3.62,3.6,3.62,3.49,3.59,0.01,0.2786,333359.0,118533.0,1.3351,1.9507,1.09,24.0494,51.9081,1.6928,3.2127,2.5663,0.5556,0.5556,301105.0,249692.0,170895.0,1083980.0,898892.0,47.288,3.95,3.23,0.0000,-0.0715803295715318,1.7299,0,29,120,2009-10-30
300026.SZ,2019-03-25,3.54,3.51,3.58,3.51,3.6,-0.09,-2.5,256633.0,90878.4,1.0278,1.5017,0.81,23.4482,50.6104,1.6505,3.1324,2.5021,0.5698,0.5698,301105.0,249692.0,170895.0,1056880.0,876420.0,47.288,3.96,3.24,0.0000,-0.03743124092247435,1.7299,0,29,120,2009-10-30
300026.SZ,2019-03-26,3.53,3.44,3.55,3.42,3.51,-0.07,-1.9943,336045.0,117120.0,1.3458,1.9664,1.13,22.9806,49.6011,1.6176,3.0699,2.4522,0.5814,0.5814,301105.0,249692.0,170895.0,1035800.0,858941.0,47.288,3.86,3.16,0.0000,0.054844837661014195,1.7299,0,29,120,2009-10-30
300026.SZ,2019-03-27,3.46,3.58,3.59,3.43,3.44,0.14,4.0698,483309.0,170135.0,1.9356,2.8281,1.62,23.9158,51.6197,1.6834,3.1949,2.552,0.5587,0.5587,301105.0,249692.0,170895.0,1077960.0,893898.0,47.288,3.78,3.1,0.0000,0.07245998535449386,1.7299,0,29,120,2009-10-30
300026.SZ,2019-03-28,3.55,3.49,3.6,3.48,3.58,-0.09,-2.514,396977.0,140622.0,1.5899,2.3229,1.13,23.3146,50.322,1.6411,3.1146,2.4878,0.5731,0.5731,301105.0,249692.0,170895.0,1050860.0,871426.0,47.288,3.94,3.22,0.0000,-0.028999319531933312,1.7299,0,29,120,2009-10-30
300026.SZ,2019-03-29,3.49,3.62,3.64,3.46,3.49,0.13,3.7249,484489.0,172862.0,1.9403,2.835,1.34,24.183,52.1965,1.7022,3.2306,2.5805,0.5525,0.5525,301105.0,249692.0,170895.0,1090000.0,903886.0,47.288,3.84,3.14,0.0000,-0.020357117201694766,1.7299,0,29,120,2009-10-30
300026.SZ,2019-04-01,3.64,3.8,3.87,3.61,3.62,0.18,4.9724,927937.0,346790.0,3.7163,5.4299,2.37,25.3855,54.7919,1.7869,3.3912,2.7088,0.5263,0.5263,301105.0,249692.0,170895.0,1144200.0,948830.0,47.288,3.98,3.26,0.0000,0.07450410264660738,1.7299,0,29,120,2009-10-30
300026.SZ,2019-04-02,3.82,3.72,3.82,3.7,3.8,-0.08,-2.1053,664803.0,248752.0,2.6625,3.8901,1.26,24.8511,53.6384,1.7493,3.3198,2.6518,0.5376,0.5376,301105.0,249692.0,170895.0,1120110.0,928855.0,47.288,4.18,3.42,0.0000,-0.19775681799152137,1.7299,0,29,120,2009-10-30
300026.SZ,2019-04-03,3.69,3.74,3.76,3.67,3.72,0.02,0.5376,531755.0,197300.0,2.1296,3.1116,0.9,53.4231,53.4231,1.7582,2.6661,2.6661,0.5348,0.5348,301105.0,249692.0,170895.0,1126130.0,933849.0,47.288,4.09,3.35,0.0000,0.004507742250561056,-4.1013,0,29,120,2009-10-30
300026.SZ,2019-04-04,3.76,3.74,3.8,3.7,3.74,0.0,0.0,506067.0,189071.0,2.0268,2.9613,0.84,53.4231,53.4231,1.7582,2.6661,2.6661,0.5348,0.5348,301105.0,249692.0,170895.0,1126130.0,933849.0,47.288,4.11,3.37,0.0000,-0.06688627462252111,-4.1013,0,29,120,2009-10-30
300026.SZ,2019-04-08,3.76,3.75,3.77,3.66,3.74,0.01,0.2674,600482.0,223404.0,2.4049,3.5137,0.96,53.566,53.566,1.7629,2.6732,2.6732,0.5333,0.5333,301105.0,249692.0,170895.0,1129150.0,936346.0,47.288,4.11,3.37,0.0000,-0.017054779375492338,-4.1013,0,29,120,2009-10-30
300026.SZ,2019-04-09,3.76,3.75,3.79,3.71,3.75,0.0,0.0,365952.0,137005.0,1.4656,2.1414,0.57,53.566,53.566,1.7629,2.6732,2.6732,0.5333,0.5333,301105.0,249692.0,170895.0,1129150.0,936346.0,47.288,4.13,3.38,0.0000,0.016644666596175035,-4.1013,0,29,120,2009-10-30
300026.SZ,2019-04-10,3.74,3.82,3.87,3.71,3.75,0.07,1.8667,667112.0,254523.0,2.6717,3.9036,1.25,54.5659,54.5659,1.7958,2.7231,2.7231,0.5236,0.5236,301105.0,249692.0,170895.0,1150220.0,953824.0,47.288,4.13,3.38,0.0000,0.10453364770006067,-4.1013,0,29,120,2009-10-30
300026.SZ,2019-04-11,3.86,3.68,3.88,3.67,3.82,-0.14,-3.6649,565624.0,212522.0,2.2653,3.3098,1.06,52.5661,52.5661,1.73,2.6233,2.6233,0.5435,0.5435,301105.0,249692.0,170895.0,1108070.0,918867.0,47.288,4.2,3.44,0.0000,-0.2122416289692651,-4.1013,0,29,120,2009-10-30
300026.SZ,2019-04-12,3.68,3.65,3.71,3.63,3.68,-0.03,-0.8152,288065.0,105501.0,1.1537,1.6856,0.53,52.1375,52.1375,1.7159,2.6019,2.6019,0.5479,0.5479,301105.0,249692.0,170895.0,1099040.0,911377.0,47.288,4.05,3.31,0.0000,-0.10917417932711042,-4.1013,0,29,120,2009-10-30
300026.SZ,2019-04-15,3.69,3.6,3.71,3.6,3.65,-0.05,-1.3699,293431.0,107461.0,1.1752,1.717,0.59,51.4233,51.4233,1.6924,2.5663,2.5663,0.5556,0.5556,301105.0,249692.0,170895.0,1083980.0,898892.0,47.288,4.02,3.29,0.0000,-0.18118186807949016,-4.1013,0,29,120,2009-10-30
300026.SZ,2019-04-16,3.6,3.67,3.68,3.55,3.6,0.07,1.9444,259544.0,93634.7,1.0395,1.5187,0.6,52.4232,52.4232,1.7253,2.6162,2.6162,0.545,0.545,301105.0,249692.0,170895.0,1105060.0,916370.0,47.288,3.96,3.24,0.0000,0.0023436519722668707,-4.1013,0,29,120,2009-10-30
300026.SZ,2019-04-17,3.66,3.66,3.69,3.64,3.67,-0.01,-0.2725,224589.0,82273.1,0.8995,1.3142,0.54,52.2804,52.2804,1.7206,2.609,2.609,0.5464,0.5464,301105.0,249692.0,170895.0,1102050.0,913874.0,47.288,4.04,3.3,0.0000,-0.07847715016828463,-4.1013,0,29,120,2009-10-30
300026.SZ,2019-04-18,3.66,3.62,3.66,3.62,3.66,-0.04,-1.0929,194726.0,70881.7,0.7799,1.1394,0.6,51.709,51.709,1.7018,2.5805,2.5805,0.5525,0.5525,301105.0,249692.0,170895.0,1090000.0,903886.0,47.288,4.03,3.29,0.0000,-0.03372302408440311,-4.1013,0,29,120,2009-10-30
300026.SZ,2019-04-19,3.63,3.66,3.66,3.61,3.62,0.04,1.105,178761.0,65021.0,0.7159,1.046,0.71,52.2804,52.2804,1.7206,2.609,2.609,0.5464,0.5464,301105.0,249692.0,170895.0,1102050.0,913874.0,47.288,3.98,3.26,0.0000,-0.12422404644126266,-4.1013,0,29,120,2009-10-30
300026.SZ,2019-04-22,3.66,3.62,3.67,3.6,3.66,-0.04,-1.0929,194749.0,70803.6,0.78,1.1396,0.85,51.709,51.709,1.7018,2.5805,2.5805,0.5525,0.5525,301105.0,249692.0,170895.0,1090000.0,903886.0,47.288,4.03,3.29,0.0000,-0.08145188271540807,-4.1013,0,29,120,2009-10-30
300026.SZ,2019-04-23,3.61,3.56,3.62,3.54,3.62,-0.06,-1.6575,202018.0,72239.7,0.8091,1.1821,0.96,50.852,50.852,1.6736,2.5377,2.5377,0.5618,0.5618,301105.0,249692.0,170895.0,1071940.0,888904.0,47.288,3.98,3.26,0.0000,-0.17660820861566476,-4.1013,0,29,120,2009-10-30
300026.SZ,2019-04-24,3.56,3.59,3.6,3.51,3.56,0.03,0.8427,166724.0,59282.6,0.6677,0.9756,0.84,51.2805,51.2805,1.6877,2.5591,2.5591,0.5571,0.5571,301105.0,249692.0,170895.0,1080970.0,896395.0,47.288,3.92,3.2,0.0000,-0.01211931999732999,-4.1013,0,29,120,2009-10-30
300026.SZ,2019-04-25,3.59,3.45,3.59,3.44,3.59,-0.14,-3.8997,270151.0,94757.1,1.0819,1.5808,1.44,49.2807,49.2807,1.6219,2.4593,2.4593,0.5797,0.5797,301105.0,249692.0,170895.0,1038810.0,861438.0,47.288,3.95,3.23,0.0000,-0.19755388841525698,-4.1013,0,29,120,2009-10-30
300026.SZ,2019-04-26,3.45,3.41,3.47,3.4,3.45,-0.04,-1.1594,169419.0,58165.1,0.6785,0.9914,0.84,48.7093,48.7093,1.603,2.4308,2.4308,0.5865,0.5865,301105.0,249692.0,170895.0,1026770.0,851450.0,47.288,3.8,3.11,0.0000,-0.2117208100058795,-4.1013,0,29,120,2009-10-30
300026.SZ,2019-04-29,3.43,3.36,3.45,3.34,3.41,-0.05,-1.4663,218193.0,74005.3,0.8738,1.2768,1.09,47.9951,46.1216,1.5417,2.3952,2.351,0.5952,0.5952,301105.0,249692.0,170895.0,1011710.0,838966.0,47.288,3.75,3.07,0.0000,-0.09972862823385514,2.7197,0,29,120,2009-10-30
300026.SZ,2019-04-30,3.36,3.4,3.43,3.36,3.36,0.04,1.1905,141277.0,48074.2,0.5658,0.8267,0.69,48.5665,46.6707,1.5601,2.4237,2.379,0.5882,0.5882,301105.0,249692.0,170895.0,1023760.0,848954.0,47.288,3.7,3.02,0.0000,-0.3248159529737983,2.7197,0,29,120,2009-10-30
300026.SZ,2019-05-06,3.37,3.3,3.37,3.24,3.4,-0.1,-2.9412,385630.0,127114.0,1.5444,2.2477,2.0,47.138,45.298,1.5142,2.3524,2.309,0.6061,0.6061,301105.0,249692.0,171570.0,993648.0,823984.0,47.288,3.74,3.06,0.0000,0.10843147750037009,2.7197,0,29,120,2009-10-30
300026.SZ,2019-05-07,3.31,3.34,3.36,3.3,3.3,0.04,1.2121,170824.0,56971.9,0.6841,0.9956,0.72,47.7094,45.8471,1.5325,2.3809,2.337,0.5988,0.5988,301105.0,249692.0,171570.0,1005690.0,833972.0,47.288,3.63,2.97,0.0000,0.06299531488209036,2.7197,0,29,120,2009-10-30
300026.SZ,2019-05-08,3.3,3.37,3.41,3.27,3.34,0.03,0.8982,195245.0,65899.1,0.7819,1.138,0.9,48.1379,46.2589,1.5463,2.4023,2.358,0.5935,0.5935,301105.0,249692.0,171570.0,1014730.0,841463.0,47.288,3.67,3.01,0.0000,-0.07493653969311646,2.7197,0,29,120,2009-10-30
300026.SZ,2019-05-09,3.34,3.38,3.42,3.33,3.37,0.01,0.2967,131432.0,44408.4,0.5264,0.7661,0.59,48.2808,46.3962,1.5509,2.4094,2.365,0.5917,0.5917,301105.0,249692.0,171570.0,1017740.0,843960.0,47.288,3.71,3.03,0.0000,-0.006779898627324755,2.7197,0,29,120,2009-10-30
300026.SZ,2019-05-10,3.39,3.43,3.45,3.37,3.38,0.05,1.4793,162884.0,55598.4,0.6523,0.9494,0.8,48.995,47.0825,1.5738,2.4451,2.4,0.5831,0.5831,301105.0,249692.0,171570.0,1032790.0,856444.0,47.288,3.72,3.04,0.0000,-0.06187469133908263,2.7197,0,29,120,2009-10-30
300026.SZ,2019-05-13,3.4,3.39,3.42,3.36,3.43,-0.04,-1.1662,109485.0,37146.9,0.4385,0.6381,0.52,48.4236,46.5334,1.5555,2.4166,2.372,0.59,0.59,301105.0,249692.0,171570.0,1020750.0,846457.0,47.288,3.77,3.09,0.0000,-0.06134483417086877,2.7197,0,29,120,2009-10-30
300026.SZ,2019-05-14,3.37,3.35,3.39,3.34,3.39,-0.04,-1.1799,87945.2,29559.6,0.3522,0.5126,0.57,47.8523,45.9844,1.5371,2.388,2.344,0.597,0.597,301105.0,249692.0,171570.0,1008700.0,836469.0,47.288,3.73,3.05,0.0000,-0.16239542726280537,2.7197,0,29,120,2009-10-30
300026.SZ,2019-05-15,3.36,3.39,3.4,3.35,3.35,0.04,1.194,95469.8,32223.9,0.3823,0.5564,0.69,48.4236,46.5334,1.5555,2.4166,2.372,0.59,0.59,301105.0,249692.0,171570.0,1020750.0,846457.0,47.288,3.69,3.02,0.0000,-0.019231963923782083,2.7197,0,29,120,2009-10-30
300026.SZ,2019-05-16,3.36,3.37,3.39,3.35,3.37,0.0,0.0,94683.4,31900.2,0.3792,0.5519,0.81,48.1379,46.2589,1.5605,2.4023,2.358,0.5935,1.18,301105.0,249692.0,171570.0,1014730.0,841463.0,47.568,3.71,3.03,0.0000,-0.25751754558530354,2.7197,0,29,120,2009-10-30
300026.SZ,2019-05-17,3.38,3.34,3.39,3.31,3.37,-0.03,-0.8902,173249.0,57945.1,0.6939,1.0098,1.57,47.7094,45.8471,1.5466,2.3809,2.337,0.5988,1.1906,301105.0,249692.0,171570.0,1005690.0,833972.0,47.568,3.71,3.03,0.0000,0.05788904381100058,2.7197,0,29,120,2009-10-30
300026.SZ,2019-05-20,3.33,3.35,3.38,3.24,3.34,0.01,0.2994,135055.0,44634.2,0.5409,0.7872,1.2,47.8523,45.9844,1.5512,2.388,2.344,0.597,0.5901,301105.0,249692.0,171570.0,1008700.0,836469.0,47.568,3.67,3.01,0.0000,0.004446074079259002,2.7197,0,29,120,2009-10-30
300026.SZ,2019-05-21,3.36,3.35,3.37,3.3,3.35,0.0,0.0,89473.0,29949.3,0.3583,0.5215,0.76,47.8523,45.9844,1.5512,2.388,2.344,0.597,0.5901,301105.0,249692.0,171570.0,1008700.0,836469.0,47.568,3.69,3.02,0.0000,-0.06438169930388607,2.7197,0,29,120,2009-10-30
300026.SZ,2019-05-22,3.36,3.38,3.4,3.34,3.35,0.03,0.8955,125661.0,42403.9,0.5033,0.7324,1.07,48.2808,46.3962,1.5651,2.4094,2.365,0.5917,0.5848,301105.0,249692.0,171570.0,1017740.0,843960.0,47.568,3.69,3.02,0.0000,0.11798851970900225,2.7197,0,29,120,2009-10-30
300026.SZ,2019-05-23,3.38,3.37,3.41,3.35,3.38,-0.01,-0.2959,118395.0,39964.9,0.4742,0.7024,0.96,48.1379,46.2589,1.5605,2.4023,2.358,0.5935,0.5866,301105.0,249692.0,168559.0,1014730.0,841463.0,47.568,3.72,3.04,0.0000,-0.12947148276655163,2.7197,0,29,120,2009-10-30
300026.SZ,2019-05-24,3.36,3.38,3.38,3.35,3.37,0.01,0.2967,80063.0,26955.8,0.3206,0.475,0.62,48.2808,46.3962,1.5651,2.4094,2.365,0.5917,0.5848,301105.0,249692.0,168559.0,1017740.0,843960.0,47.568,3.71,3.03,0.0000,-0.030772000039243155,2.7197,0,29,120,2009-10-30
300026.SZ,2019-05-27,3.39,3.42,3.43,3.37,3.38,0.04,1.1834,134538.0,45792.2,0.5388,0.7982,1.23,48.8522,46.9452,1.5836,2.4379,2.393,0.5848,0.578,301105.0,249692.0,168559.0,1029780.0,853947.0,47.568,3.72,3.04,0.0000,-0.08194165728368775,2.7197,0,29,120,2009-10-30
300026.SZ,2019-05-28,3.42,3.39,3.42,3.38,3.42,-0.03,-0.8772,117041.0,39774.4,0.4687,0.6944,1.07,48.4236,46.5334,1.5697,2.4166,2.372,0.59,0.5831,301105.0,249692.0,168559.0,1020750.0,846457.0,47.568,3.76,3.08,0.0000,-0.06473583436231908,2.7197,0,29,120,2009-10-30
300026.SZ,2019-05-29,3.39,3.4,3.41,3.37,3.39,0.01,0.295,81844.7,27687.5,0.3278,0.4856,0.71,48.5665,46.6707,1.5744,2.4237,2.379,0.5882,0.5814,301105.0,249692.0,168559.0,1023760.0,848954.0,47.568,3.73,3.05,0.0000,0.04847451891627315,2.7197,0,29,120,2009-10-30
300026.SZ,2019-05-30,3.39,3.41,3.41,3.38,3.4,0.01,0.2941,69696.5,23625.8,0.2791,0.4135,0.66,48.7093,46.808,1.579,2.4308,2.386,0.5865,0.5797,301105.0,249692.0,168559.0,1026770.0,851450.0,47.568,3.74,3.06,0.0000,0.3058451492548863,2.7197,0,29,120,2009-10-30
300026.SZ,2019-05-31,3.41,3.41,3.42,3.38,3.41,0.0,0.0,67965.8,23113.0,0.2722,0.4032,0.7,48.7093,46.808,1.579,2.4308,2.386,0.5865,0.5797,301105.0,249692.0,168559.0,1026770.0,851450.0,47.568,3.75,3.07,0.0000,0.24496357011125525,2.7197,0,29,120,2009-10-30
300026.SZ,2019-06-03,3.4,3.41,3.42,3.39,3.41,0.0,0.0,85792.0,29169.4,0.3436,0.509,0.91,48.7093,46.808,1.579,2.4308,2.386,0.5865,0.5797,301105.0,249692.0,168559.0,1026770.0,851450.0,47.568,3.75,3.07,0.0000,0.13697635916133027,2.7197,0,29,120,2009-10-30
300026.SZ,2019-06-04,3.39,3.46,3.47,3.38,3.41,0.05,1.4663,157517.0,53785.9,0.6308,0.9345,1.86,49.4235,47.4943,1.6021,2.4665,2.4209,0.578,0.5713,301105.0,249692.0,168559.0,1041820.0,863935.0,47.568,3.75,3.07,0.0000,0.14482464911250612,2.7197,0,29,120,2009-10-30
300026.SZ,2019-06-05,3.45,3.42,3.48,3.41,3.46,-0.04,-1.1561,96865.4,33413.6,0.3879,0.5747,1.05,48.8522,46.9452,1.5836,2.4379,2.393,0.5848,0.578,301105.0,249692.0,168559.0,1029780.0,853947.0,47.568,3.81,3.11,0.0000,-0.3127785781754669,2.7197,0,29,120,2009-10-30
300026.SZ,2019-06-06,3.4,3.41,3.44,3.38,3.42,-0.01,-0.2924,90200.1,30684.3,0.3612,0.5351,0.94,48.7093,46.808,1.579,2.4308,2.386,0.5865,0.5797,301105.0,249692.0,168559.0,1026770.0,851450.0,47.568,3.76,3.08,0.0000,0.292481114024288,2.7197,0,29,120,2009-10-30
300026.SZ,2019-06-10,3.4,3.4,3.44,3.39,3.41,-0.01,-0.2933,72480.6,24747.5,0.2903,0.43,0.73,48.5665,46.6707,1.5744,2.4237,2.379,0.5882,0.5814,301105.0,249692.0,168559.0,1023760.0,848954.0,47.568,3.75,3.07,0.0000,-0.0004409793279560933,2.7197,0,29,120,2009-10-30
300026.SZ,2019-06-11,3.42,3.47,3.48,3.39,3.4,0.07,2.0588,119822.0,41216.8,0.4799,0.7109,1.19,49.5664,47.6316,1.6068,2.4736,2.4279,0.5764,0.5697,301105.0,249692.0,168559.0,1044840.0,866432.0,47.568,3.74,3.06,0.0000,-0.0535242409797659,2.7197,0,29,120,2009-10-30
300026.SZ,2019-06-12,3.45,3.44,3.47,3.43,3.47,-0.03,-0.8646,95948.9,33087.4,0.3843,0.5692,0.89,49.1378,47.2198,1.5929,2.4522,2.407,0.5814,0.5746,301105.0,249692.0,168559.0,1035800.0,858941.0,47.568,3.82,3.12,0.0000,-0.08360297781907501,2.7197,0,29,120,2009-10-30
300026.SZ,2019-06-13,3.43,3.43,3.47,3.4,3.44,-0.01,-0.2907,139368.0,47815.8,0.5582,0.8421,1.47,48.995,47.0825,1.5883,2.4451,2.4,0.5831,0.5763,301105.0,249692.0,165499.0,1032790.0,856444.0,47.568,3.78,3.1,0.0000,-0.22481280399979822,2.7197,0,29,120,2009-10-30
300026.SZ,2019-06-14,3.42,3.39,3.44,3.37,3.43,-0.04,-1.1662,115074.0,39160.0,0.4609,0.6953,1.11,48.4236,46.5334,1.5697,2.4166,2.372,0.59,0.5831,301105.0,249692.0,165499.0,1020750.0,846457.0,47.568,3.77,3.09,0.0000,-0.010038594347848232,2.7197,0,29,120,2009-10-30
300026.SZ,2019-06-17,3.38,3.39,3.42,3.37,3.39,0.0,0.0,86600.1,29437.5,0.3468,0.5233,0.8,48.4236,46.5334,1.5697,2.4166,2.372,0.59,0.5831,301105.0,249692.0,165499.0,1020750.0,846457.0,47.568,3.73,3.05,0.0000,-0.19073041005146404,2.7197,0,29,120,2009-10-30
300026.SZ,2019-06-18,3.38,3.44,3.44,3.38,3.39,0.05,1.4749,125118.0,42739.1,0.5011,0.756,1.12,49.1378,47.2198,1.5929,2.4522,2.407,0.5814,0.5746,301105.0,249692.0,165499.0,1035800.0,858941.0,47.568,3.73,3.05,0.0000,0.039068712203924244,2.7197,0,29,120,2009-10-30
300026.SZ,2019-06-19,3.44,3.44,3.48,3.42,3.44,0.0,0.0,146977.0,50771.1,0.5886,0.8881,1.31,49.1378,47.2198,1.5929,2.4522,2.407,0.5814,0.5746,301105.0,249692.0,165499.0,1035800.0,858941.0,47.568,3.78,3.1,0.0000,-0.30131000748611214,2.7197,0,29,120,2009-10-30
300026.SZ,2019-06-20,3.44,3.48,3.5,3.43,3.44,0.04,1.1628,167800.0,58337.1,0.688,1.0507,1.37,49.7092,47.7688,1.6114,2.4807,2.4349,0.5747,0.568,301105.0,243898.0,159705.0,1047850.0,848765.0,47.568,3.78,3.1,0.0000,-0.014762976551902876,2.7197,0,29,120,2009-10-30
300026.SZ,2019-06-21,3.53,3.53,3.56,3.5,3.48,0.05,1.4368,212692.0,75167.7,0.8721,1.3318,1.66,50.4234,48.4552,1.6346,2.5164,2.4699,0.5666,0.56,301105.0,243898.0,159705.0,1062900.0,860960.0,47.568,3.83,3.13,0.0000,-0.277809212594507,2.7197,0,29,120,2009-10-30
300026.SZ,2019-06-24,3.53,3.51,3.58,3.51,3.53,-0.02,-0.5666,125419.0,44286.8,0.5142,0.7853,0.85,50.1377,48.1806,1.6253,2.5021,2.4559,0.5698,0.5632,301105.0,243898.0,159705.0,1056880.0,856082.0,47.568,3.88,3.18,0.0000,0.050744958184974424,2.7197,0,29,120,2009-10-30
300026.SZ,2019-06-25,3.5,3.47,3.53,3.45,3.51,-0.04,-1.1396,107523.0,37435.4,0.4409,0.6733,0.69,49.5664,47.6316,1.6068,2.4736,2.4279,0.5764,0.5697,301105.0,243898.0,159705.0,1044840.0,846326.0,47.568,3.86,3.16,0.0000,-0.4346897321933081,2.7197,0,29,120,2009-10-30
300026.SZ,2019-06-26,3.46,3.5,3.5,3.44,3.47,0.03,0.8646,94493.9,32891.5,0.3874,0.5917,0.62,49.9949,48.0434,1.6207,2.495,2.4489,0.5714,0.5648,301105.0,243898.0,159705.0,1053870.0,853643.0,47.568,3.82,3.12,0.0000,-0.10473235650197946,2.7197,0,29,120,2009-10-30
300026.SZ,2019-06-27,3.5,3.47,3.52,3.47,3.5,-0.03,-0.8571,102462.0,35770.7,0.4201,0.6416,0.72,49.5664,47.6316,1.6068,2.4736,2.4279,0.5764,0.5697,301105.0,243898.0,159705.0,1044840.0,846326.0,47.568,3.85,3.15,0.0000,-0.2428577513489612,2.7197,0,29,120,2009-10-30
300026.SZ,2019-06-28,3.46,3.45,3.48,3.42,3.47,-0.02,-0.5764,90997.3,31329.0,0.3731,0.5698,0.71,49.2807,47.357,1.5975,2.4593,2.414,0.5797,0.573,301105.0,243898.0,159705.0,1038810.0,841448.0,47.568,3.82,3.12,0.0000,-0.11579431178948639,2.7197,0,29,120,2009-10-30
300026.SZ,2019-07-01,3.5,3.49,3.51,3.47,3.45,0.04,1.1594,114813.0,40067.8,0.4707,0.7189,1.1,49.8521,47.9061,1.616,2.4878,2.4419,0.5731,0.5664,301105.0,243898.0,159705.0,1050860.0,851204.0,47.568,3.8,3.11,0.0000,-0.04161984681862763,2.7197,0,29,120,2009-10-30
300026.SZ,2019-07-02,3.5,3.46,3.5,3.46,3.49,-0.03,-0.8596,81270.6,28207.3,0.3332,0.5089,0.8,49.4235,47.4943,1.6021,2.4665,2.4209,0.578,0.5713,301105.0,243898.0,159705.0,1041820.0,843887.0,47.568,3.84,3.14,0.0000,-0.020598266085594792,2.7197,0,29,120,2009-10-30
300026.SZ,2019-07-03,3.46,3.42,3.47,3.41,3.46,-0.04,-1.1561,93524.1,32049.7,0.3835,0.5856,0.97,48.8522,46.9452,1.5836,2.4379,2.393,0.5848,0.578,301105.0,243898.0,159705.0,1029780.0,834132.0,47.568,3.81,3.11,0.0000,-0.2841503048852493,2.7197,0,29,120,2009-10-30
300026.SZ,2019-07-04,3.43,3.41,3.43,3.4,3.42,-0.01,-0.2924,67575.6,23072.0,0.2771,0.4231,0.7,48.7093,46.808,1.579,2.4308,2.386,0.5865,0.5797,301105.0,243898.0,159705.0,1026770.0,831692.0,47.568,3.76,3.08,0.0000,-0.33047568625794416,2.7197,0,29,120,2009-10-30
300026.SZ,2019-07-05,3.4,3.39,3.41,3.37,3.41,-0.02,-0.5865,72448.8,24541.5,0.297,0.4536,0.81,48.4236,46.5334,1.5697,2.4166,2.372,0.59,0.5831,301105.0,243898.0,159705.0,1020750.0,826815.0,47.568,3.75,3.07,0.0000,-0.38256860311620966,2.7197,0,29,120,2009-10-30
300026.SZ,2019-07-08,3.38,3.25,3.4,3.24,3.39,-0.14,-4.1298,175732.0,57748.1,0.7205,1.1004,2.05,46.4238,44.6117,1.5049,2.3168,2.274,0.6154,0.6082,301105.0,243898.0,159705.0,978593.0,792669.0,47.568,3.73,3.05,0.0000,-0.1469779165198116,2.7197,0,29,120,2009-10-30
300026.SZ,2019-07-09,3.24,3.25,3.28,3.23,3.25,0.0,0.0,79914.0,26080.1,0.3277,0.5004,0.81,46.4238,44.6117,1.5049,2.3168,2.274,0.6154,0.6082,301105.0,243898.0,159705.0,978593.0,792669.0,47.568,3.58,2.93,0.0000,-0.09863433994759108,2.7197,0,29,120,2009-10-30
300026.SZ,2019-07-10,3.27,3.26,3.31,3.23,3.25,0.01,0.3077,62935.1,20524.2,0.258,0.3941,0.64,46.5667,44.749,1.5095,2.3239,2.281,0.6135,0.6064,301105.0,243898.0,159705.0,981604.0,795108.0,47.568,3.58,2.93,0.0000,0.139742565580802,2.7197,0,29,120,2009-10-30
300026.SZ,2019-07-11,3.27,3.24,3.3,3.24,3.26,-0.02,-0.6135,62866.7,20494.3,0.2578,0.3936,0.69,46.281,44.4744,1.5003,2.3096,2.267,0.6173,0.6101,301105.0,243898.0,159705.0,975582.0,790230.0,47.568,3.59,2.93,0.0000,-0.2607184366400024,2.7197,0,29,120,2009-10-30
300026.SZ,2019-07-12,3.24,3.25,3.27,3.24,3.24,0.01,0.3086,43872.2,14286.8,0.1799,0.2747,0.48,46.4238,44.6117,1.5049,2.3168,2.274,0.6154,0.6082,301105.0,243898.0,159705.0,978593.0,792669.0,47.568,3.56,2.92,0.0000,-0.20860118633088348,2.7197,0,29,120,2009-10-30
300026.SZ,2019-07-15,3.26,3.35,3.38,3.25,3.25,0.1,3.0769,164038.0,54366.6,0.6726,1.0271,1.93,47.8523,45.9844,1.5512,2.388,2.344,0.597,0.5901,301105.0,243898.0,159705.0,1008700.0,817059.0,47.568,3.58,2.93,0.0000,0.34826407303514123,2.7197,0,29,120,2009-10-30
300026.SZ,2019-07-16,3.36,3.35,3.37,3.32,3.35,0.0,0.0,73026.0,24393.4,0.2994,0.4573,0.88,47.8523,45.9844,1.5512,2.388,2.344,0.597,0.5901,301105.0,243898.0,159705.0,1008700.0,817059.0,47.568,3.69,3.02,0.0000,0.31682869292259835,2.7197,0,29,120,2009-10-30
300026.SZ,2019-07-17,3.35,3.39,3.4,3.33,3.35,0.04,1.194,98617.6,33253.7,0.4043,0.6175,1.21,48.4236,46.5334,1.5697,2.4166,2.372,0.59,0.5831,301105.0,243898.0,159705.0,1020750.0,826815.0,47.568,3.69,3.02,0.0000,0.3740514865858673,2.7197,0,29,120,2009-10-30
300026.SZ,2019-07-18,3.38,3.39,3.4,3.35,3.39,0.0,0.0,91093.0,30695.1,0.3735,0.5704,1.03,48.4236,46.5334,1.5697,2.4166,2.372,0.59,0.5831,301105.0,243898.0,159705.0,1020750.0,826815.0,47.568,3.73,3.05,0.0000,0.14104304911062007,2.7197,0,29,120,2009-10-30
300026.SZ,2019-07-19,3.38,3.39,3.42,3.38,3.39,0.0,0.0,76174.2,25874.5,0.3123,0.477,0.81,48.4236,46.5334,1.5697,2.4166,2.372,0.59,0.5831,301105.0,243898.0,159705.0,1020750.0,826815.0,47.568,3.73,3.05,0.0000,0.31533320269149423,2.7197,0,29,120,2009-10-30
300026.SZ,2019-07-22,3.38,3.35,3.42,3.34,3.39,-0.04,-1.1799,96965.1,32763.0,0.3976,0.6072,0.96,47.8523,45.9844,1.5512,2.388,2.344,0.597,0.5901,301105.0,243898.0,159705.0,1008700.0,817059.0,47.568,3.73,3.05,0.0000,-0.12290365122869948,2.7197,0,29,120,2009-10-30
300026.SZ,2019-07-23,3.35,3.43,3.45,3.34,3.35,0.08,2.3881,104039.0,35480.8,0.4266,0.6514,1.19,48.995,47.0825,1.5883,2.4451,2.4,0.5831,0.5763,301105.0,243898.0,159705.0,1032790.0,836570.0,47.568,3.69,3.02,0.0000,0.2664936519481493,2.7197,0,29,120,2009-10-30
300026.SZ,2019-07-24,3.44,3.41,3.46,3.4,3.43,-0.02,-0.5831,79467.9,27264.3,0.3258,0.4976,0.85,48.7093,46.808,1.579,2.4308,2.386,0.5865,0.5797,301105.0,243898.0,159705.0,1026770.0,831692.0,47.568,3.77,3.09,0.0000,-0.23069738458510392,2.7197,0,29,120,2009-10-30
300026.SZ,2019-07-25,3.42,3.41,3.43,3.39,3.41,0.0,0.0,54046.0,18409.7,0.2216,0.345,0.6,48.7093,46.808,1.579,2.4308,2.386,0.5865,0.5797,301105.0,243898.0,156659.0,1026770.0,831692.0,47.568,3.75,3.07,0.0000,0.13299919065263752,2.7197,0,29,120,2009-10-30
300026.SZ,2019-07-26,3.39,3.41,3.42,3.39,3.41,0.0,0.0,38347.1,13075.5,0.1572,0.2448,0.47,48.7093,46.808,1.579,2.4308,2.386,0.5865,0.5797,301105.0,243898.0,156659.0,1026770.0,831692.0,47.568,3.75,3.07,0.0000,-0.09639964431635174,2.7197,0,29,120,2009-10-30
300026.SZ,2019-07-29,3.42,3.38,3.42,3.38,3.41,-0.03,-0.8798,47570.9,16170.9,0.195,0.3037,0.64,48.2808,46.3962,1.5651,2.4094,2.365,0.5917,0.5848,301105.0,243898.0,156659.0,1017740.0,824376.0,47.568,3.75,3.07,0.0000,-0.8469772784144045,2.7197,0,29,120,2009-10-30
300026.SZ,2019-07-30,3.38,3.43,3.46,3.38,3.38,0.05,1.4793,86115.8,29594.5,0.3531,0.5497,1.33,48.995,47.0825,1.5883,2.4451,2.4,0.5831,0.5763,301105.0,243898.0,156659.0,1032790.0,836570.0,47.568,3.72,3.04,0.0000,0.21031604582107324,2.7197,0,29,120,2009-10-30
300026.SZ,2019-07-31,3.43,3.41,3.44,3.41,3.43,-0.02,-0.5831,48572.4,16605.0,0.1992,0.3101,0.79,48.7093,46.808,1.579,2.4308,2.386,0.5865,0.5797,301105.0,243898.0,156659.0,1026770.0,831692.0,47.568,3.77,3.09,0.0000,-0.8135820953061424,2.7197,0,29,120,2009-10-30
300026.SZ,2019-08-01,3.41,3.36,3.42,3.36,3.41,-0.05,-1.4663,64476.7,21754.2,0.2644,0.4116,1.17,47.9951,46.1216,1.5558,2.3952,2.351,0.5952,0.5883,301105.0,243898.0,156659.0,1011710.0,819498.0,47.568,3.75,3.07,0.0000,-0.1330559720114867,2.7197,0,29,120,2009-10-30
300026.SZ,2019-08-02,3.35,3.32,3.36,3.3,3.36,-0.04,-1.1905,65700.4,21836.4,0.2694,0.4194,1.15,47.4237,45.5726,1.5373,2.3667,2.323,0.6024,0.5954,301105.0,243898.0,156659.0,999670.0,809742.0,47.568,3.7,3.02,0.0000,-0.14739141301447398,2.7197,0,29,120,2009-10-30
300026.SZ,2019-08-05,3.32,3.28,3.36,3.26,3.32,-0.04,-1.2048,69656.7,23074.6,0.2856,0.4446,1.11,46.8524,45.0235,1.5188,2.3381,2.295,0.6098,0.6027,301105.0,243898.0,156659.0,987626.0,799986.0,47.568,3.65,2.99,0.0000,-0.5499821533534708,2.7197,0,29,120,2009-10-30
300026.SZ,2019-08-06,3.26,3.18,3.29,3.15,3.28,-0.1,-3.0488,126919.0,40711.8,0.5204,0.8102,1.9,45.4239,43.6508,1.4725,2.2669,2.225,0.6289,0.6216,301105.0,243898.0,156659.0,957515.0,775596.0,47.568,3.61,2.95,0.0000,-0.623381047355065,2.7197,0,29,120,2009-10-30
300026.SZ,2019-08-07,3.2,3.15,3.21,3.15,3.18,-0.03,-0.9434,73582.6,23351.2,0.3017,0.4697,0.98,44.9954,43.239,1.4586,2.2455,2.204,0.6349,0.6275,301105.0,243898.0,156659.0,948482.0,768279.0,47.568,3.5,2.86,0.0000,0.17596048399730907,2.7197,0,29,120,2009-10-30
300026.SZ,2019-08-08,3.14,3.16,3.19,3.14,3.15,0.01,0.3175,45053.1,14273.2,0.1847,0.2876,0.56,45.1383,43.3763,1.4632,2.2526,2.211,0.6329,0.6256,301105.0,243898.0,156659.0,951493.0,770718.0,47.568,3.47,2.84,0.0000,-0.02913362945190452,2.7197,0,29,120,2009-10-30
300026.SZ,2019-08-09,3.18,3.18,3.19,3.15,3.16,0.02,0.6329,63630.0,20217.1,0.2609,0.4062,0.84,45.4239,43.6508,1.4725,2.2669,2.225,0.6289,0.6216,301105.0,243898.0,156659.0,957515.0,775596.0,47.568,3.48,2.84,0.0000,-0.10220614107334851,2.7197,0,29,120,2009-10-30
300026.SZ,2019-08-12,3.18,3.2,3.2,3.15,3.18,0.02,0.6289,53609.7,17036.7,0.2198,0.3422,0.71,45.7096,43.9254,1.4817,2.2811,2.239,0.625,0.6177,301105.0,243898.0,156659.0,963538.0,780474.0,47.568,3.5,2.86,0.0000,-0.5765763457315908,2.7197,0,29,120,2009-10-30
300026.SZ,2019-08-13,3.19,3.21,3.22,3.16,3.2,0.01,0.3125,45155.0,14373.6,0.1851,0.2882,0.62,45.8525,44.0626,1.4864,2.2882,2.246,0.6231,0.6158,301105.0,243898.0,156659.0,966549.0,782913.0,47.568,3.52,2.88,0.0000,0.46607806513418987,2.7197,0,29,120,2009-10-30
300026.SZ,2019-08-14,3.23,3.19,3.24,3.19,3.21,-0.02,-0.6231,57841.4,18627.4,0.2372,0.3692,1.03,45.5668,43.7881,1.4771,2.274,2.232,0.627,0.6197,301105.0,243898.0,156659.0,960526.0,778035.0,47.568,3.53,2.89,0.0000,0.08566294295067434,2.7197,0,29,120,2009-10-30
300026.SZ,2019-08-15,3.15,3.22,3.25,3.14,3.19,0.03,0.9404,69087.5,22109.7,0.2833,0.441,1.3,45.9953,44.1999,1.491,2.2954,2.253,0.6211,0.6139,301105.0,243898.0,156659.0,969560.0,785352.0,47.568,3.51,2.87,0.0000,0.2850923186308652,2.7197,0,29,120,2009-10-30
300026.SZ,2019-08-16,3.24,3.25,3.34,3.22,3.22,0.03,0.9317,121431.0,39681.8,0.4979,0.7751,2.1,46.4238,44.6117,1.5049,2.3168,2.274,0.6154,0.6082,301105.0,243898.0,156659.0,978593.0,792669.0,47.568,3.54,2.9,0.0000,0.08215624706824545,2.7197,0,29,120,2009-10-30
300026.SZ,2019-08-19,3.26,3.29,3.3,3.22,3.25,0.04,1.2308,110287.0,36026.4,0.4522,0.704,1.59,46.9952,45.1608,1.5234,2.3453,2.302,0.6079,0.6008,301105.0,243898.0,156659.0,990637.0,802425.0,47.568,3.58,2.93,0.0000,-0.2412816531335407,2.7197,0,29,120,2009-10-30
300026.SZ,2019-08-20,3.3,3.28,3.31,3.27,3.29,-0.01,-0.304,72470.5,23826.2,0.2971,0.4626,0.9,46.8524,45.0235,1.5188,2.3381,2.295,0.6098,0.6027,301105.0,243898.0,156659.0,987626.0,799986.0,47.568,3.62,2.96,0.0000,-0.17466886889292965,2.7197,0,29,120,2009-10-30
300026.SZ,2019-08-21,3.28,3.26,3.29,3.25,3.28,-0.02,-0.6098,60770.0,19856.8,0.2492,0.3879,0.7,46.5667,44.749,1.5095,2.3239,2.281,0.6135,0.6064,301105.0,243898.0,156659.0,981604.0,795108.0,47.568,3.61,2.95,0.0000,-0.0182625607616048,2.7197,0,29,120,2009-10-30
300026.SZ,2019-08-22,3.26,3.27,3.28,3.25,3.26,0.01,0.3067,60818.9,19858.3,0.2494,0.3882,0.7,46.7095,44.8862,1.5142,2.331,2.288,0.6116,0.6045,301105.0,243898.0,156659.0,984615.0,797547.0,47.568,3.59,2.93,0.0000,0.243162002807244,2.7197,0,29,120,2009-10-30
300026.SZ,2019-08-23,3.27,3.3,3.32,3.26,3.27,0.03,0.9174,106755.0,35211.7,0.4377,0.6814,1.25,47.138,45.298,1.5281,2.3524,2.309,0.6061,0.599,301105.0,243898.0,156659.0,993648.0,804864.0,47.568,3.6,2.94,0.0000,0.09266658558782492,2.7197,0,29,120,2009-10-30
300026.SZ,2019-08-26,3.25,3.31,3.35,3.24,3.3,0.01,0.303,136612.0,44986.1,0.5601,0.872,1.66,47.2809,45.4353,1.5327,2.3595,2.316,0.6042,0.5972,301105.0,243898.0,156659.0,996659.0,807303.0,47.568,3.63,2.97,0.0000,0.09386635445027793,2.7197,0,29,120,2009-10-30
300026.SZ,2019-08-27,3.3,3.5,3.54,3.29,3.31,0.19,5.7402,415463.0,143709.0,1.7034,2.652,4.75,49.9949,48.8903,1.5642,2.495,2.3172,0.5714,0.5648,301105.0,243898.0,156659.0,1053870.0,853643.0,47.568,3.64,2.98,0.0000,0.24608112859941317,2.6234,0,29,120,2009-10-30
300026.SZ,2019-08-28,3.46,3.42,3.5,3.41,3.5,-0.08,-2.2857,191593.0,66153.4,0.7855,1.223,1.23,48.8522,47.7728,1.5285,2.4379,2.2642,0.5848,0.578,301105.0,243898.0,156659.0,1029780.0,834132.0,47.568,3.85,3.15,0.0000,-0.35409111857747866,2.6234,0,29,120,2009-10-30
300026.SZ,2019-08-29,3.43,3.4,3.44,3.38,3.42,-0.02,-0.5848,129212.0,43975.4,0.5298,0.8248,0.71,48.5665,47.4934,1.5195,2.4237,2.251,0.5882,0.5814,301105.0,243898.0,156659.0,1023760.0,829254.0,47.568,3.76,3.08,0.0000,0.02074374371246973,2.6234,0,29,120,2009-10-30
300026.SZ,2019-08-30,3.42,3.34,3.43,3.32,3.4,-0.06,-1.7647,127472.0,42866.0,0.5226,0.8137,0.65,47.7094,46.6553,1.4927,2.3809,2.2113,0.5988,0.5918,301105.0,243898.0,156659.0,1005690.0,814620.0,47.568,3.74,3.06,0.0000,-0.17181299126139343,2.6234,0,29,120,2009-10-30
300026.SZ,2019-09-02,3.36,3.41,3.45,3.34,3.34,0.07,2.0958,136034.0,46429.2,0.5578,0.8683,0.68,48.7093,47.6331,1.524,2.4308,2.2576,0.5865,0.5797,301105.0,243898.0,156659.0,1026770.0,831692.0,47.568,3.67,3.01,0.0000,-0.10202930355288901,2.6234,0,29,120,2009-10-30
300026.SZ,2019-09-03,3.44,3.43,3.45,3.4,3.41,0.02,0.5865,105081.0,36020.1,0.4308,0.6708,0.53,48.995,47.9125,1.533,2.4451,2.2709,0.5831,0.5763,301105.0,243898.0,156659.0,1032790.0,836570.0,47.568,3.75,3.07,0.0000,-0.3258001812176056,2.6234,0,29,120,2009-10-30
300026.SZ,2019-09-04,3.42,3.43,3.43,3.37,3.43,0.0,0.0,152016.0,51688.6,0.6233,0.9704,1.1,48.995,47.9125,1.533,2.4451,2.2709,0.5831,0.5763,301105.0,243898.0,156659.0,1032790.0,836570.0,47.568,3.77,3.09,0.0000,-0.4325193420758119,2.6234,0,29,120,2009-10-30
300026.SZ,2019-09-05,3.44,3.43,3.47,3.42,3.43,0.0,0.0,164587.0,56672.1,0.6748,1.0506,1.27,48.995,47.9125,1.533,2.4451,2.2709,0.5831,0.5763,301105.0,243898.0,156659.0,1032790.0,836570.0,47.568,3.77,3.09,0.0000,-0.022914480050688545,2.6234,0,29,120,2009-10-30
300026.SZ,2019-09-06,3.44,3.44,3.45,3.41,3.43,0.01,0.2915,101907.0,34976.3,0.4178,0.6505,0.74,49.1378,48.0522,1.5374,2.4522,2.2775,0.5814,0.5746,301105.0,243898.0,156659.0,1035800.0,839010.0,47.568,3.77,3.09,0.0000,0.1467116646412713,2.6234,0,29,120,2009-10-30
300026.SZ,2019-09-09,3.47,3.45,3.48,3.43,3.44,0.01,0.2907,112926.0,38941.0,0.463,0.7208,0.86,49.2807,48.1919,1.5419,2.4593,2.2841,0.5797,0.573,301105.0,243898.0,156659.0,1038810.0,841448.0,47.568,3.78,3.1,0.0000,0.17718611730452233,2.6234,0,29,120,2009-10-30
300026.SZ,2019-09-10,3.46,3.5,3.51,3.45,3.45,0.05,1.4493,158780.0,55263.7,0.651,1.0135,1.25,49.9949,48.8903,1.5642,2.495,2.3172,0.5714,0.5648,301105.0,243898.0,156659.0,1053870.0,853643.0,47.568,3.8,3.11,0.0000,0.25820366073167744,2.6234,0,29,120,2009-10-30
300026.SZ,2019-09-11,3.5,3.47,3.51,3.46,3.5,-0.03,-0.8571,110614.0,38515.1,0.4535,0.7061,0.8,49.5664,48.4712,1.5508,2.4736,2.2973,0.5764,0.5697,301105.0,243898.0,156659.0,1044840.0,846326.0,47.568,3.85,3.15,0.0000,-0.0673359411854357,2.6234,0,29,120,2009-10-30
300026.SZ,2019-09-12,3.46,3.48,3.5,3.46,3.47,0.01,0.2882,81100.3,28220.4,0.3325,0.5177,0.62,49.7092,48.6109,1.5553,2.4807,2.304,0.5747,0.568,301105.0,243898.0,156659.0,1047850.0,848765.0,47.568,3.82,3.12,0.0000,0.20980946506972178,2.6234,0,29,120,2009-10-30
300026.SZ,2019-09-16,3.49,3.48,3.51,3.46,3.48,0.0,0.0,114073.0,39717.2,0.4677,0.7282,1.01,49.7092,48.6109,1.5553,2.4807,2.304,0.5747,0.568,301105.0,243898.0,156659.0,1047850.0,848765.0,47.568,3.83,3.13,0.0000,0.28920238628634454,2.6234,0,29,120,2009-10-30
300026.SZ,2019-09-17,3.48,3.4,3.48,3.39,3.48,-0.08,-2.2989,94371.6,32276.6,0.3869,0.6024,0.82,48.5665,47.4934,1.5195,2.4237,2.251,0.5882,0.5814,301105.0,243898.0,156659.0,1023760.0,829254.0,47.568,3.83,3.13,0.0000,-0.5171436818081051,2.6234,0,29,120,2009-10-30
300026.SZ,2019-09-18,3.41,3.44,3.46,3.4,3.4,0.04,1.1765,93742.6,32123.7,0.3844,0.5984,0.84,49.1378,48.0522,1.5374,2.4522,2.2775,0.5814,0.5746,301105.0,243898.0,156659.0,1035800.0,839010.0,47.568,3.74,3.06,0.0000,0.20178449797433035,2.6234,0,29,120,2009-10-30
300026.SZ,2019-09-19,3.45,3.42,3.47,3.4,3.44,-0.02,-0.5814,104412.0,35867.7,0.4281,0.6665,1.06,48.8522,47.7728,1.5285,2.4379,2.2642,0.5848,0.578,301105.0,243898.0,156659.0,1029780.0,834132.0,47.568,3.78,3.1,0.0000,0.18008892619604439,2.6234,0,29,120,2009-10-30
300026.SZ,2019-09-20,3.44,3.42,3.45,3.4,3.42,0.0,0.0,76183.1,26068.5,0.3124,0.4863,0.78,48.8522,47.7728,1.5285,2.4379,2.2642,0.5848,0.578,301105.0,243898.0,156659.0,1029780.0,834132.0,47.568,3.76,3.08,0.0000,-0.2188355850327604,2.6234,0,29,120,2009-10-30
300026.SZ,2019-09-23,3.45,3.44,3.47,3.41,3.42,0.02,0.5848,163988.0,56493.7,0.6724,1.0468,1.7,49.1378,48.0522,1.5374,2.4522,2.2775,0.5814,0.5746,301105.0,243898.0,156659.0,1035800.0,839010.0,47.568,3.76,3.08,0.0000,0.20298621628005972,2.6234,0,29,120,2009-10-30
300026.SZ,2019-09-24,3.43,3.42,3.46,3.4,3.44,-0.02,-0.5814,125553.0,43116.6,0.5148,0.8172,1.18,48.8522,47.7728,1.5285,2.4379,2.2642,0.5848,0.578,301105.0,243898.0,153639.0,1029780.0,834132.0,47.568,3.78,3.1,0.0000,-0.2280334107262433,2.6234,0,29,120,2009-10-30
300026.SZ,2019-09-25,3.41,3.4,3.43,3.4,3.42,-0.02,-0.5848,109124.0,37219.3,0.4474,0.7103,0.97,48.5665,47.4934,1.5195,2.4237,2.251,0.5882,0.5814,301105.0,243898.0,153639.0,1023760.0,829254.0,47.568,3.76,3.08,0.0000,0.3306467540580089,2.6234,0,29,120,2009-10-30
300026.SZ,2019-09-26,3.4,3.4,3.43,3.38,3.4,0.0,0.0,107140.0,36498.3,0.4393,0.6974,0.92,48.5665,47.4934,1.5195,2.4237,2.251,0.5882,0.5814,301105.0,243898.0,153639.0,1023760.0,829254.0,47.568,3.74,3.06,0.0000,0.14338418787587218,2.6234,0,29,120,2009-10-30
300026.SZ,2019-09-27,3.38,3.38,3.41,3.38,3.4,-0.02,-0.5882,90668.5,30743.2,0.3726,0.5901,0.78,48.195,47.1302,1.5079,2.4052,2.2338,0.5928,0.5859,300570.0,243363.0,153639.0,1015930.0,822567.0,47.568,3.74,3.06,0.0000,0.21956282858746337,2.6234,0,29,120,2009-10-30
300026.SZ,2019-09-30,3.38,3.34,3.4,3.34,3.38,-0.04,-1.1834,59872.0,20150.2,0.246,0.3911,0.5,47.6246,46.5724,1.4901,2.3767,2.2074,0.5999,0.5929,300570.0,243363.0,153104.0,1003910.0,812833.0,47.568,3.72,3.04,0.0000,-0.27761720664484985,2.6234,0,29,120,2009-10-30
300026.SZ,2019-10-08,3.35,3.33,3.39,3.32,3.34,-0.01,-0.2994,78952.1,26513.0,0.3244,0.5157,0.8,47.4821,46.433,1.4856,2.3696,2.2007,0.6017,0.5947,300570.0,243363.0,153104.0,1000900.0,810399.0,47.568,3.67,3.01,0.0000,0.09087544093022326,2.6234,0,29,120,2009-10-30
300026.SZ,2019-10-09,3.34,3.35,3.37,3.32,3.33,0.02,0.6006,82722.1,27639.5,0.3399,0.5403,0.93,47.7672,46.7119,1.4945,2.3838,2.214,0.5981,0.5911,300570.0,243363.0,153104.0,1006910.0,815266.0,47.568,3.66,3.0,0.0000,0.0349101544928805,2.6234,0,29,120,2009-10-30
300026.SZ,2019-10-10,3.36,3.44,3.47,3.34,3.35,0.09,2.6866,131388.0,44837.3,0.5399,0.8582,1.57,49.0505,47.9668,1.5347,2.4478,2.2734,0.5824,0.5757,300570.0,243363.0,153104.0,1033960.0,837169.0,47.568,3.69,3.02,0.0000,0.10200966506895479,2.6234,0,29,120,2009-10-30
300026.SZ,2019-10-11,3.46,3.46,3.47,3.42,3.44,0.02,0.5814,136403.0,47089.3,0.5605,0.8909,1.54,49.3357,48.2457,1.5436,2.4621,2.2867,0.5791,0.5723,300570.0,243363.0,153104.0,1039970.0,842036.0,47.568,3.78,3.1,0.0000,-0.18734724381371481,2.6234,0,29,120,2009-10-30
300026.SZ,2019-10-14,3.45,3.47,3.49,3.44,3.46,0.01,0.289,121935.0,42259.9,0.501,0.7964,1.25,49.4783,48.3851,1.5481,2.4692,2.2933,0.5774,0.5707,300570.0,243363.0,153104.0,1042980.0,844470.0,47.568,3.81,3.11,0.0000,-0.36014892171962676,2.6234,0,29,120,2009-10-30
300026.SZ,2019-10-15,3.5,3.45,3.51,3.43,3.47,-0.02,-0.5764,108676.0,37618.9,0.4466,0.7098,0.99,49.1931,48.1062,1.5392,2.455,2.28,0.5807,0.574,300570.0,243363.0,153104.0,1036970.0,839603.0,47.568,3.82,3.12,0.0000,-0.06484253161762342,2.6234,0,29,120,2009-10-30
300026.SZ,2019-10-16,3.46,3.4,3.48,3.4,3.45,-0.05,-1.4493,86055.6,29523.1,0.3536,0.5621,0.74,48.4802,47.4091,1.5168,2.4194,2.247,0.5893,0.5824,300570.0,243363.0,153104.0,1021940.0,827435.0,47.568,3.8,3.11,0.0000,-0.19847076918493947,2.6234,0,29,120,2009-10-30
300026.SZ,2019-10-17,3.4,3.38,3.43,3.38,3.4,-0.02,-0.5882,81269.3,27590.8,0.3339,0.5308,0.7,48.195,47.1302,1.5079,2.4052,2.2338,0.5928,0.5859,300570.0,243363.0,153104.0,1015930.0,822567.0,47.568,3.74,3.06,0.0000,0.186737373847803,2.6234,0,29,120,2009-10-30
300026.SZ,2019-10-18,3.39,3.36,3.41,3.35,3.38,-0.02,-0.5917,74726.5,25220.8,0.3071,0.4881,0.7,47.9098,46.8513,1.499,2.3909,2.2206,0.5963,0.5894,300570.0,243363.0,153104.0,1009920.0,817700.0,47.568,3.72,3.04,0.0000,0.0728777592267098,2.6234,0,29,120,2009-10-30
300026.SZ,2019-10-21,3.36,3.34,3.37,3.33,3.36,-0.02,-0.5952,74903.7,25031.2,0.3078,0.4892,0.79,47.6246,46.5724,1.4901,2.3767,2.2074,0.5999,0.5929,300570.0,243363.0,153104.0,1003910.0,812833.0,47.568,3.7,3.02,0.0000,-0.024067292644426787,2.6234,0,29,120,2009-10-30
300026.SZ,2019-10-22,3.35,3.37,3.39,3.34,3.34,0.03,0.8982,76012.0,25539.5,0.3123,0.4965,0.89,48.0524,46.9907,1.5035,2.398,2.2272,0.5945,0.5876,300570.0,243363.0,153104.0,1012920.0,820134.0,47.568,3.67,3.01,0.0000,0.010627234324536801,2.6234,0,29,120,2009-10-30
300026.SZ,2019-10-23,3.38,3.35,3.38,3.34,3.37,-0.02,-0.5935,54688.5,18375.1,0.2247,0.3572,0.7,47.7672,46.7119,1.4945,2.3838,2.214,0.5981,0.5911,300570.0,243363.0,153104.0,1006910.0,815266.0,47.568,3.71,3.03,0.0000,-0.21539714286366848,2.6234,0,29,120,2009-10-30
300026.SZ,2019-10-24,3.35,3.36,3.36,3.32,3.35,0.01,0.2985,59365.1,19831.7,0.2439,0.3877,0.82,47.9098,46.8513,1.499,2.3909,2.2206,0.5963,0.5894,300570.0,243363.0,153104.0,1009920.0,817700.0,47.568,3.69,3.02,0.0000,0.012918216130994323,2.6234,0,29,120,2009-10-30
300026.SZ,2019-10-25,3.35,3.38,3.38,3.33,3.36,0.02,0.5952,71893.5,24104.3,0.2954,0.4696,1.06,48.195,47.1302,1.5079,2.4052,2.2338,0.5928,0.5859,300570.0,243363.0,153104.0,1015930.0,822567.0,47.568,3.7,3.02,0.0000,0.13146549719650924,2.6234,0,29,120,2009-10-30
300026.SZ,2019-10-28,3.39,3.42,3.43,3.37,3.38,0.04,1.1834,106029.0,36013.8,0.4357,0.6925,1.57,48.7654,47.6879,1.5258,2.4336,2.2602,0.5858,0.579,300570.0,243363.0,153104.0,1027950.0,832302.0,47.568,3.72,3.04,0.0000,0.06783229636370922,2.6234,0,29,120,2009-10-30
300026.SZ,2019-10-29,3.42,3.41,3.45,3.4,3.42,-0.01,-0.2924,116220.0,39815.9,0.4776,0.7591,1.58,48.6228,38.8497,1.4822,2.4265,2.137,0.5876,0.5807,300570.0,243363.0,153104.0,1024950.0,829868.0,47.568,3.76,3.08,0.0000,-0.02506677293715135,2.2935,0,29,120,2009-10-30
300026.SZ,2019-10-30,3.41,3.38,3.42,3.37,3.41,-0.03,-0.8798,94663.6,32113.8,0.389,0.6231,1.16,48.195,38.5079,1.4691,2.4052,2.1182,0.5928,0.5859,300570.0,243363.0,151931.0,1015930.0,822567.0,47.568,3.75,3.07,0.0000,-0.4035071530681267,2.2935,0,29,120,2009-10-30
300026.SZ,2019-10-31,3.38,3.43,3.43,3.38,3.38,0.05,1.4793,116774.0,39876.8,0.4798,0.7686,1.3,48.9079,39.0775,1.4909,2.4407,2.1495,0.5841,0.5773,300570.0,243363.0,151931.0,1030960.0,834735.0,47.568,3.72,3.04,0.0000,-0.28810478565880443,2.2935,0,29,120,2009-10-30
300026.SZ,2019-11-01,3.41,3.42,3.43,3.4,3.43,-0.01,-0.2915,103570.0,35345.6,0.4256,0.6817,1.02,48.7654,38.9636,1.4865,2.4336,2.1432,0.5858,0.579,300570.0,243363.0,151931.0,1027950.0,832302.0,47.568,3.77,3.09,0.0000,0.09037554883624119,2.2935,0,29,120,2009-10-30
300026.SZ,2019-11-04,3.42,3.44,3.45,3.41,3.42,0.02,0.5848,124975.0,42872.1,0.5135,0.8226,1.16,49.0505,39.1914,1.4952,2.4478,2.1558,0.5824,0.5757,300570.0,243363.0,151931.0,1033960.0,837169.0,47.568,3.76,3.08,0.0000,0.08232711337331508,2.2935,0,29,120,2009-10-30
300026.SZ,2019-11-05,3.43,3.47,3.48,3.42,3.44,0.03,0.8721,143365.0,49552.1,0.5891,0.9436,1.29,49.4783,39.5332,1.5082,2.4692,2.1746,0.5774,0.5707,300570.0,243363.0,151931.0,1042980.0,844470.0,47.568,3.78,3.1,0.0000,0.31108221975119904,2.2935,0,29,120,2009-10-30
300026.SZ,2019-11-06,3.48,3.43,3.48,3.41,3.47,-0.04,-1.1527,98626.0,33927.1,0.4053,0.6491,0.85,48.9079,39.0775,1.4909,2.4407,2.1495,0.5841,0.5773,300570.0,243363.0,151931.0,1030960.0,834735.0,47.568,3.82,3.12,0.0000,-0.009662941735815162,2.2935,0,29,120,2009-10-30
300026.SZ,2019-11-07,3.43,3.44,3.46,3.41,3.43,0.01,0.2915,86118.1,29643.4,0.3539,0.5668,0.73,49.0505,39.1914,1.4952,2.4478,2.1558,0.5824,0.5757,300570.0,243363.0,151931.0,1033960.0,837169.0,47.568,3.77,3.09,0.0000,-0.48595102805604157,2.2935,0,29,120,2009-10-30
300026.SZ,2019-11-08,3.46,3.46,3.48,3.44,3.44,0.02,0.5814,104725.0,36259.1,0.4303,0.6893,0.94,49.3357,39.4193,1.5039,2.4621,2.1683,0.5791,0.5723,300570.0,243363.0,151931.0,1039970.0,842036.0,47.568,3.78,3.1,0.0000,0.012380715364756448,2.2935,0,29,120,2009-10-30
300026.SZ,2019-11-11,3.46,3.37,3.46,3.36,3.46,-0.09,-2.6012,120083.0,40905.9,0.4934,0.7904,1.08,48.0524,38.3939,1.4648,2.398,2.1119,0.5945,0.5876,300570.0,243363.0,151931.0,1012920.0,820134.0,47.568,3.81,3.11,0.0000,0.16252525393178185,2.2935,0,29,120,2009-10-30
300026.SZ,2019-11-12,3.36,3.38,3.4,3.36,3.37,0.01,0.2967,60726.6,20510.7,0.2495,0.3997,0.55,48.195,38.5079,1.4691,2.4052,2.1182,0.5928,0.5859,300570.0,243363.0,151931.0,1015930.0,822567.0,47.568,3.71,3.03,0.0000,-0.08404660492518873,2.2935,0,29,120,2009-10-30
300026.SZ,2019-11-13,3.38,3.37,3.39,3.35,3.38,-0.01,-0.2959,65829.0,22196.0,0.2705,0.4333,0.7,48.0524,38.3939,1.4648,2.398,2.1119,0.5945,0.5876,300570.0,243363.0,151931.0,1012920.0,820134.0,47.568,3.72,3.04,0.0000,-0.1763308573341617,2.2935,0,29,120,2009-10-30
300026.SZ,2019-11-14,3.37,3.38,3.4,3.37,3.37,0.01,0.2967,68517.8,23192.5,0.2815,0.451,0.78,48.195,38.5079,1.4691,2.4052,2.1182,0.5928,0.5859,300570.0,243363.0,151931.0,1015930.0,822567.0,47.568,3.71,3.03,0.0000,-0.04634579457663704,2.2935,0,29,120,2009-10-30
300026.SZ,2019-11-15,3.45,3.36,3.48,3.36,3.38,-0.02,-0.5917,194232.0,66373.2,0.7981,1.2784,2.31,47.9098,38.28,1.4604,2.3909,2.1056,0.5963,0.5894,300570.0,243363.0,151931.0,1009920.0,817700.0,47.568,3.72,3.04,0.0000,-0.14706544040121228,2.2935,0,29,120,2009-10-30
300026.SZ,2019-11-18,3.35,3.37,3.39,3.33,3.36,0.01,0.2976,100376.0,33815.6,0.4125,0.6607,0.99,48.0524,38.3939,1.4648,2.398,2.1119,0.5945,0.5876,300570.0,243363.0,151931.0,1012920.0,820134.0,47.568,3.7,3.02,0.0000,0.11204888996239484,2.2935,0,29,120,2009-10-30
300026.SZ,2019-11-19,3.36,3.44,3.45,3.36,3.37,0.07,2.0772,104465.0,35681.3,0.4293,0.6876,1.07,49.0505,39.1914,1.4952,2.4478,2.1558,0.5824,0.5757,300570.0,243363.0,151931.0,1033960.0,837169.0,47.568,3.71,3.03,0.0000,-0.14165760045487377,2.2935,0,29,120,2009-10-30
300026.SZ,2019-11-20,3.43,3.56,3.73,3.41,3.44,0.12,3.4884,580005.0,207832.0,2.3833,3.8643,5.44,50.7616,40.5586,1.5474,2.5332,2.231,0.5628,0.5563,300570.0,243363.0,150091.0,1070030.0,866373.0,47.568,3.78,3.1,0.0000,0.14558503493257222,2.2935,0,29,120,2009-10-30
300026.SZ,2019-11-21,3.58,3.59,3.62,3.5,3.56,0.03,0.8427,313517.0,111788.0,1.2883,2.0888,1.5,51.1894,40.9004,1.5604,2.5546,2.2498,0.5581,0.5516,300570.0,243363.0,150091.0,1079050.0,873674.0,47.568,3.92,3.2,0.0000,-0.11753857542197244,2.2935,0,29,120,2009-10-30
300026.SZ,2019-11-22,3.57,3.55,3.62,3.51,3.59,-0.04,-1.1142,236017.0,83837.2,0.9698,1.5725,0.91,50.619,40.4447,1.543,2.5261,2.2247,0.5644,0.5578,300570.0,243363.0,150091.0,1067030.0,863939.0,47.568,3.95,3.23,0.0000,0.03153142703552245,2.2935,0,29,120,2009-10-30
300026.SZ,2019-11-25,3.56,3.57,3.66,3.52,3.55,0.02,0.5634,304746.0,109326.0,1.2522,2.0304,1.14,50.9042,40.6725,1.5517,2.5404,2.2372,0.5612,0.5547,300570.0,243363.0,150091.0,1073040.0,868806.0,47.568,3.91,3.2,0.0000,-0.05756881018216888,2.2935,0,29,120,2009-10-30
300026.SZ,2019-11-26,3.59,3.49,3.62,3.44,3.57,-0.08,-2.2409,539170.0,188590.0,2.2155,3.5923,1.75,49.7635,39.7611,1.5169,2.4834,2.1871,0.5741,0.5674,300570.0,243363.0,150091.0,1048990.0,849337.0,47.568,3.93,3.21,0.0000,0.3649033343765491,2.2935,0,29,120,2009-10-30
300026.SZ,2019-11-27,3.48,3.41,3.48,3.39,3.49,-0.08,-2.2923,269198.0,92248.2,1.1062,1.7936,0.68,48.6228,38.8497,1.4822,2.4265,2.137,0.5876,0.5807,300570.0,243363.0,150091.0,1024950.0,829868.0,47.568,3.84,3.14,0.0000,-0.19241131714576043,2.2935,0,29,120,2009-10-30
300026.SZ,2019-11-28,3.41,3.43,3.45,3.38,3.41,0.02,0.5865,142494.0,48650.5,0.5855,0.9494,0.43,48.9079,39.0775,1.4909,2.4407,2.1495,0.5841,0.5773,300570.0,243363.0,150091.0,1030960.0,834735.0,47.568,3.75,3.07,0.0000,0.23925517877953953,2.2935,0,29,120,2009-10-30
300026.SZ,2019-11-29,3.49,3.48,3.56,3.45,3.43,0.05,1.4577,245788.0,85667.4,1.01,1.6376,0.82,49.6209,39.6472,1.5126,2.4763,2.1808,0.5757,0.569,300570.0,243363.0,150091.0,1045990.0,846904.0,47.568,3.77,3.09,0.0000,-0.12859522952435393,2.2935,0,29,120,2009-10-30
300026.SZ,2019-12-02,3.45,3.39,3.46,3.39,3.48,-0.09,-2.5862,259076.0,88333.6,1.0646,1.7261,0.86,48.3376,38.6218,1.4735,2.4123,2.1244,0.591,0.5842,300570.0,243363.0,150091.0,1018930.0,825001.0,47.568,3.83,3.13,0.0000,-0.1422885075736217,2.2935,0,29,120,2009-10-30
300026.SZ,2019-12-03,3.39,3.39,3.41,3.37,3.39,0.0,0.0,133466.0,45165.1,0.5484,0.8892,0.46,48.3376,38.6218,1.4735,2.4123,2.1244,0.591,0.5842,300570.0,243363.0,150091.0,1018930.0,825001.0,47.568,3.73,3.05,0.0000,-0.2732321734629199,2.2935,0,29,120,2009-10-30
300026.SZ,2019-12-04,3.39,3.4,3.43,3.38,3.39,0.01,0.295,117074.0,39849.4,0.4811,0.78,0.56,48.4802,38.7357,1.4778,2.4194,2.1307,0.5893,0.5824,300570.0,243363.0,150091.0,1021940.0,827435.0,47.568,3.73,3.05,0.0000,0.014125613718960726,2.2935,0,29,120,2009-10-30
300026.SZ,2019-12-05,3.41,3.44,3.45,3.39,3.4,0.04,1.1765,159231.0,54414.5,0.6543,1.0609,0.89,49.0505,39.1914,1.4952,2.4478,2.1558,0.5824,0.5757,300570.0,243363.0,150091.0,1033960.0,837169.0,47.568,3.74,3.06,0.0000,0.22597198689802625,2.2935,0,29,120,2009-10-30
300026.SZ,2019-12-06,3.44,3.43,3.44,3.4,3.44,-0.01,-0.2907,101010.0,34475.6,0.4151,0.673,0.55,48.9079,39.0775,1.4909,2.4407,2.1495,0.5841,0.5773,300570.0,243363.0,150091.0,1030960.0,834735.0,47.568,3.78,3.1,0.0000,-0.05705474404693905,2.2935,0,29,120,2009-10-30
300026.SZ,2019-12-09,3.43,3.39,3.44,3.36,3.43,-0.04,-1.1662,158675.0,53735.9,0.652,1.0572,1.03,48.3376,38.6218,1.4735,2.4123,2.1244,0.591,0.5842,300570.0,243363.0,150091.0,1018930.0,825001.0,47.568,3.77,3.09,0.0000,-0.2763636184358843,2.2935,0,29,120,2009-10-30
300026.SZ,2019-12-10,3.41,3.4,3.42,3.39,3.39,0.01,0.295,143268.0,48776.3,0.5887,0.9733,1.07,48.4802,38.7357,1.4778,2.4194,2.1307,0.5893,0.5824,300570.0,243363.0,147206.0,1021940.0,827435.0,47.568,3.73,3.05,0.0000,-0.22287785924791603,2.2935,0,29,120,2009-10-30
300026.SZ,2019-12-11,3.4,3.41,3.41,3.38,3.4,0.01,0.2941,115492.0,39211.8,0.4746,0.7846,0.85,48.6228,38.8497,1.4822,2.4265,2.137,0.5876,0.5807,300570.0,243363.0,147206.0,1024950.0,829868.0,47.568,3.74,3.06,0.0000,0.14706590655522236,2.2935,0,29,120,2009-10-30
300026.SZ,2019-12-12,3.39,3.38,3.41,3.38,3.41,-0.03,-0.8798,102768.0,34810.4,0.4223,0.6981,0.76,48.195,38.5079,1.4691,2.4052,2.1182,0.5928,0.5859,300570.0,243363.0,147206.0,1015930.0,822567.0,47.568,3.75,3.07,0.0000,-0.07683443330324603,2.2935,0,29,120,2009-10-30
300026.SZ,2019-12-13,3.39,3.38,3.4,3.37,3.38,0.0,0.0,195136.0,66102.8,0.8018,1.3256,1.57,48.195,38.5079,1.4691,2.4052,2.1182,0.5928,0.5859,300570.0,243363.0,147206.0,1015930.0,822567.0,47.568,3.72,3.04,0.0000,-0.17636514614295076,2.2935,0,29,120,2009-10-30
300026.SZ,2019-12-16,3.38,3.42,3.43,3.38,3.38,0.04,1.1834,172288.0,58574.9,0.7079,1.1704,1.2,48.7654,38.9636,1.4865,2.4336,2.1432,0.5858,0.579,300570.0,243363.0,147206.0,1027950.0,832302.0,47.568,3.72,3.04,0.0000,0.0671380616150216,2.2935,0,29,120,2009-10-30
300026.SZ,2019-12-17,3.43,3.45,3.46,3.41,3.42,0.03,0.8772,232128.0,79780.1,0.9538,1.5769,1.59,49.1931,39.3054,1.4996,2.455,2.162,0.5807,0.574,300570.0,243363.0,147206.0,1036970.0,839603.0,47.568,3.76,3.08,0.0000,-0.02211539676231021,2.2935,0,29,120,2009-10-30
300026.SZ,2019-12-18,3.45,3.44,3.47,3.43,3.45,-0.01,-0.2899,171762.0,59252.4,0.7058,1.1668,1.05,49.0505,39.1914,1.4952,2.4478,2.1558,0.5824,0.5757,300570.0,243363.0,147206.0,1033960.0,837169.0,47.568,3.8,3.11,0.0000,-0.2695608591912739,2.2935,0,29,120,2009-10-30
300026.SZ,2019-12-19,3.44,3.49,3.5,3.43,3.44,0.05,1.4535,227641.0,79056.6,0.9354,1.5464,1.3,49.7635,39.7611,1.5169,2.4834,2.1871,0.5741,0.5674,300570.0,243363.0,147206.0,1048990.0,849337.0,47.568,3.78,3.1,0.0000,-0.07872230077571979,2.2935,0,29,120,2009-10-30
300026.SZ,2019-12-20,3.48,3.46,3.52,3.45,3.49,-0.03,-0.8596,167034.0,58088.4,0.6864,1.1347,0.84,49.3357,39.4193,1.5039,2.4621,2.1683,0.5791,0.5723,300570.0,243363.0,147206.0,1039970.0,842036.0,47.568,3.84,3.14,0.0000,-0.2120057556953653,2.2935,0,29,120,2009-10-30
300026.SZ,2019-12-23,3.46,3.4,3.46,3.4,3.46,-0.06,-1.7341,148499.0,50866.0,0.6102,1.0088,0.76,48.4802,38.7357,1.4778,2.4194,2.1307,0.5893,0.5824,300570.0,243363.0,147206.0,1021940.0,827435.0,47.568,3.81,3.11,0.0000,-0.22184816695642867,2.2935,0,29,120,2009-10-30
300026.SZ,2019-12-24,3.39,3.42,3.43,3.39,3.4,0.02,0.5882,121368.0,41352.6,0.4987,0.8245,0.64,48.7654,38.9636,1.4865,2.4336,2.1432,0.5858,0.579,300570.0,243363.0,147206.0,1027950.0,832302.0,47.568,3.74,3.06,0.0000,-0.05502292076685523,2.2935,0,29,120,2009-10-30
300026.SZ,2019-12-25,3.41,3.41,3.42,3.39,3.42,-0.01,-0.2924,105278.0,35828.9,0.4326,0.7152,0.63,48.6228,38.8497,1.4822,2.4265,2.137,0.5876,0.5807,300570.0,243363.0,147206.0,1024950.0,829868.0,47.568,3.76,3.08,0.0000,0.23540877618515574,2.2935,0,29,120,2009-10-30
300026.SZ,2019-12-26,3.42,3.42,3.45,3.41,3.41,0.01,0.2933,150083.0,51432.4,0.6167,1.0195,0.97,48.7654,38.9636,1.4865,2.4336,2.1432,0.5858,0.579,300570.0,243363.0,147206.0,1027950.0,832302.0,47.568,3.75,3.07,0.0000,-0.1443506894370374,2.2935,0,29,120,2009-10-30
300026.SZ,2019-12-27,3.42,3.4,3.44,3.4,3.42,-0.02,-0.5848,129246.0,44239.1,0.5311,0.878,0.93,48.4802,38.7357,1.4778,2.4194,2.1307,0.5893,0.5824,300570.0,243363.0,147206.0,1021940.0,827435.0,47.568,3.76,3.08,0.0000,-0.1660686947907245,2.2935,0,29,120,2009-10-30
300026.SZ,2019-12-30,3.39,3.45,3.45,3.38,3.4,0.05,1.4706,167368.0,57233.5,0.6877,1.137,1.28,49.1931,39.3054,1.4996,2.455,2.162,0.5807,0.574,300570.0,243363.0,147206.0,1036970.0,839603.0,47.568,3.74,3.06,0.0000,-0.20092184603886032,2.2935,0,29,120,2009-10-30
300026.SZ,2019-12-31,3.44,3.51,3.54,3.43,3.45,0.06,1.7391,266514.0,93092.2,1.0951,1.8105,1.98,50.0487,39.9889,1.5256,2.4977,2.1996,0.5708,0.5642,300570.0,243363.0,147206.0,1055000.0,854204.0,47.568,3.8,3.11,0.0000,0.07382785685305415,2.2935,0,29,120,2009-10-30
300026.SZ,2020-01-02,3.53,3.51,3.53,3.48,3.51,0.0,0.0,237928.0,83511.5,0.9777,1.6163,1.45,50.0487,39.9889,1.5256,2.4977,2.1996,0.5642,0.5642,300570.0,243363.0,147206.0,1055000.0,854204.0,47.5683,3.86,3.16,0.0000,-0.32207389011057225,2.2935,0,29,120,2009-10-30
300026.SZ,2020-01-03,3.51,3.52,3.52,3.48,3.51,0.01,0.2849,157038.0,54999.2,0.6453,1.0668,0.83,50.1912,40.1029,1.53,2.5048,2.2059,0.5626,0.5626,300570.0,243363.0,147206.0,1058010.0,856638.0,47.5683,3.86,3.16,0.0000,0.033727999484527295,2.2935,0,29,120,2009-10-30
300026.SZ,2020-01-06,3.51,3.52,3.55,3.48,3.52,0.0,0.0,233983.0,82265.7,0.9615,1.5895,1.22,50.1912,40.1029,1.53,2.5048,2.2059,0.5626,0.5626,300570.0,243363.0,147206.0,1058010.0,856638.0,47.5683,3.87,3.17,0.0000,0.022747278413132125,2.2935,0,29,120,2009-10-30
300026.SZ,2020-01-07,3.52,3.59,3.61,3.51,3.52,0.07,1.9886,391622.0,140008.0,1.6092,2.6604,1.84,51.1894,40.9004,1.5604,2.5546,2.2498,0.5516,0.5516,300570.0,243363.0,147206.0,1079050.0,873674.0,47.5683,3.87,3.17,0.0000,0.17428477874186393,2.2935,0,29,120,2009-10-30
300026.SZ,2020-01-08,3.57,3.52,3.57,3.51,3.59,-0.07,-1.9499,219306.0,77738.7,0.9011,1.4898,0.85,50.1912,40.1029,1.53,2.5048,2.2059,0.5626,0.5626,300570.0,243363.0,147206.0,1058010.0,856638.0,47.5683,3.95,3.23,0.0000,-0.2123291046639045,2.2935,0,29,120,2009-10-30
300026.SZ,2020-01-09,3.54,3.57,3.58,3.53,3.52,0.05,1.4205,159505.0,56769.4,0.6554,1.0836,0.64,50.9042,40.6725,1.5517,2.5404,2.2372,0.5547,0.5547,300570.0,243363.0,147206.0,1073040.0,868806.0,47.5683,3.87,3.17,0.0000,-0.13875779992879625,2.2935,0,29,120,2009-10-30
300026.SZ,2020-01-10,3.58,3.54,3.58,3.51,3.57,-0.03,-0.8403,164212.0,58036.7,0.6748,1.1155,0.71,50.4764,40.3307,1.5387,2.519,2.2184,0.5594,0.5594,300570.0,243363.0,147206.0,1064020.0,861505.0,47.5683,3.93,3.21,0.0000,-0.27464179625588153,2.2935,0,29,120,2009-10-30
300026.SZ,2020-01-13,3.54,3.55,3.56,3.5,3.54,0.01,0.2825,184812.0,65137.1,0.7594,1.2555,0.79,50.619,40.4447,1.543,2.5261,2.2247,0.5578,0.5578,300570.0,243363.0,147206.0,1067030.0,863939.0,47.5683,3.89,3.19,0.0000,-0.13916997865718314,2.2935,0,29,120,2009-10-30
300026.SZ,2020-01-14,3.55,3.57,3.6,3.55,3.55,0.02,0.5634,193052.0,68955.8,0.7933,1.3114,0.86,50.9042,40.6725,1.5517,2.5404,2.2372,0.5547,0.5547,300570.0,243363.0,147206.0,1073040.0,868806.0,47.5683,3.91,3.2,0.0000,-0.20900096155748563,2.2935,0,29,120,2009-10-30
300026.SZ,2020-01-15,3.58,3.55,3.61,3.55,3.57,-0.02,-0.5602,148982.0,53183.6,0.6122,1.0121,0.81,50.619,40.4447,1.543,2.5261,2.2247,0.5578,0.5578,300570.0,243363.0,147206.0,1067030.0,863939.0,47.5683,3.93,3.21,0.0000,0.014769172671633496,2.2935,0,29,120,2009-10-30
300026.SZ,2020-01-16,3.57,3.53,3.57,3.51,3.55,-0.02,-0.5634,141965.0,50257.6,0.5833,0.9644,0.83,50.3338,40.2168,1.5343,2.5119,2.2122,0.561,0.561,300570.0,243363.0,147206.0,1061010.0,859072.0,47.5683,3.91,3.2,0.0000,-0.11326836766879024,2.2935,0,29,120,2009-10-30
300026.SZ,2020-01-17,3.55,3.58,3.61,3.53,3.53,0.05,1.4164,248790.0,89098.4,1.0223,1.6901,1.49,51.0468,40.7864,1.5561,2.5475,2.2435,0.5531,0.5531,300570.0,243363.0,147206.0,1076040.0,871240.0,47.5683,3.88,3.18,0.0000,-0.030828266792143996,2.2935,0,29,120,2009-10-30
300026.SZ,2020-01-20,3.65,3.7,3.71,3.59,3.58,0.12,3.352,443178.0,161777.0,1.8211,3.0106,2.41,52.7578,42.1536,1.6082,2.6329,2.3187,0.5352,0.5352,300570.0,243363.0,147206.0,1112110.0,900444.0,47.5683,3.94,3.22,0.0000,0.06301720843448927,2.2935,0,29,120,2009-10-30
300026.SZ,2020-01-21,3.86,3.99,4.07,3.78,3.7,0.29,7.8378,1241260.0,486784.0,5.1005,8.4322,5.28,56.8929,45.4575,1.7343,2.8392,2.5004,0.4963,0.4963,300570.0,243363.0,147206.0,1199280.0,971019.0,47.5683,4.07,3.33,0.0000,0.02776325060275597,2.2935,0,29,120,2009-10-30
300026.SZ,2020-01-22,4.1,3.84,4.1,3.83,3.99,-0.15,-3.7594,894703.0,351769.0,3.6764,6.0779,2.01,54.7541,43.7486,1.6691,2.7325,2.4064,0.5157,0.5157,300570.0,243363.0,147206.0,1154190.0,934514.0,47.5683,4.39,3.59,0.0000,-0.12494823932712909,2.2935,0,29,120,2009-10-30
300026.SZ,2020-01-23,3.89,4.02,4.15,3.82,3.84,0.18,4.6875,970697.0,382793.0,3.9887,6.5942,1.63,57.3207,45.7993,1.7473,2.8606,2.5192,0.4926,0.4926,300570.0,243363.0,147206.0,1208290.0,978320.0,47.5683,4.22,3.46,0.0000,0.057338793168453625,2.2935,0,29,120,2009-10-30
300026.SZ,2020-02-03,4.42,4.42,4.42,4.01,4.02,0.4,9.9502,1327890.0,578716.0,5.4564,9.0206,1.75,63.0242,50.3564,1.9212,3.1452,2.7699,0.448,0.448,300570.0,243363.0,147206.0,1328520.0,1075660.0,47.5683,4.42,3.62,0.0000,-0.02486132155278401,2.2935,0,29,120,2009-10-30
300026.SZ,2020-02-04,4.5,4.72,4.86,4.37,4.42,0.3,6.7873,1981950.0,925656.0,8.144,13.4638,2.03,67.3019,53.7743,2.0516,3.3587,2.9579,0.4195,0.4195,300570.0,243363.0,147206.0,1418690.0,1148670.0,47.5683,4.86,3.98,0.0000,-0.08473562945358519,2.2935,0,29,120,2009-10-30
300026.SZ,2020-02-05,4.57,5.14,5.18,4.51,4.72,0.42,8.8983,1974520.0,954304.0,8.1135,13.4134,1.54,73.2906,58.5593,2.2341,3.6575,3.2211,0.3853,0.3853,300570.0,243363.0,147206.0,1544930.0,1250890.0,47.5683,5.19,4.25,0.0000,-0.05853717389498955,2.2935,0,29,120,2009-10-30
300026.SZ,2020-02-06,5.01,5.65,5.65,5.0,5.14,0.51,9.9222,1582950.0,860923.0,6.5045,10.7533,1.11,80.5627,64.3697,2.4558,4.0204,3.5407,0.3505,0.3505,300570.0,243363.0,147206.0,1698220.0,1375000.0,47.5683,5.65,4.63,0.0000,0.05077643653745116,2.2935,0,29,120,2009-10-30
300026.SZ,2020-02-07,6.0,6.22,6.22,5.7,5.65,0.57,10.0885,3410370.0,2093840.0,14.0135,23.1674,2.18,88.6902,70.8636,2.7035,4.4261,3.8979,0.3184,0.3184,300570.0,243363.0,147206.0,1869550.0,1513720.0,47.5683,6.22,5.09,0.0000,-0.11467974994756909,2.2935,0,29,120,2009-10-30
300026.SZ,2020-02-10,6.03,5.6,6.03,5.6,6.22,-0.62,-9.9678,1611640.0,919959.0,6.6224,10.9482,0.78,79.8497,63.8,2.4341,3.9849,3.5094,0.3536,0.3536,300570.0,243363.0,147206.0,1683190.0,1362830.0,47.5683,6.84,5.6,0.0000,-0.2743168207879523,2.2935,0,29,120,2009-10-30
300026.SZ,2020-02-11,5.04,5.04,5.26,5.04,5.6,-0.56,-10.0,668514.0,338758.0,2.747,4.5414,0.32,71.8647,57.42,2.1906,3.5864,3.1584,0.3929,0.3929,300570.0,243363.0,147206.0,1514880.0,1226550.0,47.5683,6.16,5.04,0.0000,-0.18037681513881823,2.2935,0,29,120,2009-10-30
300026.SZ,2020-02-12,4.82,4.91,5.17,4.64,5.04,-0.13,-2.5794,1902530.0,934565.0,7.8176,12.9243,1.03,70.0111,55.939,2.1341,3.4939,3.077,0.4033,0.4033,300570.0,243363.0,147206.0,1475800.0,1194910.0,47.5683,5.54,4.54,0.0000,-0.13314153912465929,2.2935,0,29,120,2009-10-30
300026.SZ,2020-02-13,4.94,4.83,4.97,4.61,4.91,-0.08,-1.6293,1621910.0,776491.0,6.6646,11.018,0.88,68.8704,55.0275,2.0994,3.4369,3.0268,0.41,0.41,300570.0,243363.0,147206.0,1451760.0,1175440.0,47.5683,5.4,4.42,0.0000,-0.04391504501106014,2.2935,0,29,120,2009-10-30
300026.SZ,2020-02-14,4.84,4.64,4.91,4.56,4.83,-0.19,-3.9337,1108820.0,521826.0,4.5562,7.5325,0.6,66.1612,52.8629,2.0168,3.3017,2.9078,0.4268,0.4268,300570.0,243363.0,147206.0,1394650.0,1129200.0,47.5683,5.31,4.35,0.0000,-0.15519568872099926,2.2935,0,29,120,2009-10-30
300026.SZ,2020-02-17,4.68,4.71,4.72,4.57,4.64,0.07,1.5086,866467.0,404280.0,3.5604,5.8861,0.63,67.1593,53.6604,2.0472,3.3516,2.9516,0.4204,0.4204,300570.0,243363.0,147206.0,1415690.0,1146240.0,47.5683,5.1,4.18,0.0000,-0.017403157498486404,2.2935,0,29,120,2009-10-30
300026.SZ,2020-02-18,4.85,4.81,4.97,4.78,4.71,0.1,2.1231,1190070.0,577187.0,4.8901,8.0844,0.96,68.5852,54.7997,2.0907,3.4227,3.0143,0.4117,0.4117,300570.0,243363.0,147206.0,1445740.0,1170580.0,47.5683,5.18,4.24,0.0000,-0.08143221214822431,2.2935,0,29,120,2009-10-30
300026.SZ,2020-02-19,4.74,4.6,4.74,4.6,4.81,-0.21,-4.3659,955239.0,444470.0,3.9252,6.4892,0.71,65.5908,52.4072,1.9994,3.2733,2.8827,0.4305,0.4305,300570.0,243363.0,147206.0,1382620.0,1119470.0,47.5683,5.29,4.33,0.0000,-0.21233148192706205,2.2935,0,29,120,2009-10-30
300026.SZ,2020-02-20,4.66,4.78,4.86,4.45,4.6,0.18,3.913,1533530.0,717857.0,6.3014,10.4176,1.34,68.1574,54.4579,2.0776,3.4014,2.9955,0.4143,0.4143,300570.0,243363.0,147206.0,1436730.0,1163280.0,47.5683,5.06,4.14,0.0000,0.01011662090472745,2.2935,0,29,120,2009-10-30
300026.SZ,2020-02-21,4.69,4.79,4.86,4.66,4.78,0.01,0.2092,1093210.0,520142.0,4.4921,7.4264,0.97,68.3,54.5718,2.082,3.4085,3.0018,0.4134,0.4134,300570.0,243363.0,147206.0,1439730.0,1165710.0,47.5683,5.26,4.3,0.0000,-0.048200037485461394,2.2935,0,29,120,2009-10-30
300026.SZ,2020-02-24,4.85,4.89,5.04,4.82,4.79,0.1,2.0877,1162470.0,573298.0,4.7767,7.8969,1.03,69.7259,55.7111,2.1255,3.4796,3.0644,0.405,0.405,300570.0,243363.0,147206.0,1469790.0,1190050.0,47.5683,5.27,4.31,0.0000,-0.06818256149457756,2.2935,0,29,120,2009-10-30
300026.SZ,2020-02-25,4.81,5.16,5.18,4.81,4.89,0.27,5.5215,1758780.0,888911.0,7.227,11.9478,1.48,73.5758,58.7872,2.2428,3.6718,3.2336,0.3838,0.3838,300570.0,243363.0,147206.0,1550940.0,1255750.0,47.5683,5.38,4.4,0.0000,0.012524868380822342,2.2935,0,29,120,2009-10-30
300026.SZ,2020-02-26,5.08,4.87,5.13,4.84,5.16,-0.29,-5.6202,1191960.0,591238.0,4.8979,8.0972,0.92,69.4407,55.4832,2.1168,3.4654,3.0519,0.4066,0.4066,300570.0,243363.0,147206.0,1463780.0,1185180.0,47.5683,5.68,4.64,0.0000,-0.2071011118730811,2.2935,0,29,120,2009-10-30
300026.SZ,2020-02-27,4.9,4.66,4.92,4.64,4.87,-0.21,-4.3121,769988.0,363273.0,3.1639,5.2307,0.57,66.4464,53.0907,2.0255,3.316,2.9203,0.425,0.425,300570.0,243363.0,147206.0,1400660.0,1134070.0,47.5683,5.36,4.38,0.0000,-0.2204064312283012,2.2935,0,29,120,2009-10-30
300026.SZ,2020-02-28,4.59,4.6,4.76,4.54,4.66,-0.06,-1.2876,723567.0,337038.0,2.9732,4.9154,0.61,65.5908,34.0961,2.0302,3.2733,2.7633,0.4305,0.4305,300570.0,243363.0,147206.0,1382620.0,1119470.0,47.5683,5.13,4.19,0.0000,-0.10348265586199631,2.2935,0,29,120,2009-10-30
300026.SZ,2020-03-02,4.63,4.66,4.69,4.57,4.6,0.06,1.3043,635163.0,294339.0,2.6099,4.3148,0.57,66.4464,34.5408,2.0567,3.316,2.7993,0.425,0.425,300570.0,243363.0,147206.0,1400660.0,1134070.0,47.5683,5.06,4.14,0.0000,-0.10648488776992547,2.2935,0,29,120,2009-10-30
300026.SZ,2020-03-03,4.74,4.62,4.74,4.6,4.66,-0.04,-0.8584,716154.0,334431.0,2.9427,4.865,0.7,65.876,34.2443,2.039,3.2875,2.7753,0.4286,0.4286,300570.0,243363.0,147206.0,1388640.0,1124340.0,47.5683,5.13,4.19,0.0000,-0.1928927285520931,2.2935,0,29,120,2009-10-30
300026.SZ,2020-03-04,4.6,4.51,4.6,4.42,4.62,-0.11,-2.381,711188.0,319973.0,2.9223,4.8313,0.88,64.3075,33.429,1.9905,3.2092,2.7092,0.4391,0.4391,300570.0,243363.0,147206.0,1355570.0,1097570.0,47.5683,5.08,4.16,0.0000,-0.17760924602445183,2.2935,0,29,120,2009-10-30
300026.SZ,2020-03-05,4.54,4.51,4.56,4.45,4.51,0.0,0.0,526302.0,236994.0,2.1626,3.5753,0.74,64.3075,33.429,1.9905,3.2092,2.7092,0.4391,0.4391,300570.0,243363.0,147206.0,1355570.0,1097570.0,47.5683,4.96,4.06,0.0000,-0.07588162798147836,2.2935,0,29,120,2009-10-30
300026.SZ,2020-03-06,4.62,4.66,4.75,4.58,4.51,0.15,3.3259,1033690.0,484053.0,4.2475,7.0221,1.56,66.4464,34.5408,2.0567,3.316,2.7993,0.425,0.425,300570.0,243363.0,147206.0,1400660.0,1134070.0,47.5683,4.96,4.06,0.0000,-0.04318208661398359,2.2935,0,29,120,2009-10-30
300026.SZ,2020-03-09,4.7,4.76,4.84,4.6,4.66,0.1,2.1459,1097730.0,519797.0,4.5107,7.4571,1.52,67.8723,35.282,2.1008,3.3871,2.8594,0.416,0.416,300570.0,243363.0,147206.0,1430720.0,1158410.0,47.5683,5.13,4.19,0.0000,0.005275462272367105,2.2935,0,29,120,2009-10-30
300026.SZ,2020-03-10,4.63,4.62,4.71,4.41,4.76,-0.14,-2.9412,891623.0,405229.0,3.6638,6.057,1.09,65.876,34.2443,2.039,3.2875,2.7753,0.4286,0.4286,300570.0,243363.0,147206.0,1388640.0,1124340.0,47.5683,5.24,4.28,0.0000,-0.18537712288587682,2.2935,0,29,120,2009-10-30
300026.SZ,2020-03-11,4.58,4.51,4.59,4.5,4.62,-0.11,-2.381,435393.0,197463.0,1.7891,2.9577,0.51,64.3075,33.429,1.9905,3.2092,2.7092,0.4391,0.4391,300570.0,243363.0,147206.0,1355570.0,1097570.0,47.5683,5.08,4.16,0.0000,-0.04338796094946037,2.2935,0,29,120,2009-10-30
300026.SZ,2020-03-12,4.48,4.38,4.55,4.37,4.51,-0.13,-2.8825,439330.0,194881.0,1.8052,2.9845,0.55,62.4539,32.4654,1.9331,3.1167,2.6311,0.4521,0.4521,300570.0,243363.0,147206.0,1316500.0,1065930.0,47.5683,4.96,4.06,0.0000,-0.22718061564919795,2.2935,0,29,120,2009-10-30
300026.SZ,2020-03-13,4.24,4.2,4.27,4.11,4.38,-0.18,-4.1096,636871.0,266837.0,2.617,4.3264,0.82,59.8873,31.1312,1.8537,2.9887,2.523,0.4715,0.4715,300570.0,243363.0,147206.0,1262400.0,1022130.0,47.5683,4.82,3.94,0.0000,-0.15222849627022642,2.2935,0,29,120,2009-10-30
300026.SZ,2020-03-16,4.36,4.62,4.62,4.28,4.2,0.42,10.0,1797970.0,819728.0,7.388,12.214,2.57,65.876,34.2443,2.039,3.2875,2.7753,0.4286,0.4286,300570.0,243363.0,147206.0,1388640.0,1124340.0,47.5683,4.62,3.78,0.0000,0.1711638138882902,2.2935,0,29,120,2009-10-30
300026.SZ,2020-03-17,4.6,4.69,4.8,4.25,4.62,0.07,1.5152,1771310.0,803730.0,7.2785,12.0329,2.11,66.8741,34.7632,2.0699,3.3373,2.8173,0.4222,0.4222,300570.0,243363.0,147206.0,1409680.0,1141370.0,47.5683,5.08,4.16,0.0000,-0.17454604826629963,2.2935,0,29,120,2009-10-30
300026.SZ,2020-03-18,4.6,4.64,4.78,4.53,4.69,-0.05,-1.0661,1309060.0,609996.0,5.379,8.8927,1.29,66.1612,34.3926,2.0479,3.3017,2.7873,0.4268,0.4268,300570.0,243363.0,147206.0,1394650.0,1129200.0,47.5683,5.16,4.22,0.0000,-0.05087602616796124,2.2935,0,29,120,2009-10-30
300026.SZ,2020-03-19,4.6,4.38,4.65,4.3,4.64,-0.26,-5.6034,1001000.0,445114.0,4.1132,6.8,0.84,62.4539,32.4654,1.9331,3.1167,2.6311,0.4521,0.4521,300570.0,243363.0,147206.0,1316500.0,1065930.0,47.5683,5.1,4.18,0.0000,-0.25905850133045355,2.2935,0,29,120,2009-10-30
300026.SZ,2020-03-20,4.41,4.42,4.51,4.35,4.38,0.04,0.9132,570755.0,252621.0,2.3453,3.8773,0.44,63.0242,32.7619,1.9508,3.1452,2.6551,0.448,0.448,300570.0,243363.0,147206.0,1328520.0,1075660.0,47.5683,4.82,3.94,0.0000,-0.07881704257454762,2.2935,0,29,120,2009-10-30
300026.SZ,2020-03-23,4.47,4.64,4.75,4.44,4.42,0.22,4.9774,1329870.0,615011.0,5.4646,9.0341,1.03,66.1612,34.3926,2.0479,3.3017,2.7873,0.4268,0.4268,300570.0,243363.0,147206.0,1394650.0,1129200.0,47.5683,4.86,3.98,0.0000,0.07935098296731918,2.2935,0,29,120,2009-10-30
300026.SZ,2020-03-24,4.67,4.96,5.04,4.55,4.64,0.32,6.8966,2085470.0,1014440.0,8.5694,14.167,1.74,70.724,36.7645,2.1891,3.5295,2.9795,0.3992,0.3992,300570.0,243363.0,147206.0,1490830.0,1207080.0,47.5683,5.1,4.18,0.0000,0.010895820269643157,2.2935,0,29,120,2009-10-30
300026.SZ,2020-03-25,4.99,5.37,5.41,4.83,4.96,0.41,8.2661,2308670.0,1198960.0,9.4865,15.6833,1.83,76.5702,39.8035,2.3701,3.8212,3.2258,0.3688,0.3688,300570.0,243363.0,147206.0,1614060.0,1306860.0,47.5683,5.46,4.46,0.0000,0.07180881984632868,2.2935,0,29,120,2009-10-30
300026.SZ,2020-03-26,5.35,5.23,5.73,5.12,5.37,-0.14,-2.6071,2572440.0,1392550.0,10.5704,17.4752,1.76,74.5739,38.7658,2.3083,3.7216,3.1417,0.3786,0.3786,300570.0,243363.0,147206.0,1571980.0,1272790.0,47.5683,5.91,4.83,0.0000,-0.1137442157826324,2.2935,0,29,120,2009-10-30
300026.SZ,2020-03-27,5.27,5.32,5.4,5.15,5.23,0.09,1.7208,1486780.0,784230.0,6.1093,10.1,0.84,75.8572,39.4329,2.348,3.7856,3.1958,0.3722,0.3722,300570.0,243363.0,147206.0,1599040.0,1294690.0,47.5683,5.75,4.71,0.0000,0.03378340740803646,2.2935,0,29,120,2009-10-30
300026.SZ,2020-03-30,5.28,5.04,5.61,4.95,5.32,-0.28,-5.2632,1867340.0,990310.0,7.6731,12.6853,0.95,71.8647,37.3574,2.2244,3.5864,3.0276,0.3929,0.3929,300570.0,243363.0,147206.0,1514880.0,1226550.0,47.5683,5.85,4.79,0.0000,-0.1301542653154424,2.2935,0,29,120,2009-10-30
300026.SZ,2020-03-31,5.03,4.92,5.15,4.81,5.04,-0.12,-2.381,1245590.0,617597.0,5.1182,8.4616,0.6,70.1537,36.468,2.1714,3.501,2.9555,0.4025,0.4025,300570.0,243363.0,147206.0,1478810.0,1197350.0,47.5683,5.54,4.54,0.0000,-0.07259609069803472,2.2935,0,29,120,2009-10-30
300026.SZ,2020-04-01,4.85,4.82,4.96,4.71,4.92,-0.1,-2.0325,1160290.0,557416.0,4.7677,7.8821,0.61,68.7278,35.7268,2.1273,3.4298,2.8954,0.4108,0.4108,300570.0,243363.0,147206.0,1448750.0,1173010.0,47.5683,5.41,4.43,0.0000,-0.10695187672393532,2.2935,0,29,120,2009-10-30
300026.SZ,2020-04-02,4.8,4.77,4.85,4.64,4.82,-0.05,-1.0373,951177.0,450479.0,3.9085,6.4616,0.57,68.0148,35.3561,2.1052,3.3943,2.8654,0.4152,0.4152,300570.0,243363.0,147206.0,1433720.0,1160840.0,47.5683,5.3,4.34,0.0000,-0.15828819812271439,2.2935,0,29,120,2009-10-30
300026.SZ,2020-04-03,4.75,4.88,4.95,4.7,4.77,0.11,2.3061,1158990.0,561054.0,4.7624,7.8733,0.86,69.5833,36.1715,2.1538,3.4725,2.9315,0.4058,0.4058,300570.0,243363.0,147206.0,1466780.0,1187610.0,47.5683,5.25,4.29,0.0000,0.03439631313064977,2.2935,0,29,120,2009-10-30
300026.SZ,2020-04-07,4.88,4.91,4.99,4.81,4.88,0.03,0.6148,979588.0,481567.0,4.0252,6.6546,0.77,70.0111,36.3939,2.167,3.4939,2.9495,0.4033,0.4033,300570.0,243363.0,147206.0,1475800.0,1194910.0,47.5683,5.37,4.39,0.0000,-0.07135217943028202,2.2935,0,29,120,2009-10-30
300026.SZ,2020-04-08,4.85,5.4,5.4,4.85,4.91,0.49,9.9796,1958650.0,1014590.0,8.0483,13.3055,1.78,76.9979,40.0258,2.3833,3.8426,3.2438,0.3667,0.3667,300570.0,243363.0,147206.0,1623080.0,1314160.0,47.5683,5.4,4.42,0.0000,0.1476417261184176,2.2935,0,29,120,2009-10-30
300026.SZ,2020-04-09,5.48,5.22,5.48,5.19,5.4,-0.18,-3.3333,1871030.0,992414.0,7.6882,12.7103,1.51,74.4313,38.6916,2.3038,3.7145,3.1357,0.3794,0.3794,300570.0,243363.0,147206.0,1568980.0,1270360.0,47.5683,5.94,4.86,0.0000,-0.1611486616306247,2.2935,0,29,120,2009-10-30
300026.SZ,2020-04-10,4.91,4.86,5.04,4.78,5.22,-0.36,-6.8966,1671930.0,823295.0,6.8701,11.3578,1.21,69.2981,36.0232,2.145,3.4583,2.9194,0.4075,0.4075,300570.0,243363.0,147206.0,1460770.0,1182740.0,47.5683,5.74,4.7,0.0000,-0.2721469815638808,2.2935,0,29,120,2009-10-30
300026.SZ,2020-04-13,4.93,5.2,5.33,4.91,4.86,0.34,6.9959,1772500.0,914739.0,7.2833,12.041,1.16,74.1462,38.5434,2.295,3.7002,3.1237,0.3808,0.3808,300570.0,243363.0,147206.0,1562970.0,1265490.0,47.5683,5.35,4.37,0.0000,0.10034808595598094,2.2935,0,29,120,2009-10-30
300026.SZ,2020-04-14,5.14,5.4,5.69,5.03,5.2,0.2,3.8462,2400990.0,1279320.0,9.8659,16.3105,1.45,76.9979,40.0258,2.3833,3.8426,3.2438,0.3667,0.3667,300570.0,243363.0,147206.0,1623080.0,1314160.0,47.5683,5.72,4.68,0.0000,0.0020954681274840893,2.2935,0,29,120,2009-10-30
300026.SZ,2020-04-15,5.94,5.94,5.94,5.94,5.4,0.54,10.0,338087.0,200824.0,1.3892,2.2967,0.17,84.6977,44.0284,2.6216,4.2268,3.5682,0.3334,0.3334,300570.0,243363.0,147206.0,1785390.0,1445580.0,47.5683,5.94,4.86,0.0000,0.41724751438773333,2.2935,0,29,120,2009-10-30
300026.SZ,2020-04-16,6.53,6.53,6.53,6.53,5.94,0.59,9.9327,148479.0,96956.7,0.6101,1.0087,0.09,93.1105,48.4016,2.882,4.6466,3.9226,0.3033,0.3033,300570.0,243363.0,147206.0,1962730.0,1589160.0,47.5683,6.53,5.35,0.0000,0.43722622073108197,2.2935,0,29,120,2009-10-30
300026.SZ,2020-04-17,7.18,7.18,7.18,7.18,6.53,0.65,9.9541,294012.0,211100.0,1.2081,1.9973,0.23,102.379,53.2195,3.1689,5.1092,4.3131,0.2758,0.2758,300570.0,243363.0,147206.0,2158100.0,1747350.0,47.5683,7.18,5.88,0.0000,0.3293495575920315,2.2935,0,29,120,2009-10-30
300026.SZ,2020-04-20,7.07,7.65,7.88,6.82,7.18,0.47,6.546,5701470.0,4202460.0,23.4278,38.7314,5.75,109.08,56.7033,3.3763,5.4436,4.5954,0.2589,0.2589,300570.0,243363.0,147206.0,2299360.0,1861730.0,47.5683,7.9,6.46,0.0000,-0.14922470051117612,2.2935,0,29,120,2009-10-30
300026.SZ,2020-04-21,7.43,7.26,8.36,7.19,7.65,-0.39,-5.098,5350080.0,4168610.0,21.9839,36.3443,3.01,103.519,53.8125,3.2042,5.1661,4.3611,0.2728,0.2728,300570.0,243363.0,147206.0,2182140.0,1766820.0,47.5683,8.42,6.89,0.0000,-0.0599332150449195,2.2935,0,29,120,2009-10-30
300026.SZ,2020-04-22,7.51,7.65,7.79,6.95,7.26,0.39,5.3719,4680410.0,3439420.0,19.2322,31.7951,1.98,109.08,56.7033,3.3763,5.4436,4.5954,0.2589,0.2589,300570.0,243363.0,147206.0,2299360.0,1861730.0,47.5683,7.99,6.53,0.0000,0.01429792863859735,2.2935,0,29,120,2009-10-30
300026.SZ,2020-04-23,7.38,7.24,7.88,7.11,7.65,-0.41,-5.3595,4290220.0,3211800.0,17.6289,29.1444,1.33,103.234,53.6643,3.1954,5.1519,4.3491,0.2735,0.2735,300570.0,243363.0,147206.0,2176130.0,1761950.0,47.5683,8.42,6.89,0.0000,-0.20279166370744023,2.2935,0,29,120,2009-10-30
300026.SZ,2020-04-24,7.45,6.64,7.48,6.52,7.24,-0.6,-8.2873,3467030.0,2378720.0,14.2463,23.5523,0.85,94.6789,49.2169,2.9306,4.7249,3.9887,0.2982,0.2982,300570.0,243363.0,147206.0,1995790.0,1615930.0,47.5683,7.96,6.52,0.0000,-0.12898109240468586,2.2935,0,29,120,2009-10-30
300026.SZ,2020-04-27,6.31,6.06,6.44,6.05,6.64,-0.58,-8.7349,2347560.0,1457780.0,9.6463,15.9475,0.5,86.4088,44.9179,2.6746,4.3122,3.6403,0.3268,0.3268,300570.0,243363.0,147206.0,1821460.0,1474780.0,47.5683,7.3,5.98,0.0000,-0.14964483321932245,2.2935,0,29,120,2009-10-30
300026.SZ,2020-04-28,6.09,5.78,6.15,5.65,6.06,-0.28,-4.6205,1815940.0,1064320.0,6.8239,12.3361,0.45,43.1595,43.1595,2.56,3.4726,3.4726,0.3426,0.3426,300570.0,266117.0,147206.0,1737300.0,1538160.0,47.5683,6.67,5.45,0.0000,-0.10320165839348533,-1.7612,0,29,120,2009-10-30
300026.SZ,2020-04-29,5.79,5.66,5.99,5.64,5.78,-0.12,-2.0761,1526930.0,883355.0,5.7378,8.9841,0.46,42.2635,50.5547,2.4634,3.4005,3.3455,0.3499,0.3499,300570.0,266117.0,169960.0,1701230.0,1506220.0,47.5683,6.36,5.2,0.0000,-0.09397183093187757,1.4717,0,29,120,2009-10-30
300026.SZ,2020-04-30,5.67,5.69,5.76,5.51,5.66,0.03,0.53,1335860.0,756033.0,5.0198,7.8599,0.5,42.4875,50.8226,2.4765,3.4185,3.3633,0.348,0.348,300570.0,266117.0,169960.0,1710250.0,1514210.0,47.5683,6.23,5.09,0.0000,-0.1376751669359858,1.4717,0,29,120,2009-10-30
300026.SZ,2020-05-06,5.78,6.04,6.1,5.71,5.69,0.35,6.1511,2054240.0,1213740.0,7.7193,12.0867,0.98,45.1009,53.9488,2.6288,3.6288,3.5701,0.3279,0.3279,300570.0,266117.0,169960.0,1815450.0,1607350.0,47.5683,6.26,5.12,0.0000,-0.038325710747610764,1.4717,0,29,120,2009-10-30
300026.SZ,2020-05-07,5.95,5.98,6.3,5.87,6.04,-0.06,-0.9934,2154870.0,1314410.0,8.0974,12.6787,1.19,44.6529,53.4129,2.6027,3.5927,3.5347,0.3311,0.3311,300570.0,266117.0,169960.0,1797410.0,1591380.0,47.5683,6.64,5.44,0.0000,-0.08936683826718281,1.4717,0,29,120,2009-10-30
300026.SZ,2020-05-08,6.01,5.83,6.02,5.77,5.98,-0.15,-2.5084,1499800.0,878367.0,5.6359,8.8244,0.84,43.5329,52.0731,2.5374,3.5026,3.446,0.3397,0.3397,300570.0,266117.0,169960.0,1752330.0,1551460.0,47.5683,6.58,5.38,0.0000,-0.19909234588532748,1.4717,0,29,120,2009-10-30
300026.SZ,2020-05-11,5.8,6.0,6.12,5.62,5.83,0.17,2.916,1853150.0,1087060.0,6.9637,10.9035,1.08,44.8022,53.5915,2.6114,3.6047,3.5465,0.33,0.33,300570.0,266117.0,169960.0,1803420.0,1596700.0,47.5683,6.41,5.25,0.0000,0.04203135048623804,1.4717,0,29,120,2009-10-30
300026.SZ,2020-05-12,5.9,5.88,6.07,5.82,6.0,-0.12,-2.0,1300950.0,769933.0,4.8886,7.6545,0.73,43.9062,52.5197,2.5592,3.5326,3.4756,0.3368,0.3368,300570.0,266117.0,169960.0,1767350.0,1564770.0,47.5683,6.6,5.4,0.0000,-0.1828424491438093,1.4717,0,29,120,2009-10-30
300026.SZ,2020-05-13,5.87,5.82,5.88,5.72,5.88,-0.06,-1.0204,836696.0,484920.0,3.1441,4.9229,0.47,43.4582,51.9838,2.533,3.4966,3.4401,0.3403,0.3403,300570.0,266117.0,169960.0,1749320.0,1548800.0,47.5683,6.47,5.29,0.0000,-0.10686020848564426,1.4717,0,29,120,2009-10-30
300026.SZ,2020-05-14,5.93,5.81,6.03,5.8,5.82,-0.01,-0.1718,1087480.0,642362.0,4.0865,6.3985,0.71,43.3835,51.8945,2.5287,3.4906,3.4342,0.3408,0.3408,300570.0,266117.0,169960.0,1746310.0,1546140.0,47.5683,6.4,5.24,0.0000,-0.11613381692127546,1.4717,0,29,120,2009-10-30
300026.SZ,2020-05-15,5.75,5.69,5.87,5.67,5.81,-0.12,-2.0654,934713.0,537225.0,3.5124,5.4996,0.71,42.4875,50.8226,2.4765,3.4185,3.3633,0.348,0.348,300570.0,266117.0,169960.0,1710250.0,1514210.0,47.5683,6.39,5.23,0.0000,-0.1860653380359399,1.4717,0,29,120,2009-10-30
300026.SZ,2020-05-18,5.62,5.48,5.68,5.41,5.69,-0.21,-3.6907,1090630.0,599647.0,4.0983,6.417,0.91,40.9194,48.9469,2.3851,3.2923,3.2391,0.3614,,300570.0,266117.0,169960.0,1647130.0,1458320.0,47.5683,6.26,5.12,0.0000,-0.1261505474417698,1.4717,0,29,120,2009-10-30
300026.SZ,2020-05-19,5.51,5.43,5.56,5.38,5.48,-0.05,-0.9124,756783.0,412050.0,2.8438,4.4527,0.72,40.546,48.5003,2.3633,3.2623,3.2096,0.3647,,300570.0,266117.0,169960.0,1632100.0,1445020.0,47.5683,6.03,4.93,0.0000,-0.14273968590155947,1.4717,0,29,120,2009-10-30
300026.SZ,2020-05-20,5.45,5.33,5.49,5.25,5.43,-0.1,-1.8416,951620.0,509753.0,3.5759,5.5991,1.01,39.7993,47.6071,2.3198,3.2022,3.1505,0.3715,,300570.0,266117.0,169960.0,1602040.0,1418400.0,47.5683,5.97,4.89,0.0000,-0.09239587869946837,1.4717,0,29,120,2009-10-30
300026.SZ,2020-05-21,5.33,5.3,5.48,5.27,5.33,-0.03,-0.5629,914289.0,492381.0,3.4357,5.3795,0.95,39.5753,47.3392,2.3067,3.1842,3.1327,0.3736,,300570.0,266117.0,169960.0,1593020.0,1410420.0,47.5683,5.86,4.8,0.0000,0.004754024686754511,1.4717,0,29,120,2009-10-30
300026.SZ,2020-05-22,5.3,5.08,5.32,5.03,5.3,-0.22,-4.1509,913669.0,470270.0,3.4333,5.3758,0.98,37.9326,45.3742,2.211,3.052,3.0027,0.3898,,300570.0,266117.0,169960.0,1526900.0,1351880.0,47.5683,5.83,4.77,0.0000,-0.11311599496708541,1.4717,0,29,120,2009-10-30
300026.SZ,2020-05-25,5.11,5.09,5.17,5.04,5.08,0.01,0.1969,487001.0,248373.0,1.83,2.8654,0.53,38.0072,45.4635,2.2153,3.058,3.0086,0.3891,,300570.0,266117.0,169960.0,1529900.0,1354540.0,47.5683,5.59,4.57,0.0000,-0.010644817584730912,1.4717,0,29,120,2009-10-30
300026.SZ,2020-05-26,5.12,5.18,5.23,5.08,5.09,0.09,1.7682,591346.0,305665.0,2.2221,3.4793,0.73,38.6793,46.2674,2.2545,3.1121,3.0618,0.3823,,300570.0,266117.0,169960.0,1556960.0,1378490.0,47.5683,5.6,4.58,0.0000,0.09161058287549234,1.4717,0,29,120,2009-10-30
300026.SZ,2020-05-27,5.2,4.99,5.23,4.96,5.18,-0.19,-3.668,737976.0,373002.0,2.7731,4.3421,0.96,37.2605,44.5703,2.1718,2.9979,2.9495,0.3968,,300570.0,266117.0,169960.0,1499850.0,1327920.0,47.5683,5.7,4.66,0.0000,-0.26976487374578534,1.4717,0,29,120,2009-10-30
300026.SZ,2020-05-28,4.97,4.89,5.02,4.8,4.99,-0.1,-2.004,719952.0,352297.0,2.7054,4.236,0.99,36.5138,43.6771,2.1283,2.9379,2.8904,0.405,,300570.0,266117.0,169960.0,1469790.0,1301310.0,47.5683,5.49,4.49,0.0000,-0.1914473628594313,1.4717,0,29,120,2009-10-30
300026.SZ,2020-05-29,4.91,5.09,5.2,4.89,4.89,0.2,4.09,1070560.0,542565.0,4.0229,6.2989,1.55,38.0072,45.4635,2.2153,3.058,3.0086,0.3891,,300570.0,266117.0,169960.0,1529900.0,1354540.0,47.5683,5.38,4.4,0.0000,0.09251482424031278,1.4717,0,29,120,2009-10-30
300026.SZ,2020-06-01,5.05,5.08,5.12,4.93,5.04,0.04,0.7937,796819.0,401928.0,2.9942,4.6883,1.1,37.9326,45.3742,2.2602,3.052,3.0027,0.3898,0.9843,300570.0,266117.0,169960.0,1526900.0,1351880.0,48.0402,5.54,4.54,0.0000,-0.0384241429351391,1.4717,0,29,120,2009-10-30
300026.SZ,2020-06-02,5.09,5.03,5.1,5.01,5.08,-0.05,-0.9843,561031.0,282720.0,2.1082,3.301,0.72,37.5592,44.9276,2.2379,3.022,2.9731,0.3937,0.994,300570.0,266117.0,169960.0,1511870.0,1338570.0,48.0402,5.59,4.57,0.0000,-0.13462623051182032,1.4717,0,29,120,2009-10-30
300026.SZ,2020-06-03,5.11,5.53,5.53,5.1,5.03,0.5,9.9404,2274800.0,1243260.0,8.5481,13.3844,2.93,41.2927,49.3935,2.4604,3.3224,3.2687,0.3581,0.9042,300570.0,266117.0,169960.0,1662150.0,1471630.0,48.0402,5.53,4.53,0.0000,0.14718315155784711,1.4717,0,29,120,2009-10-30
300026.SZ,2020-06-04,5.5,5.29,5.5,5.27,5.53,-0.24,-4.34,1901260.0,1016510.0,7.1444,11.1865,1.75,39.5006,47.2499,2.3536,3.1782,3.1268,0.3743,0.9452,300570.0,266117.0,169960.0,1590020.0,1407760.0,48.0402,6.08,4.98,0.0000,-0.2674716157506751,1.4717,0,29,120,2009-10-30
300026.SZ,2020-06-05,5.25,5.33,5.39,5.13,5.29,0.04,0.7561,1185720.0,621602.0,4.4556,6.9765,0.9,39.7993,47.6071,2.3714,3.2022,3.1505,0.3715,0.9381,300570.0,266117.0,169960.0,1602040.0,1418400.0,48.0402,5.82,4.76,0.0000,-0.05377979105985149,1.4717,0,29,120,2009-10-30
300026.SZ,2020-06-08,5.35,5.25,5.37,5.21,5.33,-0.08,-1.5009,672481.0,354169.0,2.527,3.9567,0.5,39.202,46.8926,2.3358,3.1541,3.1032,0.3772,0.9524,300570.0,266117.0,169960.0,1578000.0,1397120.0,48.0402,5.86,4.8,0.0000,-0.10445597457269845,1.4717,0,29,120,2009-10-30
300026.SZ,2020-06-09,5.26,5.27,5.3,5.2,5.25,0.02,0.381,494011.0,259274.0,1.8564,2.9066,0.37,39.3513,47.0712,2.3447,3.1662,3.115,0.3758,0.9488,300570.0,266117.0,169960.0,1584010.0,1402440.0,48.0402,5.78,4.73,0.0000,-0.09790134424047124,1.4717,0,29,120,2009-10-30
300026.SZ,2020-06-10,5.24,5.35,5.46,5.21,5.27,0.08,1.518,879740.0,470555.0,3.3058,5.1762,0.67,39.9487,47.7858,2.3803,3.2142,3.1623,0.3701,0.9346,300570.0,266117.0,169960.0,1608050.0,1423730.0,48.0402,5.8,4.74,0.0000,0.07144351018050353,1.4717,0,29,120,2009-10-30
300026.SZ,2020-06-11,5.32,5.2,5.34,5.16,5.35,-0.15,-2.8037,699352.0,366444.0,2.628,4.1148,0.68,38.8286,46.446,2.3135,3.1241,3.0736,0.3808,0.9615,300570.0,266117.0,169960.0,1562970.0,1383810.0,48.0402,5.89,4.82,0.0000,-0.23619411111589064,1.4717,0,29,120,2009-10-30
300026.SZ,2020-06-12,5.07,5.21,5.32,5.01,5.2,0.01,0.1923,766646.0,399878.0,2.8809,4.5108,0.98,38.9033,46.5353,2.318,3.1301,3.0795,0.3801,0.9597,300570.0,266117.0,169960.0,1565970.0,1386470.0,48.0402,5.72,4.68,0.0000,-0.007174779765136046,1.4717,0,29,120,2009-10-30
300026.SZ,2020-06-15,5.35,5.67,5.73,5.35,5.21,0.46,8.8292,2253140.0,1247660.0,8.4667,13.2569,3.21,42.3381,50.644,2.5227,3.4065,3.3514,0.3493,0.8818,300570.0,266117.0,169960.0,1704230.0,1508880.0,48.0402,5.73,4.69,0.0000,0.05010123853783615,1.4717,0,29,120,2009-10-30
300026.SZ,2020-06-16,5.6,5.53,5.63,5.46,5.67,-0.14,-2.4691,1393050.0,770801.0,5.2347,8.1964,1.37,41.2927,49.3935,2.4604,3.3224,3.2687,0.3581,0.9042,300570.0,266117.0,169960.0,1662150.0,1471630.0,48.0402,6.24,5.1,0.0000,-0.15261346818723126,1.4717,0,29,120,2009-10-30
300026.SZ,2020-06-17,5.53,5.93,6.07,5.53,5.53,0.4,7.2333,2368420.0,1390840.0,8.8999,13.9352,1.98,44.2796,52.9663,2.6383,3.5627,3.5051,0.3339,0.8432,300570.0,266117.0,169960.0,1782380.0,1578070.0,48.0402,6.08,4.98,0.0000,0.059699999906150256,1.4717,0,29,120,2009-10-30
300026.SZ,2020-06-18,5.86,5.66,5.95,5.62,5.93,-0.27,-4.5531,1761280.0,1010050.0,6.6184,10.3629,1.18,42.2635,50.5547,2.5182,3.4005,3.3455,0.3499,0.8834,300570.0,266117.0,169960.0,1701230.0,1506220.0,48.0402,6.52,5.34,0.0000,-0.26681085413557737,1.4717,0,29,120,2009-10-30
300026.SZ,2020-06-19,5.59,5.45,5.6,5.41,5.66,-0.21,-3.7102,1118010.0,610180.0,4.2012,6.5781,0.65,40.6954,48.679,2.4248,3.2743,3.2214,0.3634,0.9174,300570.0,266117.0,169960.0,1638110.0,1450340.0,48.0402,6.23,5.09,0.0000,-0.21242545923136325,1.4717,0,29,120,2009-10-30
300026.SZ,2020-06-22,5.4,5.52,5.56,5.36,5.45,0.07,1.2844,900520.0,491609.0,3.3708,5.2664,0.51,41.2181,49.3042,2.4559,3.3163,3.2628,0.3587,0.9058,300570.0,267152.0,170994.0,1659150.0,1474680.0,48.0402,6.0,4.91,0.0000,-0.08934943166697881,1.4717,0,29,120,2009-10-30
300026.SZ,2020-06-23,5.48,5.43,5.56,5.42,5.52,-0.09,-1.6304,640255.0,350482.0,2.3966,3.7443,0.42,40.546,48.5003,2.4159,3.2623,3.2096,0.3647,0.9208,300570.0,267152.0,170994.0,1632100.0,1450630.0,48.0402,6.07,4.97,0.0000,-0.08355979349521293,1.4717,0,29,120,2009-10-30
300026.SZ,2020-06-24,5.45,5.45,5.51,5.35,5.43,0.02,0.3683,731478.0,396852.0,2.7381,4.2778,0.54,40.6954,48.679,2.4248,3.2743,3.2214,0.3634,0.9174,300570.0,267152.0,170994.0,1638110.0,1455980.0,48.0402,5.97,4.89,0.0000,0.0040802024378347864,1.4717,0,29,120,2009-10-30
300026.SZ,2020-06-29,5.45,5.51,5.54,5.41,5.45,0.06,1.1009,608212.0,334525.0,2.2767,3.5569,0.59,41.1434,49.2149,2.4515,3.3103,3.2569,0.3594,0.9074,300570.0,267152.0,170994.0,1656140.0,1472000.0,48.0402,6.0,4.91,0.0000,0.09590052680588154,1.4717,0,29,120,2009-10-30
300026.SZ,2020-06-30,5.47,5.52,5.53,5.44,5.51,0.01,0.1815,614838.0,338008.0,2.3015,3.5957,0.77,41.2181,49.3042,2.4559,3.3163,3.2628,0.3587,0.9058,300570.0,267152.0,170994.0,1659150.0,1474680.0,48.0402,6.06,4.96,0.0000,-0.03763962479301108,1.4717,0,29,120,2009-10-30
300026.SZ,2020-07-01,5.51,5.39,5.52,5.35,5.52,-0.13,-2.3551,796774.0,430983.0,2.9825,4.6597,1.14,40.2474,48.1431,2.3981,3.2382,3.1859,0.3674,0.9276,300570.0,267152.0,170994.0,1620070.0,1439950.0,48.0402,6.07,4.97,0.0000,-0.1975696396222429,1.4717,0,29,120,2009-10-30
300026.SZ,2020-07-02,5.37,5.37,5.43,5.33,5.39,-0.02,-0.3711,711126.0,381702.0,2.6619,4.1588,1.05,40.098,47.9644,2.3892,3.2262,3.1741,0.3688,0.9311,300570.0,267152.0,170994.0,1614060.0,1434600.0,48.0402,5.93,4.85,0.0000,-0.20003757985832213,1.4717,0,29,120,2009-10-30
300026.SZ,2020-07-03,5.38,5.43,5.49,5.32,5.37,0.06,1.1173,822242.0,444914.0,3.0778,4.8086,1.19,40.546,48.5003,2.4159,3.2623,3.2096,0.3647,0.9208,300570.0,267152.0,170994.0,1632100.0,1450630.0,48.0402,5.91,4.83,0.0000,0.03977865599165004,1.4717,0,29,120,2009-10-30
300026.SZ,2020-07-06,5.44,5.62,5.65,5.36,5.43,0.19,3.4991,1449510.0,800957.0,5.4258,8.4769,2.04,41.9648,50.1974,2.5004,3.3764,3.3219,0.3524,0.8897,300570.0,267152.0,170994.0,1689210.0,1501390.0,48.0402,5.97,4.89,0.0000,0.02178746707505818,1.4717,0,29,120,2009-10-30
300026.SZ,2020-07-07,5.63,5.72,5.83,5.57,5.62,0.1,1.7794,1588520.0,906984.0,5.9461,9.2899,1.81,42.7115,51.0906,2.5449,3.4365,3.381,0.3462,0.8741,300570.0,267152.0,170994.0,1719260.0,1528110.0,48.0402,6.18,5.06,0.0000,-0.04652129524669169,1.4717,0,29,120,2009-10-30
300026.SZ,2020-07-08,5.69,5.8,5.85,5.58,5.72,0.08,1.3986,1499510.0,857102.0,5.6129,8.7694,1.4,43.3088,51.8051,2.5805,3.4846,3.4283,0.3414,0.8621,300570.0,267152.0,170994.0,1743310.0,1549480.0,48.0402,6.29,5.15,0.0000,-0.0609621308263353,1.4717,0,29,120,2009-10-30
300026.SZ,2020-07-09,5.78,5.93,6.08,5.73,5.8,0.13,2.2414,2002510.0,1187290.0,7.4958,11.711,1.65,44.2796,52.9663,2.6383,3.5627,3.5051,0.3339,0.8432,300570.0,267152.0,170994.0,1782380.0,1584210.0,48.0402,6.38,5.22,0.0000,-0.054369940714300076,1.4717,0,29,120,2009-10-30
300026.SZ,2020-07-10,5.97,6.05,6.09,5.83,5.93,0.12,2.0236,1952380.0,1167300.0,7.3081,11.4178,1.33,45.1756,54.0381,2.6917,3.6348,3.576,0.3273,0.8264,300570.0,267152.0,170994.0,1818450.0,1616270.0,48.0402,6.52,5.34,0.0000,-0.01745671267191035,1.4717,0,29,120,2009-10-30
300026.SZ,2020-07-13,6.1,6.28,6.32,5.96,6.05,0.23,3.8017,2255680.0,1387080.0,8.4434,13.1916,1.33,46.893,56.0925,2.7941,3.7729,3.712,0.3153,0.7962,300570.0,267152.0,170994.0,1887580.0,1677710.0,48.0402,6.66,5.45,0.0000,-0.05514176593201775,1.4717,0,29,120,2009-10-30
300026.SZ,2020-07-14,6.15,5.93,6.2,5.86,6.28,-0.35,-5.5732,2158340.0,1301200.0,8.0791,12.6223,1.16,44.2796,52.9663,2.6383,3.5627,3.5051,0.3339,0.8432,300570.0,267152.0,170994.0,1782380.0,1584210.0,48.0402,6.91,5.65,0.0000,-0.2201228726335111,1.4717,0,29,120,2009-10-30
300026.SZ,2020-07-15,5.91,5.84,6.09,5.83,5.93,-0.09,-1.5177,1353960.0,809272.0,5.0681,7.9182,0.69,43.6075,52.1624,2.5983,3.5086,3.4519,0.3391,0.8562,300570.0,267152.0,170994.0,1755330.0,1560160.0,48.0402,6.52,5.34,0.0000,-0.050987025705912015,1.4717,0,29,120,2009-10-30
300026.SZ,2020-07-16,5.88,5.42,5.91,5.39,5.84,-0.42,-7.1918,1328290.0,747421.0,4.972,7.768,0.68,40.4714,48.411,2.4114,3.2563,3.2037,0.3654,0.9225,300570.0,267152.0,170994.0,1629090.0,1447960.0,48.0402,6.42,5.26,0.0000,-0.26628841145843035,1.4717,0,29,120,2009-10-30
300026.SZ,2020-07-17,5.41,5.44,5.51,5.34,5.42,0.02,0.369,701690.0,380552.0,2.6266,4.1036,0.39,40.6207,48.5897,2.4203,3.2683,3.2155,0.364,0.9191,300570.0,267152.0,170994.0,1635100.0,1453300.0,48.0402,5.96,4.88,0.0000,-0.12540694149573375,1.4717,0,29,120,2009-10-30
300026.SZ,2020-07-20,5.47,5.56,5.59,5.4,5.44,0.12,2.2059,701251.0,385492.0,2.6249,4.101,0.45,41.5168,49.6615,2.4737,3.3404,3.2864,0.3562,0.8993,300570.0,267152.0,170994.0,1671170.0,1485360.0,48.0402,5.98,4.9,0.0000,-0.060310477443153876,1.4717,0,29,120,2009-10-30
300026.SZ,2020-07-21,5.57,5.66,5.69,5.52,5.56,0.1,1.7986,743312.0,417222.0,2.7828,4.348,0.6,42.2417,50.5286,2.5179,3.3987,3.3438,0.3501,0.8838,300415.0,267114.0,170956.0,1700350.0,1511870.0,48.0402,6.12,5.0,0.0000,0.06716859157740095,1.4717,0,29,120,2009-10-30
300026.SZ,2020-07-22,5.66,5.54,5.66,5.51,5.66,-0.12,-2.1201,772578.0,432015.0,2.8923,4.5192,0.8,41.3461,49.4573,2.4645,3.3266,3.2729,0.3576,0.903,300415.0,267114.0,170956.0,1664300.0,1479810.0,48.0402,6.23,5.09,0.0000,-0.16126447793428558,1.4717,0,29,120,2009-10-30
300026.SZ,2020-07-23,5.5,5.61,5.68,5.45,5.54,0.07,1.2635,800399.0,446037.0,2.9965,4.6819,0.94,41.8685,50.0822,2.4956,3.3687,3.3143,0.3532,0.8917,300415.0,267114.0,170956.0,1685330.0,1498510.0,48.0402,6.09,4.99,0.0000,0.019241195654728784,1.4717,0,29,120,2009-10-30
300026.SZ,2020-07-24,5.58,5.23,5.61,5.21,5.61,-0.38,-6.7736,911797.0,491823.0,3.4135,5.3335,1.23,39.0325,46.6899,2.3266,3.1405,3.0898,0.3788,0.9565,300415.0,267114.0,170956.0,1571170.0,1397010.0,48.0402,6.17,5.05,0.0000,-0.2432339804490776,1.4717,0,29,120,2009-10-30
300026.SZ,2020-07-27,5.28,5.31,5.38,5.24,5.23,0.08,1.5296,481131.0,255607.0,1.8012,2.8143,0.61,39.6295,47.404,2.3622,3.1885,3.137,0.3731,0.9421,300415.0,267114.0,170956.0,1595210.0,1418380.0,48.0402,5.75,4.71,0.0000,-0.016792883802494732,1.4717,0,29,120,2009-10-30
300026.SZ,2020-07-28,5.33,5.29,5.36,5.23,5.31,-0.02,-0.3766,439044.0,231885.0,1.6437,2.5682,0.59,39.4803,47.2255,2.3533,3.1765,3.1252,0.3745,0.9457,300415.0,267114.0,170956.0,1589200.0,1413030.0,48.0402,5.84,4.78,0.0000,-0.03906807673339534,1.4717,0,29,120,2009-10-30
300026.SZ,2020-07-29,5.26,5.45,5.49,5.25,5.29,0.16,3.0246,648076.0,350223.0,2.4262,3.7909,0.95,40.6744,48.6539,2.4244,3.2726,3.2197,0.3635,0.9179,300415.0,267114.0,170956.0,1637260.0,1455770.0,48.0402,5.82,4.76,0.0000,0.1360477006947608,1.4717,0,29,120,2009-10-30
300026.SZ,2020-07-30,5.41,5.46,5.63,5.4,5.45,0.01,0.1835,828030.0,456341.0,3.0999,4.8435,1.26,40.749,48.7431,2.4289,3.2786,3.2256,0.3629,0.9162,300415.0,267114.0,170956.0,1640270.0,1458440.0,48.0402,6.0,4.91,0.0000,-0.0696106761251398,1.4717,0,29,120,2009-10-30
300026.SZ,2020-07-31,5.44,5.54,5.57,5.37,5.46,0.08,1.4652,762056.0,417719.0,2.8529,4.4576,1.15,41.3461,49.4573,2.4645,3.3266,3.2729,0.3576,0.903,300415.0,267114.0,170956.0,1664300.0,1479810.0,48.0402,6.01,4.91,0.0000,-0.05675522884776201,1.4717,0,29,120,2009-10-30
300026.SZ,2020-08-03,5.53,5.67,5.68,5.51,5.54,0.13,2.3466,867974.0,487483.0,3.2495,5.0772,1.37,42.3163,50.6179,2.5223,3.4047,3.3497,0.3494,0.8823,300415.0,267114.0,170956.0,1703360.0,1514540.0,48.0402,6.09,4.99,0.0000,0.022479904877219552,1.4717,0,29,120,2009-10-30
300026.SZ,2020-08-04,5.67,5.54,5.71,5.51,5.67,-0.13,-2.2928,855816.0,479116.0,3.2039,4.9173,1.21,41.3461,49.4573,2.4645,3.3266,3.2729,0.3576,0.903,300415.0,267114.0,174043.0,1664300.0,1479810.0,48.0402,6.24,5.1,0.0000,-0.15548828854853233,1.4717,0,29,120,2009-10-30
300026.SZ,2020-08-05,5.5,5.5,5.56,5.41,5.54,-0.04,-0.722,598693.0,327316.0,2.2413,3.4399,0.76,41.0476,49.1002,2.4467,3.3026,3.2493,0.3602,0.9096,300415.0,267114.0,174043.0,1652290.0,1469130.0,48.0402,6.09,4.99,0.0000,-0.011315006197791334,1.4717,0,29,120,2009-10-30
300026.SZ,2020-08-06,5.53,5.82,6.0,5.52,5.5,0.32,5.8182,1968970.0,1135050.0,7.3713,12.0229,2.52,43.4358,51.957,2.589,3.4948,3.4383,0.3404,0.8595,300415.0,267114.0,163767.0,1748420.0,1554600.0,48.0402,6.05,4.95,0.0000,0.09024883394114655,1.4717,0,29,120,2009-10-30
300026.SZ,2020-08-07,5.9,5.65,5.96,5.57,5.82,-0.17,-2.921,1364560.0,778540.0,5.1085,8.3323,1.35,42.167,50.4393,2.5134,3.3927,3.3379,0.3507,0.8854,300415.0,267114.0,163767.0,1697350.0,1509190.0,48.0402,6.4,5.24,0.0000,-0.24338446001456368,1.4717,0,29,120,2009-10-30
300026.SZ,2020-08-10,5.53,5.53,5.58,5.42,5.65,-0.12,-2.1239,715127.0,392927.0,2.6772,4.3667,0.63,41.2714,49.3681,2.46,3.3206,3.267,0.3583,0.9046,300415.0,267114.0,163767.0,1661300.0,1477140.0,48.0402,6.22,5.09,0.0000,-0.16773843140834066,1.4717,0,29,120,2009-10-30
300026.SZ,2020-08-11,5.51,5.43,5.57,5.42,5.53,-0.1,-1.8083,554209.0,304028.0,2.0748,3.3841,0.5,40.5251,48.4753,2.4155,3.2606,3.2079,0.3649,0.9213,300415.0,267114.0,163767.0,1631260.0,1450430.0,48.0402,6.08,4.98,0.0000,-0.10970375312056847,1.4717,0,29,120,2009-10-30
300026.SZ,2020-08-12,5.42,5.35,5.43,5.27,5.43,-0.08,-1.4733,448395.0,239225.0,1.6787,2.738,0.43,39.9281,47.7611,2.38,3.2126,3.1607,0.3703,0.9351,300415.0,267114.0,163767.0,1607220.0,1429060.0,48.0402,5.97,4.89,0.0000,-0.17666726622550125,1.4717,0,29,120,2009-10-30
300026.SZ,2020-08-13,5.35,5.37,5.39,5.32,5.35,0.02,0.3738,289409.0,155163.0,1.0835,1.7672,0.29,40.0773,47.9397,2.3889,3.2246,3.1725,0.369,0.9316,300415.0,267114.0,163767.0,1613230.0,1434400.0,48.0402,5.89,4.82,0.0000,-0.047351155793405056,1.4717,0,29,120,2009-10-30
300026.SZ,2020-08-14,5.37,5.41,5.41,5.3,5.37,0.04,0.7449,398405.0,213503.0,1.4915,2.4327,0.59,40.3759,48.2968,2.4066,3.2486,3.1961,0.3662,0.9247,300415.0,267114.0,163767.0,1625250.0,1445090.0,48.0402,5.91,4.83,0.0000,-0.06394258653614003,1.4717,0,29,120,2009-10-30
300026.SZ,2020-08-17,5.4,5.45,5.49,5.38,5.41,0.04,0.7394,508512.0,276333.0,1.9037,3.1051,1.06,40.6744,48.6539,2.4244,3.2726,3.2197,0.3635,0.9179,300415.0,267114.0,163767.0,1637260.0,1455770.0,48.0402,5.95,4.87,0.0000,-0.07834667699544083,1.4717,0,29,120,2009-10-30
300026.SZ,2020-08-18,5.45,5.45,5.52,5.42,5.45,0.0,0.0,479394.0,262140.0,1.7947,2.9273,1.09,40.6744,48.6539,2.4244,3.2726,3.2197,0.3635,0.9179,300415.0,267114.0,163767.0,1637260.0,1455770.0,48.0402,6.0,4.91,0.0000,-0.17566697323551173,1.4717,0,29,120,2009-10-30
300026.SZ,2020-08-19,5.46,5.36,5.47,5.36,5.45,-0.09,-1.6514,425498.0,229467.0,1.5929,2.5982,1.0,40.0027,47.8504,2.3844,3.2186,3.1666,0.3696,0.9333,300415.0,267114.0,163767.0,1610230.0,1431730.0,48.0402,6.0,4.91,0.0000,-0.0184370153436016,1.4717,0,29,120,2009-10-30
300026.SZ,2020-08-20,5.46,5.59,5.75,5.44,5.36,0.23,4.291,1465110.0,816751.0,5.485,8.9463,3.49,41.7192,49.9037,2.4867,3.3567,3.3024,0.3544,0.8949,300415.0,267114.0,163767.0,1679320.0,1493170.0,48.0402,5.9,4.82,0.0000,-0.008266904256268238,1.4717,0,29,120,2009-10-30
300026.SZ,2020-08-21,5.57,5.52,5.61,5.49,5.59,-0.07,-1.2522,711068.0,393570.0,2.662,4.3419,1.08,41.1968,49.2788,2.4556,3.3146,3.2611,0.3589,0.9063,300415.0,267114.0,163767.0,1658290.0,1474470.0,48.0402,6.15,5.03,0.0000,-0.20305953149447753,1.4717,0,29,120,2009-10-30
300026.SZ,2020-08-24,5.55,5.59,5.64,5.35,5.52,0.07,1.2681,616112.0,339835.0,2.3066,3.7621,0.86,41.7192,49.9037,2.4867,3.3567,3.3024,0.3544,0.8949,300415.0,267114.0,163767.0,1679320.0,1493170.0,48.0402,6.62,4.42,0.0000,0.00824977475441072,1.4717,0,29,120,2009-10-30
300026.SZ,2020-08-25,5.54,5.71,5.84,5.51,5.59,0.12,2.1467,1244650.0,708998.0,4.6596,7.6001,1.68,42.6148,43.3149,2.4604,3.4287,3.1203,0.347,0.8761,300415.0,267114.0,163767.0,1715370.0,1525220.0,48.0402,6.71,4.47,0.0000,0.027942752612498165,2.7268,0,29,120,2009-10-30
300026.SZ,2020-08-26,5.7,5.63,5.83,5.55,5.71,-0.08,-1.4011,1081390.0,617270.0,4.0484,6.6032,1.21,42.0178,42.7081,2.4259,3.3807,3.0766,0.3519,0.8886,300415.0,267114.0,163767.0,1691340.0,1503850.0,48.0402,6.85,4.57,0.0000,-0.08556445804477206,2.7268,0,29,120,2009-10-30
300026.SZ,2020-08-27,5.58,5.86,5.95,5.46,5.63,0.23,4.0853,1580900.0,907886.0,5.9184,9.6533,1.54,43.7343,44.4528,2.525,3.5188,3.2023,0.3381,0.8537,300415.0,267114.0,163767.0,1760430.0,1565290.0,48.0402,6.76,4.5,0.0000,0.03414748586328563,2.7268,0,29,120,2009-10-30
300026.SZ,2020-08-28,5.83,5.89,5.95,5.75,5.86,0.03,0.5119,1555810.0,913203.0,5.8245,9.5001,1.49,43.9582,44.6804,2.538,3.5368,3.2187,0.3364,0.8493,300415.0,267114.0,163767.0,1769450.0,1573300.0,48.0402,7.03,4.69,0.0000,-0.0868934649160412,2.7268,0,29,120,2009-10-30
300026.SZ,2020-08-31,5.88,5.67,5.91,5.66,5.89,-0.22,-3.7351,1138390.0,657809.0,4.2618,6.9512,0.94,42.3163,43.0115,2.4432,3.4047,3.0985,0.3494,0.8823,300415.0,267114.0,163767.0,1703360.0,1514540.0,48.0402,7.07,4.71,0.0000,-0.20922611664117607,2.7268,0,29,120,2009-10-30
300026.SZ,2020-09-01,5.68,5.71,5.73,5.61,5.67,0.04,0.7055,555448.0,315174.0,2.0794,3.3917,0.42,42.6148,43.3149,2.4604,3.4287,3.1203,0.347,0.8761,300415.0,267114.0,163767.0,1715370.0,1525220.0,48.0402,6.8,4.54,0.0000,-0.05738103338589976,2.7268,0,29,120,2009-10-30
300026.SZ,2020-09-02,5.72,6.04,6.2,5.68,5.71,0.33,5.7793,2143660.0,1282120.0,8.0253,13.0897,1.81,45.0777,45.8183,2.6026,3.6269,3.3007,0.328,0.8282,300415.0,267114.0,163767.0,1814510.0,1613370.0,48.0402,6.85,4.57,0.0000,0.10346306113237108,2.7268,0,29,120,2009-10-30
300026.SZ,2020-09-03,6.08,6.45,6.86,5.98,6.04,0.41,6.7881,3033990.0,1946880.0,11.3584,18.5262,2.18,48.1376,48.9284,2.7793,3.8731,3.5247,0.3072,0.7756,300415.0,267114.0,163767.0,1937680.0,1722890.0,48.0402,7.25,4.83,0.0000,-0.04262390617248859,2.7268,0,29,120,2009-10-30
300026.SZ,2020-09-04,6.24,6.53,6.68,6.18,6.45,0.08,1.2403,2222800.0,1445100.0,8.3215,13.5729,1.32,48.7346,49.5353,2.8137,3.9211,3.5685,0.3034,0.7661,300415.0,267114.0,163767.0,1961710.0,1744250.0,48.0402,7.74,5.16,0.0000,-0.034817448591695825,2.7268,0,29,120,2009-10-30
300026.SZ,2020-09-07,6.52,6.74,7.04,6.39,6.53,0.21,3.2159,2634660.0,1758250.0,9.8634,16.0878,1.45,50.3019,51.1283,2.9042,4.0472,3.6832,0.294,0.7422,300415.0,267114.0,163767.0,2024800.0,1800350.0,48.0402,7.84,5.22,0.0000,-0.03452866602821003,2.7268,0,29,120,2009-10-30
300026.SZ,2020-09-08,6.74,6.84,6.88,6.48,6.74,0.1,1.4837,2248990.0,1505160.0,8.4196,13.7328,1.06,51.0482,51.8869,2.9473,4.1073,3.7379,0.2897,0.7314,300415.0,267114.0,163767.0,2054840.0,1827060.0,48.0402,8.09,5.39,0.0000,-0.030941097449224002,2.7268,0,29,120,2009-10-30
300026.SZ,2020-09-09,6.71,6.05,6.83,6.02,6.84,-0.79,-11.5497,2380950.0,1537170.0,8.9136,14.5386,0.97,45.1523,45.8941,2.6069,3.6329,3.3061,0.3275,0.8269,300415.0,267114.0,163767.0,1817510.0,1616040.0,48.0402,8.21,5.47,0.0000,-0.1724820673686691,2.7268,0,29,120,2009-10-30
300026.SZ,2020-09-10,6.08,5.61,6.16,5.5,6.05,-0.44,-7.2727,1756520.0,1018710.0,6.5759,10.7257,0.7,41.8685,42.5564,2.4173,3.3687,3.0657,0.3532,0.8917,300415.0,267114.0,163767.0,1685330.0,1498510.0,48.0402,7.26,4.84,0.0000,-0.1665803055512021,2.7268,0,29,120,2009-10-30
300026.SZ,2020-09-11,5.55,5.77,5.84,5.53,5.61,0.16,2.852,1027690.0,589756.0,3.8474,6.2753,0.46,43.0626,43.7701,2.4863,3.4648,3.1531,0.3434,0.867,300415.0,267114.0,163767.0,1733400.0,1541250.0,48.0402,6.73,4.49,0.0000,-0.022712036831943165,2.7268,0,29,120,2009-10-30
300026.SZ,2020-09-14,5.8,6.05,6.1,5.73,5.77,0.28,4.8527,1334770.0,797116.0,4.997,8.1504,0.66,45.1523,45.8941,2.6069,3.6329,3.3061,0.3275,0.8269,300415.0,267114.0,163767.0,1817510.0,1616040.0,48.0402,6.92,4.62,0.0000,0.028390137592131864,2.7268,0,29,120,2009-10-30
300026.SZ,2020-09-15,6.0,5.93,6.18,5.87,6.05,-0.12,-1.9835,1146090.0,687954.0,4.2907,6.9983,0.65,44.2567,44.9838,2.5552,3.5608,3.2406,0.3341,0.8436,300415.0,267114.0,163767.0,1781460.0,1583990.0,48.0402,7.26,4.84,0.0000,-0.10722930060179263,2.7268,0,29,120,2009-10-30
300026.SZ,2020-09-16,5.94,5.74,5.95,5.62,5.93,-0.19,-3.204,1021110.0,585124.0,3.8228,6.2351,0.67,42.8387,43.5425,2.4733,3.4467,3.1367,0.3452,0.8715,300415.0,267114.0,163767.0,1724380.0,1533230.0,48.0402,7.12,4.74,0.0000,-0.3001954180638425,2.7268,0,29,120,2009-10-30
300026.SZ,2020-09-17,5.72,5.7,5.84,5.65,5.74,-0.04,-0.6969,755022.0,433016.0,2.8266,4.6103,0.6,42.5402,43.2391,2.4561,3.4227,3.1149,0.3476,0.8776,300415.0,267114.0,163767.0,1712370.0,1522550.0,48.0402,6.89,4.59,0.0000,-0.06896060935364862,2.7268,0,29,120,2009-10-30
300026.SZ,2020-09-18,5.68,5.72,5.74,5.56,5.7,0.02,0.3509,725189.0,410745.0,2.7149,4.4282,0.67,42.6895,43.3908,2.4647,3.4347,3.1258,0.3464,0.8746,300415.0,267114.0,163767.0,1718380.0,1527890.0,48.0402,6.84,4.56,0.0000,-0.13892681635643422,2.7268,0,29,120,2009-10-30
300026.SZ,2020-09-21,5.74,5.73,5.84,5.68,5.72,0.01,0.1748,604385.0,347964.0,2.2626,3.6905,0.61,42.7641,43.4667,2.469,3.4407,3.1313,0.3458,0.8731,300415.0,267114.0,163767.0,1721380.0,1530560.0,48.0402,6.86,4.58,0.0000,-0.04181052583527669,2.7268,0,29,120,2009-10-30
300026.SZ,2020-09-22,5.68,5.91,6.11,5.64,5.73,0.18,3.1414,1387640.0,822751.0,5.1949,8.4732,1.63,44.1075,44.8321,2.5466,3.5488,3.2296,0.3352,0.8465,300415.0,267114.0,163767.0,1775460.0,1578640.0,48.0402,6.88,4.58,0.0000,-0.013074891781882968,2.7268,0,29,120,2009-10-30
300026.SZ,2020-09-23,5.85,6.13,6.25,5.79,5.91,0.22,3.7225,1556530.0,941313.0,5.8272,9.3089,1.73,45.7494,46.501,2.6414,3.6809,3.3499,0.3232,0.8161,300415.0,267114.0,167207.0,1841550.0,1637410.0,48.0402,7.09,4.73,0.0000,0.060528512107217804,2.7268,0,29,120,2009-10-30
300026.SZ,2020-09-24,6.02,5.77,6.08,5.76,6.13,-0.36,-5.8728,1089460.0,642227.0,4.0786,6.5156,1.08,43.0626,43.7701,2.4863,3.4648,3.1531,0.3434,0.867,300415.0,267114.0,167207.0,1733400.0,1541250.0,48.0402,7.36,4.9,0.0000,-0.22260361813637045,2.7268,0,29,120,2009-10-30
300026.SZ,2020-09-25,5.82,5.88,6.11,5.81,5.77,0.11,1.9064,962015.0,572452.0,3.6015,5.7534,0.9,43.8836,44.6045,2.5337,3.5308,3.2132,0.337,0.8508,300415.0,267114.0,167207.0,1766440.0,1570630.0,48.0402,6.92,4.62,0.0000,0.0021916524080803908,2.7268,0,29,120,2009-10-30
300026.SZ,2020-09-28,5.84,5.62,5.92,5.59,5.88,-0.26,-4.4218,797543.0,456060.0,2.9858,4.7698,0.71,41.9431,42.6322,2.4216,3.3747,3.0712,0.3525,0.8901,300415.0,267114.0,167207.0,1688340.0,1501180.0,48.0402,7.06,4.7,0.0000,-0.2506310175337101,2.7268,0,29,120,2009-10-30
300026.SZ,2020-09-29,5.64,5.52,5.66,5.43,5.62,-0.1,-1.7794,668130.0,370134.0,2.5013,3.9958,0.58,41.1968,41.8736,2.3785,3.3146,3.0165,0.3589,0.9063,300415.0,267114.0,167207.0,1658290.0,1474470.0,48.0402,6.74,4.5,0.0000,-0.19030942852000934,2.7268,0,29,120,2009-10-30
300026.SZ,2020-09-30,5.56,5.43,5.64,5.42,5.52,-0.09,-1.6304,501227.0,275746.0,1.8765,2.9976,0.49,40.5251,41.1909,2.3398,3.2606,2.9673,0.3649,0.9213,300415.0,267114.0,167207.0,1631260.0,1450430.0,48.0402,6.62,4.42,0.0000,-0.18776924254499286,2.7268,0,29,120,2009-10-30
300026.SZ,2020-10-09,5.55,5.59,5.65,5.49,5.43,0.16,2.9466,510769.0,285619.0,1.9122,3.0547,0.64,41.7192,42.4047,2.4087,3.3567,3.0548,0.3544,0.8949,300415.0,267114.0,167207.0,1679320.0,1493170.0,48.0402,6.52,4.34,0.0000,-0.010273482711291514,2.7268,0,29,120,2009-10-30
300026.SZ,2020-10-12,5.65,5.82,5.83,5.61,5.59,0.23,4.1145,756545.0,434467.0,2.8323,4.5246,1.1,43.4358,44.1494,2.5078,3.4948,3.1805,0.3404,0.8595,300415.0,267114.0,167207.0,1748420.0,1554600.0,48.0402,6.71,4.47,0.0000,0.08973760417339165,2.7268,0,29,120,2009-10-30
300026.SZ,2020-10-13,5.78,5.9,5.95,5.76,5.82,0.08,1.3746,823754.0,483265.0,3.0839,4.9265,1.27,44.0328,44.7563,2.5423,3.5428,3.2242,0.3358,0.8479,300415.0,267114.0,167207.0,1772450.0,1575970.0,48.0402,6.98,4.66,0.0000,-0.07449247386996058,2.7268,0,29,120,2009-10-30
300026.SZ,2020-10-14,5.86,5.78,5.98,5.76,5.9,-0.12,-2.0339,806176.0,473035.0,3.0181,4.8214,1.24,43.1372,43.846,2.4906,3.4708,3.1586,0.3428,0.8655,300415.0,267114.0,167207.0,1736400.0,1543920.0,48.0402,7.08,4.72,0.0000,-0.1294146129594087,2.7268,0,29,120,2009-10-30
300026.SZ,2020-10-15,5.87,5.7,5.88,5.69,5.78,-0.08,-1.3841,589653.0,340136.0,2.2075,3.5265,0.87,42.5402,43.2391,2.4561,3.4227,3.1149,0.3476,0.8776,300415.0,267114.0,167207.0,1712370.0,1522550.0,48.0402,6.94,4.62,0.0000,-0.20564488620918728,2.7268,0,29,120,2009-10-30
300026.SZ,2020-10-16,5.74,6.18,6.26,5.7,5.7,0.48,8.4211,1856510.0,1114410.0,6.9503,11.1031,2.66,46.1225,46.8803,2.6629,3.711,3.3772,0.3206,0.8095,300415.0,267114.0,167207.0,1856570.0,1650760.0,48.0402,6.84,4.56,0.0000,0.08752427401716878,2.7268,0,29,120,2009-10-30
300026.SZ,2020-10-19,6.1,6.01,6.21,5.98,6.18,-0.17,-2.7508,1517270.0,921782.0,5.6802,9.0742,1.57,44.8538,45.5907,2.5897,3.6089,3.2843,0.3297,0.8324,300415.0,267114.0,167207.0,1805500.0,1605360.0,48.0402,7.42,4.94,0.0000,-0.1919815479823931,2.7268,0,29,120,2009-10-30
300026.SZ,2020-10-20,5.97,6.04,6.06,5.92,6.01,0.03,0.4992,791619.0,474072.0,2.9636,4.7344,0.71,45.0777,45.8183,2.6026,3.6269,3.3007,0.328,0.8282,300415.0,267114.0,167207.0,1814510.0,1613370.0,48.0402,7.21,4.81,0.0000,-0.07563783470498774,2.7268,0,29,120,2009-10-30
300026.SZ,2020-10-21,5.99,5.85,6.0,5.83,6.04,-0.19,-3.1457,845614.0,498550.0,3.1657,5.0573,0.76,43.6597,44.377,2.5207,3.5128,3.1969,0.3387,0.8551,300415.0,267114.0,167207.0,1757430.0,1562620.0,48.0402,7.25,4.83,0.0000,-0.13642308044358084,2.7268,0,29,120,2009-10-30
300026.SZ,2020-10-22,5.82,5.83,5.89,5.74,5.85,-0.02,-0.3419,508346.0,295994.0,1.9031,3.0402,0.45,43.5104,44.2252,2.5121,3.5008,3.1859,0.3398,0.8581,300415.0,267114.0,167207.0,1751420.0,1557270.0,48.0402,7.02,4.68,0.0000,-0.11132290037634637,2.7268,0,29,120,2009-10-30
300026.SZ,2020-10-23,5.86,5.62,5.88,5.6,5.83,-0.21,-3.6021,667722.0,381746.0,2.4998,3.9934,0.6,41.9431,42.6322,2.4216,3.3747,3.0712,0.3525,0.8901,300415.0,267114.0,167207.0,1688340.0,1501180.0,48.0402,7.0,4.66,0.0000,-0.3538178609962066,2.7268,0,29,120,2009-10-30
300026.SZ,2020-10-26,5.68,5.71,5.74,5.61,5.62,0.09,1.6014,370636.0,210727.0,1.3876,2.2166,0.43,42.6148,43.3149,2.4604,3.4287,3.1203,0.347,0.8761,300415.0,267114.0,167207.0,1715370.0,1525220.0,48.0402,6.74,4.5,0.0000,0.02524110485022831,2.7268,0,29,120,2009-10-30
300026.SZ,2020-10-27,5.68,5.81,5.88,5.63,5.71,0.1,1.7513,660608.0,381775.0,2.4731,3.9508,1.04,43.3611,44.0735,2.5035,3.4888,3.175,0.341,0.861,300415.0,267114.0,167207.0,1745410.0,1551930.0,48.0402,6.85,4.57,0.0000,0.04607348606216553,2.7268,0,29,120,2009-10-30
300026.SZ,2020-10-28,5.77,5.67,5.82,5.54,5.81,-0.14,-2.4096,624181.0,352732.0,2.3368,3.733,1.02,42.3163,43.0115,2.4432,3.4047,3.0985,0.3494,0.8823,300415.0,267114.0,167207.0,1703360.0,1514540.0,48.0402,6.97,4.65,0.0000,-0.1561661984875447,2.7268,0,29,120,2009-10-30
300026.SZ,2020-10-29,5.59,5.75,5.87,5.55,5.67,0.08,1.4109,638400.0,367713.0,2.39,3.818,1.13,42.9133,43.6184,2.4776,3.4527,3.1422,0.3446,0.87,300415.0,267114.0,167207.0,1727390.0,1535910.0,48.0402,6.8,4.54,0.0000,-0.012426490043837635,2.7268,0,29,120,2009-10-30
300026.SZ,2020-10-30,5.75,5.52,5.79,5.51,5.75,-0.23,-4.0,683412.0,383360.0,2.5585,4.0872,1.15,41.1968,34.1637,2.2977,3.3146,2.7143,0.3589,0.9063,300415.0,267114.0,167207.0,1658290.0,1474470.0,48.0402,6.9,4.6,0.0000,-0.22551650244779645,3.5411,0,29,120,2009-10-30
300026.SZ,2020-11-02,5.55,5.42,5.57,5.35,5.52,-0.1,-1.8116,528255.0,286902.0,1.9776,3.1578,0.89,40.4505,33.5448,2.256,3.2546,2.6652,0.3656,0.923,300415.0,267114.0,167288.0,1628250.0,1447760.0,48.0402,6.62,4.42,0.0000,-0.17293118156936085,3.5411,0,29,120,2009-10-30
300026.SZ,2020-11-03,5.43,5.55,5.59,5.37,5.42,0.13,2.3985,413614.0,228069.0,1.5485,2.4725,0.66,41.4207,34.3494,2.3102,3.3327,2.7291,0.357,0.9014,300415.0,267114.0,167288.0,1667310.0,1482480.0,48.0402,6.5,4.34,0.0000,0.026534552691186448,3.5411,0,29,120,2009-10-30
300026.SZ,2020-11-04,5.55,5.45,5.59,5.4,5.55,-0.1,-1.8018,419891.0,229221.0,1.572,2.51,0.73,40.6744,33.7305,2.2685,3.2726,2.6799,0.3635,0.9179,300415.0,267114.0,167288.0,1637260.0,1455770.0,48.0402,6.66,4.44,0.0000,-0.1908379394157743,3.5411,0,29,120,2009-10-30
300026.SZ,2020-11-05,5.49,5.52,5.55,5.45,5.45,0.07,1.2844,391454.0,215143.0,1.4655,2.3347,0.73,41.1968,34.1637,2.2977,3.3146,2.7143,0.3589,0.9063,300415.0,267114.0,167668.0,1658290.0,1474470.0,48.0402,6.54,4.36,0.0000,0.002504863929137918,3.5411,0,29,120,2009-10-30
300026.SZ,2020-11-06,5.53,5.41,5.54,5.36,5.52,-0.11,-1.9928,448821.0,242863.0,1.6803,2.6768,0.92,40.3759,33.4829,2.2519,3.2486,2.6602,0.3662,0.9247,300415.0,267114.0,167668.0,1625250.0,1445090.0,48.0402,6.62,4.42,0.0000,-0.19062207935598455,3.5411,0,29,120,2009-10-30
300026.SZ,2020-11-09,5.41,5.5,5.54,5.41,5.41,0.09,1.6636,505804.0,278126.0,1.8936,3.0167,1.15,41.0476,34.0399,2.2893,3.3026,2.7045,0.3602,0.9096,300415.0,267114.0,167668.0,1652290.0,1469130.0,48.0402,6.49,4.33,0.0000,0.05331209469531431,3.5411,0,29,120,2009-10-30
300026.SZ,2020-11-10,5.52,5.48,5.57,5.43,5.5,-0.02,-0.3636,447507.0,245499.0,1.6753,2.669,1.03,40.8983,33.9161,2.281,3.2906,2.6947,0.3615,0.9129,300415.0,267114.0,167668.0,1646280.0,1463780.0,48.0402,6.6,4.4,0.0000,-0.13065200787395637,3.5411,0,29,120,2009-10-30
300026.SZ,2020-11-11,5.48,5.37,5.48,5.35,5.48,-0.11,-2.0073,364680.0,196364.0,1.3653,2.175,0.82,40.0773,33.2353,2.2352,3.2246,2.6406,0.369,0.9316,300415.0,267114.0,167668.0,1613230.0,1434400.0,48.0402,6.58,4.38,0.0000,-0.1874214483583696,3.5411,0,29,120,2009-10-30
300026.SZ,2020-11-12,5.38,5.27,5.42,5.26,5.37,-0.1,-1.8622,367145.0,195138.0,1.3745,2.1897,0.85,39.331,32.6164,2.1936,3.1645,2.5914,0.376,0.9493,300415.0,267114.0,167668.0,1583190.0,1407690.0,48.0402,6.44,4.3,0.0000,-0.2042869875767304,3.5411,0,29,120,2009-10-30
300026.SZ,2020-11-13,5.28,5.33,5.33,5.15,5.27,0.06,1.1385,300943.0,157815.0,1.1266,1.7949,0.71,39.7788,32.9878,2.2186,3.2005,2.6209,0.3717,0.9386,300415.0,267114.0,167668.0,1601210.0,1423720.0,48.0402,6.32,4.22,0.0000,0.01444342672363679,3.5411,0,29,120,2009-10-30
300026.SZ,2020-11-16,5.35,5.32,5.37,5.29,5.33,-0.01,-0.1876,275738.0,146962.0,1.0323,1.6446,0.69,39.7042,32.9259,2.2144,3.1945,2.616,0.3724,0.9403,300415.0,267114.0,167668.0,1598210.0,1421050.0,48.0402,6.4,4.26,0.0000,-0.13400513812101156,3.5411,0,29,120,2009-10-30
300026.SZ,2020-11-17,5.33,5.2,5.33,5.16,5.32,-0.12,-2.2556,357072.0,185700.0,1.3368,2.1296,1.02,38.8086,32.1832,2.1645,3.1225,2.557,0.381,0.962,300415.0,267114.0,167668.0,1562160.0,1388990.0,48.0402,6.38,4.26,0.0000,-0.23607632067231787,3.5411,0,29,120,2009-10-30
300026.SZ,2020-11-18,5.21,5.19,5.24,5.17,5.2,-0.01,-0.1923,265925.0,138277.0,0.9955,1.586,0.8,38.734,32.1213,2.1603,3.1165,2.5521,0.3818,0.9639,300415.0,267114.0,167668.0,1559160.0,1386320.0,48.0402,6.24,4.16,0.0000,-0.2190364398531714,3.5411,0,29,120,2009-10-30
300026.SZ,2020-11-19,5.19,5.23,5.26,5.13,5.19,0.04,0.7707,312516.0,162458.0,1.17,1.8639,1.0,39.0325,32.3689,2.177,3.1405,2.5717,0.3788,0.9565,300415.0,267114.0,167668.0,1571170.0,1397010.0,48.0402,6.23,4.15,0.0000,-0.1109177045189424,3.5411,0,29,120,2009-10-30
300026.SZ,2020-11-20,5.22,5.2,5.26,5.17,5.23,-0.03,-0.5736,257455.0,134099.0,0.9638,1.5355,0.85,38.8086,32.1832,2.1645,3.1225,2.557,0.381,0.962,300415.0,267114.0,167668.0,1562160.0,1388990.0,48.0402,6.28,4.18,0.0000,-0.09389480592940852,3.5411,0,29,120,2009-10-30
300026.SZ,2020-11-23,5.24,5.35,5.37,5.19,5.2,0.15,2.8846,480464.0,254611.0,1.7987,2.8656,1.64,39.9281,33.1115,2.2269,3.2126,2.6307,0.3703,0.9351,300415.0,267114.0,167668.0,1607220.0,1429060.0,48.0402,6.24,4.16,0.0000,0.1274575898160511,3.5411,0,29,120,2009-10-30
300026.SZ,2020-11-24,5.34,5.28,5.35,5.27,5.35,-0.07,-1.3084,249195.0,131892.0,0.9329,1.4862,0.74,39.4056,32.6783,2.1978,3.1705,2.5963,0.3752,0.9475,300415.0,267114.0,167668.0,1586190.0,1410360.0,48.0402,6.42,4.28,0.0000,-0.1785298334121195,3.5411,0,29,120,2009-10-30
300026.SZ,2020-11-25,5.29,5.18,5.3,5.18,5.28,-0.1,-1.8939,324310.0,169122.0,1.2141,1.9342,1.04,38.6593,32.0594,2.1561,3.1105,2.5471,0.3825,0.9657,300415.0,267114.0,167668.0,1556150.0,1383650.0,48.0402,6.34,4.22,0.0000,-0.27438512694025674,3.5411,0,29,120,2009-10-30
300026.SZ,2020-11-26,5.19,5.18,5.23,5.16,5.18,0.0,0.0,180228.0,93541.6,0.6747,1.0749,0.55,38.6593,32.0594,2.1561,3.1105,2.5471,0.3825,0.9657,300415.0,267114.0,167668.0,1556150.0,1383650.0,48.0402,6.22,4.14,0.0000,-0.17573326372248513,3.5411,0,29,120,2009-10-30
300026.SZ,2020-11-27,5.18,5.16,5.2,5.12,5.18,-0.02,-0.3861,246878.0,127330.0,0.9242,1.4724,0.83,38.5101,31.9356,2.1478,3.0985,2.5373,0.384,0.9695,300415.0,267114.0,167668.0,1550140.0,1378310.0,48.0402,6.22,4.14,0.0000,-0.12882412783416122,3.5411,0,29,120,2009-10-30
300026.SZ,2020-11-30,5.18,5.13,5.19,5.11,5.16,-0.03,-0.5814,278421.0,143520.0,1.0423,1.6606,0.94,38.2862,31.7499,2.1353,3.0805,2.5226,0.3862,0.9752,300415.0,267114.0,167668.0,1541130.0,1370300.0,48.0402,6.19,4.13,0.0000,-0.13929478721111016,3.5411,0,29,120,2009-10-30
300026.SZ,2020-12-01,5.15,5.18,5.2,5.12,5.13,0.05,0.9747,297840.0,154231.0,1.115,1.7764,1.16,38.6593,32.0594,2.1561,3.1105,2.5471,0.3825,0.9657,300415.0,267114.0,167668.0,1556150.0,1383650.0,48.0402,6.16,4.1,0.0000,-0.07366443255767462,3.5411,0,29,120,2009-10-30
300026.SZ,2020-12-02,5.18,5.14,5.19,5.12,5.18,-0.04,-0.7722,293415.0,151000.0,1.0985,1.75,1.1,38.3608,31.8118,2.1395,3.0865,2.5275,0.3855,0.9733,300415.0,267114.0,167668.0,1544140.0,1372970.0,48.0402,6.22,4.14,0.0000,-0.12699119180197505,3.5411,0,29,120,2009-10-30
300026.SZ,2020-12-03,5.16,5.18,5.22,5.12,5.14,0.04,0.7782,351659.0,181956.0,1.3165,2.0974,1.36,38.6593,32.0594,2.1561,3.1105,2.5471,0.3825,0.9657,300415.0,267114.0,167668.0,1556150.0,1383650.0,48.0402,6.17,4.11,0.0000,-0.06814128330169206,3.5411,0,29,120,2009-10-30
300026.SZ,2020-12-04,5.18,5.15,5.19,5.13,5.18,-0.03,-0.5792,238689.0,122978.0,0.8936,1.4236,0.81,38.4354,31.8737,2.1437,3.0925,2.5324,0.3847,0.9714,300415.0,267114.0,167668.0,1547140.0,1375640.0,48.0402,6.22,4.14,0.0000,-0.27669192106225793,3.5411,0,29,120,2009-10-30
300026.SZ,2020-12-07,5.17,5.01,5.17,5.0,5.15,-0.14,-2.7184,457082.0,231264.0,1.7112,2.7261,1.57,37.3906,31.0073,2.0854,3.0084,2.4636,0.3955,0.9985,300415.0,267114.0,167668.0,1505080.0,1338240.0,48.0402,6.18,4.12,0.0000,-0.2989372061751879,3.5411,0,29,120,2009-10-30
300026.SZ,2020-12-08,5.04,4.9,5.04,4.88,5.01,-0.11,-2.1956,433144.0,214001.0,1.6216,2.5833,1.32,36.5696,30.3265,2.0396,2.9423,2.4095,0.4043,1.0209,300415.0,267114.0,167668.0,1472040.0,1308860.0,48.0402,6.01,4.01,0.0000,-0.3313475325272693,3.5411,0,29,120,2009-10-30
300026.SZ,2020-12-09,4.91,4.75,4.91,4.71,4.9,-0.15,-3.0612,407881.0,195457.0,1.527,2.4327,1.15,35.4502,29.3981,1.9772,2.8523,2.3357,0.4171,1.0532,300415.0,267114.0,167668.0,1426970.0,1268790.0,48.0402,5.88,3.92,0.0000,-0.24250549967808788,3.5411,0,29,120,2009-10-30
300026.SZ,2020-12-10,4.74,4.78,4.81,4.69,4.75,0.03,0.6316,220561.0,105172.0,0.8257,1.3155,0.58,35.6741,29.5838,1.9897,2.8703,2.3505,0.4145,1.0466,300415.0,267114.0,167668.0,1435990.0,1276800.0,48.0402,5.7,3.8,0.0000,-0.11220134603383347,3.5411,0,29,120,2009-10-30
300026.SZ,2020-12-11,4.76,4.57,4.78,4.51,4.78,-0.21,-4.3933,462455.0,212865.0,1.7313,2.7582,1.32,34.1068,28.2841,1.9022,2.7442,2.2472,0.4335,1.0947,300415.0,267114.0,167668.0,1372900.0,1220710.0,48.0402,5.74,3.82,0.0000,-0.370940450500461,3.5411,0,29,120,2009-10-30
300026.SZ,2020-12-14,4.55,4.64,4.66,4.49,4.57,0.07,1.5317,272587.0,125477.0,1.0205,1.6258,0.69,34.6292,28.7173,1.9314,2.7862,2.2816,0.427,1.0781,300415.0,267114.0,167668.0,1393930.0,1239410.0,48.0402,5.48,3.66,0.0000,-0.00847875139043952,3.5411,0,29,120,2009-10-30
300026.SZ,2020-12-15,4.64,4.71,4.78,4.61,4.64,0.07,1.5086,296707.0,139776.0,1.1108,1.7696,0.83,35.1516,29.1505,1.9605,2.8283,2.316,0.4207,1.0621,300415.0,267114.0,167668.0,1414960.0,1258110.0,48.0402,5.57,3.71,0.0000,0.19833943946254884,3.5411,0,29,120,2009-10-30
300026.SZ,2020-12-16,4.72,4.65,4.73,4.62,4.71,-0.06,-1.2739,215578.0,100722.0,0.8071,1.2857,0.65,34.7038,28.7792,1.9355,2.7922,2.2865,0.4261,1.0758,300415.0,267114.0,167668.0,1396930.0,1242080.0,48.0402,5.65,3.77,0.0000,-0.1356112386220646,3.5411,0,29,120,2009-10-30
300026.SZ,2020-12-17,4.65,4.76,4.77,4.65,4.65,0.11,2.3656,340647.0,161158.0,1.2753,2.0317,1.16,35.5248,29.46,1.9813,2.8583,2.3406,0.4162,1.051,300415.0,267114.0,167668.0,1429980.0,1271460.0,48.0402,5.58,3.72,0.0000,0.2517898060241109,3.5411,0,29,120,2009-10-30
300026.SZ,2020-12-18,4.72,4.68,4.77,4.63,4.76,-0.08,-1.6807,261486.0,122859.0,0.9789,1.5595,0.82,34.9277,28.9649,1.948,2.8102,2.3013,0.4234,1.0689,300415.0,267114.0,167668.0,1405940.0,1250090.0,48.0402,5.71,3.81,0.0000,-0.21273981263422492,3.5411,0,29,120,2009-10-30
300026.SZ,2020-12-21,4.64,4.71,4.74,4.62,4.68,0.03,0.641,232311.0,108972.0,0.8697,1.3855,0.84,35.1516,29.1505,1.9605,2.8283,2.316,0.4207,1.0621,300415.0,267114.0,167668.0,1414960.0,1258110.0,48.0402,5.62,3.74,0.0000,-0.04079837244380897,3.5411,0,29,120,2009-10-30
300026.SZ,2020-12-22,4.73,4.93,5.03,4.7,4.71,0.22,4.6709,877634.0,432730.0,3.2856,5.2344,3.26,36.7935,30.5121,2.0521,2.9604,2.4242,0.4019,1.0147,300415.0,267114.0,167668.0,1481050.0,1316870.0,48.0402,5.65,3.77,0.0000,0.09911486327488503,3.5411,0,29,120,2009-10-30
300026.SZ,2020-12-23,4.86,4.88,4.95,4.8,4.93,-0.05,-1.0142,479405.0,233028.0,1.7948,2.8593,1.24,36.4204,30.2027,2.0313,2.9303,2.3996,0.406,1.0251,300415.0,267114.0,167668.0,1466030.0,1303520.0,48.0402,5.92,3.94,0.0000,-0.1207063879223317,3.5411,0,29,120,2009-10-30
300026.SZ,2020-12-24,4.83,4.61,4.84,4.6,4.88,-0.27,-5.5328,463447.0,217924.0,1.735,2.7641,1.06,34.4053,28.5316,1.9189,2.7682,2.2669,0.4298,1.0852,300415.0,267114.0,167668.0,1384920.0,1231400.0,48.0402,5.86,3.9,0.0000,-0.2880514922128141,3.5411,0,29,120,2009-10-30
300026.SZ,2020-12-25,4.57,4.58,4.63,4.54,4.61,-0.03,-0.6508,252260.0,115695.0,0.9444,1.5045,0.55,34.1814,28.346,1.9064,2.7502,2.2521,0.4326,1.0923,300415.0,267114.0,167668.0,1375900.0,1223380.0,48.0402,5.53,3.69,0.0000,-0.1079991199103493,3.5411,0,29,120,2009-10-30
300026.SZ,2020-12-28,4.61,4.52,4.62,4.45,4.58,-0.06,-1.31,352877.0,160308.0,1.3211,2.0992,0.77,33.7336,27.9746,1.8814,2.7142,2.2226,0.4383,1.1068,300415.0,267114.0,168102.0,1357880.0,1207360.0,48.0402,5.5,3.66,0.0000,-0.10441457619628897,3.5411,0,29,120,2009-10-30
300026.SZ,2020-12-29,4.5,4.55,4.6,4.49,4.52,0.03,0.6637,236971.0,107809.0,0.8872,1.4097,0.49,33.9575,28.1603,1.8939,2.7322,2.2374,0.4354,1.0995,300415.0,267114.0,168102.0,1366890.0,1215370.0,48.0402,5.42,3.62,0.0000,-0.07462736913704815,3.5411,0,29,120,2009-10-30
300026.SZ,2020-12-30,4.55,4.54,4.6,4.49,4.55,-0.01,-0.2198,256977.0,116805.0,0.9621,1.5287,0.72,33.8829,28.0984,1.8898,2.7262,2.2324,0.4364,1.1019,300415.0,267114.0,168102.0,1363890.0,1212700.0,48.0402,5.46,3.64,0.0000,0.024874274777764518,3.5411,0,29,120,2009-10-30
300026.SZ,2020-12-31,4.53,4.58,4.65,4.51,4.54,0.04,0.8811,275014.0,125896.0,1.0296,1.636,0.88,34.1814,28.346,1.9064,2.7502,2.2521,0.4326,1.0923,300415.0,267114.0,168102.0,1375900.0,1223380.0,48.0402,5.45,3.63,0.0000,-0.032706682825711174,3.5411,0,29,120,2009-10-30
300026.SZ,2021-01-04,4.58,4.54,4.58,4.48,4.58,-0.04,-0.8734,417480.0,188800.0,1.5629,2.4835,1.52,33.8829,28.0984,1.8898,2.7262,2.2324,1.1019,1.1019,300415.0,267114.0,168102.0,1363890.0,1212700.0,48.0402,5.5,3.66,0.0000,-0.20560742373985297,3.5411,0,29,120,2009-10-30
300026.SZ,2021-01-05,4.52,4.49,4.55,4.45,4.54,-0.05,-1.1013,373051.0,167386.0,1.3966,2.2192,1.21,33.5097,27.7889,1.8689,2.6961,2.2079,1.1142,1.1142,300415.0,267114.0,168102.0,1348870.0,1199340.0,48.0402,5.45,3.63,0.0000,-0.16581641881208847,3.5411,0,29,120,2009-10-30
300026.SZ,2021-01-06,4.49,4.77,4.83,4.48,4.49,0.28,6.2361,996139.0,467958.0,3.7293,5.9258,3.19,35.5994,29.5219,1.9855,2.8643,2.3455,1.0488,1.0488,300415.0,267114.0,168102.0,1432980.0,1274130.0,48.0402,5.39,3.59,0.0000,0.16786454609025608,3.5411,0,29,120,2009-10-30
300026.SZ,2021-01-07,4.74,4.59,4.75,4.55,4.77,-0.18,-3.7736,634766.0,293535.0,2.3764,3.7761,1.37,34.256,28.4078,1.9106,2.7562,2.257,1.0899,1.0899,300415.0,267114.0,168102.0,1378910.0,1226050.0,48.04,5.72,3.82,0.0000,-0.1020695110832946,3.5411,0,29,120,2009-10-30
300026.SZ,2021-01-08,4.58,4.66,4.7,4.55,4.59,0.07,1.5251,445623.0,207083.0,1.6683,2.6509,0.83,34.7785,28.8411,1.9397,2.7982,2.2914,1.0735,1.0735,300415.0,267114.0,168102.0,1399940.0,1244750.0,48.04,5.51,3.67,0.0000,-0.06300232536820208,3.5411,0,29,120,2009-10-30
300026.SZ,2021-01-11,4.69,4.58,4.74,4.56,4.66,-0.08,-1.7167,396620.0,183702.0,1.4848,2.3594,0.69,34.1814,28.346,1.9064,2.7502,2.2521,1.0923,1.0923,300415.0,267114.0,168102.0,1375900.0,1223380.0,48.04,5.59,3.73,0.0000,-0.13262359903649668,3.5411,0,29,120,2009-10-30
300026.SZ,2021-01-12,4.58,4.55,4.64,4.48,4.58,-0.03,-0.655,345183.0,156623.0,1.2923,2.0534,0.61,33.9575,28.1603,1.8939,2.7322,2.2374,1.0995,1.0995,300415.0,267114.0,168102.0,1366890.0,1215370.0,48.04,5.5,3.66,0.0000,-0.1113268032110644,3.5411,0,29,120,2009-10-30
300026.SZ,2021-01-13,4.53,4.26,4.54,4.25,4.55,-0.29,-6.3736,658811.0,285147.0,2.4664,3.9191,1.17,31.7932,26.3655,1.7732,2.558,2.0948,1.1743,1.1743,300415.0,267114.0,168102.0,1279770.0,1137910.0,48.04,5.46,3.64,0.0000,-0.26407425777894894,3.5411,0,29,120,2009-10-30
300026.SZ,2021-01-14,4.28,4.29,4.33,4.26,4.26,0.03,0.7042,287244.0,123502.0,1.0754,1.7088,0.58,32.0171,26.5511,1.7857,2.5761,2.1095,1.1661,1.1661,300415.0,267114.0,168102.0,1288780.0,1145920.0,48.04,5.11,3.41,0.0000,-0.12246893693649977,3.5411,0,29,120,2009-10-30
300026.SZ,2021-01-15,4.3,4.35,4.41,4.28,4.29,0.06,1.3986,261877.0,113794.0,0.9804,1.5578,0.61,32.4649,26.9225,1.8107,2.6121,2.139,1.15,1.15,300415.0,267114.0,168102.0,1306810.0,1161950.0,48.04,5.15,3.43,0.0000,0.10494926436123611,3.5411,0,29,120,2009-10-30
300026.SZ,2021-01-18,4.33,4.4,4.48,4.33,4.35,0.05,1.1494,350069.0,153961.0,1.3106,2.0825,0.9,32.838,27.2319,1.8315,2.6421,2.1636,1.1369,1.1369,300415.0,267114.0,168102.0,1321830.0,1175300.0,48.04,5.22,3.48,0.0000,0.09534382296666238,3.5411,0,29,120,2009-10-30
300026.SZ,2021-01-19,4.39,4.4,4.43,4.36,4.4,0.0,0.0,281198.0,123382.0,1.0527,1.6728,0.74,32.838,27.2319,1.8315,2.6421,2.1636,1.1369,1.1369,300415.0,267114.0,168102.0,1321830.0,1175300.0,48.04,5.28,3.52,0.0000,-0.16888723036382883,3.5411,0,29,120,2009-10-30
300026.SZ,2021-01-20,4.39,4.36,4.42,4.33,4.4,-0.04,-0.9091,269183.0,117401.0,1.0077,1.6013,0.73,32.5395,26.9844,1.8148,2.6181,2.1439,1.1474,1.1474,300415.0,267114.0,168102.0,1309810.0,1164620.0,48.04,5.28,3.52,0.0000,-0.03658891453651655,3.5411,0,29,120,2009-10-30
300026.SZ,2021-01-21,4.34,4.41,4.47,4.34,4.36,0.05,1.1468,375845.0,166076.0,1.4071,2.2358,1.3,32.9127,27.2938,1.8356,2.6481,2.1685,1.1344,1.1344,300415.0,267114.0,168102.0,1324830.0,1177970.0,48.04,5.23,3.49,0.0000,0.05114371957325491,3.5411,0,29,120,2009-10-30
300026.SZ,2021-01-22,4.41,4.48,4.52,4.35,4.41,0.07,1.5873,519845.0,231432.0,1.9462,3.0924,1.69,33.4351,27.727,1.8648,2.6901,2.2029,1.1166,1.1166,300415.0,267114.0,168102.0,1345860.0,1196670.0,48.04,5.29,3.53,0.0000,0.04388950777044376,3.5411,0,29,120,2009-10-30
300026.SZ,2021-01-25,4.46,4.31,4.47,4.28,4.48,-0.17,-3.7946,403672.0,175144.0,1.5112,2.4014,1.12,32.1664,26.6749,1.794,2.5881,2.1193,1.1607,1.1607,300415.0,267114.0,168102.0,1294790.0,1151260.0,48.04,5.38,3.58,0.0000,-0.14477825747934364,3.5411,0,29,120,2009-10-30
300026.SZ,2021-01-26,4.3,4.18,4.32,4.16,4.31,-0.13,-3.0162,338185.0,142547.0,1.2661,2.0118,0.91,31.1961,25.8703,1.7399,2.51,2.0554,1.1968,1.1968,300415.0,267114.0,168102.0,1255740.0,1116540.0,48.04,5.17,3.45,0.0000,-0.20096781428736296,3.5411,0,29,120,2009-10-30
300026.SZ,2021-01-27,4.22,4.12,4.22,4.1,4.18,-0.06,-1.4354,278012.0,115264.0,1.0408,1.6538,0.73,30.7483,25.499,1.7149,2.474,2.0259,1.2142,1.2142,300415.0,267114.0,168102.0,1237710.0,1100510.0,48.04,5.02,3.34,0.0000,-0.1283507761288151,3.5411,0,29,120,2009-10-30
300026.SZ,2021-01-28,4.17,4.2,4.34,4.16,4.12,0.08,1.9417,385454.0,163741.0,1.443,2.293,1.01,31.3454,25.9941,1.7482,2.522,2.0653,1.1911,1.1911,300415.0,267114.0,168102.0,1261740.0,1121880.0,48.04,4.94,3.3,0.0000,0.022420920332860552,3.5411,0,29,120,2009-10-30
300026.SZ,2021-01-29,4.19,4.07,4.24,4.01,4.2,-0.13,-3.0952,368041.0,150599.0,1.3778,2.1894,0.96,30.3752,25.1895,1.6941,2.4439,2.0013,1.2291,1.2291,300415.0,267114.0,168102.0,1222690.0,1087150.0,48.04,5.04,3.36,0.0000,-0.317208247441862,3.5411,0,29,120,2009-10-30
300026.SZ,2021-02-01,4.05,4.11,4.14,4.01,4.07,0.04,0.9828,234825.0,95784.3,0.8791,1.3969,0.66,30.6737,25.4371,1.7108,2.468,2.021,1.2172,1.2172,300415.0,267114.0,168102.0,1234710.0,1097840.0,48.04,4.88,3.26,0.0000,-0.025551531892548156,3.5411,0,29,120,2009-10-30
300026.SZ,2021-02-02,4.09,4.07,4.13,4.04,4.11,-0.04,-0.9732,179249.0,73109.8,0.6711,1.0663,0.56,30.3752,25.1895,1.6941,2.4439,2.0013,1.2291,1.2291,300415.0,267114.0,168102.0,1222690.0,1087150.0,48.04,4.93,3.29,0.0000,-0.13511386047356683,3.5411,0,29,120,2009-10-30
300026.SZ,2021-02-03,4.07,3.96,4.09,3.95,4.07,-0.11,-2.7027,289631.0,115523.0,1.0843,1.723,1.0,29.5542,24.5087,1.6483,2.3779,1.9472,1.2633,1.2633,300415.0,267114.0,168102.0,1189650.0,1057770.0,48.04,4.88,3.26,0.0000,-0.28996812445014614,3.5411,0,29,120,2009-10-30
300026.SZ,2021-02-04,3.92,3.81,3.94,3.74,3.96,-0.15,-3.7879,361745.0,137865.0,1.3543,2.1519,1.24,28.4348,23.5804,1.5859,2.2878,1.8735,1.313,1.313,300415.0,267114.0,168102.0,1144580.0,1017700.0,48.04,4.75,3.17,0.0000,-0.3958657089394396,3.5411,0,29,120,2009-10-30
300026.SZ,2021-02-05,3.83,3.78,3.94,3.78,3.81,-0.03,-0.7874,231540.0,89098.9,0.8668,1.3774,0.81,28.2109,23.3947,1.5734,2.2698,1.8587,1.3234,1.3234,300415.0,267114.0,168102.0,1135570.0,1009690.0,48.04,4.57,3.05,0.0000,-0.1864442983448887,3.5411,0,29,120,2009-10-30
300026.SZ,2021-02-08,3.78,3.81,3.9,3.78,3.78,0.03,0.7937,209442.0,80268.4,0.7841,1.2351,0.81,28.4348,23.5804,1.5859,2.2878,1.8735,1.313,1.313,300415.0,267114.0,169574.0,1144580.0,1017700.0,48.04,4.54,3.02,0.0000,-0.042268774148140044,3.5411,0,29,120,2009-10-30
300026.SZ,2021-02-09,3.8,3.9,3.94,3.76,3.81,0.09,2.3622,327715.0,125794.0,1.2269,1.9326,1.29,29.1064,24.1374,1.6234,2.3419,1.9177,1.2827,1.2827,300415.0,267114.0,169574.0,1171620.0,1041740.0,48.04,4.57,3.05,0.0000,0.11755910568869984,3.5411,0,29,120,2009-10-30
300026.SZ,2021-02-10,3.95,3.95,4.02,3.91,3.9,0.05,1.2821,308238.0,122000.0,1.154,1.8177,1.09,29.4796,24.4468,1.6442,2.3719,1.9423,1.2665,1.2665,300415.0,267114.0,169574.0,1186640.0,1055100.0,48.04,4.68,3.12,0.0000,-0.06780209371099072,3.5411,0,29,120,2009-10-30
300026.SZ,2021-02-18,3.99,4.04,4.1,3.98,3.95,0.09,2.2785,344617.0,139390.0,1.2901,2.0323,1.2,30.1513,25.0039,1.6816,2.4259,1.9866,1.2383,1.2383,300415.0,267114.0,169574.0,1213680.0,1079140.0,48.04,4.74,3.16,0.0000,0.016562631486970687,3.5411,0,29,120,2009-10-30
300026.SZ,2021-02-19,4.04,4.11,4.12,4.0,4.04,0.07,1.7327,301290.0,122884.0,1.1279,1.7768,1.06,30.6737,25.4371,1.7108,2.468,2.021,1.2172,1.2172,300415.0,267114.0,169574.0,1234710.0,1097840.0,48.04,4.85,3.23,0.0000,-0.056760760780514806,3.5411,0,29,120,2009-10-30
300026.SZ,2021-02-22,4.14,4.16,4.25,4.12,4.11,0.05,1.2165,456975.0,191341.0,1.7108,2.6948,1.53,31.0469,25.7465,1.7316,2.498,2.0456,1.2025,1.2025,300415.0,267114.0,169574.0,1249730.0,1111190.0,48.04,4.93,3.29,0.0000,0.048947795841557534,3.5411,0,29,120,2009-10-30
300026.SZ,2021-02-23,4.15,4.09,4.2,4.07,4.16,-0.07,-1.6827,290005.0,119248.0,1.0857,1.7102,0.83,30.5245,25.3133,1.7024,2.456,2.0112,1.2231,1.2231,300415.0,267114.0,169574.0,1228700.0,1092500.0,48.04,4.99,3.33,0.0000,-0.1921828190240021,3.5411,0,29,120,2009-10-30
300026.SZ,2021-02-24,4.1,4.11,4.16,4.07,4.09,0.02,0.489,275149.0,113425.0,1.0301,1.6226,0.81,30.6737,25.4371,1.7108,2.468,2.021,1.2172,1.2172,300415.0,267114.0,169574.0,1234710.0,1097840.0,48.04,4.91,3.27,0.0000,0.012986807489374957,3.5411,0,29,120,2009-10-30
300026.SZ,2021-02-25,4.14,4.04,4.14,4.02,4.11,-0.07,-1.7032,256873.0,104515.0,0.9617,1.5148,0.77,30.1513,25.0039,1.6816,2.4259,1.9866,1.2383,1.2383,300415.0,267114.0,169574.0,1213680.0,1079140.0,48.04,4.93,3.29,0.0000,-0.24060939521679015,3.5411,0,29,120,2009-10-30
300026.SZ,2021-02-26,4.07,4.08,4.17,4.05,4.04,0.04,0.9901,358362.0,147078.0,1.3416,2.1133,1.13,30.4498,21.2946,1.703,2.45,1.8892,1.2261,1.2261,300415.0,267114.0,169574.0,1225700.0,1089830.0,48.04,4.85,3.23,0.0000,0.0230982420083506,3.5411,0,29,120,2009-10-30
300026.SZ,2021-03-01,4.08,4.12,4.14,4.06,4.08,0.04,0.9804,264340.0,108401.0,0.9896,1.5589,0.81,30.7483,21.5034,1.7197,2.474,1.9077,1.2142,1.2142,300415.0,267114.0,169574.0,1237710.0,1100510.0,48.04,4.9,3.26,0.0000,0.026920896421403783,3.5411,0,29,120,2009-10-30
300026.SZ,2021-03-02,4.13,4.15,4.18,4.09,4.12,0.03,0.7282,257317.0,106280.0,0.9633,1.5174,0.89,30.9722,21.66,1.7322,2.492,1.9216,1.2054,1.2054,300415.0,267114.0,169574.0,1246720.0,1108520.0,48.04,4.94,3.3,0.0000,0.2017441468761623,3.5411,0,29,120,2009-10-30
300026.SZ,2021-03-03,4.14,4.18,4.19,4.11,4.15,0.03,0.7229,250962.0,104467.0,0.9395,1.48,0.89,31.1961,21.8166,1.7448,2.51,1.9355,1.1968,1.1968,300415.0,267114.0,169574.0,1255740.0,1116540.0,48.04,4.98,3.32,0.0000,-0.13547658240069838,3.5411,0,29,120,2009-10-30
300026.SZ,2021-03-04,4.17,4.19,4.23,4.14,4.18,0.01,0.2392,296116.0,124036.0,1.1086,1.7462,1.07,31.2708,21.8688,1.7489,2.516,1.9401,1.1939,1.1939,300415.0,267114.0,169574.0,1258740.0,1119210.0,48.04,5.02,3.34,0.0000,-0.15516330537938305,3.5411,0,29,120,2009-10-30
300026.SZ,2021-03-05,4.18,4.29,4.3,4.16,4.19,0.1,2.3866,367135.0,156259.0,1.3744,2.165,1.29,32.0171,22.3907,1.7907,2.5761,1.9864,1.1661,1.1661,300415.0,267114.0,169574.0,1288780.0,1145920.0,48.04,5.03,3.35,0.0000,0.16353992617514634,3.5411,0,29,120,2009-10-30
300026.SZ,2021-03-08,4.32,4.18,4.32,4.18,4.29,-0.11,-2.5641,371536.0,157592.0,1.3909,2.191,1.29,31.1961,21.8166,1.7448,2.51,1.9355,1.1968,1.1968,300415.0,267114.0,169574.0,1255740.0,1116540.0,48.04,5.15,3.43,0.0000,-0.15848456119032697,3.5411,0,29,120,2009-10-30
300026.SZ,2021-03-09,4.19,4.09,4.2,3.99,4.18,-0.09,-2.1531,366419.0,149994.0,1.3718,2.1608,1.19,30.5245,21.3468,1.7072,2.456,1.8938,1.2231,1.2231,300415.0,267114.0,169574.0,1228700.0,1092500.0,48.04,5.02,3.34,0.0000,-0.2530146078260958,3.5411,0,29,120,2009-10-30
300026.SZ,2021-03-10,4.12,4.0,4.13,3.99,4.09,-0.09,-2.2005,217417.0,87889.5,0.8139,1.2821,0.66,29.8528,20.8771,1.6696,2.4019,1.8521,1.2506,1.2506,300415.0,267114.0,169574.0,1201660.0,1068460.0,48.04,4.91,3.27,0.0000,-0.3476918822913079,3.5411,0,29,120,2009-10-30
300026.SZ,2021-03-11,4.02,4.03,4.04,3.96,4.0,0.03,0.75,203954.0,81757.7,0.7635,1.2027,0.63,30.0767,21.0337,1.6821,2.4199,1.866,1.2413,1.2413,300415.0,267114.0,169574.0,1210670.0,1076470.0,48.04,4.8,3.2,0.0000,-0.1208390107369317,3.5411,0,29,120,2009-10-30
300026.SZ,2021-03-12,4.02,3.97,4.02,3.96,4.03,-0.06,-1.4888,226193.0,89871.0,0.8468,1.3339,0.74,29.6289,20.7205,1.6571,2.3839,1.8382,1.2601,1.2601,300415.0,267114.0,169574.0,1192650.0,1060440.0,48.04,4.84,3.22,0.0000,-0.3266673056160892,3.5411,0,29,120,2009-10-30
300026.SZ,2021-03-15,3.97,4.02,4.04,3.94,3.97,0.05,1.2594,205844.0,82323.0,0.7706,1.2139,0.74,30.002,20.9815,1.678,2.4139,1.8614,1.2444,1.2444,300415.0,267114.0,169574.0,1207670.0,1073800.0,48.04,4.76,3.18,0.0000,0.1117283158376436,3.5411,0,29,120,2009-10-30
300026.SZ,2021-03-16,4.02,4.06,4.07,4.0,4.02,0.04,0.995,192906.0,77994.2,0.7222,1.1376,0.79,30.3006,21.1903,1.6947,2.4379,1.8799,1.2322,1.2322,300415.0,267114.0,169574.0,1219690.0,1084480.0,48.04,4.82,3.22,0.0000,0.04510483683593953,3.5411,0,29,120,2009-10-30
300026.SZ,2021-03-17,4.07,4.05,4.08,4.02,4.06,-0.01,-0.2463,149659.0,60506.0,0.5603,0.8826,0.72,30.2259,21.1381,1.6905,2.4319,1.8753,1.2352,1.2352,300415.0,267114.0,169574.0,1216680.0,1081810.0,48.04,4.87,3.25,0.0000,-0.09665618052494476,3.5411,0,29,120,2009-10-30
300026.SZ,2021-03-18,4.05,4.09,4.11,4.02,4.05,0.04,0.9877,241239.0,98378.1,0.9031,1.4226,1.23,30.5245,21.3468,1.7072,2.456,1.8938,1.2231,1.2231,300415.0,267114.0,169574.0,1228700.0,1092500.0,48.04,4.86,3.24,0.0000,0.14996642785943184,3.5411,0,29,120,2009-10-30
300026.SZ,2021-03-19,4.07,4.16,4.25,4.04,4.09,0.07,1.7115,423084.0,176639.0,1.5839,2.495,2.08,31.0469,21.7122,1.7364,2.498,1.9262,1.2025,1.2025,300415.0,267114.0,169574.0,1249730.0,1111190.0,48.04,4.91,3.27,0.0000,0.05354276113627252,3.5411,0,29,120,2009-10-30
300026.SZ,2021-03-22,4.14,4.16,4.17,4.12,4.16,0.0,0.0,273791.0,113540.0,1.025,1.6146,1.13,31.0469,21.7122,1.7364,2.498,1.9262,1.2025,1.2025,300415.0,267114.0,169574.0,1249730.0,1111190.0,48.04,4.99,3.33,0.0000,-0.12826903439929918,3.5411,0,29,120,2009-10-30
300026.SZ,2021-03-23,4.15,4.08,4.18,4.05,4.16,-0.08,-1.9231,234381.0,96044.4,0.8775,1.3822,0.92,30.4498,21.2946,1.703,2.45,1.8892,1.2261,1.2261,300415.0,267114.0,169574.0,1225700.0,1089830.0,48.04,4.99,3.33,0.0000,-0.276490406420684,3.5411,0,29,120,2009-10-30
300026.SZ,2021-03-24,4.07,4.07,4.12,4.04,4.08,-0.01,-0.2451,157114.0,64108.5,0.5882,0.9265,0.59,30.3752,21.2424,1.6988,2.4439,1.8845,1.2291,1.2291,300415.0,267114.0,169574.0,1222690.0,1087150.0,48.04,4.9,3.26,0.0000,-0.18500303292789108,3.5411,0,29,120,2009-10-30
300026.SZ,2021-03-25,4.1,4.08,4.11,4.05,4.07,0.01,0.2457,138177.0,56357.2,0.5173,0.8148,0.52,30.4498,21.2946,1.703,2.45,1.8892,1.2261,1.2261,300415.0,267114.0,169574.0,1225700.0,1089830.0,48.04,4.88,3.26,0.0000,-0.03966873255412787,3.5411,0,29,120,2009-10-30
300026.SZ,2021-03-26,4.09,4.08,4.1,4.05,4.08,0.0,0.0,150989.0,61526.8,0.5653,0.8904,0.62,30.4498,21.2946,1.703,2.45,1.8892,1.2261,1.2261,300415.0,267114.0,169574.0,1225700.0,1089830.0,48.04,4.9,3.26,0.0000,-0.1665471079299804,3.5411,0,29,120,2009-10-30
300026.SZ,2021-03-29,4.08,4.11,4.11,4.05,4.08,0.03,0.7353,197488.0,80767.6,0.7393,1.1646,1.03,30.6737,21.4512,1.7155,2.468,1.9031,1.2172,1.2172,300415.0,267114.0,169574.0,1234710.0,1097840.0,48.04,4.9,3.26,0.0000,0.0010516035768903859,3.5411,0,29,120,2009-10-30
300026.SZ,2021-03-30,4.1,4.05,4.1,4.0,4.11,-0.06,-1.4599,215590.0,87286.5,0.8071,1.2714,1.23,30.2259,21.1381,1.6905,2.4319,1.8753,1.2352,1.2352,300415.0,267114.0,169574.0,1216680.0,1081810.0,48.04,4.93,3.29,0.0000,-0.1996158313822801,3.5411,0,29,120,2009-10-30
300026.SZ,2021-03-31,4.1,4.11,4.18,4.09,4.05,0.06,1.4815,320136.0,132384.0,1.1983,1.8873,1.86,21.5333,21.5333,1.7163,1.903,1.903,1.2172,1.2172,300415.0,267170.0,169629.0,1234710.0,1098070.0,48.04,4.86,3.24,0.0000,0.03749353307351912,-0.4833,0,29,120,2009-10-30
300026.SZ,2021-04-01,4.12,4.09,4.14,4.07,4.11,-0.02,-0.4866,148806.0,60895.0,0.557,0.8772,0.73,21.4285,21.4285,1.7079,1.8938,1.8938,1.2231,1.2231,300415.0,267170.0,169629.0,1228700.0,1092720.0,48.04,4.93,3.29,0.0000,-0.07938153496055218,-0.4833,0,29,120,2009-10-30
300026.SZ,2021-04-02,4.08,4.03,4.09,4.02,4.09,-0.06,-1.467,216646.0,87555.2,0.8109,1.2772,1.05,21.1142,21.1142,1.6829,1.866,1.866,1.2413,1.2413,300415.0,267170.0,169629.0,1210670.0,1076690.0,48.04,4.91,3.27,0.0000,-0.2527260707024621,-0.4833,0,29,120,2009-10-30
300026.SZ,2021-04-06,4.04,4.04,4.07,4.03,4.03,0.01,0.2481,148351.0,60017.2,0.5553,0.8746,0.68,21.1666,21.1666,1.687,1.8706,1.8706,1.2383,1.2383,300415.0,267170.0,169629.0,1213680.0,1079360.0,48.04,4.84,3.22,0.0000,-0.07236214175394806,-0.4833,0,29,120,2009-10-30
300026.SZ,2021-04-07,4.06,4.03,4.06,4.01,4.04,-0.01,-0.2475,182098.0,73264.0,0.6816,1.0735,0.87,21.1142,21.1142,1.6829,1.866,1.866,1.2413,1.2413,300415.0,267170.0,169629.0,1210670.0,1076690.0,48.04,4.85,3.23,0.0000,-0.19032248590517553,-0.4833,0,29,120,2009-10-30
300026.SZ,2021-04-08,4.04,3.98,4.05,3.97,4.03,-0.05,-1.2407,203863.0,81430.6,0.763,1.2018,1.0,20.8522,20.8522,1.662,1.8428,1.8428,1.2569,1.2569,300415.0,267170.0,169629.0,1195650.0,1063330.0,48.04,4.84,3.22,0.0000,-0.29951701482118337,-0.4833,0,29,120,2009-10-30
300026.SZ,2021-04-09,3.98,3.99,4.0,3.96,3.98,0.01,0.2513,161296.0,64187.2,0.6037,0.9509,0.9,20.9046,20.9046,1.6662,1.8475,1.8475,1.2538,1.2538,300415.0,267170.0,169629.0,1198660.0,1066010.0,48.04,4.78,3.18,0.0000,-0.13788741580895386,-0.4833,0,29,120,2009-10-30
300026.SZ,2021-04-12,3.97,3.91,3.99,3.88,3.99,-0.08,-2.005,238340.0,93777.7,0.8921,1.4051,1.31,20.4855,20.4855,1.6328,1.8104,1.8104,1.2794,1.2794,300415.0,267170.0,169629.0,1174620.0,1044630.0,48.04,4.79,3.19,0.0000,-0.5365231099177646,-0.4833,0,29,120,2009-10-30
300026.SZ,2021-04-13,3.9,3.9,3.92,3.86,3.91,-0.01,-0.2558,150373.0,58530.3,0.5628,0.8865,0.81,20.4331,20.4331,1.6286,1.8058,1.8058,1.2827,1.2827,300415.0,267170.0,169629.0,1171620.0,1041960.0,48.04,4.69,3.13,0.0000,-0.0344562613503098,-0.4833,0,29,120,2009-10-30
300026.SZ,2021-04-14,3.9,3.94,3.95,3.87,3.9,0.04,1.0256,161621.0,63439.8,0.6049,0.9528,0.86,20.6426,20.6426,1.6453,1.8243,1.8243,1.2697,1.2697,300415.0,267170.0,169629.0,1183640.0,1052650.0,48.04,4.68,3.12,0.0000,0.06698087567340612,-0.4833,0,29,120,2009-10-30
300026.SZ,2021-04-15,3.94,3.93,3.94,3.89,3.94,-0.01,-0.2538,137580.0,53800.7,0.515,0.8111,0.75,20.5903,20.5903,1.6411,1.8197,1.8197,1.2729,1.2729,300415.0,267170.0,169629.0,1180630.0,1049980.0,48.04,4.73,3.15,0.0000,-0.2770818666620925,-0.4833,0,29,120,2009-10-30
300026.SZ,2021-04-16,3.91,3.98,3.99,3.91,3.93,0.05,1.2723,181712.0,72026.5,0.6801,1.0712,1.07,20.8522,20.8522,1.662,1.8428,1.8428,1.2569,1.2569,300415.0,267170.0,169629.0,1195650.0,1063330.0,48.04,4.72,3.14,0.0000,0.01999917231990671,-0.4833,0,29,120,2009-10-30
300026.SZ,2021-04-19,3.98,4.0,4.02,3.97,3.98,0.02,0.5025,188954.0,75633.7,0.7072,1.1139,1.09,20.957,20.957,1.6703,1.8521,1.8521,1.2506,1.2506,300415.0,267170.0,169629.0,1201660.0,1068680.0,48.04,4.78,3.18,0.0000,-0.08145787160586607,-0.4833,0,29,120,2009-10-30
300026.SZ,2021-04-20,4.01,3.96,4.02,3.95,4.0,-0.04,-1.0,197227.0,78569.8,0.7382,1.1627,1.2,20.7474,20.7474,1.6536,1.8336,1.8336,1.2633,1.2633,300415.0,267170.0,169629.0,1189650.0,1057990.0,48.04,4.8,3.2,0.0000,-0.4767179340703807,-0.4833,0,29,120,2009-10-30
300026.SZ,2021-04-21,3.96,4.05,4.07,3.92,3.96,0.09,2.2727,352275.0,142001.0,1.3185,2.0767,2.03,21.219,21.219,1.6912,1.8752,1.8752,1.2352,1.2352,300415.0,267170.0,169629.0,1216680.0,1082040.0,48.04,4.75,3.17,0.0000,0.23656798923837996,-0.4833,0,29,120,2009-10-30
300026.SZ,2021-04-22,4.04,4.04,4.08,4.02,4.05,-0.01,-0.2469,213180.0,86255.1,0.7979,1.2567,1.01,21.1666,21.1666,1.687,1.8706,1.8706,1.2383,1.2383,300415.0,267170.0,169629.0,1213680.0,1079360.0,48.04,4.86,3.24,0.0000,-0.015374653690511365,-0.4833,0,29,120,2009-10-30
300026.SZ,2021-04-23,4.05,4.0,4.06,3.98,4.04,-0.04,-0.9901,196254.0,78499.8,0.7346,1.157,0.87,20.957,20.957,1.6703,1.8521,1.8521,1.2506,1.2506,300415.0,267170.0,169629.0,1201660.0,1068680.0,48.04,4.85,3.23,0.0000,-0.1471461273498796,-0.4833,0,29,120,2009-10-30
300026.SZ,2021-04-26,4.03,4.13,4.27,4.03,4.0,0.13,3.25,686858.0,284920.0,2.5709,4.0492,2.99,21.6381,21.6381,1.7246,1.9123,1.9123,1.2113,1.2113,300415.0,267170.0,169629.0,1240720.0,1103410.0,48.04,4.8,3.2,0.0000,0.14726220036063747,-0.4833,0,29,120,2009-10-30
300026.SZ,2021-04-27,4.11,4.24,4.24,4.07,4.13,0.11,2.6634,611891.0,254744.0,2.2903,3.6072,1.86,22.2144,22.2144,1.7706,1.9632,1.9632,1.1799,1.1799,300415.0,267170.0,169629.0,1273760.0,1132800.0,48.04,4.96,3.3,0.0000,0.045757545999672626,-0.4833,0,29,120,2009-10-30
300026.SZ,2021-04-28,4.21,4.18,4.24,4.14,4.24,-0.06,-1.4151,412691.0,172602.0,1.5447,2.4329,1.0,21.9001,19.1066,1.699,1.9354,1.7936,1.1968,1.1968,300415.0,267170.0,169629.0,1255740.0,1116770.0,48.04,5.09,3.39,0.0000,-0.0629806804195042,2.6194,0,29,120,2009-10-30
300026.SZ,2021-04-29,4.16,4.09,4.2,4.09,4.18,-0.09,-2.1531,386941.0,160061.0,1.4483,2.2811,0.91,21.4285,18.6952,1.6625,1.8938,1.755,1.2231,1.2231,300415.0,267170.0,169629.0,1228700.0,1092720.0,48.04,5.02,3.34,0.0000,-0.2719074945357035,2.6194,0,29,120,2009-10-30
300026.SZ,2021-04-30,4.11,4.37,4.47,4.11,4.09,0.28,6.846,1000080.0,427857.0,3.7432,5.8957,2.18,22.8955,19.9751,1.7763,2.0234,1.8751,1.1448,1.1448,300415.0,267170.0,169629.0,1312820.0,1167530.0,48.04,4.91,3.27,0.0000,0.15456413793903795,2.6194,0,29,120,2009-10-30
300026.SZ,2021-05-06,4.5,4.42,4.63,4.37,4.37,0.05,1.1442,1198900.0,537064.0,4.4874,7.0678,1.93,23.1575,20.2037,1.7966,2.0466,1.8966,1.1318,1.1318,300415.0,267170.0,169629.0,1327840.0,1180890.0,48.04,5.24,3.5,0.0000,0.0006352217788679066,2.6194,0,29,120,2009-10-30
300026.SZ,2021-05-07,4.32,4.27,4.42,4.25,4.42,-0.15,-3.3937,694291.0,299268.0,2.5987,4.093,0.96,22.3716,19.518,1.7356,1.9771,1.8322,1.1716,1.1716,300415.0,267170.0,169629.0,1282770.0,1140810.0,48.04,5.3,3.54,0.0000,-0.08125533059797904,2.6194,0,29,120,2009-10-30
300026.SZ,2021-05-10,4.3,4.27,4.39,4.23,4.27,0.0,0.0,474314.0,203976.0,1.7753,2.7962,0.64,22.3716,19.518,1.7356,1.9771,1.8322,1.1716,1.1716,300415.0,267170.0,169629.0,1282770.0,1140810.0,48.04,5.12,3.42,0.0000,-0.09058839541767329,2.6194,0,29,120,2009-10-30
300026.SZ,2021-05-11,4.27,4.24,4.28,4.15,4.27,-0.03,-0.7026,387734.0,163336.0,1.4513,2.2858,0.52,22.2144,19.3809,1.7234,1.9632,1.8194,1.1799,1.1799,300415.0,267170.0,169629.0,1273760.0,1132800.0,48.04,5.12,3.42,0.0000,-0.19309288901887497,2.6194,0,29,120,2009-10-30
300026.SZ,2021-05-12,4.24,4.38,4.42,4.19,4.24,0.14,3.3019,524278.0,226098.0,1.9623,3.0907,0.7,22.9479,20.0208,1.7803,2.028,1.8794,1.1421,1.1421,300415.0,267170.0,169629.0,1315820.0,1170200.0,48.04,5.09,3.39,0.0000,0.07724403619233164,2.6194,0,29,120,2009-10-30
300026.SZ,2021-05-13,4.34,4.58,4.65,4.31,4.38,0.2,4.5662,1337250.0,607448.0,5.0052,7.8834,2.04,23.9958,20.935,1.8616,2.1207,1.9653,1.0923,1.0923,300415.0,267170.0,169629.0,1375900.0,1223640.0,48.04,5.26,3.5,0.0000,0.006213913561268721,2.6194,0,29,120,2009-10-30
300026.SZ,2021-05-14,4.58,4.48,4.63,4.46,4.58,-0.1,-2.1834,981015.0,444713.0,3.6719,5.7833,1.44,23.4718,20.4779,1.821,2.0743,1.9223,1.1166,1.1166,300415.0,267170.0,169629.0,1345860.0,1196920.0,48.04,5.5,3.66,0.0000,-0.2062908305691225,2.6194,0,29,120,2009-10-30
300026.SZ,2021-05-17,4.49,4.48,4.61,4.43,4.48,0.0,0.0,626828.0,283055.0,2.3462,3.6953,0.85,23.4718,20.4779,1.821,2.0743,1.9223,1.1166,1.1166,300415.0,267170.0,169629.0,1345860.0,1196920.0,48.04,5.38,3.58,0.0000,0.01924623426840398,2.6194,0,29,120,2009-10-30
300026.SZ,2021-05-18,4.44,4.72,4.85,4.4,4.48,0.24,5.3571,986280.0,454996.0,3.6916,5.8143,1.28,24.7293,21.575,1.9185,2.1855,2.0253,1.0599,1.0599,300415.0,267170.0,169629.0,1417960.0,1261040.0,48.04,5.38,3.58,0.0000,0.163414240210251,2.6194,0,29,120,2009-10-30
300026.SZ,2021-05-19,4.63,4.57,4.69,4.54,4.72,-0.15,-3.178,650344.0,299531.0,2.4342,3.8339,0.73,23.9434,20.8893,1.8576,2.116,1.961,1.0947,1.0947,300415.0,267170.0,169629.0,1372900.0,1220960.0,48.04,5.66,3.78,0.0000,-0.27734278609281804,2.6194,0,29,120,2009-10-30
300026.SZ,2021-05-20,4.54,4.51,4.69,4.5,4.57,-0.06,-1.3129,545470.0,250156.0,2.0417,3.2157,0.6,23.629,20.6151,1.8332,2.0882,1.9352,1.1092,1.1092,300415.0,267170.0,169629.0,1354870.0,1204930.0,48.04,5.48,3.66,0.0000,-0.09520666493157529,2.6194,0,29,120,2009-10-30
300026.SZ,2021-05-21,4.55,4.49,4.55,4.45,4.51,-0.02,-0.4435,357376.0,160953.0,1.3376,2.1068,0.47,23.5242,20.5236,1.8251,2.079,1.9266,1.1142,1.1142,300415.0,267170.0,169629.0,1348870.0,1199590.0,48.04,5.41,3.61,0.0000,-0.06975870153530071,2.6194,0,29,120,2009-10-30
300026.SZ,2021-05-24,4.45,4.48,4.51,4.42,4.49,-0.01,-0.2227,340682.0,151889.0,1.2752,2.0084,0.54,23.4718,20.4779,1.821,2.0743,1.9223,1.1166,1.1166,300415.0,267170.0,169629.0,1345860.0,1196920.0,48.04,5.39,3.59,0.0000,-0.10299556461813077,2.6194,0,29,120,2009-10-30
300026.SZ,2021-05-25,4.48,4.48,4.56,4.46,4.48,0.0,0.0,394740.0,177587.0,1.4775,2.3271,0.69,23.4718,20.4779,1.821,2.0743,1.9223,1.1166,1.1166,300415.0,267170.0,169629.0,1345860.0,1196920.0,48.04,5.38,3.58,0.0000,-0.0823763541112179,2.6194,0,29,120,2009-10-30
300026.SZ,2021-05-26,4.48,4.5,4.56,4.41,4.48,0.02,0.4464,467461.0,209730.0,1.7497,2.7558,1.02,23.5766,20.5693,1.8291,2.0836,1.9309,1.1117,1.1117,300415.0,267170.0,169629.0,1351870.0,1202260.0,48.04,5.38,3.58,0.0000,-0.00040465195759039507,2.6194,0,29,120,2009-10-30
300026.SZ,2021-05-27,4.48,4.41,4.52,4.41,4.5,-0.09,-2.0,479215.0,213107.0,1.7937,2.8251,1.14,23.1051,20.158,1.7925,2.0419,1.8923,1.1344,1.1344,300415.0,267170.0,169629.0,1324830.0,1178220.0,48.04,5.4,3.6,0.0000,-0.12226549227166467,2.6194,0,29,120,2009-10-30
300026.SZ,2021-05-28,4.43,4.31,4.45,4.3,4.41,-0.1,-2.2676,499743.0,217290.0,1.8705,2.9461,1.23,22.5812,19.7009,1.7519,1.9956,1.8494,1.1607,1.1607,300415.0,267170.0,169629.0,1294790.0,1151500.0,48.04,5.29,3.53,0.0000,-0.09121510476894105,2.6194,0,29,120,2009-10-30
300026.SZ,2021-05-31,4.33,4.35,4.41,4.31,4.31,0.04,0.9281,308387.0,134670.0,1.1543,1.818,0.71,22.7907,19.8837,1.7681,2.0142,1.8666,1.15,1.15,300415.0,267170.0,169629.0,1306810.0,1162190.0,48.04,5.17,3.45,0.0000,-0.04427433676391792,2.6194,0,29,120,2009-10-30
300026.SZ,2021-06-01,4.35,4.33,4.37,4.31,4.35,-0.02,-0.4598,322245.0,139653.0,1.2061,1.8997,0.75,22.686,19.7923,1.76,2.0049,1.858,1.1553,,300415.0,267170.0,169629.0,1300800.0,1156840.0,48.04,5.22,3.48,0.0000,-0.21816432352548404,2.6194,0,29,120,2009-10-30
300026.SZ,2021-06-02,4.33,4.42,4.46,4.32,4.33,0.09,2.0785,515711.0,226710.0,1.9303,3.0402,1.24,23.1575,20.2037,1.7966,2.0466,1.8966,1.1318,,300415.0,267170.0,169629.0,1327840.0,1180890.0,48.04,5.2,3.46,0.0000,0.06817083100007164,2.6194,0,29,120,2009-10-30
300026.SZ,2021-06-03,4.4,4.37,4.42,4.35,4.42,-0.05,-1.1312,293750.0,128612.0,1.0995,1.7317,0.69,22.8955,19.9751,1.7763,2.0234,1.8751,1.1448,,300415.0,267170.0,169629.0,1312820.0,1167530.0,48.04,5.3,3.54,0.0000,-0.05986809694026224,2.6194,0,29,120,2009-10-30
300026.SZ,2021-06-04,4.35,4.37,4.41,4.33,4.37,0.0,0.0,243919.0,106747.0,0.913,1.438,0.63,22.8955,19.9751,1.7763,2.0234,1.8751,1.1448,,300415.0,267170.0,169629.0,1312820.0,1167530.0,48.04,5.24,3.5,0.0000,-0.05716727448303548,2.6194,0,29,120,2009-10-30
300026.SZ,2021-06-07,4.35,4.3,4.38,4.28,4.37,-0.07,-1.6018,307826.0,132949.0,1.1522,1.8147,0.91,22.5288,19.6552,1.7478,1.991,1.8451,1.1634,,300415.0,267170.0,169629.0,1291790.0,1148830.0,48.04,5.24,3.5,0.0000,-0.24856339220118429,2.6194,0,29,120,2009-10-30
300026.SZ,2021-06-08,4.3,4.29,4.34,4.27,4.3,-0.01,-0.2326,201062.0,86348.5,0.7526,1.1853,0.6,22.4764,19.6094,1.7438,1.9864,1.8408,1.1661,,300415.0,267170.0,169629.0,1288780.0,1146160.0,48.04,5.16,3.44,0.0000,-0.23715792023313378,2.6194,0,29,120,2009-10-30
300026.SZ,2021-06-09,4.29,4.31,4.32,4.26,4.29,0.02,0.4662,157206.0,67531.8,0.5884,0.9268,0.5,22.5812,19.7009,1.7519,1.9956,1.8494,1.1607,,300415.0,267170.0,169629.0,1294790.0,1151500.0,48.04,5.15,3.43,0.0000,-0.007798176558497207,2.6194,0,29,120,2009-10-30
300026.SZ,2021-06-10,4.29,4.26,4.3,4.25,4.27,-0.01,-0.2342,178826.0,76321.3,0.6693,1.0542,0.74,22.3192,19.4723,1.7602,1.9725,1.8279,1.1743,0.939,300415.0,267170.0,169629.0,1279770.0,1138140.0,48.49,5.12,3.42,0.0000,-0.2614373699354414,2.6194,0,29,120,2009-10-30
300026.SZ,2021-06-11,4.25,4.13,4.26,4.12,4.26,-0.13,-3.0516,359802.0,150753.0,1.3467,2.1211,1.65,21.6381,18.8781,1.7065,1.9123,1.7722,1.2113,0.9685,300415.0,267170.0,169629.0,1240720.0,1103410.0,48.49,5.11,3.41,0.0000,-0.3668415668181127,2.6194,0,29,120,2009-10-30
300026.SZ,2021-06-15,4.13,4.09,4.15,4.04,4.13,-0.04,-0.9685,265623.0,108263.0,0.9942,1.5659,1.1,21.4285,18.6952,1.6899,1.8938,1.755,1.2231,0.978,300415.0,267170.0,169629.0,1228700.0,1092720.0,48.49,4.96,3.3,0.0000,-0.4483716977396862,2.6194,0,29,120,2009-10-30
300026.SZ,2021-06-16,4.08,4.04,4.09,4.03,4.09,-0.05,-1.2225,171353.0,69555.1,0.6414,1.0102,0.74,21.1666,18.4667,1.6693,1.8706,1.7335,1.2383,0.9901,300415.0,267170.0,169629.0,1213680.0,1079360.0,48.49,4.91,3.27,0.0000,-0.2831469584682209,2.6194,0,29,120,2009-10-30
300026.SZ,2021-06-17,4.05,4.04,4.08,4.02,4.04,0.0,0.0,149673.0,60519.2,0.56,0.8818,0.66,21.1666,18.4667,1.6693,1.8706,1.7335,1.2383,0.9901,300415.0,267270.0,169730.0,1213680.0,1079770.0,48.49,4.85,3.23,0.0000,-0.17243925719827286,2.6194,0,29,120,2009-10-30
300026.SZ,2021-06-18,4.04,4.09,4.1,4.01,4.04,0.05,1.2376,189599.0,76831.6,0.7094,1.1171,0.84,21.4285,18.6952,1.6899,1.8938,1.755,1.2231,0.978,300415.0,267270.0,169730.0,1228700.0,1093140.0,48.49,4.85,3.23,0.0000,-0.02886135683685552,2.6194,0,29,120,2009-10-30
300026.SZ,2021-06-21,4.07,4.12,4.14,4.04,4.09,0.03,0.7335,209577.0,86018.2,0.7817,1.2288,0.92,21.5857,18.8324,1.7023,1.9077,1.7679,1.2142,0.9709,300415.0,268098.0,170558.0,1237710.0,1104560.0,48.49,4.91,3.27,0.0000,-0.18112629889913806,2.6194,0,29,120,2009-10-30
300026.SZ,2021-06-22,4.12,4.12,4.13,4.09,4.12,0.0,0.0,174500.0,71734.6,0.6509,1.0231,0.89,21.5857,18.8324,1.7023,1.9077,1.7679,1.2142,0.9709,300415.0,268098.0,170558.0,1237710.0,1104560.0,48.49,4.94,3.3,0.0000,-0.07855872203553464,2.6194,0,29,120,2009-10-30
300026.SZ,2021-06-23,4.11,4.08,4.12,4.05,4.12,-0.04,-0.9709,240504.0,98068.4,0.8971,1.4101,1.34,21.3761,18.6495,1.6858,1.8891,1.7507,1.2261,0.9804,300415.0,268098.0,170558.0,1225700.0,1093840.0,48.49,4.94,3.3,0.0000,-0.19772678237988295,2.6194,0,29,120,2009-10-30
300026.SZ,2021-06-24,4.07,4.06,4.1,4.05,4.08,-0.02,-0.4902,187265.0,76122.7,0.6985,1.098,0.97,21.2714,18.5581,1.6775,1.8799,1.7421,1.2322,0.9852,300415.0,268098.0,170558.0,1219690.0,1088480.0,48.49,4.9,3.26,0.0000,-0.3365929404720482,2.6194,0,29,120,2009-10-30
300026.SZ,2021-06-25,4.06,4.09,4.1,4.04,4.06,0.03,0.7389,186497.0,76117.3,0.6956,1.0935,0.93,21.4285,18.6952,1.6899,1.8938,1.755,1.2231,0.978,300415.0,268098.0,170558.0,1228700.0,1096520.0,48.49,4.87,3.25,0.0000,0.04852440115026836,2.6194,0,29,120,2009-10-30
300026.SZ,2021-06-28,4.09,4.16,4.17,4.05,4.09,0.07,1.7115,303781.0,125254.0,1.1331,1.7811,1.52,21.7953,19.0152,1.7189,1.9262,1.785,1.2025,0.9615,300415.0,268098.0,170558.0,1249730.0,1115290.0,48.49,4.91,3.27,0.0000,0.1403204070292588,2.6194,0,29,120,2009-10-30
300026.SZ,2021-06-29,4.16,4.14,4.19,4.1,4.16,-0.02,-0.4808,296683.0,123116.0,1.1066,1.7395,1.36,21.6905,18.9238,1.7106,1.9169,1.7765,1.2084,0.9662,300415.0,268098.0,170558.0,1243720.0,1109930.0,48.49,4.99,3.33,0.0000,0.007943901371287577,2.6194,0,29,120,2009-10-30
300026.SZ,2021-06-30,4.13,4.25,4.32,4.1,4.14,0.11,2.657,561694.0,237982.0,2.0951,3.2933,2.31,22.2668,19.4266,1.7561,1.9679,1.8237,1.1771,0.9412,300415.0,268098.0,170558.0,1276770.0,1139420.0,48.49,4.97,3.31,0.0000,0.09941442629472483,2.6194,0,29,120,2009-10-30
300026.SZ,2021-07-01,4.23,4.34,4.47,4.21,4.25,0.09,2.1176,1050960.0,461157.0,3.9201,6.1619,3.42,22.7383,19.838,1.7932,2.0095,1.8623,1.1527,0.9217,300415.0,268098.0,170558.0,1303800.0,1163550.0,48.49,5.1,3.4,0.0000,-0.011810865808763083,2.6194,0,29,120,2009-10-30
300026.SZ,2021-07-02,4.39,4.41,4.54,4.36,4.34,0.07,1.6129,1025120.0,454911.0,3.8237,6.0104,2.14,23.1051,20.158,1.8222,2.0419,1.8923,1.1344,0.907,300415.0,268098.0,170558.0,1324830.0,1182310.0,48.49,5.21,3.47,0.0000,0.04352008319195568,2.6194,0,29,120,2009-10-30
300026.SZ,2021-07-05,4.35,4.35,4.41,4.29,4.41,-0.06,-1.3605,640438.0,278273.0,2.3888,3.755,0.99,22.7907,19.8837,1.7974,2.0142,1.8666,1.15,0.9195,300415.0,268098.0,170558.0,1306810.0,1166230.0,48.49,5.29,3.53,0.0000,-0.21803380339042736,2.6194,0,29,120,2009-10-30
300026.SZ,2021-07-06,4.4,4.31,4.43,4.25,4.35,-0.04,-0.9195,457168.0,196741.0,1.7052,2.6804,0.64,22.5812,19.7009,1.7808,1.9956,1.8494,1.1607,0.9281,300415.0,268098.0,170558.0,1294790.0,1155500.0,48.49,5.22,3.48,0.0000,-0.16822725630890964,2.6194,0,29,120,2009-10-30
300026.SZ,2021-07-07,4.27,4.25,4.3,4.23,4.31,-0.06,-1.3921,369500.0,157084.0,1.3782,2.1664,0.49,22.2668,19.4266,1.7561,1.9679,1.8237,1.1771,0.9412,300415.0,268098.0,170558.0,1276770.0,1139420.0,48.49,5.17,3.45,0.0000,-0.15139867130746115,2.6194,0,29,120,2009-10-30
300026.SZ,2021-07-08,4.27,4.44,4.6,4.19,4.25,0.19,4.4706,1005620.0,445414.0,3.7509,5.8961,1.42,23.2623,20.2951,1.8346,2.0558,1.9052,1.1267,0.9009,300415.0,268098.0,170558.0,1333840.0,1190360.0,48.49,5.1,3.4,0.0000,0.09409332762941516,2.6194,0,29,120,2009-10-30
300026.SZ,2021-07-09,4.35,4.34,4.42,4.31,4.44,-0.1,-2.2523,549090.0,238371.0,2.0481,3.2194,0.78,22.7383,19.838,1.7932,2.0095,1.8623,1.1527,0.9217,300415.0,268098.0,170558.0,1303800.0,1163550.0,48.49,5.33,3.55,0.0000,-0.10505240437454517,2.6194,0,29,120,2009-10-30
300026.SZ,2021-07-12,4.35,4.35,4.37,4.31,4.34,0.01,0.2304,374673.0,162687.0,1.3975,2.1968,0.62,22.7907,19.8837,1.7974,2.0142,1.8666,1.15,0.9195,300415.0,268098.0,170558.0,1306810.0,1166230.0,48.49,5.21,3.47,0.0000,0.07184032113882892,2.6194,0,29,120,2009-10-30
300026.SZ,2021-07-13,4.34,4.36,4.39,4.31,4.35,0.01,0.2299,307496.0,133920.0,1.147,1.8029,0.56,22.8431,19.9294,1.8015,2.0188,1.8709,1.1474,0.9174,300415.0,268098.0,170558.0,1309810.0,1168910.0,48.49,5.22,3.48,0.0000,0.16866007926042806,2.6194,0,29,120,2009-10-30
300026.SZ,2021-07-14,4.33,4.45,4.5,4.33,4.36,0.09,2.0642,622664.0,276318.0,2.3225,3.6507,1.19,23.3147,20.3408,1.8387,2.0605,1.9095,1.1242,0.8989,300415.0,268098.0,170558.0,1336850.0,1193040.0,48.49,5.23,3.49,0.0000,0.07912860333041838,2.6194,0,29,120,2009-10-30
300026.SZ,2021-07-15,4.4,4.33,4.4,4.27,4.45,-0.12,-2.6966,447824.0,193998.0,1.6704,2.6256,0.78,22.686,19.7923,1.7891,2.0049,1.858,1.1553,0.9238,300415.0,268098.0,170558.0,1300800.0,1160860.0,48.49,5.34,3.56,0.0000,-0.32226258380671857,2.6194,0,29,120,2009-10-30
300026.SZ,2021-07-16,4.31,4.31,4.36,4.29,4.33,-0.02,-0.4619,267675.0,115518.0,0.9984,1.5694,0.58,22.5812,19.7009,1.7808,1.9956,1.8494,1.1607,0.9281,300415.0,268098.0,170558.0,1294790.0,1155500.0,48.49,5.2,3.46,0.0000,-0.05023839015717623,2.6194,0,29,120,2009-10-30
300026.SZ,2021-07-19,4.29,4.46,4.55,4.27,4.31,0.15,3.4803,830184.0,369056.0,3.0966,4.8675,2.05,23.3671,20.3865,1.8428,2.0651,1.9138,1.1217,0.8969,300415.0,268098.0,170558.0,1339850.0,1195720.0,48.49,5.17,3.45,0.0000,0.09250717504706485,2.6194,0,29,120,2009-10-30
300026.SZ,2021-07-20,4.47,4.49,4.57,4.45,4.46,0.03,0.6726,786604.0,354032.0,2.934,4.612,1.59,23.5242,20.5236,1.8552,2.079,1.9266,1.1142,0.8909,300415.0,268098.0,170558.0,1348870.0,1203760.0,48.49,5.35,3.57,0.0000,-0.08339094890409243,2.6194,0,29,120,2009-10-30
300026.SZ,2021-07-21,4.53,4.48,4.56,4.44,4.49,-0.01,-0.2227,587809.0,263735.0,2.1925,3.4464,0.99,23.4718,20.4779,1.8511,2.0743,1.9223,1.1166,0.8929,300415.0,268098.0,170558.0,1345860.0,1201080.0,48.49,5.39,3.59,0.0000,-0.1445105401453266,2.6194,0,29,120,2009-10-30
300026.SZ,2021-07-22,4.47,4.41,4.48,4.37,4.48,-0.07,-1.5625,473635.0,208405.0,1.7666,2.777,0.81,23.1051,20.158,1.8222,2.0419,1.8923,1.1344,0.907,300415.0,268098.0,170558.0,1324830.0,1182310.0,48.49,5.38,3.58,0.0000,-0.12799137065514452,2.6194,0,29,120,2009-10-30
300026.SZ,2021-07-23,4.4,4.42,4.43,4.35,4.41,0.01,0.2268,427443.0,187540.0,1.5944,2.5061,0.73,23.1575,20.2037,1.8263,2.0466,1.8966,1.1318,0.905,300415.0,268098.0,170558.0,1327840.0,1184990.0,48.49,5.29,3.53,0.0000,0.07288319636621249,2.6194,0,29,120,2009-10-30
300026.SZ,2021-07-26,4.42,4.23,4.43,4.17,4.42,-0.19,-4.2986,571464.0,244710.0,2.1315,3.3506,0.92,22.162,19.3352,1.7478,1.9586,1.8151,1.1826,0.9456,300415.0,268098.0,170558.0,1270760.0,1134050.0,48.49,5.3,3.54,0.0000,-0.2574774478931061,2.6194,0,29,120,2009-10-30
300026.SZ,2021-07-27,4.23,4.23,4.27,4.17,4.23,0.0,0.0,318340.0,134439.0,1.1874,1.8665,0.56,22.162,19.3352,1.7478,1.9586,1.8151,1.1826,0.9456,300415.0,268098.0,170558.0,1270760.0,1134050.0,48.49,5.08,3.38,0.0000,-0.04436744931602548,2.6194,0,29,120,2009-10-30
300026.SZ,2021-07-28,4.2,4.26,4.3,4.16,4.23,0.03,0.7092,363245.0,154087.0,1.3549,2.1297,0.76,22.3192,19.4723,1.7602,1.9725,1.8279,1.1743,0.939,300415.0,268098.0,170558.0,1279770.0,1142100.0,48.49,5.08,3.38,0.0000,-0.08099450072996778,2.6194,0,29,120,2009-10-30
300026.SZ,2021-07-29,4.25,4.26,4.29,4.21,4.26,0.0,0.0,294158.0,124925.0,1.0972,1.7247,0.68,22.3192,19.4723,1.7602,1.9725,1.8279,1.1743,0.939,300415.0,268098.0,170558.0,1279770.0,1142100.0,48.49,5.11,3.41,0.0000,-0.15539330010277444,2.6194,0,29,120,2009-10-30
300026.SZ,2021-07-30,4.26,4.35,4.39,4.17,4.26,0.09,2.1127,584652.0,250182.0,2.1807,3.4279,1.48,22.7907,19.8837,1.7974,2.0142,1.8666,1.15,0.9195,300415.0,268098.0,170558.0,1306810.0,1166230.0,48.49,5.11,3.41,0.0000,0.037521281131756665,2.6194,0,29,120,2009-10-30
300026.SZ,2021-08-02,4.39,4.39,4.41,4.31,4.35,0.04,0.9195,585878.0,256096.0,2.1853,3.4351,1.37,23.0003,20.0665,1.8139,2.0327,1.8837,1.1395,0.9112,300415.0,268098.0,170558.0,1318820.0,1176950.0,48.49,5.22,3.48,0.0000,-0.07249118080086397,2.6194,0,29,120,2009-10-30
300026.SZ,2021-08-03,4.5,4.97,5.15,4.46,4.39,0.58,13.2118,2584600.0,1243380.0,9.6405,15.1538,6.02,26.0391,22.7177,2.0535,2.3012,2.1326,1.0066,0.8048,300415.0,268098.0,170558.0,1493060.0,1332450.0,48.49,5.27,3.51,0.0000,0.07829661289349778,2.6194,0,29,120,2009-10-30
300026.SZ,2021-08-04,4.81,4.98,5.09,4.8,4.97,0.01,0.2012,2014710.0,997224.0,7.5148,11.8125,2.28,26.0915,22.7634,2.0577,2.3059,2.1369,1.0045,0.8032,300415.0,268098.0,170558.0,1496070.0,1335130.0,48.49,5.96,3.98,0.0000,-0.07626209448805774,2.6194,0,29,120,2009-10-30
300026.SZ,2021-08-05,4.95,4.94,5.28,4.91,4.98,-0.04,-0.8032,1812560.0,913908.0,6.7608,10.6272,1.49,25.8819,22.5806,2.0412,2.2873,2.1197,1.0127,0.8097,300415.0,268098.0,170558.0,1484050.0,1324400.0,48.49,5.98,3.98,0.0000,-0.061246764715687,2.6194,0,29,120,2009-10-30
300026.SZ,2021-08-06,4.97,4.74,5.01,4.69,4.94,-0.2,-4.0486,1278070.0,611632.0,4.7672,7.4935,0.84,24.834,21.6664,1.9585,2.1947,2.0339,1.0554,0.8439,300415.0,268098.0,170558.0,1423970.0,1270780.0,48.49,5.93,3.95,0.0000,-0.18022957399799855,2.6194,0,29,120,2009-10-30
300026.SZ,2021-08-09,4.75,4.67,4.78,4.66,4.74,-0.07,-1.4768,747284.0,352282.0,2.7874,4.3814,0.45,24.4673,21.3464,1.9296,2.1623,2.0039,1.0712,0.8565,300415.0,268098.0,170558.0,1402940.0,1252020.0,48.49,5.69,3.79,0.0000,-0.018069484764432864,2.6194,0,29,120,2009-10-30
300026.SZ,2021-08-10,4.67,4.7,4.73,4.66,4.67,0.03,0.6424,539991.0,253288.0,2.0142,3.166,0.32,24.6245,21.4835,1.942,2.1762,2.0168,1.0644,0.8511,300415.0,268098.0,170558.0,1411950.0,1260060.0,48.49,5.6,3.74,0.0000,0.004466868526691374,2.6194,0,29,120,2009-10-30
300026.SZ,2021-08-11,4.7,4.67,4.71,4.61,4.7,-0.03,-0.6383,603329.0,280261.0,2.2504,3.5374,0.47,24.4673,21.3464,1.9296,2.1623,2.0039,1.0712,0.8565,300415.0,268098.0,170558.0,1402940.0,1252020.0,48.49,5.64,3.76,0.0000,-0.12236245534869049,2.6194,0,29,120,2009-10-30
300026.SZ,2021-08-12,4.65,4.59,4.69,4.58,4.67,-0.08,-1.7131,544546.0,251465.0,2.0311,3.1927,0.55,24.0482,20.9807,1.8965,2.1253,1.9695,1.0899,0.8715,300415.0,268098.0,170558.0,1378910.0,1230570.0,48.49,5.6,3.74,0.0000,-0.13211570363381644,2.6194,0,29,120,2009-10-30
300026.SZ,2021-08-13,4.6,4.63,4.7,4.55,4.59,0.04,0.8715,702452.0,324919.0,2.6201,4.1186,0.95,24.2577,21.1636,1.9131,2.1438,1.9867,1.0805,0.8639,300415.0,268098.0,170558.0,1390920.0,1241290.0,48.49,5.51,3.67,0.0000,-0.023882337848803583,2.6194,0,29,120,2009-10-30
300026.SZ,2021-08-16,4.64,4.7,4.8,4.61,4.63,0.07,1.5119,795130.0,374143.0,2.9658,4.6619,1.27,24.6245,21.4835,1.942,2.1762,2.0168,1.0644,0.8511,300415.0,268098.0,170558.0,1411950.0,1260060.0,48.49,5.56,3.7,0.0000,0.058036187792628965,2.6194,0,29,120,2009-10-30
300026.SZ,2021-08-17,4.67,4.47,4.67,4.47,4.7,-0.23,-4.8936,762620.0,348412.0,2.8446,4.4713,1.2,23.4194,20.4322,1.847,2.0697,1.9181,1.1191,0.8949,300415.0,268098.0,170558.0,1342860.0,1198400.0,48.49,5.64,3.76,0.0000,-0.22124223650652244,2.6194,0,29,120,2009-10-30
300026.SZ,2021-08-18,4.45,4.48,4.52,4.41,4.47,0.01,0.2237,486827.0,217130.0,1.8159,2.8543,0.71,23.4718,20.4779,1.8511,2.0743,1.9223,1.1166,0.8929,300415.0,268098.0,170558.0,1345860.0,1201080.0,48.49,5.36,3.58,0.0000,-0.30860728769911683,2.6194,0,29,120,2009-10-30
300026.SZ,2021-08-19,4.46,4.45,4.55,4.44,4.48,-0.03,-0.6696,367895.0,165345.0,1.3722,2.157,0.56,23.3147,20.3408,1.8387,2.0605,1.9095,1.1242,0.8989,300415.0,268098.0,170558.0,1336850.0,1193040.0,48.49,5.38,3.58,0.0000,-0.0275025193572019,2.6194,0,29,120,2009-10-30
300026.SZ,2021-08-20,4.44,4.43,4.49,4.38,4.45,-0.02,-0.4494,352413.0,155784.0,1.3145,2.0662,0.57,23.2099,20.2494,1.8304,2.0512,1.9009,1.1293,0.9029,300415.0,268098.0,170558.0,1330840.0,1187670.0,48.49,5.34,3.56,0.0000,-0.12749906238600925,2.6194,0,29,120,2009-10-30
300026.SZ,2021-08-23,4.43,4.47,4.49,4.4,4.43,0.04,0.9029,377681.0,167954.0,1.4087,2.2144,0.68,23.4194,20.4322,1.847,2.0697,1.9181,1.1191,0.8949,300415.0,268098.0,170558.0,1342860.0,1198400.0,48.49,5.32,3.54,0.0000,0.03668527532308064,2.6194,0,29,120,2009-10-30
300026.SZ,2021-08-24,4.48,4.5,4.52,4.43,4.47,0.03,0.6711,431609.0,193149.0,1.6099,2.5306,0.92,23.5766,20.5693,1.8594,2.0836,1.9309,1.1117,0.8889,300415.0,268098.0,170558.0,1351870.0,1206440.0,48.49,5.36,3.58,0.0000,-0.05906732901344653,2.6194,0,29,120,2009-10-30
300026.SZ,2021-08-25,4.5,4.47,4.51,4.45,4.5,-0.03,-0.6667,329116.0,147084.0,1.2276,1.9296,0.82,23.4194,20.4322,1.847,2.0697,1.9181,1.1191,0.8949,300415.0,268098.0,170558.0,1342860.0,1198400.0,48.49,5.4,3.6,0.0000,-0.14040738097807207,2.6194,0,29,120,2009-10-30
300026.SZ,2021-08-26,4.46,4.39,4.46,4.38,4.47,-0.08,-1.7897,406612.0,179370.0,1.5167,2.384,1.09,23.0003,20.0665,1.8139,2.0327,1.8837,1.1395,0.9112,300415.0,268098.0,170558.0,1318820.0,1176950.0,48.49,5.36,3.58,0.0000,-0.18082459899153216,2.6194,0,29,120,2009-10-30
300026.SZ,2021-08-27,4.38,4.48,4.49,4.34,4.39,0.09,2.0501,391532.0,173255.0,1.4604,2.2956,1.03,23.4718,20.4779,1.8511,2.0743,1.9223,1.1166,0.8929,300415.0,268098.0,170558.0,1345860.0,1201080.0,48.49,5.27,3.51,0.0000,0.08115242214560596,2.6194,0,29,120,2009-10-30
300026.SZ,2021-08-30,4.48,4.42,4.48,4.41,4.48,-0.06,-1.3393,322237.0,142935.0,1.2015,1.8893,0.83,23.1575,19.8935,1.767,2.0466,1.8462,1.1318,0.905,300415.0,268202.0,170558.0,1327840.0,1185450.0,48.49,5.38,3.58,0.0000,-0.1368221156805209,3.1348,0,29,120,2009-10-30
300026.SZ,2021-08-31,4.43,4.47,4.48,4.41,4.42,0.05,1.1312,286429.0,127464.0,1.068,1.6783,0.76,23.4194,20.1186,1.7869,2.0697,1.8671,1.1191,0.8949,300415.0,268202.0,170661.0,1342860.0,1198860.0,48.49,5.3,3.54,0.0000,-0.01326705623026455,3.1348,0,29,120,2009-10-30
300026.SZ,2021-09-01,4.46,4.48,4.52,4.42,4.47,0.01,0.2237,454470.0,203122.0,1.6945,2.663,1.31,23.4718,20.1636,1.7909,2.0743,1.8713,1.1166,0.8929,300415.0,268202.0,170661.0,1345860.0,1201540.0,48.49,5.36,3.58,0.0000,-0.17560915510310404,3.1348,0,29,120,2009-10-30
300026.SZ,2021-09-02,4.48,4.53,4.53,4.46,4.48,0.05,1.1161,442326.0,198748.0,1.6492,2.5918,1.19,23.7338,20.3886,1.8109,2.0975,1.8922,1.1043,0.883,300415.0,268202.0,170661.0,1360880.0,1214950.0,48.49,5.38,3.58,0.0000,-0.08760051385306679,3.1348,0,29,120,2009-10-30
300026.SZ,2021-09-03,4.52,4.63,4.71,4.51,4.53,0.1,2.2075,717137.0,331626.0,2.6739,4.2021,1.89,24.2577,20.8387,1.8509,2.1438,1.9339,1.0805,0.8639,300415.0,268202.0,170661.0,1390920.0,1241770.0,48.49,5.44,3.62,0.0000,0.0478871399261529,3.1348,0,29,120,2009-10-30
300026.SZ,2021-09-06,4.65,4.8,4.87,4.64,4.63,0.17,3.6717,974155.0,464983.0,3.6322,5.7081,2.19,25.1484,21.6038,1.9189,2.2225,2.0049,1.0422,0.8333,300415.0,268202.0,170661.0,1441990.0,1287370.0,48.49,5.56,3.7,0.0000,0.05123234896727589,3.1348,0,29,120,2009-10-30
300026.SZ,2021-09-07,4.77,4.74,4.79,4.71,4.8,-0.06,-1.25,679223.0,321659.0,2.5325,3.9799,1.18,24.834,21.3338,1.8949,2.1947,1.9799,1.0554,0.8439,300415.0,268202.0,170661.0,1423970.0,1271280.0,48.49,5.76,3.84,0.0000,-0.14181387211219101,3.1348,0,29,120,2009-10-30
300026.SZ,2021-09-08,4.73,4.75,4.76,4.68,4.74,0.01,0.211,684246.0,322974.0,2.5512,4.0094,1.05,24.8864,21.3788,1.8989,2.1994,1.9841,1.0532,0.8421,300415.0,268202.0,170661.0,1426970.0,1273960.0,48.49,5.69,3.79,0.0000,-0.13601716650958529,3.1348,0,29,120,2009-10-30
300026.SZ,2021-09-09,4.73,4.7,4.79,4.69,4.75,-0.05,-1.0526,525713.0,248344.0,1.9601,3.0804,0.75,24.6245,21.1538,1.8789,2.1762,1.9632,1.0644,0.8511,300415.0,268202.0,170661.0,1411950.0,1260550.0,48.49,5.7,3.8,0.0000,-0.16239920836348767,3.1348,0,29,120,2009-10-30
300026.SZ,2021-09-10,4.69,4.64,4.71,4.62,4.7,-0.06,-1.2766,555922.0,259155.0,2.0728,3.2575,0.78,24.3101,20.8837,1.8549,2.1484,1.9381,1.0781,0.8621,300415.0,268202.0,170661.0,1393930.0,1244460.0,48.49,5.64,3.76,0.0000,-0.2827504766494665,3.1348,0,29,120,2009-10-30
300026.SZ,2021-09-13,4.67,4.73,4.79,4.66,4.64,0.09,1.9397,644690.0,305709.0,2.4038,3.7776,0.94,24.7817,21.2888,1.8909,2.1901,1.9757,1.0576,0.8457,300415.0,268202.0,170661.0,1420970.0,1268590.0,48.49,5.57,3.71,0.0000,-0.10932034583317651,3.1348,0,29,120,2009-10-30
300026.SZ,2021-09-14,4.76,4.61,4.79,4.6,4.73,-0.12,-2.537,569026.0,267274.0,2.1216,3.3342,0.92,24.1529,20.7487,1.8429,2.1345,1.9256,1.0852,0.8677,300415.0,268202.0,170661.0,1384920.0,1236410.0,48.49,5.68,3.78,0.0000,-0.1263818999927004,3.1348,0,29,120,2009-10-30
300026.SZ,2021-09-15,4.58,4.63,4.67,4.57,4.61,0.02,0.4338,355582.0,164371.0,1.3258,2.0836,0.6,24.2577,20.8387,1.8509,2.1438,1.9339,1.0805,0.8639,300415.0,268202.0,170661.0,1390920.0,1241770.0,48.49,5.53,3.69,0.0000,-0.0008235025659408456,3.1348,0,29,120,2009-10-30
300026.SZ,2021-09-16,4.64,4.58,4.7,4.56,4.63,-0.05,-1.0799,436578.0,202485.0,1.6278,2.5582,0.82,23.9958,20.6137,1.8309,2.1207,1.9131,1.0923,0.8734,300415.0,268202.0,170661.0,1375900.0,1228360.0,48.49,5.56,3.7,0.0000,-0.0655278353314567,3.1348,0,29,120,2009-10-30
300026.SZ,2021-09-17,4.57,4.58,4.63,4.53,4.58,0.0,0.0,360596.0,164755.0,1.3445,2.1129,0.7,23.9958,20.6137,1.8309,2.1207,1.9131,1.0923,0.8734,300415.0,268202.0,170661.0,1375900.0,1228360.0,48.49,5.5,3.66,0.0000,0.06692026377210258,3.1348,0,29,120,2009-10-30
300026.SZ,2021-09-22,4.54,4.57,4.59,4.52,4.58,-0.01,-0.2183,287165.0,130814.0,1.0707,1.6827,0.61,23.9434,20.5687,1.8269,2.116,1.9089,1.0947,0.8753,300415.0,268202.0,170661.0,1372900.0,1225680.0,48.49,5.5,3.66,0.0000,0.018763952182566226,3.1348,0,29,120,2009-10-30
300026.SZ,2021-09-23,4.58,4.72,4.76,4.57,4.57,0.15,3.2823,572872.0,268712.0,2.136,3.3568,1.43,24.7293,21.2438,1.8869,2.1855,1.9715,1.0599,0.8475,300415.0,268202.0,170661.0,1417960.0,1265910.0,48.49,5.48,3.66,0.0000,0.12434674327916394,3.1348,0,29,120,2009-10-30
300026.SZ,2021-09-24,4.71,4.64,4.72,4.61,4.72,-0.08,-1.6949,390591.0,181825.0,1.4563,2.2887,0.97,24.3101,20.8837,1.8549,2.1484,1.9381,1.0781,0.8621,300415.0,268202.0,170661.0,1393930.0,1244460.0,48.49,5.66,3.78,0.0000,-0.0687983079244281,3.1348,0,29,120,2009-10-30
300026.SZ,2021-09-27,4.64,4.44,4.66,4.4,4.64,-0.2,-4.3103,477735.0,215662.0,1.7813,2.7993,1.17,23.2623,19.9835,1.775,2.0558,1.8546,1.1267,0.9009,300415.0,268202.0,170661.0,1333840.0,1190810.0,48.49,5.57,3.71,0.0000,-0.08010419104478003,3.1348,0,29,120,2009-10-30
300026.SZ,2021-09-28,4.43,4.44,4.49,4.4,4.44,0.0,0.0,201850.0,89519.6,0.7526,1.1828,0.48,23.2623,19.9835,1.775,2.0558,1.8546,1.1267,0.9009,300415.0,268202.0,170661.0,1333840.0,1190810.0,48.49,5.33,3.55,0.0000,-0.2310768868437507,3.1348,0,29,120,2009-10-30
300026.SZ,2021-09-29,4.4,4.26,4.41,4.26,4.44,-0.18,-4.0541,376757.0,162696.0,1.4048,2.2076,0.98,22.3192,19.1734,1.703,1.9725,1.7794,1.1743,0.939,300415.0,268202.0,170661.0,1279770.0,1142540.0,48.49,5.33,3.55,0.0000,-0.28018156569943925,3.1348,0,29,120,2009-10-30
300026.SZ,2021-09-30,4.26,4.29,4.33,4.26,4.26,0.03,0.7042,185620.0,79666.9,0.6921,1.0877,0.46,22.4764,19.3084,1.715,1.9864,1.7919,1.1661,0.9324,300415.0,268202.0,170661.0,1288780.0,1150580.0,48.49,5.11,3.41,0.0000,-0.0717618746753734,3.1348,0,29,120,2009-10-30
300026.SZ,2021-10-08,4.31,4.37,4.4,4.29,4.29,0.08,1.8648,214191.0,93242.5,0.7986,1.2551,0.66,22.8955,19.6685,1.747,2.0234,1.8253,1.1448,0.9153,300415.0,268202.0,170661.0,1312820.0,1172040.0,48.49,5.15,3.43,0.0000,0.08683168869165454,3.1348,0,29,120,2009-10-30
300026.SZ,2021-10-11,4.39,4.36,4.42,4.36,4.37,-0.01,-0.2288,176325.0,77277.9,0.6574,1.0332,0.61,22.8431,19.6235,1.743,2.0188,1.8212,1.1474,0.9174,300415.0,268202.0,170661.0,1309810.0,1169360.0,48.49,5.24,3.5,0.0000,-0.07128369796450877,3.1348,0,29,120,2009-10-30
300026.SZ,2021-10-12,4.36,4.31,4.39,4.28,4.36,-0.05,-1.1468,254482.0,110373.0,0.9488,1.4912,1.1,22.5812,19.3984,1.723,1.9956,1.8003,1.1607,0.9281,300415.0,268202.0,170661.0,1294790.0,1155950.0,48.49,5.23,3.49,0.0000,-0.22427225254844696,3.1348,0,29,120,2009-10-30
300026.SZ,2021-10-13,4.31,4.35,4.36,4.29,4.31,0.04,0.9281,147975.0,63955.2,0.5517,0.8671,0.61,22.7907,19.5785,1.739,2.0142,1.817,1.15,0.9195,300415.0,268202.0,170661.0,1306810.0,1166680.0,48.49,5.17,3.45,0.0000,-0.07651937712934434,3.1348,0,29,120,2009-10-30
300026.SZ,2021-10-14,4.35,4.29,4.35,4.28,4.35,-0.06,-1.3793,182960.0,78659.8,0.6822,1.0721,0.93,22.4764,19.3084,1.715,1.9864,1.7919,1.1661,0.9324,300415.0,268202.0,170661.0,1288780.0,1150580.0,48.49,5.22,3.48,0.0000,-0.1371638539607764,3.1348,0,29,120,2009-10-30
300026.SZ,2021-10-15,4.3,4.28,4.31,4.27,4.29,-0.01,-0.2331,170527.0,73117.9,0.6358,0.9992,0.87,22.424,19.2634,1.711,1.9817,1.7877,1.1688,0.9346,300415.0,268202.0,170661.0,1285780.0,1147900.0,48.49,5.15,3.43,0.0000,-0.0333613500350137,3.1348,0,29,120,2009-10-30
300026.SZ,2021-10-18,4.27,4.24,4.27,4.18,4.28,-0.04,-0.9346,228904.0,96528.3,0.8535,1.3413,1.23,22.2144,19.0834,1.695,1.9632,1.771,1.1799,0.9434,300415.0,268202.0,170661.0,1273760.0,1137170.0,48.49,5.14,3.42,0.0000,-0.10039317965135508,3.1348,0,29,120,2009-10-30
300026.SZ,2021-10-19,4.27,4.29,4.31,4.24,4.24,0.05,1.1792,181234.0,77387.9,0.6757,1.062,0.92,22.4764,19.3084,1.715,1.9864,1.7919,1.1661,0.9324,300415.0,268202.0,170661.0,1288780.0,1150580.0,48.49,5.09,3.39,0.0000,0.1306663984856411,3.1348,0,29,120,2009-10-30
300026.SZ,2021-10-20,4.36,4.29,4.38,4.28,4.29,0.0,0.0,217015.0,93465.0,0.8092,1.2716,1.19,22.4764,19.3084,1.715,1.9864,1.7919,1.1661,0.9324,300415.0,268202.0,170661.0,1288780.0,1150580.0,48.49,5.15,3.43,0.0000,-0.05221865441392808,3.1348,0,29,120,2009-10-30
300026.SZ,2021-10-21,4.28,4.23,4.29,4.21,4.29,-0.06,-1.3986,180410.0,76574.9,0.6727,1.0571,0.92,22.162,19.0384,1.691,1.9586,1.7669,1.1826,0.9456,300415.0,268202.0,170661.0,1270760.0,1134490.0,48.49,5.15,3.43,0.0000,-0.0655968176155023,3.1348,0,29,120,2009-10-30
300026.SZ,2021-10-22,4.23,4.2,4.25,4.2,4.23,-0.03,-0.7092,130550.0,55071.6,0.4868,0.765,0.67,22.0049,18.9034,1.679,1.9447,1.7543,1.1911,0.9524,300415.0,268202.0,170661.0,1261740.0,1126450.0,48.49,5.08,3.38,0.0000,-0.15404212305876333,3.1348,0,29,120,2009-10-30
300026.SZ,2021-10-25,4.21,4.21,4.23,4.18,4.2,0.01,0.2381,118552.0,49790.5,0.442,0.6947,0.63,22.0572,18.9484,1.683,1.9493,1.7585,1.1883,0.9501,300415.0,268202.0,170661.0,1264750.0,1129130.0,48.49,5.04,3.36,0.0000,-0.0442700753465829,3.1348,0,29,120,2009-10-30
300026.SZ,2021-10-26,4.21,4.24,4.25,4.18,4.21,0.03,0.7126,195488.0,82389.5,0.7289,1.1455,1.18,22.2144,19.0834,1.695,1.9632,1.771,1.1799,0.9434,300415.0,268202.0,170661.0,1273760.0,1137170.0,48.49,5.05,3.37,0.0000,0.04380017013503013,3.1348,0,29,120,2009-10-30
300026.SZ,2021-10-27,4.25,4.11,4.25,4.1,4.24,-0.13,-3.066,242131.0,100411.0,0.9028,1.4188,1.44,21.5333,18.4983,1.643,1.903,1.7167,1.2172,0.9732,300415.0,268202.0,170661.0,1234710.0,1102310.0,48.49,5.09,3.39,0.0000,-0.20102417690064503,3.1348,0,29,120,2009-10-30
300026.SZ,2021-10-28,4.09,4.06,4.11,4.01,4.11,-0.05,-1.2165,201134.0,81594.6,0.7499,1.1786,1.16,21.2714,18.2732,1.623,1.8799,1.6959,1.2322,0.9852,300415.0,268202.0,170661.0,1219690.0,1088900.0,48.49,4.93,3.29,0.0000,-0.4170398885479877,3.1348,0,29,120,2009-10-30
300026.SZ,2021-10-29,4.03,4.09,4.12,4.03,4.06,0.03,0.7389,139796.0,57171.1,0.5212,0.8121,0.79,21.4285,20.0981,1.5921,1.8938,1.691,1.2231,0.978,300415.0,268202.0,172147.0,1228700.0,1096940.0,48.49,4.87,3.25,0.0000,-0.1109218344843355,2.5886,0,29,120,2009-10-30
300026.SZ,2021-11-01,4.1,4.11,4.13,4.07,4.09,0.02,0.489,140853.0,57752.1,0.5252,0.8182,0.79,21.5333,20.1964,1.5999,1.903,1.6993,1.2172,0.9732,300415.0,268202.0,172147.0,1234710.0,1102310.0,48.49,4.91,3.27,0.0000,-0.049998487253597394,2.5886,0,29,120,2009-10-30
300026.SZ,2021-11-02,4.11,3.99,4.12,3.96,4.11,-0.12,-2.9197,279322.0,112744.0,1.0415,1.6226,1.52,20.9046,19.6067,1.5532,1.8475,1.6497,1.2538,1.0025,300415.0,268202.0,172147.0,1198660.0,1070120.0,48.49,4.93,3.29,0.0000,-0.2965196097358655,2.5886,0,29,120,2009-10-30
300026.SZ,2021-11-03,3.99,4.05,4.08,3.99,3.99,0.06,1.5038,154112.0,62414.0,0.5746,0.8952,0.77,21.219,19.9015,1.5765,1.8752,1.6745,1.2352,0.9877,300415.0,268202.0,172147.0,1216680.0,1086220.0,48.49,4.79,3.19,0.0000,-0.0871875388293645,2.5886,0,29,120,2009-10-30
300026.SZ,2021-11-04,4.05,4.06,4.07,4.03,4.05,0.01,0.2469,130605.0,52903.7,0.487,0.7587,0.71,21.2714,19.9507,1.5804,1.8799,1.6786,1.2322,0.9852,300415.0,268202.0,172147.0,1219690.0,1088900.0,48.49,4.86,3.24,0.0000,-0.1429114693222575,2.5886,0,29,120,2009-10-30
300026.SZ,2021-11-05,4.06,4.11,4.12,4.03,4.06,0.05,1.2315,199897.0,81546.7,0.7453,1.1612,1.18,21.5333,20.1964,1.5999,1.903,1.6993,1.2172,0.9732,300415.0,268202.0,172147.0,1234710.0,1102310.0,48.49,4.87,3.25,0.0000,0.11100821326922344,2.5886,0,29,120,2009-10-30
300026.SZ,2021-11-08,4.1,4.13,4.16,4.07,4.11,0.02,0.4866,178070.0,73358.0,0.6639,1.0344,0.98,21.6381,20.2947,1.6077,1.9123,1.7076,1.2113,0.9685,300415.0,268202.0,172147.0,1240720.0,1107670.0,48.49,4.93,3.29,0.0000,-0.018690360934648962,2.5886,0,29,120,2009-10-30
300026.SZ,2021-11-09,4.13,4.14,4.18,4.11,4.13,0.01,0.2421,172855.0,71743.4,0.6445,1.0041,0.92,21.6905,20.3438,1.6116,1.9169,1.7117,1.2084,0.9662,300415.0,268202.0,172147.0,1243720.0,1110350.0,48.49,4.96,3.3,0.0000,-0.026192055596504563,2.5886,0,29,120,2009-10-30
300026.SZ,2021-11-10,4.15,4.17,4.19,4.09,4.14,0.03,0.7246,237615.0,98521.2,0.886,1.3803,1.42,21.8477,20.4912,1.6233,1.9308,1.7241,1.1997,0.9592,300415.0,268202.0,172147.0,1252730.0,1118400.0,48.49,4.97,3.31,0.0000,-0.020511535940223098,2.5886,0,29,120,2009-10-30
300026.SZ,2021-11-11,4.15,4.16,4.19,4.14,4.17,-0.01,-0.2398,201145.0,83696.1,0.75,1.1685,1.09,21.7953,20.4421,1.6194,1.9262,1.72,1.2025,0.9615,300415.0,268202.0,172147.0,1249730.0,1115720.0,48.49,5.0,3.34,0.0000,-0.12768315909989297,2.5886,0,29,120,2009-10-30
300026.SZ,2021-11-12,4.17,4.14,4.18,4.12,4.16,-0.02,-0.4808,177020.0,73272.1,0.66,1.0283,0.89,21.6905,20.3438,1.6116,1.9169,1.7117,1.2084,0.9662,300415.0,268202.0,172147.0,1243720.0,1110350.0,48.49,4.99,3.33,0.0000,-0.30920113979282576,2.5886,0,29,120,2009-10-30
300026.SZ,2021-11-15,4.13,4.25,4.25,4.12,4.14,0.11,2.657,328589.0,138168.0,1.2252,1.9088,1.7,22.2668,20.8843,1.6544,1.9679,1.7572,1.1771,0.9412,300415.0,268202.0,172147.0,1276770.0,1139860.0,48.49,4.97,3.31,0.0000,0.11475098177281648,2.5886,0,29,120,2009-10-30
300026.SZ,2021-11-16,4.23,4.21,4.28,4.2,4.25,-0.04,-0.9412,238303.0,101043.0,0.8885,1.3843,1.07,22.0572,20.6878,1.6388,1.9493,1.7406,1.1883,0.9501,300415.0,268202.0,172147.0,1264750.0,1129130.0,48.49,5.1,3.4,0.0000,-0.1643424756021719,2.5886,0,29,120,2009-10-30
300026.SZ,2021-11-17,4.23,4.24,4.25,4.2,4.21,0.03,0.7126,199886.0,84640.4,0.7453,1.1611,0.85,22.2144,20.8352,1.6505,1.9632,1.753,1.1799,0.9434,300415.0,268202.0,172147.0,1273760.0,1137170.0,48.49,5.05,3.37,0.0000,-0.09186154874757958,2.5886,0,29,120,2009-10-30
300026.SZ,2021-11-18,4.23,4.17,4.25,4.17,4.24,-0.07,-1.6509,235475.0,98937.2,0.878,1.3679,1.03,21.8477,20.4912,1.6233,1.9308,1.7241,1.1997,0.9592,300415.0,268202.0,172147.0,1252730.0,1118400.0,48.49,5.09,3.39,0.0000,-0.199940160087942,2.5886,0,29,120,2009-10-30
300026.SZ,2021-11-19,4.16,4.18,4.2,4.12,4.17,0.01,0.2398,191742.0,79732.1,0.7149,1.1138,0.81,21.9001,20.5404,1.6271,1.9354,1.7282,1.1968,0.9569,300415.0,268202.0,172147.0,1255740.0,1121080.0,48.49,5.0,3.34,0.0000,-0.1724781589795079,2.5886,0,29,120,2009-10-30
300026.SZ,2021-11-22,4.18,4.15,4.19,4.13,4.18,-0.03,-0.7177,186082.0,77273.5,0.6938,1.081,0.78,21.7429,20.3929,1.6155,1.9216,1.7158,1.2054,0.9639,300415.0,268202.0,172147.0,1246720.0,1113040.0,48.49,5.02,3.34,0.0000,-0.044646874854460304,2.5886,0,29,120,2009-10-30
300026.SZ,2021-11-23,4.14,4.21,4.21,4.13,4.15,0.06,1.4458,237431.0,99157.3,0.8853,1.3792,1.13,22.0572,20.6878,1.6388,1.9493,1.7406,1.1883,0.9501,300415.0,268202.0,172147.0,1264750.0,1129130.0,48.49,4.98,3.32,0.0000,0.007608120208446986,2.5886,0,29,120,2009-10-30
300026.SZ,2021-11-24,4.21,4.18,4.21,4.16,4.21,-0.03,-0.7126,148212.0,62009.5,0.5526,0.861,0.71,21.9001,20.5404,1.6271,1.9354,1.7282,1.1968,0.9569,300415.0,268202.0,172147.0,1255740.0,1121080.0,48.49,5.05,3.37,0.0000,-0.09699254034524925,2.5886,0,29,120,2009-10-30
300026.SZ,2021-11-25,4.19,4.27,4.3,4.19,4.18,0.09,2.1531,437972.0,186590.0,1.633,2.5442,2.19,22.3716,20.9826,1.6622,1.9771,1.7654,1.1716,0.9368,300415.0,268202.0,172147.0,1282770.0,1145220.0,48.49,5.02,3.34,0.0000,0.07834671996312179,2.5886,0,29,120,2009-10-30
300026.SZ,2021-11-26,4.29,4.24,4.3,4.21,4.27,-0.03,-0.7026,224301.0,95175.5,0.8363,1.303,0.93,22.2144,20.8352,1.6505,1.9632,1.753,1.1799,0.9434,300415.0,268202.0,172147.0,1273760.0,1137170.0,48.49,5.12,3.42,0.0000,-0.10150193825290112,2.5886,0,29,120,2009-10-30
300026.SZ,2021-11-29,4.35,4.35,4.44,4.32,4.24,0.11,2.5943,596822.0,260882.0,2.2253,3.4669,2.42,22.7907,21.3757,1.6933,2.0142,1.7985,1.15,0.9195,300415.0,268202.0,172147.0,1306810.0,1166680.0,48.49,5.09,3.39,0.0000,0.005097667208317684,2.5886,0,29,120,2009-10-30
300026.SZ,2021-11-30,4.35,4.42,4.43,4.28,4.35,0.07,1.6092,571739.0,249225.0,2.1318,3.3212,1.74,23.1575,21.7197,1.7206,2.0466,1.8275,1.1318,0.905,300415.0,268202.0,172147.0,1327840.0,1185450.0,48.49,5.22,3.48,0.0000,0.04570007690834769,2.5886,0,29,120,2009-10-30
300026.SZ,2021-12-01,4.41,4.39,4.42,4.35,4.42,-0.03,-0.6787,336023.0,147084.0,1.2529,1.952,0.85,23.0003,21.5723,1.7089,2.0327,1.8151,1.1395,0.9112,300415.0,268202.0,172147.0,1318820.0,1177400.0,48.49,5.3,3.54,0.0000,-0.07154602494275043,2.5886,0,29,120,2009-10-30
300026.SZ,2021-12-02,4.38,4.35,4.43,4.34,4.39,-0.04,-0.9112,329974.0,144792.0,1.2303,1.9168,0.76,22.7907,21.3757,1.6933,2.0142,1.7985,1.15,0.9195,300415.0,268202.0,172147.0,1306810.0,1166680.0,48.49,5.27,3.51,0.0000,-0.014468388221103228,2.5886,0,29,120,2009-10-30
300026.SZ,2021-12-03,4.35,4.36,4.37,4.3,4.35,0.01,0.2299,236104.0,102522.0,0.8803,1.3715,0.57,22.8431,21.4249,1.6972,2.0188,1.8026,1.1474,0.9174,300415.0,268202.0,172147.0,1309810.0,1169360.0,48.49,5.22,3.48,0.0000,-0.13678382121633717,2.5886,0,29,120,2009-10-30
300026.SZ,2021-12-06,4.35,4.27,4.38,4.27,4.36,-0.09,-2.0642,259491.0,112230.0,0.9675,1.5074,0.63,22.3716,20.9826,1.6622,1.9771,1.7654,1.1716,0.9368,300415.0,268202.0,172147.0,1282770.0,1145220.0,48.49,5.23,3.49,0.0000,-0.04520673982147705,2.5886,0,29,120,2009-10-30
300026.SZ,2021-12-07,4.3,4.28,4.35,4.26,4.27,0.01,0.2342,205831.0,88428.6,0.7674,1.1957,0.59,22.424,21.0318,1.6661,1.9817,1.7696,1.1688,0.9346,300415.0,268202.0,172147.0,1285780.0,1147900.0,48.49,5.12,3.42,0.0000,-0.029891984578219465,2.5886,0,29,120,2009-10-30
300026.SZ,2021-12-08,4.29,4.3,4.31,4.26,4.28,0.02,0.4673,197181.0,84418.3,0.7352,1.1454,0.72,22.5288,21.13,1.6739,1.991,1.7778,1.1634,0.9302,300415.0,268202.0,172147.0,1291790.0,1153270.0,48.49,5.14,3.42,0.0000,-0.046780096833372205,2.5886,0,29,120,2009-10-30
300026.SZ,2021-12-09,4.31,4.33,4.35,4.27,4.3,0.03,0.6977,240071.0,103655.0,0.8951,1.3946,0.98,22.686,21.2775,1.6855,2.0049,1.7902,1.1553,0.9238,300415.0,268202.0,172147.0,1300800.0,1161310.0,48.49,5.16,3.44,0.0000,0.1373080494127408,2.5886,0,29,120,2009-10-30
300026.SZ,2021-12-10,4.34,4.29,4.35,4.29,4.33,-0.04,-0.9238,269635.0,116142.0,1.0053,1.5663,1.18,22.4764,21.0809,1.67,1.9864,1.7737,1.1661,0.9324,300415.0,268202.0,172147.0,1288780.0,1150580.0,48.49,5.2,3.46,0.0000,0.027734604102198444,2.5886,0,29,120,2009-10-30
300026.SZ,2021-12-13,4.3,4.26,4.31,4.26,4.29,-0.03,-0.6993,204799.0,87559.9,0.7636,1.1897,0.87,22.3192,20.9335,1.6583,1.9725,1.7613,1.1743,0.939,300415.0,268202.0,172147.0,1279770.0,1142540.0,48.49,5.15,3.43,0.0000,-0.14259068874958647,2.5886,0,29,120,2009-10-30
300026.SZ,2021-12-14,4.28,4.27,4.31,4.25,4.26,0.01,0.2347,188320.0,80616.2,0.7022,1.094,0.84,22.3716,20.9826,1.6622,1.9771,1.7654,1.1716,0.9368,300415.0,268202.0,172147.0,1282770.0,1145220.0,48.49,5.11,3.41,0.0000,-0.1279542045825469,2.5886,0,29,120,2009-10-30
300026.SZ,2021-12-15,4.28,4.31,4.34,4.25,4.27,0.04,0.9368,244869.0,105249.0,0.913,1.4224,1.11,22.5812,21.1792,1.6778,1.9956,1.782,1.1607,0.9281,300415.0,268202.0,172147.0,1294790.0,1155950.0,48.49,5.12,3.42,0.0000,0.039061790475704905,2.5886,0,29,120,2009-10-30
300026.SZ,2021-12-16,4.31,4.29,4.31,4.27,4.31,-0.02,-0.464,205390.0,88008.3,0.7658,1.1931,0.89,22.4764,21.0809,1.67,1.9864,1.7737,1.1661,0.9324,300415.0,268202.0,172147.0,1288780.0,1150580.0,48.49,5.17,3.45,0.0000,-0.1717317619939127,2.5886,0,29,120,2009-10-30
300026.SZ,2021-12-17,4.27,4.33,4.35,4.25,4.29,0.04,0.9324,351665.0,151506.0,1.3112,2.0428,1.58,22.686,21.2775,1.6855,2.0049,1.7902,1.1553,0.9238,300415.0,268202.0,172147.0,1300800.0,1161310.0,48.49,5.15,3.43,0.0000,0.03121215790814337,2.5886,0,29,120,2009-10-30
300026.SZ,2021-12-20,4.32,4.42,4.46,4.3,4.33,0.09,2.0785,684650.0,302890.0,2.5527,3.9771,2.86,23.1575,21.7197,1.7206,2.0466,1.8275,1.1318,0.905,300415.0,268202.0,172147.0,1327840.0,1185450.0,48.49,5.2,3.46,0.0000,0.06497394676899661,2.5886,0,29,120,2009-10-30
300026.SZ,2021-12-21,4.42,4.43,4.45,4.36,4.42,0.01,0.2262,446300.0,196494.0,1.664,2.5926,1.33,23.2099,21.7689,1.7245,2.0512,1.8316,1.1293,0.9029,300415.0,268202.0,172147.0,1330840.0,1188130.0,48.49,5.3,3.54,0.0000,-0.08799550548198234,2.5886,0,29,120,2009-10-30
300026.SZ,2021-12-22,4.42,4.53,4.59,4.41,4.43,0.1,2.2573,773336.0,347950.0,2.8834,4.4923,2.0,23.7338,22.2603,1.7634,2.0975,1.8729,1.1043,0.883,300415.0,268202.0,172147.0,1360880.0,1214950.0,48.49,5.32,3.54,0.0000,0.1591748653259393,2.5886,0,29,120,2009-10-30
300026.SZ,2021-12-23,4.5,4.46,4.57,4.45,4.53,-0.07,-1.5453,509815.0,229036.0,1.9009,2.9615,1.04,23.3671,21.9163,1.7361,2.0651,1.844,1.1217,0.8969,300415.0,268202.0,172147.0,1339850.0,1196180.0,48.49,5.44,3.62,0.0000,0.031546284624802905,2.5886,0,29,120,2009-10-30
300026.SZ,2021-12-24,4.64,5.35,5.35,4.64,4.46,0.89,19.9552,4545620.0,2375830.0,16.9485,26.4055,8.22,28.03,26.2897,2.0826,2.4772,2.212,0.9351,0.7477,300415.0,268202.0,172147.0,1607220.0,1434880.0,48.49,5.35,3.57,0.0000,0.16979718025819557,2.5886,0,29,120,2009-10-30
300026.SZ,2021-12-27,5.49,6.35,6.42,5.4,5.35,1.0,18.6916,6012540.0,3599570.0,22.418,34.9268,4.32,33.2692,31.2037,2.4719,2.9402,2.6254,0.7878,0.6299,300415.0,268202.0,172147.0,1907640.0,1703080.0,48.49,6.42,4.28,0.0000,-0.09624163060003849,2.5886,0,29,120,2009-10-30
300026.SZ,2021-12-28,6.18,6.46,6.85,5.91,6.35,0.11,1.7323,5101110.0,3270350.0,19.0197,29.6324,2.08,33.8456,31.7442,2.5147,2.9911,2.6709,0.7744,0.6192,300415.0,268202.0,172147.0,1940680.0,1732580.0,48.49,7.62,5.08,0.0000,0.02631586039506443,2.5886,0,29,120,2009-10-30
300026.SZ,2021-12-29,6.34,6.14,6.5,6.08,6.46,-0.32,-4.9536,3797400.0,2367280.0,14.1588,22.0591,1.12,32.169,30.1717,2.3901,2.843,2.5386,0.8148,0.6515,300415.0,268202.0,172147.0,1844550.0,1646760.0,48.49,7.75,5.17,0.0000,-0.07459003502546016,2.5886,0,29,120,2009-10-30
300026.SZ,2021-12-30,6.21,6.83,7.14,5.78,6.14,0.69,11.2378,5206590.0,3333670.0,19.413,30.2451,1.3,35.7841,33.5624,2.6587,3.1625,2.8239,0.7324,0.5857,300415.0,268202.0,172147.0,2051840.0,1831820.0,48.49,7.37,4.91,0.0000,0.012691192480151438,2.5886,0,29,120,2009-10-30
300026.SZ,2021-12-31,6.65,7.83,8.18,6.61,6.83,1.0,14.6413,5234720.0,3986700.0,19.5179,30.4085,1.06,41.0233,38.4763,3.048,3.6255,3.2373,0.6389,0.5109,300415.0,268202.0,172147.0,2352250.0,2100020.0,48.49,8.2,5.46,0.0000,0.07113941221837657,2.5886,0,29,120,2009-10-30
300026.SZ,2022-01-04,8.24,7.91,8.66,7.81,7.83,0.08,1.0217,4748400.0,3893090.0,17.7046,27.5835,0.94,41.4425,38.8694,3.0791,3.6625,3.2704,0.5057,0.5057,300415.0,268202.0,172147.0,2376290.0,2121470.0,48.49,9.4,6.26,0.0000,-0.028713648498780747,2.5886,0,29,120,2009-10-30
300026.SZ,2022-01-05,8.28,7.75,8.49,7.62,7.91,-0.16,-2.0228,3868470.0,3101250.0,14.4238,22.472,0.8,40.6042,38.0832,3.0168,3.5884,3.2042,0.5161,0.5161,300415.0,268202.0,172147.0,2328220.0,2078560.0,48.49,9.49,6.33,0.0000,-0.0255401271503973,2.5886,0,29,120,2009-10-30
300026.SZ,2022-01-06,7.59,9.3,9.3,7.59,7.75,1.55,20.0,4408990.0,3713720.0,16.4391,25.6119,0.96,48.725,45.6999,3.6202,4.3061,3.8451,0.4301,0.4301,300415.0,268202.0,172147.0,2793860.0,2494270.0,48.49,9.3,6.2,0.0000,0.08820929624754144,2.5886,0,29,120,2009-10-30
300026.SZ,2022-01-07,9.69,8.03,9.9,7.99,9.3,-1.27,-13.6559,5263230.0,4640830.0,19.6241,30.5741,1.12,42.0712,39.4591,3.1258,3.7181,3.32,0.4981,0.4981,300415.0,268202.0,172147.0,2412340.0,2153660.0,48.49,11.16,7.44,0.0000,-0.1784471178032937,2.5886,0,29,120,2009-10-30
300026.SZ,2022-01-10,7.98,8.01,8.45,7.94,8.03,-0.02,-0.2491,3394770.0,2769100.0,12.6576,19.7203,0.72,41.9664,39.3608,3.1181,3.7088,3.3117,0.4994,0.4994,300415.0,268202.0,172147.0,2406330.0,2148290.0,48.49,9.64,6.42,0.0000,-0.07816708210346768,2.5886,0,29,120,2009-10-30
300026.SZ,2022-01-11,8.2,8.26,8.64,8.05,8.01,0.25,3.1211,3643210.0,3031120.0,13.5839,21.1634,0.84,43.2762,40.5893,3.2154,3.8246,3.4151,0.4843,0.4843,300415.0,268202.0,172147.0,2481430.0,2215340.0,48.49,9.61,6.41,0.0000,-0.02021421693499514,2.5886,0,29,120,2009-10-30
300026.SZ,2022-01-12,8.13,8.62,9.13,7.71,8.26,0.36,4.3584,3970340.0,3356880.0,14.8036,23.0637,0.96,45.1623,42.3584,3.3555,3.9913,3.564,0.464,0.464,300415.0,268202.0,172147.0,2589580.0,2311900.0,48.49,9.91,6.61,0.0000,-0.006438006297509714,2.5886,0,29,120,2009-10-30
300026.SZ,2022-01-13,8.4,8.13,8.72,7.95,8.62,-0.49,-5.6845,3441550.0,2850560.0,12.8319,19.992,0.83,42.5951,39.9505,3.1648,3.7644,3.3614,0.492,0.492,300415.0,268202.0,172147.0,2442380.0,2180480.0,48.49,10.34,6.9,0.0000,-0.10220670217245237,2.5886,0,29,120,2009-10-30
300026.SZ,2022-01-14,8.09,8.34,8.88,8.06,8.13,0.21,2.583,4011130.0,3386020.0,14.9557,23.3007,1.02,43.6953,40.9824,3.2465,3.8616,3.4482,0.4796,0.4796,300415.0,268202.0,172147.0,2505470.0,2236800.0,48.49,9.76,6.5,0.0000,-0.019171825173598805,2.5886,0,29,120,2009-10-30
300026.SZ,2022-01-17,8.5,8.42,8.85,8.16,8.34,0.08,0.9592,3448960.0,2929430.0,12.8596,20.035,0.93,44.1145,41.3756,3.2777,3.8987,3.4813,0.4751,0.4751,300415.0,268202.0,172147.0,2529500.0,2258260.0,48.49,10.01,6.67,0.0000,-0.01577524027049017,2.5886,0,29,120,2009-10-30
300026.SZ,2022-01-18,8.3,7.38,8.31,7.26,8.42,-1.04,-12.3515,3888200.0,2942570.0,14.4973,22.5865,1.05,38.6657,36.265,2.8728,3.4171,3.0513,0.542,0.542,300415.0,268202.0,172147.0,2217070.0,1979330.0,48.49,10.1,6.74,0.0000,-0.1378164465850981,2.5886,0,29,120,2009-10-30
300026.SZ,2022-01-19,7.38,7.26,7.52,7.2,7.38,-0.12,-1.626,2184500.0,1605290.0,8.145,12.6898,0.58,38.037,35.6754,2.8261,3.3616,3.0017,0.551,0.551,300415.0,268202.0,172147.0,2181020.0,1947140.0,48.49,8.86,5.9,0.0000,-0.16602555165915184,2.5886,0,29,120,2009-10-30
300026.SZ,2022-01-20,7.28,7.41,7.8,7.27,7.26,0.15,2.0661,2613200.0,1959610.0,9.7434,15.1801,0.77,38.8228,36.4125,2.8845,3.431,3.0637,0.5398,0.5398,300415.0,268202.0,172147.0,2226080.0,1987370.0,48.49,8.71,5.81,0.0000,-0.031236426895291415,2.5886,0,29,120,2009-10-30
300026.SZ,2022-01-21,7.2,6.89,7.38,6.85,7.41,-0.52,-7.0175,2814130.0,1976530.0,10.4926,16.3473,0.87,36.0984,33.8572,2.6821,3.1902,2.8487,0.5806,0.5806,300415.0,268202.0,172147.0,2069860.0,1847910.0,48.49,8.89,5.93,0.0000,-0.2514388027110019,2.5886,0,29,120,2009-10-30
300026.SZ,2022-01-24,6.85,6.89,7.03,6.72,6.89,0.0,0.0,1789970.0,1230130.0,6.674,10.3979,0.6,36.0984,33.8572,2.6821,3.1902,2.8487,0.5806,0.5806,300415.0,268202.0,172147.0,2069860.0,1847910.0,48.49,8.27,5.51,0.0000,-0.07772885420613242,2.5886,0,29,120,2009-10-30
300026.SZ,2022-01-25,6.82,6.55,6.95,6.52,6.89,-0.34,-4.9347,1583990.0,1057740.0,5.906,9.2014,0.6,34.3171,32.1865,2.5497,3.0328,2.7081,0.6107,0.6107,300415.0,268202.0,172147.0,1967720.0,1756720.0,48.49,8.27,5.51,0.0000,-0.22967448994649817,2.5886,0,29,120,2009-10-30
300026.SZ,2022-01-26,6.51,6.4,6.66,6.36,6.55,-0.15,-2.2901,1225450.0,792977.0,4.5692,7.1187,0.56,33.5312,31.4494,2.4913,2.9634,2.6461,0.625,0.625,300415.0,268202.0,172147.0,1922660.0,1716490.0,48.49,7.86,5.24,0.0000,-0.041814744901874375,2.5886,0,29,120,2009-10-30
300026.SZ,2022-01-27,6.47,6.21,6.56,6.16,6.4,-0.19,-2.9688,1503980.0,951016.0,5.6076,8.7366,0.75,32.5357,30.5157,2.4174,2.8754,2.5675,0.6441,0.6441,300415.0,268202.0,172147.0,1865580.0,1665530.0,48.49,7.68,5.12,0.0000,-0.05264763470149699,2.5886,0,29,120,2009-10-30
300026.SZ,2022-01-28,6.28,6.17,6.38,6.13,6.21,-0.04,-0.6441,1095720.0,684235.0,4.0854,6.365,0.61,32.3262,30.3191,2.4018,2.8569,2.551,0.6483,0.6483,300415.0,268202.0,172147.0,1853560.0,1654800.0,48.49,7.45,4.97,0.0000,-0.1352627404936302,2.5886,0,29,120,2009-10-30
300026.SZ,2022-02-07,6.3,6.18,6.3,6.04,6.17,0.01,0.1621,1023960.0,632462.0,3.8179,5.9482,0.71,32.3786,30.3683,2.4057,2.8615,2.5551,0.6472,0.6472,300415.0,268202.0,172147.0,1856570.0,1657490.0,48.49,7.4,4.94,0.0000,0.040183426156796355,2.5886,0,29,120,2009-10-30
300026.SZ,2022-02-08,6.15,6.19,6.23,6.05,6.18,0.01,0.1618,912341.0,559924.0,3.4017,5.2998,0.71,32.431,30.4174,2.4096,2.8661,2.5593,0.6462,0.6462,300415.0,268202.0,172147.0,1859570.0,1660170.0,48.49,7.42,4.94,0.0000,0.07890105353200354,2.5886,0,29,120,2009-10-30
300026.SZ,2022-02-09,6.16,6.65,6.76,6.05,6.19,0.46,7.4313,2827830.0,1831320.0,10.5437,16.4269,2.45,34.841,32.6779,2.5886,3.0791,2.7495,0.6015,0.6015,300415.0,268202.0,172147.0,1997760.0,1783540.0,48.49,7.43,4.95,0.0000,0.06020527651722742,2.5886,0,29,120,2009-10-30
300026.SZ,2022-02-10,6.52,6.5,6.85,6.48,6.65,-0.15,-2.2556,2128190.0,1408780.0,7.935,12.3627,1.45,34.0551,31.9408,2.5303,3.0097,2.6874,0.6154,0.6154,300415.0,268202.0,172147.0,1952700.0,1743310.0,48.49,7.98,5.32,0.0000,-0.17930464737822502,2.5886,0,29,120,2009-10-30
300026.SZ,2022-02-11,6.41,6.03,6.48,6.0,6.5,-0.47,-7.2308,1749480.0,1081040.0,6.523,10.1627,1.1,31.5927,29.6312,2.3473,2.792,2.4931,0.6633,0.6633,300415.0,268202.0,172147.0,1811510.0,1617260.0,48.49,7.8,5.2,0.0000,-0.27965329742844225,2.5886,0,29,120,2009-10-30
300026.SZ,2022-02-14,6.01,5.98,6.26,5.96,6.03,-0.05,-0.8292,1321990.0,804682.0,4.9291,7.6795,0.76,31.3307,29.3855,2.3278,2.7689,2.4724,0.6689,0.6689,300415.0,268202.0,172147.0,1796480.0,1603840.0,48.49,7.24,4.82,0.0000,-0.16772557590850995,2.5886,0,29,120,2009-10-30
300026.SZ,2022-02-15,6.06,6.11,6.26,5.91,5.98,0.13,2.1739,1492140.0,913169.0,5.5635,8.6678,0.83,32.0118,30.0243,2.3784,2.8291,2.5262,0.6547,0.6547,300415.0,268202.0,172147.0,1835540.0,1638710.0,48.49,7.18,4.78,0.0000,-0.04046956943109256,2.5886,0,29,120,2009-10-30
300026.SZ,2022-02-16,6.12,6.09,6.24,6.04,6.11,-0.02,-0.3273,1203400.0,735442.0,4.4869,6.9906,0.63,31.907,29.926,2.3707,2.8198,2.5179,0.6568,0.6568,300415.0,268202.0,172147.0,1829530.0,1633350.0,48.49,7.33,4.89,0.0000,-0.0008697916862186449,2.5886,0,29,120,2009-10-30
300026.SZ,2022-02-17,6.09,5.94,6.1,5.92,6.09,-0.15,-2.4631,1200660.0,718029.0,4.4767,6.9747,0.76,31.1211,29.1889,2.3123,2.7504,2.4559,0.6734,0.6734,300415.0,268202.0,172147.0,1784470.0,1593120.0,48.49,7.31,4.87,0.0000,-0.14923663697027295,2.5886,0,29,120,2009-10-30
300026.SZ,2022-02-18,5.93,5.98,6.06,5.86,5.94,0.04,0.6734,952229.0,569091.0,3.5504,5.5315,0.68,31.3307,29.3855,2.3278,2.7689,2.4724,0.6689,0.6689,300415.0,268202.0,172147.0,1796480.0,1603840.0,48.49,7.13,4.75,0.0000,-0.008689709270977123,2.5886,0,29,120,2009-10-30
300026.SZ,2022-02-21,5.97,6.28,6.39,5.94,5.98,0.3,5.0167,2525750.0,1559480.0,9.4174,14.6721,2.05,32.9025,30.8597,2.4446,2.9078,2.5965,0.6369,0.6369,300415.0,268202.0,172147.0,1886610.0,1684310.0,48.49,7.18,4.78,0.0000,0.03215110561687786,2.5886,0,29,120,2009-10-30
300026.SZ,2022-02-22,6.22,6.42,6.78,5.98,6.28,0.14,2.2293,3361630.0,2116870.0,12.534,19.5277,2.28,33.636,31.5476,2.4991,2.9726,2.6544,0.6231,0.6231,300415.0,268202.0,172147.0,1928670.0,1721850.0,48.49,7.54,5.02,0.0000,-0.06497882283397978,2.5886,0,29,120,2009-10-30
300026.SZ,2022-02-23,6.33,6.75,6.96,6.28,6.42,0.33,5.1402,3392640.0,2282090.0,12.6496,19.7079,1.84,35.3649,33.1692,2.6276,3.1254,2.7908,0.5926,0.5926,300415.0,268202.0,172147.0,2027800.0,1810360.0,48.49,7.7,5.14,0.0000,0.05704386001152298,2.5886,0,29,120,2009-10-30
300026.SZ,2022-02-24,6.64,6.98,7.43,6.54,6.75,0.23,3.4074,3998420.0,2766250.0,14.9083,23.2268,1.75,36.57,34.2995,2.7171,3.2319,2.8859,0.5731,0.5731,300415.0,268202.0,172147.0,2096900.0,1872050.0,48.49,8.1,5.4,0.0000,-0.01990274877255702,2.5886,0,29,120,2009-10-30
300026.SZ,2022-02-25,6.91,6.77,7.19,6.74,6.98,-0.21,-3.0086,2896200.0,2012560.0,10.7986,16.8241,1.02,35.4697,33.2675,2.6354,3.1347,2.7991,0.5908,0.5908,300415.0,268202.0,172147.0,2033810.0,1815720.0,48.49,8.38,5.58,0.0000,-0.05617705351364817,2.5886,0,29,120,2009-10-30
300026.SZ,2022-02-28,6.7,6.64,6.82,6.5,6.77,-0.13,-1.9202,1777610.0,1178670.0,6.6279,10.3261,0.55,34.7886,28.9825,2.566,3.0745,2.5767,0.6024,0.6024,300415.0,268202.0,172147.0,1994760.0,1780860.0,48.49,8.12,5.42,0.0000,-0.11552977615716357,2.5886,0,29,120,2009-10-30
300026.SZ,2022-03-01,6.58,6.65,6.78,6.49,6.64,0.01,0.1506,1311540.0,868559.0,4.8901,7.6187,0.43,34.841,29.0262,2.5699,3.0791,2.5806,0.6015,0.6015,300415.0,268202.0,172147.0,1997760.0,1783540.0,48.49,7.97,5.31,0.0000,-0.0987361521732151,2.5886,0,29,120,2009-10-30
300026.SZ,2022-03-02,6.58,7.0,7.15,6.55,6.65,0.35,5.2632,2654760.0,1820950.0,9.8984,15.4215,0.99,36.6748,30.5539,2.7051,3.2412,2.7164,0.5714,0.5714,300415.0,268202.0,172147.0,2102910.0,1877410.0,48.49,7.98,5.32,0.0000,0.02961253544302393,2.5886,0,29,120,2009-10-30
300026.SZ,2022-03-03,6.88,7.13,7.39,6.77,7.0,0.13,1.8571,3133800.0,2221030.0,11.6845,18.2042,1.24,37.3559,31.1213,2.7553,3.3014,2.7669,0.561,0.561,300415.0,268202.0,172147.0,2141960.0,1912280.0,48.49,8.4,5.6,0.0000,0.02431845738477714,2.5886,0,29,120,2009-10-30
300026.SZ,2022-03-04,7.03,6.92,7.56,6.92,7.13,-0.21,-2.9453,2960910.0,2136670.0,11.0399,17.1999,1.26,36.2556,30.2047,2.6742,3.2041,2.6854,0.578,0.578,300415.0,268202.0,172147.0,2078880.0,1855950.0,48.49,8.56,5.7,0.0000,-0.0704724282491081,2.5886,0,29,120,2009-10-30
300026.SZ,2022-03-07,6.82,6.83,7.08,6.76,6.92,-0.09,-1.3006,1605160.0,1108850.0,5.9849,9.3244,0.68,35.7841,29.8118,2.6394,3.1625,2.6505,0.5857,0.5857,300415.0,268202.0,172147.0,2051840.0,1831820.0,48.49,8.3,5.54,0.0000,-0.010325649067700258,2.5886,0,29,120,2009-10-30
300026.SZ,2022-03-08,6.82,6.08,6.85,6.05,6.83,-0.75,-10.981,2260810.0,1422540.0,8.4295,13.1331,0.97,31.8546,26.5382,2.3496,2.8152,2.3594,0.6579,0.6579,300415.0,268202.0,172147.0,1826530.0,1630670.0,48.49,8.2,5.46,0.0000,-0.2611548957180866,2.5886,0,29,120,2009-10-30
300026.SZ,2022-03-09,6.08,5.87,6.18,5.51,6.08,-0.21,-3.4539,2179410.0,1275450.0,8.126,12.6602,0.86,30.7544,25.6216,2.2684,2.718,2.2779,0.6814,0.6814,300415.0,268202.0,172147.0,1763440.0,1574340.0,48.49,7.3,4.86,0.0000,-0.23407175254939278,2.5886,0,29,120,2009-10-30
300026.SZ,2022-03-10,6.04,6.13,6.18,5.93,5.87,0.26,4.4293,1944150.0,1179940.0,7.2488,11.2936,0.8,32.1166,26.7565,2.3689,2.8383,2.3788,0.6525,0.6525,300415.0,268202.0,172147.0,1841550.0,1644080.0,48.49,7.04,4.7,0.0000,0.030487733400683205,2.5886,0,29,120,2009-10-30
300026.SZ,2022-03-11,6.0,6.67,6.75,5.97,6.13,0.54,8.8091,2937290.0,1858080.0,10.9518,17.0627,1.34,34.9458,29.1135,2.5776,3.0884,2.5884,0.5997,0.5997,300415.0,268202.0,172147.0,2003770.0,1788900.0,48.49,7.36,4.9,0.0000,0.08142833742495124,2.5886,0,29,120,2009-10-30
300026.SZ,2022-03-14,6.81,6.68,7.15,6.6,6.67,0.01,0.1499,3029850.0,2076430.0,11.2969,17.6004,1.39,34.9982,29.1571,2.5814,3.093,2.5923,0.5988,0.5988,300415.0,268202.0,172147.0,2006780.0,1791590.0,48.49,8.0,5.34,0.0000,-0.08574823815853198,2.5886,0,29,120,2009-10-30
300026.SZ,2022-03-15,6.52,6.51,6.83,6.36,6.68,-0.17,-2.5449,2270910.0,1494310.0,8.4672,13.1917,0.92,34.1075,28.4151,2.5158,3.0143,2.5263,0.6144,0.6144,300415.0,268202.0,172147.0,1955700.0,1745990.0,48.49,8.02,5.34,0.0000,-0.030511092459369938,2.5886,0,29,120,2009-10-30
300026.SZ,2022-03-16,6.59,6.38,6.64,6.02,6.51,-0.13,-1.9969,2287380.0,1436010.0,8.5286,13.2874,0.93,33.4264,27.8477,2.4655,2.9541,2.4758,0.627,0.627,300415.0,268202.0,172147.0,1916650.0,1711130.0,48.49,7.81,5.21,0.0000,-0.11426913331306034,2.5886,0,29,120,2009-10-30
300026.SZ,2022-03-17,6.56,7.66,7.66,6.5,6.38,1.28,20.0627,4052380.0,2958110.0,15.1094,23.5403,1.62,40.1327,33.4347,2.9602,3.5468,2.9726,0.5222,0.5222,300415.0,268202.0,172147.0,2301180.0,2054420.0,48.49,7.66,5.1,0.0000,0.1984791407886718,2.5886,0,29,120,2009-10-30
300026.SZ,2022-03-18,8.0,8.33,8.97,7.89,7.66,0.67,8.7467,6713540.0,5589820.0,25.0317,38.999,2.3,43.643,36.3591,3.2191,3.857,3.2326,0.4802,0.4802,300415.0,268202.0,172147.0,2502460.0,2234120.0,48.49,9.19,6.13,0.0000,-0.18769618792112028,2.5886,0,29,120,2009-10-30
300026.SZ,2022-03-21,8.1,9.22,9.5,8.08,8.33,0.89,10.6843,5861500.0,5093420.0,21.8548,34.0495,1.6,48.3059,40.2438,3.563,4.2691,3.5779,0.4338,0.4338,300415.0,268202.0,172147.0,2769830.0,2472820.0,48.49,10.0,6.66,0.0000,0.006339779725160004,2.5886,0,29,120,2009-10-30
300026.SZ,2022-03-22,8.94,8.49,8.99,8.36,9.22,-0.73,-7.9176,4246510.0,3666660.0,15.8333,24.668,1.0,44.4812,37.0575,3.2809,3.9311,3.2946,0.4711,0.4711,300415.0,268202.0,172147.0,2550530.0,2277030.0,48.49,11.06,7.38,0.0000,-0.09480534392572072,2.5886,0,29,120,2009-10-30
300026.SZ,2022-03-23,8.32,8.34,8.88,8.28,8.49,-0.15,-1.7668,3472540.0,2974770.0,12.9475,20.172,0.75,43.6953,36.4027,3.2229,3.8616,3.2364,0.4796,0.4796,300415.0,268202.0,172147.0,2505470.0,2236800.0,48.49,10.19,6.79,0.0000,-0.07798390128203665,2.5886,0,29,120,2009-10-30
300026.SZ,2022-03-24,8.23,8.31,8.65,8.03,8.34,-0.03,-0.3597,3266110.0,2737310.0,12.1778,18.9728,0.67,43.5382,36.2718,3.2114,3.8477,3.2248,0.4813,0.4813,300415.0,268202.0,172147.0,2496450.0,2228750.0,48.49,10.01,6.67,0.0000,-0.03481008393762084,2.5886,0,29,120,2009-10-30
300026.SZ,2022-03-25,8.12,7.81,8.48,7.81,8.31,-0.5,-6.0168,3252660.0,2637280.0,12.1277,18.8947,0.69,40.9185,34.0894,3.0181,3.6162,3.0308,0.5122,0.5122,300415.0,268202.0,172147.0,2346240.0,2094650.0,48.49,9.97,6.65,0.0000,-0.16091786704541375,2.5886,0,29,120,2009-10-30
300026.SZ,2022-03-28,7.81,7.81,8.06,7.67,7.81,0.0,0.0,2421760.0,1895300.0,9.0296,14.068,0.6,40.9185,34.0894,3.0181,3.6162,3.0308,0.5122,0.5122,300415.0,268202.0,172147.0,2346240.0,2094650.0,48.49,9.37,6.25,0.0000,-0.18005519822927737,2.5886,0,29,120,2009-10-30
300026.SZ,2022-03-29,7.7,8.26,8.47,7.51,7.81,0.45,5.7618,3387450.0,2727570.0,12.6302,19.6777,1.02,43.2762,36.0536,3.192,3.8246,3.2054,0.4843,0.4843,300415.0,268202.0,172147.0,2481430.0,2215340.0,48.49,9.37,6.25,0.0000,0.08342406558184792,2.5886,0,29,120,2009-10-30
300026.SZ,2022-03-30,8.0,8.33,8.65,7.85,8.26,0.07,0.8475,3218420.0,2659260.0,12.0,18.6958,1.02,43.643,36.3591,3.2191,3.857,3.2326,0.4802,0.4802,300415.0,268202.0,172147.0,2502460.0,2234120.0,48.49,9.91,6.61,0.0000,-0.08831823788434148,2.5886,0,29,120,2009-10-30
300026.SZ,2022-03-31,8.18,7.94,8.63,7.91,8.33,-0.39,-4.6819,3759330.0,3130580.0,14.0168,21.7785,1.21,34.7045,34.7045,3.0687,3.1097,3.1097,0.5038,0.5038,300415.0,268202.0,172617.0,2385300.0,2129520.0,48.49,10.0,6.66,0.0000,-0.13685473421399008,0.7283,0,29,120,2009-10-30
300026.SZ,2022-04-01,7.71,7.61,7.83,7.51,7.94,-0.33,-4.1562,2442070.0,1867020.0,9.1054,14.1474,0.76,33.2621,33.2621,2.9412,2.9805,2.9805,0.5256,0.5256,300415.0,268202.0,172617.0,2286160.0,2041010.0,48.49,9.53,6.35,0.0000,-0.16079159743500582,0.7283,0,29,120,2009-10-30
300026.SZ,2022-04-06,8.08,8.33,8.67,8.08,7.61,0.72,9.4612,3417030.0,2854110.0,12.7405,19.7955,1.12,36.4091,36.4091,3.2195,3.2624,3.2624,0.4802,0.4802,300415.0,268202.0,172617.0,2502460.0,2234120.0,48.49,9.13,6.09,0.0000,0.02217141129181798,0.7283,0,29,120,2009-10-30
300026.SZ,2022-04-07,8.25,8.18,8.6,7.87,8.33,-0.15,-1.8007,3304910.0,2723120.0,12.3225,19.1459,1.02,35.7535,35.7535,3.1615,3.2037,3.2037,0.489,0.489,300415.0,268202.0,172617.0,2457400.0,2193890.0,48.49,10.0,6.66,0.0000,-0.07965862747774977,0.7283,0,29,120,2009-10-30
300026.SZ,2022-04-08,8.06,7.86,8.1,7.68,8.18,-0.32,-3.912,2044850.0,1605620.0,7.6243,11.8462,0.63,34.3548,34.3548,3.0378,3.0784,3.0784,0.5089,0.5089,300415.0,268202.0,172617.0,2361270.0,2108060.0,48.49,9.82,6.54,0.0000,-0.12298926134108587,0.7283,0,29,120,2009-10-30
300026.SZ,2022-04-11,7.71,8.08,8.23,7.61,7.86,0.22,2.799,2229170.0,1777680.0,8.3116,12.914,0.74,35.3164,35.3164,3.1229,3.1645,3.1645,0.495,0.495,300415.0,268202.0,172617.0,2427360.0,2167070.0,48.49,9.43,6.29,0.0000,0.030474800988654422,0.7283,0,29,120,2009-10-30
300026.SZ,2022-04-12,8.08,7.78,8.13,7.65,8.08,-0.3,-3.7129,1750970.0,1373100.0,6.5286,10.1437,0.65,34.0052,34.0052,3.0069,3.047,3.047,0.5141,0.5141,300415.0,268202.0,172617.0,2337230.0,2086610.0,48.49,9.7,6.46,0.0000,-0.2647123263057747,0.7283,0,29,120,2009-10-30
300026.SZ,2022-04-13,7.66,6.99,7.78,6.68,7.78,-0.79,-10.1542,2237210.0,1606110.0,8.3415,12.9606,0.88,30.5522,30.5522,2.7016,2.7376,2.7376,0.5722,0.5722,300415.0,268202.0,172617.0,2099900.0,1874730.0,48.49,9.34,6.22,0.0000,-0.23299420698551815,0.7283,0,29,120,2009-10-30
300026.SZ,2022-04-14,6.92,7.07,7.28,6.9,6.99,0.08,1.1445,1350010.0,964144.0,5.0335,7.8208,0.58,30.9019,30.9019,2.7325,2.769,2.769,0.5658,0.5658,300415.0,268202.0,172617.0,2123940.0,1896180.0,48.49,8.39,5.59,0.0000,-0.0403269288053559,0.7283,0,29,120,2009-10-30
300026.SZ,2022-04-15,7.05,6.82,7.05,6.7,7.07,-0.25,-3.5361,1581380.0,1082760.0,5.8963,9.1613,0.82,29.8092,29.8092,2.6359,2.671,2.671,0.5865,0.5865,300415.0,268202.0,172617.0,2048830.0,1829130.0,48.49,8.48,5.66,0.0000,-0.2031768581031731,0.7283,0,29,120,2009-10-30
300026.SZ,2022-04-18,6.68,6.55,6.69,6.42,6.82,-0.27,-3.9589,1216120.0,798894.0,4.5344,7.0452,0.66,28.629,28.629,2.5315,2.5653,2.5653,0.6107,0.6107,300415.0,268202.0,172617.0,1967720.0,1756720.0,48.49,8.18,5.46,0.0000,-0.2278726232599716,0.7283,0,29,120,2009-10-30
300026.SZ,2022-04-19,6.53,6.56,6.67,6.39,6.55,0.01,0.1527,1202720.0,785833.0,4.4844,6.9676,0.74,28.6727,28.6727,2.5354,2.5692,2.5692,0.6098,0.6098,300415.0,268202.0,172617.0,1970730.0,1759400.0,48.49,7.86,5.24,0.0000,-0.1166465369394944,0.7283,0,29,120,2009-10-30
300026.SZ,2022-04-20,6.56,6.22,6.66,6.19,6.56,-0.34,-5.1829,1361900.0,870483.0,5.0779,7.8897,0.9,27.1866,27.1866,2.404,2.4361,2.4361,0.6431,0.6431,300415.0,268202.0,172617.0,1868580.0,1668210.0,48.49,7.87,5.25,0.0000,-0.2148024426396419,0.7283,0,29,120,2009-10-30
300026.SZ,2022-04-21,6.25,6.04,6.35,5.98,6.22,-0.18,-2.8939,1242000.0,765997.0,4.6309,7.1951,0.93,26.3999,26.3999,2.3344,2.3656,2.3656,0.6623,0.6623,300415.0,268202.0,172617.0,1814510.0,1619940.0,48.49,7.46,4.98,0.0000,-0.08283596982224745,0.7283,0,29,120,2009-10-30
300026.SZ,2022-04-22,6.05,5.84,6.05,5.76,6.04,-0.2,-3.3113,1061880.0,625221.0,3.9593,6.1517,0.8,25.5257,25.5257,2.2571,2.2872,2.2872,0.6849,0.6849,300415.0,268202.0,172617.0,1754430.0,1566300.0,48.49,7.25,4.83,0.0000,-0.08590510699439625,0.7283,0,29,120,2009-10-30
300026.SZ,2022-04-25,5.8,5.45,5.91,5.42,5.84,-0.39,-6.6781,1364360.0,771755.0,5.0871,7.904,1.12,23.8211,23.8211,2.1064,2.1345,2.1345,0.7339,0.7339,300415.0,268202.0,172617.0,1637260.0,1461700.0,48.49,7.01,4.67,0.0000,-0.11630482468633113,0.7283,0,29,120,2009-10-30
300026.SZ,2022-04-26,5.55,5.53,5.72,5.42,5.45,0.08,1.4679,1355250.0,753072.0,5.0531,7.8512,1.09,24.1708,24.1708,2.1373,2.1658,2.1658,0.7233,0.7233,300415.0,268202.0,172617.0,1661300.0,1483150.0,48.49,6.54,4.36,0.0000,0.03153301663927647,0.7283,0,29,120,2009-10-30
300026.SZ,2022-04-27,5.48,5.71,5.73,5.28,5.53,0.18,3.255,1480610.0,818149.0,5.5205,8.5774,1.16,24.9575,24.9575,2.2069,2.2363,2.2363,0.7005,0.7005,300415.0,268202.0,172617.0,1715370.0,1531430.0,48.49,6.64,4.42,0.0000,0.04633343210363212,0.7283,0,29,120,2009-10-30
300026.SZ,2022-04-28,5.67,5.46,5.69,5.34,5.71,-0.25,-4.3783,1236250.0,678330.0,4.6094,7.1618,0.95,23.8648,23.8648,2.1102,2.1384,2.1384,0.7326,0.7326,300415.0,268202.0,172617.0,1640270.0,1464380.0,48.49,6.85,4.57,0.0000,-0.22205720726108322,0.7283,0,29,120,2009-10-30
300026.SZ,2022-04-29,5.49,5.78,5.88,5.49,5.46,0.32,5.8608,1789060.0,1025810.0,6.6706,10.3926,1.38,25.2635,23.7086,2.1678,2.2637,2.2365,0.692,0.692,300415.0,268202.0,172148.0,1736400.0,1550200.0,48.49,6.55,4.37,0.0000,0.058925336094424,2.573,0,29,120,2009-10-30
300026.SZ,2022-05-05,5.67,5.92,6.03,5.62,5.78,0.14,2.4221,1563890.0,918982.0,5.831,9.0846,1.08,25.8754,24.2828,2.2203,2.3186,2.2907,0.6757,0.6757,300415.0,268202.0,172148.0,1778460.0,1587750.0,48.49,6.94,4.62,0.0000,-0.021810906624468725,2.573,0,29,120,2009-10-30
300026.SZ,2022-05-06,5.75,5.97,6.08,5.71,5.92,0.05,0.8446,1627810.0,964637.0,6.0693,9.4558,1.1,26.0939,24.4879,2.2391,2.3381,2.31,0.67,0.67,300415.0,268202.0,172148.0,1793480.0,1601160.0,48.49,7.1,4.74,0.0000,-0.07311155142256613,2.573,0,29,120,2009-10-30
300026.SZ,2022-05-09,6.02,6.24,6.36,5.91,5.97,0.27,4.5226,1856670.0,1140210.0,6.9227,10.7853,1.21,27.2741,25.5954,2.3403,2.4439,2.4145,0.641,0.641,300415.0,268202.0,172148.0,1874590.0,1673580.0,48.49,7.16,4.78,0.0000,0.05900732581853653,2.573,0,29,120,2009-10-30
300026.SZ,2022-05-10,6.08,6.12,6.21,5.96,6.24,-0.12,-1.9231,1483570.0,902818.0,5.5316,8.618,0.92,26.7496,25.1032,2.2953,2.3969,2.368,0.6536,0.6536,300415.0,268202.0,172148.0,1838540.0,1641390.0,48.49,7.49,4.99,0.0000,-0.09962277068613248,2.573,0,29,120,2009-10-30
300026.SZ,2022-05-11,6.12,6.01,6.32,6.0,6.12,-0.11,-1.7974,1660450.0,1026360.0,6.191,9.6455,1.0,26.2688,24.652,2.2541,2.3538,2.3255,0.6656,0.6656,300415.0,268202.0,172148.0,1805500.0,1611890.0,48.49,7.34,4.9,0.0000,-0.12944428726468274,2.573,0,29,120,2009-10-30
300026.SZ,2022-05-12,5.95,6.37,6.65,5.91,6.01,0.36,5.99,2232540.0,1414640.0,8.3241,12.9687,1.36,27.8423,26.1287,2.3891,2.4948,2.4648,0.6279,0.6279,300415.0,268202.0,172148.0,1913650.0,1708440.0,48.49,7.21,4.81,0.0000,0.07366074401756223,2.573,0,29,120,2009-10-30
300026.SZ,2022-05-13,6.36,6.39,6.49,6.12,6.37,0.02,0.314,1765780.0,1111670.0,6.5838,10.2574,1.0,27.9297,26.2107,2.3966,2.5026,2.4725,0.626,0.626,300415.0,268202.0,172148.0,1919660.0,1713810.0,48.49,7.64,5.1,0.0000,-0.04445358955654722,2.573,0,29,120,2009-10-30
300026.SZ,2022-05-16,6.25,6.07,6.37,6.06,6.39,-0.32,-5.0078,1499670.0,923571.0,5.5916,8.7115,0.83,26.531,24.8981,2.2766,2.3773,2.3487,0.659,0.659,300415.0,268202.0,172148.0,1823520.0,1627980.0,48.49,7.67,5.11,0.0000,-0.25579598033964396,2.573,0,29,120,2009-10-30
300026.SZ,2022-05-17,6.07,5.81,6.08,5.62,6.07,-0.26,-4.2834,1268260.0,731923.0,4.7288,7.3673,0.73,25.3946,23.8316,2.179,2.2755,2.2481,0.6885,0.6885,300415.0,268202.0,172148.0,1745410.0,1558250.0,48.49,7.28,4.86,0.0000,-0.1698262443168512,2.573,0,29,120,2009-10-30
300026.SZ,2022-05-18,5.77,5.77,5.86,5.74,5.81,-0.04,-0.6885,661213.0,383240.0,2.4654,3.841,0.39,25.2198,23.6676,2.164,2.2598,2.2326,0.6932,0.6932,300415.0,268202.0,172148.0,1733400.0,1547520.0,48.49,6.97,4.65,0.0000,-0.14873842495746997,2.573,0,29,120,2009-10-30
300026.SZ,2022-05-19,5.64,5.82,5.85,5.59,5.73,0.09,1.5707,826010.0,476449.0,3.0798,4.7982,0.56,25.4383,23.8727,2.216,2.2794,2.252,0.6873,1.3746,300415.0,268202.0,172148.0,1748420.0,1560930.0,48.8285,6.88,4.58,0.0000,0.08674699206206977,2.573,0,29,120,2009-10-30
300026.SZ,2022-05-20,5.8,5.82,5.95,5.74,5.82,0.0,0.0,898773.0,525142.0,3.3511,5.2209,0.75,25.4383,23.8727,2.216,2.2794,2.252,0.6873,1.3746,300415.0,268202.0,172148.0,1748420.0,1560930.0,48.8285,6.98,4.66,0.0000,-0.07591437388232282,2.573,0,29,120,2009-10-30
300026.SZ,2022-05-23,5.82,6.05,6.15,5.82,5.82,0.23,3.9519,1218710.0,733754.0,4.544,7.0794,1.18,26.4436,24.8161,2.3036,2.3695,2.341,0.6612,1.3223,300415.0,268202.0,172148.0,1817510.0,1622620.0,48.8285,6.98,4.66,0.0000,0.033166672984883724,2.573,0,29,120,2009-10-30
300026.SZ,2022-05-24,6.0,5.62,6.03,5.62,6.05,-0.43,-7.1074,1113810.0,647703.0,4.1529,6.47,1.14,24.5641,23.0523,2.1399,2.2011,2.1746,0.7117,1.4235,300415.0,268202.0,172148.0,1688340.0,1507290.0,48.8285,7.26,4.84,0.0000,-0.259135686390439,2.573,0,29,120,2009-10-30
300026.SZ,2022-05-25,5.6,5.71,5.71,5.57,5.62,0.09,1.6014,580199.0,328455.0,2.1633,3.3703,0.61,24.9575,23.4215,2.1742,2.2363,2.2094,0.7005,1.4011,300415.0,268202.0,172148.0,1715370.0,1531430.0,48.8285,6.74,4.5,0.0000,0.004979569201241954,2.573,0,29,120,2009-10-30
300026.SZ,2022-05-26,5.75,5.66,5.76,5.5,5.71,-0.05,-0.8757,644827.0,363219.0,2.4043,3.7458,0.7,24.739,23.2164,2.1551,2.2167,2.1901,0.7067,1.4134,300415.0,268202.0,172148.0,1700350.0,1518020.0,48.8285,6.85,4.57,0.0000,-0.12388221581171988,2.573,0,29,120,2009-10-30
300026.SZ,2022-05-27,5.67,5.58,5.72,5.52,5.66,-0.08,-1.4134,603152.0,339278.0,2.2489,3.5037,0.68,24.3893,22.8882,2.1247,2.1854,2.1591,0.7168,1.4337,300415.0,268202.0,172148.0,1676320.0,1496560.0,48.8285,6.79,4.53,0.0000,-0.16888676084686993,2.573,0,29,120,2009-10-30
300026.SZ,2022-05-30,5.61,5.5,5.62,5.44,5.58,-0.08,-1.4337,592913.0,325621.0,2.2107,3.4442,0.71,24.0396,22.5601,2.0942,2.1541,2.1281,0.7273,1.4545,300415.0,268202.0,172148.0,1652290.0,1475110.0,48.829,6.7,4.46,0.0000,-0.2021707166531554,2.573,0,29,120,2009-10-30
300026.SZ,2022-05-31,5.46,5.62,5.65,5.36,5.5,0.12,2.1818,814050.0,449451.0,3.0352,4.7288,1.15,24.5641,23.0523,2.1399,2.2011,2.1746,0.7117,1.4235,300415.0,268202.0,172148.0,1688340.0,1507290.0,48.829,6.6,4.4,0.0000,0.11463122709351337,2.573,0,29,120,2009-10-30
300026.SZ,2022-06-01,5.6,5.51,5.66,5.48,5.62,-0.11,-1.9573,608696.0,338229.0,2.2695,3.5359,0.94,24.0833,22.6011,2.098,2.158,2.132,0.726,1.4519,300415.0,268202.0,172148.0,1655290.0,1477790.0,48.829,6.74,4.5,0.0000,-0.20236113691532248,2.573,0,29,120,2009-10-30
300026.SZ,2022-06-02,5.51,5.42,5.52,5.41,5.51,-0.09,-1.6334,536813.0,291661.0,2.0015,3.1183,0.82,23.69,22.2319,2.0637,2.1227,2.0972,0.738,1.476,300415.0,268202.0,172148.0,1628250.0,1453650.0,48.829,6.61,4.41,0.0000,-0.2970285393160138,2.573,0,29,120,2009-10-30
300026.SZ,2022-06-06,5.43,5.65,5.68,5.41,5.42,0.23,4.2435,964939.0,537037.0,3.5978,5.6053,1.53,24.6953,23.1753,2.1513,2.2128,2.1862,0.708,1.4159,300415.0,268202.0,172148.0,1697350.0,1515340.0,48.829,6.5,4.34,0.0000,0.23810682133504596,2.573,0,29,120,2009-10-30
300026.SZ,2022-06-07,5.63,5.96,6.13,5.59,5.65,0.31,5.4867,1809090.0,1061370.0,6.7452,10.5089,2.57,26.0502,24.4469,2.2694,2.3342,2.3061,0.6711,1.3423,300415.0,268202.0,172148.0,1790480.0,1598480.0,48.829,6.78,4.52,0.0000,0.04205426772128992,2.573,0,29,120,2009-10-30
300026.SZ,2022-06-08,5.89,5.8,5.93,5.74,5.96,-0.16,-2.6846,1064400.0,619046.0,3.9687,6.1831,1.12,25.3509,23.7906,2.2084,2.2716,2.2442,0.6897,1.3793,300415.0,268202.0,172148.0,1742410.0,1555570.0,48.829,7.15,4.77,0.0000,-0.14420684985850823,2.573,0,29,120,2009-10-30
300026.SZ,2022-06-09,5.81,5.82,6.02,5.75,5.8,0.02,0.3448,1119840.0,657649.0,4.1754,6.4924,1.12,25.4383,23.8727,2.216,2.2794,2.252,0.6873,1.3746,300415.0,268202.0,172485.0,1748420.0,1560930.0,48.829,6.96,4.64,0.0000,0.06496394501702454,2.573,0,29,120,2009-10-30
300026.SZ,2022-06-10,5.79,5.87,5.93,5.76,5.82,0.05,0.8591,833940.0,488829.0,3.1094,4.8349,0.76,25.6569,24.0777,2.2351,2.299,2.2713,0.6814,0.6814,300415.0,268202.0,172485.0,1763440.0,1574340.0,48.829,6.98,4.66,0.0000,0.07849067275327973,2.573,0,29,120,2009-10-30
300026.SZ,2022-06-13,5.79,5.81,5.88,5.68,5.87,-0.06,-1.0221,790273.0,456846.0,2.9466,4.5817,0.68,25.3946,23.8316,2.2122,2.2755,2.2481,0.6885,0.6885,300415.0,268202.0,172485.0,1745410.0,1558250.0,48.829,7.04,4.7,0.0000,-0.1690714090351714,2.573,0,29,120,2009-10-30
300026.SZ,2022-06-14,5.75,5.73,5.8,5.53,5.81,-0.08,-1.3769,774416.0,439069.0,2.8874,4.4898,0.69,25.0449,23.5035,2.1818,2.2441,2.2171,0.6981,0.6981,300415.0,268202.0,172485.0,1721380.0,1536790.0,48.829,6.97,4.65,0.0000,-0.23462412256739382,2.573,0,29,120,2009-10-30
300026.SZ,2022-06-15,5.69,5.67,5.83,5.67,5.73,-0.06,-1.0471,750456.0,430928.0,2.7981,4.3509,0.82,24.7827,23.2574,2.1589,2.2207,2.1939,0.7055,0.7055,300415.0,268202.0,172485.0,1703360.0,1520700.0,48.829,6.88,4.58,0.0000,-0.09752712380106938,2.573,0,29,120,2009-10-30
300026.SZ,2022-06-16,5.7,5.95,5.95,5.69,5.67,0.28,4.9383,1506440.0,884455.0,5.6168,8.7337,1.76,26.0065,24.4059,2.2655,2.3303,2.3023,0.6723,0.6723,300415.0,268202.0,172485.0,1787470.0,1595800.0,48.829,6.8,4.54,0.0000,0.13518495915067968,2.573,0,29,120,2009-10-30
300026.SZ,2022-06-17,5.9,5.95,5.98,5.76,5.95,0.0,0.0,1085990.0,638613.0,4.0492,6.2962,1.17,26.0065,24.4059,2.2655,2.3303,2.3023,0.6723,0.6723,300415.0,268202.0,172485.0,1787470.0,1595800.0,48.829,7.14,4.76,0.0000,0.024401931891967675,2.573,0,29,120,2009-10-30
300026.SZ,2022-06-20,5.95,6.73,7.09,5.92,5.95,0.78,13.1092,2826090.0,1800300.0,10.5372,16.3846,2.88,29.4158,27.6053,2.5625,2.6358,2.6041,0.5944,0.5944,300415.0,268202.0,172485.0,2021800.0,1805000.0,48.829,7.14,4.76,0.0000,0.2555615537122183,2.573,0,29,120,2009-10-30
300026.SZ,2022-06-21,6.74,6.85,7.08,6.68,6.73,0.12,1.7831,2711420.0,1862350.0,10.1096,15.7198,1.95,29.9403,28.0975,2.6082,2.6828,2.6505,0.5839,0.5839,300415.0,268202.0,172485.0,2057850.0,1837180.0,48.829,8.08,5.38,0.0000,-0.028611706615126877,2.573,0,29,120,2009-10-30
300026.SZ,2022-06-22,6.98,6.8,7.22,6.77,6.85,-0.05,-0.7299,2200740.0,1537650.0,8.2055,12.6606,1.24,29.7217,27.8924,2.5892,2.6632,2.6312,0.5882,0.5882,300415.0,268202.0,173826.0,2042830.0,1823770.0,48.829,8.22,5.48,0.0000,-0.02065393348737941,2.573,0,29,120,2009-10-30
300026.SZ,2022-06-23,6.78,6.79,6.84,6.6,6.8,-0.01,-0.1471,1269920.0,853445.0,4.735,7.3057,0.61,29.678,27.8514,2.5854,2.6593,2.6273,0.5891,0.5891,300415.0,268202.0,173826.0,2039820.0,1821090.0,48.829,8.16,5.44,0.0000,-0.08238154256262818,2.573,0,29,120,2009-10-30
300026.SZ,2022-06-24,6.74,7.16,7.36,6.72,6.79,0.37,5.4492,1940630.0,1382940.0,7.2357,11.1642,0.96,31.2952,29.3691,2.7263,2.8042,2.7705,0.5587,0.5587,300415.0,268202.0,173826.0,2150970.0,1920320.0,48.829,8.15,5.43,0.0000,0.1240436416684413,2.573,0,29,120,2009-10-30
300026.SZ,2022-06-27,7.47,7.2,7.87,7.16,7.16,0.04,0.5587,2212190.0,1649140.0,8.2482,12.7265,1.01,31.4701,29.5332,2.7415,2.8199,2.7859,0.5556,0.5556,300415.0,268202.0,173826.0,2162990.0,1931050.0,48.829,8.59,5.73,0.0000,-0.10958237477249906,2.573,0,29,120,2009-10-30
300026.SZ,2022-06-28,7.11,7.06,7.22,6.97,7.2,-0.14,-1.9444,1225130.0,864710.0,4.5679,7.048,0.59,30.8582,28.9589,2.6882,2.765,2.7318,0.5666,0.5666,300415.0,268202.0,173826.0,2120930.0,1893500.0,48.829,8.64,5.76,0.0000,-0.04357498846727213,2.573,0,29,120,2009-10-30
300026.SZ,2022-06-29,6.98,7.28,7.6,6.86,7.06,0.22,3.1161,1890080.0,1370900.0,7.0472,10.8734,1.07,31.8197,29.8613,2.772,2.8512,2.8169,0.5495,0.5495,300415.0,268202.0,173826.0,2187020.0,1952510.0,48.829,8.47,5.65,0.0000,0.09324702134124921,2.573,0,29,120,2009-10-30
300026.SZ,2022-06-30,7.24,7.7,7.79,7.19,7.28,0.42,5.7692,2117730.0,1587820.0,7.8961,12.1831,1.24,33.6555,31.5841,2.9319,3.0157,2.9794,0.5195,0.5195,300415.0,268202.0,173826.0,2313200.0,2065150.0,48.829,8.74,5.82,0.0000,0.13457983647321298,2.573,0,29,120,2009-10-30
300026.SZ,2022-07-01,7.6,7.66,7.95,7.53,7.7,-0.04,-0.5195,1413910.0,1090310.0,5.2718,8.1341,0.75,33.4807,31.42,2.9166,3.0,2.9639,0.5222,0.5222,300415.0,268202.0,173826.0,2301180.0,2054420.0,48.829,9.24,6.16,0.0000,0.025720353691405767,2.573,0,29,120,2009-10-30
300026.SZ,2022-07-04,7.72,7.8,7.93,7.6,7.66,0.14,1.8277,1161150.0,903576.0,4.3294,6.68,0.66,34.0926,31.9943,2.97,3.0549,3.0181,0.5128,0.5128,300415.0,268202.0,173826.0,2343240.0,2091970.0,48.829,9.19,6.13,0.0000,0.011823100457565554,2.573,0,29,120,2009-10-30
300026.SZ,2022-07-05,7.77,7.57,7.77,7.45,7.8,-0.23,-2.9487,1140180.0,862523.0,4.2512,6.5593,0.73,33.0873,31.0509,2.8824,2.9648,2.9291,0.5284,0.5284,300415.0,268202.0,173826.0,2274150.0,2030290.0,48.829,9.36,6.24,0.0000,-0.16826079922411272,2.573,0,29,120,2009-10-30
300026.SZ,2022-07-06,7.7,7.27,7.8,7.2,7.57,-0.3,-3.963,1303270.0,968681.0,4.8593,7.4976,0.84,31.776,29.8203,2.7682,2.8473,2.813,0.5502,0.5502,300415.0,268202.0,173826.0,2184020.0,1949820.0,48.829,9.08,6.06,0.0000,-0.22196211507090166,2.573,0,29,120,2009-10-30
300026.SZ,2022-07-07,7.28,7.08,7.31,6.89,7.27,-0.19,-2.6135,1136120.0,801892.0,4.2361,6.536,0.8,30.9456,29.041,2.6958,2.7729,2.7395,0.565,0.565,300415.0,268202.0,173826.0,2126940.0,1898870.0,48.829,8.72,5.82,0.0000,-0.27060709417021156,2.573,0,29,120,2009-10-30
300026.SZ,2022-07-08,7.13,7.09,7.24,7.07,7.08,0.01,0.1412,753862.0,538720.0,2.8108,4.3369,0.61,30.9893,29.082,2.6996,2.7768,2.7434,0.5642,0.5642,300415.0,268202.0,173826.0,2129950.0,1901550.0,48.829,8.5,5.66,0.0000,-0.01823926512083243,2.573,0,29,120,2009-10-30
300026.SZ,2022-07-11,7.2,7.26,7.43,7.1,7.09,0.17,2.3977,1157050.0,842227.0,4.3141,6.6564,1.05,31.7323,29.7793,2.7643,2.8434,2.8092,0.551,0.551,300415.0,268202.0,173826.0,2181020.0,1947140.0,48.829,8.51,5.67,0.0000,0.05772414328692172,2.573,0,29,120,2009-10-30
300026.SZ,2022-07-12,7.24,7.42,7.7,7.09,7.26,0.16,2.2039,1571620.0,1161920.0,5.8598,9.0413,1.43,32.4317,30.4356,2.8253,2.906,2.8711,0.5391,0.5391,300415.0,268202.0,173826.0,2229080.0,1990060.0,48.829,8.71,5.81,0.0000,0.0998477668754189,2.573,0,29,120,2009-10-30
300026.SZ,2022-07-13,7.25,7.06,7.26,6.92,7.42,-0.36,-4.8518,1139910.0,810788.0,4.2502,6.5578,0.96,30.8582,28.9589,2.6882,2.765,2.7318,0.5666,0.5666,300415.0,268202.0,173826.0,2120930.0,1893500.0,48.829,8.9,5.94,0.0000,-0.13548773603929246,2.573,0,29,120,2009-10-30
300026.SZ,2022-07-14,6.88,6.9,7.05,6.87,7.06,-0.16,-2.2663,687818.0,478163.0,2.5646,3.9569,0.6,30.1588,28.3026,2.6273,2.7024,2.6699,0.5797,0.5797,300415.0,268202.0,173826.0,2072870.0,1850590.0,48.829,8.47,5.65,0.0000,-0.28247662767331455,2.573,0,29,120,2009-10-30
300026.SZ,2022-07-15,6.83,6.81,7.04,6.75,6.9,-0.09,-1.3043,622489.0,429434.0,2.321,3.5811,0.59,29.7654,27.9335,2.593,2.6671,2.635,0.5874,0.5874,300415.0,268202.0,173826.0,2045830.0,1826450.0,48.829,8.28,5.52,0.0000,-0.08331268428148982,2.573,0,29,120,2009-10-30
300026.SZ,2022-07-18,6.78,6.78,6.87,6.63,6.81,-0.03,-0.4405,853194.0,573940.0,3.1812,4.9083,0.82,29.6343,27.8104,2.5816,2.6554,2.6234,0.59,0.59,300415.0,268202.0,173826.0,2036820.0,1818410.0,48.829,8.17,5.45,0.0000,-0.13046563032294747,2.573,0,29,120,2009-10-30
300026.SZ,2022-07-19,6.72,6.66,6.8,6.55,6.78,-0.12,-1.7699,727413.0,484590.0,2.7122,4.1847,0.75,29.1098,27.3182,2.5359,2.6084,2.577,0.6006,0.6006,300415.0,268202.0,173826.0,2000770.0,1786220.0,48.829,8.14,5.42,0.0000,-0.25134797047046165,2.573,0,29,120,2009-10-30
300026.SZ,2022-07-20,6.66,6.7,6.79,6.63,6.66,0.04,0.6006,616408.0,413393.0,2.2983,3.5461,0.76,29.2847,27.4823,2.5511,2.624,2.5925,0.597,0.597,300415.0,268202.0,173826.0,2012780.0,1796950.0,48.829,7.99,5.33,0.0000,-0.07790021454652674,2.573,0,29,120,2009-10-30
300026.SZ,2022-07-21,6.7,6.76,6.89,6.62,6.7,0.06,0.8955,732212.0,495678.0,2.7301,4.2123,1.04,29.5469,27.7284,2.574,2.6475,2.6157,0.5917,0.5917,300415.0,268202.0,173826.0,2030810.0,1813040.0,48.829,8.04,5.36,0.0000,0.059224362720139964,2.573,0,29,120,2009-10-30
300026.SZ,2022-07-22,6.75,6.47,6.76,6.41,6.76,-0.29,-4.2899,858298.0,561379.0,3.2002,4.9377,1.21,28.2794,26.5388,2.4635,2.534,2.5035,0.6182,0.6182,300415.0,268202.0,173826.0,1943690.0,1735260.0,48.829,8.11,5.41,0.0000,-0.22055700542711557,2.573,0,29,120,2009-10-30
300026.SZ,2022-07-25,6.46,6.66,6.73,6.44,6.47,0.19,2.9366,751373.0,498383.0,2.8015,4.3226,0.99,29.1098,27.3182,2.5359,2.6084,2.577,0.6006,0.6006,300415.0,268202.0,173826.0,2000770.0,1786220.0,48.829,7.76,5.18,0.0000,0.07875025241438065,2.573,0,29,120,2009-10-30
300026.SZ,2022-07-26,6.71,6.68,6.71,6.45,6.66,0.02,0.3003,561230.0,368925.0,2.0926,3.2287,0.76,29.1972,27.4002,2.5435,2.6162,2.5847,0.5988,0.5988,300415.0,268202.0,173826.0,2006780.0,1791590.0,48.829,7.99,5.33,0.0000,-0.049699706658584177,2.573,0,29,120,2009-10-30
300026.SZ,2022-07-27,6.6,6.59,6.7,6.56,6.68,-0.09,-1.3473,423004.0,279490.0,1.5772,2.4335,0.6,28.8039,27.0311,2.5092,2.581,2.5499,0.607,0.607,300415.0,268202.0,173826.0,1979740.0,1767450.0,48.829,8.02,5.34,0.0000,-0.03786237379713296,2.573,0,29,120,2009-10-30
300026.SZ,2022-07-28,6.61,6.47,6.64,6.46,6.59,-0.12,-1.8209,593315.0,388028.0,2.2122,3.4133,0.89,28.2794,26.5388,2.4635,2.534,2.5035,0.6182,0.6182,300415.0,268202.0,173826.0,1943690.0,1735260.0,48.829,7.91,5.27,0.0000,-0.2527904326279208,2.573,0,29,120,2009-10-30
300026.SZ,2022-07-29,6.43,6.3,6.48,6.25,6.47,-0.17,-2.6275,720583.0,456675.0,2.6867,4.1454,1.13,27.5363,25.8415,2.3988,2.4674,2.4377,0.6349,0.6349,300415.0,268202.0,173826.0,1892620.0,1689670.0,48.829,7.76,5.18,0.0000,-0.34892883987121137,2.573,0,29,120,2009-10-30
300026.SZ,2022-08-01,6.29,6.14,6.3,6.11,6.3,-0.16,-2.5397,787137.0,484764.0,2.9349,4.5283,1.29,26.837,25.1852,2.3379,2.4047,2.3758,0.6515,0.6515,300415.0,268202.0,173826.0,1844550.0,1646760.0,48.829,7.56,5.04,0.0000,-0.07689586431061467,2.573,0,29,120,2009-10-30
300026.SZ,2022-08-02,6.15,5.86,6.15,5.78,6.14,-0.28,-4.5603,905866.0,533566.0,3.3776,5.2113,1.47,25.6131,24.0367,2.2313,2.2951,2.2674,0.6826,0.6826,300415.0,268202.0,173826.0,1760430.0,1571660.0,48.829,7.37,4.91,0.0000,-0.18067187218889355,2.573,0,29,120,2009-10-30
300026.SZ,2022-08-03,5.83,5.87,6.02,5.83,5.86,0.01,0.1706,695604.0,413333.0,2.5936,4.0017,1.01,25.6569,24.0777,2.2351,2.299,2.2713,0.6814,0.6814,300415.0,268202.0,173826.0,1763440.0,1574340.0,48.829,7.03,4.69,0.0000,-0.08059659155345668,2.573,0,29,120,2009-10-30
300026.SZ,2022-08-04,5.92,5.99,6.03,5.85,5.87,0.12,2.0443,526899.0,313830.0,1.9646,3.0312,0.71,26.1814,24.57,2.2808,2.346,2.3177,0.6678,0.6678,300415.0,268202.0,173826.0,1799490.0,1606530.0,48.829,7.04,4.7,0.0000,0.06237127490953763,2.573,0,29,120,2009-10-30
300026.SZ,2022-08-05,5.96,6.08,6.11,5.96,5.99,0.09,1.5025,586957.0,354586.0,2.1885,3.3767,0.81,26.5747,24.9391,2.315,2.3812,2.3526,0.6579,0.6579,300415.0,268202.0,173826.0,1826530.0,1630670.0,48.829,7.19,4.79,0.0000,0.06833785004489808,2.573,0,29,120,2009-10-30
300026.SZ,2022-08-08,6.2,6.32,6.47,6.15,6.08,0.24,3.9474,1312770.0,830906.0,4.8947,7.5522,1.87,27.6237,25.9236,2.4064,2.4752,2.4454,0.6329,0.6329,300415.0,268202.0,173826.0,1898630.0,1695030.0,48.829,7.3,4.86,0.0000,0.11167124111139141,2.573,0,29,120,2009-10-30
300026.SZ,2022-08-09,6.23,6.16,6.25,6.1,6.32,-0.16,-2.5316,679353.0,417790.0,2.533,3.9082,0.84,26.9244,25.2673,2.3455,2.4126,2.3835,0.6494,0.6494,300415.0,268202.0,173826.0,1850560.0,1652120.0,48.829,7.58,5.06,0.0000,-0.09143837108292706,2.573,0,29,120,2009-10-30
300026.SZ,2022-08-10,6.15,6.03,6.16,6.01,6.16,-0.13,-2.1104,506324.0,306600.0,1.8879,2.9128,0.67,26.3562,24.734,2.296,2.3616,2.3332,0.6633,0.6633,300415.0,268202.0,173826.0,1811510.0,1617260.0,48.829,7.39,4.93,0.0000,-0.23641105702371554,2.573,0,29,120,2009-10-30
300026.SZ,2022-08-11,6.06,6.14,6.15,6.05,6.03,0.11,1.8242,420824.0,256922.0,1.5691,2.421,0.58,26.837,25.1852,2.3379,2.4047,2.3758,0.6515,0.6515,300415.0,268202.0,173826.0,1844550.0,1646760.0,48.829,7.24,4.82,0.0000,0.14544160525434868,2.573,0,29,120,2009-10-30
300026.SZ,2022-08-12,6.09,6.14,6.17,6.07,6.14,0.0,0.0,364672.0,223281.0,1.3597,2.0979,0.52,26.837,25.1852,2.3379,2.4047,2.3758,0.6515,0.6515,300415.0,268202.0,173826.0,1844550.0,1646760.0,48.829,7.37,4.91,0.0000,-0.08029658215409498,2.573,0,29,120,2009-10-30
300026.SZ,2022-08-15,6.12,6.09,6.12,6.06,6.14,-0.05,-0.8143,303009.0,184480.0,1.1298,1.7432,0.46,26.6184,24.9801,2.3189,2.3851,2.3564,0.6568,0.6568,300415.0,268202.0,173826.0,1829530.0,1633350.0,48.829,7.37,4.91,0.0000,-0.004100532469810309,2.573,0,29,120,2009-10-30
300026.SZ,2022-08-16,6.1,6.12,6.2,6.09,6.09,0.03,0.4926,366020.0,224541.0,1.3647,2.1057,0.8,26.7496,25.1032,2.3303,2.3969,2.368,0.6536,0.6536,300415.0,268202.0,173826.0,1838540.0,1641390.0,48.829,7.31,4.87,0.0000,-0.06462565798970996,2.573,0,29,120,2009-10-30
300026.SZ,2022-08-17,6.15,6.07,6.15,6.02,6.12,-0.05,-0.817,410103.0,248642.0,1.5291,2.3593,1.05,26.531,24.8981,2.3112,2.3773,2.3487,0.659,0.659,300415.0,268202.0,173826.0,1823520.0,1627980.0,48.829,7.34,4.9,0.0000,-0.11942868027199185,2.573,0,29,120,2009-10-30
300026.SZ,2022-08-18,6.08,5.97,6.08,5.96,6.07,-0.1,-1.6474,446775.0,267814.0,1.6658,2.5702,1.2,26.0939,24.4879,2.2732,2.3381,2.31,0.67,0.67,300415.0,268202.0,173826.0,1793480.0,1601160.0,48.829,7.28,4.86,0.0000,-0.26747617134464396,2.573,0,29,120,2009-10-30
300026.SZ,2022-08-19,5.98,5.99,6.05,5.97,5.97,0.02,0.335,385297.0,231576.0,1.4366,2.2166,1.02,26.1814,24.57,2.2808,2.346,2.3177,0.6678,0.6678,300415.0,268202.0,173826.0,1799490.0,1606530.0,48.829,7.16,4.78,0.0000,-0.08310852825816183,2.573,0,29,120,2009-10-30
300026.SZ,2022-08-22,6.03,6.12,6.16,5.98,5.99,0.13,2.1703,602429.0,367273.0,2.2462,3.4657,1.58,26.7496,25.1032,2.3303,2.3969,2.368,0.6536,0.6536,300415.0,268202.0,173826.0,1838540.0,1641390.0,48.829,7.19,4.79,0.0000,0.08531093426841056,2.573,0,29,120,2009-10-30
300026.SZ,2022-08-23,6.08,6.01,6.11,5.98,6.12,-0.11,-1.7974,441114.0,264860.0,1.6447,2.5377,1.0,26.2688,24.652,2.2884,2.3538,2.3255,0.6656,0.6656,300415.0,268202.0,173826.0,1805500.0,1611890.0,48.829,7.34,4.9,0.0000,-0.07655715587538021,2.573,0,29,120,2009-10-30
300026.SZ,2022-08-24,5.99,5.86,6.04,5.86,6.01,-0.15,-2.4958,412759.0,244505.0,1.539,2.3746,0.9,25.6131,24.0367,2.2313,2.2951,2.2674,0.6826,0.6826,300415.0,268202.0,173826.0,1760430.0,1571660.0,48.829,7.21,4.81,0.0000,-0.14698513562328636,2.573,0,29,120,2009-10-30
300026.SZ,2022-08-25,5.87,5.92,5.94,5.75,5.86,0.06,1.0239,342679.0,200710.0,1.2777,1.9714,0.75,25.8754,24.2828,2.2541,2.3186,2.2907,0.6757,0.6757,300415.0,268202.0,173826.0,1778460.0,1587750.0,48.829,7.03,4.69,0.0000,0.045096075603071134,2.573,0,29,120,2009-10-30
300026.SZ,2022-08-26,5.93,5.87,6.0,5.85,5.92,-0.05,-0.8446,339291.0,201032.0,1.2651,1.9519,0.78,25.6569,24.0777,2.2351,2.299,2.2713,0.6814,0.6814,300415.0,268202.0,173826.0,1763440.0,1574340.0,48.829,7.1,4.74,0.0000,-0.11031972207475142,2.573,0,29,120,2009-10-30
300026.SZ,2022-08-29,5.78,5.89,5.91,5.75,5.87,0.02,0.3407,286805.0,167244.0,1.0694,1.65,0.67,25.7443,24.1598,2.2427,2.3068,2.2791,0.6791,0.6791,300415.0,268202.0,173826.0,1769450.0,1579710.0,48.829,7.04,4.7,0.0000,-0.24027070542617807,2.573,0,29,120,2009-10-30
300026.SZ,2022-08-30,5.82,5.67,5.92,5.6,5.89,-0.22,-3.7351,721926.0,412927.0,2.675,4.1015,1.98,24.7827,28.3106,2.1263,2.2207,2.2724,0.7055,0.7055,300415.0,269875.0,176017.0,1703360.0,1530190.0,48.829,7.07,4.71,0.0000,-0.27690203338331143,1.3501,0,29,120,2009-10-30
300026.SZ,2022-08-31,5.67,5.61,5.7,5.51,5.67,-0.06,-1.0582,521142.0,291521.0,1.9311,2.9608,1.24,24.5204,28.011,2.1038,2.1972,2.2483,0.713,0.713,300415.0,269875.0,176017.0,1685330.0,1514000.0,48.829,6.8,4.54,0.0000,-0.13400417246152874,1.3501,0,29,120,2009-10-30
300026.SZ,2022-09-01,5.59,5.74,5.83,5.56,5.61,0.13,2.3173,587596.0,337403.0,2.1773,3.3383,1.33,25.0886,28.6601,2.1525,2.2481,2.3004,0.6969,0.6969,300415.0,269875.0,176017.0,1724380.0,1549080.0,48.829,6.73,4.49,0.0000,0.11234354172641174,1.3501,0,29,120,2009-10-30
300026.SZ,2022-09-02,5.74,5.91,5.98,5.73,5.74,0.17,2.9617,666268.0,393376.0,2.4688,3.7853,1.36,25.8317,29.5089,2.2163,2.3146,2.3686,0.6768,0.6768,300415.0,269875.0,176017.0,1775460.0,1594960.0,48.829,6.89,4.59,0.0000,0.18383914634534002,1.3501,0,29,120,2009-10-30
300026.SZ,2022-09-05,5.95,5.79,5.99,5.75,5.91,-0.12,-2.0305,431674.0,251307.0,1.5995,2.4525,0.78,25.3072,28.9098,2.1713,2.2676,2.3205,0.6908,0.6908,300415.0,269875.0,176017.0,1739410.0,1562570.0,48.829,7.09,4.73,0.0000,-0.09689105439948559,1.3501,0,29,120,2009-10-30
300026.SZ,2022-09-06,5.83,5.85,5.86,5.73,5.79,0.06,1.0363,288443.0,167495.0,1.0688,1.6387,0.49,25.5694,29.2094,2.1938,2.2911,2.3445,0.6838,0.6838,300415.0,269875.0,176017.0,1757430.0,1578770.0,48.829,6.95,4.63,0.0000,0.03568962070614315,1.3501,0,29,120,2009-10-30
300026.SZ,2022-09-07,5.8,5.76,5.83,5.73,5.85,-0.09,-1.5385,354305.0,204541.0,1.3128,2.0129,0.71,25.1761,28.76,2.16,2.2559,2.3085,0.6944,0.6944,300415.0,269875.0,176017.0,1730390.0,1554480.0,48.829,7.02,4.68,0.0000,0.00033449074434927336,1.3501,0,29,120,2009-10-30
300026.SZ,2022-09-08,5.75,5.6,5.76,5.58,5.76,-0.16,-2.7778,528836.0,298527.0,1.9596,3.0045,1.14,24.4767,27.9611,2.1,2.1932,2.2443,0.7143,0.7143,300415.0,269875.0,176017.0,1682330.0,1511300.0,48.829,6.91,4.61,0.0000,-0.3131134097380374,1.3501,0,29,120,2009-10-30
300026.SZ,2022-09-09,5.6,5.68,5.73,5.59,5.6,0.08,1.4286,304833.0,173235.0,1.1295,1.7318,0.67,24.8264,28.3605,2.13,2.2246,2.2764,0.7042,0.7042,300415.0,269875.0,176017.0,1706360.0,1532890.0,48.829,6.72,4.48,0.0000,0.004510862490668158,1.3501,0,29,120,2009-10-30
300026.SZ,2022-09-13,5.66,5.74,5.87,5.65,5.68,0.06,1.0563,505518.0,292177.0,1.8732,2.872,1.32,25.0886,28.6601,2.1525,2.2481,2.3004,0.6969,0.6969,300415.0,269875.0,176017.0,1724380.0,1549080.0,48.829,6.82,4.54,0.0000,0.043782318953638606,1.3501,0,29,120,2009-10-30
300026.SZ,2022-09-14,5.62,5.61,5.64,5.53,5.74,-0.13,-2.2648,368390.0,205955.0,1.365,2.0929,0.93,24.5204,28.011,2.1038,2.1972,2.2483,0.713,0.713,300415.0,269875.0,176017.0,1685330.0,1514000.0,48.829,6.89,4.59,0.0000,-0.23120445872762752,1.3501,0,29,120,2009-10-30
300026.SZ,2022-09-15,5.65,5.45,5.67,5.41,5.61,-0.16,-2.852,531066.0,291998.0,1.9678,3.0171,1.29,23.8211,27.2121,2.0438,2.1345,2.1842,0.7339,0.7339,300415.0,269875.0,176017.0,1637260.0,1470820.0,48.829,6.73,4.49,0.0000,-0.24174149802646624,1.3501,0,29,120,2009-10-30
300026.SZ,2022-09-16,5.42,5.17,5.45,5.16,5.45,-0.28,-5.1376,480154.0,253597.0,1.7792,2.7279,1.07,22.5973,25.8141,1.9388,2.0248,2.072,0.7737,0.7737,300415.0,269875.0,176017.0,1553150.0,1395250.0,48.829,6.54,4.36,0.0000,-0.2677099889440339,1.3501,0,29,120,2009-10-30
300026.SZ,2022-09-19,5.16,5.17,5.24,5.1,5.17,0.0,0.0,284890.0,147493.0,1.0556,1.6185,0.65,22.5973,25.8141,1.9388,2.0248,2.072,0.7737,0.7737,300415.0,269875.0,176017.0,1553150.0,1395250.0,48.829,6.2,4.14,0.0000,0.015739268247528637,1.3501,0,29,120,2009-10-30
300026.SZ,2022-09-20,5.18,5.21,5.27,5.17,5.17,0.04,0.7737,280567.0,146417.0,1.0396,1.594,0.65,22.7721,26.0138,1.9538,2.0405,2.088,0.7678,0.7678,300415.0,269875.0,176017.0,1565160.0,1406050.0,48.829,6.2,4.14,0.0000,-0.141032376151662,1.3501,0,29,120,2009-10-30
300026.SZ,2022-09-21,5.17,5.21,5.25,5.08,5.21,0.0,0.0,286451.0,148249.0,1.0614,1.6274,0.74,22.7721,26.0138,1.9538,2.0405,2.088,0.7678,0.7678,300415.0,269875.0,176017.0,1565160.0,1406050.0,48.829,6.25,4.17,0.0000,-0.18024593857734283,1.3501,0,29,120,2009-10-30
300026.SZ,2022-09-22,5.16,5.11,5.24,5.1,5.21,-0.1,-1.9194,322704.0,166251.0,1.1958,1.8334,0.87,22.335,25.5145,1.9163,2.0013,2.048,0.7828,0.7828,300415.0,269875.0,176017.0,1535120.0,1379060.0,48.829,6.25,4.17,0.0000,-0.08336064774198972,1.3501,0,29,120,2009-10-30
300026.SZ,2022-09-23,5.1,5.01,5.13,4.96,5.11,-0.1,-1.9569,347404.0,175037.0,1.2873,1.9737,1.05,21.8979,25.0152,1.8788,1.9622,2.0079,0.7984,0.7984,300415.0,269875.0,176017.0,1505080.0,1352070.0,48.829,6.13,4.09,0.0000,-0.2429115994315678,1.3501,0,29,120,2009-10-30
300026.SZ,2022-09-26,5.0,4.88,5.03,4.87,5.01,-0.13,-2.5948,453648.0,224499.0,1.681,2.5773,1.49,21.3297,24.3661,1.83,1.9112,1.9558,0.8197,0.8197,300415.0,269875.0,176017.0,1466030.0,1316990.0,48.829,6.01,4.01,0.0000,-0.2274412196181407,1.3501,0,29,120,2009-10-30
300026.SZ,2022-09-27,4.92,5.21,5.22,4.91,4.88,0.33,6.7623,900797.0,458873.0,3.3378,5.1177,2.66,22.7721,26.0138,1.9538,2.0405,2.088,0.7678,0.7678,300415.0,269875.0,176017.0,1565160.0,1406050.0,48.829,5.86,3.9,0.0000,0.04973653761780524,1.3501,0,29,120,2009-10-30
300026.SZ,2022-09-28,5.15,5.08,5.26,5.08,5.21,-0.13,-2.4952,426846.0,220583.0,1.5816,2.425,0.92,22.2039,25.3647,1.905,1.9896,2.0359,0.7874,0.7874,300415.0,269875.0,176017.0,1526110.0,1370960.0,48.829,6.25,4.17,0.0000,-0.18474162826868157,1.3501,0,29,120,2009-10-30
300026.SZ,2022-09-29,5.11,5.02,5.2,5.0,5.08,-0.06,-1.1811,441725.0,225562.0,1.6368,2.5096,0.9,21.9416,25.0651,1.8825,1.9661,2.0119,0.7968,0.7968,300415.0,269875.0,176017.0,1508090.0,1354770.0,48.829,6.1,4.06,0.0000,-0.05456255197869657,1.3501,0,29,120,2009-10-30
300026.SZ,2022-09-30,5.02,5.26,5.35,5.01,5.02,0.24,4.7809,964571.0,504892.0,3.5741,5.48,1.88,22.9906,26.2635,1.9725,2.0601,2.1081,0.7605,0.7605,300415.0,269875.0,176017.0,1580190.0,1419540.0,48.829,6.02,4.02,0.0000,0.2113156759472133,1.3501,0,29,120,2009-10-30
300026.SZ,2022-10-10,5.26,5.19,5.36,5.17,5.26,-0.07,-1.3308,625548.0,328051.0,2.3179,3.5539,0.98,22.6847,25.9139,1.9463,2.0327,2.08,0.7707,0.7707,300415.0,269875.0,176017.0,1559160.0,1400650.0,48.829,6.31,4.21,0.0000,-0.09734312565588901,1.3501,0,29,120,2009-10-30
300026.SZ,2022-10-11,5.18,5.06,5.19,4.9,5.19,-0.13,-2.5048,558352.0,280151.0,2.0689,3.1721,0.83,22.1165,25.2648,1.8975,1.9817,2.0279,0.7905,0.7905,300415.0,269875.0,176017.0,1520100.0,1365570.0,48.829,6.23,4.15,0.0000,-0.16297795664493883,1.3501,0,29,120,2009-10-30
300026.SZ,2022-10-12,5.06,5.18,5.19,4.96,5.06,0.12,2.3715,511759.0,259006.0,1.8963,2.9074,0.85,22.641,25.864,1.9425,2.0287,2.076,0.7722,0.7722,300415.0,269875.0,176017.0,1556150.0,1397950.0,48.829,6.07,4.05,0.0000,0.04572105827340004,1.3501,0,29,120,2009-10-30
300026.SZ,2022-10-13,5.15,5.28,5.39,5.12,5.18,0.1,1.9305,783654.0,414744.0,2.9038,4.4522,1.26,23.0781,26.3633,1.98,2.0679,2.1161,0.7576,0.7576,300415.0,269875.0,176017.0,1586190.0,1424940.0,48.829,6.22,4.14,0.0000,0.041986936979305764,1.3501,0,29,120,2009-10-30
300026.SZ,2022-10-14,5.28,5.7,5.79,5.28,5.28,0.42,7.9545,1399790.0,786158.0,5.1868,7.9526,2.03,24.9138,28.4604,2.1375,2.2324,2.2844,0.7018,0.7018,300415.0,269875.0,176017.0,1712370.0,1538290.0,48.829,6.34,4.22,0.0000,0.1454496798822629,1.3501,0,29,120,2009-10-30
300026.SZ,2022-10-17,5.7,5.71,5.94,5.67,5.7,0.01,0.1754,1146010.0,663914.0,4.2465,6.5108,1.48,24.9575,28.5103,2.1413,2.2363,2.2884,0.7005,0.7005,300415.0,269875.0,176017.0,1715370.0,1540980.0,48.829,6.84,4.56,0.0000,-0.05970258120980203,1.3501,0,29,120,2009-10-30
300026.SZ,2022-10-18,5.72,6.17,6.33,5.61,5.71,0.46,8.056,2063880.0,1243010.0,7.6475,11.7255,2.35,26.9681,30.8071,2.3138,2.4165,2.4728,0.6483,0.6483,300415.0,269875.0,176017.0,1853560.0,1665130.0,48.829,6.85,4.57,0.0000,0.04697020401258564,1.3501,0,29,120,2009-10-30
300026.SZ,2022-10-19,6.1,6.12,6.3,6.02,6.17,-0.05,-0.8104,1361860.0,836344.0,5.0463,7.7371,1.15,26.7496,30.5575,2.295,2.3969,2.4527,0.6536,0.6536,300415.0,269875.0,176017.0,1838540.0,1651630.0,48.829,7.4,4.94,0.0000,-0.03769579571351089,1.3501,0,29,120,2009-10-30
300026.SZ,2022-10-20,6.05,6.1,6.24,6.03,6.12,-0.02,-0.3268,1097810.0,675773.0,4.0679,6.237,0.81,26.6621,30.4576,2.2875,2.3891,2.4447,0.6557,0.6557,300415.0,269875.0,176017.0,1832530.0,1646240.0,48.829,7.34,4.9,0.0000,-0.03637226363070077,1.3501,0,29,120,2009-10-30
300026.SZ,2022-10-21,6.03,6.1,6.2,5.96,6.1,0.0,0.0,966298.0,587728.0,3.5805,5.4898,0.68,26.6621,30.4576,2.2875,2.3891,2.4447,0.6557,0.6557,300415.0,269875.0,176017.0,1832530.0,1646240.0,48.829,7.32,4.88,0.0000,-0.18073193945263033,1.3501,0,29,120,2009-10-30
300026.SZ,2022-10-24,6.17,6.31,6.6,6.17,6.1,0.21,3.4426,1447710.0,924358.0,5.3644,8.2248,1.09,27.58,31.5062,2.3663,2.4713,2.5289,0.6339,0.6339,300415.0,269875.0,176017.0,1895620.0,1702910.0,48.829,7.32,4.88,0.0000,0.1315743949881992,1.3501,0,29,120,2009-10-30
300026.SZ,2022-10-25,6.11,6.09,6.22,5.97,6.31,-0.22,-3.4865,1005510.0,613910.0,3.7258,5.7004,0.72,26.6184,35.1343,2.2466,2.3851,2.5825,0.6568,0.6568,300415.0,269875.0,176392.0,1829530.0,1643540.0,48.829,7.57,5.05,0.0000,-0.23027528757396365,1.2204,0,29,120,2009-10-30
300026.SZ,2022-10-26,6.1,6.54,6.78,6.08,6.09,0.45,7.3892,1569240.0,1022040.0,5.8147,8.8963,1.33,28.5853,37.7304,2.4126,2.5614,2.7733,0.6116,0.6116,300415.0,269875.0,176392.0,1964720.0,1764980.0,48.829,7.31,4.87,0.0000,0.1645251744337323,1.2204,0,29,120,2009-10-30
300026.SZ,2022-10-27,6.5,7.09,7.2,6.45,6.54,0.55,8.4098,2067100.0,1422670.0,7.6595,11.7188,1.7,30.9893,40.9035,2.6155,2.7768,3.0066,0.5642,0.5642,300415.0,269875.0,176392.0,2129950.0,1913410.0,48.829,7.85,5.23,0.0000,0.11389023737483771,1.2204,0,29,120,2009-10-30
300026.SZ,2022-10-28,6.89,6.75,7.08,6.67,7.09,-0.34,-4.7955,1466660.0,1010280.0,5.4346,8.3148,1.04,29.5032,38.942,2.4901,2.6436,2.8624,0.5926,0.5926,300415.0,269875.0,176392.0,2027800.0,1821650.0,48.829,8.51,5.67,0.0000,-0.03926777355618264,1.2204,0,29,120,2009-10-30
300026.SZ,2022-10-31,6.8,7.08,7.24,6.54,6.75,0.33,4.8889,1497300.0,1035960.0,5.5481,8.4684,0.99,30.9456,40.8458,2.6118,2.7729,3.0023,0.565,0.565,300415.0,269875.0,176811.0,2126940.0,1910710.0,48.829,8.1,5.4,0.0000,0.04447672337564946,1.2204,0,29,120,2009-10-30
300026.SZ,2022-11-01,7.06,7.05,7.38,6.83,7.08,-0.03,-0.4237,1135590.0,803467.0,4.2078,6.4226,0.75,30.8144,40.6727,2.6007,2.7611,2.9896,0.5674,0.5674,300415.0,269875.0,176811.0,2117930.0,1902620.0,48.829,8.5,5.66,0.0000,-0.08796574776576833,1.2204,0,29,120,2009-10-30
300026.SZ,2022-11-02,6.9,6.8,7.39,6.72,7.05,-0.25,-3.5461,1877500.0,1338130.0,6.9569,10.6187,1.21,29.7217,39.2304,2.5085,2.6632,2.8836,0.5882,0.5882,300415.0,269875.0,176811.0,2042830.0,1835150.0,48.829,8.46,5.64,0.0000,0.02327298021979919,1.2204,0,29,120,2009-10-30
300026.SZ,2022-11-03,6.5,6.61,6.76,6.4,6.8,-0.19,-2.7941,1515750.0,998658.0,5.6165,8.5727,0.94,28.8913,38.1343,2.4384,2.5888,2.803,0.6051,0.6051,300415.0,269875.0,176811.0,1985750.0,1783870.0,48.829,8.16,5.44,0.0000,-0.17942261553526123,1.2204,0,29,120,2009-10-30
300026.SZ,2022-11-04,6.57,6.68,6.78,6.53,6.61,0.07,1.059,987345.0,657647.0,3.6585,5.5842,0.66,29.1972,38.5381,2.4642,2.6162,2.8327,0.5988,0.5988,300415.0,269875.0,176811.0,2006780.0,1802760.0,48.829,7.93,5.29,0.0000,-0.03721634969290483,1.2204,0,29,120,2009-10-30
300026.SZ,2022-11-07,6.75,6.51,6.79,6.44,6.68,-0.17,-2.5449,916362.0,602501.0,3.3955,5.1827,0.65,28.4542,37.5574,2.4015,2.5496,2.7606,0.6144,0.6144,300415.0,269875.0,176811.0,1955700.0,1756880.0,48.829,8.02,5.34,0.0000,-0.22698717003226412,1.2204,0,29,120,2009-10-30
300026.SZ,2022-11-08,6.57,6.58,6.64,6.33,6.51,0.07,1.0753,752408.0,489392.0,2.788,4.2554,0.58,28.7602,37.9612,2.4274,2.5771,2.7903,0.6079,0.6079,300415.0,269875.0,176811.0,1976730.0,1775770.0,48.829,7.81,5.21,0.0000,0.03842257194899332,1.2204,0,29,120,2009-10-30
300026.SZ,2022-11-09,6.58,6.99,7.06,6.54,6.58,0.41,6.231,1534580.0,1056260.0,5.6863,8.6792,1.27,30.5522,40.3266,2.5786,2.7376,2.9642,0.5722,0.5722,300415.0,269875.0,176811.0,2099900.0,1886420.0,48.829,7.9,5.26,0.0000,0.12805256965000367,1.2204,0,29,120,2009-10-30
300026.SZ,2022-11-10,6.98,6.86,7.1,6.83,6.99,-0.13,-1.8598,1056270.0,734715.0,3.9139,5.974,0.93,29.984,39.5766,2.5306,2.6867,2.909,0.5831,0.5831,300415.0,269875.0,176811.0,2060850.0,1851340.0,48.829,8.39,5.59,0.0000,-0.03111001159486969,1.2204,0,29,120,2009-10-30
300026.SZ,2022-11-11,6.93,6.58,7.2,6.56,6.86,-0.28,-4.0816,1635540.0,1127890.0,6.0604,9.2502,1.56,28.7602,37.9612,2.4274,2.5771,2.7903,0.6079,0.6079,300415.0,269875.0,176811.0,1976730.0,1775770.0,48.829,8.23,5.49,0.0000,-0.11365983570969918,1.2204,0,29,120,2009-10-30
300026.SZ,2022-11-14,6.46,7.06,7.06,6.45,6.58,0.48,7.2948,1659250.0,1149110.0,6.1482,9.3843,1.41,30.8582,40.7304,2.6044,2.765,2.9938,0.5666,0.5666,300415.0,269875.0,176811.0,2120930.0,1905310.0,48.829,7.9,5.26,0.0000,0.06054034540568108,1.2204,0,29,120,2009-10-30
300026.SZ,2022-11-15,7.0,7.1,7.12,6.77,7.06,0.04,0.5666,1368260.0,951232.0,5.07,7.7385,1.03,31.033,40.9612,2.6192,2.7807,3.0108,0.5634,0.5634,300415.0,269875.0,176811.0,2132950.0,1916110.0,48.829,8.47,5.65,0.0000,0.02240754515856933,1.2204,0,29,120,2009-10-30
300026.SZ,2022-11-16,7.0,6.9,7.11,6.82,7.1,-0.2,-2.8169,909482.0,632652.0,3.37,5.1438,0.63,30.1588,39.8073,2.5454,2.7024,2.926,0.5797,0.5797,300415.0,269875.0,176811.0,2072870.0,1862130.0,48.829,8.52,5.68,0.0000,-0.03572297732962818,1.2204,0,29,120,2009-10-30
300026.SZ,2022-11-17,6.88,7.06,7.25,6.83,6.9,0.16,2.3188,1086920.0,770989.0,4.0275,6.1473,0.82,30.8582,40.7304,2.6044,2.765,2.9938,0.5666,0.5666,300415.0,269875.0,176811.0,2120930.0,1905310.0,48.829,8.28,5.52,0.0000,0.07790061284790875,1.2204,0,29,120,2009-10-30
300026.SZ,2022-11-18,6.95,7.26,7.47,6.92,7.06,0.2,2.8329,1635400.0,1183500.0,6.0599,9.2494,1.23,31.7323,41.8842,2.6782,2.8434,3.0787,0.551,0.551,300415.0,269875.0,176811.0,2181020.0,1959290.0,48.829,8.47,5.65,0.0000,0.08324871338126971,1.2204,0,29,120,2009-10-30
300026.SZ,2022-11-21,7.15,7.21,7.29,6.99,7.26,-0.05,-0.6887,1133100.0,811081.0,4.1986,6.4085,0.85,31.5138,41.5958,2.6598,2.8238,3.0575,0.5548,0.5548,300415.0,269875.0,176811.0,2166000.0,1945800.0,48.829,8.71,5.81,0.0000,-0.0915010769160985,1.2204,0,29,120,2009-10-30
300026.SZ,2022-11-22,7.37,6.88,7.57,6.82,7.21,-0.33,-4.577,1539420.0,1102020.0,5.7042,8.7066,1.26,30.0714,39.692,2.538,2.6945,2.9175,0.5814,0.5814,300415.0,269875.0,176811.0,2066860.0,1856740.0,48.829,8.65,5.77,0.0000,-0.042126657410046404,1.2204,0,29,120,2009-10-30
300026.SZ,2022-11-23,6.8,6.48,6.87,6.3,6.88,-0.4,-5.814,1111480.0,720529.0,4.1185,6.2862,0.88,28.3231,37.3843,2.3905,2.5379,2.7479,0.6173,0.6173,300415.0,269875.0,176811.0,1946690.0,1748790.0,48.829,8.26,5.5,0.0000,-0.15260711999677362,1.2204,0,29,120,2009-10-30
300026.SZ,2022-11-24,6.47,6.73,6.79,6.47,6.48,0.25,3.858,955427.0,638130.0,3.5403,5.4037,0.73,29.4158,38.8266,2.4827,2.6358,2.8539,0.5944,0.5944,300415.0,269875.0,176811.0,2021800.0,1816260.0,48.829,7.78,5.18,0.0000,0.05922508871692988,1.2204,0,29,120,2009-10-30
300026.SZ,2022-11-25,6.74,6.64,6.83,6.41,6.73,-0.09,-1.3373,735372.0,483748.0,2.7249,4.1591,0.58,29.0224,38.3074,2.4495,2.6006,2.8157,0.6024,0.6024,300415.0,269875.0,176811.0,1994760.0,1791970.0,48.829,8.08,5.38,0.0000,-0.05960010068261427,1.2204,0,29,120,2009-10-30
300026.SZ,2022-11-28,6.54,6.56,6.75,6.46,6.64,-0.08,-1.2048,690157.0,455197.0,2.5573,3.9034,0.63,28.6727,37.8458,2.42,2.5692,2.7818,0.6098,0.6098,300415.0,269875.0,176811.0,1970730.0,1770380.0,48.829,7.97,5.31,0.0000,-0.07066114849388751,1.2204,0,29,120,2009-10-30
300026.SZ,2022-11-29,6.41,6.69,6.78,6.4,6.56,0.13,1.9817,871805.0,583554.0,3.2304,4.9307,0.87,29.2409,38.5958,2.4679,2.6201,2.8369,0.5979,0.5979,300415.0,269875.0,176811.0,2009780.0,1805460.0,48.829,7.87,5.25,0.0000,0.08459107786148723,1.2204,0,29,120,2009-10-30
300026.SZ,2022-11-30,6.66,6.64,6.77,6.54,6.69,-0.05,-0.7474,737068.0,489566.0,2.7311,4.1687,0.84,29.0224,38.3074,2.4495,2.6006,2.8157,0.6024,0.6024,300415.0,269875.0,176811.0,1994760.0,1791970.0,48.829,8.03,5.35,0.0000,-0.15054403389983345,1.2204,0,29,120,2009-10-30
300026.SZ,2022-12-01,6.72,6.37,6.75,6.33,6.64,-0.27,-4.0663,1151090.0,740108.0,4.2653,6.4964,1.44,27.8423,36.7497,2.3499,2.4948,2.7012,0.6279,0.6279,300415.0,269875.0,177188.0,1913650.0,1719100.0,48.829,7.97,5.31,0.0000,-0.2794441965717204,1.2204,0,29,120,2009-10-30
300026.SZ,2022-12-02,6.32,6.37,6.48,6.32,6.37,0.0,0.0,567524.0,362283.0,2.1029,3.2029,0.68,27.8423,36.7497,2.3499,2.4948,2.7012,0.6279,0.6279,300415.0,269875.0,177188.0,1913650.0,1719100.0,48.829,7.64,5.1,0.0000,-0.10559729547074562,1.2204,0,29,120,2009-10-30
300026.SZ,2022-12-05,6.42,6.46,6.61,6.41,6.37,0.09,1.4129,877528.0,570466.0,3.2516,4.9525,1.09,28.2357,37.2689,2.3831,2.5301,2.7394,0.6192,0.6192,300415.0,269875.0,177188.0,1940680.0,1743390.0,48.829,7.64,5.1,0.0000,0.06699527561519175,1.2204,0,29,120,2009-10-30
300026.SZ,2022-12-06,6.43,6.32,6.65,6.3,6.46,-0.14,-2.1672,983480.0,632901.0,3.6442,5.5505,1.17,27.6237,36.4612,2.3314,2.4752,2.68,0.6329,0.6329,300415.0,269875.0,177188.0,1898630.0,1705610.0,48.829,7.75,5.17,0.0000,-0.18622296871738347,1.2204,0,29,120,2009-10-30
300026.SZ,2022-12-07,6.27,6.65,6.65,6.15,6.32,0.33,5.2215,1544850.0,1000990.0,5.7243,8.7187,1.79,29.0661,38.365,2.4532,2.6045,2.82,0.6015,0.6015,300415.0,269875.0,177188.0,1997760.0,1794670.0,48.829,7.58,5.06,0.0000,0.14307565153699175,1.2204,0,29,120,2009-10-30
300026.SZ,2022-12-08,6.58,6.57,6.7,6.45,6.65,-0.08,-1.203,1231110.0,809909.0,4.5618,6.948,1.2,28.7164,37.9035,2.4237,2.5731,2.7861,0.6088,0.6088,300415.0,269875.0,177188.0,1973730.0,1773080.0,48.829,7.98,5.32,0.0000,-0.0858909912122361,1.2204,0,29,120,2009-10-30
300026.SZ,2022-12-09,6.52,6.84,7.03,6.45,6.57,0.27,4.1096,1731380.0,1178130.0,6.4155,9.7714,1.66,29.8966,39.4612,2.5233,2.6789,2.9006,0.5848,0.5848,300415.0,269875.0,177188.0,2054840.0,1845940.0,48.829,7.88,5.26,0.0000,0.06737716937705551,1.2204,0,29,120,2009-10-30
300026.SZ,2022-12-12,6.89,7.26,7.35,6.83,6.84,0.42,6.1404,2074650.0,1481570.0,7.6875,11.7087,1.63,31.7323,41.8842,2.6782,2.8434,3.0787,0.551,0.551,300415.0,269875.0,177188.0,2181020.0,1959290.0,48.829,8.21,5.47,0.0000,0.020259528072347478,1.2204,0,29,120,2009-10-30
300026.SZ,2022-12-13,7.22,7.35,7.46,7.03,7.26,0.09,1.2397,1678890.0,1206600.0,6.221,9.4132,1.11,32.1257,42.4035,2.7114,2.8786,3.1168,0.5442,0.5442,300415.0,269875.0,178355.0,2208050.0,1983580.0,48.829,8.71,5.81,0.0000,0.01956906594221368,1.2204,0,29,120,2009-10-30
300026.SZ,2022-12-14,7.26,6.73,7.27,6.66,7.35,-0.62,-8.4354,1592910.0,1094700.0,5.9024,8.9312,0.96,29.4158,38.8266,2.4827,2.6358,2.8539,0.5944,0.5944,300415.0,269875.0,178355.0,2021800.0,1816260.0,48.829,8.82,5.88,0.0000,-0.1841905312005062,1.2204,0,29,120,2009-10-30
300026.SZ,2022-12-15,6.67,6.63,6.83,6.57,6.73,-0.1,-1.4859,851974.0,569266.0,3.1569,4.7768,0.51,28.9787,38.2497,2.4458,2.5966,2.8115,0.6033,0.6033,300415.0,269875.0,178355.0,1991750.0,1789270.0,48.829,8.08,5.38,0.0000,-0.13718828920816475,1.2204,0,29,120,2009-10-30
300026.SZ,2022-12-16,6.63,6.77,6.93,6.61,6.63,0.14,2.1116,1226630.0,832374.0,4.5452,6.8775,0.77,29.5906,39.0573,2.4974,2.6515,2.8709,0.5908,0.5908,300415.0,269875.0,178355.0,2033810.0,1827050.0,48.829,7.96,5.3,0.0000,-0.04222953187734756,1.2204,0,29,120,2009-10-30
300026.SZ,2022-12-19,6.78,6.0,6.78,5.96,6.77,-0.77,-11.3737,1631600.0,1016560.0,6.0458,9.1481,1.1,26.2251,34.6151,2.2134,2.3499,2.5443,0.6667,0.6667,300415.0,269875.0,178355.0,1802490.0,1619250.0,48.829,8.12,5.42,0.0000,-0.28999480990941967,1.2204,0,29,120,2009-10-30
300026.SZ,2022-12-20,6.0,5.81,6.07,5.8,6.0,-0.19,-3.1667,860881.0,504772.0,3.1899,4.8268,0.62,25.3946,33.5189,2.1433,2.2755,2.4638,0.6885,0.6885,300415.0,269875.0,178355.0,1745410.0,1567970.0,48.829,7.2,4.8,0.0000,-0.10693706505744402,1.2204,0,29,120,2009-10-30
300026.SZ,2022-12-21,5.82,5.81,5.96,5.69,5.81,0.0,0.0,676412.0,393591.0,2.5064,3.7925,0.55,25.3946,33.5189,2.1433,2.2755,2.4638,0.6885,0.6885,300415.0,269875.0,178355.0,1745410.0,1567970.0,48.829,6.97,4.65,0.0000,-0.03827358872078204,1.2204,0,29,120,2009-10-30
300026.SZ,2022-12-22,5.82,5.61,5.86,5.56,5.81,-0.2,-3.4423,681360.0,386829.0,2.5247,3.8202,0.65,24.5204,32.3651,2.0695,2.1972,2.379,0.713,0.713,300415.0,269875.0,178355.0,1685330.0,1514000.0,48.829,6.97,4.65,0.0000,-0.1338851320153029,1.2204,0,29,120,2009-10-30
300026.SZ,2022-12-23,5.61,5.61,5.71,5.56,5.61,0.0,0.0,448893.0,253334.0,1.6633,2.5169,0.44,24.5204,32.3651,2.0695,2.1972,2.379,0.713,0.713,300415.0,269875.0,178355.0,1685330.0,1514000.0,48.829,6.73,4.49,0.0000,-0.09037027286035991,1.2204,0,29,120,2009-10-30
300026.SZ,2022-12-26,5.68,5.65,5.75,5.61,5.61,0.04,0.713,521312.0,296304.0,1.9317,2.9229,0.61,24.6953,32.5959,2.0843,2.2128,2.3959,0.708,0.708,300415.0,269875.0,178355.0,1697350.0,1524790.0,48.829,6.73,4.49,0.0000,0.007099455524668455,1.2204,0,29,120,2009-10-30
300026.SZ,2022-12-27,5.66,5.53,5.67,5.35,5.65,-0.12,-2.1239,750833.0,409747.0,2.7822,4.2098,1.18,24.1708,31.9036,2.04,2.1658,2.345,0.7233,0.7233,300415.0,269875.0,178355.0,1661300.0,1492410.0,48.829,6.78,4.52,0.0000,-0.03789148594923891,1.2204,0,29,120,2009-10-30
300026.SZ,2022-12-28,5.5,5.83,5.87,5.48,5.53,0.3,5.425,1255390.0,718376.0,4.6518,7.0387,2.04,25.482,33.6343,2.1507,2.2833,2.4723,0.6861,0.6861,300415.0,269875.0,178355.0,1751420.0,1573370.0,48.829,6.64,4.42,0.0000,0.06716175340721396,1.2204,0,29,120,2009-10-30
300026.SZ,2022-12-29,5.7,5.76,5.93,5.69,5.83,-0.07,-1.2007,897179.0,520172.0,3.3244,5.0303,1.23,25.1761,33.2305,2.1249,2.2559,2.4426,0.6944,0.6944,300415.0,269875.0,178355.0,1730390.0,1554480.0,48.829,7.0,4.66,0.0000,-0.007065234691671979,1.2204,0,29,120,2009-10-30
300026.SZ,2022-12-30,5.79,5.68,5.83,5.66,5.76,-0.08,-1.3889,532878.0,304303.0,1.9745,2.9877,0.69,24.8264,32.7689,2.0953,2.2246,2.4086,0.7042,0.7042,300415.0,269875.0,178355.0,1706360.0,1532890.0,48.829,6.91,4.61,0.0000,-0.15599026902691882,1.2204,0,29,120,2009-10-30
300026.SZ,2023-01-03,5.72,5.95,6.01,5.72,5.68,0.27,4.7535,822959.0,486612.0,3.0494,4.6142,1.04,26.0065,34.3266,2.195,2.3303,2.5231,0.6723,0.6723,300415.0,269875.0,178355.0,1787470.0,1605750.0,48.829,6.82,4.54,0.0000,0.20284718450282113,1.2204,0,29,120,2009-10-30
300026.SZ,2023-01-04,5.99,5.95,6.03,5.86,5.95,0.0,0.0,581983.0,344926.0,2.1565,3.2631,0.68,26.0065,34.3266,2.195,2.3303,2.5231,0.6723,0.6723,300415.0,269875.0,178355.0,1787470.0,1605750.0,48.829,7.14,4.76,0.0000,0.01018203713951272,1.2204,0,29,120,2009-10-30
300026.SZ,2023-01-05,5.95,5.9,5.97,5.8,5.95,-0.05,-0.8403,438071.0,258316.0,1.6232,2.4562,0.54,25.788,34.0382,2.1765,2.3107,2.5019,0.678,0.678,300415.0,269875.0,178355.0,1772450.0,1592260.0,48.829,7.14,4.76,0.0000,0.015189632383372759,1.2204,0,29,120,2009-10-30
300026.SZ,2023-01-06,5.91,5.85,5.93,5.81,5.9,-0.05,-0.8475,391030.0,229297.0,1.4489,2.1924,0.6,25.5694,33.7497,2.1581,2.2911,2.4807,0.6838,0.6838,300415.0,269875.0,178355.0,1757430.0,1578770.0,48.829,7.08,4.72,0.0000,-0.20371652257428335,1.2204,0,29,120,2009-10-30
300026.SZ,2023-01-09,5.9,5.92,5.96,5.85,5.85,0.07,1.1966,433652.0,256259.0,1.6069,2.4314,0.78,25.8754,34.1535,2.1839,2.3186,2.5104,0.6757,0.6757,300415.0,269875.0,178355.0,1778460.0,1597660.0,48.829,7.02,4.68,0.0000,0.08248476365287638,1.2204,0,29,120,2009-10-30
300026.SZ,2023-01-10,5.92,5.86,5.96,5.85,5.92,-0.06,-1.0135,318336.0,187562.0,1.1796,1.7848,0.6,25.6131,33.8074,2.1617,2.2951,2.485,0.6826,0.6826,300415.0,269875.0,178355.0,1760430.0,1581470.0,48.829,7.1,4.74,0.0000,-0.18705200922963966,1.2204,0,29,120,2009-10-30
300026.SZ,2023-01-11,5.85,5.75,5.88,5.74,5.86,-0.11,-1.8771,377468.0,218932.0,1.3987,2.1164,0.87,25.1324,33.1728,2.1212,2.252,2.4383,0.6957,0.6957,300415.0,269875.0,178355.0,1727390.0,1551780.0,48.829,7.03,4.69,0.0000,-0.15745559048632277,1.2204,0,29,120,2009-10-30
300026.SZ,2023-01-12,5.72,5.7,5.78,5.66,5.75,-0.05,-0.8696,342638.0,195753.0,1.2696,1.9211,0.87,24.9138,32.8843,2.1027,2.2324,2.4171,0.7018,0.7018,300415.0,269875.0,178355.0,1712370.0,1538290.0,48.829,6.9,4.6,0.0000,-0.05697764238660083,1.2204,0,29,120,2009-10-30
300026.SZ,2023-01-13,5.72,5.77,5.83,5.67,5.7,0.07,1.2281,254733.0,146613.0,0.9439,1.4282,0.68,25.2198,33.2882,2.1285,2.2598,2.4468,0.6932,0.6932,300415.0,269875.0,178355.0,1733400.0,1557180.0,48.829,6.84,4.56,0.0000,0.03159026184479727,1.2204,0,29,120,2009-10-30
300026.SZ,2023-01-16,5.84,5.96,6.07,5.8,5.77,0.19,3.2929,772949.0,462667.0,2.8641,4.3338,2.24,26.0502,34.3843,2.1986,2.3342,2.5274,0.6711,0.6711,300415.0,269875.0,178355.0,1790480.0,1608450.0,48.829,6.92,4.62,0.0000,-0.018287071671113226,1.2204,0,29,120,2009-10-30
300026.SZ,2023-01-17,5.93,5.98,6.0,5.91,5.96,0.02,0.3356,427730.0,255082.0,1.5849,2.3982,1.04,26.1376,34.4997,2.206,2.3421,2.5359,0.6689,0.6689,300415.0,269875.0,178355.0,1796480.0,1613850.0,48.829,7.15,4.77,0.0000,-0.009820465334555478,1.2204,0,29,120,2009-10-30
300026.SZ,2023-01-18,5.99,5.91,6.0,5.9,5.98,-0.07,-1.1706,269459.0,159879.0,0.9985,1.5108,0.62,25.8317,34.0959,2.1802,2.3146,2.5062,0.6768,0.6768,300415.0,269875.0,178355.0,1775460.0,1594960.0,48.829,7.18,4.78,0.0000,0.0722737549335881,1.2204,0,29,120,2009-10-30
300026.SZ,2023-01-19,5.88,5.93,6.05,5.87,5.91,0.02,0.3384,410835.0,245146.0,1.5223,2.3035,0.99,25.9191,34.2112,2.1876,2.3225,2.5147,0.6745,0.6745,300415.0,269875.0,178355.0,1781460.0,1600360.0,48.829,7.09,4.73,0.0000,0.00028480656672976926,1.2204,0,29,120,2009-10-30
300026.SZ,2023-01-20,5.94,6.01,6.09,5.92,5.93,0.08,1.3491,336772.0,202701.0,1.2479,1.8882,0.79,26.2688,34.6728,2.2171,2.3538,2.5486,0.6656,0.6656,300415.0,269875.0,178355.0,1805500.0,1621950.0,48.829,7.12,4.74,0.0000,0.004889292872989163,1.2204,0,29,120,2009-10-30
300026.SZ,2023-01-30,6.05,5.96,6.08,5.95,6.01,-0.05,-0.8319,498512.0,299338.0,1.8472,2.7951,1.12,26.0502,34.3843,2.1986,2.3342,2.5274,0.6711,0.6711,300415.0,269875.0,178355.0,1790480.0,1608450.0,48.829,7.21,4.81,0.0000,-0.08060288808178787,1.2204,0,29,120,2009-10-30
300026.SZ,2023-01-31,5.96,6.24,6.27,5.9,5.96,0.28,4.698,948580.0,581467.0,3.5149,5.3185,2.44,27.2741,35.9997,2.3019,2.4439,2.6461,0.641,0.641,300415.0,269875.0,178355.0,1874590.0,1684020.0,48.829,7.15,4.77,0.0000,0.15861653607785342,1.2204,0,29,120,2009-10-30
300026.SZ,2023-02-01,6.22,6.48,6.72,6.19,6.24,0.24,3.8462,892149.0,579602.0,3.3058,5.0021,1.81,28.3231,37.3843,2.3905,2.5379,2.7479,0.6173,0.6173,300415.0,269875.0,178355.0,1946690.0,1748790.0,48.829,7.49,4.99,0.0000,0.2259598779519076,1.2204,0,29,120,2009-10-30
300026.SZ,2023-02-02,6.56,6.43,6.64,6.39,6.48,-0.05,-0.7716,657217.0,425642.0,2.4353,3.6849,1.06,28.1045,37.0958,2.372,2.5183,2.7267,0.6221,0.6221,300415.0,269875.0,178355.0,1931670.0,1735290.0,48.829,7.78,5.18,0.0000,-0.064391248502898,1.2204,0,29,120,2009-10-30
300026.SZ,2023-02-03,6.43,6.42,6.47,6.31,6.43,-0.01,-0.1555,492660.0,315390.0,1.8255,2.7622,0.74,28.0608,37.0381,2.3683,2.5144,2.7224,0.6231,0.6231,300415.0,269875.0,178355.0,1928670.0,1732600.0,48.829,7.72,5.14,0.0000,-0.16810892653845666,1.2204,0,29,120,2009-10-30
300026.SZ,2023-02-06,6.41,6.48,6.53,6.38,6.42,0.06,0.9346,377428.0,244417.0,1.3985,2.1162,0.54,28.3231,37.3843,2.3905,2.5379,2.7479,0.6173,0.6173,300415.0,269875.0,178355.0,1946690.0,1748790.0,48.829,7.7,5.14,0.0000,-0.016234620530591645,1.2204,0,29,120,2009-10-30
300026.SZ,2023-02-07,6.51,6.33,6.53,6.29,6.48,-0.15,-2.3148,453685.0,288853.0,1.6811,2.5437,0.67,27.6674,36.5189,2.3351,2.4791,2.6843,0.6319,0.6319,300415.0,269875.0,178355.0,1901630.0,1708310.0,48.829,7.78,5.18,0.0000,-0.184111844596439,1.2204,0,29,120,2009-10-30
300026.SZ,2023-02-08,6.3,6.32,6.43,6.3,6.33,-0.01,-0.158,259155.0,165045.0,0.9603,1.453,0.45,27.6237,36.4612,2.3314,2.4752,2.68,0.6329,0.6329,300415.0,269875.0,178355.0,1898630.0,1705610.0,48.829,7.6,5.06,0.0000,-0.12604931938565195,1.2204,0,29,120,2009-10-30
300026.SZ,2023-02-09,6.34,6.35,6.38,6.29,6.32,0.03,0.4747,242778.0,153901.0,0.8996,1.3612,0.54,27.7549,36.6343,2.3425,2.487,2.6928,0.6299,0.6299,300415.0,269875.0,178355.0,1907640.0,1713700.0,48.829,7.58,5.06,0.0000,-0.1154047160675918,1.2204,0,29,120,2009-10-30
300026.SZ,2023-02-10,6.34,6.37,6.49,6.32,6.35,0.02,0.315,370427.0,237407.0,1.3726,2.0769,1.01,27.8423,36.7497,2.3499,2.4948,2.7012,0.6279,0.6279,300415.0,269875.0,178355.0,1913650.0,1719100.0,48.829,7.62,5.08,0.0000,-0.01965830900621697,1.2204,0,29,120,2009-10-30
300026.SZ,2023-02-13,6.38,6.45,6.6,6.35,6.37,0.08,1.2559,405320.0,262410.0,1.5019,2.2725,1.19,28.1919,37.2112,2.3794,2.5261,2.7352,0.6202,0.6202,300415.0,269875.0,178355.0,1937680.0,1740690.0,48.829,7.64,5.1,0.0000,0.08751553542091897,1.2204,0,29,120,2009-10-30
300026.SZ,2023-02-14,6.44,6.52,6.53,6.39,6.45,0.07,1.0853,478148.0,309815.0,1.7717,2.6809,1.38,28.4979,37.6151,2.4052,2.5536,2.7649,0.6135,0.6135,300415.0,269875.0,178355.0,1958710.0,1759580.0,48.829,7.74,5.16,0.0000,0.02778419211781194,1.2204,0,29,120,2009-10-30
300026.SZ,2023-02-15,6.52,6.59,6.7,6.5,6.52,0.07,1.0736,712304.0,471621.0,2.6394,3.9937,2.03,28.8039,38.0189,2.431,2.581,2.7945,0.607,0.607,300415.0,269875.0,178355.0,1979740.0,1778470.0,48.829,7.82,5.22,0.0000,0.04499629279026731,1.2204,0,29,120,2009-10-30
300026.SZ,2023-02-16,6.64,6.61,6.8,6.48,6.59,0.02,0.3035,835154.0,558359.0,3.0946,4.6825,1.89,28.8913,38.1343,2.4384,2.5888,2.803,0.6051,0.6051,300415.0,269875.0,178355.0,1985750.0,1783870.0,48.829,7.91,5.27,0.0000,0.028193420670580133,1.2204,0,29,120,2009-10-30
300026.SZ,2023-02-17,6.54,6.7,6.8,6.47,6.61,0.09,1.3616,894922.0,599311.0,3.3161,5.0176,1.6,29.2847,38.6535,2.4716,2.624,2.8412,0.597,0.597,300415.0,269875.0,178355.0,2012780.0,1808160.0,48.829,7.93,5.29,0.0000,0.0702374768975671,1.2204,0,29,120,2009-10-30
300026.SZ,2023-02-20,6.73,6.58,6.75,6.39,6.7,-0.12,-1.791,708097.0,460812.0,2.6238,4.0445,1.06,28.7602,37.9612,2.4274,2.5771,2.7903,0.6079,0.6079,300415.0,269875.0,175078.0,1976730.0,1775770.0,48.829,8.04,5.36,0.0000,-0.038711253561221785,1.2204,0,29,120,2009-10-30
300026.SZ,2023-02-21,6.55,6.54,6.6,6.47,6.58,-0.04,-0.6079,457928.0,298688.0,1.6968,2.6156,0.63,28.5853,37.7304,2.4126,2.5614,2.7733,0.6116,0.6116,300415.0,269875.0,175078.0,1964720.0,1764980.0,48.829,7.9,5.26,0.0000,-0.2729144045288979,1.2204,0,29,120,2009-10-30
300026.SZ,2023-02-22,6.53,6.49,6.6,6.47,6.54,-0.05,-0.7645,446876.0,291977.0,1.6559,2.5524,0.62,28.3668,37.442,2.3942,2.5418,2.7521,0.6163,0.6163,300415.0,269875.0,175078.0,1949700.0,1751490.0,48.829,7.85,5.23,0.0000,-0.09289343388089392,1.2204,0,29,120,2009-10-30
300026.SZ,2023-02-23,6.48,6.48,6.53,6.42,6.49,-0.01,-0.1541,353180.0,228931.0,1.3087,2.0173,0.53,28.3231,37.3843,2.3905,2.5379,2.7479,0.6173,0.6173,300415.0,269875.0,175078.0,1946690.0,1748790.0,48.829,7.79,5.19,0.0000,-0.2284593623627391,1.2204,0,29,120,2009-10-30
300026.SZ,2023-02-24,6.48,6.36,6.5,6.33,6.48,-0.12,-1.8519,279932.0,178755.0,1.0373,1.5989,0.49,27.7986,36.692,2.3462,2.4909,2.697,0.6289,0.6289,300415.0,269875.0,175078.0,1910640.0,1716400.0,48.829,7.78,5.18,0.0000,-0.27026121008901716,1.2204,0,29,120,2009-10-30
300026.SZ,2023-02-27,6.32,6.22,6.42,6.19,6.36,-0.14,-2.2013,376187.0,235709.0,1.3939,2.1487,0.84,27.1866,35.8843,2.2946,2.4361,2.6376,0.6431,0.6431,300415.0,269875.0,175078.0,1868580.0,1678620.0,48.829,7.63,5.09,0.0000,-0.26856429554079747,1.2204,0,29,120,2009-10-30
300026.SZ,2023-02-28,6.3,6.59,6.6,6.27,6.22,0.37,5.9486,716742.0,463370.0,2.6558,4.0938,1.87,28.8039,31.6868,2.3879,2.581,2.9767,0.607,0.607,300415.0,269875.0,175078.0,1979740.0,1778470.0,48.829,7.46,4.98,0.0000,0.01242734466729324,1.2204,0,29,120,2009-10-30
300026.SZ,2023-03-01,6.57,6.59,6.68,6.5,6.59,0.0,0.0,502320.0,329686.0,1.8613,2.8691,1.16,28.8039,31.6868,2.3879,2.581,2.9767,0.607,0.607,300415.0,269875.0,175078.0,1979740.0,1778470.0,48.829,7.91,5.27,0.0000,-0.06833183726009141,1.2204,0,29,120,2009-10-30
300026.SZ,2023-03-02,6.56,6.42,6.57,6.4,6.59,-0.17,-2.5797,397022.0,257061.0,1.4711,2.2677,0.89,28.0608,30.8694,2.3263,2.5144,2.8999,0.6231,0.6231,300415.0,269875.0,175078.0,1928670.0,1732600.0,48.829,7.91,5.27,0.0000,-0.17743387541474656,1.2204,0,29,120,2009-10-30
300026.SZ,2023-03-03,6.41,6.52,6.63,6.41,6.42,0.1,1.5576,441312.0,288336.0,1.6352,2.5207,0.97,28.4979,31.3502,2.3625,2.5536,2.9451,0.6135,0.6135,300415.0,269875.0,175078.0,1958710.0,1759580.0,48.829,7.7,5.14,0.0000,0.17554529978253827,1.2204,0,29,120,2009-10-30
300026.SZ,2023-03-06,6.52,6.58,6.63,6.41,6.52,0.06,0.9202,459534.0,301042.0,1.7028,2.6247,0.94,28.7602,31.6387,2.3842,2.5771,2.9722,0.6079,0.6079,300415.0,269875.0,175078.0,1976730.0,1775770.0,48.829,7.82,5.22,0.0000,-0.12140091257079128,1.2204,0,29,120,2009-10-30
300026.SZ,2023-03-07,6.57,6.41,6.67,6.41,6.58,-0.17,-2.5836,391374.0,255656.0,1.4502,2.2354,0.78,28.0171,30.8213,2.3226,2.5105,2.8954,0.624,0.624,300415.0,269875.0,175078.0,1925660.0,1729900.0,48.829,7.9,5.26,0.0000,-0.10364686615131817,1.2204,0,29,120,2009-10-30
300026.SZ,2023-03-08,6.4,6.37,6.46,6.33,6.41,-0.04,-0.624,217224.0,138727.0,0.8049,1.2407,0.5,27.8423,30.629,2.3081,2.4948,2.8773,0.6279,0.6279,300415.0,269875.0,175078.0,1913650.0,1719100.0,48.829,7.69,5.13,0.0000,-0.15427583765752348,1.2204,0,29,120,2009-10-30
300026.SZ,2023-03-09,6.38,6.36,6.44,6.3,6.37,-0.01,-0.157,222254.0,141584.0,0.8235,1.2695,0.58,27.7986,30.5809,2.3045,2.4909,2.8728,0.6289,0.6289,300415.0,269875.0,175078.0,1910640.0,1716400.0,48.829,7.64,5.1,0.0000,-0.30166028036584486,1.2204,0,29,120,2009-10-30
300026.SZ,2023-03-10,6.31,6.24,6.34,6.18,6.36,-0.12,-1.8868,269844.0,168014.0,0.9999,1.5413,0.78,27.2741,30.0039,2.261,2.4439,2.8186,0.641,0.641,300415.0,269875.0,175078.0,1874590.0,1684020.0,48.829,7.63,5.09,0.0000,-0.267978888641103,1.2204,0,29,120,2009-10-30
300026.SZ,2023-03-13,6.2,6.28,6.31,6.12,6.24,0.04,0.641,297698.0,185743.0,1.1031,1.7004,0.95,27.4489,30.1962,2.2755,2.4596,2.8367,0.6369,0.6369,300415.0,269875.0,175078.0,1886610.0,1694810.0,48.829,7.49,4.99,0.0000,-0.15379502123189126,1.2204,0,29,120,2009-10-30
300026.SZ,2023-03-14,6.27,6.11,6.33,6.06,6.28,-0.17,-2.707,316636.0,194614.0,1.1733,1.8085,1.13,26.7059,29.3788,2.2139,2.393,2.7599,0.6547,0.6547,300415.0,269875.0,175078.0,1835540.0,1648930.0,48.829,7.54,5.02,0.0000,-0.22980901798964035,1.2204,0,29,120,2009-10-30
300026.SZ,2023-03-15,6.15,6.33,6.44,6.15,6.11,0.22,3.6007,496036.0,314300.0,1.838,2.8332,1.87,27.6674,30.4366,2.2936,2.4791,2.8592,0.6319,0.6319,300415.0,269875.0,175078.0,1901630.0,1708310.0,48.829,7.33,4.89,0.0000,0.07211856310884676,1.2204,0,29,120,2009-10-30
300026.SZ,2023-03-16,6.33,6.55,6.68,6.23,6.33,0.22,3.4755,995018.0,650103.0,3.687,5.6833,3.1,28.629,31.4945,2.3734,2.5653,2.9586,0.6107,0.6107,300415.0,269875.0,175078.0,1967720.0,1767680.0,48.829,7.6,5.06,0.0000,0.028242747581543437,1.2204,0,29,120,2009-10-30
300026.SZ,2023-03-17,6.56,6.5,6.6,6.46,6.55,-0.05,-0.7634,537392.0,350808.0,1.9913,3.0694,1.13,28.4105,31.2541,2.3552,2.5457,2.936,0.6154,0.6154,300415.0,269875.0,175078.0,1952700.0,1754180.0,48.829,7.86,5.24,0.0000,-0.05967441112048291,1.2204,0,29,120,2009-10-30
300026.SZ,2023-03-20,6.5,6.22,6.5,6.15,6.5,-0.28,-4.3077,603339.0,377865.0,2.2356,3.4461,1.14,27.1866,29.9077,2.2538,2.4361,2.8096,0.6431,0.6431,300415.0,269875.0,175078.0,1868580.0,1678620.0,48.829,7.8,5.2,0.0000,-0.2014604185068027,1.2204,0,29,120,2009-10-30
300026.SZ,2023-03-21,6.26,6.25,6.31,6.18,6.22,0.03,0.4823,347076.0,216396.0,1.2861,1.9824,0.59,27.3178,30.052,2.2647,2.4478,2.8231,0.64,0.64,300415.0,269875.0,175078.0,1877600.0,1686720.0,48.829,7.46,4.98,0.0000,-0.09945860766122501,1.2204,0,29,120,2009-10-30
300026.SZ,2023-03-22,6.24,6.23,6.3,6.16,6.25,-0.02,-0.32,393632.0,244719.0,1.4586,2.2483,0.66,27.2304,29.9558,2.2574,2.44,2.8141,0.6421,0.6421,300415.0,269875.0,175078.0,1871590.0,1681320.0,48.829,7.5,5.0,0.0000,0.01608286993293263,1.2204,0,29,120,2009-10-30
300026.SZ,2023-03-23,6.2,6.22,6.27,6.13,6.23,-0.01,-0.1605,335053.0,207991.0,1.2415,1.9137,0.58,27.1866,29.9077,2.2538,2.4361,2.8096,0.6431,0.6431,300415.0,269875.0,175078.0,1868580.0,1678620.0,48.829,7.48,4.98,0.0000,-0.0085777254011489,1.2204,0,29,120,2009-10-30
300026.SZ,2023-03-24,6.25,5.93,6.33,5.91,6.22,-0.29,-4.6624,823349.0,498814.0,3.0509,4.7028,1.86,25.9191,28.5133,2.1487,2.3225,2.6786,0.6745,0.6745,300415.0,269875.0,175078.0,1781460.0,1600360.0,48.829,7.46,4.98,0.0000,-0.27242646401016135,1.2204,0,29,120,2009-10-30
300026.SZ,2023-03-27,5.93,5.96,6.03,5.83,5.93,0.03,0.5059,416063.0,247410.0,1.5417,2.3764,0.83,26.0502,28.6576,2.1596,2.3342,2.6921,0.6711,0.6711,300415.0,269875.0,175078.0,1790480.0,1608450.0,48.829,7.12,4.74,0.0000,-0.058976981443279446,1.2204,0,29,120,2009-10-30
300026.SZ,2023-03-28,5.95,5.99,6.04,5.89,5.96,0.03,0.5034,366183.0,218878.0,1.3569,2.0915,0.79,26.1814,28.8018,2.1704,2.346,2.7057,0.6678,0.6678,300415.0,269875.0,175078.0,1799490.0,1616550.0,48.829,7.15,4.77,0.0000,0.049971473893256374,1.2204,0,29,120,2009-10-30
300026.SZ,2023-03-29,6.0,5.84,6.02,5.81,5.99,-0.15,-2.5042,482507.0,284750.0,1.7879,2.756,1.03,25.5257,28.0806,2.1161,2.2872,2.6379,0.6849,0.6849,300415.0,269875.0,175078.0,1754430.0,1576070.0,48.829,7.19,4.79,0.0000,-0.18859346232224056,1.2204,0,29,120,2009-10-30
300026.SZ,2023-03-30,5.82,5.8,5.86,5.71,5.84,-0.04,-0.6849,336002.0,194189.0,1.245,1.9192,0.69,25.3509,27.8882,2.1016,2.2716,2.6198,0.6897,0.6897,300415.0,269875.0,175078.0,1742410.0,1565270.0,48.829,7.01,4.67,0.0000,-0.06209103280512033,1.2204,0,29,120,2009-10-30
300026.SZ,2023-03-31,5.8,5.97,6.03,5.8,5.8,0.17,2.931,434952.0,258863.0,1.6088,2.4387,0.9,28.7333,28.7333,2.1634,2.697,2.697,0.67,0.67,300415.0,270362.0,178355.0,1793480.0,1614060.0,48.829,6.96,4.64,0.0000,0.12811907499823624,1.9585,0,29,120,2009-10-30
300026.SZ,2023-04-03,5.97,5.92,6.09,5.89,5.97,-0.05,-0.8375,532508.0,318142.0,1.9696,3.0331,1.31,28.4927,28.4927,2.1452,2.6744,2.6744,0.6757,0.6757,300415.0,270362.0,175566.0,1778460.0,1600550.0,48.829,7.16,4.78,0.0000,-0.264204703383597,1.9585,0,29,120,2009-10-30
300026.SZ,2023-04-04,5.92,6.01,6.03,5.91,5.92,0.09,1.5203,417462.0,249552.0,1.5441,2.3778,0.97,28.9259,28.9259,2.1778,2.715,2.715,0.6656,0.6656,300415.0,270362.0,175566.0,1805500.0,1624880.0,48.829,7.1,4.74,0.0000,-0.03385620838114507,1.9585,0,29,120,2009-10-30
300026.SZ,2023-04-06,6.03,6.16,6.22,6.0,6.01,0.15,2.4958,564192.0,346991.0,2.0868,3.2136,1.28,29.6478,29.6478,2.2322,2.7828,2.7828,0.6494,0.6494,300415.0,270362.0,175566.0,1850560.0,1665430.0,48.829,7.21,4.81,0.0000,0.12462617890388134,1.9585,0,29,120,2009-10-30
300026.SZ,2023-04-07,6.14,6.27,6.33,6.13,6.16,0.11,1.7857,630058.0,394765.0,2.3304,3.5887,1.38,30.1772,30.1772,2.2721,2.8325,2.8325,0.638,0.638,300415.0,270362.0,175566.0,1883610.0,1695170.0,48.829,7.39,4.93,0.0000,-0.2300550939166303,1.9585,0,29,120,2009-10-30
300026.SZ,2023-04-10,6.24,6.16,6.27,6.14,6.27,-0.11,-1.7544,392040.0,242610.0,1.4501,2.233,0.76,29.6478,29.6478,2.2322,2.7828,2.7828,0.6494,0.6494,300415.0,270362.0,175566.0,1850560.0,1665430.0,48.829,7.52,5.02,0.0000,-0.15967896569425347,1.9585,0,29,120,2009-10-30
300026.SZ,2023-04-11,6.2,6.15,6.22,6.08,6.16,-0.01,-0.1623,275713.0,168751.0,1.0198,1.5704,0.54,29.5997,29.5997,2.2286,2.7783,2.7783,0.6504,0.6504,300415.0,270362.0,175566.0,1847560.0,1662730.0,48.829,7.39,4.93,0.0000,-0.18648023630717778,1.9585,0,29,120,2009-10-30
300026.SZ,2023-04-12,6.16,6.13,6.21,6.11,6.15,-0.02,-0.3252,312699.0,192235.0,1.1566,1.7811,0.69,29.5034,29.5034,2.2213,2.7692,2.7692,0.6525,0.6525,300415.0,270362.0,175566.0,1841550.0,1657320.0,48.829,7.38,4.92,0.0000,-0.14678536042201035,1.9585,0,29,120,2009-10-30
300026.SZ,2023-04-13,6.13,6.14,6.2,6.04,6.13,0.01,0.1631,345726.0,211923.0,1.2787,1.9692,0.79,29.5515,29.5515,2.225,2.7738,2.7738,0.6515,0.6515,300415.0,270362.0,175566.0,1844550.0,1660030.0,48.829,7.36,4.9,0.0000,-0.1118947629769145,1.9585,0,29,120,2009-10-30
300026.SZ,2023-04-14,6.16,6.09,6.21,6.07,6.14,-0.05,-0.8143,389168.0,237945.0,1.4394,2.2167,0.99,29.3109,29.3109,2.2068,2.7512,2.7512,0.6568,0.6568,300415.0,270362.0,175566.0,1829530.0,1646510.0,48.829,7.37,4.91,0.0000,-0.21809736899121723,1.9585,0,29,120,2009-10-30
300026.SZ,2023-04-17,6.11,6.06,6.11,6.0,6.09,-0.03,-0.4926,329852.0,199278.0,1.22,1.8788,0.96,29.1665,29.1665,2.196,2.7376,2.7376,0.6601,0.6601,300415.0,270362.0,175566.0,1820520.0,1638400.0,48.829,7.31,4.87,0.0000,-0.3459881926556447,1.9585,0,29,120,2009-10-30
300026.SZ,2023-04-18,6.07,5.97,6.08,5.94,6.06,-0.09,-1.4851,315263.0,188579.0,1.1661,1.7957,0.95,28.7333,28.7333,2.1634,2.697,2.697,0.67,0.67,300415.0,270362.0,175566.0,1793480.0,1614060.0,48.829,7.27,4.85,0.0000,-0.14240266490821926,1.9585,0,29,120,2009-10-30
300026.SZ,2023-04-19,5.97,5.85,6.0,5.81,5.97,-0.12,-2.0101,425144.0,249904.0,1.5725,2.4216,1.26,28.1558,28.1558,2.1199,2.6427,2.6427,0.6838,0.6838,300415.0,270362.0,175566.0,1757430.0,1581620.0,48.829,7.16,4.78,0.0000,-0.2835748107355913,1.9585,0,29,120,2009-10-30
300026.SZ,2023-04-20,5.83,5.76,5.86,5.72,5.85,-0.09,-1.5385,302982.0,174629.0,1.1207,1.7257,0.84,27.7226,27.7226,2.0873,2.6021,2.6021,0.6944,0.6944,300415.0,270362.0,175566.0,1730390.0,1557290.0,48.829,7.02,4.68,0.0000,0.061154019634689034,1.9585,0,29,120,2009-10-30
300026.SZ,2023-04-21,5.76,5.76,5.92,5.71,5.76,0.0,0.0,482632.0,279598.0,1.7851,2.749,1.37,27.7226,27.7226,2.0873,2.6021,2.6021,0.6944,0.6944,300415.0,270362.0,175566.0,1730390.0,1557290.0,48.829,6.91,4.61,0.0000,0.0064982771391710135,1.9585,0,29,120,2009-10-30
300026.SZ,2023-04-24,5.81,5.9,6.07,5.81,5.76,0.14,2.4306,683101.0,405204.0,2.5266,3.8909,1.84,28.3964,28.3964,2.138,2.6653,2.6653,0.678,0.678,300415.0,270362.0,175566.0,1772450.0,1595140.0,48.829,6.91,4.61,0.0000,0.0545544468076399,1.9585,0,29,120,2009-10-30
300026.SZ,2023-04-25,5.86,5.49,5.89,5.38,5.9,-0.41,-6.9492,819040.0,453563.0,3.0294,4.6651,1.85,26.4231,26.4231,1.9894,2.4801,2.4801,0.7286,0.7286,300415.0,270362.0,175566.0,1649280.0,1484290.0,48.829,7.08,4.72,0.0000,-0.2426083441916692,1.9585,0,29,120,2009-10-30
300026.SZ,2023-04-26,5.5,5.59,5.66,5.49,5.49,0.1,1.8215,393971.0,220555.0,1.4572,2.244,0.73,26.9044,26.9044,2.0257,2.5253,2.5253,0.7156,0.7156,300415.0,270362.0,175566.0,1679320.0,1511330.0,48.829,6.59,4.39,0.0000,-0.07821899064834247,1.9585,0,29,120,2009-10-30
300026.SZ,2023-04-27,5.6,5.7,5.78,5.57,5.59,0.11,1.9678,541870.0,308645.0,2.0042,3.0864,1.01,27.4338,27.4338,2.0655,2.575,2.575,0.7018,0.7018,300415.0,270362.0,175566.0,1712370.0,1541070.0,48.829,6.71,4.47,0.0000,-0.06752766808205952,1.9585,0,29,120,2009-10-30
300026.SZ,2023-04-28,5.66,5.76,5.83,5.58,5.7,0.06,1.0526,514524.0,293622.0,1.9031,2.9307,0.88,27.7226,30.823,2.0447,2.6021,2.6311,0.6944,0.6944,300415.0,270362.0,175566.0,1730390.0,1557290.0,48.829,6.84,4.56,0.0000,0.021088990011413903,1.8728,0,29,120,2009-10-30
300026.SZ,2023-05-04,5.76,6.06,6.11,5.7,5.76,0.3,5.2083,828927.0,493461.0,3.066,4.7131,1.4,29.1665,32.4283,2.1512,2.7376,2.7681,0.6601,0.6601,300415.0,270362.0,175876.0,1820520.0,1638400.0,48.829,6.91,4.61,0.0000,0.22505131701888148,1.8728,0,29,120,2009-10-30
300026.SZ,2023-05-05,6.08,5.82,6.09,5.78,6.06,-0.24,-3.9604,629219.0,369057.0,2.3273,3.5776,1.02,28.0114,31.144,2.066,2.6292,2.6585,0.6873,0.6873,300415.0,270362.0,175876.0,1748420.0,1573510.0,48.829,7.27,4.85,0.0000,-0.11610180818168185,1.8728,0,29,120,2009-10-30
300026.SZ,2023-05-08,5.82,5.83,6.05,5.77,5.82,0.01,0.1718,538634.0,315779.0,1.9923,3.0626,0.93,28.0595,31.1975,2.0696,2.6337,2.6631,0.6861,0.6861,300415.0,270362.0,175876.0,1751420.0,1576210.0,48.829,6.98,4.66,0.0000,-0.03208680181922731,1.8728,0,29,120,2009-10-30
300026.SZ,2023-05-09,5.8,5.71,5.87,5.7,5.83,-0.12,-2.0583,363389.0,208867.0,1.3441,2.0662,0.6,27.482,30.5554,2.027,2.5795,2.6083,0.7005,0.7005,300415.0,270362.0,175876.0,1715370.0,1543770.0,48.829,7.0,4.66,0.0000,-0.0508991647273901,1.8728,0,29,120,2009-10-30
300026.SZ,2023-05-10,5.69,5.75,5.78,5.65,5.71,0.04,0.7005,310225.0,177519.0,1.1474,1.7639,0.54,27.6745,30.7694,2.0412,2.5976,2.6265,0.6957,0.6957,300415.0,270362.0,175876.0,1727390.0,1554580.0,48.829,6.85,4.57,0.0000,0.07055238650483775,1.8728,0,29,120,2009-10-30
300026.SZ,2023-05-11,5.75,5.76,5.81,5.71,5.75,0.01,0.1739,249257.0,143652.0,0.9219,1.4172,0.47,27.7226,30.823,2.0447,2.6021,2.6311,0.6944,0.6944,300415.0,270362.0,175876.0,1730390.0,1557290.0,48.829,6.9,4.6,0.0000,-0.05799595079073583,1.8728,0,29,120,2009-10-30
300026.SZ,2023-05-12,5.73,5.83,5.94,5.69,5.73,0.1,1.7452,495933.0,290758.0,1.8343,2.8198,1.19,28.0595,31.1975,2.0919,2.6337,2.6631,0.6861,1.2007,300415.0,270362.0,175876.0,1751420.0,1576210.0,49.0846,6.88,4.58,0.0000,0.07042326041083419,1.8728,0,29,120,2009-10-30
300026.SZ,2023-05-15,5.8,5.75,5.92,5.59,5.83,-0.08,-1.3722,549950.0,315091.0,2.0341,3.1269,1.4,27.6745,30.7694,2.0632,2.5976,2.6265,0.6957,1.2174,300415.0,270362.0,175876.0,1727390.0,1554580.0,49.0846,7.0,4.66,0.0000,-0.19218365892835998,1.8728,0,29,120,2009-10-30
300026.SZ,2023-05-16,5.77,5.91,5.95,5.7,5.75,0.16,2.7826,594780.0,348507.0,2.1999,3.3818,1.51,28.4446,31.6256,2.1206,2.6698,2.6996,0.6768,1.1844,300415.0,270362.0,175876.0,1775460.0,1597840.0,49.0846,6.9,4.6,0.0000,0.07593583844541697,1.8728,0,29,120,2009-10-30
300026.SZ,2023-05-17,5.85,5.9,5.92,5.72,5.91,-0.01,-0.1692,447942.0,260202.0,1.6568,2.5469,1.02,28.3964,31.5721,2.117,2.6653,2.6951,0.678,1.1864,300415.0,270362.0,175876.0,1772450.0,1595140.0,49.0846,7.09,4.73,0.0000,0.0753566062559336,1.8728,0,29,120,2009-10-30
300026.SZ,2023-05-18,5.89,6.0,6.08,5.84,5.9,0.1,1.6949,629017.0,377081.0,2.3266,3.5765,1.35,28.8777,32.1072,2.1529,2.7105,2.7407,0.6667,1.1667,300415.0,270362.0,175876.0,1802490.0,1622170.0,49.0846,7.08,4.72,0.0000,0.19322620169408466,1.8728,0,29,120,2009-10-30
300026.SZ,2023-05-19,5.99,6.24,6.37,5.95,6.0,0.24,4.0,1120980.0,701103.0,4.1462,6.3737,2.06,30.0328,33.3915,2.239,2.8189,2.8504,0.641,0.4808,300415.0,270362.0,175876.0,1874590.0,1687060.0,49.0846,7.2,4.8,0.0000,0.08713224542779696,1.8728,0,29,120,2009-10-30
300026.SZ,2023-05-22,6.22,6.13,6.35,6.1,6.24,-0.11,-1.7628,719894.0,446156.0,2.6627,4.0932,1.08,29.5034,32.8029,2.1995,2.7692,2.8001,0.6525,0.4894,300415.0,270362.0,175876.0,1841550.0,1657320.0,49.0846,7.49,4.99,0.0000,-0.2499030222421146,1.8728,0,29,120,2009-10-30
300026.SZ,2023-05-23,6.11,6.21,6.43,6.1,6.13,0.08,1.3051,893540.0,562474.0,3.305,5.0805,1.27,29.8884,33.231,2.2282,2.8054,2.8367,0.6441,0.4831,300415.0,270362.0,175876.0,1865580.0,1678950.0,49.0846,7.36,4.9,0.0000,0.008772204588237601,1.8728,0,29,120,2009-10-30
300026.SZ,2023-05-24,6.13,6.08,6.18,5.93,6.21,-0.13,-2.0934,551298.0,333789.0,2.0391,3.1169,0.72,29.2628,32.5353,2.1816,2.7466,2.7773,0.6579,0.4934,300415.0,270362.0,176876.0,1826530.0,1643800.0,49.0846,7.45,4.97,0.0000,-0.17458716310264544,1.8728,0,29,120,2009-10-30
300026.SZ,2023-05-25,6.05,6.04,6.17,5.95,6.08,-0.04,-0.6579,337200.0,203970.0,1.2472,1.9064,0.43,29.0702,32.3213,2.1672,2.7286,2.759,0.6623,0.4967,300415.0,270362.0,176876.0,1814510.0,1632990.0,49.0846,7.3,4.86,0.0000,-0.021982345481080263,1.8728,0,29,120,2009-10-30
300026.SZ,2023-05-26,6.03,6.16,6.22,6.0,6.04,0.12,1.9868,579252.0,356567.0,2.1425,3.2749,0.8,29.6478,32.9634,2.2103,2.7828,2.8138,0.6494,0.487,300415.0,270362.0,176876.0,1850560.0,1665430.0,49.0846,7.25,4.83,0.0000,0.0019720731787021208,1.8728,0,29,120,2009-10-30
300026.SZ,2023-05-29,6.15,6.35,6.59,6.12,6.16,0.19,3.0844,870349.0,557964.0,3.2192,4.9207,1.41,30.5623,33.9802,2.2785,2.8686,2.9006,0.6299,0.4724,300415.0,270362.0,176876.0,1907640.0,1716800.0,49.0846,7.39,4.93,0.0000,0.10355948952969748,1.8728,0,29,120,2009-10-30
300026.SZ,2023-05-30,6.32,6.33,6.37,6.18,6.35,-0.02,-0.315,501403.0,314737.0,1.8546,2.8348,0.78,30.466,33.8731,2.2713,2.8596,2.8915,0.6319,0.4739,300415.0,270362.0,176876.0,1901630.0,1711390.0,49.0846,7.62,5.08,0.0000,-0.05072054195141703,1.8728,0,29,120,2009-10-30
300026.SZ,2023-05-31,6.33,6.38,6.55,6.29,6.33,0.05,0.7899,504471.0,324017.0,1.8659,2.8521,0.89,30.7066,34.1407,2.2892,2.8822,2.9143,0.627,0.4702,300415.0,270362.0,176876.0,1916650.0,1724910.0,49.0846,7.6,5.06,0.0000,-0.05615698476540542,1.8728,0,29,120,2009-10-30
300026.SZ,2023-06-01,6.39,6.32,6.47,6.3,6.38,-0.06,-0.9404,435358.0,277172.0,1.6103,2.4614,0.78,30.4179,33.8196,2.2677,2.8551,2.8869,0.6329,0.4747,300415.0,270362.0,176876.0,1898630.0,1708690.0,49.084,7.66,5.1,0.0000,-0.34870942362012125,1.8728,0,29,120,2009-10-30
300026.SZ,2023-06-02,6.33,6.23,6.36,6.19,6.32,-0.09,-1.4241,326378.0,203934.0,1.2072,1.8452,0.56,29.9847,33.338,2.2354,2.8144,2.8458,0.6421,0.4815,300415.0,270362.0,176876.0,1871590.0,1684360.0,49.084,7.58,5.06,0.0000,-0.09938968278394587,1.8728,0,29,120,2009-10-30
300026.SZ,2023-06-05,6.1,6.07,6.13,5.97,6.23,-0.16,-2.5682,541155.0,327834.0,2.0016,3.0595,1.03,29.2146,32.4818,2.178,2.7421,2.7727,0.659,0.4942,300415.0,270362.0,176876.0,1823520.0,1641100.0,49.084,7.48,4.98,0.0000,-0.2529252944091754,1.8728,0,29,120,2009-10-30
300026.SZ,2023-06-06,6.07,5.91,6.07,5.89,6.07,-0.16,-2.6359,371829.0,221310.0,1.3753,2.1022,0.81,28.4446,31.6256,2.1206,2.6698,2.6996,0.6768,0.5076,300415.0,270362.0,176876.0,1775460.0,1597840.0,49.084,7.28,4.86,0.0000,-0.28090624531456887,1.8728,0,29,120,2009-10-30
300026.SZ,2023-06-07,5.91,5.85,5.96,5.81,5.91,-0.06,-1.0152,243427.0,142827.0,0.9004,1.3763,0.56,28.1558,31.3046,2.099,2.6427,2.6722,0.6838,0.5128,300415.0,270362.0,176876.0,1757430.0,1581620.0,49.084,7.09,4.73,0.0000,0.031155708897962073,1.8728,0,29,120,2009-10-30
300026.SZ,2023-06-08,5.88,5.77,5.9,5.74,5.85,-0.08,-1.3675,248670.0,143994.0,0.9198,1.4059,0.65,27.7707,30.8765,2.0703,2.6066,2.6357,0.6932,0.5199,300415.0,270362.0,176876.0,1733400.0,1559990.0,49.084,7.02,4.68,0.0000,-0.12107905495198305,1.8728,0,29,120,2009-10-30
300026.SZ,2023-06-09,5.76,5.71,5.77,5.69,5.77,-0.06,-1.0399,311225.0,177966.0,1.1511,1.7596,0.9,27.482,30.5554,2.0488,2.5795,2.6083,0.7005,0.5254,300415.0,270362.0,176876.0,1715370.0,1543770.0,49.084,6.92,4.62,0.0000,0.07091387347759105,1.8728,0,29,120,2009-10-30
300026.SZ,2023-06-12,5.71,5.74,5.77,5.65,5.71,0.03,0.5254,243774.0,139153.0,0.9017,1.3782,0.71,27.6264,30.7159,2.0596,2.5931,2.622,0.6969,0.5226,300415.0,270362.0,176876.0,1724380.0,1551880.0,49.084,6.85,4.57,0.0000,0.26331857560411287,1.8728,0,29,120,2009-10-30
300026.SZ,2023-06-13,5.7,5.51,5.72,5.45,5.74,-0.23,-4.007,739708.0,408318.0,2.736,4.1821,2.61,26.5194,29.4851,1.9771,2.4891,2.5169,0.726,0.5445,300415.0,270362.0,176876.0,1655290.0,1489700.0,49.084,6.89,4.59,0.0000,-0.24885779546476697,1.8728,0,29,120,2009-10-30
300026.SZ,2023-06-14,5.48,5.63,5.71,5.47,5.51,0.12,2.1779,492511.0,277044.0,1.8217,2.7845,1.38,27.0969,30.1273,2.0201,2.5434,2.5717,0.7105,0.5329,300415.0,270362.0,176876.0,1691340.0,1522140.0,49.084,6.61,4.41,0.0000,0.15172968796566172,1.8728,0,29,120,2009-10-30
300026.SZ,2023-06-15,5.61,5.63,5.65,5.53,5.63,0.0,0.0,289109.0,161319.0,1.0693,1.6345,0.71,27.0969,30.1273,2.0201,2.5434,2.5717,0.7105,0.5329,300415.0,270362.0,176876.0,1691340.0,1522140.0,49.084,6.76,4.5,0.0000,-0.1494137792677769,1.8728,0,29,120,2009-10-30
300026.SZ,2023-06-16,5.62,5.62,5.68,5.59,5.63,-0.01,-0.1776,275092.0,154757.0,1.0175,1.5553,0.66,27.0488,30.0738,2.0165,2.5388,2.5672,0.7117,0.5338,300415.0,270362.0,176876.0,1688340.0,1519440.0,49.084,6.76,4.5,0.0000,-0.13900937098078447,1.8728,0,29,120,2009-10-30
300026.SZ,2023-06-19,5.61,5.54,5.62,5.51,5.62,-0.08,-1.4235,380149.0,210602.0,1.4061,2.1492,0.93,26.6638,29.6457,1.9878,2.5027,2.5306,0.722,0.5415,300415.0,270362.0,176876.0,1664300.0,1497810.0,49.084,6.74,4.5,0.0000,0.12708711249659316,1.8728,0,29,120,2009-10-30
300026.SZ,2023-06-20,5.52,5.51,5.58,5.5,5.54,-0.03,-0.5415,215337.0,119024.0,0.7965,1.2174,0.49,26.5194,29.4851,1.9771,2.4891,2.5169,0.726,0.5445,300415.0,270362.0,176876.0,1655290.0,1489700.0,49.084,6.65,4.43,0.0000,-0.08173889634575096,1.8728,0,29,120,2009-10-30
300026.SZ,2023-06-21,5.51,5.45,5.53,5.38,5.51,-0.06,-1.0889,348624.0,189695.0,1.2895,1.971,1.06,26.2306,29.1641,1.9555,2.462,2.4895,0.7339,0.5505,300415.0,270362.0,176876.0,1637260.0,1473480.0,49.084,6.61,4.41,0.0000,-0.10678474906716082,1.8728,0,29,120,2009-10-30
300026.SZ,2023-06-26,5.45,5.35,5.47,5.21,5.45,-0.1,-1.8349,521983.0,276368.0,1.9307,2.9511,1.73,25.7493,28.629,1.9196,2.4169,2.4438,0.7477,0.5607,300415.0,270362.0,176876.0,1607220.0,1446440.0,49.084,6.54,4.36,0.0000,0.29451822292164315,1.8728,0,29,120,2009-10-30
300026.SZ,2023-06-27,5.33,5.4,5.42,5.3,5.35,0.05,0.9346,261108.0,140565.0,0.9658,1.4762,0.75,25.99,28.8965,1.9376,2.4395,2.4667,0.7407,0.5556,300415.0,270362.0,176876.0,1622240.0,1459960.0,49.084,6.42,4.28,0.0000,0.07681912045986422,1.8728,0,29,120,2009-10-30
300026.SZ,2023-06-28,5.39,5.37,5.41,5.31,5.4,-0.03,-0.5556,181878.0,97378.2,0.6727,1.0283,0.53,25.8456,28.736,1.9268,2.4259,2.453,0.7449,0.5587,300415.0,270362.0,176876.0,1613230.0,1451850.0,49.084,6.48,4.32,0.0000,-0.05926572143036675,1.8728,0,29,120,2009-10-30
300026.SZ,2023-06-29,5.36,5.38,5.42,5.35,5.37,0.01,0.1862,218878.0,117908.0,0.8096,1.2375,0.72,25.8937,28.7895,1.9304,2.4304,2.4575,0.7435,0.5576,300415.0,270362.0,176876.0,1616240.0,1454550.0,49.084,6.44,4.3,0.0000,0.010188553458865084,1.8728,0,29,120,2009-10-30
300026.SZ,2023-06-30,5.37,5.42,5.51,5.37,5.38,0.04,0.7435,256384.0,139706.0,0.9483,1.4495,0.84,26.0862,29.0035,1.9448,2.4485,2.4758,0.738,0.5535,300415.0,270362.0,176876.0,1628250.0,1465360.0,49.084,6.46,4.3,0.0000,0.033053783908636614,1.8728,0,29,120,2009-10-30
300026.SZ,2023-07-03,5.42,5.42,5.44,5.36,5.42,0.0,0.0,242404.0,130989.0,0.8966,1.3705,0.84,26.0862,29.0035,1.9448,2.4485,2.4758,0.738,0.5535,300415.0,270362.0,176876.0,1628250.0,1465360.0,49.084,6.5,4.34,0.0000,0.10857198318717003,1.8728,0,29,120,2009-10-30
300026.SZ,2023-07-04,5.43,5.36,5.43,5.35,5.42,-0.06,-1.107,289636.0,155526.0,1.0713,1.6375,1.25,25.7974,28.6825,1.9232,2.4214,2.4484,0.7463,0.5597,300415.0,270362.0,176876.0,1610230.0,1449140.0,49.084,6.5,4.34,0.0000,-0.15172911605279035,1.8728,0,29,120,2009-10-30
300026.SZ,2023-07-05,5.37,5.29,5.37,5.28,5.36,-0.07,-1.306,276068.0,146450.0,1.0211,1.5608,1.16,25.4605,28.3079,1.8981,2.3898,2.4164,0.7561,0.5671,300415.0,270362.0,176876.0,1589200.0,1430220.0,49.084,6.43,4.29,0.0000,-0.01948129947108193,1.8728,0,29,120,2009-10-30
300026.SZ,2023-07-06,5.27,5.1,5.28,5.05,5.29,-0.19,-3.5917,672254.0,345490.0,2.4865,3.8007,2.62,24.5461,27.2912,1.8299,2.3039,2.3296,0.7843,0.5882,300415.0,270362.0,176876.0,1532120.0,1378850.0,49.084,6.35,4.23,0.0000,-0.0696113881155532,1.8728,0,29,120,2009-10-30
300026.SZ,2023-07-07,5.1,5.1,5.15,5.05,5.1,0.0,0.0,213438.0,108996.0,0.7895,1.2067,0.61,24.5461,27.2912,1.8299,2.3039,2.3296,0.7843,0.5882,300415.0,270362.0,176876.0,1532120.0,1378850.0,49.084,6.12,4.08,0.0000,0.10494095230658368,1.8728,0,29,120,2009-10-30
300026.SZ,2023-07-10,5.11,5.1,5.13,5.07,5.1,0.0,0.0,208753.0,106362.0,0.7721,1.1802,0.62,24.5461,27.2912,1.8299,2.3039,2.3296,0.7843,0.5882,300415.0,270362.0,176876.0,1532120.0,1378850.0,49.084,6.12,4.08,0.0000,-0.22706566094176792,1.8728,0,29,120,2009-10-30
300026.SZ,2023-07-11,5.11,5.22,5.23,5.07,5.1,0.12,2.3529,368598.0,190224.0,1.3633,2.0839,1.11,25.1236,27.9333,1.873,2.3581,2.3844,0.7663,0.5747,300415.0,270362.0,176876.0,1568170.0,1411290.0,49.084,6.12,4.08,0.0000,0.2671307044271441,1.8728,0,29,120,2009-10-30
300026.SZ,2023-07-12,5.21,5.17,5.27,5.14,5.22,-0.05,-0.9579,245484.0,127608.0,0.908,1.3879,0.71,24.883,27.6657,1.8551,2.3356,2.3616,0.7737,0.5803,300415.0,270362.0,176876.0,1553150.0,1397770.0,49.084,6.26,4.18,0.0000,-0.020796203936145462,1.8728,0,29,120,2009-10-30
300026.SZ,2023-07-13,5.17,5.3,5.35,5.15,5.17,0.13,2.5145,486811.0,257782.0,1.8006,2.7523,1.42,25.5087,28.3614,1.9017,2.3943,2.421,0.7547,0.566,300415.0,270362.0,176876.0,1592200.0,1432920.0,49.084,6.2,4.14,0.0000,0.1288895436746444,1.8728,0,29,120,2009-10-30
300026.SZ,2023-07-14,5.29,5.26,5.3,5.24,5.3,-0.04,-0.7547,228824.0,120330.0,0.8464,1.2937,0.75,25.3161,28.1473,1.8874,2.3762,2.4027,0.7605,0.5703,300415.0,270362.0,176876.0,1580190.0,1422110.0,49.084,6.36,4.24,0.0000,0.012229906061299202,1.8728,0,29,120,2009-10-30
300026.SZ,2023-07-17,5.27,5.24,5.28,5.19,5.26,-0.02,-0.3802,150904.0,78830.8,0.5582,0.8532,0.49,25.2199,28.0403,1.8802,2.3672,2.3936,0.7634,0.5725,300415.0,270362.0,176876.0,1574180.0,1416700.0,49.084,6.31,4.21,0.0000,-0.03567024710719291,1.8728,0,29,120,2009-10-30
300026.SZ,2023-07-18,5.22,5.19,5.26,5.16,5.24,-0.05,-0.9542,200334.0,104015.0,0.741,1.1326,0.68,24.9792,27.7728,1.8622,2.3446,2.3707,0.7707,0.578,300415.0,270362.0,176876.0,1559160.0,1403180.0,49.084,6.29,4.19,0.0000,0.08141719376959074,1.8728,0,29,120,2009-10-30
300026.SZ,2023-07-19,5.2,5.15,5.22,5.13,5.19,-0.04,-0.7707,195516.0,100903.0,0.7232,1.1054,0.74,24.7867,27.5587,1.8479,2.3265,2.3525,0.7767,0.5825,300415.0,270362.0,176876.0,1547140.0,1392370.0,49.084,6.23,4.15,0.0000,-0.27312699921644024,1.8728,0,29,120,2009-10-30
300026.SZ,2023-07-20,5.17,5.14,5.21,5.13,5.15,-0.01,-0.1942,186367.0,96316.5,0.6893,1.0537,0.74,24.7386,27.5052,1.8443,2.322,2.3479,0.7782,0.5837,300415.0,270362.0,176876.0,1544140.0,1389660.0,49.084,6.18,4.12,0.0000,-0.05913256869825065,1.8728,0,29,120,2009-10-30
300026.SZ,2023-07-21,5.14,5.17,5.2,5.11,5.14,0.03,0.5837,151312.0,78193.8,0.5597,0.8555,0.79,24.883,27.6657,1.8551,2.3356,2.3616,0.7737,0.5803,300415.0,270362.0,176876.0,1553150.0,1397770.0,49.084,6.17,4.11,0.0000,-0.002234402891023679,1.8728,0,29,120,2009-10-30
300026.SZ,2023-07-24,5.17,5.19,5.23,5.13,5.17,0.02,0.3868,182500.0,94677.0,0.675,1.0318,1.03,24.9792,27.7728,1.8622,2.3446,2.3707,0.7707,0.578,300415.0,270362.0,176876.0,1559160.0,1403180.0,49.084,6.2,4.14,0.0000,0.1517617067318327,1.8728,0,29,120,2009-10-30
300026.SZ,2023-07-25,5.2,5.26,5.27,5.19,5.19,0.07,1.3487,301286.0,157595.0,1.1144,1.7034,1.64,25.3161,28.1473,1.8874,2.3762,2.4027,0.7605,0.5703,300415.0,270362.0,176876.0,1580190.0,1422110.0,49.084,6.23,4.15,0.0000,0.17276808931636065,1.8728,0,29,120,2009-10-30
300026.SZ,2023-07-26,5.26,5.3,5.32,5.23,5.26,0.04,0.7605,280467.0,148356.0,1.0374,1.5857,1.38,25.5087,28.3614,1.9017,2.3943,2.421,0.7547,0.566,300415.0,270362.0,176876.0,1592200.0,1432920.0,49.084,6.31,4.21,0.0000,0.14850616847381912,1.8728,0,29,120,2009-10-30
300026.SZ,2023-07-27,5.3,5.25,5.31,5.23,5.3,-0.05,-0.9434,186743.0,98301.7,0.6907,1.0558,0.85,25.268,28.0938,1.8838,2.3717,2.3981,0.7619,0.5714,300415.0,270362.0,176876.0,1577180.0,1419400.0,49.084,6.36,4.24,0.0000,-0.1329297450019754,1.8728,0,29,120,2009-10-30
300026.SZ,2023-07-28,5.23,5.29,5.3,5.21,5.25,0.04,0.7619,216419.0,113969.0,0.8005,1.2236,0.98,25.4605,28.3079,1.8981,2.3898,2.4164,0.7561,0.5671,300415.0,270362.0,176876.0,1589200.0,1430220.0,49.084,6.3,4.2,0.0000,-0.09659532226501658,1.8728,0,29,120,2009-10-30
300026.SZ,2023-07-31,5.3,5.32,5.34,5.2,5.29,0.03,0.5671,325672.0,172623.0,1.2046,1.8412,1.39,25.6049,28.4684,1.9089,2.4033,2.4301,0.7519,0.5639,300415.0,270362.0,176876.0,1598210.0,1438330.0,49.084,6.35,4.23,0.0000,-0.03146605861413851,1.8728,0,29,120,2009-10-30
300026.SZ,2023-08-01,5.32,5.3,5.33,5.27,5.32,-0.02,-0.3759,328153.0,173917.0,1.2138,1.8553,1.25,25.5087,28.3614,1.9017,2.3943,2.421,0.7547,0.566,300415.0,270362.0,176876.0,1592200.0,1432920.0,49.084,6.38,4.26,0.0000,0.22717245312259743,1.8728,0,29,120,2009-10-30
300026.SZ,2023-08-02,5.28,5.26,5.33,5.23,5.3,-0.04,-0.7547,207205.0,109113.0,0.7664,1.1715,0.77,25.3161,28.1473,1.8874,2.3762,2.4027,0.7605,0.5703,300415.0,270362.0,176876.0,1580190.0,1422110.0,49.084,6.36,4.24,0.0000,0.058723582981553724,1.8728,0,29,120,2009-10-30
300026.SZ,2023-08-03,5.24,5.33,5.35,5.23,5.26,0.07,1.3308,460153.0,244540.0,1.702,2.6016,1.82,25.653,28.5219,1.9125,2.4078,2.4347,0.7505,0.5629,300415.0,270362.0,176876.0,1601210.0,1441030.0,49.084,6.31,4.21,0.0000,-0.06982472309690842,1.8728,0,29,120,2009-10-30
300026.SZ,2023-08-04,5.31,5.29,5.35,5.28,5.33,-0.04,-0.7505,303815.0,161214.0,1.1237,1.7177,0.99,25.4605,28.3079,1.8981,2.3898,2.4164,0.7561,0.5671,300415.0,270362.0,176876.0,1589200.0,1430220.0,49.084,6.4,4.26,0.0000,-0.09629917087773496,1.8728,0,29,120,2009-10-30
300026.SZ,2023-08-07,5.29,5.09,5.3,5.06,5.29,-0.2,-3.7807,741192.0,380212.0,2.7415,4.1905,2.28,24.4979,27.2376,1.8264,2.2994,2.3251,0.7859,0.5894,300415.0,270362.0,176876.0,1529110.0,1376140.0,49.084,6.35,4.23,0.0000,-0.08870220469937608,1.8728,0,29,120,2009-10-30
300026.SZ,2023-08-08,5.1,5.16,5.18,5.06,5.09,0.07,1.3752,539793.0,276771.0,1.9966,3.0518,1.32,24.8348,27.6122,1.8515,2.331,2.357,0.7752,0.5814,300415.0,270362.0,176876.0,1550140.0,1395070.0,49.084,6.11,4.07,0.0000,0.16422125782347544,1.8728,0,29,120,2009-10-30
300026.SZ,2023-08-09,5.14,5.19,5.24,5.11,5.16,0.03,0.5814,443336.0,229343.0,1.6398,2.5065,0.98,24.9792,27.7728,1.8622,2.3446,2.3707,0.7707,0.578,300415.0,270362.0,176876.0,1559160.0,1403180.0,49.084,6.19,4.13,0.0000,0.058434848860221524,1.8728,0,29,120,2009-10-30
300026.SZ,2023-08-10,5.19,5.09,5.21,5.08,5.19,-0.1,-1.9268,492311.0,252129.0,1.8209,2.7834,0.99,24.4979,27.2376,1.8264,2.2994,2.3251,0.7859,0.5894,300415.0,270362.0,176876.0,1529110.0,1376140.0,49.084,6.23,4.15,0.0000,-0.11381402641108265,1.8728,0,29,120,2009-10-30
300026.SZ,2023-08-11,5.1,5.1,5.19,5.09,5.09,0.01,0.1965,409986.0,210601.0,1.5164,2.3179,0.81,24.5461,27.2912,1.8299,2.3039,2.3296,0.7843,0.5882,300415.0,270362.0,176876.0,1532120.0,1378850.0,49.084,6.11,4.07,0.0000,0.058798868136902625,1.8728,0,29,120,2009-10-30
300026.SZ,2023-08-14,5.08,4.95,5.11,4.86,5.1,-0.15,-2.9412,727289.0,358825.0,2.6901,4.1119,1.38,23.8241,26.4885,1.7761,2.2362,2.2611,0.8081,0.6061,300415.0,270362.0,176876.0,1487060.0,1338290.0,49.084,6.12,4.08,0.0000,-0.14799507310156898,1.8728,0,29,120,2009-10-30
300026.SZ,2023-08-15,4.95,5.02,5.05,4.9,4.95,0.07,1.4141,492540.0,245513.0,1.8218,2.7847,0.94,24.161,26.8631,1.8012,2.2678,2.2931,0.7968,0.5976,300415.0,270362.0,176876.0,1508090.0,1357220.0,49.084,5.94,3.96,0.0000,0.1055479285259656,1.8728,0,29,120,2009-10-30
300026.SZ,2023-08-16,5.0,4.94,5.09,4.93,5.02,-0.08,-1.5936,417406.0,208639.0,1.5439,2.3599,0.81,23.776,26.435,1.7725,2.2316,2.2565,0.8097,0.6073,300415.0,270362.0,176876.0,1484050.0,1335590.0,49.084,6.02,4.02,0.0000,-0.19359839068419768,1.8728,0,29,120,2009-10-30
300026.SZ,2023-08-17,4.92,4.96,4.99,4.9,4.94,0.02,0.4049,289769.0,143194.0,1.0718,1.6383,0.57,23.8723,26.542,1.7797,2.2407,2.2657,0.8065,0.6048,300415.0,270362.0,176876.0,1490060.0,1341000.0,49.084,5.93,3.95,0.0000,-0.08218380316667445,1.8728,0,29,120,2009-10-30
300026.SZ,2023-08-18,4.93,4.5,4.94,4.46,4.96,-0.46,-9.2742,1778210.0,815062.0,6.5771,10.0534,3.8,21.6583,24.0804,1.6147,2.0329,2.0556,0.8889,0.6667,300415.0,270362.0,176876.0,1351870.0,1216630.0,49.084,5.95,3.97,0.0000,-0.1409165744426932,1.8728,0,29,120,2009-10-30
300026.SZ,2023-08-21,4.48,4.42,4.5,4.39,4.5,-0.08,-1.7778,516520.0,229535.0,1.9105,2.9202,0.7,21.2733,23.6523,1.5859,1.9967,2.019,0.905,0.6787,300415.0,270362.0,176876.0,1327840.0,1195000.0,49.084,5.4,3.6,0.0000,-0.2777029040816206,1.8728,0,29,120,2009-10-30
300026.SZ,2023-08-22,4.44,4.4,4.47,4.33,4.42,-0.02,-0.4525,566201.0,247718.0,2.0942,3.2011,0.81,21.177,23.5453,1.5788,1.9877,2.0099,0.9091,0.6818,300415.0,270362.0,176876.0,1321830.0,1189590.0,49.084,5.3,3.54,0.0000,-0.18994982865865073,1.8728,0,29,120,2009-10-30
300026.SZ,2023-08-23,4.39,4.31,4.41,4.3,4.4,-0.09,-2.0455,457211.0,198836.0,1.6911,2.5849,0.64,20.7438,23.0637,1.5465,1.947,1.9688,0.9281,0.6961,300415.0,270362.0,176876.0,1294790.0,1165260.0,49.084,5.28,3.52,0.0000,-0.2047991687371649,1.8728,0,29,120,2009-10-30
300026.SZ,2023-08-24,4.31,4.23,4.34,4.22,4.31,-0.08,-1.8561,556717.0,237656.0,2.0592,3.1475,0.77,20.3588,22.6356,1.5178,1.9109,1.9322,0.9456,0.7092,300415.0,270362.0,176876.0,1270760.0,1143630.0,49.084,5.17,3.45,0.0000,-0.1415030091107922,1.8728,0,29,120,2009-10-30
300026.SZ,2023-08-25,4.22,4.2,4.31,4.17,4.23,-0.03,-0.7092,542826.0,230626.0,2.0078,3.069,0.7,20.2144,22.4751,1.507,1.8974,1.9185,0.9524,0.7143,300415.0,270362.0,176876.0,1261740.0,1135520.0,49.084,5.08,3.38,0.0000,0.04989131284404909,1.8728,0,29,120,2009-10-30
300026.SZ,2023-08-28,4.44,4.29,4.47,4.27,4.2,0.09,2.1429,630593.0,274939.0,2.3324,3.5652,1.19,20.6476,22.9567,1.5393,1.938,1.9596,0.9324,0.6993,300415.0,270362.0,176876.0,1288780.0,1159850.0,49.084,5.04,3.36,0.0000,-0.17657893370015107,1.8728,0,29,120,2009-10-30
300026.SZ,2023-08-29,4.27,4.39,4.4,4.26,4.29,0.1,2.331,474040.0,206717.0,1.7534,2.6801,0.86,21.1289,23.4918,1.5752,1.9832,2.0053,0.9112,0.6834,300415.0,270362.0,176876.0,1318820.0,1186890.0,49.084,5.15,3.43,0.0000,0.022957360208753202,1.8728,0,29,120,2009-10-30
300026.SZ,2023-08-30,4.4,4.39,4.44,4.36,4.39,0.0,0.0,341411.0,150222.0,1.2405,1.9302,0.64,21.1289,21.3453,1.542,1.9832,1.9504,0.9112,0.6834,300415.0,275215.0,176876.0,1318820.0,1208190.0,49.084,5.27,3.51,0.0000,-0.02327902087662582,1.9199,0,29,120,2009-10-30
300026.SZ,2023-08-31,4.39,4.44,4.48,4.35,4.39,0.05,1.139,556283.0,245575.0,2.0213,2.9604,1.09,21.3695,21.5884,1.5596,2.0058,1.9726,0.9009,0.6757,300415.0,275215.0,187910.0,1333840.0,1221950.0,49.084,5.27,3.51,0.0000,-0.002345290548635206,1.9199,0,29,120,2009-10-30
300026.SZ,2023-09-01,4.42,4.39,4.44,4.37,4.44,-0.05,-1.1261,323121.0,142015.0,1.1741,1.7196,0.63,21.1289,21.3453,1.542,1.9832,1.9504,0.9112,0.6834,300415.0,275215.0,187910.0,1318820.0,1208190.0,49.084,5.33,3.55,0.0000,-0.08380541353895453,1.9199,0,29,120,2009-10-30
300026.SZ,2023-09-04,4.42,4.44,4.44,4.35,4.39,0.05,1.139,449573.0,197993.0,1.6335,2.3925,0.97,21.3695,21.5884,1.5596,2.0058,1.9726,0.9009,0.6757,300415.0,275215.0,187910.0,1333840.0,1221950.0,49.084,5.27,3.51,0.0000,-0.15852983301085158,1.9199,0,29,120,2009-10-30
300026.SZ,2023-09-05,4.42,4.4,4.47,4.39,4.44,-0.04,-0.9009,350846.0,155131.0,1.2748,1.8671,0.82,21.177,21.3939,1.5455,1.9877,1.9548,0.9091,0.6818,300415.0,275215.0,187910.0,1321830.0,1210950.0,49.084,5.33,3.55,0.0000,0.024127004727121548,1.9199,0,29,120,2009-10-30
300026.SZ,2023-09-06,4.38,4.39,4.41,4.36,4.4,-0.01,-0.2273,252589.0,110693.0,0.9178,1.3442,0.62,21.1289,21.3453,1.542,1.9832,1.9504,0.9112,0.6834,300415.0,275215.0,187910.0,1318820.0,1208190.0,49.084,5.28,3.52,0.0000,-0.22624715079447316,1.9199,0,29,120,2009-10-30
300026.SZ,2023-09-07,4.39,4.3,4.4,4.3,4.39,-0.09,-2.0501,334145.0,145152.0,1.2141,1.7782,0.86,20.6957,20.9077,1.5104,1.9425,1.9104,0.9302,0.6977,300415.0,275215.0,187910.0,1291790.0,1183420.0,49.084,5.27,3.51,0.0000,-0.21774438256111134,1.9199,0,29,120,2009-10-30
300026.SZ,2023-09-08,4.3,4.3,4.33,4.28,4.3,0.0,0.0,171085.0,73576.9,0.6216,0.9105,0.5,20.6957,20.9077,1.5104,1.9425,1.9104,0.9302,0.6977,300415.0,275215.0,187910.0,1291790.0,1183420.0,49.084,5.16,3.44,0.0000,-0.03684146173694288,1.9199,0,29,120,2009-10-30
300026.SZ,2023-09-11,4.3,4.45,4.48,4.3,4.3,0.15,3.4884,640228.0,283366.0,2.3263,3.4071,2.05,21.4176,21.637,1.5631,2.0103,1.977,0.8989,0.6742,300415.0,275215.0,187910.0,1336850.0,1224710.0,49.084,5.16,3.44,0.0000,0.16686843155533046,1.9199,0,29,120,2009-10-30
300026.SZ,2023-09-12,4.44,4.54,4.59,4.43,4.45,0.09,2.0225,635678.0,288287.0,2.3098,3.3829,1.82,21.8508,22.0746,1.5947,2.0509,2.017,0.8811,0.6608,300415.0,275215.0,187910.0,1363890.0,1249480.0,49.084,5.34,3.56,0.0000,0.09530696196484217,1.9199,0,29,120,2009-10-30
300026.SZ,2023-09-13,4.51,4.42,4.54,4.38,4.54,-0.12,-2.6432,478135.0,212475.0,1.7373,2.5445,1.18,21.2733,21.4912,1.5525,1.9967,1.9637,0.905,0.6787,300415.0,275215.0,187910.0,1327840.0,1216450.0,49.084,5.45,3.63,0.0000,-0.15218807005438303,1.9199,0,29,120,2009-10-30
300026.SZ,2023-09-14,4.41,4.44,4.48,4.4,4.42,0.02,0.4525,293815.0,130416.0,1.0676,1.5636,0.65,21.3695,21.5884,1.5596,2.0058,1.9726,0.9009,0.6757,300415.0,275215.0,187910.0,1333840.0,1221950.0,49.084,5.3,3.54,0.0000,-0.01425804374064499,1.9199,0,29,120,2009-10-30
300026.SZ,2023-09-15,4.45,4.48,4.53,4.43,4.44,0.04,0.9009,492848.0,221045.0,1.7908,2.6228,1.11,21.562,21.7829,1.5736,2.0238,1.9904,0.8929,0.6696,300415.0,275215.0,187910.0,1345860.0,1232960.0,49.084,5.33,3.55,0.0000,0.17041353249060215,1.9199,0,29,120,2009-10-30
300026.SZ,2023-09-18,4.49,4.5,4.54,4.45,4.48,0.02,0.4464,400327.0,179732.0,1.4546,2.1304,0.79,21.6583,21.8802,1.5806,2.0329,1.9992,0.8889,0.6667,300415.0,275215.0,187910.0,1351870.0,1238470.0,49.084,5.38,3.58,0.0000,-0.1976812296596134,1.9199,0,29,120,2009-10-30
300026.SZ,2023-09-19,4.48,4.5,4.55,4.47,4.5,0.0,0.0,361324.0,162792.0,1.3129,1.9229,0.79,21.6583,21.8802,1.5806,2.0329,1.9992,0.8889,0.6667,300415.0,275215.0,187910.0,1351870.0,1238470.0,49.084,5.4,3.6,0.0000,-0.08289881285951951,1.9199,0,29,120,2009-10-30
300026.SZ,2023-09-20,4.47,4.48,4.54,4.45,4.5,-0.02,-0.4444,401425.0,180361.0,1.4586,2.1363,0.99,21.562,21.7829,1.5736,2.0238,1.9904,0.8929,0.6696,300415.0,275215.0,187910.0,1345860.0,1232960.0,49.084,5.4,3.6,0.0000,0.04568092906065413,1.9199,0,29,120,2009-10-30
300026.SZ,2023-09-21,4.47,4.41,4.48,4.4,4.48,-0.07,-1.5625,334641.0,148260.0,1.2159,1.7809,0.86,21.2251,21.4425,1.549,1.9922,1.9593,0.907,0.6803,300415.0,275215.0,187910.0,1324830.0,1213700.0,49.084,5.38,3.58,0.0000,-0.10733754575083829,1.9199,0,29,120,2009-10-30
300026.SZ,2023-09-22,4.42,4.48,4.49,4.36,4.41,0.07,1.5873,345674.0,153085.0,1.256,1.8396,0.87,21.562,21.7829,1.5736,2.0238,1.9904,0.8929,0.6696,300415.0,275215.0,187910.0,1345860.0,1232960.0,49.084,5.29,3.53,0.0000,-0.04355492223754985,1.9199,0,29,120,2009-10-30
300026.SZ,2023-09-25,4.47,4.54,4.58,4.45,4.48,0.06,1.3393,575354.0,260675.0,2.0906,3.0619,1.56,21.8508,22.0746,1.5947,2.0509,2.017,0.8811,0.6608,300415.0,275215.0,187910.0,1363890.0,1249480.0,49.084,5.38,3.58,0.0000,-0.023479327135706912,1.9199,0,29,120,2009-10-30
300026.SZ,2023-09-26,4.55,4.48,4.55,4.47,4.54,-0.06,-1.3216,319268.0,143747.0,1.1601,1.699,0.79,21.562,21.7829,1.5736,2.0238,1.9904,0.8929,0.6696,300415.0,275215.0,187910.0,1345860.0,1232960.0,49.084,5.45,3.63,0.0000,-0.13171786573675706,1.9199,0,29,120,2009-10-30
300026.SZ,2023-09-27,4.49,4.6,4.63,4.49,4.48,0.12,2.6786,626624.0,286309.0,2.2769,3.3347,1.59,22.1396,22.3664,1.6158,2.0781,2.0437,0.8696,0.6522,300415.0,275215.0,187910.0,1381910.0,1265990.0,49.084,5.38,3.58,0.0000,0.06210434911975516,1.9199,0,29,120,2009-10-30
300026.SZ,2023-09-28,4.6,4.59,4.63,4.57,4.6,-0.01,-0.2174,392053.0,180124.0,1.4245,2.0864,0.89,22.0915,22.3178,1.6122,2.0735,2.0392,0.8715,0.6536,300415.0,275215.0,187910.0,1378910.0,1263240.0,49.084,5.52,3.68,0.0000,0.025902986782486457,1.9199,0,29,120,2009-10-30
300026.SZ,2023-10-09,4.56,4.54,4.58,4.5,4.59,-0.05,-1.0893,363923.0,165032.0,1.3223,1.9367,0.81,21.8508,22.0746,1.5947,2.0509,2.017,0.8811,0.6608,300415.0,275215.0,187910.0,1363890.0,1249480.0,49.084,5.51,3.67,0.0000,-0.0009532381787299902,1.9199,0,29,120,2009-10-30
300026.SZ,2023-10-10,4.56,4.47,4.6,4.44,4.54,-0.07,-1.5419,471308.0,212289.0,1.7125,2.5082,1.03,21.5139,21.7343,1.5701,2.0193,1.9859,0.8949,0.6711,300415.0,275215.0,187910.0,1342860.0,1230210.0,49.084,5.45,3.63,0.0000,-0.2510192238661704,1.9199,0,29,120,2009-10-30
300026.SZ,2023-10-11,4.47,4.58,4.65,4.46,4.47,0.11,2.4609,676032.0,310204.0,2.4564,3.5976,1.56,22.0433,22.2691,1.6087,2.069,2.0348,0.8734,0.655,300415.0,275215.0,187910.0,1375900.0,1260480.0,49.084,5.36,3.58,0.0000,0.18493456073852255,1.9199,0,29,120,2009-10-30
300026.SZ,2023-10-12,4.63,4.62,4.69,4.58,4.58,0.04,0.8734,474864.0,219616.0,1.7254,2.5271,0.94,22.2358,22.4636,1.6228,2.0871,2.0526,0.8658,0.6494,300415.0,275215.0,187910.0,1387920.0,1271490.0,49.084,5.5,3.66,0.0000,-0.16765297580318445,1.9199,0,29,120,2009-10-30
300026.SZ,2023-10-13,4.6,4.67,4.71,4.58,4.62,0.05,1.0823,558525.0,260980.0,2.0294,2.9723,1.17,22.4765,22.7067,1.6403,2.1097,2.0748,0.8565,0.6424,300415.0,275215.0,187910.0,1402940.0,1285250.0,49.084,5.54,3.7,0.0000,0.11336654681200926,1.9199,0,29,120,2009-10-30
300026.SZ,2023-10-16,4.69,4.59,4.73,4.54,4.67,-0.08,-1.7131,486487.0,223954.0,1.7677,2.5889,0.96,22.0915,22.3178,1.6122,2.0735,2.0392,0.8715,0.6536,300415.0,275215.0,187910.0,1378910.0,1263240.0,49.084,5.6,3.74,0.0000,-0.23631640141561505,1.9199,0,29,120,2009-10-30
300026.SZ,2023-10-17,4.57,4.5,4.58,4.46,4.59,-0.09,-1.9608,399099.0,179381.0,1.4501,2.1239,0.75,21.6583,21.8802,1.5806,2.0329,1.9992,0.8889,0.6667,300415.0,275215.0,187910.0,1351870.0,1238470.0,49.084,5.51,3.67,0.0000,-0.04259928749704052,1.9199,0,29,120,2009-10-30
300026.SZ,2023-10-18,4.49,4.39,4.51,4.38,4.5,-0.11,-2.4444,360864.0,159429.0,1.3112,1.9204,0.7,21.1289,21.3453,1.542,1.9832,1.9504,0.9112,0.6834,300415.0,275215.0,187910.0,1318820.0,1208190.0,49.084,5.4,3.6,0.0000,-0.12180774812967639,1.9199,0,29,120,2009-10-30
300026.SZ,2023-10-19,4.39,4.27,4.39,4.27,4.39,-0.12,-2.7335,387434.0,167365.0,1.4078,2.0618,0.85,20.5513,20.7618,1.4998,1.929,1.8971,0.9368,0.7026,300415.0,275215.0,187910.0,1282770.0,1175170.0,49.084,5.27,3.51,0.0000,-0.1348429485628086,1.9199,0,29,120,2009-10-30
300026.SZ,2023-10-20,4.25,4.22,4.29,4.21,4.27,-0.05,-1.171,305723.0,129795.0,1.1109,1.627,0.7,20.3107,20.5187,1.4823,1.9064,1.8748,0.9479,0.7109,300415.0,275215.0,187910.0,1267750.0,1161410.0,49.084,5.12,3.42,0.0000,0.03680732376793456,1.9199,0,29,120,2009-10-30
300026.SZ,2023-10-23,4.22,4.13,4.22,4.11,4.22,-0.09,-2.1327,299000.0,124085.0,1.0864,1.5912,0.77,19.8775,20.0811,1.4507,1.8657,1.8349,0.9685,0.7264,300415.0,275215.0,187910.0,1240720.0,1136640.0,49.084,5.06,3.38,0.0000,0.024826743060675713,1.9199,0,29,120,2009-10-30
300026.SZ,2023-10-24,4.14,4.17,4.21,4.13,4.13,0.04,0.9685,367172.0,152917.0,1.3341,1.954,1.05,20.07,20.2756,1.4647,1.8838,1.8526,0.9592,0.7194,300415.0,275215.0,187910.0,1252730.0,1147650.0,49.084,4.96,3.3,0.0000,-0.05878650061483687,1.9199,0,29,120,2009-10-30
300026.SZ,2023-10-25,4.18,4.2,4.25,4.17,4.17,0.03,0.7194,430486.0,181395.0,1.5642,2.2909,1.25,20.2144,20.4215,1.4753,1.8974,1.866,0.9524,0.7143,300415.0,275215.0,187910.0,1261740.0,1155900.0,49.084,5.0,3.34,0.0000,-0.15299352859586754,1.9199,0,29,120,2009-10-30
300026.SZ,2023-10-26,4.18,4.22,4.22,4.13,4.2,0.02,0.4762,402290.0,167760.0,1.4617,2.1409,1.12,20.3107,19.1252,1.4548,1.9064,1.9,0.9479,0.7109,300415.0,275215.0,187910.0,1267750.0,1161410.0,49.084,5.04,3.36,0.0000,0.01839402194680081,1.3873,0,29,120,2009-10-30
300026.SZ,2023-10-27,4.2,4.38,4.41,4.14,4.22,0.16,3.7915,776974.0,334221.0,2.8232,4.1881,2.15,21.0807,19.8503,1.51,1.9787,1.9721,0.9132,0.6849,300415.0,275215.0,185518.0,1315820.0,1205440.0,49.084,5.06,3.38,0.0000,0.03595052604944285,1.3873,0,29,120,2009-10-30
300026.SZ,2023-10-30,4.37,4.5,4.53,4.35,4.38,0.12,2.7397,701322.0,314394.0,2.5483,3.7803,1.54,21.6583,20.3942,1.5513,2.0329,2.0261,0.8889,0.6667,300415.0,275215.0,185518.0,1351870.0,1238470.0,49.084,5.26,3.5,0.0000,-0.12125440302496536,1.3873,0,29,120,2009-10-30
300026.SZ,2023-10-31,4.5,4.5,4.56,4.47,4.5,0.0,0.0,493165.0,222682.0,1.7919,2.6583,0.92,21.6583,20.3942,1.5513,2.0329,2.0261,0.8889,0.6667,300415.0,275215.0,185518.0,1351870.0,1238470.0,49.084,5.4,3.6,0.0000,-0.11811866107119813,1.3873,0,29,120,2009-10-30
300026.SZ,2023-11-01,4.54,4.49,4.54,4.45,4.5,-0.01,-0.2222,370779.0,166371.0,1.3472,1.9986,0.66,21.6102,20.3489,1.5479,2.0284,2.0216,0.8909,0.6682,300415.0,275215.0,185518.0,1348870.0,1235710.0,49.084,5.4,3.6,0.0000,-0.047564020845473884,1.3873,0,29,120,2009-10-30
300026.SZ,2023-11-02,4.51,4.44,4.51,4.43,4.49,-0.05,-1.1136,297559.0,132805.0,1.0812,1.6039,0.54,21.3695,20.1223,1.5307,2.0058,1.9991,0.9009,0.6757,300415.0,275215.0,185518.0,1333840.0,1221950.0,49.084,5.39,3.59,0.0000,-0.17780106317620178,1.3873,0,29,120,2009-10-30
300026.SZ,2023-11-03,4.44,4.47,4.51,4.42,4.44,0.03,0.6757,370807.0,166053.0,1.3473,1.9988,0.7,21.5139,20.2582,1.541,2.0193,2.0126,0.8949,0.6711,300415.0,275215.0,185518.0,1342860.0,1230210.0,49.084,5.33,3.55,0.0000,0.07911162459718747,1.3873,0,29,120,2009-10-30
300026.SZ,2023-11-06,4.5,4.54,4.59,4.49,4.47,0.07,1.566,448839.0,204285.0,1.6309,2.4194,1.0,21.8508,20.5755,1.5651,2.0509,2.0441,0.8811,0.6608,300415.0,275215.0,185518.0,1363890.0,1249480.0,49.084,5.36,3.58,0.0000,-0.010286459499849805,1.3873,0,29,120,2009-10-30
300026.SZ,2023-11-07,4.53,4.53,4.59,4.48,4.54,-0.01,-0.2203,349522.0,158579.0,1.27,1.884,0.88,21.8027,20.5301,1.5617,2.0464,2.0396,0.883,0.6623,300415.0,275215.0,185518.0,1360880.0,1246720.0,49.084,5.45,3.63,0.0000,-0.0031918741676199374,1.3873,0,29,120,2009-10-30
300026.SZ,2023-11-08,4.51,4.58,4.63,4.49,4.53,0.05,1.1038,530030.0,242980.0,1.9259,2.857,1.44,22.0433,20.7567,1.5789,2.069,2.0621,0.8734,0.655,300415.0,275215.0,185518.0,1375900.0,1260480.0,49.084,5.44,3.62,0.0000,0.02079448168292057,1.3873,0,29,120,2009-10-30
300026.SZ,2023-11-09,4.56,4.48,4.62,4.47,4.58,-0.1,-2.1834,403848.0,182829.0,1.4674,2.1769,1.01,21.562,20.3035,1.5445,2.0238,2.0171,0.8929,0.6696,300415.0,275215.0,185518.0,1345860.0,1232960.0,49.084,5.5,3.66,0.0000,-0.29372025483188696,1.3873,0,29,120,2009-10-30
300026.SZ,2023-11-10,4.47,4.51,4.57,4.44,4.48,0.03,0.6696,323569.0,145894.0,1.1757,1.7441,0.77,21.7064,20.4395,1.5548,2.0374,2.0306,0.8869,0.6652,300415.0,275215.0,185518.0,1354870.0,1241220.0,49.084,5.38,3.58,0.0000,0.026272817036014483,1.3873,0,29,120,2009-10-30
300026.SZ,2023-11-13,4.53,4.53,4.54,4.48,4.51,0.02,0.4435,274098.0,123442.0,0.9959,1.4775,0.67,21.8027,20.5301,1.5617,2.0464,2.0396,0.883,0.6623,300415.0,275215.0,185518.0,1360880.0,1246720.0,49.084,5.41,3.61,0.0000,0.19705026601451087,1.3873,0,29,120,2009-10-30
300026.SZ,2023-11-14,4.53,4.54,4.58,4.51,4.53,0.01,0.2208,300796.0,136598.0,1.0929,1.6214,0.8,21.8508,20.5755,1.5651,2.0509,2.0441,0.8811,0.6608,300415.0,275215.0,185518.0,1363890.0,1249480.0,49.084,5.44,3.62,0.0000,-0.06418544477930885,1.3873,0,29,120,2009-10-30
300026.SZ,2023-11-15,4.57,4.55,4.58,4.53,4.54,0.01,0.2203,258224.0,117430.0,0.9383,1.3919,0.7,21.8989,20.6208,1.5686,2.0555,2.0486,0.8791,0.6593,300415.0,275215.0,185518.0,1366890.0,1252230.0,49.084,5.45,3.63,0.0000,0.008112531440684167,1.3873,0,29,120,2009-10-30
300026.SZ,2023-11-16,4.56,4.48,4.56,4.47,4.55,-0.07,-1.5385,265932.0,119852.0,0.9663,1.4335,0.85,21.562,20.3035,1.5445,2.0238,2.0171,0.8929,0.6696,300415.0,275215.0,185518.0,1345860.0,1232960.0,49.084,5.46,3.64,0.0000,-0.07127711712927558,1.3873,0,29,120,2009-10-30
300026.SZ,2023-11-17,4.5,4.55,4.58,4.47,4.48,0.07,1.5625,355506.0,161003.0,1.2917,1.9163,1.25,21.8989,20.6208,1.5686,2.0555,2.0486,0.8791,0.6593,300415.0,275215.0,185518.0,1366890.0,1252230.0,49.084,5.38,3.58,0.0000,-0.03344869115679639,1.3873,0,29,120,2009-10-30
300026.SZ,2023-11-20,4.54,4.61,4.65,4.53,4.55,0.06,1.3187,485777.0,223358.0,1.7651,2.6185,1.67,22.1877,20.8927,1.5893,2.0826,2.0756,0.8677,0.6508,300415.0,275215.0,185518.0,1384920.0,1268740.0,49.084,5.46,3.64,0.0000,-0.030141767397299544,1.3873,0,29,120,2009-10-30
300026.SZ,2023-11-21,4.61,4.59,4.64,4.56,4.61,-0.02,-0.4338,395631.0,181816.0,1.4375,2.1326,1.19,22.0915,20.8021,1.5824,2.0735,2.0666,0.8715,0.6536,300415.0,275215.0,185518.0,1378910.0,1263240.0,49.084,5.53,3.69,0.0000,-0.036547275894102595,1.3873,0,29,120,2009-10-30
300026.SZ,2023-11-22,4.58,4.57,4.62,4.55,4.59,-0.02,-0.4357,321500.0,147315.0,1.1682,1.733,0.91,21.9952,20.7114,1.5755,2.0645,2.0576,0.8753,0.6565,300415.0,275215.0,185518.0,1372900.0,1257730.0,49.084,5.51,3.67,0.0000,0.1047127657039185,1.3873,0,29,120,2009-10-30
300026.SZ,2023-11-23,4.59,4.66,4.68,4.57,4.57,0.09,1.9694,751980.0,349344.0,2.7323,4.0534,2.06,22.4284,21.1193,1.6065,2.1052,2.0982,0.8584,0.6438,300415.0,275215.0,185518.0,1399940.0,1282500.0,49.084,5.48,3.66,0.0000,0.10430652647101513,1.3873,0,29,120,2009-10-30
300026.SZ,2023-11-24,4.67,4.84,4.9,4.65,4.66,0.18,3.8627,1846810.0,886156.0,6.7104,9.9549,4.0,23.2947,21.9351,1.6686,2.1865,2.1792,0.8264,0.6198,300415.0,275215.0,185518.0,1454010.0,1332040.0,49.084,5.59,3.73,0.0000,0.060782730150068943,1.3873,0,29,120,2009-10-30
300026.SZ,2023-11-27,4.9,4.69,4.94,4.67,4.84,-0.15,-3.0992,1407790.0,667872.0,5.1152,7.5884,1.85,22.5728,21.2553,1.6169,2.1187,2.1117,0.8529,0.6397,300415.0,275215.0,185518.0,1408950.0,1290760.0,49.084,5.81,3.87,0.0000,-0.03770787916470653,1.3873,0,29,120,2009-10-30
300026.SZ,2023-11-28,4.65,4.65,4.68,4.53,4.69,-0.04,-0.8529,817205.0,377369.0,2.9693,4.405,0.87,22.3802,21.074,1.6031,2.1006,2.0936,0.8602,0.6452,300415.0,275215.0,185518.0,1396930.0,1279750.0,49.084,5.63,3.75,0.0000,-0.11487830262485084,1.3873,0,29,120,2009-10-30
300026.SZ,2023-11-29,4.63,4.5,4.65,4.48,4.65,-0.15,-3.2258,975926.0,442573.0,3.5461,5.2605,0.95,21.6583,20.3942,1.5513,2.0329,2.0261,0.8889,0.6667,300415.0,275215.0,185518.0,1351870.0,1238470.0,49.084,5.58,3.72,0.0000,-0.28160921129944066,1.3873,0,29,120,2009-10-30
300026.SZ,2023-11-30,4.48,4.44,4.52,4.36,4.5,-0.06,-1.3333,1076170.0,475950.0,3.9103,5.8009,0.93,21.3695,20.1223,1.5307,2.0058,1.9991,0.9009,0.6757,300415.0,275215.0,185518.0,1333840.0,1221950.0,49.084,5.4,3.6,0.0000,-0.32121980314951487,1.3873,0,29,120,2009-10-30
300026.SZ,2023-12-01,4.43,4.52,4.57,4.41,4.44,0.08,1.8018,807515.0,364403.0,2.9341,4.3528,0.66,21.7546,20.4848,1.5582,2.0419,2.0351,0.885,0.6637,300415.0,275215.0,185518.0,1357880.0,1243970.0,49.084,5.33,3.55,0.0000,-0.028369293160763556,1.3873,0,29,120,2009-10-30
300026.SZ,2023-12-04,4.53,4.52,4.59,4.45,4.52,0.0,0.0,646824.0,292428.0,2.3503,3.4866,0.64,21.7546,20.4848,1.5582,2.0419,2.0351,0.885,0.6637,300415.0,275215.0,185518.0,1357880.0,1243970.0,49.084,5.42,3.62,0.0000,0.08893665436834343,1.3873,0,29,120,2009-10-30
300026.SZ,2023-12-05,4.5,4.43,4.54,4.43,4.52,-0.09,-1.9912,572848.0,256219.0,2.0815,3.0878,0.66,21.3214,20.0769,1.5272,2.0013,1.9946,0.9029,0.6772,300415.0,275215.0,185518.0,1330840.0,1219200.0,49.084,5.42,3.62,0.0000,-0.050382890610143755,1.3873,0,29,120,2009-10-30
300026.SZ,2023-12-06,4.42,4.41,4.45,4.37,4.43,-0.02,-0.4515,471254.0,207682.0,1.7123,2.5402,0.58,21.2251,19.9863,1.5203,1.9922,1.9856,0.907,0.6803,300415.0,275215.0,185518.0,1324830.0,1213700.0,49.084,5.32,3.54,0.0000,-0.2625326617696899,1.3873,0,29,120,2009-10-30
300026.SZ,2023-12-07,4.41,4.36,4.41,4.34,4.41,-0.05,-1.1338,430066.0,187924.0,1.5627,2.3182,0.6,20.9845,19.7597,1.5031,1.9696,1.9631,0.9174,0.6881,300415.0,275215.0,185518.0,1309810.0,1199940.0,49.084,5.29,3.53,0.0000,-0.2529974919648715,1.3873,0,29,120,2009-10-30
300026.SZ,2023-12-08,4.35,4.37,4.41,4.33,4.36,0.01,0.2294,370648.0,162125.0,1.3468,1.9979,0.63,21.0326,19.805,1.5065,1.9742,1.9676,0.9153,0.6865,300415.0,275215.0,185518.0,1312820.0,1202690.0,49.084,5.23,3.49,0.0000,-0.0589405535722287,1.3873,0,29,120,2009-10-30
300026.SZ,2023-12-11,4.35,4.42,4.43,4.31,4.37,0.05,1.1442,392663.0,171746.0,1.4268,2.1166,0.79,21.2733,20.0316,1.5238,1.9967,1.9901,0.905,0.6787,300415.0,275215.0,185518.0,1327840.0,1216450.0,49.084,5.24,3.5,0.0000,-0.06161081219112442,1.3873,0,29,120,2009-10-30
300026.SZ,2023-12-12,4.41,4.41,4.47,4.4,4.42,-0.01,-0.2262,352712.0,156099.0,1.2816,1.9012,0.79,21.2251,19.9863,1.5203,1.9922,1.9856,0.907,0.6803,300415.0,275215.0,185518.0,1324830.0,1213700.0,49.084,5.3,3.54,0.0000,-0.0818342481812739,1.3873,0,29,120,2009-10-30
300026.SZ,2023-12-13,4.41,4.58,4.66,4.4,4.41,0.17,3.8549,1237180.0,563432.0,4.4953,6.6688,3.07,22.0433,20.7567,1.5789,2.069,2.0621,0.8734,0.655,300415.0,275215.0,185518.0,1375900.0,1260480.0,49.084,5.29,3.53,0.0000,0.1568990813653391,1.3873,0,29,120,2009-10-30
300026.SZ,2023-12-14,4.58,4.46,4.59,4.45,4.58,-0.12,-2.6201,759002.0,342582.0,2.7579,4.0913,1.36,21.4658,20.2129,1.5376,2.0148,2.0081,0.8969,0.6726,300415.0,275215.0,185518.0,1339850.0,1227460.0,49.084,5.5,3.66,0.0000,-0.1737524039337036,1.3873,0,29,120,2009-10-30
300026.SZ,2023-12-15,4.46,4.35,4.47,4.35,4.46,-0.11,-2.4664,669107.0,293117.0,2.4312,3.6067,1.07,20.9364,19.7144,1.4996,1.9651,1.9586,0.9195,0.6897,300415.0,275215.0,185518.0,1306810.0,1197180.0,49.084,5.35,3.57,0.0000,-0.06553644257507936,1.3873,0,29,120,2009-10-30
300026.SZ,2023-12-18,4.34,4.33,4.4,4.31,4.35,-0.02,-0.4598,374926.0,163138.0,1.3623,2.021,0.55,20.8401,19.6237,1.4927,1.9561,1.9496,0.9238,0.6928,300415.0,275215.0,185518.0,1300800.0,1191680.0,49.084,5.22,3.48,0.0000,0.0005221973374354711,1.3873,0,29,120,2009-10-30
300026.SZ,2023-12-19,4.32,4.28,4.33,4.24,4.33,-0.05,-1.1547,338048.0,144444.0,1.2283,1.8222,0.5,20.5994,19.3971,1.4755,1.9335,1.9271,0.9346,0.7009,300415.0,275215.0,185518.0,1285780.0,1177920.0,49.084,5.2,3.46,0.0000,-0.021507584400462708,1.3873,0,29,120,2009-10-30
300026.SZ,2023-12-20,4.29,4.22,4.32,4.22,4.28,-0.06,-1.4019,320315.0,136503.0,1.1639,1.7266,0.47,20.3107,19.1252,1.4548,1.9064,1.9,0.9479,0.7109,300415.0,275215.0,185518.0,1267750.0,1161410.0,49.084,5.14,3.42,0.0000,-0.08465790154512624,1.3873,0,29,120,2009-10-30
300026.SZ,2023-12-21,4.22,4.26,4.27,4.17,4.22,0.04,0.9479,296112.0,124955.0,1.0759,1.5961,0.6,20.5032,19.3065,1.4686,1.9245,1.9181,0.939,0.7042,300415.0,275215.0,185518.0,1279770.0,1172420.0,49.084,5.06,3.38,0.0000,0.003576118010773875,1.3873,0,29,120,2009-10-30
300026.SZ,2023-12-22,4.25,4.19,4.26,4.18,4.26,-0.07,-1.6432,338190.0,142354.0,1.2288,1.8229,0.85,20.1663,18.9892,1.4445,1.8928,1.8865,0.9547,0.716,300415.0,275215.0,185518.0,1258740.0,1153150.0,49.084,5.11,3.41,0.0000,-0.2252824730062914,1.3873,0,29,120,2009-10-30
300026.SZ,2023-12-25,4.2,4.2,4.23,4.17,4.19,0.01,0.2387,213325.0,89435.3,0.7751,1.1499,0.64,20.2144,19.0346,1.4479,1.8974,1.891,0.9524,0.7143,300415.0,275215.0,185518.0,1261740.0,1155900.0,49.084,5.03,3.35,0.0000,0.06350933461485415,1.3873,0,29,120,2009-10-30
300026.SZ,2023-12-26,4.19,4.15,4.21,4.15,4.2,-0.05,-1.1905,197736.0,82466.6,0.7185,1.0659,0.66,19.9738,18.808,1.4307,1.8748,1.8685,0.9639,0.7229,300415.0,275215.0,185518.0,1246720.0,1142140.0,49.084,5.04,3.36,0.0000,-0.15776758353724862,1.3873,0,29,120,2009-10-30
300026.SZ,2023-12-27,4.15,4.16,4.17,4.11,4.15,0.01,0.241,244837.0,101380.0,0.8896,1.3197,0.9,20.0219,18.8533,1.4341,1.8793,1.873,0.9615,0.7212,300415.0,275215.0,185518.0,1249730.0,1144890.0,49.084,4.98,3.32,0.0000,0.0020205757280156653,1.3873,0,29,120,2009-10-30
300026.SZ,2023-12-28,4.14,4.21,4.23,4.12,4.16,0.05,1.2019,300075.0,125839.0,1.0903,1.6175,1.16,20.2625,19.0799,1.4514,1.9019,1.8955,0.9501,0.7126,300415.0,275215.0,185518.0,1264750.0,1158650.0,49.084,4.99,3.33,0.0000,0.1793392897579664,1.3873,0,29,120,2009-10-30
300026.SZ,2023-12-29,4.2,4.24,4.26,4.2,4.21,0.03,0.7126,297010.0,125752.0,1.0792,1.5719,1.15,20.4069,19.2159,1.4617,1.9154,1.909,0.9434,0.7075,300415.0,275215.0,188945.0,1273760.0,1166910.0,49.084,5.05,3.37,0.0000,0.021200688125854454,1.3873,0,29,120,2009-10-30
300026.SZ,2024-01-02,4.23,4.26,4.31,4.22,4.24,0.02,0.4717,401145.0,171253.0,1.4576,2.1231,1.6,20.5032,19.3065,1.4686,1.9245,1.9181,0.7042,0.7042,300415.0,275215.0,188945.0,1279770.0,1172420.0,49.084,5.09,3.39,0.0000,0.05442252776384722,1.3873,0,29,120,2009-10-30
300026.SZ,2024-01-03,4.26,4.3,4.39,4.25,4.26,0.04,0.939,478880.0,207316.0,1.74,2.5345,1.66,20.6957,19.4878,1.4824,1.9425,1.9361,0.6977,0.6977,300415.0,275215.0,188945.0,1291790.0,1183420.0,49.084,5.11,3.41,0.0000,0.012969536119094219,1.3873,0,29,120,2009-10-30
300026.SZ,2024-01-04,4.28,4.25,4.29,4.23,4.3,-0.05,-1.1628,333198.0,141621.0,1.2107,1.7635,0.97,20.4551,19.2612,1.4652,1.9199,1.9136,0.7059,0.7059,300415.0,275215.0,188945.0,1276770.0,1169660.0,49.084,5.16,3.44,0.0000,-0.049196041501622025,1.3873,0,29,120,2009-10-30
300026.SZ,2024-01-05,4.25,4.18,4.27,4.17,4.25,-0.07,-1.6471,303290.0,127919.0,1.102,1.6052,0.84,20.1181,18.9439,1.441,1.8883,1.882,0.7177,0.7177,300415.0,275215.0,188945.0,1255740.0,1150400.0,49.084,5.1,3.4,0.0000,-0.1702660463771437,1.3873,0,29,120,2009-10-30
300026.SZ,2024-01-08,4.18,4.11,4.19,4.11,4.18,-0.07,-1.6746,238779.0,98765.7,0.8676,1.2637,0.66,19.7812,18.6267,1.4169,1.8567,1.8505,0.7299,0.7299,300415.0,275215.0,188945.0,1234710.0,1131130.0,49.084,5.02,3.34,0.0000,-0.19661383081079895,1.3873,0,29,120,2009-10-30
300026.SZ,2024-01-09,4.11,4.13,4.16,4.1,4.11,0.02,0.4866,164120.0,67799.8,0.5963,0.8686,0.47,19.8775,18.7173,1.4238,1.8657,1.8595,0.7264,0.7264,300415.0,275215.0,188945.0,1240720.0,1136640.0,49.084,4.93,3.29,0.0000,0.07095146348390281,1.3873,0,29,120,2009-10-30
300026.SZ,2024-01-10,4.12,4.1,4.14,4.07,4.13,-0.03,-0.7264,181614.0,74545.2,0.6599,0.9612,0.6,19.7331,18.5814,1.4135,1.8522,1.846,0.7317,0.7317,300415.0,275215.0,188945.0,1231700.0,1128380.0,49.084,4.96,3.3,0.0000,0.010113619271832935,1.3873,0,29,120,2009-10-30
300026.SZ,2024-01-11,4.11,4.16,4.16,4.1,4.1,0.06,1.4634,231877.0,95955.6,0.8425,1.2272,0.95,20.0219,18.8533,1.4341,1.8793,1.873,0.7212,0.7212,300415.0,275215.0,188945.0,1249730.0,1144890.0,49.084,4.92,3.28,0.0000,0.07771640254836805,1.3873,0,29,120,2009-10-30
300026.SZ,2024-01-12,4.14,4.13,4.18,4.12,4.16,-0.03,-0.7212,189932.0,78895.7,0.6901,1.0052,0.85,19.8775,18.7173,1.4238,1.8657,1.8595,0.7264,0.7264,300415.0,275215.0,188945.0,1240720.0,1136640.0,49.084,4.99,3.33,0.0000,-0.04245819676062553,1.3873,0,29,120,2009-10-30
300026.SZ,2024-01-15,4.12,4.14,4.17,4.1,4.13,0.01,0.2421,190248.0,78699.6,0.6913,1.0069,0.95,19.9256,18.7626,1.4272,1.8702,1.864,0.7246,0.7246,300415.0,275215.0,188945.0,1243720.0,1139390.0,49.084,4.96,3.3,0.0000,0.04346536224037685,1.3873,0,29,120,2009-10-30
300026.SZ,2024-01-16,4.13,4.1,4.14,4.07,4.14,-0.04,-0.9662,218903.0,89814.3,0.7954,1.1586,1.14,19.7331,18.5814,1.4135,1.8522,1.846,0.7317,0.7317,300415.0,275215.0,188945.0,1231700.0,1128380.0,49.084,4.97,3.31,0.0000,-0.21433305438953137,1.3873,0,29,120,2009-10-30
300026.SZ,2024-01-17,4.09,4.01,4.12,4.01,4.1,-0.09,-2.1951,193815.0,78860.0,0.7042,1.0258,0.96,19.2999,18.1735,1.3824,1.8115,1.8055,0.7481,0.7481,300415.0,275215.0,188945.0,1204670.0,1103610.0,49.084,4.92,3.28,0.0000,-0.0675539287988894,1.3873,0,29,120,2009-10-30
300026.SZ,2024-01-18,4.0,3.99,4.01,3.86,4.01,-0.02,-0.4988,358507.0,140528.0,1.3026,1.8974,1.75,19.2037,18.0828,1.3755,1.8025,1.7965,0.7519,0.7519,300415.0,275215.0,188945.0,1198660.0,1098110.0,49.084,4.81,3.21,0.0000,-0.18324805010287867,1.3873,0,29,120,2009-10-30
300026.SZ,2024-01-19,3.97,3.91,3.99,3.91,3.99,-0.08,-2.005,219670.0,86557.1,0.7982,1.1626,0.95,18.8187,17.7203,1.3479,1.7663,1.7605,0.7673,0.7673,300415.0,275215.0,188945.0,1174620.0,1076090.0,49.084,4.79,3.19,0.0000,-0.02652696445725631,1.3873,0,29,120,2009-10-30
300026.SZ,2024-01-22,3.88,3.64,3.89,3.6,3.91,-0.27,-6.9054,396518.0,149018.0,1.4408,2.0986,1.68,17.5192,16.4966,1.2549,1.6444,1.6389,0.8242,0.8242,300415.0,275215.0,188945.0,1093510.0,1001780.0,49.084,4.69,3.13,0.0000,-0.33322760341853896,1.3873,0,29,120,2009-10-30
300026.SZ,2024-01-23,3.63,3.67,3.69,3.6,3.64,0.03,0.8242,304529.0,111141.0,1.1065,1.6117,1.1,17.6635,16.6326,1.2652,1.6579,1.6524,0.8174,0.8174,300415.0,275215.0,188945.0,1102520.0,1010040.0,49.084,4.37,2.91,0.0000,0.11402996271236547,1.3873,0,29,120,2009-10-30
300026.SZ,2024-01-24,3.68,3.75,3.76,3.61,3.67,0.08,2.1798,321258.0,118582.0,1.1673,1.7003,1.09,18.0486,16.9952,1.2928,1.6941,1.6884,0.8,0.8,300415.0,275215.0,188945.0,1126560.0,1032060.0,49.084,4.4,2.94,0.0000,0.06269932962048923,1.3873,0,29,120,2009-10-30
300026.SZ,2024-01-25,3.76,3.88,3.89,3.73,3.75,0.13,3.4667,461858.0,177446.0,1.6782,2.4444,1.44,18.6743,17.5843,1.3376,1.7528,1.747,0.7732,0.7732,300415.0,275215.0,188945.0,1165610.0,1067830.0,49.084,4.5,3.0,0.0000,0.14251029547946872,1.3873,0,29,120,2009-10-30
300026.SZ,2024-01-26,3.9,3.89,3.97,3.87,3.88,0.01,0.2577,431308.0,168814.0,1.5672,2.2827,1.27,18.7224,17.6296,1.3411,1.7573,1.7515,0.7712,0.7712,300415.0,275215.0,188945.0,1168620.0,1070590.0,49.084,4.66,3.1,0.0000,-0.021625594294747284,1.3873,0,29,120,2009-10-30
300026.SZ,2024-01-29,3.9,3.83,3.93,3.81,3.89,-0.06,-1.5424,270804.0,104140.0,0.984,1.4332,0.71,18.4336,17.3577,1.3204,1.7302,1.7244,0.7833,0.7833,300415.0,275215.0,188945.0,1150590.0,1054070.0,49.084,4.67,3.11,0.0000,-0.2243962296395103,1.3873,0,29,120,2009-10-30
300026.SZ,2024-01-30,3.8,3.73,3.83,3.72,3.83,-0.1,-2.611,206525.0,78176.0,0.7504,1.093,0.58,17.9523,16.9045,1.2859,1.685,1.6794,0.8043,0.8043,300415.0,275215.0,188945.0,1120550.0,1026550.0,49.084,4.6,3.06,0.0000,-0.11127006387305939,1.3873,0,29,120,2009-10-30
300026.SZ,2024-01-31,3.7,3.59,3.73,3.58,3.73,-0.14,-3.7534,364254.0,132620.0,1.3235,1.9278,1.08,17.2785,16.27,1.2376,1.6218,1.6164,0.8357,0.8357,300415.0,275215.0,188945.0,1078490.0,988021.0,49.084,4.48,2.98,0.0000,-0.06189114772586153,1.3873,0,29,120,2009-10-30
300026.SZ,2024-02-01,3.55,3.53,3.63,3.49,3.59,-0.06,-1.6713,274653.0,97655.7,0.998,1.4536,0.79,16.9897,15.9981,1.2169,1.5947,1.5894,0.8499,0.8499,300415.0,275215.0,188945.0,1060470.0,971508.0,49.084,4.31,2.87,0.0000,0.017384490789427554,1.3873,0,29,120,2009-10-30
300026.SZ,2024-02-02,3.54,3.36,3.6,3.26,3.53,-0.17,-4.8159,381274.0,130905.0,1.3854,2.0179,1.23,16.1715,15.2277,1.1583,1.5179,1.5128,0.8929,0.8929,300415.0,275215.0,188945.0,1009400.0,924722.0,49.084,4.24,2.82,0.0000,-0.2677329044222768,1.3873,0,29,120,2009-10-30
300026.SZ,2024-02-05,3.32,3.22,3.39,3.07,3.36,-0.14,-4.1667,550307.0,177492.0,1.9996,2.9125,1.84,15.4977,14.5932,1.1101,1.4546,1.4498,0.9317,0.9317,300415.0,275215.0,188945.0,967338.0,886192.0,49.084,4.03,2.69,0.0000,-0.238947117564562,1.3873,0,29,120,2009-10-30
300026.SZ,2024-02-06,3.18,3.61,3.64,3.17,3.22,0.39,12.1118,640239.0,220343.0,2.3263,3.3885,1.8,17.3748,16.3607,1.2445,1.6308,1.6254,0.831,0.831,300415.0,275215.0,188945.0,1084500.0,993526.0,49.084,3.86,2.58,0.0000,0.06292039207783462,1.3873,0,29,120,2009-10-30
300026.SZ,2024-02-07,3.62,3.89,3.89,3.6,3.61,0.28,7.7562,884181.0,337614.0,3.2127,4.6796,2.0,18.7224,17.6296,1.3411,1.7573,1.7515,0.7712,0.7712,300415.0,275215.0,188945.0,1168620.0,1070590.0,49.084,4.33,2.89,0.0000,-0.24073582488672313,1.3873,0,29,120,2009-10-30
300026.SZ,2024-02-08,3.94,3.91,4.09,3.87,3.89,0.02,0.5141,940932.0,375750.0,3.4189,4.9799,1.72,18.8187,17.7203,1.3479,1.7663,1.7605,0.7673,0.7673,300415.0,275215.0,188945.0,1174620.0,1076090.0,49.084,4.67,3.11,0.0000,-0.245300558380507,1.3873,0,29,120,2009-10-30
300026.SZ,2024-02-19,3.95,3.87,3.97,3.83,3.91,-0.04,-1.023,552271.0,214224.0,2.0067,2.9229,0.81,18.6261,17.539,1.3342,1.7483,1.7425,0.7752,0.7752,300415.0,275215.0,188945.0,1162610.0,1065080.0,49.084,4.69,3.13,0.0000,-0.001165897994858637,1.3873,0,29,120,2009-10-30
300026.SZ,2024-02-20,3.88,3.91,3.97,3.82,3.87,0.04,1.0336,473700.0,185350.0,1.7212,2.5071,0.66,18.8187,17.7203,1.3479,1.7663,1.7605,0.7673,0.7673,300415.0,275215.0,188945.0,1174620.0,1076090.0,49.084,4.64,3.1,0.0000,0.09251372709182633,1.3873,0,29,120,2009-10-30
300026.SZ,2024-02-21,3.88,3.9,3.97,3.83,3.91,-0.01,-0.2558,576516.0,225682.0,2.0948,3.0512,0.83,18.7705,17.675,1.3445,1.7618,1.756,0.7692,0.7692,300415.0,275215.0,188945.0,1171620.0,1073340.0,49.084,4.69,3.13,0.0000,-0.018726734857373098,1.3873,0,29,120,2009-10-30
300026.SZ,2024-02-22,3.88,3.94,3.95,3.86,3.9,0.04,1.0256,474551.0,185314.0,1.7243,2.5116,0.69,18.963,17.8562,1.3583,1.7799,1.774,0.7614,0.7614,300415.0,275215.0,188945.0,1183640.0,1084350.0,49.084,4.68,3.12,0.0000,0.035948575683049204,1.3873,0,29,120,2009-10-30
300026.SZ,2024-02-23,3.93,3.95,3.95,3.87,3.94,0.01,0.2538,486824.0,190425.0,1.7689,2.5765,0.81,19.0112,17.9016,1.3617,1.7844,1.7785,0.7595,0.7595,300415.0,275215.0,188945.0,1186640.0,1087100.0,49.084,4.73,3.15,0.0000,-0.032460669303748184,1.3873,0,29,120,2009-10-30
300026.SZ,2024-02-26,3.95,4.01,4.08,3.91,3.95,0.06,1.519,630931.0,251565.0,2.2925,3.3392,1.23,19.2999,18.1735,1.3824,1.8115,1.8055,0.7481,0.7481,300415.0,275215.0,188945.0,1204670.0,1103610.0,49.084,4.74,3.16,0.0000,0.08525214042209116,1.3873,0,29,120,2009-10-30
300026.SZ,2024-02-27,3.98,4.06,4.06,3.96,4.01,0.05,1.2469,476977.0,191751.0,1.7331,2.5244,0.9,19.5406,18.4001,1.3997,1.8341,1.828,0.7389,0.7389,300415.0,275215.0,188945.0,1219690.0,1117370.0,49.084,4.81,3.21,0.0000,0.054628151183430625,1.3873,0,29,120,2009-10-30
300026.SZ,2024-02-28,4.05,3.9,4.14,3.9,4.06,-0.16,-3.9409,771674.0,312359.0,2.8039,4.0841,1.46,18.7705,17.675,1.3445,1.7618,1.756,0.7692,0.7692,300415.0,275215.0,188945.0,1171620.0,1073340.0,49.084,4.87,3.25,0.0000,-0.1331880445038469,1.3873,0,29,120,2009-10-30
300026.SZ,2024-02-29,3.85,3.97,3.99,3.84,3.9,0.07,1.7949,559950.0,220916.0,2.0346,2.9398,0.99,19.1074,17.9922,1.3686,1.7935,1.7875,0.7557,0.7557,300415.0,275215.0,190475.0,1192650.0,1092600.0,49.084,4.68,3.12,0.0000,-0.1895421459626474,1.3873,0,29,120,2009-10-30
300026.SZ,2024-03-01,3.96,3.96,3.99,3.92,3.97,-0.01,-0.2519,351062.0,138791.0,1.2756,1.8431,0.6,19.0593,22.48,1.3623,1.7889,1.9416,0.7576,0.7576,300415.0,275215.0,190475.0,1189650.0,1089850.0,49.084,4.76,3.18,0.0000,-0.212695992829995,1.3873,0,29,120,2009-10-30
300026.SZ,2024-03-04,3.97,4.0,4.04,3.94,3.96,0.04,1.0101,472084.0,188158.0,1.7153,2.4785,0.85,19.2518,22.7071,1.3761,1.807,1.9612,0.75,0.75,300415.0,275215.0,190475.0,1201660.0,1100860.0,49.084,4.75,3.17,0.0000,0.010017825685805344,1.3873,0,29,120,2009-10-30
300026.SZ,2024-03-05,3.98,3.93,3.99,3.91,4.0,-0.07,-1.75,364141.0,143210.0,1.3231,1.9118,0.69,18.9149,22.3097,1.352,1.7754,1.9268,0.7634,0.7634,300415.0,275215.0,190475.0,1180630.0,1081590.0,49.084,4.8,3.2,0.0000,-0.19311925375672293,1.3873,0,29,120,2009-10-30
300026.SZ,2024-03-06,3.91,3.9,3.94,3.84,3.93,-0.03,-0.7634,322590.0,125478.0,1.1721,1.6936,0.64,18.7705,22.1394,1.3417,1.7618,1.9121,0.7692,0.7692,300415.0,275215.0,190475.0,1171620.0,1073340.0,49.084,4.72,3.14,0.0000,-0.3195377051199674,1.3873,0,29,120,2009-10-30
300026.SZ,2024-03-07,3.89,3.88,3.95,3.87,3.9,-0.02,-0.5128,366159.0,143237.0,1.3304,1.9223,0.88,18.6743,22.0259,1.3348,1.7528,1.9023,0.7732,0.7732,300415.0,275215.0,190475.0,1165610.0,1067830.0,49.084,4.68,3.12,0.0000,0.33062110788961396,1.3873,0,29,120,2009-10-30
300026.SZ,2024-03-08,3.88,3.89,3.91,3.84,3.88,0.01,0.2577,251992.0,97620.2,0.9156,1.323,0.67,18.7224,22.0827,1.3382,1.7573,1.9072,0.7712,0.7712,300415.0,275215.0,190475.0,1168620.0,1070590.0,49.084,4.66,3.1,0.0000,0.11664578235664268,1.3873,0,29,120,2009-10-30
300026.SZ,2024-03-11,3.88,3.95,3.96,3.88,3.89,0.06,1.5424,320589.0,125886.0,1.1649,1.6831,0.9,19.0112,22.4233,1.3589,1.7844,1.9367,0.7595,0.7595,300415.0,275215.0,190475.0,1186640.0,1087100.0,49.084,4.67,3.11,0.0000,0.11833555416710785,1.3873,0,29,120,2009-10-30
300026.SZ,2024-03-12,3.99,4.12,4.2,3.98,3.95,0.17,4.3038,1251410.0,517126.0,4.547,6.5699,3.85,19.8294,23.3883,1.4173,1.8612,2.02,0.7282,0.7282,300415.0,275215.0,190475.0,1237710.0,1133890.0,49.084,4.74,3.16,0.0000,-0.04206952851619083,1.3873,0,29,120,2009-10-30
300026.SZ,2024-03-13,4.07,4.04,4.09,4.01,4.12,-0.08,-1.9417,667540.0,269279.0,2.4255,3.5046,1.33,19.4443,22.9342,1.3898,1.8251,1.9808,0.7426,0.7426,300415.0,275215.0,190475.0,1213680.0,1111870.0,49.084,4.94,3.3,0.0000,-0.07768484275789753,1.3873,0,29,120,2009-10-30
300026.SZ,2024-03-14,4.1,4.05,4.2,4.01,4.04,0.01,0.2475,592795.0,242508.0,2.1539,3.1122,1.04,19.4925,22.9909,1.3933,1.8296,1.9857,0.7407,0.7407,300415.0,275215.0,190475.0,1216680.0,1114620.0,49.084,4.85,3.23,0.0000,-0.056166438323398266,1.3873,0,29,120,2009-10-30
300026.SZ,2024-03-15,4.02,4.05,4.07,4.0,4.05,0.0,0.0,446809.0,179831.0,1.6235,2.3458,0.72,19.4925,22.9909,1.3933,1.8296,1.9857,0.7407,0.7407,300415.0,275215.0,190475.0,1216680.0,1114620.0,49.084,4.86,3.24,0.0000,-0.0036091960267887885,1.3873,0,29,120,2009-10-30
300026.SZ,2024-03-18,4.07,4.12,4.19,4.04,4.05,0.07,1.7284,748353.0,306909.0,2.7192,3.9289,1.14,19.8294,23.3883,1.4173,1.8612,2.02,0.7282,0.7282,300415.0,275215.0,190475.0,1237710.0,1133890.0,49.084,4.86,3.24,0.0000,0.022207631138082422,1.3873,0,29,120,2009-10-30
300026.SZ,2024-03-19,4.1,4.04,4.11,4.04,4.12,-0.08,-1.9417,470697.0,191709.0,1.7103,2.4712,0.63,19.4443,22.9342,1.3898,1.8251,1.9808,0.7426,0.7426,300415.0,275215.0,190475.0,1213680.0,1111870.0,49.084,4.94,3.3,0.0000,-0.1535525934714068,1.3873,0,29,120,2009-10-30
300026.SZ,2024-03-20,4.04,4.07,4.08,4.02,4.04,0.03,0.7426,349750.0,141571.0,1.2708,1.7006,0.6,19.5887,23.1045,1.4001,1.8386,1.9955,0.7371,0.7371,300415.0,275215.0,205663.0,1222690.0,1120120.0,49.084,4.85,3.23,0.0000,-0.0317890713115043,1.3873,0,29,120,2009-10-30
300026.SZ,2024-03-21,4.07,4.04,4.08,4.02,4.07,-0.03,-0.7371,315158.0,127465.0,1.1451,1.5324,0.6,19.4443,22.9342,1.3898,1.8251,1.9808,0.7426,0.7426,300415.0,275215.0,205663.0,1213680.0,1111870.0,49.084,4.88,3.26,0.0000,0.03348765733592979,1.3873,0,29,120,2009-10-30
300026.SZ,2024-03-22,4.02,3.95,4.03,3.93,4.04,-0.09,-2.2277,405989.0,161245.0,1.4752,1.974,0.87,19.0112,22.4233,1.3589,1.7844,1.9367,0.7595,0.7595,300415.0,275215.0,205663.0,1186640.0,1087100.0,49.084,4.85,3.23,0.0000,-0.10691687619624188,1.3873,0,29,120,2009-10-30
300026.SZ,2024-03-25,3.93,3.87,3.98,3.86,3.95,-0.08,-2.0253,371556.0,145640.0,1.3501,1.8066,0.81,18.6261,21.9691,1.3313,1.7483,1.8974,0.7752,0.7752,300415.0,275215.0,205663.0,1162610.0,1065080.0,49.084,4.74,3.16,0.0000,-0.06684813059486504,1.3873,0,29,120,2009-10-30
300026.SZ,2024-03-26,3.86,3.93,3.95,3.83,3.87,0.06,1.5504,363703.0,141300.0,1.3215,1.7684,0.95,18.9149,22.3097,1.352,1.7754,1.9268,0.7634,0.7634,300415.0,275215.0,205663.0,1180630.0,1081590.0,49.084,4.64,3.1,0.0000,0.29845603893771766,1.3873,0,29,120,2009-10-30
300026.SZ,2024-03-27,3.92,3.88,3.97,3.88,3.93,-0.05,-1.2723,333115.0,131056.0,1.2104,1.6197,0.92,18.6743,22.0259,1.3348,1.7528,1.9023,0.7732,0.7732,300415.0,275215.0,205663.0,1165610.0,1067830.0,49.084,4.72,3.14,0.0000,0.03902185295421175,1.3873,0,29,120,2009-10-30
300026.SZ,2024-03-28,3.87,3.9,3.93,3.85,3.88,0.02,0.5155,289517.0,112790.0,1.052,1.4077,0.81,18.7705,22.1394,1.3417,1.7618,1.9121,0.7692,0.7692,300415.0,275215.0,205663.0,1171620.0,1073340.0,49.084,4.66,3.1,0.0000,0.0167390573041574,1.3873,0,29,120,2009-10-30
300026.SZ,2024-03-29,3.88,3.91,3.92,3.87,3.9,0.01,0.2564,236229.0,92008.4,0.8581,1.1669,0.67,23.185,23.185,1.3486,1.9228,1.9228,0.7673,0.7673,300415.0,275292.0,202440.0,1174620.0,1076390.0,49.084,4.68,3.12,0.0000,0.15316130787530555,-0.7396,0,29,120,2009-10-30
300026.SZ,2024-04-01,3.92,3.99,3.99,3.92,3.91,0.08,2.046,329331.0,130339.0,1.1963,1.6268,1.03,23.6594,23.6594,1.3762,1.9622,1.9622,0.7519,0.7519,300415.0,275292.0,202440.0,1198660.0,1098410.0,49.084,4.69,3.13,0.0000,0.12666613450046038,-0.7396,0,29,120,2009-10-30
300026.SZ,2024-04-02,4.01,3.98,4.02,3.96,3.99,-0.01,-0.2506,247176.0,98363.2,0.8979,1.221,0.8,23.6001,23.6001,1.3727,1.9572,1.9572,0.7538,0.7538,300415.0,275292.0,202440.0,1195650.0,1095660.0,49.084,4.79,3.19,0.0000,-0.013082538289939369,-0.7396,0,29,120,2009-10-30
300026.SZ,2024-04-03,3.97,3.95,3.98,3.94,3.98,-0.03,-0.7538,263020.0,104113.0,0.9554,1.2992,0.92,23.4222,23.4222,1.3624,1.9425,1.9425,0.7595,0.7595,300415.0,275292.0,202440.0,1186640.0,1087400.0,49.084,4.78,3.18,0.0000,0.027050724888226515,-0.7396,0,29,120,2009-10-30
300026.SZ,2024-04-08,3.94,3.84,3.94,3.84,3.95,-0.11,-2.7848,292288.0,113211.0,1.0617,1.4438,1.07,22.7699,22.7699,1.3244,1.8884,1.8884,0.7813,0.7813,300415.0,275292.0,202440.0,1153600.0,1057120.0,49.084,4.74,3.16,0.0000,-0.1357055579225154,-0.7396,0,29,120,2009-10-30
300026.SZ,2024-04-09,3.84,3.88,3.89,3.8,3.84,0.04,1.0417,237187.0,91233.7,0.8616,1.1716,0.87,23.0071,23.0071,1.3382,1.9081,1.9081,0.7732,0.7732,300415.0,275292.0,202440.0,1165610.0,1068130.0,49.084,4.61,3.07,0.0000,0.0643792917533415,-0.7396,0,29,120,2009-10-30
300026.SZ,2024-04-10,3.86,3.8,3.88,3.77,3.88,-0.08,-2.0619,248507.0,94915.9,0.9027,1.2276,0.91,22.5327,22.5327,1.3106,1.8687,1.8687,0.7895,0.7895,300415.0,275292.0,202440.0,1141580.0,1046110.0,49.084,4.66,3.1,0.0000,-0.16048856370608494,-0.7396,0,29,120,2009-10-30
300026.SZ,2024-04-11,3.77,3.79,3.82,3.75,3.8,-0.01,-0.2632,202661.0,76842.2,0.7362,1.0011,0.79,22.4734,22.4734,1.3072,1.8638,1.8638,0.7916,0.7916,300415.0,275292.0,202440.0,1138570.0,1043360.0,49.084,4.56,3.04,0.0000,0.03716365215766407,-0.7396,0,29,120,2009-10-30
300026.SZ,2024-04-12,3.78,3.71,3.79,3.71,3.79,-0.08,-2.1108,215419.0,80639.2,0.7825,1.0641,0.87,21.9991,21.9991,1.2796,1.8245,1.8245,0.8086,0.8086,300415.0,275292.0,202440.0,1114540.0,1021330.0,49.084,4.55,3.03,0.0000,-0.23954676813798134,-0.7396,0,29,120,2009-10-30
300026.SZ,2024-04-15,3.71,3.7,3.77,3.64,3.71,-0.01,-0.2695,249236.0,92360.0,0.9054,1.2312,1.04,21.9398,21.9398,1.2762,1.8196,1.8196,0.8108,0.8108,300415.0,275292.0,202440.0,1111540.0,1018580.0,49.084,4.45,2.97,0.0000,-0.09150492156725369,-0.7396,0,29,120,2009-10-30
300026.SZ,2024-04-16,3.67,3.59,3.72,3.58,3.7,-0.11,-2.973,341692.0,123861.0,1.2412,1.6879,1.48,21.2875,21.2875,1.2382,1.7655,1.7655,0.8357,0.8357,300415.0,275292.0,202440.0,1078490.0,988297.0,49.084,4.44,2.96,0.0000,-0.12322528236942747,-0.7396,0,29,120,2009-10-30
300026.SZ,2024-04-17,3.61,3.71,3.71,3.59,3.59,0.12,3.3426,332052.0,122082.0,1.2062,1.6402,1.32,21.9991,21.9991,1.2796,1.8245,1.8245,0.8086,0.8086,300415.0,275292.0,202440.0,1114540.0,1021330.0,49.084,4.31,2.87,0.0000,-0.04278865109046503,-0.7396,0,29,120,2009-10-30
300026.SZ,2024-04-18,3.71,3.68,3.73,3.66,3.71,-0.03,-0.8086,226911.0,83874.9,0.8243,1.1209,0.85,21.8212,21.8212,1.2693,1.8097,1.8097,0.8152,0.8152,300415.0,275292.0,202440.0,1105530.0,1013070.0,49.084,4.45,2.97,0.0000,-0.06062139337583601,-0.7396,0,29,120,2009-10-30
300026.SZ,2024-04-19,3.66,3.69,3.74,3.66,3.68,0.01,0.2717,226335.0,83620.8,0.8222,1.118,0.83,21.8805,21.8805,1.2727,1.8146,1.8146,0.813,0.813,300415.0,275292.0,202440.0,1108530.0,1015830.0,49.084,4.42,2.94,0.0000,0.0729585083966694,-0.7396,0,29,120,2009-10-30
300026.SZ,2024-04-22,3.67,3.7,3.74,3.64,3.69,0.01,0.271,192620.0,71166.7,0.6997,0.9515,0.7,21.9398,21.9398,1.2762,1.8196,1.8196,0.8108,0.8108,300415.0,275292.0,202440.0,1111540.0,1018580.0,49.084,4.43,2.95,0.0000,0.054799878212080926,-0.7396,0,29,120,2009-10-30
300026.SZ,2024-04-23,3.69,3.69,3.72,3.66,3.7,-0.01,-0.2703,185916.0,68565.9,0.6753,0.9184,0.7,21.8805,21.8805,1.2727,1.8146,1.8146,0.813,0.813,300415.0,275292.0,202440.0,1108530.0,1015830.0,49.084,4.44,2.96,0.0000,0.08493624783247787,-0.7396,0,29,120,2009-10-30
300026.SZ,2024-04-24,3.69,3.71,3.71,3.66,3.69,0.02,0.542,162988.0,60120.0,0.5921,0.8051,0.7,21.9991,21.9991,1.2796,1.8245,1.8245,0.8086,0.8086,300415.0,275292.0,202440.0,1114540.0,1021330.0,49.084,4.43,2.95,0.0000,0.11264549824110555,-0.7396,0,29,120,2009-10-30
300026.SZ,2024-04-25,3.7,3.73,3.76,3.69,3.71,0.02,0.5391,283505.0,105761.0,1.0298,1.4004,1.42,22.1177,22.1177,1.2865,1.8343,1.8343,0.8043,0.8043,300415.0,275292.0,202440.0,1120550.0,1026840.0,49.084,4.45,2.97,0.0000,-0.20349043516897988,-0.7396,0,29,120,2009-10-30
300026.SZ,2024-04-26,3.6,3.69,3.69,3.59,3.73,-0.04,-1.0724,395539.0,144517.0,1.4368,1.9539,1.88,21.8805,28.4751,1.2643,1.8146,1.8747,0.813,0.813,300415.0,275292.0,202440.0,1108530.0,1015830.0,49.084,4.48,2.98,0.0000,-0.0721170028658217,0.62,0,29,120,2009-10-30
300026.SZ,2024-04-29,3.69,3.8,3.8,3.69,3.69,0.11,2.981,399271.0,150308.0,1.4504,1.9884,1.64,22.5327,29.324,1.302,1.8687,1.9306,0.7895,0.7895,300415.0,275292.0,200805.0,1141580.0,1046110.0,49.084,4.43,2.95,0.0000,0.2142546436685943,0.62,0,29,120,2009-10-30
300026.SZ,2024-04-30,3.81,3.86,3.88,3.78,3.8,0.06,1.5789,422033.0,161932.0,1.533,2.1017,1.48,22.8885,29.787,1.3226,1.8982,1.9611,0.7772,0.7772,300415.0,275292.0,200805.0,1159600.0,1062630.0,49.084,4.56,3.04,0.0000,0.25064771465124586,0.62,0,29,120,2009-10-30
300026.SZ,2024-05-06,3.89,3.9,3.93,3.87,3.86,0.04,1.0363,399361.0,155855.0,1.4507,1.9888,1.2,23.1257,30.0957,1.3363,1.9179,1.9814,0.7692,0.7692,300415.0,275292.0,200805.0,1171620.0,1073640.0,49.084,4.63,3.09,0.0000,-0.004156917339454113,0.62,0,29,120,2009-10-30
300026.SZ,2024-05-07,3.91,3.9,3.93,3.87,3.9,0.0,0.0,306448.0,119424.0,1.1132,1.5261,0.81,23.1257,30.0957,1.3363,1.9179,1.9814,0.7692,0.7692,300415.0,275292.0,200805.0,1171620.0,1073640.0,49.084,4.68,3.12,0.0000,-0.0388590091739319,0.62,0,29,120,2009-10-30
300026.SZ,2024-05-08,3.9,3.93,3.96,3.88,3.9,0.03,0.7692,460860.0,180965.0,1.6741,2.2951,1.2,23.3036,30.3272,1.3466,1.9327,1.9966,0.7634,0.7634,300415.0,275292.0,200805.0,1180630.0,1081900.0,49.084,4.68,3.12,0.0000,0.032709315369979224,0.62,0,29,120,2009-10-30
300026.SZ,2024-05-09,3.92,3.94,3.98,3.89,3.93,0.01,0.2545,406207.0,160180.0,1.4756,2.0229,1.02,23.3629,30.4043,1.35,1.9376,2.0017,0.7614,0.7614,300415.0,275292.0,200805.0,1183640.0,1084650.0,49.084,4.72,3.14,0.0000,-0.24917969367916318,0.62,0,29,120,2009-10-30
300026.SZ,2024-05-10,3.93,3.87,3.95,3.85,3.94,-0.07,-1.7766,335593.0,130719.0,1.219,1.6712,0.84,22.9478,29.8642,1.326,1.9032,1.9661,0.7752,0.7752,300415.0,275292.0,200805.0,1162610.0,1065380.0,49.084,4.73,3.15,0.0000,-0.22646837086084048,0.62,0,29,120,2009-10-30
300026.SZ,2024-05-13,3.87,3.82,3.89,3.8,3.87,-0.05,-1.292,259382.0,99816.1,0.9422,1.2917,0.68,22.6513,29.4783,1.3089,1.8786,1.9407,0.7853,,300415.0,275292.0,200805.0,1147590.0,1051610.0,49.084,4.64,3.1,0.0000,-0.22183454470198316,0.62,0,29,120,2009-10-30
300026.SZ,2024-05-14,3.79,3.83,3.88,3.79,3.82,0.01,0.2618,258827.0,99570.4,0.9402,1.2889,0.73,22.7106,29.5555,1.3123,1.8835,1.9458,0.7833,,300415.0,275292.0,200805.0,1150590.0,1054370.0,49.084,4.58,3.06,0.0000,-0.016895862707464848,0.62,0,29,120,2009-10-30
300026.SZ,2024-05-15,3.83,3.79,3.84,3.79,3.83,-0.04,-1.0444,209320.0,79717.0,0.7604,1.0424,0.61,22.4734,29.2468,1.2986,1.8638,1.9255,0.7916,,300415.0,275292.0,200805.0,1138570.0,1043360.0,49.084,4.6,3.06,0.0000,-0.14793869381577573,0.62,0,29,120,2009-10-30
300026.SZ,2024-05-16,3.79,3.75,3.81,3.73,3.79,-0.04,-1.0554,275139.0,103779.0,0.9994,1.3702,0.94,22.2362,28.9381,1.2849,1.8441,1.9052,0.8,,300415.0,275292.0,200805.0,1126560.0,1032340.0,49.084,4.55,3.03,0.0000,-0.13356984357347695,0.62,0,29,120,2009-10-30
300026.SZ,2024-05-17,3.74,3.76,3.78,3.71,3.75,0.01,0.2667,238435.0,89286.6,0.8661,1.1874,0.89,22.2955,29.0153,1.2883,1.8491,1.9102,0.7979,,300415.0,275292.0,200805.0,1129560.0,1035100.0,49.084,4.5,3.0,0.0000,-0.11980045722300087,0.62,0,29,120,2009-10-30
300026.SZ,2024-05-20,3.76,3.76,3.79,3.74,3.76,0.0,0.0,249930.0,94072.2,0.9079,1.2446,1.01,22.2955,29.0153,1.2883,1.8491,1.9102,0.7979,,300415.0,275292.0,200805.0,1129560.0,1035100.0,49.084,4.51,3.01,0.0000,0.09261819289403694,0.62,0,29,120,2009-10-30
300026.SZ,2024-05-21,3.75,3.71,3.76,3.69,3.76,-0.05,-1.3298,230007.0,85327.7,0.8355,1.1454,0.93,21.9991,28.6295,1.2712,1.8245,1.8848,0.8086,,300415.0,275292.0,200805.0,1114540.0,1021330.0,49.084,4.51,3.01,0.0000,0.04937629070654222,0.62,0,29,120,2009-10-30
300026.SZ,2024-05-22,3.7,3.72,3.73,3.7,3.71,0.01,0.2695,142164.0,52755.5,0.5164,0.708,0.59,22.0584,28.7066,1.2746,1.8294,1.8899,0.8065,,300415.0,275292.0,200805.0,1117550.0,1024080.0,49.084,4.45,2.97,0.0000,0.20967961627900833,0.62,0,29,120,2009-10-30
300026.SZ,2024-05-23,3.7,3.63,3.71,3.61,3.69,-0.06,-1.626,234882.0,85578.8,0.8532,1.1697,1.03,21.5247,28.0121,1.2567,1.7851,1.8442,0.8264,0.8264,300415.0,275292.0,200805.0,1090510.0,999308.0,49.4831,4.43,2.95,0.0000,0.052665096285151904,0.62,0,29,120,2009-10-30
300026.SZ,2024-05-24,3.62,3.61,3.66,3.6,3.63,-0.02,-0.551,184818.0,67025.6,0.6714,0.9204,0.84,21.4061,27.8578,1.2498,1.7753,1.834,0.831,0.831,300415.0,275292.0,200805.0,1084500.0,993802.0,49.4831,4.36,2.9,0.0000,-0.013367407981316684,0.62,0,29,120,2009-10-30
300026.SZ,2024-05-27,3.62,3.62,3.64,3.57,3.61,0.01,0.277,176562.0,63507.4,0.6414,0.8793,0.85,21.4654,27.935,1.2532,1.7802,1.8391,0.8287,0.8287,300415.0,275292.0,200805.0,1087500.0,996555.0,49.4831,4.33,2.89,0.0000,0.002911811986702117,0.62,0,29,120,2009-10-30
300026.SZ,2024-05-28,3.61,3.58,3.62,3.57,3.62,-0.04,-1.105,148005.0,52996.3,0.5376,0.7371,0.76,21.2282,27.6263,1.2394,1.7605,1.8188,0.838,0.838,300415.0,275292.0,200805.0,1075490.0,985544.0,49.4831,4.34,2.9,0.0000,-0.12425985373254,0.62,0,29,120,2009-10-30
300026.SZ,2024-05-29,3.57,3.58,3.61,3.56,3.58,0.0,0.0,160560.0,57514.4,0.5832,0.7996,0.91,21.2282,27.6263,1.2394,1.7605,1.8188,0.838,0.838,300415.0,275292.0,200805.0,1075490.0,985544.0,49.4831,4.3,2.86,0.0000,-0.03836118614160248,0.62,0,29,120,2009-10-30
300026.SZ,2024-05-30,3.57,3.61,3.61,3.53,3.58,0.03,0.838,225351.0,80329.9,0.8186,1.1222,1.25,21.4061,27.8578,1.2498,1.7753,1.834,0.831,0.831,300415.0,275292.0,200805.0,1084500.0,993802.0,49.4831,4.3,2.86,0.0000,0.2873546749254706,0.62,0,29,120,2009-10-30
300026.SZ,2024-05-31,3.6,3.62,3.64,3.59,3.61,0.01,0.277,184730.0,66829.4,0.671,0.9199,1.03,21.4654,27.935,1.2532,1.7802,1.8391,0.8287,0.8287,300415.0,275292.0,200805.0,1087500.0,996555.0,49.4831,4.33,2.89,0.0000,0.10261898250366114,0.62,0,29,120,2009-10-30
300026.SZ,2024-06-03,3.62,3.59,3.64,3.57,3.62,-0.03,-0.8287,197072.0,71032.0,0.7159,0.9814,1.1,21.2875,27.7034,1.2428,1.7655,1.8239,0.8357,0.8357,300415.0,275292.0,200805.0,1078490.0,988297.0,49.4831,4.34,2.9,0.0000,0.1745780453222169,0.62,0,29,120,2009-10-30
300026.SZ,2024-06-04,3.58,3.56,3.59,3.53,3.59,-0.03,-0.8357,187400.0,66634.3,0.6807,0.9332,1.02,21.1096,27.4719,1.2325,1.7507,1.8086,0.8427,0.8427,300415.0,275292.0,200805.0,1069480.0,980038.0,49.4831,4.31,2.87,0.0000,-0.21968411008899683,0.62,0,29,120,2009-10-30
300026.SZ,2024-06-05,3.55,3.51,3.58,3.5,3.56,-0.05,-1.4045,197328.0,69808.5,0.7168,0.9827,1.03,20.8131,27.0861,1.2151,1.7261,1.7832,0.8547,0.8547,300415.0,275292.0,200805.0,1054460.0,966273.0,49.4831,4.27,2.85,0.0000,-0.08843395634648764,0.62,0,29,120,2009-10-30
300026.SZ,2024-06-06,3.5,3.37,3.52,3.33,3.51,-0.14,-3.9886,356219.0,121302.0,1.294,1.774,1.8,19.983,26.0057,1.1667,1.6573,1.7121,0.8902,0.8902,300415.0,275292.0,200805.0,1012400.0,927733.0,49.4831,4.21,2.81,0.0000,-0.3361226426764414,0.62,0,29,120,2009-10-30
300026.SZ,2024-06-07,3.39,3.43,3.45,3.38,3.37,0.06,1.7804,201697.0,68815.2,0.7327,1.0044,0.9,20.3388,26.4688,1.1874,1.6868,1.7426,0.8746,0.8746,300415.0,275292.0,200805.0,1030430.0,944250.0,49.4831,4.04,2.7,0.0000,-0.1282995147337763,0.62,0,29,120,2009-10-30
300026.SZ,2024-06-11,3.41,3.4,3.45,3.36,3.43,-0.03,-0.8746,223970.0,76230.2,0.8136,1.1154,0.98,20.1609,26.2372,1.1771,1.672,1.7274,0.8824,0.8824,300415.0,275292.0,200805.0,1021410.0,935991.0,49.4831,4.12,2.74,0.0000,-0.11612454487873063,0.62,0,29,120,2009-10-30
300026.SZ,2024-06-12,3.39,3.38,3.41,3.36,3.4,-0.02,-0.5882,258290.0,87298.0,0.9382,1.2863,1.11,20.0423,26.0829,1.1701,1.6622,1.7172,0.8876,0.8876,300415.0,275292.0,200805.0,1015400.0,930486.0,49.4831,4.08,2.72,0.0000,-0.16555979444833896,0.62,0,29,120,2009-10-30
300026.SZ,2024-06-13,3.37,3.28,3.38,3.27,3.38,-0.1,-2.9586,394774.0,130183.0,1.434,1.966,1.6,19.4493,25.3112,1.1355,1.613,1.6664,0.9146,0.9146,300415.0,275292.0,200805.0,985363.0,902956.0,49.4831,4.06,2.7,0.0000,-0.2978360566287029,0.62,0,29,120,2009-10-30
300026.SZ,2024-06-14,3.28,3.27,3.3,3.2,3.28,-0.01,-0.3049,545862.0,177894.0,1.9828,2.7184,1.9,19.39,25.2341,1.1321,1.6081,1.6613,0.9174,0.9174,300415.0,275292.0,200805.0,982359.0,900203.0,49.4831,3.94,2.62,0.0000,-0.17810603060775398,0.62,0,29,120,2009-10-30
300026.SZ,2024-06-17,3.25,3.23,3.29,3.22,3.27,-0.04,-1.2232,305762.0,99109.3,1.1107,1.5227,0.94,19.1528,24.9254,1.1182,1.5884,1.641,0.9288,0.9288,300415.0,275292.0,200805.0,970342.0,889192.0,49.4831,3.92,2.62,0.0000,0.05780029414572108,0.62,0,29,120,2009-10-30
300026.SZ,2024-06-18,3.23,3.25,3.28,3.22,3.23,0.02,0.6192,202861.0,66005.6,0.7369,1.0102,0.59,19.2714,25.0797,1.1251,1.5983,1.6511,0.9231,0.9231,300415.0,275292.0,200805.0,976350.0,894698.0,49.4831,3.88,2.58,0.0000,-0.039301034190375436,0.62,0,29,120,2009-10-30
300026.SZ,2024-06-19,3.25,3.21,3.26,3.21,3.25,-0.04,-1.2308,160769.0,51825.0,0.584,0.8006,0.47,19.0342,24.771,1.1113,1.5786,1.6308,0.9346,0.9346,300415.0,275292.0,200805.0,964334.0,883686.0,49.4831,3.9,2.6,0.0000,-0.13594156345171376,0.62,0,29,120,2009-10-30
300026.SZ,2024-06-20,3.2,3.12,3.24,3.12,3.21,-0.09,-2.8037,256821.0,81249.6,0.9329,1.279,0.8,18.5006,24.0765,1.0801,1.5343,1.5851,0.9615,0.9615,300415.0,275292.0,200805.0,937296.0,858910.0,49.4831,3.85,2.57,0.0000,-0.14976756153551157,0.62,0,29,120,2009-10-30
300026.SZ,2024-06-21,3.12,3.13,3.19,3.11,3.12,0.01,0.3205,189866.0,59802.5,0.6897,0.9455,0.64,18.5599,24.1537,1.0836,1.5392,1.5902,0.9585,0.9585,300415.0,275292.0,200805.0,940300.0,861663.0,49.4831,3.74,2.5,0.0000,-0.1531496803496417,0.62,0,29,120,2009-10-30
300026.SZ,2024-06-24,3.12,3.03,3.13,3.02,3.13,-0.1,-3.1949,267816.0,82046.3,0.9728,1.3337,1.2,17.9669,23.382,1.049,1.4901,1.5394,0.9901,0.9901,300415.0,275292.0,200805.0,910259.0,834133.0,49.4831,3.76,2.5,0.0000,-0.1679467857326946,0.62,0,29,120,2009-10-30
300026.SZ,2024-06-25,3.03,3.03,3.06,3.01,3.03,0.0,0.0,196220.0,59513.6,0.7128,0.9772,0.91,17.9669,23.382,1.049,1.4901,1.5394,0.9901,0.9901,300415.0,275292.0,200805.0,910259.0,834133.0,49.4835,3.64,2.42,0.0000,-0.16444878196652946,0.62,0,29,120,2009-10-30
300026.SZ,2024-06-26,3.03,3.16,3.16,3.01,3.03,0.13,4.2904,308319.0,95238.5,1.12,1.5354,1.44,18.7377,24.3852,1.094,1.554,1.6054,0.9494,0.9494,300415.0,275292.0,200805.0,949313.0,869921.0,49.483,3.64,2.42,0.0000,-0.0350210453016532,0.62,0,29,120,2009-10-30
300026.SZ,2024-06-27,3.14,3.07,3.15,3.07,3.16,-0.09,-2.8481,215280.0,66789.7,0.782,1.0721,0.88,18.2041,23.6907,1.0628,1.5097,1.5597,0.9772,0.9772,300415.0,275292.0,200805.0,922276.0,845145.0,49.483,3.79,2.53,0.0000,-0.20490945926077928,0.62,0,29,120,2009-10-30
300026.SZ,2024-06-28,3.07,3.05,3.12,3.05,3.07,-0.02,-0.6515,230222.0,71051.7,0.8363,1.1465,0.98,18.0855,23.5364,1.0559,1.4999,1.5495,0.9836,0.9836,300415.0,275292.0,200805.0,916267.0,839639.0,49.483,3.68,2.46,0.0000,-0.08259657145736683,0.62,0,29,120,2009-10-30
300026.SZ,2024-07-01,3.04,3.11,3.12,3.02,3.05,0.06,1.9672,235707.0,72463.1,0.8562,1.1738,0.97,18.4413,23.9994,1.0767,1.5294,1.58,0.9646,0.9646,300415.0,275292.0,200805.0,934292.0,856157.0,49.483,3.66,2.44,0.0000,0.0608513799784809,0.62,0,29,120,2009-10-30
300026.SZ,2024-07-02,3.1,3.15,3.16,3.08,3.11,0.04,1.2862,272015.0,85229.4,0.9881,1.3546,1.15,18.6784,24.308,1.0905,1.5491,1.6003,0.9524,0.9524,300415.0,275292.0,200805.0,946309.0,867168.0,49.483,3.73,2.49,0.0000,0.19426886658687373,0.62,0,29,120,2009-10-30
300026.SZ,2024-07-03,3.15,3.11,3.16,3.1,3.15,-0.04,-1.2698,173681.0,54328.0,0.6309,0.8649,0.69,18.4413,23.9994,1.0767,1.5294,1.58,0.9646,0.9646,300415.0,275292.0,200805.0,934292.0,856157.0,49.483,3.78,2.52,0.0000,-0.2022723991212548,0.62,0,29,120,2009-10-30
300026.SZ,2024-07-04,3.11,3.04,3.12,3.03,3.11,-0.07,-2.2508,205212.0,62783.4,0.7454,1.0219,0.91,18.0262,23.4592,1.0524,1.495,1.5445,0.9868,0.9868,300415.0,275292.0,200805.0,913263.0,836886.0,49.483,3.73,2.49,0.0000,-0.19249317678227332,0.62,0,29,120,2009-10-30
300026.SZ,2024-07-05,3.04,3.15,3.15,3.02,3.04,0.11,3.6184,361793.0,112302.0,1.3142,1.8017,1.62,18.6784,24.308,1.0905,1.5491,1.6003,0.9524,0.9524,300415.0,275292.0,200805.0,946309.0,867168.0,49.483,3.65,2.43,0.0000,0.2110194032590366,0.62,0,29,120,2009-10-30
300026.SZ,2024-07-08,3.11,3.07,3.13,3.06,3.15,-0.08,-2.5397,257762.0,79635.2,0.9363,1.2836,1.03,18.2041,23.6907,1.0628,1.5097,1.5597,0.9772,0.9772,300415.0,275292.0,200805.0,922276.0,845145.0,49.483,3.78,2.52,0.0000,-0.3368630374206261,0.62,0,29,120,2009-10-30
300026.SZ,2024-07-09,3.07,3.1,3.12,3.03,3.07,0.03,0.9772,259658.0,79960.5,0.9432,1.2931,1.02,18.382,23.9222,1.0732,1.5245,1.5749,0.9677,0.9677,300415.0,275292.0,200805.0,931288.0,853404.0,49.483,3.68,2.46,0.0000,0.15543452986803313,0.62,0,29,120,2009-10-30
300026.SZ,2024-07-10,3.09,3.07,3.12,3.06,3.1,-0.03,-0.9677,187058.0,57680.9,0.6795,0.9315,0.74,18.2041,23.6907,1.0628,1.5097,1.5597,0.9772,0.9772,300415.0,275292.0,200805.0,922276.0,845145.0,49.483,3.72,2.48,0.0000,0.05173841580204412,0.62,0,29,120,2009-10-30
300026.SZ,2024-07-11,3.11,3.17,3.17,3.11,3.07,0.1,3.2573,327006.0,102946.0,1.1879,1.6285,1.29,18.797,24.4624,1.0974,1.5589,1.6105,0.9464,0.9464,300415.0,275292.0,200805.0,952317.0,872674.0,49.483,3.68,2.46,0.0000,0.017972665832689284,0.62,0,29,120,2009-10-30
300026.SZ,2024-07-12,3.16,3.16,3.19,3.14,3.17,-0.01,-0.3155,206390.0,65297.3,0.7497,1.0278,0.74,18.7377,24.3852,1.094,1.554,1.6054,0.9494,0.9494,300415.0,275292.0,200805.0,949313.0,869921.0,49.483,3.8,2.54,0.0000,-0.03769826738442519,0.62,0,29,120,2009-10-30
300026.SZ,2024-07-15,3.15,3.13,3.16,3.11,3.16,-0.03,-0.9494,186721.0,58435.9,0.6783,0.9299,0.75,18.5599,24.1537,1.0836,1.5392,1.5902,0.9585,0.9585,300415.0,275292.0,200805.0,940300.0,861663.0,49.483,3.79,2.53,0.0000,-0.19908855007916704,0.62,0,29,120,2009-10-30
300026.SZ,2024-07-16,3.12,3.12,3.13,3.1,3.13,-0.01,-0.3195,126440.0,39362.1,0.4593,0.6297,0.54,18.5006,24.0765,1.0801,1.5343,1.5851,0.9615,0.9615,300415.0,275292.0,200805.0,937296.0,858910.0,49.483,3.76,2.5,0.0000,0.21340478239074037,0.62,0,29,120,2009-10-30
300026.SZ,2024-07-17,3.12,3.14,3.16,3.1,3.12,0.02,0.641,198471.0,62228.1,0.7209,0.9884,0.96,18.6191,24.2309,1.0871,1.5442,1.5953,0.9554,0.9554,300415.0,275292.0,200805.0,943305.0,864416.0,49.483,3.74,2.5,0.0000,-0.038605647431423536,0.62,0,29,120,2009-10-30
300026.SZ,2024-07-18,3.14,3.21,3.22,3.1,3.14,0.07,2.2293,404696.0,128427.0,1.4701,2.0154,1.94,19.0342,24.771,1.1113,1.5786,1.6308,0.9346,0.9346,300415.0,275292.0,200805.0,964334.0,883686.0,49.483,3.77,2.51,0.0000,0.20740642382089508,0.62,0,29,120,2009-10-30
300026.SZ,2024-07-19,3.19,3.19,3.21,3.17,3.21,-0.02,-0.6231,241682.0,77035.2,0.8779,1.2036,1.08,18.9156,24.6167,1.1044,1.5687,1.6207,0.9404,0.9404,300415.0,275292.0,200805.0,958325.0,878180.0,49.483,3.85,2.57,0.0000,-0.18181893132818966,0.62,0,29,120,2009-10-30
300026.SZ,2024-07-22,3.18,3.19,3.22,3.15,3.19,0.0,0.0,242646.0,77311.8,0.8814,1.2084,1.05,18.9156,24.6167,1.1044,1.5687,1.6207,0.9404,0.9404,300415.0,275292.0,200805.0,958325.0,878180.0,49.483,3.83,2.55,0.0000,-0.14840479162354533,0.62,0,29,120,2009-10-30
300026.SZ,2024-07-23,3.18,3.13,3.19,3.12,3.19,-0.06,-1.8809,216138.0,68204.4,0.7851,1.0764,0.89,18.5599,24.1537,1.0836,1.5392,1.5902,0.9585,0.9585,300415.0,275292.0,200805.0,940300.0,861663.0,49.483,3.83,2.55,0.0000,-0.20107239134962904,0.62,0,29,120,2009-10-30
300026.SZ,2024-07-24,3.11,3.07,3.13,3.06,3.13,-0.06,-1.9169,223658.0,68939.4,0.8124,1.1138,0.86,18.2041,23.6907,1.0628,1.5097,1.5597,0.9772,0.9772,300415.0,275292.0,200805.0,922276.0,845145.0,49.483,3.76,2.5,0.0000,-0.010648865143266142,0.62,0,29,120,2009-10-30
300026.SZ,2024-07-25,3.06,3.09,3.12,3.05,3.07,0.02,0.6515,146594.0,45317.2,0.5325,0.73,0.55,18.3227,23.845,1.0697,1.5196,1.5699,0.9709,0.9709,300415.0,275292.0,200805.0,928284.0,850651.0,49.483,3.68,2.46,0.0000,0.016470103898953984,0.62,0,29,120,2009-10-30
300026.SZ,2024-07-26,3.11,3.13,3.15,3.1,3.09,0.04,1.2945,129838.0,40581.7,0.4716,0.6466,0.61,18.5599,24.1537,1.0836,1.5392,1.5902,0.9585,0.9585,300415.0,275292.0,200805.0,940300.0,861663.0,49.483,3.71,2.47,0.0000,-0.12214681359420046,0.62,0,29,120,2009-10-30
300026.SZ,2024-07-29,3.13,3.11,3.13,3.09,3.13,-0.02,-0.639,128969.0,40144.0,0.4685,0.6423,0.67,18.4413,23.9994,1.0767,1.5294,1.58,0.9646,0.9646,300415.0,275292.0,200805.0,934292.0,856157.0,49.483,3.76,2.5,0.0000,-0.11028000377409741,0.62,0,29,120,2009-10-30
300026.SZ,2024-07-30,3.11,3.15,3.15,3.1,3.11,0.04,1.2862,160274.0,50181.8,0.5822,0.7982,0.95,18.6784,24.308,1.0905,1.5491,1.6003,0.9524,0.9524,300415.0,275292.0,200805.0,946309.0,867168.0,49.483,3.73,2.49,0.0000,0.07196156723527891,0.62,0,29,120,2009-10-30
300026.SZ,2024-07-31,3.15,3.25,3.25,3.14,3.15,0.1,3.1746,388730.0,125034.0,1.4121,1.9359,2.46,19.2714,25.0797,1.1251,1.5983,1.6511,0.9231,0.9231,300415.0,275292.0,200805.0,976350.0,894698.0,49.483,3.78,2.52,0.0000,0.045055508343155574,0.62,0,29,120,2009-10-30
300026.SZ,2024-08-01,3.23,3.3,3.37,3.23,3.25,0.05,1.5385,458455.0,151775.0,1.6653,2.2831,2.4,19.5679,25.4656,1.1424,1.6228,1.6765,0.9091,0.9091,300415.0,275292.0,200805.0,991371.0,908462.0,49.483,3.9,2.6,0.0000,-0.19543924247748926,0.62,0,29,120,2009-10-30
300026.SZ,2024-08-02,3.3,3.33,3.4,3.28,3.3,0.03,0.9091,429976.0,144227.0,1.5619,2.1413,1.7,19.7458,25.6971,1.1528,1.6376,1.6918,0.9009,0.9009,300415.0,275292.0,200805.0,1000380.0,916721.0,49.483,3.96,2.64,0.0000,-0.02760409699108206,0.62,0,29,120,2009-10-30
300026.SZ,2024-08-05,3.31,3.25,3.37,3.24,3.33,-0.08,-2.4024,384685.0,127048.0,1.3974,1.9157,1.23,19.2714,25.0797,1.1251,1.5983,1.6511,0.9231,0.9231,300415.0,275292.0,200805.0,976350.0,894698.0,49.483,4.0,2.66,0.0000,-0.40933470542787764,0.62,0,29,120,2009-10-30
300026.SZ,2024-08-06,3.28,3.38,3.39,3.25,3.25,0.13,4.0,489529.0,163443.0,1.7782,2.4378,1.34,20.0423,26.0829,1.1701,1.6622,1.7172,0.8876,0.8876,300415.0,275292.0,200805.0,1015400.0,930486.0,49.483,3.9,2.6,0.0000,0.22167807663359096,0.62,0,29,120,2009-10-30
300026.SZ,2024-08-07,3.36,3.34,3.39,3.32,3.38,-0.04,-1.1834,296732.0,99212.5,1.0779,1.4777,0.69,19.8051,25.7742,1.1563,1.6425,1.6969,0.8982,0.8982,300415.0,275292.0,200805.0,1003390.0,919474.0,49.483,4.06,2.7,0.0000,-0.15832621543510625,0.62,0,29,120,2009-10-30
300026.SZ,2024-08-08,3.33,3.4,3.44,3.32,3.34,0.06,1.7964,580657.0,197931.0,2.1092,2.8916,1.41,20.1609,26.2372,1.1771,1.672,1.7274,0.8824,0.8824,300415.0,275292.0,200805.0,1021410.0,935991.0,49.483,4.01,2.67,0.0000,0.1291943247270948,0.62,0,29,120,2009-10-30
300026.SZ,2024-08-09,3.38,3.34,3.42,3.33,3.4,-0.06,-1.7647,364236.0,122609.0,1.3231,1.8139,0.83,19.8051,25.7742,1.1563,1.6425,1.6969,0.8982,0.8982,300415.0,275292.0,200805.0,1003390.0,919474.0,49.483,4.08,2.72,0.0000,-0.26392463509637926,0.62,0,29,120,2009-10-30
300026.SZ,2024-08-12,3.39,3.68,3.85,3.38,3.34,0.34,10.1796,1620840.0,590229.0,5.8877,8.0717,3.83,21.8212,28.398,1.274,1.8097,1.8696,0.8152,0.8152,300415.0,275292.0,200805.0,1105530.0,1013070.0,49.483,4.01,2.67,0.0000,0.15912523662948047,0.62,0,29,120,2009-10-30
300026.SZ,2024-08-13,3.53,3.54,3.61,3.47,3.68,-0.14,-3.8043,915186.0,322257.0,3.3244,4.5576,1.37,20.991,27.3176,1.2255,1.7409,1.7985,0.8475,0.8475,300415.0,275292.0,200805.0,1063470.0,974532.0,49.483,4.42,2.94,0.0000,-0.2421226535029001,0.62,0,29,120,2009-10-30
300026.SZ,2024-08-14,3.52,3.47,3.55,3.44,3.54,-0.07,-1.9774,573623.0,199758.0,2.0837,2.8566,0.76,20.5759,26.7774,1.2013,1.7064,1.7629,0.8646,0.8646,300415.0,275292.0,200805.0,1042440.0,955262.0,49.483,4.25,2.83,0.0000,-0.04990045269649074,0.62,0,29,120,2009-10-30
300026.SZ,2024-08-15,3.5,3.48,3.6,3.47,3.47,0.01,0.2882,564456.0,198512.0,2.0504,2.811,0.7,20.6352,26.8546,1.2048,1.7114,1.768,0.8621,0.8621,300415.0,275292.0,200805.0,1045450.0,958015.0,49.483,4.16,2.78,0.0000,-0.031215489941525912,0.62,0,29,120,2009-10-30
300026.SZ,2024-08-16,3.44,3.45,3.51,3.38,3.48,-0.03,-0.8621,525381.0,180818.0,1.9085,2.6164,0.65,20.4573,26.6231,1.1944,1.6966,1.7528,0.8696,0.8696,300415.0,275292.0,200805.0,1036430.0,949756.0,49.483,4.18,2.78,0.0000,-0.02758723838498767,0.62,0,29,120,2009-10-30
300026.SZ,2024-08-19,3.44,3.38,3.45,3.37,3.45,-0.07,-2.029,404088.0,137356.0,1.4679,2.0123,0.48,20.0423,26.0829,1.1701,1.6622,1.7172,0.8876,0.8876,300415.0,275292.0,200805.0,1015400.0,930486.0,49.483,4.14,2.76,0.0000,-0.19801940524523653,0.62,0,29,120,2009-10-30
300026.SZ,2024-08-20,3.39,3.31,3.4,3.29,3.38,-0.07,-2.071,284883.0,94961.9,1.0348,1.4187,0.48,19.6272,25.5427,1.1459,1.6278,1.6816,0.9063,0.9063,300415.0,275292.0,200805.0,994375.0,911215.0,49.483,4.06,2.7,0.0000,-0.34374426291405524,0.62,0,29,120,2009-10-30
300026.SZ,2024-08-21,3.31,3.24,3.33,3.22,3.31,-0.07,-2.1148,298091.0,97193.3,1.0828,1.4845,0.63,19.2121,25.0026,1.1217,1.5933,1.6461,0.9259,0.9259,300415.0,275292.0,200805.0,973346.0,891945.0,49.483,3.97,2.65,0.0000,-0.4488771295774273,0.62,0,29,120,2009-10-30
300026.SZ,2024-08-22,3.23,3.19,3.28,3.18,3.24,-0.05,-1.5432,261052.0,84066.5,0.9483,1.3,0.63,18.9156,24.6167,1.1044,1.5687,1.6207,0.9404,0.9404,300415.0,275292.0,200805.0,958325.0,878180.0,49.483,3.89,2.59,0.0000,-0.033147777091214636,0.62,0,29,120,2009-10-30
300026.SZ,2024-08-23,3.18,3.18,3.21,3.16,3.19,-0.01,-0.3135,204673.0,65186.3,0.7435,1.0193,0.58,18.8563,24.5395,1.1009,1.5638,1.6156,0.9434,0.9434,300415.0,275292.0,200805.0,955321.0,875427.0,49.483,3.83,2.55,0.0000,-0.13937241120460997,0.62,0,29,120,2009-10-30
300026.SZ,2024-08-26,3.19,3.17,3.21,3.16,3.18,-0.01,-0.3145,194814.0,61990.0,0.7077,0.9702,0.67,18.797,24.4624,1.0974,1.5589,1.6105,0.9464,0.9464,300415.0,275292.0,200805.0,952317.0,872674.0,49.483,3.82,2.54,0.0000,-0.15393960052719696,0.62,0,29,120,2009-10-30
300026.SZ,2024-08-27,3.17,3.18,3.26,3.16,3.17,0.01,0.3155,272719.0,87295.0,0.9907,1.3581,1.1,18.8563,24.5395,1.1009,1.5638,1.6156,0.9434,0.9434,300415.0,275292.0,200805.0,955321.0,875427.0,49.483,3.8,2.54,0.0000,0.07422533708817874,0.62,0,29,120,2009-10-30
300026.SZ,2024-08-28,3.17,3.19,3.22,3.13,3.18,0.01,0.3145,248633.0,79109.6,0.9032,1.2382,1.01,18.9156,24.6167,1.1044,1.5687,1.6207,0.9404,0.9404,300415.0,275292.0,200805.0,958325.0,878180.0,49.483,3.82,2.54,0.0000,-0.2511227350467038,0.62,0,29,120,2009-10-30
300026.SZ,2024-08-29,3.18,3.26,3.28,3.17,3.19,0.07,2.1944,264483.0,85800.0,0.9607,1.3171,1.12,19.3307,25.1569,1.1286,1.6032,1.6562,0.9202,0.9202,300415.0,275292.0,200805.0,979354.0,897450.0,49.483,3.83,2.55,0.0000,0.18806161069587424,0.62,0,29,120,2009-10-30
300026.SZ,2024-08-30,3.24,3.28,3.32,3.21,3.26,0.02,0.6135,427824.0,139922.0,1.5929,2.1202,1.8,19.4493,31.8898,1.1237,1.613,1.7343,0.9146,0.9146,300415.0,268588.0,201788.0,985363.0,880967.0,49.483,3.91,2.61,0.0000,-0.020644769463494323,0.9454,0,29,120,2009-10-30
300026.SZ,2024-09-02,3.27,3.2,3.3,3.18,3.28,-0.08,-2.439,282483.0,91507.1,1.0517,1.3999,1.0,18.9749,31.112,1.0963,1.5737,1.692,0.9375,0.9375,300415.0,268588.0,201788.0,961330.0,859480.0,49.483,3.94,2.62,0.0000,-0.440808546890664,0.9454,0,29,120,2009-10-30
300026.SZ,2024-09-03,3.19,3.2,3.24,3.17,3.2,0.0,0.0,198984.0,63794.2,0.7409,0.9861,0.66,18.9749,31.112,1.0963,1.5737,1.692,0.9375,0.9375,300415.0,268588.0,201788.0,961330.0,859480.0,49.483,3.84,2.56,0.0000,-0.10787486407066271,0.9454,0,29,120,2009-10-30
300026.SZ,2024-09-04,3.2,3.19,3.23,3.17,3.2,-0.01,-0.3125,190585.0,61134.8,0.7096,0.9445,0.67,18.9156,31.0148,1.0929,1.5687,1.6867,0.9404,0.9404,300415.0,268588.0,201788.0,958325.0,856794.0,49.483,3.84,2.56,0.0000,-0.12915422037680865,0.9454,0,29,120,2009-10-30
300026.SZ,2024-09-05,3.18,3.27,3.28,3.18,3.19,0.08,2.5078,337400.0,109624.0,1.2562,1.6721,1.24,19.39,31.7926,1.1203,1.6081,1.729,0.9174,0.9174,300415.0,268588.0,201788.0,982359.0,878281.0,49.483,3.83,2.55,0.0000,0.160335668539821,0.9454,0,29,120,2009-10-30
300026.SZ,2024-09-06,3.26,3.21,3.29,3.2,3.27,-0.06,-1.8349,203250.0,65666.9,0.7567,1.0072,0.71,19.0342,31.2092,1.0997,1.5786,1.6973,0.9346,0.9346,300415.0,268588.0,201788.0,964334.0,862166.0,49.483,3.92,2.62,0.0000,0.05173133545932929,0.9454,0,29,120,2009-10-30
300026.SZ,2024-09-09,3.19,3.19,3.24,3.16,3.21,-0.02,-0.6231,233076.0,74624.8,0.8678,1.1551,0.96,18.9156,31.0148,1.0929,1.5687,1.6867,0.9404,0.9404,300415.0,268588.0,201788.0,958325.0,856794.0,49.483,3.85,2.57,0.0000,-0.10445348028876635,0.9454,0,29,120,2009-10-30
300026.SZ,2024-09-10,3.2,3.17,3.22,3.13,3.19,-0.02,-0.627,229438.0,72515.5,0.8542,1.137,0.99,18.797,30.8203,1.086,1.5589,1.6761,0.9464,0.9464,300415.0,268588.0,201788.0,952317.0,851423.0,49.483,3.83,2.55,0.0000,-0.2874253242940418,0.9454,0,29,120,2009-10-30
300026.SZ,2024-09-11,3.16,3.18,3.23,3.14,3.17,0.01,0.3155,214196.0,68163.6,0.7975,1.0615,0.9,18.8563,30.9175,1.0894,1.5638,1.6814,0.9434,0.9434,300415.0,268588.0,201788.0,955321.0,854109.0,49.483,3.8,2.54,0.0000,0.23441981336262904,0.9454,0,29,120,2009-10-30
300026.SZ,2024-09-12,3.18,3.2,3.27,3.18,3.18,0.02,0.6289,291144.0,93803.4,1.084,1.4428,1.2,18.9749,31.112,1.0963,1.5737,1.692,0.9375,0.9375,300415.0,268588.0,201788.0,961330.0,859480.0,49.483,3.82,2.54,0.0000,0.034366370577567015,0.9454,0,29,120,2009-10-30
300026.SZ,2024-09-13,3.2,3.17,3.22,3.16,3.2,-0.03,-0.9375,220189.0,70108.2,0.8198,1.0912,0.94,18.797,30.8203,1.086,1.5589,1.6761,0.9464,0.9464,300415.0,268588.0,201788.0,952317.0,851423.0,49.483,3.84,2.56,0.0000,-0.3463229346339475,0.9454,0,29,120,2009-10-30
300026.SZ,2024-09-18,3.16,3.1,3.17,3.07,3.17,-0.07,-2.2082,217708.0,67643.5,0.8106,1.0789,0.92,18.382,30.1397,1.062,1.5245,1.6391,0.9677,0.9677,300415.0,268588.0,201788.0,931288.0,832622.0,49.483,3.8,2.54,0.0000,-0.26778399770693684,0.9454,0,29,120,2009-10-30
300026.SZ,2024-09-19,3.12,3.16,3.18,3.09,3.1,0.06,1.9355,227037.0,71432.9,0.8453,1.1251,0.97,18.7377,30.7231,1.0826,1.554,1.6709,0.9494,0.9494,300415.0,268588.0,201788.0,949313.0,848737.0,49.483,3.72,2.48,0.0000,0.17330134310769937,0.9454,0,29,120,2009-10-30
300026.SZ,2024-09-20,3.15,3.12,3.15,3.1,3.16,-0.04,-1.2658,209434.0,65415.2,0.7798,1.0379,0.89,18.5006,30.3342,1.0689,1.5343,1.6497,0.9615,0.9615,300415.0,268588.0,201788.0,937296.0,837993.0,49.483,3.79,2.53,0.0000,0.1042244801385725,0.9454,0,29,120,2009-10-30
300026.SZ,2024-09-23,3.13,3.15,3.16,3.12,3.12,0.03,0.9615,184964.0,58110.1,0.6887,0.9166,0.79,18.6784,30.6259,1.0792,1.5491,1.6656,0.9524,0.9524,300415.0,268588.0,201788.0,946309.0,846051.0,49.483,3.74,2.5,0.0000,0.27580772775299284,0.9454,0,29,120,2009-10-30
300026.SZ,2024-09-24,3.16,3.27,3.27,3.16,3.15,0.12,3.8095,558013.0,180005.0,2.0776,2.7653,2.63,19.39,31.7926,1.1203,1.6081,1.729,0.9174,0.9174,300415.0,268588.0,201788.0,982359.0,878281.0,49.483,3.78,2.52,0.0000,0.018491856187233247,0.9454,0,29,120,2009-10-30
300026.SZ,2024-09-25,3.29,3.35,3.4,3.28,3.27,0.08,2.4465,678471.0,227267.0,2.5261,3.3623,2.43,19.8644,32.5704,1.1477,1.6474,1.7713,0.8955,0.8955,300415.0,268588.0,201788.0,1006390.0,899768.0,49.483,3.92,2.62,0.0000,0.14866646433843966,0.9454,0,29,120,2009-10-30
300026.SZ,2024-09-26,3.35,3.45,3.45,3.31,3.35,0.1,2.9851,580629.0,196014.0,2.1618,2.8774,1.56,20.4573,33.5426,1.1819,1.6966,1.8242,0.8696,0.8696,300415.0,268588.0,201788.0,1036430.0,926627.0,49.483,4.02,2.68,0.0000,0.13860820382789985,0.9454,0,29,120,2009-10-30
300026.SZ,2024-09-27,3.49,3.6,3.67,3.44,3.45,0.15,4.3478,955477.0,339144.0,3.5574,4.7351,2.16,21.3468,35.001,1.2333,1.7704,1.9035,0.8333,0.8333,300415.0,268588.0,201788.0,1081500.0,966915.0,49.483,4.14,2.76,0.0000,0.054350809569670665,0.9454,0,29,120,2009-10-30
300026.SZ,2024-09-30,3.71,4.07,4.11,3.68,3.6,0.47,13.0556,1829560.0,713406.0,6.8118,9.0667,3.09,24.1337,39.5706,1.3943,2.0015,2.152,0.7371,0.7371,300415.0,268588.0,201788.0,1222690.0,1093150.0,49.483,4.32,2.88,0.0000,-0.036061932542924134,0.9454,0,29,120,2009-10-30
300026.SZ,2024-10-08,4.79,4.46,4.87,4.19,4.07,0.39,9.5823,2373490.0,1067870.0,8.8369,11.7623,2.58,26.4463,43.3623,1.5279,2.1933,2.3582,0.6726,0.6726,300415.0,268588.0,201788.0,1339850.0,1197900.0,49.483,4.88,3.26,0.0000,-0.13097567145303596,0.9454,0,29,120,2009-10-30
300026.SZ,2024-10-09,4.28,4.17,4.37,4.14,4.46,-0.29,-6.5022,1739920.0,740710.0,6.478,8.6225,1.36,24.7267,40.5428,1.4286,2.0507,2.2049,0.7194,0.7194,300415.0,268588.0,201788.0,1252730.0,1120010.0,49.483,5.35,3.57,0.0000,0.04680618448086846,0.9454,0,29,120,2009-10-30
300026.SZ,2024-10-10,4.16,4.13,4.31,4.12,4.17,-0.04,-0.9592,992906.0,418282.0,3.6968,4.9205,0.66,24.4895,40.1539,1.4149,2.031,2.1837,0.7264,0.7264,300415.0,268588.0,201788.0,1240720.0,1109270.0,49.483,5.0,3.34,0.0000,-0.018688812583389836,0.9454,0,29,120,2009-10-30
300026.SZ,2024-10-11,4.13,3.82,4.13,3.77,4.13,-0.31,-7.5061,909482.0,355008.0,3.3862,4.5071,0.58,22.6513,37.1399,1.3087,1.8786,2.0198,0.7853,0.7853,300415.0,268588.0,201788.0,1147590.0,1026000.0,49.483,4.96,3.3,0.0000,-0.20594570563159753,0.9454,0,29,120,2009-10-30
300026.SZ,2024-10-14,3.82,3.88,3.88,3.7,3.82,0.06,1.5707,735189.0,279774.0,2.7372,3.6434,0.47,23.0071,37.7233,1.3292,1.9081,2.0516,0.7732,0.7732,300415.0,268588.0,201788.0,1165610.0,1042120.0,49.483,4.58,3.06,0.0000,-0.15013596547286465,0.9454,0,29,120,2009-10-30
300026.SZ,2024-10-15,3.86,3.79,3.92,3.79,3.88,-0.09,-2.3196,696118.0,268439.0,2.5918,3.4498,0.52,22.4734,36.8483,1.2984,1.8638,2.004,0.7916,0.7916,300415.0,268588.0,201788.0,1138570.0,1017950.0,49.483,4.66,3.1,0.0000,-0.10238479562025617,0.9454,0,29,120,2009-10-30
300026.SZ,2024-10-16,3.79,3.92,4.07,3.74,3.79,0.13,3.4301,934346.0,364016.0,3.4787,4.6303,0.92,23.2443,38.1122,1.3429,1.9277,2.0727,0.7653,0.7653,300415.0,268588.0,201788.0,1177630.0,1052860.0,49.483,4.55,3.03,0.0000,0.1756636057596737,0.9454,0,29,120,2009-10-30
300026.SZ,2024-10-17,3.88,3.83,3.93,3.81,3.92,-0.09,-2.2959,609049.0,235331.0,2.2676,3.0183,0.71,22.7106,37.2372,1.3121,1.8835,2.0251,0.7833,0.7833,300415.0,268588.0,201788.0,1150590.0,1028690.0,49.483,4.7,3.14,0.0000,-0.12054659496341771,0.9454,0,29,120,2009-10-30
300026.SZ,2024-10-18,3.8,3.92,3.99,3.79,3.83,0.09,2.3499,870445.0,337605.0,3.2408,4.3137,1.12,23.2443,38.1122,1.3429,1.9277,2.0727,0.7653,0.7653,300415.0,268588.0,201788.0,1177630.0,1052860.0,49.483,4.6,3.06,0.0000,-0.11388139542406424,0.9454,0,29,120,2009-10-30
300026.SZ,2024-10-21,3.92,3.92,3.95,3.87,3.92,0.0,0.0,732232.0,286651.0,2.7262,3.6287,0.95,23.2443,38.1122,1.3429,1.9277,2.0727,0.7653,0.7653,300415.0,268588.0,201788.0,1177630.0,1052860.0,49.483,4.7,3.14,0.0000,-0.08500092365375925,0.9454,0,29,120,2009-10-30
300026.SZ,2024-10-22,3.92,4.11,4.16,3.91,3.92,0.19,4.8469,1297460.0,527466.0,4.8307,6.4298,1.69,24.3709,39.9595,1.408,2.0212,2.1732,0.7299,0.7299,300415.0,268588.0,201788.0,1234710.0,1103900.0,49.483,4.7,3.14,0.0000,0.06733510140952012,0.9454,0,29,120,2009-10-30
300026.SZ,2024-10-23,4.09,4.03,4.09,4.0,4.11,-0.08,-1.9465,821255.0,331753.0,3.0577,4.0699,0.92,23.8966,39.1817,1.3806,1.9818,2.1309,0.7444,0.7444,300415.0,268588.0,201788.0,1210670.0,1082410.0,49.483,4.93,3.29,0.0000,-0.10270967194122065,0.9454,0,29,120,2009-10-30
300026.SZ,2024-10-24,4.02,4.04,4.1,4.01,4.03,0.01,0.2481,672557.0,273095.0,2.5041,3.333,0.78,23.9558,39.2789,1.3841,1.9868,2.1362,0.7426,0.7426,300415.0,268588.0,201788.0,1213680.0,1085090.0,49.483,4.84,3.22,0.0000,-0.03995629450690984,0.9454,0,29,120,2009-10-30
300026.SZ,2024-10-25,4.0,4.05,4.06,3.96,4.04,0.01,0.2475,747411.0,301255.0,2.7827,3.8506,0.85,24.0151,73.3797,1.3847,1.9917,2.162,0.7407,0.7407,300415.0,268588.0,194101.0,1216680.0,1087780.0,49.483,4.85,3.23,0.0000,0.0015571647693282328,0.2368,0,29,120,2009-10-30
300026.SZ,2024-10-28,4.04,4.22,4.23,4.02,4.05,0.17,4.1975,1154640.0,478492.0,4.2989,5.9487,1.35,25.0232,76.4599,1.4428,2.0753,2.2528,0.7109,0.7109,300415.0,268588.0,194101.0,1267750.0,1133440.0,49.483,4.86,3.24,0.0000,0.15290704205601022,0.2368,0,29,120,2009-10-30
300026.SZ,2024-10-29,4.23,4.06,4.23,4.05,4.22,-0.16,-3.7915,877398.0,360786.0,3.2667,4.5203,0.93,24.0744,73.5609,1.3881,1.9966,2.1674,0.7389,0.7389,300415.0,268588.0,194101.0,1219690.0,1090470.0,49.483,5.06,3.38,0.0000,-0.09804045778205811,0.2368,0,29,120,2009-10-30
300026.SZ,2024-10-30,4.02,4.06,4.1,4.0,4.06,0.0,0.0,534711.0,216569.0,1.9908,2.7548,0.63,24.0744,73.5609,1.3881,1.9966,2.1674,0.7389,0.7389,300415.0,268588.0,194101.0,1219690.0,1090470.0,49.483,4.87,3.25,0.0000,-0.056923449245565645,0.2368,0,29,120,2009-10-30
300026.SZ,2024-10-31,4.05,4.12,4.16,4.02,4.06,0.06,1.4778,781686.0,320043.0,2.9104,4.0272,0.98,24.4302,74.648,1.4086,2.0261,2.1994,0.7282,0.7282,300415.0,268588.0,194101.0,1237710.0,1106580.0,49.483,4.87,3.25,0.0000,0.07540187546410325,0.2368,0,29,120,2009-10-30
300026.SZ,2024-11-01,4.09,3.98,4.1,3.97,4.12,-0.14,-3.3981,689139.0,277541.0,2.5658,3.5504,0.84,23.6001,72.1114,1.3607,1.9572,2.1247,0.7538,0.7538,300415.0,268588.0,194101.0,1195650.0,1068980.0,49.483,4.94,3.3,0.0000,-0.18863077545307155,0.2368,0,29,120,2009-10-30
300026.SZ,2024-11-04,4.03,4.13,4.15,4.03,3.98,0.15,3.7688,793936.0,325276.0,2.956,4.0903,0.98,24.4895,74.8292,1.412,2.031,2.2047,0.7264,0.7264,300415.0,268588.0,194101.0,1240720.0,1109270.0,49.483,4.78,3.18,0.0000,0.07119585164229841,0.2368,0,29,120,2009-10-30
300026.SZ,2024-11-05,4.1,4.19,4.2,4.07,4.13,0.06,1.4528,1007590.0,417910.0,3.7514,5.1911,1.37,24.8453,75.9163,1.4325,2.0605,2.2368,0.716,0.716,300415.0,268588.0,194101.0,1258740.0,1125380.0,49.483,4.96,3.3,0.0000,-0.09987087791858022,0.2368,0,29,120,2009-10-30
300026.SZ,2024-11-06,4.15,4.16,4.2,4.13,4.19,-0.03,-0.716,899995.0,374645.0,3.3508,4.6367,1.18,24.6674,75.3728,1.4223,2.0458,2.2208,0.7212,0.7212,300415.0,268588.0,194101.0,1249730.0,1117320.0,49.483,5.03,3.35,0.0000,-0.11000905560932778,0.2368,0,29,120,2009-10-30
300026.SZ,2024-11-07,4.12,4.32,4.38,4.1,4.16,0.16,3.8462,1507670.0,643015.0,5.6133,7.7674,1.81,25.6162,78.2717,1.477,2.1244,2.3062,0.6944,0.6944,300415.0,268588.0,194101.0,1297790.0,1160300.0,49.483,4.99,3.33,0.0000,0.01065303281366711,0.2368,0,29,120,2009-10-30
300026.SZ,2024-11-08,4.45,4.33,4.54,4.31,4.32,0.01,0.2315,1926650.0,850744.0,7.1733,9.926,1.97,25.6755,78.4529,1.4804,2.1294,2.3115,0.6928,0.6928,300415.0,268588.0,194101.0,1300800.0,1162980.0,49.483,5.18,3.46,0.0000,-0.18798130767170004,0.2368,0,29,120,2009-10-30
300026.SZ,2024-11-11,4.3,4.43,4.52,4.29,4.33,0.1,2.3095,1543380.0,679477.0,5.7463,7.9514,1.26,26.2684,80.2648,1.5146,2.1785,2.3649,0.6772,0.6772,300415.0,268588.0,194101.0,1330840.0,1189840.0,49.483,5.2,3.46,0.0000,-0.05727061046013012,0.2368,0,29,120,2009-10-30
300026.SZ,2024-11-12,4.42,4.46,4.62,4.4,4.43,0.03,0.6772,1921220.0,867525.0,7.153,9.898,1.4,26.4463,80.8083,1.5248,2.1933,2.3809,0.6726,0.6726,300415.0,268588.0,194101.0,1339850.0,1197900.0,49.483,5.32,3.54,0.0000,-0.03439742636165165,0.2368,0,29,120,2009-10-30
300026.SZ,2024-11-13,4.4,4.36,4.44,4.24,4.46,-0.1,-2.2422,1367110.0,591517.0,5.09,7.0433,0.88,25.8533,78.9965,1.4907,2.1441,2.3275,0.6881,0.6881,300415.0,268588.0,194101.0,1309810.0,1171040.0,49.483,5.35,3.57,0.0000,-0.08516765649826455,0.2368,0,29,120,2009-10-30
300026.SZ,2024-11-14,4.33,4.17,4.35,4.16,4.36,-0.19,-4.3578,813417.0,345257.0,3.0285,4.1907,0.49,24.7267,75.554,1.4257,2.0507,2.2261,0.7194,0.7194,300415.0,268588.0,194101.0,1252730.0,1120010.0,49.483,5.23,3.49,0.0000,-0.13082858050306548,0.2368,0,29,120,2009-10-30
300026.SZ,2024-11-15,4.15,4.05,4.2,4.03,4.17,-0.12,-2.8777,666440.0,274870.0,2.4813,3.4335,0.44,24.0151,73.3797,1.3847,1.9917,2.162,0.7407,0.7407,300415.0,268588.0,194101.0,1216680.0,1087780.0,49.483,5.0,3.34,0.0000,-0.1875680818015621,0.2368,0,29,120,2009-10-30
300026.SZ,2024-11-18,4.06,4.0,4.1,3.98,4.05,-0.05,-1.2346,692690.0,279492.0,2.579,3.5687,0.55,23.7187,72.4738,1.3676,1.9671,2.1353,0.75,0.75,300415.0,268588.0,194101.0,1201660.0,1074350.0,49.483,4.86,3.24,0.0000,-0.05114987638520562,0.2368,0,29,120,2009-10-30
300026.SZ,2024-11-19,4.0,4.07,4.07,3.98,4.0,0.07,1.75,473454.0,190432.0,1.7628,2.4392,0.43,24.1337,73.7421,1.3915,2.0015,2.1727,0.7371,0.7371,300415.0,268588.0,194101.0,1222690.0,1093150.0,49.483,4.8,3.2,0.0000,0.07852553223177917,0.2368,0,29,120,2009-10-30
300026.SZ,2024-11-20,4.05,4.14,4.16,4.04,4.07,0.07,1.7199,644942.0,265203.0,2.4012,3.3227,0.8,24.5488,75.0104,1.4154,2.0359,2.2101,0.7246,0.7246,300415.0,268588.0,194101.0,1243720.0,1111950.0,49.483,4.88,3.26,0.0000,-0.02575083196136365,0.2368,0,29,120,2009-10-30
300026.SZ,2024-11-21,4.14,4.12,4.16,4.07,4.14,-0.02,-0.4831,524471.0,215280.0,1.9527,2.7021,0.8,24.4302,74.648,1.4086,2.0261,2.1994,0.7282,0.7282,300415.0,268588.0,194101.0,1237710.0,1106580.0,49.483,4.97,3.31,0.0000,-0.015009525719645691,0.2368,0,29,120,2009-10-30
300026.SZ,2024-11-22,4.1,3.92,4.13,3.92,4.12,-0.2,-4.8544,630306.0,253637.0,2.3467,3.2473,1.05,23.2443,71.0243,1.3402,1.9277,2.0926,0.7653,0.7653,300415.0,268588.0,194101.0,1177630.0,1052860.0,49.483,4.94,3.3,0.0000,-0.18783390710272346,0.2368,0,29,120,2009-10-30
300026.SZ,2024-11-25,3.91,3.95,3.96,3.88,3.92,0.03,0.7653,471911.0,185129.0,1.757,2.4313,0.8,23.4222,71.5679,1.3505,1.9425,2.1087,0.7595,0.7595,300415.0,268588.0,194101.0,1186640.0,1060920.0,49.483,4.7,3.14,0.0000,-0.12119495660920371,0.2368,0,29,120,2009-10-30
300026.SZ,2024-11-26,3.93,3.98,4.05,3.93,3.95,0.03,0.7595,541055.0,216198.0,2.0144,2.7875,0.99,23.6001,72.1114,1.3607,1.9572,2.1247,0.7538,0.7538,300415.0,268588.0,194101.0,1195650.0,1068980.0,49.483,4.74,3.16,0.0000,-0.06175403787112143,0.2368,0,29,120,2009-10-30
300026.SZ,2024-11-27,3.96,4.04,4.04,3.87,3.98,0.06,1.5075,486828.0,192258.0,1.8125,2.5081,0.87,23.9558,73.1986,1.3813,1.9868,2.1567,0.7426,0.7426,300415.0,268588.0,194101.0,1213680.0,1085090.0,49.483,4.78,3.18,0.0000,-0.10640541230711045,0.2368,0,29,120,2009-10-30
300026.SZ,2024-11-28,4.02,4.04,4.07,4.0,4.04,0.0,0.0,475363.0,192287.0,1.7699,2.4491,0.9,23.9558,73.1986,1.3813,1.9868,2.1567,0.7426,0.7426,300415.0,268588.0,194101.0,1213680.0,1085090.0,49.483,4.85,3.23,0.0000,-0.15035078250374584,0.2368,0,29,120,2009-10-30
300026.SZ,2024-11-29,4.03,4.06,4.09,3.98,4.04,0.02,0.495,557716.0,225538.0,2.0765,2.8733,1.07,24.0744,73.5609,1.3881,1.9966,2.1674,0.7389,0.7389,300415.0,268588.0,194101.0,1219690.0,1090470.0,49.483,4.85,3.23,0.0000,-0.03819593417444176,0.2368,0,29,120,2009-10-30
300026.SZ,2024-12-02,4.07,4.19,4.2,4.06,4.06,0.13,3.202,877553.0,364318.0,3.2673,4.5211,1.73,24.8453,75.9163,1.4325,2.0605,2.2368,0.716,0.716,300415.0,268588.0,194101.0,1258740.0,1125380.0,49.483,4.87,3.25,0.0000,-0.020342376089928057,0.2368,0,29,120,2009-10-30
300026.SZ,2024-12-03,4.19,4.15,4.2,4.1,4.19,-0.04,-0.9547,605762.0,250636.0,2.2554,3.1209,1.03,24.6081,75.1916,1.4189,2.0408,2.2154,0.7229,0.7229,300415.0,268588.0,194101.0,1246720.0,1114640.0,49.483,5.03,3.35,0.0000,-0.07105897026749822,0.2368,0,29,120,2009-10-30
300026.SZ,2024-12-04,4.15,4.17,4.23,4.13,4.15,0.02,0.4819,930013.0,388508.0,3.4626,4.7914,1.55,24.7267,75.554,1.4257,2.0507,2.2261,0.7194,0.7194,300415.0,268588.0,194101.0,1252730.0,1120010.0,49.483,4.98,3.32,0.0000,0.11144091918405097,0.2368,0,29,120,2009-10-30
300026.SZ,2024-12-05,4.14,4.19,4.2,4.11,4.17,0.02,0.4796,519350.0,215349.0,1.9336,2.6757,0.75,24.8453,75.9163,1.4325,2.0605,2.2368,0.716,0.716,300415.0,268588.0,194101.0,1258740.0,1125380.0,49.483,5.0,3.34,0.0000,0.11239303735206367,0.2368,0,29,120,2009-10-30
300026.SZ,2024-12-06,4.19,4.23,4.25,4.14,4.19,0.04,0.9547,930944.0,391794.0,3.4661,4.7962,1.33,25.0825,76.6411,1.4462,2.0802,2.2581,0.7092,0.7092,300415.0,268588.0,194101.0,1270760.0,1136130.0,49.483,5.03,3.35,0.0000,-0.12750327832024708,0.2368,0,29,120,2009-10-30
300026.SZ,2024-12-09,4.28,4.2,4.31,4.17,4.23,-0.03,-0.7092,774296.0,328403.0,2.8828,3.9891,1.0,24.9046,76.0975,1.436,2.0654,2.2421,0.7143,0.7143,300415.0,268588.0,194101.0,1261740.0,1128070.0,49.483,5.08,3.38,0.0000,-0.002336647134992487,0.2368,0,29,120,2009-10-30
300026.SZ,2024-12-10,4.31,4.17,4.32,4.16,4.2,-0.03,-0.7143,769849.0,326085.0,2.8663,3.9662,1.02,24.7267,75.554,1.4257,2.0507,2.2261,0.7194,0.7194,300415.0,268588.0,194101.0,1252730.0,1120010.0,49.483,5.04,3.36,0.0000,-0.10189235771751157,0.2368,0,29,120,2009-10-30
300026.SZ,2024-12-11,4.16,4.21,4.23,4.15,4.17,0.04,0.9592,550642.0,231736.0,2.0501,2.8369,0.7,24.9639,76.2787,1.4394,2.0704,2.2474,0.7126,0.7126,300415.0,268588.0,194101.0,1264750.0,1130750.0,49.483,5.0,3.34,0.0000,-0.075392554758599,0.2368,0,29,120,2009-10-30
300026.SZ,2024-12-12,4.22,4.3,4.36,4.18,4.21,0.09,2.1378,1115690.0,479182.0,4.1539,5.748,1.57,25.4976,77.9094,1.4701,2.1146,2.2955,0.6977,0.6977,300415.0,268588.0,194101.0,1291790.0,1154930.0,49.483,5.05,3.37,0.0000,0.05093937555694804,0.2368,0,29,120,2009-10-30
300026.SZ,2024-12-13,4.28,4.19,4.3,4.17,4.3,-0.11,-2.5581,853675.0,360893.0,3.1784,4.3981,1.03,24.8453,75.9163,1.4325,2.0605,2.2368,0.716,0.716,300415.0,268588.0,194101.0,1258740.0,1125380.0,49.483,5.16,3.44,0.0000,-0.12931900036954277,0.2368,0,29,120,2009-10-30
300026.SZ,2024-12-16,4.19,4.23,4.25,4.18,4.19,0.04,0.9547,604263.0,254691.0,2.2498,3.1131,0.74,25.0825,76.6411,1.4462,2.0802,2.2581,0.7092,0.7092,300415.0,268588.0,194101.0,1270760.0,1136130.0,49.483,5.03,3.35,0.0000,0.1210501727489063,0.2368,0,29,120,2009-10-30
300026.SZ,2024-12-17,4.24,4.19,4.31,4.17,4.23,-0.04,-0.9456,994778.0,420763.0,3.7037,5.1251,1.28,24.8453,75.9163,1.4325,2.0605,2.2368,0.716,0.716,300415.0,268588.0,194101.0,1258740.0,1125380.0,49.483,5.08,3.38,0.0000,0.12286801184460469,0.2368,0,29,120,2009-10-30
300026.SZ,2024-12-18,4.17,4.11,4.19,4.09,4.19,-0.08,-1.9093,656419.0,271539.0,2.444,3.3818,0.8,24.3709,74.4668,1.4052,2.0212,2.1941,0.7299,0.7299,300415.0,268588.0,194101.0,1234710.0,1103900.0,49.483,5.03,3.35,0.0000,-0.14798029823738093,0.2368,0,29,120,2009-10-30
300026.SZ,2024-12-19,4.08,4.11,4.13,4.02,4.11,0.0,0.0,502854.0,204638.0,1.8722,2.5907,0.6,24.3709,74.4668,1.4052,2.0212,2.1941,0.7299,0.7299,300415.0,268588.0,194101.0,1234710.0,1103900.0,49.483,4.93,3.29,0.0000,-0.21541683961713345,0.2368,0,29,120,2009-10-30
300026.SZ,2024-12-20,4.09,4.11,4.12,4.06,4.11,0.0,0.0,389345.0,159401.0,1.4496,2.0059,0.54,24.3709,74.4668,1.4052,2.0212,2.1941,0.7299,0.7299,300415.0,268588.0,194101.0,1234710.0,1103900.0,49.483,4.93,3.29,0.0000,0.06903897438983163,0.2368,0,29,120,2009-10-30
300026.SZ,2024-12-23,4.1,3.98,4.11,3.98,4.11,-0.13,-3.163,487117.0,196436.0,1.8136,2.5096,0.77,23.6001,72.1114,1.3607,1.9572,2.1247,0.7538,0.7538,300415.0,268588.0,194101.0,1195650.0,1068980.0,49.483,4.93,3.29,0.0000,-0.05111889374332947,0.2368,0,29,120,2009-10-30
300026.SZ,2024-12-24,3.9,3.86,3.95,3.82,3.98,-0.12,-3.0151,775273.0,300075.0,2.8865,3.9942,1.28,22.8885,69.9372,1.3197,1.8982,2.0606,0.7772,0.7772,300415.0,268588.0,194101.0,1159600.0,1036750.0,49.483,4.78,3.18,0.0000,-0.23566475662537184,0.2368,0,29,120,2009-10-30
300026.SZ,2024-12-25,3.86,3.81,3.88,3.76,3.86,-0.05,-1.2953,403013.0,153374.0,1.5005,2.0763,0.72,22.592,69.0313,1.3026,1.8736,2.0339,0.7874,0.7874,300415.0,268588.0,194101.0,1144580.0,1023320.0,49.483,4.63,3.09,0.0000,-0.1853460833048532,0.2368,0,29,120,2009-10-30
300026.SZ,2024-12-26,3.8,3.81,3.84,3.79,3.81,0.0,0.0,243316.0,92931.0,0.9059,1.2536,0.48,22.592,69.0313,1.3026,1.8736,2.0339,0.7874,0.7874,300415.0,268588.0,194101.0,1144580.0,1023320.0,49.483,4.57,3.05,0.0000,0.014591010189922501,0.2368,0,29,120,2009-10-30
300026.SZ,2024-12-27,3.8,3.93,3.99,3.79,3.81,0.12,3.1496,635714.0,248365.0,2.3669,3.2752,1.38,23.3036,71.2055,1.3436,1.9327,2.098,0.7634,0.7634,300415.0,268588.0,194101.0,1180630.0,1055550.0,49.483,4.57,3.05,0.0000,0.26147701998845985,0.2368,0,29,120,2009-10-30
300026.SZ,2024-12-30,3.94,3.89,3.94,3.87,3.93,-0.04,-1.0178,336870.0,131162.0,1.2542,1.7355,0.66,23.0664,70.4808,1.33,1.913,2.0766,0.7712,0.7712,300415.0,268588.0,194101.0,1168620.0,1044810.0,49.483,4.72,3.14,0.0000,0.08075834106572503,0.2368,0,29,120,2009-10-30
300026.SZ,2024-12-31,3.89,3.79,3.9,3.78,3.89,-0.1,-2.5707,320924.0,123030.0,1.1949,1.6534,0.67,22.4734,68.6689,1.2958,1.8638,2.0232,0.7916,0.7916,300415.0,268588.0,194101.0,1138570.0,1017950.0,49.483,4.67,3.11,0.0000,-0.04253119241885538,0.2368,0,29,120,2009-10-30
300026.SZ,2025-01-02,3.79,3.7,3.82,3.67,3.79,-0.09,-2.3747,368132.0,138124.0,1.3706,1.8966,0.95,21.9398,67.0383,1.265,1.8196,1.9752,0.8108,0.8108,300415.0,268588.0,194101.0,1111540.0,993774.0,49.483,4.55,3.03,0.0000,-0.07723322006282035,0.2368,0,29,120,2009-10-30
300026.SZ,2025-01-03,3.72,3.68,3.8,3.65,3.7,-0.02,-0.5405,477654.0,178219.0,1.7784,2.4609,1.25,21.8212,66.6759,1.2582,1.8097,1.9645,0.8152,0.8152,300415.0,268588.0,194101.0,1105530.0,988402.0,49.483,4.44,2.96,0.0000,0.012186760268513857,0.2368,0,29,120,2009-10-30
300026.SZ,2025-01-06,3.7,4.0,4.08,3.69,3.68,0.32,8.6957,1437680.0,564006.0,5.3528,7.4069,3.36,23.7187,72.4738,1.3676,1.9671,2.1353,0.75,0.75,300415.0,268588.0,194101.0,1201660.0,1074350.0,49.483,4.42,2.94,0.0000,0.044508572015984696,0.2368,0,29,120,2009-10-30
300026.SZ,2025-01-07,3.95,3.85,3.96,3.76,4.0,-0.15,-3.75,898367.0,343939.0,3.3448,4.6284,1.53,22.8292,69.756,1.3163,1.8933,2.0553,0.7792,0.7792,300415.0,268588.0,194101.0,1156600.0,1034060.0,49.483,4.8,3.2,0.0000,-0.0401069178809933,0.2368,0,29,120,2009-10-30
300026.SZ,2025-01-08,3.83,3.88,3.94,3.81,3.85,0.03,0.7792,733617.0,284618.0,2.7314,3.7796,1.05,23.0071,70.2996,1.3266,1.9081,2.0713,0.7732,0.7732,300415.0,268588.0,194101.0,1165610.0,1042120.0,49.483,4.62,3.08,0.0000,0.0010789823405168283,0.2368,0,29,120,2009-10-30
300026.SZ,2025-01-09,3.86,3.78,3.86,3.77,3.88,-0.1,-2.5773,552294.0,209837.0,2.0563,2.8454,0.71,22.4141,68.4878,1.2924,1.8589,2.0179,0.7937,0.7937,300415.0,268588.0,194101.0,1135570.0,1015260.0,49.483,4.66,3.1,0.0000,-0.14895366783530034,0.2368,0,29,120,2009-10-30
300026.SZ,2025-01-10,3.78,3.65,3.8,3.65,3.78,-0.13,-3.4392,456038.0,169139.0,1.6979,2.3495,0.56,21.6433,66.1324,1.2479,1.795,1.9485,0.8219,0.8219,300415.0,268588.0,194101.0,1096520.0,980345.0,49.483,4.54,3.02,0.0000,-0.20398699097924267,0.2368,0,29,120,2009-10-30
300026.SZ,2025-01-13,3.63,3.59,3.63,3.53,3.65,-0.06,-1.6438,305645.0,109627.0,1.138,1.5747,0.37,21.2875,65.0453,1.2274,1.7655,1.9165,0.8357,0.8357,300415.0,268588.0,194101.0,1078490.0,964230.0,49.483,4.38,2.92,0.0000,-0.1524335078870724,0.2368,0,29,120,2009-10-30
300026.SZ,2025-01-14,3.6,3.73,3.74,3.59,3.59,0.14,3.8997,433958.0,159725.0,1.6157,2.2357,0.74,22.1177,67.5818,1.2753,1.8343,1.9912,0.8043,0.8043,300415.0,268588.0,194101.0,1120550.0,1001830.0,49.483,4.31,2.87,0.0000,0.12652150539639526,0.2368,0,29,120,2009-10-30
300026.SZ,2025-01-15,3.71,3.68,3.73,3.66,3.73,-0.05,-1.3405,331099.0,122055.0,1.2327,1.7058,0.67,21.8212,66.6759,1.2582,1.8097,1.9645,0.8152,0.8152,300415.0,268588.0,194101.0,1105530.0,988402.0,49.483,4.48,2.98,0.0000,-0.16199045697255088,0.2368,0,29,120,2009-10-30
300026.SZ,2025-01-16,3.7,3.69,3.76,3.67,3.68,0.01,0.2717,328685.0,122314.0,1.2238,1.6934,0.79,21.8805,66.8571,1.2616,1.8146,1.9699,0.813,0.813,300415.0,268588.0,194101.0,1108530.0,991088.0,49.483,4.42,2.94,0.0000,-0.04453170031677379,0.2368,0,29,120,2009-10-30
300026.SZ,2025-01-17,3.69,3.7,3.72,3.66,3.69,0.01,0.271,266653.0,98293.5,0.9928,1.3738,0.72,21.9398,67.0383,1.265,1.8196,1.9752,0.8108,0.8108,300415.0,268588.0,194101.0,1111540.0,993774.0,49.483,4.43,2.95,0.0000,-0.18698276959328275,0.2368,0,29,120,2009-10-30
300026.SZ,2025-01-20,3.71,3.71,3.75,3.69,3.7,0.01,0.2703,266441.0,99175.2,0.992,1.3727,0.8,21.9991,67.2195,1.2684,1.8245,1.9805,0.8086,0.8086,300415.0,268588.0,194101.0,1114540.0,996460.0,49.483,4.44,2.96,0.0000,-0.21980602349106068,0.2368,0,29,120,2009-10-30
300026.SZ,2025-01-21,3.68,3.62,3.71,3.6,3.71,-0.09,-2.4259,372214.0,135274.0,1.3858,1.9176,1.14,21.4654,65.5888,1.2377,1.7802,1.9325,0.8287,0.8287,300415.0,268588.0,194101.0,1087500.0,972287.0,49.483,4.45,2.97,0.0000,-0.10163913894666017,0.2368,0,29,120,2009-10-30
300026.SZ,2025-01-22,3.6,3.58,3.61,3.55,3.62,-0.04,-1.105,244695.0,87369.3,0.911,1.2607,0.78,21.2282,64.8641,1.224,1.7605,1.9111,0.838,0.838,300415.0,268588.0,194101.0,1075490.0,961544.0,49.483,4.34,2.9,0.0000,-0.3034355154071869,0.2368,0,29,120,2009-10-30
300026.SZ,2025-01-23,3.61,3.56,3.67,3.56,3.58,-0.02,-0.5587,345365.0,125086.0,1.2859,1.7793,1.17,21.1096,64.5017,1.2171,1.7507,1.9005,0.8427,0.8427,300415.0,268588.0,194101.0,1069480.0,956172.0,49.483,4.3,2.86,0.0000,0.13968942700290474,0.2368,0,29,120,2009-10-30
300026.SZ,2025-01-24,3.57,3.57,3.58,3.53,3.56,0.01,0.2809,368460.0,130984.0,1.3718,1.8983,1.23,21.1689,64.6829,1.2206,1.7556,1.9058,0.8403,0.8403,300415.0,268588.0,194101.0,1072480.0,958858.0,49.483,4.27,2.85,0.0000,-0.08374686856392959,0.2368,0,29,120,2009-10-30
300026.SZ,2025-01-27,3.57,3.48,3.62,3.47,3.57,-0.09,-2.521,437672.0,155052.0,1.6295,2.2549,1.37,20.6352,63.0522,1.1898,1.7114,1.8577,0.8621,0.8621,300415.0,268588.0,194101.0,1045450.0,934685.0,49.483,4.28,2.86,0.0000,-0.2365232414158253,0.2368,0,29,120,2009-10-30
300026.SZ,2025-02-05,3.53,3.57,3.6,3.51,3.48,0.09,2.5862,439125.0,156265.0,1.6349,2.2624,1.24,21.1689,64.6829,1.2206,1.7556,1.9058,0.8403,0.8403,300415.0,268588.0,194101.0,1072480.0,958858.0,49.483,4.18,2.78,0.0000,-0.07506861617355425,0.2368,0,29,120,2009-10-30
300026.SZ,2025-02-06,3.58,3.62,3.62,3.51,3.57,0.05,1.4006,390205.0,139415.0,1.4528,2.0103,1.06,21.4654,65.5888,1.2377,1.7802,1.9325,0.8287,0.8287,300415.0,268588.0,194101.0,1087500.0,972287.0,49.483,4.28,2.86,0.0000,0.048379072885623334,0.2368,0,29,120,2009-10-30
300026.SZ,2025-02-07,3.61,3.69,3.71,3.59,3.62,0.07,1.9337,532884.0,195539.0,1.984,2.7454,1.35,21.8805,66.8571,1.2616,1.8146,1.9699,0.813,0.813,300415.0,268588.0,194101.0,1108530.0,991088.0,49.483,4.34,2.9,0.0000,-0.12289937902154188,0.2368,0,29,120,2009-10-30
300026.SZ,2025-02-10,3.69,3.75,3.77,3.68,3.69,0.06,1.626,518160.0,193494.0,1.9292,2.6695,1.19,22.2362,67.9442,1.2821,1.8441,2.0019,0.8,0.8,300415.0,268588.0,194101.0,1126560.0,1007200.0,49.483,4.43,2.95,0.0000,-0.07080019544056868,0.2368,0,29,120,2009-10-30
300026.SZ,2025-02-11,3.76,3.69,3.77,3.67,3.75,-0.06,-1.6,335130.0,123709.0,1.2477,1.7266,0.72,21.8805,66.8571,1.2616,1.8146,1.9699,0.813,0.813,300415.0,268588.0,194101.0,1108530.0,991088.0,49.483,4.5,3.0,0.0000,-0.14085937295419793,0.2368,0,29,120,2009-10-30
300026.SZ,2025-02-12,3.69,3.68,3.7,3.64,3.69,-0.01,-0.271,338521.0,124147.0,1.2604,1.744,0.76,21.8212,66.6759,1.2582,1.8097,1.9645,0.8152,0.8152,300415.0,268588.0,194101.0,1105530.0,988402.0,49.483,4.43,2.95,0.0000,-0.0454982308424449,0.2368,0,29,120,2009-10-30
300026.SZ,2025-02-13,3.67,3.68,3.71,3.65,3.68,0.0,0.0,357626.0,131772.0,1.3315,1.8425,0.85,21.8212,66.6759,1.2582,1.8097,1.9645,0.8152,0.8152,300415.0,268588.0,194101.0,1105530.0,988402.0,49.483,4.42,2.94,0.0000,-0.09402799734912835,0.2368,0,29,120,2009-10-30
300026.SZ,2025-02-14,3.66,3.72,3.75,3.66,3.68,0.04,1.087,387468.0,144025.0,1.4426,1.9962,0.93,22.0584,67.4006,1.2718,1.8294,1.9859,0.8065,0.8065,300415.0,268588.0,194101.0,1117550.0,999146.0,49.483,4.42,2.94,0.0000,-0.0017753654022475203,0.2368,0,29,120,2009-10-30
300026.SZ,2025-02-17,3.73,3.73,3.78,3.7,3.72,0.01,0.2688,492511.0,184522.0,1.8337,2.5374,1.27,22.1177,67.5818,1.2753,1.8343,1.9912,0.8043,0.8043,300415.0,268588.0,194101.0,1120550.0,1001830.0,49.483,4.46,2.98,0.0000,-0.016989777907914953,0.2368,0,29,120,2009-10-30
300026.SZ,2025-02-18,3.72,3.62,3.73,3.6,3.73,-0.11,-2.9491,434726.0,158915.0,1.6186,2.2397,1.14,21.4654,65.5888,1.2377,1.7802,1.9325,0.8287,0.8287,300415.0,268588.0,194101.0,1087500.0,972287.0,49.483,4.48,2.98,0.0000,-0.09117438569035664,0.2368,0,29,120,2009-10-30
300026.SZ,2025-02-19,3.61,3.6,3.62,3.57,3.62,-0.02,-0.5525,385591.0,138507.0,1.4356,1.9865,0.96,21.3468,65.2264,1.2308,1.7704,1.9218,0.8333,0.8333,300415.0,268588.0,194101.0,1081500.0,966915.0,49.483,4.34,2.9,0.0000,-0.11651840725501689,0.2368,0,29,120,2009-10-30
300026.SZ,2025-02-20,3.61,3.62,3.66,3.58,3.6,0.02,0.5556,392076.0,142151.0,1.4598,2.02,0.95,21.4654,65.5888,1.2377,1.7802,1.9325,0.8287,0.8287,300415.0,268588.0,194101.0,1087500.0,972287.0,49.483,4.32,2.88,0.0000,0.06373368953490181,0.2368,0,29,120,2009-10-30
300026.SZ,2025-02-21,3.62,3.61,3.65,3.56,3.62,-0.01,-0.2762,371544.0,133681.0,1.3833,1.9142,0.89,21.4061,65.4076,1.2342,1.7753,1.9271,0.831,0.831,300415.0,268588.0,194101.0,1084500.0,969601.0,49.483,4.34,2.9,0.0000,0.06502127156817057,0.2368,0,29,120,2009-10-30
300026.SZ,2025-02-24,3.61,3.61,3.65,3.59,3.61,0.0,0.0,410896.0,148593.0,1.5298,2.1169,0.99,21.4061,65.4076,1.2342,1.7753,1.9271,0.831,0.831,300415.0,268588.0,194101.0,1084500.0,969601.0,49.483,4.33,2.89,0.0000,0.09698376131321258,0.2368,0,29,120,2009-10-30
300026.SZ,2025-02-25,3.6,3.57,3.62,3.55,3.61,-0.04,-1.108,366368.0,131202.0,1.3641,1.8875,0.92,21.1689,64.6829,1.2206,1.7556,1.9058,0.8403,0.8403,300415.0,268588.0,194101.0,1072480.0,958858.0,49.483,4.33,2.89,0.0000,-0.05068193153175719,0.2368,0,29,120,2009-10-30
300026.SZ,2025-02-26,3.58,3.62,3.62,3.57,3.57,0.05,1.4006,368739.0,132636.0,1.3729,1.8997,0.96,21.4654,65.5888,1.2377,1.7802,1.9325,0.8287,0.8287,300415.0,268588.0,194101.0,1087500.0,972287.0,49.483,4.28,2.86,0.0000,0.04815992364960464,0.2368,0,29,120,2009-10-30
300026.SZ,2025-02-27,3.62,3.6,3.64,3.56,3.62,-0.02,-0.5525,373129.0,134295.0,1.3892,1.9223,0.98,21.3468,65.2264,1.2308,1.7704,1.9218,0.8333,0.8333,300415.0,268588.0,194101.0,1081500.0,966915.0,49.483,4.34,2.9,0.0000,-0.10910980050859659,0.2368,0,29,120,2009-10-30
300026.SZ,2025-02-28,3.58,3.49,3.62,3.49,3.6,-0.11,-3.0556,476675.0,169060.0,1.7747,2.4558,1.26,20.6945,205.369,1.2088,1.7163,1.8131,0.8596,0.8596,300415.0,268588.0,194101.0,1048450.0,937371.0,49.483,4.32,2.88,0.0000,-0.20000445392248808,0.2368,0,29,120,2009-10-30
300026.SZ,2025-03-03,3.49,3.5,3.56,3.48,3.49,0.01,0.2865,354456.0,124627.0,1.3197,1.8261,0.89,20.7538,205.958,1.2123,1.7212,1.8183,0.8571,0.8571,300415.0,268588.0,194101.0,1051450.0,940057.0,49.483,4.19,2.79,0.0000,-0.03661869074070311,0.2368,0,29,120,2009-10-30
300026.SZ,2025-03-04,3.48,3.5,3.51,3.45,3.5,0.0,0.0,291216.0,101397.0,1.0842,1.5003,0.75,20.7538,205.958,1.2123,1.7212,1.8183,0.8571,0.8571,300415.0,268588.0,194101.0,1051450.0,940057.0,49.483,4.2,2.8,0.0000,-0.057966222425932544,0.2368,0,29,120,2009-10-30
300026.SZ,2025-03-05,3.5,3.45,3.5,3.42,3.5,-0.05,-1.4286,332186.0,114513.0,1.2368,1.7114,0.89,20.4573,203.015,1.1949,1.6966,1.7923,0.8696,0.8696,300415.0,268588.0,194101.0,1036430.0,926627.0,49.483,4.2,2.8,0.0000,-0.0941881585426364,0.2368,0,29,120,2009-10-30
300026.SZ,2025-03-06,3.45,3.48,3.49,3.44,3.45,0.03,0.8696,343645.0,119135.0,1.2795,1.7704,0.94,20.6352,204.781,1.2053,1.7114,1.8079,0.8621,0.8621,300415.0,268588.0,194101.0,1045450.0,934685.0,49.483,4.14,2.76,0.0000,-0.04512438434967225,0.2368,0,29,120,2009-10-30
300026.SZ,2025-03-07,3.47,3.45,3.49,3.44,3.48,-0.03,-0.8621,309310.0,107062.0,1.1516,1.5936,0.86,20.4573,203.015,1.1949,1.6966,1.7923,0.8696,0.8696,300415.0,268588.0,194101.0,1036430.0,926627.0,49.483,4.18,2.78,0.0000,-0.009129728993786872,0.2368,0,29,120,2009-10-30
300026.SZ,2025-03-10,3.47,3.54,3.55,3.47,3.45,0.09,2.6087,551163.0,193637.0,2.0521,2.8396,1.69,20.991,208.311,1.2261,1.7409,1.839,0.8475,0.8475,300415.0,268588.0,194101.0,1063470.0,950800.0,49.483,4.14,2.76,0.0000,0.04194470283824914,0.2368,0,29,120,2009-10-30
300026.SZ,2025-03-11,3.53,3.58,3.63,3.48,3.54,0.04,1.1299,657946.0,234119.0,2.4497,3.3897,1.8,21.2282,210.665,1.24,1.7605,1.8598,0.838,0.838,300415.0,268588.0,194101.0,1075490.0,961544.0,49.483,4.25,2.83,0.0000,0.06745930080425983,0.2368,0,29,120,2009-10-30
300026.SZ,2025-03-12,3.57,3.54,3.58,3.53,3.58,-0.04,-1.1173,403665.0,143125.0,1.5029,2.0797,0.92,20.991,208.311,1.2261,1.7409,1.839,0.8475,0.8475,300415.0,268588.0,194101.0,1063470.0,950800.0,49.483,4.3,2.86,0.0000,-0.14670813175786446,0.2368,0,29,120,2009-10-30
300026.SZ,2025-03-13,3.54,3.51,3.54,3.48,3.54,-0.03,-0.8475,284023.0,99605.1,1.0575,1.4633,0.63,20.8131,206.546,1.2157,1.7261,1.8234,0.8547,0.8547,300415.0,268588.0,194101.0,1054460.0,942742.0,49.483,4.25,2.83,0.0000,-0.08041390646676151,0.2368,0,29,120,2009-10-30
300026.SZ,2025-03-14,3.49,3.57,3.57,3.49,3.51,0.06,1.7094,445869.0,158052.0,1.66,2.2971,1.01,21.1689,210.077,1.2365,1.7556,1.8546,0.8403,0.8403,300415.0,268588.0,194101.0,1072480.0,958858.0,49.483,4.21,2.81,0.0000,0.064755673086942,0.2368,0,29,120,2009-10-30
300026.SZ,2025-03-17,3.58,3.56,3.59,3.55,3.57,-0.01,-0.2801,353055.0,126127.0,1.3145,1.8189,0.75,21.1096,209.488,1.233,1.7507,1.8494,0.8427,0.8427,300415.0,268588.0,194101.0,1069480.0,956172.0,49.483,4.28,2.86,0.0000,-0.13714016324595046,0.2368,0,29,120,2009-10-30
300026.SZ,2025-03-18,3.57,3.56,3.58,3.54,3.56,0.0,0.0,271594.0,96689.0,1.0112,1.3992,0.63,21.1096,209.488,1.233,1.7507,1.8494,0.8427,0.8427,300415.0,268588.0,194101.0,1069480.0,956172.0,49.483,4.27,2.85,0.0000,-0.010324543186142357,0.2368,0,29,120,2009-10-30
300026.SZ,2025-03-19,3.55,3.56,3.58,3.54,3.56,0.0,0.0,272749.0,97022.2,1.0155,1.4052,0.78,21.1096,209.488,1.233,1.7507,1.8494,0.8427,0.8427,300415.0,268588.0,194101.0,1069480.0,956172.0,49.483,4.27,2.85,0.0000,-0.06363736349325505,0.2368,0,29,120,2009-10-30
300026.SZ,2025-03-20,3.55,3.62,3.62,3.54,3.56,0.06,1.6854,569914.0,204209.0,2.1219,2.9362,1.75,21.4654,213.019,1.2538,1.7802,1.8806,0.8287,0.8287,300415.0,268588.0,194101.0,1087500.0,972287.0,49.483,4.27,2.85,0.0000,0.18078652857450642,0.2368,0,29,120,2009-10-30
300026.SZ,2025-03-21,3.74,3.63,3.81,3.62,3.62,0.01,0.2762,1175910.0,435582.0,4.3781,6.0583,3.07,21.5247,213.607,1.2573,1.7851,1.8858,0.8264,0.8264,300415.0,268588.0,194101.0,1090510.0,974973.0,49.483,4.34,2.9,0.0000,-0.011864662782277324,0.2368,0,29,120,2009-10-30
300026.SZ,2025-03-24,3.58,3.58,3.67,3.54,3.63,-0.05,-1.3774,654398.0,235029.0,2.4364,3.3714,1.24,21.2282,210.665,1.24,1.7605,1.8598,0.838,0.838,300415.0,268588.0,194101.0,1075490.0,961544.0,49.483,4.36,2.9,0.0000,-0.040811237803439315,0.2368,0,29,120,2009-10-30
300026.SZ,2025-03-25,3.54,3.5,3.54,3.44,3.58,-0.08,-2.2346,582813.0,203083.0,2.1699,3.0026,0.99,20.7538,205.958,1.2123,1.7212,1.8183,0.8571,0.8571,300415.0,268588.0,194101.0,1051450.0,940057.0,49.483,4.3,2.86,0.0000,-0.12455299413338328,0.2368,0,29,120,2009-10-30
300026.SZ,2025-03-26,3.48,3.49,3.52,3.48,3.5,-0.01,-0.2857,330228.0,115693.0,1.2295,1.7013,0.51,20.6945,205.369,1.2088,1.7163,1.8131,0.8596,0.8596,300415.0,268588.0,194101.0,1048450.0,937371.0,49.483,4.2,2.8,0.0000,-0.1393252168063403,0.2368,0,29,120,2009-10-30
300026.SZ,2025-03-27,3.48,3.56,3.57,3.45,3.49,0.07,2.0057,497141.0,174855.0,1.8509,2.5612,0.75,21.1096,209.488,1.233,1.7507,1.8494,0.8427,0.8427,300415.0,268588.0,194101.0,1069480.0,956172.0,49.483,4.19,2.79,0.0000,0.15714727756254018,0.2368,0,29,120,2009-10-30
300026.SZ,2025-03-28,3.55,3.56,3.61,3.52,3.56,0.0,0.0,503495.0,179304.0,1.8746,2.594,0.78,21.1096,209.488,1.233,1.7507,1.8494,0.8427,0.8427,300415.0,268588.0,194101.0,1069480.0,956172.0,49.483,4.27,2.85,0.0000,0.1127359451286067,0.2368,0,29,120,2009-10-30
300026.SZ,2025-03-31,3.55,3.58,3.6,3.53,3.56,0.02,0.5618,514831.0,183858.0,1.9168,2.6524,1.0,21.2282,210.665,1.24,1.7605,1.8598,0.838,0.838,300415.0,268588.0,194101.0,1075490.0,961544.0,49.483,4.27,2.85,0.0000,0.0951027957214734,0.2368,0,29,120,2009-10-30
300026.SZ,2025-04-01,3.59,3.66,3.73,3.58,3.58,0.08,2.2346,788688.0,289295.0,2.9364,4.0633,1.62,21.7026,215.373,1.2677,1.7999,1.9014,0.8197,0.8197,300415.0,268588.0,194101.0,1099520.0,983031.0,49.483,4.3,2.86,0.0000,0.04387390734922208,0.2368,0,29,120,2009-10-30
300026.SZ,2025-04-02,3.63,3.6,3.65,3.59,3.66,-0.06,-1.6393,446145.0,160900.0,1.6611,2.2985,0.85,21.3468,211.842,1.2469,1.7704,1.8702,0.8333,0.8333,300415.0,268588.0,194101.0,1081500.0,966915.0,49.483,4.39,2.93,0.0000,-0.06060700542900594,0.2368,0,29,120,2009-10-30
300026.SZ,2025-04-03,3.57,3.62,3.66,3.57,3.6,0.02,0.5556,388373.0,140890.0,1.446,2.0009,0.71,21.4654,213.019,1.2538,1.7802,1.8806,0.8287,0.8287,300415.0,268588.0,194101.0,1087500.0,972287.0,49.483,4.32,2.88,0.0000,-0.029271765930908824,0.2368,0,29,120,2009-10-30
300026.SZ,2025-04-07,3.54,3.15,3.54,3.08,3.62,-0.47,-12.9834,915135.0,302208.0,3.4072,4.7147,1.73,18.6784,185.362,1.091,1.5491,1.6364,0.9524,0.9524,300415.0,268588.0,194101.0,946309.0,846051.0,49.483,4.34,2.9,0.0000,-0.14953263697252486,0.2368,0,29,120,2009-10-30
300026.SZ,2025-04-08,3.18,3.29,3.32,3.18,3.15,0.14,4.4444,624838.0,204362.0,2.3264,3.2191,1.02,19.5086,193.6,1.1395,1.6179,1.7092,0.9119,0.9119,300415.0,268588.0,194101.0,988367.0,883653.0,49.483,3.78,2.52,0.0000,-0.06092423853376545,0.2368,0,29,120,2009-10-30
300026.SZ,2025-04-09,3.25,3.33,3.37,3.11,3.29,0.04,1.2158,611238.0,199109.0,2.2757,3.1491,0.97,19.7458,195.954,1.1534,1.6376,1.7299,0.9009,0.9009,300415.0,268588.0,194101.0,1000380.0,894397.0,49.483,3.95,2.63,0.0000,-0.024154631800571983,0.2368,0,29,120,2009-10-30
300026.SZ,2025-04-10,3.37,3.36,3.42,3.34,3.33,0.03,0.9009,490518.0,165717.0,1.8263,2.5271,0.82,19.9237,197.719,1.1638,1.6523,1.7455,0.8929,0.8929,300415.0,268588.0,194101.0,1009400.0,902454.0,49.483,4.0,2.66,0.0000,0.022030545189280777,0.2368,0,29,120,2009-10-30
300026.SZ,2025-04-11,3.33,3.34,3.38,3.31,3.36,-0.02,-0.5952,357947.0,119748.0,1.3327,1.8441,0.59,19.8051,196.542,1.1568,1.6425,1.7351,0.8982,0.8982,300415.0,268588.0,194101.0,1003390.0,897083.0,49.483,4.03,2.69,0.0000,0.005721752035973502,0.2368,0,29,120,2009-10-30
300026.SZ,2025-04-14,3.36,3.39,3.44,3.36,3.34,0.05,1.497,422978.0,143510.0,1.5748,2.1792,0.71,20.1016,199.484,1.1742,1.6671,1.7611,0.885,0.885,300415.0,268588.0,194101.0,1018410.0,910512.0,49.483,4.01,2.67,0.0000,-0.006341735567352642,0.2368,0,29,120,2009-10-30
300026.SZ,2025-04-15,3.39,3.37,3.4,3.34,3.39,-0.02,-0.59,293074.0,98651.1,1.0912,1.5099,0.58,19.983,198.308,1.1672,1.6573,1.7507,0.8902,0.8902,300415.0,268588.0,194101.0,1012400.0,905140.0,49.483,4.07,2.71,0.0000,-0.14712595242375928,0.2368,0,29,120,2009-10-30
300026.SZ,2025-04-16,3.36,3.32,3.36,3.26,3.37,-0.05,-1.4837,385185.0,127262.0,1.4341,1.9845,0.89,19.6865,195.365,1.1499,1.6327,1.7247,0.9036,0.9036,300415.0,268588.0,194101.0,997379.0,891711.0,49.483,4.04,2.7,0.0000,-0.17980530708361867,0.2368,0,29,120,2009-10-30
300026.SZ,2025-04-17,3.3,3.33,3.35,3.29,3.32,0.01,0.3012,233695.0,77822.8,0.8701,1.204,0.6,19.7458,195.954,1.1534,1.6376,1.7299,0.9009,0.9009,300415.0,268588.0,194101.0,1000380.0,894397.0,49.483,3.98,2.66,0.0000,-0.13771851379189298,0.2368,0,29,120,2009-10-30
300026.SZ,2025-04-18,3.33,3.33,3.36,3.3,3.33,0.0,0.0,223412.0,74195.3,0.8318,1.1335,0.66,19.7458,195.954,1.1534,1.6376,1.7299,0.9009,0.9009,300415.0,268588.0,197094.0,1000380.0,894397.0,49.483,4.0,2.66,0.0000,0.15070062683157212,0.2368,0,29,120,2009-10-30
300026.SZ,2025-04-21,3.31,3.33,3.35,3.3,3.33,0.0,0.0,240427.0,80118.8,0.8952,1.2199,0.77,19.7458,195.954,1.1534,1.6376,1.7299,0.9009,0.9009,300415.0,268588.0,197094.0,1000380.0,894397.0,49.483,4.0,2.66,0.0000,-0.09259324754530303,0.2368,0,29,120,2009-10-30
300026.SZ,2025-04-22,3.32,3.35,3.38,3.31,3.33,0.02,0.6006,346853.0,115974.0,1.2914,1.7598,1.26,19.8644,197.131,1.1603,1.6474,1.7403,0.8955,0.8955,300415.0,268588.0,197094.0,1006390.0,899768.0,49.483,4.0,2.66,0.0000,-0.20369057144639266,0.2368,0,29,120,2009-10-30
300026.SZ,2025-04-23,3.34,3.32,3.37,3.31,3.35,-0.03,-0.8955,331954.0,110581.0,1.2359,1.6842,1.16,19.6865,195.365,1.1499,1.6327,1.7247,0.9036,0.9036,300415.0,268588.0,197094.0,997379.0,891711.0,49.483,4.02,2.68,0.0000,0.06610156954128626,0.2368,0,29,120,2009-10-30
300026.SZ,2025-04-24,3.32,3.34,3.38,3.31,3.32,0.02,0.6024,376320.0,126046.0,1.4011,1.9093,1.37,19.8051,196.542,1.1568,1.6425,1.7351,0.8982,0.8982,300415.0,268588.0,197094.0,1003390.0,897083.0,49.483,3.98,2.66,0.0000,-0.021821184819977264,0.2368,0,29,120,2009-10-30
300026.SZ,2025-04-25,3.34,3.33,3.36,3.31,3.34,-0.01,-0.2994,297688.0,99178.9,1.1083,1.5104,0.98,19.7458,195.954,1.1534,1.6376,1.7299,0.9009,0.9009,300415.0,268588.0,197094.0,1000380.0,894397.0,49.483,4.01,2.67,0.0000,0.0296277591355247,0.2368,0,29,120,2009-10-30
300026.SZ,2025-04-28,3.37,3.33,3.4,3.32,3.33,0.0,0.0,390687.0,131108.0,1.4138,1.9072,1.23,466.003,422.527,1.1493,1.7299,1.7513,0.9009,0.9009,300415.0,276342.0,204849.0,1000380.0,920220.0,49.483,4.0,2.66,0.0000,0.02854484095973281,0.6324,0,29,120,2009-10-30
300026.SZ,2025-04-29,3.33,3.35,3.37,3.32,3.33,0.02,0.6006,248167.0,83186.6,0.898,1.2115,0.71,468.802,425.065,1.1562,1.7403,1.7618,0.8955,0.8955,300415.0,276342.0,204849.0,1006390.0,925747.0,49.483,4.0,2.66,0.0000,-0.09471281350117965,0.6324,0,29,120,2009-10-30
300026.SZ,2025-04-30,3.35,3.38,3.39,3.35,3.35,0.03,0.8955,270145.0,91187.9,0.9776,1.3188,0.82,473.0,428.871,1.1665,1.7559,1.7776,0.8876,0.8876,300415.0,276342.0,204849.0,1015400.0,934037.0,49.483,4.02,2.68,0.0000,-0.05968997256553721,0.6324,0,29,120,2009-10-30
300026.SZ,2025-05-06,3.39,3.41,3.42,3.38,3.38,0.03,0.8876,324098.0,110237.0,1.1728,1.5821,1.02,477.198,432.678,1.1769,1.7715,1.7934,0.8798,0.8798,300415.0,276342.0,204849.0,1024420.0,942327.0,49.483,4.06,2.7,0.0000,0.01350060076383299,0.6324,0,29,120,2009-10-30
300026.SZ,2025-05-07,3.43,3.44,3.46,3.42,3.41,0.03,0.8798,403016.0,138545.0,1.4584,1.9674,1.32,481.396,436.485,1.1873,1.7871,1.8092,0.8721,0.8721,300415.0,276342.0,204849.0,1033430.0,950618.0,49.483,4.09,2.73,0.0000,-0.042457580058833655,0.6324,0,29,120,2009-10-30
300026.SZ,2025-05-08,3.43,3.44,3.45,3.42,3.44,0.0,0.0,289125.0,99393.2,1.0463,1.4114,0.88,481.396,436.485,1.1873,1.7871,1.8092,0.8721,0.8721,300415.0,276342.0,204849.0,1033430.0,950618.0,49.483,4.13,2.75,0.0000,0.030832763923276843,0.6324,0,29,120,2009-10-30
300026.SZ,2025-05-09,3.45,3.4,3.45,3.39,3.44,-0.04,-1.1628,258389.0,88210.5,0.935,1.2614,0.84,475.799,431.409,1.1735,1.7663,1.7881,0.8824,0.8824,300415.0,276342.0,204849.0,1021410.0,939564.0,49.483,4.13,2.75,0.0000,-0.10741007385948773,0.6324,0,29,120,2009-10-30
300026.SZ,2025-05-12,3.41,3.4,3.42,3.38,3.4,0.0,0.0,277754.0,94271.9,1.0051,1.3559,0.9,475.799,431.409,1.1735,1.7663,1.7881,0.8824,0.8824,300415.0,276342.0,204849.0,1021410.0,939564.0,49.483,4.08,2.72,0.0000,-0.12527463626379726,0.6324,0,29,120,2009-10-30
300026.SZ,2025-05-13,3.43,3.42,3.44,3.39,3.4,0.02,0.5882,304175.0,103915.0,1.1007,1.4849,0.98,478.598,433.947,1.1804,1.7767,1.7987,0.8772,0.8772,300415.0,276342.0,204849.0,1027420.0,945091.0,49.483,4.08,2.72,0.0000,0.002874559948399849,0.6324,0,29,120,2009-10-30
300026.SZ,2025-05-14,3.42,3.43,3.44,3.38,3.42,0.01,0.2924,269437.0,91873.3,0.975,1.3153,0.88,479.997,435.216,1.1838,1.7819,1.8039,0.8746,0.8746,300415.0,276342.0,204849.0,1030430.0,947854.0,49.483,4.1,2.74,0.0000,0.0018462185252719116,0.6324,0,29,120,2009-10-30
300026.SZ,2025-05-15,3.42,3.41,3.44,3.4,3.43,-0.02,-0.5831,227316.0,77834.2,0.8226,1.1097,0.81,477.198,432.678,1.1769,1.7715,1.7934,0.8798,0.8798,300415.0,276342.0,204849.0,1024420.0,942327.0,49.483,4.12,2.74,0.0000,-0.12760210484163756,0.6324,0,29,120,2009-10-30
300026.SZ,2025-05-16,3.43,3.67,3.77,3.43,3.41,0.26,7.6246,1630150.0,584253.0,5.899,7.9578,6.1,513.583,465.668,1.2666,1.9066,1.9301,0.8174,0.8174,300415.0,276342.0,204849.0,1102520.0,1014180.0,49.483,4.09,2.73,0.0000,0.1893670894110219,0.6324,0,29,120,2009-10-30
300026.SZ,2025-05-19,3.62,3.56,3.64,3.53,3.67,-0.11,-2.9973,872007.0,310718.0,3.1555,4.2568,1.61,498.189,451.711,1.2287,1.8494,1.8723,0.8427,0.8427,300415.0,276342.0,204849.0,1069480.0,983779.0,49.483,4.4,2.94,0.0000,-0.05710787202817523,0.6324,0,29,120,2009-10-30
300026.SZ,2025-05-20,3.56,3.59,3.68,3.55,3.56,0.03,0.8427,837098.0,303320.0,3.0292,4.0864,1.27,502.388,455.517,1.239,1.865,1.8881,0.8357,0.8357,300415.0,276342.0,204849.0,1078490.0,992069.0,49.483,4.27,2.85,0.0000,-0.10707357094163471,0.6324,0,29,120,2009-10-30
300026.SZ,2025-05-21,3.6,3.8,3.94,3.59,3.59,0.21,5.8496,1844380.0,699092.0,6.6743,9.0036,2.4,531.775,482.163,1.3115,1.9741,1.9985,0.7895,0.7895,300415.0,276342.0,204849.0,1141580.0,1050100.0,49.483,4.31,2.87,0.0000,0.10948361774240478,0.6324,0,29,120,2009-10-30
300026.SZ,2025-05-22,3.8,3.71,3.81,3.69,3.8,-0.09,-2.3684,971691.0,361738.0,3.5163,4.7435,0.9,519.18,470.743,1.2804,1.9273,1.9512,0.8086,0.8086,300415.0,276342.0,204849.0,1114540.0,1025230.0,49.483,4.56,3.04,0.0000,-0.23335878012711084,0.6324,0,29,120,2009-10-30
300026.SZ,2025-05-23,3.71,3.83,4.02,3.71,3.71,0.12,3.2345,1836140.0,713177.0,6.6444,8.9634,1.49,535.973,485.97,1.3219,1.9897,2.0143,0.7833,,300415.0,276342.0,204849.0,1150590.0,1058390.0,49.483,4.45,2.97,0.0000,0.1018226716433442,0.6324,0,29,120,2009-10-30
300026.SZ,2025-05-26,3.8,3.84,3.84,3.71,3.83,0.01,0.2611,1064070.0,400099.0,3.8506,5.1944,0.84,537.373,487.239,1.3253,1.9949,2.0195,0.7813,,300415.0,276342.0,204849.0,1153600.0,1061150.0,49.483,4.6,3.06,0.0000,0.015803882372538013,0.6324,0,29,120,2009-10-30
300026.SZ,2025-05-27,3.8,3.86,3.97,3.74,3.84,0.02,0.5208,1245230.0,481628.0,4.5061,6.0788,0.95,540.172,489.776,1.3322,2.0053,2.0301,0.7772,,300415.0,276342.0,204849.0,1159600.0,1066680.0,49.483,4.61,3.07,0.0000,-0.012879067147979857,0.6324,0,29,120,2009-10-30
300026.SZ,2025-05-28,3.82,3.75,3.83,3.72,3.86,-0.11,-2.8497,854813.0,321410.0,3.0933,4.1729,0.61,524.778,475.819,1.2942,1.9481,1.9722,0.8,,300415.0,276342.0,204849.0,1126560.0,1036280.0,49.483,4.63,3.09,0.0000,-0.06551060996610118,0.6324,0,29,120,2009-10-30
300026.SZ,2025-05-29,3.73,3.8,3.82,3.68,3.75,0.05,1.3333,924438.0,349010.0,3.3453,4.5128,0.77,531.775,482.163,1.3115,1.9741,1.9985,0.7895,,300415.0,276342.0,204849.0,1141580.0,1050100.0,49.483,4.5,3.0,0.0000,0.036575899681196525,0.6324,0,29,120,2009-10-30
300026.SZ,2025-05-30,3.76,3.99,4.05,3.76,3.8,0.19,5.0,1906560.0,750581.0,6.8993,9.3072,1.61,558.364,506.271,1.3771,2.0728,2.0984,0.7519,,300415.0,276342.0,204849.0,1198660.0,1102610.0,49.483,4.56,3.04,0.0000,0.09261440616127761,0.6324,0,29,120,2009-10-30
300026.SZ,2025-06-03,3.88,4.05,4.2,3.88,3.99,0.06,1.5038,2004340.0,818628.0,7.2531,9.7845,1.67,566.76,513.885,1.3978,2.104,2.13,0.7407,,300415.0,276342.0,204849.0,1216680.0,1119190.0,49.483,4.79,3.19,0.0000,-0.12746293717556298,0.6324,0,29,120,2009-10-30
300026.SZ,2025-06-04,4.08,4.03,4.12,3.94,4.05,-0.02,-0.4938,1327570.0,531801.0,4.8041,6.4807,0.96,563.961,511.347,1.3909,2.0936,2.1195,0.7444,,300415.0,276342.0,204849.0,1210670.0,1113660.0,49.483,4.86,3.24,0.0000,-0.0077172466003257115,0.6324,0,29,120,2009-10-30
300026.SZ,2025-06-05,4.03,3.93,4.05,3.88,4.03,-0.1,-2.4814,1079850.0,423985.0,3.9077,5.2715,0.77,549.967,498.658,1.3564,2.0416,2.0669,0.7634,,300415.0,276342.0,204849.0,1180630.0,1086030.0,49.483,4.84,3.22,0.0000,-0.15592615719309885,0.6324,0,29,120,2009-10-30
300026.SZ,2025-06-06,3.92,3.85,3.95,3.83,3.93,-0.08,-2.0356,846196.0,327890.0,3.0621,4.1308,0.58,538.772,488.508,1.3288,2.0001,2.0248,0.7792,,300415.0,276342.0,204849.0,1156600.0,1063920.0,49.483,4.72,3.14,0.0000,-0.07037445996853228,0.6324,0,29,120,2009-10-30
300026.SZ,2025-06-09,3.87,3.96,4.03,3.86,3.85,0.11,2.8571,1144120.0,453761.0,4.1402,5.5852,0.8,554.166,502.465,1.3667,2.0572,2.0827,0.7576,,300415.0,276342.0,204849.0,1189650.0,1094320.0,49.483,4.62,3.08,0.0000,0.028222414696518337,0.6324,0,29,120,2009-10-30
300026.SZ,2025-06-10,3.96,3.94,4.0,3.88,3.96,-0.02,-0.5051,1080600.0,426110.0,3.9104,5.2751,0.84,551.367,499.927,1.3598,2.0468,2.0721,0.7614,,300415.0,276342.0,204849.0,1183640.0,1088790.0,49.483,4.75,3.17,0.0000,-0.10739830056611349,0.6324,0,29,120,2009-10-30
300026.SZ,2025-06-11,3.92,3.9,3.99,3.89,3.94,-0.04,-1.0152,773852.0,304364.0,2.8003,3.7777,0.71,545.769,494.852,1.346,2.0261,2.0511,0.7692,,300415.0,276342.0,204849.0,1171620.0,1077740.0,49.483,4.73,3.15,0.0000,-0.1630143609715296,0.6324,0,29,120,2009-10-30
300026.SZ,2025-06-12,3.9,3.89,3.91,3.84,3.9,-0.01,-0.2564,672530.0,260324.0,2.4337,3.2831,0.68,544.37,493.583,1.3426,2.0209,2.0458,0.7712,,300415.0,276342.0,204849.0,1168620.0,1074970.0,49.483,4.68,3.12,0.0000,-0.10413571256371665,0.6324,0,29,120,2009-10-30
300026.SZ,2025-06-13,3.88,3.81,3.93,3.79,3.89,-0.08,-2.0566,698808.0,268922.0,2.5288,3.4113,0.77,533.174,483.432,1.315,1.9793,2.0038,0.7874,,300415.0,276342.0,204849.0,1144580.0,1052860.0,49.483,4.67,3.11,0.0000,-0.1729730373486179,0.6324,0,29,120,2009-10-30
300026.SZ,2025-06-16,3.79,3.81,3.84,3.75,3.81,0.0,0.0,496915.0,188780.0,1.7982,2.4258,0.57,533.174,483.432,1.315,1.9793,2.0038,0.7874,,300415.0,276342.0,204849.0,1144580.0,1052860.0,49.483,4.57,3.05,0.0000,-0.04500035462858969,0.6324,0,29,120,2009-10-30
300026.SZ,2025-06-17,3.83,3.81,3.91,3.8,3.81,0.0,0.0,664584.0,255278.0,2.4049,3.2443,0.89,533.174,483.432,1.315,1.9793,2.0038,0.7874,,300415.0,276342.0,204849.0,1144580.0,1052860.0,49.483,4.57,3.05,0.0000,-0.003873144981421118,0.6324,0,29,120,2009-10-30
300026.SZ,2025-06-18,3.79,3.74,3.8,3.72,3.81,-0.07,-1.8373,426709.0,160093.0,1.5441,2.083,0.65,523.379,474.55,1.2908,1.9429,1.967,0.8021,,300415.0,276342.0,204849.0,1123550.0,1033520.0,49.483,4.57,3.05,0.0000,-0.12275270948430586,0.6324,0,29,120,2009-10-30
300026.SZ,2025-06-19,3.75,3.66,3.77,3.65,3.74,-0.08,-2.139,433044.0,159604.0,1.5671,2.114,0.73,512.183,464.399,1.2632,1.9014,1.9249,0.8197,,300415.0,276342.0,204849.0,1099520.0,1011410.0,49.483,4.49,2.99,0.0000,-0.2377030926694824,0.6324,0,29,120,2009-10-30
300026.SZ,2025-06-20,3.66,3.67,3.7,3.64,3.66,0.01,0.2732,353671.0,129779.0,1.2798,1.7265,0.65,513.583,465.668,1.2666,1.9066,1.9301,0.8174,,300415.0,276342.0,204849.0,1102520.0,1014180.0,49.483,4.39,2.93,0.0000,-0.016157485217219596,0.6324,0,29,120,2009-10-30
300026.SZ,2025-06-23,3.66,3.7,3.71,3.64,3.67,0.03,0.8174,353308.0,129998.0,1.2785,1.7247,0.74,517.781,469.475,1.277,1.9222,1.9459,0.8108,,300415.0,276342.0,204849.0,1111540.0,1022470.0,49.483,4.4,2.94,0.0000,-0.08291288115607982,0.6324,0,29,120,2009-10-30
300026.SZ,2025-06-24,3.69,3.75,3.76,3.67,3.67,0.08,2.1798,383679.0,143134.0,1.3884,1.873,0.86,524.778,475.819,1.3078,1.9481,1.9722,0.8,0.8,300415.0,276342.0,204849.0,1126560.0,1036280.0,49.8875,4.4,2.94,0.0000,0.08900951040184572,0.6324,0,29,120,2009-10-30
300026.SZ,2025-06-25,3.74,3.74,3.76,3.69,3.75,-0.01,-0.2667,455108.0,169346.0,1.6469,2.2217,1.17,523.379,474.55,1.3043,1.9429,1.967,0.8021,0.8021,300415.0,276342.0,204849.0,1123550.0,1033520.0,49.8875,4.5,3.0,0.0000,-0.09242454209857556,0.6324,0,29,120,2009-10-30
300026.SZ,2025-06-26,3.74,3.68,3.74,3.67,3.74,-0.06,-1.6043,436620.0,161506.0,1.58,2.1314,1.1,514.982,466.937,1.2834,1.9118,1.9354,0.8152,0.8152,300415.0,276342.0,204849.0,1105530.0,1016940.0,49.8875,4.49,2.99,0.0000,-0.31935583474506274,0.6324,0,29,120,2009-10-30
300026.SZ,2025-06-27,3.67,3.69,3.72,3.67,3.68,0.01,0.2717,282946.0,104613.0,1.0239,1.3812,0.71,516.382,468.206,1.2869,1.917,1.9407,0.813,0.813,300415.0,276342.0,204849.0,1108530.0,1019700.0,49.8875,4.42,2.94,0.0000,0.03161724379483646,0.6324,0,29,120,2009-10-30
300026.SZ,2025-06-30,3.71,3.69,3.71,3.66,3.69,0.0,0.0,290085.0,106929.0,1.0497,1.4161,0.76,516.382,468.206,1.2869,1.917,1.9407,0.813,0.813,300415.0,276342.0,204849.0,1108530.0,1019700.0,49.8875,4.43,2.95,0.0000,-0.11441253753739089,0.6324,0,29,120,2009-10-30
300026.SZ,2025-07-01,3.69,3.99,4.17,3.68,3.69,0.3,8.1301,2085620.0,819660.0,7.5472,10.1812,5.64,558.364,506.271,1.3915,2.0728,2.0984,0.7519,0.7519,300415.0,276342.0,204849.0,1198660.0,1102610.0,49.8875,4.43,2.95,0.0000,0.1705493338244588,0.6324,0,29,120,2009-10-30
300026.SZ,2025-07-02,3.97,3.96,4.05,3.92,3.99,-0.03,-0.7519,1232460.0,489879.0,4.4599,6.0165,1.74,554.166,502.465,1.381,2.0572,2.0827,0.7576,0.7576,300415.0,276342.0,204849.0,1189650.0,1094320.0,49.8875,4.79,3.19,0.0000,-0.19658328631081373,0.6324,0,29,120,2009-10-30
300026.SZ,2025-07-03,3.96,4.0,4.03,3.91,3.96,0.04,1.0101,909398.0,362792.0,3.2908,4.4394,1.05,559.763,507.54,1.395,2.078,2.1037,0.75,0.75,300415.0,276342.0,204849.0,1201660.0,1105370.0,49.8875,4.75,3.17,0.0000,0.01359398777797025,0.6324,0,29,120,2009-10-30
300026.SZ,2025-07-04,3.99,3.97,4.02,3.94,4.0,-0.03,-0.75,620398.0,246365.0,2.245,3.0286,0.65,555.565,503.734,1.3845,2.0624,2.0879,0.7557,0.7557,300415.0,276342.0,204849.0,1192650.0,1097080.0,49.8875,4.8,3.2,0.0000,-0.18090486777365525,0.6324,0,29,120,2009-10-30
300026.SZ,2025-07-07,3.96,3.93,3.98,3.91,3.97,-0.04,-1.0076,515722.0,202999.0,1.8662,2.5176,0.5,549.967,498.658,1.3706,2.0416,2.0669,0.7634,0.7634,300415.0,276342.0,204849.0,1180630.0,1086030.0,49.8875,4.76,3.18,0.0000,-0.07021047987235995,0.6324,0,29,120,2009-10-30
300026.SZ,2025-07-08,3.92,3.93,4.0,3.9,3.93,0.0,0.0,576158.0,226671.0,2.0849,2.8126,0.54,549.967,498.658,1.3706,2.0416,2.0669,0.7634,0.7634,300415.0,276342.0,204849.0,1180630.0,1086030.0,49.8875,4.72,3.14,0.0000,-0.03939950394783024,0.6324,0,29,120,2009-10-30
300026.SZ,2025-07-09,3.92,3.93,3.95,3.88,3.93,0.0,0.0,436093.0,171136.0,1.5781,2.1288,0.57,549.967,498.658,1.3706,2.0416,2.0669,0.7634,0.7634,300415.0,276342.0,204849.0,1180630.0,1086030.0,49.8875,4.72,3.14,0.0000,-0.032205448828231675,0.6324,0,29,120,2009-10-30
300026.SZ,2025-07-11,3.99,3.98,4.03,3.95,3.99,-0.01,-0.2506,583851.0,232656.0,2.1128,2.8502,0.97,556.964,505.003,1.388,2.0676,2.0932,0.7538,0.7538,300415.0,276342.0,204849.0,1195650.0,1099840.0,49.8875,4.79,3.19,0.0000,-0.1680599051274847,0.6324,0,29,120,2009-10-30
300026.SZ,2025-07-14,3.97,3.98,4.02,3.96,3.98,0.0,0.0,484090.0,193196.0,1.7518,2.3632,0.81,556.964,505.003,1.388,2.0676,2.0932,0.7538,0.7538,300415.0,276342.0,204849.0,1195650.0,1099840.0,49.8875,4.78,3.18,0.0000,0.03138933293872529,0.6324,0,29,120,2009-10-30
300026.SZ,2025-07-15,3.98,3.91,3.99,3.86,3.98,-0.07,-1.7588,561458.0,219461.0,2.0317,2.7408,0.95,547.169,496.121,1.3636,2.0313,2.0564,0.7673,0.7673,300415.0,276342.0,204849.0,1174620.0,1080500.0,49.8875,4.78,3.18,0.0000,-0.22722819268632471,0.6324,0,29,120,2009-10-30
300026.SZ,2025-07-16,3.9,4.02,4.03,3.89,3.91,0.11,2.8133,811481.0,323089.0,2.9365,3.9614,1.38,562.562,510.078,1.4019,2.0884,2.1142,0.7463,0.7463,300415.0,276342.0,204849.0,1207670.0,1110900.0,49.8875,4.69,3.13,0.0000,0.08795441154512589,0.6324,0,29,120,2009-10-30
300026.SZ,2025-07-17,4.01,4.06,4.08,4.0,4.02,0.04,0.995,709448.0,287279.0,2.5673,3.4633,1.07,568.16,515.153,1.4159,2.1092,2.1352,0.7389,0.7389,300415.0,276342.0,204849.0,1219690.0,1121950.0,49.8875,4.82,3.22,0.0000,-0.019758342330923995,0.6324,0,29,120,2009-10-30
300026.SZ,2025-07-18,4.05,4.05,4.06,3.98,4.06,-0.01,-0.2463,534818.0,214675.0,1.9353,2.6108,0.85,566.76,513.885,1.4124,2.104,2.13,0.7407,0.7407,300415.0,276342.0,204849.0,1216680.0,1119190.0,49.8875,4.87,3.25,0.0000,-0.11386673105643112,0.6324,0,29,120,2009-10-30
300026.SZ,2025-07-21,4.07,4.08,4.08,4.03,4.05,0.03,0.7407,620750.0,252001.0,2.2463,3.0303,1.0,570.959,517.691,1.4229,2.1196,2.1458,0.7353,0.7353,300415.0,276342.0,204849.0,1225700.0,1127480.0,49.8875,4.86,3.24,0.0000,-0.06737557554178374,0.6324,0,29,120,2009-10-30
300026.SZ,2025-07-22,4.08,4.07,4.12,4.05,4.08,-0.01,-0.2451,736998.0,300950.0,2.667,3.5978,1.14,569.559,516.422,1.4194,2.1144,2.1405,0.7371,0.7371,300415.0,276342.0,204849.0,1222690.0,1124710.0,49.8875,4.9,3.26,0.0000,-0.010825877605647214,0.6324,0,29,120,2009-10-30
300026.SZ,2025-07-23,4.07,4.03,4.11,4.02,4.07,-0.04,-0.9828,716211.0,290969.0,2.5918,3.4963,1.05,563.961,511.347,1.4054,2.0936,2.1195,0.7444,0.7444,300415.0,276342.0,204849.0,1210670.0,1113660.0,49.8875,4.88,3.26,0.0000,-0.11332658005099508,0.6324,0,29,120,2009-10-30
300026.SZ,2025-07-24,4.03,4.18,4.2,4.02,4.03,0.15,3.7221,1271120.0,526649.0,4.5998,6.2051,1.92,584.953,530.38,1.4577,2.1715,2.1984,0.7177,0.7177,300415.0,276342.0,204849.0,1255740.0,1155110.0,49.8875,4.84,3.22,0.0000,0.09995719449366175,0.6324,0,29,120,2009-10-30
300026.SZ,2025-07-25,4.2,4.12,4.26,4.1,4.18,-0.06,-1.4354,1073780.0,447932.0,3.8857,5.2418,1.38,576.556,522.766,1.4368,2.1403,2.1668,0.7282,0.7282,300415.0,276342.0,204849.0,1237710.0,1138530.0,49.8875,5.02,3.34,0.0000,-0.05956741392691831,0.6324,0,29,120,2009-10-30
300026.SZ,2025-07-28,4.1,4.12,4.21,4.09,4.12,0.0,0.0,883282.0,367394.0,3.1963,4.3119,1.0,576.556,522.766,1.4368,2.1403,2.1668,0.7282,0.7282,300415.0,276342.0,204849.0,1237710.0,1138530.0,49.8875,4.94,3.3,0.0000,-0.0179101717113996,0.6324,0,29,120,2009-10-30
300026.SZ,2025-07-29,4.14,4.2,4.22,4.05,4.12,0.08,1.9417,1243720.0,517012.0,4.5006,6.0714,1.33,587.752,532.917,1.4647,2.1819,2.2089,0.7143,0.7143,300415.0,276342.0,204849.0,1261740.0,1160640.0,49.8875,4.94,3.3,0.0000,0.01668093214700385,0.6324,0,29,120,2009-10-30
300026.SZ,2025-08-04,4.34,4.28,4.38,4.16,4.32,-0.04,-0.9259,1456650.0,618218.0,5.2712,7.1109,0.97,598.947,543.068,1.4926,2.2235,2.2509,0.7009,0.7009,300415.0,276342.0,204849.0,1285780.0,1182750.0,49.8875,5.18,3.46,0.0000,-0.05255926711048102,0.6324,0,29,120,2009-10-30
300026.SZ,2025-08-05,4.27,4.26,4.37,4.21,4.28,-0.02,-0.4673,1211580.0,518521.0,4.3844,5.9145,0.75,596.148,540.53,1.4856,2.2131,2.2404,0.7042,0.7042,300415.0,276342.0,204849.0,1279770.0,1177220.0,49.8875,5.14,3.42,0.0000,-0.10162228971253419,0.6324,0,29,120,2009-10-30
300026.SZ,2025-08-11,4.18,4.21,4.22,4.15,4.16,0.05,1.2019,866608.0,362397.0,3.136,4.2305,0.75,589.151,534.186,1.4682,2.1871,2.2141,0.7126,0.7126,300415.0,276342.0,204849.0,1264750.0,1163400.0,49.8875,4.99,3.33,0.0000,-0.12181012494674841,0.6324,0,29,120,2009-10-30
300026.SZ,2025-08-25,4.29,4.28,4.32,4.24,4.27,0.01,0.2342,763593.0,326250.0,2.7632,3.7276,0.9,598.947,543.068,1.4926,2.2235,2.2509,0.7009,0.7009,300415.0,276342.0,204849.0,1285780.0,1182750.0,49.888,5.12,3.42,0.0000,-0.03177269839796745,0.6324,0,29,120,2009-10-30
300026.SZ,2025-08-26,4.27,4.24,4.28,4.23,4.28,-0.04,-0.9346,621988.0,264759.0,2.2508,3.0363,0.75,593.349,537.993,1.4787,2.2027,2.2299,0.7075,0.7075,300415.0,276342.0,204849.0,1273760.0,1171690.0,49.8875,5.14,3.42,0.0000,-0.1292293888191894,0.6324,0,29,120,2009-10-30
300026.SZ,2025-08-27,4.25,4.06,4.27,4.06,4.24,-0.18,-4.2453,1007020.0,419113.0,3.6441,4.9159,1.43,568.16,515.153,1.4159,2.1092,2.1352,0.7389,0.7389,300415.0,276342.0,204849.0,1219690.0,1121950.0,49.8875,5.09,3.39,0.0000,-0.14157961490190366,0.6324,0,29,120,2009-10-30
300026.SZ,2025-09-01,3.94,4.0,4.02,3.91,3.93,0.07,1.7812,622732.0,247364.0,2.274,3.0774,0.76,559.763,,1.3914,2.078,2.1529,0.75,0.75,300415.0,273853.0,202359.0,1201660.0,1095410.0,49.8875,4.72,3.14,0.0000,0.21733177735852852,0.1652,0,29,120,2009-10-30
300026.SZ,2025-09-02,4.0,3.91,4.0,3.88,4.0,-0.09,-2.25,595922.0,234183.0,2.1761,2.9449,0.75,547.169,,1.3601,2.0313,2.1045,0.7673,0.7673,300415.0,273853.0,202359.0,1174620.0,1070760.0,49.8875,4.8,3.2,0.0000,-0.13406666841520049,0.1652,0,29,120,2009-10-30
300026.SZ,2025-09-03,3.92,3.83,3.94,3.82,3.91,-0.08,-2.046,443216.0,171570.0,1.6184,2.1902,0.56,535.973,,1.3323,1.9897,2.0614,0.7833,0.7833,300415.0,273853.0,202359.0,1150590.0,1048860.0,49.8875,4.69,3.13,0.0000,-0.12375906066997681,0.1652,0,29,120,2009-10-30
300026.SZ,2025-09-15,3.89,3.87,3.9,3.86,3.88,-0.01,-0.2577,382746.0,148413.0,1.3976,1.8914,0.82,541.571,,1.3462,2.0105,2.083,0.7752,0.7752,300415.0,273853.0,202359.0,1162610.0,1059810.0,49.8875,4.66,3.1,0.0000,-0.08930793894401,0.1652,0,29,120,2009-10-30
300026.SZ,2025-09-16,3.88,3.92,3.93,3.86,3.87,0.05,1.292,487619.0,190238.0,1.7806,2.4097,1.1,548.568,,1.3636,2.0364,2.1099,0.7653,0.7653,300415.0,273853.0,202359.0,1177630.0,1073500.0,49.8875,4.64,3.1,0.0000,0.05430156617654132,0.1652,0,29,120,2009-10-30
300026.SZ,2025-09-17,3.9,3.87,3.93,3.84,3.92,-0.05,-1.2755,521821.0,202316.0,1.9055,2.5787,1.16,541.571,,1.3462,2.0105,2.083,0.7752,0.7752,300415.0,273853.0,202359.0,1162610.0,1059810.0,49.8875,4.7,3.14,0.0000,-0.2091318263921343,0.1652,0,29,120,2009-10-30
300026.SZ,2025-09-22,3.77,3.75,3.79,3.72,3.75,0.0,0.0,318458.0,119418.0,1.1629,1.5737,0.64,524.778,,1.3045,1.9481,2.0184,0.8,0.8,300415.0,273853.0,202359.0,1126560.0,1026950.0,49.8875,4.5,3.0,0.0000,-0.0362221978128188,0.1652,0,29,120,2009-10-30
300026.SZ,2025-09-29,3.67,3.69,3.7,3.6,3.66,0.03,0.8197,363000.0,132776.0,1.3255,1.7938,1.11,516.382,,1.2836,1.917,1.9861,0.813,0.813,300415.0,273853.0,202359.0,1108530.0,1010520.0,49.8875,4.39,2.93,0.0000,0.08990544115084016,0.1652,0,29,120,2009-10-30
300026.SZ,2025-10-13,3.68,3.7,3.71,3.62,3.74,-0.04,-1.0695,358747.0,131659.0,1.31,1.7728,1.11,517.781,,1.2871,1.9222,1.9915,0.8108,0.8108,300415.0,273853.0,202359.0,1111540.0,1013260.0,49.8875,4.49,2.99,0.0000,-0.017148034795197036,0.1652,0,29,120,2009-10-30
300026.SZ,2025-10-14,3.7,3.71,3.73,3.7,3.7,0.01,0.2703,369844.0,137354.0,1.3505,1.8277,1.07,519.18,,1.2906,1.9273,1.9968,0.8086,0.8086,300415.0,273853.0,202359.0,1114540.0,1015990.0,49.8875,4.44,2.96,0.0000,-0.04568813235195203,0.1652,0,29,120,2009-10-30
300026.SZ,2025-10-15,3.71,3.76,3.78,3.7,3.71,0.05,1.3477,421456.0,158038.0,1.539,2.0827,1.21,526.177,,1.3079,1.9533,2.0238,0.7979,0.7979,300415.0,273853.0,202359.0,1129560.0,1029690.0,49.8875,4.45,2.97,0.0000,-0.007739329787070597,0.1652,0,29,120,2009-10-30
