Instrument,Date,Close,Open,High,Low,Pre_Close,Change,Pct_Chg,Volume,AMount
000300.SH,2008-01-02,5385.1,5349.76,5404.93,5283.45,5338.27,46.828,0.8772,45668700.0,98886400.0
000300.SH,2008-01-03,5422.03,5381.15,5422.67,5315.95,5385.1,36.931,0.6858,64645900.0,135983000.0
000300.SH,2008-01-04,5483.65,5430.63,5499.08,5422.46,5422.03,61.616,1.1364,51746400.0,118866000.0
000300.SH,2008-01-07,5556.59,5480.44,5569.15,5455.5,5483.65,72.943,1.3302,53485400.0,123190000.0
000300.SH,2008-01-08,5528.05,5575.95,5630.62,5485.23,5556.59,-28.539,-0.5136,64899500.0,147976000.0
000300.SH,2008-01-09,5613.76,5507.12,5614.68,5490.31,5528.05,85.704,1.5503,46796900.0,108368000.0
000300.SH,2008-01-10,5672.15,5631.65,5707.67,5602.59,5613.76,58.396,1.0402,64229900.0,144316000.0
000300.SH,2008-01-11,5699.15,5688.56,5702.57,5629.64,5672.15,26.993,0.4759,56167100.0,122242000.0
000300.SH,2008-01-14,5731.76,5717.52,5756.92,5679.29,5699.15,32.61,0.5722,49846000.0,109356000.0
000300.SH,2008-01-15,5696.45,5743.43,5754.11,5652.04,5731.76,-35.307,-0.616,50886600.0,119673000.0
000300.SH,2008-01-16,5505.72,5642.57,5642.57,5498.39,5696.45,-190.733,-3.3483,55774500.0,126635000.0
000300.SH,2008-01-17,5365.62,5445.8,5533.65,5226.64,5505.72,-140.093,-2.5445,61936900.0,136052000.0
000300.SH,2008-01-18,5414.47,5358.18,5419.57,5307.5,5365.62,48.844,0.9103,43913000.0,95080900.0
000300.SH,2008-01-21,5145.73,5424.64,5434.35,5122.46,5414.47,-268.734,-4.9633,47833600.0,101540000.0
000300.SH,2008-01-22,4753.87,5015.43,5032.25,4708.39,5145.73,-391.866,-7.6154,60772700.0,126029000.0
000300.SH,2008-01-23,4975.11,4787.17,4976.27,4751.5,4753.87,221.243,4.654,55776400.0,111006000.0
000300.SH,2008-01-24,5027.21,5034.53,5079.8,4926.37,4975.11,52.102,1.0473,56606000.0,114169000.0
000300.SH,2008-01-25,5077.43,5022.9,5121.41,4966.52,5027.21,50.216,0.9989,47142100.0,100680000.0
000300.SH,2008-01-28,4731.88,5038.51,5038.51,4711.28,5077.43,-345.546,-6.8055,41425300.0,81460700.0
000300.SH,2008-01-29,4762.08,4742.9,4845.66,4688.73,4731.88,30.2,0.6382,29062300.0,58040600.0
000300.SH,2008-01-30,4710.65,4817.16,4858.1,4606.14,4762.08,-51.431,-1.08,34099000.0,72219200.0
000300.SH,2008-01-31,4620.4,4693.61,4733.7,4614.28,4710.65,-90.251,-1.9159,30852600.0,64311700.0
000300.SH,2008-02-01,4571.94,4623.62,4660.99,4414.12,4620.4,-48.456,-1.0487,35125500.0,67941500.0
000300.SH,2008-02-04,4950.12,4695.55,4951.25,4695.55,4571.94,378.179,8.2717,40953100.0,85660400.0
000300.SH,2008-02-05,4921.83,4942.88,4995.57,4878.12,4950.12,-28.295,-0.5716,32796400.0,70626100.0
000300.SH,2008-02-13,4816.08,4858.81,4883.24,4785.8,4921.83,-105.745,-2.1485,21475700.0,43271700.0
000300.SH,2008-02-14,4880.25,4858.85,4913.32,4842.85,4816.08,64.168,1.3324,19837800.0,40152800.0
000300.SH,2008-02-15,4813.31,4846.02,4846.02,4742.1,4880.25,-66.941,-1.3717,24262600.0,47298800.0
000300.SH,2008-02-18,4910.99,4875.21,4944.88,4845.31,4813.31,97.681,2.0294,30590100.0,61844600.0
000300.SH,2008-02-19,5020.75,4926.84,5020.75,4885.69,4910.99,109.761,2.235,36177000.0,74207800.0
000300.SH,2008-02-20,4908.72,5032.78,5062.26,4901.66,5020.75,-112.036,-2.2315,39557700.0,84980900.0
000300.SH,2008-02-21,4876.03,4878.57,4924.45,4796.1,4908.72,-32.687,-0.6659,33403600.0,67932100.0
000300.SH,2008-02-22,4702.24,4850.88,4850.88,4649.81,4876.03,-173.789,-3.5641,37918600.0,77110400.0
000300.SH,2008-02-25,4519.78,4704.32,4722.64,4510.69,4702.24,-182.458,-3.8802,33652000.0,65323700.0
000300.SH,2008-02-26,4515.53,4637.6,4668.83,4394.59,4519.78,-4.25,-0.094,33276400.0,67626000.0
000300.SH,2008-02-27,4639.77,4543.1,4660.41,4500.89,4515.53,124.235,2.7513,29592400.0,60311500.0
000300.SH,2008-02-28,4622.06,4651.16,4670.17,4582.82,4639.77,-17.712,-0.3817,25398200.0,50332600.0
000300.SH,2008-02-29,4674.55,4616.24,4683.16,4597.63,4622.06,52.494,1.1357,23350900.0,47275100.0
000300.SH,2008-03-03,4790.74,4648.73,4803.9,4611.7,4674.55,116.194,2.4857,39258400.0,79685000.0
000300.SH,2008-03-04,4671.15,4813.4,4836.66,4657.38,4790.74,-119.596,-2.4964,45129800.0,88557700.0
000300.SH,2008-03-05,4628.72,4650.52,4689.97,4519.74,4671.15,-42.424,-0.9082,39418000.0,73479600.0
000300.SH,2008-03-06,4685.03,4645.07,4746.58,4592.62,4628.72,56.306,1.2164,44402300.0,85710600.0
000300.SH,2008-03-07,4621.69,4641.75,4693.21,4597.01,4685.03,-63.345,-1.3521,28690900.0,60552400.0
000300.SH,2008-03-10,4431.59,4588.73,4588.77,4406.23,4621.69,-190.096,-4.1131,31780400.0,61147400.0
000300.SH,2008-03-11,4441.18,4393.28,4441.18,4315.18,4431.59,9.595,0.2165,26276600.0,52344300.0
000300.SH,2008-03-12,4309.65,4534.81,4553.34,4308.35,4441.18,-131.536,-2.9617,27145600.0,55702600.0
000300.SH,2008-03-13,4198.96,4266.27,4296.36,4121.27,4309.65,-110.688,-2.5684,34451300.0,65769500.0
000300.SH,2008-03-14,4157.87,4179.44,4212.41,4092.79,4198.96,-41.089,-0.9786,23427900.0,45564200.0
000300.SH,2008-03-17,3965.28,4138.88,4138.88,3958.29,4157.87,-192.592,-4.632,28181000.0,52376100.0
000300.SH,2008-03-18,3763.95,3924.87,3996.96,3700.35,3965.28,-201.331,-5.0773,34523800.0,58459500.0
000300.SH,2008-03-19,3888.86,3837.6,3954.47,3776.3,3763.95,124.913,3.3187,37898500.0,68823700.0
000300.SH,2008-03-20,4001.83,3833.21,4044.69,3658.04,3888.86,112.971,2.905,46212900.0,82432600.0
000300.SH,2008-03-21,4037.83,3998.2,4083.16,3958.97,4001.83,35.998,0.8995,42615200.0,74985400.0
000300.SH,2008-03-24,3857.09,4086.07,4103.57,3857.09,4037.83,-180.739,-4.4761,35842400.0,63943600.0
000300.SH,2008-03-25,3905.77,3780.46,3937.67,3747.02,3857.09,48.683,1.2622,32245900.0,58292400.0
000300.SH,2008-03-26,3914.37,3926.86,4001.55,3888.02,3905.77,8.596,0.2201,28036800.0,52026100.0
000300.SH,2008-03-27,3748.92,3847.44,3873.61,3745.88,3914.37,-165.45,-4.2267,32000700.0,55151400.0
000300.SH,2008-03-28,3918.16,3712.98,3925.86,3661.38,3748.92,169.236,4.5143,42096800.0,72726100.0
000300.SH,2008-03-31,3790.53,3802.21,3891.66,3780.12,3918.16,-127.626,-3.2573,29440800.0,51166600.0
000300.SH,2008-04-01,3582.85,3776.27,3815.16,3566.21,3790.53,-207.675,-5.4788,35303500.0,58962100.0
000300.SH,2008-04-02,3547.98,3621.39,3698.53,3493.18,3582.85,-34.878,-0.9735,42765900.0,70102800.0
000300.SH,2008-04-03,3650.7,3518.22,3665.65,3457.62,3547.98,102.721,2.8952,32989500.0,54233900.0
000300.SH,2008-04-07,3845.82,3611.96,3854.07,3578.38,3650.7,195.124,5.3448,40485000.0,70525900.0
000300.SH,2008-04-08,3891.06,3852.01,3935.33,3820.1,3845.82,45.237,1.1763,44067900.0,76485900.0
000300.SH,2008-04-09,3688.12,3857.27,3911.7,3687.6,3891.06,-202.934,-5.2154,38997200.0,64555800.0
000300.SH,2008-04-10,3754.72,3641.66,3754.72,3608.32,3688.12,66.59,1.8055,28804400.0,47152300.0
000300.SH,2008-04-11,3783.73,3794.3,3825.29,3755.01,3754.72,29.013,0.7727,26328600.0,44419000.0
000300.SH,2008-04-14,3536.33,3699.14,3710.79,3525.19,3783.73,-247.401,-6.5386,33427000.0,54637400.0
000300.SH,2008-04-15,3583.3,3513.07,3583.86,3417.25,3536.33,46.972,1.3283,30656900.0,48997100.0
000300.SH,2008-04-16,3494.02,3573.66,3583.81,3483.19,3583.3,-89.283,-2.4916,26528100.0,42087700.0
000300.SH,2008-04-17,3386.63,3493.24,3559.1,3340.88,3494.02,-107.386,-3.0734,29530600.0,46830000.0
000300.SH,2008-04-18,3272.5,3356.56,3390.55,3248.53,3386.63,-114.131,-3.37,27888200.0,42184100.0
000300.SH,2008-04-21,3267.55,3516.43,3516.43,3223.89,3272.5,-4.945,-0.1511,41362300.0,64657700.0
000300.SH,2008-04-22,3296.28,3207.88,3301.55,3122.39,3267.55,28.723,0.879,32538000.0,47706400.0
000300.SH,2008-04-23,3453.73,3267.36,3467.43,3245.3,3296.28,157.45,4.7766,44272600.0,67718600.0
000300.SH,2008-04-24,3774.5,3739.32,3781.48,3659.73,3453.73,320.777,9.2879,96574900.0,149395000.0
000300.SH,2008-04-25,3803.07,3781.91,3915.84,3737.98,3774.5,28.566,0.7568,84814500.0,147098000.0
000300.SH,2008-04-28,3729.15,3740.95,3791.77,3711.19,3803.07,-73.916,-1.9436,48831200.0,85070700.0
000300.SH,2008-04-29,3776.94,3704.93,3797.53,3702.02,3729.15,47.789,1.2815,44540400.0,78895800.0
000300.SH,2008-04-30,3959.12,3793.85,3970.57,3793.85,3776.94,182.176,4.8234,69909800.0,122637000.0
000300.SH,2008-05-05,4055.78,4015.21,4061.47,3972.56,3959.12,96.66,2.4415,62534100.0,111004000.0
000300.SH,2008-05-06,4010.89,4021.07,4075.57,3961.34,4055.78,-44.891,-1.1068,58459300.0,106198000.0
000300.SH,2008-05-07,3821.32,3986.13,4042.41,3821.11,4010.89,-189.569,-4.7264,54457700.0,98465300.0
000300.SH,2008-05-08,3925.04,3774.04,3926.0,3761.28,3821.32,103.722,2.7143,44055700.0,77839100.0
000300.SH,2008-05-09,3878.92,3960.89,3973.06,3806.52,3925.04,-46.117,-1.1749,53655900.0,96377900.0
000300.SH,2008-05-12,3904.92,3804.99,3952.79,3766.58,3878.92,25.996,0.6702,45382700.0,81691500.0
000300.SH,2008-05-13,3851.69,3786.53,3923.17,3778.72,3904.92,-53.233,-1.3632,50338000.0,79847300.0
000300.SH,2008-05-14,3975.78,3843.47,3975.79,3843.47,3851.69,124.095,3.2218,50606900.0,85230900.0
000300.SH,2008-05-15,3948.09,4006.66,4038.85,3948.06,3975.78,-27.694,-0.6966,50773000.0,81795900.0
000300.SH,2008-05-16,3936.12,3948.03,3982.22,3882.9,3948.09,-11.967,-0.3031,39721800.0,66279400.0
000300.SH,2008-05-19,3914.07,3926.31,3936.28,3865.5,3936.12,-22.049,-0.5602,29709600.0,49755700.0
000300.SH,2008-05-20,3710.82,3911.1,3946.44,3698.55,3914.07,-203.254,-5.1929,39702600.0,64572000.0
000300.SH,2008-05-21,3783.05,3668.18,3801.07,3591.57,3710.82,72.231,1.9465,43596200.0,69179100.0
000300.SH,2008-05-22,3711.44,3732.64,3783.85,3704.16,3783.05,-71.605,-1.8928,40742700.0,66281200.0
000300.SH,2008-05-23,3675.15,3697.89,3741.06,3629.01,3711.44,-36.297,-0.978,33440400.0,52530800.0
000300.SH,2008-05-26,3559.22,3643.01,3643.01,3555.76,3675.15,-115.93,-3.1544,28180200.0,45524400.0
000300.SH,2008-05-27,3576.2,3549.99,3594.66,3533.47,3559.22,16.98,0.4771,24762700.0,39856300.0
000300.SH,2008-05-28,3676.23,3583.28,3698.0,3561.73,3576.2,100.033,2.7972,31034900.0,49994800.0
000300.SH,2008-05-29,3580.87,3666.2,3677.02,3578.73,3676.23,-95.362,-2.594,29422700.0,46589000.0
000300.SH,2008-05-30,3611.33,3585.6,3620.23,3552.66,3580.87,30.462,0.8507,28590800.0,46886700.0
000300.SH,2008-06-02,3625.83,3600.23,3650.48,3580.58,3611.33,14.496,0.4014,28253400.0,41966900.0
000300.SH,2008-06-03,3614.11,3624.57,3641.43,3585.12,3625.83,-11.715,-0.3231,34735100.0,48796400.0
000300.SH,2008-06-04,3546.92,3601.54,3605.06,3513.64,3614.11,-67.195,-1.8592,29417700.0,42963700.0
000300.SH,2008-06-05,3512.14,3529.98,3542.24,3487.79,3546.92,-34.778,-0.9805,23989300.0,36565900.0
000300.SH,2008-06-06,3489.5,3519.12,3532.3,3470.56,3512.14,-22.636,-0.6445,20944200.0,30298600.0
000300.SH,2008-06-10,3206.56,3344.45,3352.32,3188.8,3489.5,-282.94,-8.1083,32950000.0,45818300.0
000300.SH,2008-06-11,3140.3,3155.94,3181.82,3097.4,3206.56,-66.263,-2.0665,29409700.0,40596500.0
000300.SH,2008-06-12,3084.63,3123.64,3148.74,3022.88,3140.3,-55.666,-1.7726,31454100.0,42817400.0
000300.SH,2008-06-13,2979.12,3087.34,3108.99,2975.66,3084.63,-105.516,-3.4207,25319800.0,33194000.0
000300.SH,2008-06-16,2952.24,2981.08,3012.99,2900.07,2979.12,-26.875,-0.9021,26813800.0,33731800.0
000300.SH,2008-06-17,2842.68,2950.4,2977.89,2820.64,2952.24,-109.566,-3.7113,26463800.0,32031300.0
000300.SH,2008-06-18,2991.27,2820.24,3007.18,2759.11,2842.68,148.597,5.2274,42560100.0,52826700.0
000300.SH,2008-06-19,2773.08,2967.4,2967.4,2768.23,2991.27,-218.197,-7.2945,36319000.0,45264900.0
000300.SH,2008-06-20,2849.67,2795.47,2946.94,2691.87,2773.08,76.592,2.762,51675900.0,65259600.0
000300.SH,2008-06-23,2789.94,2798.43,2845.48,2771.36,2849.67,-59.727,-2.0959,26631500.0,32382400.0
000300.SH,2008-06-24,2851.92,2775.69,2865.9,2770.99,2789.94,61.974,2.2213,31792500.0,38885800.0
000300.SH,2008-06-25,2969.54,2844.92,2973.17,2834.95,2851.92,117.622,4.1243,42425300.0,51619300.0
000300.SH,2008-06-26,2980.91,2964.52,3010.28,2922.79,2969.54,11.37,0.3829,42599300.0,52508600.0
000300.SH,2008-06-27,2816.02,2886.18,2899.84,2787.25,2980.91,-164.886,-5.5314,40886600.0,49324800.0
000300.SH,2008-06-30,2791.82,2782.84,2834.27,2747.61,2816.02,-24.202,-0.8594,25295400.0,31502400.0
000300.SH,2008-07-01,2698.35,2799.2,2809.38,2690.18,2791.82,-93.472,-3.3481,28851600.0,35242600.0
000300.SH,2008-07-02,2699.6,2702.63,2745.94,2670.06,2698.35,1.25,0.0463,27916400.0,35126200.0
000300.SH,2008-07-03,2760.61,2654.48,2807.68,2617.26,2699.6,61.015,2.2602,45660300.0,58808100.0
000300.SH,2008-07-04,2741.85,2751.21,2783.85,2716.02,2760.61,-18.76,-0.6796,37905000.0,47363600.0
000300.SH,2008-07-07,2882.76,2747.61,2890.99,2747.61,2741.85,140.911,5.1393,52732000.0,63284800.0
000300.SH,2008-07-08,2901.84,2900.57,2939.14,2841.07,2882.76,19.078,0.6618,54248100.0,67887100.0
000300.SH,2008-07-09,3015.13,2927.0,3015.27,2927.0,2901.84,113.285,3.9039,69357000.0,85846300.0
000300.SH,2008-07-10,2973.73,2970.98,3056.91,2950.2,3015.13,-41.398,-1.373,61649600.0,77643500.0
000300.SH,2008-07-11,2953.5,2962.86,2988.2,2913.87,2973.73,-20.23,-0.6803,44287100.0,55085400.0
000300.SH,2008-07-14,2975.87,2927.24,2996.59,2917.02,2953.5,22.376,0.7576,34575000.0,43920600.0
000300.SH,2008-07-15,2852.98,2987.06,2997.67,2849.2,2975.87,-122.895,-4.1297,47292800.0,57118300.0
000300.SH,2008-07-16,2745.6,2818.76,2824.88,2702.66,2852.98,-107.383,-3.7639,39403100.0,45361300.0
000300.SH,2008-07-17,2718.07,2790.26,2812.99,2705.81,2745.6,-27.528,-1.0026,32687300.0,38054400.0
000300.SH,2008-07-18,2815.46,2746.54,2818.06,2690.07,2718.07,97.394,3.5832,40203400.0,47213300.0
000300.SH,2008-07-21,2911.05,2792.83,2915.29,2780.28,2815.46,95.589,3.3951,45119600.0,54938100.0
000300.SH,2008-07-22,2904.74,2905.28,2931.45,2890.25,2911.05,-6.308,-0.2167,38815000.0,47781600.0
000300.SH,2008-07-23,2883.32,2923.05,2941.97,2879.19,2904.74,-21.423,-0.7375,38821200.0,46949500.0
000300.SH,2008-07-24,2977.36,2905.04,2979.75,2902.98,2883.32,94.042,3.2616,48538700.0,60255700.0
000300.SH,2008-07-25,2939.2,2939.32,2967.72,2916.68,2977.36,-38.16,-1.2817,40571100.0,47706200.0
000300.SH,2008-07-28,2960.85,2959.11,2997.6,2946.49,2939.2,21.649,0.7366,39308600.0,47089400.0
000300.SH,2008-07-29,2905.63,2921.25,2921.25,2881.05,2960.85,-55.221,-1.865,36036300.0,42192000.0
000300.SH,2008-07-30,2884.38,2940.02,2949.94,2866.03,2905.63,-21.246,-0.7312,29810800.0,34223900.0
000300.SH,2008-07-31,2805.21,2894.25,2899.07,2804.7,2884.38,-79.174,-2.7449,27941000.0,31179200.0
000300.SH,2008-08-01,2840.79,2786.12,2868.68,2748.75,2805.21,35.578,1.2683,34031500.0,39748400.0
000300.SH,2008-08-04,2773.15,2816.94,2832.9,2767.53,2840.79,-67.638,-2.381,22782300.0,27440300.0
000300.SH,2008-08-05,2703.08,2780.76,2792.74,2695.37,2773.15,-70.071,-2.5268,30469200.0,34770800.0
000300.SH,2008-08-06,2721.69,2723.52,2749.1,2679.66,2703.08,18.614,0.6886,27404000.0,31744600.0
000300.SH,2008-08-07,2720.44,2717.66,2747.88,2683.41,2721.69,-1.251,-0.046,23370400.0,26661000.0
000300.SH,2008-08-08,2591.46,2719.38,2719.38,2581.81,2720.44,-128.98,-4.7411,30894600.0,33617700.0
000300.SH,2008-08-11,2456.81,2579.8,2580.72,2442.79,2591.46,-134.651,-5.1959,32120200.0,32454500.0
000300.SH,2008-08-12,2444.16,2431.38,2474.32,2413.6,2456.81,-12.656,-0.5151,24191900.0,24459600.0
000300.SH,2008-08-13,2444.67,2427.5,2466.09,2369.58,2444.16,0.517,0.0212,27551700.0,27480600.0
000300.SH,2008-08-14,2443.51,2429.98,2461.24,2410.49,2444.67,-1.16,-0.0475,20157200.0,21156200.0
000300.SH,2008-08-15,2447.61,2440.39,2479.15,2412.95,2443.51,4.103,0.1679,20422300.0,21296900.0
000300.SH,2008-08-18,2313.4,2451.31,2452.63,2312.95,2447.61,-134.213,-5.4834,23623100.0,22662900.0
000300.SH,2008-08-19,2348.47,2285.51,2356.19,2273.89,2313.4,35.07,1.5159,19477100.0,18407600.0
000300.SH,2008-08-20,2532.94,2332.39,2533.3,2312.18,2348.47,184.468,7.8548,45043400.0,44564400.0
000300.SH,2008-08-21,2443.98,2494.26,2535.86,2438.86,2532.94,-88.961,-3.5122,37518000.0,39651300.0
000300.SH,2008-08-22,2404.93,2421.25,2437.43,2362.63,2443.98,-39.051,-1.5978,26298200.0,26183800.0
000300.SH,2008-08-25,2400.55,2408.03,2439.91,2373.76,2404.93,-4.38,-0.1821,18643200.0,18965200.0
000300.SH,2008-08-26,2331.53,2370.53,2390.66,2306.94,2400.55,-69.016,-2.875,23741900.0,22262900.0
000300.SH,2008-08-27,2325.29,2322.54,2367.72,2291.35,2331.53,-6.24,-0.2676,23862600.0,23580000.0
000300.SH,2008-08-28,2335.86,2325.26,2363.56,2316.68,2325.29,10.573,0.4547,20400300.0,21711100.0
000300.SH,2008-08-29,2391.64,2347.4,2418.05,2339.52,2335.86,55.775,2.3878,28877800.0,29000900.0
000300.SH,2008-09-01,2309.17,2372.64,2372.64,2297.02,2391.64,-82.469,-3.4482,21152800.0,21384900.0
000300.SH,2008-09-02,2285.41,2292.69,2309.21,2268.0,2309.17,-23.76,-1.0289,18440500.0,18645000.0
000300.SH,2008-09-03,2245.96,2279.6,2296.03,2219.56,2285.41,-39.447,-1.726,23749500.0,24066600.0
000300.SH,2008-09-04,2251.15,2238.65,2270.41,2216.11,2245.96,5.182,0.2307,18984800.0,18548600.0
000300.SH,2008-09-05,2183.43,2193.04,2221.09,2172.94,2251.15,-67.714,-3.008,21654500.0,19709600.0
000300.SH,2008-09-08,2126.52,2189.82,2198.76,2119.12,2183.43,-56.914,-2.6066,22186600.0,20114100.0
000300.SH,2008-09-09,2139.15,2135.22,2150.99,2111.4,2126.52,12.627,0.5938,17624300.0,15480600.0
000300.SH,2008-09-10,2143.18,2124.97,2181.25,2099.23,2139.15,4.031,0.1884,22057800.0,20307100.0
000300.SH,2008-09-11,2072.13,2135.45,2142.0,2067.25,2143.18,-71.05,-3.3152,22176800.0,20678000.0
000300.SH,2008-09-12,2077.85,2071.06,2102.98,2066.44,2072.13,5.72,0.276,19197000.0,17652300.0
000300.SH,2008-09-16,2000.65,2050.32,2050.32,1987.3,2077.85,-77.195,-3.7151,33563300.0,28769300.0
000300.SH,2008-09-17,1929.14,1981.25,2003.91,1923.55,2000.65,-71.516,-3.5746,32862200.0,26988600.0
000300.SH,2008-09-18,1895.99,1876.96,1936.73,1804.77,1929.14,-33.145,-1.7181,47820300.0,36844900.0
000300.SH,2008-09-19,2073.11,2065.78,2073.11,2046.22,1895.99,177.123,9.342,36525400.0,32104700.0
000300.SH,2008-09-22,2207.61,2228.37,2258.42,2130.31,2073.11,134.501,6.4879,101994000.0,98415600.0
000300.SH,2008-09-23,2123.48,2141.6,2180.37,2118.92,2207.61,-84.136,-3.8112,78365600.0,69516700.0
000300.SH,2008-09-24,2138.85,2072.65,2139.22,2050.97,2123.48,15.375,0.724,45328200.0,40183600.0
000300.SH,2008-09-25,2223.53,2143.73,2256.27,2139.62,2138.85,84.679,3.9591,74237900.0,71758300.0
000300.SH,2008-09-26,2243.66,2234.46,2257.16,2192.13,2223.53,20.125,0.9051,59429900.0,59518100.0
000300.SH,2008-10-06,2128.7,2206.56,2206.56,2128.27,2243.66,-114.961,-5.1238,45575300.0,41827300.0
000300.SH,2008-10-07,2102.45,2043.92,2136.12,2024.65,2128.7,-26.248,-1.2331,43065300.0,41512000.0
000300.SH,2008-10-08,2022.88,2041.99,2073.07,2000.52,2102.45,-79.567,-3.7845,36874700.0,34689900.0
000300.SH,2008-10-09,1995.3,2059.58,2063.3,1993.01,2022.88,-27.584,-1.3636,33582300.0,31760300.0
000300.SH,2008-10-10,1906.96,1913.27,1938.21,1881.67,1995.3,-88.337,-4.4273,39151600.0,32924100.0
000300.SH,2008-10-13,1985.49,1889.75,1985.63,1841.53,1906.96,78.526,4.1179,43538100.0,37606400.0
000300.SH,2008-10-14,1934.62,2054.41,2060.49,1934.46,1985.49,-50.867,-2.5619,54331900.0,48975100.0
000300.SH,2008-10-15,1914.36,1911.03,1930.63,1892.02,1934.62,-20.263,-1.0474,31892400.0,26555900.0
000300.SH,2008-10-16,1820.9,1833.48,1866.9,1818.93,1914.36,-93.453,-4.8817,40529600.0,32493800.0
000300.SH,2008-10-17,1833.26,1837.91,1851.33,1805.67,1820.9,12.359,0.6787,28715400.0,23017400.0
000300.SH,2008-10-20,1896.73,1828.41,1899.35,1802.09,1833.26,63.471,3.4622,33277200.0,28435400.0
000300.SH,2008-10-21,1881.41,1901.24,1928.19,1880.52,1896.73,-15.327,-0.8081,38908400.0,33589000.0
000300.SH,2008-10-22,1833.32,1854.6,1887.31,1832.45,1881.41,-48.083,-2.5557,32968600.0,26562800.0
000300.SH,2008-10-23,1834.78,1794.68,1836.41,1779.13,1833.32,1.457,0.0795,35758700.0,29078800.0
000300.SH,2008-10-24,1781.6,1831.46,1840.88,1769.11,1834.78,-53.182,-2.8985,32980700.0,27101000.0
000300.SH,2008-10-27,1654.67,1746.67,1746.67,1652.79,1781.6,-126.927,-7.1243,36441800.0,27867500.0
000300.SH,2008-10-28,1705.82,1614.62,1716.31,1607.67,1654.67,51.149,3.0912,46792800.0,36435900.0
000300.SH,2008-10-29,1658.22,1723.23,1731.26,1657.65,1705.82,-47.597,-2.7903,38869500.0,31224300.0
000300.SH,2008-10-30,1697.66,1669.97,1723.93,1646.34,1658.22,39.433,2.378,41284300.0,32165800.0
000300.SH,2008-10-31,1663.66,1688.09,1696.65,1655.09,1697.66,-33.996,-2.0025,28314500.0,21281900.0
000300.SH,2008-11-03,1653.54,1648.56,1684.56,1643.42,1663.66,-10.118,-0.6082,25381100.0,19514000.0
000300.SH,2008-11-04,1627.76,1646.2,1648.45,1606.73,1653.54,-25.783,-1.5593,26100200.0,18984800.0
000300.SH,2008-11-05,1691.42,1641.26,1714.66,1641.26,1627.76,63.661,3.911,42418200.0,31500400.0
000300.SH,2008-11-06,1649.78,1648.13,1661.44,1638.34,1691.42,-41.644,-2.4621,30784200.0,21547000.0
000300.SH,2008-11-07,1677.83,1618.75,1690.1,1612.74,1649.78,28.051,1.7003,31521600.0,23620500.0
000300.SH,2008-11-10,1801.67,1714.12,1803.12,1714.12,1677.83,123.838,7.3809,63948900.0,47322300.0
000300.SH,2008-11-11,1781.36,1795.3,1824.93,1778.33,1801.67,-20.304,-1.127,66072900.0,49194300.0
000300.SH,2008-11-12,1801.82,1758.48,1806.23,1754.29,1781.36,20.462,1.1487,44088000.0,34453800.0
000300.SH,2008-11-13,1874.08,1777.03,1891.94,1765.64,1801.82,72.259,4.0103,83234600.0,64988800.0
000300.SH,2008-11-14,1943.65,1893.31,1943.65,1874.93,1874.08,69.572,3.7123,91168700.0,73429600.0
000300.SH,2008-11-17,1987.22,1934.74,1987.22,1919.97,1943.65,43.571,2.2417,87836600.0,70919200.0
000300.SH,2008-11-18,1839.82,1974.38,1994.82,1831.76,1987.22,-147.406,-7.4177,97278400.0,76165800.0
000300.SH,2008-11-19,1953.16,1831.6,1959.52,1823.27,1839.82,113.344,6.1606,82117400.0,64838100.0
000300.SH,2008-11-20,1932.43,1916.7,1976.95,1900.27,1953.16,-20.735,-1.0616,83187000.0,66919000.0
000300.SH,2008-11-21,1920.73,1872.27,1968.89,1835.09,1932.43,-11.693,-0.6051,83049300.0,66124300.0
000300.SH,2008-11-24,1837.64,1913.99,1923.93,1835.86,1920.73,-83.093,-4.3261,50561500.0,39794600.0
000300.SH,2008-11-25,1834.29,1870.06,1883.1,1801.56,1837.64,-3.348,-0.1822,42814600.0,34629700.0
000300.SH,2008-11-26,1843.49,1832.11,1865.65,1815.02,1834.29,9.201,0.5016,45565600.0,34732300.0
000300.SH,2008-11-27,1870.47,1961.89,1969.02,1870.05,1843.49,26.978,1.4634,88008300.0,71753400.0
000300.SH,2008-11-28,1829.92,1851.1,1866.26,1815.45,1870.47,-40.549,-2.1678,51590700.0,40648500.0
000300.SH,2008-12-01,1864.2,1823.77,1864.3,1799.84,1829.92,34.281,1.8734,48386300.0,38237200.0
000300.SH,2008-12-02,1868.63,1821.54,1891.13,1814.9,1864.2,4.426,0.2374,61350200.0,48151900.0
000300.SH,2008-12-03,1952.67,1884.6,1952.67,1884.6,1868.63,84.037,4.4972,85019100.0,67393300.0
000300.SH,2008-12-04,1982.93,1980.44,2046.47,1978.14,1952.67,30.26,1.5497,119183000.0,98580200.0
000300.SH,2008-12-05,2013.18,1969.74,2014.2,1965.09,1982.93,30.247,1.5254,74366300.0,59950700.0
000300.SH,2008-12-08,2095.04,2040.47,2095.47,2033.98,2013.18,81.861,4.0663,107607000.0,89176000.0
000300.SH,2008-12-09,2040.85,2104.12,2107.6,2038.07,2095.04,-54.189,-2.5865,92509800.0,77546700.0
000300.SH,2008-12-10,2096.39,2028.51,2096.39,2014.28,2040.85,55.546,2.7217,83271100.0,70751400.0
000300.SH,2008-12-11,2046.34,2087.43,2107.29,2043.62,2096.39,-50.056,-2.3877,73556200.0,63777700.0
000300.SH,2008-12-12,1960.38,2027.07,2038.19,1936.28,2046.34,-85.957,-4.2005,67387300.0,54866600.0
000300.SH,2008-12-15,1975.03,1991.55,2006.22,1941.05,1960.38,14.654,0.7475,50451100.0,40756400.0
000300.SH,2008-12-16,1994.45,1956.99,1994.96,1919.87,1975.03,19.416,0.9831,47924900.0,38552200.0
000300.SH,2008-12-17,2001.42,2002.03,2030.39,1995.65,1994.45,6.97,0.3495,58685200.0,49120200.0
000300.SH,2008-12-18,2045.1,2001.05,2045.94,1982.43,2001.42,43.682,2.1826,58429200.0,48455200.0
000300.SH,2008-12-19,2052.11,2037.37,2075.38,2033.11,2045.1,7.012,0.3429,63311200.0,53410400.0
000300.SH,2008-12-22,2017.55,2050.77,2055.37,1993.33,2052.11,-34.565,-1.6844,52949500.0,43843500.0
000300.SH,2008-12-23,1918.95,2019.23,2019.23,1918.43,2017.55,-98.594,-4.8868,63590500.0,50825800.0
000300.SH,2008-12-24,1887.07,1893.22,1912.78,1872.65,1918.95,-31.88,-1.6613,44201800.0,34210500.0
000300.SH,2008-12-25,1870.77,1891.53,1902.71,1848.71,1887.07,-16.31,-0.8643,39916800.0,30806000.0
000300.SH,2008-12-26,1862.1,1868.34,1881.08,1850.5,1870.77,-8.669,-0.4634,34560900.0,28536300.0
000300.SH,2008-12-29,1854.76,1852.41,1861.3,1816.06,1862.1,-7.339,-0.3941,35986900.0,29329600.0
000300.SH,2008-12-30,1833.44,1852.95,1867.41,1824.53,1854.76,-21.322,-1.1496,37584600.0,29628500.0
000300.SH,2008-12-31,1817.72,1835.1,1844.42,1813.73,1833.44,-15.713,-0.857,35631400.0,27291900.0
000300.SH,2009-01-05,1882.96,1848.33,1882.96,1837.84,1817.72,65.237,3.5889,48187000.0,39217100.0
000300.SH,2009-01-06,1942.8,1880.67,1948.49,1873.01,1882.96,59.836,3.1778,70974100.0,59262200.0
000300.SH,2009-01-07,1931.18,1942.67,1959.25,1930.87,1942.8,-11.617,-0.598,59702200.0,50143400.0
000300.SH,2009-01-08,1887.99,1894.66,1902.8,1873.65,1931.18,-43.187,-2.2363,53446500.0,47210800.0
000300.SH,2009-01-09,1918.36,1886.49,1923.42,1886.49,1887.99,30.374,1.6088,47407200.0,41511200.0
000300.SH,2009-01-12,1920.69,1911.74,1947.08,1905.62,1918.36,2.322,0.121,54234200.0,46981500.0
000300.SH,2009-01-13,1876.19,1892.66,1908.2,1874.97,1920.69,-44.502,-2.317,49818100.0,40201500.0
000300.SH,2009-01-14,1955.24,1873.63,1955.24,1873.63,1876.19,79.059,4.2138,59283200.0,52659000.0
000300.SH,2009-01-15,1954.87,1935.39,1977.19,1930.3,1955.24,-0.37,-0.0189,78943600.0,67144800.0
000300.SH,2009-01-16,1990.21,1965.44,2026.65,1965.44,1954.87,35.34,1.8078,96538600.0,84717600.0
000300.SH,2009-01-19,2012.46,2010.58,2052.19,1993.95,1990.21,22.251,1.118,81948200.0,69785500.0
000300.SH,2009-01-20,2025.19,2006.53,2025.19,1986.06,2012.46,12.725,0.6323,53259300.0,45640100.0
000300.SH,2009-01-21,2021.71,1993.67,2047.1,1988.24,2025.19,-3.48,-0.1718,64117400.0,59914200.0
000300.SH,2009-01-22,2044.55,2034.29,2048.48,2012.74,2021.71,22.841,1.1298,58861900.0,53439100.0
000300.SH,2009-01-23,2032.68,2039.52,2054.33,2025.19,2044.55,-11.869,-0.5805,57504100.0,49887800.0
000300.SH,2009-02-02,2057.06,2052.44,2059.34,2029.72,2032.68,24.381,1.1994,51453900.0,46126500.0
000300.SH,2009-02-03,2108.91,2056.79,2108.94,2049.89,2057.06,51.847,2.5204,87640300.0,75554100.0
000300.SH,2009-02-04,2166.41,2118.56,2166.41,2117.02,2108.91,57.504,2.7267,100888000.0,87192200.0
000300.SH,2009-02-05,2150.97,2164.55,2211.18,2135.67,2166.41,-15.443,-0.7128,115100000.0,101712000.0
000300.SH,2009-02-06,2237.28,2158.08,2240.02,2158.08,2150.97,86.309,4.0126,106665000.0,95640100.0
000300.SH,2009-02-09,2296.67,2271.59,2307.91,2257.49,2237.28,59.392,2.6547,129524000.0,119887000.0
000300.SH,2009-02-10,2326.75,2288.07,2327.1,2263.53,2296.67,30.083,1.3099,116295000.0,107892000.0
000300.SH,2009-02-11,2331.14,2287.23,2381.19,2275.57,2326.75,4.383,0.1884,147577000.0,144588000.0
000300.SH,2009-02-12,2318.34,2335.4,2344.66,2248.48,2331.14,-12.795,-0.5489,119826000.0,116050000.0
000300.SH,2009-02-13,2399.06,2321.56,2402.44,2307.09,2318.34,80.722,3.4819,140410000.0,134471000.0
000300.SH,2009-02-16,2462.25,2421.19,2462.39,2397.18,2399.06,63.18,2.6335,152347000.0,147380000.0
000300.SH,2009-02-17,2385.29,2460.57,2470.62,2384.79,2462.25,-76.952,-3.1253,141015000.0,137971000.0
000300.SH,2009-02-18,2275.84,2331.66,2369.05,2272.5,2385.29,-109.45,-4.5885,115422000.0,112456000.0
000300.SH,2009-02-19,2298.41,2295.65,2324.68,2259.59,2275.84,22.569,0.9917,90853900.0,88398900.0
000300.SH,2009-02-20,2344.32,2300.81,2344.77,2276.3,2298.41,45.908,1.9974,86632100.0,85247200.0
000300.SH,2009-02-23,2410.48,2333.81,2419.53,2307.92,2344.32,66.161,2.8222,109465000.0,109380000.0
000300.SH,2009-02-24,2301.85,2376.7,2411.91,2294.52,2410.48,-108.632,-4.5067,127018000.0,127131000.0
000300.SH,2009-02-25,2304.25,2325.04,2337.42,2226.44,2301.85,2.402,0.1044,107878000.0,108878000.0
000300.SH,2009-02-26,2190.19,2295.43,2332.35,2167.15,2304.25,-114.066,-4.9502,102200000.0,101795000.0
000300.SH,2009-02-27,2140.49,2164.54,2186.82,2117.06,2190.19,-49.696,-2.269,87076400.0,80337500.0
000300.SH,2009-03-02,2164.67,2123.37,2177.29,2112.34,2140.49,24.177,1.1295,62746200.0,60878000.0
000300.SH,2009-03-03,2142.15,2109.84,2168.22,2100.64,2164.67,-22.512,-1.04,66167300.0,64109600.0
000300.SH,2009-03-04,2285.15,2150.24,2290.94,2150.24,2142.15,142.995,6.6753,110750000.0,105872000.0
000300.SH,2009-03-05,2304.92,2314.08,2340.37,2259.8,2285.15,19.77,0.8652,131987000.0,128867000.0
000300.SH,2009-03-06,2286.58,2260.76,2313.2,2255.82,2304.92,-18.343,-0.7958,85965400.0,85495300.0
000300.SH,2009-03-09,2202.53,2302.01,2333.98,2198.54,2286.58,-84.049,-3.6758,86556000.0,83758900.0
000300.SH,2009-03-10,2240.78,2175.31,2241.24,2168.32,2202.53,38.255,1.7369,56660400.0,55058100.0
000300.SH,2009-03-11,2220.38,2288.05,2292.4,2212.88,2240.78,-20.402,-0.9105,70838700.0,70589100.0
000300.SH,2009-03-12,2215.7,2208.04,2220.3,2156.6,2220.38,-4.68,-0.2108,55700100.0,53843900.0
000300.SH,2009-03-13,2205.42,2229.25,2250.24,2200.97,2215.7,-10.278,-0.4639,54083100.0,54636200.0
000300.SH,2009-03-16,2241.61,2197.25,2247.11,2180.05,2205.42,36.192,1.641,48773900.0,48128300.0
000300.SH,2009-03-17,2322.4,2244.11,2329.3,2239.67,2241.61,80.789,3.6041,92980500.0,94028700.0
000300.SH,2009-03-18,2332.65,2335.42,2370.56,2328.86,2322.4,10.249,0.4413,101870000.0,103620000.0
000300.SH,2009-03-19,2382.56,2337.52,2386.23,2331.26,2332.65,49.912,2.1397,97318800.0,101348000.0
000300.SH,2009-03-20,2379.84,2389.89,2397.21,2343.27,2382.56,-2.726,-0.1144,109397000.0,114787000.0
000300.SH,2009-03-23,2439.4,2384.67,2448.35,2375.52,2379.84,59.557,2.5026,116313000.0,127794000.0
000300.SH,2009-03-24,2451.78,2477.57,2483.83,2440.53,2439.4,12.388,0.5078,111994000.0,121593000.0
000300.SH,2009-03-25,2401.33,2435.63,2472.94,2401.05,2451.78,-50.456,-2.0579,95816700.0,105406000.0
000300.SH,2009-03-26,2479.79,2407.76,2479.83,2379.95,2401.33,78.462,3.2674,113249000.0,118049000.0
000300.SH,2009-03-27,2498.93,2501.0,2516.38,2481.69,2479.79,19.142,0.7719,135369000.0,134140000.0
000300.SH,2009-03-30,2484.49,2501.31,2508.14,2471.37,2498.93,-14.444,-0.578,94151700.0,100003000.0
000300.SH,2009-03-31,2507.79,2436.78,2507.9,2423.57,2484.49,23.302,0.9379,95461800.0,106631000.0
000300.SH,2009-04-01,2548.22,2519.89,2566.54,2519.89,2507.79,40.433,1.6123,126308000.0,137118000.0
000300.SH,2009-04-02,2576.4,2558.77,2599.25,2558.26,2548.22,28.178,1.1058,135147000.0,143709000.0
000300.SH,2009-04-03,2570.5,2597.92,2612.37,2555.61,2576.4,-5.897,-0.2289,123655000.0,131076000.0
000300.SH,2009-04-07,2576.95,2570.62,2597.06,2543.65,2570.5,6.447,0.2508,86083300.0,93919100.0
000300.SH,2009-04-08,2479.35,2563.72,2573.09,2479.35,2576.95,-97.602,-3.7875,99328100.0,107144000.0
000300.SH,2009-04-09,2517.67,2477.42,2517.74,2457.42,2479.35,38.321,1.5456,74593700.0,82861000.0
000300.SH,2009-04-10,2595.53,2540.11,2595.6,2530.62,2517.67,77.861,3.0926,104144000.0,121860000.0
000300.SH,2009-04-13,2656.52,2621.98,2668.28,2619.37,2595.53,60.988,2.3497,139015000.0,156802000.0
000300.SH,2009-04-14,2676.87,2651.2,2682.91,2637.38,2656.52,20.354,0.7662,110491000.0,126840000.0
000300.SH,2009-04-15,2686.99,2662.73,2690.64,2627.81,2676.87,10.118,0.378,120665000.0,133586000.0
000300.SH,2009-04-16,2687.11,2690.51,2706.62,2643.32,2686.99,0.116,0.0043,123730000.0,131610000.0
000300.SH,2009-04-17,2650.69,2675.67,2693.29,2628.62,2687.11,-36.415,-1.3552,101529000.0,116185000.0
000300.SH,2009-04-20,2707.67,2643.73,2708.45,2640.99,2650.69,56.976,2.1495,95903700.0,105081000.0
000300.SH,2009-04-21,2675.44,2670.28,2697.72,2634.53,2707.67,-32.225,-1.1901,108185000.0,118474000.0
000300.SH,2009-04-22,2576.28,2687.86,2713.3,2563.36,2675.44,-99.161,-3.7063,124046000.0,131945000.0
000300.SH,2009-04-23,2593.56,2555.53,2604.16,2543.91,2576.28,17.283,0.6709,80887900.0,84795700.0
000300.SH,2009-04-24,2572.89,2605.7,2609.87,2570.38,2593.56,-20.676,-0.7972,73361000.0,81956600.0
000300.SH,2009-04-27,2513.29,2566.92,2576.52,2499.44,2572.89,-59.596,-2.3163,72039400.0,75040600.0
000300.SH,2009-04-28,2518.53,2490.53,2531.54,2485.8,2513.29,5.239,0.2085,59265000.0,66247500.0
000300.SH,2009-04-29,2605.37,2518.85,2615.81,2514.14,2518.53,86.839,3.448,81885000.0,91496800.0
000300.SH,2009-04-30,2622.93,2616.49,2640.02,2604.45,2605.37,17.556,0.6738,85809300.0,96903700.0
000300.SH,2009-05-04,2714.3,2635.13,2715.19,2632.3,2622.93,91.375,3.4837,102917000.0,113351000.0
000300.SH,2009-05-05,2727.01,2733.11,2751.25,2713.23,2714.3,12.713,0.4684,102314000.0,112642000.0
000300.SH,2009-05-06,2764.98,2721.82,2771.21,2713.54,2727.01,37.965,1.3922,105807000.0,118232000.0
000300.SH,2009-05-07,2767.08,2783.58,2797.47,2731.8,2764.98,2.097,0.0758,122101000.0,136966000.0
000300.SH,2009-05-08,2789.22,2751.5,2800.22,2733.33,2767.08,22.143,0.8002,106725000.0,120873000.0
000300.SH,2009-05-11,2725.32,2808.14,2839.61,2725.27,2789.22,-63.903,-2.2911,125364000.0,140456000.0
000300.SH,2009-05-12,2788.56,2702.74,2788.61,2699.95,2725.32,63.246,2.3207,88695900.0,93421500.0
000300.SH,2009-05-13,2814.0,2792.42,2822.71,2775.57,2788.56,25.443,0.9124,107113000.0,123638000.0
000300.SH,2009-05-14,2792.6,2781.05,2804.48,2757.54,2814.0,-21.408,-0.7608,82639300.0,96156100.0
000300.SH,2009-05-15,2796.12,2800.57,2815.46,2773.32,2792.6,3.519,0.126,64931400.0,74973000.0
000300.SH,2009-05-18,2810.57,2782.58,2813.76,2740.92,2796.12,14.457,0.517,74835800.0,88479100.0
000300.SH,2009-05-19,2840.08,2836.34,2849.63,2821.95,2810.57,29.511,1.05,97703600.0,116543000.0
000300.SH,2009-05-20,2812.86,2843.54,2849.64,2812.6,2840.08,-27.219,-0.9584,87939200.0,105146000.0
000300.SH,2009-05-21,2750.01,2795.83,2808.29,2735.77,2812.86,-62.855,-2.2346,85535400.0,102876000.0
000300.SH,2009-05-22,2740.68,2733.02,2762.74,2719.12,2750.01,-9.333,-0.3394,61499000.0,74407200.0
000300.SH,2009-05-25,2752.72,2684.21,2761.39,2675.28,2740.68,12.039,0.4393,74091700.0,91048800.0
000300.SH,2009-05-26,2719.76,2757.31,2762.81,2718.55,2752.72,-32.952,-1.1971,72316000.0,88894900.0
000300.SH,2009-05-27,2759.71,2734.42,2768.57,2715.82,2719.76,39.948,1.4688,67976600.0,78602200.0
000300.SH,2009-06-01,2858.34,2798.93,2864.47,2798.93,2759.71,98.63,3.5739,108565000.0,132968000.0
000300.SH,2009-06-02,2865.1,2878.53,2892.78,2855.06,2858.34,6.757,0.2364,108338000.0,130132000.0
000300.SH,2009-06-03,2939.39,2865.73,2939.39,2864.71,2865.1,74.288,2.5929,112073000.0,131607000.0
000300.SH,2009-06-04,2953.75,2924.27,2961.04,2899.67,2939.39,14.364,0.4887,130128000.0,153771000.0
000300.SH,2009-06-05,2939.31,2966.06,2975.18,2937.18,2953.75,-14.445,-0.489,108476000.0,131348000.0
000300.SH,2009-06-08,2948.48,2937.64,2978.23,2912.49,2939.31,9.172,0.312,96116400.0,114539000.0
000300.SH,2009-06-09,2960.56,2948.95,2960.9,2892.72,2948.48,12.078,0.4096,91989900.0,108747000.0
000300.SH,2009-06-10,2989.59,2972.42,2995.7,2966.58,2960.56,29.039,0.9809,101790000.0,116455000.0
000300.SH,2009-06-11,2961.63,2982.97,3000.86,2951.27,2989.59,-27.966,-0.9354,87116000.0,101890000.0
000300.SH,2009-06-12,2906.29,2955.57,2976.86,2883.32,2961.63,-55.343,-1.8687,80067100.0,92135600.0
000300.SH,2009-06-15,2966.19,2911.42,2967.1,2898.07,2906.29,59.906,2.0613,74352100.0,92689600.0
000300.SH,2009-06-16,2961.22,2936.51,2979.41,2929.04,2966.19,-4.972,-0.1676,70179200.0,89928400.0
000300.SH,2009-06-17,3010.59,2957.58,3017.41,2930.49,2961.22,49.368,1.6672,77293100.0,99945500.0
000300.SH,2009-06-18,3057.43,3014.44,3061.75,3014.44,3010.59,46.84,1.5558,96281300.0,122777000.0
000300.SH,2009-06-19,3080.0,3061.9,3086.72,3047.27,3057.43,22.573,0.7383,102518000.0,119434000.0
000300.SH,2009-06-22,3082.56,3106.39,3116.16,3072.53,3080.0,2.562,0.0832,103953000.0,122685000.0
000300.SH,2009-06-23,3083.9,3036.4,3128.53,3028.45,3082.56,1.332,0.0432,111507000.0,127095000.0
000300.SH,2009-06-24,3120.73,3079.5,3121.21,3068.24,3083.9,36.835,1.1944,109424000.0,132431000.0
000300.SH,2009-06-25,3117.92,3125.66,3141.17,3103.87,3120.73,-2.809,-0.09,82806900.0,107707000.0
000300.SH,2009-06-26,3128.42,3126.23,3137.08,3109.32,3117.92,10.5,0.3368,70500900.0,88663500.0
000300.SH,2009-06-29,3179.97,3132.11,3182.42,3122.16,3128.42,51.551,1.6478,84997100.0,107539000.0
000300.SH,2009-06-30,3166.47,3191.64,3195.72,3159.63,3179.97,-13.498,-0.4245,86782300.0,118926000.0
000300.SH,2009-07-01,3237.9,3153.54,3238.79,3150.65,3166.47,71.429,2.2558,96950600.0,129831000.0
000300.SH,2009-07-02,3282.36,3248.2,3285.09,3247.57,3237.9,44.456,1.373,112989000.0,152595000.0
000300.SH,2009-07-03,3327.14,3254.93,3327.67,3249.11,3282.36,44.776,1.3641,105733000.0,142531000.0
000300.SH,2009-07-06,3374.75,3333.1,3378.05,3333.1,3327.14,47.618,1.4312,135264000.0,175857000.0
000300.SH,2009-07-07,3340.49,3368.33,3393.22,3327.35,3374.75,-34.26,-1.0152,129601000.0,160451000.0
000300.SH,2009-07-08,3352.27,3306.43,3368.07,3261.32,3340.49,11.776,0.3525,113868000.0,147303000.0
000300.SH,2009-07-09,3396.3,3348.22,3396.48,3334.68,3352.27,44.035,1.3136,113082000.0,148250000.0
000300.SH,2009-07-10,3398.31,3398.91,3428.03,3375.97,3396.3,2.006,0.0591,106175000.0,140746000.0
000300.SH,2009-07-13,3361.01,3382.57,3403.74,3358.52,3398.31,-37.299,-1.0976,99619600.0,132301000.0
000300.SH,2009-07-14,3454.75,3375.87,3454.75,3375.87,3361.01,93.742,2.7891,107520000.0,143258000.0
000300.SH,2009-07-15,3493.3,3467.13,3497.51,3467.13,3454.75,38.552,1.1159,133483000.0,176773000.0
000300.SH,2009-07-16,3501.24,3516.78,3543.02,3489.56,3493.3,7.935,0.2271,129313000.0,178974000.0
000300.SH,2009-07-17,3519.81,3499.51,3527.47,3482.87,3501.24,18.569,0.5304,106550000.0,146140000.0
000300.SH,2009-07-20,3591.12,3532.52,3594.87,3515.53,3519.81,71.314,2.0261,136469000.0,189690000.0
000300.SH,2009-07-21,3539.83,3603.4,3610.33,3533.16,3591.12,-51.291,-1.4283,130601000.0,184935000.0
000300.SH,2009-07-22,3606.92,3532.63,3607.37,3532.38,3539.83,67.092,1.8953,115239000.0,168878000.0
000300.SH,2009-07-23,3651.97,3613.6,3653.84,3596.36,3606.92,45.045,1.2488,116382000.0,160980000.0
000300.SH,2009-07-24,3667.56,3672.21,3687.49,3591.88,3651.97,15.587,0.4268,127979000.0,182205000.0
000300.SH,2009-07-27,3743.63,3680.15,3744.24,3669.51,3667.56,76.07,2.0741,138808000.0,200824000.0
000300.SH,2009-07-28,3755.82,3745.55,3756.78,3705.04,3743.63,12.192,0.3257,146268000.0,210479000.0
000300.SH,2009-07-29,3558.51,3741.78,3765.59,3453.64,3755.82,-197.31,-5.2534,167406000.0,226560000.0
000300.SH,2009-07-30,3634.82,3587.05,3656.92,3511.29,3558.51,76.31,2.1444,134969000.0,185494000.0
000300.SH,2009-07-31,3734.62,3670.19,3735.8,3635.55,3634.82,99.804,2.7458,132240000.0,184432000.0
000300.SH,2009-08-03,3787.03,3754.22,3789.94,3716.57,3734.62,52.411,1.4034,136416000.0,198441000.0
000300.SH,2009-08-04,3786.61,3803.06,3803.06,3712.43,3787.03,-0.418,-0.011,141036000.0,205134000.0
000300.SH,2009-08-05,3740.94,3781.4,3789.13,3691.98,3786.61,-45.679,-1.2063,133444000.0,194012000.0
000300.SH,2009-08-06,3663.12,3707.91,3739.58,3602.57,3740.94,-77.816,-2.0801,118102000.0,178406000.0
000300.SH,2009-08-07,3555.09,3655.46,3686.54,3539.7,3663.12,-108.025,-2.949,100576000.0,148656000.0
000300.SH,2009-08-10,3544.54,3589.72,3613.46,3485.36,3555.09,-10.556,-0.2969,84870700.0,126565000.0
000300.SH,2009-08-11,3556.38,3558.65,3569.15,3509.72,3544.54,11.836,0.3339,64497200.0,95318900.0
000300.SH,2009-08-12,3397.4,3546.5,3546.5,3390.36,3556.38,-158.975,-4.4701,92535400.0,131868000.0
000300.SH,2009-08-13,3440.82,3398.89,3448.86,3338.85,3397.4,43.42,1.278,87081800.0,123584000.0
000300.SH,2009-08-14,3344.46,3437.95,3454.95,3334.73,3440.82,-96.358,-2.8004,88248600.0,126573000.0
000300.SH,2009-08-17,3140.27,3283.44,3319.8,3137.48,3344.46,-204.191,-6.1053,91723900.0,121243000.0
000300.SH,2009-08-18,3171.99,3110.71,3186.81,3083.2,3140.27,31.715,1.0099,77343000.0,100691000.0
000300.SH,2009-08-19,3014.57,3178.28,3183.01,2982.22,3171.99,-157.418,-4.9628,81604000.0,104779000.0
000300.SH,2009-08-20,3144.39,3021.25,3146.57,3021.25,3014.57,129.822,4.3065,79519200.0,107656000.0
000300.SH,2009-08-21,3203.62,3135.37,3221.17,3113.7,3144.39,59.234,1.8838,86616800.0,113911000.0
000300.SH,2009-08-24,3229.6,3222.4,3241.52,3178.86,3203.62,25.976,0.8108,80414100.0,110908000.0
000300.SH,2009-08-25,3109.83,3210.85,3210.85,3019.12,3229.6,-119.77,-3.7085,97530100.0,128446000.0
000300.SH,2009-08-26,3172.39,3082.68,3203.79,3065.46,3109.83,62.556,2.0116,82036400.0,109792000.0
000300.SH,2009-08-27,3156.3,3149.57,3212.27,3116.89,3172.39,-16.085,-0.507,80125200.0,103605000.0
000300.SH,2009-08-28,3046.78,3152.04,3168.19,3030.73,3156.3,-109.52,-3.4699,84017900.0,108787000.0
000300.SH,2009-08-31,2830.27,3003.54,3003.54,2825.77,3046.78,-216.51,-7.1062,84517300.0,105568000.0
000300.SH,2009-09-01,2843.7,2804.58,2901.28,2795.49,2830.27,13.429,0.4745,70535300.0,87743200.0
000300.SH,2009-09-02,2890.93,2824.64,2904.79,2813.62,2843.7,47.226,1.6607,60843400.0,76293200.0
000300.SH,2009-09-03,3051.96,2898.45,3059.99,2892.65,2890.93,161.038,5.5705,93157400.0,118821000.0
000300.SH,2009-09-04,3077.14,3055.35,3099.39,3038.99,3051.96,25.178,0.825,86984700.0,116182000.0
000300.SH,2009-09-07,3104.21,3097.79,3153.23,3078.13,3077.14,27.066,0.8796,82790700.0,113813000.0
000300.SH,2009-09-08,3170.97,3084.2,3170.97,3047.3,3104.21,66.759,2.1506,83965600.0,117969000.0
000300.SH,2009-09-09,3194.91,3188.31,3207.39,3143.74,3170.97,23.942,0.755,91191200.0,131814000.0
000300.SH,2009-09-10,3162.91,3179.19,3204.12,3150.17,3194.91,-31.995,-1.0014,66566000.0,91467400.0
000300.SH,2009-09-11,3238.13,3152.81,3253.45,3152.69,3162.91,75.219,2.3782,80689700.0,108989000.0
000300.SH,2009-09-14,3293.39,3248.35,3298.91,3240.53,3238.13,55.261,1.7066,87393900.0,117065000.0
000300.SH,2009-09-15,3302.64,3298.81,3325.74,3264.95,3293.39,9.248,0.2808,87092200.0,116411000.0
000300.SH,2009-09-16,3258.24,3290.39,3296.94,3212.45,3302.64,-44.406,-1.3446,88244500.0,123641000.0
000300.SH,2009-09-17,3320.1,3274.58,3329.12,3274.58,3258.24,61.86,1.8986,91333400.0,125326000.0
000300.SH,2009-09-18,3199.69,3325.06,3330.43,3170.96,3320.1,-120.407,-3.6266,100488000.0,131632000.0
000300.SH,2009-09-21,3208.6,3163.51,3210.64,3090.61,3199.69,8.915,0.2786,72802000.0,99685200.0
000300.SH,2009-09-22,3131.03,3196.01,3237.22,3131.02,3208.6,-77.578,-2.4178,73425100.0,101634000.0
000300.SH,2009-09-23,3060.07,3130.14,3159.17,3041.42,3131.03,-70.957,-2.2663,66013700.0,89049600.0
000300.SH,2009-09-24,3080.93,3041.82,3122.05,2989.24,3060.07,20.857,0.6816,65152100.0,86891300.0
000300.SH,2009-09-25,3058.53,3057.11,3090.07,3028.41,3080.93,-22.398,-0.727,45820500.0,60733000.0
000300.SH,2009-09-28,2972.64,3066.37,3088.08,2959.74,3058.53,-85.885,-2.8081,41918400.0,54593200.0
000300.SH,2009-09-29,2972.29,2975.53,2998.55,2923.93,2972.64,-0.357,-0.012,45932400.0,56674400.0
000300.SH,2009-09-30,3004.8,2992.98,3033.74,2988.29,2972.29,32.519,1.0941,42184500.0,54803600.0
000300.SH,2009-10-09,3163.71,3078.75,3164.03,3071.27,3004.8,158.903,5.2883,56871000.0,76061700.0
000300.SH,2009-10-12,3151.63,3181.58,3193.59,3151.26,3163.71,-12.076,-0.3817,58962000.0,81562300.0
000300.SH,2009-10-13,3198.52,3144.02,3199.92,3140.5,3151.63,46.885,1.4876,50713700.0,68577100.0
000300.SH,2009-10-14,3227.4,3209.06,3276.55,3204.31,3198.52,28.882,0.903,80978100.0,111183000.0
000300.SH,2009-10-15,3239.64,3258.55,3287.63,3227.09,3227.4,12.244,0.3794,60562000.0,85392000.0
000300.SH,2009-10-16,3241.71,3250.1,3268.43,3188.43,3239.64,2.066,0.0638,55636300.0,78892000.0
000300.SH,2009-10-19,3329.16,3238.85,3330.79,3231.81,3241.71,87.449,2.6976,77683100.0,113841000.0
000300.SH,2009-10-20,3377.57,3355.36,3379.63,3343.02,3329.16,48.416,1.4543,89426300.0,128508000.0
000300.SH,2009-10-21,3369.28,3375.03,3414.66,3358.55,3377.57,-8.289,-0.2454,83488900.0,117445000.0
000300.SH,2009-10-22,3347.32,3364.15,3381.15,3341.42,3369.28,-21.965,-0.6519,60936600.0,87978500.0
000300.SH,2009-10-23,3413.25,3354.98,3436.39,3354.98,3347.32,65.932,1.9697,86725400.0,120909000.0
000300.SH,2009-10-26,3414.24,3421.7,3432.9,3385.44,3413.25,0.987,0.0289,68442500.0,97801000.0
000300.SH,2009-10-27,3314.72,3384.29,3392.1,3314.32,3414.24,-99.517,-2.9148,74209600.0,105229000.0
000300.SH,2009-10-28,3329.33,3303.77,3337.17,3258.27,3314.72,14.605,0.4406,62594800.0,86228500.0
000300.SH,2009-10-29,3247.05,3265.19,3291.18,3239.0,3329.33,-82.276,-2.4713,61305400.0,84414900.0
000300.SH,2009-10-30,3280.37,3305.38,3329.54,3276.32,3247.05,33.321,1.0262,60647100.0,84226400.0
000300.SH,2009-11-02,3392.8,3205.83,3394.72,3198.31,3280.37,112.431,3.4274,81981200.0,110679000.0
000300.SH,2009-11-03,3435.43,3402.53,3447.48,3397.25,3392.8,42.622,1.2562,83791100.0,115935000.0
000300.SH,2009-11-04,3453.89,3443.52,3476.34,3415.22,3435.43,18.463,0.5374,86065300.0,117781000.0
000300.SH,2009-11-05,3464.32,3458.86,3471.83,3432.26,3453.89,10.43,0.302,80647800.0,103539000.0
000300.SH,2009-11-06,3483.02,3491.07,3506.03,3474.36,3464.32,18.703,0.5399,92190300.0,124138000.0
000300.SH,2009-11-09,3495.79,3487.11,3495.89,3452.61,3483.02,12.767,0.3665,78050900.0,108916000.0
000300.SH,2009-11-10,3503.78,3520.4,3532.19,3501.5,3495.79,7.988,0.2285,84301000.0,116074000.0
000300.SH,2009-11-11,3495.67,3500.59,3514.83,3468.86,3503.78,-8.102,-0.2312,72626300.0,100494000.0
000300.SH,2009-11-12,3499.99,3506.95,3529.06,3487.68,3495.67,4.318,0.1235,79962700.0,106569000.0
000300.SH,2009-11-13,3518.72,3489.54,3518.89,3445.36,3499.99,18.73,0.5351,91210200.0,122357000.0
000300.SH,2009-11-16,3625.8,3541.05,3625.89,3541.05,3518.72,107.076,3.043,123157000.0,170545000.0
000300.SH,2009-11-17,3628.35,3644.96,3649.42,3619.99,3625.8,2.556,0.0705,97391400.0,135059000.0
000300.SH,2009-11-18,3630.23,3633.85,3652.81,3612.79,3628.35,1.875,0.0517,89226300.0,119035000.0
000300.SH,2009-11-19,3642.44,3638.07,3653.9,3604.61,3630.23,12.208,0.3363,94940100.0,125514000.0
000300.SH,2009-11-20,3631.01,3630.58,3658.21,3597.31,3642.44,-11.424,-0.3136,94750800.0,127585000.0
000300.SH,2009-11-23,3665.51,3636.53,3666.27,3628.2,3631.01,34.496,0.95,93990900.0,135750000.0
000300.SH,2009-11-24,3548.08,3680.75,3698.13,3538.86,3665.51,-117.429,-3.2036,147567000.0,203722000.0
000300.SH,2009-11-25,3629.63,3541.51,3630.3,3508.06,3548.08,81.549,2.2984,114602000.0,157031000.0
000300.SH,2009-11-26,3485.77,3635.79,3646.61,3472.95,3629.63,-143.856,-3.9634,127882000.0,180809000.0
000300.SH,2009-11-27,3382.51,3440.34,3480.93,3367.29,3485.77,-103.263,-2.9624,89294700.0,125776000.0
000300.SH,2009-11-30,3511.67,3415.08,3511.76,3415.08,3382.51,129.159,3.8184,84415300.0,117377000.0
000300.SH,2009-12-01,3560.83,3507.56,3566.78,3485.52,3511.67,49.162,1.4,101519000.0,138003000.0
000300.SH,2009-12-02,3597.33,3578.87,3607.56,3570.29,3560.83,36.498,1.025,98052000.0,138929000.0
000300.SH,2009-12-03,3590.88,3596.95,3603.12,3551.48,3597.33,-6.453,-0.1794,89978600.0,128563000.0
000300.SH,2009-12-04,3643.49,3581.63,3646.26,3530.06,3590.88,52.615,1.4652,134131000.0,188844000.0
000300.SH,2009-12-07,3668.83,3644.62,3672.8,3633.45,3643.49,25.341,0.6955,91225500.0,131992000.0
000300.SH,2009-12-08,3624.02,3670.81,3671.04,3590.94,3668.83,-44.813,-1.2215,82940900.0,118751000.0
000300.SH,2009-12-09,3554.48,3579.28,3603.7,3543.42,3624.02,-69.541,-1.9189,68521500.0,97092000.0
000300.SH,2009-12-10,3577.24,3579.83,3601.29,3544.9,3554.48,22.759,0.6403,57563700.0,81151400.0
000300.SH,2009-12-11,3575.02,3589.41,3614.95,3568.51,3577.24,-2.217,-0.062,54550900.0,74282900.0
000300.SH,2009-12-14,3612.75,3572.53,3623.27,3495.64,3575.02,37.733,1.0555,83785000.0,113442000.0
000300.SH,2009-12-15,3583.34,3594.51,3620.32,3578.28,3612.75,-29.412,-0.8141,69186500.0,98783600.0
000300.SH,2009-12-16,3560.72,3568.28,3610.69,3550.67,3583.34,-22.618,-0.6312,56963900.0,81340900.0
000300.SH,2009-12-17,3480.15,3571.05,3582.44,3475.84,3560.72,-80.57,-2.2627,63286200.0,86756700.0
000300.SH,2009-12-18,3391.74,3450.04,3453.35,3385.68,3480.15,-88.418,-2.5406,66111000.0,89137700.0
000300.SH,2009-12-21,3396.62,3386.33,3404.64,3354.65,3391.74,4.887,0.1441,48329800.0,69055800.0
000300.SH,2009-12-22,3305.54,3402.23,3404.75,3296.76,3396.62,-91.079,-2.6815,53942700.0,75498500.0
000300.SH,2009-12-23,3336.48,3303.73,3342.99,3296.29,3305.54,30.937,0.9359,48064500.0,67948300.0
000300.SH,2009-12-24,3438.82,3346.76,3445.7,3339.3,3336.48,102.337,3.0672,64377800.0,94811600.0
000300.SH,2009-12-25,3424.78,3434.33,3441.96,3410.67,3438.82,-14.034,-0.4081,46914600.0,68701800.0
000300.SH,2009-12-28,3478.43,3432.82,3489.57,3432.82,3424.78,53.65,1.5665,55375400.0,78966000.0
000300.SH,2009-12-29,3500.74,3481.9,3501.25,3451.18,3478.43,22.304,0.6412,55535800.0,78053700.0
000300.SH,2009-12-30,3558.86,3503.82,3561.44,3498.38,3500.74,58.12,1.6602,88429400.0,124685000.0
000300.SH,2009-12-31,3575.68,3561.37,3579.52,3542.38,3558.86,16.827,0.4728,69241900.0,98004000.0
000300.SH,2010-01-04,3535.23,3592.47,3597.75,3535.23,3575.68,-40.455,-1.1314,66101100.0,93419800.0
000300.SH,2010-01-05,3564.04,3545.19,3577.53,3497.66,3535.23,28.809,0.8149,85809600.0,128302000.0
000300.SH,2010-01-06,3541.73,3558.7,3588.83,3541.17,3564.04,-22.311,-0.626,78473100.0,121046000.0
000300.SH,2010-01-07,3471.46,3543.16,3558.56,3452.77,3541.73,-70.271,-1.9841,80350000.0,120436000.0
000300.SH,2010-01-08,3480.13,3456.91,3482.08,3426.7,3471.46,8.674,0.2499,60790300.0,90191000.0
000300.SH,2010-01-11,3482.05,3593.11,3594.53,3465.32,3480.13,1.922,0.0552,89980200.0,134114000.0
000300.SH,2010-01-12,3534.92,3477.84,3535.41,3437.66,3482.05,52.864,1.5182,93743300.0,134071000.0
000300.SH,2010-01-13,3421.14,3448.29,3490.11,3415.69,3534.92,-113.772,-3.2185,112458000.0,159860000.0
000300.SH,2010-01-14,3469.05,3433.47,3470.32,3411.81,3421.14,47.907,1.4003,83353200.0,118108000.0
000300.SH,2010-01-15,3482.74,3472.52,3500.07,3448.66,3469.05,13.687,0.3945,72543100.0,104035000.0
000300.SH,2010-01-18,3500.68,3471.78,3501.26,3458.04,3482.74,17.946,0.5153,82854300.0,117884000.0
000300.SH,2010-01-19,3507.48,3506.81,3528.39,3497.09,3500.68,6.798,0.1942,74883200.0,108024000.0
000300.SH,2010-01-20,3394.43,3512.25,3515.45,3387.82,3507.48,-113.048,-3.2231,92495100.0,128416000.0
000300.SH,2010-01-21,3408.57,3397.04,3425.18,3364.72,3394.43,14.14,0.4166,70595100.0,100077000.0
000300.SH,2010-01-22,3366.2,3364.45,3390.8,3293.19,3408.57,-42.377,-1.2432,88933400.0,119198000.0
000300.SH,2010-01-25,3328.01,3340.01,3372.43,3326.27,3366.2,-38.183,-1.1343,56849200.0,76626600.0
000300.SH,2010-01-26,3242.8,3328.11,3341.2,3222.14,3325.69,-82.894,-2.4925,61752200.0,81586100.0
000300.SH,2010-01-27,3198.57,3243.04,3255.12,3183.36,3242.8,-44.231,-1.364,52691400.0,70540300.0
000300.SH,2010-01-28,3206.57,3195.29,3220.31,3168.46,3198.57,8.004,0.2502,46990700.0,64082100.0
000300.SH,2010-01-29,3204.16,3190.31,3249.46,3176.92,3206.57,-2.415,-0.0753,50262600.0,68018100.0
000300.SH,2010-02-01,3152.71,3198.23,3198.31,3116.44,3204.16,-51.448,-1.6057,57001400.0,75982200.0
000300.SH,2010-02-02,3146.19,3170.78,3211.94,3143.08,3152.71,-6.518,-0.2067,50130000.0,68318400.0
000300.SH,2010-02-03,3230.72,3160.71,3231.1,3094.57,3146.19,84.526,2.6866,64798900.0,87536200.0
000300.SH,2010-02-04,3218.8,3206.43,3242.52,3190.44,3230.72,-11.913,-0.3687,58972700.0,75466600.0
000300.SH,2010-02-05,3153.09,3147.72,3177.42,3129.92,3218.8,-65.715,-2.0416,59105800.0,73693100.0
000300.SH,2010-02-08,3150.99,3152.25,3172.31,3133.81,3153.09,-2.099,-0.0666,37356000.0,47902400.0
000300.SH,2010-02-09,3169.19,3147.76,3178.95,3144.48,3150.99,18.202,0.5777,35953200.0,45222700.0
000300.SH,2010-02-10,3214.13,3195.14,3214.46,3182.83,3169.19,44.94,1.418,34219900.0,48152100.0
000300.SH,2010-02-11,3220.4,3216.69,3238.35,3207.17,3214.13,6.268,0.195,35791100.0,46999700.0
000300.SH,2010-02-12,3251.28,3232.88,3253.2,3228.74,3220.4,30.88,0.9589,34058200.0,46703200.0
000300.SH,2010-02-22,3233.34,3248.95,3261.95,3232.78,3251.28,-17.933,-0.5516,38283800.0,49981300.0
000300.SH,2010-02-23,3198.63,3225.39,3225.39,3152.93,3233.34,-34.711,-1.0735,42742900.0,62386100.0
000300.SH,2010-02-24,3244.48,3177.08,3244.82,3165.13,3198.63,45.849,1.4334,49989400.0,64414100.0
000300.SH,2010-02-25,3292.13,3252.15,3294.14,3249.33,3244.48,47.645,1.4685,67586600.0,89485800.0
000300.SH,2010-02-26,3281.67,3286.09,3301.15,3273.69,3292.13,-10.462,-0.3178,52107300.0,70171700.0
000300.SH,2010-03-01,3324.42,3290.01,3330.38,3287.56,3281.67,42.757,1.3029,60504500.0,81205700.0
000300.SH,2010-03-02,3311.24,3327.1,3339.89,3299.69,3324.42,-13.187,-0.3967,57034400.0,76234000.0
000300.SH,2010-03-03,3335.08,3313.02,3335.65,3293.92,3311.24,23.845,0.7201,60622700.0,78442100.0
000300.SH,2010-03-04,3250.57,3338.67,3345.91,3244.98,3335.08,-84.508,-2.5339,69346800.0,89462900.0
000300.SH,2010-03-05,3259.76,3253.16,3276.4,3239.68,3250.57,9.191,0.2828,45629100.0,59621200.0
000300.SH,2010-03-08,3286.18,3268.4,3293.93,3258.03,3259.76,26.414,0.8103,41540900.0,54686600.0
000300.SH,2010-03-09,3305.86,3285.62,3322.51,3255.98,3286.18,19.685,0.599,54199500.0,71971300.0
000300.SH,2010-03-10,3279.69,3304.04,3321.08,3267.76,3305.86,-26.169,-0.7916,46421100.0,61760400.0
000300.SH,2010-03-11,3276.71,3282.2,3303.49,3251.7,3279.69,-2.989,-0.0911,47487800.0,63732700.0
000300.SH,2010-03-12,3233.13,3277.31,3284.26,3232.12,3276.71,-43.579,-1.33,39957300.0,52611200.0
000300.SH,2010-03-15,3183.18,3231.22,3234.82,3171.8,3233.13,-49.943,-1.5447,37844300.0,49219900.0
000300.SH,2010-03-16,3203.97,3183.77,3204.29,3169.1,3183.18,20.788,0.6531,30847800.0,41510400.0
000300.SH,2010-03-17,3273.92,3214.22,3274.0,3207.27,3203.97,69.945,2.1831,45800900.0,62587400.0
000300.SH,2010-03-18,3267.55,3277.88,3295.37,3256.59,3273.92,-6.361,-0.1943,46948000.0,62509100.0
000300.SH,2010-03-19,3293.87,3270.98,3296.41,3251.14,3267.55,26.316,0.8054,46062200.0,62114200.0
000300.SH,2010-03-22,3302.63,3297.82,3313.92,3288.51,3293.87,8.757,0.2659,49439500.0,65653000.0
000300.SH,2010-03-23,3275.57,3305.55,3309.12,3272.92,3302.63,-27.055,-0.8192,46539500.0,62145500.0
000300.SH,2010-03-24,3276.67,3282.05,3298.54,3271.03,3275.57,1.096,0.0335,44548000.0,58330300.0
000300.SH,2010-03-25,3229.13,3270.39,3270.39,3222.82,3276.67,-47.541,-1.4509,44984300.0,58604800.0
000300.SH,2010-03-26,3275.0,3226.8,3285.39,3220.59,3229.13,45.874,1.4206,47445000.0,61592800.0
000300.SH,2010-03-29,3358.54,3295.76,3363.6,3293.67,3275.0,83.538,2.5508,84724900.0,110327000.0
000300.SH,2010-03-30,3366.71,3361.35,3372.26,3350.31,3358.54,8.168,0.2432,56437000.0,78682700.0
000300.SH,2010-03-31,3345.61,3369.19,3369.9,3338.75,3366.71,-21.101,-0.6268,53124300.0,72120900.0
000300.SH,2010-04-01,3391.94,3349.88,3392.48,3349.88,3345.61,46.328,1.3847,67772700.0,92360500.0
000300.SH,2010-04-02,3407.35,3400.14,3412.2,3391.81,3391.94,15.411,0.4543,69073500.0,99040800.0
000300.SH,2010-04-06,3405.15,3422.85,3436.29,3386.89,3407.35,-2.201,-0.0646,65191700.0,93985900.0
000300.SH,2010-04-07,3386.95,3403.09,3404.58,3369.02,3405.15,-18.196,-0.5344,54011200.0,76733200.0
000300.SH,2010-04-08,3346.74,3381.31,3381.31,3336.16,3386.95,-40.205,-1.1871,62185300.0,89317500.0
000300.SH,2010-04-09,3379.17,3348.77,3379.4,3342.47,3346.74,32.426,0.9689,51280600.0,75590400.0
000300.SH,2010-04-12,3351.48,3388.35,3393.56,3330.3,3379.17,-27.692,-0.8195,74565200.0,105997000.0
000300.SH,2010-04-13,3391.72,3350.73,3401.71,3324.05,3351.48,40.238,1.2006,79907700.0,116440000.0
000300.SH,2010-04-14,3403.71,3394.64,3404.52,3377.44,3391.72,11.991,0.3535,60306100.0,90787600.0
000300.SH,2010-04-15,3394.57,3407.02,3412.94,3365.88,3403.71,-9.133,-0.2683,61051700.0,88700200.0
000300.SH,2010-04-16,3356.33,3388.29,3388.29,3348.78,3394.57,-38.242,-1.1266,47140400.0,67235600.0
000300.SH,2010-04-19,3176.42,3313.5,3313.5,3175.44,3356.33,-179.909,-5.3603,88416300.0,118856000.0
000300.SH,2010-04-20,3173.37,3176.41,3196.65,3130.96,3176.42,-3.049,-0.096,64137900.0,88006000.0
000300.SH,2010-04-21,3236.68,3178.88,3237.54,3164.76,3173.37,63.305,1.9949,66928300.0,93373400.0
000300.SH,2010-04-22,3201.54,3222.68,3231.99,3177.73,3236.68,-35.138,-1.0856,71081700.0,98970400.0
000300.SH,2010-04-23,3190.0,3198.78,3224.74,3172.58,3201.54,-11.538,-0.3604,61252700.0,92115700.0
000300.SH,2010-04-26,3172.0,3195.46,3207.72,3168.37,3190.0,-18.006,-0.5645,50894200.0,74959100.0
000300.SH,2010-04-27,3108.41,3163.1,3163.1,3060.85,3172.0,-63.588,-2.0047,65296600.0,88058400.0
000300.SH,2010-04-28,3097.35,3080.32,3122.11,3062.08,3108.41,-11.056,-0.3557,45995400.0,65484900.0
000300.SH,2010-04-29,3060.06,3114.94,3130.7,3059.8,3097.35,-37.289,-1.2039,48261000.0,69250900.0
000300.SH,2010-04-30,3067.36,3060.12,3068.13,3014.07,3060.06,7.301,0.2386,54477900.0,73190900.0
000300.SH,2010-05-04,3019.45,3005.49,3056.08,2994.92,3067.36,-47.916,-1.5621,41248600.0,54558600.0
000300.SH,2010-05-05,3036.39,2981.78,3036.86,2943.36,3019.45,16.945,0.5612,59670400.0,80835300.0
000300.SH,2010-05-06,2896.86,3014.91,3014.91,2895.39,3036.39,-139.538,-4.5955,58770400.0,81502300.0
000300.SH,2010-05-07,2836.79,2835.88,2892.53,2817.15,2896.86,-60.067,-2.0735,61119400.0,79147500.0
000300.SH,2010-05-10,2858.23,2842.37,2872.31,2798.52,2836.79,21.444,0.7559,50209200.0,64909200.0
000300.SH,2010-05-11,2800.82,2916.33,2922.12,2790.7,2858.23,-57.416,-2.0088,58363500.0,73894700.0
000300.SH,2010-05-12,2818.16,2781.71,2832.15,2756.42,2800.82,17.343,0.6192,53002300.0,64694000.0
000300.SH,2010-05-13,2886.91,2818.58,2886.97,2811.66,2818.16,68.751,2.4396,55145800.0,67486500.0
000300.SH,2010-05-14,2868.02,2865.58,2888.09,2849.24,2886.91,-18.888,-0.6543,42498700.0,55175300.0
000300.SH,2010-05-17,2714.72,2828.88,2828.88,2712.44,2868.02,-153.308,-5.3454,52166800.0,62395500.0
000300.SH,2010-05-18,2771.35,2711.41,2781.84,2686.97,2714.72,56.633,2.0861,54509700.0,62746200.0
000300.SH,2010-05-19,2762.17,2748.95,2803.7,2723.3,2771.35,-9.174,-0.331,45576200.0,54656400.0
000300.SH,2010-05-20,2726.02,2739.22,2793.88,2721.07,2762.17,-36.152,-1.3088,42174800.0,52677900.0
000300.SH,2010-05-21,2768.79,2656.42,2769.09,2647.6,2726.02,42.769,1.5689,54475400.0,63501800.0
000300.SH,2010-05-24,2873.47,2787.75,2886.37,2787.75,2768.79,104.678,3.7806,74502300.0,89961900.0
000300.SH,2010-05-25,2813.94,2851.26,2855.33,2798.02,2873.47,-59.526,-2.0716,55168300.0,67955000.0
000300.SH,2010-05-26,2813.94,2814.44,2839.03,2797.63,2813.94,0.001,0.0,39858600.0,48495600.0
000300.SH,2010-05-27,2859.98,2808.05,2866.86,2771.59,2813.94,46.035,1.636,53445200.0,65266800.0
000300.SH,2010-05-28,2850.3,2885.86,2893.69,2835.07,2859.98,-9.677,-0.3384,51535000.0,64342500.0
000300.SH,2010-05-31,2773.26,2835.33,2857.42,2772.79,2850.3,-77.038,-2.7028,46216900.0,56695800.0
000300.SH,2010-06-01,2744.16,2755.28,2782.29,2710.59,2773.26,-29.102,-1.0494,44851400.0,53230900.0
000300.SH,2010-06-02,2757.53,2729.33,2757.91,2700.07,2744.16,13.365,0.487,39587000.0,46364200.0
000300.SH,2010-06-03,2736.08,2769.1,2787.51,2735.7,2757.53,-21.451,-0.7779,39587300.0,47143300.0
000300.SH,2010-06-04,2744.39,2721.36,2748.48,2713.09,2736.08,8.315,0.3039,32746300.0,39858400.0
000300.SH,2010-06-07,2695.72,2692.83,2716.4,2673.34,2744.39,-48.676,-1.7737,39542000.0,47062700.0
000300.SH,2010-06-08,2699.34,2694.11,2720.59,2672.06,2695.72,3.621,0.1343,35140200.0,42677100.0
000300.SH,2010-06-09,2782.13,2711.64,2787.82,2687.33,2699.34,82.797,3.0673,60209500.0,70710100.0
000300.SH,2010-06-10,2750.02,2755.94,2776.26,2746.11,2782.13,-32.11,-1.1542,42906300.0,50312200.0
000300.SH,2010-06-11,2758.87,2766.2,2782.09,2755.95,2750.02,8.843,0.3216,40558600.0,48871500.0
000300.SH,2010-06-17,2742.73,2778.53,2784.92,2742.64,2758.87,-16.133,-0.5848,32612400.0,40293200.0
000300.SH,2010-06-18,2696.17,2739.03,2755.84,2686.61,2742.73,-46.567,-1.6978,41808300.0,50256400.0
000300.SH,2010-06-21,2780.66,2698.98,2784.47,2686.32,2696.17,84.497,3.134,55261500.0,62809200.0
000300.SH,2010-06-22,2783.72,2772.89,2795.32,2766.44,2780.66,3.057,0.1099,39096100.0,45207200.0
000300.SH,2010-06-23,2758.5,2768.7,2788.22,2734.05,2783.72,-25.225,-0.9062,35600400.0,41600200.0
000300.SH,2010-06-24,2757.5,2753.71,2783.51,2739.81,2758.5,-0.997,-0.0361,29220700.0,33772900.0
000300.SH,2010-06-25,2736.29,2744.12,2759.45,2715.66,2757.5,-21.211,-0.7692,30671800.0,34649200.0
000300.SH,2010-06-28,2716.78,2734.51,2751.46,2710.09,2736.29,-19.51,-0.713,27710000.0,31198300.0
000300.SH,2010-06-29,2592.02,2717.47,2724.23,2591.69,2716.78,-124.758,-4.5921,48758600.0,50636000.0
000300.SH,2010-06-30,2563.07,2572.91,2575.82,2546.84,2592.02,-28.949,-1.1169,35698800.0,35809900.0
000300.SH,2010-07-01,2526.07,2557.92,2574.1,2524.57,2563.07,-36.999,-1.4435,32857600.0,32478500.0
000300.SH,2010-07-02,2534.1,2523.03,2542.12,2462.2,2526.07,8.034,0.318,44914100.0,43367300.0
000300.SH,2010-07-05,2512.65,2507.35,2529.43,2476.49,2534.1,-21.454,-0.8466,32178600.0,30922300.0
000300.SH,2010-07-06,2562.9,2504.87,2563.41,2502.93,2512.65,50.251,1.9999,39714800.0,38976800.0
000300.SH,2010-07-07,2580.48,2561.11,2580.61,2548.56,2562.9,17.575,0.6857,35720900.0,37059900.0
000300.SH,2010-07-08,2575.92,2591.51,2602.23,2564.64,2580.48,-4.556,-0.1766,34057000.0,35348800.0
000300.SH,2010-07-09,2647.1,2578.55,2662.16,2557.26,2575.92,71.183,2.7634,58493000.0,61470100.0
000300.SH,2010-07-12,2676.22,2647.42,2689.81,2636.65,2647.1,29.114,1.0998,58462500.0,63462300.0
000300.SH,2010-07-13,2634.59,2649.66,2649.66,2618.34,2676.22,-41.625,-1.5554,43228500.0,45125100.0
000300.SH,2010-07-14,2653.61,2640.93,2684.62,2640.54,2634.59,19.016,0.7218,46688900.0,49497100.0
000300.SH,2010-07-15,2608.52,2650.33,2680.44,2607.79,2653.61,-45.09,-1.6992,40440500.0,41444700.0
000300.SH,2010-07-16,2616.13,2597.0,2621.33,2573.79,2608.52,7.609,0.2917,35063300.0,35422300.0
000300.SH,2010-07-19,2682.47,2592.09,2691.94,2585.01,2616.13,66.344,2.536,53868100.0,59826100.0
000300.SH,2010-07-20,2741.5,2685.46,2746.24,2685.46,2682.47,59.031,2.2006,73128300.0,80958200.0
000300.SH,2010-07-21,2747.33,2744.7,2766.21,2733.72,2741.5,5.832,0.2127,70757100.0,73734700.0
000300.SH,2010-07-22,2781.29,2738.03,2783.14,2734.07,2747.33,33.951,1.2358,61064800.0,63576600.0
000300.SH,2010-07-23,2793.08,2787.52,2806.98,2769.44,2781.29,11.79,0.4239,64518600.0,70423300.0
000300.SH,2010-07-26,2811.05,2798.76,2811.95,2775.78,2793.08,17.979,0.6437,53580000.0,59848900.0
000300.SH,2010-07-27,2795.72,2803.75,2812.21,2785.37,2811.05,-15.331,-0.5454,49799900.0,55964000.0
000300.SH,2010-07-28,2863.72,2796.48,2866.4,2784.16,2795.72,68.0,2.4323,79986000.0,84516800.0
000300.SH,2010-07-29,2877.98,2866.77,2888.6,2852.0,2863.72,14.252,0.4977,95965400.0,92278200.0
000300.SH,2010-07-30,2868.85,2871.48,2876.14,2844.68,2877.98,-9.13,-0.3172,62575600.0,65224500.0
000300.SH,2010-08-02,2917.27,2868.28,2922.61,2867.45,2868.85,48.429,1.6881,71743300.0,73569100.0
000300.SH,2010-08-03,2865.97,2925.25,2929.61,2865.76,2917.27,-51.304,-1.7586,81748400.0,86870600.0
000300.SH,2010-08-04,2876.43,2858.35,2876.59,2818.25,2865.97,10.463,0.3651,71318000.0,75670100.0
000300.SH,2010-08-05,2850.83,2874.66,2877.31,2833.67,2876.43,-25.605,-0.8902,67157600.0,73038500.0
000300.SH,2010-08-06,2897.66,2848.16,2898.53,2821.03,2850.83,46.83,1.6427,74914900.0,82145200.0
000300.SH,2010-08-09,2918.24,2894.1,2922.62,2888.04,2897.66,20.582,0.7103,74726400.0,83432000.0
000300.SH,2010-08-10,2832.64,2920.4,2925.3,2832.08,2918.24,-85.603,-2.9334,78435000.0,84283700.0
000300.SH,2010-08-11,2850.21,2823.15,2864.36,2823.15,2832.64,17.573,0.6204,54979100.0,58786300.0
000300.SH,2010-08-12,2816.39,2822.79,2860.37,2810.1,2850.21,-33.825,-1.1868,59893200.0,65825600.0
000300.SH,2010-08-13,2855.55,2818.41,2856.04,2799.22,2816.39,39.161,1.3905,58507700.0,62923700.0
000300.SH,2010-08-16,2922.08,2851.22,2927.69,2843.02,2855.55,66.536,2.3301,81068000.0,91427500.0
000300.SH,2010-08-17,2942.29,2927.26,2949.73,2917.83,2922.08,20.208,0.6916,76452900.0,86700500.0
000300.SH,2010-08-18,2937.36,2945.98,2962.75,2924.67,2942.29,-4.929,-0.1675,70747600.0,80832400.0
000300.SH,2010-08-19,2955.4,2940.77,2975.19,2928.01,2937.36,18.033,0.6139,76924900.0,91734600.0
000300.SH,2010-08-20,2898.33,2943.33,2951.96,2892.64,2955.4,-57.062,-1.9308,71663300.0,82298200.0
000300.SH,2010-08-23,2896.19,2895.71,2920.54,2886.66,2898.33,-2.141,-0.0739,48915500.0,57772800.0
000300.SH,2010-08-24,2911.83,2892.13,2933.12,2866.8,2896.19,15.635,0.5398,61093800.0,65036600.0
000300.SH,2010-08-25,2843.02,2893.99,2904.66,2842.25,2911.83,-68.804,-2.3629,63610600.0,67048200.0
000300.SH,2010-08-26,2850.09,2853.1,2868.88,2836.13,2843.02,7.07,0.2487,48670400.0,51862900.0
000300.SH,2010-08-27,2858.57,2847.45,2861.07,2833.42,2850.09,8.473,0.2973,40789600.0,46699300.0
000300.SH,2010-08-30,2915.01,2874.25,2921.08,2872.92,2858.57,56.444,1.9746,65749900.0,77341600.0
000300.SH,2010-08-31,2903.19,2905.15,2910.06,2889.81,2915.01,-11.822,-0.4056,65766100.0,79976300.0
000300.SH,2010-09-01,2884.04,2907.66,2931.76,2859.17,2903.19,-19.146,-0.6595,76975600.0,87931900.0
000300.SH,2010-09-02,2921.39,2917.74,2931.55,2903.03,2884.04,37.351,1.2951,70700800.0,88923100.0
000300.SH,2010-09-03,2920.21,2926.94,2929.55,2891.88,2921.39,-1.188,-0.0407,72641000.0,87724800.0
000300.SH,2010-09-06,2975.09,2935.89,2980.42,2935.89,2920.21,54.885,1.8795,93855700.0,110466000.0
000300.SH,2010-09-07,2983.11,2979.3,2991.44,2959.9,2975.09,8.018,0.2695,73519400.0,85488200.0
000300.SH,2010-09-08,2980.97,2970.0,2982.72,2953.84,2983.11,-2.141,-0.0718,72872000.0,92660900.0
000300.SH,2010-09-09,2926.46,2986.87,2986.87,2922.2,2980.97,-54.507,-1.8285,81395600.0,103248000.0
000300.SH,2010-09-10,2932.55,2928.0,2940.79,2890.03,2926.46,6.094,0.2082,65086700.0,83743200.0
000300.SH,2010-09-13,2962.32,2933.59,2977.08,2925.42,2932.55,29.765,1.015,67279900.0,87536200.0
000300.SH,2010-09-14,2965.01,2971.55,2984.47,2954.51,2962.32,2.69,0.0908,70105900.0,87204400.0
000300.SH,2010-09-15,2913.19,2965.54,2965.54,2905.63,2965.01,-51.815,-1.7475,71619600.0,86446000.0
000300.SH,2010-09-16,2857.79,2908.32,2917.85,2834.03,2913.19,-55.405,-1.9019,74074300.0,84198400.0
000300.SH,2010-09-17,2861.37,2864.72,2877.08,2847.68,2857.79,3.58,0.1253,51938900.0,62466300.0
000300.SH,2010-09-20,2849.83,2865.04,2872.22,2829.76,2861.37,-11.541,-0.4033,50283100.0,57583000.0
000300.SH,2010-09-21,2857.48,2859.43,2869.38,2844.12,2849.83,7.648,0.2684,35751900.0,44742000.0
000300.SH,2010-09-27,2905.03,2869.93,2905.53,2864.21,2857.48,47.553,1.6642,49071800.0,62611500.0
000300.SH,2010-09-28,2880.91,2900.54,2900.54,2875.66,2905.03,-24.122,-0.8304,58660800.0,80859800.0
000300.SH,2010-09-29,2874.81,2877.27,2908.73,2866.85,2880.91,-6.095,-0.2116,56782200.0,74516000.0
000300.SH,2010-09-30,2935.57,2859.06,2935.59,2857.42,2874.81,60.762,2.1136,63000200.0,80709700.0
000300.SH,2010-10-08,3044.23,2965.65,3055.84,2963.24,2935.57,108.659,3.7015,99994700.0,134987000.0
000300.SH,2010-10-11,3132.9,3069.19,3154.2,3069.19,3044.23,88.662,2.9125,158735000.0,212607000.0
000300.SH,2010-10-12,3172.73,3121.64,3173.85,3106.22,3132.9,39.831,1.2714,127362000.0,178245000.0
000300.SH,2010-10-13,3217.58,3176.89,3221.65,3165.58,3172.73,44.851,1.4136,144608000.0,195445000.0
000300.SH,2010-10-14,3224.14,3245.13,3286.02,3215.03,3217.58,6.563,0.204,179612000.0,227654000.0
000300.SH,2010-10-15,3327.68,3204.72,3327.68,3199.12,3224.14,103.543,3.2115,193414000.0,245619000.0
000300.SH,2010-10-18,3306.16,3345.8,3390.01,3288.78,3327.68,-21.523,-0.6468,217882000.0,267884000.0
000300.SH,2010-10-19,3375.67,3300.52,3375.87,3280.0,3306.16,69.514,2.1026,130442000.0,165489000.0
000300.SH,2010-10-20,3396.88,3304.22,3439.23,3301.01,3375.67,21.205,0.6282,166528000.0,235372000.0
000300.SH,2010-10-21,3374.69,3404.72,3418.09,3344.96,3396.88,-22.194,-0.6534,123883000.0,175384000.0
000300.SH,2010-10-22,3378.66,3365.6,3408.49,3346.11,3374.69,3.97,0.1176,116362000.0,163154000.0
000300.SH,2010-10-25,3481.08,3386.85,3481.35,3366.43,3378.66,102.426,3.0316,145433000.0,208809000.0
000300.SH,2010-10-26,3466.08,3491.47,3499.82,3436.46,3481.08,-14.997,-0.4308,142637000.0,205216000.0
000300.SH,2010-10-27,3403.87,3451.43,3490.22,3398.09,3466.08,-62.212,-1.7949,123762000.0,177073000.0
000300.SH,2010-10-28,3397.69,3390.43,3420.89,3371.44,3403.87,-6.18,-0.1816,98349500.0,141136000.0
000300.SH,2010-10-29,3379.98,3400.26,3404.6,3351.6,3397.69,-17.709,-0.5212,100459000.0,145528000.0
000300.SH,2010-11-01,3473.0,3390.41,3473.0,3390.41,3379.98,93.012,2.7518,126269000.0,186726000.0
000300.SH,2010-11-02,3463.13,3484.23,3522.18,3449.72,3473.0,-9.864,-0.284,154911000.0,233976000.0
000300.SH,2010-11-03,3420.34,3462.74,3474.71,3419.08,3463.13,-42.79,-1.2356,126359000.0,178803000.0
000300.SH,2010-11-04,3480.5,3426.46,3480.93,3419.64,3420.34,60.164,1.759,116799000.0,164721000.0
000300.SH,2010-11-05,3520.8,3538.99,3554.47,3498.28,3480.5,40.293,1.1577,137688000.0,196618000.0
000300.SH,2010-11-08,3548.57,3534.19,3549.3,3506.38,3520.8,27.768,0.7887,126471000.0,174068000.0
000300.SH,2010-11-09,3523.95,3547.44,3547.44,3498.62,3548.57,-24.612,-0.6936,122455000.0,170175000.0
000300.SH,2010-11-10,3499.11,3507.2,3508.27,3470.97,3523.95,-24.843,-0.705,120079000.0,176530000.0
000300.SH,2010-11-11,3509.98,3490.74,3557.99,3484.89,3499.11,10.864,0.3105,138976000.0,209122000.0
000300.SH,2010-11-12,3291.83,3484.61,3497.06,3284.35,3509.98,-218.142,-6.2149,160734000.0,224201000.0
000300.SH,2010-11-15,3314.89,3298.74,3319.98,3241.76,3291.83,23.06,0.7005,102316000.0,144493000.0
000300.SH,2010-11-16,3169.54,3311.62,3311.62,3155.48,3314.89,-145.355,-4.3849,108307000.0,154278000.0
000300.SH,2010-11-17,3103.91,3124.11,3168.93,3087.51,3169.54,-65.632,-2.0707,83258100.0,118981000.0
000300.SH,2010-11-18,3147.96,3134.94,3158.63,3097.39,3103.91,44.056,1.4194,65697300.0,94476100.0
000300.SH,2010-11-19,3178.85,3168.17,3178.85,3076.21,3147.96,30.884,0.9811,83347700.0,114673000.0
000300.SH,2010-11-22,3171.94,3148.22,3200.47,3137.75,3178.85,-6.905,-0.2172,83212800.0,114303000.0
000300.SH,2010-11-23,3107.18,3156.48,3156.48,3061.62,3171.94,-64.765,-2.0418,77399600.0,105281000.0
000300.SH,2010-11-24,3177.04,3088.99,3177.41,3088.99,3107.18,69.867,2.2486,75332100.0,107688000.0
000300.SH,2010-11-25,3223.48,3197.97,3227.05,3172.28,3177.04,46.441,1.4618,83442100.0,116948000.0
000300.SH,2010-11-26,3194.85,3214.13,3224.52,3170.36,3223.48,-28.631,-0.8882,64467800.0,96226400.0
000300.SH,2010-11-29,3190.05,3183.54,3206.76,3159.46,3194.85,-4.803,-0.1503,58994900.0,88799100.0
000300.SH,2010-11-30,3136.99,3187.53,3205.78,3060.44,3190.05,-53.065,-1.6635,85762400.0,120572000.0
000300.SH,2010-12-01,3136.02,3127.26,3150.44,3111.65,3136.99,-0.961,-0.0306,48882700.0,69472600.0
000300.SH,2010-12-02,3155.06,3185.76,3194.23,3154.32,3136.02,19.035,0.607,61023900.0,89764300.0
000300.SH,2010-12-03,3158.16,3161.93,3171.38,3134.42,3155.06,3.097,0.0982,50475400.0,71387300.0
000300.SH,2010-12-06,3165.57,3168.88,3185.33,3140.55,3158.16,7.414,0.2348,56362600.0,80043200.0
000300.SH,2010-12-07,3200.34,3152.73,3214.69,3112.22,3165.57,34.769,1.0983,58483700.0,85548300.0
000300.SH,2010-12-08,3171.88,3194.9,3215.28,3166.77,3200.34,-28.457,-0.8892,59515700.0,87056100.0
000300.SH,2010-12-09,3123.37,3156.0,3175.05,3122.2,3171.88,-48.516,-1.5296,66153000.0,83159000.0
000300.SH,2010-12-10,3161.98,3107.38,3172.16,3101.08,3123.37,38.611,1.2362,57108100.0,78069100.0
000300.SH,2010-12-13,3261.06,3176.33,3261.34,3173.56,3161.98,99.084,3.1336,95713700.0,132088000.0
000300.SH,2010-12-14,3269.47,3270.2,3279.36,3254.18,3261.06,8.413,0.258,84104200.0,114929000.0
000300.SH,2010-12-15,3247.64,3270.78,3282.77,3242.52,3269.47,-21.83,-0.6677,72269800.0,104793000.0
000300.SH,2010-12-16,3230.67,3246.01,3258.39,3224.12,3247.64,-16.979,-0.5228,56799600.0,79262400.0
000300.SH,2010-12-17,3225.66,3229.3,3232.84,3212.58,3230.67,-5.004,-0.1549,44919100.0,65697300.0
000300.SH,2010-12-20,3178.66,3239.02,3249.76,3118.0,3225.66,-47.004,-1.4572,74759700.0,107522000.0
000300.SH,2010-12-21,3249.51,3184.7,3251.55,3168.89,3178.66,70.852,2.229,79852400.0,112462000.0
000300.SH,2010-12-22,3215.45,3253.82,3263.45,3201.67,3249.51,-34.056,-1.048,69936300.0,98309000.0
000300.SH,2010-12-23,3188.61,3210.67,3237.64,3183.15,3215.45,-26.846,-0.8349,61315800.0,84430500.0
000300.SH,2010-12-24,3162.96,3170.64,3187.72,3139.45,3188.61,-25.652,-0.8045,55137800.0,72989100.0
000300.SH,2010-12-27,3099.71,3176.11,3219.66,3092.26,3162.96,-63.246,-1.9996,70017100.0,99855500.0
000300.SH,2010-12-28,3044.93,3084.82,3095.36,3041.33,3099.71,-54.778,-1.7672,56325700.0,74844000.0
000300.SH,2010-12-29,3061.83,3049.93,3062.56,3025.22,3044.93,16.899,0.555,45192800.0,60134800.0
000300.SH,2010-12-30,3064.1,3063.05,3079.91,3027.9,3061.83,2.268,0.0741,54281400.0,70284300.0
000300.SH,2010-12-31,3128.26,3069.05,3129.45,3067.11,3064.1,64.163,2.094,62566100.0,90545900.0
000300.SH,2011-01-04,3189.68,3155.56,3194.36,3143.6,3128.26,61.421,1.9634,85410400.0,129160000.0
000300.SH,2011-01-05,3175.66,3170.18,3193.78,3158.87,3189.68,-14.02,-0.4395,79268800.0,116943000.0
000300.SH,2011-01-06,3159.64,3177.83,3198.05,3152.57,3175.66,-16.019,-0.5044,59681100.0,91568400.0
000300.SH,2011-01-07,3166.62,3156.36,3209.9,3141.12,3159.64,6.981,0.2209,84093200.0,113651000.0
000300.SH,2011-01-10,3108.19,3162.08,3182.78,3102.43,3166.62,-58.437,-1.8454,65494400.0,87992900.0
000300.SH,2011-01-11,3124.92,3096.25,3131.29,3084.51,3108.19,16.735,0.5384,56985900.0,74832400.0
000300.SH,2011-01-12,3142.34,3135.18,3153.43,3099.41,3124.92,17.415,0.5573,58498500.0,71551400.0
000300.SH,2011-01-13,3141.28,3153.99,3157.04,3127.16,3142.34,-1.053,-0.0335,51937000.0,66925800.0
000300.SH,2011-01-14,3091.86,3129.67,3129.67,3083.51,3141.28,-49.422,-1.5733,53351400.0,71012100.0
000300.SH,2011-01-17,2974.35,3067.43,3078.88,2968.61,3091.86,-117.512,-3.8007,66807600.0,85454100.0
000300.SH,2011-01-18,2977.65,2965.42,2984.47,2947.6,2974.35,3.298,0.1109,42964600.0,54652400.0
000300.SH,2011-01-19,3044.85,2978.46,3045.6,2967.24,2977.65,67.203,2.2569,56571900.0,72772200.0
000300.SH,2011-01-20,2944.71,3037.86,3037.86,2944.5,3044.85,-100.138,-3.2888,61046600.0,76440100.0
000300.SH,2011-01-21,2983.46,2935.23,3030.26,2935.14,2944.71,38.743,1.3157,73103000.0,85157800.0
000300.SH,2011-01-24,2954.23,2986.09,2999.2,2943.92,2983.46,-29.224,-0.9795,65472500.0,75805200.0
000300.SH,2011-01-25,2938.65,2949.65,2960.59,2919.16,2954.23,-15.578,-0.5273,48982700.0,57572800.0
000300.SH,2011-01-26,2978.43,2939.77,2982.32,2939.36,2938.65,39.777,1.3536,43375000.0,51746000.0
000300.SH,2011-01-27,3026.47,2953.59,3037.16,2935.27,2978.43,48.035,1.6128,82585900.0,96976000.0
000300.SH,2011-01-28,3036.74,3020.12,3047.27,3011.38,3026.47,10.269,0.3393,63013600.0,78241900.0
000300.SH,2011-01-31,3076.51,3035.42,3076.55,3032.45,3036.74,39.773,1.3097,67105900.0,83070300.0
000300.SH,2011-02-01,3077.28,3083.49,3087.23,3062.83,3076.51,0.775,0.0252,49862500.0,65832700.0
000300.SH,2011-02-09,3040.95,3055.4,3087.55,3031.75,3077.28,-36.334,-1.1807,60394100.0,78148400.0
000300.SH,2011-02-10,3104.16,3034.08,3105.32,3024.35,3040.95,63.214,2.0788,66603700.0,86967300.0
000300.SH,2011-02-11,3120.96,3100.27,3133.5,3092.58,3104.16,16.793,0.541,75975600.0,99001500.0
000300.SH,2011-02-14,3219.14,3123.25,3227.43,3123.25,3120.96,98.187,3.1461,121302000.0,155829000.0
000300.SH,2011-02-15,3217.67,3223.22,3259.64,3215.62,3219.14,-1.472,-0.0457,109554000.0,147747000.0
000300.SH,2011-02-16,3248.53,3211.14,3248.85,3195.47,3217.67,30.856,0.959,91334300.0,125550000.0
000300.SH,2011-02-17,3245.91,3255.63,3265.26,3218.91,3248.53,-2.62,-0.0807,88964700.0,127560000.0
000300.SH,2011-02-18,3211.88,3240.05,3242.37,3203.12,3245.91,-34.031,-1.0484,75378700.0,104743000.0
000300.SH,2011-02-21,3257.91,3192.15,3258.28,3189.85,3211.88,46.032,1.4332,79399800.0,108056000.0
000300.SH,2011-02-22,3163.58,3267.61,3269.05,3161.83,3257.91,-94.33,-2.8954,107864000.0,147589000.0
000300.SH,2011-02-23,3174.74,3152.44,3182.19,3145.99,3163.58,11.164,0.3529,71324900.0,97251400.0
000300.SH,2011-02-24,3190.94,3170.24,3195.69,3157.97,3174.74,16.193,0.5101,66486900.0,94908300.0
000300.SH,2011-02-25,3197.62,3190.87,3213.79,3159.85,3190.94,6.682,0.2094,61619300.0,88275900.0
000300.SH,2011-02-28,3239.56,3200.68,3241.6,3178.83,3197.62,41.942,1.3117,76630700.0,109250000.0
000300.SH,2011-03-01,3254.89,3241.71,3273.51,3235.75,3239.56,15.334,0.4733,88567000.0,124041000.0
000300.SH,2011-03-02,3243.3,3237.12,3257.42,3202.83,3254.89,-11.595,-0.3562,80910600.0,113592000.0
000300.SH,2011-03-03,3221.72,3248.16,3271.64,3221.04,3243.3,-21.58,-0.6654,101220000.0,131218000.0
000300.SH,2011-03-04,3270.67,3223.51,3273.66,3217.48,3221.72,48.948,1.5193,80013900.0,107402000.0
000300.SH,2011-03-07,3334.51,3287.41,3337.47,3287.41,3270.67,63.844,1.952,118187000.0,170407000.0
000300.SH,2011-03-08,3337.46,3335.71,3342.71,3311.72,3334.51,2.947,0.0884,84878700.0,126306000.0
000300.SH,2011-03-09,3338.86,3344.1,3355.49,3322.7,3337.46,1.401,0.042,78026400.0,113534000.0
000300.SH,2011-03-10,3280.26,3330.44,3330.44,3279.33,3338.86,-58.599,-1.7551,78212600.0,117953000.0
000300.SH,2011-03-11,3247.38,3263.08,3290.7,3240.18,3280.26,-32.883,-1.0025,67208300.0,100306000.0
000300.SH,2011-03-14,3262.92,3238.91,3263.91,3230.11,3247.38,15.544,0.4787,63689800.0,94134700.0
000300.SH,2011-03-15,3203.96,3250.59,3250.59,3147.96,3262.92,-58.959,-1.8069,96034000.0,129603000.0
000300.SH,2011-03-16,3248.2,3204.92,3250.88,3202.93,3203.96,44.234,1.3806,78859500.0,111826000.0
000300.SH,2011-03-17,3197.1,3216.29,3240.38,3185.08,3248.2,-51.095,-1.573,85687100.0,117296000.0
000300.SH,2011-03-18,3215.69,3228.92,3239.96,3205.14,3197.1,18.585,0.5813,61340200.0,86845200.0
000300.SH,2011-03-21,3207.11,3220.68,3236.28,3194.15,3215.69,-8.575,-0.2667,59105000.0,84105700.0
000300.SH,2011-03-22,3222.96,3217.8,3227.8,3175.93,3207.11,15.851,0.4942,57248700.0,80009800.0
000300.SH,2011-03-23,3264.93,3222.32,3267.0,3216.65,3222.96,41.965,1.3021,72077600.0,98540400.0
000300.SH,2011-03-24,3251.36,3269.57,3273.37,3250.02,3264.93,-13.565,-0.4155,61304200.0,88058900.0
000300.SH,2011-03-25,3294.48,3256.18,3304.26,3254.68,3251.36,43.123,1.3263,86896000.0,122021000.0
000300.SH,2011-03-28,3290.57,3307.41,3328.07,3286.86,3294.48,-3.913,-0.1188,97684300.0,139030000.0
000300.SH,2011-03-29,3257.98,3288.56,3309.2,3256.34,3290.57,-32.592,-0.9905,105280000.0,132908000.0
000300.SH,2011-03-30,3256.08,3256.72,3274.98,3233.11,3257.98,-1.899,-0.0583,78336300.0,103272000.0
000300.SH,2011-03-31,3223.29,3257.16,3264.96,3210.17,3256.08,-32.792,-1.0071,64503900.0,86565400.0
000300.SH,2011-04-01,3272.73,3227.56,3272.77,3220.91,3223.29,49.441,1.5339,63094700.0,86711600.0
000300.SH,2011-04-06,3311.07,3269.19,3315.3,3268.76,3272.73,38.338,1.1714,105824000.0,143030000.0
000300.SH,2011-04-07,3324.42,3313.47,3330.8,3302.82,3311.07,13.352,0.4033,84681800.0,112679000.0
000300.SH,2011-04-08,3353.36,3321.54,3353.89,3314.09,3324.42,28.939,0.8705,73929200.0,107329000.0
000300.SH,2011-04-11,3333.43,3363.37,3380.53,3331.17,3353.36,-19.931,-0.5944,104421000.0,141974000.0
000300.SH,2011-04-12,3326.77,3324.75,3350.16,3307.48,3333.43,-6.656,-0.1997,101939000.0,122864000.0
000300.SH,2011-04-13,3372.03,3311.32,3372.03,3296.51,3326.77,45.26,1.3605,87036300.0,108305000.0
000300.SH,2011-04-14,3353.56,3374.32,3378.7,3347.49,3372.03,-18.471,-0.5478,88972200.0,107491000.0
000300.SH,2011-04-15,3358.94,3345.13,3378.11,3323.56,3353.56,5.384,0.1605,78514900.0,98934600.0
000300.SH,2011-04-18,3359.44,3346.15,3372.9,3335.6,3358.94,0.494,0.0147,86582600.0,107178000.0
000300.SH,2011-04-19,3295.81,3334.91,3334.91,3290.74,3359.44,-63.626,-1.8939,85106900.0,104369000.0
000300.SH,2011-04-20,3295.76,3300.42,3311.73,3281.83,3295.81,-0.054,-0.0016,72343300.0,93667100.0
000300.SH,2011-04-21,3317.37,3312.27,3330.24,3301.94,3295.76,21.609,0.6557,73240400.0,96739100.0
000300.SH,2011-04-22,3299.94,3317.08,3325.46,3291.64,3317.37,-17.425,-0.5253,67171500.0,83528300.0
000300.SH,2011-04-25,3249.57,3292.48,3292.48,3247.69,3299.94,-50.368,-1.5263,74421800.0,98455900.0
000300.SH,2011-04-26,3230.96,3242.53,3257.8,3216.21,3249.57,-18.614,-0.5728,59096400.0,76696900.0
000300.SH,2011-04-27,3209.5,3242.62,3256.41,3189.04,3230.96,-21.457,-0.6641,62443600.0,75111200.0
000300.SH,2011-04-28,3161.78,3224.41,3237.19,3160.41,3209.5,-47.727,-1.4871,65050200.0,79155800.0
000300.SH,2011-04-29,3192.72,3161.16,3193.6,3147.14,3161.78,30.947,0.9788,53683100.0,63455800.0
000300.SH,2011-05-03,3211.13,3192.84,3212.05,3164.93,3192.72,18.409,0.5766,54998900.0,64349000.0
000300.SH,2011-05-04,3129.03,3192.84,3193.45,3120.96,3211.13,-82.104,-2.5569,66716300.0,83567700.0
000300.SH,2011-05-05,3126.12,3115.0,3136.9,3105.85,3129.03,-2.911,-0.093,52567700.0,63009400.0
000300.SH,2011-05-06,3121.4,3093.81,3141.68,3083.91,3126.12,-4.721,-0.151,55352200.0,69747400.0
000300.SH,2011-05-09,3129.76,3126.26,3149.94,3118.14,3121.4,8.363,0.2679,46027400.0,57287400.0
000300.SH,2011-05-10,3153.22,3135.15,3153.3,3121.75,3129.76,23.462,0.7496,40933000.0,54931200.0
000300.SH,2011-05-11,3145.08,3153.65,3164.65,3127.49,3153.22,-8.136,-0.258,47688500.0,59507700.0
000300.SH,2011-05-12,3101.6,3123.16,3142.4,3101.14,3145.08,-43.482,-1.3825,48799500.0,61703100.0
000300.SH,2011-05-13,3128.09,3105.3,3128.44,3080.19,3101.6,26.49,0.8541,46896000.0,57757200.0
000300.SH,2011-05-16,3100.46,3120.44,3137.6,3098.78,3128.09,-27.63,-0.8833,45194300.0,54238700.0
000300.SH,2011-05-17,3116.03,3097.07,3136.23,3076.95,3100.46,15.565,0.502,51203700.0,65417900.0
000300.SH,2011-05-18,3139.38,3109.29,3145.7,3106.55,3116.03,23.351,0.7494,39641800.0,49757200.0
000300.SH,2011-05-19,3120.64,3148.35,3154.94,3118.62,3139.38,-18.74,-0.5969,43110800.0,52249700.0
000300.SH,2011-05-20,3121.6,3120.58,3133.43,3113.27,3120.64,0.957,0.0307,38468000.0,48967000.0
000300.SH,2011-05-23,3022.98,3115.31,3115.31,3021.45,3121.6,-98.616,-3.1592,55902500.0,66976400.0
000300.SH,2011-05-24,3026.22,3013.72,3029.75,2999.89,3022.98,3.243,0.1073,41608900.0,52971700.0
000300.SH,2011-05-25,2990.34,3020.32,3030.99,2988.09,3026.22,-35.88,-1.1856,39289700.0,48604400.0
000300.SH,2011-05-26,2978.38,3011.47,3021.2,2977.6,2990.34,-11.962,-0.4,37003700.0,48346500.0
000300.SH,2011-05-27,2963.31,2980.72,2996.6,2962.07,2978.38,-15.073,-0.5061,42770900.0,52020000.0
000300.SH,2011-05-30,2954.51,2956.57,2982.58,2942.36,2963.31,-8.802,-0.297,34671200.0,42960300.0
000300.SH,2011-05-31,3001.56,2958.61,3001.73,2946.15,2954.51,47.05,1.5925,39689400.0,50553400.0
000300.SH,2011-06-01,3004.17,2996.08,3006.56,2985.71,3001.56,2.617,0.0872,38419300.0,49060100.0
000300.SH,2011-06-02,2955.71,2970.63,2984.49,2923.02,3004.17,-48.468,-1.6134,52617900.0,61748300.0
000300.SH,2011-06-03,2986.35,2951.58,2993.9,2951.2,2955.71,30.644,1.0368,39076200.0,49273800.0
000300.SH,2011-06-07,3004.26,2977.68,3006.57,2974.36,2986.35,17.913,0.5998,36852300.0,49859100.0
000300.SH,2011-06-08,3008.65,3003.58,3012.81,2965.92,3004.26,4.39,0.1461,42908800.0,51123200.0
000300.SH,2011-06-09,2951.89,3000.4,3004.06,2951.89,3008.65,-56.763,-1.8867,47496600.0,55381300.0
000300.SH,2011-06-10,2961.93,2947.93,2964.08,2925.87,2951.89,10.043,0.3402,42201900.0,50943000.0
000300.SH,2011-06-13,2950.35,2940.39,2957.52,2921.75,2961.93,-11.584,-0.3911,38351700.0,46991300.0
000300.SH,2011-06-14,2993.56,2947.66,3000.53,2943.53,2950.35,43.211,1.4646,55982800.0,66158900.0
000300.SH,2011-06-15,2963.12,2984.96,2999.15,2963.11,2993.56,-30.44,-1.0168,44390900.0,54467700.0
000300.SH,2011-06-16,2917.58,2939.68,2946.81,2915.4,2963.12,-45.541,-1.5369,41135500.0,47067200.0
000300.SH,2011-06-17,2892.16,2916.41,2934.06,2891.01,2917.58,-25.421,-0.8713,41176500.0,51647200.0
000300.SH,2011-06-20,2874.9,2888.94,2896.08,2862.41,2892.16,-17.261,-0.5968,37992000.0,45416700.0
000300.SH,2011-06-21,2909.07,2883.35,2909.57,2877.05,2874.9,34.177,1.1888,42038900.0,50160700.0
000300.SH,2011-06-22,2908.58,2913.67,2921.03,2894.18,2909.07,-0.491,-0.0169,37318800.0,43263800.0
000300.SH,2011-06-23,2957.63,2899.01,2966.54,2888.68,2908.58,49.047,1.6863,45941100.0,55276900.0
000300.SH,2011-06-24,3027.47,2946.61,3047.94,2944.05,2957.63,69.841,2.3614,85459200.0,104973000.0
000300.SH,2011-06-27,3036.49,3028.5,3056.02,3019.24,3027.47,9.021,0.298,65615800.0,79044200.0
000300.SH,2011-06-28,3041.73,3040.18,3046.8,3014.0,3036.49,5.243,0.1727,55766300.0,70333400.0
000300.SH,2011-06-29,3000.17,3039.05,3043.81,2999.95,3041.73,-41.565,-1.3665,53476800.0,61717600.0
000300.SH,2011-06-30,3044.09,3003.23,3058.62,3003.23,3000.17,43.92,1.4639,62502500.0,73891700.0
000300.SH,2011-07-01,3049.75,3052.12,3071.21,3034.07,3044.09,5.656,0.1858,56766700.0,72614600.0
000300.SH,2011-07-04,3121.98,3064.94,3124.58,3064.94,3049.75,72.235,2.3686,80464000.0,102680000.0
000300.SH,2011-07-05,3122.5,3122.9,3128.53,3105.09,3121.98,0.52,0.0167,67763300.0,81999800.0
000300.SH,2011-07-06,3113.71,3116.12,3116.12,3084.83,3122.5,-8.788,-0.2814,61555800.0,76557000.0
000300.SH,2011-07-07,3101.68,3123.29,3140.1,3101.1,3113.71,-12.032,-0.3864,71810400.0,92120600.0
000300.SH,2011-07-08,3109.18,3105.49,3124.39,3093.37,3101.68,7.503,0.2419,51282600.0,65155500.0
000300.SH,2011-07-11,3113.21,3097.87,3121.0,3086.26,3109.18,4.023,0.1294,47920700.0,62237200.0
000300.SH,2011-07-12,3056.91,3089.14,3090.1,3054.8,3113.21,-56.301,-1.8085,57108000.0,71222600.0
000300.SH,2011-07-13,3106.25,3060.42,3108.5,3060.42,3056.91,49.342,1.6141,54114400.0,68294800.0
000300.SH,2011-07-14,3115.75,3112.59,3126.15,3092.47,3106.25,9.498,0.3058,60314900.0,79948500.0
000300.SH,2011-07-15,3128.89,3105.5,3130.77,3097.34,3115.75,13.144,0.4219,61550300.0,79424800.0
000300.SH,2011-07-18,3122.6,3131.8,3137.92,3113.67,3128.89,-6.289,-0.201,60691300.0,78225000.0
000300.SH,2011-07-19,3095.12,3108.47,3109.92,3088.38,3122.6,-27.475,-0.8799,53388700.0,68506100.0
000300.SH,2011-07-20,3091.57,3113.71,3119.54,3071.85,3095.12,-3.558,-0.115,44118300.0,56931000.0
000300.SH,2011-07-21,3059.14,3092.27,3099.28,3058.25,3091.57,-32.428,-1.0489,44084700.0,57942600.0
000300.SH,2011-07-22,3067.99,3066.19,3083.19,3059.6,3059.14,8.846,0.2892,37257300.0,49618900.0
000300.SH,2011-07-25,2968.29,3050.9,3050.9,2958.88,3067.99,-99.696,-3.2496,67181000.0,77513600.0
000300.SH,2011-07-26,2977.77,2965.72,2980.86,2957.61,2968.29,9.477,0.3193,43515500.0,49560700.0
000300.SH,2011-07-27,3000.05,2961.58,3002.69,2951.52,2977.77,22.286,0.7484,48385600.0,58746200.0
000300.SH,2011-07-28,2981.0,2973.64,2984.38,2956.71,3000.05,-19.05,-0.635,48139000.0,60678600.0
000300.SH,2011-07-29,2972.08,2981.02,2995.97,2948.08,2981.0,-8.923,-0.2993,46298300.0,54358200.0
000300.SH,2011-08-01,2977.72,2969.11,2991.05,2958.83,2972.08,5.642,0.1898,33886900.0,41203100.0
000300.SH,2011-08-02,2956.38,2958.85,2958.85,2919.01,2977.72,-21.338,-0.7166,38978400.0,48435300.0
000300.SH,2011-08-03,2954.87,2930.19,2969.13,2927.1,2956.38,-1.513,-0.0512,38668400.0,49594000.0
000300.SH,2011-08-04,2960.31,2962.91,2983.01,2951.84,2954.87,5.439,0.1841,32985700.0,41335700.0
000300.SH,2011-08-05,2897.42,2881.74,2916.41,2868.16,2960.31,-62.892,-2.1245,49316900.0,60240000.0
000300.SH,2011-08-08,2793.9,2864.51,2888.77,2747.97,2897.42,-103.52,-3.5728,71517800.0,83694800.0
000300.SH,2011-08-09,2798.19,2720.95,2812.77,2697.06,2793.9,4.293,0.1537,69842700.0,79653300.0
000300.SH,2011-08-10,2824.12,2845.35,2858.55,2820.12,2798.19,25.93,0.9267,58659300.0,68580500.0
000300.SH,2011-08-11,2866.92,2779.72,2867.31,2777.76,2824.12,42.804,1.5157,58997700.0,69223900.0
000300.SH,2011-08-12,2875.36,2881.55,2894.22,2868.87,2866.92,8.441,0.2944,57197400.0,63487600.0
000300.SH,2011-08-15,2917.88,2883.17,2917.88,2870.19,2875.36,42.518,1.4787,59875500.0,61102200.0
000300.SH,2011-08-16,2897.58,2920.83,2932.14,2888.33,2917.88,-20.302,-0.6958,50962700.0,57496600.0
000300.SH,2011-08-17,2886.01,2893.85,2910.83,2881.63,2897.58,-11.568,-0.3992,39178200.0,41891900.0
000300.SH,2011-08-18,2834.25,2887.1,2890.0,2832.27,2886.01,-51.759,-1.7934,40768900.0,45784400.0
000300.SH,2011-08-19,2807.66,2789.35,2814.1,2782.56,2834.25,-26.59,-0.9382,43259600.0,48443000.0
000300.SH,2011-08-22,2777.79,2809.33,2829.69,2768.42,2807.66,-29.877,-1.0641,34209700.0,40136500.0
000300.SH,2011-08-23,2821.0,2788.7,2821.0,2777.29,2777.79,43.216,1.5558,32620500.0,36442000.0
000300.SH,2011-08-24,2810.02,2834.58,2845.47,2804.82,2821.0,-10.987,-0.3895,35301600.0,41939800.0
000300.SH,2011-08-25,2903.84,2818.7,2904.44,2815.91,2810.02,93.821,3.3388,72216800.0,75746000.0
000300.SH,2011-08-26,2901.22,2889.38,2907.4,2876.83,2903.84,-2.621,-0.0903,45604100.0,51759400.0
000300.SH,2011-08-29,2852.81,2875.78,2875.78,2847.48,2901.22,-48.407,-1.6685,44267800.0,49892700.0
000300.SH,2011-08-30,2841.74,2875.14,2901.73,2838.33,2852.81,-11.069,-0.388,43137900.0,48565800.0
000300.SH,2011-08-31,2846.78,2843.99,2855.3,2823.77,2841.74,5.036,0.1772,32107900.0,37624500.0
000300.SH,2011-09-01,2834.53,2852.39,2869.25,2825.96,2846.78,-12.241,-0.43,30118700.0,35143700.0
000300.SH,2011-09-02,2803.85,2828.84,2836.62,2790.77,2834.53,-30.681,-1.0824,29317100.0,31960600.0
000300.SH,2011-09-05,2743.82,2780.83,2780.83,2743.38,2803.85,-60.037,-2.1412,32005700.0,36040300.0
000300.SH,2011-09-06,2723.3,2727.75,2745.36,2711.07,2743.82,-20.514,-0.7476,29714000.0,33746800.0
000300.SH,2011-09-07,2779.09,2738.79,2779.21,2730.05,2723.3,55.787,2.0485,33265400.0,37096700.0
000300.SH,2011-09-08,2756.1,2788.83,2789.11,2755.8,2779.09,-22.985,-0.8271,26838700.0,31209400.0
000300.SH,2011-09-09,2751.09,2770.15,2796.35,2739.62,2756.1,-5.01,-0.1818,27073500.0,30348100.0
000300.SH,2011-09-13,2720.28,2712.44,2726.19,2698.66,2751.09,-30.812,-1.12,26713800.0,30034300.0
000300.SH,2011-09-14,2733.11,2729.26,2736.91,2677.13,2720.28,12.825,0.4715,30424800.0,32858400.0
000300.SH,2011-09-15,2729.05,2734.55,2754.19,2728.91,2733.11,-4.057,-0.1484,31171900.0,32507100.0
000300.SH,2011-09-16,2733.99,2744.22,2755.89,2729.0,2729.05,4.936,0.1809,27555900.0,29743900.0
000300.SH,2011-09-19,2679.27,2718.32,2718.32,2678.79,2733.99,-54.717,-2.0014,29090900.0,29731400.0
000300.SH,2011-09-20,2689.84,2675.04,2702.28,2664.1,2679.27,10.575,0.3947,25598700.0,27274300.0
000300.SH,2011-09-21,2771.01,2691.7,2778.35,2677.35,2689.84,81.166,3.0175,56194200.0,59146500.0
000300.SH,2011-09-22,2685.69,2745.15,2754.92,2684.94,2771.01,-85.323,-3.0791,47102700.0,47793300.0
000300.SH,2011-09-23,2669.48,2644.29,2681.23,2631.43,2685.69,-16.21,-0.6036,42592200.0,45934300.0
000300.SH,2011-09-26,2610.92,2645.25,2679.56,2603.11,2669.48,-58.559,-2.1936,39175100.0,40495000.0
000300.SH,2011-09-27,2637.88,2634.93,2652.56,2613.42,2610.92,26.96,1.0326,35022000.0,37301300.0
000300.SH,2011-09-28,2610.59,2654.83,2660.1,2602.63,2637.88,-27.289,-1.0345,34169600.0,36195900.0
000300.SH,2011-09-29,2588.19,2593.56,2615.14,2577.29,2610.59,-22.405,-0.8582,37093600.0,37708600.0
000300.SH,2011-09-30,2581.35,2595.58,2607.57,2572.19,2588.19,-6.834,-0.264,32050800.0,32376700.0
000300.SH,2011-10-10,2557.08,2588.35,2595.32,2552.28,2581.35,-24.269,-0.9402,28325100.0,28149900.0
000300.SH,2011-10-11,2551.99,2625.16,2635.69,2526.65,2557.08,-5.088,-0.199,45029800.0,47409900.0
000300.SH,2011-10-12,2644.76,2537.4,2647.01,2523.34,2551.99,92.764,3.635,65945700.0,62822800.0
000300.SH,2011-10-13,2662.6,2636.86,2672.91,2629.41,2644.76,17.843,0.6747,60426200.0,56631000.0
000300.SH,2011-10-14,2653.78,2655.36,2665.44,2629.88,2662.6,-8.819,-0.3312,38336900.0,37326700.0
000300.SH,2011-10-17,2666.95,2658.95,2687.1,2653.38,2653.78,13.169,0.4962,36158300.0,38101600.0
000300.SH,2011-10-18,2592.21,2646.84,2651.73,2589.21,2666.95,-74.742,-2.8025,39373400.0,39453300.0
000300.SH,2011-10-19,2583.08,2599.92,2617.41,2580.66,2592.21,-9.128,-0.3521,31116200.0,32115000.0
000300.SH,2011-10-20,2520.53,2566.6,2570.1,2500.49,2583.08,-62.549,-2.4215,39842500.0,39409600.0
000300.SH,2011-10-21,2507.88,2522.26,2538.12,2504.69,2520.53,-12.655,-0.5021,29843500.0,29090700.0
000300.SH,2011-10-24,2576.67,2517.06,2581.12,2501.96,2507.88,68.792,2.743,46345800.0,44056700.0
000300.SH,2011-10-25,2625.43,2572.71,2633.97,2560.05,2576.67,48.756,1.8922,57967400.0,57533500.0
000300.SH,2011-10-26,2651.65,2613.27,2679.66,2611.01,2625.43,26.227,0.999,73098200.0,69534400.0
000300.SH,2011-10-27,2657.48,2658.43,2672.84,2647.3,2651.65,5.826,0.2197,48820400.0,47403200.0
000300.SH,2011-10-28,2709.02,2694.54,2729.14,2689.38,2657.48,51.539,1.9394,71643100.0,72908400.0
000300.SH,2011-10-31,2695.31,2704.53,2709.32,2680.99,2709.02,-13.71,-0.5061,50407100.0,52522500.0
000300.SH,2011-11-01,2697.53,2672.51,2726.09,2669.05,2695.31,2.227,0.0826,55206700.0,56067600.0
000300.SH,2011-11-02,2742.39,2658.55,2742.94,2653.72,2697.53,44.856,1.6629,64361600.0,65327500.0
000300.SH,2011-11-03,2744.3,2752.63,2781.04,2743.2,2742.39,1.911,0.0697,84820800.0,90502600.0
000300.SH,2011-11-04,2763.75,2770.57,2781.99,2748.98,2744.3,19.445,0.7086,61958200.0,63500900.0
000300.SH,2011-11-07,2736.25,2750.99,2769.3,2733.17,2763.75,-27.498,-0.995,45375100.0,47761900.0
000300.SH,2011-11-08,2727.71,2745.06,2756.09,2723.69,2736.25,-8.538,-0.312,47884300.0,47864900.0
000300.SH,2011-11-09,2751.65,2739.15,2755.81,2710.05,2727.71,23.944,0.8778,46878000.0,48484200.0
000300.SH,2011-11-10,2699.59,2720.84,2729.57,2698.31,2751.65,-52.066,-1.8922,51173700.0,51793900.0
000300.SH,2011-11-11,2695.0,2705.24,2713.91,2685.1,2699.59,-4.586,-0.1699,36636700.0,38724200.0
000300.SH,2011-11-14,2750.2,2717.54,2751.88,2714.86,2695.0,55.193,2.048,46390900.0,51333500.0
000300.SH,2011-11-15,2744.68,2746.77,2754.0,2732.91,2750.2,-5.515,-0.2005,41759900.0,46980700.0
000300.SH,2011-11-16,2670.12,2745.86,2746.29,2659.15,2744.68,-74.564,-2.7167,55949200.0,57844200.0
000300.SH,2011-11-17,2662.02,2671.95,2687.83,2660.65,2670.12,-8.099,-0.3033,35247700.0,37762600.0
000300.SH,2011-11-18,2606.5,2643.67,2646.21,2601.18,2662.02,-55.522,-2.0857,42414700.0,44949500.0
000300.SH,2011-11-21,2609.69,2608.56,2613.26,2587.74,2606.5,3.192,0.1225,27971900.0,31175400.0
000300.SH,2011-11-22,2609.48,2592.23,2611.15,2580.78,2609.69,-0.212,-0.0081,29069100.0,31886700.0
000300.SH,2011-11-23,2584.01,2613.29,2617.09,2578.16,2609.48,-25.464,-0.9758,28531400.0,30958600.0
000300.SH,2011-11-24,2588.92,2565.69,2604.24,2557.7,2584.01,4.904,0.1898,30319600.0,31894700.0
000300.SH,2011-11-25,2569.97,2585.14,2598.39,2563.65,2588.92,-18.942,-0.7317,23913800.0,27509400.0
000300.SH,2011-11-28,2573.32,2578.34,2589.35,2562.49,2569.97,3.348,0.1303,25666900.0,29179500.0
000300.SH,2011-11-29,2608.57,2595.09,2609.19,2580.29,2573.32,35.248,1.3697,30025900.0,34962400.0
000300.SH,2011-11-30,2521.52,2600.1,2601.9,2507.18,2608.57,-87.049,-3.337,42352600.0,42454200.0
000300.SH,2011-12-01,2583.61,2596.15,2630.66,2577.72,2521.52,62.093,2.4625,63520300.0,66146800.0
000300.SH,2011-12-02,2557.31,2570.56,2575.69,2543.53,2583.61,-26.302,-1.018,32183700.0,33168400.0
000300.SH,2011-12-05,2521.39,2561.2,2561.2,2517.18,2557.31,-35.926,-1.4048,32063400.0,32749900.0
000300.SH,2011-12-06,2516.34,2515.04,2525.67,2499.57,2521.39,-5.044,-0.2,26297600.0,26310900.0
000300.SH,2011-12-07,2528.23,2517.34,2534.53,2509.78,2516.34,11.887,0.4724,23261800.0,23433700.0
000300.SH,2011-12-08,2525.0,2525.04,2549.1,2494.69,2528.23,-3.227,-0.1276,27777700.0,27843700.0
000300.SH,2011-12-09,2503.46,2506.62,2525.16,2496.97,2525.0,-21.54,-0.8531,24029100.0,25477200.0
000300.SH,2011-12-12,2477.69,2497.92,2502.05,2476.12,2503.46,-25.769,-1.0293,21901200.0,21200400.0
000300.SH,2011-12-13,2421.93,2467.02,2472.66,2418.67,2477.69,-55.764,-2.2506,35717500.0,33269200.0
000300.SH,2011-12-14,2397.48,2415.94,2433.55,2392.3,2421.93,-24.448,-1.0094,25320100.0,23753600.0
000300.SH,2011-12-15,2340.79,2382.44,2384.47,2340.45,2397.48,-56.692,-2.3646,36750800.0,33900400.0
000300.SH,2011-12-16,2390.13,2339.98,2390.38,2332.14,2340.79,49.341,2.1079,36302300.0,33652100.0
000300.SH,2011-12-19,2384.41,2370.42,2387.89,2321.66,2390.13,-5.721,-0.2394,37909800.0,33711400.0
000300.SH,2011-12-20,2377.07,2376.71,2412.57,2373.86,2384.41,-7.335,-0.3076,32402300.0,29967700.0
000300.SH,2011-12-21,2339.11,2397.27,2404.77,2337.69,2377.07,-37.965,-1.5971,31209500.0,30917800.0
000300.SH,2011-12-22,2341.33,2325.27,2358.47,2294.61,2339.11,2.227,0.0952,36683900.0,31845500.0
000300.SH,2011-12-23,2359.16,2337.38,2382.71,2331.96,2341.33,17.824,0.7613,33161900.0,29910300.0
000300.SH,2011-12-26,2335.7,2345.55,2369.82,2334.79,2359.16,-23.457,-0.9943,28224100.0,25033100.0
000300.SH,2011-12-27,2305.03,2332.83,2346.38,2302.41,2335.7,-30.667,-1.313,29277300.0,26777000.0
000300.SH,2011-12-28,2307.93,2295.87,2309.65,2267.11,2305.03,2.893,0.1255,32882000.0,28839300.0
000300.SH,2011-12-29,2311.36,2297.29,2323.49,2293.87,2307.93,3.433,0.1487,30887700.0,26868200.0
000300.SH,2011-12-30,2345.74,2318.67,2349.03,2318.67,2311.36,34.381,1.4875,35865200.0,32362600.0
000300.SH,2012-01-04,2298.75,2361.5,2365.99,2298.3,2345.74,-46.989,-2.0032,34344600.0,32572600.0
000300.SH,2012-01-05,2276.39,2290.78,2316.66,2272.15,2298.75,-22.368,-0.973,43016500.0,37635300.0
000300.SH,2012-01-06,2290.6,2274.35,2291.89,2254.57,2276.39,14.216,0.6245,35199000.0,31079400.0
000300.SH,2012-01-09,2368.57,2291.18,2368.89,2271.72,2290.6,77.969,3.4039,54727300.0,51478100.0
000300.SH,2012-01-10,2447.35,2365.77,2449.96,2361.28,2368.57,78.779,3.326,81155000.0,75249200.0
000300.SH,2012-01-11,2435.61,2444.76,2453.15,2423.32,2447.35,-11.741,-0.4797,58705700.0,57587200.0
000300.SH,2012-01-12,2435.22,2426.82,2464.38,2423.32,2435.61,-0.389,-0.016,47121300.0,47877400.0
000300.SH,2012-01-13,2394.33,2438.41,2445.79,2374.54,2435.22,-40.885,-1.6789,45514000.0,47228300.0
000300.SH,2012-01-16,2345.65,2376.95,2394.5,2345.63,2394.33,-48.685,-2.0333,30527100.0,34410400.0
000300.SH,2012-01-17,2460.6,2347.57,2462.43,2329.25,2345.65,114.952,4.9006,64205600.0,64324100.0
000300.SH,2012-01-18,2422.19,2464.92,2485.5,2414.53,2460.6,-38.412,-1.5611,63892400.0,67058800.0
000300.SH,2012-01-19,2468.35,2423.86,2480.21,2414.99,2422.19,46.161,1.9058,55615700.0,56377700.0
000300.SH,2012-01-20,2504.09,2476.73,2510.34,2462.59,2468.35,35.736,1.4478,54529800.0,57474500.0
000300.SH,2012-01-30,2460.72,2508.88,2508.88,2460.4,2504.09,-43.366,-1.7318,43517100.0,44770900.0
000300.SH,2012-01-31,2464.26,2462.34,2472.84,2447.77,2460.72,3.54,0.1439,30701500.0,32694100.0
000300.SH,2012-02-01,2428.99,2458.23,2481.66,2423.45,2464.26,-35.266,-1.4311,35015400.0,37752300.0
000300.SH,2012-02-02,2486.24,2437.47,2486.24,2429.71,2428.99,57.244,2.3567,42067000.0,44126400.0
000300.SH,2012-02-03,2506.09,2478.34,2514.65,2470.28,2486.24,19.852,0.7985,49949200.0,51507500.0
000300.SH,2012-02-06,2504.32,2511.17,2520.76,2488.71,2506.09,-1.768,-0.0705,45079900.0,47541500.0
000300.SH,2012-02-07,2457.95,2489.03,2489.03,2441.7,2504.32,-46.368,-1.8515,39679200.0,40034300.0
000300.SH,2012-02-08,2528.24,2456.42,2534.16,2451.0,2457.95,70.282,2.8594,56186500.0,61721300.0
000300.SH,2012-02-09,2529.23,2525.59,2546.02,2513.13,2528.24,0.995,0.0394,59299800.0,63456200.0
000300.SH,2012-02-10,2533.62,2521.68,2560.03,2521.16,2529.23,4.393,0.1737,61575900.0,60029500.0
000300.SH,2012-02-13,2531.98,2504.41,2553.45,2496.3,2533.62,-1.643,-0.0648,51914000.0,54282600.0
000300.SH,2012-02-14,2522.11,2528.97,2533.26,2506.54,2531.98,-9.874,-0.39,40430100.0,43723700.0
000300.SH,2012-02-15,2549.61,2515.83,2562.07,2511.29,2522.11,27.5,1.0904,58090400.0,60422400.0
000300.SH,2012-02-16,2536.07,2544.64,2559.34,2519.04,2549.61,-13.533,-0.5308,54395400.0,55165600.0
000300.SH,2012-02-17,2537.09,2551.81,2558.34,2522.86,2536.07,1.012,0.0399,38994700.0,40458000.0
000300.SH,2012-02-20,2540.71,2571.91,2574.75,2539.9,2537.09,3.62,0.1427,56153300.0,56748900.0
000300.SH,2012-02-21,2562.45,2544.83,2562.91,2520.79,2540.71,21.747,0.8559,47894800.0,47758200.0
000300.SH,2012-02-22,2597.48,2564.31,2598.86,2560.34,2562.45,35.023,1.3668,76376700.0,76421800.0
000300.SH,2012-02-23,2606.26,2595.78,2614.54,2590.52,2597.48,8.78,0.338,70377100.0,72612100.0
000300.SH,2012-02-24,2648.02,2607.34,2648.02,2602.78,2606.26,41.761,1.6023,85999700.0,88058600.0
000300.SH,2012-02-27,2656.57,2658.12,2693.84,2656.57,2648.02,8.556,0.3231,101514000.0,106670000.0
000300.SH,2012-02-28,2662.46,2652.34,2671.83,2641.46,2656.57,5.89,0.2217,77592500.0,77213100.0
000300.SH,2012-02-29,2634.14,2655.86,2666.65,2631.78,2662.46,-28.32,-1.0637,59120200.0,64875200.0
000300.SH,2012-03-01,2633.34,2622.74,2647.78,2621.86,2634.14,-0.798,-0.0303,42148400.0,46524100.0
000300.SH,2012-03-02,2679.93,2637.96,2679.93,2637.96,2633.34,46.589,1.7692,64122000.0,66981600.0
000300.SH,2012-03-05,2662.7,2687.74,2694.61,2660.96,2679.93,-17.236,-0.6432,71395500.0,74973300.0
000300.SH,2012-03-06,2621.05,2654.8,2657.96,2615.6,2662.7,-41.646,-1.5641,62447100.0,68852600.0
000300.SH,2012-03-07,2603.0,2596.48,2628.58,2594.13,2621.05,-18.047,-0.6885,56948700.0,63243300.0
000300.SH,2012-03-08,2635.79,2612.4,2645.95,2612.4,2603.0,32.786,1.2595,57549400.0,64458900.0
000300.SH,2012-03-09,2664.3,2644.1,2664.41,2631.41,2635.79,28.511,1.0817,55258900.0,65963400.0
000300.SH,2012-03-12,2654.4,2663.24,2666.43,2636.42,2664.3,-9.9,-0.3716,62327200.0,74367700.0
000300.SH,2012-03-13,2681.07,2653.68,2681.33,2649.17,2654.4,26.671,1.0048,58404500.0,66429800.0
000300.SH,2012-03-14,2605.11,2694.48,2705.75,2595.34,2681.07,-75.967,-2.8335,108427000.0,117080000.0
000300.SH,2012-03-15,2585.55,2602.66,2618.25,2575.44,2605.11,-19.56,-0.7508,72566000.0,77042800.0
000300.SH,2012-03-16,2623.52,2591.8,2624.32,2577.25,2585.55,37.974,1.4687,58091300.0,67451800.0
000300.SH,2012-03-19,2630.01,2617.66,2631.04,2598.63,2623.52,6.493,0.2475,57646600.0,68803900.0
000300.SH,2012-03-20,2584.45,2622.66,2622.66,2584.02,2630.01,-45.568,-1.7326,58114100.0,64263800.0
000300.SH,2012-03-21,2587.79,2597.38,2613.27,2569.07,2584.45,3.348,0.1295,58002500.0,66674900.0
000300.SH,2012-03-22,2583.75,2586.94,2599.24,2570.45,2587.79,-4.046,-0.1563,44926800.0,50115500.0
000300.SH,2012-03-23,2552.94,2575.33,2578.82,2544.52,2583.75,-30.807,-1.1923,43329300.0,47812400.0
000300.SH,2012-03-26,2555.44,2551.43,2562.93,2540.7,2552.94,2.502,0.098,31816200.0,36356100.0
000300.SH,2012-03-27,2547.14,2565.55,2571.9,2544.37,2555.44,-8.299,-0.3248,35944600.0,47394500.0
000300.SH,2012-03-28,2474.9,2538.46,2540.42,2471.03,2547.14,-72.243,-2.8362,50005800.0,54993600.0
000300.SH,2012-03-29,2443.12,2463.69,2476.48,2429.73,2474.9,-31.778,-1.284,46131300.0,48651600.0
000300.SH,2012-03-30,2454.9,2447.94,2461.98,2438.49,2443.12,11.777,0.482,37027100.0,39139700.0
000300.SH,2012-04-05,2512.83,2449.21,2517.39,2441.27,2454.9,57.933,2.3599,54331700.0,58049700.0
000300.SH,2012-04-06,2519.83,2509.45,2525.53,2502.7,2512.83,6.998,0.2785,42368600.0,47207800.0
000300.SH,2012-04-09,2495.15,2510.53,2518.38,2491.59,2519.83,-24.684,-0.9796,35371000.0,38180800.0
000300.SH,2012-04-10,2519.79,2490.28,2519.81,2459.35,2495.15,24.642,0.9876,41335900.0,44064800.0
000300.SH,2012-04-11,2520.04,2494.52,2541.13,2489.32,2519.79,0.248,0.0098,42510300.0,43628000.0
000300.SH,2012-04-12,2570.44,2522.83,2570.84,2516.57,2520.04,50.4,2.0,56488400.0,59537000.0
000300.SH,2012-04-13,2580.45,2575.05,2593.79,2570.03,2570.44,10.018,0.3897,53092600.0,61893000.0
000300.SH,2012-04-16,2574.04,2564.23,2586.2,2559.78,2580.45,-6.41,-0.2484,40839700.0,42650800.0
000300.SH,2012-04-17,2541.88,2572.36,2578.76,2541.53,2574.04,-32.161,-1.2494,37815500.0,38328400.0
000300.SH,2012-04-18,2599.91,2550.91,2602.11,2546.0,2541.88,58.025,2.2828,58688400.0,59361000.0
000300.SH,2012-04-19,2596.06,2598.33,2606.86,2585.3,2599.91,-3.852,-0.1482,46448100.0,55512900.0
000300.SH,2012-04-20,2626.84,2591.51,2627.38,2589.35,2596.06,30.783,1.1858,61446400.0,63829900.0
000300.SH,2012-04-23,2606.04,2624.75,2632.09,2599.11,2626.84,-20.801,-0.7919,58664900.0,62073900.0
000300.SH,2012-04-24,2604.87,2594.8,2640.29,2559.46,2606.04,-1.172,-0.045,71139600.0,73150500.0
000300.SH,2012-04-25,2625.99,2598.23,2631.44,2593.33,2604.87,21.124,0.8109,62468100.0,63529500.0
000300.SH,2012-04-26,2631.49,2632.72,2643.77,2617.09,2625.99,5.497,0.2093,58965700.0,64377500.0
000300.SH,2012-04-27,2626.16,2630.55,2637.92,2623.6,2631.49,-5.33,-0.2025,48233600.0,53345500.0
000300.SH,2012-05-02,2683.49,2660.67,2697.95,2643.53,2626.16,57.33,2.183,80148700.0,92366100.0
000300.SH,2012-05-03,2691.52,2679.52,2693.88,2675.81,2683.49,8.031,0.2993,59361100.0,72337300.0
000300.SH,2012-05-04,2715.88,2689.62,2716.03,2677.14,2691.52,24.361,0.9051,63218100.0,73699600.0
000300.SH,2012-05-07,2717.78,2699.45,2717.78,2694.32,2715.88,1.899,0.0699,68547300.0,82715700.0
000300.SH,2012-05-08,2709.12,2717.41,2717.82,2683.56,2717.78,-8.662,-0.3187,63110800.0,73744500.0
000300.SH,2012-05-09,2657.51,2685.19,2685.19,2655.32,2709.12,-51.602,-1.9048,58400300.0,69482600.0
000300.SH,2012-05-10,2657.21,2657.87,2667.68,2649.38,2657.51,-0.3,-0.0113,46962600.0,54057000.0
000300.SH,2012-05-11,2636.92,2652.31,2666.57,2636.52,2657.21,-20.297,-0.7638,41006100.0,49392900.0
000300.SH,2012-05-14,2615.53,2653.81,2656.28,2613.35,2636.92,-21.383,-0.8109,52082500.0,60331300.0
000300.SH,2012-05-15,2617.37,2597.64,2618.18,2591.6,2615.53,1.84,0.0703,45767300.0,51374800.0
000300.SH,2012-05-16,2574.65,2610.16,2612.62,2574.08,2617.37,-42.727,-1.6324,43280300.0,47863500.0
000300.SH,2012-05-17,2613.94,2577.96,2619.59,2571.2,2574.65,39.295,1.5262,43728400.0,49203900.0
000300.SH,2012-05-18,2573.98,2595.55,2603.19,2567.3,2613.94,-39.966,-1.529,43422100.0,46907500.0
000300.SH,2012-05-21,2587.23,2572.37,2604.22,2563.97,2573.98,13.255,0.515,38602100.0,44300400.0
000300.SH,2012-05-22,2627.52,2598.17,2627.6,2597.6,2587.23,40.294,1.5574,42773500.0,49392400.0
000300.SH,2012-05-23,2616.87,2621.79,2635.78,2598.29,2627.52,-10.656,-0.4056,43719500.0,52563400.0
000300.SH,2012-05-24,2595.26,2613.09,2630.41,2588.21,2616.87,-21.609,-0.8258,42844100.0,50064400.0
000300.SH,2012-05-25,2573.1,2595.26,2602.17,2565.65,2595.26,-22.157,-0.8537,39273000.0,41420100.0
000300.SH,2012-05-28,2614.69,2562.6,2614.85,2545.34,2573.1,41.586,1.6162,56339300.0,58412300.0
000300.SH,2012-05-29,2650.85,2615.15,2658.25,2612.56,2614.69,36.165,1.3831,72135600.0,78681500.0
000300.SH,2012-05-30,2642.26,2646.37,2655.16,2636.52,2650.85,-8.596,-0.3243,51855400.0,56976300.0
000300.SH,2012-05-31,2632.04,2623.16,2645.59,2617.23,2642.26,-10.216,-0.3866,44107500.0,49875000.0
000300.SH,2012-06-01,2633.0,2633.6,2653.86,2623.29,2632.04,0.956,0.0363,44191100.0,53843400.0
000300.SH,2012-06-04,2559.03,2598.73,2608.32,2558.92,2633.0,-73.972,-2.8094,52478500.0,60615600.0
000300.SH,2012-06-05,2558.84,2565.19,2573.89,2548.76,2559.03,-0.184,-0.0072,37779900.0,43553300.0
000300.SH,2012-06-06,2557.4,2564.23,2573.74,2547.33,2558.84,-1.441,-0.0563,33857700.0,41316900.0
000300.SH,2012-06-07,2542.18,2579.43,2584.04,2536.26,2557.4,-15.217,-0.595,34841200.0,42053000.0
000300.SH,2012-06-08,2524.33,2558.84,2559.13,2520.41,2542.18,-17.855,-0.7023,43856400.0,47638000.0
000300.SH,2012-06-11,2558.26,2529.6,2565.43,2523.77,2524.33,33.936,1.3444,40098300.0,43449700.0
000300.SH,2012-06-12,2540.18,2543.76,2553.92,2529.95,2558.26,-18.087,-0.707,37936700.0,40259900.0
000300.SH,2012-06-13,2580.64,2546.79,2581.11,2539.63,2540.18,40.458,1.5927,45014600.0,51291300.0
000300.SH,2012-06-14,2560.42,2573.33,2584.71,2558.56,2580.64,-20.215,-0.7833,40247900.0,46331800.0
000300.SH,2012-06-15,2568.05,2565.19,2580.17,2538.57,2560.42,7.633,0.2981,42786100.0,48868300.0
000300.SH,2012-06-18,2581.21,2576.63,2593.22,2572.99,2568.05,13.158,0.5124,35693600.0,40852500.0
000300.SH,2012-06-19,2558.62,2577.36,2577.36,2556.1,2581.21,-22.591,-0.8752,32700600.0,37020000.0
000300.SH,2012-06-20,2552.61,2563.64,2570.66,2549.44,2558.62,-6.01,-0.2349,29850600.0,33573700.0
000300.SH,2012-06-21,2512.19,2547.05,2547.05,2502.42,2552.61,-40.426,-1.5837,35396700.0,38608000.0
000300.SH,2012-06-25,2456.52,2501.16,2501.16,2455.01,2512.19,-55.667,-2.2159,40106700.0,42503500.0
000300.SH,2012-06-26,2454.92,2442.56,2465.12,2434.64,2456.52,-1.603,-0.0653,31734000.0,33896500.0
000300.SH,2012-06-27,2447.2,2452.67,2470.76,2444.34,2454.92,-7.72,-0.3145,30007600.0,31437600.0
000300.SH,2012-06-28,2425.73,2451.66,2459.19,2425.24,2447.2,-21.466,-0.8772,30543100.0,34418800.0
000300.SH,2012-06-29,2461.61,2418.86,2462.81,2417.49,2425.73,35.883,1.4793,37994900.0,40976500.0
000300.SH,2012-07-02,2465.24,2473.54,2473.97,2452.99,2461.61,3.626,0.1473,40510100.0,45651500.0
000300.SH,2012-07-03,2468.72,2464.85,2490.55,2457.45,2465.24,3.483,0.1413,38693400.0,45004700.0
000300.SH,2012-07-04,2464.92,2474.53,2481.34,2456.0,2468.72,-3.802,-0.154,34452100.0,37837700.0
000300.SH,2012-07-05,2430.37,2450.3,2450.3,2420.0,2464.92,-34.549,-1.4016,34726100.0,35946200.0
000300.SH,2012-07-06,2472.61,2435.06,2477.23,2420.36,2430.37,42.244,1.7382,49610600.0,56601800.0
000300.SH,2012-07-09,2416.04,2455.89,2470.21,2414.95,2472.61,-56.578,-2.2882,49223300.0,54601700.0
000300.SH,2012-07-10,2406.71,2411.0,2426.53,2402.37,2416.04,-9.33,-0.3862,35550000.0,38539000.0
000300.SH,2012-07-11,2425.57,2402.18,2427.79,2402.15,2406.71,18.866,0.7839,37624300.0,39851900.0
000300.SH,2012-07-12,2449.18,2420.04,2460.56,2404.58,2425.57,23.609,0.9733,56717700.0,65137500.0
000300.SH,2012-07-13,2450.63,2441.01,2467.99,2438.98,2449.18,1.452,0.0593,36725300.0,42013600.0
000300.SH,2012-07-16,2399.73,2452.59,2452.59,2399.61,2450.63,-50.902,-2.0771,42771900.0,45844900.0
000300.SH,2012-07-17,2414.2,2391.9,2421.93,2391.28,2399.73,14.47,0.603,33424300.0,38285400.0
000300.SH,2012-07-18,2414.33,2412.06,2420.78,2373.65,2414.2,0.134,0.0056,41751800.0,44325500.0
000300.SH,2012-07-19,2424.32,2407.44,2444.06,2401.29,2414.33,9.987,0.4137,46949100.0,47704000.0
000300.SH,2012-07-20,2398.46,2415.71,2423.8,2392.18,2424.32,-25.867,-1.067,37619800.0,36683600.0
000300.SH,2012-07-23,2365.43,2379.89,2379.89,2357.51,2398.46,-33.024,-1.3769,32390400.0,33178900.0
000300.SH,2012-07-24,2375.99,2353.22,2392.35,2352.8,2365.43,10.561,0.4465,30310100.0,31149100.0
000300.SH,2012-07-25,2360.08,2368.38,2381.04,2357.47,2375.99,-15.909,-0.6696,24896500.0,25730600.0
000300.SH,2012-07-26,2347.49,2360.13,2374.87,2344.7,2360.08,-12.595,-0.5337,31314100.0,31326400.0
000300.SH,2012-07-27,2349.11,2353.94,2364.98,2341.29,2347.49,1.62,0.069,31090500.0,33048200.0
000300.SH,2012-07-30,2335.79,2350.78,2367.03,2334.0,2349.11,-13.315,-0.5668,30484900.0,29908000.0
000300.SH,2012-07-31,2332.92,2336.88,2350.07,2329.5,2335.79,-2.871,-0.1229,32099700.0,31196300.0
000300.SH,2012-08-01,2358.65,2332.13,2371.12,2331.95,2332.92,25.729,1.1029,31420800.0,31277800.0
000300.SH,2012-08-02,2334.88,2354.07,2358.56,2325.61,2358.65,-23.769,-1.0077,31516200.0,29751200.0
000300.SH,2012-08-03,2353.74,2340.25,2354.16,2329.93,2334.88,18.855,0.8075,29769800.0,31106900.0
000300.SH,2012-08-06,2385.61,2350.12,2388.36,2348.12,2353.74,31.874,1.3542,41820700.0,43686700.0
000300.SH,2012-08-07,2388.87,2383.26,2390.78,2379.45,2385.61,3.262,0.1367,38285500.0,40403700.0
000300.SH,2012-08-08,2389.79,2390.96,2405.18,2382.82,2388.87,0.922,0.0386,37810500.0,41340900.0
000300.SH,2012-08-09,2411.7,2388.43,2412.14,2378.85,2389.79,21.905,0.9166,35659000.0,43256100.0
000300.SH,2012-08-10,2399.75,2409.94,2413.42,2395.91,2411.7,-11.949,-0.4955,34703000.0,40699200.0
000300.SH,2012-08-13,2351.93,2394.5,2394.5,2350.81,2399.75,-47.82,-1.9927,44783500.0,46249700.0
000300.SH,2012-08-14,2357.02,2352.66,2357.85,2324.91,2351.93,5.085,0.2162,39850100.0,42404700.0
000300.SH,2012-08-15,2331.61,2350.02,2350.02,2330.15,2357.02,-25.401,-1.0777,30580200.0,30332600.0
000300.SH,2012-08-16,2319.67,2327.91,2335.4,2317.06,2331.61,-11.945,-0.5123,25902900.0,27076000.0
000300.SH,2012-08-17,2313.48,2318.43,2322.89,2295.16,2319.67,-6.194,-0.267,26065700.0,28630000.0
000300.SH,2012-08-20,2301.79,2294.9,2307.41,2279.95,2313.48,-11.688,-0.5052,27402000.0,27174800.0
000300.SH,2012-08-21,2313.7,2301.93,2327.38,2296.55,2301.79,11.915,0.5176,34895100.0,34757900.0
000300.SH,2012-08-22,2295.59,2315.14,2317.37,2285.75,2313.7,-18.117,-0.783,31708400.0,31547500.0
000300.SH,2012-08-23,2302.2,2298.18,2311.65,2285.37,2295.59,6.613,0.2881,31335300.0,33789600.0
000300.SH,2012-08-24,2275.68,2295.68,2299.3,2274.57,2302.2,-26.522,-1.152,31869600.0,32986300.0
000300.SH,2012-08-27,2228.2,2268.49,2268.49,2228.15,2275.68,-47.473,-2.0861,37386200.0,35384200.0
000300.SH,2012-08-28,2238.41,2226.9,2250.6,2222.0,2228.2,10.207,0.4581,33773600.0,30331100.0
000300.SH,2012-08-29,2214.81,2230.2,2240.11,2214.43,2238.41,-23.597,-1.0542,29010600.0,27396200.0
000300.SH,2012-08-30,2211.37,2204.51,2223.2,2188.72,2214.81,-3.444,-0.1555,35491300.0,33867200.0
000300.SH,2012-08-31,2204.87,2205.57,2218.87,2203.12,2211.37,-6.502,-0.294,25965000.0,23340900.0
000300.SH,2012-09-03,2228.37,2201.12,2236.56,2197.71,2204.87,23.501,1.0659,38548600.0,35299200.0
000300.SH,2012-09-04,2204.41,2231.72,2234.88,2199.51,2228.37,-23.962,-1.0753,34852700.0,33220200.0
000300.SH,2012-09-05,2199.88,2199.74,2209.54,2186.96,2204.41,-4.532,-0.2056,34751800.0,30445200.0
000300.SH,2012-09-06,2217.82,2204.44,2218.68,2199.86,2199.88,17.948,0.8159,31695900.0,26873300.0
000300.SH,2012-09-07,2317.18,2233.91,2341.52,2233.91,2217.82,99.356,4.4799,94529800.0,84302200.0
000300.SH,2012-09-10,2326.67,2320.56,2334.5,2313.57,2317.18,9.487,0.4094,65330600.0,63252000.0
000300.SH,2012-09-11,2311.89,2316.53,2316.53,2294.82,2326.67,-14.776,-0.6351,46260700.0,43389800.0
000300.SH,2012-09-12,2320.07,2325.93,2337.2,2298.3,2311.89,8.181,0.3539,49622500.0,46485200.0
000300.SH,2012-09-13,2298.46,2316.68,2325.53,2298.37,2320.07,-21.61,-0.9314,42049800.0,38024000.0
000300.SH,2012-09-14,2315.54,2324.01,2332.42,2298.83,2298.46,17.081,0.7431,61571800.0,55438600.0
000300.SH,2012-09-17,2258.71,2312.05,2314.99,2258.18,2315.54,-56.837,-2.4546,48984700.0,43753200.0
000300.SH,2012-09-18,2235.24,2249.43,2253.14,2228.04,2258.71,-23.466,-1.0389,33228700.0,30171500.0
000300.SH,2012-09-19,2246.24,2237.22,2249.24,2229.49,2235.24,10.997,0.492,34349700.0,32607000.0
000300.SH,2012-09-20,2195.95,2236.19,2236.19,2194.22,2246.24,-50.285,-2.2386,42545800.0,38385900.0
000300.SH,2012-09-21,2199.06,2190.33,2217.47,2186.53,2195.95,3.112,0.1417,38120600.0,34043400.0
000300.SH,2012-09-24,2215.52,2183.97,2225.8,2172.88,2199.06,16.453,0.7482,37501700.0,33608800.0
000300.SH,2012-09-25,2210.15,2209.98,2225.33,2202.38,2215.52,-5.362,-0.242,27877000.0,26677100.0
000300.SH,2012-09-26,2184.89,2208.91,2216.82,2181.08,2210.15,-25.263,-1.143,27454600.0,24918900.0
000300.SH,2012-09-27,2251.72,2186.0,2266.3,2185.77,2184.89,66.826,3.0586,53016900.0,48210600.0
000300.SH,2012-09-28,2293.11,2235.06,2297.03,2234.32,2251.72,41.389,1.8381,57875800.0,54431500.0
000300.SH,2012-10-08,2270.05,2291.96,2305.18,2258.11,2293.11,-23.052,-1.0053,35534400.0,33915800.0
000300.SH,2012-10-09,2320.16,2281.75,2327.73,2281.75,2270.05,50.103,2.2071,52548900.0,48330200.0
000300.SH,2012-10-10,2324.12,2314.59,2325.75,2304.61,2320.16,3.96,0.1707,42686200.0,37874000.0
000300.SH,2012-10-11,2302.53,2315.9,2321.35,2300.93,2324.12,-21.584,-0.9287,41300700.0,36173000.0
000300.SH,2012-10-12,2304.53,2311.28,2332.15,2287.01,2302.53,1.998,0.0868,36874100.0,33205900.0
000300.SH,2012-10-15,2294.86,2306.01,2307.88,2278.46,2304.53,-9.674,-0.4198,28651700.0,28569000.0
000300.SH,2012-10-16,2298.16,2293.24,2315.45,2287.59,2294.86,3.305,0.144,32059700.0,32705100.0
000300.SH,2012-10-17,2300.8,2307.36,2312.17,2280.82,2298.16,2.641,0.1149,33349400.0,31270900.0
000300.SH,2012-10-18,2336.08,2307.49,2341.12,2305.88,2300.8,35.274,1.5331,50615100.0,45050300.0
000300.SH,2012-10-19,2332.47,2335.1,2342.53,2328.73,2336.08,-3.607,-0.1544,35927700.0,33173000.0
000300.SH,2012-10-22,2341.59,2320.47,2347.9,2315.9,2332.47,9.122,0.3911,34368300.0,32815300.0
000300.SH,2012-10-23,2312.08,2340.89,2344.04,2309.25,2341.59,-29.515,-1.2605,37221300.0,33716900.0
000300.SH,2012-10-24,2307.78,2303.4,2321.43,2302.17,2312.08,-4.298,-0.1859,37542400.0,30392400.0
000300.SH,2012-10-25,2291.24,2306.73,2322.92,2288.6,2307.78,-16.54,-0.7167,44351500.0,33183500.0
000300.SH,2012-10-26,2247.91,2291.31,2293.18,2237.06,2291.24,-43.332,-1.8912,40900500.0,34530100.0
000300.SH,2012-10-29,2235.85,2241.8,2248.14,2227.65,2247.91,-12.053,-0.5362,27581300.0,25328600.0
000300.SH,2012-10-30,2239.88,2236.32,2257.95,2231.78,2235.85,4.028,0.1802,34083100.0,29516600.0
000300.SH,2012-10-31,2254.82,2241.43,2256.09,2233.68,2239.88,14.938,0.6669,37169800.0,30634400.0
000300.SH,2012-11-01,2297.88,2256.61,2305.63,2256.41,2254.82,43.064,1.9099,50761700.0,45602100.0
000300.SH,2012-11-02,2306.77,2297.9,2309.67,2284.72,2297.88,8.89,0.3869,39833300.0,34893900.0
000300.SH,2012-11-05,2301.88,2302.74,2318.23,2290.14,2306.77,-4.894,-0.2122,39510400.0,33663200.0
000300.SH,2012-11-06,2292.21,2301.98,2304.05,2260.51,2301.88,-9.674,-0.4203,39280600.0,34473400.0
000300.SH,2012-11-07,2287.5,2288.76,2300.89,2277.02,2292.21,-4.701,-0.2051,33067400.0,30278400.0
000300.SH,2012-11-08,2245.41,2269.58,2275.4,2245.4,2287.5,-42.1,-1.8404,35426500.0,30411900.0
000300.SH,2012-11-09,2240.92,2241.76,2252.2,2235.23,2245.41,-4.481,-0.1996,30507000.0,24374300.0
000300.SH,2012-11-12,2251.85,2242.96,2254.7,2232.74,2240.92,10.924,0.4875,34721700.0,29040800.0
000300.SH,2012-11-13,2212.44,2250.84,2250.84,2208.72,2251.85,-39.408,-1.75,34083700.0,28818500.0
000300.SH,2012-11-14,2223.11,2213.09,2225.12,2206.0,2212.44,10.67,0.4823,26758800.0,23592300.0
000300.SH,2012-11-15,2193.62,2210.75,2220.99,2193.52,2223.11,-29.487,-1.3264,28319200.0,23778700.0
000300.SH,2012-11-16,2177.24,2189.51,2191.61,2162.98,2193.62,-16.383,-0.7468,30247800.0,26118200.0
000300.SH,2012-11-19,2174.99,2175.18,2176.49,2149.54,2177.24,-2.255,-0.1036,26978700.0,26737200.0
000300.SH,2012-11-20,2164.88,2180.21,2184.33,2163.53,2174.99,-10.104,-0.4646,23948900.0,22999200.0
000300.SH,2012-11-21,2194.9,2165.41,2195.46,2151.38,2164.88,30.015,1.3865,30508500.0,27122000.0
000300.SH,2012-11-22,2177.55,2181.18,2185.58,2169.66,2194.9,-17.35,-0.7905,22912400.0,21536200.0
000300.SH,2012-11-23,2192.68,2184.41,2202.47,2179.73,2177.55,15.13,0.6948,28667500.0,26307600.0
000300.SH,2012-11-26,2175.6,2187.24,2191.36,2172.1,2192.68,-17.077,-0.7788,24742700.0,22231500.0
000300.SH,2012-11-27,2150.64,2168.59,2173.46,2150.22,2175.6,-24.961,-1.1473,31946700.0,26149700.0
000300.SH,2012-11-28,2129.16,2142.5,2144.8,2126.03,2150.64,-21.477,-0.9986,30009300.0,24423300.0
000300.SH,2012-11-29,2115.68,2128.8,2140.88,2114.48,2129.16,-13.485,-0.6333,29670600.0,24016300.0
000300.SH,2012-11-30,2139.66,2114.24,2142.86,2109.96,2115.68,23.985,1.1337,36406900.0,28552100.0
000300.SH,2012-12-03,2108.85,2136.7,2152.61,2108.15,2139.66,-30.811,-1.44,40186800.0,34173700.0
000300.SH,2012-12-04,2131.47,2104.93,2135.66,2102.14,2108.85,22.623,1.0728,36225900.0,31732300.0
000300.SH,2012-12-05,2207.88,2128.39,2219.09,2126.79,2131.47,76.405,3.5846,82487100.0,69109000.0
000300.SH,2012-12-06,2203.6,2205.6,2216.98,2191.23,2207.88,-4.276,-0.1937,48574700.0,42758600.0
000300.SH,2012-12-07,2246.76,2203.89,2250.53,2198.11,2203.6,43.155,1.9584,76169700.0,64996500.0
000300.SH,2012-12-10,2271.05,2254.92,2276.28,2250.44,2246.76,24.289,1.0811,73375500.0,61399800.0
000300.SH,2012-12-11,2258.5,2263.21,2274.99,2254.3,2271.05,-12.546,-0.5524,51468700.0,45088000.0
000300.SH,2012-12-12,2267.77,2257.73,2273.21,2247.95,2258.5,9.267,0.4103,45006500.0,39182500.0
000300.SH,2012-12-13,2242.64,2260.6,2266.72,2242.56,2267.77,-25.132,-1.1082,41942100.0,36665700.0
000300.SH,2012-12-14,2355.86,2245.64,2357.11,2245.64,2242.64,113.23,5.049,110893000.0,93934700.0
000300.SH,2012-12-17,2366.7,2359.2,2380.0,2358.66,2355.86,10.835,0.4599,94088200.0,85000800.0
000300.SH,2012-12-18,2368.12,2361.09,2398.63,2347.08,2366.7,1.42,0.06,85784800.0,78802800.0
000300.SH,2012-12-19,2371.11,2362.8,2387.14,2358.03,2368.12,2.989,0.1262,63292500.0,61140700.0
000300.SH,2012-12-20,2384.82,2361.32,2391.92,2346.55,2371.11,13.707,0.5781,65655500.0,63028700.0
000300.SH,2012-12-21,2372.0,2386.38,2414.22,2365.03,2384.82,-12.814,-0.5373,68714200.0,66887700.0
000300.SH,2012-12-24,2381.22,2368.01,2396.73,2367.04,2372.0,9.215,0.3885,53087000.0,54121500.0
000300.SH,2012-12-25,2448.4,2373.88,2459.3,2365.41,2381.22,67.178,2.8212,95502400.0,89877800.0
000300.SH,2012-12-26,2457.62,2445.99,2458.01,2441.64,2448.4,9.224,0.3767,71591800.0,68406200.0
000300.SH,2012-12-27,2444.59,2464.78,2479.79,2443.68,2457.62,-13.025,-0.53,73255100.0,69327600.0
000300.SH,2012-12-28,2480.05,2448.08,2481.59,2444.38,2444.59,35.455,1.4503,67166300.0,66053300.0
000300.SH,2012-12-31,2522.95,2485.56,2522.95,2485.56,2480.05,42.903,1.7299,82002300.0,81149100.0
000300.SH,2013-01-04,2524.41,2551.81,2558.53,2498.89,2522.95,1.457,0.0577,97988200.0,95579200.0
000300.SH,2013-01-07,2535.99,2518.05,2545.97,2511.6,2524.41,11.576,0.4586,75168000.0,73167500.0
000300.SH,2013-01-08,2525.33,2534.65,2540.51,2502.49,2535.99,-10.655,-0.4202,71837100.0,76498100.0
000300.SH,2013-01-09,2526.13,2518.1,2534.24,2504.3,2525.33,0.796,0.0315,70231200.0,74233600.0
000300.SH,2013-01-10,2530.57,2525.59,2553.35,2513.73,2526.13,4.443,0.1759,71085900.0,71159000.0
000300.SH,2013-01-11,2483.23,2533.5,2539.79,2473.7,2530.57,-47.339,-1.8707,74239200.0,72775900.0
000300.SH,2013-01-14,2577.73,2474.18,2583.62,2474.0,2483.23,94.495,3.8053,93554100.0,96853500.0
000300.SH,2013-01-15,2595.86,2579.13,2605.41,2576.92,2577.73,18.131,0.7034,98620800.0,101357000.0
000300.SH,2013-01-16,2577.09,2591.36,2600.09,2540.52,2595.86,-18.764,-0.7228,93536100.0,95565000.0
000300.SH,2013-01-17,2552.76,2570.71,2575.06,2539.67,2577.09,-24.334,-0.9442,69915200.0,71716100.0
000300.SH,2013-01-18,2595.44,2568.69,2607.45,2553.45,2552.76,42.681,1.672,77940300.0,77435200.0
000300.SH,2013-01-21,2610.9,2605.65,2611.2,2582.65,2595.44,15.459,0.5956,84133700.0,85357400.0
000300.SH,2013-01-22,2596.9,2610.39,2620.02,2578.18,2610.9,-14.0,-0.5362,105766000.0,102261000.0
000300.SH,2013-01-23,2607.46,2588.2,2611.41,2576.36,2596.9,10.558,0.4066,75739400.0,72758900.0
000300.SH,2013-01-24,2582.75,2606.43,2663.4,2564.21,2607.46,-24.701,-0.9473,111277000.0,109538000.0
000300.SH,2013-01-25,2571.67,2580.88,2591.51,2567.11,2582.75,-11.081,-0.429,58487400.0,60689400.0
000300.SH,2013-01-28,2651.86,2577.27,2651.97,2577.27,2571.67,80.189,3.1182,91274800.0,98173300.0
000300.SH,2013-01-29,2675.87,2655.38,2685.53,2646.15,2651.86,24.003,0.9051,101040000.0,108827000.0
000300.SH,2013-01-30,2688.71,2678.43,2689.68,2662.06,2675.87,12.845,0.48,99875000.0,100857000.0
000300.SH,2013-01-31,2686.88,2690.95,2696.88,2671.33,2688.71,-1.829,-0.068,96740100.0,94476800.0
000300.SH,2013-02-01,2743.32,2677.19,2744.32,2671.27,2686.88,56.442,2.1007,103880000.0,110561000.0
000300.SH,2013-02-04,2748.03,2753.69,2768.5,2731.08,2743.32,4.704,0.1715,127939000.0,136120000.0
000300.SH,2013-02-05,2771.68,2727.93,2779.95,2725.36,2748.03,23.647,0.8605,116131000.0,112701000.0
000300.SH,2013-02-06,2775.84,2771.91,2787.46,2765.74,2771.68,4.169,0.1504,82779300.0,88989600.0
000300.SH,2013-02-07,2759.87,2771.53,2775.97,2722.87,2775.84,-15.974,-0.5755,89978100.0,95978600.0
000300.SH,2013-02-08,2771.73,2755.65,2791.3,2747.95,2759.87,11.855,0.4295,77429600.0,82903600.0
000300.SH,2013-02-18,2737.47,2784.06,2787.74,2731.51,2771.73,-34.254,-1.2358,76438200.0,81001400.0
000300.SH,2013-02-19,2685.61,2735.04,2740.74,2674.34,2737.47,-51.865,-1.8946,80626400.0,82460800.0
000300.SH,2013-02-20,2702.64,2686.09,2703.1,2665.23,2685.61,17.029,0.6341,70019400.0,73636400.0
000300.SH,2013-02-21,2610.55,2675.74,2675.74,2584.76,2702.64,-92.086,-3.4073,100658000.0,103619000.0
000300.SH,2013-02-22,2596.6,2607.65,2618.48,2591.15,2610.55,-13.945,-0.5342,60204900.0,65899100.0
000300.SH,2013-02-25,2604.96,2607.15,2628.7,2590.79,2596.6,8.356,0.3218,53161900.0,55614500.0
000300.SH,2013-02-26,2567.59,2587.38,2631.09,2564.67,2604.96,-37.365,-1.4344,80003100.0,83374000.0
000300.SH,2013-02-27,2594.68,2576.05,2615.25,2569.38,2567.59,27.082,1.0548,63226700.0,64612300.0
000300.SH,2013-02-28,2673.33,2611.94,2673.71,2594.0,2594.68,78.65,3.0312,86922600.0,92235400.0
000300.SH,2013-03-01,2668.84,2671.84,2680.85,2627.0,2673.33,-4.491,-0.168,73343800.0,80342700.0
000300.SH,2013-03-04,2545.72,2619.42,2619.57,2528.69,2668.84,-123.121,-4.6133,110619000.0,112585000.0
000300.SH,2013-03-05,2622.81,2547.89,2623.17,2541.77,2545.72,77.092,3.0283,89661200.0,92357100.0
000300.SH,2013-03-06,2650.2,2634.87,2658.14,2620.43,2622.81,27.395,1.0445,95829600.0,95048900.0
000300.SH,2013-03-07,2619.48,2639.78,2658.97,2592.87,2650.2,-30.723,-1.1593,94082700.0,96498100.0
000300.SH,2013-03-08,2606.93,2622.68,2632.62,2601.96,2619.48,-12.552,-0.4792,59429600.0,63054600.0
000300.SH,2013-03-11,2592.37,2600.28,2611.65,2574.17,2606.93,-14.555,-0.5583,50946400.0,52460900.0
000300.SH,2013-03-12,2555.61,2590.39,2619.51,2530.25,2592.37,-36.757,-1.4179,71935100.0,71675100.0
000300.SH,2013-03-13,2527.49,2551.73,2556.77,2515.06,2555.61,-28.129,-1.1007,56430500.0,56003700.0
000300.SH,2013-03-14,2534.27,2517.75,2546.7,2514.46,2527.49,6.787,0.2685,47605800.0,49929800.0
000300.SH,2013-03-15,2539.87,2533.72,2600.09,2504.46,2534.27,5.6,0.221,81372200.0,82749900.0
000300.SH,2013-03-18,2502.49,2526.08,2544.62,2499.83,2539.87,-37.38,-1.4717,59812800.0,63093600.0
000300.SH,2013-03-19,2525.1,2507.4,2532.07,2491.85,2502.49,22.604,0.9033,54536500.0,55601000.0
000300.SH,2013-03-20,2610.17,2526.97,2610.17,2526.83,2525.1,85.077,3.3693,90700600.0,91271000.0
000300.SH,2013-03-21,2614.99,2611.58,2626.54,2598.51,2610.17,4.814,0.1844,69552800.0,71642700.0
000300.SH,2013-03-22,2618.31,2612.26,2625.53,2603.34,2614.99,3.32,0.127,55647100.0,55882100.0
000300.SH,2013-03-25,2613.1,2628.41,2641.61,2607.61,2618.31,-5.211,-0.199,56261400.0,58004900.0
000300.SH,2013-03-26,2575.05,2601.96,2607.36,2554.97,2613.1,-38.047,-1.456,63963000.0,65306600.0
000300.SH,2013-03-27,2583.53,2575.73,2611.94,2566.34,2575.05,8.48,0.3293,56906500.0,58652200.0
000300.SH,2013-03-28,2499.3,2535.99,2535.99,2495.08,2583.53,-84.228,-3.2602,87578400.0,84725900.0
000300.SH,2013-03-29,2495.08,2502.78,2509.11,2482.49,2499.3,-4.219,-0.1688,52402100.0,52055500.0
000300.SH,2013-04-01,2493.19,2486.43,2507.82,2483.73,2495.08,-1.896,-0.076,47346000.0,47159800.0
000300.SH,2013-04-02,2486.39,2495.84,2524.46,2475.0,2493.19,-6.796,-0.2726,55684200.0,55637400.0
000300.SH,2013-04-03,2483.55,2493.88,2507.14,2474.93,2486.39,-2.844,-0.1144,45564200.0,45156700.0
000300.SH,2013-04-08,2472.3,2443.24,2473.31,2429.5,2483.55,-11.248,-0.4529,53296800.0,55249300.0
000300.SH,2013-04-09,2489.43,2477.29,2505.29,2477.29,2472.3,17.131,0.6929,52389800.0,54947000.0
000300.SH,2013-04-10,2485.31,2487.98,2495.57,2466.19,2489.43,-4.121,-0.1655,47504900.0,51963800.0
000300.SH,2013-04-11,2477.88,2502.5,2508.59,2476.4,2485.31,-7.433,-0.2991,42990000.0,43039900.0
000300.SH,2013-04-12,2462.11,2476.32,2489.12,2460.18,2477.88,-15.764,-0.6362,39917300.0,40428000.0
000300.SH,2013-04-15,2436.82,2453.97,2461.67,2430.15,2462.11,-25.294,-1.0273,46539700.0,44084800.0
000300.SH,2013-04-16,2459.59,2419.51,2461.05,2416.62,2436.82,22.774,0.9346,55280600.0,53783300.0
000300.SH,2013-04-17,2458.47,2457.88,2465.2,2437.34,2459.59,-1.119,-0.0455,44692200.0,46800800.0
000300.SH,2013-04-18,2464.85,2440.71,2478.41,2434.73,2458.47,6.378,0.2594,42860700.0,46270100.0
000300.SH,2013-04-19,2533.83,2469.95,2542.45,2469.32,2464.85,68.976,2.7984,75520900.0,76723700.0
000300.SH,2013-04-22,2530.67,2525.11,2539.05,2518.26,2533.83,-3.157,-0.1246,62511900.0,63027000.0
000300.SH,2013-04-23,2449.47,2532.2,2532.2,2448.2,2530.67,-81.199,-3.2086,60654000.0,61576200.0
000300.SH,2013-04-24,2495.58,2452.78,2511.2,2446.59,2449.47,46.108,1.8824,63050900.0,62189400.0
000300.SH,2013-04-25,2467.88,2486.86,2505.48,2456.57,2495.58,-27.704,-1.1101,60557900.0,59891300.0
000300.SH,2013-04-26,2447.31,2477.72,2488.58,2439.8,2467.88,-20.569,-0.8335,47123400.0,46352000.0
000300.SH,2013-05-02,2449.64,2434.6,2453.75,2423.08,2447.31,2.333,0.0953,47016100.0,47200400.0
000300.SH,2013-05-03,2492.91,2457.54,2521.12,2457.54,2449.64,43.273,1.7665,62330100.0,63267000.0
000300.SH,2013-05-06,2525.98,2502.98,2533.85,2500.46,2492.91,33.071,1.3266,60418800.0,61768000.0
000300.SH,2013-05-07,2529.94,2519.36,2539.3,2507.76,2525.98,3.955,0.1566,54490600.0,59244900.0
000300.SH,2013-05-08,2542.8,2542.27,2562.01,2531.25,2529.94,12.86,0.5083,59554300.0,60309100.0
000300.SH,2013-05-09,2527.79,2542.37,2543.3,2507.79,2542.8,-15.004,-0.5901,60240100.0,64438300.0
000300.SH,2013-05-10,2540.84,2519.52,2546.98,2515.16,2527.79,13.042,0.5159,48816700.0,50896700.0
000300.SH,2013-05-13,2530.77,2542.41,2547.6,2516.73,2540.84,-10.068,-0.3962,54092100.0,55155100.0
000300.SH,2013-05-14,2493.34,2526.0,2526.15,2479.87,2530.77,-37.43,-1.479,54880100.0,56144600.0
000300.SH,2013-05-15,2506.93,2493.97,2507.43,2491.93,2493.34,13.587,0.5449,44189700.0,47578600.0
000300.SH,2013-05-16,2552.71,2501.12,2553.06,2487.76,2506.93,45.784,1.8263,70796200.0,76830400.0
000300.SH,2013-05-17,2592.05,2550.45,2598.71,2547.78,2552.71,39.339,1.5411,81850800.0,83599400.0
000300.SH,2013-05-20,2609.61,2597.15,2627.62,2590.05,2592.05,17.559,0.6774,86337800.0,94059400.0
000300.SH,2013-05-21,2614.85,2607.39,2617.4,2594.25,2609.61,5.246,0.201,71506000.0,75837800.0
000300.SH,2013-05-22,2618.03,2613.41,2630.07,2603.75,2614.85,3.181,0.1217,74191800.0,78224100.0
000300.SH,2013-05-23,2582.85,2604.93,2624.08,2579.35,2618.03,-35.185,-1.3439,84825400.0,81359900.0
000300.SH,2013-05-24,2597.23,2591.42,2608.35,2572.88,2582.85,14.379,0.5567,60739700.0,62831200.0
000300.SH,2013-05-27,2599.59,2593.52,2611.97,2589.74,2597.23,2.359,0.0908,64195100.0,66701700.0
000300.SH,2013-05-28,2644.36,2600.63,2644.36,2585.9,2599.59,44.772,1.7223,84196100.0,86756700.0
000300.SH,2013-05-29,2642.56,2648.93,2661.23,2640.88,2644.36,-1.798,-0.068,79277700.0,81953900.0
000300.SH,2013-05-30,2634.32,2633.96,2647.44,2623.58,2642.56,-8.238,-0.3117,70146400.0,71045100.0
000300.SH,2013-05-31,2606.43,2638.71,2645.56,2604.75,2634.32,-27.897,-1.059,62528500.0,65904400.0
000300.SH,2013-06-03,2602.62,2605.97,2625.94,2596.05,2606.43,-3.803,-0.1459,59774500.0,63008700.0
000300.SH,2013-06-04,2565.67,2600.5,2600.5,2556.06,2602.62,-36.957,-1.42,66315800.0,63139400.0
000300.SH,2013-06-05,2560.54,2565.33,2570.03,2545.19,2565.67,-5.127,-0.1998,45637200.0,47367100.0
000300.SH,2013-06-06,2527.84,2552.82,2557.68,2525.31,2560.54,-32.694,-1.2768,52496500.0,54448100.0
000300.SH,2013-06-07,2484.16,2526.91,2538.89,2475.69,2527.84,-43.685,-1.7282,61030900.0,61366200.0
000300.SH,2013-06-13,2399.94,2448.72,2448.72,2375.2,2484.16,-84.223,-3.3904,69730100.0,64081600.0
000300.SH,2013-06-14,2416.77,2404.42,2420.36,2396.49,2399.94,16.834,0.7014,55964500.0,53686800.0
000300.SH,2013-06-17,2403.84,2422.76,2427.53,2394.39,2416.77,-12.932,-0.5351,50395700.0,51983800.0
000300.SH,2013-06-18,2418.75,2413.09,2424.2,2393.32,2403.84,14.906,0.6201,48630400.0,48792100.0
000300.SH,2013-06-19,2400.76,2408.28,2408.28,2366.35,2418.75,-17.98,-0.7434,54346300.0,52980000.0
000300.SH,2013-06-20,2321.47,2386.1,2386.1,2320.23,2400.76,-79.299,-3.3031,55201000.0,52171700.0
000300.SH,2013-06-21,2317.39,2283.15,2332.84,2269.56,2321.47,-4.072,-0.1754,58705800.0,53486100.0
000300.SH,2013-06-24,2171.21,2308.07,2308.07,2164.32,2317.39,-146.184,-6.3081,86597300.0,73731900.0
000300.SH,2013-06-25,2165.42,2146.05,2169.21,2023.17,2171.21,-5.789,-0.2666,107555000.0,87090400.0
000300.SH,2013-06-26,2168.3,2170.33,2181.02,2131.86,2165.42,2.876,0.1328,79256400.0,67298400.0
000300.SH,2013-06-27,2160.74,2172.85,2200.21,2153.18,2168.3,-7.562,-0.3488,75406800.0,62927100.0
000300.SH,2013-06-28,2200.64,2149.03,2227.46,2139.37,2160.74,39.904,1.8468,79451300.0,64106000.0
000300.SH,2013-07-01,2213.32,2187.09,2213.97,2166.35,2200.64,12.678,0.5761,57726200.0,51874700.0
000300.SH,2013-07-02,2221.98,2211.8,2226.11,2191.8,2213.32,8.667,0.3916,61838800.0,59632900.0
000300.SH,2013-07-03,2203.83,2211.04,2211.04,2169.14,2221.98,-18.156,-0.8171,65836000.0,59536800.0
000300.SH,2013-07-04,2221.98,2187.18,2245.91,2176.08,2203.83,18.151,0.8236,72581100.0,67189400.0
000300.SH,2013-07-05,2226.85,2227.35,2252.03,2225.05,2221.98,4.87,0.2192,61821800.0,58424400.0
000300.SH,2013-07-08,2163.62,2194.42,2205.21,2162.19,2226.85,-63.23,-2.8394,54782500.0,49288300.0
000300.SH,2013-07-09,2162.67,2160.7,2174.79,2149.79,2163.62,-0.95,-0.0439,41494400.0,37246200.0
000300.SH,2013-07-10,2224.06,2163.1,2224.14,2157.47,2162.67,61.396,2.8389,61149800.0,54373800.0
000300.SH,2013-07-11,2326.69,2232.16,2351.22,2232.16,2224.06,102.623,4.6142,125793000.0,111330000.0
000300.SH,2013-07-12,2275.37,2319.02,2331.99,2274.07,2326.69,-51.315,-2.2055,89733100.0,82064600.0
000300.SH,2013-07-15,2307.3,2289.76,2336.04,2274.67,2275.37,31.924,1.403,74757900.0,71796200.0
000300.SH,2013-07-16,2317.85,2300.83,2317.85,2281.94,2307.3,10.551,0.4573,65624200.0,62085600.0
000300.SH,2013-07-17,2282.84,2311.44,2326.93,2281.61,2317.85,-35.012,-1.5105,67655200.0,63229100.0
000300.SH,2013-07-18,2245.33,2272.95,2282.44,2241.93,2282.84,-37.508,-1.643,57144300.0,51937200.0
000300.SH,2013-07-19,2190.48,2248.13,2257.92,2188.75,2245.33,-54.85,-2.4429,70535300.0,66179100.0
000300.SH,2013-07-22,2202.19,2170.09,2203.06,2159.81,2190.48,11.711,0.5346,53283500.0,48872900.0
000300.SH,2013-07-23,2265.84,2211.59,2276.74,2206.76,2202.19,63.656,2.8906,74809700.0,69255400.0
000300.SH,2013-07-24,2249.15,2253.38,2265.58,2217.19,2265.84,-16.694,-0.7368,69592300.0,69279800.0
000300.SH,2013-07-25,2237.68,2255.22,2268.84,2227.85,2249.15,-11.468,-0.5099,65774300.0,60558400.0
000300.SH,2013-07-26,2224.01,2226.43,2238.42,2209.81,2237.68,-13.675,-0.6111,48941100.0,45636100.0
000300.SH,2013-07-29,2175.97,2205.08,2205.08,2169.02,2224.01,-48.038,-2.16,54600900.0,49624600.0
000300.SH,2013-07-30,2189.39,2184.01,2221.59,2162.98,2175.97,13.418,0.6166,55193600.0,50907200.0
000300.SH,2013-07-31,2193.02,2211.75,2235.38,2187.21,2189.39,3.633,0.1659,48327100.0,46723500.0
000300.SH,2013-08-01,2245.36,2206.0,2245.56,2200.63,2193.02,52.343,2.3868,62604000.0,58944800.0
000300.SH,2013-08-02,2247.26,2263.5,2274.71,2244.25,2245.36,1.899,0.0846,60890900.0,58460000.0
000300.SH,2013-08-05,2278.33,2249.98,2278.33,2243.22,2247.26,31.066,1.3824,55342200.0,53623100.0
000300.SH,2013-08-06,2293.64,2270.67,2302.48,2256.72,2278.33,15.312,0.6721,73746900.0,68993600.0
000300.SH,2013-08-07,2280.62,2292.38,2313.88,2276.86,2293.64,-13.018,-0.5676,73048700.0,69560500.0
000300.SH,2013-08-08,2276.78,2277.25,2297.63,2267.07,2280.62,-3.841,-0.1684,53098400.0,52710300.0
000300.SH,2013-08-09,2286.01,2288.51,2301.59,2258.33,2276.78,9.228,0.4053,64600000.0,62664000.0
000300.SH,2013-08-12,2352.79,2296.22,2352.89,2293.18,2286.01,66.784,2.9214,97863200.0,94038900.0
000300.SH,2013-08-13,2359.07,2352.88,2360.83,2340.73,2352.79,6.274,0.2667,78393600.0,71178500.0
000300.SH,2013-08-14,2349.08,2362.62,2386.6,2340.83,2359.07,-9.988,-0.4234,75942100.0,71338200.0
000300.SH,2013-08-15,2321.58,2348.84,2362.09,2319.78,2349.08,-27.504,-1.1708,61951900.0,59411200.0
000300.SH,2013-08-16,2304.14,2314.26,2423.08,2295.02,2321.58,-17.432,-0.7509,120370000.0,104027000.0
000300.SH,2013-08-19,2331.43,2286.2,2340.19,2284.08,2304.14,27.286,1.1842,72483200.0,67064900.0
000300.SH,2013-08-20,2312.47,2325.86,2353.41,2303.67,2331.43,-18.965,-0.8134,73086300.0,67589700.0
000300.SH,2013-08-21,2308.59,2320.58,2321.64,2291.05,2312.47,-3.876,-0.1676,55007400.0,50886500.0
000300.SH,2013-08-22,2303.93,2302.67,2329.14,2297.02,2308.59,-4.657,-0.2017,55338100.0,51686300.0
000300.SH,2013-08-23,2286.93,2314.87,2321.04,2251.92,2303.93,-17.003,-0.738,68967100.0,65459800.0
000300.SH,2013-08-26,2335.62,2294.76,2336.38,2288.5,2286.93,48.687,2.1289,70371000.0,66541000.0
000300.SH,2013-08-27,2340.88,2332.8,2345.1,2322.46,2335.62,5.265,0.2254,65990300.0,62575400.0
000300.SH,2013-08-28,2328.06,2326.1,2345.36,2307.04,2340.88,-12.825,-0.5479,89256200.0,80965600.0
000300.SH,2013-08-29,2318.31,2338.56,2342.32,2308.15,2328.06,-9.745,-0.4186,66085400.0,59719900.0
000300.SH,2013-08-30,2313.91,2315.91,2334.41,2303.61,2318.31,-4.401,-0.1898,87654500.0,76696000.0
000300.SH,2013-09-02,2320.34,2319.96,2329.87,2297.45,2313.91,6.434,0.2781,79510200.0,73575900.0
000300.SH,2013-09-03,2354.5,2326.23,2354.86,2321.3,2320.34,34.158,1.4721,80554000.0,72664000.0
000300.SH,2013-09-04,2350.7,2352.54,2360.66,2345.44,2354.5,-3.803,-0.1615,78725800.0,68509000.0
000300.SH,2013-09-05,2341.74,2350.93,2351.22,2336.75,2350.7,-8.964,-0.3813,62951400.0,59606100.0
000300.SH,2013-09-06,2357.78,2336.77,2361.18,2335.93,2341.74,16.047,0.6853,73340100.0,63916900.0
000300.SH,2013-09-09,2440.61,2374.26,2449.25,2372.69,2357.78,82.827,3.5129,149890000.0,127300000.0
000300.SH,2013-09-10,2474.89,2446.45,2475.2,2435.83,2440.61,34.285,1.4048,154856000.0,130648000.0
000300.SH,2013-09-11,2482.89,2483.79,2504.47,2471.62,2474.89,7.995,0.323,166915000.0,142830000.0
000300.SH,2013-09-12,2507.46,2480.47,2527.38,2469.72,2482.89,24.566,0.9894,145173000.0,126116000.0
000300.SH,2013-09-13,2488.9,2502.54,2515.78,2481.45,2507.46,-18.553,-0.7399,110775000.0,98275000.0
000300.SH,2013-09-16,2478.39,2501.08,2503.69,2467.13,2488.9,-10.512,-0.4224,105383000.0,97043800.0
000300.SH,2013-09-17,2427.32,2480.81,2481.71,2426.46,2478.39,-51.068,-2.0605,99460000.0,93115100.0
000300.SH,2013-09-18,2432.51,2426.04,2439.63,2407.24,2427.32,5.188,0.2137,71040800.0,69341300.0
000300.SH,2013-09-23,2472.29,2441.52,2473.16,2439.99,2432.51,39.778,1.6353,80128400.0,80920700.0
000300.SH,2013-09-24,2443.89,2470.72,2470.75,2420.08,2472.29,-28.403,-1.1489,97853000.0,96769800.0
000300.SH,2013-09-25,2429.03,2440.83,2455.04,2423.28,2443.89,-14.855,-0.6078,90518400.0,89119200.0
000300.SH,2013-09-26,2384.44,2422.63,2422.63,2382.53,2429.03,-44.587,-1.8356,86236800.0,84183900.0
000300.SH,2013-09-27,2394.97,2382.22,2402.2,2379.86,2384.44,10.528,0.4415,65971500.0,66384000.0
000300.SH,2013-09-30,2409.04,2406.21,2415.07,2397.22,2394.97,14.066,0.5873,59514000.0,60990100.0
000300.SH,2013-10-08,2441.81,2406.42,2446.7,2392.57,2409.04,32.774,1.3605,84785500.0,84229900.0
000300.SH,2013-10-09,2453.58,2432.94,2453.75,2424.77,2441.81,11.772,0.4821,76277600.0,76128300.0
000300.SH,2013-10-10,2429.32,2455.64,2455.98,2422.02,2453.58,-24.266,-0.989,90329700.0,89468000.0
000300.SH,2013-10-11,2468.51,2442.36,2471.17,2439.63,2429.32,39.191,1.6133,93388300.0,91811500.0
000300.SH,2013-10-14,2472.54,2472.27,2483.13,2462.55,2468.51,4.034,0.1634,100081000.0,99109200.0
000300.SH,2013-10-15,2467.52,2475.32,2479.13,2449.42,2472.54,-5.025,-0.2032,89173500.0,86100800.0
000300.SH,2013-10-16,2421.37,2459.08,2459.08,2409.72,2467.52,-46.146,-1.8701,88979800.0,83150800.0
000300.SH,2013-10-17,2413.33,2432.65,2440.92,2407.78,2421.37,-8.041,-0.3321,71222500.0,67722900.0
000300.SH,2013-10-18,2426.05,2415.12,2435.71,2410.6,2413.33,12.724,0.5272,60291600.0,59138800.0
000300.SH,2013-10-21,2471.32,2431.92,2472.78,2423.56,2426.05,45.268,1.8659,84909800.0,82223100.0
000300.SH,2013-10-22,2445.89,2470.25,2470.25,2439.86,2471.32,-25.431,-1.029,90703000.0,83412100.0
000300.SH,2013-10-23,2418.49,2451.56,2474.37,2412.48,2445.89,-27.4,-1.1202,91545400.0,83286800.0
000300.SH,2013-10-24,2400.51,2412.24,2422.94,2395.47,2418.49,-17.98,-0.7434,64560800.0,60427200.0
000300.SH,2013-10-25,2368.56,2400.52,2413.33,2353.99,2400.51,-31.952,-1.331,77070200.0,70778100.0
000300.SH,2013-10-28,2365.95,2372.57,2377.25,2351.86,2368.56,-2.605,-0.11,62876200.0,56602100.0
000300.SH,2013-10-29,2372.05,2369.22,2408.62,2327.9,2365.95,6.099,0.2578,106738000.0,91741600.0
000300.SH,2013-10-30,2407.47,2371.85,2407.85,2365.51,2372.05,35.418,1.4931,92178100.0,75735100.0
000300.SH,2013-10-31,2373.72,2398.4,2398.4,2370.23,2407.47,-33.753,-1.402,82737000.0,70393900.0
000300.SH,2013-11-01,2384.96,2373.96,2395.0,2365.15,2373.72,11.242,0.4736,63055800.0,57820000.0
000300.SH,2013-11-04,2380.45,2397.21,2404.9,2376.35,2384.96,-4.506,-0.1889,51798500.0,48959500.0
000300.SH,2013-11-05,2383.77,2366.88,2385.69,2343.8,2380.45,3.315,0.1393,62084500.0,56935500.0
000300.SH,2013-11-06,2353.57,2371.32,2383.54,2352.79,2383.77,-30.201,-1.2669,63776700.0,59536900.0
000300.SH,2013-11-07,2340.55,2351.87,2356.67,2328.25,2353.57,-13.016,-0.553,54821700.0,50942600.0
000300.SH,2013-11-08,2307.95,2329.08,2342.67,2306.04,2340.55,-32.607,-1.3931,53788500.0,48565000.0
000300.SH,2013-11-11,2315.89,2305.94,2325.23,2295.0,2307.95,7.944,0.3442,45739500.0,42566500.0
000300.SH,2013-11-12,2340.0,2319.36,2342.53,2316.6,2315.89,24.111,1.0411,52687500.0,49854800.0
000300.SH,2013-11-13,2288.12,2325.36,2325.56,2287.55,2340.0,-51.884,-2.2173,59848800.0,53183100.0
000300.SH,2013-11-14,2304.5,2291.27,2305.7,2279.01,2288.12,16.385,0.7161,57310400.0,51945100.0
000300.SH,2013-11-15,2350.73,2306.55,2377.21,2306.55,2304.5,46.233,2.0062,86391800.0,83147900.0
000300.SH,2013-11-18,2428.9,2367.88,2429.57,2361.04,2350.73,78.169,3.3253,110035000.0,108550000.0
000300.SH,2013-11-19,2412.16,2427.93,2427.93,2405.08,2428.9,-16.74,-0.6892,78648300.0,79884900.0
000300.SH,2013-11-20,2424.85,2428.77,2435.43,2406.42,2412.16,12.687,0.526,72291800.0,67741400.0
000300.SH,2013-11-21,2409.99,2412.45,2415.38,2382.88,2424.85,-14.861,-0.6129,87706700.0,82220500.0
000300.SH,2013-11-22,2397.96,2415.29,2419.0,2393.58,2409.99,-12.027,-0.499,75000700.0,70052200.0
000300.SH,2013-11-25,2388.63,2385.78,2418.85,2380.69,2397.96,-9.333,-0.3892,66144700.0,63811300.0
000300.SH,2013-11-26,2387.42,2387.83,2399.02,2380.41,2388.63,-1.213,-0.0508,59185900.0,53334200.0
000300.SH,2013-11-27,2414.48,2386.36,2422.81,2383.78,2387.42,27.065,1.1337,75294100.0,70744800.0
000300.SH,2013-11-28,2439.53,2419.15,2460.56,2417.24,2414.48,25.049,1.0374,90660400.0,86852400.0
000300.SH,2013-11-29,2438.94,2442.68,2446.4,2432.39,2439.53,-0.586,-0.024,61803700.0,61907400.0
000300.SH,2013-12-02,2418.79,2423.97,2464.86,2397.01,2438.94,-20.156,-0.8264,119655000.0,112922000.0
000300.SH,2013-12-03,2442.78,2410.69,2448.33,2406.66,2418.79,23.996,0.9921,74455800.0,72045200.0
000300.SH,2013-12-04,2475.14,2439.82,2486.64,2434.69,2442.78,32.351,1.3243,102650000.0,94783900.0
000300.SH,2013-12-05,2468.2,2476.45,2481.75,2460.58,2475.14,-6.938,-0.2803,77708900.0,72999900.0
000300.SH,2013-12-06,2452.29,2463.04,2470.81,2445.62,2468.2,-15.91,-0.6446,66114100.0,64843200.0
000300.SH,2013-12-09,2450.87,2460.03,2468.95,2445.94,2452.29,-1.415,-0.0577,57164900.0,57634500.0
000300.SH,2013-12-10,2453.32,2456.23,2466.66,2444.53,2450.87,2.45,0.1,66941400.0,61236700.0
000300.SH,2013-12-11,2412.76,2440.5,2440.5,2400.74,2453.32,-40.559,-1.6532,68075100.0,62808900.0
000300.SH,2013-12-12,2410.01,2406.77,2423.31,2402.77,2412.76,-2.748,-0.1139,50147700.0,47481400.0
000300.SH,2013-12-13,2406.64,2388.66,2416.26,2386.25,2410.01,-3.376,-0.1401,51501200.0,47583500.0
000300.SH,2013-12-16,2367.92,2408.68,2412.73,2367.43,2406.64,-38.716,-1.6087,64581700.0,62107900.0
000300.SH,2013-12-17,2356.38,2369.25,2373.29,2351.18,2367.92,-11.547,-0.4876,48483900.0,46306100.0
000300.SH,2013-12-18,2357.23,2356.7,2368.58,2350.45,2356.38,0.85,0.0361,40015200.0,39675300.0
000300.SH,2013-12-19,2332.41,2366.21,2370.99,2331.19,2357.23,-24.816,-1.0528,48095700.0,45148900.0
000300.SH,2013-12-20,2278.14,2335.05,2338.88,2278.1,2332.41,-54.274,-2.3269,65204200.0,60862100.0
000300.SH,2013-12-23,2284.6,2283.8,2295.76,2259.57,2278.14,6.466,0.2838,45580300.0,44415300.0
000300.SH,2013-12-24,2288.25,2291.12,2312.83,2270.25,2284.6,3.646,0.1596,45599200.0,45173200.0
000300.SH,2013-12-25,2305.11,2291.75,2305.61,2281.6,2288.25,16.862,0.7369,44005300.0,41203000.0
000300.SH,2013-12-26,2265.33,2299.97,2301.49,2263.92,2305.11,-39.776,-1.7256,51497600.0,48603000.0
000300.SH,2013-12-27,2303.48,2268.53,2315.18,2264.39,2265.33,38.144,1.6838,53389200.0,51197900.0
000300.SH,2013-12-30,2299.46,2313.38,2316.62,2295.64,2303.48,-4.02,-0.1745,48414300.0,46156400.0
000300.SH,2013-12-31,2330.03,2289.01,2333.07,2287.12,2299.46,30.568,1.3294,56631100.0,57026500.0
000300.SH,2014-01-02,2321.98,2323.43,2325.99,2310.65,2330.03,-8.048,-0.3454,45194300.0,49012200.0
000300.SH,2014-01-03,2290.78,2311.97,2314.84,2280.89,2321.98,-31.199,-1.3436,59782600.0,57739700.0
000300.SH,2014-01-06,2238.64,2286.37,2286.37,2229.33,2290.78,-52.142,-2.2762,66300400.0,59979400.0
000300.SH,2014-01-07,2238.0,2222.31,2246.79,2218.65,2238.64,-0.636,-0.0284,43753100.0,42565600.0
000300.SH,2014-01-08,2241.91,2240.64,2262.58,2228.42,2238.0,3.91,0.1747,51348900.0,50691500.0
000300.SH,2014-01-09,2222.22,2236.97,2258.89,2220.8,2241.91,-19.69,-0.8783,55987000.0,54399500.0
000300.SH,2014-01-10,2204.85,2216.52,2224.49,2200.22,2222.22,-17.37,-0.7817,54169300.0,47572300.0
000300.SH,2014-01-13,2193.68,2207.0,2222.07,2183.6,2204.85,-11.172,-0.5067,50122800.0,46123000.0
000300.SH,2014-01-14,2212.85,2192.84,2214.12,2179.91,2193.68,19.167,0.8737,54049900.0,46785100.0
000300.SH,2014-01-15,2208.94,2210.02,2215.9,2193.8,2212.85,-3.905,-0.1765,48962400.0,45755900.0
000300.SH,2014-01-16,2211.84,2209.45,2227.26,2201.56,2208.94,2.903,0.1314,52298900.0,49842800.0
000300.SH,2014-01-17,2178.49,2203.82,2205.97,2175.88,2211.84,-33.356,-1.5081,50273200.0,46268200.0
000300.SH,2014-01-20,2165.99,2173.65,2182.46,2156.46,2178.49,-12.495,-0.5736,40560200.0,39157200.0
000300.SH,2014-01-21,2187.41,2168.42,2197.92,2168.42,2165.99,21.417,0.9888,40306200.0,38591000.0
000300.SH,2014-01-22,2243.8,2190.43,2244.13,2187.53,2187.41,56.386,2.5778,70641400.0,64803400.0
000300.SH,2014-01-23,2231.89,2242.25,2248.92,2228.06,2243.8,-11.907,-0.5307,56346000.0,55726400.0
000300.SH,2014-01-24,2245.68,2225.76,2257.35,2222.89,2231.89,13.789,0.6178,61167700.0,59563400.0
000300.SH,2014-01-27,2215.92,2233.01,2233.23,2211.8,2245.68,-29.759,-1.3252,70344200.0,63504000.0
000300.SH,2014-01-28,2219.85,2220.78,2233.26,2205.97,2215.92,3.936,0.1776,53269100.0,49408800.0
000300.SH,2014-01-29,2227.78,2225.71,2233.06,2219.93,2219.85,7.926,0.3571,50222700.0,48788700.0
000300.SH,2014-01-30,2202.45,2223.16,2223.16,2200.22,2227.78,-25.331,-1.1371,43632300.0,43476000.0
000300.SH,2014-02-07,2212.48,2187.34,2212.5,2177.12,2202.45,10.033,0.4555,50459300.0,49597100.0
000300.SH,2014-02-10,2267.53,2221.54,2270.19,2221.54,2212.48,55.051,2.4882,83065700.0,81103200.0
000300.SH,2014-02-11,2285.56,2267.74,2296.52,2262.6,2267.53,18.028,0.795,99229800.0,92689000.0
000300.SH,2014-02-12,2291.25,2286.19,2294.32,2276.44,2285.56,5.684,0.2487,76592200.0,73487400.0
000300.SH,2014-02-13,2279.55,2288.45,2307.47,2278.26,2291.25,-11.692,-0.5103,96217800.0,87352100.0
000300.SH,2014-02-14,2295.57,2278.4,2295.85,2274.43,2279.55,16.021,0.7028,67083000.0,64613300.0
000300.SH,2014-02-17,2311.65,2308.79,2315.58,2293.55,2295.57,16.072,0.7001,87831700.0,86871400.0
000300.SH,2014-02-18,2282.44,2310.31,2310.31,2276.11,2311.65,-29.205,-1.2634,87049700.0,88107300.0
000300.SH,2014-02-19,2308.66,2280.93,2317.42,2274.15,2282.44,26.214,1.1485,99352600.0,88341900.0
000300.SH,2014-02-20,2287.44,2314.09,2331.7,2286.2,2308.66,-21.22,-0.9191,106440000.0,91771600.0
000300.SH,2014-02-21,2264.29,2284.03,2287.87,2250.65,2287.44,-23.142,-1.0117,76369000.0,69908200.0
000300.SH,2014-02-24,2214.51,2246.72,2246.72,2194.16,2264.29,-49.785,-2.1987,89215900.0,79599100.0
000300.SH,2014-02-25,2157.91,2216.51,2225.21,2150.09,2214.51,-56.6,-2.5559,93237600.0,88306600.0
000300.SH,2014-02-26,2163.41,2147.74,2164.7,2137.08,2157.91,5.496,0.2547,77993300.0,68640600.0
000300.SH,2014-02-27,2154.11,2170.81,2180.06,2150.14,2163.41,-9.297,-0.4297,90104300.0,81588000.0
000300.SH,2014-02-28,2178.97,2149.45,2180.47,2133.55,2154.11,24.863,1.1542,76668100.0,70216800.0
000300.SH,2014-03-03,2190.37,2173.91,2194.22,2167.91,2178.97,11.399,0.5231,82072300.0,69408700.0
000300.SH,2014-03-04,2184.27,2183.86,2188.6,2161.59,2190.37,-6.097,-0.2784,73069200.0,64691400.0
000300.SH,2014-03-05,2163.98,2187.35,2189.09,2159.59,2184.27,-20.297,-0.9292,61332000.0,55669700.0
000300.SH,2014-03-06,2173.63,2159.4,2181.43,2136.45,2163.98,9.658,0.4463,69093800.0,61495000.0
000300.SH,2014-03-07,2168.36,2170.04,2189.39,2161.44,2173.63,-5.276,-0.2427,64265200.0,58693200.0
000300.SH,2014-03-10,2097.79,2149.68,2149.68,2095.07,2168.36,-70.571,-3.2546,71416400.0,63086400.0
000300.SH,2014-03-11,2108.66,2092.61,2118.79,2088.73,2097.79,10.874,0.5184,57621200.0,53075800.0
000300.SH,2014-03-12,2114.13,2102.8,2130.59,2090.76,2108.66,5.473,0.2595,70069700.0,60115200.0
000300.SH,2014-03-13,2140.33,2119.55,2149.44,2115.99,2114.13,26.199,1.2392,69226000.0,59163100.0
000300.SH,2014-03-14,2122.84,2129.87,2140.38,2109.57,2140.33,-17.497,-0.8175,58617700.0,49805200.0
000300.SH,2014-03-17,2143.04,2132.79,2143.2,2118.95,2122.84,20.202,0.9517,52409400.0,47571300.0
000300.SH,2014-03-18,2138.13,2146.12,2152.46,2134.92,2143.04,-4.905,-0.2289,55354100.0,54188400.0
000300.SH,2014-03-19,2120.87,2131.28,2131.28,2101.28,2138.13,-17.263,-0.8074,59303900.0,55283900.0
000300.SH,2014-03-20,2086.97,2116.19,2134.79,2086.5,2120.87,-33.903,-1.5985,67631300.0,58951600.0
000300.SH,2014-03-21,2158.8,2079.87,2163.23,2077.76,2086.97,71.831,3.4419,104025000.0,83560500.0
000300.SH,2014-03-24,2176.55,2161.9,2186.73,2150.87,2158.8,17.756,0.8225,104492000.0,81203900.0
000300.SH,2014-03-25,2174.44,2170.78,2191.49,2164.67,2176.55,-2.114,-0.0971,86877500.0,67548500.0
000300.SH,2014-03-26,2171.05,2181.23,2186.08,2165.22,2174.44,-3.393,-0.156,58276200.0,50116000.0
000300.SH,2014-03-27,2155.71,2168.34,2186.89,2146.92,2171.05,-15.34,-0.7066,71275100.0,62175900.0
000300.SH,2014-03-28,2151.97,2154.51,2172.67,2144.58,2155.71,-3.742,-0.1736,70086100.0,60123300.0
000300.SH,2014-03-31,2146.3,2156.05,2165.25,2134.42,2151.97,-5.66,-0.263,55457500.0,48105000.0
000300.SH,2014-04-01,2163.11,2143.72,2170.09,2141.15,2146.3,16.81,0.7832,48866400.0,43659100.0
000300.SH,2014-04-02,2180.73,2166.07,2182.68,2164.01,2163.11,17.612,0.8142,65039300.0,56777200.0
000300.SH,2014-04-03,2165.01,2188.64,2196.14,2160.75,2180.73,-15.719,-0.7208,71536000.0,57708900.0
000300.SH,2014-04-04,2185.47,2157.98,2186.15,2155.28,2165.01,20.464,0.9452,47945900.0,43912600.0
000300.SH,2014-04-08,2237.32,2179.92,2243.97,2178.91,2185.47,51.844,2.3722,97219100.0,85692900.0
000300.SH,2014-04-09,2238.62,2239.79,2246.79,2228.99,2237.32,1.304,0.0583,66357300.0,61178600.0
000300.SH,2014-04-10,2273.76,2241.45,2290.74,2229.51,2238.62,35.141,1.5698,114545000.0,101617000.0
000300.SH,2014-04-11,2270.67,2269.56,2281.1,2261.13,2273.76,-3.095,-0.1361,90615900.0,86154900.0
000300.SH,2014-04-14,2268.61,2267.94,2275.83,2255.46,2270.67,-2.053,-0.0904,62265000.0,60254200.0
000300.SH,2014-04-15,2229.46,2261.41,2261.47,2225.69,2268.61,-39.15,-1.7257,68218100.0,62599100.0
000300.SH,2014-04-16,2232.53,2223.47,2245.31,2221.15,2229.46,3.063,0.1374,51678000.0,47770200.0
000300.SH,2014-04-17,2224.8,2238.78,2241.62,2221.95,2232.53,-7.723,-0.3459,48333600.0,45096400.0
000300.SH,2014-04-18,2224.48,2215.88,2228.77,2203.05,2224.8,-0.324,-0.0146,50758000.0,45709600.0
000300.SH,2014-04-21,2187.25,2209.94,2231.71,2186.75,2224.48,-37.231,-1.6737,56278300.0,51856100.0
000300.SH,2014-04-22,2196.79,2184.02,2196.85,2165.07,2187.25,9.547,0.4365,57094700.0,52352000.0
000300.SH,2014-04-23,2194.67,2191.23,2205.59,2187.39,2196.79,-2.127,-0.0968,47763500.0,45191200.0
000300.SH,2014-04-24,2190.47,2192.77,2209.45,2186.76,2194.67,-4.194,-0.1911,45058900.0,41927000.0
000300.SH,2014-04-25,2167.83,2195.81,2201.71,2167.64,2190.47,-22.648,-1.0339,60245400.0,52092000.0
000300.SH,2014-04-28,2134.97,2165.77,2171.39,2132.7,2167.83,-32.857,-1.5157,60485200.0,49998800.0
000300.SH,2014-04-29,2158.47,2134.41,2159.38,2131.78,2134.97,23.501,1.1008,48204900.0,41550400.0
000300.SH,2014-04-30,2158.66,2158.76,2164.18,2153.12,2158.47,0.189,0.0088,45334600.0,39493000.0
000300.SH,2014-05-05,2156.47,2152.59,2161.7,2131.23,2158.66,-2.189,-0.1014,49344100.0,41470400.0
000300.SH,2014-05-06,2157.33,2151.39,2173.62,2150.11,2156.47,0.858,0.0398,48086500.0,41486500.0
000300.SH,2014-05-07,2137.32,2151.47,2153.72,2136.99,2157.33,-20.012,-0.9276,44607500.0,37751000.0
000300.SH,2014-05-08,2135.5,2132.04,2168.21,2128.32,2137.32,-1.82,-0.0852,48332500.0,40729800.0
000300.SH,2014-05-09,2133.91,2138.84,2141.56,2120.59,2135.5,-1.585,-0.0742,49181100.0,40242700.0
000300.SH,2014-05-12,2180.05,2150.31,2184.33,2139.48,2133.91,46.143,2.1624,83472600.0,66275500.0
000300.SH,2014-05-13,2174.85,2180.06,2185.05,2167.77,2180.05,-5.202,-0.2386,64912500.0,50241300.0
000300.SH,2014-05-14,2172.37,2175.09,2184.22,2169.0,2174.85,-2.48,-0.114,48514200.0,39214100.0
000300.SH,2014-05-15,2144.08,2169.28,2171.45,2142.34,2172.37,-28.288,-1.3022,46734000.0,38938500.0
000300.SH,2014-05-16,2145.95,2143.93,2150.5,2132.19,2144.08,1.868,0.0871,42253200.0,34987600.0
000300.SH,2014-05-19,2115.14,2139.36,2139.36,2105.71,2145.95,-30.809,-1.4357,42893600.0,37136000.0
000300.SH,2014-05-20,2115.77,2124.71,2131.57,2110.72,2115.14,0.628,0.0297,37299700.0,31576300.0
000300.SH,2014-05-21,2135.91,2106.76,2136.1,2096.51,2115.77,20.134,0.9516,38946000.0,32246800.0
000300.SH,2014-05-22,2130.87,2134.09,2160.91,2128.86,2135.91,-5.037,-0.2358,46252700.0,39227500.0
000300.SH,2014-05-23,2148.41,2130.77,2148.58,2128.66,2130.87,17.546,0.8234,37623100.0,32420000.0
000300.SH,2014-05-26,2155.98,2161.89,2165.42,2147.45,2148.41,7.562,0.352,39550700.0,37788500.0
000300.SH,2014-05-27,2147.28,2154.4,2160.03,2145.75,2155.98,-8.696,-0.4033,35897200.0,32374300.0
000300.SH,2014-05-28,2169.35,2147.47,2171.17,2142.01,2147.28,22.072,1.0279,50056300.0,45627600.0
000300.SH,2014-05-29,2155.16,2171.26,2178.09,2154.93,2169.35,-14.188,-0.654,44891600.0,41076900.0
000300.SH,2014-05-30,2156.46,2156.38,2166.91,2146.22,2155.16,1.3,0.0603,43923900.0,39769200.0
000300.SH,2014-06-03,2149.92,2157.64,2169.0,2149.29,2156.46,-6.546,-0.3036,41983000.0,37906200.0
000300.SH,2014-06-04,2128.27,2149.41,2149.45,2117.31,2149.92,-21.644,-1.0067,41817200.0,35607000.0
000300.SH,2014-06-05,2150.6,2126.61,2150.93,2123.52,2128.27,22.328,1.0491,36477400.0,33050800.0
000300.SH,2014-06-06,2134.72,2149.21,2149.78,2123.98,2150.6,-15.886,-0.7387,35738100.0,32415600.0
000300.SH,2014-06-09,2134.28,2128.23,2153.9,2126.67,2134.72,-0.435,-0.0204,39311100.0,35326700.0
000300.SH,2014-06-10,2161.27,2138.67,2161.53,2132.45,2134.28,26.987,1.2645,50507900.0,44416100.0
000300.SH,2014-06-11,2160.77,2156.15,2163.61,2152.08,2161.27,-0.502,-0.0232,42563700.0,37311100.0
000300.SH,2014-06-12,2153.41,2156.76,2160.99,2148.41,2160.77,-7.356,-0.3404,43025800.0,37252000.0
000300.SH,2014-06-13,2176.24,2150.99,2183.65,2150.57,2153.41,22.832,1.0603,59252900.0,51765500.0
000300.SH,2014-06-16,2191.85,2176.44,2196.34,2174.28,2176.24,15.613,0.7174,63296900.0,56904300.0
000300.SH,2014-06-17,2169.67,2185.68,2185.68,2168.45,2191.85,-22.181,-1.012,49933700.0,46245000.0
000300.SH,2014-06-18,2160.24,2169.25,2172.55,2158.5,2169.67,-9.435,-0.4349,49463900.0,42538100.0
000300.SH,2014-06-19,2126.91,2161.43,2166.41,2119.5,2160.24,-33.332,-1.543,53162600.0,46029700.0
000300.SH,2014-06-20,2136.73,2124.96,2137.03,2120.81,2126.91,9.822,0.4618,42393700.0,35425700.0
000300.SH,2014-06-23,2134.11,2137.93,2147.23,2132.45,2136.73,-2.619,-0.1226,41179300.0,37112400.0
000300.SH,2014-06-24,2144.82,2131.69,2145.21,2130.29,2134.11,10.711,0.5019,40164400.0,38778500.0
000300.SH,2014-06-25,2133.37,2141.73,2141.73,2126.03,2144.82,-11.45,-0.5338,37666100.0,33809300.0
000300.SH,2014-06-26,2149.08,2135.16,2151.11,2134.89,2133.37,15.705,0.7362,44351200.0,40601800.0
000300.SH,2014-06-27,2150.26,2146.37,2159.53,2138.93,2149.08,1.182,0.055,52722900.0,45525700.0
000300.SH,2014-06-30,2165.12,2152.31,2168.22,2152.31,2150.26,14.86,0.6911,54304200.0,50277600.0
000300.SH,2014-07-01,2164.56,2169.2,2171.15,2157.13,2165.12,-0.559,-0.0258,53323100.0,49936300.0
000300.SH,2014-07-02,2170.87,2164.0,2171.51,2155.61,2164.56,6.308,0.2914,59685500.0,53273700.0
000300.SH,2014-07-03,2180.19,2169.0,2184.96,2164.84,2170.87,9.325,0.4296,63690700.0,56024900.0
000300.SH,2014-07-04,2178.7,2180.45,2183.8,2174.07,2180.19,-1.497,-0.0687,52851100.0,47990000.0
000300.SH,2014-07-07,2176.29,2178.55,2186.2,2171.08,2178.7,-2.406,-0.1104,50242300.0,47663900.0
000300.SH,2014-07-08,2180.47,2174.83,2180.78,2163.36,2176.29,4.184,0.1923,50743600.0,46017300.0
000300.SH,2014-07-09,2148.71,2178.14,2178.51,2148.26,2180.47,-31.763,-1.4567,62022000.0,58980200.0
000300.SH,2014-07-10,2142.85,2146.6,2151.77,2139.52,2148.71,-5.863,-0.2729,55732500.0,50931700.0
000300.SH,2014-07-11,2148.01,2136.32,2154.74,2134.79,2142.85,5.162,0.2409,61374300.0,51551800.0
000300.SH,2014-07-14,2171.76,2149.54,2171.9,2145.28,2148.01,23.749,1.1056,66158900.0,60467100.0
000300.SH,2014-07-15,2174.98,2170.09,2176.27,2165.21,2171.76,3.218,0.1482,71815700.0,64304900.0
000300.SH,2014-07-16,2170.87,2172.82,2183.25,2166.77,2174.98,-4.108,-0.1889,81560200.0,61126100.0
000300.SH,2014-07-17,2157.07,2166.83,2166.93,2147.08,2170.87,-13.8,-0.6357,59453600.0,46354600.0
000300.SH,2014-07-18,2164.14,2147.66,2176.32,2145.45,2157.07,7.076,0.328,65473300.0,53758900.0
000300.SH,2014-07-21,2166.29,2164.22,2171.94,2158.96,2164.14,2.151,0.0994,54172300.0,47731600.0
000300.SH,2014-07-22,2192.7,2162.44,2197.59,2162.24,2166.29,26.403,1.2188,78542600.0,66806100.0
000300.SH,2014-07-23,2197.83,2191.39,2210.28,2190.55,2192.7,5.135,0.2342,84213900.0,69178000.0
000300.SH,2014-07-24,2237.01,2199.83,2239.81,2199.83,2197.83,39.182,1.7828,119436000.0,99964400.0
000300.SH,2014-07-25,2260.45,2243.07,2260.89,2239.07,2237.01,23.439,1.0478,98972800.0,81994600.0
000300.SH,2014-07-28,2323.9,2272.38,2331.47,2272.38,2260.45,63.443,2.8066,179869000.0,145277000.0
000300.SH,2014-07-29,2331.37,2326.04,2342.77,2316.22,2323.9,7.472,0.3215,134270000.0,112177000.0
000300.SH,2014-07-30,2322.01,2324.69,2339.04,2316.06,2331.37,-9.358,-0.4014,123023000.0,103362000.0
000300.SH,2014-07-31,2350.25,2321.97,2350.55,2316.58,2322.01,28.24,1.2162,110988000.0,93135600.0
000300.SH,2014-08-01,2329.4,2341.23,2371.5,2328.97,2350.25,-20.849,-0.8871,126317000.0,106125000.0
000300.SH,2014-08-04,2375.62,2336.63,2375.62,2332.14,2329.4,46.218,1.9841,116714000.0,101302000.0
000300.SH,2014-08-05,2369.35,2376.8,2380.77,2353.79,2375.62,-6.267,-0.2638,111862000.0,97907000.0
000300.SH,2014-08-06,2363.22,2358.21,2371.67,2334.33,2369.35,-6.132,-0.2588,116342000.0,96681300.0
000300.SH,2014-08-07,2327.46,2363.61,2369.2,2326.27,2363.22,-35.764,-1.5134,116729000.0,94254500.0
000300.SH,2014-08-08,2331.13,2329.18,2339.27,2319.29,2327.46,3.677,0.158,86739700.0,72605700.0
000300.SH,2014-08-11,2365.35,2338.01,2367.0,2337.01,2331.13,34.215,1.4677,91601200.0,82973900.0
000300.SH,2014-08-12,2357.05,2361.17,2361.17,2344.72,2365.35,-8.297,-0.3508,91822600.0,82973800.0
000300.SH,2014-08-13,2358.9,2358.46,2370.51,2335.69,2357.05,1.849,0.0784,110448000.0,94185300.0
000300.SH,2014-08-14,2335.95,2357.2,2363.18,2334.08,2358.9,-22.956,-0.9732,97969500.0,84251400.0
000300.SH,2014-08-15,2360.64,2337.99,2366.9,2333.12,2335.95,24.69,1.057,93592500.0,81888200.0
000300.SH,2014-08-18,2374.56,2366.27,2379.8,2361.2,2360.64,13.927,0.59,104510000.0,90148900.0
000300.SH,2014-08-19,2374.77,2378.89,2379.47,2358.97,2374.56,0.206,0.0087,115850000.0,102743000.0
000300.SH,2014-08-20,2366.14,2371.65,2375.48,2360.84,2374.77,-8.628,-0.3633,101288000.0,91374800.0
000300.SH,2014-08-21,2354.24,2365.73,2367.46,2333.3,2366.14,-11.896,-0.5028,100690000.0,92192100.0
000300.SH,2014-08-22,2365.36,2352.32,2368.46,2350.99,2354.24,11.12,0.4723,89823900.0,85642500.0
000300.SH,2014-08-25,2342.86,2367.02,2367.61,2338.46,2365.36,-22.501,-0.9513,97373700.0,85182500.0
000300.SH,2014-08-26,2324.09,2339.6,2350.39,2317.18,2342.86,-18.771,-0.8012,93844200.0,83135000.0
000300.SH,2014-08-27,2327.59,2323.79,2336.74,2322.89,2324.09,3.503,0.1507,67676200.0,62448700.0
000300.SH,2014-08-28,2311.28,2328.06,2336.36,2309.64,2327.59,-16.317,-0.701,70490700.0,66196000.0
000300.SH,2014-08-29,2338.29,2317.3,2338.77,2313.26,2311.28,27.009,1.1686,63211400.0,58360000.0
000300.SH,2014-09-01,2355.32,2340.93,2355.55,2338.53,2338.29,17.03,0.7283,77320900.0,73362200.0
000300.SH,2014-09-02,2386.46,2359.86,2387.66,2349.95,2355.32,31.143,1.3222,114437000.0,106926000.0
000300.SH,2014-09-03,2408.84,2389.69,2414.26,2389.68,2386.46,22.378,0.9377,129734000.0,123629000.0
000300.SH,2014-09-04,2426.22,2411.93,2427.3,2404.08,2408.84,17.386,0.7218,111272000.0,108295000.0
000300.SH,2014-09-05,2449.26,2433.17,2450.63,2427.99,2426.22,23.035,0.9494,133552000.0,123349000.0
000300.SH,2014-09-09,2445.22,2452.23,2454.89,2437.08,2449.26,-4.035,-0.1647,118194000.0,107795000.0
000300.SH,2014-09-10,2432.43,2435.59,2437.08,2422.65,2445.22,-12.791,-0.5231,109176000.0,97472700.0
000300.SH,2014-09-11,2423.45,2430.68,2461.47,2417.27,2432.43,-8.979,-0.3691,132983000.0,127203000.0
000300.SH,2014-09-12,2438.36,2418.75,2438.36,2412.62,2423.45,14.904,0.615,109160000.0,96625800.0
000300.SH,2014-09-15,2437.19,2433.0,2439.25,2418.96,2438.36,-1.169,-0.0479,122247000.0,112508000.0
000300.SH,2014-09-16,2388.76,2440.34,2442.92,2386.98,2437.19,-48.424,-1.9869,186743000.0,147250000.0
000300.SH,2014-09-17,2401.33,2395.36,2405.37,2379.09,2388.76,12.561,0.5258,125269000.0,98039500.0
000300.SH,2014-09-18,2408.66,2396.38,2414.95,2389.62,2401.33,7.338,0.3056,115926000.0,92105300.0
000300.SH,2014-09-19,2425.21,2409.31,2430.15,2402.31,2408.66,16.547,0.687,101814000.0,88221000.0
000300.SH,2014-09-22,2378.92,2419.33,2419.33,2374.11,2425.21,-46.291,-1.9087,102241000.0,88958100.0
000300.SH,2014-09-23,2399.46,2379.52,2402.48,2379.52,2378.92,20.542,0.8635,84033300.0,75463700.0
000300.SH,2014-09-24,2441.86,2391.42,2443.98,2387.07,2399.46,42.402,1.7671,142714000.0,120390000.0
000300.SH,2014-09-25,2436.97,2453.42,2462.67,2429.59,2441.86,-4.899,-0.2006,138662000.0,119613000.0
000300.SH,2014-09-26,2437.2,2430.81,2439.65,2420.5,2436.97,0.236,0.0097,100299000.0,87757400.0
000300.SH,2014-09-29,2447.8,2443.91,2453.67,2435.61,2437.2,10.598,0.4348,123402000.0,111464000.0
000300.SH,2014-09-30,2450.99,2452.17,2454.89,2444.2,2447.8,3.189,0.1303,115804000.0,101907000.0
000300.SH,2014-10-08,2478.38,2460.87,2478.38,2445.27,2450.99,27.395,1.1177,121954000.0,116500000.0
000300.SH,2014-10-09,2481.96,2480.2,2488.11,2461.11,2478.38,3.572,0.1441,137924000.0,120753000.0
000300.SH,2014-10-10,2466.79,2472.1,2482.14,2457.68,2481.96,-15.166,-0.6111,147634000.0,121925000.0
000300.SH,2014-10-13,2454.95,2457.41,2460.39,2430.55,2466.79,-11.843,-0.4801,131593000.0,112784000.0
000300.SH,2014-10-14,2446.56,2451.09,2467.9,2436.34,2454.95,-8.384,-0.3415,127394000.0,106357000.0
000300.SH,2014-10-15,2463.87,2444.54,2465.5,2431.19,2446.56,17.312,0.7076,135802000.0,114837000.0
000300.SH,2014-10-16,2444.4,2448.97,2480.3,2441.82,2463.87,-19.479,-0.7906,158167000.0,128341000.0
000300.SH,2014-10-17,2441.73,2443.22,2456.1,2410.4,2444.4,-2.663,-0.1089,132760000.0,112686000.0
000300.SH,2014-10-20,2454.71,2448.45,2456.62,2441.9,2441.73,12.979,0.5315,91435400.0,84843600.0
000300.SH,2014-10-21,2433.39,2453.41,2459.25,2432.55,2454.71,-21.32,-0.8685,96241900.0,86622200.0
000300.SH,2014-10-22,2418.64,2434.89,2447.47,2417.56,2433.39,-14.75,-0.6062,88656200.0,82251700.0
000300.SH,2014-10-23,2395.94,2415.44,2424.66,2392.53,2418.64,-22.705,-0.9388,103492000.0,86045500.0
000300.SH,2014-10-24,2390.71,2397.85,2404.99,2385.73,2395.94,-5.23,-0.2183,74974900.0,65601200.0
000300.SH,2014-10-27,2368.83,2377.54,2377.54,2361.68,2390.71,-21.874,-0.915,73862400.0,65956500.0
000300.SH,2014-10-28,2416.65,2373.16,2416.77,2373.16,2368.83,47.821,2.0188,101523000.0,90529900.0
000300.SH,2014-10-29,2451.38,2423.81,2461.27,2415.7,2416.65,34.731,1.4372,158584000.0,134542000.0
000300.SH,2014-10-30,2468.93,2450.36,2474.38,2443.76,2451.38,17.541,0.7156,189626000.0,139157000.0
000300.SH,2014-10-31,2508.32,2473.5,2512.19,2466.5,2468.93,39.4,1.5958,239172000.0,181605000.0
000300.SH,2014-11-03,2512.55,2515.82,2524.17,2502.06,2508.32,4.223,0.1684,205801000.0,151407000.0
000300.SH,2014-11-04,2513.17,2511.04,2517.46,2498.6,2512.55,0.624,0.0248,218247000.0,155292000.0
000300.SH,2014-11-05,2503.45,2516.87,2519.4,2499.23,2513.17,-9.724,-0.3869,190492000.0,146131000.0
000300.SH,2014-11-06,2506.07,2505.17,2510.99,2482.98,2503.45,2.619,0.1046,149651000.0,118839000.0
000300.SH,2014-11-07,2502.15,2508.76,2541.55,2489.42,2506.07,-3.914,-0.1562,208761000.0,176869000.0
000300.SH,2014-11-10,2565.73,2529.83,2565.73,2514.71,2502.15,63.577,2.5409,226600000.0,187613000.0
000300.SH,2014-11-11,2558.61,2578.44,2602.37,2532.57,2565.73,-7.118,-0.2774,323712000.0,265841000.0
000300.SH,2014-11-12,2594.32,2545.4,2594.32,2539.6,2558.61,35.706,1.3955,184686000.0,157847000.0
000300.SH,2014-11-13,2579.75,2597.39,2607.52,2567.46,2594.32,-14.568,-0.5615,219816000.0,192985000.0
000300.SH,2014-11-14,2581.09,2569.21,2581.93,2557.67,2579.75,1.343,0.0521,165050000.0,145410000.0
000300.SH,2014-11-17,2567.1,2613.51,2614.09,2565.94,2581.09,-13.992,-0.5421,158478000.0,147725000.0
000300.SH,2014-11-18,2541.42,2565.27,2570.21,2534.93,2567.1,-25.685,-1.0005,142941000.0,124247000.0
000300.SH,2014-11-19,2537.22,2538.23,2550.5,2531.32,2541.42,-4.193,-0.165,122147000.0,113032000.0
000300.SH,2014-11-20,2537.1,2528.78,2545.47,2522.84,2537.22,-0.124,-0.0049,106150000.0,98145500.0
000300.SH,2014-11-21,2583.46,2537.54,2585.36,2530.03,2537.1,46.356,1.8271,151028000.0,143751000.0
000300.SH,2014-11-24,2649.26,2614.16,2667.67,2602.94,2583.46,65.803,2.5471,279840000.0,264975000.0
000300.SH,2014-11-25,2685.56,2650.08,2686.06,2643.84,2649.26,36.303,1.3703,222612000.0,206879000.0
000300.SH,2014-11-26,2723.02,2695.26,2723.36,2690.31,2685.56,37.457,1.3948,243962000.0,239334000.0
000300.SH,2014-11-27,2754.49,2737.03,2754.49,2718.7,2723.02,31.472,1.1558,265465000.0,261165000.0
000300.SH,2014-11-28,2808.82,2753.93,2809.54,2740.37,2754.49,54.329,1.9724,375324000.0,330256000.0
000300.SH,2014-12-01,2819.81,2825.61,2855.33,2808.65,2808.82,10.993,0.3914,365487000.0,338833000.0
000300.SH,2014-12-02,2923.94,2807.34,2944.51,2804.29,2819.81,104.128,3.6927,361465000.0,341185000.0
000300.SH,2014-12-03,2967.55,2936.12,3028.23,2912.25,2923.94,43.609,1.4914,466157000.0,464858000.0
000300.SH,2014-12-04,3104.35,2975.4,3104.89,2968.88,2967.55,136.802,4.6099,426813000.0,433876000.0
000300.SH,2014-12-05,3124.89,3143.97,3195.8,3011.94,3104.35,20.534,0.6615,524881000.0,554363000.0
000300.SH,2014-12-08,3252.88,3108.27,3270.88,3075.7,3124.89,127.996,4.096,484462000.0,515774000.0
000300.SH,2014-12-09,3106.91,3233.1,3387.83,3074.52,3252.88,-145.968,-4.4873,632875000.0,702150000.0
000300.SH,2014-12-10,3221.55,3120.21,3229.05,3058.19,3106.91,114.633,3.6896,425019000.0,477300000.0
000300.SH,2014-12-11,3183.01,3185.16,3254.42,3158.44,3221.55,-38.534,-1.1961,367092000.0,392945000.0
000300.SH,2014-12-12,3193.23,3182.92,3239.45,3167.93,3183.01,10.215,0.3209,301065000.0,337817000.0
000300.SH,2014-12-15,3217.23,3176.83,3226.22,3143.3,3193.23,24.001,0.7516,290194000.0,326668000.0
000300.SH,2014-12-16,3303.4,3221.36,3303.4,3207.69,3217.23,86.174,2.6785,358124000.0,425666000.0
000300.SH,2014-12-17,3360.6,3325.82,3368.19,3275.74,3303.4,57.196,1.7314,448141000.0,527749000.0
000300.SH,2014-12-18,3345.93,3359.09,3393.71,3322.23,3360.6,-14.671,-0.4366,355970000.0,416260000.0
000300.SH,2014-12-19,3383.17,3345.63,3397.18,3280.92,3345.93,37.24,1.113,411212000.0,435517000.0
000300.SH,2014-12-22,3394.48,3396.25,3455.21,3357.66,3383.17,11.314,0.3344,549802000.0,537021000.0
000300.SH,2014-12-23,3324.92,3358.8,3431.78,3316.91,3394.48,-69.557,-2.0491,369736000.0,377228000.0
000300.SH,2014-12-24,3230.39,3332.15,3340.36,3188.5,3324.92,-94.539,-2.8433,317450000.0,339476000.0
000300.SH,2014-12-25,3335.42,3254.48,3335.78,3226.32,3230.39,105.034,3.2514,309800000.0,330129000.0
000300.SH,2014-12-26,3445.84,3343.64,3453.34,3335.01,3335.42,110.42,3.3105,384614000.0,438838000.0
000300.SH,2014-12-29,3455.46,3502.18,3524.28,3405.84,3445.84,9.616,0.2791,425015000.0,505005000.0
000300.SH,2014-12-30,3457.55,3450.81,3491.83,3422.17,3455.46,2.099,0.0607,328234000.0,394608000.0
000300.SH,2014-12-31,3533.71,3462.39,3542.34,3452.5,3457.55,76.151,2.2025,345935000.0,403711000.0
000300.SH,2015-01-05,3641.54,3566.09,3669.04,3551.51,3533.71,107.836,3.0516,451198000.0,519850000.0
000300.SH,2015-01-06,3641.06,3608.43,3683.23,3587.23,3641.54,-0.482,-0.0132,420962000.0,498530000.0
000300.SH,2015-01-07,3643.79,3620.92,3671.19,3601.7,3641.06,2.731,0.075,320191000.0,398732000.0
000300.SH,2015-01-08,3559.26,3650.07,3659.95,3552.1,3643.79,-84.531,-2.3199,295003000.0,355832000.0
000300.SH,2015-01-09,3546.72,3547.57,3689.75,3536.4,3559.26,-12.536,-0.3522,349983000.0,430211000.0
000300.SH,2015-01-12,3513.58,3531.51,3560.53,3461.32,3546.72,-33.147,-0.9346,266567000.0,334257000.0
000300.SH,2015-01-13,3514.04,3506.45,3550.16,3494.77,3513.58,0.464,0.0132,187154000.0,250797000.0
000300.SH,2015-01-14,3502.42,3522.91,3547.24,3471.56,3514.04,-11.617,-0.3306,196013000.0,241286000.0
000300.SH,2015-01-15,3604.12,3501.72,3604.12,3482.27,3502.42,101.698,2.9036,237812000.0,303445000.0
000300.SH,2015-01-16,3635.15,3616.25,3662.16,3601.26,3604.12,31.025,0.8608,282682000.0,355569000.0
000300.SH,2015-01-19,3355.16,3414.01,3497.25,3330.98,3635.15,-279.991,-7.7023,329505000.0,366018000.0
000300.SH,2015-01-20,3396.22,3336.79,3419.2,3325.68,3355.16,41.067,1.224,297843000.0,381918000.0
000300.SH,2015-01-21,3548.89,3420.49,3557.79,3409.43,3396.22,152.663,4.4951,337928000.0,425434000.0
000300.SH,2015-01-22,3567.61,3551.05,3576.76,3520.05,3548.89,18.728,0.5277,268854000.0,345026000.0
000300.SH,2015-01-23,3571.73,3582.09,3627.81,3548.63,3567.61,4.119,0.1155,280172000.0,361836000.0
000300.SH,2015-01-26,3607.99,3580.12,3611.62,3559.38,3571.73,36.253,1.015,239766000.0,309586000.0
000300.SH,2015-01-27,3574.93,3614.04,3616.26,3510.02,3607.99,-33.054,-0.9161,287669000.0,357548000.0
000300.SH,2015-01-28,3525.32,3547.24,3583.31,3512.39,3574.93,-49.608,-1.3877,216220000.0,278749000.0
000300.SH,2015-01-29,3481.8,3474.92,3505.58,3453.9,3525.32,-43.525,-1.2346,211619000.0,251898000.0
000300.SH,2015-01-30,3434.39,3496.89,3514.22,3431.94,3481.8,-47.408,-1.3616,196479000.0,237421000.0
000300.SH,2015-02-02,3353.96,3360.19,3407.26,3347.08,3434.39,-80.43,-2.3419,195184000.0,224838000.0
000300.SH,2015-02-03,3437.45,3388.6,3441.71,3360.72,3353.96,83.485,2.4891,192846000.0,241100000.0
000300.SH,2015-02-04,3401.77,3446.14,3476.82,3399.56,3437.45,-35.677,-1.0379,191304000.0,244034000.0
000300.SH,2015-02-05,3366.95,3487.95,3487.95,3366.86,3401.77,-34.822,-1.0236,250431000.0,311524000.0
000300.SH,2015-02-06,3312.42,3352.33,3374.05,3285.94,3366.95,-54.526,-1.6194,192664000.0,221433000.0
000300.SH,2015-02-09,3345.92,3305.73,3376.53,3298.6,3312.42,33.501,1.0114,172354000.0,220767000.0
000300.SH,2015-02-10,3406.94,3345.08,3407.18,3339.55,3345.92,61.022,1.8238,159309000.0,199121000.0
000300.SH,2015-02-11,3434.12,3415.98,3445.66,3412.14,3406.94,27.181,0.7978,144614000.0,185979000.0
000300.SH,2015-02-12,3442.87,3435.36,3453.58,3405.63,3434.12,8.75,0.2548,156082000.0,191286000.0
000300.SH,2015-02-13,3469.83,3458.83,3509.5,3452.08,3442.87,26.954,0.7829,201090000.0,247076000.0
000300.SH,2015-02-16,3499.48,3473.29,3504.48,3466.61,3469.83,29.655,0.8547,165641000.0,222800000.0
000300.SH,2015-02-17,3522.32,3511.54,3536.82,3511.09,3499.48,22.839,0.6526,165328000.0,214457000.0
000300.SH,2015-02-25,3478.73,3529.55,3529.55,3463.96,3522.32,-43.593,-1.2376,165539000.0,211739000.0
000300.SH,2015-02-26,3566.29,3473.71,3569.33,3456.87,3478.73,87.566,2.5172,229328000.0,279809000.0
000300.SH,2015-02-27,3572.84,3565.23,3594.81,3560.46,3566.29,6.548,0.1836,222786000.0,271862000.0
000300.SH,2015-03-02,3601.26,3603.45,3608.69,3566.53,3572.84,28.422,0.7955,248176000.0,325165000.0
000300.SH,2015-03-03,3507.9,3579.31,3579.31,3504.2,3601.26,-93.365,-2.5926,261866000.0,335700000.0
000300.SH,2015-03-04,3530.82,3514.67,3540.91,3497.17,3507.9,22.922,0.6534,199664000.0,257469000.0
000300.SH,2015-03-05,3496.34,3513.25,3517.08,3467.68,3530.82,-34.478,-0.9765,217509000.0,279031000.0
000300.SH,2015-03-06,3478.52,3501.18,3516.24,3472.39,3496.34,-17.824,-0.5098,181518000.0,233468000.0
000300.SH,2015-03-09,3537.75,3449.7,3546.71,3417.49,3478.52,59.23,1.7027,233940000.0,277860000.0
000300.SH,2015-03-10,3520.61,3523.64,3551.21,3511.99,3537.75,-17.139,-0.4845,194268000.0,245367000.0
000300.SH,2015-03-11,3524.65,3524.57,3568.92,3512.22,3520.61,4.042,0.1148,188948000.0,235773000.0
000300.SH,2015-03-12,3592.84,3557.69,3603.34,3536.53,3524.65,68.191,1.9347,265665000.0,322141000.0
000300.SH,2015-03-13,3617.66,3604.67,3641.39,3594.74,3592.84,24.813,0.6906,246865000.0,297299000.0
000300.SH,2015-03-16,3705.67,3641.77,3705.74,3621.12,3617.66,88.014,2.4329,275438000.0,358498000.0
000300.SH,2015-03-17,3757.12,3733.96,3762.57,3716.81,3705.67,51.451,1.3884,371626000.0,455004000.0
000300.SH,2015-03-18,3846.05,3769.09,3846.05,3763.85,3757.12,88.933,2.3671,415190000.0,484466000.0
000300.SH,2015-03-19,3839.74,3851.25,3859.13,3809.71,3846.05,-6.316,-0.1642,391548000.0,463213000.0
000300.SH,2015-03-20,3892.57,3852.49,3916.86,3832.42,3839.74,52.835,1.376,401818000.0,544468000.0
000300.SH,2015-03-23,3972.06,3923.08,3972.3,3922.21,3892.57,79.487,2.042,391120000.0,519760000.0
000300.SH,2015-03-24,3973.05,3980.07,3989.86,3883.78,3972.06,0.985,0.0248,468581000.0,591067000.0
000300.SH,2015-03-25,3940.41,3961.58,3980.72,3913.99,3973.05,-32.634,-0.8214,379969000.0,501734000.0
000300.SH,2015-03-26,3950.0,3921.75,3992.0,3892.88,3940.41,9.587,0.2433,346756000.0,468538000.0
000300.SH,2015-03-27,3971.7,3957.54,3993.03,3932.87,3950.0,21.698,0.5493,298756000.0,393132000.0
000300.SH,2015-03-30,4088.18,3999.02,4101.65,3999.02,3971.7,116.481,2.9328,428297000.0,546211000.0
000300.SH,2015-03-31,4051.2,4138.88,4166.02,4037.77,4088.18,-36.974,-0.9044,436066000.0,598122000.0
000300.SH,2015-04-01,4123.9,4057.5,4139.5,4046.94,4051.2,72.691,1.7943,329513000.0,466597000.0
000300.SH,2015-04-02,4124.78,4149.95,4156.84,4068.65,4123.9,0.881,0.0214,339070000.0,476618000.0
000300.SH,2015-04-03,4170.54,4104.67,4170.56,4092.38,4124.78,45.762,1.1094,321304000.0,466966000.0
000300.SH,2015-04-07,4260.04,4213.89,4260.47,4197.02,4170.54,89.506,2.1461,415363000.0,564646000.0
000300.SH,2015-04-08,4295.8,4277.45,4304.78,4204.83,4260.04,35.759,0.8394,458677000.0,658308000.0
000300.SH,2015-04-09,4262.14,4316.96,4332.17,4212.61,4295.8,-33.665,-0.7837,439700000.0,650419000.0
000300.SH,2015-04-10,4344.42,4249.38,4351.69,4231.2,4262.14,82.278,1.9304,348190000.0,509354000.0
000300.SH,2015-04-13,4421.07,4394.05,4432.02,4361.59,4344.42,76.657,1.7645,434153000.0,598518000.0
000300.SH,2015-04-14,4438.18,4432.13,4474.35,4385.91,4421.07,17.111,0.387,434432000.0,602127000.0
000300.SH,2015-04-15,4380.51,4439.31,4476.0,4379.61,4438.18,-57.671,-1.2994,472154000.0,596823000.0
000300.SH,2015-04-16,4513.55,4355.49,4513.77,4335.63,4380.51,133.033,3.0369,422604000.0,564723000.0
000300.SH,2015-04-17,4596.14,4578.68,4630.27,4553.9,4513.55,82.59,1.8298,552803000.0,733954000.0
000300.SH,2015-04-20,4521.92,4615.03,4671.17,4492.6,4596.14,-74.217,-1.6148,686439000.0,939265000.0
000300.SH,2015-04-21,4619.16,4520.46,4620.06,4504.56,4521.92,97.245,2.1505,490315000.0,685365000.0
000300.SH,2015-04-22,4739.81,4637.06,4740.93,4632.59,4619.16,120.65,2.6119,516214000.0,769925000.0
000300.SH,2015-04-23,4740.89,4764.48,4782.04,4693.97,4739.81,1.078,0.0227,497431000.0,752258000.0
000300.SH,2015-04-24,4702.64,4682.63,4730.43,4618.32,4740.89,-38.251,-0.8068,480153000.0,721273000.0
000300.SH,2015-04-27,4807.59,4753.87,4810.48,4735.31,4702.64,104.951,2.2317,513077000.0,765910000.0
000300.SH,2015-04-28,4741.86,4811.32,4839.08,4703.57,4807.59,-65.731,-1.3672,608639000.0,860350000.0
000300.SH,2015-04-29,4774.33,4722.9,4797.93,4695.79,4741.86,32.465,0.6846,395057000.0,601676000.0
000300.SH,2015-04-30,4749.89,4788.41,4818.73,4749.48,4774.33,-24.44,-0.5119,399727000.0,612511000.0
000300.SH,2015-05-04,4787.74,4757.64,4795.92,4699.4,4749.89,37.855,0.797,377844000.0,565453000.0
000300.SH,2015-05-05,4596.84,4785.19,4785.19,4572.98,4787.74,-190.904,-3.9874,460420000.0,660020000.0
000300.SH,2015-05-06,4553.33,4626.23,4700.91,4511.76,4596.84,-43.51,-0.9465,376074000.0,586034000.0
000300.SH,2015-05-07,4470.09,4520.82,4546.34,4467.46,4553.33,-83.238,-1.8281,297759000.0,427190000.0
000300.SH,2015-05-08,4558.4,4515.55,4559.06,4445.59,4470.09,88.315,1.9757,302408000.0,452091000.0
000300.SH,2015-05-11,4690.53,4582.09,4690.95,4535.15,4558.4,132.128,2.8986,373838000.0,583260000.0
000300.SH,2015-05-12,4747.42,4692.12,4748.0,4660.02,4690.53,56.889,1.2128,377054000.0,607123000.0
000300.SH,2015-05-13,4718.44,4746.71,4758.0,4678.85,4747.42,-28.985,-0.6105,370730000.0,590480000.0
000300.SH,2015-05-14,4700.78,4717.96,4735.28,4670.17,4718.44,-17.658,-0.3742,337725000.0,513220000.0
000300.SH,2015-05-15,4617.47,4690.75,4690.75,4592.05,4700.78,-83.308,-1.7722,328431000.0,506695000.0
000300.SH,2015-05-18,4575.14,4582.06,4623.38,4565.06,4617.47,-42.33,-0.9167,269180000.0,434083000.0
000300.SH,2015-05-19,4731.22,4577.64,4740.0,4577.64,4575.14,156.082,3.4115,314786000.0,524232000.0
000300.SH,2015-05-20,4754.92,4751.57,4843.1,4745.21,4731.22,23.697,0.5009,363181000.0,589956000.0
000300.SH,2015-05-21,4840.98,4768.69,4841.62,4746.03,4754.92,86.057,1.8099,305055000.0,505346000.0
000300.SH,2015-05-22,4951.33,4895.92,4951.99,4870.6,4840.98,110.359,2.2797,455847000.0,719130000.0
000300.SH,2015-05-25,5099.5,4949.11,5099.84,4949.11,4951.33,148.16,2.9923,465737000.0,757086000.0
000300.SH,2015-05-26,5198.92,5140.8,5199.29,5063.15,5099.5,99.423,1.9497,487949000.0,802296000.0
000300.SH,2015-05-27,5181.43,5216.17,5226.84,5126.86,5198.92,-17.484,-0.3363,470799000.0,777826000.0
000300.SH,2015-05-28,4834.01,5174.1,5213.18,4831.33,5181.43,-347.427,-6.7052,571829000.0,873207000.0
000300.SH,2015-05-29,4840.83,4839.53,4924.3,4665.52,4834.01,6.822,0.1411,427879000.0,636008000.0
000300.SH,2015-06-01,5076.18,4862.76,5079.32,4835.77,4840.83,235.35,4.8618,417504000.0,637844000.0
000300.SH,2015-06-02,5161.87,5091.27,5162.56,5047.08,5076.18,85.691,1.6881,412973000.0,658453000.0
000300.SH,2015-06-03,5143.59,5176.6,5186.97,5059.5,5161.87,-18.28,-0.3541,414258000.0,672057000.0
000300.SH,2015-06-04,5181.42,5156.01,5194.23,4863.46,5143.59,37.826,0.7354,482767000.0,735171000.0
000300.SH,2015-06-05,5230.55,5254.9,5288.34,5104.18,5181.42,49.136,0.9483,545961000.0,855224000.0
000300.SH,2015-06-08,5353.75,5259.41,5370.61,5202.6,5230.55,123.199,2.3554,637313000.0,949498000.0
000300.SH,2015-06-09,5317.46,5379.47,5380.43,5251.21,5353.75,-36.29,-0.6778,570427000.0,871432000.0
000300.SH,2015-06-10,5309.11,5254.3,5374.83,5209.68,5317.46,-8.349,-0.157,442166000.0,711509000.0
000300.SH,2015-06-11,5306.59,5305.14,5329.29,5248.16,5309.11,-2.522,-0.0475,392339000.0,660585000.0
000300.SH,2015-06-12,5335.12,5329.28,5351.65,5283.09,5306.59,28.5251,0.5375,430131000.0,694213000.0
000300.SH,2015-06-15,5221.17,5354.01,5362.45,5207.31,5335.12,-113.949,-2.1358,475746000.0,766238000.0
000300.SH,2015-06-16,5064.82,5165.02,5204.3,5015.26,5221.17,-156.345,-2.9945,411676000.0,651523000.0
000300.SH,2015-06-17,5138.83,5072.31,5158.37,4949.29,5064.82,74.0095,1.4612,397124000.0,589868000.0
000300.SH,2015-06-18,4930.55,5107.69,5121.22,4926.43,5138.83,-208.282,-4.0531,364396000.0,555647000.0
000300.SH,2015-06-19,4637.05,4847.06,4910.45,4634.69,4930.55,-293.497,-5.9526,358105000.0,519610000.0
000300.SH,2015-06-23,4786.09,4641.42,4786.96,4455.33,4637.05,149.039,3.2141,365088000.0,536984000.0
000300.SH,2015-06-24,4880.13,4811.59,4883.73,4744.31,4786.09,94.0355,1.9648,434639000.0,615374000.0
000300.SH,2015-06-25,4706.52,4906.24,4919.26,4667.22,4880.13,-173.61,-3.5575,446136000.0,640246000.0
000300.SH,2015-06-26,4336.19,4573.87,4650.19,4278.68,4706.52,-370.321,-7.8683,446640000.0,612959000.0
000300.SH,2015-06-29,4191.55,4446.84,4451.17,4000.93,4336.19,-144.646,-3.3358,525662000.0,704015000.0
000300.SH,2015-06-30,4473.0,4161.07,4475.77,4016.01,4191.55,281.449,6.7147,527045000.0,716046000.0
000300.SH,2015-07-01,4253.02,4408.98,4526.13,4235.7,4473.0,-219.977,-4.9179,431721000.0,623331000.0
000300.SH,2015-07-02,4108.0,4287.73,4312.19,4000.06,4253.02,-145.025,-3.4099,457062000.0,593507000.0
000300.SH,2015-07-03,3885.92,4017.2,4164.63,3785.9,4108.0,-222.079,-5.406,429301000.0,538217000.0
000300.SH,2015-07-06,3998.54,4218.27,4218.27,3832.47,3885.92,112.62,2.8982,648095000.0,779558000.0
000300.SH,2015-07-07,3928.0,3877.85,3960.64,3743.62,3998.54,-70.5345,-1.764,679385000.0,795963000.0
000300.SH,2015-07-08,3663.04,3651.06,3762.62,3612.25,3928.0,-264.965,-6.7455,581467000.0,640122000.0
000300.SH,2015-07-09,3897.63,3621.68,3930.26,3537.83,3663.04,234.589,6.4042,503871000.0,564744000.0
000300.SH,2015-07-10,4106.56,3916.27,4179.11,3887.55,3897.63,208.93,5.3604,500702000.0,629079000.0
000300.SH,2015-07-13,4211.81,4132.23,4278.16,4072.43,4106.56,105.256,2.5631,502092000.0,659252000.0
000300.SH,2015-07-14,4112.15,4178.63,4258.51,4062.5,4211.81,-99.6628,-2.3663,454422000.0,597521000.0
000300.SH,2015-07-15,3966.76,4068.88,4114.24,3899.51,4112.15,-145.39,-3.5356,421956000.0,514065000.0
000300.SH,2015-07-16,3997.36,3949.64,4067.02,3856.32,3966.76,30.597,0.7713,330531000.0,410051000.0
000300.SH,2015-07-17,4151.5,4023.76,4190.19,4000.23,3997.36,154.14,3.8561,331107000.0,435597000.0
000300.SH,2015-07-20,4160.61,4157.06,4221.69,4106.39,4151.5,9.1164,0.2196,352673000.0,483494000.0
000300.SH,2015-07-21,4166.01,4109.76,4201.48,4081.7,4160.61,5.3937,0.1296,318375000.0,431696000.0
000300.SH,2015-07-22,4157.16,4148.56,4187.43,4094.71,4166.01,-8.8453,-0.2123,318946000.0,441833000.0
000300.SH,2015-07-23,4250.81,4158.93,4262.06,4148.82,4157.16,93.6446,2.2526,354472000.0,483972000.0
000300.SH,2015-07-24,4176.28,4255.2,4299.65,4154.62,4250.81,-74.5263,-1.7532,392045000.0,535902000.0
000300.SH,2015-07-27,3818.73,4097.8,4156.31,3817.17,4176.28,-357.547,-8.5614,365054000.0,477952000.0
000300.SH,2015-07-28,3811.09,3690.97,3883.45,3627.42,3818.73,-7.6388,-0.2,383527000.0,482655000.0
000300.SH,2015-07-29,3930.38,3839.96,3934.0,3769.19,3811.09,119.286,3.13,276973000.0,372288000.0
000300.SH,2015-07-30,3815.41,3915.78,3968.53,3802.88,3930.38,-114.967,-2.9251,271549000.0,376351000.0
000300.SH,2015-07-31,3816.7,3777.15,3863.62,3757.99,3815.41,1.2875,0.0337,222377000.0,299313000.0
000300.SH,2015-08-03,3829.24,3766.07,3829.24,3742.58,3816.7,12.5361,0.3285,245805000.0,309631000.0
000300.SH,2015-08-04,3948.16,3827.37,3948.45,3801.03,3829.24,118.92,3.1056,220237000.0,288757000.0
000300.SH,2015-08-05,3866.9,3937.62,3962.28,3858.66,3948.16,-81.2556,-2.0581,200484000.0,272694000.0
000300.SH,2015-08-06,3831.85,3802.93,3888.69,3793.24,3866.9,-35.0482,-0.9064,147279000.0,195532000.0
000300.SH,2015-08-07,3906.94,3866.43,3926.65,3857.91,3831.85,75.0932,1.9597,183349000.0,246546000.0
000300.SH,2015-08-10,4084.36,3947.47,4101.73,3932.84,3906.94,177.42,4.5411,306781000.0,401702000.0
000300.SH,2015-08-11,4066.67,4083.59,4110.13,4042.0,4084.36,-17.6954,-0.4332,322034000.0,416997000.0
000300.SH,2015-08-12,4016.13,4025.67,4078.03,4015.35,4066.67,-50.543,-1.2429,255146000.0,339799000.0
000300.SH,2015-08-13,4075.46,4010.01,4075.7,3967.82,4016.13,59.3368,1.4775,242837000.0,319888000.0
000300.SH,2015-08-14,4073.54,4097.92,4113.16,4056.73,4075.46,-1.923,-0.0472,253393000.0,340077000.0
000300.SH,2015-08-17,4077.87,4058.11,4081.77,4009.99,4073.54,4.3321,0.1063,256940000.0,336831000.0
000300.SH,2015-08-18,3825.41,4084.31,4103.05,3816.55,4077.87,-252.46,-6.191,319881000.0,424924000.0
000300.SH,2015-08-19,3886.14,3748.27,3898.74,3668.19,3825.41,60.7235,1.5874,269050000.0,340923000.0
000300.SH,2015-08-20,3761.45,3848.4,3880.82,3761.45,3886.14,-124.682,-3.2084,212168000.0,270577000.0
000300.SH,2015-08-21,3589.54,3714.29,3757.78,3578.17,3761.45,-171.918,-4.5705,217986000.0,267498000.0
000300.SH,2015-08-24,3275.53,3454.6,3468.15,3266.55,3589.54,-314.002,-8.7477,255437000.0,273124000.0
000300.SH,2015-08-25,3042.93,3070.01,3200.11,3019.56,3275.53,-232.608,-7.1014,276081000.0,281160000.0
000300.SH,2015-08-26,3025.69,3062.57,3192.93,2952.01,3042.93,-17.2346,-0.5664,308271000.0,312188000.0
000300.SH,2015-08-27,3205.64,3092.81,3206.72,3028.4,3025.69,179.945,5.9473,267295000.0,278770000.0
000300.SH,2015-08-28,3342.29,3246.24,3353.24,3223.62,3205.64,136.649,4.2628,299498000.0,318763000.0
000300.SH,2015-08-31,3366.54,3307.4,3368.28,3205.54,3342.29,24.2496,0.7255,280250000.0,306611000.0
000300.SH,2015-09-01,3362.08,3296.53,3370.5,3190.58,3366.54,-4.4532,-0.1323,352459000.0,351388000.0
000300.SH,2015-09-02,3365.83,3220.85,3387.02,3213.64,3362.08,3.7491,0.1115,347789000.0,348986000.0
000300.SH,2015-09-07,3250.49,3347.29,3422.22,3240.24,3365.83,-115.347,-3.427,204224000.0,221757000.0
000300.SH,2015-09-08,3334.02,3221.79,3340.22,3170.81,3250.49,83.5383,2.57,154600000.0,168295000.0
000300.SH,2015-09-09,3399.31,3344.82,3426.65,3330.29,3334.02,65.2821,1.9581,220467000.0,258816000.0
000300.SH,2015-09-10,3357.56,3349.28,3398.32,3337.31,3399.31,-41.7444,-1.228,144883000.0,168108000.0
000300.SH,2015-09-11,3347.19,3349.88,3383.13,3315.48,3357.56,-10.3732,-0.309,108548000.0,130262000.0
000300.SH,2015-09-14,3281.13,3367.64,3373.92,3187.57,3347.19,-66.0561,-1.9735,205457000.0,226169000.0
000300.SH,2015-09-15,3152.23,3208.74,3240.08,3131.98,3281.13,-128.9,-3.9285,143556000.0,145989000.0
000300.SH,2015-09-16,3309.25,3149.16,3345.92,3131.37,3152.23,157.016,4.9811,159710000.0,168270000.0
000300.SH,2015-09-17,3237.0,3287.66,3354.91,3237.0,3309.25,-72.2498,-2.1833,169402000.0,190270000.0
000300.SH,2015-09-18,3251.27,3254.44,3280.88,3227.83,3237.0,14.2746,0.441,106903000.0,121753000.0
000300.SH,2015-09-21,3308.25,3222.6,3312.55,3211.93,3251.27,56.9735,1.7523,122789000.0,145323000.0
000300.SH,2015-09-22,3339.03,3312.37,3371.41,3303.18,3308.25,30.7833,0.9305,146222000.0,172493000.0
000300.SH,2015-09-23,3263.03,3290.07,3315.94,3253.33,3339.03,-76.0025,-2.2762,123171000.0,136886000.0
000300.SH,2015-09-24,3285.0,3278.9,3300.86,3255.9,3263.03,21.9716,0.6734,102011000.0,120821000.0
000300.SH,2015-09-25,3231.95,3272.67,3290.86,3201.91,3285.0,-53.0477,-1.6148,121419000.0,137602000.0
000300.SH,2015-09-28,3242.75,3226.61,3246.55,3186.51,3231.95,10.801,0.3342,74219500.0,88007500.0
000300.SH,2015-09-29,3178.85,3197.22,3208.42,3159.04,3242.75,-63.898,-1.9705,87150600.0,96691500.0
000300.SH,2015-09-30,3202.95,3195.9,3223.91,3186.77,3178.85,24.0931,0.7579,78559400.0,95881600.0
000300.SH,2015-10-08,3296.48,3324.98,3337.33,3294.6,3202.95,93.5345,2.9203,132082000.0,164121000.0
000300.SH,2015-10-09,3340.12,3302.36,3352.38,3293.97,3296.48,43.6339,1.3237,124352000.0,144731000.0
000300.SH,2015-10-12,3447.69,3351.14,3486.63,3347.25,3340.12,107.577,3.2208,221400000.0,263706000.0
000300.SH,2015-10-13,3445.04,3422.48,3452.05,3413.97,3447.69,-2.6503,-0.0769,145434000.0,174979000.0
000300.SH,2015-10-14,3406.11,3431.14,3458.7,3403.23,3445.04,-38.9315,-1.1301,152174000.0,174599000.0
000300.SH,2015-10-15,3486.81,3403.39,3486.81,3402.32,3406.11,80.7034,2.3694,171158000.0,201882000.0
000300.SH,2015-10-16,3534.07,3508.52,3537.54,3487.1,3486.81,47.2503,1.3551,208965000.0,252211000.0
000300.SH,2015-10-19,3534.18,3548.95,3572.99,3502.5,3534.07,0.1168,0.0033,207607000.0,254891000.0
000300.SH,2015-10-20,3577.7,3527.88,3577.8,3510.44,3534.18,43.5206,1.2314,179025000.0,226526000.0
000300.SH,2015-10-21,3473.25,3580.84,3601.24,3417.41,3577.7,-104.448,-2.9194,282076000.0,326887000.0
000300.SH,2015-10-22,3524.53,3453.2,3530.77,3442.31,3473.25,51.2795,1.4764,184306000.0,223584000.0
000300.SH,2015-10-23,3571.24,3536.84,3581.84,3515.82,3524.53,46.7072,1.3252,198294000.0,247060000.0
000300.SH,2015-10-26,3589.26,3614.7,3620.76,3561.19,3571.24,18.02,0.5046,204249000.0,270490000.0
000300.SH,2015-10-27,3592.88,3569.45,3601.05,3486.1,3589.26,3.6183,0.1008,192056000.0,239043000.0
000300.SH,2015-10-28,3524.92,3575.8,3598.17,3517.21,3592.88,-67.9595,-1.8915,170977000.0,213303000.0
000300.SH,2015-10-29,3533.31,3539.98,3561.81,3507.97,3524.92,8.3866,0.2379,127010000.0,161052000.0
000300.SH,2015-10-30,3534.08,3530.22,3574.47,3497.57,3533.31,0.7723,0.0219,139142000.0,183317000.0
000300.SH,2015-11-02,3475.96,3489.23,3543.45,3474.71,3534.08,-58.1165,-1.6445,130003000.0,167455000.0
000300.SH,2015-11-03,3465.49,3484.72,3501.7,3452.62,3475.96,-10.4696,-0.3012,101402000.0,132232000.0
000300.SH,2015-11-04,3628.54,3477.16,3628.54,3477.16,3465.49,163.045,4.7048,205424000.0,266956000.0
000300.SH,2015-11-05,3705.97,3630.78,3781.41,3627.3,3628.54,77.432,2.134,398047000.0,495138000.0
000300.SH,2015-11-06,3793.37,3698.34,3801.71,3694.66,3705.97,87.4042,2.3585,298753000.0,389779000.0
000300.SH,2015-11-09,3840.35,3796.38,3891.77,3796.38,3793.37,46.9808,1.2385,356805000.0,463162000.0
000300.SH,2015-11-10,3833.24,3806.67,3876.49,3798.82,3840.35,-7.1168,-0.1853,286520000.0,380911000.0
000300.SH,2015-11-11,3833.65,3828.45,3843.11,3781.41,3833.24,0.4078,0.0106,232234000.0,307008000.0
000300.SH,2015-11-12,3795.32,3841.74,3843.9,3771.27,3833.65,-38.3216,-0.9996,217538000.0,302447000.0
000300.SH,2015-11-13,3746.24,3756.2,3793.71,3727.58,3795.32,-49.0819,-1.2932,203490000.0,281961000.0
000300.SH,2015-11-16,3764.13,3682.73,3764.41,3680.07,3746.24,17.884,0.4774,161691000.0,227484000.0
000300.SH,2015-11-17,3758.39,3790.43,3852.77,3750.16,3764.13,-5.7393,-0.1525,248533000.0,365139000.0
000300.SH,2015-11-18,3715.58,3760.46,3771.85,3706.31,3758.39,-42.8073,-1.139,185689000.0,254138000.0
000300.SH,2015-11-19,3774.97,3725.62,3775.23,3714.68,3715.58,59.389,1.5984,154632000.0,204558000.0
000300.SH,2015-11-20,3774.38,3778.88,3793.54,3757.03,3774.97,-0.5857,-0.0155,186952000.0,242295000.0
000300.SH,2015-11-23,3753.34,3774.44,3802.85,3743.41,3774.38,-21.0482,-0.5577,175627000.0,234641000.0
000300.SH,2015-11-24,3753.89,3745.76,3754.17,3702.74,3753.34,0.5536,0.0147,143383000.0,192495000.0
000300.SH,2015-11-25,3781.61,3747.76,3781.86,3735.72,3753.89,27.7182,0.7384,151945000.0,215125000.0
000300.SH,2015-11-26,3759.43,3795.25,3805.84,3756.82,3781.61,-22.1783,-0.5865,173525000.0,239797000.0
000300.SH,2015-11-27,3556.99,3739.1,3742.74,3534.39,3759.43,-202.436,-5.3848,208939000.0,269758000.0
000300.SH,2015-11-30,3566.41,3554.89,3587.97,3455.07,3556.99,9.4198,0.2648,173201000.0,220098000.0
000300.SH,2015-12-01,3591.7,3562.32,3617.31,3536.12,3566.41,25.2838,0.7089,136537000.0,176599000.0
000300.SH,2015-12-02,3721.95,3587.76,3725.85,3573.4,3591.7,130.258,3.6267,213539000.0,260939000.0
000300.SH,2015-12-03,3749.3,3709.55,3758.45,3693.14,3721.95,27.344,0.7347,197762000.0,236699000.0
000300.SH,2015-12-04,3677.59,3719.73,3726.12,3667.29,3749.3,-71.7063,-1.9125,151200000.0,196456000.0
000300.SH,2015-12-07,3687.61,3681.58,3699.34,3658.58,3677.59,10.0151,0.2723,113883000.0,161220000.0
000300.SH,2015-12-08,3623.02,3668.84,3668.84,3619.44,3687.61,-64.5871,-1.7515,125781000.0,163317000.0
000300.SH,2015-12-09,3635.94,3613.42,3655.16,3611.49,3623.02,12.918,0.3566,113325000.0,154320000.0
000300.SH,2015-12-10,3623.08,3634.37,3678.32,3615.99,3635.94,-12.854,-0.3535,120216000.0,168622000.0
000300.SH,2015-12-11,3608.06,3605.37,3630.74,3578.15,3623.08,-15.0255,-0.4147,110322000.0,145249000.0
000300.SH,2015-12-14,3711.32,3573.88,3712.5,3571.0,3608.06,103.263,2.862,151769000.0,203292000.0
000300.SH,2015-12-15,3694.39,3707.73,3717.36,3679.23,3711.32,-16.9335,-0.4563,126482000.0,186795000.0
000300.SH,2015-12-16,3685.44,3703.95,3713.09,3677.45,3694.39,-8.9487,-0.2422,111343000.0,160118000.0
000300.SH,2015-12-17,3755.89,3712.78,3768.84,3709.85,3685.44,70.4483,1.9115,177924000.0,242544000.0
000300.SH,2015-12-18,3767.91,3754.96,3810.22,3750.93,3755.89,12.0247,0.3202,173466000.0,232281000.0
000300.SH,2015-12-21,3865.97,3762.1,3877.82,3759.99,3767.91,98.052,2.6023,217435000.0,289905000.0
000300.SH,2015-12-22,3876.73,3872.1,3880.47,3841.59,3865.97,10.7675,0.2785,180304000.0,243797000.0
000300.SH,2015-12-23,3866.38,3877.87,3926.69,3862.96,3876.73,-10.3511,-0.267,207017000.0,294711000.0
000300.SH,2015-12-24,3829.4,3858.13,3867.68,3787.08,3866.38,-36.9792,-0.9564,147181000.0,203684000.0
000300.SH,2015-12-25,3838.2,3832.08,3848.02,3813.2,3829.4,8.7988,0.2298,119624000.0,163315000.0
000300.SH,2015-12-28,3727.63,3847.53,3853.39,3727.63,3838.2,-110.569,-2.8808,153988000.0,210026000.0
000300.SH,2015-12-29,3761.87,3723.05,3762.05,3710.48,3727.63,34.2429,0.9186,101886000.0,140405000.0
000300.SH,2015-12-30,3765.18,3762.91,3765.66,3726.28,3761.87,3.3007,0.0877,105630000.0,155744000.0
000300.SH,2015-12-31,3731.0,3760.9,3772.62,3727.32,3765.18,-34.1705,-0.9075,101874000.0,145044000.0
000300.SH,2016-01-04,3469.07,3725.86,3726.24,3468.95,3731.0,-261.939,-7.0206,115371000.0,145968000.0
000300.SH,2016-01-05,3478.78,3382.18,3518.22,3377.28,3469.07,9.7135,0.28,162117000.0,196017000.0
000300.SH,2016-01-06,3539.81,3482.41,3543.74,3468.47,3478.78,61.0285,1.7543,145966000.0,160947000.0
000300.SH,2016-01-07,3294.38,3481.15,3481.15,3284.74,3539.81,-245.424,-6.9333,44102600.0,47130800.0
000300.SH,2016-01-08,3361.56,3371.87,3418.85,3237.93,3294.38,67.1793,2.0392,185959000.0,203499000.0
000300.SH,2016-01-11,3192.45,3303.12,3342.48,3192.45,3361.56,-169.113,-5.0308,174638000.0,184464000.0
000300.SH,2016-01-12,3215.71,3214.82,3242.25,3174.55,3192.45,23.26,0.7286,128226000.0,142049000.0
000300.SH,2016-01-13,3155.88,3240.48,3257.3,3155.88,3215.71,-59.8312,-1.8606,120666000.0,130886000.0
000300.SH,2016-01-14,3221.57,3076.64,3226.66,3072.04,3155.88,65.6927,2.0816,134538000.0,144772000.0
000300.SH,2016-01-15,3118.73,3200.89,3216.8,3101.05,3221.57,-102.841,-3.1923,124602000.0,131883000.0
000300.SH,2016-01-18,3130.73,3068.23,3165.62,3066.73,3118.73,11.9988,0.3847,101128000.0,109458000.0
000300.SH,2016-01-19,3223.12,3132.7,3227.91,3119.22,3130.73,92.3962,2.9513,127654000.0,142908000.0
000300.SH,2016-01-20,3174.38,3204.22,3225.95,3154.43,3223.12,-48.747,-1.5124,130651000.0,143313000.0
000300.SH,2016-01-21,3081.35,3136.38,3202.54,3081.35,3174.38,-93.0327,-2.9307,111190000.0,121856000.0
000300.SH,2016-01-22,3113.46,3114.9,3132.17,3053.96,3081.35,32.1172,1.0423,89951100.0,96885700.0
000300.SH,2016-01-25,3128.89,3129.03,3149.33,3105.1,3113.46,15.4234,0.4954,81540100.0,85777900.0
000300.SH,2016-01-26,2940.51,3099.6,3106.53,2934.65,3128.89,-188.378,-6.0206,126934000.0,127251000.0
000300.SH,2016-01-27,2930.35,2953.18,2963.54,2839.29,2940.51,-10.1566,-0.3454,132229000.0,126998000.0
000300.SH,2016-01-28,2853.76,2909.33,2941.89,2841.84,2930.35,-76.5957,-2.6139,99222800.0,95663900.0
000300.SH,2016-01-29,2946.09,2855.6,2965.31,2854.37,2853.76,92.334,3.2355,113304000.0,109462000.0
000300.SH,2016-02-01,2901.05,2939.04,2944.52,2869.56,2946.09,-45.0425,-1.5289,86795300.0,82931500.0
000300.SH,2016-02-02,2961.33,2901.53,2972.43,2901.51,2901.05,60.286,2.0781,88602000.0,88740200.0
000300.SH,2016-02-03,2948.64,2931.29,2954.71,2909.9,2961.33,-12.6951,-0.4287,77389000.0,74817100.0
000300.SH,2016-02-04,2984.76,2960.33,2999.21,2960.21,2948.64,36.1212,1.225,91779700.0,91550300.0
000300.SH,2016-02-05,2963.79,2982.06,2988.36,2962.85,2984.76,-20.9704,-0.7026,76850800.0,77443200.0
000300.SH,2016-02-15,2946.71,2888.43,2961.49,2886.02,2963.79,-17.0828,-0.5764,72919400.0,71285000.0
000300.SH,2016-02-16,3037.04,2962.19,3042.09,2962.19,2946.71,90.3287,3.0654,112580000.0,112300000.0
000300.SH,2016-02-17,3063.32,3034.09,3065.78,3027.05,3037.04,26.2846,0.8655,128292000.0,122279000.0
000300.SH,2016-02-18,3053.7,3079.53,3093.51,3049.84,3063.32,-9.6214,-0.3141,124401000.0,122619000.0
000300.SH,2016-02-19,3051.58,3047.94,3065.97,3032.63,3053.7,-2.1135,-0.0692,87338000.0,90849300.0
000300.SH,2016-02-22,3118.87,3083.93,3128.21,3071.33,3051.58,67.2825,2.2048,140947000.0,141684000.0
000300.SH,2016-02-23,3089.36,3117.2,3119.22,3061.43,3118.87,-29.5043,-0.946,112567000.0,117476000.0
000300.SH,2016-02-24,3109.55,3077.61,3109.55,3055.25,3089.36,20.1822,0.6533,111783000.0,112919000.0
000300.SH,2016-02-25,2918.75,3104.41,3104.44,2905.46,3109.55,-190.795,-6.1358,157830000.0,153493000.0
000300.SH,2016-02-26,2948.03,2942.1,2964.39,2902.95,2918.75,29.2805,1.0032,106950000.0,102532000.0
000300.SH,2016-02-29,2877.47,2939.58,2939.87,2821.21,2948.03,-70.564,-2.3936,129341000.0,118441000.0
000300.SH,2016-03-01,2930.69,2881.34,2950.44,2863.32,2877.47,53.2271,1.8498,116046000.0,110491000.0
000300.SH,2016-03-02,3051.33,2933.92,3054.72,2933.12,2930.69,120.639,4.1164,175972000.0,164025000.0
000300.SH,2016-03-03,3058.42,3050.39,3078.44,3040.25,3051.33,7.0892,0.2323,173106000.0,165509000.0
000300.SH,2016-03-04,3093.89,3047.54,3101.66,3032.42,3058.42,35.4676,1.1597,219173000.0,205520000.0
000300.SH,2016-03-07,3104.84,3109.0,3130.9,3083.58,3093.89,10.9502,0.3539,132462000.0,127790000.0
000300.SH,2016-03-08,3107.67,3100.15,3109.25,3001.83,3104.84,2.833,0.0912,136236000.0,128758000.0
000300.SH,2016-03-09,3071.91,3045.92,3072.92,3020.13,3107.67,-35.7657,-1.1509,111466000.0,106299000.0
000300.SH,2016-03-10,3013.15,3056.21,3074.16,3012.69,3071.91,-58.7613,-1.9129,76072200.0,78180500.0
000300.SH,2016-03-11,3018.28,2990.21,3026.44,2982.17,3013.15,5.1387,0.1705,73333600.0,74367300.0
000300.SH,2016-03-14,3065.69,3039.57,3106.8,3034.0,3018.28,47.406,1.5706,117109000.0,123539000.0
000300.SH,2016-03-15,3074.78,3061.34,3077.08,3028.58,3065.69,9.0892,0.2965,98311900.0,101303000.0
000300.SH,2016-03-16,3090.03,3068.87,3100.35,3064.52,3074.78,15.2532,0.4961,124736000.0,126129000.0
000300.SH,2016-03-17,3124.2,3096.81,3147.84,3077.57,3090.03,34.1711,1.1058,121662000.0,136604000.0
000300.SH,2016-03-18,3171.96,3136.22,3197.67,3130.1,3124.2,47.759,1.5287,197303000.0,210018000.0
000300.SH,2016-03-21,3249.44,3203.29,3267.78,3198.36,3171.96,77.4742,2.4425,233269000.0,256837000.0
000300.SH,2016-03-22,3225.79,3231.61,3249.68,3218.73,3249.44,-23.6469,-0.7277,161021000.0,194212000.0
000300.SH,2016-03-23,3236.09,3217.73,3242.25,3202.98,3225.79,10.3021,0.3194,125679000.0,155567000.0
000300.SH,2016-03-24,3181.85,3211.5,3221.91,3181.81,3236.09,-54.2417,-1.6761,133131000.0,162436000.0
000300.SH,2016-03-25,3197.82,3176.81,3204.44,3174.32,3181.85,15.9662,0.5018,97395300.0,115196000.0
000300.SH,2016-03-28,3169.73,3206.95,3229.62,3161.88,3197.82,-28.0886,-0.8784,103442000.0,123844000.0
000300.SH,2016-03-29,3135.41,3171.31,3178.07,3122.76,3169.73,-34.3185,-1.0827,97294700.0,113844000.0
000300.SH,2016-03-30,3216.28,3161.29,3216.68,3161.29,3135.41,80.8655,2.5791,117803000.0,140722000.0
000300.SH,2016-03-31,3218.09,3229.2,3241.93,3208.66,3216.28,1.8126,0.0564,121552000.0,147268000.0
000300.SH,2016-04-01,3221.89,3213.67,3222.61,3165.86,3218.09,3.8069,0.1183,118122000.0,127050000.0
000300.SH,2016-04-05,3264.49,3211.3,3271.93,3205.21,3221.89,42.591,1.3219,146048000.0,159297000.0
000300.SH,2016-04-06,3257.53,3250.52,3267.64,3236.2,3264.49,-6.9582,-0.2131,120196000.0,137206000.0
000300.SH,2016-04-07,3209.29,3266.29,3270.82,3208.64,3257.53,-48.2374,-1.4808,112409000.0,128273000.0
000300.SH,2016-04-08,3185.73,3189.85,3197.77,3163.3,3209.29,-23.5644,-0.7343,101006000.0,113921000.0
000300.SH,2016-04-11,3230.1,3213.51,3251.57,3213.51,3185.73,44.3699,1.3928,125213000.0,142759000.0
000300.SH,2016-04-12,3218.45,3227.37,3232.26,3198.9,3230.1,-11.646,-0.3605,92869400.0,99086600.0
000300.SH,2016-04-13,3261.38,3237.86,3296.52,3237.86,3218.45,42.9334,1.334,195614000.0,200160000.0
000300.SH,2016-04-14,3275.83,3277.1,3286.07,3252.05,3261.38,14.449,0.443,113157000.0,117989000.0
000300.SH,2016-04-15,3272.21,3279.86,3282.98,3261.73,3275.83,-3.6268,-0.1107,99807500.0,107964000.0
000300.SH,2016-04-18,3228.45,3252.67,3252.67,3221.66,3272.21,-43.7522,-1.3371,97090100.0,103956000.0
000300.SH,2016-04-19,3238.3,3243.97,3250.73,3221.58,3228.45,9.8498,0.3051,80871400.0,90976200.0
000300.SH,2016-04-20,3181.03,3244.14,3248.42,3107.37,3238.3,-57.2765,-1.7687,162208000.0,172325000.0
000300.SH,2016-04-21,3160.6,3160.8,3198.56,3150.94,3181.03,-20.4231,-0.642,104753000.0,110324000.0
000300.SH,2016-04-22,3174.9,3142.56,3175.38,3137.99,3160.6,14.2979,0.4524,77078500.0,82442900.0
000300.SH,2016-04-25,3162.03,3164.74,3172.27,3137.11,3174.9,-12.8681,-0.4053,67519400.0,74734800.0
000300.SH,2016-04-26,3179.16,3159.77,3181.1,3150.4,3162.03,17.1274,0.5417,59020700.0,68871600.0
000300.SH,2016-04-27,3165.92,3181.93,3188.83,3162.69,3179.16,-13.2449,-0.4166,60004100.0,70620400.0
000300.SH,2016-04-28,3160.58,3169.33,3174.77,3135.64,3165.92,-5.3347,-0.1685,69870700.0,78876800.0
000300.SH,2016-04-29,3156.75,3153.54,3171.29,3149.4,3160.58,-3.8358,-0.1214,58029800.0,70807700.0
000300.SH,2016-05-03,3213.54,3159.82,3218.49,3151.4,3156.75,56.7946,1.7992,98164800.0,115734000.0
000300.SH,2016-05-04,3209.46,3203.47,3222.88,3198.29,3213.54,-4.0783,-0.1269,90862400.0,97797100.0
000300.SH,2016-05-05,3213.92,3204.17,3217.28,3196.57,3209.46,4.4585,0.1389,74733700.0,83946500.0
000300.SH,2016-05-06,3130.35,3213.14,3216.89,3130.15,3213.92,-83.5655,-2.6001,108680000.0,119265000.0
000300.SH,2016-05-09,3065.62,3115.43,3115.43,3055.01,3130.35,-64.739,-2.0681,99230500.0,100409000.0
000300.SH,2016-05-10,3069.11,3055.21,3084.72,3055.18,3065.62,3.497,0.1141,68849900.0,70650800.0
000300.SH,2016-05-11,3082.81,3080.64,3102.88,3063.09,3069.11,13.6962,0.4463,81794300.0,87323400.0
000300.SH,2016-05-12,3090.14,3059.38,3095.35,3035.02,3082.81,7.3286,0.2377,78765700.0,81418800.0
000300.SH,2016-05-13,3074.94,3081.68,3103.1,3064.69,3090.14,-15.2021,-0.492,62629800.0,65851000.0
000300.SH,2016-05-16,3095.31,3064.53,3095.56,3053.66,3074.94,20.3734,0.6626,59461900.0,64405200.0
000300.SH,2016-05-17,3086.02,3095.52,3105.2,3073.46,3095.31,-9.2836,-0.2999,65278100.0,75389400.0
000300.SH,2016-05-18,3068.04,3071.53,3072.61,3039.46,3086.02,-17.9891,-0.5829,82715400.0,88458800.0
000300.SH,2016-05-19,3062.5,3060.34,3086.98,3058.15,3068.04,-5.5356,-0.1804,60444200.0,68679100.0
000300.SH,2016-05-20,3078.22,3047.78,3078.53,3041.52,3062.5,15.7181,0.5132,56080800.0,65124300.0
000300.SH,2016-05-23,3087.22,3078.51,3098.48,3076.5,3078.22,9.0042,0.2925,59697200.0,70337500.0
000300.SH,2016-05-24,3063.56,3083.24,3083.26,3052.59,3087.22,-23.6669,-0.7666,58734400.0,61106000.0
000300.SH,2016-05-25,3059.23,3079.75,3089.1,3054.87,3063.56,-4.3297,-0.1413,56652800.0,63316600.0
000300.SH,2016-05-26,3064.21,3056.6,3072.52,3027.44,3059.23,4.9852,0.163,60393000.0,65985200.0
000300.SH,2016-05-27,3062.5,3059.73,3073.76,3052.18,3064.21,-1.7118,-0.0559,60468800.0,59371800.0
000300.SH,2016-05-30,3066.71,3056.31,3075.26,3037.66,3062.5,4.2102,0.1375,63098600.0,63496600.0
000300.SH,2016-05-31,3169.56,3068.6,3170.93,3068.6,3066.71,102.85,3.3538,138863000.0,151398000.0
000300.SH,2016-06-01,3160.55,3172.96,3181.79,3159.82,3169.56,-9.0128,-0.2844,113148000.0,131701000.0
000300.SH,2016-06-02,3167.1,3158.03,3168.82,3151.07,3160.55,6.5527,0.2073,86003400.0,97093600.0
000300.SH,2016-06-03,3189.33,3172.95,3201.75,3162.09,3167.1,22.2258,0.7018,101492000.0,136332000.0
000300.SH,2016-06-06,3178.79,3192.78,3197.22,3168.55,3189.33,-10.5372,-0.3304,76693800.0,101176000.0
000300.SH,2016-06-07,3177.05,3182.44,3186.62,3168.18,3178.79,-1.7347,-0.0546,68928300.0,88711600.0
000300.SH,2016-06-08,3163.99,3171.81,3174.97,3148.35,3177.05,-13.0672,-0.4113,76291800.0,97682800.0
000300.SH,2016-06-13,3066.34,3134.05,3145.61,3065.77,3163.99,-97.6451,-3.0861,92975900.0,114091000.0
000300.SH,2016-06-14,3075.98,3058.44,3078.75,3055.66,3066.34,9.6421,0.3144,66279500.0,78622300.0
000300.SH,2016-06-15,3116.37,3043.96,3128.67,3042.23,3075.98,40.3848,1.3129,87393300.0,106170000.0
000300.SH,2016-06-16,3094.67,3104.36,3112.48,3089.48,3116.37,-21.6934,-0.6961,82974700.0,93496200.0
000300.SH,2016-06-17,3110.36,3096.09,3131.05,3096.09,3094.67,15.6824,0.5068,85403000.0,97953400.0
000300.SH,2016-06-20,3112.67,3114.91,3118.73,3089.71,3110.36,2.3172,0.0745,63587100.0,74647800.0
000300.SH,2016-06-21,3106.32,3124.9,3155.49,3097.94,3112.67,-6.3569,-0.2042,87965300.0,107234000.0
000300.SH,2016-06-22,3133.96,3100.45,3134.06,3096.99,3106.32,27.6436,0.8899,66487100.0,81348700.0
000300.SH,2016-06-23,3117.32,3129.72,3129.72,3102.48,3133.96,-16.6443,-0.5311,67751700.0,81732600.0
000300.SH,2016-06-24,3077.16,3110.65,3130.54,3033.97,3117.32,-40.1614,-1.2883,104792000.0,118967000.0
000300.SH,2016-06-27,3120.54,3065.13,3120.64,3064.97,3077.16,43.3889,1.41,83267300.0,104066000.0
000300.SH,2016-06-28,3136.4,3107.4,3139.43,3099.7,3120.54,15.857,0.5081,92024600.0,117198000.0
000300.SH,2016-06-29,3151.39,3142.48,3158.08,3139.13,3136.4,14.9885,0.4779,103724000.0,117959000.0
000300.SH,2016-06-30,3153.92,3152.83,3163.72,3148.2,3151.39,2.5312,0.0803,79692600.0,100628000.0
000300.SH,2016-07-01,3154.2,3156.93,3170.26,3148.29,3153.92,0.2793,0.0089,71746300.0,91215000.0
000300.SH,2016-07-04,3204.7,3136.39,3210.6,3134.02,3154.2,50.4959,1.6009,133311000.0,149895000.0
000300.SH,2016-07-05,3207.38,3199.16,3216.7,3198.0,3204.7,2.6865,0.0838,130227000.0,143899000.0
000300.SH,2016-07-06,3216.8,3197.62,3217.52,3183.45,3207.38,9.4208,0.2937,124897000.0,147232000.0
000300.SH,2016-07-07,3209.95,3206.55,3220.54,3190.12,3216.8,-6.8493,-0.2129,118595000.0,140489000.0
000300.SH,2016-07-08,3192.28,3199.75,3204.93,3183.96,3209.95,-17.6738,-0.5506,89734900.0,111063000.0
000300.SH,2016-07-11,3203.33,3199.04,3235.96,3197.63,3192.28,11.0494,0.3461,138530000.0,155288000.0
000300.SH,2016-07-12,3273.18,3201.91,3273.47,3200.3,3203.33,69.8525,2.1806,172534000.0,190854000.0
000300.SH,2016-07-13,3282.87,3274.02,3300.99,3271.78,3273.18,9.6858,0.2959,175196000.0,196592000.0
000300.SH,2016-07-14,3276.76,3277.48,3281.95,3259.07,3282.87,-6.1044,-0.1859,107526000.0,128090000.0
000300.SH,2016-07-15,3276.28,3278.84,3285.03,3265.29,3276.76,-0.4862,-0.0148,102665000.0,125180000.0
000300.SH,2016-07-18,3262.02,3269.71,3281.64,3251.77,3276.28,-14.2553,-0.4351,110313000.0,129786000.0
000300.SH,2016-07-19,3248.23,3260.43,3264.73,3226.2,3262.02,-13.7881,-0.4227,88886900.0,107109000.0
000300.SH,2016-07-20,3237.6,3246.86,3254.51,3232.26,3248.23,-10.629,-0.3272,72701300.0,91367400.0
000300.SH,2016-07-21,3252.52,3238.34,3271.37,3238.3,3237.6,14.9176,0.4608,86004800.0,107464000.0
000300.SH,2016-07-22,3225.16,3251.24,3253.77,3220.89,3252.52,-27.3606,-0.8412,86029100.0,107417000.0
000300.SH,2016-07-25,3230.89,3220.17,3243.79,3218.14,3225.16,5.7229,0.1774,70203200.0,92015800.0
000300.SH,2016-07-26,3269.59,3228.23,3269.75,3228.01,3230.89,38.7032,1.1979,81051100.0,103746000.0
000300.SH,2016-07-27,3218.24,3270.08,3276.51,3157.41,3269.59,-51.3452,-1.5704,160189000.0,186928000.0
000300.SH,2016-07-28,3221.14,3204.46,3235.78,3195.27,3218.24,2.8935,0.0899,112780000.0,137296000.0
000300.SH,2016-07-29,3203.93,3217.19,3225.42,3198.68,3221.14,-17.2061,-0.5342,88044800.0,103787000.0
000300.SH,2016-08-01,3176.81,3196.43,3199.98,3156.75,3203.93,-27.1213,-0.8465,87003500.0,98818600.0
000300.SH,2016-08-02,3189.05,3173.76,3189.05,3165.54,3176.81,12.2438,0.3854,62167600.0,70640800.0
000300.SH,2016-08-03,3193.51,3179.68,3197.16,3173.54,3189.05,4.4544,0.1397,72864100.0,79754300.0
000300.SH,2016-08-04,3201.29,3190.55,3201.55,3170.42,3193.51,7.7815,0.2437,73504400.0,86919600.0
000300.SH,2016-08-05,3205.11,3201.35,3224.87,3192.86,3201.29,3.8213,0.1194,77196400.0,94429500.0
000300.SH,2016-08-08,3234.18,3199.57,3234.48,3187.25,3205.11,29.0732,0.9071,86676000.0,102638000.0
000300.SH,2016-08-09,3256.98,3232.6,3257.33,3229.17,3234.18,22.798,0.7049,91065300.0,105924000.0
000300.SH,2016-08-10,3243.34,3255.18,3261.86,3242.75,3256.98,-13.6404,-0.4188,90430400.0,106157000.0
000300.SH,2016-08-11,3233.36,3239.56,3274.03,3232.61,3243.34,-9.9805,-0.3077,101041000.0,116996000.0
000300.SH,2016-08-12,3294.23,3231.81,3294.23,3231.14,3233.36,60.8733,1.8827,116254000.0,129355000.0
000300.SH,2016-08-15,3393.42,3303.47,3417.91,3302.38,3294.23,99.1902,3.011,220543000.0,258897000.0
000300.SH,2016-08-16,3378.25,3403.38,3418.69,3372.02,3393.42,-15.1788,-0.4473,196390000.0,226785000.0
000300.SH,2016-08-17,3373.05,3377.77,3394.39,3356.92,3378.25,-5.1975,-0.1539,138848000.0,167918000.0
000300.SH,2016-08-18,3364.49,3369.95,3394.79,3349.69,3373.05,-8.5625,-0.2539,142380000.0,172257000.0
000300.SH,2016-08-19,3365.02,3358.55,3374.04,3341.19,3364.49,0.5346,0.0159,119962000.0,135383000.0
000300.SH,2016-08-22,3336.79,3364.68,3372.83,3335.47,3365.02,-28.2248,-0.8388,107951000.0,128202000.0
000300.SH,2016-08-23,3341.83,3332.62,3359.65,3324.96,3336.79,5.0349,0.1509,92924500.0,108504000.0
000300.SH,2016-08-24,3329.86,3341.93,3348.13,3323.73,3341.83,-11.9667,-0.3581,81191400.0,94012800.0
000300.SH,2016-08-25,3308.97,3314.08,3315.08,3279.81,3329.86,-20.891,-0.6274,100589000.0,112578000.0
000300.SH,2016-08-26,3307.09,3312.5,3328.95,3301.74,3308.97,-1.8819,-0.0569,81530700.0,93213200.0
000300.SH,2016-08-29,3307.78,3306.57,3315.08,3297.07,3307.09,0.691,0.0209,77036300.0,88011600.0
000300.SH,2016-08-30,3311.99,3310.32,3325.12,3304.6,3307.78,4.206,0.1272,75726000.0,89513000.0
000300.SH,2016-08-31,3327.79,3310.57,3333.97,3304.66,3311.99,15.8066,0.4773,79570800.0,99215000.0
000300.SH,2016-09-01,3301.58,3326.74,3329.35,3301.21,3327.79,-26.2171,-0.7878,84947200.0,100911000.0
000300.SH,2016-09-02,3314.11,3298.72,3320.43,3295.76,3301.58,12.5375,0.3797,82791800.0,99396400.0
000300.SH,2016-09-05,3319.68,3321.01,3338.42,3314.63,3314.11,5.5661,0.168,78292500.0,87531100.0
000300.SH,2016-09-06,3342.63,3322.02,3347.95,3300.13,3319.68,22.9456,0.6912,98284000.0,118367000.0
000300.SH,2016-09-07,3340.82,3344.07,3357.36,3337.75,3342.63,-1.8087,-0.0541,102940000.0,115120000.0
000300.SH,2016-09-08,3339.56,3338.01,3343.4,3328.23,3340.82,-1.2532,-0.0375,71916200.0,83742300.0
000300.SH,2016-09-09,3318.04,3339.37,3344.95,3318.04,3339.56,-21.52,-0.6444,82657000.0,95471200.0
000300.SH,2016-09-12,3262.6,3271.87,3276.72,3234.57,3318.04,-55.4397,-1.6709,122918000.0,134457000.0
000300.SH,2016-09-13,3260.33,3265.34,3269.22,3246.39,3262.6,-2.2713,-0.0696,67180300.0,76862600.0
000300.SH,2016-09-14,3238.73,3245.74,3255.0,3231.34,3260.33,-21.6031,-0.6626,70432700.0,79780700.0
000300.SH,2016-09-19,3263.12,3242.74,3264.9,3242.74,3238.73,24.3943,0.7532,58831100.0,67678000.0
000300.SH,2016-09-20,3257.4,3264.66,3265.04,3252.39,3263.12,-5.7208,-0.1753,52784200.0,61626200.0
000300.SH,2016-09-21,3266.64,3257.71,3270.9,3254.32,3257.4,9.2329,0.2834,59143000.0,68957700.0
000300.SH,2016-09-22,3291.12,3281.47,3303.2,3277.98,3266.64,24.4848,0.7495,75753500.0,89991800.0
000300.SH,2016-09-23,3275.67,3292.28,3293.92,3275.02,3291.12,-15.4546,-0.4696,57994000.0,68046300.0
000300.SH,2016-09-26,3220.28,3267.69,3267.69,3220.28,3275.67,-55.3827,-1.6907,70452200.0,78700800.0
000300.SH,2016-09-27,3240.75,3214.87,3240.78,3214.44,3220.28,20.4708,0.6357,58460600.0,66651100.0
000300.SH,2016-09-28,3230.89,3243.65,3243.65,3228.0,3240.75,-9.8642,-0.3044,44727500.0,51996400.0
000300.SH,2016-09-29,3244.39,3234.86,3257.77,3234.8,3230.89,13.497,0.4177,55452600.0,62220300.0
000300.SH,2016-09-30,3253.28,3240.18,3260.94,3239.04,3244.39,8.8974,0.2742,44978000.0,52655700.0
000300.SH,2016-10-10,3293.87,3265.36,3294.64,3258.96,3253.28,40.5841,1.2475,80519300.0,89608000.0
000300.SH,2016-10-11,3306.56,3296.87,3308.0,3292.88,3293.87,12.6884,0.3852,87713200.0,88213400.0
000300.SH,2016-10-12,3300.01,3299.14,3302.56,3289.75,3306.56,-6.5474,-0.198,68669800.0,72386900.0
000300.SH,2016-10-13,3302.65,3299.16,3307.41,3292.4,3300.01,2.6356,0.0799,81224200.0,79923800.0
000300.SH,2016-10-14,3305.85,3298.73,3306.69,3285.73,3302.65,3.2026,0.097,82316300.0,81485600.0
000300.SH,2016-10-17,3277.88,3305.96,3309.01,3271.54,3305.85,-27.9694,-0.8461,86113500.0,88199400.0
000300.SH,2016-10-18,3321.33,3272.68,3321.33,3272.68,3277.88,43.4537,1.3257,102861000.0,104625000.0
000300.SH,2016-10-19,3316.24,3323.3,3332.52,3309.83,3321.33,-5.0917,-0.1533,101168000.0,96354400.0
000300.SH,2016-10-20,3318.6,3317.18,3324.9,3312.17,3316.24,2.3637,0.0713,79238900.0,82481100.0
000300.SH,2016-10-21,3327.74,3315.72,3341.56,3309.18,3318.6,9.1356,0.2753,109785000.0,107115000.0
000300.SH,2016-10-24,3367.58,3332.51,3382.83,3330.97,3327.74,39.8378,1.1971,153014000.0,150063000.0
000300.SH,2016-10-25,3367.45,3367.48,3373.91,3356.59,3367.58,-0.1231,-0.0037,111192000.0,110577000.0
000300.SH,2016-10-26,3354.8,3365.2,3367.83,3349.57,3367.45,-12.6544,-0.3758,98024800.0,104719000.0
000300.SH,2016-10-27,3345.7,3351.46,3352.35,3335.13,3354.8,-9.1053,-0.2714,77629800.0,85241000.0
000300.SH,2016-10-28,3340.13,3347.14,3370.75,3337.29,3345.7,-5.5688,-0.1664,93133300.0,104798000.0
000300.SH,2016-10-31,3336.28,3332.41,3340.47,3317.33,3340.13,-3.8484,-0.1152,71352900.0,80701800.0
000300.SH,2016-11-01,3359.05,3338.71,3359.39,3334.46,3336.28,22.7737,0.6826,74938200.0,84717700.0
000300.SH,2016-11-02,3333.35,3350.71,3356.4,3331.38,3359.05,-25.6991,-0.7651,91197100.0,100349000.0
000300.SH,2016-11-03,3365.08,3326.9,3379.99,3324.84,3333.35,31.7326,0.952,126224000.0,137386000.0
000300.SH,2016-11-04,3354.17,3362.21,3377.64,3348.43,3365.08,-10.9101,-0.3242,104070000.0,110814000.0
000300.SH,2016-11-07,3356.59,3353.44,3362.74,3342.31,3354.17,2.4167,0.0721,99878000.0,94370900.0
000300.SH,2016-11-08,3371.12,3367.7,3383.92,3361.13,3356.59,14.5261,0.4328,103148000.0,105138000.0
000300.SH,2016-11-09,3353.05,3370.6,3373.1,3322.08,3371.12,-18.063,-0.5358,139110000.0,145187000.0
000300.SH,2016-11-10,3390.61,3374.91,3403.02,3374.91,3353.05,37.5572,1.1201,134706000.0,133277000.0
000300.SH,2016-11-11,3417.22,3387.95,3422.67,3382.89,3390.61,26.6092,0.7848,198782000.0,190647000.0
000300.SH,2016-11-14,3430.25,3409.22,3452.62,3408.14,3417.22,13.0271,0.3812,213247000.0,208353000.0
000300.SH,2016-11-15,3429.87,3428.87,3434.92,3415.99,3430.25,-0.3785,-0.011,134566000.0,135207000.0
000300.SH,2016-11-16,3429.59,3432.43,3435.64,3419.24,3429.87,-0.2776,-0.0081,129809000.0,128945000.0
000300.SH,2016-11-17,3436.53,3423.47,3437.67,3412.88,3429.59,6.9429,0.2024,121562000.0,121577000.0
000300.SH,2016-11-18,3417.46,3437.49,3443.12,3413.27,3436.53,-19.0796,-0.5552,115951000.0,117346000.0
000300.SH,2016-11-21,3441.11,3412.65,3463.14,3412.08,3417.46,23.6552,0.6922,146435000.0,147543000.0
000300.SH,2016-11-22,3468.36,3443.22,3469.22,3443.22,3441.11,27.2531,0.792,168523000.0,167251000.0
000300.SH,2016-11-23,3474.73,3473.9,3492.96,3465.76,3468.36,6.3652,0.1835,162389000.0,171247000.0
000300.SH,2016-11-24,3488.74,3468.81,3508.16,3467.01,3474.73,14.0113,0.4032,145746000.0,165071000.0
000300.SH,2016-11-25,3521.3,3490.04,3521.3,3463.95,3488.74,32.5582,0.9332,153622000.0,166832000.0
000300.SH,2016-11-28,3535.08,3538.68,3553.36,3528.32,3521.3,13.7823,0.3914,207375000.0,219860000.0
000300.SH,2016-11-29,3564.04,3525.9,3583.72,3521.38,3535.08,28.9597,0.8192,236918000.0,248323000.0
000300.SH,2016-11-30,3538.0,3557.64,3567.07,3527.02,3564.04,-26.0394,-0.7306,178560000.0,190681000.0
000300.SH,2016-12-01,3565.04,3543.96,3575.97,3543.25,3538.0,27.035,0.7641,180171000.0,199638000.0
000300.SH,2016-12-02,3528.95,3559.77,3562.55,3516.79,3565.04,-36.0813,-1.0121,196355000.0,203742000.0
000300.SH,2016-12-05,3469.41,3473.69,3496.88,3457.34,3528.95,-59.5474,-1.6874,180852000.0,190175000.0
000300.SH,2016-12-06,3459.15,3466.24,3477.59,3456.81,3469.41,-10.254,-0.2956,115529000.0,125728000.0
000300.SH,2016-12-07,3475.75,3458.37,3475.75,3445.76,3459.15,16.594,0.4797,114345000.0,115282000.0
000300.SH,2016-12-08,3470.14,3481.81,3484.34,3466.51,3475.75,-5.6047,-0.1613,117384000.0,119189000.0
000300.SH,2016-12-09,3493.7,3464.87,3507.93,3461.76,3470.14,23.5578,0.6789,150303000.0,152675000.0
000300.SH,2016-12-12,3409.18,3489.27,3495.8,3400.79,3493.7,-84.521,-2.4192,187468000.0,199164000.0
000300.SH,2016-12-13,3405.04,3394.21,3416.21,3370.6,3409.18,-4.1439,-0.1216,121105000.0,124454000.0
000300.SH,2016-12-14,3378.95,3399.41,3412.28,3378.27,3405.04,-26.0902,-0.7662,124008000.0,126183000.0
000300.SH,2016-12-15,3340.43,3363.86,3378.04,3327.14,3378.95,-38.5115,-1.1397,114961000.0,121508000.0
000300.SH,2016-12-16,3346.03,3335.36,3356.29,3330.49,3340.43,5.5967,0.1675,90775400.0,98112200.0
000300.SH,2016-12-19,3328.98,3342.34,3344.86,3325.0,3346.03,-17.0478,-0.5095,81640700.0,86095700.0
000300.SH,2016-12-20,3309.06,3328.3,3329.1,3289.27,3328.98,-19.9186,-0.5983,87569600.0,88527300.0
000300.SH,2016-12-21,3338.54,3313.75,3342.48,3313.75,3309.06,29.4719,0.8906,108255000.0,106205000.0
000300.SH,2016-12-22,3335.67,3335.12,3340.36,3322.72,3338.54,-2.864,-0.0858,92277200.0,92564900.0
000300.SH,2016-12-23,3307.6,3333.4,3334.89,3300.88,3335.67,-28.0729,-0.8416,97444700.0,99575500.0
000300.SH,2016-12-26,3322.4,3293.22,3322.42,3267.05,3307.6,14.8015,0.4475,89794000.0,95493200.0
000300.SH,2016-12-27,3316.39,3319.21,3330.23,3315.83,3322.4,-6.0154,-0.1811,75486400.0,79617100.0
000300.SH,2016-12-28,3301.89,3315.75,3320.55,3293.17,3316.39,-14.4965,-0.4371,69000400.0,71759800.0
000300.SH,2016-12-29,3297.76,3297.04,3312.11,3288.1,3301.89,-4.1239,-0.1249,70087900.0,75973000.0
000300.SH,2016-12-30,3310.08,3302.6,3313.55,3295.75,3297.76,12.316,0.3735,71744100.0,76921400.0
000300.SH,2017-01-03,3342.23,3313.95,3345.26,3313.95,3310.08,32.1464,0.9712,86567900.0,87612800.0
000300.SH,2017-01-04,3368.31,3340.56,3369.57,3338.15,3342.23,26.0845,0.7805,90050800.0,98014400.0
000300.SH,2017-01-05,3367.79,3368.34,3373.41,3361.46,3368.31,-0.5225,-0.0155,88336400.0,91189300.0
000300.SH,2017-01-06,3347.67,3366.85,3368.87,3346.89,3367.79,-20.1227,-0.5975,87459100.0,91072300.0
000300.SH,2017-01-09,3363.9,3345.75,3366.22,3344.35,3347.67,16.2349,0.485,83707900.0,87916100.0
000300.SH,2017-01-10,3358.27,3361.64,3370.51,3354.09,3363.9,-5.6298,-0.1674,83819200.0,82534000.0
000300.SH,2017-01-11,3334.5,3355.8,3366.63,3334.3,3358.27,-23.7762,-0.708,91071400.0,86750500.0
000300.SH,2017-01-12,3317.62,3332.69,3343.13,3315.96,3334.5,-16.8713,-0.506,81239100.0,75031900.0
000300.SH,2017-01-13,3319.91,3317.96,3338.17,3309.37,3317.62,2.2881,0.069,84180600.0,84556100.0
000300.SH,2017-01-16,3319.45,3314.15,3322.78,3264.21,3319.91,-0.4667,-0.0141,157779000.0,153263000.0
000300.SH,2017-01-17,3326.36,3305.6,3327.38,3292.2,3319.45,6.9108,0.2082,69453300.0,74754500.0
000300.SH,2017-01-18,3339.37,3323.34,3350.96,3320.41,3326.36,13.009,0.3911,70623200.0,75680700.0
000300.SH,2017-01-19,3329.29,3330.95,3346.5,3324.68,3339.37,-10.0762,-0.3017,66159800.0,63869700.0
000300.SH,2017-01-20,3354.89,3326.98,3358.41,3326.37,3329.29,25.6,0.7689,65300500.0,70831300.0
000300.SH,2017-01-23,3364.08,3359.05,3378.74,3355.85,3354.89,9.1917,0.274,75557500.0,76492700.0
000300.SH,2017-01-24,3364.45,3363.14,3371.32,3355.9,3364.08,0.3701,0.011,66194200.0,66049700.0
000300.SH,2017-01-25,3375.9,3361.66,3376.44,3357.22,3364.45,11.4533,0.3404,58376900.0,62483400.0
000300.SH,2017-01-26,3387.96,3378.26,3395.88,3378.26,3375.9,12.0564,0.3571,65316600.0,66488800.0
000300.SH,2017-02-03,3364.49,3390.93,3392.48,3362.57,3387.96,-23.4683,-0.6927,55188900.0,57113900.0
000300.SH,2017-02-06,3373.21,3368.11,3381.33,3358.75,3364.49,8.7128,0.259,68521400.0,73408100.0
000300.SH,2017-02-07,3365.68,3371.77,3376.71,3354.62,3373.21,-7.5202,-0.2229,63754500.0,69758200.0
000300.SH,2017-02-08,3383.29,3361.78,3383.69,3347.43,3365.68,17.6029,0.523,75402900.0,82869700.0
000300.SH,2017-02-09,3396.29,3381.9,3406.59,3379.79,3383.29,13.0046,0.3844,97558500.0,102134000.0
000300.SH,2017-02-10,3413.49,3398.32,3422.33,3398.03,3396.29,17.1944,0.5063,123769000.0,121909000.0
000300.SH,2017-02-13,3436.27,3416.92,3439.54,3416.87,3413.49,22.7882,0.6676,120145000.0,125333000.0
000300.SH,2017-02-14,3435.8,3438.51,3440.67,3424.4,3436.27,-0.4708,-0.0137,94809500.0,98537200.0
000300.SH,2017-02-15,3421.71,3435.39,3448.03,3417.08,3435.8,-14.0911,-0.4101,127643000.0,124653000.0
000300.SH,2017-02-16,3440.93,3421.83,3440.93,3418.35,3421.71,19.22,0.5617,108277000.0,101810000.0
000300.SH,2017-02-17,3421.44,3443.62,3457.56,3419.61,3440.93,-19.4912,-0.5665,114600000.0,118033000.0
000300.SH,2017-02-20,3471.39,3421.64,3472.6,3421.64,3421.44,49.9507,1.4599,132629000.0,134682000.0
000300.SH,2017-02-21,3482.82,3475.06,3490.09,3472.02,3471.39,11.4304,0.3293,114842000.0,120675000.0
000300.SH,2017-02-22,3489.76,3483.2,3489.95,3473.52,3482.82,6.9337,0.1991,102816000.0,109232000.0
000300.SH,2017-02-23,3473.32,3487.57,3492.96,3460.12,3489.76,-16.4331,-0.4709,99536300.0,106556000.0
000300.SH,2017-02-24,3473.85,3468.96,3473.85,3455.25,3473.32,0.5281,0.0152,95535100.0,99875200.0
000300.SH,2017-02-27,3446.22,3471.13,3472.84,3441.39,3473.85,-27.6289,-0.7953,98672200.0,106831000.0
000300.SH,2017-02-28,3452.81,3445.03,3460.91,3441.36,3446.22,6.5875,0.1912,75215300.0,81979300.0
000300.SH,2017-03-01,3458.44,3452.21,3472.7,3449.11,3452.81,5.6273,0.163,103260000.0,109318000.0
000300.SH,2017-03-02,3435.1,3463.48,3468.47,3434.0,3458.44,-23.3413,-0.6749,89898100.0,97876200.0
000300.SH,2017-03-03,3427.86,3424.66,3428.88,3412.83,3435.1,-7.2335,-0.2106,80994700.0,90009600.0
000300.SH,2017-03-06,3446.48,3427.25,3449.03,3425.9,3427.86,18.6212,0.5432,83070900.0,95178600.0
000300.SH,2017-03-07,3453.96,3446.16,3454.04,3440.06,3446.48,7.4725,0.2168,80334700.0,94483800.0
000300.SH,2017-03-08,3448.73,3452.2,3457.04,3441.26,3453.96,-5.2252,-0.1513,79587700.0,89124900.0
000300.SH,2017-03-09,3426.94,3442.9,3443.05,3414.68,3448.73,-21.7875,-0.6318,84570400.0,90090000.0
000300.SH,2017-03-10,3427.89,3423.98,3436.24,3423.94,3426.94,0.9478,0.0277,70016200.0,82161700.0
000300.SH,2017-03-13,3458.1,3425.67,3458.1,3412.69,3427.89,30.2064,0.8812,91684100.0,108489000.0
000300.SH,2017-03-14,3456.69,3456.66,3465.39,3448.9,3458.1,-1.4046,-0.0406,77078000.0,95317600.0
000300.SH,2017-03-15,3463.64,3452.21,3463.92,3445.27,3456.69,6.9502,0.2011,79105000.0,94056300.0
000300.SH,2017-03-16,3481.51,3472.27,3492.13,3472.27,3463.64,17.863,0.5157,106334000.0,124696000.0
000300.SH,2017-03-17,3445.81,3485.31,3488.5,3441.47,3481.51,-35.7015,-1.0255,103756000.0,122369000.0
000300.SH,2017-03-20,3449.61,3449.05,3454.06,3429.83,3445.81,3.8075,0.1105,88734300.0,103769000.0
000300.SH,2017-03-21,3466.35,3449.77,3466.7,3445.64,3449.61,16.7342,0.4851,87707900.0,113528000.0
000300.SH,2017-03-22,3450.05,3450.75,3464.33,3433.5,3466.35,-16.2966,-0.4701,104936000.0,123866000.0
000300.SH,2017-03-23,3461.98,3452.41,3470.82,3435.69,3450.05,11.928,0.3457,94318100.0,115814000.0
000300.SH,2017-03-24,3489.6,3464.2,3499.32,3461.11,3461.98,27.6215,0.7979,125646000.0,141753000.0
000300.SH,2017-03-27,3478.04,3488.76,3505.98,3474.52,3489.6,-11.5612,-0.3313,107015000.0,124388000.0
000300.SH,2017-03-28,3469.81,3480.25,3482.29,3461.47,3478.04,-8.2292,-0.2366,84194800.0,97495900.0
000300.SH,2017-03-29,3465.19,3472.97,3483.06,3455.55,3469.81,-4.616,-0.133,104852000.0,114663000.0
000300.SH,2017-03-30,3436.76,3461.62,3467.3,3422.37,3465.19,-28.4353,-0.8206,116377000.0,122088000.0
000300.SH,2017-03-31,3456.05,3434.82,3456.31,3430.82,3436.76,19.2875,0.5612,91577500.0,100985000.0
000300.SH,2017-04-05,3503.89,3476.42,3504.54,3475.15,3456.05,47.8477,1.3845,143399000.0,160743000.0
000300.SH,2017-04-06,3514.05,3507.99,3517.78,3495.72,3503.89,10.1537,0.2898,136767000.0,145222000.0
000300.SH,2017-04-07,3517.46,3514.45,3526.81,3506.39,3514.05,3.4165,0.0972,140293000.0,144560000.0
000300.SH,2017-04-10,3505.14,3519.46,3522.8,3502.08,3517.46,-12.3242,-0.3504,141887000.0,155748000.0
000300.SH,2017-04-11,3517.33,3503.83,3520.13,3466.14,3505.14,12.1888,0.3477,165946000.0,189457000.0
000300.SH,2017-04-12,3509.44,3514.57,3523.1,3498.0,3517.33,-7.8893,-0.2243,181825000.0,202155000.0
000300.SH,2017-04-13,3514.57,3500.28,3518.44,3496.57,3509.44,5.1275,0.1461,129982000.0,133346000.0
000300.SH,2017-04-14,3486.5,3516.81,3517.47,3476.95,3514.57,-28.0617,-0.7984,135474000.0,130425000.0
000300.SH,2017-04-17,3479.94,3475.74,3480.57,3453.68,3486.5,-6.5628,-0.1882,117165000.0,123884000.0
000300.SH,2017-04-18,3462.74,3474.89,3489.08,3462.63,3479.94,-17.1988,-0.4942,110928000.0,126791000.0
000300.SH,2017-04-19,3445.88,3452.99,3459.35,3418.51,3462.74,-16.8668,-0.4871,121349000.0,127050000.0
000300.SH,2017-04-20,3461.55,3444.52,3465.61,3440.72,3445.88,15.672,0.4548,114184000.0,133977000.0
000300.SH,2017-04-21,3466.79,3461.39,3475.56,3449.54,3461.55,5.2384,0.1513,104419000.0,115209000.0
000300.SH,2017-04-24,3431.26,3458.23,3458.23,3403.98,3466.79,-35.5278,-1.0248,114661000.0,122778000.0
000300.SH,2017-04-25,3440.97,3427.73,3449.67,3422.65,3431.26,9.7156,0.2831,94072100.0,107599000.0
000300.SH,2017-04-26,3445.18,3440.25,3466.57,3439.15,3440.97,4.2089,0.1223,111940000.0,131317000.0
000300.SH,2017-04-27,3446.72,3435.1,3449.27,3399.54,3445.18,1.537,0.0446,123298000.0,134611000.0
000300.SH,2017-04-28,3439.75,3439.57,3439.9,3417.24,3446.72,-6.9672,-0.2021,101632000.0,113761000.0
000300.SH,2017-05-02,3426.58,3427.92,3436.31,3418.67,3439.75,-13.1764,-0.3831,92797500.0,101636000.0
000300.SH,2017-05-03,3413.13,3421.76,3432.22,3403.08,3426.58,-13.4484,-0.3925,91669600.0,97854100.0
000300.SH,2017-05-04,3404.39,3404.94,3421.4,3391.28,3413.13,-8.7418,-0.2561,103482000.0,106986000.0
000300.SH,2017-05-05,3382.55,3393.48,3395.45,3366.56,3404.39,-21.8362,-0.6414,109895000.0,117465000.0
000300.SH,2017-05-08,3358.81,3369.11,3374.16,3339.57,3382.55,-23.7377,-0.7018,123749000.0,126885000.0
000300.SH,2017-05-09,3352.53,3342.6,3358.05,3327.59,3358.81,-6.2801,-0.187,76771700.0,85528800.0
000300.SH,2017-05-10,3337.7,3350.65,3369.43,3336.0,3352.53,-14.8317,-0.4424,92082600.0,102195000.0
000300.SH,2017-05-11,3356.65,3322.95,3359.6,3312.89,3337.7,18.9452,0.5676,109253000.0,111576000.0
000300.SH,2017-05-12,3385.38,3350.94,3387.27,3349.17,3356.65,28.7328,0.856,93386500.0,97522100.0
000300.SH,2017-05-15,3399.19,3391.59,3406.58,3391.59,3385.38,13.815,0.4081,82977600.0,92183300.0
000300.SH,2017-05-16,3428.65,3390.93,3428.85,3373.55,3399.19,29.4554,0.8665,105242000.0,112814000.0
000300.SH,2017-05-17,3409.97,3423.19,3433.97,3408.15,3428.65,-18.6835,-0.5449,99736800.0,110553000.0
000300.SH,2017-05-18,3398.11,3387.67,3409.93,3383.94,3409.97,-11.8529,-0.3476,85759600.0,88091200.0
000300.SH,2017-05-19,3403.85,3395.23,3405.94,3392.38,3398.11,5.7365,0.1688,71473500.0,78397100.0
000300.SH,2017-05-22,3411.24,3400.59,3424.18,3391.17,3403.85,7.3895,0.2171,92539600.0,99021100.0
000300.SH,2017-05-23,3424.19,3405.03,3434.77,3401.53,3411.24,12.9553,0.3798,116911000.0,126768000.0
000300.SH,2017-05-24,3424.17,3409.72,3424.17,3383.89,3424.19,-0.0271,-0.0008,83553200.0,92620000.0
000300.SH,2017-05-25,3485.66,3414.4,3490.42,3413.22,3424.17,61.4912,1.7958,130722000.0,136634000.0
000300.SH,2017-05-26,3480.43,3479.62,3498.31,3473.04,3485.66,-5.2236,-0.1499,103241000.0,112586000.0
000300.SH,2017-05-31,3492.88,3495.07,3515.08,3474.92,3480.43,12.45,0.3577,104830000.0,115969000.0
000300.SH,2017-06-01,3497.74,3485.22,3499.81,3476.43,3492.88,4.8537,0.139,103128000.0,116089000.0
000300.SH,2017-06-02,3486.51,3491.59,3498.12,3470.2,3497.74,-11.2308,-0.3211,82668000.0,92850700.0
000300.SH,2017-06-05,3468.75,3480.17,3484.12,3462.31,3486.51,-17.7536,-0.5092,79738200.0,85609500.0
000300.SH,2017-06-06,3492.88,3464.38,3492.88,3460.45,3468.75,24.1278,0.6956,64089400.0,77868800.0
000300.SH,2017-06-07,3533.87,3493.88,3537.09,3491.13,3492.88,40.9902,1.1735,104420000.0,124189000.0
000300.SH,2017-06-08,3560.98,3531.24,3562.27,3528.18,3533.87,27.1068,0.7671,90224900.0,112036000.0
000300.SH,2017-06-09,3576.17,3561.24,3590.89,3560.63,3560.98,15.1917,0.4266,101188000.0,121701000.0
000300.SH,2017-06-12,3574.39,3570.22,3603.69,3565.9,3576.17,-1.7809,-0.0498,90381200.0,117691000.0
000300.SH,2017-06-13,3582.27,3569.16,3584.41,3559.21,3574.39,7.878,0.2204,75177100.0,94223100.0
000300.SH,2017-06-14,3535.3,3571.25,3571.25,3530.27,3582.27,-46.9687,-1.3111,83810800.0,106105000.0
000300.SH,2017-06-15,3528.79,3530.75,3542.28,3508.95,3535.3,-6.5061,-0.184,82632500.0,106054000.0
000300.SH,2017-06-16,3518.76,3522.97,3536.14,3514.39,3528.79,-10.0315,-0.2843,76452700.0,91462300.0
000300.SH,2017-06-19,3553.67,3520.06,3554.91,3520.06,3518.76,34.9042,0.9919,79797100.0,98572400.0
000300.SH,2017-06-20,3546.49,3560.79,3563.7,3539.51,3553.67,-7.1713,-0.2018,80509600.0,98187600.0
000300.SH,2017-06-21,3587.96,3567.13,3587.99,3545.57,3546.49,41.461,1.1691,87859800.0,117148000.0
000300.SH,2017-06-22,3590.34,3583.56,3635.53,3581.34,3587.96,2.3875,0.0665,135527000.0,169419000.0
000300.SH,2017-06-23,3622.88,3583.44,3623.24,3569.32,3590.34,32.5406,0.9063,105129000.0,133975000.0
000300.SH,2017-06-26,3668.09,3627.02,3671.94,3627.02,3622.88,45.2088,1.2479,134638000.0,170737000.0
000300.SH,2017-06-27,3674.72,3665.58,3676.53,3648.76,3668.09,6.6233,0.1806,97558700.0,123057000.0
000300.SH,2017-06-28,3646.17,3664.16,3672.19,3644.03,3674.72,-28.5486,-0.7769,97920900.0,124466000.0
000300.SH,2017-06-29,3668.83,3649.25,3669.13,3644.73,3646.17,22.6613,0.6215,85589500.0,111847000.0
000300.SH,2017-06-30,3666.8,3654.73,3669.76,3646.23,3668.83,-2.0302,-0.0553,81510000.0,102460000.0
000300.SH,2017-07-03,3650.85,3667.23,3667.6,3633.78,3666.8,-15.9514,-0.435,88820900.0,115215000.0
000300.SH,2017-07-04,3619.98,3646.83,3646.85,3611.69,3650.85,-30.8622,-0.8453,95071400.0,125350000.0
000300.SH,2017-07-05,3659.68,3611.9,3660.73,3610.46,3619.98,39.6954,1.0966,88232400.0,120352000.0
000300.SH,2017-07-06,3660.1,3654.56,3666.77,3629.56,3659.68,0.4172,0.0114,102379000.0,132837000.0
000300.SH,2017-07-07,3655.93,3647.64,3657.11,3631.87,3660.1,-4.1674,-0.1139,103735000.0,123465000.0
000300.SH,2017-07-10,3653.69,3647.94,3667.85,3641.53,3655.93,-2.2425,-0.0613,120592000.0,141035000.0
000300.SH,2017-07-11,3670.81,3646.88,3701.21,3645.99,3653.69,17.1218,0.4686,118761000.0,145084000.0
000300.SH,2017-07-12,3658.82,3672.63,3691.58,3640.59,3670.81,-11.985,-0.3265,122288000.0,143495000.0
000300.SH,2017-07-13,3686.92,3656.35,3690.48,3652.57,3658.82,28.0969,0.7679,125670000.0,146389000.0
000300.SH,2017-07-14,3703.09,3682.62,3703.09,3672.74,3686.92,16.1735,0.4387,105514000.0,121021000.0
000300.SH,2017-07-17,3663.56,3700.62,3716.47,3621.37,3703.09,-39.5365,-1.0677,178822000.0,196217000.0
000300.SH,2017-07-18,3667.18,3648.49,3667.54,3622.04,3663.56,3.6232,0.0989,124622000.0,141472000.0
000300.SH,2017-07-19,3729.75,3660.87,3731.05,3658.2,3667.18,62.5659,1.7061,182478000.0,198392000.0
000300.SH,2017-07-20,3747.88,3725.14,3750.19,3723.07,3729.75,18.1377,0.4863,142410000.0,169267000.0
000300.SH,2017-07-21,3728.6,3738.18,3751.69,3722.07,3747.88,-19.2867,-0.5146,117941000.0,141433000.0
000300.SH,2017-07-24,3743.47,3724.38,3755.19,3719.85,3728.6,14.871,0.3988,134869000.0,154702000.0
000300.SH,2017-07-25,3719.56,3742.64,3752.16,3713.28,3743.47,-23.9096,-0.6387,121672000.0,133532000.0
000300.SH,2017-07-26,3705.39,3722.88,3738.53,3684.18,3719.56,-14.1706,-0.381,136325000.0,146518000.0
000300.SH,2017-07-27,3712.19,3700.86,3716.69,3672.5,3705.39,6.8063,0.1837,145003000.0,161631000.0
000300.SH,2017-07-28,3721.89,3703.49,3725.54,3696.78,3712.19,9.6967,0.2612,111411000.0,125818000.0
000300.SH,2017-07-31,3737.87,3722.43,3746.52,3713.66,3721.89,15.9818,0.4294,148429000.0,160890000.0
000300.SH,2017-08-01,3770.38,3738.74,3770.4,3737.1,3737.87,32.5096,0.8697,152547000.0,173128000.0
000300.SH,2017-08-02,3760.85,3768.19,3784.35,3759.28,3770.38,-9.5303,-0.2528,172293000.0,189337000.0
000300.SH,2017-08-03,3727.83,3755.11,3766.35,3718.44,3760.85,-33.0261,-0.8782,146154000.0,164710000.0
000300.SH,2017-08-04,3707.58,3724.72,3738.73,3707.0,3727.83,-20.2468,-0.5431,157470000.0,168293000.0
000300.SH,2017-08-07,3726.79,3701.22,3730.78,3689.96,3707.58,19.2152,0.5183,124232000.0,134349000.0
000300.SH,2017-08-08,3732.21,3724.33,3737.33,3718.81,3726.79,5.4181,0.1454,137242000.0,146482000.0
000300.SH,2017-08-09,3731.04,3728.03,3739.0,3713.57,3732.21,-1.1689,-0.0313,124680000.0,137224000.0
000300.SH,2017-08-10,3715.92,3724.96,3746.86,3688.18,3731.04,-15.1232,-0.4053,130085000.0,148005000.0
000300.SH,2017-08-11,3647.35,3687.93,3700.49,3645.09,3715.92,-68.5705,-1.8453,150387000.0,161083000.0
000300.SH,2017-08-14,3694.68,3651.38,3698.37,3651.38,3647.35,47.3328,1.2977,115308000.0,140234000.0
000300.SH,2017-08-15,3706.06,3695.78,3719.29,3692.28,3694.68,11.3735,0.3078,106445000.0,124791000.0
000300.SH,2017-08-16,3701.42,3701.13,3707.14,3679.73,3706.06,-4.6359,-0.1251,104134000.0,127282000.0
000300.SH,2017-08-17,3721.28,3707.07,3722.62,3704.41,3701.42,19.8563,0.5365,108656000.0,137020000.0
000300.SH,2017-08-18,3724.67,3707.19,3733.49,3700.41,3721.28,3.3978,0.0913,96561700.0,123078000.0
000300.SH,2017-08-21,3740.99,3731.84,3744.26,3728.62,3724.67,16.3193,0.4381,100313000.0,123912000.0
000300.SH,2017-08-22,3752.3,3745.75,3758.29,3734.56,3740.99,11.3039,0.3022,100293000.0,131131000.0
000300.SH,2017-08-23,3756.09,3747.61,3772.46,3741.72,3752.3,3.7904,0.101,104962000.0,124081000.0
000300.SH,2017-08-24,3734.65,3755.89,3765.71,3729.09,3756.09,-21.4426,-0.5709,89947400.0,107736000.0
000300.SH,2017-08-25,3795.75,3736.29,3795.97,3736.29,3734.65,61.1086,1.6363,129941000.0,150697000.0
000300.SH,2017-08-28,3842.71,3805.66,3866.94,3805.66,3795.75,46.9575,1.2371,185576000.0,236446000.0
000300.SH,2017-08-29,3834.54,3839.18,3847.93,3825.76,3842.71,-8.1743,-0.2127,128227000.0,158979000.0
000300.SH,2017-08-30,3834.3,3834.27,3854.71,3827.86,3834.54,-0.2371,-0.0062,141353000.0,166235000.0
000300.SH,2017-08-31,3822.09,3835.84,3840.2,3800.89,3834.3,-12.2077,-0.3184,132945000.0,157079000.0
000300.SH,2017-09-01,3830.54,3825.34,3843.62,3818.16,3822.09,8.4455,0.221,158646000.0,182770000.0
000300.SH,2017-09-04,3845.62,3828.54,3847.09,3813.55,3830.54,15.078,0.3936,149566000.0,175551000.0
000300.SH,2017-09-05,3857.05,3845.55,3865.29,3841.95,3845.62,11.4301,0.2972,124964000.0,145780000.0
000300.SH,2017-09-06,3849.45,3846.75,3858.25,3831.38,3857.05,-7.5965,-0.197,131399000.0,155883000.0
000300.SH,2017-09-07,3829.87,3851.69,3858.16,3828.83,3849.45,-19.5786,-0.5086,123884000.0,156113000.0
000300.SH,2017-09-08,3825.99,3830.07,3843.02,3813.98,3829.87,-3.8818,-0.1014,106037000.0,134959000.0
000300.SH,2017-09-11,3825.65,3828.34,3850.74,3817.51,3825.99,-0.3442,-0.009,123884000.0,154794000.0
000300.SH,2017-09-12,3837.93,3832.24,3849.39,3822.0,3825.65,12.2888,0.3212,144190000.0,187605000.0
000300.SH,2017-09-13,3842.61,3835.55,3847.78,3822.94,3837.93,4.672,0.1217,95410800.0,126254000.0
000300.SH,2017-09-14,3829.96,3843.57,3854.49,3820.09,3842.61,-12.6507,-0.3292,115359000.0,143112000.0
000300.SH,2017-09-15,3831.3,3826.14,3843.3,3818.52,3829.96,1.3411,0.035,122427000.0,153477000.0
000300.SH,2017-09-18,3843.14,3832.96,3862.36,3832.96,3831.3,11.8463,0.3092,117934000.0,152841000.0
000300.SH,2017-09-19,3832.12,3849.88,3857.3,3820.29,3843.14,-11.0267,-0.2869,112433000.0,145528000.0
000300.SH,2017-09-20,3842.44,3830.15,3850.94,3827.89,3832.12,10.3192,0.2693,101130000.0,135042000.0
000300.SH,2017-09-21,3837.82,3843.26,3860.8,3837.38,3842.44,-4.6177,-0.1202,111098000.0,144133000.0
000300.SH,2017-09-22,3837.73,3826.46,3842.25,3816.82,3837.82,-0.0872,-0.0023,100620000.0,128361000.0
000300.SH,2017-09-25,3817.79,3829.22,3835.39,3811.12,3837.73,-19.9389,-0.5195,103949000.0,135980000.0
000300.SH,2017-09-26,3820.78,3810.33,3821.69,3808.38,3817.79,2.9901,0.0783,81869400.0,101036000.0
000300.SH,2017-09-27,3821.2,3818.96,3832.57,3818.81,3820.78,0.4184,0.011,85655800.0,109299000.0
000300.SH,2017-09-28,3822.54,3821.59,3827.33,3813.75,3821.2,1.3386,0.035,93544100.0,115646000.0
000300.SH,2017-09-29,3836.5,3825.2,3852.22,3825.2,3822.54,13.9627,0.3653,93306000.0,116057000.0
000300.SH,2017-10-09,3882.21,3910.11,3918.84,3876.03,3836.5,45.7063,1.1914,135536000.0,171941000.0
000300.SH,2017-10-10,3889.86,3883.0,3900.74,3855.47,3882.21,7.6561,0.1972,112533000.0,157980000.0
000300.SH,2017-10-11,3902.69,3886.82,3913.07,3885.5,3889.86,12.8231,0.3297,104418000.0,144153000.0
000300.SH,2017-10-12,3912.95,3902.02,3917.44,3897.55,3902.69,10.2668,0.2631,94340900.0,123147000.0
000300.SH,2017-10-13,3921.0,3912.98,3927.17,3908.89,3912.95,8.0481,0.2057,90142100.0,114315000.0
000300.SH,2017-10-16,3913.45,3926.28,3947.42,3913.32,3921.0,-7.5555,-0.1927,121355000.0,150824000.0
000300.SH,2017-10-17,3913.07,3910.79,3924.61,3900.48,3913.45,-0.3774,-0.0096,82241200.0,106708000.0
000300.SH,2017-10-18,3944.16,3914.82,3944.41,3914.82,3913.07,31.0938,0.7946,100970000.0,126420000.0
000300.SH,2017-10-19,3931.25,3940.58,3944.03,3923.65,3944.16,-12.9131,-0.3274,106527000.0,133190000.0
000300.SH,2017-10-20,3926.85,3918.53,3928.96,3910.2,3931.25,-4.3975,-0.1119,72980200.0,94529600.0
000300.SH,2017-10-23,3930.8,3930.89,3936.27,3920.66,3926.85,3.9461,0.1005,81485000.0,100281000.0
000300.SH,2017-10-24,3959.4,3926.23,3959.5,3922.03,3930.8,28.5972,0.7275,93058200.0,120192000.0
000300.SH,2017-10-25,3976.95,3958.17,3978.09,3954.0,3959.4,17.5537,0.4433,88205500.0,106820000.0
000300.SH,2017-10-26,3993.58,3980.05,4013.6,3973.55,3976.95,16.6262,0.4181,129895000.0,170489000.0
000300.SH,2017-10-27,4021.97,3992.55,4024.46,3991.35,3993.58,28.3924,0.711,126673000.0,152975000.0
000300.SH,2017-10-30,4009.72,4022.16,4033.34,3960.27,4021.97,-12.2458,-0.3045,157388000.0,193490000.0
000300.SH,2017-10-31,4006.72,3995.39,4009.28,3983.26,4009.72,-3.0039,-0.0749,109179000.0,142897000.0
000300.SH,2017-11-01,3996.62,4007.91,4032.46,3991.32,4006.72,-10.0958,-0.252,130417000.0,166477000.0
000300.SH,2017-11-02,3997.13,3994.09,3999.23,3971.38,3996.62,0.5122,0.0128,126101000.0,151981000.0
000300.SH,2017-11-03,3992.7,3992.35,3999.34,3963.03,3997.13,-4.4364,-0.111,129404000.0,158142000.0
000300.SH,2017-11-06,4020.89,3989.18,4021.64,3975.41,3992.7,28.1917,0.7061,122081000.0,158912000.0
000300.SH,2017-11-07,4054.25,4022.4,4064.22,4021.36,4020.89,33.3569,0.8296,152117000.0,193991000.0
000300.SH,2017-11-08,4048.01,4051.49,4089.15,4040.58,4054.25,-6.2408,-0.1539,150828000.0,200950000.0
000300.SH,2017-11-09,4075.9,4043.07,4076.61,4038.4,4048.01,27.8941,0.6891,121056000.0,159247000.0
000300.SH,2017-11-10,4111.91,4070.28,4116.71,4067.66,4075.9,36.0114,0.8835,141817000.0,198870000.0
000300.SH,2017-11-13,4128.07,4115.55,4137.65,4115.55,4111.91,16.1621,0.3931,151446000.0,205931000.0
000300.SH,2017-11-14,4099.35,4129.27,4133.55,4086.89,4128.07,-28.7223,-0.6958,143237000.0,199605000.0
000300.SH,2017-11-15,4073.67,4084.21,4102.81,4055.72,4099.35,-25.6814,-0.6265,120636000.0,177753000.0
000300.SH,2017-11-16,4105.01,4063.49,4107.62,4062.27,4073.67,31.3426,0.7694,121384000.0,172904000.0
000300.SH,2017-11-17,4120.85,4094.08,4122.38,4081.37,4105.01,15.8386,0.3858,191784000.0,253079000.0
000300.SH,2017-11-20,4143.83,4093.73,4144.51,4060.96,4120.85,22.9826,0.5577,137447000.0,191590000.0
000300.SH,2017-11-21,4217.7,4131.85,4220.26,4129.98,4143.83,73.8681,1.7826,180351000.0,253302000.0
000300.SH,2017-11-22,4227.57,4228.37,4260.64,4191.15,4217.7,9.8651,0.2339,186477000.0,254298000.0
000300.SH,2017-11-23,4102.4,4213.38,4214.19,4086.9,4227.57,-125.17,-2.9608,178147000.0,237537000.0
000300.SH,2017-11-24,4104.2,4089.47,4116.59,4057.49,4102.4,1.8068,0.044,130858000.0,182912000.0
000300.SH,2017-11-27,4049.95,4088.93,4088.93,4037.15,4104.2,-54.2559,-1.322,143455000.0,183005000.0
000300.SH,2017-11-28,4055.82,4034.21,4056.48,4010.3,4049.95,5.876,0.1451,102058000.0,135540000.0
000300.SH,2017-11-29,4053.75,4061.35,4069.24,4004.69,4055.82,-2.0706,-0.0511,124554000.0,165743000.0
000300.SH,2017-11-30,4006.1,4034.01,4052.8,3988.0,4053.75,-47.6536,-1.1755,107983000.0,145830000.0
000300.SH,2017-12-01,3998.14,4003.56,4027.11,3984.38,4006.1,-7.9628,-0.1988,97386900.0,136011000.0
000300.SH,2017-12-04,4018.86,3989.05,4032.99,3982.32,3998.14,20.7206,0.5183,102647000.0,138223000.0
000300.SH,2017-12-05,4040.17,4007.94,4045.93,4006.54,4018.86,21.3133,0.5303,154087000.0,196338000.0
000300.SH,2017-12-06,4015.82,4027.12,4031.75,3964.81,4040.17,-24.3493,-0.6027,109286000.0,144115000.0
000300.SH,2017-12-07,3971.06,4003.58,4017.95,3955.99,4015.82,-44.7642,-1.1147,90254000.0,119651000.0
000300.SH,2017-12-08,4003.38,3962.83,4014.14,3955.44,3971.06,32.3223,0.8139,89282900.0,124371000.0
000300.SH,2017-12-11,4069.5,4006.88,4069.5,4005.27,4003.38,66.1205,1.6516,97148900.0,148477000.0
000300.SH,2017-12-12,4016.02,4068.51,4070.15,4015.45,4069.5,-53.4834,-1.3143,84338700.0,123515000.0
000300.SH,2017-12-13,4050.09,4013.83,4052.69,4004.74,4016.02,34.0764,0.8485,77546100.0,115006000.0
000300.SH,2017-12-14,4026.15,4050.9,4057.62,4013.85,4050.09,-23.9411,-0.5911,80768900.0,115087000.0
000300.SH,2017-12-15,3980.86,4018.73,4020.27,3974.93,4026.15,-45.2958,-1.125,89044400.0,118474000.0
000300.SH,2017-12-18,3985.29,3983.3,4008.07,3967.93,3980.86,4.4356,0.1114,77853400.0,111724000.0
000300.SH,2017-12-19,4035.33,3985.82,4035.63,3985.82,3985.29,50.038,1.2556,77529000.0,115998000.0
000300.SH,2017-12-20,4030.49,4036.02,4044.85,4015.63,4035.33,-4.8396,-0.1199,90604500.0,126813000.0
000300.SH,2017-12-21,4067.85,4023.08,4080.78,4014.65,4030.49,37.3587,0.9269,96836100.0,137820000.0
000300.SH,2017-12-22,4054.6,4064.91,4076.8,4048.49,4067.85,-13.2501,-0.3257,73473700.0,104426000.0
000300.SH,2017-12-25,4041.54,4057.42,4086.93,4026.45,4054.6,-13.0583,-0.3221,91927000.0,129939000.0
000300.SH,2017-12-26,4053.62,4040.62,4056.86,4015.3,4041.54,12.0823,0.299,91118800.0,119725000.0
000300.SH,2017-12-27,3991.21,4045.28,4047.74,3986.74,4053.62,-62.4149,-1.5397,105154000.0,140517000.0
000300.SH,2017-12-28,4018.9,3993.0,4036.7,3980.24,3991.21,27.6899,0.6938,118543000.0,153637000.0
000300.SH,2017-12-29,4030.85,4022.88,4043.14,4012.88,4018.9,11.9575,0.2975,90486700.0,121257000.0
000300.SH,2018-01-02,4087.4,4045.21,4087.78,4045.21,4030.85,56.5463,1.4028,146935000.0,178402000.0
000300.SH,2018-01-03,4111.39,4091.46,4140.05,4088.73,4087.4,23.9913,0.587,151852000.0,205727000.0
000300.SH,2018-01-04,4128.81,4114.12,4137.64,4105.89,4111.39,17.4194,0.4237,134544000.0,174524000.0
000300.SH,2018-01-05,4138.75,4133.34,4151.28,4123.28,4128.81,9.9386,0.2407,149010000.0,185206000.0
000300.SH,2018-01-08,4160.16,4140.85,4166.32,4127.31,4138.75,21.409,0.5173,173878000.0,226404000.0
000300.SH,2018-01-09,4189.3,4157.54,4191.28,4153.5,4160.16,29.1382,0.7004,139034000.0,181975000.0
000300.SH,2018-01-10,4207.81,4187.2,4211.05,4175.14,4189.3,18.5155,0.442,151122000.0,194850000.0
000300.SH,2018-01-11,4205.59,4197.11,4211.8,4181.96,4207.81,-2.2269,-0.0529,121579000.0,170407000.0
000300.SH,2018-01-12,4225.0,4205.14,4227.39,4199.02,4205.59,19.4147,0.4616,111355000.0,157606000.0
000300.SH,2018-01-15,4225.24,4229.84,4262.93,4216.36,4225.0,0.2383,0.0056,170908000.0,234987000.0
000300.SH,2018-01-16,4258.47,4215.62,4260.21,4213.13,4225.24,33.2337,0.7866,161495000.0,228271000.0
000300.SH,2018-01-17,4248.12,4261.78,4283.34,4230.54,4258.47,-10.3566,-0.2432,214311000.0,284554000.0
000300.SH,2018-01-18,4271.42,4259.38,4292.64,4246.68,4248.12,23.3004,0.5485,172033000.0,225290000.0
000300.SH,2018-01-19,4285.4,4281.94,4316.57,4269.62,4271.42,13.9782,0.3272,209491000.0,258555000.0
000300.SH,2018-01-22,4336.6,4276.48,4338.48,4275.9,4285.4,51.2024,1.1948,174643000.0,233960000.0
000300.SH,2018-01-23,4382.61,4346.89,4383.57,4346.79,4336.6,46.0155,1.0611,201868000.0,257113000.0
000300.SH,2018-01-24,4389.89,4389.45,4397.82,4349.09,4382.61,7.2724,0.1659,219819000.0,284471000.0
000300.SH,2018-01-25,4365.08,4381.98,4392.2,4336.24,4389.89,-24.8059,-0.5651,195375000.0,250308000.0
000300.SH,2018-01-26,4381.3,4352.22,4403.34,4351.49,4365.08,16.2202,0.3716,177227000.0,223331000.0
000300.SH,2018-01-29,4302.02,4387.06,4395.91,4287.11,4381.3,-79.2815,-1.8095,191100000.0,256176000.0
000300.SH,2018-01-30,4256.1,4286.68,4308.51,4251.57,4302.02,-45.916,-1.0673,139035000.0,186651000.0
000300.SH,2018-01-31,4275.9,4234.11,4287.86,4232.77,4256.1,19.7965,0.4651,145210000.0,194402000.0
000300.SH,2018-02-01,4245.9,4276.34,4287.39,4214.29,4275.9,-30.0008,-0.7016,190003000.0,239230000.0
000300.SH,2018-02-02,4271.23,4213.94,4271.76,4181.78,4245.9,25.3348,0.5967,146067000.0,191170000.0
000300.SH,2018-02-05,4274.15,4204.46,4274.15,4200.14,4271.23,2.9138,0.0682,161348000.0,217360000.0
000300.SH,2018-02-06,4148.89,4182.33,4211.52,4131.56,4274.15,-125.261,-2.9307,214910000.0,279415000.0
000300.SH,2018-02-07,4050.5,4205.74,4212.57,4048.42,4148.89,-98.3884,-2.3714,203127000.0,261507000.0
000300.SH,2018-02-08,4012.05,4022.88,4071.67,3974.68,4050.5,-38.45,-0.9493,159270000.0,199062000.0
000300.SH,2018-02-09,3840.65,3896.17,3911.29,3759.15,4012.05,-171.395,-4.272,206350000.0,246775000.0
000300.SH,2018-02-12,3890.1,3846.27,3907.84,3828.07,3840.65,49.4519,1.2876,116183000.0,149858000.0
000300.SH,2018-02-13,3935.63,3925.6,3986.98,3925.6,3890.1,45.5278,1.1703,112566000.0,144479000.0
000300.SH,2018-02-14,3966.96,3945.09,3971.4,3923.13,3935.63,31.329,0.796,71081300.0,93110200.0
000300.SH,2018-02-22,4052.73,4020.97,4058.79,4009.92,3966.96,85.7718,2.1622,105812000.0,138334000.0
000300.SH,2018-02-23,4071.09,4061.75,4085.2,4035.23,4052.73,18.3557,0.4529,99458700.0,128196000.0
000300.SH,2018-02-26,4118.42,4093.4,4128.74,4048.98,4071.09,47.3297,1.1626,137881000.0,179013000.0
000300.SH,2018-02-27,4058.98,4120.87,4120.87,4051.81,4118.42,-59.438,-1.4432,125934000.0,169685000.0
000300.SH,2018-02-28,4023.64,4016.79,4051.71,3991.71,4058.98,-35.3391,-0.8706,109344000.0,152494000.0
000300.SH,2018-03-01,4049.09,3994.87,4061.03,3986.89,4023.64,25.4448,0.6324,110200000.0,146003000.0
000300.SH,2018-03-02,4016.46,4014.95,4044.42,4006.94,4049.09,-32.6253,-0.8057,96165000.0,130931000.0
000300.SH,2018-03-05,4018.1,4021.66,4042.83,3995.87,4016.46,1.636,0.0407,87952500.0,118198000.0
000300.SH,2018-03-06,4066.56,4034.99,4067.55,3998.93,4018.1,48.4677,1.2062,138762000.0,171371000.0
000300.SH,2018-03-07,4036.65,4063.5,4089.7,4027.94,4066.56,-29.9111,-0.7355,106952000.0,136572000.0
000300.SH,2018-03-08,4077.6,4038.95,4078.23,4029.71,4036.65,40.9465,1.0144,91155800.0,123635000.0
000300.SH,2018-03-09,4108.87,4088.07,4110.67,4076.45,4077.6,31.2651,0.7668,113702000.0,150024000.0
000300.SH,2018-03-12,4127.67,4130.71,4139.53,4112.77,4108.87,18.801,0.4576,140907000.0,190368000.0
000300.SH,2018-03-13,4091.25,4124.33,4130.28,4087.56,4127.67,-36.4129,-0.8822,111766000.0,141174000.0
000300.SH,2018-03-14,4073.34,4076.06,4089.09,4066.49,4091.25,-17.9086,-0.4377,99013400.0,131538000.0
000300.SH,2018-03-15,4096.16,4058.71,4098.99,4058.71,4073.34,22.818,0.5602,88161200.0,126882000.0
000300.SH,2018-03-16,4056.42,4096.89,4110.04,4055.82,4096.16,-39.7401,-0.9702,84896200.0,122125000.0
000300.SH,2018-03-19,4074.25,4054.62,4074.52,4033.52,4056.42,17.8253,0.4394,81502900.0,118184000.0
000300.SH,2018-03-20,4077.7,4045.74,4080.19,4040.31,4074.25,3.4562,0.0848,80605300.0,111980000.0
000300.SH,2018-03-21,4061.05,4097.02,4110.12,4046.24,4077.7,-16.6539,-0.4084,97609500.0,139330000.0
000300.SH,2018-03-22,4020.35,4062.07,4072.38,4003.72,4061.05,-40.7012,-1.0022,89095300.0,127664000.0
000300.SH,2018-03-23,3904.94,3896.74,3928.51,3834.94,4020.35,-115.413,-2.8707,180080000.0,218905000.0
000300.SH,2018-03-26,3879.89,3862.69,3883.9,3829.92,3904.94,-25.0425,-0.6413,115139000.0,156605000.0
000300.SH,2018-03-27,3913.27,3927.49,3936.78,3881.87,3879.89,33.3759,0.8602,113701000.0,162292000.0
000300.SH,2018-03-28,3842.72,3865.05,3907.28,3835.88,3913.27,-70.5534,-1.8029,101495000.0,155849000.0
000300.SH,2018-03-29,3894.05,3854.59,3913.96,3794.26,3842.72,51.3343,1.3359,116629000.0,164997000.0
000300.SH,2018-03-30,3898.5,3893.75,3915.35,3879.21,3894.05,4.4479,0.1142,97512300.0,137959000.0
000300.SH,2018-04-02,3886.92,3897.01,3937.02,3882.89,3898.5,-11.5788,-0.297,111243000.0,159356000.0
000300.SH,2018-04-03,3862.48,3850.15,3878.15,3839.93,3886.92,-24.4393,-0.6288,95137400.0,132050000.0
000300.SH,2018-04-04,3854.86,3873.63,3898.61,3852.5,3862.48,-7.6171,-0.1972,88730600.0,131593000.0
000300.SH,2018-04-09,3852.93,3851.95,3870.67,3827.41,3854.86,-1.9333,-0.0502,84105500.0,118167000.0
000300.SH,2018-04-10,3927.17,3860.72,3927.42,3851.8,3852.93,74.2437,1.9269,106174000.0,137941000.0
000300.SH,2018-04-11,3938.34,3934.17,3958.71,3924.96,3927.17,11.1705,0.2844,111933000.0,139989000.0
000300.SH,2018-04-12,3898.64,3935.67,3937.78,3896.18,3938.34,-39.708,-1.0082,82699500.0,108076000.0
000300.SH,2018-04-13,3871.14,3920.74,3929.95,3866.19,3898.64,-27.4911,-0.7051,71544200.0,98921800.0
000300.SH,2018-04-16,3808.86,3862.47,3869.16,3789.61,3871.14,-62.2813,-1.6089,99217800.0,131567000.0
000300.SH,2018-04-17,3748.64,3812.87,3822.63,3745.44,3808.86,-60.2218,-1.5811,90610800.0,126519000.0
000300.SH,2018-04-18,3766.28,3785.31,3789.66,3708.11,3748.64,17.6408,0.4706,106677000.0,143078000.0
000300.SH,2018-04-19,3811.84,3774.78,3824.03,3767.8,3766.28,45.561,1.2097,99054100.0,127520000.0
000300.SH,2018-04-20,3760.85,3801.21,3815.44,3750.1,3811.84,-50.9887,-1.3376,99282900.0,123551000.0
000300.SH,2018-04-23,3766.33,3754.69,3787.4,3735.18,3760.85,5.4714,0.1455,90356300.0,111763000.0
000300.SH,2018-04-24,3843.49,3769.88,3854.43,3769.88,3766.33,77.1629,2.0488,114220000.0,145701000.0
000300.SH,2018-04-25,3828.7,3824.59,3838.69,3817.03,3843.49,-14.7871,-0.3847,78172600.0,105750000.0
000300.SH,2018-04-26,3755.49,3823.39,3828.71,3744.89,3828.7,-73.2074,-1.9121,87150600.0,125772000.0
000300.SH,2018-04-27,3756.88,3771.04,3776.98,3714.64,3755.49,1.3824,0.0368,89531700.0,142114000.0
000300.SH,2018-05-02,3763.65,3769.93,3787.3,3744.55,3756.88,6.7696,0.1802,83301000.0,120083000.0
000300.SH,2018-05-03,3793.0,3756.17,3797.53,3732.37,3763.65,29.354,0.7799,93961100.0,122740000.0
000300.SH,2018-05-04,3774.6,3784.32,3801.52,3770.94,3793.0,-18.402,-0.4852,71554300.0,98315300.0
000300.SH,2018-05-07,3834.19,3782.54,3834.59,3776.03,3774.6,59.5896,1.5787,87286200.0,126355000.0
000300.SH,2018-05-08,3878.68,3834.61,3892.07,3833.73,3834.19,44.489,1.1603,94215200.0,135446000.0
000300.SH,2018-05-09,3871.62,3876.13,3878.94,3855.74,3878.68,-7.0615,-0.1821,66713000.0,92322900.0
000300.SH,2018-05-10,3893.06,3882.84,3894.49,3867.31,3871.62,21.4413,0.5538,70667800.0,103255000.0
000300.SH,2018-05-11,3872.84,3902.15,3903.34,3871.95,3893.06,-20.2182,-0.5193,73356600.0,107715000.0
000300.SH,2018-05-14,3909.29,3886.87,3919.3,3886.87,3872.84,36.455,0.9413,81976000.0,122520000.0
000300.SH,2018-05-15,3924.1,3920.14,3924.34,3892.92,3909.29,14.8042,0.3787,76049600.0,106092000.0
000300.SH,2018-05-16,3892.84,3909.82,3923.34,3889.19,3924.1,-31.2533,-0.7964,71913600.0,106534000.0
000300.SH,2018-05-17,3864.05,3895.49,3899.51,3858.85,3892.84,-28.7935,-0.7397,59030100.0,87104200.0
000300.SH,2018-05-18,3903.06,3860.16,3903.06,3841.9,3864.05,39.013,1.0096,72614000.0,96823800.0
000300.SH,2018-05-21,3921.24,3925.54,3937.46,3913.6,3903.06,18.1784,0.4657,92641700.0,120529000.0
000300.SH,2018-05-22,3906.21,3918.82,3918.82,3881.17,3921.24,-15.034,-0.3834,75368800.0,102883000.0
000300.SH,2018-05-23,3854.58,3898.27,3898.27,3854.58,3906.21,-51.6256,-1.3216,83722300.0,110685000.0
000300.SH,2018-05-24,3827.22,3853.29,3859.1,3823.92,3854.58,-27.3655,-0.7099,68345000.0,93408200.0
000300.SH,2018-05-25,3816.5,3823.74,3841.12,3804.14,3827.22,-10.719,-0.2801,70836400.0,95667500.0
000300.SH,2018-05-28,3833.26,3816.26,3846.55,3799.32,3816.5,16.7619,0.4392,71521100.0,100002000.0
000300.SH,2018-05-29,3804.01,3824.19,3841.78,3800.67,3833.26,-29.2506,-0.7631,81552700.0,117289000.0
000300.SH,2018-05-30,3723.37,3755.18,3767.89,3722.07,3804.01,-80.6369,-2.1198,87913300.0,115859000.0
000300.SH,2018-05-31,3802.38,3749.3,3804.79,3742.53,3723.37,79.0035,2.1218,92666900.0,130545000.0
000300.SH,2018-06-01,3770.59,3789.67,3802.54,3753.84,3802.38,-31.7868,-0.836,77821800.0,105935000.0
000300.SH,2018-06-04,3807.58,3785.19,3813.41,3776.62,3770.59,36.989,0.981,76624300.0,115146000.0
000300.SH,2018-06-05,3845.32,3811.29,3845.56,3800.93,3807.58,37.7383,0.9911,78687400.0,121261000.0
000300.SH,2018-06-06,3837.35,3839.68,3848.33,3830.9,3845.32,-7.9653,-0.2071,73117200.0,107142000.0
000300.SH,2018-06-07,3831.01,3846.94,3859.85,3827.69,3837.35,-6.3383,-0.1652,80256100.0,112366000.0
000300.SH,2018-06-08,3779.62,3819.45,3819.46,3759.27,3831.01,-51.3969,-1.3416,83337300.0,107819000.0
000300.SH,2018-06-11,3779.98,3770.21,3792.55,3756.51,3779.62,0.3659,0.0097,68709800.0,105598000.0
000300.SH,2018-06-12,3825.95,3783.19,3830.47,3765.26,3779.98,45.9716,1.2162,73206200.0,116217000.0
000300.SH,2018-06-13,3788.34,3814.62,3817.45,3782.07,3825.95,-37.6143,-0.9831,66378000.0,97185500.0
000300.SH,2018-06-14,3773.37,3774.64,3808.16,3759.25,3788.34,-14.9736,-0.3953,68471300.0,99234000.0
000300.SH,2018-06-15,3753.43,3763.04,3780.34,3737.43,3773.37,-19.9317,-0.5282,85488900.0,109535000.0
000300.SH,2018-06-19,3621.12,3702.67,3712.82,3583.02,3753.43,-132.317,-3.5252,160707000.0,193849000.0
000300.SH,2018-06-20,3635.44,3602.55,3649.34,3578.17,3621.12,14.327,0.3957,86718100.0,112805000.0
000300.SH,2018-06-21,3592.97,3633.56,3673.56,3589.49,3635.44,-42.4786,-1.1685,93908600.0,115584000.0
000300.SH,2018-06-22,3608.9,3567.89,3609.08,3542.46,3592.97,15.9396,0.4436,75117900.0,89687300.0
000300.SH,2018-06-25,3560.48,3625.8,3631.03,3559.03,3608.9,-48.4269,-1.3419,79877100.0,106690000.0
000300.SH,2018-06-26,3531.11,3521.59,3541.78,3478.21,3560.48,-29.3665,-0.8248,84985300.0,108132000.0
000300.SH,2018-06-27,3459.26,3525.13,3537.66,3441.78,3531.11,-71.8491,-2.0347,81491800.0,107629000.0
000300.SH,2018-06-28,3423.53,3434.94,3477.06,3416.95,3459.26,-35.7366,-1.0331,75918000.0,98570500.0
000300.SH,2018-06-29,3510.98,3431.96,3512.38,3425.22,3423.53,87.459,2.5546,77257000.0,97616400.0
000300.SH,2018-07-02,3407.96,3504.46,3506.9,3383.5,3510.98,-103.021,-2.9342,84351400.0,107602000.0
000300.SH,2018-07-03,3409.28,3410.48,3422.04,3319.29,3407.96,1.3163,0.0386,95278700.0,129898000.0
000300.SH,2018-07-04,3363.75,3398.78,3418.33,3359.09,3409.28,-45.5328,-1.3356,75158000.0,93648600.0
000300.SH,2018-07-05,3342.44,3365.55,3398.49,3330.71,3363.75,-21.3094,-0.6335,81588000.0,97544600.0
000300.SH,2018-07-06,3365.12,3347.06,3396.25,3295.73,3342.44,22.6848,0.6787,86097600.0,109482000.0
000300.SH,2018-07-09,3459.18,3378.91,3459.32,3378.91,3365.12,94.061,2.7952,76601500.0,100919000.0
000300.SH,2018-07-10,3467.52,3464.91,3474.14,3437.27,3459.18,8.3318,0.2409,69548800.0,90127400.0
000300.SH,2018-07-11,3407.53,3398.93,3427.57,3375.14,3467.52,-59.9858,-1.7299,72041000.0,89661500.0
000300.SH,2018-07-12,3481.06,3403.33,3499.1,3403.33,3407.53,73.5262,2.1578,96353600.0,117806000.0
000300.SH,2018-07-13,3492.69,3488.5,3499.76,3474.91,3481.06,11.6338,0.3342,72955900.0,99800200.0
000300.SH,2018-07-16,3472.09,3488.97,3506.24,3459.73,3492.69,-20.6038,-0.5899,68282000.0,90754300.0
000300.SH,2018-07-17,3449.38,3466.42,3467.19,3420.97,3472.09,-22.7086,-0.654,61983100.0,85720600.0
000300.SH,2018-07-18,3431.32,3456.61,3479.26,3430.16,3449.38,-18.0546,-0.5234,66530300.0,88556900.0
000300.SH,2018-07-19,3428.34,3444.8,3466.51,3417.96,3431.32,-2.9797,-0.0868,68477700.0,88804900.0
000300.SH,2018-07-20,3492.89,3426.46,3505.93,3398.95,3428.34,64.5508,1.8829,101985000.0,122197000.0
000300.SH,2018-07-23,3525.75,3471.86,3527.53,3464.65,3492.89,32.8565,0.9407,119037000.0,143961000.0
000300.SH,2018-07-24,3581.71,3530.66,3596.51,3530.66,3525.75,55.9554,1.587,156912000.0,177449000.0
000300.SH,2018-07-25,3577.75,3589.51,3589.98,3566.31,3581.71,-3.9535,-0.1104,96758500.0,112177000.0
000300.SH,2018-07-26,3536.25,3583.32,3593.92,3528.64,3577.75,-41.5066,-1.1601,90349600.0,105577000.0
000300.SH,2018-07-27,3521.23,3533.77,3545.41,3512.7,3536.25,-15.0187,-0.4247,70178100.0,81192200.0
000300.SH,2018-07-30,3515.08,3520.85,3550.9,3489.55,3521.23,-6.1475,-0.1746,82117000.0,96183100.0
000300.SH,2018-07-31,3517.66,3510.47,3528.15,3493.15,3515.08,2.5774,0.0733,67980800.0,80022200.0
000300.SH,2018-08-01,3447.39,3530.03,3543.61,3446.78,3517.66,-70.2686,-1.9976,90348600.0,107477000.0
000300.SH,2018-08-02,3370.96,3434.35,3434.35,3322.1,3447.39,-76.4303,-2.217,101309000.0,122401000.0
000300.SH,2018-08-03,3315.28,3366.66,3381.34,3315.2,3370.96,-55.674,-1.6516,70796900.0,91396000.0
000300.SH,2018-08-06,3273.27,3312.82,3344.25,3257.69,3315.28,-42.0111,-1.2672,77975100.0,97518000.0
000300.SH,2018-08-07,3368.87,3284.98,3368.96,3263.5,3273.27,95.5967,2.9205,91783900.0,107512000.0
000300.SH,2018-08-08,3314.51,3362.15,3368.16,3311.77,3368.87,-54.362,-1.6137,79284900.0,90958900.0
000300.SH,2018-08-09,3397.53,3303.48,3408.39,3299.62,3314.51,83.0223,2.5048,91957600.0,108802000.0
000300.SH,2018-08-10,3405.02,3398.41,3424.04,3380.57,3397.53,7.4893,0.2204,68967300.0,85634500.0
000300.SH,2018-08-13,3390.34,3369.98,3396.19,3336.7,3405.02,-14.675,-0.431,76191500.0,90869300.0
000300.SH,2018-08-14,3372.91,3386.48,3391.73,3356.61,3390.34,-17.4304,-0.5141,60651400.0,72122000.0
000300.SH,2018-08-15,3291.98,3371.96,3372.14,3288.71,3372.91,-80.9377,-2.3996,68174100.0,83402200.0
000300.SH,2018-08-16,3276.73,3251.86,3315.2,3231.56,3291.98,-15.2484,-0.4632,76547400.0,89269200.0
000300.SH,2018-08-17,3229.62,3305.9,3311.57,3224.1,3276.73,-47.1078,-1.4376,67395400.0,84452500.0
000300.SH,2018-08-20,3267.25,3238.22,3267.25,3209.01,3229.62,37.63,1.1652,70904200.0,88963400.0
000300.SH,2018-08-21,3326.65,3271.84,3331.71,3270.03,3267.25,59.3991,1.818,75205600.0,97925800.0
000300.SH,2018-08-22,3307.95,3328.97,3328.97,3299.39,3326.65,-18.6944,-0.562,50787100.0,66548500.0
000300.SH,2018-08-23,3320.03,3308.46,3336.11,3285.81,3307.95,12.0712,0.3649,61112300.0,80212800.0
000300.SH,2018-08-24,3325.33,3308.48,3353.04,3291.87,3320.03,5.309,0.1599,63765900.0,77197800.0
000300.SH,2018-08-27,3406.57,3339.39,3406.57,3339.26,3325.33,81.2388,2.443,94270100.0,114961000.0
000300.SH,2018-08-28,3400.17,3408.15,3416.59,3388.81,3406.57,-6.403,-0.188,75445400.0,94946000.0
000300.SH,2018-08-29,3386.57,3393.05,3398.71,3377.12,3400.17,-13.5969,-0.3999,67020400.0,79072300.0
000300.SH,2018-08-30,3351.09,3385.81,3402.56,3349.47,3386.57,-35.4794,-1.0476,68385300.0,80226100.0
000300.SH,2018-08-31,3334.5,3333.38,3356.58,3310.87,3351.09,-16.5906,-0.4951,76205600.0,96091900.0
000300.SH,2018-09-03,3321.82,3320.69,3325.61,3291.78,3334.5,-12.6788,-0.3802,66429900.0,81305700.0
000300.SH,2018-09-04,3363.9,3324.19,3370.96,3307.96,3321.82,42.0736,1.2666,67088800.0,85892000.0
000300.SH,2018-09-05,3298.14,3349.7,3354.2,3298.14,3363.9,-65.7572,-1.9548,64301900.0,80656700.0
000300.SH,2018-09-06,3262.88,3286.66,3311.5,3253.76,3298.14,-35.2604,-1.0691,62300300.0,79373100.0
000300.SH,2018-09-07,3277.64,3273.89,3316.61,3253.73,3262.88,14.763,0.4525,63947400.0,81263400.0
000300.SH,2018-09-10,3230.07,3271.38,3277.88,3227.85,3277.64,-47.5757,-1.4515,63817100.0,76175600.0
000300.SH,2018-09-11,3224.21,3229.71,3245.62,3209.11,3230.07,-5.8565,-0.1813,58491300.0,67722100.0
000300.SH,2018-09-12,3202.02,3216.99,3225.6,3194.98,3224.21,-22.1868,-0.6881,54627900.0,68887000.0
000300.SH,2018-09-13,3236.57,3239.69,3249.59,3191.4,3202.02,34.5414,1.0787,67290300.0,85888000.0
000300.SH,2018-09-14,3242.09,3242.83,3254.1,3227.94,3236.57,5.524,0.1707,60130600.0,76481200.0
000300.SH,2018-09-17,3204.92,3224.93,3230.79,3200.51,3242.09,-37.1678,-1.1464,52259500.0,60650900.0
000300.SH,2018-09-18,3269.43,3193.64,3270.11,3193.64,3204.92,64.5095,2.0128,70425000.0,83899100.0
000300.SH,2018-09-19,3312.48,3262.0,3335.99,3258.31,3269.43,43.0504,1.3168,89170700.0,109395000.0
000300.SH,2018-09-20,3310.13,3314.88,3332.31,3303.07,3312.48,-2.3565,-0.0711,64561100.0,76660800.0
000300.SH,2018-09-21,3410.49,3320.7,3410.49,3307.77,3310.13,100.36,3.0319,108416000.0,123573000.0
000300.SH,2018-09-25,3379.8,3375.97,3394.38,3367.03,3410.49,-30.6813,-0.8996,69054700.0,82870000.0
000300.SH,2018-09-26,3417.24,3388.56,3448.26,3383.24,3379.8,37.437,1.1077,93173300.0,119113000.0
000300.SH,2018-09-27,3403.59,3415.95,3423.71,3394.73,3417.24,-13.6511,-0.3995,69765200.0,87573300.0
000300.SH,2018-09-28,3438.86,3409.96,3444.99,3404.7,3403.59,35.2747,1.0364,84377800.0,94880300.0
000300.SH,2018-10-08,3290.9,3361.56,3364.46,3285.25,3438.86,-147.966,-4.3028,97889000.0,114164000.0
000300.SH,2018-10-09,3288.69,3290.17,3309.8,3276.13,3290.9,-2.2082,-0.0671,66723300.0,78372900.0
000300.SH,2018-10-10,3281.6,3295.43,3315.73,3256.58,3288.69,-7.0928,-0.2157,64492800.0,79166800.0
000300.SH,2018-10-11,3124.11,3179.54,3209.52,3099.04,3281.6,-157.484,-4.799,120941000.0,125723000.0
000300.SH,2018-10-12,3170.73,3123.37,3184.12,3094.97,3124.11,46.6123,1.492,98611200.0,104423000.0
000300.SH,2018-10-15,3126.45,3173.85,3183.13,3120.23,3170.73,-44.2746,-1.3964,69605000.0,77137700.0
000300.SH,2018-10-16,3100.97,3128.58,3166.09,3089.37,3126.45,-25.4778,-0.8149,68887700.0,75206500.0
000300.SH,2018-10-17,3118.25,3140.68,3149.13,3062.55,3100.97,17.2725,0.557,76837100.0,86132700.0
000300.SH,2018-10-18,3044.39,3097.79,3097.79,3043.38,3118.25,-73.8545,-2.3685,73772000.0,79703700.0
000300.SH,2018-10-19,3134.95,3017.75,3137.75,3009.5,3044.39,90.5537,2.9744,98839700.0,110951000.0
000300.SH,2018-10-22,3270.27,3159.56,3297.38,3159.56,3134.95,135.328,4.3167,145862000.0,170651000.0
000300.SH,2018-10-23,3183.43,3273.13,3276.02,3163.57,3270.27,-86.8475,-2.6557,121013000.0,142589000.0
000300.SH,2018-10-24,3188.2,3169.46,3245.4,3164.29,3183.43,4.7761,0.15,110910000.0,120954000.0
000300.SH,2018-10-25,3194.31,3107.84,3197.32,3099.89,3188.2,6.1066,0.1915,106952000.0,113292000.0
000300.SH,2018-10-26,3173.64,3204.28,3218.1,3151.92,3194.31,-20.6734,-0.6472,101299000.0,106070000.0
000300.SH,2018-10-29,3076.89,3157.49,3158.81,3062.58,3173.64,-96.7461,-3.0484,91839800.0,108479000.0
000300.SH,2018-10-30,3110.26,3061.93,3146.63,3050.77,3076.89,33.3716,1.0846,116070000.0,131767000.0
000300.SH,2018-10-31,3153.82,3116.66,3168.92,3106.03,3110.26,43.5629,1.4006,111207000.0,117100000.0
000300.SH,2018-11-01,3177.03,3185.2,3217.8,3173.1,3153.82,23.2104,0.7359,132653000.0,145919000.0
000300.SH,2018-11-02,3290.25,3258.61,3290.25,3222.44,3177.03,113.212,3.5634,153466000.0,178341000.0
000300.SH,2018-11-05,3262.84,3269.47,3279.88,3230.36,3290.25,-27.4104,-0.8331,109707000.0,123631000.0
000300.SH,2018-11-06,3243.15,3254.98,3254.98,3213.9,3262.84,-19.6847,-0.6033,83869100.0,91703900.0
000300.SH,2018-11-07,3221.91,3243.88,3270.5,3218.42,3243.15,-21.2403,-0.6549,91615500.0,101815000.0
000300.SH,2018-11-08,3212.77,3251.73,3253.57,3207.71,3221.91,-9.1364,-0.2836,76414500.0,85221700.0
000300.SH,2018-11-09,3167.44,3193.3,3193.3,3166.31,3212.77,-45.3295,-1.4109,84282800.0,88194200.0
000300.SH,2018-11-12,3205.14,3160.25,3206.51,3152.44,3167.44,37.6965,1.1901,88062400.0,97363100.0
000300.SH,2018-11-13,3237.38,3164.92,3254.77,3161.1,3205.14,32.2416,1.0059,126493000.0,125603000.0
000300.SH,2018-11-14,3204.94,3233.64,3239.24,3200.23,3237.38,-32.4396,-1.002,113809000.0,105387000.0
000300.SH,2018-11-15,3242.37,3201.28,3242.38,3198.78,3204.94,37.4288,1.1678,98558800.0,100119000.0
000300.SH,2018-11-16,3257.67,3242.88,3282.39,3223.72,3242.37,15.302,0.4719,126877000.0,135380000.0
000300.SH,2018-11-19,3294.6,3258.79,3294.6,3251.07,3257.67,36.9296,1.1336,115957000.0,123189000.0
000300.SH,2018-11-20,3218.41,3268.08,3278.78,3213.68,3294.6,-76.1955,-2.3127,109361000.0,114155000.0
000300.SH,2018-11-21,3226.49,3187.1,3230.26,3185.24,3218.41,8.0842,0.2512,84119700.0,87813300.0
000300.SH,2018-11-22,3214.43,3232.97,3235.45,3199.7,3226.49,-12.0645,-0.3739,65098300.0,70083400.0
000300.SH,2018-11-23,3143.48,3208.59,3212.2,3139.39,3214.43,-70.9521,-2.2073,84638300.0,86864900.0
000300.SH,2018-11-26,3141.24,3148.67,3169.44,3131.64,3143.48,-2.2318,-0.071,59379100.0,61899500.0
000300.SH,2018-11-27,3137.24,3152.77,3162.01,3126.29,3141.24,-4.0021,-0.1274,55407800.0,61946300.0
000300.SH,2018-11-28,3178.93,3137.75,3179.41,3126.62,3137.24,41.6913,1.3289,74882000.0,77620600.0
000300.SH,2018-11-29,3137.65,3198.83,3204.86,3137.65,3178.93,-41.2784,-1.2985,80498500.0,86927600.0
000300.SH,2018-11-30,3172.69,3136.2,3175.15,3132.42,3137.65,35.0358,1.1166,70921000.0,77297700.0
000300.SH,2018-12-03,3260.95,3260.69,3273.64,3228.36,3172.69,88.2602,2.7819,121487000.0,145828000.0
000300.SH,2018-12-04,3267.71,3256.23,3267.94,3243.7,3260.95,6.7593,0.2073,79415000.0,90543600.0
000300.SH,2018-12-05,3252.0,3224.26,3266.9,3219.98,3267.71,-15.7054,-0.4806,76153100.0,90909100.0
000300.SH,2018-12-06,3181.67,3218.11,3223.52,3179.89,3252.0,-70.3311,-2.1627,76328800.0,95678900.0
000300.SH,2018-12-07,3181.56,3187.49,3193.82,3176.71,3181.67,-0.1084,-0.0034,53361900.0,66324000.0
000300.SH,2018-12-10,3144.76,3153.52,3170.15,3134.38,3181.56,-36.8015,-1.1567,63437300.0,73717200.0
000300.SH,2018-12-11,3159.82,3148.23,3161.96,3143.61,3144.76,15.0527,0.4787,53223900.0,60015000.0
000300.SH,2018-12-12,3170.61,3181.57,3182.21,3160.28,3159.82,10.7934,0.3416,53309900.0,60536200.0
000300.SH,2018-12-13,3219.69,3178.89,3234.08,3169.42,3170.61,49.0832,1.5481,90442800.0,103375000.0
000300.SH,2018-12-14,3165.91,3207.35,3210.72,3165.91,3219.69,-53.7815,-1.6704,84301200.0,91576900.0
000300.SH,2018-12-17,3161.2,3158.28,3167.51,3134.37,3165.91,-4.7143,-0.1489,66497000.0,77151500.0
000300.SH,2018-12-18,3128.43,3139.95,3165.0,3114.47,3161.2,-32.7701,-1.0366,63820300.0,72035400.0
000300.SH,2018-12-19,3091.13,3133.74,3137.01,3086.76,3128.43,-37.301,-1.1923,55522300.0,67872900.0
000300.SH,2018-12-20,3067.42,3083.54,3097.72,3044.29,3091.13,-23.7086,-0.767,69749500.0,78181400.0
000300.SH,2018-12-21,3029.4,3055.33,3057.4,3007.61,3067.42,-38.0218,-1.2395,76758100.0,84824100.0
000300.SH,2018-12-24,3038.2,3015.5,3040.35,3007.33,3029.4,8.803,0.2906,57299600.0,63880700.0
000300.SH,2018-12-25,3017.28,3006.88,3030.14,2964.88,3038.2,-20.9166,-0.6885,78689400.0,80413600.0
000300.SH,2018-12-26,3002.03,3012.87,3029.06,2996.48,3017.28,-15.2488,-0.5054,55647000.0,58575000.0
000300.SH,2018-12-27,2990.51,3042.95,3047.23,2990.51,3002.03,-11.527,-0.384,80541800.0,81159300.0
000300.SH,2018-12-28,3010.65,2994.79,3024.35,2984.82,2990.51,20.1479,0.6737,71053800.0,78145300.0
000300.SH,2019-01-02,2969.54,3017.07,3018.78,2958.49,3010.65,-41.1183,-1.3658,68663000.0,76105600.0
000300.SH,2019-01-03,2964.84,2963.02,3000.44,2953.25,2969.54,-4.6932,-0.158,70867100.0,76664800.0
000300.SH,2019-01-04,3035.87,2940.19,3036.81,2935.83,2964.84,71.032,2.3958,103319000.0,107141000.0
000300.SH,2019-01-07,3054.3,3055.15,3061.75,3035.91,3035.87,18.4289,0.607,101164000.0,105704000.0
000300.SH,2019-01-08,3047.7,3049.87,3055.51,3038.53,3054.3,-6.5995,-0.2161,86170600.0,79628900.0
000300.SH,2019-01-09,3078.48,3065.23,3117.96,3062.85,3047.7,30.7724,1.0097,107364000.0,117130000.0
000300.SH,2019-01-10,3072.69,3077.48,3092.54,3062.57,3078.48,-5.7895,-0.1881,85271800.0,90206900.0
000300.SH,2019-01-11,3094.78,3082.26,3102.83,3071.03,3072.69,22.0918,0.719,71786400.0,77420200.0
000300.SH,2019-01-14,3067.78,3092.5,3097.41,3064.38,3094.78,-26.9937,-0.8722,66121700.0,68116000.0
000300.SH,2019-01-15,3127.99,3071.52,3129.37,3064.67,3067.78,60.2059,1.9625,88773000.0,99976900.0
000300.SH,2019-01-16,3128.65,3126.13,3135.01,3117.29,3127.99,0.6613,0.0211,80214300.0,85781600.0
000300.SH,2019-01-17,3111.42,3132.63,3141.71,3110.06,3128.65,-17.2349,-0.5509,80174900.0,82888200.0
000300.SH,2019-01-18,3168.17,3124.5,3171.69,3120.35,3111.42,56.7571,1.8242,103964000.0,106781000.0
000300.SH,2019-01-21,3185.64,3170.88,3199.21,3170.88,3168.17,17.4625,0.5512,93915000.0,105537000.0
000300.SH,2019-01-22,3143.32,3181.95,3181.95,3135.34,3185.64,-42.3193,-1.3284,72990500.0,78150900.0
000300.SH,2019-01-23,3141.05,3136.1,3157.63,3131.87,3143.32,-2.2639,-0.072,59870500.0,62669700.0
000300.SH,2019-01-24,3158.78,3146.6,3165.63,3125.3,3141.05,17.7285,0.5644,72934600.0,80963900.0
000300.SH,2019-01-25,3184.47,3165.18,3203.17,3164.41,3158.78,25.6879,0.8132,83967700.0,93208000.0
000300.SH,2019-01-28,3183.78,3203.12,3228.87,3174.72,3184.47,-0.6919,-0.0217,82622400.0,97371500.0
000300.SH,2019-01-29,3193.97,3177.26,3200.99,3148.23,3183.78,10.1921,0.3201,77658300.0,85943900.0
000300.SH,2019-01-30,3168.48,3181.66,3202.9,3167.89,3193.97,-25.4869,-0.798,63746500.0,73005100.0
000300.SH,2019-01-31,3201.63,3182.7,3216.07,3178.01,3168.48,33.1502,1.0462,86247800.0,97509900.0
000300.SH,2019-02-01,3247.4,3225.73,3247.5,3207.72,3201.63,45.764,1.4294,82019600.0,94766400.0
000300.SH,2019-02-11,3306.47,3239.81,3307.06,3239.81,3247.4,59.0754,1.8192,98818400.0,114752000.0
000300.SH,2019-02-12,3330.34,3306.35,3335.36,3298.63,3306.47,23.8628,0.7217,122232000.0,122834000.0
000300.SH,2019-02-13,3397.03,3337.78,3405.58,3329.14,3330.34,66.6923,2.0026,163828000.0,168866000.0
000300.SH,2019-02-14,3402.14,3392.85,3415.4,3381.98,3397.03,5.1127,0.1505,151127000.0,138649000.0
000300.SH,2019-02-15,3338.7,3391.24,3395.03,3335.87,3402.14,-63.4356,-1.8646,143669000.0,141555000.0
000300.SH,2019-02-18,3445.74,3366.42,3445.74,3366.42,3338.7,107.04,3.206,182886000.0,180450000.0
000300.SH,2019-02-19,3439.61,3454.72,3480.79,3419.07,3445.74,-6.137,-0.1781,179084000.0,185763000.0
000300.SH,2019-02-20,3451.93,3449.93,3463.77,3421.5,3439.61,12.3195,0.3582,147390000.0,145570000.0
000300.SH,2019-02-21,3442.71,3450.14,3500.25,3431.63,3451.93,-9.2217,-0.2671,180143000.0,185197000.0
000300.SH,2019-02-22,3520.12,3439.38,3520.12,3417.98,3442.71,77.4126,2.2486,187238000.0,202869000.0
000300.SH,2019-02-25,3729.48,3575.85,3729.48,3574.69,3520.12,209.365,5.9477,342557000.0,376382000.0
000300.SH,2019-02-26,3684.69,3734.71,3762.11,3679.27,3729.48,-44.7896,-1.201,358039000.0,387633000.0
000300.SH,2019-02-27,3678.39,3682.81,3737.63,3638.33,3684.69,-6.3014,-0.171,286236000.0,307306000.0
000300.SH,2019-02-28,3669.37,3675.26,3695.46,3650.05,3678.39,-9.0218,-0.2453,184810000.0,206011000.0
000300.SH,2019-03-01,3749.71,3699.22,3749.71,3668.77,3669.37,80.344,2.1896,204711000.0,235621000.0
000300.SH,2019-03-04,3794.1,3783.04,3886.58,3764.78,3749.71,44.3897,1.1838,323490000.0,376397000.0
000300.SH,2019-03-05,3816.01,3785.38,3816.16,3770.79,3794.1,21.9092,0.5775,230853000.0,261464000.0
000300.SH,2019-03-06,3848.09,3822.86,3855.16,3787.52,3816.01,32.0771,0.8406,318077000.0,331156000.0
000300.SH,2019-03-07,3808.85,3841.15,3845.18,3778.8,3848.09,-39.2406,-1.0197,329847000.0,359339000.0
000300.SH,2019-03-08,3657.58,3721.4,3774.54,3656.19,3808.85,-151.271,-3.9716,317990000.0,349297000.0
000300.SH,2019-03-11,3729.95,3663.98,3731.91,3650.81,3657.58,72.3756,1.9788,230913000.0,268718000.0
000300.SH,2019-03-12,3755.35,3758.32,3804.72,3723.68,3729.95,25.3973,0.6809,274926000.0,325181000.0
000300.SH,2019-03-13,3724.19,3758.71,3763.09,3708.81,3755.35,-31.1578,-0.8297,233682000.0,286171000.0
000300.SH,2019-03-14,3698.49,3710.29,3747.82,3673.85,3724.19,-25.7083,-0.6903,190817000.0,231820000.0
000300.SH,2019-03-15,3745.0,3713.94,3782.24,3713.94,3698.49,46.5192,1.2578,175175000.0,224194000.0
000300.SH,2019-03-18,3851.75,3753.64,3851.75,3733.68,3745.0,106.743,2.8503,216928000.0,276473000.0
000300.SH,2019-03-19,3833.96,3856.59,3868.33,3815.22,3851.75,-17.7853,-0.4617,181727000.0,224097000.0
000300.SH,2019-03-20,3835.44,3825.34,3855.15,3790.51,3833.96,1.4771,0.0385,175632000.0,215407000.0
000300.SH,2019-03-21,3836.89,3840.28,3864.07,3823.47,3835.44,1.4516,0.0378,196310000.0,231993000.0
000300.SH,2019-03-22,3833.8,3838.13,3845.58,3786.59,3836.89,-3.09,-0.0805,171357000.0,198518000.0
000300.SH,2019-03-25,3742.83,3776.44,3807.18,3741.61,3833.8,-90.9761,-2.373,198586000.0,223397000.0
000300.SH,2019-03-26,3700.44,3766.53,3770.84,3687.55,3742.83,-42.3864,-1.1325,173047000.0,196548000.0
000300.SH,2019-03-27,3743.39,3724.41,3750.26,3703.45,3700.44,42.949,1.1606,138758000.0,177508000.0
000300.SH,2019-03-28,3728.4,3731.06,3755.72,3710.08,3743.39,-14.9925,-0.4005,133272000.0,172604000.0
000300.SH,2019-03-29,3872.34,3739.77,3876.38,3739.77,3728.4,143.946,3.8608,215639000.0,283022000.0
000300.SH,2019-04-01,3973.93,3901.17,3982.91,3901.17,3872.34,101.587,2.6234,271383000.0,340799000.0
000300.SH,2019-04-02,3971.29,3986.34,3988.1,3956.51,3973.93,-2.6428,-0.0665,226000000.0,281892000.0
000300.SH,2019-04-03,4022.16,3947.87,4026.5,3939.78,3971.29,50.8714,1.281,231917000.0,284826000.0
000300.SH,2019-04-04,4062.23,4039.74,4072.11,4021.71,4022.16,40.0743,0.9963,260411000.0,313539000.0
000300.SH,2019-04-08,4057.23,4097.1,4122.6,4017.49,4062.23,-5.0023,-0.1231,267506000.0,324670000.0
000300.SH,2019-04-09,4075.43,4063.81,4084.24,4038.28,4057.23,18.2015,0.4486,182957000.0,243188000.0
000300.SH,2019-04-10,4085.85,4062.44,4115.38,4035.47,4075.43,10.4169,0.2556,194688000.0,278282000.0
000300.SH,2019-04-11,3997.58,4083.46,4097.12,3990.24,4085.85,-88.2692,-2.1604,169050000.0,236259000.0
000300.SH,2019-04-12,3988.62,3986.78,4006.93,3961.46,3997.58,-8.961,-0.2242,135862000.0,178796000.0
000300.SH,2019-04-15,3975.52,4056.49,4085.39,3974.23,3988.62,-13.0924,-0.3282,182646000.0,236299000.0
000300.SH,2019-04-16,4085.79,3958.1,4085.79,3943.49,3975.52,110.265,2.7736,202042000.0,250569000.0
000300.SH,2019-04-17,4087.24,4080.72,4106.62,4057.5,4085.79,1.4507,0.0355,180367000.0,228824000.0
000300.SH,2019-04-18,4072.08,4085.11,4094.05,4056.24,4087.24,-15.1645,-0.371,146562000.0,187813000.0
000300.SH,2019-04-19,4120.61,4076.3,4120.64,4046.2,4072.08,48.5325,1.1918,150795000.0,194702000.0
000300.SH,2019-04-22,4025.61,4125.97,4126.09,4015.47,4120.61,-94.9969,-2.3054,189354000.0,244381000.0
000300.SH,2019-04-23,4019.01,4021.63,4061.09,4005.28,4025.61,-6.6056,-0.1641,155612000.0,204122000.0
000300.SH,2019-04-24,4030.09,4033.63,4044.34,3967.81,4019.01,11.0834,0.2758,145499000.0,186498000.0
000300.SH,2019-04-25,3941.82,4013.6,4022.56,3938.33,4030.09,-88.2727,-2.1903,159722000.0,197531000.0
000300.SH,2019-04-26,3889.27,3921.89,3943.83,3887.25,3941.82,-52.5412,-1.3329,142008000.0,186572000.0
000300.SH,2019-04-29,3900.33,3896.58,3953.23,3875.45,3889.27,11.0591,0.2843,153871000.0,203947000.0
000300.SH,2019-04-30,3913.21,3887.18,3923.11,3885.15,3900.33,12.8771,0.3302,116233000.0,161666000.0
000300.SH,2019-05-06,3684.62,3775.08,3791.61,3647.14,3913.21,-228.594,-5.8416,197473000.0,254115000.0
000300.SH,2019-05-07,3720.67,3702.27,3738.18,3671.83,3684.62,36.0516,0.9784,132848000.0,183659000.0
000300.SH,2019-05-08,3667.46,3648.55,3722.93,3642.5,3720.67,-53.211,-1.4301,112867000.0,145058000.0
000300.SH,2019-05-09,3599.7,3637.35,3656.9,3584.82,3667.46,-67.7573,-1.8475,101037000.0,141829000.0
000300.SH,2019-05-10,3730.45,3643.06,3732.92,3589.29,3599.7,130.751,3.6323,148004000.0,195067000.0
000300.SH,2019-05-13,3668.73,3675.76,3702.9,3658.0,3730.45,-61.7258,-1.6546,103392000.0,135054000.0
000300.SH,2019-05-14,3645.15,3630.44,3683.26,3630.44,3668.73,-23.5752,-0.6426,102313000.0,135263000.0
000300.SH,2019-05-15,3727.09,3674.99,3741.04,3674.99,3645.15,81.942,2.248,110162000.0,152535000.0
000300.SH,2019-05-16,3743.96,3720.04,3745.14,3707.9,3727.09,16.8712,0.4527,116258000.0,139852000.0
000300.SH,2019-05-17,3648.76,3744.88,3745.36,3637.58,3743.96,-95.2026,-2.5428,128453000.0,154092000.0
000300.SH,2019-05-20,3617.79,3635.74,3644.5,3583.83,3648.76,-30.9685,-0.8487,108963000.0,134194000.0
000300.SH,2019-05-21,3666.78,3619.44,3690.09,3610.68,3617.79,48.9838,1.354,111023000.0,133071000.0
000300.SH,2019-05-22,3649.38,3663.15,3679.27,3634.75,3666.78,-17.3966,-0.4744,98346100.0,121775000.0
000300.SH,2019-05-23,3583.96,3629.53,3631.47,3578.11,3649.38,-65.415,-1.7925,99897800.0,125612000.0
000300.SH,2019-05-24,3593.91,3584.9,3623.39,3580.79,3583.96,9.9493,0.2776,80934000.0,101337000.0
000300.SH,2019-05-27,3637.2,3592.6,3648.03,3556.26,3593.91,43.2832,1.2043,108831000.0,133399000.0
000300.SH,2019-05-28,3672.26,3633.02,3683.23,3627.79,3637.2,35.0634,0.964,117886000.0,148966000.0
000300.SH,2019-05-29,3663.91,3642.54,3693.23,3637.35,3672.26,-8.3515,-0.2274,93355400.0,120002000.0
000300.SH,2019-05-30,3641.18,3648.85,3650.97,3612.62,3663.91,-22.7257,-0.6203,94202600.0,112864000.0
000300.SH,2019-05-31,3629.79,3641.0,3668.18,3627.54,3641.18,-11.394,-0.3129,89222300.0,108264000.0
000300.SH,2019-06-03,3632.01,3640.61,3672.81,3613.13,3629.79,2.2234,0.0613,100723000.0,123902000.0
000300.SH,2019-06-04,3598.47,3632.56,3636.13,3584.46,3632.01,-33.5461,-0.9236,87097100.0,109467000.0
000300.SH,2019-06-05,3597.1,3627.79,3634.45,3593.95,3598.47,-1.3616,-0.0378,88642000.0,114634000.0
000300.SH,2019-06-06,3564.68,3601.04,3601.04,3557.02,3597.1,-32.4272,-0.9015,85534400.0,104367000.0
000300.SH,2019-06-10,3610.74,3578.01,3623.73,3568.28,3564.68,46.0657,1.2923,92375100.0,117347000.0
000300.SH,2019-06-11,3719.28,3617.52,3723.14,3617.52,3610.74,108.532,3.0058,143483000.0,180899000.0
000300.SH,2019-06-12,3691.1,3706.86,3711.88,3683.94,3719.28,-28.1802,-0.7577,119179000.0,132296000.0
000300.SH,2019-06-13,3685.39,3689.58,3697.59,3654.27,3691.1,-5.7024,-0.1545,96331700.0,110460000.0
000300.SH,2019-06-14,3654.88,3690.48,3709.65,3650.91,3685.39,-30.5134,-0.828,101817000.0,116584000.0
000300.SH,2019-06-17,3654.82,3654.44,3683.77,3645.5,3654.88,-0.0551,-0.0015,72976700.0,93092600.0
000300.SH,2019-06-18,3667.62,3661.13,3675.65,3638.78,3654.82,12.7937,0.35,70692300.0,89472800.0
000300.SH,2019-06-19,3715.94,3761.34,3771.35,3715.13,3667.62,48.3196,1.3175,125596000.0,172574000.0
000300.SH,2019-06-20,3828.52,3718.94,3845.79,3717.19,3715.94,112.58,3.0297,168872000.0,227727000.0
000300.SH,2019-06-21,3833.94,3832.73,3856.09,3817.31,3828.52,5.42,0.1416,153635000.0,199962000.0
000300.SH,2019-06-24,3841.27,3836.31,3853.55,3819.77,3833.94,7.3276,0.1911,100085000.0,143645000.0
000300.SH,2019-06-25,3801.31,3837.43,3838.06,3755.01,3841.27,-39.9561,-1.0402,124076000.0,169359000.0
000300.SH,2019-06-26,3794.33,3779.51,3809.76,3771.72,3801.31,-6.9788,-0.1836,81820300.0,112107000.0
000300.SH,2019-06-27,3834.82,3807.54,3854.08,3805.83,3794.33,40.4862,1.067,105316000.0,156483000.0
000300.SH,2019-06-28,3825.59,3832.06,3835.23,3803.05,3834.82,-9.2299,-0.2407,84766100.0,116512000.0
000300.SH,2019-07-01,3935.81,3899.33,3936.67,3886.91,3825.59,110.224,2.8812,158370000.0,217470000.0
000300.SH,2019-07-02,3937.17,3931.05,3942.43,3918.94,3935.81,1.3575,0.0345,131863000.0,173997000.0
000300.SH,2019-07-03,3893.53,3927.44,3927.44,3878.84,3937.17,-43.635,-1.1083,111993000.0,163146000.0
000300.SH,2019-07-04,3873.1,3895.2,3906.89,3854.69,3893.53,-20.4322,-0.5248,99342300.0,142669000.0
000300.SH,2019-07-05,3893.2,3875.37,3900.31,3857.93,3873.1,20.1006,0.519,74006500.0,116237000.0
000300.SH,2019-07-08,3802.79,3875.75,3875.75,3775.03,3893.2,-90.4128,-2.3223,109539000.0,147198000.0
000300.SH,2019-07-09,3793.13,3798.1,3811.1,3774.76,3802.79,-9.66,-0.254,74842700.0,113148000.0
000300.SH,2019-07-10,3786.74,3807.95,3810.4,3774.23,3793.13,-6.3907,-0.1685,72834000.0,101355000.0
000300.SH,2019-07-11,3785.22,3806.19,3830.74,3774.41,3786.74,-1.518,-0.0401,75312000.0,113675000.0
000300.SH,2019-07-12,3808.73,3783.07,3820.24,3774.52,3785.22,23.5101,0.6211,75466000.0,107008000.0
000300.SH,2019-07-15,3824.19,3792.64,3844.87,3745.85,3808.73,15.4567,0.4058,101205000.0,142493000.0
000300.SH,2019-07-16,3806.84,3819.25,3828.33,3799.87,3824.19,-17.3429,-0.4535,80731000.0,108450000.0
000300.SH,2019-07-17,3804.64,3800.11,3820.27,3787.9,3806.84,-2.2065,-0.058,95183900.0,116767000.0
000300.SH,2019-07-18,3768.4,3793.19,3793.39,3768.0,3804.64,-36.2365,-0.9524,87496400.0,111669000.0
000300.SH,2019-07-19,3807.96,3787.51,3828.15,3787.51,3768.4,39.5532,1.0496,88086200.0,117798000.0
000300.SH,2019-07-22,3781.68,3813.5,3816.54,3765.44,3807.96,-26.2719,-0.6899,92101400.0,117810000.0
000300.SH,2019-07-23,3789.91,3783.54,3792.96,3768.76,3781.68,8.2303,0.2176,71313300.0,103867000.0
000300.SH,2019-07-24,3819.83,3803.59,3840.06,3803.57,3789.91,29.919,0.7894,90940700.0,129941000.0
000300.SH,2019-07-25,3851.07,3821.39,3851.07,3812.95,3819.83,31.234,0.8177,93740400.0,125900000.0
000300.SH,2019-07-26,3858.57,3835.23,3863.59,3832.52,3851.07,7.5023,0.1948,83259300.0,110930000.0
000300.SH,2019-07-29,3854.27,3857.94,3862.75,3842.43,3858.57,-4.2984,-0.1114,84814400.0,111679000.0
000300.SH,2019-07-30,3870.32,3861.57,3890.73,3861.57,3854.27,16.0472,0.4163,94124000.0,120480000.0
000300.SH,2019-07-31,3835.36,3856.75,3856.75,3830.09,3870.32,-34.9587,-0.9033,82151200.0,111084000.0
000300.SH,2019-08-01,3803.47,3819.32,3831.26,3791.55,3835.36,-31.8895,-0.8315,84114200.0,117649000.0
000300.SH,2019-08-02,3747.44,3729.13,3754.53,3720.06,3803.47,-56.0315,-1.4732,108336000.0,141875000.0
000300.SH,2019-08-05,3675.69,3724.41,3739.5,3675.69,3747.44,-71.7495,-1.9146,101326000.0,133061000.0
000300.SH,2019-08-06,3636.33,3609.11,3649.9,3575.86,3675.69,-39.3595,-1.0708,129834000.0,167267000.0
000300.SH,2019-08-07,3621.43,3654.63,3659.08,3621.43,3636.33,-14.8979,-0.4097,84238700.0,108668000.0
000300.SH,2019-08-08,3669.29,3651.36,3675.46,3646.94,3621.43,47.8626,1.3216,88457700.0,114982000.0
000300.SH,2019-08-09,3633.53,3686.75,3689.18,3628.12,3669.29,-35.764,-0.9747,85295600.0,116356000.0
000300.SH,2019-08-12,3699.1,3647.87,3699.1,3643.32,3633.53,65.5751,1.8047,82083100.0,121129000.0
000300.SH,2019-08-13,3665.75,3675.59,3686.43,3658.01,3699.1,-33.3532,-0.9017,76500300.0,103764000.0
000300.SH,2019-08-14,3682.4,3712.07,3717.56,3680.61,3665.75,16.65,0.4542,91202600.0,128302000.0
000300.SH,2019-08-15,3694.0,3618.01,3694.3,3612.11,3682.4,11.5991,0.315,88598800.0,119241000.0
000300.SH,2019-08-16,3710.54,3697.94,3738.1,3687.08,3694.0,16.538,0.4477,88319200.0,132697000.0
000300.SH,2019-08-19,3791.09,3736.03,3791.09,3720.69,3710.54,80.556,2.171,139327000.0,195449000.0
000300.SH,2019-08-20,3787.73,3786.03,3799.9,3778.73,3791.09,-3.3622,-0.0887,108602000.0,149115000.0
000300.SH,2019-08-21,3781.76,3778.31,3792.6,3775.45,3787.73,-5.9745,-0.1577,82299900.0,121689000.0
000300.SH,2019-08-22,3793.51,3793.86,3797.33,3771.2,3781.76,11.7482,0.3107,85807800.0,120708000.0
000300.SH,2019-08-23,3820.86,3796.88,3829.36,3788.03,3793.51,27.3577,0.7212,87954600.0,137802000.0
000300.SH,2019-08-26,3765.91,3756.36,3778.87,3753.16,3820.86,-54.9533,-1.4382,93859300.0,142351000.0
000300.SH,2019-08-27,3816.95,3791.46,3848.24,3790.87,3765.91,51.0354,1.3552,124731000.0,181749000.0
000300.SH,2019-08-28,3802.58,3818.81,3822.59,3790.14,3816.95,-14.3615,-0.3763,88750800.0,137667000.0
000300.SH,2019-08-29,3790.19,3805.49,3808.6,3774.4,3802.58,-12.3977,-0.326,84083400.0,126476000.0
000300.SH,2019-08-30,3799.59,3816.68,3828.97,3778.92,3790.19,9.3996,0.248,96695200.0,152409000.0
000300.SH,2019-09-02,3848.32,3803.69,3855.78,3799.82,3799.59,48.7335,1.2826,110289000.0,164994000.0
000300.SH,2019-09-03,3853.61,3852.58,3856.68,3833.76,3848.32,5.2908,0.1375,97714600.0,146271000.0
000300.SH,2019-09-04,3886.0,3848.65,3886.0,3846.42,3853.61,32.3906,0.8405,126629000.0,176840000.0
000300.SH,2019-09-05,3925.32,3909.21,3970.0,3909.21,3886.0,39.3218,1.0119,181656000.0,244681000.0
000300.SH,2019-09-06,3948.51,3946.69,3948.54,3922.34,3925.32,23.1845,0.5906,121882000.0,181718000.0
000300.SH,2019-09-09,3972.95,3980.96,3985.24,3954.88,3948.51,24.4409,0.619,146810000.0,209545000.0
000300.SH,2019-09-10,3959.26,3976.87,3976.92,3938.74,3972.95,-13.6834,-0.3444,130889000.0,184494000.0
000300.SH,2019-09-11,3930.1,3969.68,3971.22,3922.95,3959.26,-29.1651,-0.7366,131595000.0,190165000.0
000300.SH,2019-09-12,3972.38,3944.69,3975.93,3933.44,3930.1,42.28,1.0758,110241000.0,156751000.0
000300.SH,2019-09-16,3957.72,3981.36,3982.2,3943.37,3972.38,-14.6645,-0.3692,110260000.0,154737000.0
000300.SH,2019-09-17,3891.22,3947.16,3947.16,3879.49,3957.72,-66.4946,-1.6801,113694000.0,154899000.0
000300.SH,2019-09-18,3910.08,3902.99,3923.15,3902.51,3891.22,18.8629,0.4848,82056200.0,130160000.0
000300.SH,2019-09-19,3924.38,3923.96,3924.38,3897.07,3910.08,14.2986,0.3657,85984200.0,127422000.0
000300.SH,2019-09-20,3935.65,3933.46,3942.22,3921.41,3924.38,11.2688,0.2871,103456000.0,153163000.0
000300.SH,2019-09-23,3890.66,3925.19,3925.19,3868.21,3935.65,-44.9895,-1.1431,94036200.0,139224000.0
000300.SH,2019-09-24,3901.08,3895.87,3927.01,3886.14,3890.66,10.4142,0.2677,87783200.0,142341000.0
000300.SH,2019-09-25,3870.98,3887.55,3889.84,3867.23,3901.08,-30.0921,-0.7714,89520800.0,133224000.0
000300.SH,2019-09-26,3841.14,3884.7,3890.75,3840.25,3870.98,-29.8449,-0.771,102698000.0,150807000.0
000300.SH,2019-09-27,3852.65,3843.46,3859.5,3832.25,3841.14,11.5146,0.2998,74003900.0,109130000.0
000300.SH,2019-09-30,3814.53,3842.07,3857.23,3813.55,3852.65,-38.1252,-0.9896,65931300.0,100487000.0
000300.SH,2019-10-08,3837.68,3818.59,3861.64,3818.59,3814.53,23.1509,0.6069,76657900.0,118366000.0
000300.SH,2019-10-09,3843.24,3822.61,3845.34,3805.07,3837.68,5.5601,0.1449,75854500.0,112406000.0
000300.SH,2019-10-10,3874.64,3838.49,3877.14,3829.43,3843.24,31.3999,0.817,79222700.0,127474000.0
000300.SH,2019-10-11,3911.73,3885.52,3922.37,3868.84,3874.64,37.0862,0.9572,93412600.0,139817000.0
000300.SH,2019-10-14,3953.24,3944.86,3983.81,3934.73,3911.73,41.5158,1.0613,122394000.0,167857000.0
000300.SH,2019-10-15,3936.25,3953.16,3953.16,3928.15,3953.24,-16.9913,-0.4298,85274000.0,125117000.0
000300.SH,2019-10-16,3922.69,3939.28,3964.05,3919.02,3936.25,-13.5644,-0.3446,83229700.0,128559000.0
000300.SH,2019-10-17,3925.22,3929.39,3935.81,3913.92,3922.69,2.5362,0.0647,64863700.0,99991800.0
000300.SH,2019-10-18,3869.38,3935.42,3940.54,3864.97,3925.22,-55.8439,-1.4227,82321100.0,122187000.0
000300.SH,2019-10-21,3880.84,3865.34,3884.74,3856.04,3869.38,11.4621,0.2962,74182900.0,110858000.0
000300.SH,2019-10-22,3895.88,3896.31,3897.44,3870.55,3880.84,15.0411,0.3876,68918600.0,102843000.0
000300.SH,2019-10-23,3871.08,3892.68,3901.42,3862.2,3895.88,-24.7961,-0.6365,70198600.0,99733600.0
000300.SH,2019-10-24,3870.67,3877.92,3890.2,3852.58,3871.08,-0.417,-0.0108,71334600.0,105097000.0
000300.SH,2019-10-25,3896.79,3871.77,3899.72,3849.03,3870.67,26.1245,0.6749,77453600.0,126677000.0
000300.SH,2019-10-28,3926.58,3904.98,3927.8,3897.82,3896.79,29.7927,0.7645,97406000.0,150762000.0
000300.SH,2019-10-29,3910.23,3929.71,3932.37,3910.23,3926.58,-16.359,-0.4166,82257100.0,139611000.0
000300.SH,2019-10-30,3891.23,3904.72,3908.1,3883.45,3910.23,-19.0005,-0.4859,77872900.0,122611000.0
000300.SH,2019-10-31,3886.75,3906.86,3907.15,3878.88,3891.23,-4.4736,-0.115,86714500.0,135012000.0
000300.SH,2019-11-01,3952.39,3883.81,3956.08,3876.42,3886.75,65.6353,1.6887,100690000.0,151471000.0
000300.SH,2019-11-04,3978.12,3964.01,3985.36,3964.01,3952.39,25.7344,0.6511,104194000.0,154485000.0
000300.SH,2019-11-05,4002.81,3982.12,4030.64,3970.87,3978.12,24.6912,0.6207,112912000.0,163318000.0
000300.SH,2019-11-06,3984.88,4006.33,4007.5,3973.78,4002.81,-17.9312,-0.448,97313000.0,139860000.0
000300.SH,2019-11-07,3991.88,3984.55,4005.38,3975.55,3984.88,6.9933,0.1755,87254900.0,117752000.0
000300.SH,2019-11-08,3973.01,4017.67,4022.04,3971.57,3991.88,-18.8642,-0.4726,97106900.0,139027000.0
000300.SH,2019-11-11,3902.98,3948.62,3948.62,3897.55,3973.01,-70.0324,-1.7627,94155600.0,130330000.0
000300.SH,2019-11-12,3903.69,3905.96,3914.88,3877.74,3902.98,0.7105,0.0182,76543100.0,108828000.0
000300.SH,2019-11-13,3899.98,3905.28,3908.42,3882.43,3903.69,-3.7073,-0.095,76749100.0,112057000.0
000300.SH,2019-11-14,3905.86,3905.93,3916.95,3895.14,3899.98,5.8755,0.1507,87008400.0,119792000.0
000300.SH,2019-11-15,3877.09,3908.49,3915.1,3877.09,3905.86,-28.7678,-0.7365,83730900.0,115423000.0
000300.SH,2019-11-18,3907.93,3874.44,3913.1,3868.32,3877.09,30.8399,0.7954,76646000.0,107086000.0
000300.SH,2019-11-19,3947.04,3904.1,3947.04,3902.38,3907.93,39.1101,1.0008,82161000.0,123227000.0
000300.SH,2019-11-20,3907.86,3940.13,3943.23,3901.99,3947.04,-39.1751,-0.9925,76815300.0,118003000.0
000300.SH,2019-11-21,3889.6,3894.54,3901.83,3875.97,3907.86,-18.2661,-0.4674,69130500.0,104148000.0
000300.SH,2019-11-22,3849.99,3894.17,3918.84,3833.5,3889.6,-39.6032,-1.0182,91042600.0,146981000.0
000300.SH,2019-11-25,3878.21,3850.97,3878.25,3839.42,3849.99,28.2113,0.7328,106066000.0,140851000.0
000300.SH,2019-11-26,3891.65,3893.43,3899.11,3869.59,3878.21,13.4472,0.3467,111514000.0,140214000.0
000300.SH,2019-11-27,3875.62,3883.43,3889.98,3862.7,3891.65,-16.0347,-0.412,76437300.0,107239000.0
000300.SH,2019-11-28,3862.3,3877.9,3887.69,3852.01,3875.62,-13.3157,-0.3436,65230100.0,87081800.0
000300.SH,2019-11-29,3828.67,3857.19,3861.66,3804.83,3862.3,-33.6323,-0.8708,74144300.0,116201000.0
000300.SH,2019-12-02,3836.06,3835.51,3854.75,3829.31,3828.67,7.3883,0.193,77412200.0,109993000.0
000300.SH,2019-12-03,3851.09,3829.21,3851.12,3811.63,3836.06,15.0284,0.3918,73611200.0,108704000.0
000300.SH,2019-12-04,3849.82,3841.66,3852.99,3831.07,3851.09,-1.2683,-0.0329,79683400.0,109646000.0
000300.SH,2019-12-05,3879.36,3863.61,3883.4,3859.82,3849.82,29.5448,0.7674,89051200.0,129358000.0
000300.SH,2019-12-06,3902.39,3885.06,3902.39,3878.7,3879.36,23.0215,0.5934,78648900.0,116425000.0
000300.SH,2019-12-09,3895.45,3909.53,3911.97,3885.25,3902.39,-6.9385,-0.1778,95353800.0,130873000.0
000300.SH,2019-12-10,3900.38,3886.44,3900.96,3882.09,3895.45,4.9375,0.1268,86262900.0,121118000.0
000300.SH,2019-12-11,3902.75,3907.16,3909.39,3890.34,3900.38,2.3649,0.0606,99765500.0,127690000.0
000300.SH,2019-12-12,3891.02,3908.45,3908.45,3886.12,3902.75,-11.725,-0.3004,84708300.0,117874000.0
000300.SH,2019-12-13,3968.22,3928.0,3969.46,3925.28,3891.02,77.1969,1.984,148571000.0,201019000.0
000300.SH,2019-12-16,3987.55,3970.71,3987.59,3953.51,3968.22,19.3253,0.487,148487000.0,202155000.0
000300.SH,2019-12-17,4041.8,3987.74,4067.14,3984.52,3987.55,54.2532,1.3606,201163000.0,251638000.0
000300.SH,2019-12-18,4032.78,4039.72,4057.64,4025.34,4041.8,-9.017,-0.2231,151352000.0,197620000.0
000300.SH,2019-12-19,4027.15,4034.62,4038.54,4014.9,4032.78,-5.6331,-0.1397,117901000.0,152554000.0
000300.SH,2019-12-20,4017.25,4032.15,4046.73,4014.93,4027.15,-9.8968,-0.2458,121268000.0,158460000.0
000300.SH,2019-12-23,3967.1,4014.69,4032.17,3964.38,4017.25,-50.1565,-1.2485,122816000.0,162048000.0
000300.SH,2019-12-24,3992.96,3971.56,3994.51,3963.67,3967.1,25.8619,0.6519,95989000.0,122499000.0
000300.SH,2019-12-25,3990.87,3988.66,4000.56,3976.36,3992.96,-2.091,-0.0524,94938900.0,131896000.0
000300.SH,2019-12-26,4025.99,3993.67,4025.99,3993.54,3990.87,35.1208,0.88,108861000.0,140815000.0
000300.SH,2019-12-27,4022.03,4029.25,4066.8,4019.72,4025.99,-3.9601,-0.0984,150926000.0,195090000.0
000300.SH,2019-12-30,4081.63,4015.52,4083.69,4001.5,4022.03,59.6056,1.482,155971000.0,216815000.0
000300.SH,2019-12-31,4096.58,4077.75,4098.14,4069.01,4081.63,14.9487,0.3662,123264000.0,173119000.0
000300.SH,2020-01-02,4152.24,4121.35,4172.66,4121.35,4096.58,55.6587,1.3587,182117000.0,270106000.0
000300.SH,2020-01-03,4144.96,4161.22,4164.3,4131.86,4152.24,-7.2759,-0.1752,142826000.0,215216000.0
000300.SH,2020-01-06,4129.3,4120.52,4170.64,4102.38,4144.96,-15.6695,-0.378,175310000.0,250182000.0
000300.SH,2020-01-07,4160.23,4137.4,4161.25,4135.1,4129.3,30.932,0.7491,139489000.0,196389000.0
000300.SH,2020-01-08,4112.32,4139.63,4149.81,4101.98,4160.23,-47.9102,-1.1516,167586000.0,212406000.0
000300.SH,2020-01-09,4164.37,4145.53,4165.66,4143.59,4112.32,52.0525,1.2658,136886000.0,200150000.0
000300.SH,2020-01-10,4163.19,4177.58,4180.98,4148.48,4164.37,-1.1848,-0.0285,113032000.0,177827000.0
000300.SH,2020-01-13,4203.99,4166.93,4203.99,4148.6,4163.19,40.8034,0.9801,119692000.0,199795000.0
000300.SH,2020-01-14,4189.89,4215.16,4223.51,4188.08,4203.99,-14.1021,-0.3354,129321000.0,196221000.0
000300.SH,2020-01-15,4166.73,4186.88,4193.87,4150.88,4189.89,-23.1518,-0.5526,104633000.0,163082000.0
000300.SH,2020-01-16,4149.04,4174.82,4175.29,4142.18,4166.73,-17.691,-0.4246,100268000.0,156243000.0
000300.SH,2020-01-17,4154.85,4162.19,4177.03,4141.65,4149.04,5.8096,0.14,98725700.0,166592000.0
000300.SH,2020-01-20,4185.83,4170.74,4185.96,4149.49,4154.85,30.9774,0.7456,122409000.0,202692000.0
000300.SH,2020-01-21,4114.31,4165.02,4165.02,4113.33,4185.83,-71.5219,-1.7087,130528000.0,204587000.0
000300.SH,2020-01-22,4131.93,4093.8,4141.18,4046.49,4114.31,17.6226,0.4283,126759000.0,208136000.0
000300.SH,2020-01-23,4003.9,4093.32,4103.52,3972.39,4131.93,-128.03,-3.0985,160358000.0,250409000.0
000300.SH,2020-02-03,3688.36,3639.91,3732.16,3639.91,4003.9,-315.543,-7.8809,157560000.0,243303000.0
000300.SH,2020-02-04,3785.64,3652.0,3786.86,3652.0,3688.36,97.2798,2.6375,213933000.0,298166000.0
000300.SH,2020-02-05,3828.53,3801.1,3866.01,3781.61,3785.64,42.8896,1.133,174926000.0,264043000.0
000300.SH,2020-02-06,3899.78,3841.75,3914.92,3806.96,3828.53,71.2479,1.861,176462000.0,262820000.0
000300.SH,2020-02-07,3899.87,3879.55,3899.88,3849.71,3899.78,0.0942,0.0024,151732000.0,237509000.0
000300.SH,2020-02-10,3916.01,3872.37,3920.17,3861.01,3899.87,16.1359,0.4138,148407000.0,229625000.0
000300.SH,2020-02-11,3952.46,3926.42,3970.52,3915.71,3916.01,36.4591,0.931,143442000.0,219307000.0
000300.SH,2020-02-12,3984.43,3945.67,3984.43,3940.67,3952.46,31.9682,0.8088,126710000.0,200777000.0
000300.SH,2020-02-13,3959.92,3985.88,3999.55,3950.14,3984.43,-24.5137,-0.6152,145002000.0,228606000.0
000300.SH,2020-02-14,3987.73,3954.23,4001.56,3954.02,3959.92,27.8154,0.7024,143240000.0,222895000.0
000300.SH,2020-02-17,4077.42,3999.65,4077.45,3999.65,3987.73,89.6899,2.2491,182779000.0,273068000.0
000300.SH,2020-02-18,4057.51,4069.83,4076.39,4027.79,4077.42,-19.9133,-0.4884,163236000.0,242553000.0
000300.SH,2020-02-19,4051.31,4049.59,4085.17,4042.85,4057.51,-6.2001,-0.1528,169046000.0,257555000.0
000300.SH,2020-02-20,4144.66,4062.9,4148.53,4055.81,4051.31,93.3454,2.3041,212233000.0,310836000.0
000300.SH,2020-02-21,4149.49,4134.87,4184.44,4130.17,4144.66,4.8342,0.1166,217214000.0,326564000.0
000300.SH,2020-02-24,4132.84,4131.84,4149.01,4097.18,4149.49,-16.6515,-0.4013,212869000.0,326388000.0
000300.SH,2020-02-25,4123.85,4066.3,4126.71,4020.91,4132.84,-8.9845,-0.2174,244168000.0,372214000.0
000300.SH,2020-02-26,4073.02,4070.1,4132.78,4061.12,4123.85,-50.8391,-1.2328,261094000.0,366022000.0
000300.SH,2020-02-27,4084.88,4084.08,4110.53,4067.44,4073.02,11.8607,0.2912,181291000.0,282050000.0
000300.SH,2020-02-28,3940.05,3988.73,4031.15,3928.07,4084.88,-144.827,-3.5454,230275000.0,330359000.0
000300.SH,2020-03-02,4069.67,3968.84,4092.54,3968.84,3940.05,129.617,3.2897,219314000.0,317426000.0
000300.SH,2020-03-03,4091.36,4125.14,4147.65,4067.91,4069.67,21.6953,0.5331,219370000.0,330803000.0
000300.SH,2020-03-04,4115.05,4078.5,4115.26,4060.73,4091.36,23.6909,0.579,182425000.0,281785000.0
000300.SH,2020-03-05,4206.73,4150.21,4215.85,4127.04,4115.05,91.6727,2.2277,231823000.0,362839000.0
000300.SH,2020-03-06,4138.51,4158.2,4181.31,4135.39,4206.73,-68.2179,-1.6216,172476000.0,253169000.0
000300.SH,2020-03-09,3997.13,4063.08,4063.08,3995.13,4138.51,-141.375,-3.4161,208102000.0,305429000.0
000300.SH,2020-03-10,4082.73,3975.23,4093.0,3954.75,3997.13,85.599,2.1415,197416000.0,296184000.0
000300.SH,2020-03-11,4028.43,4090.93,4091.27,4028.4,4082.73,-54.3026,-1.3301,161656000.0,244991000.0
000300.SH,2020-03-12,3950.91,3976.11,3987.43,3926.27,4028.43,-77.5178,-1.9243,157060000.0,233153000.0
000300.SH,2020-03-13,3895.31,3771.01,3937.18,3765.15,3950.91,-55.5983,-1.4072,188297000.0,280213000.0
000300.SH,2020-03-16,3727.84,3899.86,3899.86,3720.51,3895.31,-167.473,-4.2993,185968000.0,282836000.0
000300.SH,2020-03-17,3709.68,3739.78,3786.89,3618.31,3727.84,-18.1576,-0.4871,166246000.0,250824000.0
000300.SH,2020-03-18,3636.26,3729.69,3775.85,3636.26,3709.68,-73.4257,-1.9793,155038000.0,244127000.0
000300.SH,2020-03-19,3589.09,3623.79,3647.99,3503.19,3636.26,-47.1639,-1.297,180807000.0,271827000.0
000300.SH,2020-03-20,3653.22,3629.51,3663.95,3588.78,3589.09,64.1313,1.7868,139603000.0,211223000.0
000300.SH,2020-03-23,3530.31,3542.68,3585.8,3523.79,3653.22,-122.918,-3.3646,137109000.0,197670000.0
000300.SH,2020-03-24,3625.11,3598.65,3627.76,3545.45,3530.31,94.8088,2.6856,143103000.0,208554000.0
000300.SH,2020-03-25,3722.52,3711.48,3732.65,3685.99,3625.11,97.4035,2.6869,153496000.0,231562000.0
000300.SH,2020-03-26,3698.05,3692.61,3736.25,3681.27,3722.52,-24.4709,-0.6574,112311000.0,169336000.0
000300.SH,2020-03-27,3710.06,3746.39,3758.78,3709.92,3698.05,12.0133,0.3249,124061000.0,186103000.0
000300.SH,2020-03-30,3674.11,3657.46,3690.64,3637.59,3710.06,-35.9497,-0.969,126877000.0,180641000.0
000300.SH,2020-03-31,3686.16,3708.14,3716.07,3676.2,3674.11,12.0443,0.3278,111453000.0,161596000.0
000300.SH,2020-04-01,3675.08,3682.3,3731.78,3670.97,3686.16,-11.0793,-0.3006,119353000.0,170423000.0
000300.SH,2020-04-02,3734.53,3656.32,3734.53,3652.32,3675.08,59.4548,1.6178,115168000.0,168893000.0
000300.SH,2020-04-03,3713.22,3721.48,3738.83,3698.98,3734.53,-21.3123,-0.5707,99825100.0,150133000.0
000300.SH,2020-04-07,3798.02,3779.91,3803.63,3772.21,3713.22,84.8031,2.2838,142778000.0,207643000.0
000300.SH,2020-04-08,3780.34,3776.42,3793.0,3767.29,3798.02,-17.6769,-0.4654,111390000.0,161577000.0
000300.SH,2020-04-09,3792.81,3798.49,3801.72,3785.31,3780.34,12.466,0.3298,100485000.0,154595000.0
000300.SH,2020-04-10,3769.18,3794.84,3824.74,3758.96,3792.81,-23.6323,-0.6231,102445000.0,162251000.0
000300.SH,2020-04-13,3753.26,3751.71,3769.88,3740.19,3769.18,-15.9216,-0.4224,79053300.0,119874000.0
000300.SH,2020-04-14,3825.7,3777.83,3825.76,3764.98,3753.26,72.4425,1.9301,110638000.0,170613000.0
000300.SH,2020-04-15,3797.36,3820.85,3829.8,3793.44,3825.7,-28.3368,-0.7407,108462000.0,169700000.0
000300.SH,2020-04-16,3802.38,3777.8,3807.36,3774.56,3797.36,5.0183,0.1322,95948000.0,147164000.0
000300.SH,2020-04-17,3839.49,3831.92,3863.45,3821.42,3802.38,37.1065,0.9759,132004000.0,203595000.0
000300.SH,2020-04-20,3853.46,3845.46,3853.8,3831.55,3839.49,13.968,0.3638,100013000.0,151924000.0
000300.SH,2020-04-21,3808.05,3838.23,3838.23,3780.0,3853.46,-45.4077,-1.1784,102922000.0,155077000.0
000300.SH,2020-04-22,3839.38,3789.13,3839.38,3782.21,3808.05,31.336,0.8229,85899500.0,135547000.0
000300.SH,2020-04-23,3829.75,3851.91,3857.47,3826.56,3839.38,-9.6309,-0.2508,95508400.0,142123000.0
000300.SH,2020-04-24,3796.97,3826.31,3827.21,3787.07,3829.75,-32.7804,-0.8559,94844100.0,138961000.0
000300.SH,2020-04-27,3822.77,3808.02,3842.87,3793.77,3796.97,25.7969,0.6794,95462700.0,145301000.0
000300.SH,2020-04-28,3849.15,3835.35,3859.68,3768.2,3822.77,26.3775,0.69,122093000.0,184180000.0
000300.SH,2020-04-29,3867.03,3837.51,3880.74,3833.72,3849.15,17.8855,0.4647,95854600.0,151282000.0
000300.SH,2020-04-30,3912.58,3880.41,3921.7,3880.41,3867.03,45.5452,1.1778,132917000.0,202268000.0
000300.SH,2020-05-06,3936.25,3867.26,3937.69,3865.99,3912.58,23.6767,0.6051,139856000.0,214936000.0
000300.SH,2020-05-07,3924.89,3937.59,3941.48,3915.9,3936.25,-11.3593,-0.2886,105515000.0,167208000.0
000300.SH,2020-05-08,3963.62,3943.0,3979.66,3935.98,3924.89,38.7271,0.9867,116943000.0,190300000.0
000300.SH,2020-05-11,3960.18,3974.76,3998.1,3944.5,3963.62,-3.4414,-0.0868,122674000.0,193758000.0
000300.SH,2020-05-12,3960.24,3961.34,3970.11,3930.21,3960.18,0.0575,0.0015,98250600.0,157466000.0
000300.SH,2020-05-13,3968.25,3946.64,3972.53,3932.57,3960.24,8.0151,0.2024,88190700.0,145563000.0
000300.SH,2020-05-14,3925.22,3952.2,3952.2,3924.05,3968.25,-43.0352,-1.0845,88530000.0,143499000.0
000300.SH,2020-05-15,3912.82,3941.12,3945.2,3907.4,3925.22,-12.4018,-0.316,92618400.0,153302000.0
000300.SH,2020-05-18,3922.91,3914.66,3946.43,3898.4,3912.82,10.0958,0.258,112802000.0,188528000.0
000300.SH,2020-05-19,3956.25,3963.78,3966.85,3944.07,3922.91,33.3378,0.8498,94015300.0,159886000.0
000300.SH,2020-05-20,3935.22,3955.71,3955.71,3923.92,3956.25,-21.0275,-0.5315,100791000.0,157103000.0
000300.SH,2020-05-21,3913.79,3950.6,3951.74,3907.58,3935.22,-21.4271,-0.5445,94861000.0,149154000.0
000300.SH,2020-05-22,3824.06,3907.58,3907.58,3818.15,3913.79,-89.7309,-2.2927,103378000.0,157287000.0
000300.SH,2020-05-25,3829.32,3828.32,3835.63,3800.18,3824.06,5.2605,0.1376,79033300.0,127012000.0
000300.SH,2020-05-26,3872.77,3850.0,3874.75,3844.48,3829.32,43.4456,1.1345,77448100.0,125446000.0
000300.SH,2020-05-27,3845.61,3873.7,3873.7,3838.42,3872.77,-27.1566,-0.7012,83711800.0,123738000.0
000300.SH,2020-05-28,3856.63,3848.49,3885.42,3818.43,3845.61,11.0189,0.2865,93064100.0,139108000.0
000300.SH,2020-05-29,3867.02,3838.38,3872.3,3830.42,3856.63,10.3908,0.2694,93813800.0,135658000.0
000300.SH,2020-06-01,3971.34,3901.73,3976.32,3901.73,3867.02,104.317,2.6976,136457000.0,208437000.0
000300.SH,2020-06-02,3983.57,3969.95,3991.78,3958.98,3971.34,12.2275,0.3079,144303000.0,195563000.0
000300.SH,2020-06-03,3983.65,4001.17,4018.68,3982.93,3983.57,0.08,0.002,136597000.0,200883000.0
000300.SH,2020-06-04,3982.19,3998.16,3999.81,3968.57,3983.65,-1.4626,-0.0367,104278000.0,149058000.0
000300.SH,2020-06-05,4001.25,3988.22,4001.25,3967.93,3982.19,19.0658,0.4788,102444000.0,154311000.0
000300.SH,2020-06-08,4021.95,4023.61,4050.22,4016.1,4001.25,20.704,0.5174,137926000.0,193048000.0
000300.SH,2020-06-09,4047.03,4027.56,4052.16,4016.34,4021.95,25.0744,0.6234,115304000.0,166534000.0
000300.SH,2020-06-10,4039.71,4046.23,4046.23,4024.42,4047.03,-7.3242,-0.181,112266000.0,166779000.0
000300.SH,2020-06-11,3995.88,4031.74,4043.01,3979.75,4039.71,-43.8205,-1.0847,127309000.0,197079000.0
000300.SH,2020-06-12,4003.08,3931.62,4011.06,3927.25,3995.88,7.1983,0.1801,134167000.0,193504000.0
000300.SH,2020-06-15,3954.99,3982.97,4007.14,3954.99,4003.08,-48.0946,-1.2014,131298000.0,211125000.0
000300.SH,2020-06-16,4014.57,3995.58,4014.57,3987.86,3954.99,59.5819,1.5065,111052000.0,185104000.0
000300.SH,2020-06-17,4017.59,4018.61,4018.61,3992.13,4014.57,3.0239,0.0753,105606000.0,176978000.0
000300.SH,2020-06-18,4044.38,4009.78,4047.56,4000.9,4017.59,26.7901,0.6668,138149000.0,210193000.0
000300.SH,2020-06-19,4098.71,4047.05,4109.36,4043.49,4044.38,54.3253,1.3432,152947000.0,255550000.0
000300.SH,2020-06-22,4102.05,4097.51,4126.94,4088.78,4098.71,3.3364,0.0814,155829000.0,259201000.0
000300.SH,2020-06-23,4121.79,4098.04,4124.73,4080.75,4102.05,19.7485,0.4814,129230000.0,234807000.0
000300.SH,2020-06-24,4138.99,4128.1,4144.68,4123.36,4121.79,17.1951,0.4172,121712000.0,224551000.0
000300.SH,2020-06-29,4109.72,4127.93,4137.37,4092.54,4138.99,-29.2731,-0.7073,130866000.0,226522000.0
000300.SH,2020-06-30,4163.96,4130.0,4174.42,4129.78,4109.72,54.2473,1.32,125934000.0,227936000.0
000300.SH,2020-07-01,4247.78,4172.64,4247.78,4163.5,4163.96,83.8198,2.013,169990000.0,305712000.0
000300.SH,2020-07-02,4335.84,4239.41,4340.1,4238.12,4247.78,88.061,2.0731,252939000.0,399572000.0
000300.SH,2020-07-03,4419.6,4353.19,4419.6,4348.45,4335.84,83.751,1.9316,290486000.0,442335000.0
000300.SH,2020-07-06,4670.09,4465.81,4678.11,4465.81,4419.6,250.499,5.6679,405821000.0,597438000.0
000300.SH,2020-07-07,4698.13,4739.61,4796.32,4688.06,4670.09,28.0315,0.6002,406009000.0,635255000.0
000300.SH,2020-07-08,4774.0,4692.86,4803.36,4670.65,4698.13,75.8778,1.6151,348075000.0,532850000.0
000300.SH,2020-07-09,4840.77,4770.08,4854.12,4757.29,4774.0,66.767,1.3986,351047000.0,556719000.0
000300.SH,2020-07-10,4753.13,4796.09,4821.37,4734.47,4840.77,-87.6379,-1.8104,316950000.0,510472000.0
000300.SH,2020-07-13,4852.96,4742.37,4878.08,4741.87,4753.13,99.8279,2.1003,321645000.0,541105000.0
000300.SH,2020-07-14,4806.69,4836.17,4860.44,4729.93,4852.96,-46.271,-0.9535,297242000.0,511211000.0
000300.SH,2020-07-15,4744.47,4821.52,4837.48,4723.36,4806.69,-62.2215,-1.2945,272389000.0,486748000.0
000300.SH,2020-07-16,4516.25,4741.53,4772.56,4513.65,4744.47,-228.215,-4.8101,284657000.0,511238000.0
000300.SH,2020-07-17,4544.7,4524.77,4601.37,4485.82,4516.25,28.4475,0.6299,207376000.0,372974000.0
000300.SH,2020-07-20,4680.3,4597.2,4681.94,4534.23,4544.7,135.604,2.9838,246069000.0,416714000.0
000300.SH,2020-07-21,4691.04,4697.5,4714.29,4661.44,4680.3,10.7379,0.2294,200416000.0,356070000.0
000300.SH,2020-07-22,4714.45,4682.66,4790.45,4675.35,4691.04,23.4029,0.4989,224199000.0,386471000.0
000300.SH,2020-07-23,4712.44,4668.74,4731.4,4607.66,4714.45,-2.0097,-0.0426,234315000.0,405175000.0
000300.SH,2020-07-24,4505.59,4679.03,4691.7,4479.39,4712.44,-206.845,-4.3893,243905000.0,437727000.0
000300.SH,2020-07-27,4528.45,4535.01,4558.12,4482.44,4505.59,22.8594,0.5074,171421000.0,301893000.0
000300.SH,2020-07-28,4568.26,4567.67,4590.25,4537.69,4528.45,39.8076,0.8791,162768000.0,292836000.0
000300.SH,2020-07-29,4679.01,4559.16,4680.56,4548.85,4568.26,110.75,2.4243,186695000.0,350433000.0
000300.SH,2020-07-30,4656.15,4689.76,4704.63,4649.77,4679.01,-22.8574,-0.4885,166968000.0,324009000.0
000300.SH,2020-07-31,4695.05,4652.18,4741.81,4621.96,4656.15,38.8956,0.8354,184839000.0,351119000.0
000300.SH,2020-08-03,4771.31,4735.9,4771.37,4720.02,4695.05,76.2646,1.6244,214776000.0,401915000.0
000300.SH,2020-08-04,4775.8,4778.49,4807.08,4747.77,4771.31,4.4916,0.0941,239975000.0,426411000.0
000300.SH,2020-08-05,4777.11,4761.76,4786.7,4711.27,4775.8,1.3065,0.0274,196701000.0,347408000.0
000300.SH,2020-08-06,4762.76,4779.24,4791.86,4691.16,4777.11,-14.3447,-0.3003,227854000.0,404323000.0
000300.SH,2020-08-07,4707.93,4742.29,4749.02,4637.84,4762.76,-54.838,-1.1514,213518000.0,397041000.0
000300.SH,2020-08-10,4724.87,4681.76,4757.66,4646.29,4707.93,16.9435,0.3599,203789000.0,371298000.0
000300.SH,2020-08-11,4681.78,4730.38,4791.53,4674.86,4724.87,-43.086,-0.9119,205547000.0,350829000.0
000300.SH,2020-08-12,4647.64,4668.89,4681.62,4566.27,4681.78,-34.1391,-0.7292,202887000.0,347299000.0
000300.SH,2020-08-13,4635.71,4666.49,4671.77,4626.1,4647.64,-11.932,-0.2567,152550000.0,250946000.0
000300.SH,2020-08-14,4704.63,4627.61,4708.07,4617.63,4635.71,68.9162,1.4866,147293000.0,254344000.0
000300.SH,2020-08-17,4815.23,4727.12,4838.09,4721.36,4704.63,110.597,2.3508,268002000.0,416469000.0
000300.SH,2020-08-18,4812.76,4816.57,4825.39,4788.83,4815.23,-2.4697,-0.0513,189140000.0,314396000.0
000300.SH,2020-08-19,4740.68,4804.67,4809.05,4738.01,4812.76,-72.078,-1.4976,192443000.0,319403000.0
000300.SH,2020-08-20,4679.15,4708.13,4721.44,4662.8,4740.68,-61.524,-1.2978,158369000.0,260487000.0
000300.SH,2020-08-21,4718.84,4717.79,4739.48,4684.81,4679.15,39.6887,0.8482,142658000.0,251775000.0
000300.SH,2020-08-24,4755.85,4746.4,4769.47,4716.61,4718.84,37.006,0.7842,151144000.0,272429000.0
000300.SH,2020-08-25,4761.95,4769.21,4802.41,4746.31,4755.85,6.1016,0.1283,141701000.0,262309000.0
000300.SH,2020-08-26,4706.13,4761.72,4786.42,4689.88,4761.95,-55.8205,-1.1722,151305000.0,277456000.0
000300.SH,2020-08-27,4731.35,4718.06,4731.94,4679.36,4706.13,25.2149,0.5358,119043000.0,223632000.0
000300.SH,2020-08-28,4844.27,4727.29,4850.49,4719.35,4731.35,112.92,2.3866,159400000.0,305048000.0
000300.SH,2020-08-31,4816.22,4870.93,4901.21,4816.21,4844.27,-28.0499,-0.579,202567000.0,357005000.0
000300.SH,2020-09-01,4842.12,4803.39,4842.13,4791.78,4816.22,25.907,0.5379,138395000.0,262018000.0
000300.SH,2020-09-02,4843.89,4859.08,4863.55,4797.52,4842.12,1.7647,0.0364,157990000.0,280779000.0
000300.SH,2020-09-03,4817.1,4841.5,4877.01,4800.06,4843.89,-26.7918,-0.5531,145671000.0,279412000.0
000300.SH,2020-09-04,4770.22,4737.24,4778.2,4726.56,4817.1,-46.8762,-0.9731,120033000.0,238463000.0
000300.SH,2020-09-07,4669.37,4759.52,4789.3,4655.56,4770.22,-100.851,-2.1142,148608000.0,282316000.0
000300.SH,2020-09-08,4694.39,4683.83,4707.9,4639.05,4669.37,25.0217,0.5359,139199000.0,249198000.0
000300.SH,2020-09-09,4584.59,4634.25,4645.2,4558.03,4694.39,-109.801,-2.339,162277000.0,244905000.0
000300.SH,2020-09-10,4581.98,4632.1,4647.75,4572.21,4584.59,-2.6112,-0.057,150653000.0,226146000.0
000300.SH,2020-09-11,4627.28,4572.26,4630.88,4563.11,4581.98,45.3051,0.9888,115302000.0,198241000.0
000300.SH,2020-09-14,4651.05,4652.05,4666.99,4625.99,4627.28,23.7681,0.5137,107235000.0,211653000.0
000300.SH,2020-09-15,4688.48,4649.45,4691.5,4630.54,4651.05,37.4319,0.8048,101916000.0,194574000.0
000300.SH,2020-09-16,4657.36,4683.01,4690.68,4638.46,4688.48,-31.1242,-0.6638,108754000.0,196120000.0
000300.SH,2020-09-17,4632.71,4642.05,4664.95,4601.64,4657.36,-24.6442,-0.5291,105984000.0,214147000.0
000300.SH,2020-09-18,4737.09,4636.64,4737.8,4631.7,4632.71,104.374,2.253,160426000.0,281886000.0
000300.SH,2020-09-21,4691.43,4750.75,4752.98,4688.72,4737.09,-45.6606,-0.9639,124536000.0,224138000.0
000300.SH,2020-09-22,4635.76,4654.22,4706.21,4622.11,4691.43,-55.6673,-1.1866,119673000.0,202909000.0
000300.SH,2020-09-23,4652.33,4639.66,4665.96,4623.55,4635.76,16.5665,0.3574,95826500.0,190393000.0
000300.SH,2020-09-24,4563.07,4623.95,4631.95,4562.21,4652.33,-89.2616,-1.9186,112594000.0,193516000.0
000300.SH,2020-09-25,4570.02,4582.48,4599.54,4554.72,4563.07,6.9559,0.1524,93015200.0,167457000.0
000300.SH,2020-09-28,4581.91,4582.65,4613.63,4571.15,4570.02,11.8869,0.2601,85048400.0,159315000.0
000300.SH,2020-09-29,4591.8,4608.29,4616.68,4586.35,4581.91,9.8908,0.2159,85993900.0,159938000.0
000300.SH,2020-09-30,4587.4,4607.58,4634.72,4563.41,4591.8,-4.404,-0.0959,89081200.0,165532000.0
000300.SH,2020-10-09,4681.14,4663.61,4695.4,4655.08,4587.4,93.7459,2.0436,111338000.0,229927000.0
000300.SH,2020-10-12,4823.16,4705.19,4823.27,4704.16,4681.14,142.017,3.0338,155785000.0,307849000.0
000300.SH,2020-10-13,4839.2,4812.9,4845.92,4795.37,4823.16,16.0432,0.3326,116516000.0,242173000.0
000300.SH,2020-10-14,4807.1,4830.46,4830.46,4795.91,4839.2,-32.0989,-0.6633,111907000.0,229836000.0
000300.SH,2020-10-15,4798.74,4810.78,4833.89,4796.26,4807.1,-8.366,-0.174,109965000.0,213878000.0
000300.SH,2020-10-16,4791.68,4798.92,4825.55,4765.97,4798.74,-7.0601,-0.1471,116716000.0,204175000.0
000300.SH,2020-10-19,4755.49,4823.49,4849.6,4747.34,4791.68,-36.1881,-0.7552,129246000.0,225392000.0
000300.SH,2020-10-20,4793.47,4751.37,4793.47,4739.46,4755.49,37.9793,0.7986,98048200.0,185849000.0
000300.SH,2020-10-21,4792.83,4801.63,4801.63,4758.85,4793.47,-0.6388,-0.0133,103806000.0,189979000.0
000300.SH,2020-10-22,4777.98,4780.6,4791.81,4725.5,4792.83,-14.8439,-0.3097,101351000.0,194615000.0
000300.SH,2020-10-23,4718.49,4775.47,4802.46,4717.1,4777.98,-59.4964,-1.2452,106825000.0,200986000.0
000300.SH,2020-10-26,4691.24,4684.05,4713.39,4639.3,4718.49,-27.2522,-0.5776,108343000.0,205519000.0
000300.SH,2020-10-27,4699.28,4680.14,4708.46,4671.85,4691.24,8.0433,0.1715,92656300.0,186676000.0
000300.SH,2020-10-28,4737.27,4703.0,4753.31,4685.6,4699.28,37.9926,0.8085,108463000.0,226754000.0
000300.SH,2020-10-29,4772.92,4683.61,4803.03,4679.25,4737.27,35.648,0.7525,117117000.0,252304000.0
000300.SH,2020-10-30,4695.33,4776.47,4778.51,4683.47,4772.92,-77.586,-1.6255,139802000.0,280783000.0
000300.SH,2020-11-02,4720.83,4702.75,4738.02,4695.44,4695.33,25.4975,0.543,142868000.0,279028000.0
000300.SH,2020-11-03,4777.56,4743.17,4793.4,4734.17,4720.83,56.7295,1.2017,136055000.0,252391000.0
000300.SH,2020-11-04,4813.66,4781.45,4825.46,4770.56,4777.56,36.0956,0.7555,114662000.0,230514000.0
000300.SH,2020-11-05,4885.11,4861.34,4885.11,4838.0,4813.66,71.4554,1.4844,139245000.0,281952000.0
000300.SH,2020-11-06,4885.72,4897.63,4897.63,4845.43,4885.11,0.606,0.0124,153639000.0,305365000.0
000300.SH,2020-11-09,4981.35,4918.86,4997.8,4918.86,4885.72,95.6319,1.9574,197132000.0,371923000.0
000300.SH,2020-11-10,4953.88,4995.41,4995.41,4928.93,4981.35,-27.4741,-0.5515,176267000.0,334271000.0
000300.SH,2020-11-11,4904.9,4937.76,4957.58,4901.71,4953.88,-48.9775,-0.9887,164471000.0,303859000.0
000300.SH,2020-11-12,4908.46,4916.77,4926.34,4891.51,4904.9,3.5649,0.0727,118115000.0,227646000.0
000300.SH,2020-11-13,4856.85,4886.98,4886.98,4825.76,4908.46,-51.6117,-1.0515,133693000.0,255353000.0
000300.SH,2020-11-16,4904.17,4880.96,4904.17,4848.62,4856.85,47.3203,0.9743,148771000.0,266705000.0
000300.SH,2020-11-17,4894.79,4903.12,4909.29,4865.39,4904.17,-9.3856,-0.1914,151487000.0,288911000.0
000300.SH,2020-11-18,4891.67,4889.67,4911.09,4870.72,4894.79,-3.1144,-0.0636,164217000.0,290727000.0
000300.SH,2020-11-19,4927.99,4880.92,4939.79,4870.2,4891.67,36.3175,0.7424,133681000.0,247727000.0
000300.SH,2020-11-20,4943.29,4928.22,4947.43,4922.59,4927.99,15.2991,0.3105,129400000.0,229054000.0
000300.SH,2020-11-23,5005.03,4954.6,5029.65,4940.45,4943.29,61.7391,1.2489,205915000.0,333634000.0
000300.SH,2020-11-24,4974.29,4997.05,5001.06,4960.98,5005.03,-30.7418,-0.6142,156638000.0,264804000.0
000300.SH,2020-11-25,4910.7,4992.75,5004.77,4910.7,4974.29,-63.5855,-1.2783,170341000.0,277071000.0
000300.SH,2020-11-26,4919.59,4908.32,4925.29,4867.82,4910.7,8.8912,0.1811,137202000.0,239748000.0
000300.SH,2020-11-27,4980.77,4930.59,4980.77,4917.35,4919.59,61.1738,1.2435,162953000.0,253179000.0
000300.SH,2020-11-30,4960.25,4994.11,5055.19,4960.25,4980.77,-20.5131,-0.4118,262639000.0,396496000.0
000300.SH,2020-12-01,5067.1,4963.13,5072.55,4963.13,4960.25,106.846,2.1541,204066000.0,328451000.0
000300.SH,2020-12-02,5067.14,5072.98,5090.61,5043.31,5067.1,0.0464,0.0009,195435000.0,310610000.0
000300.SH,2020-12-03,5057.06,5065.45,5072.3,5033.79,5067.14,-10.0844,-0.199,177866000.0,275335000.0
000300.SH,2020-12-04,5065.92,5049.52,5072.39,5017.85,5057.06,8.856,0.1751,144347000.0,257799000.0
000300.SH,2020-12-07,5022.23,5065.73,5067.87,5014.61,5065.92,-43.6812,-0.8623,139896000.0,264658000.0
000300.SH,2020-12-08,5009.88,5029.11,5043.06,4998.92,5022.23,-12.3565,-0.246,123073000.0,234881000.0
000300.SH,2020-12-09,4942.7,5022.38,5033.64,4942.52,5009.88,-67.18,-1.341,138917000.0,260773000.0
000300.SH,2020-12-10,4940.52,4931.29,4962.74,4919.77,4942.7,-2.1737,-0.044,125914000.0,229651000.0
000300.SH,2020-12-11,4889.63,4957.82,4957.82,4849.35,4940.52,-50.8957,-1.0302,159358000.0,275213000.0
000300.SH,2020-12-14,4934.83,4903.63,4937.26,4887.66,4889.63,45.206,0.9245,120802000.0,247878000.0
000300.SH,2020-12-15,4945.1,4931.6,4954.19,4904.79,4934.83,10.2648,0.208,118343000.0,248093000.0
000300.SH,2020-12-16,4953.87,4957.3,4968.86,4938.19,4945.1,8.767,0.1773,106779000.0,229696000.0
000300.SH,2020-12-17,5017.48,4960.73,5021.62,4950.37,4953.87,63.6114,1.2841,133385000.0,270180000.0
000300.SH,2020-12-18,4999.97,5014.32,5027.44,4979.0,5017.48,-17.5106,-0.349,128050000.0,258939000.0
000300.SH,2020-12-21,5046.84,4995.76,5048.51,4970.0,4999.97,46.8718,0.9374,140812000.0,298204000.0
000300.SH,2020-12-22,4964.77,5034.98,5055.13,4960.95,5046.84,-82.0669,-1.6261,162345000.0,326759000.0
000300.SH,2020-12-23,5007.12,4977.3,5028.45,4968.15,4964.77,42.3508,0.853,140293000.0,308729000.0
000300.SH,2020-12-24,5000.02,5006.0,5033.04,4979.24,5007.12,-7.1081,-0.142,114419000.0,246674000.0
000300.SH,2020-12-25,5042.01,4985.77,5042.1,4973.68,5000.02,41.9983,0.84,121007000.0,243992000.0
000300.SH,2020-12-28,5064.41,5042.94,5089.34,5037.86,5042.01,22.401,0.4443,136914000.0,281019000.0
000300.SH,2020-12-29,5042.94,5071.45,5077.42,5034.31,5064.41,-21.4786,-0.4241,141199000.0,279035000.0
000300.SH,2020-12-30,5113.71,5037.98,5113.71,5036.63,5042.94,70.7744,1.4034,148626000.0,296578000.0
000300.SH,2020-12-31,5211.29,5122.48,5215.62,5122.48,5113.71,97.578,1.9082,171603000.0,358731000.0
000300.SH,2021-01-04,5267.72,5212.93,5284.43,5190.94,5211.29,56.4296,1.0828,211711000.0,452796000.0
000300.SH,2021-01-05,5368.5,5245.84,5368.5,5234.38,5267.72,100.787,1.9133,224931000.0,498042000.0
000300.SH,2021-01-06,5417.67,5386.51,5433.47,5341.43,5368.5,49.1628,0.9158,193773000.0,444434000.0
000300.SH,2021-01-07,5513.66,5428.39,5513.66,5413.35,5417.67,95.9891,1.7718,219872000.0,473385000.0
000300.SH,2021-01-08,5495.43,5526.29,5547.47,5442.69,5513.66,-18.2262,-0.3306,204325000.0,473568000.0
000300.SH,2021-01-11,5441.16,5504.24,5555.69,5412.5,5495.43,-54.2723,-0.9876,231836000.0,522298000.0
000300.SH,2021-01-12,5596.35,5419.5,5596.35,5417.63,5441.16,155.194,2.8522,224220000.0,486234000.0
000300.SH,2021-01-13,5577.97,5609.26,5644.72,5535.14,5596.35,-18.3814,-0.3285,261570000.0,546960000.0
000300.SH,2021-01-14,5470.46,5556.21,5568.02,5458.68,5577.97,-107.515,-1.9275,243683000.0,501890000.0
000300.SH,2021-01-15,5458.08,5471.39,5500.63,5390.27,5470.46,-12.3751,-0.2262,238637000.0,475710000.0
000300.SH,2021-01-18,5518.52,5438.16,5541.46,5410.77,5458.08,60.4393,1.1073,207052000.0,422717000.0
000300.SH,2021-01-19,5437.52,5525.97,5532.48,5415.72,5518.52,-80.9971,-1.4677,211043000.0,433205000.0
000300.SH,2021-01-20,5476.43,5439.91,5496.05,5426.54,5437.52,38.9102,0.7156,170913000.0,373770000.0
000300.SH,2021-01-21,5564.97,5492.96,5593.11,5490.56,5476.43,88.5357,1.6167,209950000.0,453184000.0
000300.SH,2021-01-22,5569.78,5562.38,5573.66,5513.88,5564.97,4.8067,0.0864,199300000.0,456622000.0
000300.SH,2021-01-25,5625.92,5564.12,5655.48,5543.27,5569.78,56.1472,1.0081,197047000.0,508167000.0
000300.SH,2021-01-26,5512.97,5600.9,5600.9,5506.0,5625.92,-112.955,-2.0078,171905000.0,415008000.0
000300.SH,2021-01-27,5528.0,5505.77,5534.99,5449.64,5512.97,15.0356,0.2727,160191000.0,376893000.0
000300.SH,2021-01-28,5377.14,5450.37,5462.24,5360.38,5528.0,-150.861,-2.729,170486000.0,376167000.0
000300.SH,2021-01-29,5351.96,5413.97,5430.2,5288.1,5377.14,-25.1781,-0.4682,182179000.0,390288000.0
000300.SH,2021-02-01,5417.65,5356.85,5422.3,5342.05,5351.96,65.6838,1.2273,166314000.0,346859000.0
000300.SH,2021-02-02,5501.09,5429.7,5503.21,5411.52,5417.65,83.4431,1.5402,165211000.0,380017000.0
000300.SH,2021-02-03,5485.2,5499.3,5532.89,5473.12,5501.09,-15.8907,-0.2889,188054000.0,404344000.0
000300.SH,2021-02-04,5473.95,5453.98,5510.05,5411.57,5485.2,-11.2533,-0.2052,180576000.0,397995000.0
000300.SH,2021-02-05,5483.41,5494.7,5550.77,5477.65,5473.95,9.4665,0.1729,189700000.0,395400000.0
000300.SH,2021-02-08,5564.56,5506.14,5576.49,5479.85,5483.41,81.1478,1.4799,164034000.0,367583000.0
000300.SH,2021-02-09,5686.25,5584.17,5686.25,5555.05,5564.56,121.688,2.1868,164887000.0,378769000.0
000300.SH,2021-02-10,5807.72,5709.68,5823.42,5707.33,5686.25,121.469,2.1362,170170000.0,417056000.0
000300.SH,2021-02-18,5768.38,5922.07,5930.91,5747.66,5807.72,-39.3377,-0.6773,218849000.0,507481000.0
000300.SH,2021-02-19,5778.84,5734.02,5787.89,5667.32,5768.38,10.4606,0.1813,214476000.0,456434000.0
000300.SH,2021-02-22,5597.33,5785.51,5785.51,5597.33,5778.84,-181.509,-3.1409,282124000.0,543633000.0
000300.SH,2021-02-23,5579.67,5542.68,5644.75,5541.11,5597.33,-17.6646,-0.3156,233808000.0,424904000.0
000300.SH,2021-02-24,5437.57,5591.48,5598.83,5379.73,5579.67,-142.1,-2.5467,225429000.0,472369000.0
000300.SH,2021-02-25,5469.56,5494.47,5527.63,5444.16,5437.57,31.9901,0.5883,230736000.0,412206000.0
000300.SH,2021-02-26,5336.76,5343.9,5416.32,5318.86,5469.56,-132.798,-2.4279,212265000.0,405718000.0
000300.SH,2021-03-01,5418.78,5389.25,5421.56,5345.94,5336.76,82.0228,1.5369,177464000.0,358147000.0
000300.SH,2021-03-02,5349.63,5453.28,5454.97,5305.05,5418.78,-69.1536,-1.2762,196511000.0,376445000.0
000300.SH,2021-03-03,5452.21,5327.35,5452.4,5316.48,5349.63,102.582,1.9176,194709000.0,337610000.0
000300.SH,2021-03-04,5280.71,5388.48,5392.37,5254.78,5452.21,-171.507,-3.1456,212775000.0,384382000.0
000300.SH,2021-03-05,5262.8,5191.97,5307.82,5174.25,5280.71,-17.91,-0.3392,202628000.0,352540000.0
000300.SH,2021-03-08,5080.02,5299.79,5326.26,5079.8,5262.8,-182.771,-3.4729,230232000.0,407134000.0
000300.SH,2021-03-09,4971.0,5066.15,5094.31,4917.91,5080.02,-109.025,-2.1462,230711000.0,414415000.0
000300.SH,2021-03-10,5003.61,5047.06,5055.28,4981.62,4971.0,32.6127,0.6561,169928000.0,309577000.0
000300.SH,2021-03-11,5128.22,5024.56,5138.41,5020.58,5003.61,124.604,2.4903,189601000.0,333859000.0
000300.SH,2021-03-12,5146.38,5153.67,5153.67,5086.82,5128.22,18.163,0.3542,201021000.0,323238000.0
000300.SH,2021-03-15,5035.54,5116.12,5120.88,4992.4,5146.38,-110.835,-2.1536,204153000.0,330741000.0
000300.SH,2021-03-16,5079.36,5054.41,5084.31,5009.95,5035.54,43.8183,0.8702,161390000.0,271755000.0
000300.SH,2021-03-17,5100.86,5062.77,5123.55,5020.13,5079.36,21.4957,0.4232,149162000.0,263492000.0
000300.SH,2021-03-18,5141.77,5114.59,5160.46,5111.13,5100.86,40.91,0.802,142902000.0,260930000.0
000300.SH,2021-03-19,5007.09,5068.53,5089.92,4980.76,5141.77,-134.677,-2.6193,164175000.0,282974000.0
000300.SH,2021-03-22,5057.15,5008.4,5071.34,4996.54,5007.09,50.0613,0.9998,167403000.0,264209000.0
000300.SH,2021-03-23,5009.25,5057.06,5064.02,4966.53,5057.15,-47.9061,-0.9473,158014000.0,255755000.0
000300.SH,2021-03-24,4928.69,4985.4,5024.33,4919.89,5009.25,-80.5606,-1.6082,159386000.0,265970000.0
000300.SH,2021-03-25,4926.35,4904.07,4950.76,4883.66,4928.69,-2.3384,-0.0474,132945000.0,219782000.0
000300.SH,2021-03-26,5037.99,4953.95,5050.83,4953.95,4926.35,111.643,2.2662,145927000.0,273902000.0
000300.SH,2021-03-29,5046.88,5052.26,5086.65,5010.39,5037.99,8.8874,0.1764,143388000.0,266177000.0
000300.SH,2021-03-30,5094.73,5043.1,5106.04,5032.79,5046.88,47.8518,0.9481,138619000.0,254928000.0
000300.SH,2021-03-31,5048.36,5085.95,5085.95,5015.61,5094.73,-46.3684,-0.9101,141336000.0,241058000.0
000300.SH,2021-04-01,5110.78,5059.94,5115.43,5056.87,5048.36,62.4161,1.2364,120325000.0,211493000.0
000300.SH,2021-04-02,5161.56,5129.85,5169.83,5116.35,5110.78,50.7801,0.9936,127002000.0,248060000.0
000300.SH,2021-04-06,5140.34,5178.64,5181.15,5125.33,5161.56,-21.2151,-0.411,109834000.0,213852000.0
000300.SH,2021-04-07,5103.74,5141.66,5141.66,5065.19,5140.34,-36.599,-0.712,145764000.0,246271000.0
000300.SH,2021-04-08,5112.21,5078.26,5129.13,5062.07,5103.74,8.4658,0.1659,141771000.0,228422000.0
000300.SH,2021-04-09,5035.34,5100.04,5100.04,5022.09,5112.21,-76.8712,-1.5037,128417000.0,221520000.0
000300.SH,2021-04-12,4947.75,5026.98,5045.6,4933.01,5035.34,-87.5915,-1.7395,152644000.0,267218000.0
000300.SH,2021-04-13,4939.64,4949.81,4994.54,4924.2,4947.75,-8.1021,-0.1638,132919000.0,225753000.0
000300.SH,2021-04-14,4980.63,4945.69,4987.12,4940.27,4939.64,40.9841,0.8297,120861000.0,221036000.0
000300.SH,2021-04-15,4948.97,4969.91,4969.91,4900.3,4980.63,-31.6538,-0.6355,108829000.0,213821000.0
000300.SH,2021-04-16,4966.18,4966.9,4979.17,4917.96,4948.97,17.207,0.3477,111240000.0,213389000.0
000300.SH,2021-04-19,5087.02,4966.41,5088.21,4940.75,4966.18,120.835,2.4332,154770000.0,307900000.0
000300.SH,2021-04-20,5083.37,5065.78,5119.86,5058.92,5087.02,-3.6511,-0.0718,136542000.0,276641000.0
000300.SH,2021-04-21,5098.75,5055.24,5110.56,5047.99,5083.37,15.3795,0.3025,124637000.0,242575000.0
000300.SH,2021-04-22,5089.24,5114.28,5119.22,5067.14,5098.75,-9.5014,-0.1863,121168000.0,241489000.0
000300.SH,2021-04-23,5135.45,5088.83,5149.98,5086.49,5089.24,46.2099,0.908,122057000.0,264345000.0
000300.SH,2021-04-26,5077.24,5156.59,5181.11,5072.96,5135.45,-58.2162,-1.1336,151382000.0,325760000.0
000300.SH,2021-04-27,5090.52,5076.64,5095.98,5042.61,5077.24,13.2823,0.2616,123962000.0,254738000.0
000300.SH,2021-04-28,5119.24,5073.97,5119.45,5059.26,5090.52,28.7226,0.5642,120620000.0,272183000.0
000300.SH,2021-04-29,5164.17,5128.28,5170.58,5113.65,5119.24,44.9271,0.8776,140092000.0,294112000.0
000300.SH,2021-04-30,5123.49,5156.36,5163.25,5094.93,5164.17,-40.6802,-0.7877,160122000.0,315075000.0
000300.SH,2021-05-06,5061.12,5098.8,5132.9,5037.41,5123.49,-62.3646,-1.2172,158823000.0,323258000.0
000300.SH,2021-05-07,4996.05,5073.46,5093.75,4996.04,5061.12,-65.0717,-1.2857,172258000.0,304638000.0
000300.SH,2021-05-10,4992.42,5001.44,5019.39,4953.7,4996.05,-3.6307,-0.0727,170821000.0,282657000.0
000300.SH,2021-05-11,5023.06,4956.08,5033.49,4925.92,4992.42,30.6375,0.6137,151526000.0,270932000.0
000300.SH,2021-05-12,5044.55,5003.82,5051.17,4995.4,5023.06,21.4886,0.4278,126619000.0,228344000.0
000300.SH,2021-05-13,4992.97,4992.35,5022.08,4975.45,5044.55,-51.5743,-1.0224,132279000.0,237821000.0
000300.SH,2021-05-14,5110.59,5007.63,5112.98,4981.29,4992.97,117.616,2.3556,159426000.0,318803000.0
000300.SH,2021-05-17,5184.99,5115.31,5206.69,5115.31,5110.59,74.3952,1.4557,153890000.0,335440000.0
000300.SH,2021-05-18,5187.6,5190.93,5201.67,5156.79,5184.99,2.616,0.0505,118404000.0,238182000.0
000300.SH,2021-05-19,5172.27,5173.17,5193.56,5151.64,5187.6,-15.3293,-0.2955,118730000.0,250736000.0
000300.SH,2021-05-20,5186.41,5167.05,5201.59,5152.04,5172.27,14.14,0.2734,138455000.0,277088000.0
000300.SH,2021-05-21,5134.15,5199.13,5216.16,5123.12,5186.41,-52.2637,-1.0077,124768000.0,268054000.0
000300.SH,2021-05-24,5155.59,5138.81,5155.59,5092.39,5134.15,21.4392,0.4176,126742000.0,278513000.0
000300.SH,2021-05-25,5318.48,5165.04,5324.36,5161.52,5155.59,162.891,3.1595,182997000.0,404683000.0
000300.SH,2021-05-26,5320.59,5326.12,5344.28,5308.74,5318.48,2.1147,0.0398,169607000.0,346445000.0
000300.SH,2021-05-27,5338.23,5311.37,5378.48,5286.05,5320.59,17.6402,0.3315,148463000.0,311894000.0
000300.SH,2021-05-28,5321.09,5338.73,5360.28,5288.65,5338.23,-17.1443,-0.3212,164606000.0,330712000.0
000300.SH,2021-05-31,5331.57,5318.08,5331.63,5281.69,5321.09,10.481,0.197,144603000.0,321451000.0
000300.SH,2021-06-01,5341.68,5320.47,5343.75,5269.26,5331.57,10.1102,0.1896,143831000.0,321846000.0
000300.SH,2021-06-02,5289.97,5348.34,5352.64,5266.79,5341.68,-51.7062,-0.968,137754000.0,296176000.0
000300.SH,2021-06-03,5255.29,5285.71,5314.37,5255.07,5289.97,-34.6881,-0.6557,141969000.0,285449000.0
000300.SH,2021-06-04,5282.28,5228.28,5334.49,5221.23,5255.29,26.9917,0.5136,144732000.0,292326000.0
000300.SH,2021-06-07,5277.63,5284.89,5286.84,5242.95,5282.28,-4.6501,-0.088,127705000.0,280463000.0
000300.SH,2021-06-08,5232.12,5276.97,5319.04,5201.14,5277.63,-45.5106,-0.8623,130560000.0,304042000.0
000300.SH,2021-06-09,5236.45,5224.95,5253.36,5215.35,5232.12,4.3328,0.0828,121820000.0,255075000.0
000300.SH,2021-06-10,5271.47,5236.47,5299.53,5229.52,5236.45,35.0168,0.6687,138992000.0,301454000.0
000300.SH,2021-06-11,5224.7,5275.75,5276.1,5213.6,5271.47,-46.7631,-0.8871,180807000.0,365363000.0
000300.SH,2021-06-15,5166.56,5218.56,5225.5,5137.41,5224.7,-58.1433,-1.1129,142880000.0,330617000.0
000300.SH,2021-06-16,5080.49,5163.25,5164.52,5076.02,5166.56,-86.0688,-1.6659,125148000.0,298287000.0
000300.SH,2021-06-17,5101.89,5074.38,5123.37,5073.82,5080.49,21.4015,0.4212,120453000.0,281927000.0
000300.SH,2021-06-18,5102.47,5104.93,5128.03,5064.92,5101.89,0.5733,0.0112,148586000.0,356697000.0
000300.SH,2021-06-21,5090.39,5088.09,5123.78,5058.57,5102.47,-12.0803,-0.2368,132185000.0,331527000.0
000300.SH,2021-06-22,5122.16,5106.07,5125.82,5086.28,5090.39,31.7729,0.6242,130417000.0,313690000.0
000300.SH,2021-06-23,5147.39,5127.19,5171.03,5109.76,5122.16,25.2355,0.4927,136356000.0,358766000.0
000300.SH,2021-06-24,5155.97,5156.56,5160.43,5120.58,5147.39,8.58,0.1667,126686000.0,312607000.0
000300.SH,2021-06-25,5239.97,5159.8,5251.61,5157.48,5155.97,83.9946,1.6291,154931000.0,368266000.0
000300.SH,2021-06-28,5251.76,5253.61,5260.64,5226.22,5239.97,11.792,0.225,133194000.0,337453000.0
000300.SH,2021-06-29,5190.54,5248.52,5248.52,5182.68,5251.76,-61.2159,-1.1656,125163000.0,314897000.0
000300.SH,2021-06-30,5224.04,5189.38,5231.43,5186.62,5190.54,33.4965,0.6453,103753000.0,281016000.0
000300.SH,2021-07-01,5229.66,5241.2,5252.26,5190.88,5224.04,5.6232,0.1076,127241000.0,324097000.0
000300.SH,2021-07-02,5081.12,5186.66,5186.66,5074.36,5229.66,-148.547,-2.8405,130426000.0,342579000.0
000300.SH,2021-07-05,5085.79,5073.78,5098.23,5048.0,5081.12,4.6752,0.092,131212000.0,335198000.0
000300.SH,2021-07-06,5083.1,5089.78,5092.21,5028.51,5085.79,-2.6881,-0.0529,140655000.0,362829000.0
000300.SH,2021-07-07,5140.49,5052.42,5152.77,5045.41,5083.1,57.3856,1.1289,148549000.0,336731000.0
000300.SH,2021-07-08,5088.26,5149.31,5151.22,5078.93,5140.49,-52.2333,-1.0161,173901000.0,397880000.0
000300.SH,2021-07-09,5069.44,5063.15,5081.41,5006.41,5088.26,-18.8205,-0.3699,160653000.0,352846000.0
000300.SH,2021-07-12,5132.71,5108.38,5159.41,5070.32,5069.44,63.2727,1.2481,206212000.0,437203000.0
000300.SH,2021-07-13,5142.1,5128.61,5154.05,5114.94,5132.71,9.3903,0.183,166482000.0,361328000.0
000300.SH,2021-07-14,5083.08,5130.75,5130.75,5075.12,5142.1,-59.0142,-1.1477,188353000.0,372568000.0
000300.SH,2021-07-15,5151.46,5073.26,5153.81,5067.68,5083.08,68.3777,1.3452,181077000.0,372484000.0
000300.SH,2021-07-16,5094.77,5140.9,5140.9,5090.63,5151.46,-56.6899,-1.1005,169956000.0,362594000.0
000300.SH,2021-07-19,5113.49,5083.73,5120.82,5047.62,5094.77,18.7218,0.3675,153200000.0,340323000.0
000300.SH,2021-07-20,5108.99,5080.22,5114.0,5067.86,5113.49,-4.5004,-0.088,129300000.0,283543000.0
000300.SH,2021-07-21,5144.04,5122.78,5160.54,5122.3,5108.99,35.0487,0.686,167976000.0,390276000.0
000300.SH,2021-07-22,5151.75,5150.39,5171.21,5137.88,5144.04,7.7089,0.1499,185557000.0,418222000.0
000300.SH,2021-07-23,5089.23,5145.43,5145.43,5080.0,5151.75,-62.5235,-1.2136,216537000.0,435521000.0
000300.SH,2021-07-26,4925.3,5067.31,5067.31,4859.6,5089.23,-163.929,-3.2211,228112000.0,495154000.0
000300.SH,2021-07-27,4751.31,4924.28,4940.86,4749.03,4925.3,-173.986,-3.5325,236631000.0,521146000.0
000300.SH,2021-07-28,4760.48,4714.29,4785.66,4663.9,4751.31,9.1696,0.193,192634000.0,419706000.0
000300.SH,2021-07-29,4850.27,4845.76,4857.97,4800.01,4760.48,89.792,1.8862,173322000.0,415676000.0
000300.SH,2021-07-30,4811.17,4825.7,4825.7,4761.04,4850.27,-39.1051,-0.8062,182350000.0,420944000.0
000300.SH,2021-08-02,4933.74,4794.82,4938.82,4761.46,4811.17,122.566,2.5475,227195000.0,524659000.0
000300.SH,2021-08-03,4934.46,4909.23,4957.03,4890.85,4933.74,0.7223,0.0146,203533000.0,471194000.0
000300.SH,2021-08-04,4978.85,4927.74,4979.29,4919.66,4934.46,44.3896,0.8996,175466000.0,425801000.0
000300.SH,2021-08-05,4948.67,4946.17,4997.14,4921.94,4978.85,-30.1776,-0.6061,167382000.0,398772000.0
000300.SH,2021-08-06,4921.56,4943.04,4944.35,4891.8,4948.67,-27.1056,-0.5477,154180000.0,371774000.0
000300.SH,2021-08-09,4985.56,4890.26,5002.89,4884.04,4921.56,63.998,1.3004,182437000.0,408897000.0
000300.SH,2021-08-10,5043.15,4977.82,5043.76,4941.24,4985.56,57.5853,1.155,167052000.0,410099000.0
000300.SH,2021-08-11,5015.34,5037.08,5059.79,5009.98,5043.15,-27.8074,-0.5514,182266000.0,373386000.0
000300.SH,2021-08-12,4973.35,4998.07,5016.26,4962.98,5015.34,-41.9897,-0.8372,168224000.0,361828000.0
000300.SH,2021-08-13,4945.98,4958.76,4993.74,4921.28,4973.35,-27.368,-0.5503,158314000.0,352459000.0
000300.SH,2021-08-16,4941.07,4935.92,4973.38,4931.37,4945.98,-4.9153,-0.0994,161953000.0,340735000.0
000300.SH,2021-08-17,4837.4,4935.0,4967.56,4823.39,4941.07,-103.664,-2.098,187573000.0,388457000.0
000300.SH,2021-08-18,4894.24,4838.47,4909.54,4818.9,4837.4,56.835,1.1749,197474000.0,395792000.0
000300.SH,2021-08-19,4862.14,4886.56,4893.47,4839.57,4894.24,-32.099,-0.6559,201712000.0,397425000.0
000300.SH,2021-08-20,4769.27,4817.49,4835.15,4720.83,4862.14,-92.8716,-1.9101,177636000.0,404938000.0
000300.SH,2021-08-23,4835.88,4777.73,4843.82,4764.01,4769.27,66.6104,1.3967,167579000.0,389599000.0
000300.SH,2021-08-24,4888.39,4844.59,4906.2,4842.75,4835.88,52.512,1.0859,197883000.0,417481000.0
000300.SH,2021-08-25,4898.16,4890.52,4899.77,4865.76,4888.39,9.767,0.1998,189448000.0,371868000.0
000300.SH,2021-08-26,4801.61,4892.2,4892.2,4798.7,4898.16,-96.5478,-1.9711,197617000.0,368988000.0
000300.SH,2021-08-27,4827.04,4794.97,4863.47,4793.59,4801.61,25.4339,0.5297,183310000.0,368421000.0
000300.SH,2021-08-30,4813.27,4847.03,4849.16,4787.2,4827.04,-13.773,-0.2853,219636000.0,477182000.0
000300.SH,2021-08-31,4805.61,4803.09,4821.76,4740.75,4813.27,-7.6604,-0.1592,235119000.0,460806000.0
000300.SH,2021-09-01,4869.46,4804.69,4906.4,4763.3,4805.61,63.8488,1.3286,326721000.0,568820000.0
000300.SH,2021-09-02,4869.41,4865.82,4892.71,4845.62,4869.46,-0.0474,-0.001,267858000.0,465954000.0
000300.SH,2021-09-03,4843.06,4875.07,4886.55,4828.7,4869.41,-26.3489,-0.5411,268092000.0,466430000.0
000300.SH,2021-09-06,4933.73,4841.06,4944.45,4837.79,4843.06,90.6638,1.872,240507000.0,452756000.0
000300.SH,2021-09-07,4992.83,4932.98,5005.96,4915.61,4933.73,59.1032,1.1979,244179000.0,417760000.0
000300.SH,2021-09-08,4972.13,4986.8,5013.98,4955.89,4992.83,-20.697,-0.4145,264615000.0,428591000.0
000300.SH,2021-09-09,4970.01,4952.49,4970.15,4929.95,4972.13,-2.1191,-0.0426,256530000.0,401676000.0
000300.SH,2021-09-10,5013.52,4967.98,5042.8,4962.37,4970.01,43.5086,0.8754,288304000.0,472763000.0
000300.SH,2021-09-13,4991.66,5006.77,5029.72,4964.96,5013.52,-21.8621,-0.4361,249915000.0,433330000.0
000300.SH,2021-09-14,4917.16,4989.83,5000.98,4907.32,4991.66,-74.4981,-1.4925,245590000.0,417246000.0
000300.SH,2021-09-15,4867.32,4903.85,4903.85,4843.12,4917.16,-49.843,-1.0137,187985000.0,363257000.0
000300.SH,2021-09-16,4807.7,4866.79,4879.53,4806.14,4867.32,-59.6209,-1.2249,216752000.0,393517000.0
000300.SH,2021-09-17,4855.94,4797.11,4857.96,4786.09,4807.7,48.2424,1.0034,201958000.0,360397000.0
000300.SH,2021-09-22,4821.77,4770.73,4830.85,4765.23,4855.94,-34.1727,-0.7037,191220000.0,311953000.0
000300.SH,2021-09-23,4853.2,4848.22,4877.34,4837.56,4821.77,31.4282,0.6518,228151000.0,362141000.0
000300.SH,2021-09-24,4849.43,4845.64,4897.06,4838.54,4853.2,-3.768,-0.0776,207693000.0,361849000.0
000300.SH,2021-09-27,4877.37,4870.85,4922.56,4852.2,4849.43,27.9421,0.5762,215967000.0,426083000.0
000300.SH,2021-09-28,4883.83,4869.08,4901.31,4846.63,4877.37,6.4582,0.1324,176891000.0,321272000.0
000300.SH,2021-09-29,4833.93,4846.02,4868.07,4799.88,4883.83,-49.8999,-1.0217,188171000.0,331842000.0
000300.SH,2021-09-30,4866.38,4843.95,4876.07,4843.95,4833.93,32.4545,0.6714,146114000.0,283255000.0
000300.SH,2021-10-08,4929.94,4915.73,4937.09,4891.62,4866.38,63.5583,1.3061,168968000.0,343636000.0
000300.SH,2021-10-11,4936.19,4941.29,4983.73,4930.71,4929.94,6.2509,0.1268,163512000.0,315186000.0
000300.SH,2021-10-12,4883.84,4920.66,4925.49,4840.77,4936.19,-52.3549,-1.0606,168079000.0,299424000.0
000300.SH,2021-10-13,4940.11,4880.14,4953.38,4869.83,4883.84,56.272,1.1522,131143000.0,280045000.0
000300.SH,2021-10-14,4913.61,4934.26,4953.92,4903.25,4940.11,-26.4966,-0.5364,119557000.0,249152000.0
000300.SH,2021-10-15,4932.11,4896.56,4939.82,4881.01,4913.61,18.4961,0.3764,142822000.0,300728000.0
000300.SH,2021-10-18,4874.78,4922.51,4922.51,4844.94,4932.11,-57.3331,-1.1624,141245000.0,302539000.0
000300.SH,2021-10-19,4922.72,4869.39,4928.14,4868.81,4874.78,47.9479,0.9836,135266000.0,282928000.0
000300.SH,2021-10-20,4910.18,4926.77,4944.02,4898.37,4922.72,-12.5386,-0.2547,141533000.0,279748000.0
000300.SH,2021-10-21,4928.02,4914.74,4946.18,4893.85,4910.18,17.831,0.3631,148898000.0,274803000.0
000300.SH,2021-10-22,4959.73,4934.87,4989.89,4934.87,4928.02,31.7098,0.6435,143926000.0,289253000.0
000300.SH,2021-10-25,4979.52,4940.9,4981.65,4930.11,4959.73,19.7981,0.3992,141861000.0,299408000.0
000300.SH,2021-10-26,4963.1,4983.24,5002.57,4953.48,4979.52,-16.4251,-0.3299,140889000.0,301786000.0
000300.SH,2021-10-27,4898.16,4949.23,4949.23,4884.94,4963.1,-64.934,-1.3083,147112000.0,299460000.0
000300.SH,2021-10-28,4864.14,4882.59,4898.66,4846.28,4898.16,-34.0264,-0.6947,156649000.0,316632000.0
000300.SH,2021-10-29,4908.77,4861.27,4908.77,4855.76,4864.14,44.6321,0.9176,159887000.0,368732000.0
000300.SH,2021-11-01,4890.69,4878.13,4908.21,4858.25,4908.77,-18.085,-0.3684,171584000.0,379731000.0
000300.SH,2021-11-02,4839.85,4886.19,4911.23,4797.9,4890.69,-50.8394,-1.0395,185438000.0,385732000.0
000300.SH,2021-11-03,4821.11,4835.81,4858.71,4804.37,4839.85,-18.7338,-0.3871,142764000.0,302270000.0
000300.SH,2021-11-04,4868.74,4841.09,4873.94,4834.74,4821.11,47.63,0.9879,132593000.0,308688000.0
000300.SH,2021-11-05,4842.35,4858.9,4889.68,4841.74,4868.74,-26.3961,-0.5422,147789000.0,312071000.0
000300.SH,2021-11-08,4848.18,4841.15,4866.08,4827.69,4842.35,5.8337,0.1205,137398000.0,295894000.0
000300.SH,2021-11-09,4846.74,4858.25,4870.79,4818.54,4848.18,-1.4351,-0.0296,118376000.0,261645000.0
000300.SH,2021-11-10,4821.19,4832.8,4832.8,4754.0,4846.74,-25.5519,-0.5272,135118000.0,301059000.0
000300.SH,2021-11-11,4898.65,4814.77,4898.65,4809.11,4821.19,77.4604,1.6067,160485000.0,323625000.0
000300.SH,2021-11-12,4888.38,4902.93,4909.08,4875.35,4898.65,-10.278,-0.2098,132663000.0,271773000.0
000300.SH,2021-11-15,4882.38,4894.41,4906.33,4863.4,4888.38,-5.9972,-0.1227,121823000.0,272998000.0
000300.SH,2021-11-16,4883.32,4880.9,4915.37,4876.5,4882.38,0.9429,0.0193,127254000.0,284095000.0
000300.SH,2021-11-17,4885.75,4883.25,4891.52,4864.52,4883.32,2.4338,0.0498,108459000.0,246178000.0
000300.SH,2021-11-18,4837.62,4871.42,4871.42,4830.41,4885.75,-48.1359,-0.9852,114481000.0,244485000.0
000300.SH,2021-11-19,4890.06,4832.06,4892.81,4829.57,4837.62,52.439,1.084,127198000.0,266281000.0
000300.SH,2021-11-22,4912.4,4895.39,4919.0,4893.27,4890.06,22.3415,0.4569,138093000.0,316149000.0
000300.SH,2021-11-23,4913.35,4905.76,4927.52,4896.88,4912.4,0.9467,0.0193,154304000.0,301022000.0
000300.SH,2021-11-24,4916.66,4914.03,4935.49,4899.61,4913.35,3.3122,0.0674,137151000.0,289707000.0
000300.SH,2021-11-25,4896.44,4917.61,4921.33,4891.73,4916.66,-20.2163,-0.4112,115984000.0,255451000.0
000300.SH,2021-11-26,4860.13,4886.95,4886.95,4850.81,4896.44,-36.3151,-0.7417,120369000.0,243041000.0
000300.SH,2021-11-29,4851.42,4820.01,4858.53,4818.71,4860.13,-8.7035,-0.1791,133627000.0,285995000.0
000300.SH,2021-11-30,4832.03,4857.18,4871.25,4810.22,4851.42,-19.397,-0.3998,129631000.0,279268000.0
000300.SH,2021-12-01,4843.85,4831.89,4844.52,4823.93,4832.03,11.825,0.2447,123087000.0,255969000.0
000300.SH,2021-12-02,4856.16,4839.91,4866.85,4830.32,4843.85,12.312,0.2542,148089000.0,278052000.0
000300.SH,2021-12-03,4901.02,4856.98,4901.02,4853.35,4856.16,44.8545,0.9237,144060000.0,300053000.0
000300.SH,2021-12-06,4892.62,4909.43,4943.9,4888.69,4901.02,-8.3966,-0.1713,173616000.0,333406000.0
000300.SH,2021-12-07,4922.1,4930.83,4934.1,4895.22,4892.62,29.4806,0.6026,179053000.0,340618000.0
000300.SH,2021-12-08,4995.93,4934.41,4995.93,4915.79,4922.1,73.8283,1.4999,157491000.0,329065000.0
000300.SH,2021-12-09,5078.69,5000.69,5114.5,4999.41,4995.93,82.7603,1.6566,220569000.0,425681000.0
000300.SH,2021-12-10,5055.12,5046.27,5060.06,5035.81,5078.69,-23.5729,-0.4642,193695000.0,356918000.0
000300.SH,2021-12-13,5083.8,5090.02,5143.84,5079.73,5055.12,28.6835,0.5674,211802000.0,426377000.0
000300.SH,2021-12-14,5049.7,5066.35,5075.21,5038.86,5083.8,-34.1054,-0.6709,159108000.0,318686000.0
000300.SH,2021-12-15,5005.9,5036.28,5060.37,5003.78,5049.7,-43.7962,-0.8673,150530000.0,291073000.0
000300.SH,2021-12-16,5034.73,5006.61,5034.73,4987.22,5005.9,28.833,0.576,144054000.0,291475000.0
000300.SH,2021-12-17,4954.76,5021.34,5022.11,4954.76,5034.73,-79.9722,-1.5884,149005000.0,297943000.0
000300.SH,2021-12-20,4880.42,4934.97,4971.67,4872.68,4954.76,-74.3421,-1.5004,169676000.0,317537000.0
000300.SH,2021-12-21,4913.49,4876.51,4917.8,4872.95,4880.42,33.0675,0.6776,143340000.0,259023000.0
000300.SH,2021-12-22,4914.45,4924.58,4936.67,4903.17,4913.49,0.9691,0.0197,133257000.0,244642000.0
000300.SH,2021-12-23,4948.74,4924.29,4948.74,4906.75,4914.45,34.2845,0.6976,139555000.0,263360000.0
000300.SH,2021-12-24,4921.34,4953.06,4964.91,4905.98,4948.74,-27.394,-0.5536,142673000.0,290484000.0
000300.SH,2021-12-27,4919.32,4918.15,4939.69,4894.16,4921.34,-2.0211,-0.0411,124101000.0,254422000.0
000300.SH,2021-12-28,4955.96,4923.69,4959.15,4913.6,4919.32,36.6406,0.7448,130458000.0,276317000.0
000300.SH,2021-12-29,4883.48,4958.65,4958.65,4883.48,4955.96,-72.484,-1.4626,113587000.0,273225000.0
000300.SH,2021-12-30,4921.51,4882.16,4940.18,4878.65,4883.48,38.0305,0.7788,121617000.0,268022000.0
000300.SH,2021-12-31,4940.37,4937.46,4950.36,4923.14,4921.51,18.8624,0.3833,121314000.0,266975000.0
000300.SH,2022-01-04,4917.77,4957.98,4961.45,4874.53,4940.37,-22.608,-0.4576,151535000.0,336517000.0
000300.SH,2022-01-05,4868.12,4907.93,4916.28,4851.98,4917.77,-49.6451,-1.0095,178816000.0,363945000.0
000300.SH,2022-01-06,4818.23,4842.16,4857.56,4786.43,4868.12,-49.8884,-1.0248,157666000.0,321750000.0
000300.SH,2022-01-07,4822.37,4824.32,4856.65,4818.19,4818.23,4.1371,0.0859,187139000.0,332219000.0
000300.SH,2022-01-10,4844.04,4812.23,4844.39,4780.82,4822.37,21.6762,0.4495,156212000.0,305034000.0
000300.SH,2022-01-11,4797.77,4840.01,4850.88,4791.89,4844.04,-46.2716,-0.9552,146928000.0,286446000.0
000300.SH,2022-01-12,4845.58,4818.89,4852.73,4810.92,4797.77,47.8052,0.9964,143200000.0,293153000.0
000300.SH,2022-01-13,4765.92,4853.03,4853.06,4765.24,4845.58,-79.6596,-1.644,142520000.0,288799000.0
000300.SH,2022-01-14,4726.73,4743.91,4764.05,4723.94,4765.92,-39.1874,-0.8222,146863000.0,281828000.0
000300.SH,2022-01-17,4767.28,4728.76,4775.24,4726.71,4726.73,40.5445,0.8578,115296000.0,263788000.0
000300.SH,2022-01-18,4813.35,4766.78,4826.3,4747.92,4767.28,46.071,0.9664,150871000.0,282749000.0
000300.SH,2022-01-19,4780.38,4815.81,4828.75,4755.93,4813.35,-32.9688,-0.6849,133927000.0,275535000.0
000300.SH,2022-01-20,4823.51,4778.26,4845.0,4777.57,4780.38,43.1307,0.9022,164971000.0,304344000.0
000300.SH,2022-01-21,4779.31,4808.77,4818.31,4762.56,4823.51,-44.1949,-0.9162,138953000.0,274699000.0
000300.SH,2022-01-24,4786.74,4753.94,4801.1,4746.45,4779.31,7.4235,0.1553,114464000.0,246262000.0
000300.SH,2022-01-25,4678.45,4761.95,4781.39,4678.25,4786.74,-108.287,-2.2622,133668000.0,250556000.0
000300.SH,2022-01-26,4712.31,4697.1,4718.99,4648.13,4678.45,33.8598,0.7237,107071000.0,226553000.0
000300.SH,2022-01-27,4619.88,4708.1,4708.44,4616.03,4712.31,-92.4344,-1.9616,121264000.0,250536000.0
000300.SH,2022-01-28,4563.77,4641.81,4660.52,4559.83,4619.88,-56.1045,-1.2144,126480000.0,263968000.0
000300.SH,2022-02-07,4634.09,4638.58,4672.65,4615.01,4563.77,70.3179,1.5408,144850000.0,266032000.0
000300.SH,2022-02-08,4608.77,4626.44,4626.44,4522.47,4634.09,-25.317,-0.5463,155831000.0,281365000.0
000300.SH,2022-02-09,4652.06,4608.15,4659.46,4595.28,4608.77,43.288,0.9393,148336000.0,273772000.0
000300.SH,2022-02-10,4639.86,4657.21,4657.21,4608.09,4652.06,-12.1984,-0.2622,151577000.0,287224000.0
000300.SH,2022-02-11,4601.4,4617.87,4662.6,4595.88,4639.86,-38.4672,-0.8291,155975000.0,307938000.0
000300.SH,2022-02-14,4551.69,4579.42,4593.63,4530.06,4601.4,-49.7075,-1.0803,143674000.0,275738000.0
000300.SH,2022-02-15,4600.1,4553.81,4601.45,4550.54,4551.69,48.4147,1.0637,115026000.0,249977000.0
000300.SH,2022-02-16,4617.99,4619.85,4643.1,4607.22,4600.1,17.8868,0.3888,107259000.0,210191000.0
000300.SH,2022-02-17,4629.17,4616.9,4650.16,4606.95,4617.99,11.1756,0.242,110015000.0,227946000.0
000300.SH,2022-02-18,4651.24,4604.57,4651.34,4598.1,4629.17,22.0709,0.4768,104550000.0,195826000.0
000300.SH,2022-02-21,4634.31,4646.05,4646.67,4613.3,4651.24,-16.9217,-0.3638,112517000.0,215039000.0
000300.SH,2022-02-22,4574.15,4601.92,4602.07,4550.8,4634.31,-60.1614,-1.2982,123317000.0,246873000.0
000300.SH,2022-02-23,4623.05,4582.01,4625.3,4579.29,4574.15,48.8938,1.0689,122953000.0,259050000.0
000300.SH,2022-02-24,4529.32,4592.07,4610.88,4488.48,4623.05,-93.7276,-2.0274,184403000.0,342347000.0
000300.SH,2022-02-25,4573.42,4564.63,4611.86,4561.9,4529.32,44.1058,0.9738,149723000.0,271728000.0
000300.SH,2022-02-28,4581.65,4563.74,4581.65,4530.68,4573.42,8.2212,0.1798,135407000.0,248364000.0
000300.SH,2022-03-01,4619.69,4597.85,4623.43,4583.92,4581.65,38.0403,0.8303,123139000.0,260431000.0
000300.SH,2022-03-02,4578.6,4594.02,4594.02,4558.44,4619.69,-41.0855,-0.8894,113298000.0,215300000.0
000300.SH,2022-03-03,4551.63,4595.02,4599.4,4544.43,4578.6,-26.9724,-0.5891,138286000.0,242702000.0
000300.SH,2022-03-04,4496.43,4513.36,4539.39,4481.49,4551.63,-55.1982,-1.2127,127267000.0,249970000.0
000300.SH,2022-03-07,4352.78,4462.52,4462.52,4338.3,4496.43,-143.653,-3.1948,162198000.0,306899000.0
000300.SH,2022-03-08,4265.39,4361.64,4383.65,4252.54,4352.78,-87.3865,-2.0076,167863000.0,315177000.0
000300.SH,2022-03-09,4226.35,4280.98,4304.48,4068.19,4265.39,-39.0447,-0.9154,194233000.0,341009000.0
000300.SH,2022-03-10,4292.84,4326.2,4335.67,4288.51,4226.35,66.4911,1.5733,145266000.0,301636000.0
000300.SH,2022-03-11,4306.52,4231.2,4316.04,4176.45,4292.84,13.6843,0.3188,152400000.0,295009000.0
000300.SH,2022-03-14,4174.76,4248.15,4280.36,4174.76,4306.52,-131.764,-3.0596,130187000.0,260692000.0
000300.SH,2022-03-15,3983.81,4125.49,4163.42,3983.81,4174.76,-190.946,-4.5738,202525000.0,346989000.0
000300.SH,2022-03-16,4156.08,4053.1,4168.59,3942.86,3983.81,172.269,4.3242,196022000.0,378884000.0
000300.SH,2022-03-17,4237.7,4237.67,4302.74,4217.8,4156.08,81.6146,1.9637,179407000.0,385039000.0
000300.SH,2022-03-18,4265.9,4218.47,4283.37,4194.94,4237.7,28.2061,0.6656,149458000.0,275791000.0
000300.SH,2022-03-21,4258.75,4280.14,4287.82,4223.02,4265.9,-7.1558,-0.1677,127036000.0,251215000.0
000300.SH,2022-03-22,4255.29,4252.57,4283.33,4236.69,4258.75,-3.4509,-0.081,126382000.0,226214000.0
000300.SH,2022-03-23,4276.52,4269.61,4287.58,4241.96,4255.29,21.2224,0.4987,117089000.0,226391000.0
000300.SH,2022-03-24,4251.31,4249.53,4273.96,4216.85,4276.52,-25.2113,-0.5895,108918000.0,219594000.0
000300.SH,2022-03-25,4174.57,4249.07,4254.84,4173.93,4251.31,-76.7319,-1.8049,108808000.0,217013000.0
000300.SH,2022-03-28,4148.47,4128.84,4174.12,4091.3,4174.57,-26.1079,-0.6254,118449000.0,213469000.0
000300.SH,2022-03-29,4134.14,4155.42,4177.21,4124.72,4148.47,-14.3222,-0.3452,100267000.0,199464000.0
000300.SH,2022-03-30,4254.1,4162.17,4254.1,4160.73,4134.14,119.955,2.9016,138346000.0,268869000.0
000300.SH,2022-03-31,4222.6,4234.72,4247.36,4214.54,4254.1,-31.5021,-0.7405,134029000.0,238877000.0
000300.SH,2022-04-01,4276.16,4198.82,4290.67,4190.08,4222.6,53.5612,1.2684,133803000.0,244759000.0
000300.SH,2022-04-06,4263.84,4258.83,4277.52,4236.73,4276.16,-12.3169,-0.288,159062000.0,253691000.0
000300.SH,2022-04-07,4209.1,4240.02,4278.11,4205.74,4263.84,-54.7413,-1.2838,134880000.0,216996000.0
000300.SH,2022-04-08,4230.77,4213.21,4237.81,4175.53,4209.1,21.6671,0.5148,142844000.0,229082000.0
000300.SH,2022-04-11,4100.07,4203.79,4203.79,4089.09,4230.77,-130.697,-3.0892,148197000.0,265225000.0
000300.SH,2022-04-12,4179.97,4102.97,4179.97,4075.8,4100.07,79.9024,1.9488,144286000.0,252830000.0
000300.SH,2022-04-13,4139.74,4154.41,4194.04,4139.74,4179.97,-40.2357,-0.9626,125097000.0,221281000.0
000300.SH,2022-04-14,4191.57,4172.64,4217.06,4155.55,4139.74,51.8314,1.252,124791000.0,245994000.0
000300.SH,2022-04-15,4188.75,4162.37,4211.32,4152.97,4191.57,-2.8212,-0.0673,124762000.0,226230000.0
000300.SH,2022-04-18,4166.38,4152.93,4171.74,4119.99,4188.75,-22.3628,-0.5339,117505000.0,212855000.0
000300.SH,2022-04-19,4134.9,4161.93,4186.94,4115.42,4166.38,-31.4827,-0.7556,110217000.0,208571000.0
000300.SH,2022-04-20,4070.79,4130.54,4136.17,4060.5,4134.9,-64.1128,-1.5505,117332000.0,216537000.0
000300.SH,2022-04-21,3995.83,4048.73,4086.44,3978.37,4070.79,-74.9589,-1.8414,132784000.0,227027000.0
000300.SH,2022-04-22,4013.25,3967.2,4037.08,3953.72,3995.83,17.4198,0.4359,122102000.0,206372000.0
000300.SH,2022-04-25,3814.91,3933.45,3958.21,3814.91,4013.25,-198.337,-4.9421,168364000.0,272889000.0
000300.SH,2022-04-26,3784.12,3822.49,3871.85,3773.9,3814.91,-30.7929,-0.8072,157578000.0,259626000.0
000300.SH,2022-04-27,3895.54,3758.08,3895.73,3757.09,3784.12,111.416,2.9443,172734000.0,296924000.0
000300.SH,2022-04-28,3921.11,3883.42,3943.43,3873.58,3895.54,25.5712,0.6564,153057000.0,268502000.0
000300.SH,2022-04-29,4016.24,3939.62,4017.43,3898.57,3921.11,95.1337,2.4262,179458000.0,321415000.0
000300.SH,2022-05-05,4010.21,3995.35,4039.7,3988.93,4016.24,-6.0308,-0.1502,154171000.0,290538000.0
000300.SH,2022-05-06,3908.81,3928.85,3947.24,3902.05,4010.21,-101.395,-2.5284,123006000.0,214825000.0
000300.SH,2022-05-09,3877.44,3883.95,3914.11,3854.94,3908.81,-31.3786,-0.8028,92936700.0,171756000.0
000300.SH,2022-05-10,3919.87,3820.63,3932.68,3808.57,3877.44,42.432,1.0943,136417000.0,239060000.0
000300.SH,2022-05-11,3976.42,3917.93,4033.3,3916.52,3919.87,56.5547,1.4428,165632000.0,309295000.0
000300.SH,2022-05-12,3958.74,3949.95,3985.93,3935.59,3976.42,-17.6831,-0.4447,113376000.0,202029000.0
000300.SH,2022-05-13,3988.6,3983.82,4003.85,3957.14,3958.74,29.8602,0.7543,109968000.0,195727000.0
000300.SH,2022-05-16,3956.54,4015.0,4018.03,3947.75,3988.6,-32.0624,-0.8039,112425000.0,199718000.0
000300.SH,2022-05-17,4005.89,3961.76,4005.89,3955.1,3956.54,49.3556,1.2474,109661000.0,210118000.0
000300.SH,2022-05-18,3991.91,4015.01,4017.34,3964.75,4005.89,-13.9865,-0.3491,108074000.0,201801000.0
000300.SH,2022-05-19,3999.6,3938.3,3999.6,3933.75,3991.91,7.6915,0.1927,116293000.0,210207000.0
000300.SH,2022-05-20,4077.6,4020.82,4077.6,4020.82,3999.6,78.0014,1.9502,147069000.0,265609000.0
000300.SH,2022-05-23,4053.98,4080.97,4080.97,4029.08,4077.6,-23.6175,-0.5792,130478000.0,225982000.0
000300.SH,2022-05-24,3959.15,4052.87,4055.78,3959.15,4053.98,-94.8282,-2.3391,145554000.0,247713000.0
000300.SH,2022-05-25,3983.18,3959.77,3983.62,3946.81,3959.15,24.0243,0.6068,107734000.0,188701000.0
000300.SH,2022-05-26,3993.04,3987.68,4015.75,3938.24,3983.18,9.8662,0.2477,126264000.0,216987000.0
000300.SH,2022-05-27,4001.3,4022.71,4051.14,3983.38,3993.04,8.2542,0.2067,112769000.0,206944000.0
000300.SH,2022-05-30,4029.02,4020.86,4040.82,4003.38,4001.3,27.7191,0.6928,111152000.0,211145000.0
000300.SH,2022-05-31,4091.52,4031.76,4096.2,4020.38,4029.02,62.4997,1.5512,135416000.0,267770000.0
000300.SH,2022-06-01,4083.18,4086.62,4094.9,4058.85,4091.52,-8.3404,-0.2038,114851000.0,225416000.0
000300.SH,2022-06-02,4089.57,4064.0,4091.15,4057.91,4083.18,6.391,0.1565,113894000.0,222658000.0
000300.SH,2022-06-06,4166.08,4090.53,4166.62,4063.91,4089.57,76.5168,1.871,167871000.0,324076000.0
000300.SH,2022-06-07,4179.13,4165.69,4198.09,4155.17,4166.08,13.0435,0.3131,142993000.0,285734000.0
000300.SH,2022-06-08,4219.81,4187.15,4224.81,4158.03,4179.13,40.6837,0.9735,157374000.0,319480000.0
000300.SH,2022-06-09,4175.67,4211.72,4227.45,4160.88,4219.81,-44.1375,-1.046,168449000.0,285173000.0
000300.SH,2022-06-10,4238.99,4145.65,4241.35,4140.22,4175.67,63.3189,1.5164,184796000.0,324091000.0
000300.SH,2022-06-13,4189.35,4194.46,4218.23,4156.71,4238.99,-49.6409,-1.1711,168476000.0,336586000.0
000300.SH,2022-06-14,4222.31,4143.22,4224.09,4102.93,4189.35,32.9587,0.7867,171386000.0,335419000.0
000300.SH,2022-06-15,4278.22,4228.29,4348.42,4228.29,4222.31,55.9064,1.3241,257047000.0,459767000.0
000300.SH,2022-06-16,4250.06,4282.08,4302.92,4241.08,4278.22,-28.1564,-0.6581,184074000.0,337236000.0
000300.SH,2022-06-17,4309.04,4219.23,4318.77,4218.68,4250.06,58.983,1.3878,158649000.0,346676000.0
000300.SH,2022-06-20,4330.43,4322.83,4368.36,4297.89,4309.04,21.3884,0.4964,165666000.0,359569000.0
000300.SH,2022-06-21,4325.57,4327.92,4357.34,4287.14,4330.43,-4.8671,-0.1124,164668000.0,317163000.0
000300.SH,2022-06-22,4270.62,4331.9,4333.18,4269.25,4325.57,-54.943,-1.2702,158566000.0,298656000.0
000300.SH,2022-06-23,4343.88,4277.96,4343.88,4260.9,4270.62,73.2554,1.7153,170882000.0,327145000.0
000300.SH,2022-06-24,4394.77,4354.55,4400.69,4346.12,4343.88,50.8942,1.1716,168972000.0,356055000.0
000300.SH,2022-06-27,4444.26,4414.33,4472.69,4414.33,4394.77,49.4916,1.1261,177386000.0,381433000.0
000300.SH,2022-06-28,4490.52,4442.58,4497.9,4407.35,4444.26,46.2527,1.0407,174756000.0,361686000.0
000300.SH,2022-06-29,4421.36,4472.73,4503.13,4414.0,4490.52,-69.1596,-1.5401,187277000.0,395926000.0
000300.SH,2022-06-30,4485.01,4418.07,4515.0,4418.07,4421.36,63.6538,1.4397,156666000.0,354344000.0
000300.SH,2022-07-01,4466.72,4489.52,4500.99,4449.29,4485.01,-18.2929,-0.4079,144780000.0,318492000.0
000300.SH,2022-07-04,4496.03,4447.22,4496.03,4427.82,4466.72,29.3124,0.6562,146346000.0,356969000.0
000300.SH,2022-07-05,4489.54,4505.46,4530.32,4439.45,4496.03,-6.492,-0.1444,154962000.0,361892000.0
000300.SH,2022-07-06,4423.97,4475.48,4484.36,4393.42,4489.54,-65.5685,-1.4605,149800000.0,344673000.0
000300.SH,2022-07-07,4443.47,4425.28,4457.34,4391.19,4423.97,19.5038,0.4409,132661000.0,328133000.0
000300.SH,2022-07-08,4428.78,4468.06,4479.49,4426.89,4443.47,-14.6926,-0.3307,123196000.0,304031000.0
000300.SH,2022-07-11,4354.62,4406.15,4406.15,4330.58,4428.78,-74.1643,-1.6746,134449000.0,299195000.0
000300.SH,2022-07-12,4313.62,4352.65,4370.34,4296.62,4354.62,-40.9983,-0.9415,130188000.0,291072000.0
000300.SH,2022-07-13,4321.46,4313.36,4341.47,4284.94,4313.62,7.8433,0.1818,131113000.0,286076000.0
000300.SH,2022-07-14,4322.07,4308.82,4352.1,4292.76,4321.46,0.6125,0.0142,145251000.0,301570000.0
000300.SH,2022-07-15,4248.53,4299.47,4344.86,4248.53,4322.07,-73.5469,-1.7017,150214000.0,316793000.0
000300.SH,2022-07-18,4292.59,4262.15,4300.78,4217.51,4248.53,44.0585,1.037,122601000.0,281055000.0
000300.SH,2022-07-19,4269.34,4288.44,4288.44,4238.82,4292.59,-23.2457,-0.5415,103806000.0,231118000.0
000300.SH,2022-07-20,4283.8,4291.28,4303.37,4269.97,4269.34,14.4626,0.3388,94490100.0,212302000.0
000300.SH,2022-07-21,4236.06,4270.36,4283.15,4236.05,4283.8,-47.7449,-1.1145,117156000.0,239228000.0
000300.SH,2022-07-22,4238.23,4251.79,4275.47,4207.31,4236.06,2.1763,0.0514,103841000.0,224295000.0
000300.SH,2022-07-25,4212.64,4233.93,4234.84,4201.92,4238.23,-25.59,-0.6038,83636700.0,188136000.0
000300.SH,2022-07-26,4245.98,4220.09,4259.99,4214.53,4212.64,33.3317,0.7912,85823300.0,197601000.0
000300.SH,2022-07-27,4225.04,4236.15,4242.1,4217.28,4245.98,-20.9401,-0.4932,78904900.0,194245000.0
000300.SH,2022-07-28,4225.67,4242.27,4267.92,4223.03,4225.04,0.6376,0.0151,107532000.0,243871000.0
000300.SH,2022-07-29,4170.1,4226.42,4243.51,4160.87,4225.67,-55.5714,-1.3151,114179000.0,253199000.0
000300.SH,2022-08-01,4188.68,4160.65,4196.57,4129.45,4170.1,18.5765,0.4455,107749000.0,251125000.0
000300.SH,2022-08-02,4107.02,4144.38,4144.38,4071.43,4188.68,-81.6544,-1.9494,142224000.0,281014000.0
000300.SH,2022-08-03,4066.98,4114.83,4150.98,4058.18,4107.02,-40.0486,-0.9751,116666000.0,268696000.0
000300.SH,2022-08-04,4101.54,4089.44,4108.16,4064.66,4066.98,34.5613,0.8498,89532600.0,216899000.0
000300.SH,2022-08-05,4156.91,4109.63,4159.48,4097.86,4101.54,55.3744,1.3501,102571000.0,247326000.0
000300.SH,2022-08-08,4148.07,4142.11,4155.73,4135.08,4156.91,-8.8365,-0.2126,90208100.0,224081000.0
000300.SH,2022-08-09,4156.29,4143.67,4161.81,4131.43,4148.07,8.2161,0.1981,84137000.0,214224000.0
000300.SH,2022-08-10,4109.74,4149.21,4160.79,4092.55,4156.29,-46.5534,-1.1201,85565800.0,217447000.0
000300.SH,2022-08-11,4193.54,4130.74,4193.81,4116.06,4109.74,83.8055,2.0392,121385000.0,269631000.0
000300.SH,2022-08-12,4191.15,4185.42,4202.47,4175.05,4193.54,-2.3908,-0.057,106808000.0,219208000.0
000300.SH,2022-08-15,4185.68,4180.0,4219.92,4174.3,4191.15,-5.4726,-0.1306,105898000.0,245540000.0
000300.SH,2022-08-16,4177.84,4190.53,4208.8,4170.52,4185.68,-7.8424,-0.1874,93906100.0,233819000.0
000300.SH,2022-08-17,4216.96,4182.57,4222.79,4155.17,4177.84,39.1216,0.9364,112865000.0,252044000.0
000300.SH,2022-08-18,4180.1,4205.79,4211.91,4173.54,4216.96,-36.859,-0.8741,101053000.0,233115000.0
000300.SH,2022-08-19,4151.07,4174.55,4185.66,4151.07,4180.1,-29.0258,-0.6944,117403000.0,262494000.0
000300.SH,2022-08-22,4181.4,4135.16,4183.65,4134.2,4151.07,30.3227,0.7305,112443000.0,259747000.0
000300.SH,2022-08-23,4161.08,4175.53,4187.39,4147.41,4181.4,-20.3142,-0.4858,103154000.0,239101000.0
000300.SH,2022-08-24,4082.42,4168.58,4174.16,4079.09,4161.08,-78.6628,-1.8904,119070000.0,262844000.0
000300.SH,2022-08-25,4116.24,4093.29,4119.62,4058.75,4082.42,33.8201,0.8284,111321000.0,242150000.0
000300.SH,2022-08-26,4107.55,4127.81,4139.79,4102.68,4116.24,-8.6941,-0.2112,99000500.0,225519000.0
000300.SH,2022-08-29,4089.52,4063.88,4092.95,4059.6,4107.55,-18.025,-0.4388,94354400.0,203086000.0
000300.SH,2022-08-30,4075.79,4088.53,4093.14,4048.52,4089.52,-13.7268,-0.3357,93301700.0,192649000.0
000300.SH,2022-08-31,4078.84,4057.14,4112.85,4046.62,4075.79,3.0465,0.0747,132450000.0,292975000.0
000300.SH,2022-09-01,4043.74,4066.19,4090.89,4041.13,4078.84,-35.1007,-0.8606,97387100.0,210898000.0
000300.SH,2022-09-02,4023.61,4054.84,4056.18,4004.91,4043.74,-20.1264,-0.4977,86789300.0,184468000.0
000300.SH,2022-09-05,4015.43,4010.41,4017.0,3982.74,4023.61,-8.1867,-0.2035,93767100.0,201119000.0
000300.SH,2022-09-06,4052.28,4024.47,4054.0,4009.58,4015.43,36.8538,0.9178,113506000.0,235922000.0
000300.SH,2022-09-07,4054.98,4032.72,4067.54,4028.37,4052.28,2.7028,0.0667,107678000.0,215147000.0
000300.SH,2022-09-08,4037.68,4059.17,4067.76,4036.02,4054.98,-17.2991,-0.4266,100886000.0,186889000.0
000300.SH,2022-09-09,4093.79,4050.59,4099.01,4042.25,4037.68,56.1035,1.3895,118427000.0,221443000.0
000300.SH,2022-09-13,4111.11,4112.01,4128.11,4097.14,4093.79,17.3271,0.4233,111790000.0,218521000.0
000300.SH,2022-09-14,4065.36,4058.04,4089.06,4047.92,4111.11,-45.7555,-1.113,90793700.0,185485000.0
000300.SH,2022-09-15,4027.12,4078.65,4088.81,3998.86,4065.36,-38.2404,-0.9406,123951000.0,254367000.0
000300.SH,2022-09-16,3932.68,4013.58,4019.41,3932.68,4027.12,-94.436,-2.345,137194000.0,241252000.0
000300.SH,2022-09-19,3928.0,3928.42,3953.65,3910.31,3932.68,-4.6825,-0.1191,97719600.0,183574000.0
000300.SH,2022-09-20,3932.84,3945.65,3957.55,3921.69,3928.0,4.836,0.1231,84824100.0,179248000.0
000300.SH,2022-09-21,3903.73,3921.32,3924.39,3884.23,3932.84,-29.1013,-0.74,86458400.0,168939000.0
000300.SH,2022-09-22,3869.34,3875.18,3900.27,3860.23,3903.73,-34.3908,-0.881,80946900.0,161134000.0
000300.SH,2022-09-23,3856.02,3865.1,3888.4,3829.69,3869.34,-13.3228,-0.3443,94342500.0,172905000.0
000300.SH,2022-09-26,3836.68,3829.6,3893.32,3827.95,3856.02,-19.3439,-0.5017,104526000.0,192906000.0
000300.SH,2022-09-27,3892.29,3844.07,3893.03,3827.93,3836.68,55.6177,1.4496,88860200.0,185955000.0
000300.SH,2022-09-28,3828.71,3879.44,3879.44,3828.05,3892.29,-63.5852,-1.6336,86592200.0,172438000.0
000300.SH,2022-09-29,3827.14,3864.32,3873.18,3808.65,3828.71,-1.5664,-0.0409,85654100.0,171636000.0
000300.SH,2022-09-30,3804.89,3833.35,3848.6,3801.28,3827.14,-22.2581,-0.5816,78560000.0,158693000.0
000300.SH,2022-10-10,3720.94,3806.56,3807.46,3715.71,3804.89,-83.9488,-2.2063,102648000.0,194636000.0
000300.SH,2022-10-11,3727.69,3732.02,3739.81,3706.06,3720.94,6.7502,0.1814,83944600.0,166800000.0
000300.SH,2022-10-12,3784.31,3722.87,3784.31,3661.53,3727.69,56.6197,1.5189,108089000.0,210931000.0
000300.SH,2022-10-13,3752.67,3756.42,3783.6,3749.64,3784.31,-31.6335,-0.8359,99018900.0,198369000.0
000300.SH,2022-10-14,3842.47,3783.32,3863.23,3780.84,3752.67,89.7969,2.3929,116242000.0,256551000.0
000300.SH,2022-10-17,3846.41,3822.24,3849.62,3809.12,3842.47,3.9421,0.1026,104192000.0,220489000.0
000300.SH,2022-10-18,3838.27,3865.83,3870.22,3831.17,3846.41,-8.1452,-0.2118,88346900.0,186556000.0
000300.SH,2022-10-19,3776.53,3827.47,3840.49,3776.53,3838.27,-61.7332,-1.6084,81574800.0,186736000.0
000300.SH,2022-10-20,3754.93,3746.58,3804.25,3726.79,3776.53,-21.6066,-0.5721,90290900.0,203782000.0
000300.SH,2022-10-21,3742.89,3753.89,3768.69,3724.69,3754.93,-12.034,-0.3205,98750000.0,180686000.0
000300.SH,2022-10-24,3633.37,3727.92,3762.16,3619.99,3742.89,-109.52,-2.9261,130057000.0,259451000.0
000300.SH,2022-10-25,3627.45,3621.94,3670.73,3594.7,3633.37,-5.9191,-0.1629,110954000.0,219303000.0
000300.SH,2022-10-26,3656.9,3633.31,3700.88,3633.31,3627.45,29.4485,0.8118,121302000.0,242454000.0
000300.SH,2022-10-27,3631.14,3667.66,3685.08,3631.06,3656.9,-25.7579,-0.7044,117999000.0,257473000.0
000300.SH,2022-10-28,3541.33,3605.16,3618.86,3533.5,3631.14,-89.8153,-2.4735,118772000.0,245816000.0
000300.SH,2022-10-31,3508.7,3504.51,3553.39,3495.95,3541.33,-32.6261,-0.9213,138466000.0,256575000.0
000300.SH,2022-11-01,3634.17,3519.82,3634.17,3517.62,3508.7,125.47,3.576,149287000.0,295090000.0
000300.SH,2022-11-02,3677.81,3620.37,3703.47,3610.8,3634.17,43.6319,1.2006,141593000.0,291648000.0
000300.SH,2022-11-03,3647.9,3645.06,3670.16,3628.5,3677.81,-29.9085,-0.8132,110566000.0,215379000.0
000300.SH,2022-11-04,3767.17,3646.77,3782.88,3646.77,3647.9,119.278,3.2698,149735000.0,311145000.0
000300.SH,2022-11-07,3775.3,3754.52,3792.79,3746.37,3767.17,8.1225,0.2156,129826000.0,251196000.0
000300.SH,2022-11-08,3749.33,3773.66,3779.12,3723.34,3775.3,-25.972,-0.6879,99016400.0,193351000.0
000300.SH,2022-11-09,3714.27,3750.78,3760.41,3711.27,3749.33,-35.0547,-0.935,89434500.0,172030000.0
000300.SH,2022-11-10,3685.69,3685.83,3701.53,3665.06,3714.27,-28.5819,-0.7695,103509000.0,183155000.0
000300.SH,2022-11-11,3788.44,3787.76,3828.9,3747.09,3685.69,102.75,2.7878,189686000.0,344471000.0
000300.SH,2022-11-14,3794.02,3818.14,3848.41,3781.78,3788.44,5.5784,0.1472,169665000.0,315537000.0
000300.SH,2022-11-15,3865.97,3788.93,3871.64,3775.5,3794.02,71.9555,1.8966,151516000.0,296268000.0
000300.SH,2022-11-16,3834.39,3860.81,3877.68,3829.31,3865.97,-31.5827,-0.8169,120611000.0,235845000.0
000300.SH,2022-11-17,3818.66,3821.27,3821.74,3776.57,3834.39,-15.7259,-0.4101,105941000.0,219541000.0
000300.SH,2022-11-18,3801.57,3823.82,3840.3,3801.57,3818.66,-17.0954,-0.4477,115079000.0,224276000.0
000300.SH,2022-11-21,3769.13,3769.63,3769.87,3734.0,3801.57,-32.4417,-0.8534,95867000.0,188230000.0
000300.SH,2022-11-22,3769.57,3766.08,3809.86,3751.04,3769.13,0.4458,0.0118,144486000.0,203491000.0
000300.SH,2022-11-23,3773.53,3760.22,3791.18,3753.21,3769.57,3.956,0.1049,144528000.0,201071000.0
000300.SH,2022-11-24,3756.81,3791.54,3804.9,3751.38,3773.53,-16.7205,-0.4431,101073000.0,160699000.0
000300.SH,2022-11-25,3775.78,3751.28,3790.57,3743.41,3756.81,18.9682,0.5049,142930000.0,191711000.0
000300.SH,2022-11-28,3733.24,3701.9,3736.08,3672.13,3775.78,-42.534,-1.1265,127826000.0,196306000.0
000300.SH,2022-11-29,3848.42,3766.57,3854.77,3766.57,3733.24,115.18,3.0853,178701000.0,289062000.0
000300.SH,2022-11-30,3853.04,3836.56,3867.66,3833.83,3848.42,4.6141,0.1199,157511000.0,250051000.0
000300.SH,2022-12-01,3894.77,3921.3,3944.56,3893.87,3853.04,41.7322,1.0831,169965000.0,306678000.0
000300.SH,2022-12-02,3870.95,3886.4,3898.11,3865.88,3894.77,-23.8209,-0.6116,116786000.0,201253000.0
000300.SH,2022-12-05,3946.88,3907.64,3947.48,3900.67,3870.95,75.9281,1.9615,201747000.0,296616000.0
000300.SH,2022-12-06,3968.2,3929.01,3988.9,3923.0,3946.88,21.322,0.5402,155108000.0,275583000.0
000300.SH,2022-12-07,3958.44,3956.67,3999.59,3944.18,3968.2,-9.757,-0.2459,143001000.0,255491000.0
000300.SH,2022-12-08,3959.18,3953.2,3971.49,3941.3,3958.44,0.7389,0.0187,115200000.0,198038000.0
000300.SH,2022-12-09,3998.24,3961.99,4003.32,3944.44,3959.18,39.0644,0.9867,153775000.0,268167000.0
000300.SH,2022-12-12,3953.44,3976.17,3983.43,3950.32,3998.24,-44.8009,-1.1205,125935000.0,227606000.0
000300.SH,2022-12-13,3945.68,3953.55,3964.4,3939.98,3953.44,-7.762,-0.1963,100994000.0,184021000.0
000300.SH,2022-12-14,3954.89,3952.79,3972.74,3935.77,3945.68,9.2044,0.2333,98528000.0,196175000.0
000300.SH,2022-12-15,3951.99,3954.67,3963.5,3926.5,3954.89,-2.8972,-0.0733,88864700.0,181995000.0
000300.SH,2022-12-16,3954.23,3931.23,3960.47,3929.49,3951.99,2.2385,0.0566,93178600.0,167488000.0
000300.SH,2022-12-19,3893.22,3952.77,3966.57,3878.44,3954.23,-61.0063,-1.5428,106919000.0,180801000.0
000300.SH,2022-12-20,3829.02,3881.23,3881.27,3811.48,3893.22,-64.2034,-1.6491,83096800.0,164046000.0
000300.SH,2022-12-21,3830.54,3839.0,3853.73,3821.4,3829.02,1.5211,0.0397,64839200.0,123450000.0
000300.SH,2022-12-22,3836.03,3859.2,3882.13,3821.34,3830.54,5.4896,0.1433,83705200.0,163970000.0
000300.SH,2022-12-23,3828.22,3811.62,3848.34,3805.95,3836.03,-7.8092,-0.2036,65278100.0,130559000.0
000300.SH,2022-12-26,3843.49,3830.57,3856.81,3827.52,3828.22,15.2699,0.3989,73005700.0,148693000.0
000300.SH,2022-12-27,3887.85,3860.91,3891.85,3856.58,3843.49,44.3653,1.1543,77515400.0,152032000.0
000300.SH,2022-12-28,3871.26,3874.91,3884.72,3854.94,3887.85,-16.5896,-0.4267,84424700.0,160671000.0
000300.SH,2022-12-29,3856.7,3854.24,3868.29,3838.48,3871.26,-14.5637,-0.3762,79394800.0,149011000.0
000300.SH,2022-12-30,3871.63,3873.94,3887.55,3868.76,3856.7,14.9331,0.3872,78773300.0,148295000.0
000300.SH,2023-01-03,3887.9,3864.84,3893.99,3831.25,3871.63,16.2654,0.4201,115052000.0,207540000.0
000300.SH,2023-01-04,3892.95,3886.25,3905.9,3873.65,3887.9,5.0485,0.1299,110661000.0,198998000.0
000300.SH,2023-01-05,3968.58,3913.49,3974.88,3912.26,3892.95,75.6305,1.9428,116502000.0,256313000.0
000300.SH,2023-01-06,3980.89,3969.55,4000.41,3966.47,3968.58,12.3106,0.3102,110953000.0,235744000.0
000300.SH,2023-01-09,4013.12,3998.53,4023.09,3990.71,3980.89,32.2308,0.8096,117054000.0,233212000.0
000300.SH,2023-01-10,4017.47,4014.71,4030.46,4002.23,4013.12,4.3541,0.1085,101751000.0,214871000.0
000300.SH,2023-01-11,4010.03,4019.88,4043.4,4008.02,4017.47,-7.4428,-0.1853,99997900.0,203000000.0
000300.SH,2023-01-12,4017.87,4021.75,4030.29,4003.51,4010.03,7.8383,0.1955,90552600.0,183686000.0
000300.SH,2023-01-13,4074.38,4032.29,4074.38,4027.89,4017.87,56.508,1.4064,95871900.0,212174000.0
000300.SH,2023-01-16,4137.96,4077.88,4177.1,4076.64,4074.38,63.5871,1.5607,151395000.0,319008000.0
000300.SH,2023-01-17,4137.24,4138.84,4148.58,4118.16,4137.96,-0.7221,-0.0175,95479000.0,204382000.0
000300.SH,2023-01-18,4130.31,4140.1,4151.46,4125.77,4137.24,-6.9279,-0.1675,84200600.0,172126000.0
000300.SH,2023-01-19,4156.01,4125.58,4156.01,4105.98,4130.31,25.6934,0.6221,94608400.0,192700000.0
000300.SH,2023-01-20,4181.53,4166.84,4189.83,4161.67,4156.01,25.519,0.614,123554000.0,222342000.0
000300.SH,2023-01-30,4201.35,4267.62,4268.15,4197.86,4181.53,19.8183,0.4739,164607000.0,330193000.0
000300.SH,2023-01-31,4156.86,4200.58,4212.73,4153.05,4201.35,-44.4872,-1.0589,124551000.0,249365000.0
000300.SH,2023-02-01,4195.93,4170.13,4195.93,4137.77,4156.86,39.0754,0.94,141009000.0,265554000.0
000300.SH,2023-02-02,4181.15,4207.41,4207.41,4170.56,4195.93,-14.7839,-0.3523,133824000.0,262497000.0
000300.SH,2023-02-03,4141.63,4162.03,4162.03,4103.17,4181.15,-39.5174,-0.9451,117041000.0,226915000.0
000300.SH,2023-02-06,4086.88,4103.83,4105.94,4065.22,4141.63,-54.754,-1.322,110193000.0,226345000.0
000300.SH,2023-02-07,4094.23,4098.31,4107.34,4077.96,4086.88,7.3556,0.18,91360100.0,183537000.0
000300.SH,2023-02-08,4076.14,4099.86,4111.47,4072.65,4094.23,-18.0924,-0.4419,84786100.0,170592000.0
000300.SH,2023-02-09,4130.86,4067.56,4130.86,4064.75,4076.14,54.7154,1.3423,102290000.0,211723000.0
000300.SH,2023-02-10,4106.31,4124.1,4125.29,4092.35,4130.86,-24.5468,-0.5942,96716700.0,195348000.0
000300.SH,2023-02-13,4143.57,4098.88,4146.45,4092.27,4106.31,37.2643,0.9075,128893000.0,251990000.0
000300.SH,2023-02-14,4145.29,4151.25,4152.05,4125.26,4143.57,1.7162,0.0414,102500000.0,204915000.0
000300.SH,2023-02-15,4123.69,4146.85,4153.72,4115.97,4145.29,-21.6009,-0.5211,121665000.0,219856000.0
000300.SH,2023-02-16,4093.49,4125.41,4167.9,4068.86,4123.69,-30.2017,-0.7324,159311000.0,281316000.0
000300.SH,2023-02-17,4034.51,4086.22,4104.64,4032.93,4093.49,-58.9806,-1.4408,116143000.0,225738000.0
000300.SH,2023-02-20,4133.49,4039.96,4134.86,4035.48,4034.51,98.9826,2.4534,161794000.0,280123000.0
000300.SH,2023-02-21,4144.35,4130.06,4151.8,4116.27,4133.49,10.864,0.2628,145776000.0,249674000.0
000300.SH,2023-02-22,4106.95,4118.97,4134.88,4101.86,4144.35,-37.403,-0.9025,104290000.0,191586000.0
000300.SH,2023-02-23,4103.65,4106.21,4132.39,4088.21,4106.95,-3.3043,-0.0805,103565000.0,197194000.0
000300.SH,2023-02-24,4061.05,4100.99,4102.61,4048.24,4103.65,-42.6006,-1.0381,100989000.0,191210000.0
000300.SH,2023-02-27,4043.84,4040.46,4067.03,4034.52,4061.05,-17.2013,-0.4236,93787600.0,187959000.0
000300.SH,2023-02-28,4069.46,4058.13,4074.26,4026.45,4043.84,25.6143,0.6334,110324000.0,198800000.0
000300.SH,2023-03-01,4126.94,4068.73,4135.48,4061.22,4069.46,57.4828,1.4125,156016000.0,255375000.0
000300.SH,2023-03-02,4117.74,4119.99,4137.25,4113.83,4126.94,-9.2038,-0.223,148218000.0,235954000.0
000300.SH,2023-03-03,4130.55,4126.02,4135.21,4100.38,4117.74,12.8136,0.3112,160332000.0,226915000.0
000300.SH,2023-03-06,4109.01,4131.15,4132.84,4088.45,4130.55,-21.5411,-0.5215,162972000.0,283080000.0
000300.SH,2023-03-07,4048.85,4103.64,4124.96,4046.57,4109.01,-60.1583,-1.4641,195912000.0,272492000.0
000300.SH,2023-03-08,4034.11,4030.74,4037.29,4011.52,4048.85,-14.7442,-0.3642,117936000.0,191660000.0
000300.SH,2023-03-09,4019.85,4035.84,4043.85,4000.89,4034.11,-14.2572,-0.3534,116540000.0,201738000.0
000300.SH,2023-03-10,3967.14,3991.8,4004.36,3966.43,4019.85,-52.7153,-1.3114,123855000.0,218287000.0
000300.SH,2023-03-13,4008.69,3962.64,4008.69,3962.64,3967.14,41.5508,1.0474,143561000.0,242866000.0
000300.SH,2023-03-14,3984.7,3999.88,4001.94,3946.94,4008.69,-23.9904,-0.5985,150544000.0,267225000.0
000300.SH,2023-03-15,3986.9,4011.84,4018.75,3986.9,3984.7,2.2064,0.0554,142026000.0,232101000.0
000300.SH,2023-03-16,3939.15,3958.2,3981.32,3936.48,3986.9,-47.7515,-1.1977,152516000.0,246264000.0
000300.SH,2023-03-17,3958.82,3971.16,4004.22,3945.25,3939.15,19.6689,0.4993,177434000.0,305541000.0
000300.SH,2023-03-20,3939.08,3962.66,3979.55,3935.02,3958.82,-19.7424,-0.4987,205265000.0,319760000.0
000300.SH,2023-03-21,3982.38,3948.16,3982.7,3948.16,3939.08,43.3012,1.0993,145091000.0,251632000.0
000300.SH,2023-03-22,3999.44,3993.78,4016.45,3986.71,3982.38,17.0645,0.4285,149229000.0,265181000.0
000300.SH,2023-03-23,4039.09,3985.99,4039.09,3984.0,3999.44,39.6468,0.9913,158887000.0,296480000.0
000300.SH,2023-03-24,4027.05,4035.16,4037.84,4017.0,4039.09,-12.0438,-0.2982,159442000.0,295786000.0
000300.SH,2023-03-27,4012.48,4023.3,4023.3,3987.03,4027.05,-14.5686,-0.3618,168482000.0,315475000.0
000300.SH,2023-03-28,3999.51,4015.7,4023.78,3994.6,4012.48,-12.9624,-0.3231,131895000.0,248737000.0
000300.SH,2023-03-29,4006.14,4013.59,4017.76,3992.67,3999.51,6.6293,0.1658,133744000.0,263867000.0
000300.SH,2023-03-30,4038.53,4009.56,4040.5,3983.9,4006.14,32.3817,0.8083,149901000.0,280005000.0
000300.SH,2023-03-31,4050.93,4045.45,4063.57,4039.96,4038.53,12.4,0.307,138843000.0,279864000.0
000300.SH,2023-04-03,4090.57,4059.62,4094.94,4059.06,4050.93,39.6419,0.9786,182124000.0,382896000.0
000300.SH,2023-04-04,4103.1,4089.29,4103.16,4080.07,4090.57,12.5376,0.3065,197147000.0,394443000.0
000300.SH,2023-04-06,4096.64,4084.13,4098.83,4078.4,4103.1,-6.4652,-0.1576,150703000.0,328982000.0
000300.SH,2023-04-07,4123.28,4096.9,4131.31,4092.18,4096.64,26.6399,0.6503,128677000.0,286568000.0
000300.SH,2023-04-10,4104.81,4132.01,4132.3,4099.05,4123.28,-18.4681,-0.4479,152453000.0,340823000.0
000300.SH,2023-04-11,4100.15,4108.51,4116.12,4083.49,4104.81,-4.6639,-0.1136,153901000.0,324193000.0
000300.SH,2023-04-12,4097.29,4102.4,4108.25,4090.28,4100.15,-2.8603,-0.0698,165965000.0,325425000.0
000300.SH,2023-04-13,4068.98,4081.39,4088.88,4059.57,4097.29,-28.309,-0.6909,156444000.0,300291000.0
000300.SH,2023-04-14,4092.0,4078.97,4098.22,4075.2,4068.98,23.0202,0.5657,150696000.0,306202000.0
000300.SH,2023-04-17,4149.38,4090.07,4149.38,4089.51,4092.0,57.3848,1.4024,188773000.0,341831000.0
000300.SH,2023-04-18,4162.03,4139.31,4169.67,4138.46,4149.38,12.6484,0.3048,170184000.0,331546000.0
000300.SH,2023-04-19,4124.56,4159.39,4159.39,4118.63,4162.03,-37.4731,-0.9004,162555000.0,312220000.0
000300.SH,2023-04-20,4113.02,4122.95,4125.82,4094.0,4124.56,-11.5397,-0.2798,162707000.0,332172000.0
000300.SH,2023-04-21,4032.57,4114.26,4114.26,4031.91,4113.02,-80.452,-1.956,180802000.0,347852000.0
000300.SH,2023-04-24,3982.64,4031.3,4033.64,3967.91,4032.57,-49.9243,-1.238,170099000.0,328376000.0
000300.SH,2023-04-25,3962.67,3985.11,3991.69,3925.44,3982.64,-19.9771,-0.5016,172555000.0,331111000.0
000300.SH,2023-04-26,3959.23,3950.26,3975.66,3934.66,3962.67,-3.4335,-0.0866,162702000.0,322063000.0
000300.SH,2023-04-27,3988.42,3948.03,3999.13,3942.82,3959.23,29.1862,0.7372,153828000.0,304804000.0
000300.SH,2023-04-28,4029.09,3993.26,4030.45,3993.26,3988.42,40.6673,1.0196,179508000.0,328936000.0
000300.SH,2023-05-04,4030.25,4013.47,4035.78,4001.13,4029.09,1.1613,0.0288,227583000.0,345493000.0
000300.SH,2023-05-05,4016.88,4031.09,4047.6,3998.39,4030.25,-13.3697,-0.3317,206627000.0,307694000.0
000300.SH,2023-05-08,4062.66,4028.11,4070.77,4018.96,4016.88,45.785,1.1398,255583000.0,359540000.0
000300.SH,2023-05-09,4027.88,4065.44,4092.85,4026.39,4062.66,-34.787,-0.8563,279306000.0,396422000.0
000300.SH,2023-05-10,3996.87,4017.94,4019.06,3984.63,4027.88,-31.0059,-0.7698,207553000.0,309485000.0
000300.SH,2023-05-11,3990.66,4005.78,4018.06,3988.48,3996.87,-6.2058,-0.1553,144805000.0,241052000.0
000300.SH,2023-05-12,3937.76,3987.77,3999.38,3937.53,3990.66,-52.9015,-1.3256,144422000.0,228993000.0
000300.SH,2023-05-15,3998.89,3938.83,3998.89,3923.03,3937.76,61.125,1.5523,176257000.0,279531000.0
000300.SH,2023-05-16,3978.21,4002.52,4005.01,3966.99,3998.89,-20.6818,-0.5172,136833000.0,234841000.0
000300.SH,2023-05-17,3960.17,3971.7,3982.6,3945.71,3978.21,-18.0404,-0.4535,118448000.0,205196000.0
000300.SH,2023-05-18,3956.07,3965.52,3982.72,3939.55,3960.17,-4.0949,-0.1034,136534000.0,229134000.0
000300.SH,2023-05-19,3944.54,3946.22,3967.28,3928.32,3956.07,-11.5298,-0.2914,120212000.0,207095000.0
000300.SH,2023-05-22,3969.33,3941.0,3985.4,3935.8,3944.54,24.7874,0.6284,109117000.0,202186000.0
000300.SH,2023-05-23,3913.19,3968.23,3971.94,3913.19,3969.33,-56.1395,-1.4143,118685000.0,189956000.0
000300.SH,2023-05-24,3859.09,3903.78,3903.78,3859.09,3913.19,-54.0947,-1.3824,137258000.0,211768000.0
000300.SH,2023-05-25,3850.5,3851.41,3861.38,3817.84,3859.09,-8.5939,-0.2227,124151000.0,213314000.0
000300.SH,2023-05-26,3850.95,3848.42,3859.63,3815.57,3850.5,0.4515,0.0117,100326000.0,191538000.0
000300.SH,2023-05-29,3833.94,3862.08,3866.72,3819.18,3850.95,-17.0095,-0.4417,131860000.0,230096000.0
000300.SH,2023-05-30,3837.75,3827.79,3844.01,3789.27,3833.94,3.8115,0.0994,137620000.0,244566000.0
000300.SH,2023-05-31,3798.54,3827.16,3827.16,3781.4,3837.75,-39.2097,-1.0217,126387000.0,235606000.0
000300.SH,2023-06-01,3806.87,3788.59,3832.21,3786.73,3798.54,8.3245,0.2191,134562000.0,241830000.0
000300.SH,2023-06-02,3861.83,3821.62,3865.28,3821.62,3806.87,54.9658,1.4439,125015000.0,232697000.0
000300.SH,2023-06-05,3844.25,3860.56,3860.56,3832.46,3861.83,-17.5845,-0.4553,116164000.0,211144000.0
000300.SH,2023-06-06,3808.16,3840.46,3867.85,3802.84,3844.25,-36.0863,-0.9387,125781000.0,222092000.0
000300.SH,2023-06-07,3789.34,3815.48,3823.11,3780.1,3808.16,-18.8211,-0.4942,98862400.0,189880000.0
000300.SH,2023-06-08,3820.19,3791.08,3834.39,3777.78,3789.34,30.8449,0.814,118701000.0,199119000.0
000300.SH,2023-06-09,3836.7,3822.41,3836.7,3811.22,3820.19,16.5159,0.4323,134320000.0,247296000.0
000300.SH,2023-06-12,3844.43,3827.33,3859.72,3813.86,3836.7,7.7298,0.2015,126759000.0,240791000.0
000300.SH,2023-06-13,3864.91,3838.13,3867.3,3833.46,3844.43,20.475,0.5326,110925000.0,225435000.0
000300.SH,2023-06-14,3864.02,3872.72,3891.67,3862.06,3864.91,-0.8827,-0.0228,124956000.0,243933000.0
000300.SH,2023-06-15,3925.5,3871.77,3925.5,3871.77,3864.02,61.4747,1.5909,128370000.0,282636000.0
000300.SH,2023-06-16,3963.35,3932.21,3968.01,3928.54,3925.5,37.8515,0.9642,139760000.0,280375000.0
000300.SH,2023-06-19,3930.91,3957.03,3957.03,3922.47,3963.35,-32.443,-0.8186,134906000.0,268213000.0
000300.SH,2023-06-20,3924.24,3926.09,3937.49,3918.47,3930.91,-6.6702,-0.1697,122520000.0,266274000.0
000300.SH,2023-06-21,3864.03,3909.1,3920.13,3864.03,3924.24,-60.2054,-1.5342,118347000.0,243631000.0
000300.SH,2023-06-26,3809.7,3833.44,3841.29,3801.05,3864.03,-54.3361,-1.4062,133990000.0,247714000.0
000300.SH,2023-06-27,3845.43,3811.69,3851.9,3806.32,3809.7,35.7372,0.9381,116993000.0,210098000.0
000300.SH,2023-06-28,3840.8,3836.61,3846.85,3808.16,3845.43,-4.6348,-0.1205,107022000.0,206188000.0
000300.SH,2023-06-29,3821.84,3836.73,3840.71,3817.38,3840.8,-18.9551,-0.4935,98289300.0,204110000.0
000300.SH,2023-06-30,3842.45,3816.33,3860.03,3813.55,3821.84,20.6081,0.5392,101268000.0,208146000.0
000300.SH,2023-07-03,3892.88,3853.29,3897.33,3853.29,3842.45,50.4305,1.3125,133158000.0,256877000.0
000300.SH,2023-07-04,3899.01,3888.03,3899.98,3878.4,3892.88,6.1312,0.1575,109495000.0,216336000.0
000300.SH,2023-07-05,3868.81,3895.19,3899.52,3864.13,3899.01,-30.2079,-0.7748,97636400.0,188400000.0
000300.SH,2023-07-06,3842.75,3857.03,3876.89,3836.46,3868.81,-26.0507,-0.6734,100122000.0,184742000.0
000300.SH,2023-07-07,3825.7,3831.6,3844.84,3819.08,3842.75,-17.0559,-0.4438,100907000.0,173919000.0
000300.SH,2023-07-10,3844.33,3841.56,3865.46,3831.92,3825.7,18.6281,0.4869,92033400.0,185361000.0
000300.SH,2023-07-11,3869.49,3853.8,3870.65,3844.52,3844.33,25.1592,0.6545,86510700.0,177586000.0
000300.SH,2023-07-12,3843.44,3864.6,3874.04,3838.56,3869.49,-26.0492,-0.6732,111522000.0,214047000.0
000300.SH,2023-07-13,3898.42,3855.66,3901.1,3855.66,3843.44,54.986,1.4306,120300000.0,235279000.0
000300.SH,2023-07-14,3899.1,3904.6,3908.49,3893.79,3898.42,0.6798,0.0174,122365000.0,220230000.0
000300.SH,2023-07-17,3867.17,3881.62,3881.62,3852.26,3899.1,-31.9278,-0.8188,98340100.0,174624000.0
000300.SH,2023-07-18,3854.94,3871.04,3871.04,3844.51,3867.17,-12.2356,-0.3164,91438600.0,167104000.0
000300.SH,2023-07-19,3850.87,3848.48,3860.01,3830.41,3854.94,-4.073,-0.1057,79585700.0,151311000.0
000300.SH,2023-07-20,3823.69,3857.77,3875.62,3818.71,3850.87,-27.1717,-0.7056,92042100.0,174321000.0
000300.SH,2023-07-21,3821.91,3816.98,3849.51,3808.8,3823.69,-1.7846,-0.0467,79507600.0,157144000.0
000300.SH,2023-07-24,3805.22,3803.35,3828.79,3798.8,3821.91,-16.689,-0.4367,75483500.0,151448000.0
000300.SH,2023-07-25,3915.12,3866.64,3915.81,3866.64,3805.22,109.894,2.888,163066000.0,299854000.0
000300.SH,2023-07-26,3907.01,3908.17,3912.98,3893.4,3915.12,-8.1025,-0.207,107882000.0,192913000.0
000300.SH,2023-07-27,3902.35,3914.23,3935.36,3894.69,3907.01,-4.667,-0.1195,110667000.0,196845000.0
000300.SH,2023-07-28,3992.74,3889.79,4000.92,3886.55,3902.35,90.3918,2.3163,179735000.0,310092000.0
000300.SH,2023-07-31,4014.63,4018.89,4064.36,4002.08,3992.74,21.8925,0.5483,199607000.0,366544000.0
000300.SH,2023-08-01,3998.0,4009.18,4031.7,3983.03,4014.63,-16.6291,-0.4142,142287000.0,255621000.0
000300.SH,2023-08-02,3969.9,3985.7,4008.33,3958.51,3998.0,-28.106,-0.703,125856000.0,204876000.0
000300.SH,2023-08-03,4004.98,3962.13,4005.0,3962.13,3969.9,35.0889,0.8839,129007000.0,224810000.0
000300.SH,2023-08-04,4020.58,4033.72,4058.24,4011.62,4004.98,15.5953,0.3894,178267000.0,316530000.0
000300.SH,2023-08-07,3990.15,4002.97,4002.97,3977.02,4020.58,-30.4261,-0.7568,121311000.0,227091000.0
000300.SH,2023-08-08,3979.73,3980.04,4002.29,3963.46,3990.15,-10.4209,-0.2612,109872000.0,202611000.0
000300.SH,2023-08-09,3967.57,3967.36,3982.11,3961.84,3979.73,-12.167,-0.3057,94640300.0,174394000.0
000300.SH,2023-08-10,3975.72,3962.86,3976.46,3945.39,3967.57,8.1514,0.2055,97176800.0,175647000.0
000300.SH,2023-08-11,3884.25,3977.98,3977.98,3884.25,3975.72,-91.4628,-2.3005,126083000.0,203546000.0
000300.SH,2023-08-14,3855.91,3840.89,3859.47,3814.07,3884.25,-28.3477,-0.7298,115966000.0,197624000.0
000300.SH,2023-08-15,3846.54,3858.37,3865.28,3811.68,3855.91,-9.3704,-0.243,103097000.0,177437000.0
000300.SH,2023-08-16,3818.33,3830.83,3852.42,3817.63,3846.54,-28.2019,-0.7332,94616900.0,169324000.0
000300.SH,2023-08-17,3831.1,3801.2,3836.15,3782.5,3818.33,12.767,0.3344,98415500.0,174094000.0
000300.SH,2023-08-18,3784.0,3832.46,3844.2,3784.0,3831.1,-47.097,-1.2293,95549600.0,168446000.0
000300.SH,2023-08-21,3729.55,3773.23,3782.11,3729.55,3784.0,-54.4488,-1.4389,98708400.0,173380000.0
000300.SH,2023-08-22,3758.23,3748.07,3770.06,3704.68,3729.55,28.6721,0.7688,120318000.0,203464000.0
000300.SH,2023-08-23,3696.63,3751.77,3756.17,3695.03,3758.23,-61.5932,-1.6389,97081600.0,160476000.0
000300.SH,2023-08-24,3723.43,3711.54,3748.86,3701.57,3696.63,26.7954,0.7249,119615000.0,196257000.0
000300.SH,2023-08-25,3709.15,3703.51,3734.22,3695.84,3723.43,-14.2776,-0.3835,105183000.0,175601000.0
000300.SH,2023-08-28,3752.62,3911.55,3911.55,3740.53,3709.15,43.4677,1.1719,197990000.0,335048000.0
000300.SH,2023-08-29,3790.11,3743.05,3810.38,3742.08,3752.62,37.4873,0.999,152486000.0,262135000.0
000300.SH,2023-08-30,3788.51,3803.12,3813.7,3780.24,3790.11,-1.597,-0.0421,129672000.0,226727000.0
000300.SH,2023-08-31,3765.27,3786.93,3794.0,3762.0,3788.51,-23.2419,-0.6135,118962000.0,193577000.0
000300.SH,2023-09-01,3791.49,3778.91,3808.53,3778.91,3765.27,26.2234,0.6965,105319000.0,172219000.0
000300.SH,2023-09-04,3848.95,3812.99,3854.26,3804.59,3791.49,57.4605,1.5155,142385000.0,237935000.0
000300.SH,2023-09-05,3820.32,3839.58,3839.58,3814.33,3848.95,-28.6343,-0.744,104052000.0,181378000.0
000300.SH,2023-09-06,3812.03,3808.1,3817.52,3790.9,3820.32,-8.2891,-0.217,93442400.0,166082000.0
000300.SH,2023-09-07,3758.47,3802.23,3802.23,3756.85,3812.03,-53.5535,-1.4049,95103900.0,164406000.0
000300.SH,2023-09-08,3739.99,3747.65,3753.26,3724.99,3758.47,-18.4821,-0.4917,71638200.0,129198000.0
000300.SH,2023-09-11,3767.54,3740.58,3788.32,3734.72,3739.99,27.5443,0.7365,105358000.0,186872000.0
000300.SH,2023-09-12,3760.6,3764.33,3775.09,3755.42,3767.54,-6.9322,-0.184,79385400.0,140118000.0
000300.SH,2023-09-13,3736.65,3759.61,3768.82,3719.11,3760.6,-23.9535,-0.637,81576900.0,138238000.0
000300.SH,2023-09-14,3733.51,3736.94,3748.82,3717.31,3736.65,-3.1436,-0.0841,100386000.0,151578000.0
000300.SH,2023-09-15,3708.78,3740.79,3749.02,3699.38,3733.51,-24.7311,-0.6624,109396000.0,180399000.0
000300.SH,2023-09-18,3727.71,3698.93,3737.53,3691.11,3708.78,18.9344,0.5105,86727700.0,156967000.0
000300.SH,2023-09-19,3720.5,3723.42,3724.07,3702.69,3727.71,-7.2089,-0.1934,83199000.0,135217000.0
000300.SH,2023-09-20,3705.69,3715.96,3718.52,3705.13,3720.5,-14.8123,-0.3981,75448200.0,117692000.0
000300.SH,2023-09-21,3672.44,3698.31,3708.46,3672.44,3705.69,-33.245,-0.8971,83031000.0,135012000.0
000300.SH,2023-09-22,3738.93,3672.64,3740.42,3664.77,3672.44,66.4879,1.8105,110231000.0,192236000.0
000300.SH,2023-09-25,3714.6,3738.06,3738.06,3711.2,3738.93,-24.329,-0.6507,92596500.0,155794000.0
000300.SH,2023-09-26,3692.89,3711.71,3723.85,3692.62,3714.6,-21.7109,-0.5845,78044500.0,137808000.0
000300.SH,2023-09-27,3700.5,3694.96,3731.14,3694.39,3692.89,7.6022,0.2059,91629200.0,164790000.0
000300.SH,2023-09-28,3689.52,3711.21,3716.06,3685.3,3700.5,-10.9778,-0.2967,85221700.0,153500000.0
000300.SH,2023-10-09,3684.73,3678.93,3694.17,3642.0,3689.52,-4.79,-0.1298,102148000.0,178072000.0
000300.SH,2023-10-10,3657.13,3696.25,3701.26,3655.59,3684.73,-27.6013,-0.7491,99163700.0,161939000.0
000300.SH,2023-10-11,3667.55,3674.75,3689.53,3658.35,3657.13,10.4224,0.285,102092000.0,187668000.0
000300.SH,2023-10-12,3702.38,3697.93,3711.5,3682.84,3667.55,34.8341,0.9498,114363000.0,194598000.0
000300.SH,2023-10-13,3663.41,3677.96,3678.19,3652.31,3702.38,-38.972,-1.0526,98288000.0,170152000.0
000300.SH,2023-10-16,3626.6,3664.04,3664.04,3615.77,3663.41,-36.8132,-1.0049,91853100.0,159538000.0
000300.SH,2023-10-17,3639.4,3635.3,3645.57,3619.13,3626.6,12.8046,0.3531,90745200.0,147056000.0
000300.SH,2023-10-18,3610.58,3631.07,3632.06,3608.98,3639.4,-28.8251,-0.792,94545900.0,158982000.0
000300.SH,2023-10-19,3533.54,3588.52,3588.52,3532.31,3610.58,-77.0322,-2.1335,111738000.0,189195000.0
000300.SH,2023-10-20,3510.59,3518.35,3535.66,3501.73,3533.54,-22.9556,-0.6496,98518600.0,169591000.0
000300.SH,2023-10-23,3474.24,3500.2,3505.35,3450.65,3510.59,-36.3451,-1.0353,96561600.0,152055000.0
000300.SH,2023-10-24,3487.13,3481.76,3495.0,3453.1,3474.24,12.8864,0.3709,115547000.0,186529000.0
000300.SH,2023-10-25,3504.46,3524.3,3531.83,3500.92,3487.13,17.3274,0.4969,128010000.0,203692000.0
000300.SH,2023-10-26,3514.14,3484.78,3515.57,3478.05,3504.46,9.6872,0.2764,105144000.0,176088000.0
000300.SH,2023-10-27,3562.39,3501.17,3576.59,3494.55,3514.14,48.2403,1.3727,120225000.0,224302000.0
000300.SH,2023-10-30,3583.77,3554.11,3592.72,3554.02,3562.39,21.3867,0.6003,144010000.0,242973000.0
000300.SH,2023-10-31,3572.51,3581.68,3581.68,3554.58,3583.77,-11.2662,-0.3144,112587000.0,196318000.0
000300.SH,2023-11-01,3571.03,3605.76,3606.41,3564.64,3572.51,-1.4788,-0.0414,97645500.0,182944000.0
000300.SH,2023-11-02,3554.19,3580.07,3597.17,3553.74,3571.03,-16.8379,-0.4715,90359600.0,149465000.0
000300.SH,2023-11-03,3584.14,3558.53,3596.1,3558.53,3554.19,29.9475,0.8426,97542100.0,165866000.0
000300.SH,2023-11-06,3632.61,3608.32,3635.79,3600.63,3584.14,48.472,1.3524,152982000.0,254466000.0
000300.SH,2023-11-07,3619.76,3623.78,3628.46,3606.3,3632.61,-12.8491,-0.3537,110289000.0,190434000.0
000300.SH,2023-11-08,3611.07,3610.64,3627.05,3591.82,3619.76,-8.687,-0.24,110594000.0,192594000.0
000300.SH,2023-11-09,3612.83,3603.11,3624.41,3601.37,3611.07,1.754,0.0486,111872000.0,189355000.0
000300.SH,2023-11-10,3586.49,3596.07,3599.45,3576.1,3612.83,-26.337,-0.729,102107000.0,166925000.0
000300.SH,2023-11-13,3579.41,3593.91,3599.39,3562.77,3586.49,-7.0752,-0.1973,96707600.0,164821000.0
000300.SH,2023-11-14,3582.06,3581.1,3600.15,3568.88,3579.41,2.6443,0.0739,100884000.0,165935000.0
000300.SH,2023-11-15,3607.25,3616.88,3620.6,3596.92,3582.06,25.187,0.7031,104929000.0,188932000.0
000300.SH,2023-11-16,3572.36,3600.98,3605.29,3572.36,3607.25,-34.8813,-0.967,87464800.0,146629000.0
000300.SH,2023-11-17,3568.07,3561.31,3573.68,3547.03,3572.36,-4.2956,-0.1202,87319200.0,139622000.0
000300.SH,2023-11-20,3576.32,3569.73,3586.97,3545.1,3568.07,8.2548,0.2314,91080400.0,157450000.0
000300.SH,2023-11-21,3581.07,3587.88,3615.06,3575.68,3576.32,4.7441,0.1327,108594000.0,175922000.0
000300.SH,2023-11-22,3544.42,3569.44,3574.38,3544.42,3581.07,-36.6512,-1.0235,84784400.0,136041000.0
000300.SH,2023-11-23,3561.52,3541.44,3562.07,3529.94,3544.42,17.1042,0.4826,84800200.0,141500000.0
000300.SH,2023-11-24,3538.01,3560.65,3560.65,3534.0,3561.52,-23.5117,-0.6602,85018400.0,140102000.0
000300.SH,2023-11-27,3511.94,3534.44,3534.44,3492.86,3538.01,-26.0663,-0.7368,99102300.0,155975000.0
000300.SH,2023-11-28,3518.52,3510.66,3521.05,3501.11,3511.94,6.5808,0.1874,89335800.0,147741000.0
000300.SH,2023-11-29,3488.31,3518.88,3519.2,3482.24,3518.52,-30.2159,-0.8588,98841400.0,155948000.0
000300.SH,2023-11-30,3496.2,3485.52,3505.13,3481.45,3488.31,7.8955,0.2263,101351000.0,153790000.0
000300.SH,2023-12-01,3482.88,3494.22,3494.22,3452.17,3496.2,-13.3215,-0.381,108531000.0,176078000.0
000300.SH,2023-12-04,3460.14,3481.04,3488.13,3459.61,3482.88,-22.7433,-0.653,97156800.0,164664000.0
000300.SH,2023-12-05,3394.26,3450.09,3450.09,3393.81,3460.14,-65.8809,-1.904,100472000.0,164841000.0
000300.SH,2023-12-06,3399.6,3387.88,3420.28,3382.95,3394.26,5.3409,0.1574,105806000.0,172143000.0
000300.SH,2023-12-07,3391.28,3394.31,3404.41,3369.77,3399.6,-8.3157,-0.2446,97713200.0,160950000.0
000300.SH,2023-12-08,3399.46,3391.86,3409.38,3383.45,3391.28,8.1795,0.2412,129522000.0,203034000.0
000300.SH,2023-12-11,3419.45,3378.05,3426.61,3346.89,3399.46,19.993,0.5881,139626000.0,219761000.0
000300.SH,2023-12-12,3426.8,3410.0,3427.55,3406.1,3419.45,7.3482,0.2149,105590000.0,166980000.0
000300.SH,2023-12-13,3369.6,3418.64,3418.64,3369.6,3426.8,-57.198,-1.6691,95285400.0,165456000.0
000300.SH,2023-12-14,3351.96,3387.38,3399.14,3350.76,3369.6,-17.6411,-0.5235,83655100.0,150246000.0
000300.SH,2023-12-15,3341.55,3365.94,3388.5,3339.52,3351.96,-10.4122,-0.3106,97787800.0,164907000.0
000300.SH,2023-12-18,3329.37,3329.19,3352.35,3314.91,3341.55,-12.186,-0.3647,90526800.0,142303000.0
000300.SH,2023-12-19,3334.04,3325.66,3345.78,3313.19,3329.37,4.6755,0.1404,83808100.0,135294000.0
000300.SH,2023-12-20,3297.5,3334.33,3338.54,3297.37,3334.04,-36.539,-1.0959,92412900.0,141291000.0
000300.SH,2023-12-21,3330.87,3285.6,3339.36,3283.99,3297.5,33.3676,1.0119,102546000.0,171121000.0
000300.SH,2023-12-22,3337.23,3329.47,3359.06,3315.9,3330.87,6.3583,0.1909,105220000.0,167336000.0
000300.SH,2023-12-25,3347.45,3330.33,3348.88,3330.33,3337.23,10.2227,0.3063,74542700.0,121838000.0
000300.SH,2023-12-26,3324.79,3345.4,3345.42,3315.94,3347.45,-22.6606,-0.677,74732900.0,121690000.0
000300.SH,2023-12-27,3336.36,3326.93,3341.27,3309.67,3324.79,11.567,0.3479,94403900.0,140925000.0
000300.SH,2023-12-28,3414.54,3335.56,3423.4,3331.21,3336.36,78.1831,2.3434,148065000.0,245856000.0
000300.SH,2023-12-29,3431.11,3411.11,3432.54,3409.58,3414.54,16.5696,0.4853,114929000.0,193573000.0
000300.SH,2024-01-02,3386.35,3426.27,3426.27,3386.35,3431.11,-44.7577,-1.3045,116181000.0,184096000.0
000300.SH,2024-01-03,3378.3,3379.75,3392.85,3362.66,3386.35,-8.0551,-0.2379,105614000.0,165099000.0
000300.SH,2024-01-04,3347.05,3375.02,3375.02,3323.86,3378.3,-31.2452,-0.9249,106721000.0,165512000.0
000300.SH,2024-01-05,3329.11,3341.31,3372.54,3313.55,3347.05,-17.9405,-0.536,126401000.0,182252000.0
000300.SH,2024-01-08,3286.06,3322.6,3333.52,3283.34,3329.11,-43.055,-1.2933,117429000.0,170762000.0
000300.SH,2024-01-09,3292.5,3286.71,3304.6,3273.84,3286.06,6.443,0.1961,109330000.0,172276000.0
000300.SH,2024-01-10,3277.13,3281.67,3312.92,3268.25,3292.5,-15.3704,-0.4668,94199400.0,159778000.0
000300.SH,2024-01-11,3295.67,3275.31,3311.11,3266.79,3277.13,18.5427,0.5658,108790000.0,180979000.0
000300.SH,2024-01-12,3284.17,3284.36,3310.47,3279.7,3295.67,-11.505,-0.3491,96853600.0,156536000.0
000300.SH,2024-01-15,3280.92,3270.1,3306.92,3261.27,3284.17,-3.2472,-0.0989,88851500.0,144332000.0
000300.SH,2024-01-16,3300.88,3272.57,3300.88,3260.44,3280.92,19.9567,0.6083,113277000.0,175651000.0
000300.SH,2024-01-17,3229.08,3291.14,3291.14,3229.08,3300.88,-71.7942,-2.175,108770000.0,173516000.0
000300.SH,2024-01-18,3274.73,3214.28,3279.25,3171.63,3229.08,45.6466,1.4136,174909000.0,256785000.0
000300.SH,2024-01-19,3269.78,3261.24,3286.94,3251.81,3274.73,-4.9523,-0.1512,118501000.0,191262000.0
000300.SH,2024-01-22,3218.9,3262.47,3281.42,3193.18,3269.78,-50.8747,-1.5559,148706000.0,225510000.0
000300.SH,2024-01-23,3231.93,3208.43,3249.53,3188.13,3218.9,13.0313,0.4048,122012000.0,193791000.0
000300.SH,2024-01-24,3277.11,3245.96,3281.49,3190.47,3231.93,45.176,1.3978,154372000.0,219036000.0
000300.SH,2024-01-25,3342.92,3274.34,3344.24,3269.79,3277.11,65.81,2.0082,196834000.0,265521000.0
000300.SH,2024-01-26,3333.82,3326.65,3351.97,3315.13,3342.92,-9.0976,-0.2721,180664000.0,238145000.0
000300.SH,2024-01-29,3303.96,3335.39,3351.37,3303.96,3333.82,-29.8609,-0.8957,184165000.0,244698000.0
000300.SH,2024-01-30,3245.04,3283.9,3300.2,3244.97,3303.96,-58.9217,-1.7834,143649000.0,199593000.0
000300.SH,2024-01-31,3215.35,3231.54,3252.15,3201.93,3245.04,-29.6869,-0.9148,153143000.0,215333000.0
000300.SH,2024-02-01,3217.71,3202.26,3251.76,3191.9,3215.35,2.3591,0.0734,145517000.0,203815000.0
000300.SH,2024-02-02,3179.63,3219.87,3235.41,3108.35,3217.71,-38.0833,-1.1836,173758000.0,234495000.0
000300.SH,2024-02-05,3200.42,3164.25,3233.85,3111.52,3179.63,20.7942,0.654,203043000.0,279713000.0
000300.SH,2024-02-06,3311.69,3185.25,3314.51,3182.82,3200.42,111.27,3.4767,202713000.0,285042000.0
000300.SH,2024-02-07,3343.63,3314.03,3343.63,3289.67,3311.69,31.9381,0.9644,216648000.0,297998000.0
000300.SH,2024-02-08,3364.93,3351.41,3367.21,3336.98,3343.63,21.2994,0.637,189978000.0,270240000.0
000300.SH,2024-02-19,3403.81,3393.19,3403.81,3364.14,3364.93,38.8781,1.1554,183320000.0,267674000.0
000300.SH,2024-02-20,3410.85,3395.19,3415.89,3380.1,3403.81,7.0464,0.207,140735000.0,218459000.0
000300.SH,2024-02-21,3456.87,3390.36,3500.13,3383.69,3410.85,46.0171,1.3491,188879000.0,291824000.0
000300.SH,2024-02-22,3486.67,3450.35,3486.68,3448.41,3456.87,29.8034,0.8621,141021000.0,225098000.0
000300.SH,2024-02-23,3489.74,3491.34,3507.56,3472.97,3486.67,3.0669,0.088,144821000.0,232926000.0
000300.SH,2024-02-26,3453.36,3485.54,3492.61,3445.39,3489.74,-36.3831,-1.0426,151248000.0,238952000.0
000300.SH,2024-02-27,3494.79,3440.05,3494.79,3437.44,3453.36,41.4289,1.1997,139528000.0,244489000.0
000300.SH,2024-02-28,3450.26,3499.83,3521.66,3450.26,3494.79,-44.5276,-1.2741,189838000.0,328301000.0
000300.SH,2024-02-29,3516.08,3437.9,3516.08,3437.9,3450.26,65.8228,1.9078,155945000.0,281972000.0
000300.SH,2024-03-01,3537.8,3515.06,3544.36,3503.46,3516.08,21.7212,0.6178,162710000.0,288576000.0
000300.SH,2024-03-04,3540.87,3538.37,3548.69,3519.76,3537.8,3.0648,0.0866,163245000.0,297720000.0
000300.SH,2024-03-05,3565.51,3524.96,3570.69,3519.08,3540.87,24.6457,0.696,166422000.0,299896000.0
000300.SH,2024-03-06,3551.05,3556.53,3577.39,3545.1,3565.51,-14.4662,-0.4057,143077000.0,248294000.0
000300.SH,2024-03-07,3529.72,3548.1,3569.92,3522.9,3551.05,-21.3286,-0.6006,148111000.0,251840000.0
000300.SH,2024-03-08,3544.91,3529.55,3548.51,3511.58,3529.72,15.1904,0.4304,125793000.0,225379000.0
000300.SH,2024-03-11,3589.26,3545.94,3589.26,3542.28,3544.91,44.3536,1.2512,148203000.0,286419000.0
000300.SH,2024-03-12,3597.49,3592.58,3605.7,3574.21,3589.26,8.2304,0.2293,180686000.0,339997000.0
000300.SH,2024-03-13,3572.36,3594.42,3594.42,3563.37,3597.49,-25.1329,-0.6986,144591000.0,266899000.0
000300.SH,2024-03-14,3562.22,3571.79,3597.46,3545.61,3572.36,-10.1381,-0.2838,140963000.0,263804000.0
000300.SH,2024-03-15,3569.99,3554.91,3572.81,3533.68,3562.22,7.7701,0.2181,138316000.0,243992000.0
000300.SH,2024-03-18,3603.53,3577.06,3604.05,3573.4,3569.99,33.535,0.9394,160379000.0,295315000.0
000300.SH,2024-03-19,3577.63,3593.34,3610.74,3577.19,3603.53,-25.8977,-0.7187,145572000.0,259553000.0
000300.SH,2024-03-20,3585.38,3568.72,3589.55,3568.43,3577.63,7.7535,0.2167,129529000.0,223752000.0
000300.SH,2024-03-21,3581.09,3593.07,3601.11,3575.03,3585.38,-4.2936,-0.1198,130743000.0,233162000.0
000300.SH,2024-03-22,3545.0,3571.27,3575.72,3522.84,3581.09,-36.0879,-1.0077,139227000.0,248851000.0
000300.SH,2024-03-25,3525.76,3536.71,3564.96,3525.76,3545.0,-19.2389,-0.5427,137016000.0,233747000.0
000300.SH,2024-03-26,3543.75,3526.68,3547.65,3518.6,3525.76,17.9833,0.5101,126210000.0,226731000.0
000300.SH,2024-03-27,3502.79,3538.72,3542.96,3502.79,3543.75,-40.9601,-1.1558,128627000.0,216405000.0
000300.SH,2024-03-28,3520.96,3498.48,3551.21,3489.39,3502.79,18.1782,0.519,143335000.0,232531000.0
000300.SH,2024-03-29,3537.48,3516.88,3538.24,3516.88,3520.96,16.5195,0.4692,128643000.0,201749000.0
000300.SH,2024-04-01,3595.65,3551.58,3600.92,3551.58,3537.48,58.1623,1.6442,162777000.0,251637000.0
000300.SH,2024-04-02,3580.68,3593.22,3596.19,3568.75,3595.65,-14.9707,-0.4164,141273000.0,220208000.0
000300.SH,2024-04-03,3567.8,3578.68,3582.43,3558.87,3580.68,-12.8728,-0.3595,135592000.0,214223000.0
000300.SH,2024-04-08,3536.41,3553.56,3567.82,3535.77,3567.8,-31.3954,-0.88,155304000.0,243249000.0
000300.SH,2024-04-09,3533.49,3533.39,3543.71,3518.86,3536.41,-2.9206,-0.0826,129671000.0,195894000.0
000300.SH,2024-04-10,3504.71,3528.97,3531.23,3490.05,3533.49,-28.7785,-0.8145,128790000.0,199755000.0
000300.SH,2024-04-11,3504.24,3485.03,3520.59,3484.93,3504.71,-0.4639,-0.0132,126534000.0,200293000.0
000300.SH,2024-04-12,3475.84,3505.75,3516.7,3470.06,3504.24,-28.4058,-0.8106,128921000.0,208566000.0
000300.SH,2024-04-15,3549.08,3473.5,3552.41,3473.5,3475.84,73.237,2.107,183941000.0,267472000.0
000300.SH,2024-04-16,3511.11,3533.36,3545.5,3503.62,3549.08,-37.9613,-1.0696,176153000.0,253316000.0
000300.SH,2024-04-17,3565.4,3509.13,3565.94,3498.03,3511.11,54.2884,1.5462,168466000.0,244988000.0
000300.SH,2024-04-18,3569.8,3550.56,3602.79,3547.6,3565.4,4.3988,0.1234,178574000.0,261330000.0
000300.SH,2024-04-19,3541.66,3550.61,3560.95,3529.32,3569.8,-28.1399,-0.7883,147282000.0,226230000.0
000300.SH,2024-04-22,3530.9,3536.18,3558.16,3528.02,3541.66,-10.7574,-0.3037,150579000.0,229511000.0
000300.SH,2024-04-23,3506.22,3525.67,3533.76,3499.98,3530.9,-24.6796,-0.699,143114000.0,213257000.0
000300.SH,2024-04-24,3521.62,3514.01,3524.54,3495.65,3506.22,15.397,0.4391,121740000.0,195300000.0
000300.SH,2024-04-25,3530.28,3510.64,3543.97,3505.2,3521.62,8.6594,0.2459,115188000.0,184525000.0
000300.SH,2024-04-26,3584.27,3531.96,3588.4,3531.96,3530.28,53.9873,1.5293,197216000.0,308045000.0
000300.SH,2024-04-29,3623.91,3584.54,3645.82,3578.76,3584.27,39.6438,1.106,222721000.0,358710000.0
000300.SH,2024-04-30,3604.39,3619.26,3630.71,3604.39,3623.91,-19.5181,-0.5386,191297000.0,286674000.0
000300.SH,2024-05-06,3657.88,3654.05,3668.26,3645.74,3604.39,53.4824,1.4838,208018000.0,333270000.0
000300.SH,2024-05-07,3659.01,3657.0,3665.68,3648.38,3657.88,1.1309,0.0309,164834000.0,247368000.0
000300.SH,2024-05-08,3630.22,3650.75,3650.94,3628.7,3659.01,-28.7843,-0.7867,130035000.0,199923000.0
000300.SH,2024-05-09,3664.56,3630.41,3669.76,3630.41,3630.22,34.3377,0.9459,146559000.0,232695000.0
000300.SH,2024-05-10,3666.28,3669.09,3674.61,3641.76,3664.56,1.7161,0.0468,150721000.0,233731000.0
000300.SH,2024-05-13,3664.69,3646.35,3673.62,3634.6,3666.28,-1.5864,-0.0433,157267000.0,249688000.0
000300.SH,2024-05-14,3657.05,3668.23,3675.78,3646.71,3664.69,-7.6453,-0.2086,133406000.0,214644000.0
000300.SH,2024-05-15,3626.06,3651.05,3656.53,3624.0,3657.05,-30.9895,-0.8474,123523000.0,191481000.0
000300.SH,2024-05-16,3640.36,3636.6,3657.48,3626.33,3626.06,14.3033,0.3945,154630000.0,240289000.0
000300.SH,2024-05-17,3677.97,3638.56,3677.97,3627.45,3640.36,37.6104,1.0332,164570000.0,247730000.0
000300.SH,2024-05-20,3690.96,3682.06,3703.03,3677.44,3677.97,12.9927,0.3533,184609000.0,279971000.0
000300.SH,2024-05-21,3676.16,3682.29,3684.61,3665.15,3690.96,-14.8012,-0.401,130678000.0,196575000.0
000300.SH,2024-05-22,3684.45,3675.65,3691.88,3667.09,3676.16,8.2899,0.2255,151915000.0,230839000.0
000300.SH,2024-05-23,3641.79,3672.84,3674.37,3633.51,3684.45,-42.6593,-1.1578,142573000.0,214205000.0
000300.SH,2024-05-24,3601.48,3630.83,3650.87,3599.67,3641.79,-40.3163,-1.107,124791000.0,195345000.0
000300.SH,2024-05-27,3635.71,3606.65,3638.15,3603.71,3601.48,34.2325,0.9505,131273000.0,206144000.0
000300.SH,2024-05-28,3609.17,3633.25,3638.97,3605.92,3635.71,-26.5355,-0.7299,123532000.0,184381000.0
000300.SH,2024-05-29,3613.52,3609.07,3633.2,3602.82,3609.17,4.3499,0.1205,115906000.0,179073000.0
000300.SH,2024-05-30,3594.31,3607.05,3624.04,3586.75,3613.52,-19.2102,-0.5316,122603000.0,193070000.0
000300.SH,2024-05-31,3579.92,3599.82,3614.64,3579.92,3594.31,-14.3874,-0.4003,112462000.0,180708000.0
000300.SH,2024-06-03,3588.75,3577.38,3600.6,3567.87,3579.92,8.8236,0.2465,141055000.0,222757000.0
000300.SH,2024-06-04,3615.67,3583.81,3622.5,3580.28,3588.75,26.9231,0.7502,124545000.0,195791000.0
000300.SH,2024-06-05,3594.79,3610.36,3623.32,3594.11,3615.67,-20.8778,-0.5774,110907000.0,182640000.0
000300.SH,2024-06-06,3592.25,3602.16,3625.01,3584.17,3594.79,-2.5482,-0.0709,137894000.0,226764000.0
000300.SH,2024-06-07,3574.11,3594.63,3603.07,3552.09,3592.25,-18.1311,-0.5047,131103000.0,213002000.0
000300.SH,2024-06-11,3542.88,3555.82,3565.31,3525.89,3574.11,-31.2372,-0.874,134522000.0,219282000.0
000300.SH,2024-06-12,3544.12,3539.09,3551.17,3531.57,3542.88,1.2454,0.0352,122814000.0,200723000.0
000300.SH,2024-06-13,3526.13,3548.22,3551.08,3520.18,3544.12,-17.9919,-0.5077,123245000.0,214792000.0
000300.SH,2024-06-14,3541.53,3514.8,3547.15,3503.52,3526.13,15.4025,0.4368,171517000.0,283769000.0
000300.SH,2024-06-17,3536.2,3521.44,3540.79,3520.74,3541.53,-5.3345,-0.1506,137433000.0,232294000.0
000300.SH,2024-06-18,3545.59,3533.49,3551.71,3532.78,3536.2,9.3916,0.2656,123672000.0,208824000.0
000300.SH,2024-06-19,3528.75,3543.36,3543.36,3524.84,3545.59,-16.8412,-0.475,106643000.0,184790000.0
000300.SH,2024-06-20,3503.28,3525.17,3533.99,3500.13,3528.75,-25.4673,-0.7217,111617000.0,186516000.0
000300.SH,2024-06-21,3495.62,3496.34,3505.51,3473.83,3503.28,-7.6619,-0.2187,109187000.0,182737000.0
000300.SH,2024-06-24,3476.81,3473.64,3505.78,3471.22,3495.62,-18.8096,-0.5381,117990000.0,195788000.0
000300.SH,2024-06-25,3457.9,3475.16,3483.22,3440.65,3476.81,-18.9079,-0.5438,118448000.0,190886000.0
000300.SH,2024-06-26,3480.26,3451.54,3487.4,3442.3,3457.9,22.3625,0.6467,105899000.0,171538000.0
000300.SH,2024-06-27,3454.12,3467.29,3471.14,3452.58,3480.26,-26.1473,-0.7513,114918000.0,174113000.0
000300.SH,2024-06-28,3461.66,3443.67,3484.68,3443.67,3454.12,7.5395,0.2183,135409000.0,205119000.0
000300.SH,2024-07-01,3478.18,3458.26,3479.95,3443.81,3461.66,16.5257,0.4774,121830000.0,188018000.0
000300.SH,2024-07-02,3471.79,3472.45,3488.32,3464.52,3478.18,-6.397,-0.1839,121650000.0,186105000.0
000300.SH,2024-07-03,3463.41,3471.56,3478.7,3454.99,3471.79,-8.3716,-0.2411,103857000.0,163035000.0
000300.SH,2024-07-04,3445.81,3468.3,3483.31,3444.93,3463.41,-17.6013,-0.5082,104430000.0,159477000.0
000300.SH,2024-07-05,3431.06,3443.36,3451.04,3399.67,3445.81,-14.7523,-0.4281,116610000.0,181417000.0
000300.SH,2024-07-08,3401.76,3420.8,3428.04,3395.91,3431.06,-29.3001,-0.854,115528000.0,177560000.0
000300.SH,2024-07-09,3439.81,3396.8,3448.93,3384.81,3401.76,38.0507,1.1186,131629000.0,215049000.0
000300.SH,2024-07-10,3428.97,3425.88,3447.5,3423.65,3439.81,-10.8454,-0.3153,127203000.0,198149000.0
000300.SH,2024-07-11,3468.17,3451.04,3473.98,3438.12,3428.97,39.2033,1.1433,145892000.0,237551000.0
000300.SH,2024-07-12,3472.4,3459.96,3479.1,3457.36,3468.17,4.2324,0.122,130875000.0,205056000.0
000300.SH,2024-07-15,3476.25,3462.61,3481.46,3460.79,3472.4,3.8453,0.1107,118517000.0,171585000.0
000300.SH,2024-07-16,3498.28,3466.85,3500.29,3464.37,3476.25,22.036,0.6339,120659000.0,200456000.0
000300.SH,2024-07-17,3501.58,3494.21,3514.48,3486.22,3498.28,3.3009,0.0944,131802000.0,222831000.0
000300.SH,2024-07-18,3520.93,3483.3,3522.8,3475.72,3501.58,19.3474,0.5525,123768000.0,215784000.0
000300.SH,2024-07-19,3539.02,3500.81,3545.34,3493.07,3520.93,18.0846,0.5136,132448000.0,228065000.0
000300.SH,2024-07-22,3514.92,3538.4,3540.19,3494.01,3539.02,-24.0907,-0.6807,132126000.0,217457000.0
000300.SH,2024-07-23,3439.88,3509.79,3509.79,3439.88,3514.92,-75.047,-2.1351,128898000.0,202858000.0
000300.SH,2024-07-24,3418.17,3432.35,3451.42,3408.41,3439.88,-21.7116,-0.6312,127036000.0,184884000.0
000300.SH,2024-07-25,3399.27,3404.61,3415.86,3383.8,3418.17,-18.8947,-0.5528,131022000.0,190131000.0
000300.SH,2024-07-26,3409.29,3403.71,3420.82,3388.66,3399.27,10.0215,0.2948,124196000.0,187853000.0
000300.SH,2024-07-29,3390.74,3404.37,3408.5,3388.84,3409.29,-18.5511,-0.5441,109788000.0,166697000.0
000300.SH,2024-07-30,3369.38,3380.69,3380.69,3352.8,3390.74,-21.3599,-0.6299,104952000.0,165443000.0
000300.SH,2024-07-31,3442.08,3364.03,3445.0,3364.03,3369.38,72.7023,2.1577,171959000.0,258249000.0
000300.SH,2024-08-01,3419.27,3443.14,3448.34,3419.19,3442.08,-22.8178,-0.6629,136323000.0,206038000.0
000300.SH,2024-08-02,3384.39,3393.92,3419.1,3380.96,3419.27,-34.8747,-1.0199,116615000.0,179671000.0
000300.SH,2024-08-05,3343.32,3362.11,3409.03,3343.32,3384.39,-41.0714,-1.2136,142813000.0,223631000.0
000300.SH,2024-08-06,3342.98,3367.35,3376.8,3318.62,3343.32,-0.3416,-0.0102,119340000.0,181725000.0
000300.SH,2024-08-07,3341.49,3338.59,3362.38,3329.97,3342.98,-1.4899,-0.0446,95084400.0,145079000.0
000300.SH,2024-08-08,3342.94,3332.43,3364.79,3320.84,3341.49,1.4479,0.0433,92495700.0,149483000.0
000300.SH,2024-08-09,3331.63,3358.13,3366.67,3331.63,3342.94,-11.3095,-0.3383,91511600.0,142852000.0
000300.SH,2024-08-12,3325.86,3327.56,3338.08,3319.89,3331.63,-5.7629,-0.173,79938800.0,117545000.0
000300.SH,2024-08-13,3334.39,3328.01,3335.01,3310.19,3325.86,8.5258,0.2563,84489700.0,125259000.0
000300.SH,2024-08-14,3309.24,3332.79,3332.79,3309.1,3334.39,-25.1514,-0.7543,78742400.0,118182000.0
000300.SH,2024-08-15,3341.95,3301.45,3356.76,3297.97,3309.24,32.7141,0.9886,104766000.0,149249000.0
000300.SH,2024-08-16,3345.63,3342.03,3356.91,3335.62,3341.95,3.681,0.1101,96519100.0,135885000.0
000300.SH,2024-08-19,3356.97,3344.26,3375.96,3343.71,3345.63,11.3337,0.3388,105571000.0,143422000.0
000300.SH,2024-08-20,3332.7,3361.64,3362.33,3321.64,3356.97,-24.2643,-0.7228,101668000.0,137911000.0
000300.SH,2024-08-21,3321.64,3322.91,3339.44,3307.99,3332.7,-11.0684,-0.3321,89954800.0,130006000.0
000300.SH,2024-08-22,3313.14,3322.87,3327.7,3305.25,3321.64,-8.4993,-0.2559,100367000.0,147703000.0
000300.SH,2024-08-23,3327.19,3305.93,3336.24,3305.64,3313.14,14.0548,0.4242,89525800.0,132681000.0
000300.SH,2024-08-26,3324.22,3330.72,3336.53,3311.57,3327.19,-2.9674,-0.0892,93990800.0,139071000.0
000300.SH,2024-08-27,3305.33,3315.69,3320.57,3299.56,3324.22,-18.8893,-0.5682,95808200.0,129756000.0
000300.SH,2024-08-28,3286.5,3298.91,3305.35,3274.59,3305.33,-18.8382,-0.5699,92696600.0,135982000.0
000300.SH,2024-08-29,3277.68,3273.54,3290.79,3269.53,3286.5,-8.8144,-0.2682,130702000.0,174340000.0
000300.SH,2024-08-30,3321.43,3273.75,3351.63,3273.65,3277.68,43.7511,1.3348,188695000.0,268376000.0
000300.SH,2024-09-02,3265.01,3307.54,3307.76,3264.76,3321.43,-56.4213,-1.6987,147612000.0,194410000.0
000300.SH,2024-09-03,3273.43,3261.74,3281.59,3261.19,3265.01,8.4172,0.2578,122897000.0,155089000.0
000300.SH,2024-09-04,3252.16,3253.9,3272.99,3249.98,3273.43,-21.2633,-0.6496,104832000.0,140070000.0
000300.SH,2024-09-05,3257.76,3252.96,3266.88,3247.17,3252.16,5.5929,0.172,97109400.0,134618000.0
000300.SH,2024-09-06,3231.35,3261.15,3274.81,3231.07,3257.76,-26.4121,-0.8107,88400400.0,121542000.0
000300.SH,2024-09-09,3192.95,3214.8,3222.93,3180.93,3231.35,-38.3941,-1.1882,108673000.0,146516000.0
000300.SH,2024-09-10,3195.76,3193.46,3205.1,3171.79,3192.95,2.8036,0.0878,97290100.0,133610000.0
000300.SH,2024-09-11,3186.13,3187.05,3197.34,3174.03,3195.76,-9.6253,-0.3012,102482000.0,141514000.0
000300.SH,2024-09-12,3172.47,3189.43,3201.55,3171.88,3186.13,-13.6552,-0.4286,92868700.0,136387000.0
000300.SH,2024-09-13,3159.25,3174.03,3188.91,3159.25,3172.47,-13.2277,-0.417,88336700.0,137449000.0
000300.SH,2024-09-18,3171.01,3158.82,3179.9,3145.79,3159.25,11.7632,0.3723,84722800.0,123452000.0
000300.SH,2024-09-19,3196.04,3178.4,3213.84,3149.79,3171.01,25.0255,0.7892,125439000.0,181785000.0
000300.SH,2024-09-20,3201.05,3192.43,3207.99,3173.22,3196.04,5.014,0.1569,118064000.0,163985000.0
000300.SH,2024-09-23,3212.76,3200.87,3230.16,3198.02,3201.05,11.7142,0.3659,95344900.0,143876000.0
000300.SH,2024-09-24,3351.91,3244.65,3351.97,3222.49,3212.76,139.145,4.331,204072000.0,307880000.0
000300.SH,2024-09-25,3401.53,3403.7,3465.49,3393.44,3351.91,49.624,1.4805,241564000.0,356863000.0
000300.SH,2024-09-26,3545.32,3399.32,3545.32,3391.68,3401.53,143.787,4.2271,243134000.0,373984000.0
000300.SH,2024-09-27,3703.68,3617.92,3708.5,3596.58,3545.32,158.365,4.4669,265488000.0,466693000.0
000300.SH,2024-09-30,4017.85,3846.65,4038.7,3796.5,3703.68,314.17,8.4826,510218000.0,862529000.0
000300.SH,2024-10-08,4256.1,4450.37,4450.37,4094.35,4017.85,238.242,5.9296,589868000.0,1130390000.0
000300.SH,2024-10-09,3955.98,4168.84,4197.6,3942.51,4256.1,-300.112,-7.0514,482269000.0,1029030000.0
000300.SH,2024-10-10,3997.79,3979.61,4098.5,3912.77,3955.98,41.804,1.0567,395053000.0,717952000.0
000300.SH,2024-10-11,3887.17,3969.76,3978.24,3847.12,3997.79,-110.621,-2.7671,274097000.0,484998000.0
000300.SH,2024-10-14,3961.34,3915.22,3979.54,3868.78,3887.17,74.1754,1.9082,307579000.0,534077000.0
000300.SH,2024-10-15,3855.99,3942.53,3967.87,3855.99,3961.34,-105.348,-2.6594,242486000.0,434411000.0
000300.SH,2024-10-16,3831.59,3806.14,3877.75,3805.09,3855.99,-24.4059,-0.6329,218866000.0,377301000.0
000300.SH,2024-10-17,3788.22,3853.84,3882.07,3787.75,3831.59,-43.3673,-1.1318,212314000.0,369171000.0
000300.SH,2024-10-18,3925.23,3780.31,3998.21,3765.16,3788.22,137.012,3.6168,312959000.0,620674000.0
000300.SH,2024-10-21,3935.2,3946.9,3979.26,3896.17,3925.23,9.9634,0.2538,291186000.0,600110000.0
000300.SH,2024-10-22,3957.78,3923.74,3965.91,3917.52,3935.2,22.5781,0.5737,223433000.0,442882000.0
000300.SH,2024-10-23,3973.21,3955.32,4012.18,3939.1,3957.78,15.4334,0.39,245874000.0,469121000.0
000300.SH,2024-10-24,3928.83,3950.9,3957.98,3914.09,3973.21,-44.3755,-1.1169,174724000.0,340487000.0
000300.SH,2024-10-25,3956.42,3931.32,3992.89,3921.94,3928.83,27.5876,0.7022,210695000.0,412231000.0
000300.SH,2024-10-28,3964.16,3953.11,3964.16,3917.2,3956.42,7.7359,0.1955,216160000.0,390450000.0
000300.SH,2024-10-29,3924.65,3970.01,3991.31,3921.58,3964.16,-39.5079,-0.9966,217294000.0,429625000.0
000300.SH,2024-10-30,3889.45,3904.16,3926.06,3864.31,3924.65,-35.2003,-0.8969,219437000.0,385011000.0
000300.SH,2024-10-31,3891.04,3888.42,3923.9,3859.11,3889.45,1.5909,0.0409,300637000.0,515534000.0
000300.SH,2024-11-01,3890.02,3882.46,3933.22,3879.96,3891.04,-1.0193,-0.0262,307986000.0,476473000.0
000300.SH,2024-11-04,3944.76,3897.71,3944.76,3891.21,3890.02,54.7416,1.4072,229239000.0,381049000.0
000300.SH,2024-11-05,4044.57,3937.62,4046.7,3925.41,3944.76,99.8106,2.5302,316863000.0,580972000.0
000300.SH,2024-11-06,4024.28,4051.29,4091.7,4002.5,4044.57,-20.2894,-0.5016,335808000.0,639124000.0
000300.SH,2024-11-07,4145.7,3987.27,4146.15,3984.67,4024.28,121.412,3.017,341436000.0,658146000.0
000300.SH,2024-11-08,4104.05,4192.08,4200.91,4094.16,4145.7,-41.6482,-1.0046,332350000.0,688447000.0
000300.SH,2024-11-11,4131.13,4066.93,4132.51,4048.04,4104.05,27.0842,0.6599,289594000.0,625606000.0
000300.SH,2024-11-12,4085.74,4133.35,4181.71,4060.79,4131.13,-45.3882,-1.0987,297778000.0,660381000.0
000300.SH,2024-11-13,4110.89,4059.59,4121.07,4059.59,4085.74,25.1471,0.6155,240484000.0,512734000.0
000300.SH,2024-11-14,4039.62,4101.22,4118.17,4034.94,4110.89,-71.271,-1.7337,230153000.0,464158000.0
000300.SH,2024-11-15,3968.83,4025.65,4049.07,3968.83,4039.62,-70.7883,-1.7524,247399000.0,474080000.0
000300.SH,2024-11-18,3950.38,3982.1,4034.06,3931.19,3968.83,-18.4502,-0.4649,306778000.0,472408000.0
000300.SH,2024-11-19,3976.89,3954.6,3979.15,3896.75,3950.38,26.5106,0.6711,242946000.0,402611000.0
000300.SH,2024-11-20,3985.77,3966.12,4001.08,3958.34,3976.89,8.8815,0.2233,184599000.0,347578000.0
000300.SH,2024-11-21,3989.3,3979.46,3999.57,3966.07,3985.77,3.5252,0.0884,166126000.0,324235000.0
000300.SH,2024-11-22,3865.7,3984.24,3990.26,3865.7,3989.3,-123.599,-3.0983,216286000.0,397567000.0
000300.SH,2024-11-25,3848.09,3875.61,3889.71,3812.32,3865.7,-17.608,-0.4555,190703000.0,349007000.0
000300.SH,2024-11-26,3840.18,3836.26,3875.23,3833.28,3848.09,-7.9062,-0.2055,149892000.0,264403000.0
000300.SH,2024-11-27,3907.04,3829.34,3907.16,3817.91,3840.18,66.86,1.7411,174136000.0,320632000.0
000300.SH,2024-11-28,3872.55,3904.25,3908.39,3866.01,3907.04,-34.4942,-0.8829,150117000.0,286433000.0
000300.SH,2024-11-29,3916.58,3869.89,3962.7,3869.89,3872.55,44.0327,1.137,187657000.0,375262000.0
000300.SH,2024-12-02,3947.63,3909.7,3955.13,3902.17,3916.58,31.0488,0.7928,197290000.0,368591000.0
000300.SH,2024-12-03,3951.89,3946.7,3963.95,3922.84,3947.63,4.2592,0.1079,182497000.0,327295000.0
000300.SH,2024-12-04,3930.56,3948.13,3957.36,3917.75,3951.89,-21.3344,-0.5399,174626000.0,312040000.0
000300.SH,2024-12-05,3921.59,3916.56,3936.34,3910.08,3930.56,-8.9687,-0.2282,138534000.0,257716000.0
000300.SH,2024-12-06,3973.14,3923.9,3995.12,3923.9,3921.59,51.5524,1.3146,192058000.0,351752000.0
000300.SH,2024-12-09,3966.57,3970.66,3995.51,3948.42,3973.14,-6.5697,-0.1654,175960000.0,308227000.0
000300.SH,2024-12-10,3995.64,4094.05,4098.38,3988.97,3966.57,29.0661,0.7328,253464000.0,487278000.0
000300.SH,2024-12-11,3988.83,3988.02,4005.33,3977.35,3995.64,-6.8061,-0.1703,177253000.0,310713000.0
000300.SH,2024-12-12,4028.5,3987.15,4031.74,3981.35,3988.83,39.674,0.9946,181622000.0,333668000.0
000300.SH,2024-12-13,3933.18,4000.99,4000.99,3931.74,4028.5,-95.324,-2.3662,230353000.0,421479000.0
000300.SH,2024-12-16,3911.84,3930.78,3938.76,3901.65,3933.18,-21.3392,-0.5425,178511000.0,327619000.0
000300.SH,2024-12-17,3922.03,3908.13,3955.95,3908.13,3911.84,10.1918,0.2605,160939000.0,306037000.0
000300.SH,2024-12-18,3941.89,3934.54,3956.14,3933.97,3922.03,19.8566,0.5063,157738000.0,276825000.0
000300.SH,2024-12-19,3945.46,3911.89,3954.35,3899.75,3941.89,3.5735,0.0907,161081000.0,321772000.0
000300.SH,2024-12-20,3927.74,3937.47,3958.63,3923.26,3945.46,-17.7194,-0.4491,154986000.0,332143000.0
000300.SH,2024-12-23,3933.57,3928.15,3965.85,3928.15,3927.74,5.8277,0.1484,190067000.0,354063000.0
000300.SH,2024-12-24,3983.69,3934.94,3985.86,3934.73,3933.57,50.1164,1.2741,161495000.0,310385000.0
000300.SH,2024-12-25,3985.63,3987.96,4007.76,3969.48,3983.69,1.9409,0.0487,159391000.0,299295000.0
000300.SH,2024-12-26,3987.48,3981.73,3991.53,3965.55,3985.63,1.851,0.0464,143425000.0,305770000.0
000300.SH,2024-12-27,3981.03,3987.02,4007.13,3970.94,3987.48,-6.4494,-0.1617,169269000.0,345011000.0
000300.SH,2024-12-30,3999.05,3976.7,4005.78,3976.7,3981.03,18.0242,0.4528,164612000.0,322699000.0
000300.SH,2024-12-31,3934.91,3995.87,4004.35,3934.91,3999.05,-64.144,-1.604,183928000.0,347880000.0
000300.SH,2025-01-02,3820.4,3931.82,3934.2,3796.34,3934.91,-114.516,-2.9102,217899000.0,388637000.0
000300.SH,2025-01-03,3775.16,3825.24,3835.94,3767.67,3820.4,-45.2304,-1.1839,175343000.0,304323000.0
000300.SH,2025-01-06,3768.97,3775.99,3788.85,3743.07,3775.16,-6.1951,-0.1641,150947000.0,262804000.0
000300.SH,2025-01-07,3796.11,3760.87,3797.6,3749.06,3768.97,27.1358,0.72,146456000.0,266856000.0
000300.SH,2025-01-08,3789.22,3781.26,3810.74,3731.19,3796.11,-6.8902,-0.1815,169167000.0,300966000.0
000300.SH,2025-01-09,3779.88,3780.73,3795.26,3768.68,3789.22,-9.338,-0.2464,129794000.0,251486000.0
000300.SH,2025-01-10,3732.48,3778.89,3786.81,3732.48,3779.88,-47.3967,-1.2539,137523000.0,275354000.0
000300.SH,2025-01-13,3722.51,3704.44,3737.89,3704.11,3732.48,-9.9676,-0.2671,136446000.0,247862000.0
000300.SH,2025-01-14,3820.54,3728.56,3826.64,3718.88,3722.51,98.0265,2.6333,170665000.0,345461000.0
000300.SH,2025-01-15,3796.03,3810.04,3816.83,3790.17,3820.54,-24.5135,-0.6416,141476000.0,278851000.0
000300.SH,2025-01-16,3800.38,3812.19,3842.95,3776.29,3796.03,4.3576,0.1148,144506000.0,305735000.0
000300.SH,2025-01-17,3812.34,3788.37,3831.64,3780.21,3800.38,11.9593,0.3147,126622000.0,265437000.0
000300.SH,2025-01-20,3829.68,3835.3,3858.67,3821.98,3812.34,17.3335,0.4547,139581000.0,292175000.0
000300.SH,2025-01-21,3832.61,3850.36,3850.91,3817.12,3829.68,2.9381,0.0767,141218000.0,285073000.0
000300.SH,2025-01-22,3797.02,3823.94,3823.94,3783.14,3832.61,-35.5979,-0.9288,137255000.0,298746000.0
000300.SH,2025-01-23,3803.74,3829.05,3864.26,3801.85,3797.02,6.7273,0.1772,180570000.0,345198000.0
000300.SH,2025-01-24,3832.86,3793.85,3847.6,3793.48,3803.74,29.1198,0.7656,148972000.0,296474000.0
000300.SH,2025-01-27,3817.08,3836.96,3852.0,3817.08,3832.86,-15.7835,-0.4118,146671000.0,282940000.0
000300.SH,2025-02-05,3795.08,3844.7,3844.7,3785.16,3817.08,-21.9954,-0.5762,157168000.0,346016000.0
000300.SH,2025-02-06,3842.83,3789.61,3843.49,3788.32,3795.08,47.7466,1.2581,167288000.0,371892000.0
000300.SH,2025-02-07,3892.7,3844.06,3919.35,3833.87,3842.83,49.8714,1.2978,221858000.0,487382000.0
000300.SH,2025-02-10,3901.06,3898.1,3906.37,3878.83,3892.7,8.359,0.2147,188903000.0,384968000.0
000300.SH,2025-02-11,3883.14,3905.16,3905.16,3872.91,3901.06,-17.9266,-0.4595,166575000.0,337866000.0
000300.SH,2025-02-12,3919.86,3875.96,3920.72,3867.35,3883.14,36.7265,0.9458,164229000.0,354831000.0
000300.SH,2025-02-13,3905.14,3913.9,3939.2,3904.98,3919.86,-14.7219,-0.3756,172486000.0,376473000.0
000300.SH,2025-02-14,3939.01,3900.83,3942.04,3900.83,3905.14,33.8687,0.8673,172976000.0,360974000.0
000300.SH,2025-02-17,3947.4,3954.41,3955.9,3921.7,3939.01,8.3898,0.213,213588000.0,430930000.0
000300.SH,2025-02-18,3912.78,3942.58,3965.42,3901.87,3947.4,-34.6154,-0.8769,209425000.0,400186000.0
000300.SH,2025-02-19,3940.16,3906.22,3943.67,3904.15,3912.78,27.3773,0.6997,182830000.0,363680000.0
000300.SH,2025-02-20,3928.9,3934.65,3940.68,3916.18,3940.16,-11.2643,-0.2859,163895000.0,325972000.0
000300.SH,2025-02-21,3978.44,3938.05,3981.05,3927.79,3928.9,49.5481,1.2611,227400000.0,504646000.0
000300.SH,2025-02-24,3969.72,3972.48,3995.95,3949.23,3978.44,-8.7271,-0.2194,220811000.0,455089000.0
000300.SH,2025-02-25,3925.65,3933.64,3955.43,3915.65,3969.72,-44.0664,-1.1101,178109000.0,377981000.0
000300.SH,2025-02-26,3959.94,3931.84,3960.33,3925.37,3925.65,34.2908,0.8735,191062000.0,386458000.0
000300.SH,2025-02-27,3968.12,3961.06,3973.93,3933.46,3959.94,8.1746,0.2064,202888000.0,428273000.0
000300.SH,2025-02-28,3890.05,3950.19,3972.48,3886.4,3968.12,-78.0672,-1.9674,198104000.0,420308000.0
000300.SH,2025-03-03,3888.47,3899.7,3930.0,3872.59,3890.05,-1.5749,-0.0405,177623000.0,356058000.0
000300.SH,2025-03-04,3885.22,3865.99,3890.42,3855.73,3888.47,-3.253,-0.0837,149851000.0,297739000.0
000300.SH,2025-03-05,3902.57,3887.8,3906.42,3877.02,3885.22,17.3498,0.4466,158653000.0,290860000.0
000300.SH,2025-03-06,3956.24,3923.38,3964.49,3917.08,3902.57,53.6663,1.3752,193961000.0,397419000.0
000300.SH,2025-03-07,3944.01,3944.91,3967.07,3935.05,3956.24,-12.2226,-0.3089,166732000.0,340627000.0
000300.SH,2025-03-10,3928.8,3945.58,3949.14,3905.13,3944.01,-15.2125,-0.3857,152765000.0,292575000.0
000300.SH,2025-03-11,3941.42,3890.43,3941.42,3889.43,3928.8,12.6139,0.3211,144754000.0,287480000.0
000300.SH,2025-03-12,3927.23,3946.86,3953.61,3921.47,3941.42,-14.1842,-0.3599,156732000.0,309627000.0
000300.SH,2025-03-13,3911.58,3925.74,3939.29,3897.38,3927.23,-15.6522,-0.3986,156536000.0,295173000.0
000300.SH,2025-03-14,4006.56,3919.62,4014.16,3919.62,3911.58,94.9774,2.4281,216139000.0,450895000.0
000300.SH,2025-03-17,3996.79,4020.64,4021.73,3992.26,4006.56,-9.7691,-0.2438,162203000.0,318904000.0
000300.SH,2025-03-18,4007.72,4011.78,4016.87,3995.96,3996.79,10.9353,0.2736,140208000.0,292739000.0
000300.SH,2025-03-19,4010.17,4004.83,4025.3,3989.51,4007.72,2.4451,0.061,144419000.0,286075000.0
000300.SH,2025-03-20,3974.99,4011.06,4012.04,3969.93,4010.17,-35.1762,-0.8772,133755000.0,260021000.0
000300.SH,2025-03-21,3914.7,3966.51,3983.15,3904.77,3974.99,-60.2962,-1.5169,165905000.0,309349000.0
000300.SH,2025-03-24,3934.85,3916.11,3938.18,3907.2,3914.7,20.153,0.5148,152235000.0,266051000.0
000300.SH,2025-03-25,3932.3,3937.9,3946.36,3921.53,3934.85,-2.5535,-0.0649,140475000.0,239246000.0
000300.SH,2025-03-26,3919.36,3930.21,3942.03,3916.86,3932.3,-12.9385,-0.329,131164000.0,220943000.0
000300.SH,2025-03-27,3932.41,3911.38,3952.99,3903.65,3919.36,13.0551,0.3331,126794000.0,232174000.0
000300.SH,2025-03-28,3915.17,3930.78,3934.23,3907.38,3932.41,-17.2455,-0.4385,126356000.0,213379000.0
000300.SH,2025-03-31,3887.31,3905.98,3928.45,3872.4,3915.17,-27.8606,-0.7116,166799000.0,268480000.0
000300.SH,2025-04-01,3887.68,3892.78,3905.26,3882.4,3887.31,0.3785,0.0097,140380000.0,246042000.0
000300.SH,2025-04-02,3884.39,3884.42,3900.49,3877.16,3887.68,-3.2983,-0.0848,113043000.0,198268000.0
000300.SH,2025-04-03,3861.5,3843.42,3883.7,3843.42,3884.39,-22.8824,-0.5891,142600000.0,263685000.0
000300.SH,2025-04-07,3589.44,3675.2,3707.78,3514.12,3861.5,-272.063,-7.0455,312579000.0,512972000.0
000300.SH,2025-04-08,3650.76,3597.99,3650.76,3583.87,3589.44,61.3184,1.7083,280197000.0,464021000.0
000300.SH,2025-04-09,3686.79,3606.1,3686.79,3587.34,3650.76,36.0353,0.9871,262306000.0,455031000.0
000300.SH,2025-04-10,3735.11,3749.13,3756.14,3708.82,3686.79,48.3208,1.3106,227252000.0,403843000.0
000300.SH,2025-04-14,3759.14,3772.04,3776.63,3754.03,3750.52,8.6255,0.23,164462000.0,292571000.0
000300.SH,2025-04-15,3761.23,3756.48,3764.49,3737.85,3759.14,2.0926,0.0557,134006000.0,228605000.0
000300.SH,2025-04-16,3772.82,3757.88,3775.17,3721.6,3761.23,11.5856,0.308,156359000.0,261711000.0
000300.SH,2025-04-17,3772.22,3755.09,3779.13,3749.5,3772.82,-0.5983,-0.0159,122371000.0,209012000.0
000300.SH,2025-04-18,3772.52,3760.04,3782.04,3754.41,3772.22,0.3009,0.008,102949000.0,173109000.0
000300.SH,2025-04-21,3784.88,3768.14,3790.18,3763.14,3772.52,12.3576,0.3276,121356000.0,208086000.0
000300.SH,2025-04-22,3783.95,3780.11,3799.23,3778.08,3784.88,-0.9284,-0.0245,125688000.0,210201000.0
000300.SH,2025-04-23,3786.88,3803.43,3807.95,3780.52,3783.95,2.9302,0.0774,131987000.0,247117000.0
000300.SH,2025-04-24,3784.36,3787.46,3807.26,3775.21,3786.88,-2.525,-0.0667,117165000.0,205483000.0
000300.SH,2025-04-25,3786.99,3792.08,3801.58,3780.78,3784.36,2.6363,0.0697,124591000.0,220535000.0
000300.SH,2025-04-28,3781.62,3786.39,3792.01,3772.8,3786.99,-5.3749,-0.1419,125145000.0,210635000.0
000300.SH,2025-04-29,3775.08,3776.0,3785.32,3768.03,3781.62,-6.5421,-0.173,111515000.0,197463000.0
000300.SH,2025-04-30,3770.57,3775.83,3787.56,3768.76,3775.08,-4.5062,-0.1194,143682000.0,244820000.0
000300.SH,2025-05-06,3808.54,3794.38,3809.09,3782.78,3770.57,37.9719,1.0071,158520000.0,267937000.0
000300.SH,2025-05-07,3831.63,3861.58,3863.68,3814.99,3808.54,23.0846,0.6061,161172000.0,286011000.0
000300.SH,2025-05-08,3852.9,3820.55,3867.33,3816.26,3831.63,21.2693,0.5551,124960000.0,246987000.0
000300.SH,2025-05-09,3846.16,3848.62,3853.66,3836.53,3852.9,-6.7397,-0.1749,119390000.0,216698000.0
000300.SH,2025-05-12,3890.61,3866.53,3890.73,3859.03,3846.16,44.453,1.1558,153332000.0,296123000.0
000300.SH,2025-05-13,3896.26,3915.59,3915.59,3890.69,3890.61,5.6487,0.1452,147320000.0,267586000.0
000300.SH,2025-05-14,3943.21,3894.84,3960.52,3890.65,3896.26,46.9525,1.2051,172034000.0,319465000.0
000300.SH,2025-05-15,3907.2,3934.03,3936.47,3904.91,3943.21,-36.0116,-0.9133,138082000.0,241465000.0
000300.SH,2025-05-16,3889.09,3898.67,3903.85,3874.86,3907.2,-18.1138,-0.4636,118405000.0,208836000.0
000300.SH,2025-05-19,3877.15,3882.57,3885.59,3866.57,3889.09,-11.9401,-0.307,98643400.0,184888000.0
000300.SH,2025-05-20,3898.17,3883.1,3911.47,3881.74,3877.15,21.0252,0.5423,104885000.0,201637000.0
000300.SH,2025-05-21,3916.38,3899.44,3928.63,3899.44,3898.17,18.2102,0.4671,109791000.0,217038000.0
000300.SH,2025-05-22,3913.86,3912.6,3923.02,3903.09,3916.38,-2.5156,-0.0642,107597000.0,197511000.0
000300.SH,2025-05-23,3882.27,3910.37,3931.55,3882.27,3913.86,-31.591,-0.8072,120277000.0,232945000.0
000300.SH,2025-05-26,3860.11,3875.79,3884.54,3849.04,3882.27,-22.1674,-0.571,109601000.0,208877000.0
000300.SH,2025-05-27,3839.4,3857.63,3865.43,3834.85,3860.11,-20.7098,-0.5365,98572400.0,178467000.0
000300.SH,2025-05-28,3836.24,3843.07,3849.74,3833.96,3839.4,-3.1603,-0.0823,89031000.0,162496000.0
000300.SH,2025-05-29,3858.7,3838.01,3869.79,3831.46,3836.24,22.4632,0.5856,108472000.0,209460000.0
000300.SH,2025-05-30,3840.23,3850.49,3858.61,3829.25,3858.7,-18.4675,-0.4786,111672000.0,199390000.0
000300.SH,2025-06-03,3852.01,3833.46,3863.3,3832.72,3840.23,11.7804,0.3068,131403000.0,226783000.0
000300.SH,2025-06-04,3868.74,3855.49,3875.86,3855.49,3852.01,16.7302,0.4343,116804000.0,211736000.0
000300.SH,2025-06-05,3877.56,3872.64,3883.13,3861.27,3868.74,8.8128,0.2278,122878000.0,231749000.0
000300.SH,2025-06-06,3873.98,3878.1,3889.46,3869.39,3877.56,-3.5716,-0.0921,110988000.0,202035000.0
000300.SH,2025-06-09,3885.25,3877.8,3894.65,3871.99,3873.98,11.2618,0.2907,136306000.0,262024000.0
000300.SH,2025-06-10,3865.47,3887.55,3897.46,3850.47,3885.25,-19.7807,-0.5091,145564000.0,263648000.0
000300.SH,2025-06-11,3894.63,3870.67,3911.61,3870.67,3865.47,29.16,0.7544,142415000.0,257218000.0
000300.SH,2025-06-12,3892.2,3885.52,3900.04,3870.38,3894.63,-2.426,-0.0623,133999000.0,260240000.0
000300.SH,2025-06-13,3864.18,3881.49,3889.16,3853.82,3892.2,-28.017,-0.7198,172540000.0,309172000.0
000300.SH,2025-06-16,3873.8,3853.62,3876.17,3853.62,3864.18,9.6129,0.2488,137342000.0,246861000.0
000300.SH,2025-06-17,3870.38,3875.18,3880.42,3860.41,3873.8,-3.4165,-0.0882,122343000.0,220400000.0
000300.SH,2025-06-18,3874.97,3871.65,3881.35,3854.66,3870.38,4.5922,0.1186,127529000.0,230554000.0
000300.SH,2025-06-19,3843.09,3870.05,3872.94,3834.95,3874.97,-31.8796,-0.8227,130281000.0,234840000.0
000300.SH,2025-06-20,3846.64,3839.78,3856.48,3839.78,3843.09,3.5531,0.0925,118151000.0,213523000.0
000300.SH,2025-06-23,3857.9,3831.17,3867.59,3827.08,3846.64,11.2573,0.2927,133801000.0,232482000.0
000300.SH,2025-06-24,3904.03,3862.39,3914.16,3862.39,3857.9,46.1326,1.1958,163656000.0,294229000.0
000300.SH,2025-06-25,3960.07,3907.07,3963.04,3902.18,3904.03,56.032,1.4352,187214000.0,361727000.0
000300.SH,2025-06-26,3946.02,3953.16,3964.48,3945.26,3960.07,-14.0467,-0.3547,165316000.0,328103000.0
000300.SH,2025-06-27,3921.76,3949.79,3969.26,3918.2,3946.02,-24.2617,-0.6148,194558000.0,343468000.0
000300.SH,2025-07-01,3942.76,3935.91,3946.25,3924.72,3936.08,6.6829,0.1698,128959000.0,236070000.0
000300.SH,2025-07-02,3943.68,3943.32,3952.14,3929.7,3942.76,0.9229,0.0234,147063000.0,246638000.0
000300.SH,2025-07-04,3982.2,3967.46,4013.85,3958.38,3968.07,14.1358,0.3562,157197000.0,290513000.0
000300.SH,2025-07-07,3965.17,3977.29,3979.75,3956.57,3982.2,-17.0288,-0.4276,131135000.0,225107000.0
000300.SH,2025-07-08,3998.45,3965.43,4002.27,3965.43,3965.17,33.2781,0.8393,156403000.0,292090000.0
000300.SH,2025-07-09,3991.4,3997.5,4016.74,3987.43,3998.45,-7.0521,-0.1764,173294000.0,305399000.0
000300.SH,2025-07-10,4010.02,3993.42,4032.98,3992.52,3991.4,18.6237,0.4666,209779000.0,347837000.0
000300.SH,2025-07-11,4014.81,4011.47,4065.94,4010.11,4010.02,4.7827,0.1193,262053000.0,443781000.0
000300.SH,2025-07-14,4017.67,4021.21,4034.92,4017.67,4014.81,2.8608,0.0713,207917000.0,321416000.0
000300.SH,2025-07-15,4019.06,4023.99,4042.66,3994.26,4017.67,1.3966,0.0348,191043000.0,353525000.0
000300.SH,2025-07-16,4007.2,4019.39,4027.86,3993.92,4019.06,-11.8625,-0.2952,151027000.0,300657000.0
000300.SH,2025-07-17,4034.49,4005.07,4034.59,4005.07,4007.2,27.2891,0.681,161249000.0,325517000.0
000300.SH,2025-07-18,4058.55,4039.87,4064.64,4039.32,4034.49,24.0576,0.5963,186211000.0,354244000.0
000300.SH,2025-07-21,4085.61,4069.77,4086.12,4063.44,4058.55,27.0586,0.6667,223268000.0,377939000.0
000300.SH,2025-07-22,4118.96,4087.34,4119.2,4068.34,4085.61,33.351,0.8163,257597000.0,450874000.0
000300.SH,2025-07-28,4135.82,4128.2,4146.12,4112.97,4127.16,8.6608,0.2098,222760000.0,406793000.0
000300.SH,2025-07-29,4152.02,4132.68,4153.33,4117.58,4135.82,16.2005,0.3917,230808000.0,428764000.0
000300.SH,2025-08-04,4070.7,4037.94,4070.7,4037.94,4054.93,15.7737,0.389,162276000.0,295977000.0
000300.SH,2025-08-05,4103.45,4080.39,4106.3,4075.58,4070.7,32.7477,0.8045,178852000.0,306934000.0
000300.SH,2025-08-11,4122.51,4110.29,4134.25,4103.6,4104.97,17.5437,0.4274,190444000.0,360686000.0
000300.SH,2025-08-25,4469.22,4416.29,4472.65,4404.78,4378.0,91.224,2.0837,358090000.0,823682000.0
000300.SH,2025-08-26,4452.59,4453.35,4476.8,4435.53,4469.22,-16.6312,-0.3721,270621000.0,627950000.0
000300.SH,2025-08-27,4386.13,4458.84,4494.91,4386.13,4452.59,-66.4639,-1.4927,333134000.0,785098000.0
000300.SH,2025-09-01,4523.71,4516.88,4528.13,4487.53,4496.76,26.952,0.5994,320367000.0,770378000.0
000300.SH,2025-09-02,4490.45,4521.98,4548.89,4454.42,4523.71,-33.2583,-0.7352,303933000.0,777999000.0
000300.SH,2025-09-03,4459.83,4501.34,4510.73,4427.52,4490.45,-30.6232,-0.682,254320000.0,655697000.0
000300.SH,2025-09-15,4533.06,4534.89,4566.91,4522.5,4522.0,11.0577,0.2445,231886000.0,613315000.0
000300.SH,2025-09-16,4523.34,4539.92,4552.42,4494.79,4533.06,-9.719,-0.2144,249269000.0,613728000.0
000300.SH,2025-09-17,4551.02,4517.29,4556.03,4503.8,4523.34,27.6863,0.6121,235716000.0,608454000.0
000300.SH,2025-09-22,4522.61,4512.02,4523.87,4487.13,4501.92,20.6885,0.4595,196460000.0,563149000.0
000300.SH,2025-09-29,4620.05,4555.03,4647.57,4541.43,4550.05,70.0041,1.5385,274359000.0,693395000.0
000300.SH,2025-10-13,4593.98,4490.87,4601.81,4490.87,4616.83,-22.8556,-0.495,315010000.0,714002000.0
000300.SH,2025-10-14,4539.06,4634.05,4641.45,4520.93,4593.98,-54.9141,-1.1953,372954000.0,808959000.0
000300.SH,2025-10-15,4606.29,4544.24,4608.82,4526.83,4539.06,67.2235,1.481,284772000.0,607326000.0
