Instrument,Date,Open,Close,High,Low,Pre_Close,Change,Pct_Chg,Volume,AMount,Turnover_rate,Turnover_rate_f,Volume_ratio,Pe,Pe_ttm,Pb,Ps,Ps_ttm,Dv_ratio,Dv_ttm,Total_share,Float_share,Free_share,Total_mv,Circ_mv,Adj_factor,Up_limit,Down_limit,Mfd_inflow_vol_ratio,Mfd_large_amount_ratio,Mkt_class,Ind_class_l1,Ind_class_l2,List_date
000990.SZ,2010-01-05,18.1,18.75,18.9,17.88,18.36,0.39,2.12,92636.5,171545.0,3.5361,5.7887,1.24,202.603,256.983,3.5533,2.2128,1.984,0.3878,0.3878,29703.2,26197.4,16003.0,556936.0,491202.0,2.921,20.2,16.52,0.0000,0.07056789074590185,1,15,56,2000-07-06
000990.SZ,2010-01-06,18.7,18.47,18.74,18.24,18.75,-0.28,-1.49,66552.9,123212.0,2.5404,4.1588,0.84,199.577,253.145,3.5002,2.1798,1.9543,0.3937,0.3937,29703.2,26197.4,16003.0,548619.0,483867.0,2.921,20.63,16.88,0.0000,-0.06151312241847828,1,15,56,2000-07-06
000990.SZ,2010-01-07,18.37,18.18,18.65,18.03,18.47,-0.29,-1.57,51976.3,95395.7,1.984,3.2479,0.66,196.444,249.17,3.4452,2.1456,1.9237,0.4,0.4,29703.2,26197.4,16003.0,540005.0,476269.0,2.921,20.32,16.62,0.0000,0.018878271136659127,1,15,56,2000-07-06
000990.SZ,2010-01-08,18.16,17.6,18.16,17.17,18.18,-0.58,-3.19,69883.1,122212.0,2.6676,4.3669,0.96,190.176,241.221,3.3353,2.0771,1.8623,0.4132,0.4132,29703.2,26197.4,16003.0,522777.0,461075.0,2.921,20.0,16.36,0.0000,-0.2022427260548585,1,15,56,2000-07-06
000990.SZ,2010-01-11,17.71,17.45,17.8,16.95,17.6,-0.15,-0.85,55189.8,95444.5,2.1067,3.4487,0.76,188.556,239.165,3.3069,2.0594,1.8464,0.4167,0.4167,29703.2,26197.4,16003.0,518322.0,457145.0,2.921,19.36,15.84,0.0000,-0.03397860692099586,1,15,56,2000-07-06
000990.SZ,2010-01-12,17.44,17.86,18.09,17.16,17.45,0.41,2.35,33166.6,58831.8,1.266,2.0725,0.49,192.986,244.785,3.3846,2.1078,1.8898,0.4071,0.4071,29703.2,26197.4,16003.0,530500.0,467886.0,2.921,19.2,15.71,0.0000,0.21748780790577785,1,15,56,2000-07-06
000990.SZ,2010-01-13,17.64,17.41,18.36,17.23,17.86,-0.45,-2.52,36541.8,64641.4,1.3949,2.2834,0.66,188.123,238.617,3.2993,2.0547,1.8422,0.4177,0.4177,29703.2,26197.4,16003.0,517133.0,456097.0,2.921,19.65,16.07,0.0000,-0.07924604069550227,1,15,56,2000-07-06
000990.SZ,2010-01-14,17.42,17.9,18.3,17.42,17.41,0.49,2.81,40383.4,72703.9,1.5415,2.5235,0.82,193.418,245.333,3.3922,2.1125,1.894,0.4062,0.4062,29703.2,26197.4,16003.0,531688.0,468934.0,2.921,19.15,15.67,0.0000,0.04050796504355915,1,15,56,2000-07-06
000990.SZ,2010-01-15,17.9,18.18,18.39,17.9,17.9,0.28,1.56,36370.9,66188.4,1.3883,2.2728,0.77,196.444,249.17,3.4452,2.1456,1.9237,0.4,0.4,29703.2,26197.4,16003.0,540005.0,476269.0,2.921,19.69,16.11,0.0000,0.0709582563540434,1,15,56,2000-07-06
000990.SZ,2010-01-18,18.21,18.49,18.49,17.7,18.18,0.31,1.71,53529.8,97049.3,2.0433,3.345,1.33,199.793,253.419,3.504,2.1821,1.9565,0.3933,0.3933,29703.2,26197.4,16003.0,549213.0,484391.0,2.921,20.0,16.36,0.0000,0.21803546118369027,1,15,56,2000-07-06
000990.SZ,2010-01-19,18.5,18.0,18.54,17.82,18.49,-0.49,-2.65,35637.8,64283.1,1.3604,2.2269,0.89,194.499,246.703,3.4111,2.1243,1.9046,0.404,0.404,29703.2,26197.4,16003.0,534658.0,471554.0,2.921,20.34,16.64,0.0000,-0.31090241428138565,1,15,56,2000-07-06
000990.SZ,2010-01-20,18.0,16.2,18.15,16.2,18.0,-1.8,-10.0,91998.8,154490.0,3.5117,5.7488,2.27,175.049,222.033,3.07,1.9119,1.7142,0.4489,0.4489,29703.2,26197.4,16003.0,481192.0,424398.0,2.921,19.8,16.2,0.0000,-0.3682557179889778,1,15,56,2000-07-06
000990.SZ,2010-01-21,16.0,15.81,16.33,15.78,16.2,-0.39,-2.41,47613.6,76501.0,1.8175,2.9753,0.92,170.835,216.688,2.9961,1.8659,1.6729,0.4599,0.4599,29703.2,26197.4,16003.0,469608.0,414181.0,2.921,17.82,14.58,0.0000,-0.12158478345615636,1,15,56,2000-07-06
000990.SZ,2010-01-22,15.76,15.3,15.77,14.9,15.81,-0.51,-3.23,49632.8,75452.9,1.8946,3.1015,0.94,165.324,209.698,2.8995,1.8057,1.6189,0.4753,0.4753,29703.2,26197.4,16003.0,454460.0,400821.0,2.921,17.39,14.23,0.0000,-0.12012595239969635,1,15,56,2000-07-06
000990.SZ,2010-01-25,15.3,15.32,15.72,15.06,15.3,0.02,0.13,15341.2,23738.7,0.5856,0.9586,0.28,165.54,209.972,2.9032,1.808,1.621,0.4746,0.4746,29703.2,26197.4,16003.0,455054.0,401345.0,2.921,16.83,13.77,,,1,15,56,2000-07-06
000990.SZ,2010-01-26,15.53,14.54,15.88,14.35,15.32,-0.78,-5.09,47745.3,72473.6,1.8225,2.9835,0.99,157.112,199.281,2.7554,1.716,1.5385,0.5001,0.5001,29703.2,26197.4,16003.0,431885.0,380911.0,2.921,16.85,13.79,0.0000,-0.24206012683665423,1,15,56,2000-07-06
000990.SZ,2010-01-27,14.55,14.25,14.78,14.05,14.54,-0.29,-1.99,22139.3,31723.6,0.8451,1.3834,0.44,153.978,195.307,2.7005,1.6817,1.5078,0.5103,0.5103,29703.2,26197.4,16003.0,423271.0,373313.0,2.921,15.99,13.09,,,1,15,56,2000-07-06
000990.SZ,2010-01-28,14.25,14.79,14.85,14.15,14.25,0.54,3.79,36082.2,52969.9,1.3773,2.2547,0.99,159.813,202.708,2.8028,1.7455,1.565,0.4917,0.4917,29703.2,26197.4,16003.0,439311.0,387460.0,2.921,15.68,12.83,0.0000,0.18701903777730847,1,15,56,2000-07-06
000990.SZ,2010-01-29,14.79,15.23,15.35,14.6,14.79,0.44,2.98,26834.7,40713.6,1.0243,1.6769,0.78,164.567,208.738,2.8862,1.7974,1.6115,0.4775,0.4775,29703.2,26197.4,16003.0,452380.0,398987.0,2.921,16.27,13.31,,,1,15,56,2000-07-06
000990.SZ,2010-02-01,15.23,14.89,15.44,14.75,15.23,-0.34,-2.23,21709.5,32662.2,0.8287,1.3566,0.73,160.893,204.079,2.8218,1.7573,1.5755,0.4884,0.4884,29703.2,26197.4,16003.0,442281.0,390080.0,2.921,16.75,13.71,,,1,15,56,2000-07-06
000990.SZ,2010-02-02,14.91,14.99,15.2,14.91,14.89,0.1,0.67,39801.7,59822.4,1.5193,2.4871,1.29,161.974,205.449,2.8407,1.7691,1.5861,0.4851,0.4851,29703.2,26197.4,16003.0,445252.0,392700.0,2.921,16.38,13.4,0.0000,0.07301273465617218,1,15,56,2000-07-06
000990.SZ,2010-02-03,14.8,15.51,15.64,14.69,14.99,0.52,3.47,31570.4,48181.5,1.2051,1.9728,1.08,167.593,212.576,2.9393,1.8305,1.6411,0.4688,0.4688,29703.2,26197.4,16003.0,460697.0,406322.0,2.921,16.49,13.49,0.0000,0.271938300903427,1,15,56,2000-07-06
000990.SZ,2010-02-04,15.48,15.61,15.82,15.3,15.51,0.1,0.64,28425.3,44287.7,1.085,1.7763,0.91,168.673,213.947,2.9582,1.8423,1.6517,0.4658,0.4658,29703.2,26197.4,16003.0,463668.0,408942.0,2.921,17.06,13.96,0.0000,0.05028453863103694,1,15,56,2000-07-06
000990.SZ,2010-02-05,15.35,15.2,15.48,14.91,15.61,-0.41,-2.63,19632.3,29907.6,0.7494,1.2268,0.66,164.243,208.327,2.8805,1.7939,1.6083,0.4784,0.4784,29703.2,26197.4,16003.0,451489.0,398201.0,2.921,17.17,14.05,,,1,15,56,2000-07-06
000990.SZ,2010-02-08,15.2,14.69,15.25,14.1,15.2,-0.51,-3.36,36422.1,53027.0,1.3903,2.276,1.29,158.732,201.337,2.7839,1.7337,1.5544,0.495,0.495,29703.2,26197.4,16003.0,436341.0,384840.0,2.921,16.72,13.68,,,1,15,56,2000-07-06
000990.SZ,2010-02-09,14.6,14.53,14.72,14.15,14.69,-0.16,-1.09,10599.3,15447.5,0.4046,0.6623,0.34,157.004,199.145,2.7535,1.7148,1.5374,0.5005,0.5005,29703.2,26197.4,16003.0,431588.0,380649.0,2.921,16.16,13.22,,,1,15,56,2000-07-06
000990.SZ,2010-02-10,14.63,14.74,14.83,14.5,14.53,0.21,1.45,8186.27,12002.9,0.3125,0.5115,0.32,159.273,202.023,2.7933,1.7396,1.5597,0.4933,0.4933,29703.2,26197.4,16003.0,437826.0,386150.0,2.921,15.98,13.08,,,1,15,56,2000-07-06
000990.SZ,2010-02-11,14.79,14.56,14.79,14.48,14.74,-0.18,-1.22,6434.83,9399.4,0.2456,0.4021,0.31,157.328,199.556,2.7592,1.7183,1.5406,0.4994,0.4994,29703.2,26197.4,16003.0,432479.0,381435.0,2.921,16.21,13.27,,,1,15,56,2000-07-06
000990.SZ,2010-02-12,14.57,14.75,14.82,14.57,14.56,0.19,1.3,7218.75,10627.5,0.2756,0.4511,0.44,159.381,202.16,2.7952,1.7408,1.5607,0.493,0.493,29703.2,26197.4,16003.0,438123.0,386412.0,2.921,16.02,13.1,,,1,15,56,2000-07-06
000990.SZ,2010-02-22,14.79,14.69,14.88,14.6,14.75,-0.06,-0.41,7890.44,11597.1,0.3012,0.4931,0.57,158.732,201.337,2.7839,1.7337,1.5544,0.495,0.495,29703.2,26197.4,16003.0,436341.0,384840.0,2.921,16.23,13.28,0.0001,-0.3226684582236527,1,15,56,2000-07-06
000990.SZ,2010-02-23,14.7,15.1,15.1,14.5,14.69,0.41,2.79,14132.0,20960.0,0.5394,0.8831,1.75,163.163,206.957,2.8616,1.7821,1.5978,0.4816,0.4816,29703.2,26197.4,16003.0,448519.0,395581.0,2.921,16.16,13.22,,,1,15,56,2000-07-06
000990.SZ,2010-02-24,15.08,15.74,15.8,14.99,15.1,0.64,4.24,25131.5,39047.0,0.9593,1.5704,2.86,170.078,215.728,2.9828,1.8576,1.6655,0.462,0.462,29703.2,26197.4,16003.0,467529.0,412348.0,2.921,16.61,13.59,,,1,15,56,2000-07-06
000990.SZ,2010-02-25,15.74,15.69,15.85,15.52,15.74,-0.05,-0.32,20496.2,32001.6,0.7824,1.2808,1.69,169.538,215.043,2.9734,1.8517,1.6602,0.4635,0.4635,29703.2,26197.4,16003.0,466044.0,411038.0,2.921,17.31,14.17,0.0000,-0.3814928422775088,1,15,56,2000-07-06
000990.SZ,2010-02-26,15.7,16.02,16.18,15.63,15.69,0.33,2.1,27563.2,44083.5,1.0521,1.7224,1.84,173.104,219.566,3.0359,1.8906,1.6951,0.4539,0.4539,29703.2,26197.4,16003.0,475846.0,419683.0,2.921,17.26,14.12,0.0000,0.09661021646470808,1,15,56,2000-07-06
000990.SZ,2010-03-01,16.03,15.9,16.03,15.71,16.02,-0.12,-0.75,22543.2,35634.5,0.8605,1.4087,1.18,171.807,217.921,3.0132,1.8765,1.6824,0.4573,0.4573,29703.2,26197.4,16003.0,472282.0,416539.0,2.921,17.62,14.42,0.0000,-0.2906847278755564,1,15,56,2000-07-06
000990.SZ,2010-03-02,15.9,15.77,16.04,15.72,15.9,-0.13,-0.82,17304.3,27422.0,0.6605,1.0813,0.79,170.402,216.14,2.9885,1.8611,1.6687,0.4611,0.4611,29703.2,26197.4,16003.0,468420.0,413134.0,2.921,17.49,14.31,0.0000,0.10016295729969131,1,15,56,2000-07-06
000990.SZ,2010-03-03,15.75,15.98,16.1,15.56,15.77,0.21,1.33,18110.5,28676.7,0.6913,1.1317,0.8,172.671,219.018,3.0283,1.8859,1.6909,0.455,0.455,29703.2,26197.4,16003.0,474658.0,418635.0,2.921,17.35,14.19,,,1,15,56,2000-07-06
000990.SZ,2010-03-04,15.97,14.96,16.05,14.88,15.98,-1.02,-6.38,24512.4,38198.9,0.9357,1.5317,1.16,161.65,205.038,2.835,1.7655,1.5829,0.4861,0.4861,29703.2,26197.4,16003.0,444360.0,391914.0,2.921,17.58,14.38,0.0000,-0.29424248332438474,1,15,56,2000-07-06
000990.SZ,2010-03-05,15.05,14.98,15.34,14.96,14.96,0.02,0.13,16127.5,24346.3,0.6156,1.0078,0.73,161.866,205.312,2.8388,1.7679,1.5851,0.4854,0.4854,29703.2,26197.4,16003.0,444955.0,392438.0,2.921,16.46,13.46,,,1,15,56,2000-07-06
000990.SZ,2010-03-08,15.0,15.07,15.35,15.0,14.98,0.09,0.6,6962.39,10530.0,0.2658,0.4351,0.35,162.839,206.546,2.8559,1.7785,1.5946,0.4825,0.4825,29703.2,26197.4,16003.0,447628.0,394795.0,2.921,16.48,13.48,,,1,15,56,2000-07-06
000990.SZ,2010-03-09,15.22,15.55,15.56,15.07,15.07,0.48,3.19,13822.8,21170.7,0.5276,0.8638,0.83,168.025,213.124,2.9468,1.8352,1.6454,0.4676,0.4676,29703.2,26197.4,16003.0,461885.0,407370.0,2.921,16.58,13.56,,,1,15,56,2000-07-06
000990.SZ,2010-03-10,16.65,15.84,17.02,15.55,15.55,0.29,1.87,120657.0,196396.0,4.6057,7.5396,7.59,171.159,217.099,3.0018,1.8694,1.6761,0.4591,0.4591,29703.2,26197.4,16003.0,470499.0,414967.0,2.921,17.11,14.0,0.0000,-0.4571404829211343,1,15,56,2000-07-06
000990.SZ,2010-03-11,15.5,15.35,15.65,15.23,15.84,-0.49,-3.09,34762.0,53342.7,1.3269,2.1722,0.95,165.864,210.383,2.9089,1.8116,1.6242,0.4737,0.4737,29703.2,26197.4,16003.0,455945.0,402131.0,2.921,17.42,14.26,0.0000,-0.05117299694870296,1,15,56,2000-07-06
000990.SZ,2010-03-12,15.25,15.12,15.55,14.9,15.35,-0.23,-1.5,27112.8,41179.1,1.0349,1.6942,0.7,163.379,207.231,2.8653,1.7844,1.5999,0.4809,0.4809,29703.2,26197.4,16003.0,449113.0,396105.0,2.921,16.89,13.82,,,1,15,56,2000-07-06
000990.SZ,2010-03-15,14.96,14.7,14.96,14.65,15.12,-0.42,-2.78,15207.7,22421.4,0.5805,0.9503,0.37,158.84,201.474,2.7858,1.7349,1.5554,0.4947,0.4947,29703.2,26197.4,16003.0,436638.0,385102.0,2.921,16.63,13.61,0.0000,-0.04397613705325671,1,15,56,2000-07-06
000990.SZ,2010-03-16,14.7,14.66,14.87,14.48,14.7,-0.04,-0.27,11025.1,16139.9,0.4208,0.6889,0.26,158.408,200.926,2.7782,1.7301,1.5512,0.496,0.496,29703.2,26197.4,16003.0,435450.0,384054.0,2.921,16.17,13.23,,,1,15,56,2000-07-06
000990.SZ,2010-03-17,14.67,15.11,15.18,14.66,14.66,0.45,3.07,16796.7,25174.6,0.6412,1.0496,0.4,163.271,207.094,2.8634,1.7832,1.5988,0.4812,0.4812,29703.2,26197.4,16003.0,448816.0,395843.0,2.921,16.13,13.19,,,1,15,56,2000-07-06
000990.SZ,2010-03-18,15.1,15.24,15.57,15.1,15.11,0.13,0.86,20877.0,32038.4,0.7969,1.3046,1.0,164.676,208.876,2.8881,1.7986,1.6126,0.4771,0.4771,29703.2,26197.4,16003.0,452677.0,399249.0,2.921,16.62,13.6,0.0000,0.06708237353623449,1,15,56,2000-07-06
000990.SZ,2010-03-19,15.21,15.38,15.49,15.21,15.24,0.14,0.92,12266.1,18838.6,0.4682,0.7665,0.67,166.188,210.794,2.9146,1.8151,1.6274,0.4728,0.4728,29703.2,26197.4,16003.0,456836.0,402917.0,2.921,16.76,13.72,,,1,15,56,2000-07-06
000990.SZ,2010-03-23,15.45,15.39,15.65,15.3,15.38,0.01,0.07,13642.9,21122.7,0.5208,0.8525,0.9,166.296,210.931,2.9165,1.8163,1.6284,0.4725,0.4725,29703.2,26197.4,16003.0,457133.0,403179.0,2.921,16.92,13.84,,,1,15,56,2000-07-06
000990.SZ,2010-03-24,15.39,15.26,15.5,15.06,15.39,-0.13,-0.84,15137.5,23136.2,0.5778,0.9459,1.01,164.892,209.15,2.8919,1.8009,1.6147,0.4765,0.4765,29703.2,26197.4,16003.0,453271.0,399773.0,2.921,16.93,13.85,0.0000,-0.38845775880075223,1,15,56,2000-07-06
000990.SZ,2010-03-25,15.33,14.92,15.34,14.88,15.26,-0.34,-2.23,13174.8,19801.4,0.5029,0.8233,0.84,161.218,204.49,2.8274,1.7608,1.5787,0.4874,0.4874,29703.2,26197.4,16003.0,443172.0,390866.0,2.921,16.79,13.73,0.0000,0.043384211681085236,1,15,56,2000-07-06
000990.SZ,2010-03-26,14.92,14.95,15.03,14.67,14.92,0.03,0.2,18870.5,28058.1,0.7203,1.1792,1.26,161.542,204.901,2.8331,1.7644,1.5819,0.4864,0.4864,29703.2,26197.4,16003.0,444063.0,391652.0,2.921,16.41,13.43,0.0000,-0.22933596285756747,1,15,56,2000-07-06
000990.SZ,2010-03-29,15.0,14.98,15.09,14.68,14.95,0.03,0.2,21002.0,31274.8,0.8017,1.3124,1.44,161.866,205.312,2.8388,1.7679,1.5851,0.4854,0.4854,29703.2,26197.4,16003.0,444955.0,392438.0,2.921,16.45,13.46,0.0000,-0.27860761307768533,1,15,56,2000-07-06
000990.SZ,2010-03-31,15.2,15.37,15.58,15.19,15.28,0.09,0.59,18786.1,28894.2,0.7171,1.1739,1.09,166.08,210.657,2.9127,1.8139,1.6263,0.4731,0.4731,29703.2,26197.4,16003.0,456539.0,402655.0,2.921,16.81,13.75,0.0000,0.2319607992880322,1,15,56,2000-07-06
000990.SZ,2010-04-01,15.37,15.49,15.72,15.28,15.37,0.12,0.78,45163.1,70187.7,1.724,2.8222,2.5,167.377,212.302,2.9355,1.8281,1.639,0.4694,0.4694,29703.2,26197.4,16003.0,460103.0,405798.0,2.921,16.91,13.83,0.0000,-0.07169082799029537,1,15,56,2000-07-06
000990.SZ,2010-04-02,15.58,15.41,15.7,15.21,15.49,-0.08,-0.52,28371.4,43505.6,1.083,1.7729,1.16,166.512,211.206,2.9203,1.8186,1.6306,0.4719,0.4719,29703.2,26197.4,16003.0,457727.0,403702.0,2.921,17.04,13.94,0.0000,-0.5070302164330898,1,15,56,2000-07-06
000990.SZ,2010-04-06,15.42,15.7,15.75,15.37,15.41,0.29,1.88,30654.1,47778.7,1.1701,1.9155,1.16,169.646,215.18,2.9753,1.8529,1.6612,0.4632,0.4632,29703.2,26197.4,16003.0,466341.0,411300.0,2.921,16.95,13.87,,,1,15,56,2000-07-06
000990.SZ,2010-04-07,15.71,16.1,16.19,15.54,15.7,0.4,2.55,46648.9,74063.3,1.7807,2.915,1.65,173.968,220.663,3.0511,1.9001,1.7036,0.4517,0.4517,29703.2,26197.4,16003.0,478222.0,421779.0,2.921,17.27,14.13,0.0000,0.25348851758190494,1,15,56,2000-07-06
000990.SZ,2010-04-08,15.98,16.2,16.69,15.86,16.1,0.1,0.62,79567.2,129842.0,3.0372,4.972,2.35,175.049,222.033,3.07,1.9119,1.7142,0.4489,0.4489,29703.2,26197.4,16003.0,481192.0,424398.0,2.921,17.71,14.49,0.0000,0.032188267873141635,1,15,56,2000-07-06
000990.SZ,2010-04-09,16.2,16.34,16.46,16.05,16.2,0.14,0.86,36906.4,60245.5,1.4088,2.3062,0.8,176.561,223.952,3.0965,1.9284,1.729,0.445,0.445,29703.2,26197.4,16003.0,485351.0,428066.0,2.921,17.82,14.58,0.0000,0.13360065235819346,1,15,56,2000-07-06
000990.SZ,2010-04-12,16.51,16.73,16.91,16.21,16.34,0.39,2.39,53598.5,89538.6,2.0459,3.3493,1.21,180.776,229.297,3.1704,1.9744,1.7702,0.4346,0.4346,29703.2,26197.4,16003.0,496935.0,438283.0,2.921,17.97,14.71,0.0000,0.2229838797043699,1,15,56,2000-07-06
000990.SZ,2010-04-13,16.89,16.25,16.9,15.9,16.73,-0.48,-2.87,42326.5,69648.1,1.6157,2.6449,0.86,175.589,222.718,3.0795,1.9178,1.7194,0.4475,0.4475,29703.2,26197.4,16003.0,482678.0,425708.0,2.921,18.4,15.06,0.0000,-0.1796532853075082,1,15,56,2000-07-06
000990.SZ,2010-04-14,16.26,16.32,16.38,16.05,16.25,0.07,0.43,27164.4,44030.2,1.0369,1.6975,0.52,176.345,223.678,3.0928,1.926,1.7268,0.4456,0.4456,29703.2,26197.4,16003.0,484757.0,427542.0,2.921,17.88,14.63,0.0000,-0.12443542728881953,1,15,56,2000-07-06
000990.SZ,2010-04-15,16.29,16.48,16.76,16.1,16.32,0.16,0.98,27662.4,45455.9,1.0559,1.7286,0.58,178.074,225.871,3.1231,1.9449,1.7438,0.4412,0.4412,29703.2,26197.4,16003.0,489509.0,431734.0,2.921,17.95,14.69,,,1,15,56,2000-07-06
000990.SZ,2010-04-16,16.4,17.2,17.3,16.33,16.48,0.72,4.37,75761.7,128702.0,2.892,4.7342,2.02,185.854,235.739,3.2595,2.0299,1.82,0.4228,0.4228,29703.2,26197.4,16003.0,510896.0,450596.0,2.921,18.13,14.83,0.0000,0.29411580883442223,1,15,56,2000-07-06
000990.SZ,2010-04-19,17.2,16.81,17.69,16.76,17.2,-0.39,-2.27,86761.3,150119.0,3.3118,5.4216,1.92,181.64,230.394,3.1856,1.9839,1.7787,0.4326,0.4326,29703.2,26197.4,16003.0,499312.0,440379.0,2.921,18.92,15.48,0.0000,-0.06030644734207979,1,15,56,2000-07-06
000990.SZ,2010-04-20,16.85,17.74,17.74,15.8,16.81,0.93,5.53,121624.0,208283.0,4.6426,7.6001,2.34,191.689,243.14,3.3619,2.0936,1.8771,0.4099,0.4099,29703.2,26197.4,16003.0,526936.0,464742.0,2.921,18.49,15.13,0.0000,-0.03811714060057869,1,15,56,2000-07-06
000990.SZ,2010-04-21,17.5,17.96,18.68,17.5,17.74,0.22,1.24,140912.0,254860.0,5.3789,8.8054,2.08,194.066,246.155,3.4035,2.1196,1.9004,0.4049,0.4049,29703.2,26197.4,16003.0,533470.0,470506.0,2.921,19.51,15.97,0.0000,-0.11549140223505364,1,15,56,2000-07-06
000990.SZ,2010-04-22,17.75,18.03,18.65,17.75,17.96,0.07,0.39,104474.0,190276.0,3.9879,6.5284,1.15,194.823,247.115,3.4168,2.1279,1.9078,0.4033,0.4033,29703.2,26197.4,16003.0,535549.0,472340.0,2.921,19.76,16.16,0.0000,-0.06415917358432714,1,15,56,2000-07-06
000990.SZ,2010-04-23,17.98,16.86,17.98,16.82,18.03,-1.17,-6.49,89227.7,155069.0,3.406,5.5757,0.84,182.18,231.079,3.1951,1.9898,1.784,0.4313,0.4313,29703.2,26197.4,16003.0,500797.0,441689.0,2.921,19.83,16.23,0.0000,-0.28453607140937975,1,15,56,2000-07-06
000990.SZ,2010-04-26,16.73,16.66,17.22,16.52,16.86,-0.2,-1.19,50728.1,85832.2,1.9364,3.1699,0.47,180.019,228.338,3.1572,1.9662,1.7628,0.4365,0.4365,29703.2,26197.4,16003.0,494856.0,436449.0,2.921,18.55,15.17,0.0000,-0.17010014602929427,1,15,56,2000-07-06
000990.SZ,2010-04-27,16.75,17.07,17.23,16.12,16.66,0.41,2.46,71863.8,120858.0,2.7432,4.4906,0.71,184.449,233.957,3.2349,2.0146,1.8062,0.426,0.426,29703.2,26197.4,16003.0,507034.0,447190.0,2.921,18.33,14.99,0.0000,-0.24296042405967996,1,15,56,2000-07-06
000990.SZ,2010-04-28,16.7,17.16,17.3,16.28,17.07,0.09,0.53,61508.8,104627.0,2.3479,3.8436,0.67,125.564,125.564,3.2368,1.7989,1.7989,0.4238,0.4238,29703.2,26197.4,16003.0,509708.0,449548.0,2.921,18.78,15.36,0.0000,0.08108730792047839,1,15,56,2000-07-06
000990.SZ,2010-04-29,17.17,16.05,17.39,15.85,17.16,-1.11,-6.47,57657.0,95791.4,2.2009,3.6029,0.76,117.442,117.442,3.0274,1.6825,1.6825,0.4531,0.4531,29703.2,26197.4,16003.0,476737.0,420469.0,2.921,18.88,15.44,0.0000,-0.18317082113328545,1,15,56,2000-07-06
000990.SZ,2010-04-30,16.0,15.65,16.0,14.6,16.05,-0.4,-2.49,72519.7,109019.0,2.7682,4.5316,1.1,114.515,112.249,2.9437,1.6406,1.5098,0.4646,0.4646,29703.2,26197.4,16003.0,464856.0,409990.0,2.921,17.66,14.45,0.0000,-0.1340465135807623,1,15,56,2000-07-06
000990.SZ,2010-05-04,15.0,15.7,15.89,15.0,15.65,0.05,0.32,29895.6,46518.5,1.1412,1.8681,0.48,114.881,112.607,2.9531,1.6458,1.5146,0.4632,0.4632,29703.2,26197.4,16003.0,466341.0,411300.0,2.921,17.22,14.09,0.0000,0.20903137944001035,1,15,56,2000-07-06
000990.SZ,2010-05-05,15.6,15.91,15.95,15.28,15.7,0.21,1.34,27280.0,42770.0,1.0413,1.7047,0.46,116.418,114.114,2.9926,1.6678,1.5348,0.457,0.457,29703.2,26197.4,16003.0,472579.0,416801.0,2.921,17.27,14.13,,,1,15,56,2000-07-06
000990.SZ,2010-05-06,15.86,15.9,16.27,15.72,15.91,-0.01,-0.06,39656.7,63401.5,1.5138,2.4781,0.8,116.344,114.042,2.9907,1.6668,1.5339,0.4573,0.4573,29703.2,26197.4,16003.0,472282.0,416539.0,2.921,17.5,14.32,,,1,15,56,2000-07-06
000990.SZ,2010-05-07,15.45,14.95,15.7,14.65,15.9,-0.95,-5.97,40030.1,61135.7,1.528,2.5014,0.88,109.393,107.228,2.812,1.5672,1.4422,0.4864,0.4864,29703.2,26197.4,16003.0,444063.0,391652.0,2.921,17.49,14.31,0.0000,-0.19359996557169182,1,15,56,2000-07-06
000990.SZ,2010-05-10,15.0,13.46,15.21,13.46,14.95,-1.49,-9.97,62962.7,87187.2,2.4034,3.9344,1.5,98.4903,96.541,2.5318,1.411,1.2985,0.5402,0.5402,29703.2,26197.4,16003.0,399806.0,352617.0,2.921,16.45,13.46,0.0000,-0.2877452902569968,1,15,56,2000-07-06
000990.SZ,2010-05-11,13.7,12.75,13.88,12.36,13.46,-0.71,-5.27,53952.6,70807.7,2.0595,3.3714,1.35,93.2951,91.4486,2.3982,1.3366,1.23,0.5703,0.5703,29703.2,26197.4,16003.0,378716.0,334017.0,2.921,14.81,12.11,0.0000,-0.1143060488478533,1,15,56,2000-07-06
000990.SZ,2010-05-12,12.75,12.78,12.9,12.38,12.75,0.03,0.24,25878.8,32766.3,0.9878,1.6171,0.58,93.5146,91.6637,2.4039,1.3397,1.2329,0.569,0.569,29703.2,26197.4,16003.0,379607.0,334803.0,2.921,14.03,11.48,,,1,15,56,2000-07-06
000990.SZ,2010-05-13,12.76,13.04,13.04,12.58,12.78,0.26,2.03,38508.3,49570.1,1.4699,2.4063,0.87,95.4171,93.5286,2.4528,1.367,1.258,0.5576,0.5576,29703.2,26197.4,16003.0,387330.0,341615.0,2.921,14.06,11.5,0.0000,-0.034525005561991895,1,15,56,2000-07-06
000990.SZ,2010-05-14,13.0,13.27,13.5,12.8,13.04,0.23,1.76,41415.1,54794.0,1.5809,2.588,0.94,97.1001,95.1782,2.496,1.3911,1.2802,0.548,0.548,29703.2,26197.4,16003.0,394162.0,347640.0,2.921,14.34,11.74,0.0000,-0.0323634271014855,1,15,56,2000-07-06
000990.SZ,2010-05-17,12.88,12.2,12.95,12.2,13.27,-1.07,-8.06,30890.9,38830.4,1.1792,1.9303,0.69,89.2706,87.5037,2.2948,1.2789,1.1769,0.596,0.596,29703.2,26197.4,16003.0,362380.0,319609.0,2.921,14.6,11.94,,,1,15,56,2000-07-06
000990.SZ,2010-05-18,12.2,12.22,12.44,11.5,12.2,0.02,0.16,29906.8,35792.3,1.1416,1.8688,0.78,89.4169,87.6472,2.2985,1.281,1.1789,0.5951,0.5951,29703.2,26197.4,16003.0,362974.0,320133.0,2.921,13.42,10.98,0.0000,-0.004965968891396918,1,15,56,2000-07-06
000990.SZ,2010-05-19,11.96,12.0,12.34,11.75,12.22,-0.22,-1.8,21226.9,25608.8,0.8103,1.3264,0.64,87.8071,86.0692,2.2572,1.2579,1.1576,0.606,0.606,29703.2,26197.4,16003.0,356439.0,314369.0,2.921,13.44,11.0,,,1,15,56,2000-07-06
000990.SZ,2010-05-21,11.4,12.11,12.2,11.17,12.0,0.11,0.92,27866.1,32681.3,1.0637,1.7413,0.86,88.612,86.8582,2.2778,1.2695,1.1683,0.6005,0.6005,29703.2,26197.4,16003.0,359706.0,317251.0,2.921,13.2,10.8,,,1,15,56,2000-07-06
000990.SZ,2010-05-24,12.15,12.52,12.75,12.15,12.11,0.41,3.39,37107.5,46450.7,1.4165,2.3188,1.23,91.6121,89.7989,2.355,1.3125,1.2078,0.5808,0.5808,29703.2,26197.4,16003.0,371885.0,327992.0,2.921,13.32,10.9,,,1,15,56,2000-07-06
000990.SZ,2010-05-25,12.45,12.58,12.86,12.26,12.52,0.06,0.48,46970.4,59124.2,1.7929,2.9351,1.6,92.0511,90.2292,2.3662,1.3187,1.2136,0.578,0.578,29703.2,26197.4,16003.0,373667.0,329564.0,2.921,13.77,11.27,0.0000,-0.11446541063808824,1,15,56,2000-07-06
000990.SZ,2010-05-26,12.68,12.45,12.68,12.36,12.58,-0.13,-1.03,25957.8,32422.7,0.9909,1.6221,0.8,91.0999,89.2968,2.3418,1.3051,1.2011,0.5841,0.5841,29703.2,26197.4,16003.0,369805.0,326158.0,2.921,13.84,11.32,,,1,15,56,2000-07-06
000990.SZ,2010-05-27,12.42,12.78,12.79,12.12,12.45,0.33,2.65,31648.2,39452.7,1.2081,1.9776,0.99,93.5146,91.6637,2.4039,1.3397,1.2329,0.569,0.569,29703.2,26197.4,16003.0,379607.0,334803.0,2.921,13.7,11.21,0.0000,0.16085855378701913,1,15,56,2000-07-06
000990.SZ,2010-05-28,13.0,12.62,13.05,12.59,12.78,-0.16,-1.25,63031.2,80570.5,2.406,3.9387,1.86,92.3438,90.5161,2.3738,1.3229,1.2175,0.5762,0.5762,29703.2,26197.4,16003.0,374855.0,330612.0,2.921,14.06,11.5,0.0000,-0.11090579772117416,1,15,56,2000-07-06
000990.SZ,2010-05-31,12.61,12.51,13.04,12.51,12.62,-0.11,-0.87,55129.8,70427.9,2.1044,3.445,1.35,91.5389,89.7272,2.3531,1.3114,1.2068,0.5813,0.5813,29703.2,26197.4,16003.0,371588.0,327730.0,2.921,13.88,11.36,0.0000,-0.0012633413517607517,1,15,56,2000-07-06
000990.SZ,2010-06-01,12.43,12.0,12.43,11.36,12.51,-0.51,-4.08,46784.1,55461.3,1.7858,2.9235,1.05,87.8071,86.0692,2.2572,1.2579,1.1576,0.606,0.606,29703.2,26197.4,16003.0,356439.0,314369.0,2.921,13.76,11.26,0.0000,-0.2887893034588095,1,15,56,2000-07-06
000990.SZ,2010-06-02,11.79,11.99,12.1,11.61,12.0,-0.01,-0.08,27385.2,32505.7,1.0453,1.7113,0.62,87.734,85.9975,2.2553,1.2569,1.1567,0.6065,0.6065,29703.2,26197.4,16003.0,356142.0,314107.0,2.921,13.2,10.8,,,1,15,56,2000-07-06
000990.SZ,2010-06-03,12.09,11.8,12.29,11.78,11.99,-0.19,-1.58,38912.7,47006.9,1.4854,2.4316,0.87,86.3437,84.6347,2.2195,1.237,1.1384,0.6162,0.6162,29703.2,26197.4,16003.0,350498.0,309130.0,2.921,13.19,10.79,,,1,15,56,2000-07-06
000990.SZ,2010-06-04,11.71,11.87,12.02,11.57,11.8,0.07,0.59,28804.2,34093.4,1.0995,1.7999,0.62,86.8559,85.1368,2.2327,1.2443,1.1451,0.6126,0.6126,29703.2,26197.4,16003.0,352577.0,310964.0,2.921,12.98,10.62,,,1,15,56,2000-07-06
000990.SZ,2010-06-07,11.51,11.82,11.91,11.41,11.87,-0.05,-0.42,28312.2,33065.9,1.0807,1.7692,0.72,86.49,84.7782,2.2233,1.2391,1.1403,0.6152,0.6152,29703.2,26197.4,16003.0,351092.0,309654.0,2.921,13.06,10.68,,,1,15,56,2000-07-06
000990.SZ,2010-06-08,11.71,11.96,12.16,11.71,11.82,0.14,1.18,35182.0,42226.0,1.343,2.1985,1.03,87.5144,85.7823,2.2496,1.2537,1.1538,0.608,0.608,29703.2,26197.4,16003.0,355251.0,313321.0,2.921,13.0,10.64,,,1,15,56,2000-07-06
000990.SZ,2010-06-09,12.14,12.31,12.33,11.97,11.96,0.35,2.93,39693.0,48140.4,1.5151,2.4803,1.25,90.0755,88.2927,2.3155,1.2904,1.1876,0.5907,0.5907,29703.2,26197.4,16003.0,365647.0,322490.0,2.921,13.16,10.76,,,1,15,56,2000-07-06
000990.SZ,2010-06-10,12.36,12.74,13.02,12.31,12.31,0.43,3.49,94710.6,120744.0,3.6153,5.9183,2.77,93.2219,91.3768,2.3963,1.3355,1.229,0.5708,0.5708,29703.2,26197.4,16003.0,378419.0,333755.0,2.921,13.54,11.08,0.0000,0.13496790844506854,1,15,56,2000-07-06
000990.SZ,2010-06-11,12.78,12.54,12.88,12.5,12.74,-0.2,-1.57,42186.3,53309.5,1.6103,2.6362,0.93,91.7585,89.9424,2.3587,1.3145,1.2097,0.5799,0.5799,29703.2,26197.4,16003.0,372479.0,328516.0,2.921,14.01,11.47,0.0000,0.007045266477886847,1,15,56,2000-07-06
000990.SZ,2010-06-17,12.57,12.7,12.93,12.57,12.54,0.16,1.28,47442.9,60643.7,1.811,2.9646,0.99,92.9292,91.0899,2.3888,1.3313,1.2252,0.5726,0.5726,29703.2,26197.4,16003.0,377231.0,332707.0,2.921,13.79,11.29,0.0000,0.228797638074327,1,15,56,2000-07-06
000990.SZ,2010-06-18,12.7,11.62,12.7,11.56,12.7,-1.08,-8.5,41458.8,50039.2,1.5826,2.5907,0.8,85.0266,83.3437,2.1857,1.2181,1.121,0.6258,0.6258,29703.2,26197.4,16003.0,345152.0,304414.0,2.921,13.97,11.43,0.0000,-0.3560445541184918,1,15,56,2000-07-06
000990.SZ,2010-06-21,11.7,11.86,11.97,11.5,11.62,0.24,2.07,36051.2,42333.5,1.3761,2.2528,0.68,86.7827,85.0651,2.2308,1.2433,1.1441,0.6131,0.6131,29703.2,26197.4,16003.0,352280.0,310702.0,2.921,12.78,10.46,0.0000,-0.17083497690005783,1,15,56,2000-07-06
000990.SZ,2010-06-22,11.8,11.97,12.08,11.8,11.86,0.11,0.93,20890.8,25011.9,0.7974,1.3054,0.4,87.5876,85.8541,2.2515,1.2548,1.1548,0.6075,0.6075,29703.2,26197.4,16003.0,355548.0,313583.0,2.921,13.05,10.67,,,1,15,56,2000-07-06
000990.SZ,2010-06-23,11.93,11.81,12.07,11.68,11.97,-0.16,-1.34,27035.9,32060.3,1.032,1.6894,0.72,86.4169,84.7065,2.2214,1.238,1.1393,0.6157,0.6157,29703.2,26197.4,16003.0,350795.0,309392.0,2.921,13.17,10.77,0.0000,-0.2063590294468115,1,15,56,2000-07-06
000990.SZ,2010-06-24,11.87,11.78,11.9,11.72,11.81,-0.03,-0.25,10367.0,12233.5,0.3957,0.6478,0.3,86.1973,84.4913,2.2158,1.2349,1.1364,0.6173,,29703.2,26197.4,16003.0,349904.0,308606.0,2.921,12.99,10.63,,,1,15,56,2000-07-06
000990.SZ,2010-06-25,11.79,11.82,11.9,11.61,11.78,0.04,0.34,28840.3,33790.2,1.1009,1.8022,1.06,86.49,84.7782,2.2233,1.2391,1.1403,0.6152,,29703.2,26197.6,16003.0,351092.0,309656.0,2.921,12.96,10.6,0.0000,-0.6084644201576115,1,15,56,2000-07-06
000990.SZ,2010-06-28,11.75,11.56,11.82,11.5,11.82,-0.26,-2.2,13045.8,15142.4,0.4817,0.8152,0.53,84.5875,82.9134,2.1744,1.2118,1.1152,0.629,,29703.2,27082.6,16003.2,343369.0,313075.0,2.921,13.0,10.64,0.0000,-0.7695419033608913,1,15,56,2000-07-06
000990.SZ,2010-06-29,11.65,10.68,11.65,10.6,11.56,-0.88,-7.61,29814.5,32545.9,1.1009,1.863,1.49,78.1484,76.6016,2.0089,1.1196,1.0303,0.6809,,29703.2,27082.6,16003.2,317231.0,289242.0,2.921,12.72,10.4,0.0000,-0.2648414687816343,1,15,56,2000-07-06
000990.SZ,2010-06-30,10.39,10.19,10.6,10.02,10.68,-0.49,-4.59,20412.9,20980.9,0.7537,1.2756,0.94,74.5629,73.0871,1.9167,1.0682,0.983,0.7136,,29703.2,27082.6,16003.2,302676.0,275972.0,2.921,11.75,9.61,,,1,15,56,2000-07-06
000990.SZ,2010-07-01,10.19,9.83,10.29,9.7,10.19,-0.36,-3.53,23663.2,23590.0,0.8737,1.4787,1.15,71.9287,70.505,1.849,1.0305,0.9483,0.7397,,29703.2,27082.6,16003.2,291983.0,266222.0,2.921,11.21,9.17,,,1,15,56,2000-07-06
000990.SZ,2010-07-02,9.9,9.68,9.9,9.3,9.83,-0.15,-1.53,30625.5,29128.7,1.1308,1.9137,1.32,70.8311,69.4292,1.8208,1.0147,0.9338,0.7512,,29703.2,27082.6,16003.2,287527.0,262160.0,2.921,10.81,8.85,,,1,15,56,2000-07-06
000990.SZ,2010-07-05,9.5,9.65,9.74,9.36,9.68,-0.03,-0.31,18336.1,17468.4,0.677,1.1458,0.78,70.6116,69.214,1.8151,1.0116,0.9309,0.7535,,29703.2,27082.6,16003.2,286636.0,261347.0,2.921,10.65,8.71,0.0000,-0.027318853256843637,1,15,56,2000-07-06
000990.SZ,2010-07-06,9.6,9.81,9.92,9.6,9.65,0.16,1.66,33011.5,32182.0,1.2189,2.0628,1.34,71.7823,70.3616,1.8452,1.0284,0.9464,0.7412,,29703.2,27082.6,16003.2,291389.0,265680.0,2.921,10.62,8.69,,,1,15,56,2000-07-06
000990.SZ,2010-07-07,9.8,9.92,9.92,9.64,9.81,0.11,1.12,26454.3,25865.8,0.9768,1.6531,1.05,72.5872,71.1506,1.8659,1.0399,0.957,0.733,,29703.2,27082.6,16003.2,294656.0,268659.0,2.921,10.79,8.83,,,1,15,56,2000-07-06
000990.SZ,2010-07-08,9.94,9.96,10.1,9.72,9.92,0.04,0.4,32281.9,32048.4,1.192,2.0172,1.22,72.8799,71.4375,1.8734,1.0441,0.9608,0.7301,,29703.2,27082.6,16003.2,295844.0,269743.0,2.921,10.91,8.93,,,1,15,56,2000-07-06
000990.SZ,2010-07-09,9.9,10.12,10.21,9.69,9.86,0.26,2.64,41283.8,41338.4,1.5244,2.5797,1.47,74.0507,72.5851,1.9324,1.0609,0.9763,0.7185,0.9881,29703.2,27082.6,16003.2,300597.0,274076.0,2.95,10.85,8.87,,,1,15,56,2000-07-06
000990.SZ,2010-07-12,10.09,10.33,10.47,10.02,10.12,0.21,2.08,49145.7,50517.8,1.8147,3.071,1.62,75.5873,74.0913,1.9725,1.0829,0.9965,0.7039,0.9681,29703.2,27082.6,16003.2,306834.0,279763.0,2.95,11.13,9.11,0.0000,0.015742644698914527,1,15,56,2000-07-06
000990.SZ,2010-07-13,10.25,9.95,10.25,9.85,10.33,-0.38,-3.68,38851.7,38874.3,1.4346,2.4277,1.07,72.8068,71.3657,1.9,1.043,0.9599,0.7308,1.005,29703.2,27082.6,16003.2,295547.0,269472.0,2.95,11.36,9.3,,,1,15,56,2000-07-06
000990.SZ,2010-07-14,10.01,10.07,10.19,9.94,9.95,0.12,1.21,36349.5,36570.4,1.3422,2.2714,0.97,73.6848,72.2264,1.9229,1.0556,0.9715,0.7221,0.993,29703.2,27082.6,16003.2,299112.0,272722.0,2.95,10.95,8.96,0.0000,-0.33530781525424264,1,15,56,2000-07-06
000990.SZ,2010-07-15,10.06,10.0,10.29,9.89,10.07,-0.07,-0.7,63417.4,64314.9,2.3416,3.9628,1.6,73.1726,71.7244,1.9095,1.0483,0.9647,0.7272,1.0,29703.2,27082.6,16003.2,297032.0,270826.0,2.95,11.08,9.06,0.0000,-0.001968691933289496,1,15,56,2000-07-06
000990.SZ,2010-07-16,9.9,10.21,10.26,9.86,10.0,0.21,2.1,44527.7,44984.6,1.6441,2.7824,0.97,74.7092,73.2306,1.9496,1.0703,0.985,0.7122,0.9794,29703.2,27082.6,16003.2,303270.0,276513.0,2.95,11.0,9.0,,,1,15,56,2000-07-06
000990.SZ,2010-07-19,10.1,10.7,10.97,10.02,10.21,0.49,4.8,74434.1,79249.5,2.7484,4.6512,1.6,78.2947,76.7451,2.0432,1.1217,1.0322,0.6796,0.9346,29703.2,27082.6,16003.2,317825.0,289784.0,2.95,11.23,9.19,0.0000,0.0763941094319903,1,15,56,2000-07-06
000990.SZ,2010-07-20,10.61,10.94,11.07,10.58,10.7,0.24,2.24,86890.4,94685.4,3.2083,5.4296,1.69,80.0508,78.4665,2.089,1.1468,1.0554,0.6647,0.9141,29703.2,27082.6,16003.2,324953.0,296284.0,2.95,11.77,9.63,0.0000,-0.2423579266439516,1,15,56,2000-07-06
000990.SZ,2010-07-21,10.95,11.21,11.3,10.84,10.94,0.27,2.47,60580.7,67140.9,2.2369,3.7855,0.99,82.0265,80.403,2.1406,1.1751,1.0814,0.6487,0.8921,29703.2,27082.6,16003.2,332973.0,303596.0,2.95,12.03,9.85,0.0000,0.1414687201683673,1,15,56,2000-07-06
000990.SZ,2010-07-22,11.15,11.11,11.24,10.98,11.21,-0.1,-0.89,52272.6,58072.6,1.9301,3.2664,0.79,81.2948,79.6858,2.1215,1.1646,1.0718,0.6545,0.9001,29703.2,27082.6,16003.2,330003.0,300888.0,2.95,12.33,10.09,0.0000,-0.2442907826731638,1,15,56,2000-07-06
000990.SZ,2010-07-23,11.15,11.25,11.55,11.07,11.11,0.14,1.26,56468.3,63675.8,2.085,3.5286,0.89,82.3192,80.6899,2.1482,1.1793,1.0853,0.6464,0.8889,29703.2,27082.6,16003.2,334161.0,304679.0,2.95,12.22,10.0,0.0000,-0.09064154747693821,1,15,56,2000-07-06
000990.SZ,2010-07-26,11.2,11.23,11.32,11.0,11.25,-0.02,-0.18,30375.0,33929.5,1.1216,1.8981,0.46,82.1728,80.5465,2.1444,1.1772,1.0834,0.6475,0.8905,29703.2,27082.6,16003.2,333567.0,304138.0,2.95,12.38,10.13,,,1,15,56,2000-07-06
000990.SZ,2010-07-27,11.2,11.0,11.33,11.0,11.23,-0.23,-2.05,45401.3,50515.0,1.6764,2.837,0.79,80.4899,78.8968,2.1005,1.1531,1.0612,0.6611,0.9091,29703.2,27082.6,16003.2,326736.0,297908.0,2.95,12.35,10.11,0.0000,-0.22240432340883665,1,15,56,2000-07-06
000990.SZ,2010-07-28,11.02,11.23,11.3,10.94,11.0,0.23,2.09,55338.7,61904.5,2.0433,3.458,1.13,82.1728,80.5465,2.1444,1.1772,1.0834,0.6475,0.8905,29703.2,27082.6,16003.2,333567.0,304138.0,2.95,12.1,9.9,0.0000,-0.05776869446711604,1,15,56,2000-07-06
000990.SZ,2010-07-29,11.3,11.53,11.55,11.17,11.23,0.3,2.67,67035.4,76229.8,2.4752,4.1889,1.4,84.368,82.6982,2.2017,1.2087,1.1123,0.6307,0.8673,29703.2,27082.6,16003.2,342478.0,312262.0,2.95,12.35,10.11,0.0000,-0.08416170071884191,1,15,56,2000-07-06
000990.SZ,2010-07-30,11.5,11.46,11.58,11.18,11.53,-0.07,-0.61,48869.3,55607.7,1.8045,3.0537,0.96,83.8558,82.1961,2.1883,1.2013,1.1056,0.6345,0.8726,29703.2,27082.6,16003.2,340399.0,310366.0,2.95,12.68,10.38,,,1,15,56,2000-07-06
000990.SZ,2010-08-02,11.47,11.59,11.65,11.35,11.46,0.13,1.13,60988.1,70260.1,2.2519,3.811,1.23,84.8071,80.8436,2.2132,1.215,1.0688,0.6274,0.8628,29703.2,27082.6,16003.2,344261.0,313887.0,2.95,12.61,10.31,0.0000,-0.1461607323368987,1,15,56,2000-07-06
000990.SZ,2010-08-03,11.59,11.6,11.95,11.42,11.59,0.01,0.09,82340.0,95710.9,3.0403,5.1452,1.48,84.8802,80.9134,2.2151,1.216,1.0698,0.6269,0.8621,29703.2,27082.6,16003.2,344558.0,314158.0,2.95,12.75,10.43,0.0000,-0.23556776094384402,1,15,56,2000-07-06
000990.SZ,2010-08-04,11.53,12.03,12.1,11.42,11.6,0.43,3.71,95163.9,112147.0,3.5138,5.9466,1.51,88.0267,83.9127,2.2972,1.2611,1.1094,0.6045,0.8313,29703.2,27082.6,16003.2,357330.0,325804.0,2.95,12.76,10.44,0.0000,0.01977709199829046,1,15,56,2000-07-06
000990.SZ,2010-08-05,11.95,12.19,12.33,11.9,12.03,0.16,1.33,114305.0,139266.0,4.2206,7.1426,1.61,89.1974,85.0288,2.3277,1.2779,1.1242,0.5965,0.8203,29703.2,27082.6,16003.2,362082.0,330137.0,2.95,13.23,10.83,0.0000,-0.21065775626419334,1,15,56,2000-07-06
000990.SZ,2010-08-06,12.13,12.82,12.99,11.9,12.19,0.63,5.17,182896.0,228195.0,6.7533,11.4287,2.28,93.8073,89.4232,2.448,1.3439,1.1823,0.5672,0.78,29703.2,27082.6,16003.2,380796.0,347199.0,2.95,13.41,10.97,0.0000,0.1257211967338751,1,15,56,2000-07-06
000990.SZ,2010-08-09,12.82,13.1,13.5,12.7,12.82,0.28,2.18,198253.0,260949.0,7.3203,12.3884,1.85,95.8561,91.3763,2.5015,1.3733,1.2081,0.5551,0.7634,29703.2,27082.6,16003.2,389112.0,354782.0,2.95,14.1,11.54,0.0000,-0.0038185301069491905,1,15,56,2000-07-06
000990.SZ,2010-08-10,13.0,12.58,13.15,12.56,13.1,-0.52,-3.97,124137.0,160359.0,4.5836,7.757,0.92,92.0511,87.7491,2.4022,1.3187,1.1601,0.578,0.7949,29703.2,27082.6,16003.2,373667.0,340699.0,2.95,14.41,11.79,0.0000,-0.2180552952702967,1,15,56,2000-07-06
000990.SZ,2010-08-11,12.4,12.86,13.07,12.4,12.58,0.28,2.23,80268.9,102689.0,2.9639,5.0158,0.56,94.1,89.7022,2.4557,1.3481,1.186,0.5654,0.7776,29703.2,27082.6,16003.2,381984.0,348282.0,2.95,13.84,11.32,0.0000,0.0420902382677126,1,15,56,2000-07-06
000990.SZ,2010-08-12,12.62,12.34,12.82,12.25,12.86,-0.52,-4.04,84077.2,105218.0,3.1045,5.2538,0.6,90.295,86.0751,2.3564,1.2936,1.138,0.5893,0.8104,29703.2,27082.6,16003.2,366538.0,334199.0,2.95,14.15,11.57,0.0000,-0.1891144173766773,1,15,56,2000-07-06
000990.SZ,2010-08-13,12.3,12.46,12.64,12.07,12.34,0.12,0.97,49818.4,61509.4,1.8395,3.113,0.37,91.1731,86.9121,2.3793,1.3062,1.1491,0.5836,0.8026,29703.2,27082.6,16003.2,370102.0,337449.0,2.95,13.57,11.11,0.0000,0.01196386461365839,1,15,56,2000-07-06
000990.SZ,2010-08-16,12.49,12.84,12.98,12.49,12.46,0.38,3.05,74508.0,95476.8,2.7511,4.6558,0.69,93.9536,89.5627,2.4518,1.346,1.1841,0.5663,0.7788,29703.2,27082.6,16003.2,381390.0,347740.0,2.95,13.71,11.21,0.0000,-0.07155854915913169,1,15,56,2000-07-06
000990.SZ,2010-08-17,12.88,12.8,12.92,12.64,12.84,-0.04,-0.31,69149.2,88189.2,2.5533,4.321,0.84,93.6609,89.2837,2.4442,1.3418,1.1804,0.5681,0.7813,29703.2,27082.6,16003.2,380202.0,346657.0,2.95,14.12,11.56,0.0000,-0.2434024602338588,1,15,56,2000-07-06
000990.SZ,2010-08-18,12.76,13.08,13.13,12.7,12.8,0.28,2.19,68005.3,88018.9,2.511,4.2495,0.95,95.7098,91.2368,2.4977,1.3712,1.2062,0.5559,0.7645,29703.2,27082.6,16003.2,388518.0,354240.0,2.95,14.08,11.52,,,1,15,56,2000-07-06
000990.SZ,2010-08-19,13.08,12.58,13.08,12.58,13.08,-0.5,-3.82,79302.0,101554.0,2.9282,4.9554,1.15,92.0511,87.7491,2.4022,1.3187,1.1601,0.578,0.7949,29703.2,27082.6,16003.2,373667.0,340699.0,2.95,14.39,11.77,0.0000,-0.3571680980837739,1,15,56,2000-07-06
000990.SZ,2010-08-20,12.5,12.5,12.71,12.31,12.58,-0.08,-0.64,87716.5,109643.0,3.2389,5.4812,1.29,91.4658,87.1911,2.3869,1.3104,1.1528,0.5817,0.8,29703.2,27082.6,16003.2,371291.0,338532.0,2.95,13.84,11.32,0.0000,-0.035091018826704984,1,15,56,2000-07-06
000990.SZ,2010-08-23,12.39,12.3,12.55,12.03,12.5,-0.2,-1.6,61979.9,75911.9,2.2886,3.873,0.82,90.0023,85.7961,2.3487,1.2894,1.1343,0.5912,0.813,29703.2,27082.6,16003.2,365350.0,333116.0,2.95,13.75,11.25,0.0000,-0.4021351288283,1,15,56,2000-07-06
000990.SZ,2010-08-24,12.21,12.3,12.45,12.09,12.3,0.0,0.0,35192.8,43303.2,1.2995,2.1991,0.48,90.0023,85.7961,2.3487,1.2894,1.1343,0.5912,0.813,29703.2,27082.6,16003.2,365350.0,333116.0,2.95,13.53,11.07,0.0000,-0.18252068639170818,1,15,56,2000-07-06
000990.SZ,2010-08-25,12.21,12.22,12.44,12.1,12.3,-0.08,-0.65,39258.0,48092.9,1.4496,2.4531,0.59,89.4169,85.238,2.3335,1.281,1.1269,0.5951,0.8183,29703.2,27082.6,16003.2,362974.0,330949.0,2.95,13.53,11.07,0.0000,-0.18955228074952907,1,15,56,2000-07-06
000990.SZ,2010-08-26,12.22,12.48,12.55,12.18,12.22,0.26,2.13,40656.3,50567.5,1.5012,2.5405,0.67,91.3194,87.0516,2.3831,1.3083,1.1509,0.5827,0.8013,29703.2,27082.6,16003.2,370696.0,337991.0,2.95,13.44,11.0,0.0000,0.22139456191425927,1,15,56,2000-07-06
000990.SZ,2010-08-27,12.5,12.99,13.08,12.35,12.48,0.51,4.09,76204.6,97507.8,2.8138,4.7618,1.44,95.0512,90.609,2.4805,1.3617,1.1979,0.5598,0.7698,29703.2,27082.6,16003.2,385845.0,351803.0,2.95,13.73,11.23,0.0000,0.27369670481257496,1,15,56,2000-07-06
000990.SZ,2010-08-30,13.0,13.46,13.56,12.86,12.99,0.47,3.62,100860.0,133637.0,3.7242,6.3025,1.99,98.4903,93.8874,2.5702,1.411,1.2413,0.5402,0.7429,29703.2,27082.6,16003.2,399806.0,364532.0,2.95,14.29,11.69,0.0000,0.17419139947590198,1,15,56,2000-07-06
000990.SZ,2010-08-31,13.39,13.46,13.74,13.3,13.46,0.0,0.0,109921.0,148463.0,4.0587,6.8687,1.88,98.4903,93.8874,2.5702,1.411,1.2413,0.5402,0.7429,29703.2,27082.6,16003.2,399806.0,364532.0,2.95,14.81,12.11,0.0000,0.009931222908627631,1,15,56,2000-07-06
000990.SZ,2010-09-01,13.45,12.73,13.5,12.4,13.46,-0.73,-5.42,102180.0,131846.0,3.7729,6.385,1.39,93.1487,88.7954,2.4308,1.3345,1.174,0.5712,0.7855,29703.2,27082.6,16003.2,378122.0,344761.0,2.95,14.81,12.11,0.0000,-0.3060833724989613,1,15,56,2000-07-06
000990.SZ,2010-09-02,12.84,12.98,13.08,12.71,12.73,0.25,1.96,59416.0,76668.8,2.1939,3.7128,0.69,94.9781,90.5393,2.4786,1.3607,1.197,0.5602,0.7704,29703.2,27082.6,16003.2,385548.0,351532.0,2.95,14.0,11.46,0.0000,-0.006866909523303971,1,15,56,2000-07-06
000990.SZ,2010-09-03,13.0,13.23,13.39,12.89,12.98,0.25,1.93,54741.2,72188.0,2.0213,3.4206,0.61,96.8074,92.2831,2.5263,1.3869,1.2201,0.5496,0.7559,29703.2,27082.6,16003.2,392974.0,358303.0,2.95,14.28,11.68,0.0000,0.11905331498719962,1,15,56,2000-07-06
000990.SZ,2010-09-06,13.38,13.59,13.75,13.22,13.23,0.36,2.72,92909.0,125853.0,3.4306,5.8057,1.09,99.4416,94.7942,2.5951,1.4246,1.2533,0.5351,0.7358,29703.2,27082.6,16003.2,403667.0,368052.0,2.95,14.55,11.91,0.0000,0.10394898923688567,1,15,56,2000-07-06
000990.SZ,2010-09-07,13.7,13.79,13.92,13.28,13.59,0.2,1.47,76440.9,104360.0,2.8225,4.7766,0.91,100.905,96.1893,2.6332,1.4456,1.2717,0.5273,0.7252,29703.2,27082.6,16003.2,409608.0,373469.0,2.95,14.95,12.23,0.0000,0.010402922245901686,1,15,56,2000-07-06
000990.SZ,2010-09-08,13.7,14.27,14.52,13.45,13.79,0.48,3.48,78528.9,110173.0,2.8996,4.9071,1.02,104.417,99.5374,2.7249,1.4959,1.316,0.5096,0.7008,29703.2,27082.6,16003.2,423865.0,386469.0,2.95,15.17,12.41,0.0000,0.19558807378388843,1,15,56,2000-07-06
000990.SZ,2010-09-09,14.26,13.79,14.5,13.78,14.27,-0.48,-3.36,70982.5,99912.1,2.621,4.4355,0.98,100.905,96.1893,2.6332,1.4456,1.2717,0.5273,0.7252,29703.2,27082.6,16003.2,409608.0,373469.0,2.95,15.7,12.84,0.0000,-0.2447633865085824,1,15,56,2000-07-06
000990.SZ,2010-09-10,13.57,14.09,14.2,13.57,13.79,0.3,2.18,59957.6,83405.9,2.2139,3.7466,0.8,103.1,98.2818,2.6905,1.477,1.2994,0.5161,0.7097,29703.2,27082.6,16003.2,418519.0,381594.0,2.95,15.17,12.41,0.0000,-0.14147505126501178,1,15,56,2000-07-06
000990.SZ,2010-09-13,14.09,14.19,14.45,14.01,14.09,0.1,0.71,62083.3,88360.9,2.2924,3.8794,0.82,103.832,98.9794,2.7096,1.4875,1.3086,0.5124,0.7047,29703.2,27082.6,16003.2,421489.0,384302.0,2.95,15.5,12.68,0.0000,-0.016197003424952297,1,15,56,2000-07-06
000990.SZ,2010-09-14,14.21,14.1,14.25,13.81,14.19,-0.09,-0.63,59805.0,84066.0,2.2082,3.7371,0.86,103.173,98.3516,2.6924,1.4781,1.3003,0.5157,0.7092,29703.2,27082.6,16003.2,418816.0,381865.0,2.95,15.61,12.77,0.0000,-0.18976054807505857,1,15,56,2000-07-06
000990.SZ,2010-09-15,13.99,13.69,14.03,13.56,14.1,-0.41,-2.91,42940.0,59473.8,1.5855,2.6832,0.65,100.173,95.4917,2.6142,1.4351,1.2625,0.5312,0.7305,29703.2,27082.6,16003.2,406637.0,370761.0,2.95,15.51,12.69,0.0000,-0.2816953111730152,1,15,56,2000-07-06
000990.SZ,2010-09-16,13.53,13.0,13.76,12.95,13.69,-0.69,-5.04,44495.4,58805.4,1.643,2.7804,0.75,95.1244,90.6788,2.4824,1.3628,1.1989,0.5594,0.7692,29703.2,27082.6,16003.2,386142.0,352074.0,2.95,15.06,12.32,0.0000,-0.4415276088083023,1,15,56,2000-07-06
000990.SZ,2010-09-17,13.09,12.65,13.2,12.5,13.0,-0.35,-2.69,43026.1,54809.1,1.5887,2.6886,0.8,92.5634,88.2374,2.4156,1.3261,1.1666,0.5748,0.7905,29703.2,27082.6,16003.2,375746.0,342595.0,2.95,14.3,11.7,0.0000,-0.4552839537312456,1,15,56,2000-07-06
000990.SZ,2010-09-20,12.66,12.65,12.84,12.56,12.65,0.0,0.0,26437.2,33567.3,0.9762,1.652,0.52,92.5634,88.2374,2.4156,1.3261,1.1666,0.5748,0.7905,29703.2,27082.6,16003.2,375746.0,342595.0,2.95,13.92,11.39,,,1,15,56,2000-07-06
000990.SZ,2010-09-21,12.78,12.51,12.8,12.46,12.65,-0.14,-1.11,16388.6,20685.7,0.6051,1.0241,0.38,91.5389,87.2609,2.3888,1.3114,1.1537,0.5813,0.7994,29703.2,27082.6,16003.2,371588.0,338803.0,2.95,13.92,11.39,,,1,15,56,2000-07-06
000990.SZ,2010-09-27,12.6,12.87,12.89,12.53,12.51,0.36,2.88,25538.4,32570.8,0.943,1.5958,0.74,94.1732,89.772,2.4576,1.3491,1.1869,0.565,0.777,29703.2,27082.6,16003.2,382281.0,348553.0,2.95,13.76,11.26,,,1,15,56,2000-07-06
000990.SZ,2010-09-28,12.9,12.72,12.97,12.72,12.87,-0.15,-1.17,22952.0,29490.9,0.8475,1.4342,0.74,93.0756,88.7257,2.4289,1.3334,1.173,0.5717,0.7862,29703.2,27082.6,16003.2,377825.0,344491.0,2.95,14.16,11.58,,,1,15,56,2000-07-06
000990.SZ,2010-09-29,12.68,12.45,12.76,12.42,12.72,-0.27,-2.12,24250.9,30433.2,0.8954,1.5154,0.9,91.0999,86.8424,2.3774,1.3051,1.1481,0.5841,0.8032,29703.2,27082.6,16003.2,369805.0,337178.0,2.95,13.99,11.45,0.0000,-0.2739549943697675,1,15,56,2000-07-06
000990.SZ,2010-09-30,12.4,12.69,12.76,12.31,12.45,0.24,1.93,21861.0,27437.0,0.8072,1.366,0.95,92.856,88.5164,2.4232,1.3303,1.1703,0.573,0.788,29703.2,27082.6,16003.2,376934.0,343678.0,2.95,13.7,11.21,,,1,15,56,2000-07-06
000990.SZ,2010-10-08,12.85,13.03,13.1,12.78,12.69,0.34,2.68,30202.7,39198.1,1.1152,1.8873,1.36,95.3439,90.888,2.4881,1.3659,1.2016,0.5581,0.7675,29703.2,27082.6,16003.2,387033.0,352886.0,2.95,13.96,11.42,,,1,15,56,2000-07-06
000990.SZ,2010-10-11,13.1,13.04,13.2,12.82,13.03,0.01,0.08,44695.3,57922.4,1.6503,2.7929,1.79,95.4171,90.9578,2.49,1.367,1.2026,0.5576,0.7669,29703.2,27082.6,16003.2,387330.0,353157.0,2.95,14.33,11.73,0.0000,-0.33167415315034443,1,15,56,2000-07-06
000990.SZ,2010-10-12,13.0,12.86,13.01,12.75,13.04,-0.18,-1.38,53827.2,69242.4,1.9875,3.3635,1.87,94.1,89.7022,2.4557,1.3481,1.186,0.5654,0.7776,29703.2,27082.6,16003.2,381984.0,348282.0,2.95,14.34,11.74,0.0000,-0.35173119400806424,1,15,56,2000-07-06
000990.SZ,2010-10-13,12.86,12.6,12.93,12.45,12.86,-0.26,-2.02,70472.9,89085.0,2.6021,4.4037,2.02,92.1975,87.8887,2.406,1.3208,1.162,0.5771,0.7937,29703.2,27082.6,16003.2,374261.0,341241.0,2.95,14.15,11.57,0.0000,-0.31445040731936,1,15,56,2000-07-06
000990.SZ,2010-10-14,12.66,12.09,12.71,12.02,12.6,-0.51,-4.05,82025.0,100580.0,3.0287,5.1255,1.86,88.4657,84.3313,2.3086,1.2674,1.1149,0.6015,0.8271,29703.2,27082.6,16003.2,359112.0,327429.0,2.95,13.86,11.34,0.0000,-0.4428162577286378,1,15,56,2000-07-06
000990.SZ,2010-10-15,12.0,11.65,12.24,11.45,12.09,-0.44,-3.64,97631.2,114824.0,3.6049,6.1007,1.74,85.2461,81.2621,2.2246,1.2212,1.0744,0.6242,0.8584,29703.2,27082.6,16003.2,346043.0,315512.0,2.95,13.3,10.88,0.0000,-0.4541875055687468,1,15,56,2000-07-06
000990.SZ,2010-10-18,11.65,11.49,11.69,11.01,11.65,-0.16,-1.37,45881.8,51963.9,1.6941,2.867,0.66,84.0753,80.1461,2.1941,1.2045,1.0596,0.6329,0.8703,29703.2,27082.6,16003.2,341290.0,311179.0,2.95,12.82,10.49,0.0000,-0.4271540683459632,1,15,56,2000-07-06
000990.SZ,2010-10-19,11.49,12.17,12.18,11.48,11.49,0.68,5.92,89620.1,106497.0,3.3091,5.6001,1.28,89.0511,84.8893,2.3239,1.2758,1.1223,0.5975,0.8217,29703.2,27082.6,16003.2,361488.0,329595.0,2.95,12.64,10.34,0.0000,-0.0017871343886972785,1,15,56,2000-07-06
000990.SZ,2010-10-20,11.81,11.99,12.34,11.8,12.17,-0.18,-1.48,67901.9,82065.8,2.5072,4.243,0.88,87.734,83.6337,2.2895,1.2569,1.1057,0.6065,0.834,29703.2,27082.6,16003.2,356142.0,324720.0,2.95,13.39,10.95,0.0000,-0.27456400567016237,1,15,56,2000-07-06
000990.SZ,2010-10-21,12.0,12.12,12.23,11.85,11.99,0.13,1.08,58757.6,70694.9,2.1696,3.6716,0.77,88.6852,84.5405,2.3144,1.2705,1.1177,0.6,0.8251,29703.2,27082.6,16003.2,360003.0,328241.0,2.95,13.19,10.79,0.0000,-0.28560672884914806,1,15,56,2000-07-06
000990.SZ,2010-10-22,12.09,12.1,12.23,12.0,12.12,-0.02,-0.17,45384.5,54966.2,1.6758,2.836,0.63,88.5389,84.401,2.3105,1.2684,1.1159,0.601,0.8264,29703.2,27082.6,16003.2,359409.0,327699.0,2.95,13.33,10.91,,,1,15,56,2000-07-06
000990.SZ,2010-10-25,12.12,12.41,12.42,12.12,12.1,0.31,2.56,64473.5,79333.8,2.3806,4.0288,1.05,90.8072,86.5633,2.3697,1.3009,1.1445,0.5859,0.8058,29703.2,27082.6,16003.2,368617.0,336095.0,2.95,13.31,10.89,0.0000,0.10356488445916405,1,15,56,2000-07-06
000990.SZ,2010-10-26,12.42,12.8,12.86,12.25,12.41,0.39,3.14,105986.0,133843.0,3.9134,6.6228,1.62,93.6609,89.2837,2.4442,1.3418,1.1804,0.5681,0.7813,29703.2,27082.6,16003.2,380202.0,346657.0,2.95,13.65,11.17,0.0000,0.17603618704263632,1,15,56,2000-07-06
000990.SZ,2010-10-27,12.91,12.56,13.24,12.51,12.8,-0.24,-1.88,92922.8,120242.0,3.4311,5.8065,1.36,91.9048,87.6096,2.3984,1.3166,1.1583,0.5789,0.7962,29703.2,27082.6,16003.2,373073.0,340157.0,2.95,14.08,11.52,0.0000,-0.02215223004695753,1,15,56,2000-07-06
000990.SZ,2010-10-28,12.5,12.4,12.6,12.28,12.56,-0.16,-1.27,48629.3,60273.5,1.7956,3.0387,0.66,90.734,87.8601,2.3451,1.2999,1.1344,0.5864,0.8065,29703.2,27082.6,16003.2,368320.0,335824.0,2.95,13.82,11.3,0.0000,-0.013179385214723097,1,15,56,2000-07-06
000990.SZ,2010-10-29,12.38,12.7,12.7,12.33,12.4,0.3,2.42,58326.3,73057.2,2.1536,3.6447,0.82,92.9292,89.9858,2.4019,1.3313,1.1619,0.5726,0.7874,29703.2,27082.6,16003.2,377231.0,343949.0,2.95,13.64,11.16,,,1,15,56,2000-07-06
000990.SZ,2010-11-01,12.76,13.14,13.2,12.65,12.7,0.44,3.46,86596.7,111913.0,3.1975,5.4112,1.17,96.1488,93.1034,2.4851,1.3774,1.2021,0.5534,0.761,29703.2,27082.6,16003.2,390301.0,355865.0,2.95,13.97,11.43,0.0000,0.1217113134522564,1,15,56,2000-07-06
000990.SZ,2010-11-02,13.16,12.77,13.25,12.68,13.14,-0.37,-2.82,96393.8,124698.0,3.5593,6.0234,1.23,93.4414,90.4818,2.4151,1.3387,1.1683,0.5694,0.7831,29703.2,27082.6,16003.2,379310.0,345845.0,2.95,14.45,11.83,0.0000,-0.33242439559738335,1,15,56,2000-07-06
000990.SZ,2010-11-03,12.7,13.16,13.2,12.6,12.77,0.39,3.05,104189.0,135328.0,3.8471,6.5105,1.36,96.2952,93.2451,2.4889,1.3795,1.204,0.5526,0.7599,29703.2,27082.6,16003.2,390895.0,356407.0,2.95,14.05,11.49,0.0000,0.1842418093563947,1,15,56,2000-07-06
000990.SZ,2010-11-04,13.35,13.17,13.35,13.01,13.16,0.01,0.08,76983.2,101330.0,2.8425,4.8105,0.98,96.3683,93.316,2.4908,1.3806,1.2049,0.5521,0.7593,29703.2,27082.6,16003.2,391192.0,356678.0,2.95,14.48,11.84,0.0000,-0.15137582095200164,1,15,56,2000-07-06
000990.SZ,2010-11-05,13.2,13.54,13.75,13.08,13.17,0.37,2.81,130843.0,175903.0,4.8313,8.1761,1.55,99.0757,95.9376,2.5607,1.4194,1.2387,0.537,0.7386,29703.2,27082.6,16003.2,402182.0,366698.0,2.95,14.49,11.85,0.0000,0.15660725090937366,1,15,56,2000-07-06
000990.SZ,2010-11-08,13.47,13.93,13.99,13.35,13.54,0.39,2.88,96734.8,132889.0,3.5718,6.0447,0.98,101.929,98.7009,2.6345,1.4603,1.2744,0.522,0.7179,29703.2,27082.6,16003.2,413766.0,377260.0,2.95,14.89,12.19,0.0000,0.09720127634511232,1,15,56,2000-07-06
000990.SZ,2010-11-09,13.83,13.72,13.85,13.51,13.93,-0.21,-1.51,84153.8,115009.0,3.1073,5.2586,0.83,100.393,97.213,2.5948,1.4382,1.2552,0.53,0.7289,29703.2,27082.6,16003.2,407528.0,371573.0,2.95,15.32,12.54,0.0000,-0.09004192993365798,1,15,56,2000-07-06
000990.SZ,2010-11-10,13.77,13.77,14.2,13.65,13.72,0.05,0.36,89979.5,125548.0,3.3224,5.6226,0.91,100.759,97.5672,2.6042,1.4435,1.2598,0.5281,0.7262,29703.2,27082.6,16003.2,409014.0,372927.0,2.95,15.09,12.35,0.0000,0.05370405989512742,1,15,56,2000-07-06
000990.SZ,2010-11-11,13.7,13.65,14.25,13.62,13.77,-0.12,-0.87,108022.0,151219.0,3.9886,6.75,1.13,99.8806,96.717,2.5815,1.4309,1.2488,0.5327,0.7326,29703.2,27082.6,16003.2,405449.0,369677.0,2.95,15.15,12.39,0.0000,0.10786645960347982,1,15,56,2000-07-06
000990.SZ,2010-11-12,13.65,12.97,14.06,12.9,13.65,-0.68,-4.98,105719.0,142839.0,3.9036,6.6061,1.04,94.9049,91.8989,2.4529,1.3596,1.1866,0.5606,0.771,29703.2,27082.6,16003.2,385251.0,351261.0,2.95,15.02,12.29,0.0000,0.0296871553874981,1,15,56,2000-07-06
000990.SZ,2010-11-15,13.0,13.81,13.81,13.0,12.97,0.84,6.48,74589.3,100477.0,2.7541,4.6609,0.77,101.051,97.8507,2.6118,1.4477,1.2634,0.5265,0.7241,29703.2,27082.6,16003.2,410202.0,374011.0,2.95,14.27,11.67,,,1,15,56,2000-07-06
000990.SZ,2010-11-16,13.8,13.71,14.34,13.31,13.81,-0.1,-0.72,135599.0,188640.0,5.0069,8.4733,1.47,100.32,97.1421,2.5929,1.4372,1.2543,0.5304,0.7294,29703.2,27082.6,16003.2,407231.0,371302.0,2.95,15.19,12.43,0.0000,-0.07860064865103246,1,15,56,2000-07-06
000990.SZ,2010-11-17,13.6,12.4,13.67,12.4,13.71,-1.31,-9.56,59543.4,77934.1,2.1986,3.7207,0.58,90.734,87.8601,2.3451,1.2999,1.1344,0.5864,0.8065,29703.2,27082.6,16003.2,368320.0,335824.0,2.95,15.08,12.34,0.0000,-0.2646627761569032,1,15,56,2000-07-06
000990.SZ,2010-11-18,12.49,12.22,12.7,11.85,12.4,-0.18,-1.45,42666.4,52254.0,1.5754,2.6661,0.44,89.4169,86.5847,2.3111,1.281,1.118,0.5951,0.8183,29703.2,27082.6,16003.2,362974.0,330949.0,2.95,13.64,11.16,0.0000,-0.47938851623493184,1,15,56,2000-07-06
000990.SZ,2010-11-19,12.5,13.44,13.44,12.4,12.22,1.22,9.98,143793.0,192377.0,5.3094,8.9853,1.72,98.344,95.229,2.5418,1.4089,1.2296,0.541,0.744,29703.2,27082.6,16003.2,399212.0,363990.0,2.95,13.44,11.0,0.0000,0.13637251051138982,1,15,56,2000-07-06
000990.SZ,2010-11-22,14.3,13.82,14.66,13.72,13.44,0.38,2.83,264341.0,375715.0,9.7605,16.518,2.9,101.125,97.9215,2.6137,1.4487,1.2643,0.5262,0.7236,29703.2,27082.6,16003.2,410499.0,374281.0,2.95,14.78,12.1,0.0000,-0.06260383331713198,1,15,56,2000-07-06
000990.SZ,2010-11-23,13.6,14.68,15.14,13.51,13.82,0.86,6.22,313416.0,456556.0,11.5726,19.5846,2.43,107.417,104.015,2.7763,1.5389,1.343,0.4953,0.6812,29703.2,27082.6,16003.2,436044.0,397572.0,2.95,15.2,12.44,0.0000,0.04821273813418382,1,15,56,2000-07-06
000990.SZ,2010-11-24,14.3,15.2,15.4,14.01,14.68,0.52,3.54,257386.0,384540.0,9.5038,16.0834,1.56,111.222,107.7,2.8747,1.5934,1.3906,0.4784,0.6579,29703.2,27082.6,16003.2,451489.0,411655.0,2.95,16.15,13.21,0.0000,0.03122978827198022,1,15,56,2000-07-06
000990.SZ,2010-11-25,15.1,15.07,15.52,14.81,15.2,-0.13,-0.86,167869.0,253608.0,6.1984,10.4897,0.82,110.271,106.778,2.8501,1.5798,1.3787,0.4825,0.6636,29703.2,27082.6,16003.2,447628.0,408135.0,2.95,16.72,13.68,0.0000,0.016518628996982736,1,15,56,2000-07-06
000990.SZ,2010-11-26,15.25,15.71,15.99,15.13,15.07,0.64,4.25,204672.0,319515.0,7.5573,12.7894,0.89,114.954,111.313,2.9711,1.6469,1.4372,0.4629,0.6365,29703.2,27082.6,16003.2,466638.0,425468.0,2.95,16.58,13.56,0.0000,0.11028356689095058,1,15,56,2000-07-06
000990.SZ,2010-11-29,15.56,15.69,15.98,15.41,15.71,-0.02,-0.13,103049.0,161709.0,3.805,6.4393,0.43,114.808,111.171,2.9673,1.6448,1.4354,0.4635,0.6373,29703.2,27082.6,16003.2,466044.0,424926.0,2.95,17.28,14.14,0.0000,0.020047721462541294,1,15,56,2000-07-06
000990.SZ,2010-11-30,15.5,15.2,15.88,14.2,15.69,-0.49,-3.12,137917.0,205848.0,5.0925,8.6181,0.66,111.222,107.7,2.8747,1.5934,1.3906,0.4784,0.6579,29703.2,27082.6,16003.2,451489.0,411655.0,2.95,17.26,14.12,0.0000,-0.11559120914561193,1,15,56,2000-07-06
000990.SZ,2010-12-01,15.0,15.1,15.32,14.5,15.2,-0.1,-0.66,64995.1,96850.4,2.3999,4.0614,0.37,110.491,106.991,2.8558,1.5829,1.3814,0.4816,0.6623,29703.2,27082.6,16003.2,448519.0,408947.0,2.95,16.72,13.68,,,1,15,56,2000-07-06
000990.SZ,2010-12-02,15.2,14.89,15.45,14.88,15.1,-0.21,-1.39,80519.9,121876.0,2.9731,5.0315,0.59,108.954,105.503,2.816,1.5609,1.3622,0.4884,0.6716,29703.2,27082.6,16003.2,442281.0,403260.0,2.95,16.61,13.59,0.0000,-0.0848955792477032,1,15,56,2000-07-06
000990.SZ,2010-12-03,14.74,14.25,14.8,14.23,14.89,-0.64,-4.3,63617.4,91789.3,2.349,3.9753,0.54,104.271,100.968,2.695,1.4938,1.3037,0.5103,0.7018,29703.2,27082.6,16003.2,423271.0,385927.0,2.95,16.38,13.4,0.0000,-0.22938726624628136,1,15,56,2000-07-06
000990.SZ,2010-12-06,14.5,14.3,14.75,13.94,14.25,0.05,0.35,57858.9,83249.5,2.1364,3.6155,0.64,104.637,101.323,2.7045,1.499,1.3082,0.5085,0.6993,29703.2,27082.6,16003.2,424756.0,387281.0,2.95,15.68,12.83,0.0000,-0.17189364665883003,1,15,56,2000-07-06
000990.SZ,2010-12-07,14.19,14.78,14.86,13.89,14.3,0.48,3.36,46883.5,68130.7,1.7311,2.9296,0.58,108.149,104.724,2.7952,1.5494,1.3522,0.492,0.6766,29703.2,27082.6,16003.2,439014.0,400281.0,2.95,15.73,12.87,0.0000,0.23324474071423937,1,15,56,2000-07-06
000990.SZ,2010-12-08,14.63,14.73,15.17,14.5,14.78,-0.05,-0.34,50485.7,74826.7,1.8641,3.1547,0.8,107.783,104.369,2.7858,1.5441,1.3476,0.4937,0.6789,29703.2,27082.6,16003.2,437529.0,398927.0,2.95,16.26,13.3,0.0000,-0.04689100321623355,1,15,56,2000-07-06
000990.SZ,2010-12-09,14.55,14.59,14.95,14.33,14.73,-0.14,-0.95,42226.4,61802.8,1.5592,2.6386,0.71,106.759,103.377,2.7593,1.5294,1.3348,0.4984,0.6854,29703.2,27082.6,16003.2,433370.0,395135.0,2.95,16.2,13.26,0.0000,0.03668661158395376,1,15,56,2000-07-06
000990.SZ,2010-12-10,14.49,14.84,14.87,14.28,14.59,0.25,1.71,36375.7,53152.0,1.3431,2.273,0.7,108.588,105.149,2.8066,1.5557,1.3576,0.49,0.6739,29703.2,27082.6,16003.2,440796.0,401906.0,2.95,16.05,13.13,0.0000,0.0521709938234948,1,15,56,2000-07-06
000990.SZ,2010-12-13,15.05,15.21,15.32,14.91,14.84,0.37,2.49,68965.9,104425.0,2.5465,4.3095,1.47,111.296,107.77,2.8766,1.5944,1.3915,0.4781,0.6575,29703.2,27082.6,16003.2,451786.0,411926.0,2.95,16.32,13.36,0.0000,-0.03626028060438183,1,15,56,2000-07-06
000990.SZ,2010-12-14,15.2,16.43,16.73,15.01,15.21,1.22,8.02,157293.0,253607.0,5.8079,9.8289,3.21,120.223,116.415,3.1073,1.7223,1.5031,0.4426,0.6086,29703.2,27082.6,16003.2,488024.0,444967.0,2.95,16.73,13.69,0.0000,0.23757737701699458,1,15,56,2000-07-06
000990.SZ,2010-12-15,16.2,16.68,17.16,16.12,16.43,0.25,1.52,126015.0,211277.0,4.653,7.8744,1.77,122.052,118.186,3.1546,1.7485,1.526,0.4359,0.5995,29703.2,27082.6,16003.2,495450.0,451738.0,2.95,18.07,14.79,0.0000,0.18271129573141348,1,15,56,2000-07-06
000990.SZ,2010-12-16,16.58,16.66,16.73,16.25,16.68,-0.02,-0.12,54160.1,89291.9,1.9998,3.3843,0.63,121.906,118.044,3.1508,1.7464,1.5242,0.4365,0.6002,29703.2,27082.6,16003.2,494856.0,451196.0,2.95,18.35,15.01,0.0000,-0.020185858313171833,1,15,56,2000-07-06
000990.SZ,2010-12-17,16.64,16.7,16.96,16.36,16.66,0.04,0.24,42744.3,71647.7,1.5783,2.671,0.48,122.198,118.328,3.1584,1.7506,1.5278,0.4354,0.5988,29703.2,27082.6,16003.2,496044.0,452279.0,2.95,18.33,14.99,0.0000,0.1004928710788936,1,15,56,2000-07-06
000990.SZ,2010-12-20,16.7,15.9,16.85,15.5,16.7,-0.8,-4.79,86421.7,138418.0,3.191,5.4003,0.96,116.344,112.659,3.0071,1.6668,1.4546,0.4573,0.6289,29703.2,27082.6,16003.2,472282.0,430613.0,2.95,18.37,15.03,0.0000,-0.25190616079701056,1,15,56,2000-07-06
000990.SZ,2010-12-21,16.0,16.25,16.38,15.78,15.9,0.35,2.2,58689.9,94375.2,2.1671,3.6674,0.63,118.906,115.139,3.0733,1.7035,1.4866,0.4475,0.6154,29703.2,27082.6,16003.2,482678.0,440092.0,2.95,17.49,14.31,0.0000,0.07766679298571222,1,15,56,2000-07-06
000990.SZ,2010-12-22,16.01,15.82,16.15,15.5,16.25,-0.43,-2.65,48383.8,76264.8,1.7865,3.0234,0.66,115.759,112.092,2.9919,1.6584,1.4473,0.4596,0.6321,29703.2,27082.6,16003.2,469905.0,428447.0,2.95,17.88,14.63,0.0000,-0.2590695985362428,1,15,56,2000-07-06
000990.SZ,2010-12-23,15.68,15.26,15.87,15.1,15.82,-0.56,-3.54,39232.1,60525.7,1.4486,2.4515,0.68,111.661,108.125,2.886,1.5997,1.3961,0.4765,0.6553,29703.2,27082.6,16003.2,453271.0,413280.0,2.95,17.4,14.24,0.0000,-0.34637579739047664,1,15,56,2000-07-06
000990.SZ,2010-12-24,15.12,14.46,15.12,14.39,15.26,-0.8,-5.24,40074.2,58818.3,1.4797,2.5041,0.73,105.808,102.456,2.7347,1.5158,1.3229,0.5029,0.6916,29703.2,27082.6,16003.2,429509.0,391614.0,2.95,16.79,13.73,0.0000,-0.499410587533921,1,15,56,2000-07-06
000990.SZ,2010-12-27,14.7,13.71,14.94,13.67,14.46,-0.75,-5.19,61605.6,88200.5,2.2747,3.8496,1.13,100.32,97.1421,2.5929,1.4372,1.2543,0.5304,0.7294,29703.2,27082.6,16003.2,407231.0,371302.0,2.95,15.91,13.01,0.0000,-0.38946589100197254,1,15,56,2000-07-06
000990.SZ,2010-12-28,13.56,13.7,13.95,13.48,13.71,-0.01,-0.07,34190.7,46963.5,1.2625,2.1365,0.69,100.246,97.0713,2.591,1.4361,1.2534,0.5308,0.7299,29703.2,27082.6,16003.2,406934.0,371032.0,2.95,15.08,12.34,0.0000,-0.08956519699052085,1,15,56,2000-07-06
000990.SZ,2010-12-29,13.77,13.98,14.02,13.49,13.7,0.28,2.04,36144.6,49783.9,1.3346,2.2586,0.81,102.295,99.0552,2.6439,1.4655,1.279,0.5201,0.7153,29703.2,27082.6,16003.2,415251.0,378615.0,2.95,15.07,12.33,0.0000,-0.0005949503155845084,1,15,56,2000-07-06
000990.SZ,2010-12-30,13.98,14.01,14.08,13.7,13.98,0.03,0.21,34487.6,47809.6,1.2734,2.155,0.82,102.515,99.2678,2.6496,1.4686,1.2817,0.519,0.7138,29703.2,27082.6,16003.2,416142.0,379427.0,2.95,15.38,12.58,,,1,15,56,2000-07-06
000990.SZ,2010-12-31,14.01,14.0,14.2,13.8,14.01,-0.01,-0.07,44865.0,62772.8,1.6566,2.8035,1.09,102.442,99.1969,2.6477,1.4676,1.2808,0.5194,0.7143,29703.2,27082.6,16003.2,415845.0,379156.0,2.95,15.41,12.61,0.0000,-0.34282640571960016,1,15,56,2000-07-06
000990.SZ,2011-01-04,14.0,14.15,14.18,13.6,14.0,0.15,1.07,70403.2,97823.3,2.5996,4.3993,1.67,103.539,100.26,2.6761,1.4833,1.2945,0.7067,0.7067,29703.2,27082.6,16003.2,420301.0,383219.0,2.95,15.4,12.6,0.0000,-0.29362369370874863,1,15,56,2000-07-06
000990.SZ,2011-01-05,14.0,14.66,14.9,13.91,14.15,0.51,3.6,86944.0,125830.0,3.2103,5.4329,1.98,107.271,103.873,2.7725,1.5368,1.3412,0.6821,0.6821,29703.2,27082.6,16003.2,435450.0,397031.0,2.95,15.57,12.74,0.0000,0.05560805042304179,1,15,56,2000-07-06
000990.SZ,2011-01-06,14.68,14.33,14.73,14.23,14.66,-0.33,-2.25,46906.1,67717.3,1.732,2.931,0.86,104.856,101.535,2.7101,1.5022,1.311,0.6978,0.6978,29703.2,27082.6,16003.2,425647.0,388094.0,2.95,16.13,13.19,0.0000,-0.08894580094084403,1,15,56,2000-07-06
000990.SZ,2011-01-07,14.41,14.13,14.48,14.02,14.33,-0.2,-1.4,29311.0,41812.6,1.0823,1.8316,0.52,103.393,100.118,2.6723,1.4812,1.2927,0.7077,0.7077,29703.2,27082.6,16003.2,419707.0,382677.0,2.95,15.76,12.9,0.0000,-0.39453630805049034,1,15,56,2000-07-06
000990.SZ,2011-01-10,14.07,13.4,14.19,13.3,14.13,-0.73,-5.17,60211.3,82415.8,2.2232,3.7625,1.08,98.0513,94.9456,2.5343,1.4047,1.2259,0.7463,0.7463,29703.2,27082.6,16003.2,398023.0,362907.0,2.95,15.54,12.72,0.0000,-0.18385481682252658,1,15,56,2000-07-06
000990.SZ,2011-01-11,13.38,12.95,13.4,12.81,13.4,-0.45,-3.36,48186.6,62527.4,1.7792,3.0111,0.82,94.7585,91.7571,2.4491,1.3575,1.1847,0.7722,0.7722,29703.2,27082.6,16003.2,384657.0,350720.0,2.95,14.74,12.06,0.0000,-0.23764141324209948,1,15,56,2000-07-06
000990.SZ,2011-01-12,13.05,12.95,13.15,12.69,12.95,0.0,0.0,41786.7,53941.0,1.5429,2.6111,0.77,94.7585,91.7571,2.4491,1.3575,1.1847,0.7722,0.7722,29703.2,27082.6,16003.2,384657.0,350720.0,2.95,14.25,11.66,0.0000,-0.16534196419021327,1,15,56,2000-07-06
000990.SZ,2011-01-13,13.02,12.9,13.13,12.86,12.95,-0.05,-0.39,25275.6,32761.7,0.9333,1.5794,0.56,94.3927,91.4029,2.4397,1.3523,1.1802,0.7752,0.7752,29703.2,27082.6,16003.2,383172.0,349365.0,2.95,14.25,11.66,0.0000,-0.35330828506867196,1,15,56,2000-07-06
000990.SZ,2011-01-14,12.84,12.41,12.89,12.26,12.9,-0.49,-3.8,40422.2,50775.3,1.4926,2.5259,0.99,90.8072,87.931,2.347,1.3009,1.1353,0.8058,0.8058,29703.2,27082.6,16003.2,368617.0,336095.0,2.95,14.19,11.61,0.0000,-0.4526441520423918,1,15,56,2000-07-06
000990.SZ,2011-01-17,12.36,12.21,12.55,11.99,12.41,-0.2,-1.61,31809.2,38947.4,1.1745,1.9877,0.74,89.3438,86.5139,2.3092,1.28,1.117,0.819,0.819,29703.2,27082.6,16003.2,362677.0,330678.0,2.95,13.65,11.17,0.0000,-0.2759899425980636,1,15,56,2000-07-06
000990.SZ,2011-01-18,12.19,12.23,12.29,12.12,12.21,0.02,0.16,24134.5,29457.9,0.8911,1.5081,0.64,89.4901,86.6556,2.313,1.2821,1.1189,0.8177,0.8177,29703.2,27082.6,16003.2,363271.0,331220.0,2.95,13.43,10.99,,,1,15,56,2000-07-06
000990.SZ,2011-01-19,12.23,12.48,12.49,12.23,12.23,0.25,2.04,35971.5,44467.8,1.3282,2.2478,1.1,91.3194,88.427,2.3603,1.3083,1.1417,0.8013,0.8013,29703.2,27082.6,16003.2,370696.0,337991.0,2.95,13.45,11.01,,,1,15,56,2000-07-06
000990.SZ,2011-01-20,12.48,11.63,12.48,11.58,12.48,-0.85,-6.81,43309.9,51710.1,1.5992,2.7063,1.37,85.0998,82.4043,2.1995,1.2192,1.064,0.8598,0.8598,29703.2,27082.6,16003.2,345449.0,314971.0,2.95,13.73,11.23,0.0000,-0.42400117796606834,1,15,56,2000-07-06
000990.SZ,2011-01-21,11.61,11.62,11.78,11.39,11.63,-0.01,-0.09,25626.3,29743.9,0.9462,1.6013,0.73,85.0266,82.3334,2.1976,1.2181,1.0631,0.8606,0.8606,29703.2,27082.6,16003.2,345152.0,314700.0,2.95,12.79,10.47,,,1,15,56,2000-07-06
000990.SZ,2011-01-24,11.66,11.26,11.72,11.26,11.62,-0.36,-3.1,22518.3,25736.7,0.8315,1.4071,0.7,82.3924,79.7827,2.1295,1.1804,1.0301,0.8881,0.8881,29703.2,27082.6,16003.2,334458.0,304950.0,2.95,12.78,10.46,,,1,15,56,2000-07-06
000990.SZ,2011-01-25,11.3,11.25,11.38,11.15,11.26,-0.01,-0.09,12027.2,13525.6,0.4441,0.7516,0.4,82.3192,79.7118,2.1276,1.1793,1.0292,0.8889,0.8889,29703.2,27082.6,16003.2,334161.0,304679.0,2.95,12.39,10.13,,,1,15,56,2000-07-06
000990.SZ,2011-01-26,11.25,11.62,11.94,11.2,11.25,0.37,3.29,25731.0,29741.4,0.9501,1.6079,0.92,85.0266,82.3334,2.1976,1.2181,1.0631,0.8606,0.8606,29703.2,27082.6,16003.2,345152.0,314700.0,2.95,12.38,10.13,,,1,15,56,2000-07-06
000990.SZ,2011-01-27,11.45,11.69,11.78,11.35,11.62,0.07,0.6,19027.5,22109.9,0.7026,1.189,0.74,85.5388,82.8294,2.2109,1.2254,1.0695,0.8554,0.8554,29703.2,27082.6,16003.2,347231.0,316596.0,2.95,12.78,10.46,,,1,15,56,2000-07-06
000990.SZ,2011-01-28,11.72,11.76,11.85,11.59,11.69,0.07,0.6,20758.2,24301.4,0.7665,1.2971,0.99,86.051,83.3254,2.2241,1.2328,1.0759,0.8503,0.8503,29703.2,27082.6,16003.2,349310.0,318491.0,2.95,12.86,10.52,,,1,15,56,2000-07-06
000990.SZ,2011-01-31,11.76,11.95,11.99,11.7,11.76,0.19,1.62,24932.0,29635.5,0.9206,1.5579,1.25,87.4413,84.6717,2.26,1.2527,1.0933,0.8368,0.8368,29703.2,27082.6,16003.2,354954.0,323637.0,2.95,12.94,10.58,,,1,15,56,2000-07-06
000990.SZ,2011-02-01,11.99,11.9,11.99,11.79,11.95,-0.05,-0.42,14508.2,17228.9,0.5357,0.9066,0.71,87.0754,84.3174,2.2506,1.2475,1.0887,0.8403,0.8403,29703.2,27082.6,16003.2,353469.0,322283.0,2.95,13.15,10.76,0.0000,-0.38985896587531216,1,15,56,2000-07-06
000990.SZ,2011-02-09,11.82,11.95,12.2,11.8,11.9,0.05,0.42,20129.7,24231.3,0.7433,1.2579,0.96,87.4413,84.6717,2.26,1.2527,1.0933,0.8368,0.8368,29703.2,27082.6,16003.2,354954.0,323637.0,2.95,13.09,10.71,,,1,15,56,2000-07-06
000990.SZ,2011-02-10,12.05,12.37,12.43,12.05,11.95,0.42,3.51,40935.4,50356.1,1.5115,2.558,2.06,90.5145,87.6476,2.3395,1.2967,1.1317,0.8084,0.8084,29703.2,27082.6,16003.2,367429.0,335012.0,2.95,13.15,10.76,0.0000,-0.0916346867405238,1,15,56,2000-07-06
000990.SZ,2011-02-11,12.35,12.48,12.57,12.26,12.37,0.11,0.89,62405.3,77418.6,2.3043,3.8996,2.57,91.3194,88.427,2.3603,1.3083,1.1417,0.8013,0.8013,29703.2,27082.6,16003.2,370696.0,337991.0,2.95,13.61,11.13,0.0000,0.24042521286557095,1,15,56,2000-07-06
000990.SZ,2011-02-14,12.49,12.7,12.85,12.43,12.48,0.22,1.76,47344.6,59772.8,1.7482,2.9584,1.45,92.9292,89.9858,2.4019,1.3313,1.1619,0.7874,0.7874,29703.2,27082.6,16003.2,377231.0,343949.0,2.95,13.73,11.23,,,1,15,56,2000-07-06
000990.SZ,2011-02-15,12.7,12.55,12.83,12.52,12.7,-0.15,-1.18,47626.3,60562.7,1.7586,2.9761,1.28,91.8316,88.9229,2.3735,1.3156,1.1481,0.7968,0.7968,29703.2,27082.6,16003.2,372776.0,339887.0,2.95,13.97,11.43,0.0000,-0.10779979539960405,1,15,56,2000-07-06
000990.SZ,2011-02-16,12.48,12.8,12.8,12.46,12.55,0.25,1.99,51950.4,65873.6,1.9182,3.2463,1.19,93.6609,90.6943,2.4208,1.3418,1.171,0.7813,0.7813,29703.2,27082.6,16003.2,380202.0,346657.0,2.95,13.81,11.3,0.0000,0.016918535172797237,1,15,56,2000-07-06
000990.SZ,2011-02-17,12.82,13.14,13.25,12.76,12.8,0.34,2.66,73646.0,95978.8,2.7193,4.602,1.47,96.1488,93.1034,2.4851,1.3774,1.2021,0.761,0.761,29703.2,27082.6,16003.2,390301.0,355865.0,2.95,14.08,11.52,0.0000,0.021884830211462578,1,15,56,2000-07-06
000990.SZ,2011-02-18,13.12,13.02,13.25,12.83,13.14,-0.12,-0.91,33227.7,43145.4,1.2269,2.0763,0.59,95.2707,92.2531,2.4624,1.3649,1.1911,0.768,0.768,29703.2,27082.6,16003.2,386736.0,352615.0,2.95,14.45,11.83,,,1,15,56,2000-07-06
000990.SZ,2011-02-21,12.95,13.19,13.2,12.83,13.02,0.17,1.31,53918.1,70338.6,1.9909,3.3692,1.06,96.5147,93.4577,2.4945,1.3827,1.2067,0.7582,0.7582,29703.2,27082.6,16003.2,391786.0,357219.0,2.95,14.32,11.72,0.0000,0.03934951225358613,1,15,56,2000-07-06
000990.SZ,2011-02-22,13.25,12.65,13.25,12.65,13.19,-0.54,-4.09,43732.5,56296.9,1.6148,2.7327,0.84,92.5634,89.6315,2.3924,1.3261,1.1573,0.7905,0.7905,29703.2,27082.6,16003.2,375746.0,342595.0,2.95,14.51,11.87,,,1,15,56,2000-07-06
000990.SZ,2011-02-23,12.55,12.65,12.87,12.5,12.65,0.0,0.0,36604.0,46423.4,1.3516,2.2873,0.71,92.5634,89.6315,2.3924,1.3261,1.1573,0.7905,0.7905,29703.2,27082.6,16003.2,375746.0,342595.0,2.95,13.92,11.39,0.0000,-0.23362117876471267,1,15,56,2000-07-06
000990.SZ,2011-02-24,12.65,12.84,12.96,12.62,12.65,0.19,1.5,43818.7,56237.4,1.618,2.7381,0.91,93.9536,90.9777,2.4283,1.346,1.1747,0.7788,0.7788,29703.2,27082.6,16003.2,381390.0,347740.0,2.95,13.92,11.39,0.0000,-0.11296970095821895,1,15,56,2000-07-06
000990.SZ,2011-02-25,12.84,12.92,12.96,12.68,12.84,0.08,0.62,30130.5,38662.7,1.1125,1.8828,0.71,94.539,91.5446,2.4435,1.3544,1.182,0.774,0.774,29703.2,27082.6,16003.2,383766.0,349907.0,2.95,14.12,11.56,0.0000,-0.10313854392310046,1,15,56,2000-07-06
000990.SZ,2011-02-28,12.92,12.85,12.97,12.55,12.92,-0.07,-0.54,119898.0,152343.0,4.4271,7.4921,2.88,94.0268,91.0486,2.4302,1.347,1.1756,0.7782,0.7782,29703.2,27082.6,16003.2,381687.0,348011.0,2.95,14.21,11.63,0.0000,-0.31454170310329604,1,15,56,2000-07-06
000990.SZ,2011-03-01,12.8,13.2,13.28,12.73,12.85,0.35,2.72,118635.0,155183.0,4.3805,7.4132,2.16,96.5879,93.5285,2.4964,1.3837,1.2076,0.7576,0.7576,29703.2,27082.6,16003.2,392083.0,357490.0,2.95,14.14,11.57,0.0000,-0.01802355208812455,1,15,56,2000-07-06
000990.SZ,2011-03-02,13.05,13.15,13.34,12.9,13.2,-0.05,-0.38,62957.6,82506.1,2.3247,3.9341,0.9,96.222,93.1742,2.487,1.3785,1.203,0.7605,0.7605,29703.2,27082.6,16003.2,390598.0,356136.0,2.95,14.52,11.88,0.0000,-0.3729921673874572,1,15,56,2000-07-06
000990.SZ,2011-03-03,13.07,12.82,13.3,12.75,13.15,-0.33,-2.51,67178.3,87500.7,2.4805,4.1978,0.89,93.8073,90.836,2.4246,1.3439,1.1728,0.78,0.78,29703.2,27082.6,16003.2,380796.0,347199.0,2.95,14.47,11.84,0.0000,-0.1438428102251925,1,15,56,2000-07-06
000990.SZ,2011-03-04,12.81,12.9,12.94,12.73,12.82,0.08,0.62,40110.1,51451.5,1.481,2.5064,0.5,94.3927,91.4029,2.4397,1.3523,1.1802,0.7752,0.7752,29703.2,27082.6,16003.2,383172.0,349365.0,2.95,14.1,11.54,0.0000,-0.15536673843937274,1,15,56,2000-07-06
000990.SZ,2011-03-07,12.91,13.08,13.08,12.91,12.9,0.18,1.4,64932.4,84477.2,2.3976,4.0575,0.79,95.7098,92.6783,2.4737,1.3712,1.1966,0.7645,0.7645,29703.2,27082.6,16003.2,388518.0,354240.0,2.95,14.19,11.61,0.0000,-0.05975355335716856,1,15,56,2000-07-06
000990.SZ,2011-03-08,13.1,13.5,13.5,13.05,13.08,0.42,3.21,91350.2,121702.0,3.373,5.7082,1.29,98.783,95.6542,2.5532,1.4152,1.2351,0.7407,0.7407,29703.2,27082.6,16003.2,400994.0,365615.0,2.95,14.39,11.77,0.0000,0.1602685763658654,1,15,56,2000-07-06
000990.SZ,2011-03-09,13.6,13.37,13.63,13.21,13.5,-0.13,-0.96,62971.1,84035.6,2.3251,3.9349,0.96,97.8318,94.7331,2.5286,1.4016,1.2232,0.7479,0.7479,29703.2,27082.6,16003.2,397132.0,362094.0,2.95,14.85,12.15,0.0000,-0.22296788381466082,1,15,56,2000-07-06
000990.SZ,2011-03-10,13.38,13.62,13.75,13.25,13.37,0.25,1.87,89568.1,121305.0,3.3072,5.5969,1.37,99.6611,96.5044,2.5759,1.4278,1.246,0.7342,0.7342,29703.2,27082.6,16003.2,404558.0,368865.0,2.95,14.71,12.03,0.0000,0.05679690159942168,1,15,56,2000-07-06
000990.SZ,2011-03-11,13.52,13.51,13.97,13.46,13.62,-0.11,-0.81,79223.5,108800.0,2.9253,4.9505,1.14,98.8562,95.725,2.5551,1.4162,1.236,0.7402,0.7402,29703.2,27082.6,16003.2,401291.0,365886.0,2.95,14.98,12.26,0.0000,-0.02735844344769245,1,15,56,2000-07-06
000990.SZ,2011-03-14,13.6,13.83,14.07,13.59,13.51,0.32,2.37,95875.7,133194.0,3.5401,5.991,1.24,101.198,97.9924,2.6156,1.4498,1.2652,0.7231,0.7231,29703.2,27082.6,16003.2,410796.0,374552.0,2.95,14.86,12.16,0.0000,-0.09187294655369067,1,15,56,2000-07-06
000990.SZ,2011-03-15,13.73,13.22,13.73,12.93,13.83,-0.61,-4.41,96201.1,127320.0,3.5521,6.0114,1.15,96.7342,93.6702,2.5002,1.3858,1.2094,0.7564,0.7564,29703.2,27082.6,16003.2,392677.0,358032.0,2.95,15.21,12.45,0.0000,-0.5005327343853763,1,15,56,2000-07-06
000990.SZ,2011-03-16,13.26,13.6,13.61,13.16,13.22,0.38,2.87,76297.4,102076.0,2.8172,4.7676,0.9,99.5148,96.3627,2.5721,1.4257,1.2442,0.7353,0.7353,29703.2,27082.6,16003.2,403964.0,368323.0,2.95,14.54,11.9,0.0000,0.06630172050780822,1,15,56,2000-07-06
000990.SZ,2011-03-17,13.5,12.97,13.53,12.78,13.6,-0.63,-4.63,80110.0,105669.0,2.958,5.0059,0.92,94.9049,91.8989,2.4529,1.3596,1.1866,0.771,0.771,29703.2,27082.6,16003.2,385251.0,351261.0,2.95,14.96,12.24,0.0000,-0.2751574364285692,1,15,56,2000-07-06
000990.SZ,2011-03-18,13.06,12.97,13.11,12.84,12.97,0.0,0.0,54209.8,70211.8,2.0016,3.3874,0.63,94.9049,91.8989,2.4529,1.3596,1.1866,0.771,0.771,29703.2,27082.6,16003.2,385251.0,351261.0,2.95,14.27,11.67,0.0000,-0.0566426856136623,1,15,56,2000-07-06
000990.SZ,2011-03-21,12.97,12.73,12.97,12.62,12.97,-0.24,-1.85,38791.9,49394.1,1.4324,2.424,0.48,93.1487,90.1983,2.4075,1.3345,1.1646,0.7855,0.7855,29703.2,27082.6,16003.2,378122.0,344761.0,2.95,14.27,11.67,0.0000,-0.3429972539446145,1,15,56,2000-07-06
000990.SZ,2011-03-22,12.74,12.8,12.84,12.6,12.73,0.07,0.55,26385.6,33554.0,0.9743,1.6488,0.38,93.6609,90.6943,2.4208,1.3418,1.171,0.7813,0.7813,29703.2,27082.6,16003.2,380202.0,346657.0,2.95,14.0,11.46,,,1,15,56,2000-07-06
000990.SZ,2011-03-23,12.83,12.94,12.97,12.71,12.8,0.14,1.09,29336.4,37724.3,1.0832,1.8332,0.53,94.6854,91.6863,2.4473,1.3565,1.1838,0.7728,0.7728,29703.2,27082.6,16003.2,384360.0,350449.0,2.95,14.08,11.52,,,1,15,56,2000-07-06
000990.SZ,2011-03-24,12.95,12.98,13.18,12.87,12.94,0.04,0.31,41952.8,54803.6,1.5491,2.6215,0.92,94.9781,91.9697,2.4548,1.3607,1.1875,0.7704,0.7704,29703.2,27082.6,16003.2,385548.0,351532.0,2.95,14.23,11.65,0.0000,-0.12856234068448855,1,15,56,2000-07-06
000990.SZ,2011-03-25,12.97,13.15,13.28,12.94,12.98,0.17,1.31,51605.4,67579.8,1.9055,3.2247,1.35,96.222,93.1742,2.487,1.3785,1.203,0.7605,0.7605,29703.2,27082.6,16003.2,390598.0,356136.0,2.95,14.28,11.68,0.0000,-0.030925380723622702,1,15,56,2000-07-06
000990.SZ,2011-03-28,13.35,14.25,14.46,13.22,13.15,1.1,8.37,209232.0,289179.0,7.7257,13.0744,5.56,196.508,196.508,2.7003,1.3479,1.3479,0.7018,0.7018,29703.2,27082.6,16003.2,423271.0,385927.0,2.95,14.47,11.84,0.0000,0.0277503110482214,1,15,56,2000-07-06
000990.SZ,2011-03-29,13.87,13.67,14.08,13.57,14.25,-0.58,-4.07,134339.0,185637.0,4.9604,8.3945,1.87,188.51,188.51,2.5904,1.2931,1.2931,0.7315,0.7315,29703.2,27082.6,16003.2,406043.0,370219.0,2.95,15.68,12.83,0.0000,-0.11375760710161459,1,15,56,2000-07-06
000990.SZ,2011-03-30,13.57,13.19,13.73,13.15,13.67,-0.48,-3.51,76225.5,101786.0,2.8146,4.7631,0.82,181.891,181.891,2.4994,1.2477,1.2477,0.7582,0.7582,29703.2,27082.6,16003.2,391786.0,357219.0,2.95,15.04,12.3,0.0000,-0.24887888480314416,1,15,56,2000-07-06
000990.SZ,2011-03-31,13.11,12.69,13.18,12.6,13.19,-0.5,-3.79,72430.1,93175.8,2.6744,4.526,0.71,174.996,174.996,2.4047,1.2004,1.2004,0.788,0.788,29703.2,27082.6,16003.2,376934.0,343678.0,2.95,14.51,11.87,0.0000,-0.3835601825004045,1,15,56,2000-07-06
000990.SZ,2011-04-01,12.62,12.86,12.98,12.62,12.69,0.17,1.34,35122.2,45123.6,1.2969,2.1947,0.32,177.34,177.34,2.4369,1.2164,1.2164,0.7776,0.7776,29703.2,27082.6,16003.2,381984.0,348282.0,2.95,13.96,11.42,0.0000,0.012388926280704569,1,15,56,2000-07-06
000990.SZ,2011-04-06,12.83,13.01,13.05,12.65,12.86,0.15,1.17,37557.9,48130.0,1.3868,2.3469,0.36,179.408,179.408,2.4653,1.2306,1.2306,0.7686,0.7686,29703.2,27082.6,16003.2,386439.0,352345.0,2.95,14.15,11.57,,,1,15,56,2000-07-06
000990.SZ,2011-04-07,12.99,12.95,12.99,12.75,13.01,-0.06,-0.46,33833.0,43556.0,1.2493,2.1141,0.48,178.581,178.581,2.4539,1.225,1.225,0.7722,0.7722,29703.2,27082.6,16003.2,384657.0,350720.0,2.95,14.31,11.71,,,1,15,56,2000-07-06
000990.SZ,2011-04-08,12.95,13.31,13.35,12.83,12.95,0.36,2.78,51552.6,67970.3,1.9035,3.2214,1.01,183.546,183.546,2.5222,1.259,1.259,0.7513,0.7513,29703.2,27082.6,16003.2,395350.0,360469.0,2.95,14.25,11.66,0.0000,0.19540712464579915,1,15,56,2000-07-06
000990.SZ,2011-04-11,13.28,13.51,13.52,13.2,13.31,0.2,1.5,64349.8,86331.4,2.3761,4.0211,1.4,186.303,186.303,2.5601,1.2779,1.2779,0.7402,0.7402,29703.2,27082.6,16003.2,401291.0,365886.0,2.95,14.64,11.98,0.0000,-0.005268349263061297,1,15,56,2000-07-06
000990.SZ,2011-04-12,13.45,13.42,13.73,13.39,13.51,-0.09,-0.67,53777.7,72971.7,1.9857,3.3604,1.21,185.062,185.062,2.543,1.2694,1.2694,0.7452,0.7452,29703.2,27082.6,16003.2,398618.0,363448.0,2.95,14.86,12.16,0.0000,-0.13796039850489,1,15,56,2000-07-06
000990.SZ,2011-04-13,13.22,13.6,13.66,13.22,13.42,0.18,1.34,50221.8,67967.8,1.8544,3.1382,1.04,187.545,187.545,2.5771,1.2864,1.2864,0.7353,0.7353,29703.2,27082.6,16003.2,403964.0,368323.0,2.95,14.76,12.08,0.0000,0.017031255796081602,1,15,56,2000-07-06
000990.SZ,2011-04-14,13.6,13.52,13.95,13.48,13.6,-0.08,-0.59,60741.9,83403.4,2.2428,3.7956,1.2,186.441,186.441,2.562,1.2789,1.2789,0.7396,0.7396,29703.2,27082.6,16003.2,401588.0,366157.0,2.95,14.96,12.24,,,1,15,56,2000-07-06
000990.SZ,2011-04-15,13.49,13.8,13.83,13.36,13.52,0.28,2.07,50834.1,69282.2,1.877,3.1765,0.91,190.303,190.303,2.615,1.3054,1.3054,0.7246,0.7246,29703.2,27082.6,16003.2,409905.0,373740.0,2.95,14.87,12.17,0.0000,0.18898424302818598,1,15,56,2000-07-06
000990.SZ,2011-04-18,13.82,13.77,13.95,13.61,13.8,-0.03,-0.22,65341.4,90315.3,2.4127,4.083,1.17,189.889,189.889,2.6093,1.3025,1.3025,0.7262,0.7262,29703.2,27082.6,16003.2,409014.0,372927.0,2.95,15.18,12.42,0.0000,-0.05928452022821737,1,15,56,2000-07-06
000990.SZ,2011-04-19,13.6,13.95,14.12,13.53,13.77,0.18,1.31,95712.3,133124.0,3.5341,5.9808,1.7,192.371,192.371,2.6434,1.3195,1.3195,0.7168,0.7168,29703.2,27082.6,16003.2,414360.0,377802.0,2.95,15.15,12.39,0.0000,0.16133162434086562,1,15,56,2000-07-06
000990.SZ,2011-04-20,13.88,14.13,14.37,13.81,13.95,0.18,1.29,85248.1,120406.0,3.1477,5.3269,1.32,194.853,194.853,2.6775,1.3366,1.3366,0.7077,0.7077,29703.2,27082.6,16003.2,419707.0,382677.0,2.95,15.35,12.56,0.0000,-0.019752121751168267,1,15,56,2000-07-06
000990.SZ,2011-04-21,14.21,13.95,14.28,13.78,14.13,-0.18,-1.27,72942.2,101849.0,2.6933,4.558,1.02,192.371,192.371,2.6434,1.3195,1.3195,0.7168,0.7168,29703.2,27082.6,16003.2,414360.0,377802.0,2.95,15.54,12.72,0.0000,-0.2554340087959164,1,15,56,2000-07-06
000990.SZ,2011-04-22,13.9,13.62,14.16,13.57,13.95,-0.33,-2.37,57019.0,78622.8,2.1054,3.563,0.77,187.82,187.82,2.5809,1.2883,1.2883,0.7342,0.7342,29703.2,27082.6,16003.2,404558.0,368865.0,2.95,15.35,12.56,0.0000,-0.31859987414849167,1,15,56,2000-07-06
000990.SZ,2011-04-25,13.62,13.1,13.74,13.08,13.62,-0.52,-3.82,54907.7,73094.6,2.0274,3.431,0.73,180.65,180.65,2.4824,1.2391,1.2391,0.7634,0.7634,29703.2,27082.6,16003.2,389112.0,354782.0,2.95,14.98,12.26,0.0000,-0.2634958658617517,1,15,56,2000-07-06
000990.SZ,2011-04-26,13.08,12.7,13.14,12.65,13.1,-0.4,-3.05,41656.5,53435.2,1.5381,2.603,0.57,175.134,175.134,2.4066,1.2013,1.2013,0.7874,0.7874,29703.2,27082.6,16003.2,377231.0,343949.0,2.95,14.41,11.79,0.0000,-0.2412783103403836,1,15,56,2000-07-06
000990.SZ,2011-04-27,12.8,12.84,12.94,12.65,12.7,0.14,1.1,25677.0,32829.8,0.9481,1.6045,0.41,177.064,177.064,2.4331,1.2145,1.2145,0.7788,0.7788,29703.2,27082.6,16003.2,381390.0,347740.0,2.95,13.97,11.43,,,1,15,56,2000-07-06
000990.SZ,2011-04-28,12.92,11.98,12.92,11.98,12.84,-0.86,-6.7,50376.9,61852.5,1.8601,3.1479,1.0,165.205,162.025,2.2628,1.1332,1.2216,0.8347,0.8347,29703.2,27082.6,16003.2,355845.0,324449.0,2.95,14.12,11.56,0.0000,-0.28300721423094855,1,15,56,2000-07-06
000990.SZ,2011-04-29,12.0,12.22,12.22,11.7,11.98,0.24,2.0,23752.3,28514.1,0.877,1.4842,0.52,168.514,165.271,2.3081,1.1559,1.2461,0.8183,0.8183,29703.2,27082.6,16003.2,362974.0,330949.0,2.95,13.18,10.78,,,1,15,56,2000-07-06
000990.SZ,2011-05-03,12.19,12.26,12.3,12.0,12.22,0.04,0.33,18859.2,22980.3,0.6964,1.1785,0.48,169.066,165.812,2.3157,1.1597,1.2502,0.8157,0.8157,29703.2,27082.6,16003.2,364162.0,332033.0,2.95,13.44,11.0,,,1,15,56,2000-07-06
000990.SZ,2011-05-04,12.2,11.72,12.2,11.68,12.26,-0.54,-4.4,30291.4,36013.0,1.1185,1.8928,0.94,161.619,158.508,2.2137,1.1086,1.1951,0.8532,0.8532,29703.2,27082.6,16003.2,348122.0,317408.0,2.95,13.49,11.03,,,1,15,56,2000-07-06
000990.SZ,2011-05-05,11.7,11.89,11.93,11.63,11.72,0.17,1.45,13983.6,16570.8,0.5163,0.8738,0.47,163.964,160.808,2.2458,1.1247,1.2124,0.841,0.841,29703.2,27082.6,16003.2,353172.0,322012.0,2.95,12.89,10.55,,,1,15,56,2000-07-06
000990.SZ,2011-05-06,11.8,12.1,12.2,11.74,11.89,0.21,1.77,19150.2,23059.4,0.7071,1.1966,0.7,166.86,163.648,2.2855,1.1446,1.2339,0.8264,0.8264,29703.2,27082.6,16003.2,359409.0,327699.0,2.95,13.08,10.7,,,1,15,56,2000-07-06
000990.SZ,2011-05-09,12.12,12.01,12.25,11.92,12.1,-0.09,-0.74,19206.2,23205.5,0.7092,1.2001,0.91,165.618,162.431,2.2685,1.136,1.2247,0.8326,0.8326,29703.2,27082.6,16003.2,356736.0,325262.0,2.95,13.31,10.89,0.0000,-0.31353485242597057,1,15,56,2000-07-06
000990.SZ,2011-05-10,12.02,12.32,12.35,11.95,12.01,0.31,2.58,28310.1,34446.5,1.0453,1.769,1.39,169.893,166.623,2.327,1.1654,1.2563,0.8117,0.8117,29703.2,27082.6,16003.2,365944.0,333658.0,2.95,13.21,10.81,,,1,15,56,2000-07-06
000990.SZ,2011-05-11,12.28,12.42,12.6,12.2,12.32,0.1,0.81,27246.6,33902.0,1.0061,1.7026,1.23,171.272,167.976,2.3459,1.1748,1.2665,0.8052,0.8052,29703.2,27082.6,16003.2,368914.0,336366.0,2.95,13.55,11.09,0.0000,-0.5016767183434747,1,15,56,2000-07-06
000990.SZ,2011-05-12,12.38,12.06,12.45,12.0,12.42,-0.36,-2.9,18506.0,22778.9,0.6833,1.1564,0.86,166.308,163.107,2.2779,1.1408,1.2298,0.8292,0.8292,29703.2,27082.6,16003.2,358221.0,326616.0,2.95,13.66,11.18,,,1,15,56,2000-07-06
000990.SZ,2011-05-13,12.15,12.28,12.32,12.05,12.06,0.22,1.82,15736.5,19158.2,0.5811,0.9833,0.7,169.342,166.082,2.3195,1.1616,1.2522,0.8143,0.8143,29703.2,27082.6,16003.2,364756.0,332574.0,2.95,13.27,10.85,,,1,15,56,2000-07-06
000990.SZ,2011-05-16,12.11,12.41,12.81,12.11,12.28,0.13,1.06,30607.9,38201.2,1.1302,1.9126,1.4,171.135,167.84,2.344,1.1739,1.2655,0.8058,0.8058,29703.2,27082.6,16003.2,368617.0,336095.0,2.95,13.51,11.05,,,1,15,56,2000-07-06
000990.SZ,2011-05-17,12.43,12.29,12.45,12.19,12.41,-0.12,-0.97,17428.7,21442.3,0.6435,1.0891,0.72,169.48,166.217,2.3214,1.1625,1.2532,0.8137,0.8137,29703.2,27082.6,16003.2,365053.0,332845.0,2.95,13.65,11.17,,,1,15,56,2000-07-06
000990.SZ,2011-05-18,12.29,12.38,12.43,12.21,12.29,0.09,0.73,15414.7,19028.3,0.5692,0.9632,0.7,170.721,167.435,2.3384,1.171,1.2624,0.8078,0.8078,29703.2,27082.6,16003.2,367726.0,335282.0,2.95,13.52,11.06,,,1,15,56,2000-07-06
000990.SZ,2011-05-19,12.42,12.26,12.57,12.23,12.38,-0.12,-0.97,17502.1,21699.8,0.6463,1.0937,0.9,169.066,165.812,2.3157,1.1597,1.2502,0.8157,0.8157,29703.2,27082.6,16003.2,364162.0,332033.0,2.95,13.62,11.14,,,1,15,56,2000-07-06
000990.SZ,2011-05-20,12.38,12.28,12.43,12.1,12.26,0.02,0.16,19701.4,24296.5,0.7275,1.2311,1.02,169.342,166.082,2.3195,1.1616,1.2522,0.8143,0.8143,29703.2,27082.6,16003.2,364756.0,332574.0,2.95,13.49,11.03,,,1,15,56,2000-07-06
000990.SZ,2011-05-23,12.2,11.56,12.2,11.56,12.28,-0.72,-5.86,33593.9,39822.3,1.2404,2.0992,1.67,159.413,156.344,2.1835,1.0935,1.1788,0.8651,0.8651,29703.2,27082.6,16003.2,343369.0,313075.0,2.95,13.51,11.05,,,1,15,56,2000-07-06
000990.SZ,2011-05-24,11.6,11.47,11.65,11.2,11.56,-0.09,-0.78,19772.8,22453.6,0.7301,1.2356,0.95,158.172,155.127,2.1665,1.085,1.1696,0.8718,0.8718,29703.2,27082.6,16003.2,340696.0,310637.0,2.95,12.72,10.4,0.0000,-0.006597763241749265,1,15,56,2000-07-06
000990.SZ,2011-05-25,11.42,11.32,11.56,11.3,11.47,-0.15,-1.31,10557.7,12091.2,0.3898,0.6597,0.5,156.103,153.099,2.1381,1.0708,1.1543,0.8834,0.8834,29703.2,27082.6,16003.2,336241.0,306575.0,2.95,12.62,10.32,,,1,15,56,2000-07-06
000990.SZ,2011-05-26,11.37,11.19,11.45,11.11,11.32,-0.13,-1.15,10890.0,12336.7,0.4021,0.6805,0.54,154.311,151.34,2.1136,1.0585,1.1411,0.8937,0.8937,29703.2,27082.6,16003.2,332379.0,303054.0,2.95,12.45,10.19,,,1,15,56,2000-07-06
000990.SZ,2011-05-27,11.18,10.81,11.28,10.77,11.19,-0.38,-3.4,17728.2,19400.1,0.6546,1.1078,0.94,149.07,146.201,2.0418,1.0225,1.1023,0.9251,0.9251,29703.2,27082.6,16003.2,321092.0,292763.0,2.95,12.31,10.07,,,1,15,56,2000-07-06
000990.SZ,2011-05-30,10.8,10.72,10.93,10.61,10.81,-0.09,-0.83,12103.6,13074.8,0.4469,0.7563,0.65,147.829,144.984,2.0248,1.014,1.0931,0.9328,0.9328,29703.2,27082.6,16003.2,318419.0,290325.0,2.95,11.89,9.73,,,1,15,56,2000-07-06
000990.SZ,2011-05-31,10.62,10.91,10.94,10.62,10.72,0.19,1.77,11701.9,12614.1,0.4321,0.7312,0.82,150.449,147.553,2.0607,1.032,1.1125,0.9166,0.9166,29703.2,27082.6,16003.2,324062.0,295471.0,2.95,11.79,9.65,,,1,15,56,2000-07-06
000990.SZ,2011-06-01,10.96,10.98,11.02,10.88,10.91,0.07,0.64,11415.7,12497.4,0.4215,0.7133,0.91,151.415,148.5,2.0739,1.0386,1.1197,0.9107,0.9107,29703.2,27082.6,16003.2,326142.0,297367.0,2.95,12.0,9.82,,,1,15,56,2000-07-06
000990.SZ,2011-06-02,10.8,10.82,10.89,10.7,10.98,-0.16,-1.46,12767.2,13789.5,0.4714,0.7978,1.0,149.208,146.336,2.0437,1.0235,1.1033,0.9242,0.9242,29703.2,27082.6,16003.2,321389.0,293034.0,2.95,12.08,9.88,,,1,15,56,2000-07-06
000990.SZ,2011-06-07,10.93,11.03,11.16,10.93,10.82,0.21,1.94,17286.4,19082.0,0.6383,1.0802,1.32,152.104,149.176,2.0834,1.0433,1.1247,0.9066,0.9066,29703.2,27082.9,16003.2,327627.0,298724.0,2.95,11.9,9.74,0.0000,-0.3371935355692045,1,15,56,2000-07-06
000990.SZ,2011-06-08,11.05,11.04,11.09,10.87,11.03,0.01,0.09,9461.21,10366.3,0.3393,0.5912,0.72,152.242,149.312,2.0853,1.0443,1.1258,0.9058,0.9058,29703.2,27882.9,16003.5,327924.0,307827.0,2.95,12.13,9.93,,,1,15,56,2000-07-06
000990.SZ,2011-06-09,11.01,10.72,11.01,10.7,11.04,-0.32,-2.9,12345.1,13439.6,0.4427,0.7714,0.99,147.829,144.984,2.0248,1.014,1.0931,0.9328,0.9328,29703.2,27882.9,16003.5,318419.0,298904.0,2.95,12.14,9.94,,,1,15,56,2000-07-06
000990.SZ,2011-06-10,10.71,10.97,11.0,10.6,10.72,0.25,2.33,48527.2,52288.2,1.7404,3.0323,3.83,151.277,148.365,2.072,1.0377,1.1186,0.9116,0.9116,29703.2,27882.9,16003.5,325845.0,305875.0,2.95,11.79,9.65,0.0000,-0.2776218159207573,1,15,56,2000-07-06
000990.SZ,2011-06-13,10.83,10.66,10.85,10.42,10.97,-0.31,-2.83,29713.7,31608.2,1.0657,1.8567,1.48,147.002,144.172,2.0135,1.0083,1.087,0.9381,0.9381,29703.2,27882.9,16003.5,316637.0,297231.0,2.95,12.07,9.87,0.0000,0.1118603068661143,1,15,56,2000-07-06
000990.SZ,2011-06-14,10.67,10.74,10.9,10.63,10.66,0.08,0.75,66416.1,71150.2,2.382,4.1501,2.83,148.105,145.254,2.0286,1.0159,1.0952,0.9311,0.9311,29703.2,27882.9,16003.5,319013.0,299462.0,2.95,11.73,9.59,0.0000,-0.10881785877423754,1,15,56,2000-07-06
000990.SZ,2011-06-15,10.79,10.46,10.82,10.45,10.74,-0.28,-2.61,41403.4,44071.1,1.4849,2.5872,1.24,144.244,141.467,1.9757,0.9894,1.0666,0.956,0.956,29703.2,27882.9,16003.5,310696.0,291655.0,2.95,11.81,9.67,0.0000,-0.3721375788299791,1,15,56,2000-07-06
000990.SZ,2011-06-16,10.3,10.0,10.3,9.98,10.46,-0.46,-4.4,42114.3,42406.5,1.5104,2.6316,1.06,137.9,135.246,1.8888,0.9459,1.0197,1.0,1.0,29703.2,27882.9,16003.5,297032.0,278829.0,2.95,11.51,9.41,0.0000,-0.26429900725846045,1,15,56,2000-07-06
000990.SZ,2011-06-17,9.97,9.73,10.05,9.71,10.0,-0.27,-2.7,23347.2,23156.9,0.8373,1.4589,0.51,134.177,131.594,1.8378,0.9204,0.9922,1.0277,1.0277,29703.2,27882.9,16003.5,289013.0,271300.0,2.95,11.0,9.0,0.0000,-0.19143466715502805,1,15,56,2000-07-06
000990.SZ,2011-06-20,9.66,9.72,9.79,9.55,9.73,-0.01,-0.1,16867.9,16342.8,0.605,1.054,0.42,134.039,131.459,1.8359,0.9194,0.9912,1.0288,1.0288,29703.2,27882.9,16003.5,288716.0,271022.0,2.95,10.7,8.76,,,1,15,56,2000-07-06
000990.SZ,2011-06-21,9.8,9.75,9.8,9.67,9.72,0.03,0.31,19559.0,19093.7,0.7015,1.2222,0.51,134.453,131.865,1.8416,0.9223,0.9942,1.0256,1.0256,29703.2,27882.9,16003.5,289607.0,271858.0,2.95,10.69,8.75,-0.0001,-0.25271038403313245,1,15,56,2000-07-06
000990.SZ,2011-06-22,9.8,9.77,9.95,9.72,9.75,0.02,0.21,28882.3,28340.4,1.0358,1.8048,1.01,134.729,132.135,1.8454,0.9242,0.9963,1.0235,1.0235,29703.2,27882.9,16003.5,290201.0,272416.0,2.95,10.73,8.78,0.0000,-0.16306498250893528,1,15,56,2000-07-06
000990.SZ,2011-06-23,9.74,9.94,9.98,9.58,9.77,0.17,1.74,29464.6,28931.6,1.0567,1.8411,1.13,137.073,134.435,1.8775,0.9402,1.0136,1.006,1.006,29703.2,27882.9,16003.5,295250.0,277156.0,2.95,10.75,8.79,0.0000,-0.25600928418227525,1,15,56,2000-07-06
000990.SZ,2011-06-24,9.9,10.2,10.3,9.88,9.94,0.26,2.62,41297.8,41753.4,1.4811,2.5806,1.75,140.658,137.951,1.9266,0.9648,1.0401,0.9804,0.9804,29703.2,27882.9,16003.5,302973.0,284405.0,2.95,10.93,8.95,0.0000,0.021918904690884946,1,15,56,2000-07-06
000990.SZ,2011-06-27,10.22,10.27,10.33,10.17,10.2,0.07,0.69,24650.0,25287.8,0.8841,1.5403,0.91,141.624,138.898,1.9398,0.9714,1.0473,0.9737,0.9737,29703.2,27882.9,16003.5,305052.0,286357.0,2.95,11.22,9.18,,,1,15,56,2000-07-06
000990.SZ,2011-06-28,10.33,10.32,10.4,10.25,10.27,0.05,0.49,25771.8,26583.4,0.9243,1.6104,0.9,142.313,139.574,1.9493,0.9762,1.0523,0.969,0.969,29703.2,27882.9,16003.5,306537.0,287751.0,2.95,11.3,9.24,0.0000,-0.06020668525844246,1,15,56,2000-07-06
000990.SZ,2011-06-29,10.35,10.12,10.37,10.11,10.32,-0.2,-1.94,20655.7,21137.4,0.7408,1.2907,0.69,139.555,136.869,1.9115,0.9573,1.032,0.9881,0.9881,29703.2,27882.9,16003.5,300597.0,282175.0,2.95,11.35,9.29,,,1,15,56,2000-07-06
000990.SZ,2011-06-30,10.08,10.33,10.39,10.08,10.12,0.21,2.08,24054.2,24694.9,0.8627,1.5031,0.85,142.451,139.709,1.9512,0.9771,1.0534,0.9681,0.9681,29703.2,27882.9,16003.5,306834.0,288030.0,2.95,11.13,9.11,,,1,15,56,2000-07-06
000990.SZ,2011-07-01,10.33,10.32,10.41,10.24,10.33,-0.01,-0.1,23801.2,24595.9,0.8536,1.4873,0.87,142.313,139.574,1.9493,0.9762,1.0523,0.969,0.969,29703.2,27882.9,16003.5,306537.0,287751.0,2.95,11.36,9.3,,,1,15,56,2000-07-06
000990.SZ,2011-07-04,10.36,10.57,10.58,10.35,10.32,0.25,2.42,32169.4,33746.4,1.1537,2.0102,1.35,145.761,142.955,1.9965,0.9998,1.0778,0.9461,0.9461,29703.2,27882.9,16003.5,313963.0,294722.0,2.95,11.35,9.29,,,1,15,56,2000-07-06
000990.SZ,2011-07-05,10.58,10.66,10.67,10.51,10.57,0.09,0.85,24483.4,25922.6,0.8781,1.5299,0.97,147.002,144.172,2.0135,1.0083,1.087,0.9381,0.9381,29703.2,27882.9,16003.5,316637.0,297231.0,2.95,11.63,9.51,,,1,15,56,2000-07-06
000990.SZ,2011-07-06,10.61,10.63,10.65,10.45,10.66,-0.03,-0.28,28764.4,30375.9,1.0316,1.7974,1.15,146.588,143.767,2.0078,1.0055,1.084,0.9407,0.9407,29703.2,27882.9,16003.5,315745.0,296395.0,2.95,11.73,9.59,,,1,15,56,2000-07-06
000990.SZ,2011-07-07,10.63,10.59,10.83,10.57,10.63,-0.04,-0.38,28254.0,30190.7,0.9972,1.7655,1.06,146.037,143.226,2.0003,1.0017,1.0799,0.9443,0.9443,29703.2,28332.9,16003.5,314557.0,300045.0,2.95,11.69,9.57,0.0000,0.1853276121461507,1,15,56,2000-07-06
000990.SZ,2011-07-08,10.59,10.67,10.7,10.56,10.59,0.08,0.76,17406.4,18509.4,0.6144,1.0877,0.63,147.14,144.308,2.0154,1.0093,1.088,0.9372,0.9372,29703.2,28332.9,16003.5,316934.0,302312.0,2.95,11.65,9.53,,,1,15,56,2000-07-06
000990.SZ,2011-07-11,10.67,10.76,10.8,10.53,10.67,0.09,0.84,21942.5,23421.0,0.7745,1.3711,0.84,148.381,145.525,2.0324,1.0178,1.0972,0.9294,,29703.2,28332.9,16003.5,319607.0,304862.0,2.95,11.74,9.6,,,1,15,56,2000-07-06
000990.SZ,2011-07-12,10.68,10.52,10.68,10.51,10.76,-0.24,-2.23,20311.7,21468.8,0.7169,1.2692,0.84,145.071,142.279,1.987,0.9951,1.0727,0.9506,,29703.2,28332.9,16003.5,312478.0,298062.0,2.95,11.84,9.68,0.0000,0.02474719193708174,1,15,56,2000-07-06
000990.SZ,2011-07-13,10.48,10.72,10.73,10.48,10.52,0.2,1.9,21377.8,22796.6,0.7545,1.3358,0.92,147.829,144.984,2.0248,1.014,1.0931,0.9328,,29703.2,28332.9,16003.5,318419.0,303728.0,2.95,11.57,9.47,,,1,15,56,2000-07-06
000990.SZ,2011-07-14,10.76,10.92,10.94,10.72,10.72,0.2,1.87,24873.6,27020.7,0.8779,1.5543,1.14,150.587,147.689,2.0626,1.0329,1.1135,0.9158,,29703.2,28332.9,16003.5,324359.0,309395.0,2.95,11.79,9.65,,,1,15,56,2000-07-06
000990.SZ,2011-07-15,10.88,11.06,11.11,10.83,10.92,0.14,1.28,35404.7,38927.7,1.2496,2.2123,1.67,152.518,149.582,2.089,1.0462,1.1278,0.9042,,29703.2,28332.9,16003.5,328518.0,313362.0,2.95,12.01,9.83,,,1,15,56,2000-07-06
000990.SZ,2011-07-18,11.11,11.13,11.33,11.07,11.06,0.07,0.63,40645.2,45541.4,1.4346,2.5398,1.64,153.483,150.529,2.1023,1.0528,1.1349,0.8985,,29703.2,28332.9,16003.5,330597.0,315345.0,2.95,12.17,9.95,,,1,15,56,2000-07-06
000990.SZ,2011-07-19,11.1,10.95,11.17,10.93,11.13,-0.18,-1.62,25009.8,27594.6,0.8827,1.5628,0.88,151.001,148.094,2.0683,1.0358,1.1166,0.9132,,29703.2,28332.9,16003.5,325250.0,310245.0,2.95,12.24,10.02,,,1,15,56,2000-07-06
000990.SZ,2011-07-20,11.0,11.14,11.3,11.0,10.95,0.19,1.74,31260.7,34896.1,1.1033,1.9534,1.06,153.621,150.664,2.1042,1.0537,1.136,0.8977,,29703.2,28332.9,16003.5,330894.0,315628.0,2.95,12.05,9.86,,,1,15,56,2000-07-06
000990.SZ,2011-07-21,11.14,11.12,11.38,11.08,11.14,-0.02,-0.18,28446.0,31831.7,1.004,1.7775,0.9,153.345,150.394,2.1004,1.0519,1.1339,0.8993,,29703.2,28332.9,16003.5,330300.0,315062.0,2.95,12.25,10.03,,,1,15,56,2000-07-06
000990.SZ,2011-07-22,11.17,11.09,11.17,10.96,11.08,0.01,0.09,18477.6,20411.6,0.6522,1.1546,0.57,152.932,149.988,2.0947,1.049,1.1309,0.9017,0.3607,29703.2,28332.9,16003.5,329409.0,314212.0,2.961,12.19,9.97,,,1,15,56,2000-07-06
000990.SZ,2011-07-25,11.08,10.45,11.09,10.42,11.09,-0.64,-5.77,28414.8,30410.3,1.0029,1.7755,0.99,144.106,141.332,1.9738,0.9885,1.0656,0.9569,0.3828,29703.2,28332.9,16003.5,310399.0,296079.0,2.961,12.2,9.98,0.0000,-0.2262553098278054,1,15,56,2000-07-06
000990.SZ,2011-07-26,10.46,10.52,10.56,10.35,10.45,0.07,0.67,15525.7,16261.8,0.548,0.9701,0.59,145.071,142.279,1.987,0.9951,1.0727,0.9506,0.3802,29703.2,28332.9,16003.5,312478.0,298062.0,2.961,11.5,9.41,,,1,15,56,2000-07-06
000990.SZ,2011-07-27,10.52,10.76,10.77,10.31,10.52,0.24,2.28,22019.9,23358.3,0.7772,1.3759,0.9,148.381,145.525,2.0324,1.0178,1.0972,0.9294,0.3717,29703.2,28332.9,16003.5,319607.0,304862.0,2.961,11.57,9.47,,,1,15,56,2000-07-06
000990.SZ,2011-07-28,10.66,10.78,10.8,10.57,10.76,0.02,0.19,13655.4,14592.6,0.482,0.8533,0.6,148.657,145.795,2.0362,1.0197,1.0993,0.9276,0.3711,29703.2,28332.9,16003.5,320201.0,305428.0,2.961,11.84,9.68,,,1,15,56,2000-07-06
000990.SZ,2011-07-29,10.79,10.56,10.8,10.53,10.78,-0.22,-2.04,17534.7,18629.7,0.6189,1.0957,0.89,145.623,142.82,1.9946,0.9989,1.0768,0.947,0.3788,29703.2,28332.9,16003.5,313666.0,299195.0,2.961,11.86,9.7,0.0000,-0.12215505466496583,1,15,56,2000-07-06
000990.SZ,2011-08-01,10.5,10.53,10.67,10.43,10.56,-0.03,-0.28,11578.0,12231.1,0.4086,0.7235,0.6,145.209,142.414,1.9889,0.996,1.0738,0.9497,0.3799,29703.2,28332.9,16003.5,312775.0,298345.0,2.961,11.62,9.5,0.0000,-0.28723337847589864,1,15,56,2000-07-06
000990.SZ,2011-08-02,10.48,10.2,10.48,10.06,10.53,-0.33,-3.13,21819.4,22228.7,0.7701,1.3634,1.36,140.658,137.951,1.9266,0.9648,1.0401,0.9804,0.3922,29703.2,28332.9,16003.5,302973.0,288995.0,2.961,11.58,9.48,,,1,15,56,2000-07-06
000990.SZ,2011-08-03,10.01,10.27,10.3,10.0,10.2,0.07,0.69,20768.2,21109.3,0.733,1.2977,1.2,141.624,138.898,1.9398,0.9714,1.0473,0.9737,0.3895,29703.2,28332.9,16003.5,305052.0,290979.0,2.961,11.22,9.18,0.0000,-0.09838555345876475,1,15,56,2000-07-06
000990.SZ,2011-08-04,10.15,10.27,10.35,10.15,10.27,0.0,0.0,13622.0,14022.9,0.4808,0.8512,0.8,141.624,138.898,1.9398,0.9714,1.0473,0.9737,0.3895,29703.2,28332.9,16003.5,305052.0,290979.0,2.961,11.3,9.24,0.0000,-0.06675604520600678,1,15,56,2000-07-06
000990.SZ,2011-08-05,9.92,9.94,10.08,9.81,10.27,-0.33,-3.21,21189.3,21163.1,0.7479,1.324,1.24,137.073,134.435,1.8775,0.9402,1.0136,1.006,0.4024,29703.2,28332.9,16003.5,295250.0,281629.0,2.961,11.3,9.24,0.0000,-0.38419024029231386,1,15,56,2000-07-06
000990.SZ,2011-08-08,9.97,9.2,9.97,9.07,9.94,-0.74,-7.44,28266.7,26701.0,0.9977,1.7663,1.59,126.868,124.426,1.7377,0.8702,0.9381,1.087,0.4348,29703.2,28332.9,16003.5,273270.0,260662.0,2.961,10.93,8.95,,,1,15,56,2000-07-06
000990.SZ,2011-08-09,8.88,9.23,9.29,8.75,9.2,0.03,0.33,24118.6,21894.8,0.8513,1.5071,1.14,127.282,124.832,1.7434,0.8731,0.9412,1.0834,0.4334,29703.2,28332.9,16003.5,274161.0,261512.0,2.961,10.12,8.28,,,1,15,56,2000-07-06
000990.SZ,2011-08-10,9.38,9.3,9.49,9.26,9.23,0.07,0.76,17335.7,16285.9,0.6119,1.0832,0.8,128.247,125.779,1.7566,0.8797,0.9483,1.0753,0.4301,29703.2,28332.9,16003.5,276240.0,263496.0,2.961,10.15,8.31,,,1,15,56,2000-07-06
000990.SZ,2011-08-11,9.05,9.47,9.5,9.0,9.3,0.17,1.83,16759.3,15653.3,0.5915,1.0472,0.8,130.592,128.078,1.7887,0.8958,0.9657,1.056,0.4224,29703.2,28332.9,16003.5,281290.0,268312.0,2.961,10.23,8.37,,,1,15,56,2000-07-06
000990.SZ,2011-08-12,9.56,9.59,9.74,9.56,9.47,0.12,1.27,17050.0,16414.3,0.6018,1.0654,0.79,132.247,129.701,1.8114,0.9071,0.9779,1.0428,0.4171,29703.2,28332.9,16003.5,284854.0,271712.0,2.961,10.42,8.52,,,1,15,56,2000-07-06
000990.SZ,2011-08-15,9.6,9.87,9.91,9.55,9.59,0.28,2.92,17177.0,16707.3,0.6063,1.0733,0.83,136.108,133.488,1.8643,0.9336,1.0065,1.0132,0.4053,29703.2,28332.9,16003.5,293171.0,279645.0,2.961,10.55,8.63,,,1,15,56,2000-07-06
000990.SZ,2011-08-16,9.93,9.82,9.93,9.76,9.87,-0.05,-0.51,11778.4,11562.8,0.4157,0.736,0.64,135.418,132.812,1.8548,0.9289,1.0014,1.0183,0.4073,29703.2,28332.9,16003.5,291686.0,278229.0,2.961,10.86,8.88,,,1,15,56,2000-07-06
000990.SZ,2011-08-17,9.78,9.7,9.84,9.63,9.82,-0.12,-1.22,10724.0,10449.5,0.3785,0.6701,0.67,133.764,131.189,1.8322,0.9175,0.9891,1.0309,0.4124,29703.2,28332.9,16003.5,288121.0,274829.0,2.961,10.8,8.84,,,1,15,56,2000-07-06
000990.SZ,2011-08-18,9.7,9.7,9.85,9.58,9.7,0.0,0.0,22110.4,21416.5,0.7804,1.3816,1.5,133.764,131.189,1.8322,0.9175,0.9891,1.0309,0.4124,29703.2,28332.9,16003.5,288121.0,274829.0,2.961,10.67,8.73,,,1,15,56,2000-07-06
000990.SZ,2011-08-19,9.6,9.63,9.85,9.5,9.7,-0.07,-0.72,20789.9,20090.0,0.7338,1.2991,1.32,132.798,93.3048,1.8026,0.9109,0.9853,1.0384,0.4154,29703.2,28332.9,16003.5,286042.0,272846.0,2.961,10.67,8.73,,,1,15,56,2000-07-06
000990.SZ,2011-08-22,9.66,9.75,9.9,9.6,9.63,0.12,1.25,19321.0,18896.3,0.6819,1.2073,1.17,134.453,94.4674,1.8251,0.9223,0.9975,1.0256,0.4103,29703.2,28332.9,16003.5,289607.0,276246.0,2.961,10.59,8.67,,,1,15,56,2000-07-06
000990.SZ,2011-08-23,9.79,10.04,10.07,9.7,9.75,0.29,2.97,20145.8,19919.1,0.711,1.2588,1.19,138.452,97.2772,1.8793,0.9497,1.0272,0.996,0.3984,29703.2,28332.9,16003.5,298221.0,284462.0,2.961,10.73,8.78,,,1,15,56,2000-07-06
000990.SZ,2011-08-24,10.0,10.04,10.2,9.92,10.04,0.0,0.0,26886.6,27067.5,0.949,1.68,1.44,138.452,97.2772,1.8793,0.9497,1.0272,0.996,0.3984,29703.2,28332.9,16003.5,298221.0,284462.0,2.961,11.04,9.04,,,1,15,56,2000-07-06
000990.SZ,2011-08-25,10.04,10.44,10.5,10.04,10.04,0.4,3.98,38112.2,39320.2,1.3452,2.3815,1.74,143.968,101.153,1.9542,0.9875,1.0681,0.9579,0.3831,29703.2,28332.9,16003.5,310102.0,295795.0,2.961,11.04,9.04,,,1,15,56,2000-07-06
000990.SZ,2011-08-26,10.35,10.61,10.75,10.35,10.44,0.17,1.63,35567.9,37701.0,1.2554,2.2225,1.42,146.312,102.8,1.986,1.0036,1.0855,0.9425,0.377,29703.2,28332.9,16003.5,315151.0,300612.0,2.961,11.48,9.4,,,1,15,56,2000-07-06
000990.SZ,2011-08-29,10.58,10.62,10.78,10.36,10.61,0.01,0.09,30433.1,32037.7,1.0741,1.9017,1.09,146.45,102.897,1.9879,1.0046,1.0865,0.9416,0.3766,29703.2,28332.9,16003.5,315448.0,300895.0,2.961,11.67,9.55,,,1,15,56,2000-07-06
000990.SZ,2011-08-30,10.63,10.35,10.77,10.35,10.62,-0.27,-2.54,23885.2,25122.1,0.843,1.4925,0.79,142.727,100.281,1.9374,0.979,1.0589,0.9662,0.3865,29703.2,28332.9,16003.5,307429.0,293245.0,2.961,11.68,9.56,,,1,15,56,2000-07-06
000990.SZ,2011-08-31,10.35,10.48,10.49,10.26,10.35,0.13,1.26,21777.4,22586.4,0.7686,1.3608,0.7,144.52,101.54,1.9617,0.9913,1.0722,0.9542,0.3817,29703.2,28332.9,16003.5,311290.0,296928.0,2.961,11.39,9.32,,,1,15,56,2000-07-06
000990.SZ,2011-09-01,10.48,10.24,10.64,10.23,10.48,-0.24,-2.29,19460.1,20325.1,0.6868,1.216,0.65,141.21,99.215,1.9168,0.9686,1.0477,0.9766,0.3906,29703.2,28332.9,16003.5,304161.0,290129.0,2.961,11.53,9.43,,,1,15,56,2000-07-06
000990.SZ,2011-09-02,10.27,10.07,10.4,9.91,10.24,-0.17,-1.66,22231.2,22407.1,0.7846,1.3891,0.85,138.866,97.5679,1.885,0.9525,1.0303,0.993,0.3972,29703.2,28332.9,16003.5,299112.0,285312.0,2.961,11.26,9.22,,,1,15,56,2000-07-06
000990.SZ,2011-09-05,9.88,9.89,9.99,9.71,10.07,-0.18,-1.79,20720.4,20390.2,0.7313,1.2947,0.88,136.384,95.8239,1.8513,0.9355,1.0119,1.0111,0.4044,29703.2,28332.9,16003.5,293765.0,280212.0,2.961,11.08,9.06,,,1,15,56,2000-07-06
000990.SZ,2011-09-06,9.77,9.91,10.02,9.76,9.89,0.02,0.2,12446.1,12331.4,0.4393,0.7777,0.58,136.659,96.0177,1.855,0.9374,1.0139,1.0091,0.4036,29703.2,28332.9,16003.5,294359.0,280779.0,2.961,10.88,8.9,,,1,15,56,2000-07-06
000990.SZ,2011-09-07,9.96,10.65,10.77,9.96,9.91,0.74,7.47,45937.2,48189.7,1.6213,2.8705,2.38,146.864,103.188,1.9935,1.0074,1.0896,0.939,0.3756,29703.2,28332.9,16003.5,316340.0,301745.0,2.961,10.9,8.92,0.0000,0.3056503840648925,1,15,56,2000-07-06
000990.SZ,2011-09-08,10.65,10.58,10.75,10.5,10.65,-0.07,-0.66,30034.1,31873.8,1.06,1.8767,1.24,145.899,102.509,1.9804,1.0008,1.0825,0.9452,0.3781,29703.2,28332.9,16003.5,314260.0,299762.0,2.961,11.72,9.59,0.0000,-0.06226049464919469,1,15,56,2000-07-06
000990.SZ,2011-09-09,10.6,10.8,10.86,10.52,10.58,0.22,2.08,51669.0,55404.2,1.8236,3.2286,1.97,148.932,104.641,2.0216,1.0216,1.105,0.9259,0.3704,29703.2,28332.9,16003.5,320795.0,305995.0,2.961,11.64,9.52,0.0000,0.22372915466509538,1,15,56,2000-07-06
000990.SZ,2011-09-13,10.68,10.65,10.79,10.42,10.8,-0.15,-1.39,30173.2,31954.4,1.065,1.8854,0.94,146.864,103.188,1.9935,1.0074,1.0896,0.939,0.3756,29703.2,28332.9,16003.5,316340.0,301745.0,2.961,11.88,9.72,,,1,15,56,2000-07-06
000990.SZ,2011-09-14,10.65,11.1,11.11,10.41,10.65,0.45,4.23,50427.0,54443.9,1.7798,3.151,1.48,153.07,107.548,2.0778,1.05,1.1357,0.9009,0.3604,29703.2,28332.9,16003.5,329706.0,314495.0,2.961,11.72,9.59,0.0000,0.21233565886222192,1,15,56,2000-07-06
000990.SZ,2011-09-15,11.05,10.92,11.2,10.85,11.1,-0.18,-1.62,42605.5,47065.6,1.5037,2.6623,1.02,150.587,105.803,2.0441,1.0329,1.1172,0.9158,0.3663,29703.2,28332.9,16003.5,324359.0,309395.0,2.961,12.21,9.99,0.0000,-0.06966088345080637,1,15,56,2000-07-06
000990.SZ,2011-09-16,10.92,10.81,11.1,10.7,10.92,-0.11,-1.01,33886.1,36823.4,1.196,2.1174,0.83,149.07,104.738,2.0235,1.0225,1.106,0.9251,0.37,29703.2,28332.9,16003.5,321092.0,306278.0,2.961,12.01,9.83,,,1,15,56,2000-07-06
000990.SZ,2011-09-19,10.79,10.95,11.17,10.71,10.81,0.14,1.3,44460.4,48868.0,1.5692,2.7782,1.06,151.001,106.094,2.0497,1.0358,1.1203,0.9132,0.3653,29703.2,28332.9,16003.5,325250.0,310245.0,2.961,11.89,9.73,0.0000,-0.003500655023718201,1,15,56,2000-07-06
000990.SZ,2011-09-20,10.77,11.34,11.39,10.75,10.95,0.39,3.56,62633.2,69938.6,2.2106,3.9137,1.55,156.379,109.873,2.1227,1.0727,1.1602,0.8818,0.3527,29703.2,28332.9,16003.5,336835.0,321295.0,2.961,12.05,9.86,0.0000,0.14521491042553003,1,15,56,2000-07-06
000990.SZ,2011-09-21,11.32,11.45,11.58,11.14,11.34,0.11,0.97,75141.1,85214.7,2.6521,4.6953,1.61,157.896,110.939,2.1433,1.0831,1.1715,0.8734,0.3493,29703.2,28332.9,16003.5,340102.0,324411.0,2.961,12.47,10.21,0.0000,0.07921292310897657,1,15,56,2000-07-06
000990.SZ,2011-09-22,11.33,10.89,11.53,10.65,11.45,-0.56,-4.89,54659.3,61145.7,1.9292,3.4155,1.06,150.174,105.513,2.0384,1.0301,1.1142,0.9183,0.3673,29703.2,28332.9,16003.5,323468.0,308545.0,2.961,12.6,10.31,0.0000,-0.5015744602042248,1,15,56,2000-07-06
000990.SZ,2011-09-23,10.66,11.05,11.17,10.66,10.89,0.16,1.47,34110.1,37216.8,1.2039,2.1314,0.63,152.38,107.063,2.0684,1.0452,1.1305,0.905,0.362,29703.2,28332.9,16003.5,328221.0,313078.0,2.961,11.98,9.8,0.0000,0.06641793074594106,1,15,56,2000-07-06
000990.SZ,2011-09-26,10.95,11.15,11.33,10.83,11.05,0.1,0.91,38410.8,42762.9,1.3557,2.4002,0.71,153.759,108.032,2.0871,1.0547,1.1408,0.8969,0.3587,29703.2,28332.9,16003.5,331191.0,315912.0,2.961,12.16,9.95,0.0000,0.3455118345019215,1,15,56,2000-07-06
000990.SZ,2011-09-27,11.28,11.09,11.35,10.87,11.15,-0.06,-0.54,32777.2,36221.7,1.1569,2.0481,0.62,152.932,107.451,2.0759,1.049,1.1346,0.9017,0.3607,29703.2,28332.9,16003.5,329409.0,314212.0,2.961,12.27,10.04,0.0000,0.056821746213540185,1,15,56,2000-07-06
000990.SZ,2011-09-28,11.15,10.6,11.19,10.4,11.09,-0.49,-4.42,35761.1,38525.1,1.2622,2.2346,0.76,146.174,102.703,1.9842,1.0027,1.0845,0.9434,0.3774,29703.2,28332.9,16003.5,314854.0,300328.0,2.961,12.2,9.98,0.0000,-0.32289459690013117,1,15,56,2000-07-06
000990.SZ,2011-09-29,10.44,10.0,10.6,9.88,10.6,-0.6,-5.66,35251.4,35594.4,1.2442,2.2027,0.9,137.9,96.8897,1.8719,0.9459,1.0231,1.0,0.4,29703.2,28332.9,16003.5,297032.0,283329.0,2.961,11.66,9.54,0.0000,-0.3475993414743746,1,15,56,2000-07-06
000990.SZ,2011-09-30,10.03,9.9,10.2,9.82,10.0,-0.1,-1.0,18170.6,18190.1,0.6413,1.1354,0.52,136.521,95.9208,1.8531,0.9365,1.0129,1.0101,0.404,29703.2,28332.9,16003.5,294062.0,280495.0,2.961,11.0,9.0,0.0000,0.03643892779552143,1,15,56,2000-07-06
000990.SZ,2011-10-10,9.89,10.0,10.15,9.86,9.9,0.1,1.01,13920.2,13914.9,0.4913,0.8698,0.43,137.9,96.8897,1.8719,0.9459,1.0231,1.0,0.4,29703.2,28332.9,16003.5,297032.0,283329.0,2.961,10.89,8.91,0.0000,-0.07785698824157382,1,15,56,2000-07-06
000990.SZ,2011-10-11,10.28,9.99,10.4,9.7,10.0,-0.01,-0.1,29597.3,29951.3,1.0446,1.8494,1.09,137.763,96.7928,1.87,0.945,1.0221,1.001,0.4004,29703.2,28332.9,16003.5,296735.0,283045.0,2.961,11.0,9.0,0.0000,-0.13537738273496724,1,15,56,2000-07-06
000990.SZ,2011-10-12,10.0,10.32,10.4,9.86,9.99,0.33,3.3,24382.8,24938.5,0.8606,1.5236,0.92,142.313,99.9901,1.9317,0.9762,1.0559,0.969,0.3876,29703.2,28332.9,16003.5,306537.0,292395.0,2.961,10.99,8.99,0.0000,0.34467464956949007,1,15,56,2000-07-06
000990.SZ,2011-10-13,10.33,10.43,10.63,10.33,10.32,0.11,1.07,32159.2,33724.6,1.135,2.0095,1.33,143.83,101.056,1.9523,0.9866,1.0671,0.9588,0.3835,29703.2,28332.9,16003.5,309805.0,295512.0,2.961,11.35,9.29,0.0000,0.06409353315299635,1,15,56,2000-07-06
000990.SZ,2011-10-14,10.34,10.39,10.44,10.21,10.43,-0.04,-0.38,19466.8,20125.1,0.6871,1.2164,0.82,143.279,100.668,1.9449,0.9828,1.063,0.9625,0.385,29703.2,28332.9,16003.5,308617.0,294379.0,2.961,11.47,9.39,0.0000,-0.016434732572956072,1,15,56,2000-07-06
000990.SZ,2011-10-17,10.41,10.22,10.49,10.1,10.39,-0.17,-1.64,24534.9,25205.8,0.866,1.5331,1.03,140.934,99.0212,1.913,0.9667,1.0456,0.9785,0.3914,29703.2,28332.9,16003.5,303567.0,289562.0,2.961,11.43,9.35,0.0000,-0.3759803282149178,1,15,56,2000-07-06
000990.SZ,2011-10-18,10.23,10.0,10.24,9.87,10.22,-0.22,-2.15,21851.2,21879.2,0.7712,1.3654,0.84,137.9,96.8897,1.8719,0.9459,1.0231,1.0,0.4,29703.2,28332.9,16003.5,297032.0,283329.0,2.961,11.24,9.2,0.0000,-0.12899484367398903,1,15,56,2000-07-06
000990.SZ,2011-10-19,10.0,9.91,10.09,9.76,10.0,-0.09,-0.9,16101.2,15935.7,0.5683,1.0061,0.66,136.659,96.0177,1.855,0.9374,1.0139,1.0091,0.4036,29703.2,28332.9,16003.5,294359.0,280779.0,2.961,11.0,9.0,0.0000,-0.15744046906564377,1,15,56,2000-07-06
000990.SZ,2011-10-20,9.8,9.47,9.89,9.4,9.91,-0.44,-4.44,20244.5,19412.7,0.7145,1.265,0.89,130.592,91.7545,1.7726,0.8958,0.9689,1.056,0.4224,29703.2,28332.9,16003.5,281290.0,268312.0,2.961,10.9,8.92,0.0000,-0.234738191963896,1,15,56,2000-07-06
000990.SZ,2011-10-21,9.4,9.04,9.45,9.0,9.47,-0.43,-4.54,15492.5,14326.2,0.5468,0.9681,0.76,124.662,87.5883,1.6922,0.8551,0.9249,1.1062,0.4425,29703.2,28332.9,16003.5,268517.0,256129.0,2.961,10.42,8.52,0.0000,-0.9937186996505255,1,15,56,2000-07-06
000990.SZ,2011-10-24,9.09,9.28,9.3,8.88,9.04,0.24,2.65,16588.5,15115.8,0.5855,1.0366,0.84,127.972,89.9136,1.7371,0.8778,0.9494,1.0776,0.431,29703.2,28332.9,16003.5,275646.0,262929.0,2.961,9.94,8.14,0.0000,0.04553869931551215,1,15,56,2000-07-06
000990.SZ,2011-10-25,9.22,9.55,9.67,9.16,9.28,0.27,2.91,17997.6,17038.1,0.6352,1.1246,1.0,131.695,92.5296,1.7876,0.9033,0.9771,1.0471,0.4188,29703.2,28332.9,16003.5,283666.0,270579.0,2.961,10.21,8.35,0.0000,0.20163218799291455,1,15,56,2000-07-06
000990.SZ,2011-10-26,9.5,9.55,9.77,9.41,9.55,0.0,0.0,17303.4,16665.1,0.6107,1.0812,1.0,131.695,92.5296,1.7876,0.9033,0.9771,1.0471,0.4188,29703.2,28332.9,16003.5,283666.0,270579.0,2.961,10.51,8.6,0.0000,0.2948681479639112,1,15,56,2000-07-06
000990.SZ,2011-10-27,9.63,9.56,9.78,9.52,9.55,0.01,0.1,15804.2,15209.8,0.5578,0.9875,0.9,131.833,92.6265,1.7895,0.9043,0.9781,1.046,0.4184,29703.2,28332.9,16003.5,283963.0,270862.0,2.961,10.51,8.6,0.0000,-0.16425502563707392,1,15,56,2000-07-06
000990.SZ,2011-10-28,9.67,9.75,9.8,9.57,9.56,0.19,1.99,18170.7,17610.8,0.6413,1.1354,1.09,134.453,98.3447,1.8329,0.9223,1.0064,1.0256,0.4103,29703.2,28332.9,16003.5,289607.0,276246.0,2.961,10.52,8.6,0.0000,0.12402537625365603,1,15,56,2000-07-06
000990.SZ,2011-10-31,9.67,9.73,9.79,9.65,9.75,-0.02,-0.21,12666.5,12300.4,0.4471,0.7915,0.74,134.177,98.1429,1.8292,0.9204,1.0044,1.0277,0.4111,29703.2,28332.9,16003.5,289013.0,275679.0,2.961,10.73,8.78,0.0000,-0.336911461633231,1,15,56,2000-07-06
000990.SZ,2011-11-01,9.6,9.69,9.78,9.6,9.73,-0.04,-0.41,18927.7,18335.8,0.668,1.1827,1.15,133.626,97.7395,1.8217,0.9166,1.0002,1.032,0.4128,29703.2,28332.9,16003.5,287824.0,274546.0,2.961,10.7,8.76,0.0000,-0.3073847138440611,1,15,56,2000-07-06
000990.SZ,2011-11-02,9.55,9.9,9.92,9.39,9.69,0.21,2.17,28155.8,27200.8,0.9938,1.7594,1.7,136.521,99.8577,1.8611,0.9365,1.0219,1.0101,0.404,29703.2,28332.9,16003.5,294062.0,280495.0,2.961,10.66,8.72,0.0000,0.2689731890665622,1,15,56,2000-07-06
000990.SZ,2011-11-03,9.94,9.98,10.25,9.92,9.9,0.08,0.81,35063.7,35420.9,1.2376,2.191,1.87,137.625,100.665,1.8762,0.944,1.0302,1.002,0.4008,29703.2,28332.9,16003.5,296438.0,282762.0,2.961,10.89,8.91,0.0000,-0.02871338121320133,1,15,56,2000-07-06
000990.SZ,2011-11-04,9.96,10.05,10.1,9.85,9.98,0.07,0.7,20707.7,20677.6,0.7309,1.294,0.92,138.59,101.371,1.8893,0.9506,1.0374,0.995,0.398,29703.2,28332.9,16003.5,298518.0,284745.0,2.961,10.98,8.98,0.0000,-0.11144250194601549,1,15,56,2000-07-06
000990.SZ,2011-11-07,10.04,10.1,10.16,9.98,10.05,0.05,0.5,18342.0,18478.2,0.6474,1.1461,0.79,139.279,101.875,1.8987,0.9554,1.0426,0.9901,0.396,29703.2,28332.9,16003.5,300003.0,286162.0,2.961,11.06,9.05,0.0000,0.15145440751971673,1,15,56,2000-07-06
000990.SZ,2011-11-08,10.1,9.9,10.19,9.87,10.1,-0.2,-1.98,14611.3,14607.1,0.5157,0.913,0.6,136.521,99.8577,1.8611,0.9365,1.0219,1.0101,0.404,29703.2,28332.9,16003.5,294062.0,280495.0,2.961,11.11,9.09,0.0000,-0.7248075933944589,1,15,56,2000-07-06
000990.SZ,2011-11-09,9.88,10.03,10.04,9.78,9.9,0.13,1.31,11025.7,10938.0,0.3891,0.689,0.47,138.314,101.169,1.8856,0.9487,1.0353,0.997,0.3988,29703.2,28332.9,16003.5,297924.0,284179.0,2.961,10.89,8.91,0.0000,-0.30279271783106887,1,15,56,2000-07-06
000990.SZ,2011-11-10,9.95,9.88,9.97,9.75,10.03,-0.15,-1.5,21247.5,20919.8,0.7499,1.3277,1.07,136.246,99.6559,1.8574,0.9346,1.0199,1.0121,0.4049,29703.2,28332.9,16003.5,293468.0,279929.0,2.961,11.03,9.03,0.0000,-0.7027073015440136,1,15,56,2000-07-06
000990.SZ,2011-11-11,9.88,9.89,9.93,9.78,9.88,0.01,0.1,13345.4,13163.1,0.471,0.8339,0.78,136.384,99.7568,1.8593,0.9355,1.0209,1.0111,0.4044,29703.2,28332.9,16003.5,293765.0,280212.0,2.961,10.87,8.89,0.0000,-0.7889382692801882,1,15,56,2000-07-06
000990.SZ,2011-11-14,10.01,10.13,10.15,9.96,9.89,0.24,2.43,21309.2,21466.5,0.7521,1.3315,1.36,139.693,102.178,1.9044,0.9582,1.0457,0.9872,0.3949,29703.2,28332.9,16003.5,300894.0,287012.0,2.961,10.88,8.9,0.0000,0.33864646406593124,1,15,56,2000-07-06
000990.SZ,2011-11-15,10.09,10.45,10.54,10.09,10.13,0.32,3.16,40949.1,42307.8,1.4453,2.5588,2.51,144.106,105.405,1.9645,0.9885,1.0787,0.9569,0.3828,29703.2,28332.9,16003.5,310399.0,296079.0,2.961,11.14,9.12,0.0000,0.10226772630488322,1,15,56,2000-07-06
000990.SZ,2011-11-16,10.33,10.08,10.46,9.97,10.45,-0.37,-3.54,32625.0,33396.0,1.1515,2.0386,1.51,139.004,101.673,1.895,0.9535,1.0405,0.9921,0.3968,29703.2,28332.9,16003.5,299409.0,285595.0,2.961,11.5,9.41,0.0000,-0.41849422775597717,1,15,56,2000-07-06
000990.SZ,2011-11-17,10.06,10.24,10.35,10.05,10.08,0.16,1.59,25250.9,25825.7,0.8912,1.5778,0.98,141.21,103.287,1.9251,0.9686,1.057,0.9766,0.3906,29703.2,28332.9,16003.5,304161.0,290129.0,2.961,11.09,9.07,0.0000,0.04447689594703056,1,15,56,2000-07-06
000990.SZ,2011-11-18,10.11,10.04,10.33,9.95,10.24,-0.2,-1.95,19008.7,19141.1,0.6709,1.1878,0.71,138.452,101.27,1.8875,0.9497,1.0364,0.996,0.3984,29703.2,28332.9,16003.5,298221.0,284462.0,2.961,11.26,9.22,0.0000,-0.12872566762470344,1,15,56,2000-07-06
000990.SZ,2011-11-21,10.0,10.07,10.33,9.87,10.04,0.03,0.3,13562.5,13570.6,0.4787,0.8475,0.49,138.866,101.572,1.8931,0.9525,1.0395,0.993,0.3972,29703.2,28332.9,16003.5,299112.0,285312.0,2.961,11.04,9.04,0.0000,-0.3741345519167822,1,15,56,2000-07-06
000990.SZ,2011-11-22,9.88,10.12,10.14,9.87,10.07,0.05,0.5,16637.8,16715.5,0.5872,1.0396,0.63,139.555,102.077,1.9025,0.9573,1.0446,0.9881,0.3953,29703.2,28332.9,16003.5,300597.0,286729.0,2.961,11.08,9.06,0.0000,-0.07385622621016491,1,15,56,2000-07-06
000990.SZ,2011-11-23,10.11,9.9,10.15,9.9,10.12,-0.22,-2.17,14759.0,14793.8,0.5209,0.9222,0.69,136.521,99.8577,1.8611,0.9365,1.0219,1.0101,0.404,29703.2,28332.9,16003.5,294062.0,280495.0,2.961,11.13,9.11,0.0000,-0.11308545635622547,1,15,56,2000-07-06
000990.SZ,2011-11-24,9.76,9.97,10.01,9.63,9.9,0.07,0.71,13388.5,13187.8,0.4725,0.8366,0.75,137.487,100.564,1.8743,0.9431,1.0291,1.003,0.4012,29703.2,28332.9,16003.5,296141.0,282479.0,2.961,10.89,8.91,0.0000,0.3914160781794316,1,15,56,2000-07-06
000990.SZ,2011-11-25,9.93,9.89,9.97,9.8,9.97,-0.08,-0.8,12204.0,12079.4,0.4307,0.7626,0.79,136.384,99.7568,1.8593,0.9355,1.0209,1.0111,0.4044,29703.2,28332.9,16003.5,293765.0,280212.0,2.961,10.97,8.97,0.0000,-0.01842880986352827,1,15,56,2000-07-06
000990.SZ,2011-11-28,9.89,9.77,9.94,9.68,9.89,-0.12,-1.21,8630.46,8431.06,0.3046,0.5393,0.61,134.729,98.5464,1.8367,0.9242,1.0085,1.0235,0.4094,29703.2,28332.9,16003.5,290201.0,276812.0,2.961,10.88,8.9,0.0000,-1.0,1,15,56,2000-07-06
000990.SZ,2011-11-29,9.8,9.95,9.97,9.8,9.77,0.18,1.84,14172.7,14049.6,0.5002,0.8856,1.08,137.211,100.362,1.8705,0.9412,1.0271,1.005,0.402,29703.2,28332.9,16003.5,295547.0,281912.0,2.961,10.75,8.79,0.0000,0.04235341220979274,1,15,56,2000-07-06
000990.SZ,2011-11-30,9.95,9.33,9.95,9.2,9.95,-0.62,-6.23,21167.2,20130.4,0.7471,1.3227,1.68,128.661,94.1083,1.754,0.8825,0.9631,1.0718,0.4287,29703.2,28332.9,16003.5,277131.0,264346.0,2.961,10.95,8.96,0.0000,-0.27526434243287384,1,15,56,2000-07-06
000990.SZ,2011-12-01,9.56,9.66,9.78,9.45,9.33,0.33,3.54,20962.0,20183.9,0.7398,1.3098,1.51,133.212,97.4369,1.816,0.9137,0.9971,1.0352,0.4141,29703.2,28332.9,16003.5,286933.0,273696.0,2.961,10.26,8.4,0.0000,-0.12792159753038584,1,15,56,2000-07-06
000990.SZ,2011-12-02,9.58,9.47,9.65,9.11,9.66,-0.19,-1.97,16858.3,15781.5,0.595,1.0534,1.09,130.592,95.5204,1.7803,0.8958,0.9775,1.056,0.4224,29703.2,28332.9,16003.5,281290.0,268312.0,2.961,10.63,8.69,0.0000,-0.0848450566681338,1,15,56,2000-07-06
000990.SZ,2011-12-05,9.39,9.55,9.61,9.16,9.47,0.08,0.84,22558.2,21281.0,0.7962,1.4096,1.38,131.695,96.3273,1.7953,0.9033,0.9858,1.0471,0.4188,29703.2,28332.9,16003.5,283666.0,270579.0,2.961,10.42,8.52,0.0000,0.10913519300592446,1,15,56,2000-07-06
000990.SZ,2011-12-06,9.5,9.37,9.95,9.25,9.55,-0.18,-1.88,26636.5,25198.5,0.9401,1.6644,1.39,129.213,94.5117,1.7615,0.8863,0.9672,1.0672,0.4269,29703.2,28332.9,16003.5,278319.0,265479.0,2.961,10.51,8.6,0.0000,-0.3786865193230283,1,15,56,2000-07-06
000990.SZ,2011-12-07,9.36,9.14,9.38,9.1,9.37,-0.23,-2.45,14818.5,13664.7,0.523,0.926,0.68,126.041,92.1918,1.7183,0.8646,0.9435,1.0941,0.4376,29703.2,28332.9,16003.5,271488.0,258962.0,2.961,10.31,8.43,0.0000,-0.5571408923500311,1,15,56,2000-07-06
000990.SZ,2011-12-08,9.16,9.14,9.23,9.01,9.14,0.0,0.0,7365.96,6723.41,0.26,0.4603,0.36,126.041,92.1918,1.7183,0.8646,0.9435,1.0941,0.4376,29703.2,28332.9,16003.5,271488.0,258962.0,2.961,10.05,8.23,0.0000,0.128526189173638,1,15,56,2000-07-06
000990.SZ,2011-12-09,9.07,9.12,9.18,9.0,9.14,-0.02,-0.22,6322.09,5739.04,0.2231,0.395,0.36,125.765,91.9901,1.7145,0.8627,0.9414,1.0965,0.4386,29703.2,28332.9,16003.5,270894.0,258396.0,2.961,10.05,8.23,0.0000,-0.16087070490228092,1,15,56,2000-07-06
000990.SZ,2011-12-12,9.12,9.04,9.15,9.02,9.12,-0.08,-0.88,4417.24,4009.4,0.1559,0.276,0.28,124.662,91.1832,1.6995,0.8551,0.9331,1.1062,0.4425,29703.2,28332.9,16003.5,268517.0,256129.0,2.961,10.03,8.21,0.0000,,1,15,56,2000-07-06
000990.SZ,2011-12-13,9.02,8.68,9.06,8.57,9.04,-0.36,-3.98,11426.9,9973.48,0.4033,0.714,0.96,119.698,87.552,1.6318,0.821,0.896,1.1521,0.4608,29703.2,28332.9,16003.5,257824.0,245929.0,2.961,9.94,8.14,0.0001,0.09592693391351308,1,15,56,2000-07-06
000990.SZ,2011-12-14,8.55,8.44,8.71,8.38,8.68,-0.24,-2.77,6386.53,5472.41,0.2254,0.3991,0.72,116.388,85.1312,1.5867,0.7983,0.8712,1.1848,0.4739,29703.2,28332.9,16003.5,250695.0,239129.0,2.961,9.55,7.81,0.0000,-0.05011340074159963,1,15,56,2000-07-06
000990.SZ,2011-12-15,8.31,8.08,8.33,8.03,8.44,-0.36,-4.27,11840.2,9633.52,0.4179,0.7398,1.65,111.424,81.5,1.519,0.7643,0.8341,1.2376,0.495,29703.2,28332.9,16003.5,240002.0,228930.0,2.961,9.28,7.6,0.0000,-0.28055696798302954,1,15,56,2000-07-06
000990.SZ,2011-12-16,8.1,8.25,8.26,8.0,8.08,0.17,2.1,9723.4,7875.67,0.3432,0.6076,1.2,113.768,83.2147,1.5509,0.7804,0.8516,1.2121,0.4848,29703.2,28332.9,16003.5,245052.0,233746.0,2.961,8.89,7.27,0.0000,1.0,1,15,56,2000-07-06
000990.SZ,2011-12-19,8.18,8.27,8.28,8.03,8.25,0.02,0.24,8134.44,6624.42,0.2871,0.5083,0.93,114.044,83.4165,1.5547,0.7823,0.8537,1.2092,0.4837,29703.2,28332.9,16003.5,245646.0,234313.0,2.961,9.08,7.43,0.0000,-0.3122368426097193,1,15,56,2000-07-06
000990.SZ,2011-12-20,8.23,8.2,8.37,8.2,8.27,-0.07,-0.85,6384.45,5294.67,0.2253,0.3989,0.67,113.078,82.7104,1.5415,0.7756,0.8464,1.2195,0.4878,29703.2,28332.9,16003.5,243567.0,232330.0,2.961,9.1,7.44,0.0000,-0.16879954195736976,1,15,56,2000-07-06
000990.SZ,2011-12-21,8.25,8.05,8.31,8.05,8.2,-0.15,-1.83,6999.23,5732.32,0.247,0.4374,0.82,111.01,81.1974,1.5133,0.7615,0.831,1.2422,0.4969,29703.2,28332.9,16003.5,239111.0,228080.0,2.961,9.02,7.38,0.0000,0.47913281801322766,1,15,56,2000-07-06
000990.SZ,2011-12-22,8.0,7.78,8.0,7.64,8.05,-0.27,-3.35,8611.1,6693.45,0.3039,0.5381,1.0,107.287,78.474,1.4626,0.7359,0.8031,1.2853,0.5141,29703.2,28332.9,16003.5,231091.0,220430.0,2.961,8.86,7.25,0.0000,-1.0,1,15,56,2000-07-06
000990.SZ,2011-12-23,7.83,7.81,7.94,7.7,7.78,0.03,0.39,11132.6,8716.77,0.3929,0.6956,1.4,107.7,78.7766,1.4682,0.7388,0.8062,1.2804,0.5122,29703.2,28332.9,16003.5,231982.0,221280.0,2.961,8.56,7.0,0.0000,-0.36908434157175934,1,15,56,2000-07-06
000990.SZ,2011-12-26,7.82,7.8,7.93,7.8,7.81,-0.01,-0.13,4418.8,3476.89,0.156,0.2761,0.54,107.562,78.6757,1.4663,0.7378,0.8051,1.2821,0.5128,29703.2,28332.9,16003.5,231685.0,220996.0,2.961,8.59,7.03,-0.0001,-0.4405553854985005,1,15,56,2000-07-06
000990.SZ,2011-12-27,7.87,7.6,7.87,7.58,7.8,-0.2,-2.56,7133.87,5454.36,0.2518,0.4458,0.95,104.804,76.6584,1.4288,0.7189,0.7845,1.3158,0.5263,29703.2,28332.9,16003.5,225745.0,215330.0,2.961,8.58,7.02,0.0001,1.0,1,15,56,2000-07-06
000990.SZ,2011-12-28,7.5,7.35,7.62,7.18,7.6,-0.25,-3.29,8732.03,6446.85,0.3082,0.5456,1.14,101.357,74.1367,1.3818,0.6952,0.7587,1.3605,0.5442,29703.2,28332.9,16003.5,218319.0,208247.0,2.961,8.36,6.84,0.0000,-0.5156249902741628,1,15,56,2000-07-06
000990.SZ,2011-12-29,7.45,7.31,7.45,7.3,7.35,-0.04,-0.54,4680.18,3445.54,0.1652,0.2924,0.58,100.805,73.7333,1.3742,0.6915,0.7546,1.368,0.5472,29703.2,28332.9,16003.5,217131.0,207113.0,2.961,8.09,6.62,0.0000,-1.0,1,15,56,2000-07-06
000990.SZ,2011-12-30,7.33,7.36,7.5,7.3,7.31,0.05,0.68,10063.0,7453.2,0.3552,0.6288,1.39,101.495,74.2376,1.3836,0.6962,0.7597,1.3587,0.5435,29703.2,28332.9,16003.5,218616.0,208530.0,2.961,8.04,6.58,0.0000,0.2957611320613798,1,15,56,2000-07-06
000990.SZ,2012-01-04,7.48,7.02,7.48,7.0,7.36,-0.34,-4.62,10427.5,7624.3,0.368,0.6516,1.49,96.8061,70.8082,1.3197,0.664,0.7246,0.5698,0.5698,29703.2,28332.9,16003.5,208517.0,198897.0,2.961,8.1,6.62,0.0000,-0.44708312659927846,1,15,56,2000-07-06
000990.SZ,2012-01-05,7.02,6.4,7.02,6.35,7.02,-0.62,-8.83,23131.8,15313.1,0.8164,1.4454,2.82,88.2563,64.5544,1.2032,0.6054,0.6606,0.625,0.625,29703.2,28332.9,16003.5,190101.0,181330.0,2.961,7.72,6.32,0.0000,-0.2056899196105172,1,15,56,2000-07-06
000990.SZ,2012-01-06,6.4,6.64,7.04,6.4,6.4,0.24,3.75,16551.1,10917.4,0.5842,1.0342,1.45,91.5659,66.9752,1.2483,0.6281,0.6854,0.6024,0.6024,29703.2,28332.9,16003.5,197230.0,188130.0,2.961,7.04,5.76,0.0000,0.044324226979278694,1,15,56,2000-07-06
000990.SZ,2012-01-09,6.58,6.95,6.95,6.47,6.64,0.31,4.67,17643.3,11984.7,0.6227,1.1025,1.36,95.8408,70.1021,1.3066,0.6574,0.7174,0.5755,0.5755,29703.2,28332.9,16003.5,206438.0,196913.0,2.961,7.3,5.98,0.0000,0.0026674140514892208,1,15,56,2000-07-06
000990.SZ,2012-01-10,6.93,7.2,7.27,6.88,6.95,0.25,3.6,21745.7,15516.8,0.7675,1.3588,1.4,99.2883,72.6238,1.3536,0.6811,0.7432,0.5556,0.5556,29703.2,28332.9,16003.5,213863.0,203997.0,2.961,7.65,6.26,0.0000,-0.39994968017801125,1,15,56,2000-07-06
000990.SZ,2012-01-11,7.24,7.18,7.32,7.1,7.2,-0.02,-0.28,15630.4,11259.8,0.5517,0.9767,0.87,99.0125,72.422,1.3498,0.6792,0.7411,0.5571,0.5571,29703.2,28332.9,16003.5,213269.0,203430.0,2.961,7.92,6.48,0.0000,-0.5597905812482591,1,15,56,2000-07-06
000990.SZ,2012-01-12,7.14,7.2,7.29,7.09,7.18,0.02,0.28,22540.4,16193.5,0.7956,1.4085,1.19,99.2883,72.6238,1.3536,0.6811,0.7432,0.5556,0.5556,29703.2,28332.9,16003.5,213863.0,203997.0,2.961,7.9,6.46,0.0000,0.14698592623644596,1,15,56,2000-07-06
000990.SZ,2012-01-13,7.22,6.8,7.22,6.79,7.2,-0.4,-5.56,19390.0,13436.7,0.6844,1.2116,1.03,93.7723,68.5891,1.2784,0.6432,0.7019,0.5882,0.5882,29703.2,28332.9,16003.5,201982.0,192664.0,2.961,7.92,6.48,0.0000,-0.08004645285637853,1,15,56,2000-07-06
000990.SZ,2012-01-16,6.69,6.69,6.84,6.68,6.8,-0.11,-1.62,5740.86,3872.74,0.2026,0.3587,0.3,92.2554,67.4796,1.2577,0.6328,0.6906,0.5979,0.5979,29703.2,28332.9,16003.5,198715.0,189547.0,2.961,7.48,6.12,0.0000,,1,15,56,2000-07-06
000990.SZ,2012-01-17,6.64,7.04,7.08,6.64,6.69,0.35,5.23,7811.83,5400.16,0.2757,0.4881,0.46,97.0819,71.0099,1.3235,0.6659,0.7267,0.5682,0.5682,29703.2,28332.9,16003.5,209111.0,199463.0,2.961,7.36,6.02,0.0000,,1,15,56,2000-07-06
000990.SZ,2012-01-18,7.04,6.87,7.16,6.86,7.04,-0.17,-2.41,17948.4,12585.4,0.6335,1.1215,1.26,94.7376,69.2952,1.2915,0.6498,0.7091,0.5822,0.5822,29703.2,28332.9,16003.5,204061.0,194647.0,2.961,7.74,6.34,0.0000,-0.29359165360945744,1,15,56,2000-07-06
000990.SZ,2012-01-19,6.92,7.1,7.16,6.87,6.87,0.23,3.35,23166.7,16201.4,0.8177,1.4476,1.58,97.9093,71.6151,1.3348,0.6716,0.7329,0.5634,0.5634,29703.2,28332.9,16003.5,210893.0,201163.0,2.961,7.56,6.18,0.0000,-0.1598921072941251,1,15,56,2000-07-06
000990.SZ,2012-01-20,7.01,7.35,7.41,7.01,7.1,0.25,3.52,26389.9,19115.7,0.9314,1.649,1.78,101.357,74.1367,1.3818,0.6952,0.7587,0.5442,0.5442,29703.2,28332.9,16003.5,218319.0,208247.0,2.961,7.81,6.39,0.0000,0.36825892489206197,1,15,56,2000-07-06
000990.SZ,2012-01-30,7.35,7.21,7.42,7.16,7.35,-0.14,-1.9,11178.6,8145.11,0.3945,0.6985,0.69,99.4262,72.7246,1.3554,0.682,0.7442,0.5548,0.5548,29703.2,28332.9,16003.5,214160.0,204280.0,2.961,8.09,6.62,0.0000,-0.16241608690095427,1,15,56,2000-07-06
000990.SZ,2012-01-31,7.23,7.29,7.35,7.21,7.21,0.08,1.11,8613.73,6263.68,0.304,0.5382,0.5,100.529,73.5316,1.3705,0.6896,0.7525,0.5487,0.5487,29703.2,28332.9,16003.5,216537.0,206547.0,2.961,7.93,6.49,0.0000,0.21226541641131572,1,15,56,2000-07-06
000990.SZ,2012-02-01,7.29,7.2,7.36,7.16,7.29,-0.09,-1.23,8293.43,6031.38,0.2927,0.5182,0.48,99.2883,72.6238,1.3536,0.6811,0.7432,0.5556,0.5556,29703.2,28332.9,16003.5,213863.0,203997.0,2.961,8.02,6.56,0.0000,-1.0,1,15,56,2000-07-06
000990.SZ,2012-02-02,7.2,7.29,7.32,7.16,7.2,0.09,1.25,17663.0,12777.3,0.6234,1.1037,1.14,100.529,73.5316,1.3705,0.6896,0.7525,0.5487,0.5487,29703.2,28332.9,16003.5,216537.0,206547.0,2.961,7.92,6.48,0.0000,0.04506830915143897,1,15,56,2000-07-06
000990.SZ,2012-02-03,7.33,7.46,7.52,7.28,7.29,0.17,2.33,28499.8,21101.4,1.0059,1.7809,1.98,102.874,75.2463,1.4024,0.7056,0.7701,0.5362,0.5362,29703.2,28332.9,16003.5,221586.0,211363.0,2.961,8.02,6.56,0.0000,0.0916863309481282,1,15,56,2000-07-06
000990.SZ,2012-02-06,7.44,7.6,7.65,7.39,7.46,0.14,1.88,24429.1,18405.6,0.8622,1.5265,1.65,104.804,76.6584,1.4288,0.7189,0.7845,0.5263,0.5263,29703.2,28332.9,16003.5,225745.0,215330.0,2.961,8.21,6.71,0.0000,0.14217042589544346,1,15,56,2000-07-06
000990.SZ,2012-02-07,7.51,7.37,7.55,7.34,7.6,-0.23,-3.03,10539.9,7810.01,0.372,0.6586,0.6,101.633,74.3385,1.3855,0.6971,0.7608,0.5427,0.5427,29703.2,28332.9,16003.5,218913.0,208813.0,2.961,8.36,6.84,0.0000,-0.581895320423877,1,15,56,2000-07-06
000990.SZ,2012-02-08,7.38,7.61,7.67,7.37,7.37,0.24,3.26,20821.1,15761.1,0.7349,1.301,1.16,104.942,76.7593,1.4306,0.7198,0.7855,0.5256,0.5256,29703.2,28332.9,16003.5,226042.0,215613.0,2.961,8.11,6.63,0.0000,-0.35372329993241663,1,15,56,2000-07-06
000990.SZ,2012-02-09,7.6,7.66,7.77,7.57,7.61,0.05,0.66,17381.2,13357.8,0.6135,1.0861,0.85,105.632,77.2636,1.44,0.7246,0.7907,0.5222,0.5222,29703.2,28332.9,16003.5,227527.0,217030.0,2.961,8.37,6.85,0.0000,0.28059594908111263,1,15,56,2000-07-06
000990.SZ,2012-02-10,7.68,7.7,7.83,7.62,7.66,0.04,0.52,16311.0,12572.0,0.5757,1.0192,0.8,106.183,77.6671,1.4475,0.7284,0.7948,0.5195,0.5195,29703.2,28332.9,16003.5,228715.0,218163.0,2.961,8.43,6.89,0.0000,0.12367564014461144,1,15,56,2000-07-06
000990.SZ,2012-02-13,7.62,7.8,7.99,7.6,7.7,0.1,1.3,36377.6,28362.7,1.2839,2.2731,2.03,107.562,78.6757,1.4663,0.7378,0.8051,0.5128,0.5128,29703.2,28332.9,16003.5,231685.0,220996.0,2.961,8.47,6.93,0.0000,-0.23264386373256707,1,15,56,2000-07-06
000990.SZ,2012-02-14,7.83,7.74,7.84,7.61,7.8,-0.06,-0.77,21961.8,16936.3,0.7751,1.3723,1.08,106.735,78.0705,1.4551,0.7321,0.799,0.5168,0.5168,29703.2,28332.9,16003.5,229903.0,219296.0,2.961,8.58,7.02,0.0000,-0.27723577010325334,1,15,56,2000-07-06
000990.SZ,2012-02-15,7.73,8.01,8.14,7.66,7.74,0.27,3.49,55624.2,44020.7,1.9632,3.4758,2.46,110.458,80.7939,1.5058,0.7577,0.8268,0.4994,0.4994,29703.2,28332.9,16003.5,237923.0,226946.0,2.961,8.51,6.97,0.0000,0.04848952579771679,1,15,56,2000-07-06
000990.SZ,2012-02-16,7.96,7.94,8.09,7.81,8.01,-0.07,-0.87,36158.4,28773.2,1.2762,2.2594,1.22,109.493,80.0879,1.4927,0.7511,0.8196,0.5038,0.5038,29703.2,28332.9,16003.5,235844.0,224963.0,2.961,8.81,7.21,0.0000,0.006760160573191936,1,15,56,2000-07-06
000990.SZ,2012-02-17,7.96,7.86,8.0,7.78,7.94,-0.08,-1.01,18932.4,14949.4,0.6682,1.183,0.57,108.39,79.2809,1.4776,0.7435,0.8113,0.5089,0.5089,29703.2,28332.9,16003.5,233467.0,222696.0,2.961,8.73,7.15,0.0000,-0.03483553097119786,1,15,56,2000-07-06
000990.SZ,2012-02-20,7.97,8.02,8.13,7.93,7.86,0.16,2.04,35065.1,28199.3,1.2376,2.1911,1.04,110.596,80.8948,1.5077,0.7586,0.8279,0.4988,0.4988,29703.2,28332.9,16003.5,238220.0,227230.0,2.961,8.65,7.07,0.0000,-0.03381923051413434,1,15,56,2000-07-06
000990.SZ,2012-02-21,8.03,8.05,8.05,7.86,8.02,0.03,0.37,20331.8,16206.0,0.7176,1.2705,0.61,111.01,81.1974,1.5133,0.7615,0.831,0.4969,0.4969,29703.2,28332.9,16003.5,239111.0,228080.0,2.961,8.82,7.22,0.0000,0.005339829042159367,1,15,56,2000-07-06
000990.SZ,2012-02-22,8.05,8.16,8.17,7.97,8.05,0.11,1.37,25839.3,20909.0,0.912,1.6146,0.78,112.527,82.3069,1.534,0.7719,0.8423,0.4902,0.4902,29703.2,28332.9,16003.5,242378.0,231196.0,2.961,8.86,7.25,0.0000,-0.07696024393246653,1,15,56,2000-07-06
000990.SZ,2012-02-23,8.12,8.16,8.2,8.08,8.16,0.0,0.0,20040.6,16309.3,0.7073,1.2523,0.74,112.527,82.3069,1.534,0.7719,0.8423,0.4902,0.4902,29703.2,28332.9,16003.5,242378.0,231196.0,2.961,8.98,7.34,0.0000,-0.36113613527070937,1,15,56,2000-07-06
000990.SZ,2012-02-24,8.15,8.27,8.46,8.11,8.16,0.11,1.35,30072.5,24802.2,1.0614,1.8791,1.25,114.044,83.4165,1.5547,0.7823,0.8537,0.4837,0.4837,29703.2,28332.9,16003.5,245646.0,234313.0,2.961,8.98,7.34,0.0000,0.2673320278379546,1,15,56,2000-07-06
000990.SZ,2012-02-27,8.28,8.25,8.48,8.22,8.27,-0.02,-0.24,38321.8,31852.9,1.3526,2.3946,1.46,113.768,83.2147,1.5509,0.7804,0.8516,0.4848,0.4848,29703.2,28332.9,16003.5,245052.0,233746.0,2.961,9.1,7.44,0.0000,-0.1978481586688494,1,15,56,2000-07-06
000990.SZ,2012-02-28,8.2,8.17,8.25,8.06,8.25,-0.08,-0.97,22152.4,18048.6,0.7819,1.3842,0.82,112.665,82.4078,1.5359,0.7728,0.8433,0.4896,0.4896,29703.2,28332.9,16003.5,242675.0,231480.0,2.961,9.08,7.43,0.0000,0.24974426931359184,1,15,56,2000-07-06
000990.SZ,2012-02-29,8.18,8.04,8.27,8.03,8.17,-0.13,-1.59,16406.7,13348.3,0.5791,1.0252,0.6,110.872,81.0965,1.5115,0.7605,0.8299,0.4975,0.4975,29703.2,28332.9,16003.5,238814.0,227796.0,2.961,8.99,7.35,0.0000,-0.4140353305744119,1,15,56,2000-07-06
000990.SZ,2012-03-01,7.98,8.05,8.14,7.97,8.04,0.01,0.12,11911.2,9621.58,0.4204,0.7443,0.47,111.01,81.1974,1.5133,0.7615,0.831,0.4969,0.4969,29703.2,28332.9,16003.5,239111.0,228080.0,2.961,8.84,7.24,0.0000,0.041763214388732456,1,15,56,2000-07-06
000990.SZ,2012-03-02,8.08,8.26,8.26,8.06,8.05,0.21,2.61,22497.6,18366.6,0.794,1.4058,0.95,113.906,83.3156,1.5528,0.7813,0.8526,0.4843,0.4843,29703.2,28332.9,16003.5,245349.0,234030.0,2.961,8.86,7.25,0.0000,0.31704986477119357,1,15,56,2000-07-06
000990.SZ,2012-03-05,8.32,8.32,8.34,8.22,8.26,0.06,0.73,25653.1,21223.0,0.9054,1.603,1.15,114.733,83.9208,1.5641,0.787,0.8588,0.4808,0.4808,29703.2,28332.9,16003.5,247131.0,235730.0,2.961,9.09,7.43,0.0000,-0.07969235187418648,1,15,56,2000-07-06
000990.SZ,2012-03-06,8.28,8.17,8.3,8.12,8.32,-0.15,-1.8,21882.1,17947.2,0.7723,1.3673,1.11,112.665,82.4078,1.5359,0.7728,0.8433,0.4896,0.4896,29703.2,28332.9,16003.5,242675.0,231480.0,2.961,9.15,7.49,0.0000,-0.10322960368788066,1,15,56,2000-07-06
000990.SZ,2012-03-07,8.08,8.27,8.39,8.05,8.17,0.1,1.22,33340.9,27567.2,1.1768,2.0834,1.7,114.044,83.4165,1.5547,0.7823,0.8537,0.4837,0.4837,29703.2,28332.9,16003.5,245646.0,234313.0,2.961,8.99,7.35,0.0000,-0.3504164808578573,1,15,56,2000-07-06
000990.SZ,2012-03-08,8.27,8.4,8.45,8.27,8.27,0.13,1.57,27232.6,22823.1,0.9612,1.7017,1.18,115.836,84.7277,1.5791,0.7946,0.8671,0.4762,0.4762,29703.2,28332.9,16003.5,249507.0,237996.0,2.961,9.1,7.44,0.0000,0.1004291747030777,1,15,56,2000-07-06
000990.SZ,2012-03-09,8.45,8.55,8.55,8.37,8.4,0.15,1.79,28268.1,23935.7,0.9977,1.7664,1.08,117.905,86.2407,1.6073,0.8088,0.8826,0.4678,0.4678,29703.2,28332.9,16003.5,253963.0,242246.0,2.961,9.24,7.56,0.0000,0.183692496453933,1,15,56,2000-07-06
000990.SZ,2012-03-12,8.53,8.51,8.62,8.41,8.55,-0.04,-0.47,25667.8,21818.9,0.9059,1.6039,0.94,117.353,85.8372,1.5998,0.805,0.8784,0.47,0.47,29703.2,28332.9,16003.5,252775.0,241113.0,2.961,9.41,7.7,0.0000,-0.2356610470123346,1,15,56,2000-07-06
000990.SZ,2012-03-13,8.51,8.6,8.64,8.46,8.51,0.09,1.06,26502.1,22685.6,0.9354,1.656,0.97,118.594,86.745,1.6167,0.8135,0.8877,0.4651,0.4651,29703.2,28332.9,16003.5,255448.0,243663.0,2.961,9.36,7.66,0.0000,0.14823810555691694,1,15,56,2000-07-06
000990.SZ,2012-03-14,8.59,8.07,8.74,8.0,8.6,-0.53,-6.16,45793.2,38675.5,1.6163,2.8615,1.62,111.286,81.3991,1.5171,0.7633,0.833,0.4957,0.4957,29703.2,28332.9,16003.5,239705.0,228646.0,2.961,9.46,7.74,0.0000,-0.06370844227770074,1,15,56,2000-07-06
000990.SZ,2012-03-15,8.07,7.87,8.16,7.7,8.07,-0.2,-2.48,29355.3,23191.8,1.0361,1.8343,0.96,108.528,79.3818,1.4795,0.7444,0.8124,0.5083,0.5083,29703.2,28332.9,16003.5,233765.0,222980.0,2.961,8.88,7.26,0.0000,-0.449525034845779,1,15,56,2000-07-06
000990.SZ,2012-03-16,7.9,8.13,8.13,7.88,7.87,0.26,3.3,27764.3,22246.1,0.9799,1.7349,0.89,112.113,82.0043,1.5284,0.769,0.8392,0.492,0.492,29703.2,28332.9,16003.5,241487.0,230346.0,2.961,8.66,7.08,0.0000,0.38523352509229064,1,15,56,2000-07-06
000990.SZ,2012-03-19,8.12,8.22,8.26,8.05,8.13,0.09,1.11,21911.7,17912.0,0.7734,1.3692,0.71,113.354,82.9121,1.5453,0.7775,0.8485,0.4866,0.4866,29703.2,28332.9,16003.5,244161.0,232896.0,2.961,8.94,7.32,0.0000,-0.3119711440690539,1,15,56,2000-07-06
000990.SZ,2012-03-20,8.17,8.0,8.21,7.98,8.22,-0.22,-2.68,17648.0,14260.8,0.6229,1.1028,0.58,110.32,80.6931,1.5039,0.7567,0.8258,0.5,0.5,29703.2,28332.9,16003.5,237626.0,226663.0,2.961,9.04,7.4,0.0000,0.08880799070704211,1,15,56,2000-07-06
000990.SZ,2012-03-21,8.09,8.04,8.09,7.85,8.0,0.04,0.5,15140.7,12082.4,0.5344,0.9461,0.53,110.872,81.0965,1.5115,0.7605,0.8299,0.4975,0.4975,29703.2,28332.9,16003.5,238814.0,227796.0,2.961,8.8,7.2,0.0000,0.05751560206286798,1,15,56,2000-07-06
000990.SZ,2012-03-22,8.04,8.04,8.15,7.94,8.04,0.0,0.0,35030.8,28268.5,1.2364,2.189,1.57,110.872,81.0965,1.5115,0.7605,0.8299,0.4975,0.4975,29703.2,28332.9,16003.5,238814.0,227796.0,2.961,8.84,7.24,0.0000,0.06744457316232307,1,15,56,2000-07-06
000990.SZ,2012-03-23,8.0,7.8,8.02,7.76,8.04,-0.24,-2.99,21993.7,17368.5,0.7763,1.3743,0.94,107.562,78.6757,1.4663,0.7378,0.8051,0.5128,0.5128,29703.2,28332.9,16003.5,231685.0,220996.0,2.961,8.84,7.24,0.0000,-0.2310871461755957,1,15,56,2000-07-06
000990.SZ,2012-03-26,7.75,7.83,7.86,7.75,7.8,0.03,0.38,8814.96,6872.31,0.3111,0.5508,0.39,107.976,78.9783,1.472,0.7406,0.8082,0.5109,0.5109,29703.2,28332.9,16003.5,232576.0,221846.0,2.961,8.58,7.02,0.0000,0.36748987932334987,1,15,56,2000-07-06
000990.SZ,2012-03-27,7.86,7.79,7.9,7.75,7.83,-0.04,-0.51,12403.8,9705.21,0.4378,0.7751,0.63,107.424,78.5749,1.4645,0.7369,0.8041,0.5135,0.5135,29703.2,28332.9,16003.5,231388.0,220713.0,2.961,8.61,7.05,0.0000,-0.09903300729978967,1,15,56,2000-07-06
000990.SZ,2012-03-28,7.7,7.36,7.77,7.32,7.79,-0.43,-5.52,17730.0,13370.6,0.6258,1.1079,0.95,101.495,74.2376,1.3836,0.6962,0.7597,0.5435,0.5435,29703.2,28332.9,16003.5,218616.0,208530.0,2.961,8.57,7.01,0.0000,-0.12472715146287101,1,15,56,2000-07-06
000990.SZ,2012-03-29,7.31,7.12,7.33,7.05,7.36,-0.24,-3.26,15084.5,10812.1,0.5324,0.9426,0.79,98.1851,71.8168,1.3385,0.6735,0.735,0.5618,0.5618,29703.2,28332.9,16003.5,211487.0,201730.0,2.961,8.1,6.62,0.0000,-0.27047713457964795,1,15,56,2000-07-06
000990.SZ,2012-03-30,7.14,7.14,7.25,7.11,7.12,0.02,0.28,15147.4,10870.8,0.5346,0.9465,1.0,98.4609,72.0186,1.3423,0.6754,0.737,0.5602,0.5602,29703.2,28332.9,16003.5,212081.0,202297.0,2.961,7.83,6.41,0.0000,0.09500053379742122,1,15,56,2000-07-06
000990.SZ,2012-04-05,7.19,7.33,7.37,7.12,7.14,0.19,2.66,14716.8,10717.7,0.5194,0.9196,1.06,101.081,73.935,1.378,0.6934,0.7566,0.5457,0.5457,29703.2,28332.9,16003.5,217725.0,207680.0,2.961,7.85,6.43,0.0000,-0.062443031555674544,1,15,56,2000-07-06
000990.SZ,2012-04-06,7.35,7.45,7.45,7.29,7.33,0.12,1.64,14682.4,10843.7,0.5182,0.9175,0.98,102.736,75.1454,1.4006,0.7047,0.769,0.5369,0.5369,29703.2,28332.9,16003.5,221289.0,211080.0,2.961,8.06,6.6,0.0000,-0.014462276228400869,1,15,56,2000-07-06
000990.SZ,2012-04-09,7.42,7.4,7.5,7.35,7.45,-0.05,-0.67,13559.4,10042.8,0.4786,0.8473,0.88,102.046,74.6411,1.3912,0.7,0.7639,0.5405,0.5405,29703.2,28332.9,16003.5,219804.0,209663.0,2.961,8.2,6.71,0.0000,-0.040016515278857814,1,15,56,2000-07-06
000990.SZ,2012-04-10,7.35,7.5,7.5,7.2,7.4,0.1,1.35,15206.7,11173.1,0.5367,0.9502,1.04,103.425,75.6497,1.41,0.7094,0.7742,0.5333,0.5333,29703.2,28332.9,16003.5,222774.0,212497.0,2.961,8.14,6.66,0.0000,-0.05684336573935924,1,15,56,2000-07-06
000990.SZ,2012-04-11,7.42,7.58,7.7,7.36,7.5,0.08,1.07,16387.3,12332.9,0.5784,1.024,1.12,104.529,76.4567,1.425,0.717,0.7824,0.5277,0.5277,29703.2,28332.9,16003.5,225151.0,214763.0,2.961,8.25,6.75,0.0000,0.16224961206896324,1,15,56,2000-07-06
000990.SZ,2012-04-12,7.5,7.77,7.77,7.5,7.58,0.19,2.51,20631.4,15828.5,0.7282,1.2892,1.38,107.149,78.3731,1.4607,0.735,0.8021,0.5148,0.5148,29703.2,28332.9,16003.5,230794.0,220146.0,2.961,8.34,6.82,0.0000,0.013357576288505767,1,15,56,2000-07-06
000990.SZ,2012-04-13,7.77,8.0,8.06,7.72,7.77,0.23,2.96,41555.1,32934.6,1.4667,2.5966,2.58,110.32,80.6931,1.5039,0.7567,0.8258,0.5,0.5,29703.2,28332.9,16003.5,237626.0,226663.0,2.961,8.55,6.99,0.0000,0.06421268353283574,1,15,56,2000-07-06
000990.SZ,2012-04-16,7.92,8.12,8.19,7.83,8.0,0.12,1.5,29194.0,23407.7,1.0304,1.8242,1.36,111.975,81.9035,1.5265,0.7681,0.8382,0.4926,0.4926,29703.2,28332.9,16003.5,241190.0,230063.0,2.961,8.8,7.2,0.0000,-0.07845854805707485,1,15,56,2000-07-06
000990.SZ,2012-04-17,8.13,7.94,8.33,7.92,8.12,-0.18,-2.22,30574.7,24612.3,1.0791,1.9105,1.24,109.493,80.0879,1.4927,0.7511,0.8196,0.5038,0.5038,29703.2,28332.9,16003.5,235844.0,224963.0,2.961,8.93,7.31,0.0000,-0.21981553162916,1,15,56,2000-07-06
000990.SZ,2012-04-18,7.95,8.14,8.15,7.88,7.94,0.2,2.52,24003.3,19310.3,0.8472,1.4999,0.87,112.251,82.1052,1.5303,0.77,0.8402,0.4914,0.4914,29703.2,28332.9,16003.5,241784.0,230630.0,2.961,8.73,7.15,0.0000,-0.2929861283711872,1,15,56,2000-07-06
000990.SZ,2012-04-19,8.13,8.13,8.18,8.05,8.14,-0.01,-0.12,14235.4,11549.0,0.5024,0.8895,0.49,112.113,82.0043,1.5284,0.769,0.8392,0.492,0.492,29703.2,28332.9,16003.5,241487.0,230346.0,2.961,8.95,7.33,0.0000,-0.2413360282203792,1,15,56,2000-07-06
000990.SZ,2012-04-20,8.08,8.18,8.19,8.07,8.13,0.05,0.62,20433.2,16649.0,0.7212,1.2768,0.73,112.803,82.5087,1.5378,0.7738,0.8444,0.489,0.489,29703.2,28332.9,16003.5,242973.0,231763.0,2.961,8.94,7.32,0.0000,-0.07669971927409687,1,15,56,2000-07-06
000990.SZ,2012-04-23,8.14,7.9,8.14,7.81,8.18,-0.28,-3.42,27980.7,22273.0,0.9876,1.7484,1.18,74.112,74.112,1.4704,0.7856,0.7856,0.5063,0.5063,29703.2,28332.9,16003.5,234656.0,223830.0,2.961,9.0,7.36,0.0000,-0.4008255217352382,1,15,56,2000-07-06
000990.SZ,2012-04-24,7.87,7.8,8.0,7.52,7.9,-0.1,-1.27,20029.8,15612.3,0.7069,1.2516,0.85,73.1739,73.1739,1.4518,0.7757,0.7757,0.5128,0.5128,29703.2,28332.9,16003.5,231685.0,220996.0,2.961,8.69,7.11,0.0000,-0.19612726355713203,1,15,56,2000-07-06
000990.SZ,2012-04-25,7.75,7.96,7.98,7.71,7.8,0.16,2.05,15141.2,11923.3,0.5344,0.9461,0.71,74.6749,74.6749,1.4815,0.7916,0.7916,0.5025,0.5025,29703.2,28332.9,16003.5,236438.0,225530.0,2.961,8.58,7.02,0.0000,-0.04772302267590746,1,15,56,2000-07-06
000990.SZ,2012-04-26,8.0,7.94,8.02,7.89,7.96,-0.02,-0.25,14060.4,11172.0,0.4963,0.8786,0.72,74.4873,74.4873,1.4778,0.7896,0.7896,0.5038,0.5038,29703.2,28332.9,16003.5,235844.0,224963.0,2.961,8.76,7.16,0.0000,0.12532431380848094,1,15,56,2000-07-06
000990.SZ,2012-04-27,7.85,7.59,7.86,7.59,7.94,-0.35,-4.41,23564.9,18086.8,0.8317,1.4725,1.21,71.2039,75.9678,1.4114,0.7548,0.7223,0.527,0.527,29703.2,28332.9,16003.5,225448.0,215046.0,2.961,8.73,7.15,0.0000,-0.10452013033284799,1,15,56,2000-07-06
000990.SZ,2012-05-02,7.69,7.61,7.75,7.57,7.59,0.02,0.26,25481.0,19404.5,0.8993,1.5922,1.26,71.3915,76.1679,1.4152,0.7568,0.7242,0.5256,0.5256,29703.2,28332.9,16003.5,226042.0,215613.0,2.961,8.35,6.83,0.0000,-0.23048044118912872,1,15,56,2000-07-06
000990.SZ,2012-05-03,7.62,7.67,7.7,7.58,7.61,0.06,0.79,14820.9,11335.9,0.5231,0.9261,0.75,71.9544,76.7685,1.4263,0.7628,0.7299,0.5215,0.5215,29703.2,28332.9,16003.5,227824.0,217313.0,2.961,8.37,6.85,0.0000,0.15527014332257746,1,15,56,2000-07-06
000990.SZ,2012-05-04,7.68,7.77,7.78,7.64,7.67,0.1,1.3,23166.6,17860.7,0.8177,1.4476,1.24,72.8925,77.7694,1.4449,0.7727,0.7394,0.5148,0.5148,29703.2,28332.9,16003.5,230794.0,220146.0,2.961,8.44,6.9,0.0000,-0.06463793601465613,1,15,56,2000-07-06
000990.SZ,2012-05-07,7.71,7.82,7.83,7.67,7.77,0.05,0.64,15677.3,12168.9,0.5533,0.9796,0.78,73.3615,78.2698,1.4542,0.7777,0.7442,0.5115,0.5115,29703.2,28332.9,16003.5,232279.0,221563.0,2.961,8.55,6.99,0.0000,-0.5365042632693241,1,15,56,2000-07-06
000990.SZ,2012-05-08,7.8,7.84,7.87,7.75,7.82,0.02,0.26,16486.8,12895.8,0.5819,1.0302,0.8,73.5492,78.47,1.4579,0.7797,0.7461,0.5102,0.5102,29703.2,28332.9,16003.5,232873.0,222130.0,2.961,8.6,7.04,0.0000,-0.0696477394482054,1,15,56,2000-07-06
000990.SZ,2012-05-09,7.81,7.59,7.81,7.5,7.84,-0.25,-3.19,19016.7,14570.9,0.6712,1.1883,0.99,71.2039,75.9678,1.4114,0.7548,0.7223,0.527,0.527,29703.2,28332.9,16003.5,225448.0,215046.0,2.961,8.62,7.06,0.0000,-0.3643779404899286,1,15,56,2000-07-06
000990.SZ,2012-05-10,7.54,7.64,7.71,7.54,7.59,0.05,0.66,11500.1,8799.56,0.4059,0.7186,0.64,71.6729,76.4682,1.4207,0.7598,0.7271,0.5236,0.5236,29703.2,28332.9,16003.5,226933.0,216463.0,2.961,8.35,6.83,0.0000,0.13784504488961227,1,15,56,2000-07-06
000990.SZ,2012-05-11,7.64,7.66,7.73,7.56,7.64,0.02,0.26,13164.6,10070.7,0.4646,0.8226,0.77,71.8605,76.6684,1.4245,0.7618,0.729,0.5222,0.5222,29703.2,28332.9,16003.5,227527.0,217030.0,2.961,8.4,6.88,0.0000,0.40928270295435115,1,15,56,2000-07-06
000990.SZ,2012-05-14,7.69,7.76,7.89,7.6,7.66,0.1,1.31,25760.5,20049.9,0.9092,1.6097,1.7,72.7987,77.6693,1.4431,0.7717,0.7385,0.5155,0.5155,29703.2,28332.9,16003.5,230497.0,219863.0,2.961,8.43,6.89,0.0000,-0.06925648353153263,1,15,56,2000-07-06
000990.SZ,2012-05-16,7.7,7.58,7.71,7.51,7.76,-0.18,-2.32,12907.7,9813.1,0.4556,0.8066,0.75,71.11,75.8677,1.4096,0.7538,0.7214,0.5277,0.5277,29703.2,28332.9,16003.5,225151.0,214763.0,2.961,8.54,6.98,0.0000,-0.05237867182029032,1,15,56,2000-07-06
000990.SZ,2012-05-17,7.6,7.68,7.7,7.56,7.58,0.1,1.32,13039.9,9946.41,0.4602,0.8148,0.79,72.0482,76.8686,1.4282,0.7638,0.7309,0.5208,0.5208,29703.2,28332.9,16003.5,228121.0,217596.0,2.961,8.34,6.82,0.0000,-0.07602133253704463,1,15,56,2000-07-06
000990.SZ,2012-05-18,7.64,7.38,7.64,7.36,7.68,-0.3,-3.91,25989.7,19489.5,0.9173,1.624,1.7,69.2338,73.8659,1.3724,0.7339,0.7023,0.542,0.542,29703.2,28332.9,16003.5,219210.0,209097.0,2.961,8.45,6.91,0.0000,0.5965357694608799,1,15,56,2000-07-06
000990.SZ,2012-05-21,7.39,7.33,7.48,7.1,7.38,-0.05,-0.68,31770.7,23177.7,1.1213,1.9852,1.75,68.7647,73.3654,1.3631,0.7289,0.6976,0.5457,0.5457,29703.2,28332.9,16003.5,217725.0,207680.0,2.961,8.12,6.64,0.0000,0.2218534908661446,1,15,56,2000-07-06
000990.SZ,2012-05-22,7.31,7.42,7.44,7.29,7.33,0.09,1.23,14176.2,10461.5,0.5003,0.8858,0.65,69.609,74.2662,1.3798,0.7379,0.7061,0.5391,0.5391,29703.2,28332.9,16003.5,220398.0,210230.0,2.961,8.06,6.6,0.0000,0.21569380400663238,1,15,56,2000-07-06
000990.SZ,2012-05-23,7.39,7.32,7.45,7.24,7.42,-0.1,-1.35,9606.18,7049.17,0.339,0.6003,0.49,68.6709,73.2654,1.3612,0.728,0.6966,0.5464,0.5464,29703.2,28332.9,16003.5,217428.0,207397.0,2.961,8.16,6.68,0.0000,0.03293322944379126,1,15,56,2000-07-06
000990.SZ,2012-05-24,7.28,7.4,7.41,7.28,7.32,0.08,1.09,14135.7,10420.3,0.4989,0.8833,0.75,69.4214,74.0661,1.3761,0.7359,0.7042,0.5405,0.5405,29703.2,28332.9,16003.5,219804.0,209663.0,2.961,8.05,6.59,0.0000,0.2745545972295168,1,15,56,2000-07-06
000990.SZ,2012-05-25,7.37,7.23,7.42,7.2,7.4,-0.17,-2.3,10497.4,7668.66,0.3705,0.6559,0.55,67.8266,72.3645,1.3445,0.719,0.688,0.5533,0.5533,29703.2,28332.9,16003.5,214754.0,204847.0,2.961,8.14,6.66,0.0000,-0.14986420550011642,1,15,56,2000-07-06
000990.SZ,2012-05-28,7.21,7.26,7.29,6.96,7.23,0.03,0.41,13106.5,9329.15,0.4626,0.819,0.82,68.108,72.6648,1.3501,0.722,0.6909,0.551,0.551,29703.2,28332.9,16003.5,215646.0,205697.0,2.961,7.95,6.51,0.0000,0.03387761359378452,1,15,56,2000-07-06
000990.SZ,2012-05-29,7.25,7.4,7.42,7.21,7.26,0.14,1.93,17356.7,12777.2,0.6126,1.0846,1.41,69.4214,74.0661,1.3761,0.7359,0.7042,0.5405,0.5405,29703.2,28332.9,16003.5,219804.0,209663.0,2.961,7.99,6.53,0.0000,-0.038853637314316895,1,15,56,2000-07-06
000990.SZ,2012-05-30,7.36,7.44,7.52,7.36,7.4,0.04,0.54,20844.4,15546.1,0.7357,1.3025,1.61,69.7967,74.4664,1.3836,0.7399,0.708,0.5376,0.5376,29703.2,28332.9,16003.5,220992.0,210797.0,2.961,8.14,6.66,0.0000,-0.2505368307213741,1,15,56,2000-07-06
000990.SZ,2012-05-31,7.4,7.46,7.53,7.35,7.44,0.02,0.27,14997.9,11207.7,0.5293,0.9372,0.99,69.9843,74.6666,1.3873,0.7419,0.7099,0.5362,0.5362,29703.2,28332.9,16003.5,221586.0,211363.0,2.961,8.18,6.7,0.0000,-0.042235210110471495,1,15,56,2000-07-06
000990.SZ,2012-06-01,7.49,7.49,7.52,7.44,7.46,0.03,0.4,15161.6,11341.2,0.5351,0.9474,0.99,70.2657,74.9669,1.3928,0.7449,0.7128,0.534,0.534,29703.2,28332.9,16003.5,222477.0,212213.0,2.961,8.21,6.71,0.0000,0.013449039914193807,1,15,56,2000-07-06
000990.SZ,2012-06-04,7.33,7.22,7.44,7.2,7.49,-0.27,-3.6,17876.0,13090.2,0.6309,1.117,1.1,67.7328,72.2645,1.3426,0.718,0.6871,0.554,0.554,29703.2,28332.9,16003.5,214457.0,204563.0,2.961,8.24,6.74,0.0000,-0.10398790449707083,1,15,56,2000-07-06
000990.SZ,2012-06-05,7.26,7.24,7.31,7.2,7.22,0.02,0.28,10890.5,7904.19,0.3844,0.6805,0.63,67.9204,72.4646,1.3464,0.72,0.689,0.5525,0.5525,29703.2,28332.9,16003.5,215051.0,205130.0,2.961,7.94,6.5,0.0000,-0.6264691595713888,1,15,56,2000-07-06
000990.SZ,2012-06-06,7.26,7.16,7.32,7.12,7.24,-0.08,-1.11,6613.71,4779.82,0.2334,0.4133,0.41,67.1699,71.6639,1.3315,0.712,0.6814,0.5587,0.5587,29703.2,28332.9,16003.5,212675.0,202863.0,2.961,7.96,6.52,0.0000,0.228566715480063,1,15,56,2000-07-06
000990.SZ,2012-06-07,7.23,7.15,7.3,7.14,7.16,-0.01,-0.14,7000.09,5038.67,0.2471,0.4374,0.53,67.0761,71.5638,1.3296,0.711,0.6804,0.5594,0.5594,29703.2,28332.9,16003.5,212378.0,202580.0,2.961,7.88,6.44,0.0000,-1.0,1,15,56,2000-07-06
000990.SZ,2012-06-08,7.17,7.14,7.25,7.11,7.15,-0.01,-0.14,11919.9,8551.0,0.4207,0.7448,1.04,66.9823,71.4637,1.3278,0.7101,0.6795,0.5602,0.5602,29703.2,28332.9,16003.5,212081.0,202297.0,2.961,7.87,6.44,0.0000,0.13194532539135403,1,15,56,2000-07-06
000990.SZ,2012-06-11,7.14,7.25,7.27,7.14,7.14,0.11,1.54,6707.5,4848.76,0.2367,0.4191,0.62,68.0142,72.5647,1.3482,0.721,0.6899,0.5517,0.5517,29703.2,28332.9,16003.5,215348.0,205413.0,2.961,7.85,6.43,-0.0001,-0.4688628945990451,1,15,56,2000-07-06
000990.SZ,2012-06-12,7.22,7.27,7.3,7.18,7.25,0.02,0.28,5765.41,4177.19,0.2035,0.3603,0.67,68.2018,72.7649,1.3519,0.723,0.6919,0.5502,0.5502,29703.2,28332.9,16003.5,215943.0,205980.0,2.961,7.98,6.53,0.0001,-1.0,1,15,56,2000-07-06
000990.SZ,2012-06-13,7.28,7.34,7.38,7.25,7.27,0.07,0.96,15590.8,11417.2,0.5503,0.9742,2.05,68.8585,73.4655,1.365,0.7299,0.6985,0.545,0.545,29703.2,28332.9,16003.5,218022.0,207963.0,2.961,8.0,6.54,0.0000,-0.20582132886379648,1,15,56,2000-07-06
000990.SZ,2012-06-14,7.31,7.27,7.37,7.24,7.34,-0.07,-0.95,14663.0,10711.3,0.5175,0.9162,1.56,68.2018,72.7649,1.3519,0.723,0.6919,0.5502,0.5502,29703.2,28332.9,16003.5,215943.0,205980.0,2.961,8.07,6.61,0.0000,-0.1948413751330146,1,15,56,2000-07-06
000990.SZ,2012-06-15,7.27,7.35,7.4,7.26,7.27,0.08,1.1,29381.9,21565.4,1.037,1.836,2.69,68.9523,73.5656,1.3668,0.7309,0.6995,0.5442,0.5442,29703.2,28332.9,16003.5,218319.0,208247.0,2.961,8.0,6.54,0.0000,-0.40270141119962904,1,15,56,2000-07-06
000990.SZ,2012-06-18,7.34,7.43,7.49,7.34,7.35,0.08,1.09,25500.8,18940.2,0.9,1.5935,1.77,69.7028,74.3663,1.3817,0.7389,0.7071,0.5384,0.5384,29703.2,28332.9,16003.5,220695.0,210513.0,2.961,8.09,6.62,0.0000,0.052675417938215854,1,15,56,2000-07-06
000990.SZ,2012-06-19,7.42,7.5,7.55,7.38,7.43,0.07,0.94,31739.7,23752.9,1.1202,1.9833,1.75,70.3595,75.067,1.3947,0.7459,0.7137,0.5333,0.5333,29703.2,28332.9,16003.5,222774.0,212497.0,2.961,8.17,6.69,0.0000,0.23756110301295272,1,15,56,2000-07-06
000990.SZ,2012-06-20,7.56,7.47,7.56,7.41,7.5,-0.03,-0.4,20032.8,14946.2,0.7071,1.2518,0.86,70.0781,74.7667,1.3891,0.7429,0.7109,0.5355,0.5355,29703.2,28332.9,16003.5,221883.0,211647.0,2.961,8.25,6.75,0.0000,0.10909815618783157,1,15,56,2000-07-06
000990.SZ,2012-06-21,7.44,7.31,7.46,7.25,7.47,-0.16,-2.14,19264.7,14106.0,0.6799,1.2038,0.79,68.5771,73.1653,1.3594,0.727,0.6957,0.5472,0.5472,29703.2,28332.9,16003.5,217131.0,207113.0,2.961,8.22,6.72,0.0000,-0.11617023672233562,1,15,56,2000-07-06
000990.SZ,2012-06-25,7.25,7.04,7.25,7.0,7.31,-0.27,-3.69,21962.2,15523.5,0.7751,1.3723,0.87,66.0442,70.4629,1.3092,0.7001,0.67,0.5682,0.5682,29703.2,28332.9,16003.5,209111.0,199463.0,2.961,8.04,6.58,0.0000,-0.09567160206159929,1,15,56,2000-07-06
000990.SZ,2012-06-26,6.98,7.03,7.09,6.95,7.04,-0.01,-0.14,20073.1,14114.2,0.7085,1.2543,0.85,65.9503,70.3628,1.3073,0.6991,0.669,0.569,0.569,29703.2,28332.9,16003.5,208814.0,199180.0,2.961,7.74,6.34,0.0000,-0.03914488603521241,1,15,56,2000-07-06
000990.SZ,2012-06-27,7.03,6.98,7.09,6.98,7.03,-0.05,-0.71,10310.9,7253.18,0.3639,0.6443,0.46,65.4813,69.8623,1.298,0.6941,0.6643,0.5731,0.5731,29703.2,28332.9,16003.5,207329.0,197763.0,2.961,7.73,6.33,0.0000,0.07300377197164816,1,15,56,2000-07-06
000990.SZ,2012-06-28,7.04,6.86,7.08,6.85,6.98,-0.12,-1.72,9142.62,6377.65,0.3227,0.5713,0.5,64.3555,68.6612,1.2757,0.6822,0.6528,0.5831,0.5831,29703.2,28332.9,16003.5,203764.0,194364.0,2.961,7.68,6.28,0.0000,-0.24589436429267228,1,15,56,2000-07-06
000990.SZ,2012-06-29,6.85,6.95,6.98,6.81,6.82,0.13,1.91,8227.17,5669.3,0.2904,0.5141,0.51,65.1998,69.562,1.3021,0.6912,0.6614,0.5755,1.1511,29703.2,28332.9,16003.5,206438.0,196913.0,2.978,7.5,6.14,0.0000,0.6961151510192997,1,15,56,2000-07-06
000990.SZ,2012-07-02,6.91,7.02,7.1,6.91,6.95,0.07,1.01,10282.0,7226.33,0.3629,0.6425,0.74,65.8565,70.2627,1.3152,0.6981,0.6681,0.5698,1.1396,29703.2,28332.9,16003.5,208517.0,198897.0,2.978,7.65,6.26,0.0000,0.0882465503609642,1,15,56,2000-07-06
000990.SZ,2012-07-03,7.03,7.05,7.17,7.03,7.02,0.03,0.43,11621.9,8242.65,0.4102,0.7262,1.0,66.138,70.5629,1.3209,0.7011,0.6709,0.5674,1.1348,29703.2,28332.9,16003.5,209408.0,199747.0,2.978,7.72,6.32,0.0000,-0.07207313710335211,1,15,56,2000-07-06
000990.SZ,2012-07-04,7.1,7.02,7.12,7.0,7.05,-0.03,-0.43,6375.0,4494.3,0.225,0.3984,0.64,65.8565,70.2627,1.3152,0.6981,0.6681,0.5698,1.1396,29703.2,28332.9,16003.5,208517.0,198897.0,2.978,7.76,6.35,-0.0001,-0.08660902301863914,1,15,56,2000-07-06
000990.SZ,2012-07-05,6.97,6.84,6.99,6.75,7.02,-0.18,-2.56,12867.6,8796.4,0.4542,0.8041,1.41,64.1679,68.4611,1.2815,0.6802,0.6509,0.5848,1.1696,29703.2,28332.9,16003.5,203170.0,193797.0,2.978,7.72,6.32,0.0000,-0.09571072684073434,1,15,56,2000-07-06
000990.SZ,2012-07-06,6.85,6.97,6.98,6.66,6.84,0.13,1.9,11986.7,8215.85,0.4231,0.749,1.21,65.3875,69.7622,1.3059,0.6931,0.6633,0.5739,1.1478,29703.2,28332.9,16003.5,207032.0,197480.0,2.978,7.52,6.16,0.0000,0.22281088625008147,1,15,56,2000-07-06
000990.SZ,2012-07-09,6.91,6.68,6.95,6.68,6.97,-0.29,-4.16,13153.3,8952.81,0.4642,0.8219,1.24,62.6669,66.8596,1.2515,0.6643,0.6357,0.5988,1.1976,29703.2,28332.9,16003.5,198418.0,189264.0,2.978,7.67,6.27,0.0000,-0.5532641318890662,1,15,56,2000-07-06
000990.SZ,2012-07-10,6.7,6.69,6.77,6.61,6.68,0.01,0.15,9436.35,6313.11,0.3331,0.5896,0.84,62.7607,66.9597,1.2534,0.6653,0.6367,0.5979,1.1958,29703.2,28332.9,16003.5,198715.0,189547.0,2.978,7.35,6.01,0.0000,-0.19914802383407218,1,15,56,2000-07-06
000990.SZ,2012-07-11,6.74,6.73,6.8,6.65,6.69,0.04,0.6,9231.72,6209.73,0.3258,0.5769,0.86,63.136,67.3601,1.2609,0.6693,0.6405,0.5944,1.1887,29703.2,28332.9,16003.5,199903.0,190680.0,2.978,7.36,6.02,0.0000,0.17430924766089426,1,15,56,2000-07-06
000990.SZ,2012-07-12,6.72,6.85,6.9,6.68,6.73,0.12,1.78,17320.3,11792.7,0.5831,0.997,1.53,64.2617,68.5612,1.2834,0.6812,0.6519,0.5839,1.1679,29703.2,29702.4,17373.0,203467.0,203461.0,2.978,7.4,6.06,0.0000,0.09914800926832608,1,15,56,2000-07-06
000990.SZ,2012-07-13,6.81,6.95,7.03,6.8,6.85,0.1,1.46,16203.0,11248.4,0.5455,0.9327,1.33,65.1998,69.562,1.3021,0.6912,0.6614,0.5755,1.1511,29703.2,29702.4,17373.0,206438.0,206432.0,2.978,7.54,6.17,0.0000,0.6464223838974875,1,15,56,2000-07-06
000990.SZ,2012-07-16,6.95,6.68,7.02,6.6,6.95,-0.27,-3.88,15644.1,10678.2,0.5267,0.9005,1.2,62.6669,66.8596,1.2515,0.6643,0.6357,0.5988,1.1976,29703.2,29702.4,17373.0,198418.0,198412.0,2.978,7.65,6.26,0.0000,-0.1279630260109575,1,15,56,2000-07-06
000990.SZ,2012-07-17,6.66,7.13,7.3,6.66,6.68,0.45,6.74,42301.7,29761.2,1.4242,2.4349,3.12,66.8885,71.3637,1.3358,0.7091,0.6785,0.561,1.122,29703.2,29702.4,17373.0,211784.0,211778.0,2.978,7.35,6.01,0.0000,-0.3263864600118493,1,15,56,2000-07-06
000990.SZ,2012-07-18,7.06,7.15,7.17,6.96,7.13,0.02,0.28,19271.4,13618.8,0.6488,1.1093,0.96,67.0761,71.5638,1.3396,0.711,0.6804,0.5594,1.1189,29703.2,29702.4,17373.0,212378.0,212372.0,2.978,7.84,6.42,0.0000,-0.1384236020324813,1,15,56,2000-07-06
000990.SZ,2012-07-19,7.14,7.21,7.28,7.08,7.15,0.06,0.84,26261.8,18894.1,0.8842,1.5116,1.19,67.639,72.1644,1.3508,0.717,0.6861,0.5548,1.1096,29703.2,29702.4,17373.0,214160.0,214154.0,2.978,7.87,6.44,0.0000,0.11221463147150755,1,15,56,2000-07-06
000990.SZ,2012-07-20,7.2,7.21,7.31,7.13,7.21,0.0,0.0,19976.0,14428.0,0.6725,1.1498,0.83,67.639,72.1644,1.3508,0.717,0.6861,0.5548,1.1096,29703.2,29702.4,17373.0,214160.0,214154.0,2.978,7.93,6.49,0.0000,0.2294679662840093,1,15,56,2000-07-06
000990.SZ,2012-07-23,7.23,7.16,7.23,7.08,7.21,-0.05,-0.69,9908.28,7076.67,0.3336,0.5703,0.4,67.1699,71.6639,1.3415,0.712,0.6814,0.5587,0.5587,29703.2,29702.4,17373.0,212675.0,212669.0,2.978,7.93,6.49,0.0000,0.3195653319583884,1,15,56,2000-07-06
000990.SZ,2012-07-24,7.08,7.22,7.26,7.07,7.16,0.06,0.84,12037.5,8671.91,0.4053,0.6929,0.51,67.7328,72.2645,1.3527,0.718,0.6871,0.554,0.554,29703.2,29702.4,17373.0,214457.0,214451.0,2.978,7.88,6.44,0.0000,-0.013981293530748722,1,15,56,2000-07-06
000990.SZ,2012-07-25,7.19,7.23,7.29,7.11,7.22,0.01,0.14,19312.0,13916.0,0.6502,1.1116,1.1,67.8266,72.3645,1.3546,0.719,0.688,0.5533,0.5533,29703.2,29702.4,17373.0,214754.0,214748.0,2.978,7.94,6.5,-0.0001,0.05229389864024915,1,15,56,2000-07-06
000990.SZ,2012-07-26,7.19,7.04,7.24,6.99,7.23,-0.19,-2.63,16160.2,11453.8,0.5441,0.9302,0.92,66.0442,70.4629,1.319,0.7001,0.67,0.5682,0.5682,29703.2,29702.4,17373.0,209111.0,209105.0,2.978,7.95,6.51,0.0000,-0.41561966626911473,1,15,56,2000-07-06
000990.SZ,2012-07-27,7.1,7.0,7.1,6.98,7.04,-0.04,-0.57,8444.89,5939.15,0.2843,0.4861,0.55,65.6689,70.0625,1.3115,0.6961,0.6662,0.5714,0.5714,29703.2,29702.4,17373.0,207923.0,207917.0,2.978,7.74,6.34,0.0001,-0.3132672336073906,1,15,56,2000-07-06
000990.SZ,2012-07-30,6.98,6.94,7.1,6.78,7.0,-0.06,-0.86,11442.0,7895.64,0.3852,0.6586,0.87,65.106,69.462,1.3002,0.6902,0.6604,0.5764,0.5764,29703.2,29702.4,17373.0,206140.0,206135.0,2.978,7.7,6.3,0.0000,0.2061271312795799,1,15,56,2000-07-06
000990.SZ,2012-07-31,6.89,6.55,6.89,6.48,6.94,-0.39,-5.62,23385.0,15548.2,0.7873,1.3461,1.73,61.4473,65.5585,1.2272,0.6514,0.6233,0.6107,0.6107,29703.2,29702.4,17373.0,194556.0,194551.0,2.978,7.63,6.25,0.0000,-0.4336211381052411,1,15,56,2000-07-06
000990.SZ,2012-08-01,6.65,6.61,6.68,6.5,6.55,0.06,0.92,5590.85,3706.17,0.1882,0.3218,0.36,62.0102,66.159,1.2384,0.6573,0.629,0.6051,0.6051,29703.2,29702.4,17373.0,196338.0,196333.0,2.978,7.21,5.9,0.0000,0.993875147411976,1,15,56,2000-07-06
000990.SZ,2012-08-02,6.59,6.62,6.69,6.58,6.61,0.01,0.15,4154.77,2755.75,0.1399,0.2392,0.32,62.104,66.2591,1.2403,0.6583,0.63,0.6042,0.6042,29703.2,29702.4,17373.0,196635.0,196630.0,2.978,7.27,5.95,-0.0001,,1,15,56,2000-07-06
000990.SZ,2012-08-03,6.69,6.76,6.8,6.61,6.62,0.14,2.11,11800.6,7925.79,0.3973,0.6793,1.11,63.4174,67.6604,1.2665,0.6723,0.6433,0.5917,0.5917,29703.2,29702.4,17373.0,200794.0,200788.0,2.978,7.28,5.96,0.0000,-0.028221124510086966,1,15,56,2000-07-06
000990.SZ,2012-08-06,6.72,6.93,6.93,6.72,6.76,0.17,2.51,13393.4,9171.37,0.4509,0.7709,1.19,65.0122,69.3619,1.2984,0.6892,0.6595,0.5772,0.5772,29703.2,29702.4,17373.0,205843.0,205838.0,2.978,7.44,6.08,0.0000,0.269362568590112,1,15,56,2000-07-06
000990.SZ,2012-08-07,6.92,7.0,7.08,6.88,6.93,0.07,1.01,12820.8,8935.76,0.4316,0.738,1.1,65.6689,70.0625,1.3115,0.6961,0.6662,0.5714,0.5714,29703.2,29702.4,17373.0,207923.0,207917.0,2.978,7.62,6.24,0.0000,-0.08021371597062141,1,15,56,2000-07-06
000990.SZ,2012-08-08,6.96,6.99,7.03,6.9,7.0,-0.01,-0.14,9796.49,6831.57,0.3298,0.5639,1.03,65.5751,69.9624,1.3096,0.6951,0.6652,0.5722,0.5722,29703.2,29702.4,17373.0,207626.0,207620.0,2.978,7.7,6.3,0.0001,0.25037403157938765,1,15,56,2000-07-06
000990.SZ,2012-08-09,7.0,7.06,7.07,6.81,6.99,0.07,1.0,16847.9,11755.3,0.5672,0.9698,1.62,66.2318,70.663,1.3227,0.7021,0.6719,0.5666,0.5666,29703.2,29702.4,17373.0,209705.0,209699.0,2.978,7.69,6.29,0.0000,-0.18033375749479455,1,15,56,2000-07-06
000990.SZ,2012-08-10,7.05,7.0,7.05,6.92,7.06,-0.06,-0.85,13653.2,9527.21,0.4597,0.7859,1.06,65.6689,70.0625,1.3115,0.6961,0.6662,0.5714,0.5714,29703.2,29702.4,17373.0,207923.0,207917.0,2.978,7.77,6.35,0.0000,-0.46447620134935863,1,15,56,2000-07-06
000990.SZ,2012-08-13,6.94,6.75,6.97,6.71,7.0,-0.25,-3.57,14093.5,9663.41,0.4745,0.8112,1.06,63.3236,85.5094,1.2581,0.6713,0.6152,0.5926,0.5926,29703.2,29702.4,17373.0,200497.0,200491.0,2.978,7.7,6.3,0.0000,-0.18133568622682789,1,15,56,2000-07-06
000990.SZ,2012-08-14,6.72,6.9,6.95,6.68,6.75,0.15,2.22,13838.3,9426.09,0.4659,0.7965,1.03,64.7308,87.4096,1.2861,0.6862,0.6289,0.5797,0.5797,29703.2,29702.4,17373.0,204952.0,204947.0,2.978,7.43,6.08,0.0000,0.293199018360579,1,15,56,2000-07-06
000990.SZ,2012-08-15,6.95,6.9,7.17,6.9,6.9,0.0,0.0,20256.5,14265.8,0.682,1.166,1.48,64.7308,87.4096,1.2861,0.6862,0.6289,0.5797,0.5797,29703.2,29702.4,17373.0,204952.0,204947.0,2.978,7.59,6.21,0.0000,-0.20618319126846305,1,15,56,2000-07-06
000990.SZ,2012-08-16,6.82,6.85,6.88,6.75,6.9,-0.05,-0.72,8914.78,6078.16,0.3001,0.5131,0.57,64.2617,86.7762,1.2768,0.6812,0.6243,0.5839,0.5839,29703.2,29702.4,17373.0,203467.0,203461.0,2.978,7.59,6.21,-0.0001,-1.0,1,15,56,2000-07-06
000990.SZ,2012-08-17,6.81,6.89,6.9,6.8,6.85,0.04,0.58,5078.01,3474.03,0.171,0.2923,0.36,64.637,87.2829,1.2842,0.6852,0.628,0.5806,0.5806,29703.2,29702.4,17373.0,204655.0,204650.0,2.978,7.54,6.17,0.0000,0.1245169848413283,1,15,56,2000-07-06
000990.SZ,2012-08-20,6.89,6.95,6.99,6.8,6.89,0.06,0.87,7670.38,5294.25,0.2582,0.4415,0.62,65.1998,88.043,1.2954,0.6912,0.6334,0.5755,0.5755,29703.2,29702.4,17373.0,206438.0,206432.0,2.978,7.58,6.2,0.0000,-0.19210586563884233,1,15,56,2000-07-06
000990.SZ,2012-08-21,6.95,7.0,7.1,6.91,6.95,0.05,0.72,19310.2,13576.8,0.6501,1.1115,1.73,65.6689,88.6764,1.3047,0.6961,0.638,0.5714,0.5714,29703.2,29702.4,17373.0,207923.0,207917.0,2.978,7.65,6.26,0.0000,-0.14647346606585984,1,15,56,2000-07-06
000990.SZ,2012-08-22,7.01,6.99,7.08,6.93,7.0,-0.01,-0.14,8744.05,6118.82,0.2944,0.5033,0.71,65.5751,88.5497,1.3029,0.6951,0.6371,0.5722,0.5722,29703.2,29702.4,17373.0,207626.0,207620.0,2.978,7.7,6.3,0.0000,0.08517160985038799,1,15,56,2000-07-06
000990.SZ,2012-08-23,6.97,7.04,7.06,6.95,6.99,0.05,0.72,10454.6,7334.64,0.352,0.6018,1.05,66.0442,89.1831,1.3122,0.7001,0.6416,0.5682,0.5682,29703.2,29702.4,17373.0,209111.0,209105.0,2.978,7.69,6.29,0.0000,-0.2365552225375008,1,15,56,2000-07-06
000990.SZ,2012-08-24,7.01,6.9,7.04,6.84,7.04,-0.14,-1.99,9356.43,6477.29,0.315,0.5386,0.91,64.7308,87.4096,1.2861,0.6862,0.6289,0.5797,0.5797,29703.2,29702.4,17373.0,204952.0,204947.0,2.978,7.74,6.34,0.0000,-0.036280185001419156,1,15,56,2000-07-06
000990.SZ,2012-08-27,6.9,6.81,6.9,6.71,6.9,-0.09,-1.3,7204.15,4899.46,0.2425,0.4147,0.65,63.8865,86.2694,1.2693,0.6772,0.6207,0.5874,0.5874,29703.2,29702.4,17373.0,202279.0,202273.0,2.978,7.59,6.21,0.0000,0.44854883105574184,1,15,56,2000-07-06
000990.SZ,2012-08-28,6.79,6.81,6.9,6.72,6.81,0.0,0.0,6494.91,4427.25,0.2187,0.3739,0.59,63.8865,86.2694,1.2693,0.6772,0.6207,0.5874,0.5874,29703.2,29702.4,17373.0,202279.0,202273.0,2.978,7.49,6.13,0.0000,,1,15,56,2000-07-06
000990.SZ,2012-08-29,6.75,6.78,6.88,6.75,6.81,-0.03,-0.44,5170.7,3525.6,0.1741,0.2976,0.61,63.605,85.8894,1.2637,0.6743,0.6179,0.59,0.59,29703.2,29702.4,17373.0,201388.0,201382.0,2.978,7.49,6.13,0.0001,1.0,1,15,56,2000-07-06
000990.SZ,2012-08-30,6.75,6.83,6.87,6.6,6.78,0.05,0.74,13493.6,9134.78,0.4543,0.7767,1.74,64.0741,86.5228,1.273,0.6792,0.6225,0.5857,0.5857,29703.2,29702.4,17373.0,202873.0,202867.0,2.978,7.46,6.1,0.0000,-0.20434290445894523,1,15,56,2000-07-06
000990.SZ,2012-08-31,6.81,6.82,6.86,6.75,6.83,-0.01,-0.15,6366.95,4339.72,0.2144,0.3665,0.76,63.9803,86.3961,1.2712,0.6782,0.6216,0.5865,0.5865,29703.2,29702.4,17373.0,202576.0,202570.0,2.978,7.51,6.15,0.0000,0.19247152590279953,1,15,56,2000-07-06
000990.SZ,2012-09-03,6.82,6.88,6.95,6.79,6.82,0.06,0.88,10045.8,6885.85,0.3382,0.5782,1.3,64.5431,87.1562,1.2824,0.6842,0.6271,0.5814,0.5814,29703.2,29702.4,17373.0,204358.0,204353.0,2.978,7.5,6.14,0.0000,-0.41976893681732547,1,15,56,2000-07-06
000990.SZ,2012-09-04,6.9,6.77,6.9,6.75,6.88,-0.11,-1.6,12133.7,8284.73,0.4085,0.6984,1.46,63.5112,85.7627,1.2619,0.6733,0.617,0.5908,0.5908,29703.2,29702.4,17373.0,201091.0,201085.0,2.978,7.57,6.19,0.0000,-0.07391970402679462,1,15,56,2000-07-06
000990.SZ,2012-09-05,6.71,6.77,6.87,6.71,6.77,0.0,0.0,11798.6,8025.38,0.3972,0.6791,1.25,63.5112,85.7627,1.2619,0.6733,0.617,0.5908,0.5908,29703.2,29702.4,17373.0,201091.0,201085.0,2.978,7.45,6.09,0.0000,-0.6508292369488002,1,15,56,2000-07-06
000990.SZ,2012-09-06,6.78,6.85,6.86,6.78,6.77,0.08,1.18,10669.0,7286.22,0.3592,0.6141,0.99,64.2617,86.7762,1.2768,0.6812,0.6243,0.5839,0.5839,29703.2,29702.4,17373.0,203467.0,203461.0,2.978,7.45,6.09,0.0000,0.40346788426735025,1,15,56,2000-07-06
000990.SZ,2012-09-07,6.89,7.07,7.15,6.88,6.85,0.22,3.21,30057.6,21123.8,1.012,1.7301,2.95,66.3256,89.5631,1.3178,0.7031,0.6444,0.5658,0.5658,29703.2,29702.4,17373.0,210002.0,209996.0,2.978,7.54,6.17,0.0000,-0.0665229481489804,1,15,56,2000-07-06
000990.SZ,2012-09-10,7.07,7.14,7.16,7.03,7.07,0.07,0.99,26606.3,18910.8,0.8958,1.5315,1.78,66.9823,90.4499,1.3308,0.7101,0.6508,0.5602,0.5602,29703.2,29702.4,17373.0,212081.0,212075.0,2.978,7.78,6.36,0.0000,-0.000627286383426578,1,15,56,2000-07-06
000990.SZ,2012-09-11,7.1,7.16,7.19,7.07,7.14,0.02,0.28,21703.9,15515.1,0.7307,1.2493,1.19,67.1699,90.7033,1.3345,0.712,0.6526,0.5587,0.5587,29703.2,29702.4,17373.0,212675.0,212669.0,2.978,7.85,6.43,0.0000,-0.7317911764848277,1,15,56,2000-07-06
000990.SZ,2012-09-12,7.21,7.18,7.25,7.08,7.16,0.02,0.28,18855.3,13525.1,0.6348,1.0853,0.93,67.3575,90.9566,1.3383,0.714,0.6544,0.5571,0.5571,29703.2,29702.4,17373.0,213269.0,213263.0,2.978,7.88,6.44,0.0000,-0.4293270645472795,1,15,56,2000-07-06
000990.SZ,2012-09-13,7.16,7.19,7.32,7.16,7.18,0.01,0.14,34855.5,25290.6,1.1735,2.0063,1.62,67.4513,91.0833,1.3401,0.715,0.6553,0.5563,0.5563,29703.2,29702.4,17373.0,213566.0,213560.0,2.978,7.9,6.46,0.0000,-0.10315595864295582,1,15,56,2000-07-06
000990.SZ,2012-09-14,7.22,7.12,7.25,7.06,7.19,-0.07,-0.97,13903.4,9918.1,0.4681,0.8003,0.53,66.7947,90.1965,1.3271,0.7081,0.6489,0.5618,0.5618,29703.2,29702.4,17373.0,211487.0,211481.0,2.978,7.91,6.47,0.0000,-0.3529602860242605,1,15,56,2000-07-06
000990.SZ,2012-09-17,7.16,6.93,7.17,6.93,7.12,-0.19,-2.67,11333.6,7941.89,0.3816,0.6524,0.49,65.0122,87.7896,1.2917,0.6892,0.6316,0.5772,0.5772,29703.2,29702.4,17373.0,205843.0,205838.0,2.978,7.83,6.41,0.0000,-0.6219115427747393,1,15,56,2000-07-06
000990.SZ,2012-09-18,6.97,6.9,7.04,6.9,6.93,-0.03,-0.43,7383.28,5141.49,0.2486,0.425,0.37,64.7308,87.4096,1.2861,0.6862,0.6289,0.5797,0.5797,29703.2,29702.4,17373.0,204952.0,204947.0,2.978,7.62,6.24,0.0000,1.0,1,15,56,2000-07-06
000990.SZ,2012-09-19,6.91,7.0,7.06,6.88,6.9,0.1,1.45,11505.2,8029.6,0.3873,0.6622,0.67,65.6689,88.6764,1.3047,0.6961,0.638,0.5714,0.5714,29703.2,29702.4,17373.0,207923.0,207917.0,2.978,7.59,6.21,0.0000,-0.14016623097107148,1,15,56,2000-07-06
000990.SZ,2012-09-20,7.01,6.9,7.07,6.81,7.0,-0.1,-1.43,12698.0,8835.81,0.4275,0.7309,0.8,64.7308,87.4096,1.2861,0.6862,0.6289,0.5797,0.5797,29703.2,29702.4,17373.0,204952.0,204947.0,2.978,7.7,6.3,0.0000,-0.5304882535407717,1,15,56,2000-07-06
000990.SZ,2012-09-21,6.9,6.84,6.95,6.74,6.9,-0.06,-0.87,11095.0,7568.91,0.3735,0.6386,0.98,64.1679,86.6495,1.2749,0.6802,0.6234,0.5848,0.5848,29703.2,29702.4,17373.0,203170.0,203164.0,2.978,7.59,6.21,0.0000,-0.0999614113408256,1,15,56,2000-07-06
000990.SZ,2012-09-24,6.77,6.8,6.85,6.74,6.84,-0.04,-0.58,10427.3,7067.64,0.3511,0.6002,0.97,63.7926,86.1428,1.2674,0.6762,0.6198,0.5882,0.5882,29703.2,29702.4,17373.0,201982.0,201976.0,2.978,7.52,6.16,0.0000,-0.3871912187940918,1,15,56,2000-07-06
000990.SZ,2012-09-25,6.78,6.78,6.82,6.72,6.8,-0.02,-0.29,5091.77,3452.7,0.1714,0.2931,0.48,63.605,85.8894,1.2637,0.6743,0.6179,0.59,0.59,29703.2,29702.4,17373.0,201388.0,201382.0,2.978,7.48,6.12,0.0000,0.17371418918577272,1,15,56,2000-07-06
000990.SZ,2012-09-26,6.75,6.62,6.8,6.6,6.78,-0.16,-2.36,7587.85,5078.62,0.2555,0.4368,0.75,62.104,83.8625,1.2339,0.6583,0.6034,0.6042,0.6042,29703.2,29702.4,17373.0,196635.0,196630.0,2.978,7.46,6.1,0.0000,-0.5149981022166885,1,15,56,2000-07-06
000990.SZ,2012-09-27,6.61,6.74,6.81,6.6,6.62,0.12,1.81,12098.9,8119.47,0.4073,0.6964,1.29,63.2298,85.3827,1.2563,0.6703,0.6143,0.5935,0.5935,29703.2,29702.4,17373.0,200200.0,200194.0,2.978,7.28,5.96,0.0000,-0.2432666456403801,1,15,56,2000-07-06
000990.SZ,2012-09-28,6.72,6.85,6.86,6.7,6.74,0.11,1.63,13493.0,9174.06,0.4543,0.7767,1.46,64.2617,86.7762,1.2768,0.6812,0.6243,0.5839,0.5839,29703.2,29702.4,17373.0,203467.0,203461.0,2.978,7.41,6.07,0.0000,0.22860328527843898,1,15,56,2000-07-06
000990.SZ,2012-10-08,6.85,6.82,6.9,6.77,6.85,-0.03,-0.44,7026.92,4806.86,0.2366,0.4045,0.72,63.9803,86.3961,1.2712,0.6782,0.6216,0.5865,0.5865,29703.2,29702.4,17373.0,202576.0,202570.0,2.978,7.54,6.17,0.0000,-0.3424933268866842,1,15,56,2000-07-06
000990.SZ,2012-10-09,6.82,6.98,6.99,6.81,6.82,0.16,2.35,15236.2,10567.7,0.513,0.877,1.68,65.4813,88.423,1.301,0.6941,0.6362,0.5731,0.5731,29703.2,29702.4,17373.0,207329.0,207323.0,2.978,7.5,6.14,0.0000,-0.08205400542953183,1,15,56,2000-07-06
000990.SZ,2012-10-10,6.93,7.04,7.08,6.88,6.98,0.06,0.86,16308.9,11381.2,0.5491,0.9388,1.47,66.0442,89.1831,1.3122,0.7001,0.6416,0.5682,0.5682,29703.2,29702.4,17373.0,209111.0,209105.0,2.978,7.68,6.28,0.0000,0.20890357120870334,1,15,56,2000-07-06
000990.SZ,2012-10-11,7.03,6.94,7.06,6.94,7.04,-0.1,-1.42,12594.8,8826.49,0.424,0.725,0.98,65.106,87.9163,1.2935,0.6902,0.6325,0.5764,0.5764,29703.2,29702.4,17373.0,206140.0,206135.0,2.978,7.74,6.34,0.0000,0.08921676195923539,1,15,56,2000-07-06
000990.SZ,2012-10-12,6.95,6.92,7.0,6.86,6.94,-0.02,-0.29,10095.9,6978.14,0.3399,0.5811,0.78,64.9184,87.6629,1.2898,0.6882,0.6307,0.578,0.578,29703.2,29702.4,17373.0,205546.0,205541.0,2.978,7.63,6.25,0.0000,-0.6230728054430699,1,15,56,2000-07-06
000990.SZ,2012-10-15,6.89,6.82,6.92,6.74,6.92,-0.1,-1.45,8782.37,6007.56,0.2957,0.5055,0.72,63.9803,86.3961,1.2712,0.6782,0.6216,0.5865,0.5865,29703.2,29702.4,17373.0,202576.0,202570.0,2.978,7.61,6.23,0.0000,0.026318042474634144,1,15,56,2000-07-06
000990.SZ,2012-10-16,6.86,6.84,6.88,6.74,6.82,0.02,0.29,11878.0,8130.97,0.3999,0.6837,0.94,64.1679,86.6495,1.2749,0.6802,0.6234,0.5848,0.5848,29703.2,29702.4,17373.0,203170.0,203164.0,2.978,7.5,6.14,0.0000,-0.05713793543941687,1,15,56,2000-07-06
000990.SZ,2012-10-17,6.84,6.88,6.9,6.76,6.84,0.04,0.58,8785.94,6013.82,0.2958,0.5057,0.74,64.5431,87.1562,1.2824,0.6842,0.6271,0.5814,0.5814,29703.2,29702.4,17373.0,204358.0,204353.0,2.978,7.52,6.16,-0.0001,0.5201945206793723,1,15,56,2000-07-06
000990.SZ,2012-10-18,6.89,6.99,7.03,6.88,6.88,0.11,1.6,19691.9,13761.7,0.663,1.1335,1.89,65.5751,88.5497,1.3029,0.6951,0.6371,0.5722,0.5722,29703.2,29702.4,17373.0,207626.0,207620.0,2.978,7.57,6.19,0.0000,-0.12828758209351307,1,15,56,2000-07-06
000990.SZ,2012-10-19,6.99,7.0,7.02,6.95,6.99,0.01,0.14,10866.2,7584.02,0.3658,0.6255,0.92,65.6689,88.6764,1.3047,0.6961,0.638,0.5714,0.5714,29703.2,29702.4,17373.0,207923.0,207917.0,2.978,7.69,6.29,0.0000,-0.33530476367744394,1,15,56,2000-07-06
000990.SZ,2012-10-22,6.95,7.0,7.04,6.92,7.0,0.0,0.0,16432.9,11476.4,0.5533,0.9459,1.37,65.6689,88.6764,1.3047,0.6961,0.638,0.5714,0.5714,29703.2,29702.4,17373.0,207923.0,207917.0,2.978,7.7,6.3,0.0000,-0.22842415508210817,1,15,56,2000-07-06
000990.SZ,2012-10-23,7.05,7.02,7.07,6.96,7.0,0.02,0.29,14979.6,10508.6,0.5043,0.8622,1.11,65.8565,88.9297,1.3085,0.6981,0.6398,0.5698,0.5698,29703.2,29702.4,17373.0,208517.0,208511.0,2.978,7.7,6.3,0.0000,-0.11286705309773372,1,15,56,2000-07-06
000990.SZ,2012-10-24,6.99,6.99,7.06,6.95,7.02,-0.03,-0.43,13041.1,9125.59,0.4391,0.7507,0.92,65.5751,66.9241,1.2925,0.6951,0.6231,0.5722,0.5722,29703.2,29702.4,17373.0,207626.0,207620.0,2.978,7.72,6.32,0.0000,-0.6843405076941796,1,15,56,2000-07-06
000990.SZ,2012-10-25,6.96,6.96,7.03,6.94,6.99,-0.03,-0.43,13635.5,9520.19,0.4591,0.7849,0.91,65.2937,66.6369,1.287,0.6922,0.6204,0.5747,0.5747,29703.2,29702.4,17373.0,206735.0,206729.0,2.978,7.69,6.29,0.0000,-0.2147110690827306,1,15,56,2000-07-06
000990.SZ,2012-10-26,6.95,6.76,6.98,6.7,6.96,-0.2,-2.87,16471.3,11246.5,0.5545,0.9481,1.19,63.4174,64.722,1.25,0.6723,0.6026,0.5917,0.5917,29703.2,29702.4,17373.0,200794.0,200788.0,2.978,7.66,6.26,0.0000,-0.7985524529174982,1,15,56,2000-07-06
000990.SZ,2012-10-29,6.76,6.77,6.8,6.71,6.76,0.01,0.15,7282.24,4915.32,0.2452,0.4192,0.49,63.5112,64.8177,1.2518,0.6733,0.6035,0.5908,0.5908,29703.2,29702.4,17373.0,201091.0,201085.0,2.978,7.44,6.08,0.0000,0.06469773931714283,1,15,56,2000-07-06
000990.SZ,2012-10-30,6.72,6.77,6.81,6.72,6.77,0.0,0.0,6701.62,4539.17,0.2256,0.3857,0.51,63.5112,64.8177,1.2518,0.6733,0.6035,0.5908,0.5908,29703.2,29702.4,17373.0,201091.0,201085.0,2.978,7.45,6.09,-0.0001,0.40940375558244607,1,15,56,2000-07-06
000990.SZ,2012-10-31,6.79,6.72,6.8,6.68,6.77,-0.05,-0.74,10324.7,6956.91,0.3476,0.5943,0.9,63.0421,64.339,1.2426,0.6683,0.599,0.5952,0.5952,29703.2,29702.4,17373.0,199606.0,199600.0,2.978,7.45,6.09,0.0000,-0.8219606756457212,1,15,56,2000-07-06
000990.SZ,2012-11-01,6.72,6.85,6.9,6.69,6.72,0.13,1.93,13008.0,8852.63,0.4379,0.7487,1.2,64.2617,65.5837,1.2666,0.6812,0.6106,0.5839,0.5839,29703.2,29702.4,17373.0,203467.0,203461.0,2.978,7.39,6.05,0.0000,-0.15920089504386892,1,15,56,2000-07-06
000990.SZ,2012-11-02,6.84,6.89,6.9,6.8,6.85,0.04,0.58,13930.7,9566.56,0.469,0.8019,1.29,64.637,65.9667,1.274,0.6852,0.6142,0.5806,0.5806,29703.2,29702.4,17373.0,204655.0,204650.0,2.978,7.54,6.17,0.0000,-0.06339841379014545,1,15,56,2000-07-06
000990.SZ,2012-11-05,6.85,6.88,6.91,6.82,6.89,-0.01,-0.15,14691.4,10088.5,0.4946,0.8456,1.43,64.5431,65.8709,1.2722,0.6842,0.6133,0.5814,0.5814,29703.2,29702.4,17373.0,204358.0,204353.0,2.978,7.58,6.2,0.0000,0.5799508019007092,1,15,56,2000-07-06
000990.SZ,2012-11-06,6.89,6.76,6.89,6.71,6.88,-0.12,-1.74,11263.6,7629.06,0.3792,0.6483,0.96,63.4174,64.722,1.25,0.6723,0.6026,0.5917,0.5917,29703.2,29702.4,17373.0,200794.0,200788.0,2.978,7.57,6.19,0.0000,-0.6521954355404651,1,15,56,2000-07-06
000990.SZ,2012-11-07,6.75,6.76,6.81,6.74,6.76,0.0,0.0,7690.12,5209.43,0.2589,0.4426,0.61,63.4174,64.722,1.25,0.6723,0.6026,0.5917,0.5917,29703.2,29702.4,17373.0,200794.0,200788.0,2.978,7.44,6.08,0.0000,-0.6633941057950923,1,15,56,2000-07-06
000990.SZ,2012-11-08,6.72,6.69,6.76,6.68,6.76,-0.07,-1.04,8407.99,5651.77,0.2831,0.484,0.69,62.7607,64.0518,1.237,0.6653,0.5963,0.5979,0.5979,29703.2,29702.4,17373.0,198715.0,198709.0,2.978,7.44,6.08,0.0000,-0.40692945820675974,1,15,56,2000-07-06
000990.SZ,2012-11-09,6.72,6.63,6.72,6.61,6.69,-0.06,-0.9,4862.42,3242.02,0.1637,0.2799,0.43,62.1978,63.4774,1.2259,0.6593,0.591,0.6033,0.6033,29703.2,29702.4,17373.0,196932.0,196927.0,2.978,7.36,6.02,0.0001,-1.0,1,15,56,2000-07-06
000990.SZ,2012-11-12,6.68,6.72,6.74,6.61,6.63,0.09,1.36,5697.15,3815.87,0.1918,0.3279,0.61,63.0421,64.339,1.2426,0.6683,0.599,0.5952,0.5952,29703.2,29702.4,17373.0,199606.0,199600.0,2.978,7.29,5.97,0.0000,0.1898107601950493,1,15,56,2000-07-06
000990.SZ,2012-11-13,6.72,6.62,6.73,6.61,6.72,-0.1,-1.49,5198.74,3470.2,0.175,0.2992,0.69,62.104,63.3816,1.2241,0.6583,0.5901,0.6042,0.6042,29703.2,29702.4,17373.0,196635.0,196630.0,2.978,7.39,6.05,0.0001,0.05921891941285227,1,15,56,2000-07-06
000990.SZ,2012-11-14,6.61,6.65,6.71,6.58,6.62,0.03,0.45,6820.76,4519.67,0.2296,0.3926,1.07,62.3855,63.6688,1.2296,0.6613,0.5928,0.6015,0.6015,29703.2,29702.4,17373.0,197527.0,197521.0,2.978,7.28,5.96,0.0000,1.0,1,15,56,2000-07-06
000990.SZ,2012-11-15,6.63,6.55,6.67,6.53,6.65,-0.1,-1.5,7655.6,5063.57,0.2577,0.4407,1.24,61.4473,62.7114,1.2111,0.6514,0.5838,0.6107,0.6107,29703.2,29702.4,17373.0,194556.0,194551.0,2.978,7.32,5.99,0.0000,-0.15647832264819259,1,15,56,2000-07-06
000990.SZ,2012-11-16,6.55,6.45,6.58,6.38,6.55,-0.1,-1.53,8841.04,5695.07,0.2977,0.5089,1.46,60.5092,61.754,1.1927,0.6414,0.5749,0.6202,0.6202,29703.2,29702.4,17373.0,191586.0,191580.0,2.978,7.21,5.9,0.0000,-0.4038893881707332,1,15,56,2000-07-06
000990.SZ,2012-11-19,6.4,6.42,6.47,6.3,6.45,-0.03,-0.47,16588.3,10555.4,0.5585,0.9548,2.42,60.2278,61.4668,1.1871,0.6384,0.5723,0.6231,0.6231,29703.2,29702.4,17373.0,190695.0,190689.0,2.978,7.1,5.81,0.0000,0.4250127692073121,1,15,56,2000-07-06
000990.SZ,2012-11-20,6.4,6.37,6.42,6.32,6.42,-0.05,-0.78,7250.26,4618.05,0.2441,0.4173,0.8,59.7587,60.988,1.1779,0.6335,0.5678,0.6279,0.6279,29703.2,29702.4,17373.0,189210.0,189204.0,2.978,7.06,5.78,0.0000,-0.40457399650539516,1,15,56,2000-07-06
000990.SZ,2012-11-21,6.34,6.4,6.43,6.29,6.37,0.03,0.47,10081.7,6431.2,0.3394,0.5803,1.07,60.0401,61.2753,1.1834,0.6365,0.5705,0.625,0.625,29703.2,29702.4,17373.0,190101.0,190095.0,2.978,7.01,5.73,0.0001,-0.5651755530489991,1,15,56,2000-07-06
000990.SZ,2012-11-22,6.4,6.4,6.44,6.34,6.4,0.0,0.0,6449.4,4125.84,0.2171,0.3712,0.64,60.0401,61.2753,1.1834,0.6365,0.5705,0.625,0.625,29703.2,29702.4,17373.0,190101.0,190095.0,2.978,7.04,5.76,-0.0001,-1.0,1,15,56,2000-07-06
000990.SZ,2012-11-23,6.4,6.43,6.44,6.38,6.4,0.03,0.47,6740.49,4324.36,0.2269,0.388,0.68,60.3216,61.5625,1.189,0.6394,0.5731,0.6221,0.6221,29703.2,29702.4,17373.0,190992.0,190986.0,2.978,7.04,5.76,-0.0001,0.2582472253749194,1,15,56,2000-07-06
000990.SZ,2012-11-26,6.36,6.31,6.44,6.3,6.43,-0.12,-1.87,6082.88,3856.13,0.2048,0.3501,0.65,59.1958,60.4136,1.1668,0.6275,0.5625,0.6339,0.6339,29703.2,29702.4,17373.0,187427.0,187422.0,2.978,7.07,5.79,0.0000,-1.0,1,15,56,2000-07-06
000990.SZ,2012-11-27,6.3,6.05,6.36,6.01,6.31,-0.26,-4.12,8853.67,5421.86,0.2981,0.5096,1.21,56.7567,57.9243,1.1187,0.6017,0.5393,0.6612,0.6612,29703.2,29702.4,17373.0,179705.0,179700.0,2.978,6.94,5.68,0.0000,-0.46569092787996225,1,15,56,2000-07-06
000990.SZ,2012-11-28,6.04,5.81,6.14,5.79,6.05,-0.24,-3.97,10729.5,6311.12,0.3612,0.6176,1.4,54.5052,55.6265,1.0743,0.5778,0.5179,0.6885,0.6885,29703.2,29702.4,17373.0,172576.0,172571.0,2.978,6.66,5.45,0.0000,0.48123278761913973,1,15,56,2000-07-06
000990.SZ,2012-11-29,5.8,5.8,5.89,5.77,5.81,-0.01,-0.17,7825.77,4569.04,0.2635,0.4505,1.01,54.4114,55.5307,1.0725,0.5768,0.517,0.6897,0.6897,29703.2,29702.4,17373.0,172279.0,172274.0,2.978,6.39,5.23,-0.0001,-1.0,1,15,56,2000-07-06
000990.SZ,2012-11-30,5.79,5.84,5.87,5.75,5.8,0.04,0.69,6807.84,3960.55,0.2292,0.3919,0.85,54.7866,55.9137,1.0799,0.5808,0.5206,0.6849,0.6849,29703.2,29702.4,17373.0,173467.0,173462.0,2.978,6.38,5.22,-0.0001,,1,15,56,2000-07-06
000990.SZ,2012-12-03,5.88,5.6,5.88,5.58,5.84,-0.24,-4.11,8901.6,5114.7,0.2997,0.5124,1.1,52.5351,53.6159,1.0355,0.5569,0.4992,0.7143,0.7143,29703.2,29702.4,17373.0,166338.0,166333.0,2.978,6.42,5.26,-0.0001,-0.3939458452856042,1,15,56,2000-07-06
000990.SZ,2012-12-04,5.59,5.67,5.7,5.5,5.6,0.07,1.25,9111.0,5107.0,0.3067,0.5244,1.06,53.1918,54.2861,1.0484,0.5639,0.5054,0.7055,0.7055,29703.2,29702.4,17373.0,168417.0,168413.0,2.978,6.16,5.04,-0.0001,1.0,1,15,56,2000-07-06
000990.SZ,2012-12-05,5.63,5.88,5.91,5.62,5.67,0.21,3.7,15346.0,8937.33,0.5167,0.8833,1.77,55.1619,56.2967,1.0873,0.5847,0.5241,0.6803,0.6803,29703.2,29702.4,17373.0,174655.0,174650.0,2.978,6.24,5.1,0.0000,-0.04033197271073468,1,15,56,2000-07-06
000990.SZ,2012-12-06,5.84,5.81,5.9,5.76,5.88,-0.07,-1.19,11047.6,6425.07,0.3719,0.6211,1.15,54.5052,55.6265,1.0743,0.5778,0.5179,0.6885,0.6885,29703.2,29702.4,17788.4,172576.0,172571.0,2.978,6.47,5.29,0.0000,-1.0,1,15,56,2000-07-06
000990.SZ,2012-12-07,5.81,5.92,5.95,5.77,5.81,0.11,1.89,11737.8,6909.52,0.3952,0.6599,1.15,55.5371,56.6796,1.0947,0.5887,0.5277,0.6757,0.6757,29703.2,29702.4,17788.4,175843.0,175838.0,2.978,6.39,5.23,0.0000,0.9780761189210861,1,15,56,2000-07-06
000990.SZ,2012-12-10,5.93,6.01,6.06,5.89,5.92,0.09,1.52,10710.7,6425.11,0.3606,0.6021,0.95,56.3814,57.5413,1.1113,0.5977,0.5357,0.6656,0.6656,29703.2,29702.4,17788.4,178516.0,178511.0,2.978,6.51,5.33,0.0000,0.4932103297766175,1,15,56,2000-07-06
000990.SZ,2012-12-11,6.03,5.98,6.06,5.97,6.01,-0.03,-0.5,10017.1,6019.12,0.3372,0.5631,0.86,56.1,57.2541,1.1058,0.5947,0.533,0.6689,0.6689,29703.2,29702.4,17788.4,177625.0,177620.0,2.978,6.61,5.41,0.0000,0.18493041465567403,1,15,56,2000-07-06
000990.SZ,2012-12-12,5.96,5.92,6.04,5.85,5.98,-0.06,-1.0,9046.1,5364.6,0.3046,0.5085,0.77,55.5371,56.6796,1.0947,0.5887,0.5277,0.6757,0.6757,29703.2,29702.4,17788.4,175843.0,175838.0,2.978,6.58,5.38,0.0000,-0.22451396021812553,1,15,56,2000-07-06
000990.SZ,2012-12-13,5.92,5.82,5.94,5.82,5.92,-0.1,-1.69,7466.01,4396.24,0.2514,0.4197,0.71,54.599,55.7222,1.0762,0.5788,0.5188,0.6873,0.6873,29703.2,29702.4,17788.4,172873.0,172868.0,2.978,6.51,5.33,0.0000,0.19354285671235721,1,15,56,2000-07-06
000990.SZ,2012-12-14,5.81,6.07,6.09,5.81,5.82,0.25,4.3,17702.5,10626.6,0.596,0.9952,1.81,56.9443,58.1158,1.1224,0.6036,0.5411,0.659,0.659,29703.2,29702.4,17788.4,180299.0,180294.0,2.978,6.4,5.24,0.0000,0.7444124619436888,1,15,56,2000-07-06
000990.SZ,2012-12-17,6.03,6.19,6.25,6.03,6.07,0.12,1.98,19256.2,11825.1,0.6483,1.0825,1.75,58.0701,59.2647,1.1446,0.6156,0.5518,0.6462,0.6462,29703.2,29702.4,17788.4,183863.0,183858.0,2.978,6.68,5.46,0.0000,-0.21951218450533208,1,15,56,2000-07-06
000990.SZ,2012-12-18,6.18,6.14,6.22,6.05,6.19,-0.05,-0.81,15493.2,9532.79,0.5216,0.871,1.22,57.601,58.786,1.1353,0.6106,0.5473,0.6515,0.6515,29703.2,29702.4,17788.4,182378.0,182373.0,2.978,6.81,5.57,0.0000,-0.6132218684190311,1,15,56,2000-07-06
000990.SZ,2012-12-19,6.14,6.16,6.18,6.1,6.14,0.02,0.33,10015.3,6157.25,0.3372,0.563,0.73,57.7886,58.9774,1.139,0.6126,0.5491,0.6494,0.6494,29703.2,29702.4,17788.4,182972.0,182967.0,2.978,6.75,5.53,0.0000,-0.45049394990481784,1,15,56,2000-07-06
000990.SZ,2012-12-20,6.15,6.11,6.16,6.04,6.16,-0.05,-0.81,13594.8,8280.35,0.4577,0.7642,0.97,57.3196,58.4987,1.1298,0.6076,0.5446,0.6547,0.6547,29703.2,29702.4,17788.4,181487.0,181482.0,2.978,6.78,5.54,0.0000,-0.742305236887885,1,15,56,2000-07-06
000990.SZ,2012-12-21,6.13,6.09,6.17,6.07,6.11,-0.02,-0.33,13965.0,8526.23,0.4702,0.7851,0.92,57.1319,58.3072,1.1261,0.6056,0.5428,0.6568,0.6568,29703.2,29702.4,17788.4,180893.0,180888.0,2.978,6.72,5.5,0.0000,-0.3581081213271234,1,15,56,2000-07-06
000990.SZ,2012-12-24,6.09,6.12,6.15,6.06,6.09,0.03,0.49,7995.14,4888.8,0.2692,0.4495,0.55,57.4134,58.5945,1.1316,0.6086,0.5455,0.6536,0.6536,29703.2,29702.4,17788.4,181784.0,181779.0,2.978,6.7,5.48,0.0000,1.0,1,15,56,2000-07-06
000990.SZ,2012-12-25,6.08,6.24,6.26,6.07,6.12,0.12,1.96,17587.2,10927.5,0.5921,0.9887,1.44,58.5391,59.7434,1.1538,0.6205,0.5562,0.641,0.641,29703.2,29702.4,17788.4,185348.0,185343.0,2.978,6.73,5.51,0.0000,0.21560778834502667,1,15,56,2000-07-06
000990.SZ,2012-12-26,6.24,6.32,6.32,6.21,6.24,0.08,1.28,16724.5,10465.1,0.5631,0.9402,1.32,59.2896,60.5093,1.1686,0.6285,0.5633,0.6329,0.6329,29703.2,29702.4,17788.4,187724.0,187719.0,2.978,6.86,5.62,0.0000,-0.2818285170332206,1,15,56,2000-07-06
000990.SZ,2012-12-27,6.32,6.3,6.38,6.26,6.32,-0.02,-0.32,16383.5,10330.9,0.5516,0.921,1.17,59.102,60.3178,1.1649,0.6265,0.5616,0.6349,0.6349,29703.2,29702.4,17788.4,187130.0,187125.0,2.978,6.95,5.69,0.0000,-0.12379474642344206,1,15,56,2000-07-06
000990.SZ,2012-12-28,6.3,6.33,6.36,6.25,6.3,0.03,0.48,13607.1,8599.75,0.4581,0.7649,0.94,59.3834,60.6051,1.1705,0.6295,0.5642,0.6319,0.6319,29703.2,29702.4,17788.4,188022.0,188016.0,2.978,6.93,5.67,0.0000,-1.0,1,15,56,2000-07-06
000990.SZ,2012-12-31,6.34,6.37,6.41,6.32,6.33,0.04,0.63,10892.5,6940.04,0.3667,0.6123,0.75,59.7587,60.988,1.1779,0.6335,0.5678,0.6279,0.6279,29703.2,29702.4,17788.4,189210.0,189204.0,2.978,6.96,5.7,0.0000,0.4703884217821244,1,15,56,2000-07-06
000990.SZ,2013-01-04,6.43,6.3,6.43,6.29,6.37,-0.07,-1.1,17409.7,11023.3,0.5861,0.9787,1.16,59.102,60.3178,1.1649,0.6265,0.5616,0.6349,0.6349,29703.2,29702.4,17788.4,187130.0,187125.0,2.978,7.01,5.73,0.0000,-0.14926298943190502,1,15,56,2000-07-06
000990.SZ,2013-01-07,6.34,6.51,6.52,6.34,6.3,0.21,3.33,29988.8,19347.5,1.0096,1.6859,2.0,61.0721,62.3284,1.2038,0.6474,0.5803,0.6144,0.6144,29703.2,29702.4,17788.4,193368.0,193363.0,2.978,6.93,5.67,0.0000,-0.46171624348455115,1,15,56,2000-07-06
000990.SZ,2013-01-08,6.5,6.54,6.59,6.43,6.51,0.03,0.46,24339.3,15851.2,0.8194,1.3683,1.38,61.3535,62.6157,1.2093,0.6504,0.583,0.6116,0.6116,29703.2,29702.4,17788.4,194259.0,194254.0,2.978,7.16,5.86,0.0000,0.13878837514990355,1,15,56,2000-07-06
000990.SZ,2013-01-09,6.54,6.53,6.58,6.44,6.54,-0.01,-0.15,17592.4,11468.2,0.5923,0.989,0.91,61.2597,62.5199,1.2075,0.6494,0.5821,0.6126,0.6126,29703.2,29702.4,17788.4,193962.0,193957.0,2.978,7.19,5.89,0.0000,-0.35819051495380166,1,15,56,2000-07-06
000990.SZ,2013-01-10,6.54,6.55,6.61,6.48,6.53,0.02,0.31,16498.6,10807.1,0.5555,0.9275,0.82,61.4473,62.7114,1.2111,0.6514,0.5838,0.6107,0.6107,29703.2,29702.4,17788.4,194556.0,194551.0,2.978,7.18,5.88,0.0000,0.035320806900456525,1,15,56,2000-07-06
000990.SZ,2013-01-11,6.58,6.34,6.58,6.34,6.55,-0.21,-3.21,14707.8,9472.49,0.4952,0.8268,0.69,59.4773,60.7008,1.1723,0.6305,0.5651,0.6309,0.6309,29703.2,29702.4,17788.4,188319.0,188313.0,2.978,7.21,5.9,0.0000,-0.3006081751604815,1,15,56,2000-07-06
000990.SZ,2013-01-14,6.34,6.59,6.6,6.34,6.34,0.25,3.94,20813.4,13546.0,0.7007,1.1701,1.01,61.8226,63.0944,1.2185,0.6554,0.5874,0.607,0.607,29703.2,29702.4,17788.4,195744.0,195739.0,2.978,6.97,5.71,0.0000,0.831455845755318,1,15,56,2000-07-06
000990.SZ,2013-01-15,6.6,6.75,6.78,6.56,6.59,0.16,2.43,31374.3,21030.0,1.0563,1.7637,1.67,63.3236,64.6263,1.2481,0.6713,0.6017,0.5926,0.5926,29703.2,29702.4,17788.4,200497.0,200491.0,2.978,7.25,5.93,0.0000,0.38140184562332957,1,15,56,2000-07-06
000990.SZ,2013-01-16,6.76,6.69,6.77,6.63,6.75,-0.06,-0.89,20558.9,13759.2,0.6922,1.1557,1.02,62.7607,64.0518,1.237,0.6653,0.5963,0.5979,0.5979,29703.2,29702.4,17788.4,198715.0,198709.0,2.978,7.43,6.08,0.0000,-0.28512082203846306,1,15,56,2000-07-06
000990.SZ,2013-01-17,6.69,6.75,6.78,6.66,6.69,0.06,0.9,23743.1,15972.9,0.7994,1.3348,1.14,63.3236,64.6263,1.2481,0.6713,0.6017,0.5926,0.5926,29703.2,29702.4,17788.4,200497.0,200491.0,2.978,7.36,6.02,0.0000,-0.1663330861038696,1,15,56,2000-07-06
000990.SZ,2013-01-18,6.76,6.94,6.94,6.72,6.75,0.19,2.81,34559.5,23585.5,1.1635,1.9428,1.55,65.106,66.4454,1.2833,0.6902,0.6186,0.5764,0.5764,29703.2,29702.4,17788.4,206140.0,206135.0,2.978,7.43,6.08,0.0000,0.20030919497057278,1,15,56,2000-07-06
000990.SZ,2013-01-21,6.9,6.92,6.98,6.86,6.94,-0.02,-0.29,20891.3,14441.1,0.7034,1.1744,0.8,64.9184,66.2539,1.2796,0.6882,0.6168,0.578,0.578,29703.2,29702.4,17788.4,205546.0,205541.0,2.978,7.63,6.25,0.0000,-0.2150221859329276,1,15,56,2000-07-06
000990.SZ,2013-01-22,6.91,6.79,6.93,6.73,6.92,-0.13,-1.88,19930.7,13659.0,0.671,1.1204,0.76,63.6988,65.0092,1.2555,0.6752,0.6052,0.5891,0.5891,29703.2,29702.4,17788.4,201685.0,201679.0,2.978,7.61,6.23,0.0000,-0.3622861579859501,1,15,56,2000-07-06
000990.SZ,2013-01-23,6.79,6.82,6.85,6.73,6.79,0.03,0.44,14235.0,9657.48,0.4793,0.8002,0.59,63.9803,65.2965,1.2611,0.6782,0.6079,0.5865,0.5865,29703.2,29702.4,17788.4,202576.0,202570.0,2.978,7.47,6.11,0.0000,0.1461339385737896,1,15,56,2000-07-06
000990.SZ,2013-01-24,6.8,6.63,6.87,6.56,6.82,-0.19,-2.79,20827.6,14044.5,0.7012,1.1709,0.92,62.1978,63.4774,1.2259,0.6593,0.591,0.6033,0.6033,29703.2,29702.4,17788.4,196932.0,196927.0,2.978,7.5,6.14,0.0000,-0.20842503854552233,1,15,56,2000-07-06
000990.SZ,2013-01-25,6.61,6.53,6.65,6.51,6.63,-0.1,-1.51,20257.1,13278.1,0.682,1.1388,0.92,61.2597,62.5199,1.2075,0.6494,0.5821,0.6126,0.6126,29703.2,29702.4,17788.4,193962.0,193957.0,2.978,7.29,5.97,0.0000,0.46828165443606884,1,15,56,2000-07-06
000990.SZ,2013-01-28,6.53,6.69,6.69,6.53,6.53,0.16,2.45,17446.5,11574.7,0.5874,0.9808,0.91,62.7607,64.0518,1.237,0.6653,0.5963,0.5979,0.5979,29703.2,29702.4,17788.4,198715.0,198709.0,2.978,7.18,5.88,0.0000,-0.19809843779435735,1,15,56,2000-07-06
000990.SZ,2013-01-29,6.69,6.8,6.83,6.66,6.69,0.11,1.64,15825.5,10716.6,0.5328,0.8896,0.85,63.7926,65.105,1.2574,0.6762,0.6061,0.5882,0.5882,29703.2,29702.4,17788.4,201982.0,201976.0,2.978,7.36,6.02,0.0000,0.07863241666658627,1,15,56,2000-07-06
000990.SZ,2013-01-30,6.8,6.82,6.85,6.73,6.8,0.02,0.29,16644.2,11307.5,0.5604,0.9357,0.94,63.9803,65.2965,1.2611,0.6782,0.6079,0.5865,0.5865,29703.2,29702.4,17788.4,202576.0,202570.0,2.978,7.48,6.12,-0.0001,-0.26992466329145126,1,15,56,2000-07-06
000990.SZ,2013-01-31,6.76,6.79,6.85,6.7,6.82,-0.03,-0.44,16004.0,10811.1,0.5388,0.8997,0.88,63.6988,65.0092,1.2555,0.6752,0.6052,0.5891,0.5891,29703.2,29702.4,17788.4,201685.0,201679.0,2.978,7.5,6.14,0.0000,-0.08618580116304252,1,15,56,2000-07-06
000990.SZ,2013-02-01,6.77,6.88,6.95,6.75,6.79,0.09,1.33,24611.0,16897.6,0.8286,1.3835,1.43,64.5431,65.8709,1.2722,0.6842,0.6133,0.5814,0.5814,29703.2,29702.4,17788.4,204358.0,204353.0,2.978,7.47,6.11,0.0000,-0.010280683254753148,1,15,56,2000-07-06
000990.SZ,2013-02-04,6.89,6.78,6.91,6.72,6.88,-0.1,-1.45,23780.3,16150.2,0.8006,1.3368,1.31,63.605,64.9135,1.2537,0.6743,0.6043,0.59,0.59,29703.2,29702.4,17788.4,201388.0,201382.0,2.978,7.57,6.19,0.0000,-0.2552717991898636,1,15,56,2000-07-06
000990.SZ,2013-02-05,6.75,6.79,6.8,6.67,6.78,0.01,0.15,11493.0,7752.2,0.3869,0.6461,0.59,63.6988,65.0092,1.2555,0.6752,0.6052,0.5891,0.5891,29703.2,29702.4,17788.4,201685.0,201679.0,2.978,7.46,6.1,0.0000,0.2506246622502685,1,15,56,2000-07-06
000990.SZ,2013-02-06,6.81,6.88,6.93,6.75,6.79,0.09,1.33,19456.4,13335.0,0.655,1.0938,1.05,64.5431,65.8709,1.2722,0.6842,0.6133,0.5814,0.5814,29703.2,29702.4,17788.4,204358.0,204353.0,2.978,7.47,6.11,0.0000,-0.3073336633322982,1,15,56,2000-07-06
000990.SZ,2013-02-07,6.84,7.13,7.41,6.84,6.88,0.25,3.63,54206.4,38773.3,1.825,3.0473,2.84,66.8885,68.2645,1.3184,0.7091,0.6355,0.561,0.561,29703.2,29702.4,17788.4,211784.0,211778.0,2.978,7.57,6.19,0.0000,0.23444780166572818,1,15,56,2000-07-06
000990.SZ,2013-02-08,7.07,7.28,7.3,7.05,7.13,0.15,2.1,51053.8,36762.4,1.7188,2.8701,1.91,68.2957,69.7006,1.3461,0.724,0.6489,0.5495,0.5495,29703.2,29702.4,17788.4,216240.0,216233.0,2.978,7.84,6.42,0.0000,0.1787680594860576,1,15,56,2000-07-06
000990.SZ,2013-02-18,7.25,7.23,7.31,7.2,7.28,-0.05,-0.69,29237.9,21186.4,0.9844,1.6436,0.91,67.8266,69.2219,1.3369,0.719,0.6445,0.5533,0.5533,29703.2,29702.4,17788.4,214754.0,214748.0,2.978,8.01,6.55,0.0000,-0.05706082258616287,1,15,56,2000-07-06
000990.SZ,2013-02-19,7.23,7.26,7.28,7.17,7.23,0.03,0.41,29430.6,21288.5,0.9908,1.6545,0.89,68.108,69.5091,1.3424,0.722,0.6471,0.551,0.551,29703.2,29702.4,17788.4,215646.0,215639.0,2.978,7.95,6.51,0.0000,0.14174321350094093,1,15,56,2000-07-06
000990.SZ,2013-02-20,7.23,7.39,7.43,7.2,7.26,0.13,1.79,35363.8,25971.8,1.1906,1.988,0.96,69.3276,70.7538,1.3665,0.7349,0.6587,0.5413,0.5413,29703.2,29702.4,17788.4,219507.0,219501.0,2.978,7.99,6.53,0.0000,0.20466686398419381,1,15,56,2000-07-06
000990.SZ,2013-02-21,7.37,7.18,7.37,7.13,7.39,-0.21,-2.84,41519.7,30104.9,1.3979,2.3341,1.04,67.3575,68.7432,1.3276,0.714,0.64,0.5571,0.5571,29703.2,29702.4,17788.4,213269.0,213263.0,2.978,8.13,6.65,0.0000,-0.06216610148004116,1,15,56,2000-07-06
000990.SZ,2013-02-22,7.18,7.17,7.24,7.0,7.18,-0.01,-0.14,16380.2,11734.7,0.5515,0.9208,0.44,67.2637,68.6475,1.3258,0.713,0.6391,0.5579,0.5579,29703.2,29702.4,17788.4,212972.0,212966.0,2.978,7.9,6.46,0.0000,-0.4446388031427398,1,15,56,2000-07-06
000990.SZ,2013-02-25,7.12,7.48,7.52,7.11,7.17,0.31,4.32,60001.1,44410.9,2.0201,3.373,1.97,70.1719,71.6155,1.3831,0.7439,0.6667,0.5348,0.5348,29703.2,29702.4,17788.4,222180.0,222174.0,2.978,7.89,6.45,0.0000,-0.0863518268891857,1,15,56,2000-07-06
000990.SZ,2013-02-26,7.38,7.59,7.83,7.38,7.48,0.11,1.47,67974.8,52000.6,2.2885,3.8213,1.86,71.2039,72.6686,1.4035,0.7548,0.6765,0.527,0.527,29703.2,29702.4,17788.4,225448.0,225441.0,2.978,8.23,6.73,0.0000,0.2755410810140441,1,15,56,2000-07-06
000990.SZ,2013-02-27,7.54,7.45,7.77,7.4,7.59,-0.14,-1.84,36777.6,27719.5,1.2382,2.0675,0.83,69.8905,71.3282,1.3776,0.7409,0.6641,0.5369,0.5369,29703.2,29702.4,17788.4,221289.0,221283.0,2.978,8.35,6.83,0.0000,-0.06916377046121623,1,15,56,2000-07-06
000990.SZ,2013-02-28,7.5,7.47,7.56,7.36,7.45,0.02,0.27,24492.2,18322.6,0.8246,1.3769,0.55,70.0781,71.5197,1.3813,0.7429,0.6659,0.5355,0.5355,29703.2,29702.4,17788.4,221883.0,221877.0,2.978,8.2,6.71,0.0000,-0.20703964411239803,1,15,56,2000-07-06
000990.SZ,2013-03-01,7.49,8.01,8.21,7.49,7.47,0.54,7.23,95724.5,75948.9,3.2228,5.3813,2.33,75.144,76.6898,1.4811,0.7966,0.714,0.4994,0.4994,29703.2,29702.4,17788.4,237923.0,237916.0,2.978,8.22,6.72,0.0000,0.1493083741965401,1,15,56,2000-07-06
000990.SZ,2013-03-04,7.95,7.94,8.32,7.85,8.01,-0.07,-0.87,74958.2,60579.3,2.5236,4.2139,1.32,74.4873,76.0196,1.4682,0.7896,0.7077,0.5038,0.5038,29703.2,29702.4,17788.4,235844.0,235837.0,2.978,8.81,7.21,0.0000,-0.0579025534097468,1,15,56,2000-07-06
000990.SZ,2013-03-05,7.92,8.21,8.22,7.92,7.94,0.27,3.4,61497.6,49993.1,2.0705,3.4572,1.03,77.0202,78.6047,1.5181,0.8165,0.7318,0.4872,0.4872,29703.2,29702.4,17788.4,243864.0,243857.0,2.978,8.73,7.15,0.0000,-0.031187613576850435,1,15,56,2000-07-06
000990.SZ,2013-03-06,8.3,8.69,8.74,8.3,8.21,0.48,5.85,86346.1,74144.9,2.907,4.8541,1.47,81.5233,83.2003,1.6069,0.8642,0.7746,0.4603,0.4603,29703.2,29702.4,17788.4,258121.0,258114.0,2.978,9.03,7.39,0.0000,0.19519441413821603,1,15,56,2000-07-06
000990.SZ,2013-03-07,8.69,8.62,8.69,8.4,8.69,-0.07,-0.81,53101.5,45282.9,1.7878,2.9852,0.77,80.8666,82.5301,1.5939,0.8572,0.7684,0.464,0.464,29703.2,29702.4,17788.4,256042.0,256035.0,2.978,9.56,7.82,0.0000,-0.2119235509232742,1,15,56,2000-07-06
000990.SZ,2013-03-08,8.53,8.52,8.89,8.48,8.62,-0.1,-1.16,57255.8,49862.3,1.9276,3.2187,0.77,79.9284,81.5727,1.5754,0.8473,0.7594,0.4695,0.4695,29703.2,29702.4,17788.4,253072.0,253064.0,2.978,9.48,7.76,0.0000,-0.003546067132319089,1,15,56,2000-07-06
000990.SZ,2013-03-11,8.56,8.18,8.56,8.08,8.52,-0.34,-3.99,67104.5,54845.3,2.2592,3.7724,1.01,76.7388,78.3175,1.5125,0.8135,0.7291,0.489,0.489,29703.2,29702.4,17788.4,242973.0,242966.0,2.978,9.37,7.67,0.0000,-0.37215997949687074,1,15,56,2000-07-06
000990.SZ,2013-03-12,8.18,8.1,8.32,7.91,8.18,-0.08,-0.98,49919.5,40418.7,1.6807,2.8063,0.77,75.9883,77.5515,1.4978,0.8055,0.722,0.4938,0.4938,29703.2,29702.4,17788.4,240596.0,240589.0,2.978,9.0,7.36,0.0000,-0.10978656967178035,1,15,56,2000-07-06
000990.SZ,2013-03-13,8.1,7.8,8.1,7.75,8.1,-0.3,-3.7,37911.8,29832.5,1.2764,2.1313,0.6,73.1739,74.6792,1.4423,0.7757,0.6953,0.5128,0.5128,29703.2,29702.4,17788.4,231685.0,231679.0,2.978,8.91,7.29,0.0000,-0.2437282383238157,1,15,56,2000-07-06
000990.SZ,2013-03-14,7.79,7.96,8.02,7.79,7.8,0.16,2.05,23737.3,18826.0,0.7992,1.3344,0.45,74.6749,76.2111,1.4719,0.7916,0.7095,0.5025,0.5025,29703.2,29702.4,17788.4,236438.0,236431.0,2.978,8.58,7.02,0.0000,0.007231123154484755,1,15,56,2000-07-06
000990.SZ,2013-03-15,7.99,8.13,8.31,7.88,7.96,0.17,2.14,47309.0,38240.0,1.5928,2.6595,1.0,76.2697,77.8387,1.5033,0.8085,0.7247,0.492,0.492,29703.2,29702.4,17788.4,241487.0,241481.0,2.978,8.76,7.16,0.0000,0.11271104840742018,1,15,56,2000-07-06
000990.SZ,2013-03-18,8.3,7.84,8.49,7.78,8.13,-0.29,-3.57,44008.2,35150.5,1.4816,2.474,0.97,73.5492,75.0622,1.4497,0.7797,0.6988,0.5102,0.5102,29703.2,29702.4,17788.4,232873.0,232867.0,2.978,8.94,7.32,0.0000,-0.31516519913782304,1,15,56,2000-07-06
000990.SZ,2013-03-19,7.79,7.78,7.88,7.58,7.84,-0.06,-0.77,27215.1,20978.6,0.9163,1.5299,0.67,72.9863,74.4878,1.4386,0.7737,0.6935,0.5141,0.5141,29703.2,29702.4,17788.4,231091.0,231085.0,2.978,8.62,7.06,0.0000,-0.013246901443461093,1,15,56,2000-07-06
000990.SZ,2013-03-20,7.78,7.99,8.04,7.73,7.78,0.21,2.7,28122.4,22331.9,0.9468,1.5809,0.78,74.9564,76.4983,1.4774,0.7946,0.7122,0.5006,0.5006,29703.2,29702.4,17788.4,237329.0,237322.0,2.978,8.56,7.0,0.0000,0.0012034814854826232,1,15,56,2000-07-06
000990.SZ,2013-03-21,7.94,8.07,8.14,7.94,7.99,0.08,1.0,25952.1,20918.6,0.8737,1.4589,0.76,75.7069,77.2643,1.4922,0.8025,0.7193,0.4957,0.4957,29703.2,29702.4,17788.4,239705.0,239698.0,2.978,8.79,7.19,0.0000,-0.2965703806901814,1,15,56,2000-07-06
000990.SZ,2013-03-22,8.06,8.16,8.17,8.03,8.07,0.09,1.12,20321.2,16499.0,0.6842,1.1424,0.59,76.5512,78.126,1.5089,0.8115,0.7274,0.4902,0.4902,29703.2,29702.4,17788.4,242378.0,242372.0,2.978,8.88,7.26,0.0000,0.1994952365235282,1,15,56,2000-07-06
000990.SZ,2013-03-25,8.25,8.13,8.25,8.08,8.16,-0.03,-0.37,18320.1,14900.1,0.6168,1.0299,0.63,76.2697,77.8387,1.5033,0.8085,0.7247,0.492,0.492,29703.2,29702.4,17788.4,241487.0,241481.0,2.978,8.98,7.34,0.0000,-0.33395995387102984,1,15,56,2000-07-06
000990.SZ,2013-03-26,8.11,7.93,8.13,7.88,8.13,-0.2,-2.46,20357.2,16192.6,0.6854,1.1444,0.85,74.3935,75.9239,1.4663,0.7886,0.7069,0.5044,0.5044,29703.2,29702.4,17788.4,235547.0,235540.0,2.978,8.94,7.32,0.0000,-0.2793930825406293,1,15,56,2000-07-06
000990.SZ,2013-03-27,8.0,8.0,8.12,7.93,7.93,0.07,0.88,17919.2,14389.2,0.6033,1.0074,0.79,75.0502,76.5941,1.4793,0.7956,0.7131,0.5,0.5,29703.2,29702.4,17788.4,237626.0,237619.0,2.978,8.72,7.14,0.0000,-0.06254788461975674,1,15,56,2000-07-06
000990.SZ,2013-03-28,8.0,7.86,8.03,7.2,8.0,-0.14,-1.75,19377.8,15244.2,0.6524,1.0893,0.94,73.7368,75.2537,1.4534,0.7817,0.7006,0.5089,0.5089,29703.2,29702.4,17788.4,233467.0,233461.0,2.978,8.8,7.2,0.0000,0.14049101700655242,1,15,56,2000-07-06
000990.SZ,2013-03-29,7.81,7.84,7.98,7.76,7.86,-0.02,-0.25,11453.0,8993.15,0.3856,0.6438,0.59,73.5492,75.0622,1.4497,0.7797,0.6988,0.5102,0.5102,29703.2,29702.4,17788.4,232873.0,232867.0,2.978,8.65,7.07,0.0000,-0.137752885217904,1,15,56,2000-07-06
000990.SZ,2013-04-01,7.76,7.6,7.8,7.55,7.84,-0.24,-3.06,29131.2,22299.7,0.9808,1.6376,1.67,82.8818,82.8818,1.4037,0.6672,0.6672,0.5263,0.5263,29703.2,29702.8,17788.4,225745.0,225742.0,2.978,8.62,7.06,0.0000,-0.14704222287568816,1,15,56,2000-07-06
000990.SZ,2013-04-02,7.6,7.45,7.71,7.37,7.6,-0.15,-1.97,18552.6,13911.9,0.6246,1.1379,0.94,81.2459,81.2459,1.376,0.6541,0.6541,0.5369,0.5369,29703.2,29702.8,16303.9,221289.0,221286.0,2.978,8.36,6.84,0.0000,-0.5299042115777358,1,15,56,2000-07-06
000990.SZ,2013-04-03,7.46,7.63,7.77,7.42,7.45,0.18,2.42,26874.6,20426.6,0.9048,1.6484,1.39,83.2089,83.2089,1.4093,0.6699,0.6699,0.5242,0.5242,29703.2,29702.8,16303.9,226636.0,226633.0,2.978,8.2,6.71,0.0000,0.0420134099660002,1,15,56,2000-07-06
000990.SZ,2013-04-08,7.63,7.7,7.72,7.35,7.63,0.07,0.92,17909.5,13487.7,0.603,1.0985,0.85,83.9723,83.9723,1.4222,0.676,0.676,0.5195,0.5195,29703.2,29702.8,16303.9,228715.0,228712.0,2.978,8.39,6.87,0.0000,-0.5528257679611883,1,15,56,2000-07-06
000990.SZ,2013-04-09,7.69,7.66,7.78,7.61,7.7,-0.04,-0.52,16219.3,12451.1,0.5461,0.9948,0.78,83.5361,83.5361,1.4148,0.6725,0.6725,0.5222,0.5222,29703.2,29702.8,16303.9,227527.0,227524.0,2.978,8.47,6.93,0.0000,-0.39381065689735956,1,15,56,2000-07-06
000990.SZ,2013-04-10,7.66,7.6,7.73,7.54,7.66,-0.06,-0.78,9913.88,7522.75,0.3338,0.6081,0.46,82.8818,82.8818,1.4037,0.6672,0.6672,0.5263,0.5263,29703.2,29702.8,16303.9,225745.0,225742.0,2.978,8.43,6.89,0.0000,0.0999063074480949,1,15,56,2000-07-06
000990.SZ,2013-04-11,7.66,7.65,7.74,7.58,7.6,0.05,0.66,10089.1,7715.6,0.3397,0.6188,0.56,83.427,83.427,1.413,0.6716,0.6716,0.5229,0.5229,29703.2,29702.8,16303.9,227230.0,227227.0,2.978,8.36,6.84,0.0000,-0.07384146131725096,1,15,56,2000-07-06
000990.SZ,2013-04-12,7.45,7.4,7.6,7.37,7.65,-0.25,-3.27,21127.5,15745.1,0.7113,1.2959,1.3,80.7007,80.7007,1.3668,0.6497,0.6497,0.5405,0.5405,29703.2,29702.8,16303.9,219804.0,219801.0,2.978,8.42,6.89,0.0000,-0.24250089364571462,1,15,56,2000-07-06
000990.SZ,2013-04-15,7.41,7.26,7.41,7.22,7.4,-0.14,-1.89,14640.0,10655.8,0.4929,0.8979,0.97,79.1739,79.1739,1.3409,0.6374,0.6374,0.551,0.551,29703.2,29702.8,16303.9,215646.0,215643.0,2.978,8.14,6.66,0.0000,0.5794465779576888,1,15,56,2000-07-06
000990.SZ,2013-04-16,7.21,7.36,7.4,7.16,7.26,0.1,1.38,9647.57,7017.78,0.3248,0.5917,0.67,80.2645,80.2645,1.3594,0.6462,0.6462,0.5435,0.5435,29703.2,29702.8,16303.9,218616.0,218613.0,2.978,7.99,6.53,0.0000,0.2526925443134371,1,15,56,2000-07-06
000990.SZ,2013-04-17,7.39,7.33,7.39,7.24,7.36,-0.03,-0.41,6542.57,4782.15,0.2203,0.4013,0.5,79.9373,79.9373,1.3539,0.6435,0.6435,0.5457,0.5457,29703.2,29702.8,16303.9,217725.0,217722.0,2.978,8.1,6.62,0.0000,-0.23055192396472715,1,15,56,2000-07-06
000990.SZ,2013-04-18,7.25,7.51,7.52,7.24,7.33,0.18,2.46,20497.4,15211.9,0.6901,1.2572,1.65,81.9003,81.9003,1.3871,0.6593,0.6593,0.5326,0.5326,29703.2,29702.8,16303.9,223071.0,223068.0,2.978,8.06,6.6,0.0000,0.08546592828578475,1,15,56,2000-07-06
000990.SZ,2013-04-19,7.46,7.67,7.72,7.45,7.51,0.16,2.13,21161.4,16096.5,0.7124,1.2979,1.46,83.6452,83.6452,1.4167,0.6734,0.6734,0.5215,0.5215,29703.2,29702.8,16303.9,227824.0,227821.0,2.978,8.26,6.76,0.0000,0.30507676774385906,1,15,56,2000-07-06
000990.SZ,2013-04-22,7.6,7.7,7.73,7.6,7.67,0.03,0.39,16552.8,12714.0,0.5573,1.0153,1.14,83.9723,83.9723,1.4222,0.676,0.676,0.5195,0.5195,29703.2,29702.8,16303.9,228715.0,228712.0,2.978,8.44,6.9,0.0000,-0.028523697231505937,1,15,56,2000-07-06
000990.SZ,2013-04-23,7.7,7.42,7.78,7.39,7.7,-0.28,-3.64,14139.9,10648.3,0.476,0.8673,0.95,80.9188,80.9188,1.3705,0.6514,0.6514,0.5391,0.5391,29703.2,29702.8,16303.9,220398.0,220395.0,2.978,8.47,6.93,0.0000,-0.3772108836896258,1,15,56,2000-07-06
000990.SZ,2013-04-24,7.41,7.55,7.58,7.37,7.42,0.13,1.75,13302.1,9961.85,0.4478,0.8159,0.84,82.3365,80.4362,1.3915,0.6629,0.6068,0.5298,0.5298,29703.2,29702.8,16303.9,224259.0,224256.0,2.978,8.16,6.68,0.0000,-0.28007109486721626,1,15,56,2000-07-06
000990.SZ,2013-04-25,7.5,7.3,7.53,7.28,7.55,-0.25,-3.31,13650.4,10088.2,0.4596,0.8372,0.8,79.6101,77.7727,1.3455,0.6409,0.5867,0.5479,0.5479,29703.2,29702.8,16303.9,216834.0,216831.0,2.978,8.31,6.8,0.0000,-0.3390937852380237,1,15,56,2000-07-06
000990.SZ,2013-04-26,7.33,7.3,7.45,7.24,7.3,0.0,0.0,8746.45,6416.75,0.2945,0.5365,0.55,79.6101,77.7727,1.3455,0.6409,0.5867,0.5479,0.5479,29703.2,29702.8,16303.9,216834.0,216831.0,2.978,8.03,6.57,0.0000,-0.22976632164302246,1,15,56,2000-07-06
000990.SZ,2013-05-02,7.3,7.35,7.39,7.25,7.3,0.05,0.68,6622.86,4860.3,0.223,0.4062,0.5,80.1554,78.3054,1.3547,0.6453,0.5907,0.5442,0.5442,29703.2,29702.8,16303.9,218319.0,218316.0,2.978,8.03,6.57,0.0000,-0.18903130018091055,1,15,56,2000-07-06
000990.SZ,2013-05-03,7.31,7.56,7.58,7.31,7.35,0.21,2.86,16614.0,12435.1,0.5593,1.019,1.47,82.4456,80.5427,1.3934,0.6637,0.6076,0.5291,0.5291,29703.2,29702.8,16303.9,224556.0,224553.0,2.978,8.09,6.62,0.0000,0.10583730891852465,1,15,56,2000-07-06
000990.SZ,2013-05-06,7.55,7.65,7.75,7.54,7.56,0.09,1.19,23523.7,18057.4,0.792,1.4428,2.0,83.427,81.5016,1.41,0.6716,0.6148,0.5229,0.5229,29703.2,29702.8,16303.9,227230.0,227227.0,2.978,8.32,6.8,0.0000,-0.2196161571583053,1,15,56,2000-07-06
000990.SZ,2013-05-07,7.65,7.66,7.73,7.5,7.65,0.01,0.13,15208.2,11587.0,0.512,0.9328,1.1,83.5361,81.6081,1.4118,0.6725,0.6156,0.5222,0.5222,29703.2,29702.8,16303.9,227527.0,227524.0,2.978,8.42,6.89,0.0000,-0.5119771639570938,1,15,56,2000-07-06
000990.SZ,2013-05-08,7.67,7.94,7.95,7.6,7.66,0.28,3.66,47002.9,36878.9,1.5824,2.8829,3.32,86.5896,84.5912,1.4634,0.6971,0.6381,0.5038,0.5038,29703.2,29702.8,16303.9,235844.0,235840.0,2.978,8.43,6.89,0.0000,-0.006644179475266363,1,15,56,2000-07-06
000990.SZ,2013-05-09,7.91,7.86,7.91,7.79,7.94,-0.08,-1.01,18144.4,14220.1,0.6109,1.1129,0.83,85.7172,83.7389,1.4487,0.6901,0.6317,0.5089,0.5089,29703.2,29702.8,16303.9,233467.0,233464.0,2.978,8.73,7.15,0.0000,-0.5466959858552954,1,15,56,2000-07-06
000990.SZ,2013-05-10,7.86,8.53,8.61,7.86,7.86,0.67,8.52,81048.7,67388.1,2.7287,4.9711,3.36,93.0239,90.8769,1.5722,0.7489,0.6855,0.4689,0.4689,29703.2,29702.8,16303.9,253369.0,253365.0,2.978,8.65,7.07,0.0000,0.47170350860863863,1,15,56,2000-07-06
000990.SZ,2013-06-03,8.9,8.22,8.9,8.1,8.53,-0.31,-3.63,83330.0,69157.8,2.8055,5.1111,2.25,89.6432,87.5742,1.515,0.7217,0.6606,0.4866,0.4866,29703.2,29702.8,16303.9,244161.0,244157.0,2.978,9.38,7.68,0.0000,-0.17575177436104075,1,15,56,2000-07-06
000990.SZ,2013-06-04,8.05,8.01,8.16,7.88,8.22,-0.21,-2.55,29004.9,23188.9,0.9765,1.779,0.59,87.353,85.3369,1.4763,0.7032,0.6437,0.4994,0.4994,29703.2,29702.8,16303.9,237923.0,237920.0,2.978,9.04,7.4,0.0000,0.19061795069859555,1,15,56,2000-07-06
000990.SZ,2013-06-05,7.92,8.56,8.6,7.92,8.01,0.55,6.87,53843.7,45132.0,1.8127,3.3025,1.04,93.351,91.1965,1.5777,0.7515,0.6879,0.4673,0.4673,29703.2,29702.8,16303.9,254260.0,254256.0,2.978,8.81,7.21,0.0000,0.26700160202788475,1,15,56,2000-07-06
000990.SZ,2013-06-06,8.55,8.71,9.04,8.43,8.56,0.15,1.75,71216.2,62940.4,2.3976,4.3681,1.34,94.9869,92.7946,1.6053,0.7647,0.7,0.4592,0.4592,29703.2,29702.8,16303.9,258715.0,258712.0,2.978,9.42,7.7,0.0000,0.1732334340365772,1,15,56,2000-07-06
000990.SZ,2013-06-07,8.72,8.47,8.73,8.29,8.69,-0.22,-2.53,37664.3,31897.9,1.268,2.3101,0.59,92.3696,90.2377,1.5669,0.7436,0.6807,0.4723,0.7084,29703.2,29702.8,16303.9,251586.0,251583.0,2.985,9.56,7.82,0.0000,-0.33519558159287866,1,15,56,2000-07-06
000990.SZ,2013-06-13,8.36,8.85,8.85,8.01,8.47,0.38,4.49,44170.6,37371.8,1.4871,2.7092,0.8,96.5136,94.2861,1.6372,0.777,0.7112,0.452,0.678,29703.2,29702.8,16303.9,262874.0,262870.0,2.985,9.32,7.62,0.0000,0.09853281526801494,1,15,56,2000-07-06
000990.SZ,2013-06-14,8.79,9.5,9.65,8.74,8.85,0.65,7.34,87427.9,81724.9,2.9434,5.3624,1.85,103.602,101.211,1.7574,0.8341,0.7635,0.4211,0.6316,29703.2,29702.8,16303.9,282181.0,282177.0,2.985,9.74,7.97,0.0000,0.04779082411829321,1,15,56,2000-07-06
000990.SZ,2013-06-17,9.33,9.48,9.75,9.22,9.5,-0.02,-0.21,60486.0,57291.7,2.0364,3.7099,1.03,103.384,100.998,1.7537,0.8323,0.7619,0.4219,0.6329,29703.2,29702.8,16303.9,281587.0,281583.0,2.985,10.45,8.55,0.0000,-0.15642604095810386,1,15,56,2000-07-06
000990.SZ,2013-06-18,9.49,9.6,9.64,9.31,9.48,0.12,1.27,48123.5,45697.4,1.6202,2.9517,0.8,104.693,102.276,1.7759,0.8428,0.7715,0.4167,0.625,29703.2,29702.8,16303.9,285151.0,285147.0,2.985,10.43,8.53,0.0000,0.24698041712121638,1,15,56,2000-07-06
000990.SZ,2013-06-19,9.53,10.11,10.43,9.46,9.6,0.51,5.31,90142.1,90114.0,3.0348,5.5289,1.62,110.255,107.71,1.8703,0.8876,0.8125,0.3956,0.5935,29703.2,29702.8,16303.9,300300.0,300296.0,2.985,10.56,8.64,0.0000,0.269889823939763,1,15,56,2000-07-06
000990.SZ,2013-06-20,9.99,9.9,10.35,9.76,10.11,-0.21,-2.08,58692.9,59087.1,1.976,3.5999,0.89,107.964,105.473,1.8314,0.8692,0.7956,0.404,0.6061,29703.2,29702.8,16303.9,294062.0,294058.0,2.985,11.12,9.1,0.0000,-0.053641817323211285,1,15,56,2000-07-06
000990.SZ,2013-06-21,9.85,9.73,9.99,9.24,9.9,-0.17,-1.72,54106.0,52387.0,1.8216,3.3186,0.78,106.11,103.661,1.8,0.8543,0.782,0.4111,0.6166,29703.2,29702.8,16303.9,289013.0,289009.0,2.985,10.89,8.91,0.0000,0.01789125026105483,1,15,56,2000-07-06
000990.SZ,2013-06-24,9.6,8.85,9.95,8.76,9.73,-0.88,-9.04,51442.0,48406.2,1.7319,3.1552,0.83,96.5136,94.2861,1.6372,0.777,0.7112,0.452,0.678,29703.2,29702.8,16303.9,262874.0,262870.0,2.985,10.7,8.76,0.0000,-0.10982780573382211,1,15,56,2000-07-06
000990.SZ,2013-06-25,8.86,8.9,9.19,7.97,8.85,0.05,0.57,97617.6,83172.2,3.2865,5.9874,1.61,97.0589,94.8188,1.6464,0.7814,0.7153,0.4494,0.6742,29703.2,29702.8,16303.9,264359.0,264355.0,2.985,9.74,7.97,0.0000,-0.1973965409941348,1,15,56,2000-07-06
000990.SZ,2013-06-26,8.8,9.18,9.25,8.52,8.9,0.28,3.15,69126.8,61719.9,2.3273,4.2399,0.98,100.113,97.8019,1.6982,0.806,0.7378,0.4357,0.6536,29703.2,29702.8,16303.9,272676.0,272672.0,2.985,9.79,8.01,0.0000,-0.06057969461956497,1,15,56,2000-07-06
000990.SZ,2013-06-27,9.17,8.82,9.43,8.78,9.18,-0.36,-3.92,49682.4,45262.8,1.6726,3.0473,0.75,96.1865,93.9665,1.6316,0.7744,0.7088,0.4535,0.6803,29703.2,29702.8,16303.9,261983.0,261979.0,2.985,10.1,8.26,0.0000,-0.10954139189697278,1,15,56,2000-07-06
000990.SZ,2013-06-28,8.52,8.68,9.05,8.52,8.82,-0.14,-1.59,25363.4,22264.8,0.8539,1.5557,0.39,94.6597,92.475,1.6057,0.7621,0.6976,0.4608,0.6912,29703.2,29702.8,16303.9,257824.0,257821.0,2.985,9.7,7.94,0.0000,-0.09347465199897409,1,15,56,2000-07-06
000990.SZ,2013-07-01,8.71,8.88,8.9,8.56,8.68,0.2,2.3,19775.0,17301.8,0.6658,1.2129,0.34,96.8408,94.6057,1.6427,0.7796,0.7136,0.4505,0.2252,29703.2,29702.8,16303.9,263765.0,263761.0,2.985,9.55,7.81,0.0000,-0.11596733668403177,1,15,56,2000-07-06
000990.SZ,2013-07-02,8.89,9.24,9.28,8.8,8.88,0.36,4.05,55061.8,49967.3,1.8538,3.3772,1.05,100.767,98.4411,1.7093,0.8112,0.7426,0.4329,0.2165,29703.2,29702.8,16303.9,274458.0,274454.0,2.985,9.77,7.99,0.0000,0.042413000867913095,1,15,56,2000-07-06
000990.SZ,2013-07-03,9.17,9.27,9.38,9.08,9.24,0.03,0.32,39841.2,36685.0,1.3413,2.4437,0.91,101.094,98.7607,1.7149,0.8139,0.745,0.4315,0.2157,29703.2,29702.8,16303.9,275349.0,275345.0,2.985,10.16,8.32,0.0000,-0.13961268368512894,1,15,56,2000-07-06
000990.SZ,2013-07-04,9.26,9.45,9.8,9.2,9.27,0.18,1.94,43806.5,41798.6,1.4748,2.6869,1.15,103.057,100.678,1.7482,0.8297,0.7595,0.4233,0.2116,29703.2,29702.8,16303.9,280696.0,280692.0,2.985,10.2,8.34,0.0000,-0.04640840371307391,1,15,56,2000-07-06
000990.SZ,2013-07-05,9.54,9.54,9.55,9.32,9.45,0.09,0.95,25165.2,23741.7,0.8472,1.5435,0.68,104.038,101.637,1.7648,0.8376,0.7667,0.4193,0.2096,29703.2,29702.8,16303.9,283369.0,283365.0,2.985,10.4,8.51,0.0000,0.044571561866883394,1,15,56,2000-07-06
000990.SZ,2013-07-08,9.45,9.2,9.54,9.0,9.54,-0.34,-3.56,31136.1,28541.8,1.0483,1.9097,0.85,100.331,98.015,1.7019,0.8077,0.7394,0.4348,0.2174,29703.2,29702.8,16303.9,273270.0,273266.0,2.985,10.49,8.59,0.0000,-0.23599030552823486,1,15,56,2000-07-06
000990.SZ,2013-07-09,9.02,9.66,9.69,9.02,9.2,0.46,5.0,50997.9,48537.7,1.7169,3.128,1.31,105.347,102.916,1.787,0.8481,0.7763,0.4141,0.207,29703.2,29702.8,16303.9,286933.0,286929.0,2.985,10.12,8.28,0.0000,0.12773110624126813,1,15,56,2000-07-06
000990.SZ,2013-07-10,9.63,9.8,9.92,9.5,9.66,0.14,1.45,34216.4,33224.6,1.152,2.0987,0.9,106.874,104.407,1.8129,0.8604,0.7876,0.4082,0.2041,29703.2,29702.8,16303.9,291092.0,291088.0,2.985,10.63,8.69,0.0000,0.07492209655088686,1,15,56,2000-07-06
000990.SZ,2013-07-11,9.87,9.83,10.16,9.76,9.8,0.03,0.31,50381.4,50305.6,1.6962,3.0901,1.36,107.201,104.727,1.8185,0.863,0.79,0.4069,0.2035,29703.2,29702.8,16303.9,291983.0,291979.0,2.985,10.78,8.82,0.0000,0.028098157540936277,1,15,56,2000-07-06
000990.SZ,2013-07-12,9.83,9.82,10.08,9.66,9.83,-0.01,-0.1,41579.1,40813.3,1.3998,2.5503,1.08,107.092,104.62,1.8166,0.8622,0.7892,0.4073,0.2037,29703.2,29702.8,16303.9,291686.0,291682.0,2.985,10.81,8.85,0.0000,-0.14799300178116082,1,15,56,2000-07-06
000990.SZ,2013-07-15,9.82,9.77,10.03,9.74,9.82,-0.05,-0.51,44322.1,43791.6,1.4922,2.7185,1.06,106.547,104.088,1.8074,0.8578,0.7852,0.4094,0.2047,29703.2,29702.8,16303.9,290201.0,290197.0,2.985,10.8,8.84,0.0000,-0.16114813594031546,1,15,56,2000-07-06
000990.SZ,2013-07-16,9.75,9.85,9.92,9.6,9.77,0.08,0.82,39011.8,38046.5,1.3134,2.3928,0.88,107.419,104.94,1.8222,0.8648,0.7916,0.4061,0.203,29703.2,29702.8,16303.9,292577.0,292573.0,2.985,10.75,8.79,0.0000,0.06134008152718379,1,15,56,2000-07-06
000990.SZ,2013-07-17,9.88,10.13,10.26,9.7,9.85,0.28,2.84,74255.9,74586.2,2.5,4.5545,1.77,110.473,107.923,1.874,0.8894,0.8141,0.3949,0.1974,29703.2,29702.8,16303.9,300894.0,300890.0,2.985,10.84,8.87,0.0000,0.05059576505838735,1,15,56,2000-07-06
000990.SZ,2013-07-18,10.11,9.9,10.11,9.81,10.13,-0.23,-2.27,35716.5,35420.7,1.2025,2.1907,0.72,107.964,105.473,1.8314,0.8692,0.7956,0.404,0.202,29703.2,29702.8,16303.9,294062.0,294058.0,2.985,11.14,9.12,0.0000,-0.009758968082436311,1,15,56,2000-07-06
000990.SZ,2013-07-19,9.89,9.72,9.99,9.67,9.9,-0.18,-1.82,47305.5,46271.0,1.5926,2.9015,1.01,106.001,103.555,1.7981,0.8534,0.7812,0.4115,0.2058,29703.2,29702.8,16303.9,288716.0,288712.0,2.985,10.89,8.91,0.0000,-0.08113142084302763,1,15,56,2000-07-06
000990.SZ,2013-07-22,9.6,9.55,9.8,9.39,9.72,-0.17,-1.75,30640.0,29323.2,1.0316,1.8793,0.64,104.147,101.744,1.7667,0.8385,0.7675,0.4188,0.2094,29703.2,29702.8,16303.9,283666.0,283662.0,2.985,10.69,8.75,0.0000,-0.2780501197079708,1,15,56,2000-07-06
000990.SZ,2013-07-23,9.52,9.7,9.87,9.52,9.55,0.15,1.57,29776.6,28954.4,1.0025,1.8264,0.66,105.783,103.342,1.7944,0.8516,0.7795,0.4124,0.2062,29703.2,29702.8,16303.9,288121.0,288118.0,2.985,10.51,8.6,0.0000,0.11288150075209467,1,15,56,2000-07-06
000990.SZ,2013-07-24,9.62,9.79,9.87,9.58,9.7,0.09,0.93,28316.9,27529.8,0.9533,1.7368,0.65,106.765,104.301,1.8111,0.8595,0.7868,0.4086,0.2043,29703.2,29702.8,16303.9,290795.0,290791.0,2.985,10.67,8.73,0.0000,0.1175753616663283,1,15,56,2000-07-06
000990.SZ,2013-07-25,9.8,9.65,9.96,9.58,9.79,-0.14,-1.43,30815.9,30152.3,1.0375,1.8901,0.9,105.238,102.809,1.7852,0.8472,0.7755,0.4145,0.2073,29703.2,29702.8,16303.9,286636.0,286632.0,2.985,10.77,8.81,0.0000,-0.2789437988486355,1,15,56,2000-07-06
000990.SZ,2013-07-26,9.61,9.32,9.65,9.2,9.65,-0.33,-3.42,30229.6,28410.9,1.0177,1.8541,0.91,101.639,99.2934,1.7241,0.8183,0.749,0.4292,0.2146,29703.2,29702.8,16303.9,276834.0,276830.0,2.985,10.62,8.69,0.0000,-0.24694663431927397,1,15,56,2000-07-06
000990.SZ,2013-07-29,9.31,9.23,9.39,8.87,9.32,-0.09,-0.97,23918.1,21790.0,0.8052,1.467,0.8,100.658,98.3346,1.7075,0.8104,0.7418,0.4334,0.2167,29703.2,29702.8,16303.9,274161.0,274157.0,2.985,10.25,8.39,0.0000,-0.178056646269536,1,15,56,2000-07-06
000990.SZ,2013-07-30,9.17,9.0,9.33,8.99,9.23,-0.23,-2.49,23537.5,21485.5,0.7924,1.4437,0.82,98.1495,95.8842,1.6649,0.7902,0.7233,0.4444,0.2222,29703.2,29702.8,16303.9,267329.0,267326.0,2.985,10.15,8.31,0.0000,-0.4955315085990991,1,15,56,2000-07-06
000990.SZ,2013-07-31,9.05,8.9,9.15,8.78,9.0,-0.1,-1.11,28746.6,25621.2,0.9678,1.7632,1.05,97.0589,94.8188,1.6464,0.7814,0.7153,0.4494,0.2247,29703.2,29702.8,16303.9,264359.0,264355.0,2.985,9.9,8.1,0.0000,-0.5732542939921106,1,15,56,2000-07-06
000990.SZ,2013-08-01,8.9,9.24,9.3,8.83,8.9,0.34,3.82,24915.3,22625.0,0.8388,1.5282,0.91,100.767,98.4411,1.7093,0.8112,0.7426,0.4329,0.2165,29703.2,29702.8,16303.9,274458.0,274454.0,2.985,9.79,8.01,0.0000,0.13040671190331304,1,15,56,2000-07-06
000990.SZ,2013-08-02,9.16,9.18,9.3,9.08,9.24,-0.06,-0.65,20170.8,18542.2,0.6791,1.2372,0.77,100.113,97.8019,1.6982,0.806,0.7378,0.4357,0.2179,29703.2,29702.8,16303.9,272676.0,272672.0,2.985,10.16,8.32,0.0000,-0.6801833588629888,1,15,56,2000-07-06
000990.SZ,2013-08-05,9.15,9.23,9.25,9.1,9.18,0.05,0.54,14127.9,12972.1,0.4756,0.8665,0.58,100.658,98.3346,1.7075,0.8104,0.7418,0.4334,0.2167,29703.2,29702.8,16303.9,274161.0,274157.0,2.985,10.1,8.26,0.0000,-0.13243052576225212,1,15,56,2000-07-06
000990.SZ,2013-08-06,9.25,9.24,9.26,9.16,9.23,0.01,0.11,14725.3,13581.2,0.4958,0.9032,0.66,100.767,98.4411,1.7093,0.8112,0.7426,0.4329,0.2165,29703.2,29702.8,16303.9,274458.0,274454.0,2.985,10.15,8.31,0.0000,-0.41894529098708294,1,15,56,2000-07-06
000990.SZ,2013-08-07,9.26,9.33,9.4,9.09,9.24,0.09,0.97,21350.6,19764.7,0.7188,1.3095,1.04,101.748,99.3999,1.726,0.8191,0.7498,0.4287,0.2144,29703.2,29702.8,16303.9,277131.0,277127.0,2.985,10.16,8.32,0.0000,0.11352859032908401,1,15,56,2000-07-06
000990.SZ,2013-08-08,9.31,9.45,9.47,9.22,9.33,0.12,1.29,20906.9,19634.8,0.7039,1.2823,1.1,103.057,100.678,1.7482,0.8297,0.7595,0.4233,0.2116,29703.2,29702.8,16303.9,280696.0,280692.0,2.985,10.26,8.4,0.0000,0.13085169811391067,1,15,56,2000-07-06
000990.SZ,2013-08-09,9.5,9.4,9.57,9.3,9.45,-0.05,-0.53,15153.6,14315.6,0.5102,0.9295,0.83,102.512,100.146,1.7389,0.8253,0.7554,0.4255,0.2128,29703.2,29702.8,16303.9,279210.0,279207.0,2.985,10.4,8.51,0.0000,-0.13952758106672608,1,15,56,2000-07-06
000990.SZ,2013-08-12,9.4,10.06,10.13,9.31,9.4,0.66,7.02,61692.8,60590.8,2.077,3.4681,3.58,109.709,92.1427,1.8485,0.8832,0.7734,0.3976,0.1988,29703.2,29702.8,17788.9,298815.0,298810.0,2.985,10.34,8.46,0.0000,0.18081762313616592,1,15,56,2000-07-06
000990.SZ,2013-08-13,10.06,9.9,10.12,9.83,10.06,-0.16,-1.59,26205.1,26019.3,0.8822,1.4731,0.98,107.964,90.6772,1.8191,0.8692,0.7611,0.404,0.202,29703.2,29702.8,17788.9,294062.0,294058.0,2.985,11.07,9.05,0.0000,-0.1245813485862279,1,15,56,2000-07-06
000990.SZ,2013-08-14,9.94,9.89,10.02,9.78,9.9,-0.01,-0.1,28844.6,28533.6,0.9711,1.6215,0.99,107.855,90.5856,1.8173,0.8683,0.7603,0.4044,0.2022,29703.2,29702.8,17788.9,293765.0,293761.0,2.985,10.89,8.91,0.0000,0.07364715448100702,1,15,56,2000-07-06
000990.SZ,2013-08-15,9.89,9.85,10.05,9.78,9.89,-0.04,-0.4,23353.5,23099.1,0.7862,1.3128,0.76,107.419,90.2192,1.8099,0.8648,0.7572,0.4061,0.203,29703.2,29702.8,17788.9,292577.0,292573.0,2.985,10.88,8.9,0.0000,-0.17188450343745187,1,15,56,2000-07-06
000990.SZ,2013-08-16,9.79,9.6,9.99,9.6,9.85,-0.25,-2.54,20848.2,20432.1,0.7019,1.172,0.67,104.693,87.9294,1.764,0.8428,0.738,0.4167,0.2083,29703.2,29702.8,17788.9,285151.0,285147.0,2.985,10.84,8.87,0.0000,0.06758564491114835,1,15,56,2000-07-06
000990.SZ,2013-08-19,9.53,9.52,9.66,9.38,9.6,-0.08,-0.83,34002.7,32200.5,1.1448,1.9115,1.06,103.82,87.1967,1.7493,0.8358,0.7319,0.4202,0.2101,29703.2,29702.8,17788.9,282775.0,282771.0,2.985,10.56,8.64,0.0000,-0.22617073838178406,1,15,56,2000-07-06
000990.SZ,2013-08-20,9.52,9.71,9.85,9.52,9.52,0.19,2.0,22577.9,21973.7,0.7601,1.2692,0.85,105.892,88.9369,1.7842,0.8525,0.7465,0.4119,0.206,29703.2,29702.8,17788.9,288418.0,288415.0,2.985,10.47,8.57,0.0000,-0.11197357389292147,1,15,56,2000-07-06
000990.SZ,2013-08-21,9.74,9.79,9.79,9.58,9.71,0.08,0.82,9978.17,9671.92,0.3359,0.5609,0.38,106.765,89.6697,1.7989,0.8595,0.7526,0.4086,0.2043,29703.2,29702.8,17788.9,290795.0,290791.0,2.985,10.68,8.74,-0.0001,0.023869899967743486,1,15,56,2000-07-06
000990.SZ,2013-08-22,9.79,10.04,10.28,9.72,9.79,0.25,2.55,63195.4,63672.9,2.1276,3.5525,2.85,109.491,91.9595,1.8448,0.8815,0.7718,0.3984,0.1992,29703.2,29702.8,17788.9,298221.0,298216.0,2.985,10.77,8.81,0.0000,0.049689199340984765,1,15,56,2000-07-06
000990.SZ,2013-08-23,10.06,10.3,10.37,9.83,10.04,0.26,2.59,58926.4,59687.2,1.9839,3.3125,1.96,112.327,94.3409,1.8926,0.9043,0.7918,0.3883,0.1942,29703.2,29702.8,17788.9,305943.0,305939.0,2.985,11.04,9.04,0.0000,0.05845428375148315,1,15,56,2000-07-06
000990.SZ,2013-08-26,10.3,10.36,10.61,10.2,10.3,0.06,0.58,43713.7,45302.2,1.4717,2.4574,1.16,112.981,94.8905,1.9036,0.9096,0.7964,0.3861,0.1931,29703.2,29702.8,17788.9,307726.0,307721.0,2.985,11.33,9.27,0.0000,-0.01831964052315238,1,15,56,2000-07-06
000990.SZ,2013-08-27,10.4,10.57,10.61,10.22,10.36,0.21,2.03,46194.4,48315.7,1.5552,2.5968,1.16,115.271,96.814,1.9422,0.928,0.8126,0.3784,0.1892,29703.2,29702.8,17788.9,313963.0,313959.0,2.985,11.4,9.32,0.0000,0.20266103433906615,1,15,56,2000-07-06
000990.SZ,2013-08-28,10.5,10.51,10.75,10.35,10.57,-0.06,-0.57,36211.5,38269.6,1.2191,2.0356,0.82,114.617,96.2644,1.9312,0.9227,0.808,0.3806,0.1903,29703.2,29702.8,17788.9,312181.0,312177.0,2.985,11.63,9.51,0.0000,0.06167687548492891,1,15,56,2000-07-06
000990.SZ,2013-08-29,10.51,10.25,10.59,10.22,10.51,-0.26,-2.47,21668.4,22360.2,0.7295,1.2181,0.44,111.781,93.883,1.8834,0.8999,0.788,0.3902,0.1951,29703.2,29702.8,17788.9,304458.0,304454.0,2.985,11.56,9.46,0.0000,0.017344801105538713,1,15,56,2000-07-06
000990.SZ,2013-08-30,10.12,9.98,10.39,9.88,10.25,-0.27,-2.63,35866.6,36012.2,1.2075,2.0162,0.87,108.837,91.41,1.8338,0.8762,0.7672,0.4008,0.2004,29703.2,29702.8,17788.9,296438.0,296434.0,2.985,11.28,9.23,0.0000,-0.11070359546801796,1,15,56,2000-07-06
000990.SZ,2013-09-02,9.98,10.48,10.5,9.9,9.98,0.5,5.01,28180.7,28767.0,0.9488,1.5842,0.77,114.29,95.9896,1.9257,0.9201,0.8057,0.3817,0.1908,29703.2,29702.8,17788.9,311290.0,311286.0,2.985,10.98,8.98,0.0000,0.10173503189191271,1,15,56,2000-07-06
000990.SZ,2013-09-03,10.41,10.66,10.74,10.41,10.48,0.18,1.72,31950.2,33945.8,1.0757,1.7961,0.95,116.253,97.6383,1.9588,0.9359,0.8195,0.3752,0.1876,29703.2,29702.8,17788.9,316637.0,316632.0,2.985,11.53,9.43,0.0000,0.11866849583734652,1,15,56,2000-07-06
000990.SZ,2013-09-04,10.58,10.38,10.7,10.38,10.66,-0.28,-2.63,24482.4,25670.1,0.8242,1.3763,0.8,113.199,95.0737,1.9073,0.9113,0.798,0.3854,0.1927,29703.2,29702.8,17788.9,308320.0,308315.0,2.985,11.73,9.59,0.0000,-0.19019435555670494,1,15,56,2000-07-06
000990.SZ,2013-09-05,10.3,10.28,10.45,10.2,10.38,-0.1,-0.96,19870.4,20454.1,0.669,1.117,0.7,112.108,94.1578,1.8889,0.9025,0.7903,0.3891,0.1946,29703.2,29702.8,17788.9,305349.0,305345.0,2.985,11.42,9.34,0.0000,-0.21926064371721724,1,15,56,2000-07-06
000990.SZ,2013-09-06,10.26,10.28,10.4,10.18,10.28,0.0,0.0,15039.2,15477.7,0.5063,0.8454,0.54,112.108,94.1578,1.8889,0.9025,0.7903,0.3891,0.1946,29703.2,29702.8,17788.9,305349.0,305345.0,2.985,11.31,9.25,0.0000,-0.11202259370215793,1,15,56,2000-07-06
000990.SZ,2013-09-09,10.4,10.25,10.4,10.08,10.28,-0.03,-0.29,28843.2,29345.8,0.9711,1.6214,1.21,111.781,93.883,1.8834,0.8999,0.788,0.3902,0.1951,29703.2,29702.8,17788.9,304458.0,304454.0,2.985,11.31,9.25,0.0000,-0.2302031991657599,1,15,56,2000-07-06
000990.SZ,2013-09-10,10.2,10.17,10.4,10.11,10.25,-0.08,-0.78,21575.5,22088.1,0.7264,1.2129,0.9,110.909,93.1502,1.8687,0.8929,0.7818,0.3933,0.1967,29703.2,29702.8,17788.9,302082.0,302078.0,2.985,11.28,9.23,0.0000,-0.2639574945128263,1,15,56,2000-07-06
000990.SZ,2013-09-11,10.26,10.15,10.35,9.98,10.17,-0.02,-0.2,27135.6,27476.5,0.9136,1.5254,1.24,110.691,92.967,1.8651,0.8911,0.7803,0.3941,0.197,29703.2,29702.8,17788.9,301488.0,301484.0,2.985,11.19,9.15,0.0000,-0.1709907664545476,1,15,56,2000-07-06
000990.SZ,2013-09-12,10.18,10.05,10.21,10.02,10.15,-0.1,-0.99,22651.7,22856.7,0.7626,1.2734,1.01,109.6,92.0511,1.8467,0.8823,0.7726,0.398,0.199,29703.2,29702.8,17788.9,298518.0,298514.0,2.985,11.17,9.14,0.0000,-0.2547366036002643,1,15,56,2000-07-06
000990.SZ,2013-09-13,10.1,10.16,10.17,10.0,10.05,0.11,1.09,21528.8,21668.3,0.7248,1.2102,0.93,110.8,93.0586,1.8669,0.892,0.7811,0.3937,0.1969,29703.2,29702.8,17788.9,301785.0,301781.0,2.985,11.06,9.05,0.0000,0.10566611103164926,1,15,56,2000-07-06
000990.SZ,2013-09-16,10.16,10.06,10.18,10.04,10.16,-0.1,-0.98,17683.2,17852.9,0.5953,0.9941,0.73,109.709,92.1427,1.8485,0.8832,0.7734,0.3976,0.1988,29703.2,29702.8,17788.9,298815.0,298810.0,2.985,11.18,9.14,0.0000,-0.3599939271264859,1,15,56,2000-07-06
000990.SZ,2013-09-17,10.06,9.98,10.15,9.94,10.06,-0.08,-0.8,16819.8,16826.0,0.5663,0.9455,0.76,108.837,91.41,1.8338,0.8762,0.7672,0.4008,0.2004,29703.2,29702.8,17788.9,296438.0,296434.0,2.985,11.07,9.05,0.0000,-0.14177177261828167,1,15,56,2000-07-06
000990.SZ,2013-09-18,9.92,10.18,10.2,9.92,9.98,0.2,2.0,12275.8,12387.6,0.4133,0.6901,0.58,111.018,93.2418,1.8706,0.8938,0.7826,0.3929,0.1965,29703.2,29702.8,17788.9,302379.0,302375.0,2.985,10.98,8.98,0.0000,-0.05737113884160572,1,15,56,2000-07-06
000990.SZ,2013-09-23,10.17,10.3,10.38,10.08,10.18,0.12,1.18,31807.8,32681.2,1.0709,1.7881,1.75,112.327,94.3409,1.8926,0.9043,0.7918,0.3883,0.1942,29703.2,29702.8,17788.9,305943.0,305939.0,2.985,11.2,9.16,0.0000,0.07026629609363028,1,15,56,2000-07-06
000990.SZ,2013-09-24,10.23,10.3,10.42,10.18,10.3,0.0,0.0,24604.2,25378.0,0.8283,1.3831,1.23,112.327,94.3409,1.8926,0.9043,0.7918,0.3883,0.1942,29703.2,29702.8,17788.9,305943.0,305939.0,2.985,11.33,9.27,0.0000,-0.036664182998738436,1,15,56,2000-07-06
000990.SZ,2013-09-25,10.4,10.2,10.43,10.14,10.3,-0.1,-0.97,15885.2,16274.2,0.5348,0.893,0.77,111.236,93.425,1.8742,0.8955,0.7841,0.3922,0.1961,29703.2,29702.8,17788.9,302973.0,302969.0,2.985,11.33,9.27,0.0000,-0.001315716966612512,1,15,56,2000-07-06
000990.SZ,2013-09-26,10.2,9.99,10.21,9.96,10.2,-0.21,-2.06,14924.5,15026.6,0.5025,0.839,0.74,108.946,91.5016,1.8357,0.8771,0.768,0.4004,0.2002,29703.2,29702.8,17788.9,296735.0,296731.0,2.985,11.22,9.18,0.0000,-0.10088761640670035,1,15,56,2000-07-06
000990.SZ,2013-09-27,9.93,9.73,10.14,9.63,9.99,-0.26,-2.6,32056.4,31531.9,1.0792,1.802,1.61,106.11,89.1201,1.7879,0.8543,0.748,0.4111,0.2055,29703.2,29702.8,17788.9,289013.0,289009.0,2.985,10.99,8.99,0.0000,-0.2792325954291064,1,15,56,2000-07-06
000990.SZ,2013-09-30,9.71,9.6,9.82,9.51,9.73,-0.13,-1.34,23793.2,22862.0,0.801,1.3375,1.0,104.693,87.9294,1.764,0.8428,0.738,0.4167,0.2083,29703.2,29702.8,17788.9,285151.0,285147.0,2.985,10.7,8.76,0.0000,-0.4582578235599963,1,15,56,2000-07-06
000990.SZ,2013-10-08,9.6,9.98,10.03,9.6,9.6,0.38,3.96,28746.6,28233.3,0.9678,1.616,1.29,108.837,91.41,1.8338,0.8762,0.7672,0.4008,0.2004,29703.2,29702.8,17788.9,296438.0,296434.0,2.985,10.56,8.64,0.0000,-0.0105152765683969,1,15,56,2000-07-06
000990.SZ,2013-10-09,9.93,10.09,10.17,9.93,9.98,0.11,1.1,20317.2,20544.6,0.684,1.1421,0.88,110.036,92.4175,1.854,0.8859,0.7757,0.3964,0.1982,29703.2,29702.8,17788.9,299706.0,299702.0,2.985,10.98,8.98,0.0000,0.004212615695404423,1,15,56,2000-07-06
000990.SZ,2013-10-10,10.1,10.07,10.19,10.04,10.09,-0.02,-0.2,13947.5,14083.9,0.4696,0.7841,0.58,109.818,92.2343,1.8504,0.8841,0.7741,0.3972,0.1986,29703.2,29702.8,17788.9,299112.0,299108.0,2.985,11.1,9.08,0.0000,-0.012090464981815824,1,15,56,2000-07-06
000990.SZ,2013-10-11,10.16,10.34,10.47,10.11,10.07,0.27,2.68,31588.7,32576.7,1.0635,1.7758,1.33,112.763,94.7073,1.9,0.9078,0.7949,0.3868,0.1934,29703.2,29702.8,17788.9,307132.0,307127.0,2.985,11.08,9.06,0.0000,0.23331681822607486,1,15,56,2000-07-06
000990.SZ,2013-10-14,10.35,10.32,10.37,10.2,10.34,-0.02,-0.19,18559.0,19035.6,0.6248,1.0433,0.78,112.545,94.5241,1.8963,0.9061,0.7934,0.3876,0.1938,29703.2,29702.8,17788.9,306537.0,306533.0,2.985,11.37,9.31,0.0000,-0.22074625061988173,1,15,56,2000-07-06
000990.SZ,2013-10-15,11.01,10.66,11.3,10.55,10.32,0.34,3.29,62833.4,67622.4,2.1154,3.5322,2.78,116.253,97.6383,1.9588,0.9359,0.8195,0.3752,0.1876,29703.2,29702.8,17788.9,316637.0,316632.0,2.985,11.35,9.29,0.0000,-0.07359729813971917,1,15,56,2000-07-06
000990.SZ,2013-10-16,10.8,11.73,11.73,10.73,10.66,1.07,10.04,143369.0,164203.0,4.8268,8.0595,4.87,127.922,107.439,2.1554,1.0298,0.9018,0.341,0.1705,29703.2,29702.8,17788.9,348419.0,348414.0,2.985,11.73,9.59,0.0000,0.16953683325295665,1,15,56,2000-07-06
000990.SZ,2013-10-17,11.88,11.73,11.94,11.25,11.73,0.0,0.0,144786.0,168489.0,4.8745,8.1391,2.68,127.922,107.439,2.1554,1.0298,0.9018,0.341,0.1705,29703.2,29702.8,17788.9,348419.0,348414.0,2.985,12.9,10.56,0.0000,-0.1349065038379613,1,15,56,2000-07-06
000990.SZ,2013-10-18,11.3,11.55,11.72,11.17,11.73,-0.18,-1.53,62432.6,71424.8,2.1019,3.5096,0.78,125.959,105.79,2.1223,1.014,0.8879,0.3463,0.1732,29703.2,29702.8,17788.9,343072.0,343068.0,2.985,12.9,10.56,0.0000,0.03353468914292831,1,15,56,2000-07-06
000990.SZ,2013-10-21,11.57,11.93,12.0,11.5,11.55,0.38,3.29,83919.6,99441.6,2.8253,4.7175,0.97,130.103,109.271,2.1921,1.0474,0.9171,0.3353,0.1676,29703.2,29702.8,17788.9,354360.0,354355.0,2.985,12.71,10.4,0.0000,0.12272165545454025,1,15,56,2000-07-06
000990.SZ,2013-10-22,11.8,11.37,11.86,11.21,11.93,-0.56,-4.69,64599.7,74544.2,2.1749,3.6315,0.65,123.995,104.141,2.0892,0.9982,0.8741,0.3518,0.1759,29703.2,29702.8,17788.9,337726.0,337721.0,2.985,13.12,10.74,0.0000,-0.1885714520412862,1,15,56,2000-07-06
000990.SZ,2013-10-23,11.3,10.84,11.5,10.84,11.37,-0.53,-4.66,42033.9,46806.1,1.4151,2.3629,0.42,118.216,99.287,1.9918,0.9517,0.8333,0.369,0.1845,29703.2,29702.8,17788.9,321983.0,321979.0,2.985,12.51,10.23,0.0000,-0.08009314293918264,1,15,56,2000-07-06
000990.SZ,2013-10-24,10.98,11.16,11.48,10.82,10.84,0.32,2.95,40040.4,44922.3,1.348,2.2509,0.5,121.705,89.8513,2.0299,0.9798,0.8466,0.3584,0.1792,29703.2,29702.8,17788.9,331488.0,331484.0,2.985,11.92,9.76,0.0000,-0.13867354908367488,1,15,56,2000-07-06
000990.SZ,2013-10-25,11.0,11.14,11.22,10.68,11.16,-0.02,-0.18,32876.1,35942.7,1.1068,1.8481,0.56,121.487,89.6903,2.0263,0.978,0.8451,0.3591,0.1795,29703.2,29702.8,17788.9,330894.0,330890.0,2.985,12.28,10.04,0.0000,-0.1069849335589405,1,15,56,2000-07-06
000990.SZ,2013-10-28,11.02,11.3,11.78,10.9,11.14,0.16,1.44,44895.8,51255.9,1.5115,2.5238,0.85,123.232,90.9785,2.0554,0.9921,0.8572,0.354,0.177,29703.2,29702.8,17788.9,335647.0,335642.0,2.985,12.25,10.03,0.0000,-0.042547519211911196,1,15,56,2000-07-06
000990.SZ,2013-10-29,11.1,10.81,11.34,10.48,11.3,-0.49,-4.34,46079.1,50282.6,1.5513,2.5903,1.03,117.888,87.0334,1.9662,0.9491,0.82,0.37,0.185,29703.2,29702.8,17788.9,321092.0,321088.0,2.985,12.43,10.17,0.0000,-0.10610646037622844,1,15,56,2000-07-06
000990.SZ,2013-10-30,10.76,11.02,11.18,10.61,10.81,0.21,1.94,25217.8,27760.0,0.849,1.4176,0.61,120.179,88.7241,2.0044,0.9675,0.836,0.363,0.1815,29703.2,29702.8,17788.9,327330.0,327325.0,2.985,11.89,9.73,0.0000,-0.09259345537956708,1,15,56,2000-07-06
000990.SZ,2013-10-31,10.9,10.74,10.95,10.68,11.02,-0.28,-2.54,19543.1,21085.6,0.658,1.0986,0.52,117.125,86.4698,1.9535,0.9429,0.8147,0.3724,0.1862,29703.2,29702.8,17788.9,319013.0,319008.0,2.985,12.12,9.92,0.0000,-0.19444931631183915,1,15,56,2000-07-06
000990.SZ,2013-11-01,10.7,10.81,10.88,10.63,10.74,0.07,0.65,12575.5,13537.2,0.4234,0.7069,0.37,117.888,87.0334,1.9662,0.9491,0.82,0.37,0.185,29703.2,29702.8,17788.9,321092.0,321088.0,2.985,11.81,9.67,0.0000,-0.029338605420275502,1,15,56,2000-07-06
000990.SZ,2013-11-04,10.83,10.81,10.93,10.7,10.81,0.0,0.0,14035.7,15156.9,0.4725,0.789,0.47,117.888,87.0334,1.9662,0.9491,0.82,0.37,0.185,29703.2,29702.8,17788.9,321092.0,321088.0,2.985,11.89,9.73,-0.0001,-0.2456308635736313,1,15,56,2000-07-06
000990.SZ,2013-11-05,10.69,10.82,10.88,10.45,10.81,0.01,0.09,18736.2,19976.2,0.6308,1.0533,0.8,117.997,87.1139,1.9681,0.95,0.8208,0.3697,0.1848,29703.2,29702.8,17788.9,321389.0,321385.0,2.985,11.89,9.73,0.0000,-0.12744398957189124,1,15,56,2000-07-06
000990.SZ,2013-11-06,10.67,10.72,10.95,10.67,10.82,-0.1,-0.92,18780.3,20342.3,0.6323,1.0557,1.04,116.907,86.3088,1.9499,0.9412,0.8132,0.3731,0.1866,29703.2,29702.8,17788.9,318419.0,318414.0,2.985,11.9,9.74,0.0000,-0.004642843565044244,1,15,56,2000-07-06
000990.SZ,2013-11-07,10.78,10.47,10.78,10.47,10.72,-0.25,-2.33,13114.2,13847.0,0.4415,0.7372,0.78,114.18,84.296,1.9044,0.9192,0.7943,0.382,0.191,29703.2,29702.8,17788.9,310993.0,310989.0,2.985,11.79,9.65,0.0000,0.04819962406791654,1,15,56,2000-07-06
000990.SZ,2013-11-08,10.48,10.34,10.69,10.18,10.47,-0.13,-1.24,16252.3,16868.1,0.5472,0.9136,1.05,112.763,83.2493,1.8808,0.9078,0.7844,0.3868,0.1934,29703.2,29702.8,17788.9,307132.0,307127.0,2.985,11.52,9.42,0.0000,-0.10996802000408941,1,15,56,2000-07-06
000990.SZ,2013-11-11,10.33,10.51,10.59,10.23,10.34,0.17,1.64,11617.9,12126.5,0.3911,0.6531,0.72,114.617,84.618,1.9117,0.9227,0.7973,0.3806,0.1903,29703.2,29702.8,17788.9,312181.0,312177.0,2.985,11.37,9.31,0.0000,0.14919766989641273,1,15,56,2000-07-06
000990.SZ,2013-11-12,10.5,10.79,11.04,10.5,10.51,0.28,2.66,23951.6,25806.1,0.8064,1.3464,1.53,117.67,86.8723,1.9626,0.9473,0.8185,0.3707,0.1854,29703.2,29702.8,17788.9,320498.0,320494.0,2.985,11.56,9.46,0.0000,0.04599924084878138,1,15,56,2000-07-06
000990.SZ,2013-11-13,10.76,10.57,10.78,10.51,10.79,-0.22,-2.04,13320.0,14148.0,0.4484,0.7488,0.8,115.271,85.1011,1.9226,0.928,0.8018,0.3784,0.1892,29703.2,29702.8,17788.9,313963.0,313959.0,2.985,11.87,9.71,0.0000,-0.1603731297406539,1,15,56,2000-07-06
000990.SZ,2013-11-14,10.47,10.66,10.79,10.46,10.57,0.09,0.8515,9315.43,9927.39,0.3136,0.5237,0.6,116.253,85.8257,1.939,0.9359,0.8087,0.3752,0.1876,29703.2,29702.8,17788.9,316637.0,316632.0,2.985,11.63,9.51,0.0000,0.2720679534435741,1,15,56,2000-07-06
000990.SZ,2013-11-15,10.66,10.89,10.95,10.66,10.66,0.23,2.16,20480.4,22205.5,0.6895,1.1513,1.38,118.761,87.6775,1.9808,0.9561,0.8261,0.3673,0.1837,29703.2,29702.8,17788.9,323468.0,323464.0,2.985,11.73,9.59,0.0000,0.1682440715584979,1,15,56,2000-07-06
000990.SZ,2013-11-18,11.29,11.3,11.3,11.06,10.89,0.41,3.76,40115.8,45000.5,1.3506,2.2551,2.55,123.232,90.9785,2.0554,0.9921,0.8572,0.354,0.177,29703.2,29702.8,17788.9,335647.0,335642.0,2.985,11.98,9.8,0.0000,-0.020154019343635563,1,15,56,2000-07-06
000990.SZ,2013-11-19,11.32,11.18,11.38,11.08,11.3,-0.12,-1.06,23781.8,26563.3,0.8007,1.3369,1.11,121.923,90.0123,2.0335,0.9816,0.8481,0.3578,0.1789,29703.2,29702.8,17788.9,332082.0,332078.0,2.985,12.43,10.17,0.0000,-0.5427677583481004,1,15,56,2000-07-06
000990.SZ,2013-11-20,11.2,11.25,11.32,11.1,11.18,0.07,0.63,19470.2,21811.8,0.6555,1.0945,0.91,122.687,90.5759,2.0463,0.9877,0.8534,0.3556,0.1778,29703.2,29702.8,17788.9,334161.0,334157.0,2.985,12.3,10.06,0.0000,-0.16519202684282253,1,15,56,2000-07-06
000990.SZ,2013-11-21,11.19,10.97,11.3,10.91,11.25,-0.28,-2.49,22755.1,25183.0,0.7661,1.2792,1.01,119.633,88.3216,1.9953,0.9631,0.8322,0.3646,0.1823,29703.2,29702.8,17788.9,325845.0,325840.0,2.985,12.38,10.13,0.0000,-0.47168471741714846,1,15,56,2000-07-06
000990.SZ,2013-11-22,10.91,10.71,11.01,10.68,10.97,-0.26,-2.37,20577.6,22261.5,0.6928,1.1568,0.81,116.798,86.2283,1.9481,0.9403,0.8125,0.3735,0.1867,29703.2,29702.8,17788.9,318122.0,318117.0,2.985,12.07,9.87,0.0000,-0.16609029015719706,1,15,56,2000-07-06
000990.SZ,2013-11-25,10.78,10.72,10.83,10.66,10.71,0.01,0.09,13509.9,14528.8,0.4548,0.7595,0.53,116.907,86.3088,1.9499,0.9412,0.8132,0.3731,0.1866,29703.2,29702.8,17788.9,318419.0,318414.0,2.985,11.78,9.64,0.0000,-0.12932387914757934,1,15,56,2000-07-06
000990.SZ,2013-11-26,10.71,10.81,10.84,10.67,10.72,0.09,0.84,17578.6,18881.9,0.5918,0.9882,0.88,117.888,87.0334,1.9662,0.9491,0.82,0.37,0.185,29703.2,29702.8,17788.9,321092.0,321088.0,2.985,11.79,9.65,0.0000,-0.10055303705925597,1,15,56,2000-07-06
000990.SZ,2013-11-27,10.82,10.76,10.82,10.58,10.81,-0.05,-0.46,21085.6,22606.4,0.7099,1.1853,1.12,117.343,86.6308,1.9572,0.9447,0.8163,0.3717,0.1859,29703.2,29702.8,17788.9,319607.0,319602.0,2.985,11.89,9.73,0.0000,-0.2490687398048351,1,15,56,2000-07-06
000990.SZ,2013-11-28,10.7,10.87,10.93,10.7,10.76,0.11,1.02,25163.2,27330.4,0.8472,1.4145,1.32,118.543,87.5164,1.9772,0.9543,0.8246,0.368,0.184,29703.2,29702.8,17788.9,322874.0,322870.0,2.985,11.84,9.68,0.0000,-0.11274112540214112,1,15,56,2000-07-06
000990.SZ,2013-11-29,10.88,10.97,11.03,10.8,10.87,0.1,0.92,21106.3,23085.9,0.7106,1.1865,1.08,119.633,88.3216,1.9953,0.9631,0.8322,0.3646,0.1823,29703.2,29702.8,17788.9,325845.0,325840.0,2.985,11.96,9.78,0.0000,-0.0388765613282931,1,15,56,2000-07-06
000990.SZ,2013-12-02,10.83,10.18,10.91,10.11,10.97,-0.79,-7.2,32796.3,34299.7,1.1041,1.8436,1.67,111.018,81.9611,1.8517,0.8938,0.7723,0.3929,0.1965,29703.2,29702.8,17788.9,302379.0,302375.0,2.985,12.07,9.87,0.0000,-0.062440494360254804,1,15,56,2000-07-06
000990.SZ,2013-12-03,10.2,10.35,10.4,10.17,10.18,0.17,1.67,15291.7,15776.3,0.5148,0.8596,0.65,112.872,83.3298,1.8826,0.9087,0.7852,0.3865,0.1932,29703.2,29702.8,17788.9,307429.0,307424.0,2.985,11.2,9.16,0.0000,-0.06460210757742577,1,15,56,2000-07-06
000990.SZ,2013-12-04,10.3,10.52,10.57,10.3,10.35,0.17,1.64,21527.9,22657.1,0.7248,1.2102,0.93,114.726,84.6985,1.9135,0.9236,0.798,0.3802,0.1901,29703.2,29702.8,17788.9,312478.0,312474.0,2.985,11.39,9.32,0.0000,-0.03372216836297993,1,15,56,2000-07-06
000990.SZ,2013-12-05,10.52,10.38,10.52,10.31,10.52,-0.14,-1.33,17155.9,17827.8,0.5776,0.9644,0.74,113.199,83.5714,1.888,0.9113,0.7874,0.3854,0.1927,29703.2,29702.8,17788.9,308320.0,308315.0,2.985,11.57,9.47,0.0000,-0.1201612836159971,1,15,56,2000-07-06
000990.SZ,2013-12-06,10.35,10.26,10.48,10.2,10.38,-0.12,-1.16,21308.7,21937.3,0.7174,1.1979,0.99,111.89,82.6052,1.8662,0.9008,0.7783,0.3899,0.1949,29703.2,29702.8,17788.9,304755.0,304751.0,2.985,11.42,9.34,0.0000,-0.21754968683417739,1,15,56,2000-07-06
000990.SZ,2013-12-09,10.26,10.13,10.36,10.12,10.26,-0.13,-1.27,22858.0,23291.0,0.7696,1.285,1.06,110.473,81.5586,1.8426,0.8894,0.7685,0.3949,0.1974,29703.2,29702.8,17788.9,300894.0,300890.0,2.985,11.29,9.23,0.0000,-0.3128625911209322,1,15,56,2000-07-06
000990.SZ,2013-12-10,10.12,10.34,10.36,10.12,10.13,0.21,2.07,13344.9,13740.9,0.4493,0.7502,0.68,112.763,83.2493,1.8808,0.9078,0.7844,0.3868,0.1934,29703.2,29702.8,17788.9,307132.0,307127.0,2.985,11.14,9.12,0.0000,0.0999322996103648,1,15,56,2000-07-06
000990.SZ,2013-12-11,10.41,10.37,10.53,10.3,10.34,0.03,0.29,18731.1,19462.9,0.6306,1.053,0.97,113.09,83.4908,1.8862,0.9104,0.7867,0.3857,0.1929,29703.2,29702.8,17788.9,308023.0,308018.0,2.985,11.37,9.31,0.0000,-0.316384396848504,1,15,56,2000-07-06
000990.SZ,2013-12-12,10.43,10.35,10.49,10.31,10.37,-0.02,-0.19,11969.2,12409.9,0.403,0.6728,0.64,112.872,83.3298,1.8826,0.9087,0.7852,0.3865,0.1932,29703.2,29702.8,17788.9,307429.0,307424.0,2.985,11.41,9.33,0.0000,-0.21399109214947692,1,15,56,2000-07-06
000990.SZ,2013-12-13,10.35,10.25,10.35,10.23,10.35,-0.1,-0.97,13760.8,14113.1,0.4633,0.7736,0.78,111.781,82.5247,1.8644,0.8999,0.7776,0.3902,0.1951,29703.2,29702.8,17788.9,304458.0,304454.0,2.985,11.39,9.32,0.0000,-0.21236845311311725,1,15,56,2000-07-06
000990.SZ,2013-12-16,10.2,9.88,10.24,9.8,10.25,-0.37,-3.61,26543.2,26399.2,0.8936,1.4921,1.65,107.746,79.5458,1.7971,0.8674,0.7495,0.4049,0.2024,29703.2,29702.8,17788.9,293468.0,293464.0,2.985,11.28,9.23,0.0000,-0.21544053824344694,1,15,56,2000-07-06
000990.SZ,2013-12-17,9.87,9.81,9.95,9.7,9.88,-0.07,-0.71,22588.9,22105.9,0.7605,1.2698,1.34,106.983,78.9822,1.7844,0.8613,0.7442,0.4077,0.2039,29703.2,29702.8,17788.9,291389.0,291385.0,2.985,10.87,8.89,0.0000,-0.19014648868348277,1,15,56,2000-07-06
000990.SZ,2013-12-18,9.88,9.87,9.95,9.78,9.81,0.06,0.61,10580.1,10447.9,0.3562,0.5948,0.57,107.637,79.4653,1.7953,0.8665,0.7487,0.4053,0.2026,29703.2,29702.8,17788.9,293171.0,293167.0,2.985,10.79,8.83,0.0000,0.09538786920171548,1,15,56,2000-07-06
000990.SZ,2013-12-19,9.9,9.75,9.98,9.72,9.87,-0.12,-1.22,8782.5,8650.53,0.2957,0.4937,0.51,106.329,78.4991,1.7734,0.856,0.7396,0.4103,0.2051,29703.2,29702.8,17788.9,289607.0,289603.0,2.985,10.86,8.88,-0.0001,-0.35608186777572187,1,15,56,2000-07-06
000990.SZ,2013-12-20,9.7,9.46,9.85,9.43,9.75,-0.29,-2.97,22519.2,21495.3,0.7581,1.2659,1.37,103.166,76.1643,1.7207,0.8306,0.7176,0.4228,0.2114,29703.2,29702.8,17788.9,280993.0,280989.0,2.985,10.73,8.78,0.0000,-0.22629992422390624,1,15,56,2000-07-06
000990.SZ,2013-12-23,9.52,9.62,9.77,9.4,9.46,0.16,1.69,13604.7,13130.0,0.458,0.7648,0.75,104.911,77.4525,1.7498,0.8446,0.7298,0.4158,0.2079,29703.2,29702.8,17788.9,285745.0,285741.0,2.985,10.41,8.51,0.0000,0.11945295402870805,1,15,56,2000-07-06
000990.SZ,2013-12-24,9.54,9.55,9.7,9.4,9.62,-0.07,-0.73,11958.3,11457.7,0.4026,0.6722,0.77,104.147,76.8889,1.7371,0.8385,0.7245,0.4188,0.2094,29703.2,29702.8,17788.9,283666.0,283662.0,2.985,10.58,8.66,0.0000,-0.3974400673938099,1,15,56,2000-07-06
000990.SZ,2013-12-25,9.56,9.69,9.73,9.43,9.55,0.14,1.47,14009.6,13523.8,0.4717,0.7875,1.04,105.674,78.016,1.7625,0.8507,0.7351,0.4128,0.2064,29703.2,29702.8,17788.9,287824.0,287820.0,2.985,10.51,8.6,0.0000,0.1883103087374847,1,15,56,2000-07-06
000990.SZ,2013-12-26,9.67,9.4,9.67,9.4,9.69,-0.29,-2.99,15581.0,14779.8,0.5246,0.8759,1.1,102.512,75.6812,1.7098,0.8253,0.7131,0.4255,0.2128,29703.2,29702.8,17788.9,279210.0,279207.0,2.985,10.66,8.72,0.0000,-0.3543300823657955,1,15,56,2000-07-06
000990.SZ,2013-12-27,9.4,9.55,9.56,9.31,9.4,0.15,1.6,15365.5,14544.8,0.5173,0.8638,0.99,104.147,76.8889,1.7371,0.8385,0.7245,0.4188,0.2094,29703.2,29702.8,17788.9,283666.0,283662.0,2.985,10.34,8.46,0.0000,-0.13465453065081306,1,15,56,2000-07-06
000990.SZ,2013-12-30,9.55,9.6,9.76,9.54,9.55,0.05,0.52,19622.8,18949.1,0.6606,1.1031,1.39,104.693,77.2914,1.7462,0.8428,0.7283,0.4167,0.2083,29703.2,29702.8,17788.9,285151.0,285147.0,2.985,10.51,8.6,0.0000,-0.32936539861620473,1,15,56,2000-07-06
000990.SZ,2013-12-31,9.58,10.0,10.15,9.56,9.6,0.4,4.17,28201.7,28119.0,0.9495,1.5854,1.84,109.055,80.5119,1.8189,0.878,0.7586,0.4,0.2,29703.2,29702.8,17788.9,297032.0,297028.0,2.985,10.56,8.64,0.0000,0.13590259989934295,1,15,56,2000-07-06
000990.SZ,2014-01-02,10.14,9.9,10.14,9.81,10.0,-0.1,-1.0,17602.7,17390.2,0.5926,0.9895,0.95,107.964,79.7068,1.8007,0.8692,0.751,0.202,0.202,29703.2,29702.8,17788.9,294062.0,294058.0,2.985,11.0,9.0,0.0000,-0.4032086744708774,1,15,56,2000-07-06
000990.SZ,2014-01-03,9.9,9.74,9.9,9.64,9.9,-0.16,-1.62,13212.4,12831.7,0.4448,0.7427,0.69,106.219,78.4186,1.7716,0.8551,0.7389,0.2053,0.2053,29703.2,29702.8,17788.9,289310.0,289306.0,2.985,10.89,8.91,0.0000,-0.22486833340859827,1,15,56,2000-07-06
000990.SZ,2014-01-06,9.76,9.46,9.76,9.42,9.74,-0.28,-2.87,13283.0,12662.2,0.4472,0.7467,0.71,103.166,76.1643,1.7207,0.8306,0.7176,0.2114,0.2114,29703.2,29702.8,17788.9,280993.0,280989.0,2.985,10.71,8.77,0.0000,-0.4845802623229681,1,15,56,2000-07-06
000990.SZ,2014-01-07,9.45,9.51,9.6,9.45,9.46,0.05,0.53,7400.97,7056.3,0.2492,0.416,0.4,103.711,76.5668,1.7298,0.8349,0.7214,0.2103,0.2103,29703.2,29702.8,17788.9,282478.0,282474.0,2.985,10.41,8.51,0.0000,0.051165340246380336,1,15,56,2000-07-06
000990.SZ,2014-01-08,9.53,9.56,9.59,9.47,9.51,0.05,0.53,10967.4,10450.6,0.3692,0.6165,0.69,104.257,76.9694,1.7389,0.8393,0.7252,0.2092,0.2092,29703.2,29702.8,17788.9,283963.0,283959.0,2.985,10.46,8.56,0.0000,-0.171338594345824,1,15,56,2000-07-06
000990.SZ,2014-01-09,9.58,9.64,9.67,9.52,9.56,0.08,0.84,15605.4,14996.9,0.5254,0.8773,1.25,105.129,77.6135,1.7534,0.8464,0.7313,0.2075,0.2075,29703.2,29702.8,17788.9,286339.0,286335.0,2.985,10.52,8.6,0.0000,-0.20297064487175023,1,15,56,2000-07-06
000990.SZ,2014-01-10,9.64,9.24,9.67,9.1,9.64,-0.4,-4.15,15478.6,14447.0,0.5211,0.8701,1.28,100.767,74.393,1.6807,0.8112,0.7009,0.2165,0.2165,29703.2,29702.8,17788.9,274458.0,274454.0,2.985,10.6,8.68,0.0000,-0.19326578333000693,1,15,56,2000-07-06
000990.SZ,2014-01-13,9.25,9.17,9.4,9.09,9.24,-0.07,-0.76,9230.96,8500.09,0.3108,0.5189,0.74,100.003,73.8294,1.6679,0.8051,0.6956,0.2181,0.2181,29703.2,29702.8,17788.9,272379.0,272375.0,2.985,10.16,8.32,0.0000,0.040475875669718275,1,15,56,2000-07-06
000990.SZ,2014-01-14,9.17,9.28,9.31,9.14,9.17,0.11,1.2,12008.9,11106.9,0.4043,0.6751,1.02,101.203,74.715,1.688,0.8147,0.704,0.2155,0.2155,29703.2,29702.8,17788.9,275646.0,275642.0,2.985,10.09,8.25,0.0000,-0.2615906780945148,1,15,56,2000-07-06
000990.SZ,2014-01-15,9.29,9.59,9.59,9.23,9.28,0.31,3.34,16929.0,16002.9,0.5699,0.9517,1.34,104.584,77.2109,1.7443,0.842,0.7275,0.2086,0.2086,29703.2,29702.8,17788.9,284854.0,284850.0,2.985,10.21,8.35,0.0000,0.3220068436549041,1,15,56,2000-07-06
000990.SZ,2014-01-16,9.51,9.62,9.65,9.48,9.59,0.03,0.31,8845.08,8477.64,0.2978,0.4972,0.64,104.911,77.4525,1.7498,0.8446,0.7298,0.2079,0.2079,29703.2,29702.8,17788.9,285745.0,285741.0,2.985,10.55,8.63,-0.0001,0.1419827460941466,1,15,56,2000-07-06
000990.SZ,2014-01-17,9.59,9.62,9.64,9.46,9.62,0.0,0.0,11886.0,11348.1,0.4002,0.6682,0.95,104.911,77.4525,1.7498,0.8446,0.7298,0.2079,0.2079,29703.2,29702.8,17788.9,285745.0,285741.0,2.985,10.58,8.66,0.0000,0.18733446649163962,1,15,56,2000-07-06
000990.SZ,2014-01-20,9.62,9.78,9.85,9.56,9.62,0.16,1.66,19344.4,18819.6,0.6513,1.0874,1.64,106.656,78.7406,1.7789,0.8586,0.7419,0.2045,0.2045,29703.2,29702.8,17788.9,290498.0,290494.0,2.985,10.58,8.66,0.0000,-0.0021525598849842834,1,15,56,2000-07-06
000990.SZ,2014-01-21,9.76,9.95,10.0,9.75,9.78,0.17,1.74,17330.9,17227.6,0.5835,0.9743,1.26,108.51,80.1093,1.8098,0.8736,0.7548,0.201,0.201,29703.2,29702.8,17788.9,295547.0,295543.0,2.985,10.76,8.8,0.0000,-0.07974866646388176,1,15,56,2000-07-06
000990.SZ,2014-01-22,9.96,10.0,10.06,9.9,9.95,0.05,0.5,17423.5,17395.5,0.5866,0.9795,1.17,109.055,80.5119,1.8189,0.878,0.7586,0.2,0.2,29703.2,29702.8,17788.9,297032.0,297028.0,2.985,10.95,8.96,0.0000,-0.057095799283733956,1,15,56,2000-07-06
000990.SZ,2014-01-23,10.1,9.99,10.23,9.9,10.0,-0.01,-0.1,26032.3,26293.5,0.8764,1.4634,1.74,108.946,80.4314,1.8171,0.8771,0.7578,0.2002,0.2002,29703.2,29702.8,17788.9,296735.0,296731.0,2.985,11.0,9.0,0.0000,-0.1991318712363524,1,15,56,2000-07-06
000990.SZ,2014-01-24,10.0,10.06,10.11,9.92,9.99,0.07,0.7,16295.2,16405.8,0.5486,0.916,0.89,109.709,80.995,1.8298,0.8832,0.7632,0.1988,0.1988,29703.2,29702.8,17788.9,298815.0,298810.0,2.985,10.99,8.99,0.0000,-0.3184314230385665,1,15,56,2000-07-06
000990.SZ,2014-01-27,10.04,10.02,10.15,9.9,10.06,-0.04,-0.4,13153.8,13202.4,0.4428,0.7394,0.68,109.273,80.6729,1.8226,0.8797,0.7601,0.1996,0.1996,29703.2,29702.8,17788.9,297626.0,297622.0,2.985,11.07,9.05,0.0000,-0.19480064820530285,1,15,56,2000-07-06
000990.SZ,2014-01-28,10.0,9.96,10.13,9.92,10.02,-0.06,-0.6,10330.1,10299.8,0.3478,0.5807,0.57,108.619,80.1899,1.8116,0.8744,0.7556,0.2008,0.2008,29703.2,29702.8,17788.9,295844.0,295840.0,2.985,11.02,9.02,0.0000,-0.1525894113717228,1,15,56,2000-07-06
000990.SZ,2014-01-29,9.96,10.12,10.13,9.95,9.96,0.16,1.61,14494.0,14599.9,0.488,0.8148,0.87,110.364,81.478,1.8407,0.8885,0.7677,0.1976,0.1976,29703.2,29702.8,17788.9,300597.0,300593.0,2.985,10.96,8.96,0.0000,-0.23799398582530715,1,15,56,2000-07-06
000990.SZ,2014-01-30,10.18,10.39,10.53,10.11,10.12,0.27,2.67,17849.1,18503.8,0.6009,1.0034,1.11,113.308,83.6519,1.8899,0.9122,0.7882,0.1925,0.1925,29703.2,29702.8,17788.9,308617.0,308612.0,2.985,11.13,9.11,0.0000,0.027825283160089864,1,15,56,2000-07-06
000990.SZ,2014-02-07,10.35,10.75,10.82,10.25,10.39,0.36,3.46,22964.4,24611.8,0.7731,1.2909,1.59,117.234,86.5503,1.9553,0.9438,0.8155,0.186,0.186,29703.2,29702.8,17788.9,319310.0,319305.0,2.985,11.43,9.35,0.0000,0.0025688794372105386,1,15,56,2000-07-06
000990.SZ,2014-02-10,10.78,10.95,11.04,10.61,10.75,0.2,1.86,41762.8,45569.5,1.406,2.3477,2.65,119.415,88.1605,1.9917,0.9614,0.8307,0.1826,0.1826,29703.2,29702.8,17788.9,325250.0,325246.0,2.985,11.83,9.68,0.0000,0.19518922370724684,1,15,56,2000-07-06
000990.SZ,2014-02-11,10.95,10.81,11.13,10.78,10.95,-0.14,-1.28,26623.3,29040.4,0.8963,1.4966,1.24,117.888,87.0334,1.9662,0.9491,0.82,0.185,0.185,29703.2,29702.8,17788.9,321092.0,321088.0,2.985,12.05,9.86,0.0000,-0.1701433597286658,1,15,56,2000-07-06
000990.SZ,2014-02-12,10.73,10.96,11.03,10.72,10.81,0.15,1.39,26662.2,29239.6,0.8976,1.4988,1.08,119.524,88.241,1.9935,0.9622,0.8314,0.1825,0.1825,29703.2,29702.8,17788.9,325548.0,325543.0,2.985,11.89,9.73,0.0000,0.002283798737671745,1,15,56,2000-07-06
000990.SZ,2014-02-13,11.04,10.78,11.05,10.78,10.96,-0.18,-1.64,20961.3,22804.2,0.7057,1.1783,0.77,117.561,86.7918,1.9608,0.9464,0.8178,0.1855,0.1855,29703.2,29702.8,17788.9,320201.0,320197.0,2.985,12.06,9.86,0.0000,-0.049129489664424056,1,15,56,2000-07-06
000990.SZ,2014-02-14,10.78,10.91,10.99,10.78,10.78,0.13,1.21,13153.3,14301.8,0.4428,0.7394,0.47,118.979,87.8385,1.9844,0.9579,0.8276,0.1833,0.1833,29703.2,29702.8,17788.9,324062.0,324058.0,2.985,11.86,9.7,0.0000,-0.05177951380357222,1,15,56,2000-07-06
000990.SZ,2014-02-17,10.91,11.28,11.36,10.85,10.91,0.37,3.39,38272.7,43021.3,1.2885,2.1515,1.48,123.014,90.8174,2.0517,0.9903,0.8557,0.1773,0.1773,29703.2,29702.8,17788.9,335053.0,335048.0,2.985,12.0,9.82,0.0000,0.09684622850405873,1,15,56,2000-07-06
000990.SZ,2014-02-18,11.3,11.24,11.38,11.09,11.28,-0.04,-0.35,24613.3,27513.6,0.8287,1.3836,0.98,122.578,90.4954,2.0445,0.9868,0.8527,0.1779,0.1779,29703.2,29702.8,17788.9,333864.0,333860.0,2.985,12.41,10.15,0.0000,-0.08508383687877734,1,15,56,2000-07-06
000990.SZ,2014-02-19,11.24,11.22,11.29,11.13,11.24,-0.02,-0.18,22017.8,24668.7,0.7413,1.2377,0.89,122.36,90.3344,2.0408,0.9851,0.8512,0.1783,0.1783,29703.2,29702.8,17788.9,333270.0,333266.0,2.985,12.36,10.12,0.0000,0.0007802793500510165,1,15,56,2000-07-06
000990.SZ,2014-02-20,11.19,11.27,11.33,11.15,11.22,0.05,0.45,20433.3,23003.3,0.6879,1.1487,0.86,122.905,90.7369,2.0499,0.9895,0.8549,0.1775,0.1775,29703.2,29702.8,17788.9,334756.0,334751.0,2.985,12.34,10.1,0.0000,0.17062968870151504,1,15,56,2000-07-06
000990.SZ,2014-02-21,11.25,11.35,11.6,11.19,11.27,0.08,0.71,37741.5,43154.0,1.2706,2.1216,1.59,123.777,91.381,2.0645,0.9965,0.861,0.1762,0.1762,29703.2,29702.8,17788.9,337132.0,337127.0,2.985,12.4,10.14,0.0000,0.19042541316148873,1,15,56,2000-07-06
000990.SZ,2014-02-24,11.35,11.72,11.72,11.16,11.35,0.37,3.26,39238.9,45308.2,1.321,2.2058,1.37,127.812,94.36,2.1318,1.029,0.8891,0.1706,0.1706,29703.2,29702.8,17788.9,348122.0,348117.0,2.985,12.49,10.22,0.0000,0.11191692827993752,1,15,56,2000-07-06
000990.SZ,2014-02-25,11.71,11.12,11.95,10.86,11.72,-0.6,-5.12,60505.1,69399.7,2.037,3.4013,2.1,121.269,89.5292,2.0226,0.9763,0.8436,0.1799,0.1799,29703.2,29702.8,17788.9,330300.0,330296.0,2.985,12.89,10.55,0.0000,-0.11082623256792196,1,15,56,2000-07-06
000990.SZ,2014-02-26,11.06,11.27,11.37,10.8,11.12,0.15,1.35,32325.2,36074.5,1.0883,1.8172,0.9,122.905,90.7369,2.0499,0.9895,0.8549,0.1775,0.1775,29703.2,29702.8,17788.9,334756.0,334751.0,2.985,12.23,10.01,0.0000,-0.22223776112234025,1,15,56,2000-07-06
000990.SZ,2014-02-27,11.35,10.8,11.4,10.8,11.27,-0.47,-4.17,47668.3,52858.4,1.6048,2.6797,1.25,117.779,86.9529,1.9644,0.9482,0.8193,0.1852,0.1852,29703.2,29702.8,17788.9,320795.0,320791.0,2.985,12.4,10.14,0.0000,-0.15321881566145942,1,15,56,2000-07-06
000990.SZ,2014-02-28,10.86,10.85,10.88,10.53,10.8,0.05,0.46,25401.5,27119.0,0.8552,1.4279,0.58,118.325,87.3554,1.9735,0.9526,0.8231,0.1843,0.1843,29703.2,29702.8,17788.9,322280.0,322276.0,2.985,11.88,9.72,0.0000,-0.17430390872287593,1,15,56,2000-07-06
000990.SZ,2014-03-03,10.93,11.27,11.34,10.86,10.85,0.42,3.87,34218.7,38221.7,1.152,1.9236,0.83,122.905,90.7369,2.0499,0.9895,0.8549,0.1775,0.1775,29703.2,29702.8,17788.9,334756.0,334751.0,2.985,11.94,9.77,0.0000,0.020936238490005903,1,15,56,2000-07-06
000990.SZ,2014-03-04,11.22,11.55,11.61,11.06,11.27,0.28,2.48,51132.5,58520.3,1.7215,2.8744,1.28,125.959,92.9913,2.1008,1.014,0.8762,0.1732,0.1732,29703.2,29702.8,17788.9,343072.0,343068.0,2.985,12.4,10.14,0.0000,0.1244968070578349,1,15,56,2000-07-06
000990.SZ,2014-03-05,11.55,11.57,11.79,11.36,11.55,0.02,0.17,28012.4,32361.6,0.9431,1.5747,0.73,126.177,93.1523,2.1045,1.0158,0.8777,0.1729,0.1729,29703.2,29702.8,17788.9,343666.0,343662.0,2.985,12.71,10.4,0.0000,0.016962514696886307,1,15,56,2000-07-06
000990.SZ,2014-03-06,11.57,11.59,11.8,11.5,11.57,0.02,0.17,24681.8,28618.5,0.831,1.3875,0.66,126.395,93.3133,2.1081,1.0176,0.8792,0.1726,0.1726,29703.2,29702.8,17788.9,344261.0,344256.0,2.985,12.73,10.41,0.0000,-0.14867871764238993,1,15,56,2000-07-06
000990.SZ,2014-03-07,11.59,12.21,12.48,11.59,11.59,0.62,5.35,83475.5,100512.0,2.8104,4.6926,2.55,133.156,98.305,2.2209,1.072,0.9263,0.1638,0.1638,29703.2,29702.8,17788.9,362677.0,362672.0,2.985,12.75,10.43,0.0000,0.07903252777256044,1,15,56,2000-07-06
000990.SZ,2014-03-10,11.98,11.59,12.2,11.55,12.21,-0.62,-5.08,55083.6,65693.4,1.8545,3.0965,1.24,126.395,93.3133,2.1081,1.0176,0.8792,0.1726,0.1726,29703.2,29702.8,17788.9,344261.0,344256.0,2.985,13.43,10.99,0.0000,-0.14947487654433203,1,15,56,2000-07-06
000990.SZ,2014-03-11,11.59,11.92,11.99,11.4,11.59,0.33,2.85,37963.7,44352.6,1.2781,2.1341,0.78,129.993,95.9702,2.1681,1.0465,0.9043,0.1678,0.1678,29703.2,29702.8,17788.9,354063.0,354058.0,2.985,12.75,10.43,0.0000,-0.09336958167863346,1,15,56,2000-07-06
000990.SZ,2014-03-12,11.82,11.72,11.97,11.46,11.92,-0.2,-1.68,24741.4,28967.4,0.833,1.3908,0.54,127.812,94.36,2.1318,1.029,0.8891,0.1706,0.1706,29703.2,29702.8,17788.9,348122.0,348117.0,2.985,13.11,10.73,0.0000,-0.4057374574582509,1,15,56,2000-07-06
000990.SZ,2014-03-13,11.78,11.7,11.89,11.5,11.72,-0.02,-0.17,20925.7,24445.2,0.7045,1.1763,0.46,127.594,94.1989,2.1281,1.0272,0.8876,0.1709,0.1709,29703.2,29702.8,17788.9,347528.0,347523.0,2.985,12.89,10.55,0.0000,-0.0236381793874636,1,15,56,2000-07-06
000990.SZ,2014-03-14,11.6,11.7,11.8,11.55,11.7,0.0,0.0,15685.9,18348.6,0.5281,0.8818,0.35,127.594,94.1989,2.1281,1.0272,0.8876,0.1709,0.1709,29703.2,29702.8,17788.9,347528.0,347523.0,2.985,12.87,10.53,0.0000,0.30540972029226204,1,15,56,2000-07-06
000990.SZ,2014-03-17,11.75,11.96,12.18,11.69,11.7,0.26,2.22,36250.3,43517.2,1.2204,2.0378,1.17,130.43,96.2922,2.1754,1.05,0.9073,0.1672,0.1672,29703.2,29702.8,17788.9,355251.0,355246.0,2.985,12.87,10.53,0.0000,-0.12892136353462888,1,15,56,2000-07-06
000990.SZ,2014-03-18,11.92,11.94,12.15,11.8,11.96,-0.02,-0.17,34895.1,41929.5,1.1748,1.9616,1.29,130.212,96.1312,2.1718,1.0483,0.9058,0.1675,0.1675,29703.2,29702.8,17788.9,354657.0,354652.0,2.985,13.16,10.76,0.0000,-0.049087046469676834,1,15,56,2000-07-06
000990.SZ,2014-03-19,11.9,12.15,12.15,11.8,11.94,0.21,1.76,26347.2,31474.2,0.887,1.4811,0.99,132.502,97.822,2.21,1.0667,0.9217,0.1646,0.1646,29703.2,29702.8,17788.9,360894.0,360889.0,2.985,13.13,10.75,0.0000,-0.1279921538339325,1,15,56,2000-07-06
000990.SZ,2014-03-20,12.07,11.68,12.36,11.62,12.15,-0.47,-3.87,37879.5,45920.4,1.2753,2.1294,1.41,127.376,94.0379,2.1245,1.0255,0.886,0.1712,0.1712,29703.2,29702.8,17788.9,346934.0,346929.0,2.985,13.37,10.94,0.0000,-0.12246576120732838,1,15,56,2000-07-06
000990.SZ,2014-03-21,11.68,11.87,11.97,11.53,11.68,0.19,1.63,28694.3,33797.5,0.966,1.6131,0.95,129.448,95.5676,2.159,1.0421,0.9005,0.1685,0.1685,29703.2,29702.8,17788.9,352577.0,352573.0,2.985,12.85,10.51,0.0000,-0.10553183178389185,1,15,56,2000-07-06
000990.SZ,2014-03-24,11.8,11.67,11.9,11.56,11.87,-0.2,-1.68,31390.8,36745.3,1.0568,1.7646,0.96,127.267,93.9574,2.1227,1.0246,0.8853,0.1714,0.1714,29703.2,29702.8,17788.9,346637.0,346632.0,2.985,13.06,10.68,0.0000,-0.1998094880600994,1,15,56,2000-07-06
000990.SZ,2014-03-25,11.56,11.19,11.67,11.1,11.67,-0.48,-4.11,56474.7,63718.4,1.9013,3.1747,1.77,122.033,90.0928,2.0354,0.9824,0.8489,0.1787,0.1787,29703.2,29702.8,17788.9,332379.0,332375.0,2.985,12.84,10.5,0.0000,-0.2657250617951318,1,15,56,2000-07-06
000990.SZ,2014-03-26,11.22,11.48,11.83,11.22,11.19,0.29,2.59,29771.0,34157.2,1.0023,1.6736,0.82,125.195,92.4277,2.0881,1.0079,0.8709,0.1742,0.1742,29703.2,29702.8,17788.9,340993.0,340989.0,2.985,12.31,10.07,0.0000,-0.06508255689689703,1,15,56,2000-07-06
000990.SZ,2014-03-27,11.38,11.29,11.68,11.26,11.48,-0.19,-1.66,23149.0,26646.2,0.7794,1.3013,0.63,123.123,90.8979,2.0536,0.9912,0.8565,0.1771,0.1771,29703.2,29702.8,17788.9,335350.0,335345.0,2.985,12.63,10.33,0.0000,0.07017938694817608,1,15,56,2000-07-06
000990.SZ,2014-03-28,11.13,11.08,11.39,11.07,11.29,-0.21,-1.86,20002.6,22337.6,0.6734,1.1244,0.59,120.833,89.2072,2.0154,0.9728,0.8405,0.1805,0.1805,29703.2,29702.8,17788.9,329112.0,329107.0,2.985,12.42,10.16,0.0000,-0.269146434848389,1,15,56,2000-07-06
000990.SZ,2014-03-31,11.17,11.07,11.17,10.84,11.08,-0.01,-0.09,15527.7,17057.0,0.5228,0.8729,0.48,120.724,89.1267,2.0135,0.9719,0.8398,0.1807,0.1807,29703.2,29702.8,17788.9,328815.0,328810.0,2.985,12.19,9.97,0.0000,0.011822528681262243,1,15,56,2000-07-06
000990.SZ,2014-04-01,11.03,11.18,11.25,10.9,11.07,0.11,0.99,10424.0,11610.3,0.3509,0.586,0.36,121.923,90.0123,2.0335,0.9816,0.8481,0.1789,0.1789,29703.2,29702.8,17788.9,332082.0,332078.0,2.985,12.18,9.96,0.0000,-0.09065021050599793,1,15,56,2000-07-06
000990.SZ,2014-04-02,11.18,11.08,11.24,11.04,11.18,-0.1,-0.89,8653.68,9626.15,0.2913,0.4865,0.44,120.833,89.2072,2.0154,0.9728,0.8405,0.1805,0.1805,29703.2,29702.8,17788.9,329112.0,329107.0,2.985,12.3,10.06,0.0001,-0.418785276039124,1,15,56,2000-07-06
000990.SZ,2014-04-03,11.05,11.08,11.18,11.05,11.08,0.0,0.0,7440.21,8277.88,0.2505,0.4183,0.48,120.833,89.2072,2.0154,0.9728,0.8405,0.1805,0.1805,29703.2,29702.8,17788.9,329112.0,329107.0,2.985,12.19,9.97,0.0000,-0.2675308023208292,1,15,56,2000-07-06
000990.SZ,2014-04-04,11.05,11.45,11.47,11.05,11.08,0.37,3.34,16140.0,18350.1,0.5434,0.9073,1.3,124.868,92.1861,2.0827,1.0053,0.8686,0.1747,0.1747,29703.2,29702.8,17788.9,340102.0,340097.0,2.985,12.19,9.97,0.0000,0.340222369906588,1,15,56,2000-07-06
000990.SZ,2014-04-08,11.32,11.4,11.63,11.32,11.45,-0.05,-0.44,13168.3,15122.2,0.4433,0.7403,1.13,124.323,91.7836,2.0736,1.0009,0.8648,0.1754,0.1754,29703.2,29702.8,17788.9,338617.0,338612.0,2.985,12.6,10.31,0.0000,-0.06641859063773237,1,15,56,2000-07-06
000990.SZ,2014-04-09,11.44,11.77,11.8,11.38,11.4,0.37,3.25,29010.3,33585.1,0.9767,1.6308,2.6,128.358,94.7625,2.1409,1.0334,0.8929,0.1699,0.1699,29703.2,29702.8,17788.9,349607.0,349602.0,2.985,12.54,10.26,0.0000,-0.13873559514224174,1,15,56,2000-07-06
000990.SZ,2014-04-10,11.7,11.66,11.84,11.58,11.77,-0.11,-0.93,23658.9,27632.3,0.7965,1.33,1.59,127.158,93.8769,2.1209,1.0237,0.8845,0.1715,0.1715,29703.2,29702.8,17788.9,346340.0,346335.0,2.985,12.95,10.59,0.0000,-0.3589159074922182,1,15,56,2000-07-06
000990.SZ,2014-04-11,11.66,11.51,11.71,11.4,11.66,-0.15,-1.29,18376.7,21083.6,0.6187,1.033,1.03,125.522,92.6692,2.0936,1.0105,0.8732,0.1738,0.1738,29703.2,29702.8,17788.9,341884.0,341880.0,2.985,12.83,10.49,0.0000,-0.20768088304579005,1,15,56,2000-07-06
000990.SZ,2014-04-14,11.5,11.47,11.55,11.28,11.51,-0.04,-0.35,15834.0,18073.8,0.5331,0.8901,0.79,65.6567,65.6567,2.0641,0.8518,0.8518,0.1744,0.1744,29703.2,29702.8,17788.9,340696.0,340692.0,2.985,12.66,10.36,0.0000,-0.5601993638764441,1,15,56,2000-07-06
000990.SZ,2014-04-15,11.49,11.37,11.57,11.31,11.47,-0.1,-0.87,11635.2,13318.8,0.3917,0.6541,0.58,65.0842,65.0842,2.0461,0.8443,0.8443,0.1759,0.1759,29703.2,29702.8,17788.9,337726.0,337721.0,2.985,12.62,10.32,0.0000,-0.11236076980978983,1,15,56,2000-07-06
000990.SZ,2014-04-16,11.29,11.22,11.39,11.17,11.37,-0.15,-1.32,18218.7,20506.0,0.6134,1.0242,0.92,64.2256,64.3834,2.0164,0.8332,0.8808,0.1783,0.1783,29703.2,29702.8,17788.9,333270.0,333266.0,2.985,12.51,10.23,0.0000,-0.36058419912865924,1,15,56,2000-07-06
000990.SZ,2014-04-17,11.25,11.26,11.33,11.13,11.22,0.04,0.36,20196.6,22630.1,0.68,1.1353,1.15,64.4546,64.613,2.0236,0.8362,0.884,0.1776,0.1776,29703.2,29702.8,17788.9,334458.0,334454.0,2.985,12.34,10.1,0.0000,-0.3479831867673833,1,15,56,2000-07-06
000990.SZ,2014-04-18,11.22,11.32,11.35,11.15,11.26,0.06,0.53,13744.8,15468.2,0.4627,0.7727,0.82,64.798,64.9572,2.0344,0.8406,0.8887,0.1767,0.1767,29703.2,29702.8,17788.9,336241.0,336236.0,2.985,12.39,10.13,0.0000,-0.15664941365925744,1,15,56,2000-07-06
000990.SZ,2014-04-21,11.16,10.9,11.29,10.81,11.32,-0.42,-3.71,20659.5,22815.0,0.6955,1.1614,1.3,62.3939,62.5472,1.9589,0.8094,0.8557,0.1835,0.1835,29703.2,29702.8,17788.9,323765.0,323761.0,2.985,12.45,10.19,0.0000,-0.26802706945824817,1,15,56,2000-07-06
000990.SZ,2014-04-22,10.8,10.7,10.99,10.63,10.9,-0.2,-1.83,19839.1,21366.0,0.6679,1.1153,1.17,61.249,61.3995,1.9229,0.7946,0.84,0.1869,0.1869,29703.2,29702.8,17788.9,317825.0,317820.0,2.985,11.99,9.81,0.0000,-0.13977496335096393,1,15,56,2000-07-06
000990.SZ,2014-04-23,10.75,10.71,10.8,10.61,10.7,0.01,0.09,9493.31,10176.4,0.3196,0.5337,0.51,61.3063,61.4569,1.9247,0.7953,0.8408,0.1867,0.1867,29703.2,29702.8,17788.9,318122.0,318117.0,2.985,11.77,9.63,0.0001,-0.35936659135614607,1,15,56,2000-07-06
000990.SZ,2014-04-24,10.71,10.45,10.74,10.45,10.71,-0.26,-2.43,14684.4,15505.2,0.4944,0.8255,0.87,59.818,59.965,1.878,0.776,0.8204,0.1914,0.1914,29703.2,29702.8,17788.9,310399.0,310395.0,2.985,11.78,9.64,0.0000,-0.15345985952310623,1,15,56,2000-07-06
000990.SZ,2014-04-25,10.46,10.29,10.54,10.25,10.45,-0.16,-1.53,10959.4,11367.8,0.369,0.6161,0.7,58.9021,59.0468,1.8493,0.7641,0.8078,0.1944,0.1944,29703.2,29702.8,17788.9,305646.0,305642.0,2.985,11.5,9.41,0.0000,0.07811076510839393,1,15,56,2000-07-06
000990.SZ,2014-04-28,10.2,9.82,10.35,9.65,10.29,-0.47,-4.57,21840.0,21519.6,0.7353,1.2277,1.44,56.2117,56.3498,1.7648,0.7292,0.7709,0.2037,0.2037,29703.2,29702.8,17788.9,291686.0,291682.0,2.985,11.32,9.26,0.0000,-0.47865972410941854,1,15,56,2000-07-06
000990.SZ,2014-04-29,9.72,10.3,10.35,9.72,9.82,0.48,4.89,16763.5,16969.1,0.5644,0.9424,1.09,58.9593,59.1042,1.851,0.7649,0.8086,0.1942,0.1942,29703.2,29702.8,17788.9,305943.0,305939.0,2.985,10.8,8.84,0.0000,0.16444603013356895,1,15,56,2000-07-06
000990.SZ,2014-04-30,10.23,10.37,10.49,10.23,10.3,0.07,0.68,8980.9,9337.91,0.3024,0.5049,0.61,59.36,59.5059,1.8636,0.7701,0.8141,0.1929,0.1929,29703.2,29702.8,17788.9,308023.0,308018.0,2.985,11.33,9.27,-0.0001,-0.15874579715573187,1,15,56,2000-07-06
000990.SZ,2014-05-05,10.41,10.7,10.75,10.25,10.37,0.33,3.18,12467.8,13139.9,0.4198,0.7009,0.85,61.249,61.3995,1.9229,0.7946,0.84,0.1869,0.1869,29703.2,29702.8,17788.9,317825.0,317820.0,2.985,11.41,9.33,0.0000,0.18526694613556263,1,15,56,2000-07-06
000990.SZ,2014-05-06,10.7,10.97,11.01,10.59,10.7,0.27,2.52,17271.4,18839.6,0.5815,0.9709,1.22,62.7946,62.9489,1.9715,0.8146,0.8612,0.1823,0.1823,29703.2,29702.8,17788.9,325845.0,325840.0,2.985,11.77,9.63,0.0000,0.247670691210873,1,15,56,2000-07-06
000990.SZ,2014-05-07,10.97,10.93,11.24,10.85,10.97,-0.04,-0.36,24937.3,27592.3,0.8396,1.4018,1.61,62.5656,62.7193,1.9643,0.8117,0.8581,0.183,0.183,29703.2,29702.8,17788.9,324656.0,324652.0,2.985,12.07,9.87,0.0000,-0.09871501185645494,1,15,56,2000-07-06
000990.SZ,2014-05-08,10.86,11.07,11.12,10.85,10.93,0.14,1.28,10357.5,11460.0,0.3487,0.5822,0.64,63.367,63.5227,1.9894,0.8221,0.8691,0.1807,0.1807,29703.2,29702.8,17788.9,328815.0,328810.0,2.985,12.02,9.84,0.0000,0.27525372569585616,1,15,56,2000-07-06
000990.SZ,2014-05-09,11.1,11.13,11.14,10.8,11.07,0.06,0.54,12704.8,13979.2,0.4277,0.7142,0.86,63.7104,63.867,2.0002,0.8265,0.8738,0.1797,0.1797,29703.2,29702.8,17788.9,330597.0,330593.0,2.985,12.18,9.96,0.0000,0.149788596460216,1,15,56,2000-07-06
000990.SZ,2014-05-12,11.15,11.14,11.2,11.03,11.13,0.01,0.09,10060.4,11191.9,0.3387,0.5655,0.65,63.7677,63.9244,2.002,0.8272,0.8746,0.1795,0.1795,29703.2,29702.8,17788.9,330894.0,330890.0,2.985,12.24,10.02,0.0000,-0.13407305677997863,1,15,56,2000-07-06
000990.SZ,2014-05-13,11.1,11.13,11.19,11.05,11.14,-0.01,-0.09,3886.87,4335.67,0.1309,0.2185,0.26,63.7104,63.867,2.0002,0.8265,0.8738,0.1797,0.1797,29703.2,29702.8,17788.9,330597.0,330593.0,2.985,12.25,10.03,0.0000,1.0,1,15,56,2000-07-06
000990.SZ,2014-05-14,11.08,11.06,11.18,11.05,11.13,-0.07,-0.63,3450.71,3834.13,0.1162,0.194,0.28,63.3097,63.4653,1.9876,0.8213,0.8683,0.1808,0.1808,29703.2,29702.8,17788.9,328518.0,328513.0,2.985,12.24,10.02,-0.0001,-0.08564469247919033,1,15,56,2000-07-06
000990.SZ,2014-05-15,11.06,10.65,11.1,10.58,11.06,-0.41,-3.71,9930.72,10731.5,0.3343,0.5583,1.23,60.9628,61.1126,1.9139,0.7909,0.8361,0.1878,0.1878,29703.2,29702.8,17788.9,316340.0,316335.0,2.985,12.17,9.95,-0.0001,-0.1510932050104249,1,15,56,2000-07-06
000990.SZ,2014-05-16,10.65,10.25,10.65,10.18,10.65,-0.4,-3.76,16401.4,16962.0,0.5522,0.922,2.05,58.6731,58.8173,1.8421,0.7612,0.8047,0.1951,0.1951,29703.2,29702.8,17788.9,304458.0,304454.0,2.985,11.72,9.59,0.0000,-0.25209878313236767,1,15,56,2000-07-06
000990.SZ,2014-05-19,10.32,10.38,10.48,10.22,10.25,0.13,1.27,8302.2,8572.42,0.2795,0.4667,0.95,59.4173,59.5633,1.8654,0.7708,0.8149,0.1927,0.1927,29703.2,29702.8,17788.9,308320.0,308315.0,2.985,11.28,9.23,-0.0001,-0.19238308235665616,1,15,56,2000-07-06
000990.SZ,2014-05-20,10.42,10.27,10.44,10.22,10.35,-0.08,-0.77,6097.51,6288.46,0.2053,0.3428,0.73,58.7876,58.9321,1.8557,0.7626,0.8063,0.1947,0.4869,29703.2,29702.8,17788.9,305052.0,305048.0,2.994,11.39,9.32,0.0001,-0.48700196231774096,1,15,56,2000-07-06
000990.SZ,2014-05-21,10.26,10.33,10.38,10.1,10.27,0.06,0.58,3665.83,3772.14,0.1234,0.2061,0.41,59.1311,59.2764,1.8665,0.7671,0.811,0.1936,0.484,29703.2,29702.8,17788.9,306834.0,306830.0,2.994,11.3,9.24,0.0000,0.4573950603932158,1,15,56,2000-07-06
000990.SZ,2014-05-22,10.4,10.37,10.52,10.28,10.33,0.04,0.39,6065.0,6314.25,0.2042,0.3409,0.68,59.36,59.5059,1.8737,0.7701,0.8141,0.1929,0.4822,29703.2,29702.8,17788.9,308023.0,308018.0,2.994,11.36,9.3,0.0000,0.15324327547991148,1,15,56,2000-07-06
000990.SZ,2014-05-23,10.36,10.47,10.48,10.27,10.37,0.1,0.96,5010.93,5196.34,0.1687,0.2817,0.62,59.9325,60.0797,1.8918,0.7775,0.822,0.191,0.4776,29703.2,29702.8,17788.9,310993.0,310989.0,2.994,11.41,9.33,0.0000,0.2405063230919366,1,15,56,2000-07-06
000990.SZ,2014-05-26,10.49,10.6,10.65,10.47,10.47,0.13,1.24,11146.1,11787.9,0.3753,0.6266,1.91,60.6766,60.8257,1.9153,0.7871,0.8322,0.1887,0.4717,29703.2,29702.8,17788.9,314854.0,314850.0,2.994,11.52,9.42,0.0000,0.004323671791512549,1,15,56,2000-07-06
000990.SZ,2014-05-27,10.6,10.7,10.76,10.51,10.6,0.1,0.94,7101.79,7565.17,0.2391,0.3992,1.11,61.249,61.3995,1.9334,0.7946,0.84,0.1869,0.4673,29703.2,29702.8,17788.9,317825.0,317820.0,2.994,11.66,9.54,0.0000,0.22100277822444442,1,15,56,2000-07-06
000990.SZ,2014-05-28,10.79,10.73,10.79,10.56,10.7,0.03,0.28,8067.34,8598.46,0.2716,0.4535,1.22,61.4208,61.5717,1.9388,0.7968,0.8424,0.1864,0.466,29703.2,29702.8,17788.9,318716.0,318711.0,2.994,11.77,9.63,0.0000,-0.19597723242740483,1,15,56,2000-07-06
000990.SZ,2014-05-29,10.73,10.56,10.97,10.56,10.73,-0.17,-1.58,12341.0,13264.7,0.4155,0.6937,1.65,60.4476,60.5962,1.9081,0.7842,0.829,0.1894,0.4735,29703.2,29702.8,17788.9,313666.0,313662.0,2.994,11.8,9.66,0.0000,-0.05210949837216836,1,15,56,2000-07-06
000990.SZ,2014-05-30,10.51,10.61,10.76,10.51,10.56,0.05,0.47,5959.77,6346.04,0.2006,0.335,0.68,60.7338,60.8831,1.9171,0.7879,0.833,0.1885,0.4713,29703.2,29702.8,17788.9,315151.0,315147.0,2.994,11.62,9.5,-0.0001,-0.7672200538005725,1,15,56,2000-07-06
000990.SZ,2014-06-03,10.75,10.5,10.88,10.45,10.61,-0.11,-1.04,8508.27,9002.04,0.2864,0.4783,0.95,60.1042,60.2519,1.8972,0.7797,0.8243,0.1905,0.4762,29703.2,29702.8,17788.9,311884.0,311880.0,2.994,11.67,9.55,0.0001,-0.22399205464913902,1,15,56,2000-07-06
000990.SZ,2014-06-04,10.38,10.39,10.51,10.26,10.5,-0.11,-1.05,5990.79,6191.65,0.2017,0.3368,0.71,59.4745,59.6207,1.8773,0.7716,0.8157,0.1925,0.4812,29703.2,29702.8,17788.9,308617.0,308612.0,2.994,11.55,9.45,-0.0001,-0.42586513364877276,1,15,56,2000-07-06
000990.SZ,2014-06-05,10.31,10.39,10.45,10.28,10.39,0.0,0.0,4361.62,4517.74,0.1468,0.2452,0.53,59.4745,59.6207,1.8773,0.7716,0.8157,0.1925,0.4812,29703.2,29702.8,17788.9,308617.0,308612.0,2.994,11.43,9.35,0.0000,-1.0,1,15,56,2000-07-06
000990.SZ,2014-06-06,10.5,11.3,11.43,10.4,10.39,0.91,8.76,48689.2,54167.2,1.6392,2.7371,6.55,64.6836,64.8425,2.0418,0.8391,0.8871,0.177,0.4425,29703.2,29702.8,17788.9,335647.0,335642.0,2.994,11.43,9.35,0.0000,0.015348115974267629,1,15,56,2000-07-06
000990.SZ,2014-06-09,11.39,11.29,11.59,11.2,11.3,-0.01,-0.09,68228.1,77764.5,2.297,3.8354,4.64,64.6263,64.7851,2.04,0.8384,0.8863,0.1771,0.2657,29703.2,29702.8,17788.9,335350.0,335345.0,2.994,12.43,10.17,0.0000,-0.08079319161557205,1,15,56,2000-07-06
000990.SZ,2014-06-10,11.07,11.15,11.24,10.91,11.29,-0.14,-1.24,31672.1,35062.2,1.0663,1.7804,1.17,63.8249,63.9817,2.0147,0.828,0.8753,0.1794,0.2691,29703.2,29702.8,17788.9,331191.0,331187.0,2.994,12.42,10.16,0.0000,-0.1801595691634111,1,15,56,2000-07-06
000990.SZ,2014-06-11,11.12,11.19,11.33,10.97,11.15,0.04,0.36,23623.1,26363.2,0.7953,1.328,0.74,64.0539,64.2113,2.0219,0.831,0.8785,0.1787,0.2681,29703.2,29702.8,17788.9,332379.0,332375.0,2.994,12.27,10.04,0.0000,-0.13971179147518603,1,15,56,2000-07-06
000990.SZ,2014-06-12,11.15,10.87,11.15,10.85,11.19,-0.32,-2.86,26618.5,29188.5,0.8962,1.4964,0.75,62.2221,62.375,1.9641,0.8072,0.8534,0.184,0.276,29703.2,29702.8,17788.9,322874.0,322870.0,2.994,12.31,10.07,0.0000,-0.4102294758320255,1,15,56,2000-07-06
000990.SZ,2014-06-13,10.83,10.91,11.0,10.73,10.87,0.04,0.37,14916.1,16253.2,0.5022,0.8385,0.38,62.4511,62.6046,1.9713,0.8102,0.8565,0.1833,0.275,29703.2,29702.8,17788.9,324062.0,324058.0,2.994,11.96,9.78,0.0000,-0.09586009770027885,1,15,56,2000-07-06
000990.SZ,2014-06-16,10.91,11.33,11.42,10.86,10.91,0.42,3.85,45682.8,51213.0,1.538,2.5681,1.38,64.8553,65.0146,2.0472,0.8414,0.8895,0.1765,0.2648,29703.2,29702.8,17788.9,336538.0,336533.0,2.994,12.0,9.82,0.0000,0.13911267859029766,1,15,56,2000-07-06
000990.SZ,2014-06-17,11.22,11.65,11.69,11.15,11.33,0.32,2.82,59324.1,67880.8,1.9973,3.3349,2.08,66.687,66.8509,2.105,0.8651,0.9146,0.1717,0.2575,29703.2,29702.8,17788.9,346043.0,346038.0,2.994,12.46,10.2,0.0000,0.291601052275238,1,15,56,2000-07-06
000990.SZ,2014-06-18,11.72,11.36,11.72,11.35,11.65,-0.29,-2.49,36042.3,41575.4,1.2134,2.0261,1.06,65.027,65.1868,2.0526,0.8436,0.8918,0.1761,0.2641,29703.2,29702.8,17788.9,337429.0,337424.0,2.994,12.82,10.49,0.0000,-0.03810093925785465,1,15,56,2000-07-06
000990.SZ,2014-06-19,11.3,11.78,11.83,11.25,11.36,0.42,3.7,48540.2,56390.0,1.6342,2.7287,1.33,67.4312,67.5969,2.1285,0.8748,0.9248,0.1698,0.2547,29703.2,29702.8,17788.9,349904.0,349899.0,2.994,12.5,10.22,0.0000,0.16393255389820924,1,15,56,2000-07-06
000990.SZ,2014-06-20,11.73,12.21,12.21,11.6,11.78,0.43,3.65,66736.3,79369.7,2.2468,3.7516,1.63,69.8926,70.0643,2.2062,0.9067,0.9586,0.1638,0.2457,29703.2,29702.8,17788.9,362677.0,362672.0,2.994,12.96,10.6,0.0000,0.17404218456447937,1,15,56,2000-07-06
000990.SZ,2014-06-23,12.2,12.12,12.28,11.96,12.21,-0.09,-0.74,35409.7,42784.8,1.1921,1.9906,0.69,69.3774,69.5479,2.1899,0.9,0.9515,0.165,0.2475,29703.2,29702.8,17788.9,360003.0,359998.0,2.994,13.43,10.99,0.0000,-0.22395923750979313,1,15,56,2000-07-06
000990.SZ,2014-06-24,12.08,12.2,12.28,11.88,12.12,0.08,0.66,42178.6,50921.1,1.42,2.3711,0.86,69.8353,70.0069,2.2044,0.906,0.9578,0.1639,0.2459,29703.2,29702.8,17788.9,362380.0,362375.0,2.994,13.33,10.91,0.0000,-0.10684493544464264,1,15,56,2000-07-06
000990.SZ,2014-06-25,12.11,12.36,12.45,11.95,12.2,0.16,1.31,38718.3,47387.2,1.3035,2.1765,0.85,70.7512,70.9251,2.2333,0.9178,0.9703,0.1618,0.2427,29703.2,29702.8,17788.9,367132.0,367127.0,2.994,13.42,10.98,0.0000,0.1591607977072575,1,15,56,2000-07-06
000990.SZ,2014-06-26,12.28,12.68,12.85,12.23,12.36,0.32,2.59,37715.8,47361.8,1.2698,2.1202,0.81,72.583,72.7613,2.2911,0.9416,0.9955,0.1577,0.2366,29703.2,29702.8,17788.9,376637.0,376632.0,2.994,13.6,11.12,0.0000,0.27920331261979614,1,15,56,2000-07-06
000990.SZ,2014-06-27,12.6,11.97,12.68,11.94,12.68,-0.71,-5.6,78441.8,95956.9,2.6409,4.4096,1.78,68.5188,68.6871,2.1628,0.8889,0.9397,0.1671,0.2506,29703.2,29702.8,17788.9,355548.0,355543.0,2.994,13.95,11.41,0.0000,-0.31279910588064513,1,15,56,2000-07-06
000990.SZ,2014-06-30,11.86,11.99,12.09,11.62,11.97,0.02,0.17,50500.2,59904.4,1.7002,2.8389,1.09,68.6333,68.8019,2.1664,0.8904,0.9413,0.1668,0.2502,29703.2,29702.8,17788.9,356142.0,356137.0,2.994,13.17,10.77,0.0000,-0.047819046058411016,1,15,56,2000-07-06
000990.SZ,2014-07-01,11.88,11.93,12.04,11.7,11.99,-0.06,-0.5,27272.5,32458.5,0.9182,1.5331,0.55,68.2898,68.4576,2.1556,0.8859,0.9366,0.1676,0.2515,29703.2,29702.8,17788.9,354360.0,354355.0,2.994,13.19,10.79,0.0000,-0.1839360416369345,1,15,56,2000-07-06
000990.SZ,2014-07-02,11.92,12.4,12.47,11.92,11.93,0.47,3.94,51142.1,62833.9,1.7218,2.875,1.1,70.9802,71.1546,2.2405,0.9208,0.9735,0.1613,0.2419,29703.2,29702.8,17788.9,368320.0,368315.0,2.994,13.12,10.74,0.0000,0.015686737874897053,1,15,56,2000-07-06
000990.SZ,2014-07-03,12.3,12.55,12.7,12.28,12.4,0.15,1.21,41303.0,51914.3,1.3905,2.3218,0.84,71.8388,72.0153,2.2676,0.932,0.9853,0.1594,0.239,29703.2,29702.8,17788.9,372776.0,372771.0,2.994,13.64,11.16,0.0000,-0.09629738321149454,1,15,56,2000-07-06
000990.SZ,2014-07-04,12.53,12.48,12.62,12.28,12.55,-0.07,-0.56,17822.3,22181.6,0.6,1.0019,0.36,71.4381,71.6136,2.255,0.9268,0.9798,0.1603,0.2404,29703.2,29702.8,17788.9,370696.0,370691.0,2.994,13.81,11.3,0.0000,-0.03149175774977411,1,15,56,2000-07-06
000990.SZ,2014-07-07,12.46,12.87,13.03,12.32,12.48,0.39,3.13,41608.1,53488.0,1.4008,2.339,1.11,73.6706,73.8516,2.3254,0.9557,1.0104,0.1554,0.2331,29703.2,29702.8,17788.9,382281.0,382275.0,2.994,13.73,11.23,0.0000,0.1906161700041912,1,15,56,2000-07-06
000990.SZ,2014-07-08,12.88,13.15,13.23,12.61,12.87,0.28,2.18,43744.3,56687.2,1.4727,2.4591,1.22,75.2733,75.4583,2.376,0.9765,1.0324,0.1521,0.2281,29703.2,29702.8,17788.9,390598.0,390592.0,2.994,14.16,11.58,0.0000,0.12672449291978558,1,15,56,2000-07-06
000990.SZ,2014-07-09,13.09,13.11,13.42,12.9,13.15,-0.04,-0.3,39311.2,51710.8,1.3235,2.2099,1.0,75.0444,75.2288,2.3688,0.9735,1.0292,0.1526,0.2288,29703.2,29702.8,17788.9,389410.0,389404.0,2.994,14.47,11.84,0.0000,-0.04065702450009096,1,15,56,2000-07-06
000990.SZ,2014-07-10,13.11,12.88,13.19,12.85,13.11,-0.23,-1.75,20074.8,26054.6,0.6759,1.1285,0.55,73.7278,73.909,2.3273,0.9565,1.0112,0.1553,0.2329,29703.2,29702.8,17788.9,382578.0,382572.0,2.994,14.42,11.8,0.0000,-0.19018605593961757,1,15,56,2000-07-06
000990.SZ,2014-07-11,12.88,12.79,13.05,12.67,12.88,-0.09,-0.7,16984.7,21741.0,0.5718,0.9548,0.52,73.2126,73.3925,2.311,0.9498,1.0041,0.1564,0.2346,29703.2,29702.8,17788.9,379904.0,379899.0,2.994,14.17,11.59,0.0000,-0.26390723238907776,1,15,56,2000-07-06
000990.SZ,2014-07-14,12.76,13.73,14.03,12.76,12.79,0.94,7.35,57638.7,78190.8,1.9405,3.2402,1.78,78.5934,78.7865,2.4808,1.0196,1.0779,0.1457,0.2185,29703.2,29702.8,17788.9,407826.0,407820.0,2.994,14.07,11.51,0.0000,0.1821415922489093,1,15,56,2000-07-06
000990.SZ,2014-07-15,13.8,13.9,13.94,13.42,13.73,0.17,1.24,25007.1,34305.3,0.8419,1.4058,0.7,79.5665,79.762,2.5116,1.0322,1.0912,0.1439,0.2158,29703.2,29702.8,17788.9,412875.0,412869.0,2.994,15.1,12.36,0.0000,0.10299687271526292,1,15,56,2000-07-06
000990.SZ,2014-07-16,13.81,13.76,13.95,13.55,13.9,-0.14,-1.01,16206.8,22211.5,0.5456,0.9111,0.51,78.7651,78.9586,2.4863,1.0218,1.0802,0.1453,0.218,29703.2,29702.8,17788.9,408717.0,408711.0,2.994,15.29,12.51,0.0000,-0.02296226086051969,1,15,56,2000-07-06
000990.SZ,2014-07-17,13.77,13.49,13.81,13.32,13.76,-0.27,-1.96,17561.1,23796.6,0.5912,0.9872,0.65,77.2196,77.4093,2.4375,1.0018,1.0591,0.1483,0.2224,29703.2,29702.8,17788.9,400697.0,400691.0,2.994,15.14,12.38,0.0001,-0.18268715990698312,1,15,56,2000-07-06
000990.SZ,2014-07-18,13.47,13.54,13.65,13.28,13.49,0.05,0.37,24417.4,32822.0,0.8221,1.3726,0.92,77.5058,77.6962,2.4465,1.0055,1.063,0.1477,0.2216,29703.2,29702.8,17788.9,402182.0,402176.0,2.994,14.84,12.14,0.0000,-0.11600304218987449,1,15,56,2000-07-06
000990.SZ,2014-07-21,13.54,13.22,13.69,13.15,13.54,-0.32,-2.36,18317.6,24308.2,0.6167,1.0297,0.65,75.674,75.86,2.3887,0.9817,1.0379,0.1513,0.2269,29703.2,29702.8,17788.9,392677.0,392671.0,2.994,14.89,12.19,0.0000,-0.35265436065285377,1,15,56,2000-07-06
000990.SZ,2014-07-22,13.29,13.57,13.63,13.11,13.22,0.35,2.65,19032.6,25476.4,0.6408,1.0699,0.94,77.6775,77.8684,2.4519,1.0077,1.0653,0.1474,0.2211,29703.2,29702.8,17788.9,403073.0,403067.0,2.994,14.54,11.9,0.0000,0.011854270024301299,1,15,56,2000-07-06
000990.SZ,2014-07-23,13.48,13.2,13.56,13.12,13.57,-0.37,-2.73,13269.9,17587.3,0.4468,0.746,0.69,75.5595,75.7452,2.3851,0.9802,1.0363,0.1515,0.2273,29703.2,29702.8,17788.9,392083.0,392077.0,2.994,14.93,12.21,0.0000,-0.23038771557959062,1,15,56,2000-07-06
000990.SZ,2014-07-24,13.17,13.37,13.43,13.13,13.2,0.17,1.29,16412.1,21879.2,0.5525,0.9226,0.89,76.5327,76.7207,2.4158,0.9928,1.0496,0.1496,0.2244,29703.2,29702.8,17788.9,397132.0,397127.0,2.994,14.52,11.88,0.0000,0.05275296400330667,1,15,56,2000-07-06
000990.SZ,2014-07-25,13.33,14.02,14.12,13.21,13.37,0.65,4.86,41636.0,57923.6,1.4018,2.3406,2.28,80.2534,80.4506,2.5332,1.0411,1.1007,0.1427,0.214,29703.2,29702.8,17788.9,416439.0,416434.0,2.994,14.71,12.03,0.0000,0.10433294593482328,1,15,56,2000-07-06
000990.SZ,2014-07-28,13.93,13.95,14.3,13.65,14.02,-0.07,-0.5,29188.3,40891.6,0.9827,1.6408,1.34,79.8527,80.0489,2.5206,1.0359,1.0952,0.1434,0.2151,29703.2,29702.8,17788.9,414360.0,414355.0,2.994,15.42,12.62,0.0000,0.14686470177824562,1,15,56,2000-07-06
000990.SZ,2014-07-29,13.98,14.15,14.39,13.85,13.95,0.2,1.43,21797.9,30908.9,0.7339,1.2254,0.91,80.9975,81.1966,2.5567,1.0508,1.1109,0.1413,0.212,29703.2,29702.8,17788.9,420301.0,420295.0,2.994,15.35,12.56,0.0000,0.014002644260873127,1,15,56,2000-07-06
000990.SZ,2014-07-30,14.0,13.99,14.19,13.8,14.15,-0.16,-1.13,21043.2,29412.8,0.7085,1.1829,0.86,80.0817,89.1016,2.5168,1.0389,1.1117,0.143,0.2144,29703.2,29702.8,17788.9,415548.0,415543.0,2.994,15.57,12.74,0.0000,-0.2367869433382422,1,15,56,2000-07-06
000990.SZ,2014-07-31,13.92,13.99,14.19,13.8,13.99,0.0,0.0,13382.3,18629.6,0.4505,0.7523,0.51,80.0817,89.1016,2.5168,1.0389,1.1117,0.143,0.2144,29703.2,29702.8,17788.9,415548.0,415543.0,2.994,15.39,12.59,0.0000,-0.17714980999017044,1,15,56,2000-07-06
000990.SZ,2014-08-01,13.98,13.99,14.13,13.82,13.99,0.0,0.0,11436.3,15985.8,0.385,0.6429,0.45,80.0817,89.1016,2.5168,1.0389,1.1117,0.143,0.2144,29703.2,29702.8,17788.9,415548.0,415543.0,2.994,15.39,12.59,0.0000,-0.0702092209956581,1,15,56,2000-07-06
000990.SZ,2014-08-04,13.99,14.2,14.6,13.88,13.99,0.21,1.5,18393.9,26256.1,0.6193,1.034,0.95,81.2838,90.4391,2.5546,1.0545,1.1284,0.1408,0.2113,29703.2,29702.8,17788.9,421786.0,421780.0,2.994,15.39,12.59,0.0000,-0.0373135259363795,1,15,56,2000-07-06
000990.SZ,2014-08-05,14.18,13.75,14.23,13.7,14.2,-0.45,-3.17,34290.9,47433.9,1.1545,1.9277,1.99,78.7079,87.5731,2.4737,1.0211,1.0926,0.1455,0.2182,29703.2,29702.8,17788.9,408420.0,408414.0,2.994,15.62,12.78,0.0000,-0.31936650682547896,1,15,56,2000-07-06
000990.SZ,2014-08-06,13.75,14.25,14.3,13.74,13.75,0.5,3.64,29403.2,41390.4,0.9899,1.6529,1.49,81.57,90.7575,2.5636,1.0582,1.1324,0.1404,0.2105,29703.2,29702.8,17788.9,423271.0,423265.0,2.994,15.13,12.38,0.0000,0.19742488234239877,1,15,56,2000-07-06
000990.SZ,2014-08-07,14.25,14.18,14.35,14.03,14.25,-0.07,-0.49,12660.0,17961.8,0.4262,0.7117,0.59,81.1693,90.3117,2.551,1.053,1.1268,0.141,0.2116,29703.2,29702.8,17788.9,421192.0,421186.0,2.994,15.68,12.83,0.0000,-0.20349050777067587,1,15,56,2000-07-06
000990.SZ,2014-08-08,14.1,13.97,14.22,13.9,14.18,-0.21,-1.48,13273.3,18610.3,0.4469,0.7462,0.63,79.9672,88.9742,2.5132,1.0374,1.1101,0.1432,0.2147,29703.2,29702.8,17788.9,414954.0,414949.0,2.994,15.6,12.76,0.0000,-0.28939671384427396,1,15,56,2000-07-06
000990.SZ,2014-08-11,13.97,14.0,14.26,13.83,13.97,0.03,0.21,17956.9,25221.7,0.6046,1.0094,0.83,80.1389,89.1653,2.5186,1.0396,1.1125,0.1429,0.2143,29703.2,29702.8,17788.9,415845.0,415840.0,2.994,15.37,12.57,0.0000,0.03293851241427277,1,15,56,2000-07-06
000990.SZ,2014-08-12,13.95,14.0,14.0,13.75,14.0,0.0,0.0,18955.9,26285.6,0.6382,1.0656,0.88,80.1389,89.1653,2.5186,1.0396,1.1125,0.1429,0.2143,29703.2,29702.8,17788.9,415845.0,415840.0,2.994,15.4,12.6,0.0000,-0.22819753443262233,1,15,56,2000-07-06
000990.SZ,2014-08-13,13.96,13.92,14.04,13.78,14.0,-0.08,-0.57,10106.8,14019.3,0.3403,0.5682,0.55,79.681,88.6558,2.5042,1.0337,1.1062,0.1437,0.2155,29703.2,29702.8,17788.9,413469.0,413463.0,2.994,15.4,12.6,0.0000,-0.11227007128944849,1,15,56,2000-07-06
000990.SZ,2014-08-14,13.96,13.78,14.05,13.78,13.92,-0.14,-1.01,12138.7,16850.4,0.4087,0.6824,0.83,78.8796,87.7641,2.479,1.0233,1.095,0.1451,0.2177,29703.2,29702.8,17788.9,409311.0,409305.0,2.994,15.31,12.53,0.0000,-0.4755465836155757,1,15,56,2000-07-06
000990.SZ,2014-08-15,13.7,13.86,13.92,13.69,13.78,0.08,0.58,11642.1,16087.3,0.392,0.6545,0.8,79.3375,88.2736,2.4934,1.0292,1.1014,0.1443,0.2165,29703.2,29702.8,17788.9,411687.0,411681.0,2.994,15.16,12.4,0.0000,-0.01796035563953821,1,15,56,2000-07-06
000990.SZ,2014-08-18,13.8,14.12,14.17,13.71,13.86,0.26,1.88,22040.5,30887.4,0.742,1.239,1.56,80.8258,89.9296,2.5402,1.0485,1.1221,0.1416,0.2125,29703.2,29702.8,17788.9,419410.0,419404.0,2.994,15.25,12.47,0.0000,0.06001675730592664,1,15,56,2000-07-06
000990.SZ,2014-08-19,14.11,14.14,14.21,13.93,14.12,0.02,0.14,15790.1,22186.4,0.5316,0.8876,1.05,80.9403,90.0569,2.5438,1.05,1.1236,0.1414,0.2122,29703.2,29702.8,17788.9,420004.0,419998.0,2.994,15.53,12.71,0.0000,-0.022675600230466282,1,15,56,2000-07-06
000990.SZ,2014-08-20,14.08,14.17,14.27,14.0,14.14,0.03,0.21,9916.42,13995.4,0.3339,0.5575,0.69,81.112,90.248,2.5492,1.0523,1.126,0.1411,0.2117,29703.2,29702.8,17788.9,420895.0,420889.0,2.994,15.55,12.73,0.0000,0.09259527240149162,1,15,56,2000-07-06
000990.SZ,2014-08-21,14.23,14.53,14.57,14.12,14.17,0.36,2.54,25106.6,35956.3,0.8453,1.4114,1.76,83.1727,92.5408,2.614,1.079,1.1546,0.1376,0.2065,29703.2,29702.8,17788.9,431588.0,431582.0,2.994,15.59,12.75,0.0000,0.2530749310731216,1,15,56,2000-07-06
000990.SZ,2014-08-22,14.5,14.56,14.63,14.35,14.53,0.03,0.21,17195.0,24964.1,0.5789,0.9666,1.02,83.3445,92.7319,2.6194,1.0812,1.157,0.1374,0.206,29703.2,29702.8,17788.9,432479.0,432473.0,2.994,15.98,13.08,0.0000,-0.03303158426278671,1,15,56,2000-07-06
000990.SZ,2014-08-25,14.45,14.87,15.14,14.2,14.56,0.31,2.13,26576.3,39140.9,0.8947,1.494,1.48,85.119,94.7063,2.6751,1.1042,1.1817,0.1345,0.2017,29703.2,29702.8,17788.9,441687.0,441681.0,2.994,16.02,13.1,0.0000,-0.03562935858003057,1,15,56,2000-07-06
000990.SZ,2014-08-26,14.77,14.4,14.95,14.28,14.87,-0.47,-3.16,22377.6,32481.3,0.7534,1.258,1.18,82.4286,91.7129,2.5906,1.0693,1.1443,0.1389,0.2083,29703.2,29702.8,17788.9,427727.0,427721.0,2.994,16.36,13.38,0.0000,-0.13958173750937622,1,15,56,2000-07-06
000990.SZ,2014-08-27,14.4,14.61,14.88,14.2,14.4,0.21,1.46,18915.0,27807.9,0.6368,1.0633,0.93,83.6307,93.0504,2.6284,1.0849,1.161,0.1369,0.2053,29703.2,29702.8,17788.9,433964.0,433958.0,2.994,15.84,12.96,0.0000,0.25685914264988297,1,15,56,2000-07-06
000990.SZ,2014-08-28,14.54,14.11,14.73,14.0,14.61,-0.5,-3.42,16730.2,24115.3,0.5633,0.9405,0.76,80.7686,89.8659,2.5384,1.0478,1.1213,0.1417,0.2126,29703.2,29702.8,17788.9,419113.0,419107.0,2.994,16.07,13.15,0.0000,-0.15499258789833614,1,15,56,2000-07-06
000990.SZ,2014-08-29,14.57,14.4,14.57,14.19,14.11,0.29,2.06,11501.0,16486.4,0.3872,0.6465,0.56,82.4286,91.7129,2.5906,1.0693,1.1443,0.1389,0.2083,29703.2,29702.8,17788.9,427727.0,427721.0,2.994,15.52,12.7,0.0000,-0.015554967628092374,1,15,56,2000-07-06
000990.SZ,2014-09-01,14.4,14.63,14.7,14.01,14.4,0.23,1.6,19030.2,27437.1,0.6407,1.0698,0.99,83.7452,93.1777,2.632,1.0864,1.1626,0.1367,0.2051,29703.2,29702.8,17788.9,434558.0,434552.0,2.994,15.84,12.96,0.0000,0.04320884911844192,1,15,56,2000-07-06
000990.SZ,2014-09-02,14.65,14.83,15.0,14.49,14.63,0.2,1.37,19774.4,29267.0,0.6657,1.1116,1.12,84.89,94.4515,2.6679,1.1013,1.1785,0.1349,0.2023,29703.2,29702.8,17788.9,440499.0,440493.0,2.994,16.09,13.17,0.0000,0.15563462038960063,1,15,56,2000-07-06
000990.SZ,2014-09-03,15.0,14.98,15.16,14.66,14.83,0.15,1.01,21506.9,32079.0,0.7241,1.209,1.25,85.7486,95.4069,2.6949,1.1124,1.1904,0.1335,0.2003,29703.2,29702.8,17788.9,444955.0,444948.0,2.994,16.31,13.35,0.0000,0.06879093245469899,1,15,56,2000-07-06
000990.SZ,2014-09-04,14.96,15.95,16.3,14.95,14.98,0.97,6.48,51790.5,81899.4,1.7436,2.9114,2.92,91.3011,101.585,2.8694,1.1844,1.2675,0.1254,0.1881,29703.2,29702.8,17788.9,473767.0,473760.0,2.994,16.48,13.48,0.0000,0.21865302120801117,1,15,56,2000-07-06
000990.SZ,2014-09-05,15.95,15.97,16.02,15.73,15.95,0.02,0.13,25627.1,40661.8,0.8628,1.4406,1.04,91.4156,101.712,2.873,1.1859,1.2691,0.1252,0.1879,29703.2,29702.8,17788.9,474361.0,474354.0,2.994,17.55,14.36,0.0000,-0.15282109633312654,1,15,56,2000-07-06
000990.SZ,2014-09-09,16.0,16.03,16.43,16.0,15.97,0.06,0.38,38773.4,63001.3,1.3054,2.1796,1.41,91.7591,102.094,2.8838,1.1904,1.2738,0.1248,0.1871,29703.2,29702.8,17788.9,476143.0,476136.0,2.994,17.57,14.37,0.0000,0.006872235838923658,1,15,56,2000-07-06
000990.SZ,2014-09-10,16.03,15.82,16.08,15.7,16.03,-0.21,-1.31,21897.2,34615.5,0.7372,1.2309,0.7,90.557,100.757,2.846,1.1748,1.2571,0.1264,0.1896,29703.2,29702.8,17788.9,469905.0,469899.0,2.994,17.63,14.43,0.0000,-0.2478249341132562,1,15,56,2000-07-06
000990.SZ,2014-09-11,15.8,15.85,16.01,15.73,15.82,0.03,0.19,17331.2,27435.0,0.5835,0.9743,0.54,90.7287,100.948,2.8514,1.177,1.2595,0.1262,0.1893,29703.2,29702.8,17788.9,470796.0,470790.0,2.994,17.4,14.24,0.0000,-0.032571170959521355,1,15,56,2000-07-06
000990.SZ,2014-09-12,15.85,15.85,15.92,15.7,15.85,0.0,0.0,13910.4,21980.7,0.4683,0.782,0.45,90.7287,100.948,2.8514,1.177,1.2595,0.1262,0.1893,29703.2,29702.8,17788.9,470796.0,470790.0,2.994,17.44,14.27,0.0000,-0.22609442375320926,1,15,56,2000-07-06
000990.SZ,2014-09-15,15.85,16.02,16.2,15.73,15.85,0.17,1.07,14526.5,23170.7,0.4891,0.8166,0.62,91.7018,102.031,2.882,1.1896,1.273,0.1248,0.1873,29703.2,29702.8,17788.9,475846.0,475839.0,2.994,17.44,14.27,0.0000,-0.10044321417299991,1,15,56,2000-07-06
000990.SZ,2014-09-16,16.02,15.57,16.2,15.5,16.02,-0.45,-2.81,17599.7,27906.9,0.5925,0.9894,0.83,89.1259,99.1645,2.8011,1.1562,1.2373,0.1285,0.1927,29703.2,29702.8,17788.9,462479.0,462473.0,2.994,17.62,14.42,0.0000,-0.4242247856226247,1,15,56,2000-07-06
000990.SZ,2014-09-17,15.8,15.7,16.1,15.5,15.57,0.13,0.83,24333.1,38372.4,0.8192,1.3679,1.43,89.8701,99.9925,2.8245,1.1659,1.2476,0.1274,0.1911,29703.2,29702.8,17788.9,466341.0,466334.0,2.994,17.13,14.01,0.0000,0.07802894620497522,1,15,56,2000-07-06
000990.SZ,2014-09-18,15.63,15.79,15.95,15.63,15.7,0.09,0.57,13365.3,21097.3,0.45,0.7513,0.76,90.3852,100.566,2.8406,1.1726,1.2548,0.1267,0.19,29703.2,29702.8,17788.9,469014.0,469008.0,2.994,17.27,14.13,0.0000,0.06785080003051154,1,15,56,2000-07-06
000990.SZ,2014-09-19,15.86,16.31,16.35,15.71,15.79,0.52,3.29,24232.7,39201.1,0.8158,1.3622,1.45,93.3618,103.878,2.9342,1.2112,1.2961,0.1226,0.1839,29703.2,29702.8,17788.9,484460.0,484453.0,2.994,17.37,14.21,0.0000,0.2803074750417279,1,15,56,2000-07-06
000990.SZ,2014-09-22,16.25,16.63,16.94,16.25,16.31,0.32,1.96,28056.5,46941.1,0.9446,1.5772,1.49,95.1936,105.916,2.9918,1.2349,1.3215,0.1203,0.1804,29703.2,29702.8,17788.9,493965.0,493958.0,2.994,17.94,14.68,0.0000,0.09291894192459807,1,15,56,2000-07-06
000990.SZ,2014-09-23,16.73,16.8,17.13,16.56,16.63,0.17,1.02,27000.6,45533.9,0.909,1.5178,1.25,96.1667,106.998,3.0224,1.2476,1.335,0.119,0.1786,29703.2,29702.8,17788.9,499014.0,499008.0,2.994,18.29,14.97,0.0000,-0.05074688645224617,1,15,56,2000-07-06
000990.SZ,2014-09-24,16.83,16.8,16.91,16.66,16.8,0.0,0.0,12210.1,20480.1,0.4111,0.6864,0.52,96.1667,106.998,3.0224,1.2476,1.335,0.119,0.1786,29703.2,29702.8,17788.9,499014.0,499008.0,2.994,18.48,15.12,0.0000,-0.27659824399141697,1,15,56,2000-07-06
000990.SZ,2014-09-25,16.88,17.52,17.78,16.83,16.8,0.72,4.29,29627.2,51906.8,0.9975,1.6655,1.41,100.288,111.584,3.1519,1.301,1.3922,0.1142,0.1712,29703.2,29702.8,17788.9,520401.0,520394.0,2.994,18.48,15.12,0.0000,0.06693862904131823,1,15,56,2000-07-06
000990.SZ,2014-09-26,17.3,18.45,18.8,16.88,17.52,0.93,5.31,52583.6,94027.6,1.7703,2.956,2.17,105.612,117.507,3.3192,1.3701,1.4661,0.0831,0.1246,29703.2,29702.8,17788.9,548025.0,548017.0,2.994,19.27,15.77,0.0000,0.19763509781096836,1,15,56,2000-07-06
000990.SZ,2014-09-29,18.48,20.3,20.3,18.48,18.45,1.85,10.03,97141.5,193451.0,3.2704,5.4608,3.25,151.665,168.748,3.4876,1.9675,2.1055,0.0755,0.1132,38768.4,29702.8,17788.9,786998.0,602968.0,2.994,20.3,16.61,0.0000,0.14221472257193485,1,15,56,2000-07-06
000990.SZ,2014-09-30,21.7,20.5,21.7,20.23,20.3,0.2,0.99,89004.7,185276.0,2.9965,5.0034,2.04,153.159,170.41,3.522,1.9869,2.1262,0.0747,0.1121,38768.4,29702.8,17788.9,794752.0,608908.0,2.994,22.33,18.27,0.0000,-0.11900787275596601,1,15,56,2000-07-06
000990.SZ,2014-10-08,20.7,20.19,20.74,19.76,20.5,-0.31,-1.51,48710.9,98084.3,1.6399,2.7383,0.87,150.843,167.833,3.4687,1.9569,2.0941,0.0759,0.1138,38768.4,29702.8,17788.9,782733.0,599700.0,2.994,22.55,18.45,0.0000,-0.17404166906191829,1,15,56,2000-07-06
000990.SZ,2014-10-09,20.3,20.85,20.88,20.03,20.19,0.66,3.27,54564.1,111611.0,1.837,3.0673,0.86,155.774,173.32,3.5821,2.0208,2.1625,0.0735,0.1102,38768.4,29702.8,17788.9,808320.0,619304.0,2.994,22.21,18.17,0.0000,0.04460815688814302,1,15,56,2000-07-06
000990.SZ,2014-10-10,20.68,20.02,20.79,19.79,20.85,-0.83,-3.98,53845.7,109260.0,1.8128,3.0269,0.79,149.573,166.42,3.4395,1.9404,2.0764,0.0765,0.1148,38768.4,29702.8,17788.9,776143.0,594651.0,2.994,22.94,18.77,0.0000,-0.11296533827059625,1,15,56,2000-07-06
000990.SZ,2014-10-13,19.81,19.64,19.85,19.31,20.02,-0.38,-1.9,36453.8,71373.3,1.2273,2.0492,0.53,146.734,163.261,3.3743,1.9036,2.037,0.078,0.117,38768.4,29702.8,17788.9,761411.0,583364.0,2.994,22.02,18.02,0.0000,-0.05453900654159026,1,15,56,2000-07-06
000990.SZ,2014-10-14,19.64,19.7,19.95,19.45,19.64,0.06,0.31,20433.2,40256.0,0.6879,1.1487,0.36,147.182,163.76,3.3846,1.9094,2.0432,0.0778,0.1167,38768.4,29702.8,17788.9,763737.0,585146.0,2.994,21.6,17.68,0.0000,-0.3508742918569073,1,15,56,2000-07-06
000990.SZ,2014-10-15,19.77,19.3,19.85,19.25,19.7,-0.4,-2.03,26198.4,51073.7,0.882,1.4727,0.61,144.194,160.435,3.3158,1.8706,2.0017,0.0794,0.1191,38768.4,29702.8,17788.9,748229.0,573265.0,2.994,21.67,17.73,0.0000,-0.2693399732423362,1,15,56,2000-07-06
000990.SZ,2014-10-16,19.29,18.3,19.29,18.3,19.3,-1.0,-5.18,58120.4,108084.0,1.9567,3.2672,1.52,136.723,152.122,3.144,1.7737,1.898,0.0837,0.1256,38768.4,29702.8,17788.9,709461.0,543562.0,2.994,21.23,17.37,0.0000,-0.1772462144621546,1,15,56,2000-07-06
000990.SZ,2014-10-17,18.43,17.7,18.48,17.58,18.3,-0.6,-3.28,40105.9,71695.8,1.3502,2.2546,1.03,132.24,147.135,3.041,1.7155,1.8358,0.0866,0.1299,38768.4,29702.8,17788.9,686200.0,525740.0,2.994,20.13,16.47,0.0000,-0.32001921783985027,1,15,56,2000-07-06
000990.SZ,2014-10-20,17.7,18.43,18.68,17.62,17.7,0.73,4.12,43824.0,80313.8,1.4754,2.4636,1.21,137.694,153.203,3.1664,1.7863,1.9115,0.0831,0.1247,38768.4,29702.8,17788.9,714501.0,547423.0,2.994,19.47,15.93,0.0000,0.1357389218208438,1,15,56,2000-07-06
000990.SZ,2014-10-21,18.5,18.37,18.85,18.3,18.43,-0.06,-0.33,21112.6,39191.2,0.7108,1.1868,0.56,137.245,152.704,3.1561,1.7805,1.9053,0.0834,0.1251,38768.4,29702.8,17788.9,712175.0,545641.0,2.994,20.27,16.59,0.0000,-0.04973750805710457,1,15,56,2000-07-06
000990.SZ,2014-10-22,18.27,17.87,18.53,17.7,18.37,-0.5,-2.72,14998.2,26993.1,0.5049,0.8431,0.4,133.51,148.548,3.0702,1.732,1.8534,0.0857,0.1286,38768.4,29702.8,17788.9,692791.0,530790.0,2.994,20.21,16.53,0.0000,-0.33183947792641355,1,15,56,2000-07-06
000990.SZ,2014-10-23,17.7,17.0,17.93,16.8,17.87,-0.87,-4.87,29835.9,51384.5,1.0045,1.6772,0.84,127.01,141.316,2.9207,1.6477,1.7632,0.0901,0.1352,38768.4,29702.8,17788.9,659062.0,504948.0,2.994,19.66,16.08,0.0000,-0.20786427679275268,1,15,56,2000-07-06
000990.SZ,2014-10-24,17.23,17.19,17.43,17.0,17.0,0.19,1.12,15139.2,25934.0,0.5097,0.8511,0.51,128.43,142.895,2.9533,1.6661,1.7829,0.0891,0.1337,38768.4,29702.8,17788.9,666428.0,510592.0,2.994,18.7,15.3,0.0000,-0.2508914970440259,1,15,56,2000-07-06
000990.SZ,2014-10-27,17.19,17.29,17.35,17.0,17.19,0.1,0.58,13786.6,23763.1,0.4641,0.775,0.55,129.177,168.111,2.9555,1.6758,1.7016,0.0886,0.1329,38768.4,29702.8,17788.9,670305.0,513562.0,2.994,18.91,15.47,0.0000,-0.11319662570591306,1,15,56,2000-07-06
000990.SZ,2014-10-28,17.34,17.98,18.08,17.3,17.29,0.69,3.99,19377.4,34478.6,0.6524,1.0893,1.02,134.332,174.82,3.0735,1.7427,1.7695,0.0852,0.1278,38768.4,29702.8,17788.9,697055.0,534057.0,2.994,19.02,15.56,0.0000,0.12416803543349678,1,15,56,2000-07-06
000990.SZ,2014-10-29,18.24,17.99,18.28,17.93,17.98,0.01,0.06,22939.6,41499.6,0.7723,1.2895,1.23,134.406,174.917,3.0752,1.7436,1.7705,0.0852,0.1278,38768.4,29702.8,17788.9,697443.0,534354.0,2.994,19.78,16.18,0.0000,-0.15401334966745794,1,15,56,2000-07-06
000990.SZ,2014-10-30,18.1,17.61,18.1,17.55,17.99,-0.38,-2.11,28862.0,51190.0,0.9717,1.6225,1.43,131.567,171.223,3.0102,1.7068,1.7331,0.087,0.1305,38768.4,29702.8,17788.9,682711.0,523067.0,2.994,19.79,16.19,0.0000,-0.4289150511710639,1,15,56,2000-07-06
000990.SZ,2014-10-31,17.58,17.21,17.62,17.0,17.61,-0.4,-2.27,31049.8,53497.6,1.0453,1.7455,1.55,128.579,167.333,2.9418,1.668,1.6937,0.089,0.1336,38768.4,29702.8,17788.9,667204.0,511186.0,2.994,19.37,15.85,0.0000,-0.16212876070118726,1,15,56,2000-07-06
000990.SZ,2014-11-03,17.55,17.95,17.98,17.18,17.21,0.74,4.3,25960.2,45503.5,0.874,1.4593,1.12,134.108,174.528,3.0683,1.7398,1.7666,0.0854,0.1281,38768.4,29702.8,17788.9,695892.0,533166.0,2.994,18.93,15.49,0.0000,-0.06928128188133106,1,15,56,2000-07-06
000990.SZ,2014-11-04,17.8,18.25,18.26,17.68,17.95,0.3,1.67,32735.3,58893.2,1.1021,1.8402,1.28,136.349,177.445,3.1196,1.7688,1.7961,0.084,0.1259,38768.4,29702.8,17788.9,707523.0,542077.0,2.994,19.75,16.16,0.0000,0.1436247963517521,1,15,56,2000-07-06
000990.SZ,2014-11-05,18.28,18.19,18.28,17.8,18.25,-0.06,-0.33,18829.1,33887.2,0.6339,1.0585,0.67,135.901,176.862,3.1094,1.763,1.7902,0.0842,0.1264,38768.4,29702.8,17788.9,705197.0,540295.0,2.994,20.08,16.43,0.0000,0.022520198032095613,1,15,56,2000-07-06
000990.SZ,2014-11-06,18.15,18.47,18.47,17.95,18.19,0.28,1.54,16603.0,30200.6,0.559,0.9333,0.6,137.993,179.584,3.1572,1.7902,1.8177,0.083,0.1244,38768.4,29702.8,17788.9,716052.0,548611.0,2.994,20.01,16.37,0.0000,0.047785036261986415,1,15,56,2000-07-06
000990.SZ,2014-11-07,18.53,18.54,18.95,18.33,18.47,0.07,0.38,33129.4,62083.0,1.1154,1.8624,1.32,138.516,180.265,3.1692,1.7969,1.8246,0.0827,0.124,38768.4,29702.8,17788.9,718766.0,550691.0,2.994,20.32,16.62,0.0000,0.11593048044363272,1,15,56,2000-07-06
000990.SZ,2014-11-10,18.66,18.81,18.83,18.31,18.54,0.27,1.46,18495.0,34407.2,0.6227,1.0397,0.73,140.533,182.89,3.2153,1.8231,1.8512,0.0815,0.1222,38768.4,29702.8,17788.9,729233.0,558710.0,2.994,20.39,16.69,0.0000,0.05545668591651168,1,15,56,2000-07-06
000990.SZ,2014-11-11,18.82,17.55,18.98,17.5,18.81,-1.26,-6.7,29084.1,52808.6,0.9792,1.635,1.21,131.119,170.639,3.0,1.701,1.7272,0.0873,0.131,38768.4,29702.8,17788.9,680385.0,521285.0,2.994,20.69,16.93,0.0000,-0.10305629303083817,1,15,56,2000-07-06
000990.SZ,2014-11-12,17.55,17.62,17.87,17.5,17.55,0.07,0.4,12836.8,22758.8,0.4322,0.7216,0.55,131.642,171.32,3.0119,1.7078,1.7341,0.087,0.1304,38768.4,29702.8,17788.9,683099.0,523364.0,2.994,19.31,15.8,0.0000,-0.007249498985156634,1,15,56,2000-07-06
000990.SZ,2014-11-13,17.62,17.45,17.84,17.15,17.62,-0.17,-0.96,12691.3,22094.5,0.4273,0.7134,0.58,130.372,169.667,2.9829,1.6913,1.7174,0.0878,0.1317,38768.4,29702.8,17788.9,676508.0,518314.0,2.994,19.38,15.86,0.0000,-0.1864529895592517,1,15,56,2000-07-06
000990.SZ,2014-11-14,17.43,17.45,17.45,17.13,17.45,0.0,0.0,7381.12,12739.2,0.2485,0.4149,0.35,130.372,169.667,2.9829,1.6913,1.7174,0.0878,0.1317,38768.4,29702.8,17788.9,676508.0,518314.0,2.994,19.2,15.71,0.0000,-0.1560387000063388,1,15,56,2000-07-06
000990.SZ,2014-11-17,17.5,17.54,17.67,17.15,17.45,0.09,0.52,12283.9,21384.5,0.4136,0.6905,0.76,131.044,170.542,2.9983,1.7,1.7262,0.0874,0.131,38768.4,29702.8,17788.9,679997.0,520988.0,2.994,19.2,15.71,0.0000,-0.18346623560255565,1,15,56,2000-07-06
000990.SZ,2014-11-18,17.6,17.68,17.68,17.28,17.54,0.14,0.8,9166.92,16004.1,0.3086,0.5153,0.62,132.09,171.903,3.0222,1.7136,1.74,0.0867,0.13,38768.4,29702.8,17788.9,685425.0,525146.0,2.994,19.29,15.79,0.0000,-0.31421419107169485,1,15,56,2000-07-06
000990.SZ,2014-11-19,17.68,18.71,18.81,17.33,17.68,1.03,5.83,30612.6,56597.7,1.0306,1.7209,2.82,139.786,181.918,3.1983,1.8134,1.8414,0.0819,0.1228,38768.4,29702.8,17788.9,725356.0,555740.0,2.994,19.45,15.91,0.0000,0.17299155177129463,1,15,56,2000-07-06
000990.SZ,2014-11-20,18.52,18.85,18.99,18.45,18.71,0.14,0.75,22741.3,42630.2,0.7656,1.2784,1.58,140.832,183.279,3.2222,1.827,1.8551,0.0813,0.1219,38768.4,29702.8,17788.9,730784.0,559898.0,2.994,20.58,16.84,0.0000,0.11046079281605034,1,15,56,2000-07-06
000990.SZ,2014-11-21,18.75,18.79,18.95,18.66,18.85,-0.06,-0.32,10084.8,18929.5,0.3395,0.5669,0.61,140.383,182.696,3.2119,1.8212,1.8492,0.0816,0.1223,38768.4,29702.8,17788.9,728458.0,558116.0,2.994,20.74,16.97,0.0000,-0.248960706367472,1,15,56,2000-07-06
000990.SZ,2014-11-24,18.87,18.55,18.99,18.27,18.79,-0.24,-1.28,18910.5,35030.0,0.6367,1.0631,1.11,138.59,180.362,3.1709,1.7979,1.8256,0.0826,0.1239,38768.4,29702.8,17788.9,719153.0,550988.0,2.994,20.67,16.91,0.0000,-0.23527261060865065,1,15,56,2000-07-06
000990.SZ,2014-11-25,18.57,19.06,19.19,18.4,18.55,0.51,2.75,23050.3,43220.1,0.776,1.2958,1.26,142.401,185.321,3.2581,1.8473,1.8758,0.0804,0.1206,38768.4,29702.8,17788.9,738925.0,566136.0,2.994,20.41,16.7,0.0000,0.04293321133785241,1,15,56,2000-07-06
000990.SZ,2014-11-26,19.09,18.92,19.09,18.75,19.06,-0.14,-0.73,12720.1,24018.7,0.4282,0.7151,0.6,141.355,183.96,3.2342,1.8338,1.862,0.081,0.1215,38768.4,29702.8,17788.9,733497.0,561978.0,2.994,20.97,17.15,0.0000,-0.02802887703436896,1,15,56,2000-07-06
000990.SZ,2014-11-27,18.98,19.0,19.14,18.8,18.92,0.08,0.42,16167.1,30720.8,0.5443,0.9088,0.92,141.952,184.738,3.2478,1.8415,1.8699,0.0806,0.121,38768.4,29702.8,17788.9,736599.0,564354.0,2.994,20.81,17.03,0.0000,0.04799104804936833,1,15,56,2000-07-06
000990.SZ,2014-11-28,19.1,19.05,19.67,18.95,19.0,0.05,0.26,26492.4,50986.3,0.8919,1.4893,1.64,142.326,185.224,3.2564,1.8464,1.8748,0.0804,0.1207,38768.4,29702.8,17788.9,738537.0,565839.0,2.994,20.9,17.1,0.0000,-0.29201547894812724,1,15,56,2000-07-06
000990.SZ,2014-12-01,19.06,18.47,19.06,18.14,19.05,-0.58,-3.04,21870.6,40197.8,0.7363,1.2295,1.12,137.993,179.584,3.1572,1.7902,1.8177,0.083,0.1244,38768.4,29702.8,17788.9,716052.0,548611.0,2.994,20.96,17.15,0.0000,-0.3980410679941192,1,15,56,2000-07-06
000990.SZ,2014-12-02,18.4,18.26,18.58,18.17,18.47,-0.21,-1.14,13833.3,25303.0,0.4657,0.7776,0.69,136.424,177.542,3.1213,1.7698,1.7971,0.0839,0.1259,38768.4,29702.8,17788.9,707910.0,542374.0,2.994,20.32,16.62,0.0000,-0.1967777770265493,1,15,56,2000-07-06
000990.SZ,2014-12-03,18.27,18.05,18.27,17.66,18.26,-0.21,-1.15,25983.9,46500.6,0.8748,1.4607,1.43,134.855,175.501,3.0854,1.7495,1.7764,0.0849,0.1273,38768.4,29702.8,17788.9,699769.0,536136.0,2.994,20.09,16.43,0.0000,-0.4034486651470718,1,15,56,2000-07-06
000990.SZ,2014-12-04,18.0,18.09,18.52,17.89,18.05,0.04,0.22,23947.1,43556.9,0.8062,1.3462,1.15,135.154,175.89,3.0923,1.7533,1.7803,0.0847,0.1271,38768.4,29702.8,17788.9,701320.0,537324.0,2.994,19.86,16.25,0.0000,-0.27806038264069216,1,15,56,2000-07-06
000990.SZ,2014-12-05,18.1,16.74,18.1,16.28,18.09,-1.35,-7.46,59371.6,100605.0,1.9989,3.3376,2.65,125.067,162.764,2.8615,1.6225,1.6475,0.0915,0.1373,38768.4,29702.8,17788.9,648982.0,497225.0,2.994,19.9,16.28,0.0000,-0.28335041691099744,1,15,56,2000-07-06
000990.SZ,2014-12-08,16.74,16.0,16.82,15.98,16.74,-0.74,-4.42,46248.3,75622.3,1.557,2.5998,1.59,119.539,155.568,2.735,1.5508,1.5747,0.0958,0.1437,38768.4,29702.8,17788.9,620294.0,475245.0,2.994,18.41,15.07,0.0000,-0.3177795261176368,1,15,56,2000-07-06
000990.SZ,2014-12-09,16.0,15.08,16.0,14.94,16.0,-0.92,-5.75,60648.7,93098.9,2.0418,3.4094,1.79,112.665,146.623,2.5777,1.4616,1.4841,0.1016,0.1524,38768.4,29702.8,17788.9,584627.0,447919.0,2.994,17.6,14.4,0.0000,-0.36198540570971105,1,15,56,2000-07-06
000990.SZ,2014-12-10,15.08,15.7,15.74,15.0,15.08,0.62,4.11,27872.5,43155.3,0.9384,1.5668,0.64,117.298,152.652,2.6837,1.5217,1.5451,0.0976,0.1464,38768.4,29702.8,17788.9,608663.0,466334.0,2.994,16.59,13.57,0.0000,0.08702931268305848,1,15,56,2000-07-06
000990.SZ,2014-12-11,16.04,16.73,16.88,15.8,15.7,1.03,6.56,41279.4,67444.5,1.3897,2.3205,0.95,124.993,162.666,2.8598,1.6215,1.6465,0.0916,0.1374,38768.4,29702.8,17788.9,648595.0,496928.0,2.994,17.27,14.13,0.0000,0.11259084061855265,1,15,56,2000-07-06
000990.SZ,2014-12-12,16.82,17.7,17.7,16.52,16.73,0.97,5.8,47780.1,82360.0,1.6086,2.686,1.01,132.24,172.098,3.0256,1.7155,1.742,0.0866,0.1299,38768.4,29702.8,17788.9,686200.0,525740.0,2.994,18.4,15.06,0.0000,0.3074910065506867,1,15,56,2000-07-06
000990.SZ,2014-12-15,17.6,18.15,18.3,16.9,17.7,0.45,2.54,35236.7,63176.3,1.1863,1.9808,0.79,135.602,176.473,3.1025,1.7591,1.7862,0.0844,0.1266,38768.4,29702.8,17788.9,703646.0,539106.0,2.994,19.47,15.93,0.0000,0.14126788105349208,1,15,56,2000-07-06
000990.SZ,2014-12-16,18.46,17.96,18.46,17.56,18.15,-0.19,-1.05,22211.3,39872.0,0.7478,1.2486,0.52,134.182,174.626,3.07,1.7407,1.7675,0.0853,0.128,38768.4,29702.8,17788.9,696280.0,533463.0,2.994,19.97,16.34,0.0000,0.14115429972162613,1,15,56,2000-07-06
000990.SZ,2014-12-17,17.85,17.15,17.9,16.2,17.96,-0.81,-4.51,28606.0,49315.8,0.9631,1.6081,0.82,128.131,166.75,2.9316,1.6622,1.6878,0.0893,0.134,38768.4,29702.8,17788.9,664877.0,509404.0,2.994,19.76,16.16,0.0000,-0.18407901553761152,1,15,56,2000-07-06
000990.SZ,2014-12-18,17.19,17.7,17.7,16.53,17.15,0.55,3.21,21380.8,36721.0,0.7198,1.2019,0.61,132.24,172.098,3.0256,1.7155,1.742,0.0866,0.1299,38768.4,29702.8,17788.9,686200.0,525740.0,2.994,18.87,15.44,0.0000,0.12053431971498824,1,15,56,2000-07-06
000990.SZ,2014-12-19,17.7,17.99,18.05,17.26,17.7,0.29,1.64,28826.3,50808.1,0.9705,1.6205,0.93,134.406,174.917,3.0752,1.7436,1.7705,0.0852,0.1278,38768.4,29702.8,17788.9,697443.0,534354.0,2.994,19.47,15.93,0.0000,0.2423619350475177,1,15,56,2000-07-06
000990.SZ,2014-12-22,17.77,16.57,17.77,16.55,17.99,-1.42,-7.89,27627.7,46409.2,0.9301,1.5531,1.01,123.797,161.111,2.8324,1.606,1.6307,0.0925,0.1387,38768.4,29702.8,17788.9,642392.0,492176.0,2.994,19.79,16.19,0.0000,-0.23671519897205034,1,15,56,2000-07-06
000990.SZ,2014-12-23,16.63,16.07,16.91,15.8,16.57,-0.5,-3.02,12682.9,20720.4,0.427,0.713,0.49,120.062,156.249,2.747,1.5575,1.5815,0.0954,0.143,38768.4,29702.8,17788.9,623008.0,477325.0,2.994,18.23,14.91,0.0000,-0.37093567085986245,1,15,56,2000-07-06
000990.SZ,2014-12-24,16.21,16.26,16.36,15.85,16.07,0.19,1.18,7351.82,11832.9,0.2475,0.4133,0.31,121.481,158.096,2.7795,1.576,1.6002,0.0942,0.1414,38768.4,29702.8,17788.9,630374.0,482968.0,2.994,17.68,14.46,0.0000,-0.5631979652107799,1,15,56,2000-07-06
000990.SZ,2014-12-25,16.27,16.45,16.47,16.22,16.26,0.19,1.17,6067.4,9933.21,0.2043,0.3411,0.31,122.901,159.944,2.8119,1.5944,1.6189,0.0932,0.1397,38768.4,29702.8,17788.9,637740.0,488612.0,2.994,17.89,14.63,0.0001,0.17687658105298265,1,15,56,2000-07-06
000990.SZ,2014-12-26,16.45,16.16,16.46,16.13,16.45,-0.29,-1.76,10734.5,17457.6,0.3614,0.6034,0.65,120.734,157.124,2.7624,1.5663,1.5904,0.0948,0.1422,38768.4,29702.8,17788.9,626497.0,479998.0,2.994,18.1,14.81,0.0000,-0.08907819413901615,1,15,56,2000-07-06
000990.SZ,2014-12-29,16.18,15.8,16.24,15.68,16.16,-0.36,-2.23,11087.5,17531.4,0.3733,0.6233,0.86,118.045,153.624,2.7008,1.5314,1.555,0.097,0.1455,38768.4,29702.8,17788.9,612540.0,469305.0,2.994,17.78,14.54,0.0000,-0.3878215923618011,1,15,56,2000-07-06
000990.SZ,2014-12-30,15.8,17.38,17.38,15.8,15.8,1.58,10.0,39532.8,68025.8,1.3309,2.2223,4.12,129.849,168.986,2.9709,1.6845,1.7105,0.0882,0.1323,38768.4,29702.8,17788.9,673794.0,516235.0,2.994,17.38,14.22,0.0000,0.11356555538729046,1,15,56,2000-07-06
000990.SZ,2014-12-31,17.9,17.48,18.2,16.79,17.38,0.1,0.58,50619.2,88794.4,1.7042,2.8456,3.38,130.596,169.959,2.988,1.6942,1.7203,0.0877,0.1315,38768.4,29702.8,17788.9,677671.0,519206.0,2.994,19.12,15.64,0.0000,0.08038785496092567,1,15,56,2000-07-06
000990.SZ,2015-01-05,17.38,16.96,17.45,16.81,17.48,-0.52,-2.97,20036.2,34242.1,0.6746,1.1263,0.85,126.711,164.903,2.8991,1.6438,1.6691,0.1355,0.1355,38768.4,29702.8,17788.9,657511.0,503760.0,2.994,19.23,15.73,0.0000,-0.20062658214143392,1,15,56,2000-07-06
000990.SZ,2015-01-06,16.97,17.12,17.42,16.97,16.96,0.16,0.94,14292.7,24489.5,0.4812,0.8035,0.54,127.907,166.458,2.9265,1.6593,1.6849,0.1343,0.1343,38768.4,29702.8,17788.9,663714.0,508513.0,2.994,18.66,15.26,0.0000,-0.13790104719486024,1,15,56,2000-07-06
000990.SZ,2015-01-07,17.15,17.09,17.25,16.96,17.12,-0.03,-0.18,12149.8,20751.0,0.409,0.683,0.45,127.682,166.167,2.9213,1.6564,1.6819,0.1345,0.1345,38768.4,29702.8,17788.9,662551.0,507621.0,2.994,18.83,15.41,0.0000,-0.24947581430261692,1,15,56,2000-07-06
000990.SZ,2015-01-08,17.12,16.97,17.19,16.93,17.09,-0.12,-0.7,9996.0,17008.1,0.3365,0.5619,0.37,126.786,165.0,2.9008,1.6448,1.6701,0.1354,0.1354,38768.4,29702.8,17788.9,657899.0,504057.0,2.994,18.8,15.38,0.0001,-0.09463849193249005,1,15,56,2000-07-06
000990.SZ,2015-01-09,16.81,16.88,17.25,16.81,16.97,-0.09,-0.53,10445.3,17837.7,0.3517,0.5872,0.49,126.114,164.125,2.8854,1.6361,1.6613,0.1362,0.1362,38768.4,29702.8,17788.9,654410.0,501384.0,2.994,18.67,15.27,0.0000,0.11075635138767741,1,15,56,2000-07-06
000990.SZ,2015-01-12,16.67,16.93,17.12,16.66,16.88,0.05,0.3,10502.2,17735.4,0.3536,0.5904,0.78,126.487,164.611,2.894,1.6409,1.6662,0.1358,0.1358,38768.4,29702.8,17788.9,656348.0,502869.0,2.994,18.57,15.19,0.0000,-0.09702500739723123,1,15,56,2000-07-06
000990.SZ,2015-01-13,16.6,16.86,17.05,16.6,16.93,-0.07,-0.41,7150.74,12047.8,0.2407,0.402,0.62,125.964,163.93,2.882,1.6341,1.6593,0.1363,0.1363,38768.4,29702.8,17788.9,653635.0,500790.0,2.994,18.62,15.24,0.0000,-0.13093748347326578,1,15,56,2000-07-06
000990.SZ,2015-01-14,16.86,17.37,17.46,16.86,16.86,0.51,3.02,15499.1,26637.3,0.5218,0.8713,1.54,129.774,168.889,2.9692,1.6835,1.7095,0.1323,0.1323,38768.4,29702.8,17788.9,673406.0,515938.0,2.994,18.55,15.17,0.0000,0.40710637306042785,1,15,56,2000-07-06
000990.SZ,2015-01-15,17.28,17.38,17.59,17.28,17.37,0.01,0.06,10693.0,18604.8,0.36,0.6011,1.0,129.849,168.986,2.9709,1.6845,1.7105,0.1323,0.1323,38768.4,29702.8,17788.9,673794.0,516235.0,2.994,19.11,15.63,0.0000,0.41930216590218206,1,15,56,2000-07-06
000990.SZ,2015-01-16,17.38,17.48,17.58,17.2,17.38,0.1,0.58,10108.1,17644.8,0.3403,0.5682,0.93,130.596,169.959,2.988,1.6942,1.7203,0.1315,0.1315,38768.4,29702.8,17788.9,677671.0,519206.0,2.994,19.12,15.64,0.0000,0.1621936384868329,1,15,56,2000-07-06
000990.SZ,2015-01-19,17.37,16.75,17.37,16.19,17.48,-0.73,-4.18,10034.3,17027.7,0.3378,0.5641,0.93,125.142,162.861,2.8632,1.6235,1.6485,0.1372,0.1372,38768.4,29702.8,17788.9,649370.0,497522.0,2.994,19.23,15.73,-0.0001,-0.1834910614036383,1,15,56,2000-07-06
000990.SZ,2015-01-20,16.75,16.99,17.09,16.4,16.75,0.24,1.43,15425.2,26012.2,0.5193,0.8671,1.44,126.935,165.194,2.9042,1.6467,1.6721,0.1353,0.1353,38768.4,29702.8,17788.9,658674.0,504651.0,2.994,18.43,15.08,0.0000,-0.4436797269836617,1,15,56,2000-07-06
000990.SZ,2015-01-21,17.16,17.29,17.46,16.92,16.99,0.3,1.77,23141.3,39845.0,0.7791,1.3009,1.87,129.177,168.111,2.9555,1.6758,1.7016,0.1329,0.1329,38768.4,29702.8,17788.9,670305.0,513562.0,2.994,18.69,15.29,0.0000,0.2864562561056716,1,15,56,2000-07-06
000990.SZ,2015-01-22,17.29,18.85,19.02,17.21,17.29,1.56,9.02,71452.8,131215.0,2.4056,4.0167,5.15,140.832,183.279,3.2222,1.827,1.8551,0.1219,0.1219,38768.4,29702.8,17788.9,730784.0,559898.0,2.994,19.02,15.56,0.0000,0.07881545470719044,1,15,56,2000-07-06
000990.SZ,2015-01-23,18.9,18.44,18.9,18.22,18.85,-0.41,-2.18,36018.6,66457.3,1.2126,2.0248,1.38,137.768,179.293,3.1521,1.7873,1.8148,0.1246,0.1246,38768.4,29702.8,17788.9,714889.0,547720.0,2.994,20.74,16.97,0.0000,0.03249707912689771,1,15,56,2000-07-06
000990.SZ,2015-01-26,18.22,19.33,19.58,18.2,18.44,0.89,4.83,47210.0,90227.7,1.5894,2.6539,1.51,144.418,187.946,3.3042,1.8735,1.9024,0.1189,0.1189,38768.4,29702.8,17788.9,749392.0,574156.0,2.994,20.28,16.6,0.0000,0.16408784606237858,1,15,56,2000-07-06
000990.SZ,2015-01-27,19.34,19.39,19.48,18.68,19.33,0.06,0.31,30934.2,59305.5,1.0415,1.739,0.8,144.866,188.53,3.3145,1.8793,1.9083,0.1185,0.1185,38768.4,29702.8,17788.9,751719.0,575938.0,2.994,21.26,17.4,0.0000,-0.10631172686030166,1,15,56,2000-07-06
000990.SZ,2015-01-28,19.39,19.01,19.92,18.87,19.39,-0.38,-1.96,28947.4,56147.4,0.9746,1.6273,0.69,142.027,184.835,3.2495,1.8425,1.8709,0.1209,0.1209,38768.4,29702.8,17788.9,736987.0,564651.0,2.994,21.33,17.45,0.0000,-0.12484481885251665,1,15,56,2000-07-06
000990.SZ,2015-01-29,18.77,18.44,18.96,18.4,19.01,-0.57,-3.0,16728.4,31153.0,0.5632,0.9404,0.39,137.768,179.293,3.1521,1.7873,1.8148,0.1246,0.1246,38768.4,29702.8,17788.9,714889.0,547720.0,2.994,20.91,17.11,0.0000,-0.44937231076216366,1,15,56,2000-07-06
000990.SZ,2015-01-30,18.45,18.49,18.77,18.29,18.44,0.05,0.27,13890.0,25663.1,0.4676,0.7808,0.43,138.142,179.779,3.1606,1.7921,1.8197,0.1243,0.1243,38768.4,29702.8,17788.9,716827.0,549205.0,2.994,20.28,16.6,0.0000,-0.2580921964073964,1,15,56,2000-07-06
000990.SZ,2015-02-02,18.49,18.59,18.9,18.32,18.49,0.1,0.54,17859.0,33369.6,0.6013,1.0039,0.65,138.889,180.751,3.1777,1.8018,1.8295,0.1236,0.1236,38768.4,29702.8,17788.9,720704.0,552176.0,2.994,20.34,16.64,0.0000,-0.33586763527902763,1,15,56,2000-07-06
000990.SZ,2015-02-03,18.57,18.67,18.88,18.34,18.59,0.08,0.43,16549.1,30733.8,0.5572,0.9303,0.76,139.487,181.529,3.1914,1.8095,1.8374,0.1231,0.1231,38768.4,29702.8,17788.9,723805.0,554552.0,2.994,20.45,16.73,0.0000,-0.3355451723970334,1,15,56,2000-07-06
000990.SZ,2015-02-04,18.69,18.7,18.87,18.55,18.67,0.03,0.16,12422.7,23311.9,0.4182,0.6983,0.66,139.711,181.821,3.1965,1.8125,1.8404,0.1229,0.1229,38768.4,29702.8,17788.9,724968.0,555443.0,2.994,20.54,16.8,0.0000,0.15495164339942022,1,15,56,2000-07-06
000990.SZ,2015-02-05,18.87,18.42,18.9,18.42,18.7,-0.28,-1.5,9071.12,16871.4,0.3054,0.5099,0.59,137.619,179.098,3.1487,1.7853,1.8128,0.1248,0.1248,38768.4,29702.8,17788.9,714113.0,547126.0,2.994,20.57,16.83,0.0000,-0.3291796089605327,1,15,56,2000-07-06
000990.SZ,2015-02-06,18.43,18.16,18.58,17.97,18.42,-0.26,-1.41,13386.0,24352.6,0.4507,0.7525,0.96,135.677,176.57,3.1042,1.7601,1.7872,0.1266,0.1266,38768.4,29702.8,17788.9,704034.0,539404.0,2.994,20.26,16.58,0.0000,-0.11171891362800426,1,15,56,2000-07-06
000990.SZ,2015-02-09,18.16,18.28,18.4,18.02,18.16,0.12,0.66,4423.11,8085.36,0.1489,0.2486,0.32,136.573,177.737,3.1247,1.7717,1.799,0.1257,0.1257,38768.4,29702.8,17788.9,708686.0,542968.0,2.994,19.98,16.34,0.0000,0.30994433800119187,1,15,56,2000-07-06
000990.SZ,2015-02-10,18.16,18.53,18.53,17.73,18.28,0.25,1.37,11464.4,20993.9,0.386,0.6445,1.03,138.441,180.168,3.1675,1.796,1.8236,0.124,0.124,38768.4,29702.8,17788.9,718378.0,550394.0,2.994,20.11,16.45,0.0000,0.13110347615537113,1,15,56,2000-07-06
000990.SZ,2015-02-11,18.45,18.52,18.62,18.1,18.53,-0.01,-0.05,15618.1,28665.1,0.5258,0.878,1.54,138.366,180.07,3.1658,1.795,1.8227,0.1241,0.1241,38768.4,29702.8,17788.9,717990.0,550096.0,2.994,20.38,16.68,0.0000,-0.15208864993099785,1,15,56,2000-07-06
000990.SZ,2015-02-12,18.55,18.52,18.64,18.38,18.52,0.0,0.0,9098.37,16855.8,0.3063,0.5115,0.84,138.366,180.07,3.1658,1.795,1.8227,0.1241,0.1241,38768.4,29702.8,17788.9,717990.0,550096.0,2.994,20.37,16.67,-0.0001,-0.21567552114932523,1,15,56,2000-07-06
000990.SZ,2015-02-13,18.68,19.2,19.36,18.48,18.52,0.68,3.67,29011.6,55510.5,0.9767,1.6309,2.69,143.447,186.682,3.282,1.8609,1.8896,0.1197,0.1197,38768.4,29702.8,17788.9,744353.0,570294.0,2.994,20.37,16.67,0.0000,0.2632778621129745,1,15,56,2000-07-06
000990.SZ,2015-02-16,19.2,19.31,19.35,18.92,19.2,0.11,0.57,24280.8,46434.7,0.8175,1.3649,1.74,144.268,187.752,3.3008,1.8716,1.9004,0.119,0.119,38768.4,29702.8,17788.9,748617.0,573562.0,2.994,21.12,17.28,0.0000,-0.032831315730068006,1,15,56,2000-07-06
000990.SZ,2015-02-17,19.3,19.15,19.48,19.02,19.31,-0.16,-0.83,16678.6,31982.6,0.5615,0.9376,0.93,143.073,186.196,3.2735,1.8561,1.8847,0.12,0.12,38768.4,29702.8,17788.9,742414.0,568809.0,2.994,21.24,17.38,0.0000,-0.13373492699283004,1,15,56,2000-07-06
000990.SZ,2015-02-25,19.29,19.02,19.29,18.7,19.15,-0.13,-0.68,14237.9,27005.3,0.4793,0.8004,0.75,142.102,184.932,3.2512,1.8435,1.8719,0.1208,0.1208,38768.4,29702.8,17788.9,737374.0,564948.0,2.994,21.07,17.24,0.0000,-0.17682511985461774,1,15,56,2000-07-06
000990.SZ,2015-02-26,19.0,19.03,19.09,18.84,19.02,0.01,0.05,7707.13,14643.8,0.2595,0.4333,0.41,142.176,185.029,3.253,1.8444,1.8729,0.1208,0.1208,38768.4,29702.8,17788.9,737762.0,565245.0,2.994,20.92,17.12,0.0000,-0.15842967425708607,1,15,56,2000-07-06
000990.SZ,2015-02-27,19.05,18.74,19.1,18.51,19.03,-0.29,-1.52,20439.9,38436.3,0.6881,1.149,1.11,140.01,182.21,3.2034,1.8163,1.8443,0.1227,0.1227,38768.4,29702.8,17788.9,726519.0,556631.0,2.994,20.93,17.13,0.0000,-0.29681886137046737,1,15,56,2000-07-06
000990.SZ,2015-10-15,20.58,20.58,20.58,20.58,18.71,1.87,9.99,7869.09,16194.6,0.2649,0.4424,0.47,108.96,109.556,3.4429,1.9892,2.1596,0.1117,0.1458,38768.4,29702.8,17788.9,797853.0,611284.0,2.999,20.58,16.84,0.0000,0.12604828030100837,1,15,56,2000-07-06
000990.SZ,2015-10-16,22.64,22.64,22.64,22.64,20.58,2.06,10.01,888.77,2012.18,0.0299,0.05,0.07,119.867,120.522,3.7876,2.1883,2.3758,0.1015,0.1325,38768.4,29702.8,17788.9,877716.0,672472.0,2.999,22.64,18.52,0.0000,0.533099618549939,1,15,56,2000-07-06
000990.SZ,2015-10-19,24.9,24.9,24.9,24.9,22.64,2.26,9.98,9467.89,23575.0,0.3188,0.5322,0.93,131.833,132.553,4.1656,2.4068,2.613,0.0923,0.1205,38768.4,29702.8,17788.9,965332.0,739601.0,2.999,24.9,20.38,0.0000,0.09125661982252467,1,15,56,2000-07-06
000990.SZ,2015-10-20,27.39,25.58,27.39,23.0,24.9,0.68,2.73,306406.0,796615.0,10.3157,17.2246,33.04,135.433,136.173,4.2794,2.4725,2.6843,0.0899,0.1173,38768.4,29702.8,17788.9,991695.0,759798.0,2.999,27.39,22.41,0.0000,-0.030190679680736753,1,15,56,2000-07-06
000990.SZ,2015-10-21,25.5,28.14,28.14,25.41,25.58,2.56,10.01,377896.0,1030670.0,12.7226,21.2434,5.48,148.987,149.801,4.7077,2.72,2.953,0.0817,0.1066,38768.4,29702.8,17788.9,1090940.0,835838.0,2.999,28.14,23.02,0.0000,-0.013311239118776595,1,15,56,2000-07-06
000990.SZ,2015-10-22,27.01,28.94,29.58,25.51,28.14,0.8,2.84,339089.0,941887.0,11.4161,19.0619,2.41,153.222,154.06,4.8415,2.7973,3.0369,0.0794,0.1037,38768.4,29702.8,17788.9,1121960.0,859600.0,2.999,30.95,25.33,0.0000,-0.13027305999754593,1,15,56,2000-07-06
000990.SZ,2015-10-23,28.01,27.71,28.85,27.59,28.94,-1.23,-4.25,237515.0,668091.0,7.9964,13.3519,1.15,146.71,147.512,4.6357,2.6784,2.9078,0.0829,0.1083,38768.4,29702.8,17788.9,1074270.0,823066.0,2.999,31.83,26.05,0.0000,-0.04236654378321908,1,15,56,2000-07-06
000990.SZ,2015-10-26,27.8,26.25,28.77,25.9,27.71,-1.46,-5.27,180387.0,491207.0,6.073,10.1404,0.71,138.98,161.489,4.384,2.5373,2.8682,0.0876,0.1143,38768.4,29702.8,17788.9,1017670.0,779699.0,2.999,30.48,24.94,0.0000,-0.0739511034306085,1,15,56,2000-07-06
000990.SZ,2015-10-27,26.24,27.93,28.45,25.6,26.25,1.68,6.4,183657.0,497739.0,6.1831,10.3243,0.64,147.875,171.824,4.6646,2.6997,3.0518,0.0823,0.1074,38768.4,29702.8,17788.9,1082800.0,829600.0,2.999,28.88,23.63,0.0000,0.07799362190733455,1,15,56,2000-07-06
000990.SZ,2015-10-28,27.9,26.18,27.9,25.72,27.93,-1.75,-6.27,134880.0,359722.0,4.541,7.5823,0.51,138.609,161.058,4.3724,2.5305,2.8606,0.0878,0.1146,38768.4,29702.8,17788.9,1014960.0,777620.0,2.999,30.72,25.14,0.0000,-0.07667912962489988,1,15,56,2000-07-06
000990.SZ,2015-10-29,26.5,25.81,26.7,25.01,26.18,-0.37,-1.41,93532.9,242270.0,3.149,5.2579,0.43,136.65,158.782,4.3106,2.4948,2.8201,0.0891,0.1162,38768.4,29702.8,17788.9,1000610.0,766630.0,2.999,28.8,23.56,0.0000,-0.05424344406555286,1,15,56,2000-07-06
000990.SZ,2015-10-30,25.78,25.6,26.2,25.12,25.81,-0.21,-0.81,67098.4,172273.0,2.259,3.7719,0.4,135.539,157.49,4.2755,2.4745,2.7972,0.0898,0.1172,38768.4,29702.8,17788.9,992470.0,760393.0,2.999,28.39,23.23,0.0000,-0.05466698291181291,1,15,56,2000-07-06
000990.SZ,2015-11-02,25.0,23.89,25.74,23.51,25.6,-1.71,-6.68,98925.1,244827.0,3.3305,5.5611,0.75,126.485,146.97,3.9899,2.3092,2.6103,0.0962,0.1256,38768.4,29702.8,17788.9,926176.0,709601.0,2.999,28.16,23.04,0.0000,-0.13930664055989722,1,15,56,2000-07-06
000990.SZ,2015-11-03,23.99,24.54,24.97,23.75,23.89,0.65,2.72,85039.2,207233.0,2.863,4.7805,0.74,129.926,150.969,4.0985,2.372,2.6814,0.0937,0.1222,38768.4,29702.8,17788.9,951376.0,728908.0,2.999,26.28,21.5,0.0000,0.029203489732725026,1,15,56,2000-07-06
000990.SZ,2015-11-04,24.7,25.61,25.65,24.33,24.54,1.07,4.36,107436.0,269230.0,3.617,6.0395,1.12,135.592,157.551,4.2772,2.4754,2.7983,0.0898,0.1171,38768.4,29702.8,17788.9,992858.0,760690.0,2.999,26.99,22.09,0.0000,-0.08187056742776616,1,15,56,2000-07-06
000990.SZ,2015-11-05,25.66,25.9,26.22,24.8,25.61,0.29,1.13,99964.7,255201.0,3.3655,5.6195,1.11,137.127,159.335,4.3256,2.5035,2.83,0.0887,0.1158,38768.4,29702.8,17788.9,1004100.0,769303.0,2.999,28.17,23.05,0.0000,-0.042045270491872046,1,15,56,2000-07-06
000990.SZ,2015-11-06,26.64,26.48,27.6,26.17,25.9,0.58,2.24,126284.0,338797.0,4.2516,7.099,1.38,140.198,162.904,4.4225,2.5595,2.8933,0.0868,0.1133,38768.4,29702.8,17788.9,1026590.0,786531.0,2.999,28.49,23.31,0.0000,0.03332482654247118,1,15,56,2000-07-06
000990.SZ,2015-11-09,25.92,26.82,27.0,25.53,26.48,0.34,1.28,90713.8,238033.0,3.054,5.0995,0.88,141.998,164.995,4.4792,2.5924,2.9305,0.0857,0.1119,38768.4,29702.8,17788.9,1039770.0,796630.0,2.999,29.13,23.83,0.0000,0.019307212158354386,1,15,56,2000-07-06
000990.SZ,2015-11-10,27.16,26.6,27.38,25.91,26.82,-0.22,-0.82,78447.9,207966.0,2.6411,4.4099,0.77,140.833,163.642,4.4425,2.5711,2.9065,0.0864,0.1128,38768.4,29702.8,17788.9,1031240.0,790095.0,2.999,29.5,24.14,0.0000,-0.13119384051074348,1,15,56,2000-07-06
000990.SZ,2015-11-11,26.26,26.49,26.57,25.81,26.6,-0.11,-0.41,63749.4,166707.0,2.1462,3.5837,0.63,140.251,162.965,4.4241,2.5605,2.8944,0.0868,0.1133,38768.4,29702.8,17788.9,1026970.0,786828.0,2.999,29.26,23.94,0.0000,-0.10152219091041356,1,15,56,2000-07-06
000990.SZ,2015-11-12,26.55,27.5,27.52,26.46,26.49,1.01,3.81,111364.0,301203.0,3.7493,6.2603,1.21,145.598,169.179,4.5928,2.6581,3.0048,0.0836,0.1091,38768.4,29702.8,17788.9,1066130.0,816828.0,2.999,29.14,23.84,0.0000,0.08673005821832155,1,15,56,2000-07-06
000990.SZ,2015-11-13,27.3,29.26,29.55,27.08,27.5,1.76,6.4,157610.0,447021.0,5.3062,8.86,1.67,154.917,180.006,4.8867,2.8282,3.1971,0.0786,0.1025,38768.4,29702.8,17788.9,1134360.0,869105.0,2.999,30.25,24.75,0.0000,0.0631903015116036,1,15,56,2000-07-06
000990.SZ,2015-11-16,28.48,29.8,29.85,27.8,29.26,0.54,1.85,89034.5,254054.0,2.9975,5.0051,0.89,157.775,183.328,4.9769,2.8804,3.2561,0.0771,0.1007,38768.4,29702.8,17788.9,1155300.0,885144.0,2.999,32.19,26.33,0.0000,-0.08323246054960827,1,15,56,2000-07-06
000990.SZ,2015-11-17,30.16,29.39,30.18,28.34,29.8,-0.41,-1.38,111934.0,325637.0,3.7685,6.2924,1.12,155.605,180.806,4.9085,2.8408,3.2113,0.0782,0.1021,38768.4,29702.8,17788.9,1139400.0,872966.0,2.999,32.78,26.82,0.0000,-0.16059308941476144,1,15,56,2000-07-06
000990.SZ,2015-11-18,29.3,28.88,29.3,27.4,29.39,-0.51,-1.74,75129.8,212727.0,2.5294,4.2234,0.7,152.905,177.668,4.8233,2.7915,3.1556,0.0796,0.1039,38768.4,29702.8,17788.9,1119630.0,857818.0,2.999,32.33,26.45,0.0000,-0.05920547691794807,1,15,56,2000-07-06
000990.SZ,2015-11-19,28.8,28.69,28.8,27.8,28.88,-0.19,-0.66,59985.7,169907.0,2.0195,3.3721,0.55,151.899,176.499,4.7916,2.7731,3.1348,0.0801,0.1046,38768.4,29702.8,17788.9,1112260.0,852174.0,2.999,31.77,25.99,0.0000,-0.08837715694421028,1,15,56,2000-07-06
000990.SZ,2015-11-20,28.2,29.45,29.66,27.84,28.69,0.76,2.65,120782.0,348082.0,4.0664,6.7898,1.22,155.922,181.175,4.9185,2.8466,3.2179,0.078,0.1019,38768.4,29702.8,17788.9,1141730.0,874748.0,2.999,31.56,25.82,0.0000,-0.004369699111595584,1,15,56,2000-07-06
000990.SZ,2015-11-23,29.15,29.1,29.46,28.4,29.45,-0.35,-1.19,80126.9,230483.0,2.6976,4.5043,0.88,154.069,179.022,4.86,2.8128,3.1796,0.079,0.1031,38768.4,29702.8,17788.9,1128160.0,864352.0,2.999,32.4,26.51,0.0000,-0.16032607455293799,1,15,56,2000-07-06
000990.SZ,2015-11-24,28.75,28.39,28.98,27.88,29.1,-0.71,-2.44,59969.0,169403.0,2.019,3.3712,0.67,150.31,174.654,4.7414,2.7441,3.102,0.081,0.1057,38768.4,29702.8,17788.9,1100630.0,843263.0,2.999,32.01,26.19,0.0000,-0.16661994637837121,1,15,56,2000-07-06
000990.SZ,2015-11-25,28.29,28.16,28.85,27.73,28.39,-0.23,-0.81,109886.0,311293.0,3.6995,6.1773,1.39,149.093,173.239,4.703,2.7219,3.0769,0.0816,0.1065,38768.4,29702.8,17788.9,1091720.0,836432.0,2.999,31.23,25.55,0.0000,-0.08403285405176508,1,15,56,2000-07-06
000990.SZ,2015-11-26,28.02,27.53,28.08,27.39,28.16,-0.63,-2.24,85230.1,235007.0,2.8694,4.7912,0.99,145.757,169.363,4.5978,2.661,3.0081,0.0835,0.109,38768.4,29702.8,17788.9,1067290.0,817719.0,2.999,30.98,25.34,0.0000,-0.27005007146657856,1,15,56,2000-07-06
000990.SZ,2015-11-27,27.33,25.38,27.93,25.01,27.53,-2.15,-7.81,70047.1,187913.0,2.3583,3.9377,0.77,134.374,156.137,4.2387,2.4532,2.7732,0.0906,0.1182,38768.4,29702.8,17788.9,983941.0,753858.0,2.999,30.28,24.78,0.0000,-0.1501274627549658,1,15,56,2000-07-06
000990.SZ,2015-11-30,25.46,26.14,26.76,23.75,25.38,0.76,2.99,80045.9,200748.0,2.6949,4.4998,0.99,138.398,160.812,4.3657,2.5267,2.8562,0.0879,0.1148,38768.4,29702.8,17788.9,1013410.0,776432.0,2.999,27.92,22.84,0.0000,0.02196732170492162,1,15,56,2000-07-06
000990.SZ,2015-12-01,25.9,26.2,26.63,25.42,26.14,0.06,0.23,60071.9,156561.0,2.0224,3.3769,0.74,138.715,161.181,4.3757,2.5325,2.8628,0.0877,0.1145,38768.4,29702.8,17788.9,1015730.0,778214.0,2.999,28.75,23.53,0.0000,0.026987603809063447,1,15,56,2000-07-06
000990.SZ,2015-12-02,25.96,24.78,26.37,24.58,26.2,-1.42,-5.42,44135.0,110885.0,1.4859,2.481,0.54,131.197,152.445,4.1385,2.3952,2.7076,0.0928,0.1211,38768.4,29702.8,17788.9,960680.0,736036.0,2.999,28.82,23.58,0.0000,-0.17469495296576704,1,15,56,2000-07-06
000990.SZ,2015-12-03,24.95,25.01,25.28,24.8,24.78,0.23,0.93,42721.1,106849.0,1.4383,2.4016,0.63,132.415,153.86,4.1769,2.4174,2.7327,0.0919,0.12,38768.4,29702.8,17788.9,969597.0,742868.0,2.999,27.26,22.3,0.0000,0.05388008485199074,1,15,56,2000-07-06
000990.SZ,2015-12-04,25.0,24.46,25.18,24.01,25.01,-0.55,-2.2,69310.8,170345.0,2.3335,3.8963,1.17,129.503,150.477,4.0851,2.3643,2.6726,0.094,0.1226,38768.4,29702.8,17788.9,948274.0,726531.0,2.999,27.51,22.51,0.0000,-0.11169837839251394,1,15,56,2000-07-06
000990.SZ,2015-12-07,24.5,24.85,25.25,24.5,24.46,0.39,1.59,60606.4,150668.0,2.0404,3.407,1.02,131.568,152.876,4.1502,2.402,2.7152,0.0925,0.1207,38768.4,29702.8,17788.9,963394.0,738115.0,2.999,26.91,22.01,0.0000,0.0500337270109788,1,15,56,2000-07-06
000990.SZ,2015-12-08,24.8,24.06,24.8,23.84,24.85,-0.79,-3.18,68163.9,164328.0,2.2949,3.8318,1.23,127.385,148.016,4.0183,2.3256,2.6289,0.0955,0.1247,38768.4,29702.8,17788.9,932767.0,714650.0,2.999,27.34,22.37,0.0000,-0.04149607707387621,1,15,56,2000-07-06
000990.SZ,2015-12-09,23.81,24.13,24.64,23.52,24.06,0.07,0.29,69877.6,169365.0,2.3526,3.9282,1.23,127.756,148.447,4.03,2.3324,2.6366,0.0953,0.1243,38768.4,29702.8,17788.9,935481.0,716729.0,2.999,26.47,21.65,0.0000,0.013495838953295125,1,15,56,2000-07-06
000990.SZ,2015-12-10,24.4,24.16,24.59,23.96,24.13,0.03,0.12,56710.1,137323.0,1.9092,3.188,0.91,127.915,148.631,4.035,2.3353,2.6399,0.0951,0.1242,38768.4,29702.8,17788.9,936644.0,717620.0,2.999,26.54,21.72,0.0000,-0.17457540879664127,1,15,56,2000-07-06
000990.SZ,2015-12-11,24.0,23.56,24.0,23.5,24.16,-0.6,-2.48,69993.7,165834.0,2.3565,3.9347,1.08,124.738,144.94,3.9348,2.2773,2.5743,0.0976,0.1273,38768.4,29702.8,17788.9,913383.0,699799.0,2.999,26.58,21.74,0.0000,0.12994194618625848,1,15,56,2000-07-06
000990.SZ,2015-12-14,23.58,23.61,23.7,22.7,23.56,0.05,0.21,57003.9,132062.0,1.9191,3.2045,0.88,125.003,145.248,3.9431,2.2821,2.5798,0.0974,0.1271,38768.4,29702.8,17788.9,915321.0,701284.0,2.999,25.92,21.2,0.0000,-0.002619847153049186,1,15,56,2000-07-06
000990.SZ,2015-12-15,23.55,24.7,24.72,23.5,23.61,1.09,4.62,78364.1,190608.0,2.6383,4.4052,1.22,130.774,151.953,4.1252,2.3875,2.6989,0.0931,0.1215,38768.4,29702.8,17788.9,957579.0,733660.0,2.999,25.97,21.25,0.0000,0.07156454806731978,1,15,56,2000-07-06
000990.SZ,2015-12-16,24.53,24.87,25.2,24.51,24.7,0.17,0.69,63669.9,157758.0,2.1436,3.5792,0.96,131.674,152.999,4.1536,2.4039,2.7174,0.0924,0.1206,38768.4,29702.8,17788.9,964169.0,738710.0,2.999,27.17,22.23,0.0000,0.05044317127111941,1,15,56,2000-07-06
000990.SZ,2015-12-17,25.1,25.56,25.68,25.0,24.87,0.69,2.77,98976.1,250796.0,3.3322,5.5639,1.52,135.327,157.244,4.2688,2.4706,2.7928,0.0899,0.1174,38768.4,29702.8,17788.9,990919.0,759204.0,2.999,27.36,22.38,0.0000,0.056830492288644466,1,15,56,2000-07-06
000990.SZ,2015-12-18,25.8,26.54,26.78,25.69,25.56,0.98,3.83,88411.6,232154.0,2.9765,4.9701,1.2,140.516,163.273,4.4325,2.5653,2.8999,0.0866,0.113,38768.4,29702.8,17788.9,1028910.0,788313.0,2.999,28.12,23.0,0.0000,0.09747511551542591,1,15,56,2000-07-06
000990.SZ,2015-12-21,26.15,27.77,27.86,26.15,26.54,1.23,4.63,90305.0,244282.0,3.0403,5.0765,1.17,147.028,170.84,4.6379,2.6842,3.0343,0.0828,0.108,38768.4,29702.8,17788.9,1076600.0,824848.0,2.999,29.19,23.89,0.0000,0.21505305673570532,1,15,56,2000-07-06
000990.SZ,2015-12-22,27.9,27.44,27.99,26.92,27.77,-0.33,-1.19,55778.9,152276.0,1.8779,3.1356,0.66,145.281,168.809,4.5828,2.6523,2.9982,0.0838,0.1093,38768.4,29702.8,17788.9,1063800.0,815046.0,2.999,30.55,24.99,0.0000,-0.017916520204341046,1,15,56,2000-07-06
000990.SZ,2015-12-23,27.15,26.9,27.3,26.45,27.44,-0.54,-1.97,54210.5,144993.0,1.8251,3.0474,0.68,142.421,165.488,4.4926,2.6001,2.9392,0.0854,0.1115,38768.4,29702.8,17788.9,1042870.0,799006.0,2.999,30.18,24.7,0.0000,-0.0457019510170384,1,15,56,2000-07-06
000990.SZ,2015-12-24,26.46,26.12,26.88,25.76,26.9,-0.78,-2.9,31757.5,83015.0,1.0692,1.7852,0.41,138.292,160.689,4.3623,2.5247,2.854,0.088,0.1149,38768.4,29702.8,17788.9,1012630.0,775838.0,2.999,29.59,24.21,0.0000,-0.09266502097819916,1,15,56,2000-07-06
000990.SZ,2015-12-25,25.98,26.47,26.6,25.89,26.12,0.35,1.34,34324.4,90471.2,1.1556,1.9295,0.54,140.145,162.842,4.4208,2.5586,2.8923,0.0868,0.1133,38768.4,29702.8,17788.9,1026200.0,786234.0,2.999,28.73,23.51,0.0000,-0.03908435259411611,1,15,56,2000-07-06
000990.SZ,2015-12-28,26.4,25.3,27.15,25.02,26.47,-1.17,-4.42,60455.8,158271.0,2.0354,3.3985,1.13,133.95,155.644,4.2254,2.4455,2.7644,0.0909,0.1186,38768.4,29702.8,17788.9,980840.0,751482.0,2.999,29.12,23.82,0.0000,-0.18546304067034694,1,15,56,2000-07-06
000990.SZ,2015-12-29,25.5,25.6,25.69,24.4,25.3,0.3,1.19,46693.2,115907.0,1.572,2.6249,0.99,135.539,157.49,4.2755,2.4745,2.7972,0.0898,0.1172,38768.4,29702.8,17788.9,992470.0,760393.0,2.999,27.83,22.77,0.0000,-0.12619449611012962,1,15,56,2000-07-06
000990.SZ,2015-12-30,25.6,25.89,26.0,25.01,25.6,0.29,1.13,38283.3,97549.3,1.2889,2.1521,0.84,137.074,159.274,4.3239,2.5025,2.8289,0.0888,0.1159,38768.4,29702.8,17788.9,1003710.0,769006.0,2.999,28.16,23.04,0.0000,0.003415004568647455,1,15,56,2000-07-06
000990.SZ,2015-12-31,25.8,25.58,25.98,25.25,25.89,-0.31,-1.2,29478.5,75292.4,0.9924,1.6571,0.7,135.433,157.367,4.2721,2.4725,2.795,0.0899,0.1173,38768.4,29702.8,17788.9,991695.0,759798.0,2.999,28.48,23.3,0.0000,-0.17673426756453836,1,15,56,2000-07-06
000990.SZ,2016-01-04,25.49,25.45,27.97,23.02,25.58,-0.13,-0.51,36766.6,89330.1,1.2378,2.0668,0.88,134.745,156.567,4.2504,2.46,2.7808,0.1179,0.1179,38768.4,29702.8,17788.9,986655.0,755937.0,2.999,28.14,23.02,0.0000,-0.029914932791642406,1,15,56,2000-07-06
000990.SZ,2016-01-05,23.61,24.49,24.8,23.02,25.45,-0.96,-3.77,45300.5,110794.0,1.5251,2.5466,1.07,129.662,150.661,4.0901,2.3672,2.6759,0.1225,0.1225,38768.4,29702.8,17788.9,949437.0,727422.0,2.999,28.0,22.91,0.0000,-0.1412083125356706,1,15,56,2000-07-06
000990.SZ,2016-01-06,24.49,24.59,24.84,23.8,24.49,0.1,0.41,49888.3,121189.0,1.6796,2.8045,1.27,130.191,151.277,4.1068,2.3768,2.6868,0.122,0.122,38768.4,29702.8,17788.9,953314.0,730393.0,2.999,26.94,22.04,0.0000,-0.04913361489221943,1,15,56,2000-07-06
000990.SZ,2016-01-07,24.3,22.18,24.3,22.13,24.59,-2.41,-9.8,8000.0,18497.8,0.2693,0.4497,0.2,117.432,136.45,3.7043,2.1439,2.4235,0.1353,0.1353,38768.4,29702.8,17788.9,859882.0,658809.0,2.999,27.05,22.13,0.0000,0.10787537860399848,1,15,56,2000-07-06
000990.SZ,2016-01-08,22.4,20.68,22.4,19.96,22.18,-1.5,-6.76,126974.0,264349.0,4.2748,7.1379,3.75,109.49,127.222,3.4538,1.9989,2.2596,0.1451,0.1451,38768.4,29702.8,17788.9,801730.0,614255.0,2.999,24.4,19.96,0.0000,-0.2601553601417663,1,15,56,2000-07-06
000990.SZ,2016-01-11,19.51,18.61,20.0,18.61,20.68,-2.07,-10.01,84407.3,161245.0,2.8417,4.745,1.58,98.5303,114.488,3.1081,1.7988,2.0334,0.1612,0.1612,38768.4,29702.8,17788.9,721479.0,552770.0,2.999,22.75,18.61,0.0000,-0.014615326281074445,1,15,56,2000-07-06
000990.SZ,2016-01-12,18.3,18.18,18.98,17.69,18.61,-0.43,-2.31,54402.3,99573.3,1.8316,3.0582,0.86,96.2537,111.842,3.0363,1.7573,1.9864,0.165,0.165,38768.4,29702.8,17788.9,704809.0,539998.0,2.999,20.47,16.75,0.0000,-0.10044795775107869,1,15,56,2000-07-06
000990.SZ,2016-01-13,18.19,17.16,18.77,17.15,18.18,-1.02,-5.61,38123.2,69338.4,1.2835,2.1431,0.59,90.8533,105.567,2.8659,1.6587,1.875,0.1748,0.1748,38768.4,29702.8,17788.9,665265.0,509701.0,2.999,20.0,16.36,0.0000,-0.07322303227136055,1,15,56,2000-07-06
000990.SZ,2016-01-14,16.38,17.54,17.73,16.31,17.16,0.38,2.21,44713.5,76480.6,1.5054,2.5136,0.72,92.8652,107.905,2.9294,1.6954,1.9165,0.171,0.171,38768.4,29702.8,17788.9,679997.0,520988.0,2.999,18.88,15.44,0.0000,0.014931302457193015,1,15,56,2000-07-06
000990.SZ,2016-01-15,17.54,16.36,17.68,16.17,17.54,-1.18,-6.73,41714.3,70561.1,1.4044,2.345,0.6,86.6177,100.646,2.7323,1.5813,1.7876,0.1834,0.1834,38768.4,29702.8,17788.9,634250.0,485938.0,2.999,19.29,15.79,0.0000,-0.27154433584131615,1,15,56,2000-07-06
000990.SZ,2016-01-18,15.83,16.49,16.75,15.83,16.36,0.13,0.79,52144.0,85648.6,1.7555,2.9313,0.99,87.306,101.446,2.754,1.5939,1.8018,0.1819,0.1819,38768.4,29702.8,17788.9,639290.0,489800.0,2.999,18.0,14.72,0.0000,-0.06316617650386412,1,15,56,2000-07-06
000990.SZ,2016-01-19,16.29,17.33,17.58,16.01,16.49,0.84,5.09,61653.9,103750.0,2.0757,3.4659,1.33,91.7533,106.613,2.8943,1.6751,1.8936,0.1731,0.1731,38768.4,29702.8,17788.9,671856.0,514750.0,2.999,18.14,14.84,0.0000,-0.013355257149052193,1,15,56,2000-07-06
000990.SZ,2016-01-20,17.05,16.7,17.39,16.69,17.33,-0.63,-3.64,52655.0,89515.8,1.7727,2.96,1.1,88.4178,102.738,2.7891,1.6142,1.8247,0.1796,0.1796,38768.4,29702.8,17788.9,647432.0,496037.0,2.999,19.06,15.6,0.0000,-0.319984846091521,1,15,56,2000-07-06
000990.SZ,2016-01-21,16.44,16.03,17.16,15.03,16.7,-0.67,-4.01,41686.2,69355.5,1.4034,2.3434,0.82,84.8705,98.6158,2.6772,1.5494,1.7515,0.1871,0.1871,38768.4,29702.8,17788.9,621457.0,476136.0,2.999,18.37,15.03,0.0000,-0.03438661967495065,1,15,56,2000-07-06
000990.SZ,2016-01-22,16.3,16.54,16.8,15.86,16.03,0.51,3.18,42617.1,69888.7,1.4348,2.3957,0.85,87.5707,101.753,2.7624,1.5987,1.8072,0.1814,0.1814,38768.4,29702.8,17788.9,641229.0,491285.0,2.999,17.63,14.43,0.0000,0.07214786036521154,1,15,56,2000-07-06
000990.SZ,2016-01-25,16.8,17.12,17.25,16.6,16.54,0.58,3.51,40780.6,69400.5,1.373,2.2925,0.81,90.6415,105.321,2.8592,1.6548,1.8706,0.1752,0.1752,38768.4,29702.8,17788.9,663714.0,508513.0,2.999,18.19,14.89,0.0000,0.03334867642548349,1,15,56,2000-07-06
000990.SZ,2016-01-26,16.99,15.43,16.99,15.42,17.12,-1.69,-9.87,49121.0,79670.8,1.6537,2.7613,1.03,81.6938,94.9246,2.577,1.4914,1.686,0.1944,0.1944,38768.4,29702.8,17788.9,598196.0,458315.0,2.999,18.83,15.41,0.0000,-0.12216816990255058,1,15,56,2000-07-06
000990.SZ,2016-01-27,15.69,15.43,15.78,14.6,15.43,0.0,0.0,41907.9,63745.9,1.4109,2.3558,0.92,81.6938,94.9246,2.577,1.4914,1.686,0.1944,0.1944,38768.4,29702.8,17788.9,598196.0,458315.0,2.999,16.97,13.89,0.0000,-0.012099309556744703,1,15,56,2000-07-06
000990.SZ,2016-01-28,15.35,14.6,15.48,14.4,15.43,-0.83,-5.38,22069.9,33166.5,0.743,1.2407,0.51,77.2994,89.8185,2.4384,1.4112,1.5953,0.2055,0.2055,38768.4,29702.8,17788.9,566018.0,433661.0,2.999,16.97,13.89,0.0000,-0.03905647664362368,1,15,56,2000-07-06
000990.SZ,2016-01-29,14.72,15.48,15.72,14.7,14.6,0.88,6.03,46106.5,70819.0,1.5523,2.5919,1.17,81.9586,95.2322,2.5853,1.4963,1.6914,0.1938,0.1938,38768.4,29702.8,17788.9,600134.0,459800.0,2.999,16.06,13.14,0.0000,-0.08858346155889708,1,15,56,2000-07-06
000990.SZ,2016-02-01,15.47,15.57,15.85,15.21,15.48,0.09,0.58,31944.1,49632.0,1.0755,1.7957,0.8,82.4351,95.7859,2.6004,1.505,1.7013,0.1927,0.1927,38768.4,29702.8,17788.9,603623.0,462473.0,2.999,17.03,13.93,0.0000,-0.031724594314067,1,15,56,2000-07-06
000990.SZ,2016-02-02,15.65,16.14,16.34,15.55,15.57,0.57,3.66,33281.7,53316.6,1.1205,1.8709,0.87,85.4529,99.2925,2.6956,1.5601,1.7635,0.1859,0.1859,38768.4,29702.8,17788.9,625721.0,479404.0,2.999,17.13,14.01,0.0000,-0.03154877448067412,1,15,56,2000-07-06
000990.SZ,2016-02-03,15.81,16.04,16.15,15.6,16.14,-0.1,-0.62,25083.1,39694.6,0.8445,1.41,0.72,84.9235,98.6773,2.6789,1.5504,1.7526,0.187,0.187,38768.4,29702.8,17788.9,621845.0,476433.0,2.999,17.75,14.53,0.0000,-0.09381417321662543,1,15,56,2000-07-06
000990.SZ,2016-02-04,16.04,16.17,16.64,16.04,16.04,0.13,0.81,30660.1,50041.4,1.0322,1.7236,0.97,85.6117,99.477,2.7006,1.563,1.7668,0.1855,0.1855,38768.4,29702.8,17788.9,626884.0,480295.0,2.999,17.64,14.44,0.0000,-0.16078444078003196,1,15,56,2000-07-06
000990.SZ,2016-02-05,16.15,16.81,17.32,16.15,16.17,0.64,3.96,50291.3,84584.5,1.6931,2.8271,1.51,89.0002,103.414,2.8075,1.6248,1.8368,0.1785,0.1785,38768.4,29702.8,17788.9,651696.0,499305.0,2.999,17.79,14.55,0.0000,0.10032484409260618,1,15,56,2000-07-06
000990.SZ,2016-02-15,15.75,16.7,17.04,15.75,16.81,-0.11,-0.65,34302.8,56743.9,1.1549,1.9283,1.0,88.4178,102.738,2.7891,1.6142,1.8247,0.1796,0.1796,38768.4,29702.8,17788.9,647432.0,496037.0,2.999,18.49,15.13,0.0000,0.09274939279353075,1,15,56,2000-07-06
000990.SZ,2016-02-16,16.6,17.72,17.8,16.6,16.7,1.02,6.11,50018.8,86682.0,1.684,2.8118,1.44,93.8182,109.013,2.9594,1.7128,1.9362,0.1693,0.1693,38768.4,29702.8,17788.9,686975.0,526334.0,2.999,18.37,15.03,0.0000,0.2669372493629437,1,15,56,2000-07-06
000990.SZ,2016-02-17,17.69,17.3,17.69,17.06,17.72,-0.42,-2.37,41804.0,72476.0,1.4074,2.35,1.1,91.5945,106.429,2.8893,1.6722,1.8903,0.1734,0.1734,38768.4,29702.8,17788.9,670693.0,513859.0,2.999,19.49,15.95,0.0000,-0.1433678574235353,1,15,56,2000-07-06
000990.SZ,2016-02-18,18.7,17.81,19.03,17.8,17.3,0.51,2.95,110869.0,206462.0,3.7326,6.2325,2.68,94.2947,109.566,2.9745,1.7215,1.946,0.1684,0.1684,38768.4,29702.8,17788.9,690465.0,529008.0,2.999,19.03,15.57,0.0000,-0.021059499447368988,1,15,56,2000-07-06
000990.SZ,2016-02-19,17.32,17.39,17.6,17.12,17.81,-0.42,-2.36,60677.7,105301.0,2.0428,3.411,1.06,92.071,106.982,2.9043,1.6809,1.9001,0.1725,0.1725,38768.4,29702.8,17788.9,674182.0,516532.0,2.999,19.59,16.03,0.0000,-0.2661918502024999,1,15,56,2000-07-06
000990.SZ,2016-02-22,17.6,17.62,17.8,17.32,17.39,0.23,1.32,57205.7,100554.0,1.9259,3.2158,0.96,93.2887,108.397,2.9427,1.7031,1.9253,0.1703,0.1703,38768.4,29702.8,17788.9,683099.0,523364.0,2.999,19.13,15.65,0.0000,-0.005565151871708548,1,15,56,2000-07-06
000990.SZ,2016-02-23,17.7,17.85,18.11,17.6,17.62,0.23,1.31,53863.7,95930.4,1.8134,3.0279,0.84,94.5065,109.812,2.9811,1.7254,1.9504,0.1681,0.1681,38768.4,29702.8,17788.9,692015.0,530196.0,2.999,19.38,15.86,0.0000,0.07645654155128574,1,15,56,2000-07-06
000990.SZ,2016-02-24,17.78,17.4,17.78,17.02,17.85,-0.45,-2.52,56900.9,98589.7,1.9157,3.1987,0.88,92.124,107.044,2.906,1.6819,1.9012,0.1724,0.1724,38768.4,29702.8,17788.9,674570.0,516829.0,2.999,19.64,16.07,0.0000,-0.10137159027518026,1,15,56,2000-07-06
000990.SZ,2016-02-25,17.44,15.66,17.45,15.66,17.4,-1.74,-10.0,45869.0,75306.4,1.5443,2.5785,0.68,82.9116,96.3396,2.6154,1.5137,1.7111,0.1916,0.1916,38768.4,29702.8,17788.9,607113.0,465146.0,2.999,19.14,15.66,0.0000,-0.29281696215477876,1,15,56,2000-07-06
000990.SZ,2016-02-26,15.82,15.35,16.0,14.89,15.66,-0.31,-1.98,44701.9,68692.2,1.505,2.5129,0.81,81.2703,94.4324,2.5636,1.4837,1.6772,0.1954,0.1954,38768.4,29702.8,17788.9,595094.0,455938.0,2.999,17.23,14.09,0.0000,-0.29754861325578374,1,15,56,2000-07-06
000990.SZ,2016-02-29,15.26,14.09,15.41,13.82,15.35,-1.26,-8.21,54396.2,76838.1,1.8313,3.0579,1.05,74.5992,86.681,2.3532,1.3619,1.5395,0.2129,0.2129,38768.4,29702.8,17788.9,546246.0,418513.0,2.999,16.89,13.82,0.0000,-0.15679566682792395,1,15,56,2000-07-06
000990.SZ,2016-03-01,14.17,14.2,14.38,13.56,14.09,0.11,0.78,47505.2,66773.7,1.5993,2.6705,0.93,75.1816,87.3577,2.3716,1.3726,1.5516,0.2113,0.2113,38768.4,29702.8,17788.9,550511.0,421780.0,2.999,15.5,12.68,0.0000,0.04007367275986751,1,15,56,2000-07-06
000990.SZ,2016-03-02,14.2,15.01,15.38,14.08,14.2,0.81,5.7,63226.1,92138.2,2.1286,3.5543,1.27,79.4701,92.3408,2.5068,1.4508,1.6401,0.1999,0.1999,38768.4,29702.8,17788.9,581913.0,445840.0,2.999,15.62,12.78,0.0000,0.36027676841124867,1,15,56,2000-07-06
000990.SZ,2016-03-03,15.08,14.9,15.28,14.81,15.01,-0.11,-0.73,50655.9,76202.5,1.7054,2.8476,0.99,78.8878,91.6641,2.4885,1.4402,1.6281,0.2013,0.2013,38768.4,29702.8,17788.9,577649.0,442572.0,2.999,16.51,13.51,0.0000,-0.09592938538021167,1,15,56,2000-07-06
000990.SZ,2016-03-04,14.8,14.05,14.98,13.62,14.9,-0.85,-5.7,50974.9,72914.4,1.7162,2.8655,0.98,74.3874,86.4349,2.3465,1.3581,1.5352,0.2135,0.2135,38768.4,29702.8,17788.9,544696.0,417325.0,2.999,16.39,13.41,0.0000,-0.17846325484768327,1,15,56,2000-07-06
000990.SZ,2016-03-07,14.29,14.5,14.76,14.18,14.05,0.45,3.2,43806.8,63567.8,1.4748,2.4626,0.82,76.77,89.2033,2.4217,1.4015,1.5843,0.2069,0.2069,38768.4,29702.8,17788.9,562141.0,430691.0,2.999,15.46,12.65,0.0000,0.08406996899955191,1,15,56,2000-07-06
000990.SZ,2016-03-08,14.58,14.6,14.6,13.87,14.5,0.1,0.69,53480.0,75958.9,1.8005,3.0064,1.04,77.2994,89.8185,2.4384,1.4112,1.5953,0.2055,0.2055,38768.4,29702.8,17788.9,566018.0,433661.0,2.999,15.95,13.05,0.0000,-0.07226484754664887,1,15,56,2000-07-06
000990.SZ,2016-03-09,14.35,14.27,14.45,13.98,14.6,-0.33,-2.26,35263.6,50259.2,1.1872,1.9823,0.67,75.5522,87.7883,2.3832,1.3793,1.5592,0.2102,0.2102,38768.4,29702.8,17788.9,553225.0,423859.0,2.999,16.06,13.14,0.0000,0.011013855920806564,1,15,56,2000-07-06
000990.SZ,2016-03-10,14.3,14.24,14.56,13.99,14.27,-0.03,-0.21,42070.7,60367.3,1.4164,2.365,0.9,75.3934,87.6038,2.3782,1.3764,1.5559,0.2107,0.2107,38768.4,29702.8,17788.9,552062.0,422968.0,2.999,15.7,12.84,0.0000,-0.013381657042086355,1,15,56,2000-07-06
000990.SZ,2016-03-11,14.1,14.3,14.46,14.02,14.24,0.06,0.42,27252.6,38919.6,0.9175,1.532,0.6,75.7111,87.9729,2.3883,1.3822,1.5625,0.2098,0.2098,38768.4,29702.8,17788.9,554388.0,424751.0,2.999,15.66,12.82,0.0000,-0.1091726256781665,1,15,56,2000-07-06
000990.SZ,2016-03-14,14.55,15.27,15.43,14.39,14.3,0.97,6.78,58763.9,88408.6,1.9784,3.3034,1.46,80.8467,93.9403,2.5503,1.476,1.6685,0.1965,0.1965,38768.4,29702.8,17788.9,591993.0,453562.0,2.999,15.73,12.87,0.0000,0.22649669520902319,1,15,56,2000-07-06
000990.SZ,2016-05-06,16.8,16.8,16.8,16.8,15.27,1.53,10.02,4577.22,7689.73,0.1541,0.2573,0.11,53.7922,64.582,2.6969,1.6112,1.6041,0.1786,0.1786,38768.4,29702.8,17788.9,651308.0,499008.0,2.999,16.8,13.74,0.0000,0.21336487450509456,1,15,56,2000-07-06
000990.SZ,2016-05-09,18.48,17.2,18.48,16.94,16.8,0.4,2.38,288163.0,514645.0,9.7015,16.199,8.58,55.073,66.1197,2.7611,1.6495,1.6423,0.1744,0.1744,38768.4,29702.8,17788.9,666816.0,510889.0,2.999,18.48,15.12,0.0000,-0.3055483949035028,1,15,56,2000-07-06
000990.SZ,2016-05-10,16.88,15.48,16.88,15.48,17.2,-1.72,-10.0,166109.0,262465.0,5.5924,9.3378,1.97,49.5657,59.5077,2.485,1.4846,1.4781,0.1938,0.1938,38768.4,29702.8,17788.9,600134.0,459800.0,2.999,18.92,15.48,0.0000,-0.31201806931147585,1,15,56,2000-07-06
000990.SZ,2016-05-11,15.22,14.62,15.55,14.55,15.48,-0.86,-5.56,124325.0,185994.0,4.1856,6.9889,1.14,46.812,56.2017,2.3469,1.4021,1.396,0.2052,0.2052,38768.4,29702.8,17788.9,566794.0,434255.0,2.999,17.03,13.93,0.0000,-0.1093482779096487,1,15,56,2000-07-06
000990.SZ,2016-05-12,14.2,14.85,14.86,14.04,14.62,0.23,1.57,83939.8,122081.0,2.826,4.7187,0.65,47.5485,57.0859,2.3838,1.4242,1.4179,0.202,0.202,38768.4,29702.8,17788.9,575710.0,441087.0,2.999,16.08,13.16,0.0000,0.0182061378054309,1,15,56,2000-07-06
000990.SZ,2016-05-13,14.6,14.3,14.93,14.13,14.85,-0.55,-3.7,77794.3,112645.0,2.6191,4.3732,0.58,45.7874,54.9716,2.2955,1.3714,1.3654,0.2098,0.2098,38768.4,29702.8,17788.9,554388.0,424751.0,2.999,16.34,13.37,0.0000,-0.22652733940575823,1,15,56,2000-07-06
000990.SZ,2016-05-16,14.37,14.53,14.56,14.13,14.3,0.23,1.61,53508.9,76907.1,1.8015,3.008,0.36,46.5239,55.8558,2.3325,1.3935,1.3874,0.2065,0.2065,38768.4,29702.8,17788.9,563304.0,431582.0,2.999,15.73,12.87,0.0000,0.008704238413809708,1,15,56,2000-07-06
000990.SZ,2016-05-17,14.61,14.31,14.62,14.19,14.53,-0.22,-1.51,56273.6,80824.1,1.8946,3.1634,0.56,45.8195,55.01,2.2972,1.3724,1.3664,0.2096,0.2096,38768.4,29702.8,17788.9,554775.0,425048.0,2.999,15.98,13.08,0.0000,-0.21221344875591647,1,15,56,2000-07-06
000990.SZ,2016-05-18,14.14,13.79,14.16,13.58,14.31,-0.52,-3.63,68464.7,94683.1,2.305,3.8487,0.86,44.1545,53.0111,2.2137,1.3225,1.3167,0.2175,0.2175,38768.4,29702.8,17788.9,534616.0,409602.0,2.999,15.74,12.88,0.0000,0.01739388690122313,1,15,56,2000-07-06
000990.SZ,2016-05-19,13.72,13.68,14.08,13.67,13.79,-0.11,-0.8,46618.1,64710.5,1.5695,2.6206,0.69,43.8022,52.5882,2.196,1.312,1.3062,0.2193,0.2193,38768.4,29702.8,17788.9,530351.0,406335.0,2.999,15.17,12.41,0.0000,-0.13852323626053262,1,15,56,2000-07-06
000990.SZ,2016-05-20,13.73,15.05,15.05,13.57,13.68,1.37,10.01,88400.3,129986.0,2.9762,4.9694,1.46,48.1889,57.8547,2.4159,1.4433,1.437,0.1993,0.1993,38768.4,29702.8,17788.9,583464.0,447028.0,2.999,15.05,12.31,0.0000,0.2430766902013874,1,15,56,2000-07-06
000990.SZ,2016-05-23,15.68,15.6,15.77,15.19,15.05,0.55,3.65,193175.0,299232.0,6.5036,10.8593,3.08,49.9499,59.969,2.5042,1.4961,1.4895,0.1923,0.1923,38768.4,29702.8,17788.9,604786.0,463364.0,2.999,16.56,13.55,0.0000,-0.3182283561833274,1,15,56,2000-07-06
000990.SZ,2016-05-24,15.47,15.72,16.44,14.96,15.6,0.12,0.77,198710.0,311023.0,6.6899,11.1705,2.19,50.3342,60.4303,2.5235,1.5076,1.501,0.1908,0.1908,38768.4,29702.8,17788.9,609439.0,466929.0,2.999,17.16,14.04,0.0000,-0.051014558246412565,1,15,56,2000-07-06
000990.SZ,2016-05-25,15.88,15.96,16.96,15.75,15.72,0.24,1.53,232655.0,378766.0,7.8327,13.0787,1.95,51.1026,61.3529,2.562,1.5306,1.5239,0.188,0.188,38768.4,29702.8,17788.9,618743.0,474057.0,2.999,17.29,14.15,0.0000,-0.08203296960070948,1,15,56,2000-07-06
000990.SZ,2016-05-26,15.83,17.56,17.56,15.83,15.96,1.6,10.03,367198.0,625946.0,12.3624,20.642,2.42,56.2257,67.5036,2.8189,1.6841,1.6767,0.1708,0.1708,38768.4,29702.8,17788.9,680772.0,521582.0,2.999,17.56,14.36,0.0000,0.12577283352396929,1,15,56,2000-07-06
000990.SZ,2016-05-27,17.8,18.36,19.28,17.25,17.56,0.8,4.56,428019.0,769840.0,14.41,24.0611,1.98,58.7872,70.5789,2.9473,1.7608,1.7531,0.1634,0.1634,38768.4,29702.8,17788.9,711787.0,545344.0,2.999,19.32,15.8,0.0000,-0.17067183881339115,1,15,56,2000-07-06
000990.SZ,2016-05-30,17.91,17.5,18.22,17.4,18.36,-0.86,-4.68,261251.0,464903.0,8.7955,14.6862,0.92,56.0336,67.2729,2.8092,1.6783,1.6709,0.1714,,38768.4,29702.8,17788.9,678446.0,519800.0,2.999,20.2,16.52,0.0000,-0.051356840802850065,1,15,56,2000-07-06
000990.SZ,2016-05-31,17.47,18.03,18.3,17.43,17.5,0.53,3.03,261666.0,467635.0,8.8094,14.7095,0.88,57.7306,69.3104,2.8943,1.7291,1.7216,0.1664,,38768.4,29702.8,17788.9,698994.0,535542.0,2.999,19.25,15.75,0.0000,0.026690725670079282,1,15,56,2000-07-06
000990.SZ,2016-06-01,17.81,18.16,18.68,17.8,18.03,0.13,0.72,280018.0,512642.0,9.4273,15.7412,0.9,58.1468,69.8101,2.9152,1.7416,1.734,0.1652,,38768.4,29702.8,17788.9,704034.0,539404.0,2.999,19.83,16.23,0.0000,-0.07043169258962122,1,15,56,2000-07-06
000990.SZ,2016-06-02,18.15,18.66,18.76,17.59,18.16,0.5,2.75,269313.0,491665.0,9.0669,15.1394,0.84,59.7478,71.7322,2.9954,1.7896,1.7817,0.1608,,38768.4,29702.8,17788.9,723418.0,554255.0,2.999,19.98,16.34,0.0000,-0.030009602359873457,1,15,56,2000-07-06
000990.SZ,2016-06-03,18.44,17.99,18.5,17.8,18.66,-0.67,-3.59,195440.0,353621.0,6.5798,10.9867,0.65,57.6025,69.1566,2.8879,1.7253,1.7177,0.1668,,38768.4,29702.8,17788.9,697443.0,534354.0,2.999,20.53,16.79,0.0000,-0.26717992536601903,1,15,56,2000-07-06
000990.SZ,2016-06-06,17.9,18.7,18.88,17.7,17.99,0.71,3.95,222219.0,406729.0,7.4814,12.492,0.88,59.8759,71.8859,3.0019,1.7934,1.7855,0.1604,,38768.4,29702.8,17788.9,724968.0,555443.0,2.999,19.79,16.19,0.0000,0.06523420863511509,1,15,56,2000-07-06
000990.SZ,2016-06-07,18.62,19.41,20.0,18.47,18.7,0.71,3.8,315801.0,609625.0,10.632,17.7527,1.29,62.1492,74.6153,3.1158,1.8615,1.8533,0.1546,,38768.4,29702.8,17788.9,752494.0,576532.0,2.999,20.57,16.83,0.0000,0.007011472655057976,1,15,56,2000-07-06
000990.SZ,2016-06-08,19.16,18.72,19.31,18.41,19.41,-0.69,-3.55,185620.0,349485.0,6.2492,10.4346,0.72,59.9399,71.9628,3.0051,1.7953,1.7874,0.1603,,38768.4,29702.8,17788.9,725744.0,556037.0,2.999,21.35,17.47,0.0000,-0.11111152282082329,1,15,56,2000-07-06
000990.SZ,2016-06-13,18.3,16.85,18.3,16.85,18.72,-1.87,-9.99,172641.0,303758.0,5.8123,9.705,0.73,53.9523,64.7742,2.7049,1.616,1.6089,0.178,,38768.4,29702.8,17788.9,653247.0,500493.0,2.999,20.59,16.85,0.0000,-0.2821865719129753,1,15,56,2000-07-06
000990.SZ,2016-06-14,16.74,16.64,16.87,16.32,16.82,-0.18,-1.07,98398.1,163516.0,3.3128,5.5314,0.45,53.2799,63.967,2.6841,1.5958,1.5888,0.1803,0.1803,38768.4,29702.8,17788.9,645106.0,494255.0,3.004,18.5,15.14,0.0000,-0.005682340056580286,1,15,56,2000-07-06
000990.SZ,2016-06-15,16.33,17.27,17.49,16.25,16.64,0.63,3.79,122088.0,209729.0,4.1103,6.8632,0.61,55.2971,66.3888,2.7857,1.6562,1.649,0.1737,0.1737,38768.4,29702.8,17788.9,669530.0,512968.0,3.004,18.3,14.98,0.0000,0.003942176239708963,1,15,56,2000-07-06
000990.SZ,2016-06-16,17.31,17.55,18.3,17.1,17.27,0.28,1.62,147561.0,262654.0,4.9679,8.2951,0.82,56.1937,67.4652,2.8309,1.6831,1.6757,0.1709,0.1709,38768.4,29702.8,17788.9,680385.0,521285.0,3.004,19.0,15.54,0.0000,-0.010701188875934436,1,15,56,2000-07-06
000990.SZ,2016-06-17,17.55,17.55,18.43,17.28,17.55,0.0,0.0,125763.0,223864.0,4.234,7.0698,0.87,56.1937,67.4652,2.8309,1.6831,1.6757,0.1709,0.1709,38768.4,29702.8,17788.9,680385.0,521285.0,3.004,19.31,15.8,0.0000,-0.18368131314927372,1,15,56,2000-07-06
000990.SZ,2016-06-20,17.41,17.81,17.98,16.8,17.55,0.26,1.48,183409.0,321574.0,6.1748,10.3103,1.38,57.0262,68.4646,2.8728,1.708,1.7005,0.1684,0.1684,38768.4,29702.8,17788.9,690465.0,529008.0,3.004,19.31,15.8,0.0000,-0.008790745511878037,1,15,56,2000-07-06
000990.SZ,2016-06-21,18.08,17.17,18.39,17.0,17.81,-0.64,-3.59,186959.0,332583.0,6.2943,10.5099,1.38,54.9769,66.0044,2.7696,1.6467,1.6394,0.1747,0.1747,38768.4,29702.8,17788.9,665653.0,509998.0,3.004,19.59,16.03,0.0000,-0.15067028217903922,1,15,56,2000-07-06
000990.SZ,2016-06-22,16.93,17.69,17.8,16.85,17.17,0.52,3.03,144361.0,251717.0,4.8602,8.1152,0.94,56.6419,68.0033,2.8535,1.6965,1.6891,0.1696,0.1696,38768.4,29702.8,17788.9,685812.0,525443.0,3.004,18.89,15.45,0.0000,0.06764533410733475,1,15,56,2000-07-06
000990.SZ,2016-06-23,17.5,17.27,17.7,17.0,17.69,-0.42,-2.37,110069.0,190437.0,3.7057,6.1875,0.7,55.2971,66.3888,2.7857,1.6562,1.649,0.1737,0.1737,38768.4,29702.8,17788.9,669530.0,512968.0,3.004,19.46,15.92,0.0000,-0.1937448924737663,1,15,56,2000-07-06
000990.SZ,2016-06-24,17.08,16.59,17.41,15.7,17.27,-0.68,-3.94,145843.0,243679.0,4.9101,8.1986,0.97,53.1198,63.7748,2.676,1.591,1.5841,0.1808,0.1808,38768.4,29702.8,17788.9,643167.0,492770.0,3.004,19.0,15.54,0.0000,-0.24379092485705023,1,15,56,2000-07-06
000990.SZ,2016-06-27,16.5,17.15,17.2,16.26,16.59,0.56,3.38,87811.5,148905.0,2.9563,4.9363,0.57,54.9129,65.9275,2.7664,1.6447,1.6375,0.1749,0.1749,38768.4,29702.8,17788.9,664877.0,509404.0,3.004,18.25,14.93,0.0000,0.17783053776767047,1,15,56,2000-07-06
000990.SZ,2016-06-28,16.99,17.29,17.42,16.99,17.15,0.14,0.82,90361.1,155520.0,3.0422,5.0796,0.67,55.3612,66.4657,2.789,1.6582,1.6509,0.1735,0.1735,38768.4,29702.8,17788.9,670305.0,513562.0,3.004,18.87,15.44,0.0000,-0.0012994144687669838,1,15,56,2000-07-06
000990.SZ,2016-06-29,17.3,17.19,17.6,17.08,17.29,-0.1,-0.58,78075.8,134706.0,2.6286,4.389,0.67,55.041,66.0813,2.7728,1.6486,1.6413,0.1745,0.1745,38768.4,29702.8,17788.9,666428.0,510592.0,3.004,19.02,15.56,0.0000,-0.1095228353602726,1,15,56,2000-07-06
000990.SZ,2016-06-30,17.36,17.67,17.91,17.3,17.19,0.48,2.79,160949.0,284031.0,5.4186,9.0477,1.57,56.5779,67.9265,2.8503,1.6946,1.6872,0.1698,0.1698,38768.4,29702.8,17788.9,685037.0,524849.0,3.004,18.91,15.47,0.0000,-0.03726413994236713,1,15,56,2000-07-06
000990.SZ,2016-07-01,17.51,17.31,17.61,17.21,17.67,-0.36,-2.04,85174.2,147954.0,2.8675,4.7881,0.76,55.4252,66.5426,2.7922,1.6601,1.6528,0.1733,0.1733,38768.4,29702.8,17788.9,671080.0,514156.0,3.004,19.44,15.9,0.0000,-0.30849000613174454,1,15,56,2000-07-06
000990.SZ,2016-07-04,17.0,17.4,17.58,16.8,17.31,0.09,0.52,85216.8,147573.0,2.869,4.7905,0.85,55.7134,66.8885,2.8067,1.6687,1.6614,0.1724,0.1724,38768.4,29702.8,17788.9,674570.0,516829.0,3.004,19.04,15.58,0.0000,0.06782601666955855,1,15,56,2000-07-06
000990.SZ,2016-07-05,17.48,17.43,17.52,17.11,17.4,0.03,0.17,78526.1,136253.0,2.6437,4.4143,0.79,55.8094,67.0039,2.8115,1.6716,1.6643,0.1721,0.1721,38768.4,29702.8,17788.9,675733.0,517720.0,3.004,19.14,15.66,0.0000,-0.14163705068775537,1,15,56,2000-07-06
000990.SZ,2016-07-06,17.3,17.2,17.42,17.11,17.43,-0.23,-1.32,61344.4,105622.0,2.0653,3.4485,0.63,55.073,66.1197,2.7744,1.6495,1.6423,0.1744,0.1744,38768.4,29702.8,17788.9,666816.0,510889.0,3.004,19.17,15.69,0.0000,-0.2850165825770321,1,15,56,2000-07-06
000990.SZ,2016-07-07,17.2,17.25,17.43,16.99,17.2,0.05,0.29,80961.4,139430.0,2.7257,4.5512,0.86,55.2331,66.3119,2.7825,1.6543,1.6471,0.1739,0.1739,38768.4,29702.8,17788.9,668754.0,512374.0,3.004,18.92,15.48,0.0000,-0.08845288938410653,1,15,56,2000-07-06
000990.SZ,2016-07-08,17.3,17.09,17.32,17.04,17.25,-0.16,-0.93,54719.7,93941.6,1.8422,3.0761,0.7,54.7208,65.6968,2.7567,1.639,1.6318,0.1755,0.1755,38768.4,29702.8,17788.9,662551.0,507621.0,3.004,18.98,15.53,0.0000,-0.20373097251584377,1,15,56,2000-07-06
000990.SZ,2016-07-11,17.09,17.33,17.7,17.0,17.09,0.24,1.4,104223.0,180469.0,3.5089,5.8589,1.44,55.4892,66.6194,2.7954,1.662,1.6547,0.1731,0.1731,38768.4,29702.8,17788.9,671856.0,514750.0,3.004,18.8,15.38,0.0000,0.12298590753488829,1,15,56,2000-07-06
000990.SZ,2016-07-12,17.21,17.16,17.45,16.68,17.33,-0.17,-0.98,75507.4,128708.0,2.5421,4.2446,0.99,54.9449,65.9659,2.768,1.6457,1.6385,0.1748,0.1748,38768.4,29702.8,17788.9,665265.0,509701.0,3.004,19.06,15.6,0.0000,-0.4126966104401488,1,15,56,2000-07-06
000990.SZ,2016-07-13,17.16,17.5,17.58,17.1,17.16,0.34,1.98,91222.9,158594.0,3.0712,5.1281,1.21,56.0336,67.2729,2.8228,1.6783,1.6709,0.1714,0.1714,38768.4,29702.8,17788.9,678446.0,519800.0,3.004,18.88,15.44,0.0000,0.21763778668663414,1,15,56,2000-07-06
000990.SZ,2016-07-14,17.1,17.15,17.42,17.01,17.5,-0.35,-2.0,74952.6,128730.0,2.5234,4.2135,0.92,54.9129,65.9275,2.7664,1.6447,1.6375,0.1749,0.1749,38768.4,29702.8,17788.9,664877.0,509404.0,3.004,19.25,15.75,0.0000,-0.262843109361602,1,15,56,2000-07-06
000990.SZ,2016-07-15,17.18,16.99,17.25,16.94,17.15,-0.16,-0.93,40000.9,68187.5,1.3467,2.2486,0.5,54.4006,65.3124,2.7406,1.6294,1.6223,0.1766,0.1766,38768.4,29702.8,17788.9,658674.0,504651.0,3.004,18.87,15.44,0.0000,-0.3137504208531287,1,15,56,2000-07-06
000990.SZ,2016-07-18,16.9,16.53,16.98,16.43,16.99,-0.46,-2.71,71625.8,119120.0,2.4114,4.0264,0.93,52.9277,63.5441,2.6664,1.5853,1.5783,0.1815,0.1815,38768.4,29702.8,17788.9,640841.0,490988.0,3.004,18.69,15.29,0.0000,-0.313183285822486,1,15,56,2000-07-06
000990.SZ,2016-07-19,16.52,16.38,16.52,16.1,16.53,-0.15,-0.91,58364.4,94947.0,1.9649,3.281,0.83,52.4474,62.9675,2.6422,1.5709,1.564,0.1832,0.1832,38768.4,29702.8,17788.9,635026.0,486532.0,3.004,18.18,14.88,0.0000,-0.2738172305084444,1,15,56,2000-07-06
000990.SZ,2016-07-20,16.49,16.68,16.87,16.3,16.38,0.3,1.83,52543.0,87638.8,1.769,2.9537,0.78,53.408,64.1207,2.6906,1.5997,1.5927,0.1799,0.1799,38768.4,29702.8,17788.9,646656.0,495443.0,3.004,18.02,14.74,0.0000,0.14657413907768538,1,15,56,2000-07-06
000990.SZ,2016-07-21,16.77,16.53,16.77,16.43,16.68,-0.15,-0.9,35301.3,58631.9,1.1885,1.9845,0.59,52.9277,63.5441,2.6664,1.5853,1.5783,0.1815,0.1815,38768.4,29702.8,17788.9,640841.0,490988.0,3.004,18.35,15.01,0.0000,-0.2302028036925495,1,15,56,2000-07-06
000990.SZ,2016-07-22,16.53,16.25,16.7,16.2,16.53,-0.28,-1.69,40808.2,67149.1,1.3739,2.294,0.79,52.0312,62.4677,2.6212,1.5584,1.5516,0.1846,0.1846,38768.4,29702.8,17788.9,629986.0,482671.0,3.004,18.18,14.88,0.0000,-0.3067766270437294,1,15,56,2000-07-06
000990.SZ,2016-07-25,16.22,16.29,16.38,16.17,16.25,0.04,0.25,29348.6,47776.6,0.9881,1.6498,0.57,52.1593,62.6215,2.6277,1.5623,1.5554,0.1842,0.1842,38768.4,29702.8,17788.9,631537.0,483859.0,3.004,17.88,14.63,0.0000,-0.22382415733393315,1,15,56,2000-07-06
000990.SZ,2016-07-26,16.29,16.35,16.4,16.2,16.29,0.06,0.37,56546.7,92174.7,1.9037,3.1788,1.31,52.3514,62.8522,2.6373,1.568,1.5611,0.1835,0.1835,38768.4,29702.8,17788.9,633863.0,485641.0,3.004,17.92,14.66,0.0000,0.04525349933857831,1,15,56,2000-07-06
000990.SZ,2016-07-27,16.41,15.3,16.69,15.01,16.35,-1.05,-6.42,99102.3,157932.0,3.3365,5.571,2.31,48.9894,58.8158,2.468,1.4673,1.4609,0.1961,0.1961,38768.4,29702.8,17788.9,593156.0,454453.0,3.004,17.99,14.72,0.0000,-0.22171963114039753,1,15,56,2000-07-06
000990.SZ,2016-07-28,15.36,15.21,15.59,15.02,15.3,-0.09,-0.59,55472.0,84843.4,1.8676,3.1184,1.06,48.7012,58.4698,2.4534,1.4587,1.4523,0.1972,0.1972,38768.4,29702.8,17788.9,589667.0,451780.0,3.004,16.83,13.77,0.0000,-0.16922046543658445,1,15,56,2000-07-06
000990.SZ,2016-07-29,15.23,15.32,15.38,15.03,15.21,0.11,0.72,39648.5,60354.5,1.3348,2.2288,0.7,49.0534,58.8927,2.4712,1.4692,1.4628,0.1958,0.1958,38768.4,29702.8,17788.9,593931.0,455047.0,3.004,16.73,13.69,0.0000,-0.17127027852278398,1,15,56,2000-07-06
000990.SZ,2016-08-01,15.4,15.15,15.47,14.81,15.32,-0.17,-1.11,46726.6,70083.2,1.5731,2.6267,0.83,48.5091,69.6465,2.4505,1.4529,1.5671,0.198,0.198,38768.4,29702.8,17788.9,587341.0,449998.0,3.004,16.85,13.79,0.0000,-0.15038318730673,1,15,56,2000-07-06
000990.SZ,2016-08-02,15.16,15.59,15.7,15.06,15.15,0.44,2.9,58545.9,90668.4,1.9711,3.2912,0.98,49.9179,71.6693,2.5216,1.4951,1.6126,0.1924,0.1924,38768.4,29702.8,17788.9,604399.0,463067.0,3.004,16.67,13.64,0.0000,0.27187023795952336,1,15,56,2000-07-06
000990.SZ,2016-08-03,15.41,15.33,15.62,15.28,15.59,-0.26,-1.67,36831.9,56846.1,1.24,2.0705,0.61,49.0854,70.474,2.4796,1.4702,1.5858,0.1957,0.1957,38768.4,29702.8,17788.9,594319.0,455344.0,3.004,17.15,14.03,0.0000,-0.3233762295720957,1,15,56,2000-07-06
000990.SZ,2016-08-04,15.32,15.36,15.45,15.16,15.33,0.03,0.2,26871.3,41142.6,0.9047,1.5106,0.57,49.1815,70.6119,2.4844,1.4731,1.5889,0.1953,0.1953,38768.4,29702.8,17788.9,595482.0,456236.0,3.004,16.86,13.8,0.0000,-0.09574552870110672,1,15,56,2000-07-06
000990.SZ,2016-08-05,15.39,15.49,15.57,15.2,15.36,0.13,0.85,47204.1,72816.5,1.5892,2.6536,1.13,49.5977,71.2096,2.5055,1.4855,1.6023,0.1937,0.1937,38768.4,29702.8,17788.9,600522.0,460097.0,3.004,16.9,13.82,0.0000,-0.2394005711034472,1,15,56,2000-07-06
000990.SZ,2016-08-08,15.5,15.51,15.54,15.25,15.49,0.02,0.13,30666.7,47302.3,1.0324,1.7239,0.71,49.6618,71.3015,2.5087,1.4875,1.6044,0.1934,0.1934,38768.4,29702.8,17788.9,601297.0,460691.0,3.004,17.04,13.94,0.0000,-0.12701742147943998,1,15,56,2000-07-06
000990.SZ,2016-08-09,15.54,15.78,15.86,15.53,15.51,0.27,1.74,37780.0,59488.9,1.2719,2.1238,0.94,50.5263,72.5427,2.5524,1.5134,1.6323,0.1901,0.1901,38768.4,29702.8,17788.9,611765.0,468711.0,3.004,17.06,13.96,0.0000,0.0750481584977079,1,15,56,2000-07-06
000990.SZ,2016-08-10,15.85,15.68,16.08,15.66,15.78,-0.1,-0.63,33822.6,53604.5,1.1387,1.9013,0.94,50.2061,72.083,2.5362,1.5038,1.622,0.1913,0.1913,38768.4,29702.8,17788.9,607888.0,465740.0,3.004,17.36,14.2,0.0000,-0.016750878430139463,1,15,56,2000-07-06
000990.SZ,2016-08-11,15.65,15.53,15.77,15.51,15.68,-0.15,-0.96,23637.9,36950.6,0.7958,1.3288,0.67,49.7258,71.3935,2.5119,1.4894,1.6064,0.1932,0.1932,38768.4,29702.8,17788.9,602073.0,461285.0,3.004,17.25,14.11,0.0000,-0.0014501815022694283,1,15,56,2000-07-06
000990.SZ,2016-08-12,15.66,15.63,15.66,15.32,15.53,0.1,0.64,29700.1,45959.8,0.9999,1.6696,0.86,50.046,71.8532,2.5281,1.499,1.6168,0.1919,0.1919,38768.4,29702.8,17788.9,605950.0,464255.0,3.004,17.08,13.98,0.0000,-0.021849873779844393,1,15,56,2000-07-06
000990.SZ,2016-08-15,15.63,15.9,16.0,15.55,15.63,0.27,1.73,43709.7,69196.2,1.4716,2.4571,1.4,50.9105,73.0944,2.5718,1.5249,1.6447,0.1887,0.1887,38768.4,29702.8,17788.9,616417.0,472275.0,3.004,17.19,14.07,0.0000,0.0412290665064882,1,15,56,2000-07-06
000990.SZ,2016-08-16,15.92,15.97,16.08,15.85,15.9,0.07,0.44,40079.1,63925.0,1.3493,2.253,1.19,51.1346,73.4162,2.5831,1.5316,1.652,0.1879,0.1879,38768.4,29702.8,17788.9,619131.0,474354.0,3.004,17.49,14.31,0.0000,0.09062345561924776,1,15,56,2000-07-06
000990.SZ,2016-08-17,16.08,16.01,16.1,15.91,15.97,0.04,0.25,30048.1,48090.9,1.0116,1.6892,0.88,51.2627,73.6001,2.5896,1.5354,1.6561,0.1874,0.1874,38768.4,29702.8,17788.9,620682.0,475542.0,3.004,17.57,14.37,0.0000,0.054615708386518906,1,15,56,2000-07-06
000990.SZ,2016-08-18,16.08,16.04,16.14,15.95,16.01,0.03,0.19,31685.0,50838.3,1.0667,1.7812,0.95,51.3588,73.738,2.5944,1.5383,1.6592,0.187,0.187,38768.4,29702.8,17788.9,621845.0,476433.0,3.004,17.61,14.41,0.0000,-0.025308645497702533,1,15,56,2000-07-06
000990.SZ,2016-08-19,16.03,17.45,17.64,16.0,16.04,1.41,8.79,174821.0,302668.0,5.8857,9.8276,4.99,55.8735,80.2199,2.8225,1.6735,1.805,0.1719,0.1719,38768.4,29702.8,17788.9,676508.0,518314.0,3.004,17.64,14.44,0.0000,-0.16043849076006,1,15,56,2000-07-06
000990.SZ,2016-08-22,17.5,16.68,17.5,16.63,17.45,-0.77,-4.41,98331.0,167517.0,3.3105,5.5277,1.53,53.408,76.6802,2.6979,1.5997,1.7254,0.1799,0.1799,38768.4,29702.8,17788.9,646656.0,495443.0,3.004,19.2,15.71,0.0000,-0.1483427628347053,1,15,56,2000-07-06
000990.SZ,2016-08-23,16.75,17.95,18.23,16.69,16.68,1.27,7.61,176228.0,312758.0,5.933,9.9067,2.35,57.4744,82.5185,2.9034,1.7215,1.8568,0.1671,0.1671,38768.4,29702.8,17788.9,695892.0,533166.0,3.004,18.35,15.01,0.0000,0.20758812937925544,1,15,56,2000-07-06
000990.SZ,2016-08-24,18.0,17.97,18.1,17.6,17.95,0.02,0.11,104467.0,186339.0,3.5171,5.8726,1.02,57.5385,82.6105,2.9066,1.7234,1.8588,0.1669,0.1669,38768.4,29702.8,17788.9,696668.0,533760.0,3.004,19.75,16.16,0.0000,-0.16372309505706092,1,15,56,2000-07-06
000990.SZ,2016-08-25,17.73,17.72,17.84,17.37,17.97,-0.25,-1.39,83065.5,146607.0,2.7966,4.6695,0.71,56.738,81.4612,2.8662,1.6994,1.833,0.1693,0.1693,38768.4,29702.8,17788.9,686975.0,526334.0,3.004,19.77,16.17,0.0000,0.026621013222663394,1,15,56,2000-07-06
000990.SZ,2016-08-26,17.92,17.4,17.95,17.03,17.72,-0.32,-1.81,91113.0,159468.0,3.0675,5.1219,0.72,55.7134,79.9901,2.8144,1.6687,1.7999,0.1724,0.1724,38768.4,29702.8,17788.9,674570.0,516829.0,3.004,19.49,15.95,0.0000,-0.1297449332993612,1,15,56,2000-07-06
000990.SZ,2016-08-29,17.58,17.75,18.07,17.2,17.4,0.35,2.01,74923.7,132188.0,2.5224,4.2118,0.68,56.8341,81.5991,2.871,1.7023,1.8361,0.169,0.169,38768.4,29702.8,17788.9,688138.0,527225.0,3.004,19.14,15.66,0.0000,0.05685041249924969,1,15,56,2000-07-06
000990.SZ,2016-08-30,17.66,17.51,18.0,17.51,17.75,-0.24,-1.35,58113.1,103085.0,1.9565,3.2668,0.55,56.0656,80.4958,2.8322,1.6793,1.8113,0.1713,0.1713,38768.4,29702.8,17788.9,678834.0,520097.0,3.004,19.53,15.98,0.0000,-0.06321087976727674,1,15,56,2000-07-06
000990.SZ,2016-08-31,17.32,17.73,18.38,17.16,17.51,0.22,1.26,83682.8,148392.0,2.8173,4.7042,1.02,56.77,81.5071,2.8678,1.7004,1.834,0.1692,0.1692,38768.4,29702.8,17788.9,687363.0,526631.0,3.004,19.26,15.76,0.0000,0.0031338812110138117,1,15,56,2000-07-06
000990.SZ,2016-09-01,17.83,17.41,17.84,17.41,17.73,-0.32,-1.8,55004.9,96704.3,1.8518,3.0921,0.7,55.7454,80.0361,2.816,1.6697,1.8009,0.1723,0.1723,38768.4,29702.8,17788.9,674957.0,517126.0,3.004,19.5,15.96,0.0000,-0.09023817073027436,1,15,56,2000-07-06
000990.SZ,2016-09-02,17.37,17.26,17.62,17.1,17.41,-0.15,-0.86,36894.5,63983.6,1.2421,2.074,0.51,55.2651,79.3465,2.7918,1.6553,1.7854,0.1738,0.1738,38768.4,29702.8,17788.9,669142.0,512671.0,3.004,19.15,15.67,0.0000,-0.1516174136722507,1,15,56,2000-07-06
000990.SZ,2016-09-05,17.23,17.01,17.45,16.99,17.26,-0.25,-1.45,34733.2,59813.7,1.1694,1.9525,0.56,54.4646,78.1972,2.7513,1.6313,1.7595,0.1764,0.1764,38768.4,29702.8,17788.9,659450.0,505245.0,3.004,18.99,15.53,0.0000,-0.2431555916390614,1,15,56,2000-07-06
000990.SZ,2016-09-06,17.05,17.3,17.39,16.99,17.01,0.29,1.7,35331.9,60675.2,1.1895,1.9862,0.66,55.3932,79.5304,2.7982,1.6591,1.7895,0.1734,0.1734,38768.4,29702.8,17788.9,670693.0,513859.0,3.004,18.71,15.31,0.0000,-0.045270802701966074,1,15,56,2000-07-06
000990.SZ,2016-09-07,17.33,17.4,17.56,17.17,17.3,0.1,0.58,62275.9,108054.0,2.0966,3.5008,1.27,55.7134,79.9901,2.8144,1.6687,1.7999,0.1724,0.1724,38768.4,29702.8,17788.9,674570.0,516829.0,3.004,19.03,15.57,0.0000,-0.08456685447632029,1,15,56,2000-07-06
000990.SZ,2016-09-08,17.45,17.42,17.79,17.32,17.4,0.02,0.11,47531.8,83186.8,1.6002,2.672,1.06,55.7774,80.082,2.8176,1.6706,1.8019,0.1722,0.1722,38768.4,29702.8,17788.9,675345.0,517423.0,3.004,19.14,15.66,0.0000,0.031706324101562815,1,15,56,2000-07-06
000990.SZ,2016-09-09,17.48,17.2,17.6,17.2,17.42,-0.22,-1.26,31634.8,54824.3,1.065,1.7783,0.73,55.073,79.0707,2.782,1.6495,1.7792,0.1744,0.1744,38768.4,29702.8,17788.9,666816.0,510889.0,3.004,19.16,15.68,0.0000,-0.16490097869972806,1,15,56,2000-07-06
000990.SZ,2016-09-12,16.75,16.6,16.97,16.51,17.2,-0.6,-3.49,51996.8,87031.0,1.7506,2.923,1.23,53.1518,76.3124,2.685,1.592,1.7171,0.1807,0.1807,38768.4,29702.8,17788.9,643555.0,493067.0,3.004,18.92,15.48,0.0000,-0.14953067303892126,1,15,56,2000-07-06
000990.SZ,2016-09-13,16.68,16.53,16.79,16.48,16.6,-0.07,-0.42,29340.9,48662.7,0.9878,1.6494,0.64,52.9277,75.9906,2.6737,1.5853,1.7099,0.1815,0.1815,38768.4,29702.8,17788.9,640841.0,490988.0,3.004,18.26,14.94,0.0000,-0.2479814073955213,1,15,56,2000-07-06
000990.SZ,2016-09-14,16.56,16.66,16.78,16.23,16.53,0.13,0.79,38782.4,64338.5,1.3057,2.1801,0.87,53.344,76.5882,2.6947,1.5977,1.7233,0.1801,0.1801,38768.4,29702.8,17788.9,645881.0,494849.0,3.004,18.18,14.88,0.0000,-0.18468045689233561,1,15,56,2000-07-06
000990.SZ,2016-09-19,16.61,16.82,16.92,16.61,16.66,0.16,0.96,19909.9,33421.9,0.6703,1.1192,0.5,53.8563,77.3237,2.7206,1.6131,1.7399,0.1784,0.1784,38768.4,29702.8,17788.9,652084.0,499602.0,3.004,18.33,14.99,0.0000,-0.12481952913862848,1,15,56,2000-07-06
000990.SZ,2016-09-20,16.86,16.64,16.86,16.61,16.82,-0.18,-1.07,18453.3,30766.2,0.6213,1.0374,0.54,53.2799,76.4963,2.6915,1.5958,1.7213,0.1803,0.1803,38768.4,29702.8,17788.9,645106.0,494255.0,3.004,18.5,15.14,0.0000,-0.14834510290302508,1,15,56,2000-07-06
000990.SZ,2016-09-21,16.71,16.69,16.82,16.6,16.64,0.05,0.3,24192.1,40399.7,0.8145,1.36,0.76,53.44,76.7261,2.6996,1.6006,1.7264,0.1797,0.1797,38768.4,29702.8,17788.9,647044.0,495740.0,3.004,18.3,14.98,0.0000,-0.2598909566639749,1,15,56,2000-07-06
000990.SZ,2016-09-22,16.74,16.85,16.95,16.69,16.69,0.16,0.96,28417.4,47803.1,0.9567,1.5975,1.09,53.9523,77.4617,2.7254,1.616,1.743,0.178,0.178,38768.4,29702.8,17788.9,653247.0,500493.0,3.004,18.36,15.02,0.0000,-0.10847917861045395,1,15,56,2000-07-06
000990.SZ,2016-09-23,16.93,16.84,16.99,16.82,16.85,-0.01,-0.06,24678.0,41632.1,0.8308,1.3873,0.95,53.9203,77.4157,2.7238,1.615,1.7419,0.1781,0.1781,38768.4,29702.8,17788.9,652859.0,500196.0,3.004,18.54,15.17,0.0000,-0.19545410533933347,1,15,56,2000-07-06
000990.SZ,2016-09-26,16.77,16.8,17.15,16.6,16.84,-0.04,-0.24,41546.5,70275.1,1.3987,2.3355,1.8,53.7922,77.2318,2.7173,1.6112,1.7378,0.1786,0.1786,38768.4,29702.8,17788.9,651308.0,499008.0,3.004,18.52,15.16,0.0000,-0.0049619740752399125,1,15,56,2000-07-06
000990.SZ,2016-09-27,16.71,17.11,17.13,16.7,16.8,0.31,1.85,32171.8,54603.3,1.0831,1.8085,1.17,54.7848,78.6569,2.7675,1.6409,1.7699,0.1753,0.1753,38768.4,29702.8,17788.9,663327.0,508216.0,3.004,18.48,15.12,0.0000,0.113656766496949,1,15,56,2000-07-06
000990.SZ,2016-09-28,17.19,17.6,17.76,17.17,17.11,0.49,2.86,78958.3,138631.0,2.6583,4.4386,2.61,56.3538,80.9095,2.8467,1.6879,1.8206,0.1705,0.1705,38768.4,29702.8,17788.9,682323.0,522770.0,3.004,18.82,15.4,0.0000,0.13579518435582497,1,15,56,2000-07-06
000990.SZ,2016-09-29,17.55,17.37,17.69,17.33,17.6,-0.23,-1.31,46168.2,81010.2,1.5543,2.5953,1.12,55.6173,79.8522,2.8095,1.6658,1.7968,0.1727,0.1727,38768.4,29702.8,17788.9,673406.0,515938.0,3.004,19.36,15.84,0.0000,-0.07262053809299088,1,15,56,2000-07-06
000990.SZ,2016-09-30,17.37,17.49,17.66,17.37,17.37,0.12,0.69,25959.3,45442.3,0.874,1.4593,0.58,56.0016,80.4038,2.829,1.6773,1.8092,0.1715,0.1715,38768.4,29702.8,17788.9,678059.0,519503.0,3.004,19.11,15.63,0.0000,-0.12535698539774692,1,15,56,2000-07-06
000990.SZ,2016-10-10,17.49,17.75,17.86,17.49,17.49,0.26,1.49,43146.9,76409.6,1.4526,2.4255,0.96,56.8341,81.5991,2.871,1.7023,1.8361,0.169,0.169,38768.4,29702.8,17788.9,688138.0,527225.0,3.004,19.24,15.74,0.0000,0.01581077946369527,1,15,56,2000-07-06
000990.SZ,2016-10-11,17.7,17.66,17.85,17.63,17.75,-0.09,-0.51,34660.0,61480.4,1.1669,1.9484,0.77,56.5459,81.1853,2.8565,1.6936,1.8268,0.1699,0.1699,38768.4,29702.8,17788.9,684649.0,524552.0,3.004,19.53,15.98,0.0000,-0.07199771415696776,1,15,56,2000-07-06
000990.SZ,2016-10-12,17.6,17.7,17.81,17.31,17.66,0.04,0.23,44688.4,78413.1,1.5045,2.5122,0.98,56.674,81.3692,2.8629,1.6975,1.8309,0.1695,0.1695,38768.4,29702.8,17788.9,686200.0,525740.0,3.004,19.43,15.89,0.0000,-0.15553628654424068,1,15,56,2000-07-06
000990.SZ,2016-10-13,17.66,17.65,17.82,17.53,17.7,-0.05,-0.28,23681.8,41714.3,0.7973,1.3313,0.61,56.5139,81.1394,2.8548,1.6927,1.8257,0.17,0.17,38768.4,29702.8,17788.9,684262.0,524255.0,3.004,19.47,15.93,0.0000,-0.013691257194206968,1,15,56,2000-07-06
000990.SZ,2016-10-14,17.65,17.75,17.84,17.41,17.65,0.1,0.57,39467.7,69752.2,1.3288,2.2187,1.15,56.8341,81.5991,2.871,1.7023,1.8361,0.169,0.169,38768.4,29702.8,17788.9,688138.0,527225.0,3.004,19.42,15.89,0.0000,0.12351877810965511,1,15,56,2000-07-06
000990.SZ,2016-10-17,17.75,17.83,18.26,17.7,17.75,0.08,0.45,72261.8,129982.0,2.4328,4.0622,1.95,57.0902,81.9669,2.8839,1.71,1.8444,0.1683,0.1683,38768.4,29702.8,17788.9,691240.0,529602.0,3.004,19.53,15.98,0.0000,-0.0038981614429354047,1,15,56,2000-07-06
000990.SZ,2016-10-26,19.0,18.25,19.43,18.03,17.83,0.42,2.36,166094.0,309332.0,5.5919,9.337,3.87,58.435,81.7396,2.9479,1.7502,2.2023,0.1644,0.1644,38768.4,29702.8,17788.9,707523.0,542077.0,3.004,19.61,16.05,0.0000,-0.15843858531081684,1,15,56,2000-07-06
000990.SZ,2016-10-27,18.04,17.57,18.23,17.44,18.25,-0.68,-3.73,106326.0,188036.0,3.5796,5.9771,1.54,56.2577,78.694,2.8381,1.685,2.1202,0.1707,0.1707,38768.4,29702.8,17788.9,681160.0,521879.0,3.004,20.08,16.43,0.0000,-0.07353715745909947,1,15,56,2000-07-06
000990.SZ,2016-10-28,17.46,17.34,17.76,17.3,17.57,-0.23,-1.31,48057.3,83975.1,1.6179,2.7015,0.59,55.5213,77.6638,2.8009,1.663,2.0925,0.173,0.173,38768.4,29702.8,17788.9,672243.0,515047.0,3.004,19.33,15.81,0.0000,-0.14913657592000684,1,15,56,2000-07-06
000990.SZ,2016-10-31,17.22,17.36,17.39,17.01,17.34,0.02,0.12,31540.5,54340.8,1.0619,1.773,0.36,55.5853,77.7534,2.8042,1.6649,2.0949,0.1728,0.1728,38768.4,29702.8,17788.9,673019.0,515641.0,3.004,19.07,15.61,0.0000,-0.08481950395821539,1,15,56,2000-07-06
000990.SZ,2016-11-01,17.37,17.29,17.5,17.18,17.36,-0.07,-0.4,39718.9,68732.0,1.3372,2.2328,0.47,55.3612,77.4399,2.7928,1.6582,2.0865,0.1735,0.1735,38768.4,29702.8,17788.9,670305.0,513562.0,3.004,19.1,15.62,0.0000,-0.0629244444243233,1,15,56,2000-07-06
000990.SZ,2016-11-02,17.38,16.92,17.43,16.9,17.29,-0.37,-2.14,54571.2,93540.5,1.8372,3.0677,0.7,54.1765,75.7827,2.7331,1.6227,2.0418,0.1773,0.1773,38768.4,29702.8,17788.9,655961.0,502572.0,3.004,19.02,15.56,0.0000,-0.2501278939363425,1,15,56,2000-07-06
000990.SZ,2016-11-03,16.81,17.12,17.17,16.81,16.92,0.2,1.18,48837.9,83286.2,1.6442,2.7454,0.87,54.8168,76.6785,2.7654,1.6419,2.0659,0.1752,0.1752,38768.4,29702.8,17788.9,663714.0,508513.0,3.004,18.61,15.23,0.0000,0.41066407064203647,1,15,56,2000-07-06
000990.SZ,2016-11-04,17.13,17.44,17.65,16.99,17.12,0.32,1.87,46133.0,80175.7,1.5532,2.5934,1.04,55.8415,78.1117,2.8171,1.6725,2.1046,0.172,0.172,38768.4,29702.8,17788.9,676120.0,518017.0,3.004,18.83,15.41,0.0000,0.2114106000587984,1,15,56,2000-07-06
000990.SZ,2016-11-07,17.36,17.55,17.85,17.36,17.44,0.11,0.63,44802.9,78933.6,1.5084,2.5186,1.01,56.1937,78.6044,2.8348,1.6831,2.1178,0.1709,0.1709,38768.4,29702.8,17788.9,680385.0,521285.0,3.004,19.18,15.7,0.0000,0.04466835990072588,1,15,56,2000-07-06
000990.SZ,2016-11-08,17.69,17.88,17.95,17.37,17.55,0.33,1.88,73945.6,130704.0,2.4895,4.1568,1.58,57.2503,80.0824,2.8881,1.7147,2.1577,0.1678,0.1678,38768.4,29702.8,17788.9,693178.0,531087.0,3.004,19.31,15.8,0.0000,0.29128371786525614,1,15,56,2000-07-06
000990.SZ,2016-11-09,17.8,17.76,18.05,17.45,17.88,-0.12,-0.67,54020.5,96301.3,1.8187,3.0368,1.01,56.8661,79.545,2.8688,1.7032,2.1432,0.1689,0.1689,38768.4,29702.8,17788.9,688526.0,527522.0,3.004,19.67,16.09,0.0000,-0.038171698970606294,1,15,56,2000-07-06
000990.SZ,2016-11-10,17.88,17.86,18.08,17.8,17.76,0.1,0.56,36365.8,65223.3,1.2243,2.0443,0.68,57.1863,79.9929,2.8849,1.7128,2.1552,0.168,0.168,38768.4,29702.8,17788.9,692403.0,530493.0,3.004,19.54,15.98,0.0000,0.09696983856494504,1,15,56,2000-07-06
000990.SZ,2016-11-11,17.78,17.84,18.0,17.61,17.86,-0.02,-0.11,33872.1,60449.8,1.1404,1.9041,0.66,57.1222,79.9033,2.8817,1.7109,2.1528,0.1682,0.1682,38768.4,29702.8,17788.9,691628.0,529899.0,3.004,19.65,16.07,0.0000,-0.034295123876528354,1,15,56,2000-07-06
000990.SZ,2016-11-14,17.7,17.93,18.2,17.63,17.84,0.09,0.5,41883.9,75234.8,1.4101,2.3545,0.86,57.4104,80.3064,2.8962,1.7195,2.1637,0.1673,0.1673,38768.4,29702.8,17788.9,695117.0,532572.0,3.004,19.62,16.06,0.0000,-0.21866592278611546,1,15,56,2000-07-06
000990.SZ,2016-11-15,17.85,17.65,18.02,17.59,17.93,-0.28,-1.56,37206.7,66002.7,1.2526,2.0916,0.77,56.5139,79.0523,2.851,1.6927,2.1299,0.17,0.17,38768.4,29702.8,17788.9,684262.0,524255.0,3.004,19.72,16.14,0.0000,-0.417989585109566,1,15,56,2000-07-06
000990.SZ,2016-11-16,17.67,17.59,17.91,17.58,17.65,-0.06,-0.34,31246.4,55343.7,1.052,1.7565,0.77,56.3217,78.7836,2.8413,1.6869,2.1227,0.1706,0.1706,38768.4,29702.8,17788.9,681936.0,522473.0,3.004,19.42,15.89,0.0000,-0.19774134443479813,1,15,56,2000-07-06
000990.SZ,2016-11-17,17.64,17.3,17.69,17.28,17.59,-0.29,-1.65,33311.7,57987.5,1.1215,1.8726,0.92,55.3932,77.4847,2.7945,1.6591,2.0877,0.1734,0.1734,38768.4,29702.8,17788.9,670693.0,513859.0,3.004,19.35,15.83,0.0000,-0.3990570430655242,1,15,56,2000-07-06
000990.SZ,2016-11-18,17.3,17.42,17.55,17.3,17.3,0.12,0.69,26069.6,45367.7,0.8777,1.4655,0.73,55.7774,78.0222,2.8138,1.6706,2.1021,0.1722,0.1722,38768.4,29702.8,17788.9,675345.0,517423.0,3.004,19.03,15.57,0.0000,-0.24129812083275157,1,15,56,2000-07-06
000990.SZ,2016-11-21,17.42,17.42,17.42,17.17,17.42,0.0,0.0,29777.4,51441.2,1.0025,1.6739,0.88,55.7774,78.0222,2.8138,1.6706,2.1021,0.1722,0.1722,38768.4,29702.8,17788.9,675345.0,517423.0,3.004,19.16,15.68,0.0000,-0.20548018417221295,1,15,56,2000-07-06
000990.SZ,2016-11-22,17.37,17.76,17.76,17.37,17.42,0.34,1.95,44149.1,77876.9,1.4864,2.4818,1.4,56.8661,79.545,2.8688,1.7032,2.1432,0.1689,0.1689,38768.4,29702.8,17788.9,688526.0,527522.0,3.004,19.16,15.68,0.0000,0.2219831320433357,1,15,56,2000-07-06
000990.SZ,2016-11-23,17.67,17.53,17.84,17.44,17.76,-0.23,-1.3,22087.3,38967.5,0.7436,1.2416,0.67,56.1296,78.5148,2.8316,1.6812,2.1154,0.1711,0.1711,38768.4,29702.8,17788.9,679609.0,520691.0,3.004,19.54,15.98,0.0000,-0.2003677600401505,1,15,56,2000-07-06
000990.SZ,2016-11-24,17.55,17.85,17.85,17.39,17.53,0.32,1.83,41289.1,72998.7,1.3901,2.3211,1.33,57.1542,79.9481,2.8833,1.7119,2.154,0.1681,0.1681,38768.4,29702.8,17788.9,692015.0,530196.0,3.004,19.28,15.78,0.0000,0.09750586686696537,1,15,56,2000-07-06
000990.SZ,2016-11-25,17.9,18.02,18.57,17.9,17.85,0.17,0.95,132002.0,240748.0,4.4441,7.4205,4.04,57.6986,80.7095,2.9108,1.7282,2.1746,0.1665,0.1665,38768.4,29702.8,17788.9,698606.0,535245.0,3.004,19.64,16.07,0.0000,-0.16956135357240462,1,15,56,2000-07-06
000990.SZ,2016-11-28,18.25,17.7,18.3,17.7,18.02,-0.32,-1.78,66455.8,119452.0,2.2374,3.7358,1.23,56.674,79.2762,2.8591,1.6975,2.1359,0.1695,0.1695,38768.4,29702.8,17788.9,686200.0,525740.0,3.004,19.82,16.22,0.0000,-0.23861898445020296,1,15,56,2000-07-06
000990.SZ,2016-11-29,17.5,17.19,17.62,17.16,17.7,-0.51,-2.88,42919.6,74892.6,1.445,2.4127,0.7,55.041,76.992,2.7767,1.6486,2.0744,0.1745,0.1745,38768.4,29702.8,17788.9,666428.0,510592.0,3.004,19.47,15.93,0.0000,-0.3546753204843813,1,15,56,2000-07-06
000990.SZ,2016-11-30,17.23,17.1,17.38,17.1,17.19,-0.09,-0.52,31298.8,53834.9,1.0537,1.7595,0.51,54.7528,76.5889,2.7622,1.6399,2.0635,0.1754,0.1754,38768.4,29702.8,17788.9,662939.0,507918.0,3.004,18.91,15.47,0.0000,-0.26809544753065656,1,15,56,2000-07-06
000990.SZ,2016-12-01,17.06,17.13,17.31,17.0,17.1,0.03,0.18,36854.8,63153.0,1.2408,2.0718,0.59,54.8489,76.7233,2.767,1.6428,2.0672,0.1751,0.1751,38768.4,29702.8,17788.9,664102.0,508810.0,3.004,18.81,15.39,0.0000,-0.27913269219027786,1,15,56,2000-07-06
000990.SZ,2016-12-02,17.14,16.48,17.18,16.45,17.13,-0.65,-3.79,48627.6,81379.5,1.6371,2.7336,0.79,52.7676,73.812,2.662,1.5805,1.9887,0.182,0.182,38768.4,29702.8,17788.9,638903.0,489503.0,3.004,18.84,15.42,0.0000,-0.3005812009943073,1,15,56,2000-07-06
000990.SZ,2016-12-05,16.25,16.45,16.58,16.25,16.48,-0.03,-0.18,27290.3,44902.4,0.9188,1.5341,0.6,52.6716,73.6776,2.6572,1.5776,1.9851,0.1824,0.1824,38768.4,29702.8,17788.9,637740.0,488612.0,3.004,18.13,14.83,0.0000,-0.33059991554368545,1,15,56,2000-07-06
000990.SZ,2016-12-06,16.46,16.39,16.58,16.39,16.45,-0.06,-0.36,21910.7,36065.4,0.7377,1.2317,0.59,52.4794,73.4089,2.6475,1.5719,1.9779,0.183,0.183,38768.4,29702.8,17788.9,635414.0,486829.0,3.004,18.1,14.81,0.0000,-0.23699719537369157,1,15,56,2000-07-06
000990.SZ,2016-12-07,16.45,16.54,16.58,16.26,16.39,0.15,0.92,30464.9,49927.9,1.0257,1.7126,0.92,52.9597,74.0807,2.6717,1.5862,1.996,0.1814,0.1814,38768.4,29702.8,17788.9,641229.0,491285.0,3.004,18.03,14.75,0.0000,-0.1992797066379119,1,15,56,2000-07-06
000990.SZ,2016-12-08,16.5,16.54,16.62,16.46,16.54,0.0,0.0,24299.6,40217.1,0.8181,1.366,0.74,52.9597,74.0807,2.6717,1.5862,1.996,0.1814,0.1814,38768.4,29702.8,17788.9,641229.0,491285.0,3.004,18.19,14.89,0.0000,-0.11032337634024272,1,15,56,2000-07-06
000990.SZ,2016-12-09,16.4,16.71,16.73,16.4,16.54,0.17,1.03,25087.0,41717.8,0.8446,1.4103,0.82,53.5041,74.8421,2.6992,1.6025,2.0165,0.1795,0.1795,38768.4,29702.8,17788.9,647819.0,496334.0,3.004,18.19,14.89,0.0000,0.2345654027687075,1,15,56,2000-07-06
000990.SZ,2016-12-12,16.79,15.65,16.8,15.58,16.71,-1.06,-6.34,42358.0,68442.7,1.4261,2.3812,1.64,50.11,70.0945,2.5279,1.5009,1.8886,0.1917,0.1917,38768.4,29702.8,17788.9,606725.0,464849.0,3.004,18.38,15.04,0.0000,-0.14594478377606637,1,15,56,2000-07-06
000990.SZ,2016-12-13,15.58,15.75,15.94,15.5,15.65,0.1,0.64,18545.7,29097.3,0.6244,1.0425,0.64,50.4302,70.5424,2.5441,1.5105,1.9006,0.1905,0.1905,38768.4,29702.8,17788.9,610602.0,467820.0,3.004,17.22,14.09,0.0000,-0.060326896621670734,1,15,56,2000-07-06
000990.SZ,2016-12-14,15.61,15.62,15.79,15.4,15.75,-0.13,-0.83,21996.0,34373.9,0.7405,1.2365,0.78,50.014,69.9602,2.5231,1.498,1.8849,0.1921,0.1921,38768.4,29702.8,17788.9,605562.0,463958.0,3.004,17.33,14.18,0.0000,-0.3035669365966407,1,15,56,2000-07-06
000990.SZ,2016-12-15,15.63,15.81,16.15,15.62,15.62,0.19,1.22,22136.4,35218.3,0.7453,1.2444,0.84,50.6223,70.8112,2.5538,1.5162,1.9079,0.1898,0.1898,38768.4,29702.8,17788.9,612928.0,469602.0,3.004,17.18,14.06,0.0000,-0.03367755049435159,1,15,56,2000-07-06
000990.SZ,2016-12-16,16.1,15.95,16.13,15.84,15.81,0.14,0.89,14979.0,23978.4,0.5043,0.842,0.58,51.0706,71.4382,2.5764,1.5297,1.9248,0.1881,0.1881,38768.4,29702.8,17788.9,618355.0,473760.0,3.004,17.39,14.23,0.0000,-0.036666896260013467,1,15,56,2000-07-06
000990.SZ,2016-12-19,15.88,15.96,16.07,15.8,15.95,0.01,0.06,11095.9,17672.0,0.3736,0.6238,0.46,51.1026,71.483,2.578,1.5306,1.926,0.188,0.188,38768.4,29702.8,17788.9,618743.0,474057.0,3.004,17.55,14.36,0.0000,-0.03338415084858529,1,15,56,2000-07-06
000990.SZ,2016-12-20,15.96,15.96,16.05,15.83,15.96,0.0,0.0,13113.5,20910.9,0.4415,0.7372,0.74,51.1026,71.483,2.578,1.5306,1.926,0.188,0.188,38768.4,29702.8,17788.9,618743.0,474057.0,3.004,17.56,14.36,0.0000,-0.19007878896248215,1,15,56,2000-07-06
000990.SZ,2016-12-21,16.03,16.33,16.49,15.99,15.96,0.37,2.32,21256.4,34596.8,0.7156,1.1949,1.28,52.2873,73.1402,2.6378,1.5661,1.9706,0.1837,0.1837,38768.4,29702.8,17788.9,633087.0,485047.0,3.004,17.56,14.36,0.0000,0.27386693817893687,1,15,56,2000-07-06
000990.SZ,2016-12-22,16.33,16.29,16.37,16.13,16.33,-0.04,-0.24,18224.2,29609.3,0.6135,1.0245,1.1,52.1593,72.961,2.6313,1.5623,1.9658,0.1842,0.1842,38768.4,29702.8,17788.9,631537.0,483859.0,3.004,17.96,14.7,0.0000,-0.15500607865794563,1,15,56,2000-07-06
000990.SZ,2016-12-23,17.0,16.54,17.19,16.37,16.29,0.25,1.53,68603.2,115256.0,2.3097,3.8565,4.36,52.9597,74.0807,2.6717,1.5862,1.996,0.0561,0.0561,38768.4,29702.8,17788.9,641229.0,491285.0,3.004,17.92,14.66,0.0000,-0.25065811638901975,1,15,56,2000-07-06
000990.SZ,2016-12-26,16.15,15.9,16.5,15.0,16.54,-0.64,-3.87,42249.8,67584.2,1.4224,2.3751,1.6,164.545,230.168,1.3531,4.9284,6.2014,0.0584,0.0584,125301.0,29702.8,17788.9,1992290.0,472275.0,3.004,18.19,14.89,0.0000,-0.13619938203233453,1,15,56,2000-07-06
000990.SZ,2016-12-27,16.3,16.03,16.3,15.88,15.9,0.13,0.82,22571.8,36105.7,0.7599,1.2689,0.69,165.891,232.05,1.3642,4.9687,6.2521,0.0579,0.0579,125301.0,29702.8,17788.9,2008580.0,476136.0,3.004,17.49,14.31,0.0000,-0.13843996901667702,1,15,56,2000-07-06
000990.SZ,2016-12-28,16.2,15.72,16.2,15.7,16.03,-0.31,-1.93,28636.0,45353.8,0.9641,1.6098,0.83,162.682,227.562,1.3378,4.8726,6.1312,0.059,0.059,125301.0,29702.8,17788.9,1969730.0,466929.0,3.004,17.63,14.43,0.0000,-0.059957704668650524,1,15,56,2000-07-06
000990.SZ,2016-12-29,15.69,15.7,15.89,15.53,15.72,-0.02,-0.13,19923.0,31402.3,0.6707,1.12,0.55,162.475,227.273,1.3361,4.8664,6.1234,0.0591,0.0591,125301.0,29702.8,17788.9,1967230.0,466334.0,3.004,17.29,14.15,0.0000,0.19422721194010786,1,15,56,2000-07-06
000990.SZ,2016-12-30,15.6,15.6,15.84,15.51,15.7,-0.1,-0.64,25043.4,39208.8,0.8431,1.4078,0.69,161.441,225.825,1.3276,4.8354,6.0844,0.0595,0.0595,125301.0,29702.8,17788.9,1954700.0,463364.0,3.004,17.27,14.13,0.0000,-0.0035484304379027913,1,15,56,2000-07-06
000990.SZ,2017-01-03,15.56,15.7,15.76,15.56,15.6,0.1,0.64,20477.5,32140.5,0.6894,1.1511,0.74,162.475,227.273,1.3361,4.8664,6.1234,0.0591,0.0591,125301.0,29702.8,17788.9,1967230.0,466334.0,3.004,17.16,14.04,0.0000,0.015922267100439768,1,15,56,2000-07-06
000990.SZ,2017-01-04,15.71,15.83,15.83,15.6,15.7,0.13,0.83,18820.5,29621.8,0.6336,1.058,0.81,163.821,229.154,1.3472,4.9067,6.1741,0.0586,0.0586,125301.0,29702.8,17788.9,1983520.0,470196.0,3.004,17.27,14.13,0.0000,-0.151169539255932,1,15,56,2000-07-06
000990.SZ,2017-01-05,15.85,15.8,15.87,15.75,15.83,-0.03,-0.19,16825.8,26595.3,0.5665,0.9459,0.75,163.51,228.72,1.3446,4.8974,6.1624,0.0587,0.0587,125301.0,29702.8,17788.9,1979760.0,469305.0,3.004,17.41,14.25,0.0000,0.12494669657541241,1,15,56,2000-07-06
000990.SZ,2017-01-06,15.8,15.77,15.8,15.67,15.8,-0.03,-0.19,18939.5,29766.0,0.6376,1.0647,0.94,163.2,228.286,1.342,4.8881,6.1507,0.0589,0.0589,125301.0,29702.8,17788.9,1976000.0,468414.0,3.004,17.38,14.22,0.0000,0.10194967523940812,1,15,56,2000-07-06
000990.SZ,2017-01-09,15.77,15.74,15.85,15.66,15.77,-0.03,-0.19,19955.7,31392.5,0.6718,1.1218,1.0,162.889,227.852,1.3395,4.8788,6.139,0.059,0.059,125301.0,29702.8,17788.9,1972240.0,467523.0,3.004,17.35,14.19,0.0000,-0.20277958402110846,1,15,56,2000-07-06
000990.SZ,2017-01-10,15.68,15.65,15.79,15.62,15.74,-0.09,-0.57,13769.0,21616.3,0.4636,0.774,0.72,161.958,226.549,1.3318,4.8509,6.1039,0.0593,0.0593,125301.0,29702.8,17788.9,1960960.0,464849.0,3.004,17.31,14.17,0.0000,-0.26997300421994413,1,15,56,2000-07-06
000990.SZ,2017-01-11,15.59,15.26,15.67,15.25,15.65,-0.39,-2.49,19834.0,30620.5,0.6677,1.115,1.12,157.922,220.903,1.2986,4.73,5.9518,0.0608,0.0608,125301.0,29702.8,17788.9,1912100.0,453265.0,3.004,17.22,14.09,0.0000,-0.5841354175244508,1,15,56,2000-07-06
000990.SZ,2017-01-12,15.26,15.13,15.42,15.11,15.26,-0.13,-0.85,16003.7,24453.3,0.5388,0.8996,0.9,156.577,219.021,1.2876,4.6897,5.9011,0.0613,0.0613,125301.0,29702.8,17788.9,1895810.0,449404.0,3.004,16.79,13.73,0.0000,-0.08112071785865588,1,15,56,2000-07-06
000990.SZ,2017-01-13,15.2,15.14,15.43,15.05,15.13,0.01,0.07,16334.0,24852.2,0.5499,0.9182,0.92,156.68,219.166,1.2884,4.6928,5.905,0.0613,0.0613,125301.0,29702.8,17788.9,1897060.0,449701.0,3.004,16.64,13.62,0.0000,-0.14354094332007583,1,15,56,2000-07-06
000990.SZ,2017-01-16,15.14,14.8,15.18,14.07,15.14,-0.34,-2.25,26790.8,39404.1,0.902,1.506,1.56,153.161,214.244,1.2595,4.5875,5.7724,0.0627,0.0627,125301.0,29702.8,17788.9,1854460.0,439602.0,3.004,16.65,13.63,0.0000,-0.20108019833346136,1,15,56,2000-07-06
000990.SZ,2017-01-17,14.7,14.8,14.85,14.28,14.8,0.0,0.0,16355.6,23938.8,0.5506,0.9194,0.88,153.161,214.244,1.2595,4.5875,5.7724,0.0627,0.0627,125301.0,29702.8,17788.9,1854460.0,439602.0,3.004,16.28,13.32,0.0000,-0.029191257900182614,1,15,56,2000-07-06
000990.SZ,2017-01-18,14.8,14.5,14.8,14.5,14.8,-0.3,-2.03,15279.6,22340.2,0.5144,0.8589,0.8,150.057,209.902,1.234,4.4945,5.6554,0.064,0.064,125301.0,29702.8,17788.9,1816870.0,430691.0,3.004,16.28,13.32,0.0000,-0.1681038998786269,1,15,56,2000-07-06
000990.SZ,2017-01-19,14.6,14.51,14.65,14.42,14.5,0.01,0.07,12410.7,18018.7,0.4178,0.6977,0.68,150.16,210.046,1.2348,4.4976,5.6593,0.064,0.064,125301.0,29702.8,17788.9,1818120.0,430988.0,3.004,15.95,13.05,0.0000,-0.143736196931907,1,15,56,2000-07-06
000990.SZ,2017-01-20,14.45,14.82,14.84,14.37,14.51,0.31,2.14,16079.4,23647.3,0.5413,0.9039,0.92,153.368,214.534,1.2612,4.5937,5.7802,0.0626,0.0626,125301.0,29702.8,17788.9,1856960.0,440196.0,3.004,15.96,13.06,0.0000,0.22992498881554602,1,15,56,2000-07-06
000990.SZ,2017-01-23,14.84,15.38,15.39,14.84,14.82,0.56,3.78,28048.2,42589.6,0.9443,1.5767,1.61,159.164,222.64,1.3089,4.7672,5.9986,0.0604,0.0604,125301.0,29702.8,17788.9,1927130.0,456830.0,3.004,16.3,13.34,0.0000,0.1790534509694123,1,15,56,2000-07-06
000990.SZ,2017-01-24,15.45,15.25,15.45,15.08,15.38,-0.13,-0.85,13894.5,21181.8,0.4678,0.7811,0.79,157.818,220.758,1.2978,4.7269,5.9479,0.0609,0.0609,125301.0,29702.8,17788.9,1910840.0,452968.0,3.004,16.92,13.84,0.0000,-0.20952416179492583,1,15,56,2000-07-06
000990.SZ,2017-01-25,15.25,15.27,15.3,15.19,15.25,0.02,0.13,6026.59,9190.42,0.2029,0.3388,0.35,158.025,221.048,1.2995,4.7331,5.9557,0.0608,0.0608,125301.0,29702.8,17788.9,1913350.0,453562.0,3.004,16.78,13.73,0.0001,0.08856899194347727,1,15,56,2000-07-06
000990.SZ,2017-01-26,15.27,15.5,15.61,15.22,15.27,0.23,1.51,10934.0,16872.1,0.3681,0.6147,0.72,160.406,224.378,1.3191,4.8044,6.0454,0.0599,0.0599,125301.0,29702.8,17788.9,1942170.0,460394.0,3.004,16.8,13.74,0.0000,0.2578525727820316,1,15,56,2000-07-06
000990.SZ,2017-02-03,15.55,15.3,15.55,15.15,15.5,-0.2,-1.29,10260.1,15712.4,0.3454,0.5768,0.68,158.336,221.482,1.302,4.7424,5.9674,0.0607,0.0607,125301.0,29702.8,17788.9,1917110.0,454453.0,3.004,17.05,13.95,0.0000,-0.38264012551302645,1,15,56,2000-07-06
000990.SZ,2017-02-06,15.29,15.35,15.45,15.13,15.3,0.05,0.33,12333.4,18836.4,0.4152,0.6933,0.89,158.853,222.206,1.3063,4.7579,5.9869,0.0605,0.0605,125301.0,29702.8,17788.9,1923370.0,455938.0,3.004,16.83,13.77,0.0000,-0.025565419479085902,1,15,56,2000-07-06
000990.SZ,2017-02-07,15.27,15.22,15.42,15.2,15.35,-0.13,-0.85,8833.99,13497.2,0.2974,0.4966,0.83,157.508,220.324,1.2952,4.7176,5.9362,0.061,0.061,125301.0,29702.8,17788.9,1907080.0,452077.0,3.004,16.89,13.82,0.0000,-0.1252706760819362,1,15,56,2000-07-06
000990.SZ,2017-02-08,15.25,15.26,15.3,15.12,15.22,0.04,0.26,9802.12,14907.3,0.33,0.551,1.01,157.922,220.903,1.2986,4.73,5.9518,0.0608,0.0608,125301.0,29702.8,17788.9,1912100.0,453265.0,3.004,16.74,13.7,0.0000,-0.35024796354582866,1,15,56,2000-07-06
000990.SZ,2017-02-09,15.15,15.37,15.4,15.15,15.26,0.11,0.72,11032.3,16884.3,0.3714,0.6202,1.06,159.06,222.496,1.308,4.7641,5.9947,0.0604,0.0604,125301.0,29702.8,17788.9,1925880.0,456533.0,3.004,16.79,13.73,0.0000,-0.021312434594446993,1,15,56,2000-07-06
000990.SZ,2017-02-10,15.38,15.31,15.45,15.26,15.37,-0.06,-0.39,14364.5,22089.1,0.4836,0.8075,1.37,158.439,221.627,1.3029,4.7455,5.9713,0.0606,0.0606,125301.0,29702.8,17788.9,1918360.0,454750.0,3.004,16.91,13.83,0.0000,0.002101951343224092,1,15,56,2000-07-06
000990.SZ,2017-02-13,15.31,15.65,15.67,15.22,15.31,0.34,2.22,19323.6,29910.5,0.6506,1.0863,1.71,161.958,226.549,1.3318,4.8509,6.1039,0.0593,0.0593,125301.0,29702.8,17788.9,1960960.0,464849.0,3.004,16.84,13.78,0.0000,0.22112826487449044,1,15,56,2000-07-06
000990.SZ,2017-02-14,15.67,15.57,15.73,15.51,15.65,-0.08,-0.51,12356.6,19286.3,0.416,0.6946,0.98,161.13,225.391,1.325,4.8261,6.0727,0.0596,0.0596,125301.0,29702.8,17788.9,1950940.0,462473.0,3.004,17.22,14.09,0.0000,0.4656540422125251,1,15,56,2000-07-06
000990.SZ,2017-02-15,15.56,15.45,15.63,15.43,15.57,-0.12,-0.77,15692.5,24371.6,0.5283,0.8822,1.17,159.888,223.654,1.3148,4.7889,6.0259,0.0601,0.0601,125301.0,29702.8,17788.9,1935900.0,458909.0,3.004,17.13,14.01,0.0000,-0.10037832472848147,1,15,56,2000-07-06
000990.SZ,2017-02-16,15.43,15.56,15.57,15.38,15.45,0.11,0.71,11725.7,18185.5,0.3948,0.6592,0.81,161.027,225.246,1.3242,4.823,6.0688,0.0597,0.0597,125301.0,29702.8,17788.9,1949690.0,462176.0,3.004,17.0,13.91,0.0000,0.08413736505959149,1,15,56,2000-07-06
000990.SZ,2017-02-17,15.5,15.39,15.62,15.33,15.56,-0.17,-1.09,15787.4,24419.7,0.5315,0.8875,1.07,159.267,222.785,1.3097,4.7703,6.0025,0.0603,0.0603,125301.0,29702.8,17788.9,1928390.0,457127.0,3.004,17.12,14.0,0.0000,-0.1710734079206246,1,15,56,2000-07-06
000990.SZ,2017-02-20,15.35,15.52,15.54,15.3,15.39,0.13,0.84,14274.5,22083.7,0.4806,0.8024,0.95,160.613,224.667,1.3208,4.8106,6.0532,0.0598,0.0598,125301.0,29702.8,17788.9,1944670.0,460988.0,3.004,16.93,13.85,0.0000,-0.20984642452672975,1,15,56,2000-07-06
000990.SZ,2017-02-21,15.56,15.68,15.77,15.43,15.52,0.16,1.03,17515.4,27466.1,0.5897,0.9846,1.25,162.268,226.983,1.3344,4.8602,6.1156,0.0592,0.0592,125301.0,29702.8,17788.9,1964720.0,465740.0,3.004,17.07,13.97,0.0000,-0.24479445157053878,1,15,56,2000-07-06
000990.SZ,2017-02-22,15.8,15.74,15.96,15.69,15.68,0.06,0.38,25429.2,40234.0,0.8561,1.4295,1.7,162.889,227.852,1.3395,4.8788,6.139,0.059,0.059,125301.0,29702.8,17788.9,1972240.0,467523.0,3.004,17.25,14.11,0.0000,-0.08159258973189397,1,15,56,2000-07-06
000990.SZ,2017-02-23,15.68,15.92,15.96,15.68,15.74,0.18,1.14,18587.6,29463.9,0.6258,1.0449,1.1,164.752,230.457,1.3548,4.9346,6.2092,0.0583,0.0583,125301.0,29702.8,17788.9,1994800.0,472869.0,3.004,17.31,14.17,0.0000,-0.37185078530970583,1,15,56,2000-07-06
000990.SZ,2017-02-24,15.92,16.02,16.06,15.86,15.92,0.1,0.63,16835.7,26843.5,0.5668,0.9464,0.92,165.787,231.905,1.3633,4.9656,6.2482,0.0579,0.0579,125301.0,29702.8,17788.9,2007330.0,475839.0,3.004,17.51,14.33,0.0000,-0.45462306883432707,1,15,56,2000-07-06
000990.SZ,2017-02-27,16.02,15.99,16.14,15.94,16.02,-0.03,-0.19,15597.6,24979.2,0.5251,0.8768,0.84,165.477,231.471,1.3608,4.9563,6.2365,0.058,0.058,125301.0,29702.8,17788.9,2003570.0,474948.0,3.004,17.62,14.42,0.0000,-0.047332915361284394,1,15,56,2000-07-06
000990.SZ,2017-02-28,15.99,15.99,16.06,15.86,15.99,0.0,0.0,10030.0,16000.1,0.3377,0.5638,0.53,165.477,231.471,1.3608,4.9563,6.2365,0.058,0.058,125301.0,29702.8,17788.9,2003570.0,474948.0,3.004,17.59,14.39,0.0000,-0.08767595029229287,1,15,56,2000-07-06
000990.SZ,2017-03-01,15.99,15.9,16.04,15.86,15.99,-0.09,-0.56,12844.0,20466.8,0.4324,0.722,0.74,164.545,230.168,1.3531,4.9284,6.2014,0.0584,0.0584,125301.0,29702.8,17788.9,1992290.0,472275.0,3.004,17.59,14.39,0.0000,-0.26187185978237787,1,15,56,2000-07-06
000990.SZ,2017-03-02,15.94,15.73,15.97,15.7,15.9,-0.17,-1.07,14523.7,22944.6,0.489,0.8164,0.98,162.786,227.707,1.3386,4.8757,6.1351,0.059,0.059,125301.0,29702.8,17788.9,1970990.0,467226.0,3.004,17.49,14.31,0.0000,-0.26038201866236,1,15,56,2000-07-06
000990.SZ,2017-03-03,15.73,15.9,15.97,15.55,15.73,0.17,1.08,18243.5,28780.3,0.6142,1.0256,1.31,164.545,230.168,1.3531,4.9284,6.2014,0.0584,0.0584,125301.0,29702.8,17788.9,1992290.0,472275.0,3.004,17.3,14.16,0.0000,-0.1633437732961661,1,15,56,2000-07-06
000990.SZ,2017-03-06,15.92,16.02,16.07,15.86,15.9,0.12,0.75,16054.9,25685.7,0.5405,0.9025,1.13,165.787,231.905,1.3633,4.9656,6.2482,0.0579,0.0579,125301.0,29702.8,17788.9,2007330.0,475839.0,3.004,17.49,14.31,0.0000,-0.13694275028707983,1,15,56,2000-07-06
000990.SZ,2017-03-07,16.04,16.21,16.35,15.99,16.02,0.19,1.19,18514.8,30008.7,0.6233,1.0408,1.29,167.753,234.655,1.3795,5.0245,6.3223,0.0573,0.0573,125301.0,29702.8,17788.9,2031130.0,481483.0,3.004,17.62,14.42,0.0000,0.003143514397812397,1,15,56,2000-07-06
000990.SZ,2017-03-08,16.21,16.35,16.43,16.11,16.21,0.14,0.86,19422.1,31680.7,0.6539,1.0918,1.21,169.202,236.682,1.3914,5.0679,6.3769,0.0568,0.0568,125301.0,29702.8,17788.9,2048670.0,485641.0,3.004,17.83,14.59,0.0000,0.2373957685341042,1,15,56,2000-07-06
000990.SZ,2017-03-09,16.45,16.11,16.45,16.02,16.35,-0.24,-1.47,16754.0,27019.9,0.5641,0.9418,0.97,166.718,233.208,1.371,4.9935,6.2833,0.0576,0.0576,125301.0,29702.8,17788.9,2018600.0,478513.0,3.004,17.99,14.72,0.0000,0.049940275551269585,1,15,56,2000-07-06
000990.SZ,2017-03-10,16.11,16.18,16.38,16.05,16.11,0.07,0.43,12479.4,20197.9,0.4201,0.7015,0.7,167.443,234.221,1.3769,5.0152,6.3106,0.0574,0.0574,125301.0,29702.8,17788.9,2027370.0,480592.0,3.004,17.72,14.5,0.0000,0.12245516647685901,1,15,56,2000-07-06
000990.SZ,2017-03-13,16.18,16.03,16.23,16.0,16.18,-0.15,-0.93,23887.4,38428.9,0.8042,1.3428,1.44,181.312,181.312,1.3144,7.8032,7.8032,0.0579,0.0579,125301.0,29702.8,17788.9,2008580.0,476136.0,3.004,17.8,14.56,0.0000,-0.08428964360667525,1,15,56,2000-07-06
000990.SZ,2017-03-14,16.04,15.87,16.11,15.79,16.03,-0.16,-1.0,23121.6,36826.1,0.7784,1.2998,1.27,179.503,179.503,1.3013,7.7253,7.7253,0.0585,0.0585,125301.0,29702.8,17788.9,1988530.0,471384.0,3.004,17.63,14.43,0.0000,-0.17477337971935158,1,15,56,2000-07-06
000990.SZ,2017-03-15,15.81,15.97,16.07,15.7,15.87,0.1,0.63,21651.3,34354.8,0.7289,1.2171,1.13,180.634,180.634,1.3095,7.774,7.774,0.0581,0.0581,125301.0,29702.8,17788.9,2001060.0,474354.0,3.004,17.46,14.28,0.0000,-0.13410095790563073,1,15,56,2000-07-06
000990.SZ,2017-03-16,15.99,16.24,16.35,15.98,15.97,0.27,1.69,23184.9,37629.3,0.7806,1.3033,1.18,183.688,183.688,1.3317,7.9054,7.9054,0.0572,0.0572,125301.0,29702.8,17788.9,2034890.0,482374.0,3.004,17.57,14.37,0.0000,0.4340234908302522,1,15,56,2000-07-06
000990.SZ,2017-03-17,16.32,16.13,16.32,16.11,16.24,-0.11,-0.68,17304.8,28045.9,0.5826,0.9728,0.83,182.443,182.443,1.3226,7.8519,7.8519,0.0575,0.0575,125301.0,29702.8,17788.9,2021110.0,479107.0,3.004,17.86,14.62,-0.0001,-0.22508072329920034,1,15,56,2000-07-06
000990.SZ,2017-03-20,16.12,16.15,16.2,15.99,16.13,0.02,0.12,19211.5,30938.5,0.6468,1.08,0.88,182.669,182.669,1.3243,7.8616,7.8616,0.0575,0.0575,125301.0,29702.8,17788.9,2023610.0,479701.0,3.004,17.74,14.52,0.0000,-0.030229456215207513,1,15,56,2000-07-06
000990.SZ,2017-03-21,16.14,16.16,16.23,16.08,16.15,0.01,0.06,13564.5,21911.6,0.4567,0.7625,0.65,182.783,182.783,1.3251,7.8665,7.8665,0.0574,0.0574,125301.0,29702.8,17788.9,2024870.0,479998.0,3.004,17.77,14.54,0.0000,-0.4519489354883686,1,15,56,2000-07-06
000990.SZ,2017-03-22,16.13,16.15,16.15,15.92,16.16,-0.01,-0.06,14936.6,23926.7,0.5029,0.8397,0.79,182.669,182.669,1.3243,7.8616,7.8616,0.0575,0.0575,125301.0,29702.8,17788.9,2023610.0,479701.0,3.004,17.78,14.54,0.0000,0.014854857085771481,1,15,56,2000-07-06
000990.SZ,2017-03-23,16.15,16.16,16.25,16.02,16.15,0.01,0.06,17055.1,27504.8,0.5742,0.9588,0.97,182.783,182.783,1.3251,7.8665,7.8665,0.0574,0.0574,125301.0,29702.8,17788.9,2024870.0,479998.0,3.004,17.77,14.54,0.0000,-0.2239002157365184,1,15,56,2000-07-06
000990.SZ,2017-03-24,16.1,16.25,16.25,16.07,16.16,0.09,0.56,13518.7,21866.5,0.4551,0.76,0.82,183.801,183.801,1.3325,7.9103,7.9103,0.0571,0.0571,125301.0,29702.8,17788.9,2036140.0,482671.0,3.004,17.78,14.54,0.0000,0.058413417422913894,1,15,56,2000-07-06
000990.SZ,2017-03-27,16.33,16.4,16.65,16.28,16.25,0.15,0.92,20958.0,34512.5,0.7056,1.1782,1.34,185.497,185.497,1.3448,7.9833,7.9833,0.0566,0.0566,125301.0,29702.8,17788.9,2054940.0,487126.0,3.004,17.88,14.63,0.0000,-0.04082242211458142,1,15,56,2000-07-06
000990.SZ,2017-03-28,16.33,16.3,16.44,16.13,16.4,-0.1,-0.61,15265.4,24764.7,0.5139,0.8581,0.95,184.366,184.366,1.3366,7.9346,7.9346,0.0569,0.0569,125301.0,29702.8,17788.9,2042410.0,484156.0,3.004,18.04,14.76,0.0000,0.019414436262822306,1,15,56,2000-07-06
000990.SZ,2017-03-29,16.24,15.92,16.27,15.92,16.3,-0.38,-2.33,18075.1,29038.4,0.6085,1.0161,1.11,180.068,180.068,1.3054,7.7497,7.7497,0.0583,0.0583,125301.0,29702.8,17788.9,1994800.0,472869.0,3.004,17.93,14.67,0.0000,-0.5450273584490042,1,15,56,2000-07-06
000990.SZ,2017-03-30,15.8,15.47,15.9,15.31,15.92,-0.45,-2.83,25944.4,40388.4,0.8735,1.4585,1.53,174.978,174.978,1.2685,7.5306,7.5306,0.06,0.06,125301.0,29702.8,17788.9,1938410.0,459503.0,3.004,17.51,14.33,0.0000,-0.21717516285132535,1,15,56,2000-07-06
000990.SZ,2017-03-31,15.47,15.9,15.9,15.41,15.47,0.43,2.78,15662.9,24447.6,0.5273,0.8805,0.84,179.842,179.842,1.3038,7.7399,7.7399,0.0584,0.0584,125301.0,29702.8,17788.9,1992290.0,472275.0,3.004,17.02,13.92,0.0000,0.2522349105403827,1,15,56,2000-07-06
000990.SZ,2017-04-05,15.82,16.01,16.14,15.75,15.9,0.11,0.69,26531.6,42191.2,0.8932,1.4915,1.38,181.086,181.086,1.3128,7.7935,7.7935,0.058,0.058,125301.0,29702.8,17788.9,2006070.0,475542.0,3.004,17.49,14.31,0.0000,-0.24867554867370706,1,15,56,2000-07-06
000990.SZ,2017-04-06,16.02,16.17,16.44,15.93,16.01,0.16,1.0,25749.0,41846.0,0.8669,1.4475,1.27,182.896,182.896,1.3259,7.8714,7.8714,0.0574,0.0574,125301.0,29702.8,17788.9,2026120.0,480295.0,3.004,17.61,14.41,0.0000,0.029739718205023944,1,15,56,2000-07-06
000990.SZ,2017-04-07,16.16,16.3,16.31,16.16,16.17,0.13,0.8,16420.7,26651.2,0.5528,0.9231,0.73,184.366,184.366,1.3366,7.9346,7.9346,0.0569,0.0569,125301.0,29702.8,17788.9,2042410.0,484156.0,3.004,17.79,14.55,0.0000,0.23792083211790624,1,15,56,2000-07-06
000990.SZ,2017-04-10,17.0,16.32,17.1,16.2,16.3,0.02,0.12,111742.0,185041.0,3.762,6.2816,5.06,184.592,184.592,1.3382,7.9444,7.9444,0.0569,0.0569,125301.0,29702.8,17788.9,2044920.0,484750.0,3.004,17.93,14.67,0.0000,0.007531239348946108,1,15,56,2000-07-06
000990.SZ,2017-04-11,16.22,16.23,16.5,15.93,16.32,-0.09,-0.55,62381.2,101022.0,2.1002,3.5068,1.59,183.574,183.574,1.3308,7.9006,7.9006,0.0572,0.0572,125301.0,29702.8,17788.9,2033640.0,482077.0,3.004,17.95,14.69,0.0000,0.03789678614475118,1,15,56,2000-07-06
000990.SZ,2017-04-12,16.05,16.26,16.69,16.05,16.23,0.03,0.18,55977.1,91710.6,1.8846,3.1467,1.15,183.914,183.914,1.3333,7.9152,7.9152,0.0571,0.0571,125301.0,29702.8,17788.9,2037400.0,482968.0,3.004,17.85,14.61,0.0000,-0.03109565461591656,1,15,56,2000-07-06
000990.SZ,2017-04-13,16.28,16.27,16.63,16.21,16.26,0.01,0.06,35074.0,57499.4,1.1808,1.9717,0.64,184.027,184.027,1.3341,7.92,7.92,0.0571,0.0571,125301.0,29702.8,17788.9,2038650.0,483265.0,3.004,17.89,14.63,0.0000,-0.04795904815100933,1,15,56,2000-07-06
000990.SZ,2017-04-14,16.27,16.11,16.34,16.03,16.27,-0.16,-0.98,24124.7,38985.8,0.8122,1.3562,0.43,182.217,182.217,1.321,7.8422,7.8422,0.0576,0.0576,125301.0,29702.8,17788.9,2018600.0,478513.0,3.004,17.9,14.64,0.0000,-0.20789855276637195,1,15,56,2000-07-06
000990.SZ,2017-04-17,16.0,15.82,16.17,15.81,16.11,-0.29,-1.8,24174.3,38534.9,0.8139,1.359,0.42,178.937,59.4797,1.2807,7.701,6.0706,0.0587,0.0587,125301.0,29702.8,17788.9,1982260.0,469899.0,3.004,17.72,14.5,0.0000,-0.37852499782154775,1,15,56,2000-07-06
000990.SZ,2017-04-18,15.71,16.0,16.08,15.71,15.82,0.18,1.14,21977.8,35043.3,0.7399,1.2355,0.54,180.973,60.1565,1.2953,7.7886,6.1397,0.058,0.058,125301.0,29702.8,17788.9,2004820.0,475245.0,3.004,17.4,14.24,0.0000,-0.30616405281525133,1,15,56,2000-07-06
000990.SZ,2017-04-19,15.91,15.6,15.98,15.55,16.0,-0.4,-2.5,22179.1,34929.5,0.7467,1.2468,0.69,176.449,58.6526,1.2629,7.5939,5.9862,0.0595,0.0595,125301.0,29702.8,17788.9,1954700.0,463364.0,3.004,17.6,14.4,0.0000,-0.4563731492424418,1,15,56,2000-07-06
000990.SZ,2017-04-20,15.58,15.38,15.75,15.31,15.6,-0.22,-1.41,24106.8,37385.8,0.8116,1.3552,0.95,173.96,57.8254,1.2451,7.4868,5.9018,0.0604,0.0604,125301.0,29702.8,17788.9,1927130.0,456830.0,3.004,17.16,14.04,0.0000,-0.3607521167460365,1,15,56,2000-07-06
000990.SZ,2017-04-21,15.3,15.33,15.59,15.3,15.38,-0.05,-0.33,18460.1,28465.8,0.6215,1.0377,0.79,173.395,57.6374,1.241,7.4625,5.8826,0.0605,0.0605,125301.0,29702.8,17788.9,1920870.0,455344.0,3.004,16.92,13.84,0.0000,-0.15369469184262194,1,15,56,2000-07-06
000990.SZ,2017-04-24,15.22,14.99,15.22,14.9,15.33,-0.34,-2.22,24239.7,36557.7,0.8161,1.3626,1.09,169.549,56.3591,1.2135,7.297,5.7521,0.0619,0.0619,125301.0,29702.8,17788.9,1878260.0,445246.0,3.004,16.86,13.8,0.0000,-0.07608058312444198,1,15,56,2000-07-06
000990.SZ,2017-04-25,14.98,15.57,15.6,14.97,14.99,0.58,3.87,40750.2,62122.9,1.3719,2.2908,1.84,176.109,58.5398,1.2605,7.5793,5.9747,0.0596,0.0596,125301.0,29702.8,17788.9,1950940.0,462473.0,3.004,16.49,13.49,0.0000,-0.3382861387665304,1,15,56,2000-07-06
000990.SZ,2017-04-26,15.7,15.93,16.09,15.43,15.57,0.36,2.31,53331.7,84163.9,1.7955,2.998,2.06,180.181,59.8933,1.2896,7.7545,6.1128,0.0583,0.0583,125301.0,29702.8,17788.9,1996050.0,473166.0,3.004,17.13,14.01,0.0000,0.14924101613413487,1,15,56,2000-07-06
000990.SZ,2017-04-27,16.0,15.77,16.09,15.47,15.93,-0.16,-1.0,56741.9,89829.6,1.9103,3.1897,1.76,178.371,59.2917,1.2767,7.6766,6.0514,0.0589,0.0589,125301.0,29702.8,17788.9,1976000.0,468414.0,3.004,17.52,14.34,0.0000,0.033996438047498787,1,15,56,2000-07-06
000990.SZ,2017-04-28,15.77,15.72,15.85,15.63,15.77,-0.05,-0.32,28816.8,45216.8,0.9702,1.6199,0.74,177.806,59.1037,1.2726,7.6523,6.0322,0.059,0.059,125301.0,29702.8,17788.9,1969730.0,466929.0,3.004,17.35,14.19,0.0000,0.15100761300860419,1,15,56,2000-07-06
000990.SZ,2017-05-02,15.96,16.03,16.1,15.73,15.72,0.31,1.97,31401.9,49989.8,1.0572,1.7653,0.77,181.312,60.2693,1.2977,7.8032,6.1512,0.0579,0.0579,125301.0,29702.8,17788.9,2008580.0,476136.0,3.004,17.29,14.15,0.0000,0.03845660281079429,1,15,56,2000-07-06
000990.SZ,2017-05-03,16.0,16.11,16.2,15.92,16.03,0.08,0.5,31096.1,49958.4,1.0469,1.7481,0.74,182.217,60.5701,1.3042,7.8422,6.1819,0.0576,0.0576,125301.0,29702.8,17788.9,2018600.0,478513.0,3.004,17.63,14.43,0.0000,-0.0324122815053351,1,15,56,2000-07-06
000990.SZ,2017-05-04,16.16,16.15,16.28,15.96,16.11,0.04,0.25,27894.3,45089.2,0.9391,1.5681,0.69,182.669,60.7204,1.3074,7.8616,6.1972,0.0575,0.0575,125301.0,29702.8,17788.9,2023610.0,479701.0,3.004,17.72,14.5,0.0000,0.06734905589880533,1,15,56,2000-07-06
000990.SZ,2017-05-05,16.15,15.76,16.25,15.76,16.15,-0.39,-2.41,31188.4,50082.7,1.05,1.7533,0.89,178.258,59.2541,1.2758,7.6718,6.0476,0.0589,0.0589,125301.0,29702.8,17788.9,1974750.0,468117.0,3.004,17.77,14.54,0.0000,-0.19495976569150122,1,15,56,2000-07-06
000990.SZ,2017-05-08,15.76,15.79,16.07,15.54,15.76,0.03,0.19,30031.1,47590.2,1.0111,1.6882,1.0,178.598,59.3669,1.2783,7.6864,6.0591,0.0588,0.0588,125301.0,29702.8,17788.9,1978510.0,469008.0,3.004,17.34,14.18,0.0000,-0.3058970333663459,1,15,56,2000-07-06
000990.SZ,2017-05-09,15.61,16.05,16.05,15.61,15.79,0.26,1.65,17743.2,28250.0,0.5974,0.9974,0.59,181.538,60.3445,1.2993,7.8129,6.1589,0.0578,0.0578,125301.0,29702.8,17788.9,2011080.0,476730.0,3.004,17.37,14.21,0.0000,0.32713058537841067,1,15,56,2000-07-06
000990.SZ,2017-05-10,16.1,16.2,16.76,16.0,16.05,0.15,0.93,56903.9,93273.3,1.9158,3.1988,2.06,183.235,60.9084,1.3115,7.886,6.2164,0.0573,0.0573,125301.0,29702.8,17788.9,2029880.0,481186.0,3.004,17.66,14.45,0.0000,0.06433535055017021,1,15,56,2000-07-06
000990.SZ,2017-05-11,16.01,16.09,16.18,15.7,16.2,-0.11,-0.68,36603.3,58276.5,1.2323,2.0577,1.12,181.991,60.4949,1.3026,7.8324,6.1742,0.0577,0.0577,125301.0,29702.8,17788.9,2016100.0,477919.0,3.004,17.82,14.58,0.0000,-0.19332160447947339,1,15,56,2000-07-06
000990.SZ,2017-05-12,16.01,16.2,16.28,15.95,16.09,0.11,0.68,24042.2,38750.1,0.8094,1.3515,0.7,183.235,60.9084,1.3115,7.886,6.2164,0.0573,0.0573,125301.0,29702.8,17788.9,2029880.0,481186.0,3.004,17.7,14.48,0.0000,-0.1713614825673399,1,15,56,2000-07-06
000990.SZ,2017-05-15,16.25,16.25,16.49,16.16,16.2,0.05,0.31,22811.9,37183.3,0.768,1.2824,0.69,183.801,61.0964,1.3155,7.9103,6.2356,0.0571,0.0571,125301.0,29702.8,17788.9,2036140.0,482671.0,3.004,17.82,14.58,0.0000,-0.22622750715439907,1,15,56,2000-07-06
000990.SZ,2017-05-16,15.97,15.83,15.97,15.01,16.25,-0.42,-2.58,55708.3,87229.6,1.8755,3.1316,1.76,179.05,59.5173,1.2815,7.7059,6.0745,0.0586,0.0586,125301.0,29702.8,17788.9,1983520.0,470196.0,3.004,17.88,14.63,0.0000,-0.29082781022882354,1,15,56,2000-07-06
000990.SZ,2017-05-17,15.8,15.58,15.85,15.52,15.83,-0.25,-1.58,32501.5,50843.9,1.0942,1.8271,0.83,176.222,58.5774,1.2613,7.5842,5.9785,0.0596,0.0596,125301.0,29702.8,17788.9,1952190.0,462770.0,3.004,17.41,14.25,0.0000,-0.25167822579508636,1,15,56,2000-07-06
000990.SZ,2017-05-18,15.58,15.47,15.68,15.37,15.58,-0.11,-0.71,17692.0,27482.6,0.5956,0.9946,0.52,174.978,58.1638,1.2524,7.5306,5.9363,0.06,0.06,125301.0,29702.8,17788.9,1938410.0,459503.0,3.004,17.14,14.02,0.0000,-0.5143220632308508,1,15,56,2000-07-06
000990.SZ,2017-05-19,15.49,15.72,15.8,15.41,15.47,0.25,1.62,14241.3,22166.3,0.4795,0.8006,0.47,177.806,59.1037,1.2726,7.6523,6.0322,0.059,0.059,125301.0,29702.8,17788.9,1969730.0,466929.0,3.004,17.02,13.92,0.0000,0.14843594888381317,1,15,56,2000-07-06
000990.SZ,2017-05-22,15.65,15.39,15.75,15.36,15.72,-0.33,-2.1,16545.6,25729.2,0.557,0.9301,0.58,174.073,57.863,1.2459,7.4917,5.9056,0.0603,0.0603,125301.0,29702.8,17788.9,1928390.0,457127.0,3.004,17.29,14.15,0.0000,-0.39087385827403665,1,15,56,2000-07-06
000990.SZ,2017-05-23,15.32,14.92,15.38,14.88,15.39,-0.47,-3.05,22444.0,33844.2,0.7556,1.2617,0.82,168.757,56.0959,1.2078,7.2629,5.7253,0.0622,0.0622,125301.0,29702.8,17788.9,1869490.0,443166.0,3.004,16.93,13.85,0.0000,-0.38124625325418465,1,15,56,2000-07-06
000990.SZ,2017-05-24,14.88,14.82,14.88,14.36,14.92,-0.1,-0.67,21906.8,32106.4,0.7375,1.2315,1.06,167.626,55.7199,1.1998,7.2142,5.6869,0.0626,0.0626,125301.0,29702.8,17788.9,1856960.0,440196.0,3.004,16.41,13.43,0.0000,-0.3567768001416355,1,15,56,2000-07-06
000990.SZ,2017-05-25,14.88,15.13,15.22,14.8,14.82,0.31,2.09,14857.1,22275.5,0.5002,0.8352,0.8,171.133,56.8855,1.2248,7.3651,5.8058,0.0613,0.0613,125301.0,29702.8,17788.9,1895810.0,449404.0,3.004,16.3,13.34,0.0000,0.23801027061752658,1,15,56,2000-07-06
000990.SZ,2017-05-26,15.08,15.11,15.2,15.0,15.11,0.0,0.0,7209.83,10893.8,0.2427,0.4053,0.4,170.906,56.8103,1.2252,7.3554,5.7982,0.0614,0.1938,125301.0,29702.8,17788.9,1893300.0,448810.0,3.008,16.62,13.6,0.0000,-0.654049062504069,1,15,56,2000-07-06
000990.SZ,2017-05-31,15.24,14.93,15.33,14.91,15.11,-0.18,-1.19,15587.0,23508.5,0.5248,0.8762,0.94,168.87,56.1335,1.2106,7.2677,5.7291,0.0622,0.1961,125301.0,29702.8,17788.9,1870750.0,443463.0,3.008,16.62,13.6,0.0000,-0.17130074666270895,1,15,56,2000-07-06
000990.SZ,2017-06-01,14.92,14.61,15.0,14.53,14.93,-0.32,-2.14,17303.7,25489.3,0.5826,0.9727,1.06,165.251,54.9304,1.1847,7.112,5.6063,0.0635,0.2004,125301.0,29702.8,17788.9,1830650.0,433958.0,3.008,16.42,13.44,0.0000,0.04716834321750505,1,15,56,2000-07-06
000990.SZ,2017-06-02,14.51,14.67,14.72,14.3,14.61,0.06,0.41,23736.9,34485.9,0.7991,1.3344,1.54,165.93,55.156,1.1895,7.1412,5.6293,0.0633,0.1996,125301.0,29702.8,17788.9,1838170.0,435741.0,3.008,16.07,13.15,0.0000,-0.16315666956844088,1,15,56,2000-07-06
000990.SZ,2017-06-05,14.8,14.84,14.95,14.69,14.67,0.17,1.16,13889.7,20619.4,0.4676,0.7808,0.88,167.852,55.7951,1.2033,7.2239,5.6946,0.0625,0.1973,125301.0,29702.8,17788.9,1859470.0,440790.0,3.008,16.14,13.2,0.0000,0.20524386978578724,1,15,56,2000-07-06
000990.SZ,2017-06-06,14.8,14.98,15.0,14.8,14.84,0.14,0.94,17699.0,26417.4,0.5959,0.9949,1.14,169.436,56.3215,1.2147,7.2921,5.7483,0.062,0.1955,125301.0,29702.8,17788.9,1877010.0,444948.0,3.008,16.32,13.36,0.0000,0.08037727199510766,1,15,56,2000-07-06
000990.SZ,2017-06-07,14.98,15.24,15.3,14.93,14.98,0.26,1.74,22166.3,33724.3,0.7463,1.2461,1.26,172.377,57.299,1.2358,7.4186,5.8481,0.0609,0.1921,125301.0,29702.8,17788.9,1909590.0,452671.0,3.008,16.48,13.48,0.0000,0.58488450475259,1,15,56,2000-07-06
000990.SZ,2017-06-08,15.24,15.1,15.29,15.1,15.24,-0.14,-0.92,12795.4,19453.4,0.4308,0.7193,0.67,170.793,56.7727,1.2244,7.3505,5.7943,0.0615,0.1939,125301.0,29702.8,17788.9,1892050.0,448513.0,3.008,16.76,13.72,0.0000,-0.426361073927474,1,15,56,2000-07-06
000990.SZ,2017-06-09,15.09,15.19,15.26,15.07,15.1,0.09,0.6,8855.66,13451.3,0.2981,0.4978,0.49,171.811,57.1111,1.2317,7.3943,5.8289,0.0611,0.1928,125301.0,29702.8,17788.9,1903330.0,451186.0,3.008,16.61,13.59,0.0000,-0.3637634057979222,1,15,56,2000-07-06
000990.SZ,2017-06-12,15.25,15.07,15.26,15.05,15.19,-0.12,-0.79,11766.7,17866.3,0.3961,0.6615,0.78,170.454,56.6599,1.222,7.3359,5.7828,0.0616,0.1943,125301.0,29702.8,17788.9,1888290.0,447622.0,3.008,16.71,13.67,0.0000,-0.3993338696519628,1,15,56,2000-07-06
000990.SZ,2017-06-13,15.0,15.02,15.14,14.92,15.07,-0.05,-0.33,17012.6,25517.6,0.5728,0.9564,1.16,169.888,56.4719,1.2179,7.3116,5.7636,0.0618,0.195,125301.0,29702.8,17788.9,1882020.0,446137.0,3.008,16.58,13.56,0.0001,-0.3078196719803519,1,15,56,2000-07-06
000990.SZ,2017-06-14,14.99,15.19,15.26,14.9,15.02,0.17,1.13,17567.3,26614.9,0.5914,0.9875,1.21,171.811,57.1111,1.2317,7.3943,5.8289,0.0611,0.1317,125301.0,29702.8,17788.9,1903330.0,451186.0,3.008,16.52,13.52,0.0000,-0.22964891974099572,1,15,56,2000-07-06
000990.SZ,2017-06-15,15.2,15.27,15.35,15.08,15.19,0.08,0.53,10996.8,16810.2,0.3702,0.6182,0.81,172.716,57.4118,1.2382,7.4333,5.8596,0.0608,0.131,125301.0,29702.8,17788.9,1913350.0,453562.0,3.008,16.71,13.67,0.0000,-0.25757515048248925,1,15,56,2000-07-06
000990.SZ,2017-06-16,15.25,15.34,15.53,15.25,15.27,0.07,0.46,14834.0,22872.9,0.4994,0.8339,1.12,173.508,57.675,1.2439,7.4673,5.8864,0.0605,0.1304,125301.0,29702.8,17788.9,1922120.0,455641.0,3.008,16.8,13.74,0.0000,-0.2769294569069225,1,15,56,2000-07-06
000990.SZ,2017-06-19,15.3,15.45,15.5,15.28,15.34,0.11,0.72,12069.7,18621.8,0.4063,0.6785,0.84,174.752,58.0886,1.2528,7.5209,5.9286,0.0601,0.1294,125301.0,29702.8,17788.9,1935900.0,458909.0,3.008,16.87,13.81,0.0000,-0.8994536927343005,1,15,56,2000-07-06
000990.SZ,2017-06-20,15.45,15.62,15.69,15.34,15.45,0.17,1.1,22953.0,35783.6,0.7728,1.2903,1.58,176.675,58.7278,1.2666,7.6036,5.9939,0.0594,0.128,125301.0,29702.8,17788.9,1957200.0,463958.0,3.008,17.0,13.91,0.0000,-0.25691532031995,1,15,56,2000-07-06
000990.SZ,2017-06-21,15.61,15.56,15.71,15.46,15.62,-0.06,-0.38,15015.5,23361.5,0.5055,0.8441,0.96,175.996,58.5022,1.2617,7.5744,5.9708,0.0597,0.1285,125301.0,29702.8,17788.9,1949690.0,462176.0,3.008,17.18,14.06,0.0000,-0.37309610172237695,1,15,56,2000-07-06
000990.SZ,2017-06-22,15.61,15.59,15.92,15.51,15.56,0.03,0.19,23493.0,37033.2,0.7909,1.3207,1.55,176.335,58.615,1.2641,7.589,5.9824,0.0595,0.1283,125301.0,29702.8,17788.9,1953450.0,463067.0,3.008,17.12,14.0,0.0000,-0.06387502959095726,1,15,56,2000-07-06
000990.SZ,2017-06-23,15.53,15.96,15.96,15.53,15.59,0.37,2.37,34335.5,54391.4,1.156,1.9302,1.94,180.52,60.0061,1.2941,7.7691,6.1243,0.0582,0.1253,125301.0,29702.8,17788.9,1999810.0,474057.0,3.008,17.15,14.03,0.0000,-0.08038224930859555,1,15,56,2000-07-06
000990.SZ,2017-06-26,15.75,15.96,16.1,15.73,15.96,0.0,0.0,33694.8,53765.5,1.1344,1.8942,1.56,180.52,60.0061,1.2941,7.7691,6.1243,0.0582,0.1253,125301.0,29702.8,17788.9,1999810.0,474057.0,3.008,17.56,14.36,0.0000,-0.2755837858752616,1,15,56,2000-07-06
000990.SZ,2017-06-27,15.81,15.96,16.02,15.81,15.96,0.0,0.0,29915.1,47679.3,1.0071,1.6817,1.16,180.52,60.0061,1.2941,7.7691,6.1243,0.0582,0.1253,125301.0,29702.8,17788.9,1999810.0,474057.0,3.008,17.56,14.36,0.0000,-0.4576156801422054,1,15,56,2000-07-06
000990.SZ,2017-06-28,15.82,15.89,15.98,15.82,15.96,-0.07,-0.44,21226.6,33814.4,0.7146,1.1933,0.78,179.729,59.7429,1.2885,7.7351,6.0975,0.0584,0.1259,125301.0,29702.8,17788.9,1991040.0,471978.0,3.008,17.56,14.36,0.0000,-0.5494155580053087,1,15,56,2000-07-06
000990.SZ,2017-06-29,15.85,15.9,15.92,15.7,15.89,0.01,0.06,11655.9,18428.9,0.3924,0.6552,0.41,179.842,59.7805,1.2893,7.7399,6.1013,0.0584,0.1258,125301.0,29702.8,17788.9,1992290.0,472275.0,3.008,17.48,14.3,0.0000,-0.39123093848557783,1,15,56,2000-07-06
000990.SZ,2017-06-30,15.55,15.98,15.98,15.5,15.9,0.08,0.5,21312.8,33687.7,0.7175,1.1981,0.81,180.747,60.0813,1.2958,7.7789,6.132,0.0581,0.1252,125301.0,29702.8,17788.9,2002310.0,474651.0,3.008,17.49,14.31,0.0000,-0.5238448060919187,1,15,56,2000-07-06
000990.SZ,2017-07-03,15.84,16.11,16.13,15.83,15.98,0.13,0.81,21674.9,34718.8,0.7297,1.2185,0.92,182.217,60.5701,1.3063,7.8422,6.1819,0.0576,0.1241,125301.0,29702.8,17788.9,2018600.0,478513.0,3.008,17.58,14.38,0.0000,-0.7038101756053937,1,15,56,2000-07-06
000990.SZ,2017-07-04,16.12,16.42,16.43,16.04,16.11,0.31,1.92,37047.6,60294.6,1.2473,2.0826,1.75,185.723,61.7356,1.3314,7.9931,6.3009,0.0565,0.1218,125301.0,29702.8,17788.9,2057450.0,487721.0,3.008,17.72,14.5,0.0000,-0.12108403615286716,1,15,56,2000-07-06
000990.SZ,2017-07-05,16.43,16.35,16.5,16.23,16.42,-0.07,-0.43,41766.9,68294.7,1.4062,2.3479,1.85,184.932,61.4724,1.3258,7.959,6.274,0.0568,0.1223,125301.0,29702.8,17788.9,2048670.0,485641.0,3.008,18.06,14.78,0.0000,-0.152304579586969,1,15,56,2000-07-06
000990.SZ,2017-07-06,16.39,16.66,16.69,16.26,16.35,0.31,1.9,38911.8,64568.2,1.31,2.1874,1.46,188.438,62.6379,1.3509,8.1099,6.393,0.0557,0.12,125301.0,29702.8,17788.9,2087520.0,494849.0,3.008,17.99,14.72,0.0000,0.10702893607782504,1,15,56,2000-07-06
000990.SZ,2017-07-07,16.61,16.55,16.74,16.33,16.66,-0.11,-0.66,39826.8,65776.6,1.3408,2.2389,1.24,187.194,62.2244,1.342,8.0563,6.3507,0.0561,0.1208,125301.0,29702.8,17788.9,2073730.0,491582.0,3.008,18.33,14.99,0.0000,-0.054351219606413655,1,15,56,2000-07-06
000990.SZ,2017-07-10,16.54,16.3,16.58,16.21,16.55,-0.25,-1.51,34515.7,56414.5,1.162,1.9403,0.96,184.366,61.2844,1.3217,7.9346,6.2548,0.0569,0.1227,125301.0,29702.8,17788.9,2042410.0,484156.0,3.008,18.21,14.9,0.0000,-0.030333812999807266,1,15,56,2000-07-06
000990.SZ,2017-07-11,16.66,16.72,16.99,16.3,16.3,0.42,2.58,79654.2,132189.0,2.6817,4.4778,2.07,189.117,62.8635,1.3558,8.1391,6.416,0.0555,0.1196,125301.0,29702.8,17788.9,2095040.0,496631.0,3.008,17.93,14.67,0.0000,0.054540498238756105,1,15,56,2000-07-06
000990.SZ,2017-07-12,16.72,16.42,16.77,16.1,16.72,-0.3,-1.79,35385.3,57961.1,1.1913,1.9892,0.75,185.723,61.7356,1.3314,7.9931,6.3009,0.0565,0.1218,125301.0,29702.8,17788.9,2057450.0,487721.0,3.008,18.39,15.05,0.0000,-0.11672228871366082,1,15,56,2000-07-06
000990.SZ,2017-07-13,16.55,16.45,16.55,16.23,16.42,0.03,0.18,20136.8,32903.1,0.6779,1.132,0.44,186.063,61.8484,1.3339,8.0077,6.3124,0.0564,0.1216,125301.0,29702.8,17788.9,2061200.0,488612.0,3.008,18.06,14.78,0.0000,0.1825654840343163,1,15,56,2000-07-06
000990.SZ,2017-07-14,16.32,16.4,16.5,16.17,16.45,-0.05,-0.3,30148.7,49111.4,1.015,1.6948,0.72,185.497,61.6604,1.3298,7.9833,6.2932,0.0566,0.122,125301.0,29702.8,17788.9,2054940.0,487126.0,3.008,18.1,14.81,0.0000,-0.01516793911169441,1,15,56,2000-07-06
000990.SZ,2017-07-17,16.39,16.22,16.49,15.1,16.4,-0.18,-1.1,39591.0,63402.3,1.3329,2.2256,0.99,183.461,60.9836,1.3152,7.8957,6.2241,0.0572,0.1233,125301.0,29702.8,17788.9,2032390.0,481780.0,3.008,18.04,14.76,0.0000,-0.1599449025736577,1,15,56,2000-07-06
000990.SZ,2017-07-18,16.23,16.29,16.4,15.9,16.22,0.07,0.43,21989.9,35498.8,0.7403,1.2362,0.54,184.253,61.2468,1.3209,7.9298,6.251,0.057,0.1228,125301.0,29702.8,17788.9,2041160.0,483859.0,3.008,17.84,14.6,0.0000,-0.21950765041575301,1,15,56,2000-07-06
000990.SZ,2017-07-19,16.27,16.46,16.51,16.05,16.29,0.17,1.04,26486.3,43163.2,0.8917,1.4889,0.9,186.176,61.886,1.3347,8.0125,6.3162,0.0564,0.1215,125301.0,29702.8,17788.9,2062460.0,488909.0,3.008,17.92,14.66,0.0000,-0.08968738799867225,1,15,56,2000-07-06
000990.SZ,2017-07-20,16.58,16.9,16.96,16.42,16.46,0.44,2.67,49497.5,82995.6,1.6664,2.7825,1.79,191.153,63.5403,1.3704,8.2267,6.485,0.0549,0.1183,125301.0,29702.8,17788.9,2117590.0,501978.0,3.008,18.11,14.81,0.0000,-0.10256433626740752,1,15,56,2000-07-06
000990.SZ,2017-07-21,16.92,16.99,17.08,16.8,16.9,0.09,0.53,29777.4,50443.2,1.0025,1.6739,0.89,192.171,63.8787,1.3777,8.2705,6.5196,0.0546,0.1177,125301.0,29702.8,17788.9,2128870.0,504651.0,3.008,18.59,15.21,0.0000,-0.041980931892392465,1,15,56,2000-07-06
000990.SZ,2017-07-24,16.97,16.82,16.97,16.66,16.99,-0.17,-1.0,25228.5,42330.8,0.8494,1.4182,0.75,190.248,63.2395,1.3639,8.1878,6.4543,0.0552,0.1189,125301.0,29702.8,17788.9,2107570.0,499602.0,3.008,18.69,15.29,0.0000,-0.6516982617470022,1,15,56,2000-07-06
000990.SZ,2017-07-25,16.95,16.9,17.02,16.6,16.82,0.08,0.48,18872.1,31692.6,0.6354,1.0609,0.62,191.153,63.5403,1.3704,8.2267,6.485,0.0549,0.1183,125301.0,29702.8,17788.9,2117590.0,501978.0,3.008,18.5,15.14,0.0000,-0.6622542963395883,1,15,56,2000-07-06
000990.SZ,2017-07-26,16.97,16.78,16.97,16.59,16.9,-0.12,-0.71,18056.7,30224.0,0.6079,1.0151,0.6,189.795,63.0891,1.3606,8.1683,6.439,0.0553,0.1192,125301.0,29702.8,17788.9,2102550.0,498414.0,3.008,18.59,15.21,0.0000,-0.20064589814575662,1,15,56,2000-07-06
000990.SZ,2017-07-27,16.71,16.76,16.8,16.55,16.78,-0.02,-0.12,16907.1,28178.8,0.5692,0.9504,0.6,189.569,63.0139,1.359,8.1586,6.4313,0.0554,0.1193,125301.0,29702.8,17788.9,2100050.0,497820.0,3.008,18.46,15.1,0.0000,-0.051212640909658366,1,15,56,2000-07-06
000990.SZ,2017-07-28,16.71,16.67,16.75,16.56,16.76,-0.09,-0.54,14281.0,23716.0,0.4808,0.8028,0.66,188.551,62.6755,1.3517,8.1148,6.3968,0.0557,0.12,125301.0,29702.8,17788.9,2088770.0,495146.0,3.008,18.44,15.08,0.0000,-0.8672334531750142,1,15,56,2000-07-06
000990.SZ,2017-07-31,16.67,16.77,16.79,16.51,16.67,0.1,0.6,18320.3,30570.2,0.6168,1.0299,0.98,189.682,63.0515,1.3598,8.1634,6.4352,0.0553,0.1193,125301.0,29702.8,17788.9,2101300.0,498117.0,3.008,18.34,15.0,0.0000,-0.11434905111963566,1,15,56,2000-07-06
000990.SZ,2017-08-01,16.77,16.78,16.9,16.66,16.77,0.01,0.06,16921.0,28406.4,0.5697,0.9512,0.98,189.795,63.0891,1.3606,8.1683,6.439,0.0553,0.1192,125301.0,29702.8,17788.9,2102550.0,498414.0,3.008,18.45,15.09,0.0000,0.07661534291971128,1,15,56,2000-07-06
000990.SZ,2017-08-02,16.8,16.65,16.8,16.5,16.78,-0.13,-0.77,15682.8,26001.9,0.528,0.8816,0.93,188.325,62.6003,1.3501,8.105,6.3891,0.0557,0.1201,125301.0,29702.8,17788.9,2086260.0,494552.0,3.008,18.46,15.1,0.0000,-0.1417085074567112,1,15,56,2000-07-06
000990.SZ,2017-08-03,16.65,16.64,16.71,16.49,16.65,-0.01,-0.06,11472.0,19077.6,0.3862,0.6449,0.7,188.212,62.5627,1.3493,8.1002,6.3853,0.0558,0.1202,125301.0,29702.8,17788.9,2085010.0,494255.0,3.008,18.32,14.99,0.0000,0.07050673673076761,1,15,56,2000-07-06
000990.SZ,2017-08-04,16.67,17.05,17.06,16.62,16.64,0.41,2.46,32032.1,54193.8,1.0784,1.8007,2.09,192.849,64.1042,1.3825,8.2997,6.5426,0.0544,0.1173,125301.0,29702.8,17788.9,2136390.0,506433.0,3.008,18.3,14.98,0.0000,0.2497675180619506,1,15,56,2000-07-06
000990.SZ,2017-08-07,17.05,17.43,17.47,17.0,17.05,0.38,2.23,53238.6,92182.7,1.7924,2.9928,2.82,197.147,65.533,1.4133,8.4847,6.6884,0.0533,0.1147,125301.0,29702.8,17788.9,2184000.0,517720.0,3.008,18.76,15.35,0.0000,-0.17887368478936289,1,15,56,2000-07-06
000990.SZ,2017-08-08,17.5,17.27,17.74,17.11,17.43,-0.16,-0.92,65456.0,113858.0,2.2037,3.6796,2.53,195.338,40.5915,1.3856,8.4068,5.3123,0.0537,0.1158,125301.0,29702.8,17788.9,2163950.0,512968.0,3.008,19.17,15.69,0.0000,-0.1572129989202198,1,15,56,2000-07-06
000990.SZ,2017-08-09,17.2,17.34,17.45,17.14,17.27,0.07,0.41,34280.5,59279.8,1.1541,1.9271,0.96,196.129,40.756,1.3912,8.4409,5.3338,0.0535,0.1153,125301.0,29702.8,17788.9,2172720.0,515047.0,3.008,19.0,15.54,0.0000,0.007644694886947047,1,15,56,2000-07-06
000990.SZ,2017-08-10,17.35,17.46,17.51,17.32,17.34,0.12,0.69,45911.3,79970.0,1.5457,2.5809,1.17,197.487,41.038,1.4009,8.4993,5.3707,0.0532,0.1145,125301.0,29702.8,17788.9,2187760.0,518612.0,3.008,19.07,15.61,0.0000,-0.15942777116310164,1,15,56,2000-07-06
000990.SZ,2017-08-11,17.41,17.58,17.64,17.39,17.46,0.12,0.69,44966.6,78611.7,1.5139,2.5278,0.97,198.844,41.3201,1.4105,8.5577,5.4076,0.0528,0.1138,125301.0,29702.8,17788.9,2202800.0,522176.0,3.008,19.21,15.71,0.0000,0.07240930817002506,1,15,56,2000-07-06
000990.SZ,2017-08-14,17.59,17.78,17.78,17.55,17.58,0.2,1.14,49123.1,86697.4,1.6538,2.7615,1.01,201.106,41.7902,1.4265,8.6551,5.4691,0.0522,0.1125,125301.0,29702.8,17788.9,2227860.0,528116.0,3.008,19.34,15.82,0.0000,0.08710744250006734,1,15,56,2000-07-06
000990.SZ,2017-08-15,17.85,17.76,17.98,17.58,17.78,-0.02,-0.11,27702.2,49151.9,0.9326,1.5573,0.58,200.88,41.7432,1.4249,8.6454,5.463,0.0523,0.1126,125301.0,29702.8,17788.9,2225350.0,527522.0,3.008,19.56,16.0,0.0000,-0.30958683123279,1,15,56,2000-07-06
000990.SZ,2017-08-16,17.67,18.38,18.47,17.67,17.76,0.62,3.49,47666.0,86658.4,1.6048,2.6795,1.18,207.893,43.2004,1.4747,8.9472,5.6537,0.0505,0.1088,125301.0,29702.8,17788.9,2303040.0,545938.0,3.008,19.54,15.98,0.0000,0.16531401413621608,1,15,56,2000-07-06
000990.SZ,2017-08-17,20.22,20.22,20.22,20.11,18.38,1.84,10.01,153214.0,309688.0,5.1582,8.6129,3.56,228.704,47.5252,1.6223,9.8429,6.2197,0.0459,0.0989,125301.0,29702.8,17788.9,2533590.0,600591.0,3.008,20.22,16.54,0.0000,-0.11080032276141272,1,15,56,2000-07-06
000990.SZ,2017-08-18,20.7,21.6,22.24,20.36,20.22,1.38,6.82,277628.0,597025.0,9.3468,15.6068,4.3,244.313,50.7687,1.733,10.5146,6.6442,0.043,0.0926,125301.0,29702.8,17788.9,2706510.0,641581.0,3.008,22.24,18.2,0.0000,-0.16056267065824,1,15,56,2000-07-06
000990.SZ,2017-08-21,20.9,21.17,21.5,20.71,21.6,-0.43,-1.99,147666.0,310516.0,4.9715,8.3011,1.33,239.45,49.758,1.6985,10.3053,6.5119,0.0438,0.0945,125301.0,29702.8,17788.9,2652630.0,628809.0,3.008,23.76,19.44,0.0000,-0.024185541949364023,1,15,56,2000-07-06
000990.SZ,2017-08-22,20.83,21.25,22.48,20.75,21.17,0.08,0.38,190937.0,412515.0,6.4282,10.7335,1.46,240.355,49.9461,1.705,10.3442,6.5365,0.0437,0.0941,125301.0,29702.8,17788.9,2662650.0,631185.0,3.008,23.29,19.05,0.0000,-0.06761444245706667,1,15,56,2000-07-06
000990.SZ,2017-08-23,20.8,21.45,21.87,20.44,21.25,0.2,0.94,151683.0,321899.0,5.1067,8.5268,0.93,242.617,50.4162,1.721,10.4416,6.598,0.0433,0.0932,125301.0,29702.8,17788.9,2687710.0,637126.0,3.008,23.38,19.13,0.0000,0.13032612603012722,1,15,56,2000-07-06
000990.SZ,2017-08-24,21.35,20.51,21.35,20.14,21.45,-0.94,-4.38,133189.0,275553.0,4.484,7.4872,0.72,231.985,48.2068,1.6456,9.984,6.3089,0.0453,0.0975,125301.0,29702.8,17788.9,2569930.0,609205.0,3.008,23.6,19.31,0.0000,-0.03864658212926901,1,15,56,2000-07-06
000990.SZ,2017-08-25,20.64,20.35,20.78,20.16,20.51,-0.16,-0.78,93606.0,190845.0,3.1514,5.2621,0.52,230.175,47.8307,1.6327,9.9061,6.2597,0.0456,0.0983,125301.0,29702.8,17788.9,2549880.0,604453.0,3.008,22.56,18.46,0.0000,0.1038250813476474,1,15,56,2000-07-06
000990.SZ,2017-08-28,20.32,20.7,20.76,19.58,20.35,0.35,1.72,145437.0,292914.0,4.8964,8.1757,1.01,234.134,48.6534,1.6608,10.0765,6.3673,0.0448,0.0966,125301.0,29702.8,17788.9,2593730.0,614849.0,3.008,22.39,18.32,0.0000,-0.029278587219071964,1,15,56,2000-07-06
000990.SZ,2017-08-29,20.55,19.87,20.55,19.82,20.7,-0.83,-4.01,104355.0,209806.0,3.5133,5.8663,0.73,224.746,46.7025,1.5942,9.6725,6.112,0.0467,0.1007,125301.0,29702.8,17788.9,2489730.0,590195.0,3.008,22.77,18.63,0.0000,-0.07320975624913245,1,15,56,2000-07-06
000990.SZ,2017-08-30,19.98,19.7,20.08,19.42,19.87,-0.17,-0.86,101520.0,200033.0,3.4179,5.7069,0.81,222.823,46.303,1.5806,9.5897,6.0597,0.0471,0.1015,125301.0,29702.8,17788.9,2468430.0,585146.0,3.008,21.86,17.88,0.0000,-0.06591671866053676,1,15,56,2000-07-06
000990.SZ,2017-08-31,19.79,19.84,19.92,19.5,19.7,0.14,0.71,99265.4,195479.0,3.342,5.5802,0.86,224.406,46.632,1.5918,9.6579,6.1028,0.0468,0.1008,125301.0,29702.8,17788.9,2485980.0,589304.0,3.008,21.67,17.73,0.0000,-0.06128786681363401,1,15,56,2000-07-06
000990.SZ,2017-09-01,19.83,19.8,19.99,19.58,19.84,-0.04,-0.2,97633.6,192497.0,3.287,5.4885,0.9,223.954,46.538,1.5886,9.6384,6.0905,0.0469,0.101,125301.0,29702.8,17788.9,2480960.0,588116.0,3.008,21.82,17.86,0.0000,0.03170930034519493,1,15,56,2000-07-06
000990.SZ,2017-09-04,19.79,19.9,19.95,19.62,19.8,0.1,0.51,112607.0,222711.0,3.7911,6.3302,1.03,225.085,46.773,1.5966,9.6871,6.1212,0.0466,0.1005,125301.0,29702.8,17788.9,2493490.0,591086.0,3.008,21.78,17.82,0.0000,0.07412792529144935,1,15,56,2000-07-06
000990.SZ,2017-09-05,19.97,18.89,19.97,18.81,19.9,-1.01,-5.08,155000.0,297974.0,5.2183,8.7133,1.5,213.661,44.3991,1.5156,9.1954,5.8106,0.0491,0.1059,125301.0,29702.8,17788.9,2366940.0,561087.0,3.008,21.89,17.91,0.0000,-0.21486233643503175,1,15,56,2000-07-06
000990.SZ,2017-09-06,18.91,18.63,19.0,18.5,18.89,-0.26,-1.38,125124.0,232817.0,4.2125,7.0338,1.11,210.72,43.788,1.4947,9.0689,5.7306,0.0498,0.1074,125301.0,29702.8,17788.9,2334360.0,553364.0,3.008,20.78,17.0,0.0000,-0.05477950126682836,1,15,56,2000-07-06
000990.SZ,2017-09-07,18.6,18.38,18.72,18.32,18.63,-0.25,-1.34,126533.0,234459.0,4.26,7.113,1.07,207.893,43.2004,1.4747,8.9472,5.6537,0.0505,0.1088,125301.0,29702.8,17788.9,2303040.0,545938.0,3.008,20.49,16.77,0.0000,-0.05736403086367879,1,15,56,2000-07-06
000990.SZ,2017-09-08,18.35,18.02,18.49,17.7,18.38,-0.36,-1.96,169722.0,306495.0,5.714,9.5409,1.38,203.821,42.3543,1.4458,8.7719,5.543,0.0515,0.111,125301.0,29702.8,17788.9,2257930.0,535245.0,3.008,20.22,16.54,0.0000,-0.10393651697408969,1,15,56,2000-07-06
000990.SZ,2017-09-11,18.0,18.1,18.19,17.96,18.02,0.08,0.44,87130.2,157452.0,2.9334,4.898,0.63,204.726,42.5423,1.4522,8.8109,5.5676,0.0513,0.1105,125301.0,29702.8,17788.9,2267950.0,537621.0,3.008,19.82,16.22,0.0000,-0.24669890835658828,1,15,56,2000-07-06
000990.SZ,2017-09-12,18.02,18.19,18.33,17.87,18.1,0.09,0.5,111270.0,201957.0,3.7461,6.255,0.84,205.743,42.7538,1.4594,8.8547,5.5952,0.051,0.11,125301.0,29702.8,17788.9,2279230.0,540295.0,3.008,19.91,16.29,0.0000,-0.01558936210811872,1,15,56,2000-07-06
000990.SZ,2017-09-13,18.15,17.97,18.25,17.88,18.19,-0.22,-1.21,72685.2,130739.0,2.4471,4.086,0.59,203.255,42.2368,1.4418,8.7476,5.5276,0.0517,0.1113,125301.0,29702.8,17788.9,2251660.0,533760.0,3.008,20.01,16.37,0.0000,-0.35458154919237683,1,15,56,2000-07-06
000990.SZ,2017-09-14,17.98,18.18,18.18,17.83,17.97,0.21,1.17,83455.5,150348.0,2.8097,4.6914,0.74,205.63,42.7303,1.4586,8.8498,5.5922,0.0511,0.11,125301.0,29702.8,17788.9,2277980.0,539998.0,3.008,19.77,16.17,0.0000,0.06311368982991288,1,15,56,2000-07-06
000990.SZ,2017-09-15,18.18,18.28,18.35,17.63,18.18,0.1,0.55,111077.0,199623.0,3.7396,6.2442,1.06,206.762,42.9654,1.4667,8.8985,5.6229,0.0508,0.1094,125301.0,29702.8,17788.9,2290510.0,542968.0,3.008,20.0,16.36,0.0000,-0.04430554052650208,1,15,56,2000-07-06
000990.SZ,2017-09-18,18.14,18.59,18.64,17.99,18.28,0.31,1.7,142703.0,262987.0,4.8043,8.022,1.53,210.268,43.694,1.4915,9.0494,5.7183,0.0499,0.1076,125301.0,29702.8,17788.9,2329350.0,552176.0,3.008,20.11,16.45,0.0000,-0.005851257454850707,1,15,56,2000-07-06
000990.SZ,2017-09-19,18.51,18.47,18.65,18.28,18.59,-0.12,-0.65,71600.9,131762.0,2.4106,4.025,0.69,208.911,43.412,1.4819,8.991,5.6814,0.0503,0.1083,125301.0,29702.8,17788.9,2314310.0,548611.0,3.008,20.45,16.73,0.0000,-0.04901707761168896,1,15,56,2000-07-06
000990.SZ,2017-09-20,18.08,18.15,18.39,18.06,18.47,-0.32,-1.73,70952.4,128959.0,2.3887,3.9886,0.74,205.291,42.6598,1.4562,8.8352,5.5829,0.0511,0.1102,125301.0,29702.8,17788.9,2274220.0,539106.0,3.008,20.32,16.62,0.0000,-0.22668256027980338,1,15,56,2000-07-06
000990.SZ,2017-09-21,18.07,17.46,18.16,17.4,18.15,-0.69,-3.8,97876.0,173907.0,3.2952,5.5021,1.02,197.487,41.038,1.4009,8.4993,5.3707,0.0532,0.1145,125301.0,29702.8,17788.9,2187760.0,518612.0,3.008,19.97,16.34,0.0000,-0.2085139053507821,1,15,56,2000-07-06
000990.SZ,2017-09-22,17.42,17.19,17.46,17.14,17.46,-0.27,-1.55,57572.6,99443.3,1.9383,3.2364,0.58,194.433,40.4034,1.3792,8.3679,5.2876,0.054,0.1163,125301.0,29702.8,17788.9,2153930.0,510592.0,3.008,19.21,15.71,0.0000,-0.1401390898232368,1,15,56,2000-07-06
000990.SZ,2017-09-25,17.1,17.13,17.29,17.03,17.19,-0.06,-0.35,35652.5,61217.7,1.2003,2.0042,0.4,193.754,40.2624,1.3744,8.3387,5.2692,0.0542,0.1168,125301.0,29702.8,17788.9,2146410.0,508810.0,3.008,18.91,15.47,0.0000,-0.2157556362817583,1,15,56,2000-07-06
000990.SZ,2017-09-26,17.15,17.26,17.29,17.08,17.13,0.13,0.76,29471.5,50703.3,0.9922,1.6567,0.44,195.225,40.568,1.3848,8.402,5.3092,0.0538,0.1159,125301.0,29702.8,17788.9,2162700.0,512671.0,3.008,18.84,15.42,0.0000,0.022448391813955478,1,15,56,2000-07-06
000990.SZ,2017-09-27,17.21,17.25,17.45,17.15,17.26,-0.01,-0.06,44929.5,77790.0,1.5126,2.5257,0.77,195.111,40.5445,1.384,8.3971,5.3061,0.0538,0.1159,125301.0,29702.8,17788.9,2161450.0,512374.0,3.008,18.99,15.53,0.0000,-0.11772545368799954,1,15,56,2000-07-06
000990.SZ,2017-09-28,17.15,17.44,17.66,16.6,17.25,0.19,1.1,81845.1,141153.0,2.7555,4.6009,1.54,197.26,40.991,1.3993,8.4896,5.3645,0.0532,0.1147,125301.0,29702.8,17788.9,2185250.0,518017.0,3.008,18.98,15.53,0.0000,-0.10491347949561336,1,15,56,2000-07-06
000990.SZ,2017-09-29,17.3,17.97,17.97,17.3,17.44,0.53,3.04,96053.8,170634.0,2.4777,3.9966,1.93,203.255,42.2368,1.4418,8.7476,5.5276,0.0517,0.1113,125301.0,38768.0,24033.7,2251660.0,696660.0,3.008,19.18,15.7,0.0000,0.0945869345639145,1,15,56,2000-07-06
000990.SZ,2017-10-09,18.01,18.2,18.29,17.77,17.97,0.23,1.28,72196.3,130366.0,1.8623,3.004,1.25,205.857,42.7773,1.4602,8.8595,5.5983,0.051,0.1099,125301.0,38768.0,24033.7,2280480.0,705577.0,3.008,19.77,16.17,0.0000,-0.118193939206998,1,15,56,2000-07-06
000990.SZ,2017-10-10,18.47,18.27,18.68,18.22,18.2,0.07,0.38,79368.4,146194.0,2.0473,3.3024,1.22,206.648,42.9419,1.4659,8.8936,5.6199,0.0508,0.1095,125301.0,38768.0,24033.7,2289250.0,708291.0,3.008,20.02,16.38,0.0000,-0.17291284007067328,1,15,56,2000-07-06
000990.SZ,2017-10-11,18.33,18.5,18.78,18.16,18.27,0.23,1.26,93740.0,173830.0,2.418,3.9003,1.25,209.25,43.4825,1.4843,9.0056,5.6906,0.0502,0.1081,125301.0,38768.0,24033.7,2318070.0,717207.0,3.008,20.1,16.44,0.0000,0.04871249161053283,1,15,56,2000-07-06
000990.SZ,2017-10-12,18.45,18.29,18.68,18.06,18.5,-0.21,-1.14,48174.4,88251.4,1.2426,2.0044,0.57,206.875,42.9889,1.4675,8.9034,5.626,0.0507,0.1093,125301.0,38768.0,24033.7,2291760.0,709066.0,3.008,20.35,16.65,0.0000,-0.3666497169915826,1,15,56,2000-07-06
000990.SZ,2017-10-13,18.3,18.34,18.42,18.09,18.29,0.05,0.27,32886.9,59917.9,0.8483,1.3684,0.42,207.44,43.1064,1.4715,8.9277,5.6414,0.0506,0.1091,125301.0,38768.0,24033.7,2298020.0,711004.0,3.008,20.12,16.46,0.0000,-0.12039048573787053,1,15,56,2000-07-06
000990.SZ,2017-10-16,18.46,18.7,18.78,18.34,18.34,0.36,1.96,81452.8,151478.0,2.101,3.3891,1.25,211.512,43.9525,1.5004,9.1029,5.7521,0.0496,0.107,125301.0,38768.0,24033.7,2343130.0,724961.0,3.008,20.17,16.51,0.0000,-0.007842423674554814,1,15,56,2000-07-06
000990.SZ,2017-10-17,18.6,18.53,18.67,18.15,18.7,-0.17,-0.91,45871.0,84814.4,1.1832,1.9086,0.68,209.589,43.553,1.4867,9.0202,5.6998,0.0501,0.1079,125301.0,38768.0,24033.7,2321830.0,718370.0,3.008,20.57,16.83,0.0000,-0.2286166382998801,1,15,56,2000-07-06
000990.SZ,2017-10-18,18.58,17.74,18.58,17.0,18.53,-0.79,-4.26,66535.4,120373.0,1.7162,2.7684,1.1,200.654,27.6496,1.3988,8.6356,4.4366,0.0523,0.1127,125301.0,38768.0,24033.7,2222840.0,687744.0,3.008,20.38,16.68,0.0000,-0.42910377508747216,1,15,56,2000-07-06
000990.SZ,2017-10-19,17.7,17.59,17.99,17.51,17.74,-0.15,-0.85,38543.3,68016.0,0.9942,1.6037,0.7,198.957,27.4159,1.3869,8.5626,4.399,0.0528,0.1137,125301.0,38768.0,24033.7,2204050.0,681928.0,3.008,19.51,15.97,0.0000,-0.33504788198187063,1,15,56,2000-07-06
000990.SZ,2017-10-20,17.58,17.73,17.78,17.37,17.59,0.14,0.8,25355.2,44688.7,0.654,1.055,0.48,200.541,27.6341,1.398,8.6307,4.4341,0.0524,0.1128,125301.0,38768.0,24033.7,2221590.0,687356.0,3.008,19.35,15.83,0.0000,-0.2297101447225071,1,15,56,2000-07-06
000990.SZ,2017-10-23,17.78,18.49,18.55,17.77,17.73,0.76,4.29,70376.4,128943.0,1.8153,2.9282,1.37,209.137,28.8186,1.4579,9.0007,4.6241,0.0502,0.1082,125301.0,38768.0,24033.7,2316820.0,716820.0,3.008,19.5,15.96,0.0000,0.15672612077815262,1,15,56,2000-07-06
000990.SZ,2017-10-24,18.6,18.48,18.7,18.17,18.39,0.09,0.49,84875.4,156237.0,2.1893,3.5315,1.72,209.024,28.803,1.4687,8.9958,4.6216,0.0502,0.6494,125301.0,38768.0,24033.7,2315570.0,716432.0,3.024,20.23,16.55,0.0000,-0.24748525777990357,1,15,56,2000-07-06
000990.SZ,2017-10-25,18.4,18.46,18.49,18.23,18.48,-0.02,-0.11,43738.0,80370.3,1.1282,1.8199,0.77,208.798,28.7718,1.4671,8.9861,4.6166,0.0503,0.6501,125301.0,38768.0,24033.7,2313060.0,715656.0,3.024,20.33,16.63,0.0000,0.006667537378008337,1,15,56,2000-07-06
000990.SZ,2017-10-26,18.47,18.45,18.64,18.33,18.46,-0.01,-0.05,53147.3,98113.6,1.3709,2.2114,1.01,208.684,28.7563,1.4663,8.9812,4.6141,0.0503,0.6504,125301.0,38768.0,24033.7,2311810.0,715269.0,3.024,20.31,16.61,0.0000,-0.11298906991568011,1,15,56,2000-07-06
000990.SZ,2017-10-27,18.46,18.07,18.47,18.06,18.45,-0.38,-2.06,47556.0,86640.2,1.2267,1.9787,0.86,204.386,28.164,1.4361,8.7963,4.5191,0.0514,0.6641,125301.0,38768.0,24033.7,2264190.0,700537.0,3.024,20.3,16.61,0.0000,-0.12196700833178512,1,15,56,2000-07-06
000990.SZ,2017-10-30,18.08,17.38,18.18,17.19,18.07,-0.69,-3.82,57032.6,99857.4,1.4711,2.373,0.95,196.582,27.0886,1.3813,8.4604,4.3465,0.0534,0.6904,125301.0,38768.0,24033.7,2177730.0,673787.0,3.024,19.88,16.26,0.0000,-0.30538687908149226,1,15,56,2000-07-06
000990.SZ,2017-10-31,17.37,17.56,17.66,17.3,17.38,0.18,1.04,28036.8,49126.8,0.7232,1.1666,0.49,198.618,27.3691,1.3956,8.548,4.3915,0.0529,0.6834,125301.0,38768.0,24033.7,2200290.0,680765.0,3.024,19.12,15.64,0.0000,-0.04726474151232191,1,15,56,2000-07-06
000990.SZ,2017-11-01,17.6,17.81,17.98,17.58,17.56,0.25,1.42,31896.9,56780.7,0.8228,1.3272,0.69,201.445,27.7588,1.4154,8.6697,4.4541,0.0521,0.6738,125301.0,38768.0,24033.7,2231610.0,690457.0,3.024,19.32,15.8,0.0000,0.1920962965958391,1,15,56,2000-07-06
000990.SZ,2017-11-02,17.82,17.85,17.99,17.61,17.81,0.04,0.22,27357.3,48651.6,0.7057,1.1383,0.63,201.898,27.8211,1.4186,8.6892,4.4641,0.052,0.6723,125301.0,38768.0,24033.7,2236630.0,692008.0,3.024,19.59,16.03,0.0000,0.15737378296868704,1,15,56,2000-07-06
000990.SZ,2017-11-03,17.74,17.5,17.95,17.11,17.85,-0.35,-1.96,41471.0,72600.4,1.0697,1.7255,1.08,197.939,27.2756,1.3908,8.5188,4.3765,0.053,0.6857,125301.0,38768.0,24033.7,2192770.0,678439.0,3.024,19.64,16.07,0.0000,0.02607977290436575,1,15,56,2000-07-06
000990.SZ,2017-11-06,17.4,17.5,17.58,17.28,17.5,0.0,0.0,30728.6,53520.4,0.7926,1.2786,0.83,197.939,27.2756,1.3908,8.5188,4.3765,0.053,0.6857,125301.0,38768.0,24033.7,2192770.0,678439.0,3.024,19.25,15.75,0.0000,-0.04236841713820887,1,15,56,2000-07-06
000990.SZ,2017-11-07,17.5,17.51,17.59,17.35,17.5,0.01,0.06,39300.5,68679.2,1.0137,1.6352,1.23,198.052,27.2912,1.3916,8.5237,4.379,0.053,0.6853,125301.0,38768.0,24033.7,2194020.0,678827.0,3.024,19.25,15.75,0.0000,0.04784422830017123,1,15,56,2000-07-06
000990.SZ,2017-11-08,17.51,17.48,17.58,17.42,17.51,-0.03,-0.17,43538.7,76167.1,1.1231,1.8116,1.27,197.713,27.2444,1.3892,8.5091,4.3715,0.0531,0.6865,125301.0,38768.0,24033.7,2190260.0,677664.0,3.024,19.26,15.76,0.0000,0.085309046321217,1,15,56,2000-07-06
000990.SZ,2017-11-09,17.42,17.43,17.52,17.3,17.48,-0.05,-0.29,56731.0,98958.2,1.4633,2.3605,1.56,197.147,27.1665,1.3852,8.4847,4.359,0.0533,0.6885,125301.0,38768.0,24033.7,2184000.0,675726.0,3.024,19.23,15.73,0.0000,0.06049230436365753,1,15,56,2000-07-06
000990.SZ,2017-11-10,17.35,17.61,17.76,17.35,17.43,0.18,1.03,37634.5,66348.5,0.9708,1.5659,0.89,199.183,27.447,1.3995,8.5723,4.404,0.0527,0.6814,125301.0,38768.0,24033.7,2206550.0,682704.0,3.024,19.17,15.69,0.0000,0.05810912764327787,1,15,56,2000-07-06
000990.SZ,2017-11-13,17.67,17.32,17.67,17.3,17.61,-0.29,-1.65,36544.0,63736.5,0.9426,1.5205,0.88,195.903,26.995,1.3765,8.4312,4.3315,0.0536,0.6928,125301.0,38768.0,24033.7,2170220.0,671461.0,3.024,19.37,15.85,0.0000,-0.3197052754031371,1,15,56,2000-07-06
000990.SZ,2017-11-14,17.32,17.05,17.43,16.89,17.32,-0.27,-1.56,46918.9,80233.8,1.2102,1.9522,1.1,192.849,26.5742,1.355,8.2997,4.264,0.0544,0.7038,125301.0,38768.0,24033.7,2136390.0,660994.0,3.024,19.05,15.59,0.0000,-0.25289886854632254,1,15,56,2000-07-06
000990.SZ,2017-11-15,17.02,16.89,17.06,16.8,17.05,-0.16,-0.94,26231.6,44337.1,0.6766,1.0915,0.59,191.04,26.3248,1.3423,8.2218,4.224,0.055,0.7105,125301.0,38768.0,24033.7,2116340.0,654791.0,3.024,18.76,15.35,0.0000,-0.2289218566892165,1,15,56,2000-07-06
000990.SZ,2017-11-16,16.98,17.13,17.13,16.72,16.89,0.24,1.42,22099.6,37441.8,0.57,0.9195,0.54,193.754,26.6989,1.3614,8.3387,4.284,0.0542,0.7005,125301.0,38768.0,24033.7,2146410.0,664095.0,3.024,18.58,15.2,0.0000,0.056482362476874375,1,15,56,2000-07-06
000990.SZ,2017-11-17,17.05,16.8,17.42,16.67,17.13,-0.33,-1.93,53701.0,91944.9,1.3852,2.2344,1.58,190.021,26.1846,1.3352,8.178,4.2015,0.0553,0.7143,125301.0,38768.0,24033.7,2105060.0,651302.0,3.024,18.84,15.42,0.0000,-0.011365360544608504,1,15,56,2000-07-06
000990.SZ,2017-11-20,16.77,16.58,16.91,16.0,16.8,-0.22,-1.31,35987.9,59262.5,0.9283,1.4974,0.97,187.533,25.8417,1.3177,8.0709,4.1465,0.056,0.7238,125301.0,38768.0,24033.7,2077490.0,642773.0,3.024,18.48,15.12,0.0000,0.028688468523573516,1,15,56,2000-07-06
000990.SZ,2017-11-21,16.48,16.5,16.59,16.09,16.58,-0.08,-0.48,36441.9,59455.8,0.94,1.5163,0.99,186.628,25.717,1.3113,8.032,4.1265,0.0563,0.7273,125301.0,38768.0,24033.7,2067470.0,639671.0,3.024,18.24,14.92,0.0000,-0.364649006314328,1,15,56,2000-07-06
000990.SZ,2017-11-22,16.38,16.5,16.74,16.33,16.5,0.0,0.0,22360.0,36989.8,0.5768,0.9304,0.64,186.628,25.717,1.3113,8.032,4.1265,0.0563,0.7273,125301.0,38768.0,24033.7,2067470.0,639671.0,3.024,18.15,14.85,0.0000,-0.15826717574523566,1,15,56,2000-07-06
000990.SZ,2017-11-23,16.5,16.03,16.5,15.95,16.5,-0.47,-2.85,27928.0,45296.8,0.7204,1.162,0.82,181.312,24.9844,1.274,7.8032,4.0089,0.0579,0.7486,125301.0,38768.0,24033.7,2008580.0,621450.0,3.024,18.15,14.85,0.0000,-0.36830513472156484,1,15,56,2000-07-06
000990.SZ,2017-11-24,16.09,16.21,16.5,16.05,16.03,0.18,1.12,20927.2,34057.4,0.5398,0.8707,0.59,183.348,25.265,1.2883,7.8908,4.0539,0.0573,0.7403,125301.0,38768.0,24033.7,2031130.0,628429.0,3.024,17.63,14.43,0.0000,-0.13908393755769427,1,15,56,2000-07-06
000990.SZ,2017-11-27,16.15,16.25,16.39,16.14,16.21,0.04,0.25,14643.1,23825.9,0.3777,0.6093,0.51,183.801,25.3273,1.2915,7.9103,4.0639,0.0571,0.7385,125301.0,38768.0,24033.7,2036140.0,629979.0,3.024,17.83,14.59,0.0000,-0.14070594461759942,1,15,56,2000-07-06
000990.SZ,2017-11-28,16.24,16.39,16.46,16.11,16.25,0.14,0.86,18280.7,29848.2,0.4715,0.7606,0.75,185.384,25.5455,1.3026,7.9785,4.0989,0.0566,0.7322,125301.0,38768.0,24033.7,2053690.0,635407.0,3.024,17.88,14.63,0.0000,0.29319960158519204,1,15,56,2000-07-06
000990.SZ,2017-11-29,16.27,16.41,16.49,16.14,16.39,0.02,0.12,18654.3,30478.5,0.4812,0.7762,0.9,185.61,25.5767,1.3042,7.9882,4.1039,0.0566,0.7313,125301.0,38768.0,24033.7,2056190.0,636182.0,3.024,18.03,14.75,0.0000,0.03764081958974739,1,15,56,2000-07-06
000990.SZ,2017-11-30,16.34,16.49,16.79,16.3,16.41,0.08,0.49,23796.7,39441.6,0.6138,0.9901,1.18,186.515,25.7014,1.3105,8.0271,4.124,0.0563,0.7277,125301.0,38768.0,24033.7,2066220.0,639284.0,3.024,18.05,14.77,0.0000,0.03568606751755882,1,15,56,2000-07-06
000990.SZ,2017-12-01,16.49,16.74,16.8,16.41,16.49,0.25,1.52,22902.9,38222.1,0.5908,0.9529,1.19,189.343,26.091,1.3304,8.1488,4.1865,0.0554,0.7168,125301.0,38768.0,24033.7,2097540.0,648976.0,3.024,18.14,14.84,0.0000,0.11372737679425396,1,15,56,2000-07-06
000990.SZ,2017-12-04,16.74,16.61,16.91,16.51,16.74,-0.13,-0.78,23564.0,39380.9,0.6078,0.9805,1.2,187.872,25.8884,1.3201,8.0855,4.154,0.0559,0.7225,125301.0,38768.0,24033.7,2081250.0,643936.0,3.024,18.41,15.07,0.0000,0.00669846574684186,1,15,56,2000-07-06
000990.SZ,2017-12-05,16.56,16.31,16.76,16.26,16.61,-0.3,-1.81,23815.2,39353.9,0.6143,0.9909,1.11,184.479,25.4208,1.2962,7.9395,4.0789,0.0569,0.7357,125301.0,38768.0,24033.7,2043660.0,632305.0,3.024,18.27,14.95,0.0000,-0.20008257723263617,1,15,56,2000-07-06
000990.SZ,2017-12-06,16.31,16.37,16.41,16.08,16.31,0.06,0.37,24823.6,40325.2,0.6403,1.0329,1.1,185.158,25.5144,1.301,7.9687,4.0939,0.0567,0.733,125301.0,38768.0,24033.7,2051180.0,634631.0,3.024,17.94,14.68,0.0000,-0.18029998565587943,1,15,56,2000-07-06
000990.SZ,2017-12-07,16.37,16.44,16.5,16.33,16.37,0.07,0.43,46964.2,77021.1,1.2114,1.9541,1.97,185.95,25.6235,1.3066,8.0028,4.1114,0.0565,0.7299,125301.0,38768.0,24033.7,2059950.0,637345.0,3.024,18.01,14.73,0.0000,-0.05718437411214214,1,15,56,2000-07-06
000990.SZ,2017-12-08,16.55,16.48,16.55,16.36,16.44,0.04,0.24,54951.1,90450.8,1.4174,2.2864,1.93,186.402,25.6858,1.3097,8.0223,4.1215,0.0563,0.7282,125301.0,38768.0,24033.7,2064960.0,638896.0,3.024,18.08,14.8,0.0000,-0.13898771068015323,1,15,56,2000-07-06
000990.SZ,2017-12-11,16.45,16.7,16.72,16.45,16.48,0.22,1.34,26579.9,44153.9,0.6856,1.1059,0.76,188.89,26.0287,1.3272,8.1294,4.1765,0.0556,0.7186,125301.0,38768.0,24033.7,2092530.0,647425.0,3.024,18.13,14.83,0.0000,-0.08516089180000967,1,15,56,2000-07-06
000990.SZ,2017-12-12,16.68,16.61,16.76,16.56,16.7,-0.09,-0.54,19595.7,32622.1,0.5055,0.8153,0.55,187.872,25.8884,1.3201,8.0855,4.154,0.0559,0.7225,125301.0,38768.0,24033.7,2081250.0,643936.0,3.024,18.37,15.03,0.0000,-0.063668444079256,1,15,56,2000-07-06
000990.SZ,2017-12-13,16.62,16.55,16.66,16.55,16.61,-0.06,-0.36,16253.7,26974.6,0.4193,0.6763,0.47,187.194,25.7949,1.3153,8.0563,4.139,0.0561,0.7251,125301.0,38768.0,24033.7,2073730.0,641610.0,3.024,18.27,14.95,0.0000,-0.16010256161568548,1,15,56,2000-07-06
000990.SZ,2017-12-14,16.59,16.58,16.67,16.45,16.55,0.03,0.18,21222.9,35157.2,0.5474,0.883,0.65,187.533,25.8417,1.3177,8.0709,4.1465,0.056,0.7238,125301.0,38768.0,24033.7,2077490.0,642773.0,3.024,18.21,14.9,0.0000,-0.2933164870676233,1,15,56,2000-07-06
000990.SZ,2017-12-15,16.65,16.32,16.65,16.27,16.58,-0.26,-1.57,18347.6,30064.6,0.4733,0.7634,0.66,184.592,25.4364,1.297,7.9444,4.0814,0.0569,0.7353,125301.0,38768.0,24033.7,2044920.0,632693.0,3.024,18.24,14.92,0.0000,-0.45803689814930415,1,15,56,2000-07-06
000990.SZ,2017-12-18,16.34,16.55,16.58,16.13,16.32,0.23,1.41,20447.1,33682.8,0.5274,0.8508,1.0,187.194,25.7949,1.3153,8.0563,4.139,0.0561,0.7251,125301.0,38768.0,24033.7,2073730.0,641610.0,3.024,17.95,14.69,0.0000,-0.25857128629901477,1,15,56,2000-07-06
000990.SZ,2017-12-19,16.46,16.62,16.71,16.46,16.55,0.07,0.42,17276.7,28716.3,0.4456,0.7189,0.9,187.986,25.904,1.3209,8.0904,4.1565,0.0558,0.722,125301.0,38768.0,24033.7,2082510.0,644323.0,3.024,18.21,14.9,0.0000,-0.01555587728551307,1,15,56,2000-07-06
000990.SZ,2017-12-20,16.65,16.54,16.66,16.53,16.62,-0.08,-0.48,16692.0,27702.2,0.4306,0.6945,0.89,187.081,25.7793,1.3145,8.0515,4.1365,0.0561,0.7255,125301.0,38768.0,24033.7,2072480.0,641222.0,3.024,18.28,14.96,0.0000,-0.253538604029076,1,15,56,2000-07-06
000990.SZ,2017-12-21,16.52,16.4,16.59,16.3,16.54,-0.14,-0.85,19093.8,31349.3,0.4925,0.7945,1.02,185.497,25.5611,1.3034,7.9833,4.1014,0.0566,0.7317,125301.0,38768.0,24033.7,2054940.0,635794.0,3.024,18.19,14.89,0.0000,0.06060661961927271,1,15,56,2000-07-06
000990.SZ,2017-12-22,16.54,16.74,16.75,16.37,16.4,0.34,2.07,28132.6,46662.6,0.7257,1.1705,1.53,189.343,26.091,1.3304,8.1488,4.1865,0.0554,0.7168,125301.0,38768.0,24033.7,2097540.0,648976.0,3.024,18.04,14.76,0.0000,0.29328276864631747,1,15,56,2000-07-06
000990.SZ,2017-12-25,16.74,16.88,17.09,16.6,16.74,0.14,0.84,33437.8,56229.7,0.8625,1.3913,1.64,190.926,26.3092,1.3415,8.217,4.2215,0.055,0.7109,125301.0,38768.0,24033.7,2115080.0,654403.0,3.024,18.41,15.07,0.0000,0.3158813492082459,1,15,56,2000-07-06
000990.SZ,2017-12-26,16.85,16.87,16.96,16.72,16.88,-0.01,-0.06,22957.4,38575.7,0.5922,0.9552,1.0,190.813,26.2937,1.3407,8.2121,4.219,0.055,0.7113,125301.0,38768.0,24033.7,2113830.0,654015.0,3.024,18.57,15.19,0.0000,-0.016569241872824606,1,15,56,2000-07-06
000990.SZ,2017-12-27,16.9,16.7,17.1,16.68,16.87,-0.17,-1.01,25363.7,42760.5,0.6542,1.0553,1.05,188.89,26.0287,1.3272,8.1294,4.1765,0.0556,0.7186,125301.0,38768.0,24033.7,2092530.0,647425.0,3.024,18.56,15.18,0.0000,0.01515756921594658,1,15,56,2000-07-06
000990.SZ,2017-12-28,16.71,17.03,17.05,16.61,16.7,0.33,1.98,27770.4,46987.2,0.7163,1.1555,1.08,192.623,26.543,1.3535,8.29,4.259,0.0545,0.7046,125301.0,38768.0,24033.7,2133880.0,660218.0,3.024,18.37,15.03,0.0000,0.12363764214998235,1,15,56,2000-07-06
000990.SZ,2017-12-29,17.04,17.26,17.4,17.02,17.03,0.23,1.35,41628.0,71902.9,1.0738,1.7321,1.51,195.225,26.9015,1.3717,8.402,4.3165,0.0538,0.6952,125301.0,38768.0,24033.7,2162700.0,669135.0,3.024,18.73,15.33,0.0000,-0.1432357784987495,1,15,56,2000-07-06
000990.SZ,2018-01-02,17.21,17.34,17.39,17.13,17.26,0.08,0.46,30085.3,52015.0,0.776,1.2518,1.0,196.129,27.0262,1.3781,8.4409,4.3365,0.692,0.692,125301.0,38768.0,24033.7,2172720.0,672236.0,3.024,18.99,15.53,0.0000,-0.09216833576461397,1,15,56,2000-07-06
000990.SZ,2018-01-03,17.31,17.33,17.57,17.28,17.34,-0.01,-0.06,36741.2,63950.8,0.9477,1.5287,1.24,196.016,27.0106,1.3773,8.436,4.334,0.6924,0.6924,125301.0,38768.0,24033.7,2171470.0,671849.0,3.024,19.07,15.61,0.0000,-0.14070326134073957,1,15,56,2000-07-06
000990.SZ,2018-01-04,17.23,17.53,17.54,17.22,17.33,0.2,1.15,41683.7,72888.8,1.0752,1.7344,1.29,198.278,27.3223,1.3932,8.5334,4.384,0.6845,0.6845,125301.0,38768.0,24033.7,2196530.0,679602.0,3.024,19.06,15.6,0.0000,0.03110029626573213,1,15,56,2000-07-06
000990.SZ,2018-01-05,17.54,17.58,17.64,17.38,17.53,0.05,0.29,38737.3,67788.9,0.9992,1.6118,1.09,198.844,27.4003,1.3972,8.5577,4.3965,0.6826,0.6826,125301.0,38768.0,24033.7,2202800.0,681541.0,3.024,19.28,15.78,0.0000,0.11681381296537163,1,15,56,2000-07-06
000990.SZ,2018-01-08,17.55,17.32,17.57,17.26,17.58,-0.26,-1.48,33215.3,57669.4,0.8568,1.382,0.88,195.903,26.995,1.3765,8.4312,4.3315,0.6928,0.6928,125301.0,38768.0,24033.7,2170220.0,671461.0,3.024,19.34,15.82,0.0000,-0.10652877782186378,1,15,56,2000-07-06
000990.SZ,2018-01-09,17.32,17.79,17.81,17.3,17.32,0.47,2.71,71471.9,125470.0,1.8436,2.9738,1.98,201.219,27.7276,1.4139,8.66,4.4491,0.6745,0.6745,125301.0,38768.0,24033.7,2229110.0,689682.0,3.024,19.05,15.59,0.0000,-0.20976622057593902,1,15,56,2000-07-06
000990.SZ,2018-01-10,17.82,17.64,17.96,17.51,17.79,-0.15,-0.84,50459.6,89216.2,1.3016,2.0995,1.14,199.523,27.4938,1.4019,8.5869,4.4116,0.6803,0.6803,125301.0,38768.0,24033.7,2210310.0,683867.0,3.024,19.57,16.01,0.0000,0.11721667326319803,1,15,56,2000-07-06
000990.SZ,2018-01-11,17.54,17.47,17.6,17.32,17.64,-0.17,-0.96,28852.5,50337.6,0.7442,1.2005,0.61,197.6,27.2288,1.3884,8.5042,4.369,0.6869,0.6869,125301.0,38768.0,24033.7,2189010.0,677276.0,3.024,19.4,15.88,0.0000,-0.003899892536039942,1,15,56,2000-07-06
000990.SZ,2018-01-12,17.47,17.51,17.79,17.45,17.47,0.04,0.23,38627.1,68000.3,0.9964,1.6072,0.87,198.052,27.2912,1.3916,8.5237,4.379,0.6853,0.6853,125301.0,38768.0,24033.7,2194020.0,678827.0,3.024,19.22,15.72,0.0000,-0.0007837603641529906,1,15,56,2000-07-06
000990.SZ,2018-01-15,17.52,17.17,17.65,17.17,17.51,-0.34,-1.94,32742.4,56972.1,0.8446,1.3624,0.74,194.206,26.7612,1.3646,8.3581,4.294,0.6989,0.6989,125301.0,38768.0,24033.7,2151420.0,665646.0,3.024,19.26,15.76,0.0000,-0.1785929015906539,1,15,56,2000-07-06
000990.SZ,2018-01-16,17.0,16.82,17.37,16.69,17.17,-0.35,-2.04,44322.6,75637.6,1.1433,1.8442,1.0,190.248,26.2157,1.3368,8.1878,4.2065,0.7134,0.7134,125301.0,38768.0,24033.7,2107570.0,652077.0,3.024,18.89,15.45,0.0000,-0.34526449840282764,1,15,56,2000-07-06
000990.SZ,2018-01-17,16.8,16.59,17.08,16.35,16.82,-0.23,-1.37,56098.6,93174.5,1.447,2.3342,1.44,187.646,25.8573,1.3185,8.0758,4.149,0.7233,0.7233,125301.0,38768.0,24033.7,2078750.0,643160.0,3.024,18.5,15.14,0.0000,-0.4429583365013516,1,15,56,2000-07-06
000990.SZ,2018-01-18,16.55,16.57,16.73,16.45,16.59,-0.02,-0.12,22532.0,37345.1,0.5812,0.9375,0.56,187.42,25.8261,1.3169,8.0661,4.144,0.7242,0.7242,125301.0,38768.0,24033.7,2076240.0,642385.0,3.024,18.25,14.93,0.0000,-0.08766105781515864,1,15,56,2000-07-06
000990.SZ,2018-01-19,16.49,16.51,16.63,16.35,16.57,-0.06,-0.36,28826.5,47406.3,0.7436,1.1994,0.74,186.741,25.7326,1.3121,8.0369,4.129,0.7268,0.7268,125301.0,38768.0,24033.7,2068720.0,640059.0,3.024,18.23,14.91,0.0000,-0.07307959950003438,1,15,56,2000-07-06
000990.SZ,2018-01-22,16.5,16.54,16.59,16.38,16.51,0.03,0.18,26780.9,44167.0,0.6908,1.1143,0.73,187.081,25.7793,1.3145,8.0515,4.1365,0.7255,0.7255,125301.0,38768.0,24033.7,2072480.0,641222.0,3.024,18.16,14.86,0.0000,-0.005959309566688216,1,15,56,2000-07-06
000990.SZ,2018-01-23,16.5,16.53,16.69,16.45,16.54,-0.01,-0.06,25594.6,42433.8,0.6602,1.0649,0.72,186.968,25.7637,1.3137,8.0466,4.134,0.726,0.726,125301.0,38768.0,24033.7,2071230.0,640834.0,3.024,18.19,14.89,0.0000,-0.2568789883116579,1,15,56,2000-07-06
000990.SZ,2018-01-24,16.5,16.59,16.59,16.37,16.53,0.06,0.36,26777.2,44096.7,0.6907,1.1142,0.84,187.646,25.8573,1.3185,8.0758,4.149,0.7233,0.7233,125301.0,38768.0,24033.7,2078750.0,643160.0,3.024,18.18,14.88,0.0000,-0.06961110066778915,1,15,56,2000-07-06
000990.SZ,2018-01-25,16.58,16.62,16.79,16.5,16.59,0.03,0.18,42857.8,71318.2,1.1055,1.7832,1.64,187.986,25.904,1.3209,8.0904,4.1565,0.722,0.722,125301.0,38768.0,24033.7,2082510.0,644323.0,3.024,18.25,14.93,0.0000,-0.1578868124363977,1,15,56,2000-07-06
000990.SZ,2018-01-26,16.7,17.3,17.3,16.5,16.62,0.68,4.09,47484.8,80029.0,1.2248,1.9758,1.57,195.677,26.9639,1.3749,8.4214,4.3265,0.6936,0.6936,125301.0,38768.0,24033.7,2167710.0,670686.0,3.024,18.28,14.96,0.0000,0.20239123044472876,1,15,56,2000-07-06
000990.SZ,2018-01-29,17.17,16.92,17.45,16.82,17.3,-0.38,-2.2,43875.4,75116.7,1.1317,1.8256,1.29,191.379,26.3716,1.3447,8.2365,4.2315,0.7092,0.7092,125301.0,38768.0,24033.7,2120100.0,655954.0,3.024,19.03,15.57,0.0000,-0.09865399440205178,1,15,56,2000-07-06
000990.SZ,2018-01-30,17.15,17.26,17.34,17.05,16.92,0.34,2.01,41094.8,70588.2,1.06,1.7099,1.1,195.225,26.9015,1.3717,8.402,4.3165,0.6952,0.6952,125301.0,38768.0,24033.7,2162700.0,669135.0,3.024,18.61,15.23,0.0000,0.112959442360095,1,15,56,2000-07-06
000990.SZ,2018-01-31,17.28,16.9,17.29,16.81,17.26,-0.36,-2.09,30848.7,52470.9,0.7957,1.2836,0.76,191.153,26.3404,1.3431,8.2267,4.2265,0.7101,0.7101,125301.0,38768.0,24033.7,2117590.0,655178.0,3.024,18.99,15.53,0.0000,-0.08478759921117754,1,15,56,2000-07-06
000990.SZ,2018-02-01,16.92,16.5,17.18,16.49,16.9,-0.4,-2.37,30744.7,51491.8,0.793,1.2792,0.75,186.628,25.717,1.3113,8.032,4.1265,0.7273,0.7273,125301.0,38768.0,24033.7,2067470.0,639671.0,3.024,18.59,15.21,0.0000,-0.0610497860151831,1,15,56,2000-07-06
000990.SZ,2018-02-02,16.48,16.23,16.75,16.06,16.5,-0.27,-1.64,35310.1,57745.2,0.9108,1.4692,0.91,183.574,25.2962,1.2899,7.9006,4.0589,0.7394,0.7394,125301.0,38768.0,24033.7,2033640.0,629204.0,3.024,18.15,14.85,0.0000,-0.10736009045152052,1,15,56,2000-07-06
000990.SZ,2018-02-05,16.16,16.34,16.45,16.08,16.23,0.11,0.68,20270.6,33039.0,0.5229,0.8434,0.56,184.819,25.4676,1.2986,7.9541,4.0864,0.7344,0.7344,125301.0,38768.0,24033.7,2047420.0,633468.0,3.024,17.85,14.61,0.0000,-0.2559265739987284,1,15,56,2000-07-06
000990.SZ,2018-02-06,16.15,15.36,16.28,15.32,16.34,-0.98,-6.0,41073.8,65127.9,1.0595,1.709,1.3,173.734,23.9402,1.2207,7.4771,3.8414,0.7813,0.7813,125301.0,38768.0,24033.7,1924630.0,595476.0,3.024,17.97,14.71,0.0000,-0.18441096939158058,1,15,56,2000-07-06
000990.SZ,2018-02-07,15.68,15.34,15.85,14.9,15.36,-0.02,-0.13,44885.7,69598.3,1.1578,1.8676,1.42,173.508,23.909,1.2191,7.4673,3.8363,0.7823,0.7823,125301.0,38768.0,24033.7,1922120.0,594700.0,3.024,16.9,13.82,0.0000,-0.23570242316449716,1,15,56,2000-07-06
000990.SZ,2018-02-08,15.35,15.77,15.85,15.33,15.34,0.43,2.8,30756.9,48163.2,0.7934,1.2797,0.89,178.371,24.5792,1.2533,7.6766,3.9439,0.7609,0.7609,125301.0,38768.0,24033.7,1976000.0,611371.0,3.024,16.87,13.81,0.0000,-0.05045607717484482,1,15,56,2000-07-06
000990.SZ,2018-02-09,15.49,15.26,15.49,14.33,15.77,-0.51,-3.23,59199.1,88444.3,1.527,2.4632,1.72,172.603,23.7843,1.2128,7.4284,3.8163,0.7864,0.7864,125301.0,38768.0,24033.7,1912100.0,591599.0,3.024,17.35,14.19,0.0000,0.051002588147733834,1,15,56,2000-07-06
000990.SZ,2018-02-12,15.25,15.26,15.36,15.01,15.26,0.0,0.0,40966.6,62133.2,1.0567,1.7045,1.04,172.603,23.7843,1.2128,7.4284,3.8163,0.7864,0.7864,125301.0,38768.0,24033.7,1912100.0,591599.0,3.024,16.79,13.73,0.0000,0.31687741375257317,1,15,56,2000-07-06
000990.SZ,2018-02-13,15.25,15.26,15.4,15.12,15.26,0.0,0.0,20825.1,31828.0,0.5372,0.8665,0.48,172.603,23.7843,1.2128,7.4284,3.8163,0.7864,0.7864,125301.0,38768.0,24033.7,1912100.0,591599.0,3.024,16.79,13.73,0.0000,0.1531847583282256,1,15,56,2000-07-06
000990.SZ,2018-02-14,15.3,15.25,15.3,15.14,15.26,-0.01,-0.07,12882.3,19601.4,0.3323,0.536,0.33,172.49,23.7687,1.212,7.4235,3.8138,0.7869,0.7869,125301.0,38768.0,24033.7,1910840.0,591211.0,3.024,16.79,13.73,0.0000,0.04902118807135369,1,15,56,2000-07-06
000990.SZ,2018-02-22,15.4,15.37,15.45,15.25,15.25,0.12,0.79,19051.6,29244.7,0.4914,0.7927,0.58,173.847,23.9558,1.2215,7.4819,3.8439,0.7807,0.7807,125301.0,38768.0,24033.7,1925880.0,595864.0,3.024,16.78,13.73,0.0000,0.1973634389172944,1,15,56,2000-07-06
000990.SZ,2018-02-23,15.34,15.54,15.65,15.34,15.37,0.17,1.11,21325.6,33155.0,0.5501,0.8873,0.7,175.77,24.2207,1.235,7.5647,3.8864,0.7722,0.7722,125301.0,38768.0,24033.7,1947180.0,602454.0,3.024,16.91,13.83,0.0000,0.40560938052249934,1,15,56,2000-07-06
000990.SZ,2018-02-26,15.56,15.84,15.85,15.53,15.54,0.3,1.93,39300.2,61648.9,1.0137,1.6352,1.71,179.163,24.6883,1.2589,7.7107,3.9614,0.7576,0.7576,125301.0,38768.0,24033.7,1984770.0,614084.0,3.024,17.09,13.99,0.0000,-0.06406343778467667,1,15,56,2000-07-06
000990.SZ,2018-02-27,15.8,15.67,15.83,15.64,15.84,-0.17,-1.07,26706.5,41922.6,0.6889,1.1112,1.18,177.24,24.4233,1.2454,7.628,3.9189,0.7658,0.7658,125301.0,38768.0,24033.7,1963470.0,607494.0,3.024,17.42,14.26,0.0000,-0.4108533770454081,1,15,56,2000-07-06
000990.SZ,2018-02-28,15.59,15.8,15.84,15.5,15.67,0.13,0.83,22745.2,35762.4,0.5867,0.9464,0.95,178.711,24.626,1.2557,7.6912,3.9514,0.7595,0.7595,125301.0,38768.0,24033.7,1979760.0,612534.0,3.024,17.24,14.1,0.0000,-0.05817310245555119,1,15,56,2000-07-06
000990.SZ,2018-03-01,15.75,15.94,15.96,15.68,15.8,0.14,0.89,26357.6,41758.1,0.6799,1.0967,1.02,180.294,24.8442,1.2668,7.7594,3.9864,0.7528,0.7528,125301.0,38768.0,24033.7,1997300.0,617961.0,3.024,17.38,14.22,0.0000,-0.1728074325923235,1,15,56,2000-07-06
000990.SZ,2018-03-02,15.98,15.9,16.15,15.83,15.94,-0.04,-0.25,24092.9,38577.4,0.6215,1.0025,0.88,179.842,24.7818,1.2636,7.7399,3.9764,0.7547,0.7547,125301.0,38768.0,24033.7,1992290.0,616410.0,3.024,17.53,14.35,0.0000,0.0618476601250724,1,15,56,2000-07-06
000990.SZ,2018-03-05,15.78,15.83,15.87,15.66,15.9,-0.07,-0.44,21604.6,34023.4,0.5573,0.8989,0.78,179.05,24.6727,1.2581,7.7059,3.9589,0.7581,0.7581,125301.0,38768.0,24033.7,1983520.0,613697.0,3.024,17.49,14.31,0.0000,-0.39968946959284163,1,15,56,2000-07-06
000990.SZ,2018-03-06,15.9,16.22,16.28,15.85,15.83,0.39,2.46,27160.3,43821.4,0.7006,1.1301,1.12,183.461,25.2806,1.2891,7.8957,4.0564,0.7398,0.7398,125301.0,38768.0,24033.7,2032390.0,628816.0,3.024,17.41,14.25,0.0000,0.07565297107766022,1,15,56,2000-07-06
000990.SZ,2018-03-07,16.22,16.05,16.38,16.04,16.22,-0.17,-1.05,17717.9,28746.0,0.457,0.7372,0.73,181.538,25.0156,1.2756,7.8129,4.0139,0.7477,0.7477,125301.0,38768.0,24033.7,2011080.0,622226.0,3.024,17.84,14.6,0.0000,0.03391739899290071,1,15,56,2000-07-06
000990.SZ,2018-03-08,16.05,16.39,16.43,16.0,16.05,0.34,2.12,20406.7,33237.8,0.5264,0.8491,0.87,185.384,25.5455,1.3026,7.9785,4.0989,0.7322,0.7322,125301.0,38768.0,24033.7,2053690.0,635407.0,3.024,17.66,14.45,0.0000,-0.255013671756744,1,15,56,2000-07-06
000990.SZ,2018-03-09,16.41,16.69,16.78,16.31,16.39,0.3,1.83,32924.6,54618.6,0.8493,1.3699,1.48,188.777,26.0131,1.3264,8.1245,4.174,0.719,0.719,125301.0,38768.0,24033.7,2091280.0,647037.0,3.024,18.03,14.75,0.0000,-0.19293147843628186,1,15,56,2000-07-06
000990.SZ,2018-03-12,16.7,16.83,16.92,16.65,16.69,0.14,0.84,30429.3,51200.1,0.7849,1.2661,1.27,190.361,26.2313,1.3376,8.1926,4.209,0.713,0.713,125301.0,38768.0,24033.7,2108820.0,652465.0,3.024,18.36,15.02,0.0000,-0.37049629176429394,1,15,56,2000-07-06
000990.SZ,2018-03-13,16.88,16.85,16.99,16.75,16.83,0.02,0.12,28938.4,48957.8,0.7465,1.2041,1.12,190.587,26.2625,1.3391,8.2024,4.214,0.7122,0.7122,125301.0,38768.0,24033.7,2111320.0,653240.0,3.024,18.51,15.15,0.0000,-0.25679199807980946,1,15,56,2000-07-06
000990.SZ,2018-03-14,16.85,16.81,17.0,16.67,16.85,-0.04,-0.24,24730.2,41585.0,0.6379,1.029,0.95,190.135,26.2001,1.336,8.1829,4.204,0.7139,0.7139,125301.0,38768.0,24033.7,2106310.0,651689.0,3.024,18.54,15.17,0.0000,-0.12631881394416136,1,15,56,2000-07-06
000990.SZ,2018-03-15,16.72,16.86,16.88,16.58,16.81,0.05,0.3,28311.9,47486.7,0.7303,1.178,1.03,190.7,26.2781,1.3399,8.2072,4.2165,0.7117,0.7117,125301.0,38768.0,24033.7,2112580.0,653628.0,3.024,18.49,15.13,0.0000,-0.046488584503521946,1,15,56,2000-07-06
000990.SZ,2018-03-16,16.69,16.25,16.69,16.15,16.86,-0.61,-3.62,56281.6,91749.2,1.4518,2.3418,1.94,25.184,25.184,1.2803,3.5755,3.5755,0.7385,0.7385,125301.0,38767.7,24033.5,2036140.0,629976.0,3.024,18.55,15.17,0.0000,-0.3032001858508799,1,15,56,2000-07-06
000990.SZ,2018-03-19,16.11,15.69,16.13,15.55,16.25,-0.56,-3.45,57107.1,89974.8,1.4731,2.3761,1.69,24.3161,24.3161,1.2362,3.4523,3.4523,0.7648,0.7648,125301.0,38767.7,24033.5,1965980.0,608266.0,3.024,17.88,14.63,0.0000,-0.1615567963559188,1,15,56,2000-07-06
000990.SZ,2018-03-20,15.52,15.71,15.78,15.37,15.69,0.02,0.13,27925.8,43553.5,0.7203,1.162,0.71,24.3471,24.3471,1.2378,3.4567,3.4567,0.7638,0.7638,125301.0,38767.7,24033.5,1968480.0,609041.0,3.024,17.26,14.12,0.0000,0.13889868062949015,1,15,56,2000-07-06
000990.SZ,2018-03-21,15.71,15.39,15.86,15.36,15.71,-0.32,-2.04,42896.8,66895.9,1.1065,1.7849,1.1,23.8511,23.8511,1.2126,3.3863,3.3863,0.7797,0.7797,125301.0,38767.7,24033.5,1928390.0,596635.0,3.024,17.28,14.14,0.0000,0.07396345812080665,1,15,56,2000-07-06
000990.SZ,2018-03-22,15.3,15.53,15.68,15.3,15.39,0.14,0.91,31215.8,48617.7,0.8052,1.2988,0.73,24.0681,24.0681,1.2236,3.4171,3.4171,0.7727,0.7727,125301.0,38767.7,24033.5,1945930.0,602063.0,3.024,16.93,13.85,0.0000,0.2810264182535996,1,15,56,2000-07-06
000990.SZ,2018-03-23,15.28,14.77,15.28,14.0,15.53,-0.76,-4.89,34761.4,51805.9,0.8967,1.4464,0.81,22.8903,22.8903,1.1637,3.2498,3.2498,0.8125,0.8125,125301.0,38767.7,24033.5,1850700.0,572599.0,3.024,17.08,13.98,0.0000,-0.27213777743444734,1,15,56,2000-07-06
000990.SZ,2018-03-26,14.57,15.14,15.15,14.57,14.77,0.37,2.51,27782.1,41376.4,0.7166,1.156,0.72,23.4637,23.4637,1.1929,3.3313,3.3313,0.7926,0.7926,125301.0,38767.7,24033.5,1897060.0,586943.0,3.024,16.25,13.29,0.0000,-0.07759789627457965,1,15,56,2000-07-06
000990.SZ,2018-03-27,15.3,15.31,15.55,15.21,15.14,0.17,1.12,27454.3,42169.2,0.7082,1.1423,0.83,23.7272,23.7272,1.2063,3.3687,3.3687,0.7838,0.7838,125301.0,38767.7,24033.5,1918360.0,593534.0,3.024,16.65,13.63,0.0000,0.18780186827300957,1,15,56,2000-07-06
000990.SZ,2018-03-28,15.24,15.21,15.38,15.11,15.31,-0.1,-0.65,23089.0,35243.3,0.5956,0.9607,0.7,23.5722,23.5722,1.1984,3.3467,3.3467,0.789,0.789,125301.0,38767.7,24033.5,1905830.0,589657.0,3.024,16.84,13.78,0.0000,0.4257667097515118,1,15,56,2000-07-06
000990.SZ,2018-03-29,15.22,15.22,15.38,15.05,15.21,0.01,0.07,25710.0,38977.5,0.6632,1.0698,0.89,23.5877,23.5877,1.1992,3.3489,3.3489,0.7884,0.7884,125301.0,38767.7,24033.5,1907080.0,590045.0,3.024,16.73,13.69,0.0000,0.25878943054350706,1,15,56,2000-07-06
000990.SZ,2018-03-30,15.31,15.28,15.36,15.2,15.22,0.06,0.39,16888.3,25787.8,0.4356,0.7027,0.61,23.6807,23.6807,1.2039,3.3621,3.3621,0.7853,0.7853,125301.0,38767.7,24033.5,1914600.0,592371.0,3.024,16.74,13.7,0.0000,-0.1792664986198783,1,15,56,2000-07-06
000990.SZ,2018-04-02,15.29,15.34,15.43,15.22,15.28,0.06,0.39,26734.3,41015.2,0.6896,1.1124,1.11,23.7737,23.7737,1.2086,3.3753,3.3753,0.7823,0.7823,125301.0,38767.7,24033.5,1922120.0,594697.0,3.024,16.81,13.75,0.0000,0.02760426417559703,1,15,56,2000-07-06
000990.SZ,2018-04-03,15.18,14.92,15.18,14.86,15.34,-0.42,-2.74,29909.5,44764.4,0.7715,1.2445,1.25,23.1227,23.1227,1.1755,3.2829,3.2829,0.8043,0.8043,125301.0,38767.7,24033.5,1869490.0,578415.0,3.024,16.87,13.81,0.0000,0.014277337621391627,1,15,56,2000-07-06
000990.SZ,2018-04-04,14.93,14.78,15.08,14.77,14.92,-0.14,-0.94,21344.8,31809.5,0.5506,0.8881,0.87,22.9058,22.9058,1.1645,3.252,3.252,0.8119,0.8119,125301.0,38767.7,24033.5,1851950.0,572987.0,3.024,16.41,13.43,0.0000,-0.059825942140807685,1,15,56,2000-07-06
000990.SZ,2018-04-09,14.77,14.72,14.88,14.63,14.78,-0.06,-0.41,18969.6,27954.3,0.4893,0.7893,0.79,22.8128,22.8128,1.1598,3.2388,3.2388,0.8152,0.8152,125301.0,38767.7,24033.5,1844430.0,570661.0,3.024,16.26,13.3,0.0000,-0.055104419874851235,1,15,56,2000-07-06
000990.SZ,2018-04-10,14.71,14.78,14.84,14.65,14.72,0.06,0.41,23740.4,34994.8,0.6124,0.9878,1.04,22.9058,22.9058,1.1645,3.252,3.252,0.8119,0.8119,125301.0,38767.7,24033.5,1851950.0,572987.0,3.024,16.19,13.25,0.0000,0.15976277823273716,1,15,56,2000-07-06
000990.SZ,2018-04-11,14.86,14.98,15.08,14.8,14.78,0.2,1.35,20656.0,30964.5,0.5328,0.8595,0.86,23.2157,23.2157,1.1803,3.2961,3.2961,0.8011,0.8011,125301.0,38767.7,24033.5,1877010.0,580741.0,3.024,16.26,13.3,0.0000,0.018926036819484238,1,15,56,2000-07-06
000990.SZ,2018-04-12,14.98,15.03,15.16,14.97,14.98,0.05,0.33,14978.3,22555.4,0.3864,0.6232,0.65,23.2932,23.2932,1.1842,3.3071,3.3071,0.7984,0.7984,125301.0,38767.7,24033.5,1883280.0,582679.0,3.024,16.48,13.48,0.0000,-0.2980425367034578,1,15,56,2000-07-06
000990.SZ,2018-04-13,15.1,14.83,15.15,14.75,15.03,-0.2,-1.33,20213.5,30141.7,0.5214,0.8411,1.01,22.9833,22.9833,1.1684,3.263,3.263,0.8092,0.8092,125301.0,38767.7,24033.5,1858220.0,574925.0,3.024,16.53,13.53,0.0000,-0.11451780617737171,1,15,56,2000-07-06
000990.SZ,2018-04-16,14.73,14.69,14.93,14.58,14.83,-0.14,-0.94,20163.5,29659.5,0.5201,0.839,1.02,22.7663,22.7663,1.1574,3.2322,3.2322,0.8169,0.8169,125301.0,38767.7,24033.5,1840670.0,569498.0,3.024,16.31,13.35,0.0000,-0.4044993635390156,1,15,56,2000-07-06
000990.SZ,2018-04-17,14.65,14.57,14.8,14.42,14.69,-0.12,-0.82,22351.6,32594.0,0.5766,0.93,1.12,22.5803,22.5803,1.148,3.2058,3.2058,0.8236,0.8236,125301.0,38767.7,24033.5,1825640.0,564846.0,3.024,16.16,13.22,0.0000,0.006684929276933107,1,15,56,2000-07-06
000990.SZ,2018-04-18,14.64,14.6,14.75,14.33,14.57,0.03,0.21,23591.9,34215.4,0.6085,0.9816,1.2,22.6268,22.6268,1.1503,3.2124,3.2124,0.8219,0.8219,125301.0,38767.7,24033.5,1829400.0,566009.0,3.024,16.03,13.11,0.0000,0.1219594038964762,1,15,56,2000-07-06
000990.SZ,2018-04-19,14.61,14.58,14.65,14.48,14.6,-0.02,-0.14,17184.3,25058.2,0.4433,0.715,0.85,22.5958,22.5958,1.1487,3.208,3.208,0.823,0.823,125301.0,38767.7,24033.5,1826890.0,565234.0,3.024,16.06,13.14,0.0000,-0.20716867190420596,1,15,56,2000-07-06
000990.SZ,2018-04-20,14.6,14.5,14.62,14.27,14.58,-0.08,-0.55,19909.1,28646.0,0.5135,0.8284,0.96,22.4718,22.4718,1.1424,3.1904,3.1904,0.8276,0.8276,125301.0,38767.7,24033.5,1816870.0,562132.0,3.024,16.04,13.12,0.0000,-0.049664265432632665,1,15,56,2000-07-06
000990.SZ,2018-04-23,14.5,14.31,14.5,13.76,14.5,-0.19,-1.31,39427.2,55420.6,1.017,1.6405,1.91,22.1774,24.8471,1.1191,3.1486,3.1568,0.8386,0.8386,125301.0,38767.7,24033.5,1793060.0,554766.0,3.024,15.95,13.05,0.0000,-0.018532674821598764,1,15,56,2000-07-06
000990.SZ,2018-04-24,14.2,14.3,14.35,14.01,14.31,-0.01,-0.07,38248.0,54214.3,0.9866,1.5914,1.56,22.1619,24.8298,1.1184,3.1464,3.1546,0.8392,0.8392,125301.0,38767.7,24033.5,1791810.0,554379.0,3.024,15.74,12.88,0.0000,-0.05278573781795071,1,15,56,2000-07-06
000990.SZ,2018-04-25,14.2,14.32,14.63,14.09,14.3,0.02,0.14,25086.5,35967.6,0.6471,1.0438,0.91,22.1929,24.8645,1.1199,3.1508,3.159,0.838,0.838,125301.0,38767.7,24033.5,1794310.0,555154.0,3.024,15.73,12.87,0.0000,0.07929715892033244,1,15,56,2000-07-06
000990.SZ,2018-04-26,14.15,14.3,14.38,13.93,14.32,-0.02,-0.14,31336.5,44204.2,0.8083,1.3039,1.12,22.1619,24.8298,1.1184,3.1464,3.1546,0.8392,0.8392,125301.0,38767.7,24033.5,1791810.0,554379.0,3.024,15.75,12.89,0.0000,0.23605378178224268,1,15,56,2000-07-06
000990.SZ,2018-04-27,14.28,14.33,14.35,14.11,14.3,0.03,0.21,15061.1,21427.1,0.3885,0.6267,0.49,22.2084,24.8818,1.1207,3.153,3.1612,0.8374,0.8374,125301.0,38767.7,24033.5,1795570.0,555542.0,3.024,15.73,12.87,0.0000,0.2652517972537208,1,15,56,2000-07-06
000990.SZ,2018-05-02,14.32,14.3,14.51,14.16,14.33,-0.03,-0.21,18573.1,26585.7,0.4791,0.7728,0.62,22.1619,24.8298,1.1184,3.1464,3.1546,0.8392,0.8392,125301.0,38767.7,24033.5,1791810.0,554379.0,3.024,15.76,12.9,0.0000,0.2718824351796681,1,15,56,2000-07-06
000990.SZ,2018-05-03,14.23,14.21,14.3,13.88,14.3,-0.09,-0.63,34409.6,48311.2,0.8876,1.4317,1.34,22.0224,24.6735,1.1113,3.1266,3.1347,0.8445,0.8445,125301.0,38767.7,24033.5,1780530.0,550889.0,3.024,15.73,12.87,0.0000,0.3918180323325382,1,15,56,2000-07-06
000990.SZ,2018-05-04,14.12,14.3,14.3,13.97,14.21,0.09,0.63,38875.9,54965.8,1.0028,1.6176,1.56,22.1619,24.8298,1.1184,3.1464,3.1546,0.8392,0.8392,125301.0,38767.7,24033.5,1791810.0,554379.0,3.024,15.63,12.79,0.0000,0.3611560218554046,1,15,56,2000-07-06
000990.SZ,2018-05-07,14.35,14.47,14.52,14.22,14.3,0.17,1.19,23670.5,34073.4,0.6106,0.9849,0.86,22.4253,25.1249,1.1317,3.1838,3.1921,0.8293,0.8293,125301.0,38767.7,24033.5,1813110.0,560969.0,3.024,15.73,12.87,0.0000,0.36531949567520733,1,15,56,2000-07-06
000990.SZ,2018-05-08,14.5,14.44,14.53,14.41,14.47,-0.03,-0.21,17518.9,25334.2,0.4519,0.7289,0.67,22.3789,25.0728,1.1293,3.1772,3.1855,0.831,0.831,125301.0,38767.7,24033.5,1809350.0,559806.0,3.024,15.92,13.02,0.0000,0.13342630489287016,1,15,56,2000-07-06
000990.SZ,2018-05-09,14.44,14.25,14.47,14.24,14.44,-0.19,-1.32,17257.0,24728.9,0.4451,0.718,0.65,22.0844,24.7429,1.1145,3.1354,3.1436,0.8421,0.8421,125301.0,38767.7,24033.5,1785540.0,552440.0,3.024,15.88,13.0,0.0000,-0.6533831349185375,1,15,56,2000-07-06
000990.SZ,2018-05-10,14.28,14.18,14.28,14.05,14.25,-0.07,-0.49,15583.1,22088.2,0.402,0.6484,0.59,21.9759,24.6214,1.109,3.12,3.1281,0.8463,0.8463,125301.0,38767.7,24033.5,1776770.0,549726.0,3.024,15.68,12.83,0.0000,-0.18437899581320866,1,15,56,2000-07-06
000990.SZ,2018-05-11,14.19,14.32,14.32,14.09,14.18,0.14,0.99,14505.3,20578.5,0.3742,0.6035,0.64,22.1929,24.8645,1.1199,3.1508,3.159,0.838,0.838,125301.0,38767.7,24033.5,1794310.0,555154.0,3.024,15.6,12.76,0.0000,0.06978399944012856,1,15,56,2000-07-06
000990.SZ,2018-05-14,14.25,14.2,14.33,14.07,14.32,-0.12,-0.84,29933.1,42430.1,0.7721,1.2455,1.69,22.0069,24.6561,1.1105,3.1244,3.1325,0.8451,0.8451,125301.0,38767.7,24033.5,1779280.0,550502.0,3.024,15.75,12.89,0.0000,-0.29793049350463957,1,15,56,2000-07-06
000990.SZ,2018-05-15,14.16,14.27,14.32,14.07,14.2,0.07,0.49,17454.0,24841.3,0.4502,0.7262,0.92,22.1154,24.7777,1.116,3.1398,3.148,0.8409,0.8409,125301.0,38767.7,24033.5,1788050.0,553216.0,3.024,15.62,12.78,0.0000,-0.20385155195776716,1,15,56,2000-07-06
000990.SZ,2018-05-16,14.22,14.28,14.47,14.21,14.27,0.01,0.07,14122.8,20245.6,0.3643,0.5876,0.75,22.1309,24.795,1.1168,3.142,3.1502,0.8403,0.8403,125301.0,38767.7,24033.5,1789300.0,553603.0,3.024,15.7,12.84,0.0000,0.02060076402368149,1,15,56,2000-07-06
000990.SZ,2018-05-17,14.23,14.18,14.31,14.12,14.28,-0.1,-0.7,13575.0,19248.6,0.3502,0.5648,0.74,21.9759,24.6214,1.109,3.12,3.1281,0.8463,0.8463,125301.0,38767.7,24033.5,1776770.0,549726.0,3.024,15.71,12.85,0.0000,-0.20277233946929496,1,15,56,2000-07-06
000990.SZ,2018-05-18,14.23,14.27,14.27,14.11,14.18,0.09,0.63,19247.2,27307.2,0.4965,0.8008,1.07,22.1154,24.7777,1.116,3.1398,3.148,0.8409,0.8409,125301.0,38767.7,24033.5,1788050.0,553216.0,3.024,15.6,12.76,0.0000,0.18938170591663311,1,15,56,2000-07-06
000990.SZ,2018-05-21,14.3,14.35,14.38,14.21,14.27,0.08,0.56,24502.3,35057.2,0.632,1.0195,1.3,22.2394,24.9166,1.1223,3.1574,3.1656,0.8362,0.8362,125301.0,38767.7,24033.5,1798070.0,556317.0,3.024,15.7,12.84,0.0000,-0.18236456899048822,1,15,56,2000-07-06
000990.SZ,2018-05-22,14.35,14.26,14.35,14.2,14.35,-0.09,-0.63,15542.4,22156.8,0.4009,0.6467,0.87,22.0999,24.7603,1.1152,3.1376,3.1458,0.8415,0.8415,125301.0,38767.7,24033.5,1786800.0,552828.0,3.024,15.79,12.92,0.0000,-0.4920856562310907,1,15,56,2000-07-06
000990.SZ,2018-05-23,14.27,14.15,14.28,14.04,14.26,-0.11,-0.77,21199.2,29942.5,0.5468,0.8821,1.22,21.9294,24.5693,1.1066,3.1134,3.1215,0.8481,0.8481,125301.0,38767.7,24033.5,1773010.0,548563.0,3.024,15.69,12.83,0.0000,-0.17752957573160294,1,15,56,2000-07-06
000990.SZ,2018-05-24,14.19,14.0,14.19,13.97,14.15,-0.15,-1.06,18393.4,25813.5,0.4745,0.7653,0.98,21.6969,24.3089,1.0949,3.0804,3.0884,0.8571,0.8571,125301.0,38767.7,24033.5,1754220.0,542748.0,3.024,15.57,12.74,0.0000,-0.09380686152364119,1,15,56,2000-07-06
000990.SZ,2018-05-25,14.0,14.33,14.44,13.85,14.0,0.33,2.36,34767.2,49190.2,0.8968,1.4466,1.76,22.2084,24.8818,1.1207,3.153,3.1612,0.8374,0.8374,125301.0,38767.7,24033.5,1795570.0,555542.0,3.024,15.4,12.6,0.0000,0.3661574142623038,1,15,56,2000-07-06
000990.SZ,2018-05-28,14.3,14.08,14.3,14.07,14.33,-0.25,-1.74,15346.1,21733.2,0.3958,0.6385,0.67,21.8209,24.4478,1.1012,3.098,3.1061,0.8523,0.7102,125301.0,38767.7,24033.5,1764240.0,545850.0,3.024,15.76,12.9,0.0000,-0.2558602922208467,1,15,56,2000-07-06
000990.SZ,2018-05-29,14.14,14.02,14.14,13.92,14.08,-0.06,-0.43,18318.1,25642.2,0.4725,0.7622,0.87,21.7279,24.3436,1.0965,3.0848,3.0928,0.8559,0.7133,125301.0,38767.7,24033.5,1756720.0,543524.0,3.024,15.49,12.67,0.0000,-0.26805092433456323,1,15,56,2000-07-06
000990.SZ,2018-05-30,13.97,13.68,13.97,13.58,14.02,-0.34,-2.43,20629.0,28351.4,0.5321,0.8583,0.95,21.201,23.7532,1.0699,3.01,3.0178,0.8772,0.731,125301.0,38767.7,24033.5,1714120.0,530343.0,3.024,15.42,12.62,0.0000,-0.15452000893833695,1,15,56,2000-07-06
000990.SZ,2018-05-31,13.69,13.95,13.95,13.58,13.68,0.27,1.97,12916.5,17717.0,0.3332,0.5374,0.6,21.6195,24.222,1.091,3.0694,3.0774,0.8602,0.7168,125301.0,38767.7,24033.5,1747950.0,540810.0,3.024,15.05,12.31,0.0000,0.3768700054216314,1,15,56,2000-07-06
000990.SZ,2018-06-01,13.87,14.0,14.0,13.6,13.95,0.05,0.36,24550.0,33803.2,0.6333,1.0215,1.2,21.6969,24.3089,1.0949,3.0804,3.0884,0.8571,0.7143,125301.0,38767.7,24033.5,1754220.0,542748.0,3.024,15.35,12.56,0.0000,0.5048380688212206,1,15,56,2000-07-06
000990.SZ,2018-06-04,13.9,13.79,14.0,13.79,14.0,-0.21,-1.5,12192.0,16913.8,0.3145,0.5073,0.66,21.3715,23.9442,1.0785,3.0342,3.0421,0.8702,0.7252,125301.0,38767.7,24033.5,1727900.0,534607.0,3.024,15.4,12.6,0.0000,-0.046703562375892564,1,15,56,2000-07-06
000990.SZ,2018-06-05,13.79,13.79,13.87,13.69,13.79,0.0,0.0,12547.6,17284.8,0.3237,0.5221,0.71,21.3715,23.9442,1.0785,3.0342,3.0421,0.8702,0.7252,125301.0,38767.7,24033.5,1727900.0,534607.0,3.024,15.17,12.41,0.0000,-0.584295849914826,1,15,56,2000-07-06
000990.SZ,2018-06-06,13.8,13.7,13.81,13.66,13.79,-0.09,-0.65,13017.6,17854.3,0.3358,0.5416,0.79,21.232,23.7879,1.0714,3.0144,3.0222,0.8759,0.7299,125301.0,38767.7,24033.5,1716630.0,531118.0,3.024,15.17,12.41,0.0000,-0.24147838563808688,1,15,56,2000-07-06
000990.SZ,2018-06-07,13.61,13.69,13.72,13.55,13.55,0.14,1.03,11396.7,15544.3,0.294,0.4742,0.76,21.2165,23.7706,1.0834,3.0122,3.02,0.8766,1.8262,125301.0,38767.7,24033.5,1715370.0,530730.0,3.058,14.91,12.2,0.0000,0.07118938350754267,1,15,56,2000-07-06
000990.SZ,2018-06-08,13.74,13.78,13.82,13.64,13.69,0.09,0.66,17432.7,23939.8,0.4497,0.7253,1.18,21.356,23.9269,1.0905,3.032,3.0399,0.8708,1.8142,125301.0,38767.7,24033.5,1726650.0,534219.0,3.058,15.06,12.32,0.0000,-0.12976666057026123,1,15,56,2000-07-06
000990.SZ,2018-06-11,13.77,13.65,13.89,13.52,13.78,-0.13,-0.94,14386.4,19698.3,0.3711,0.5986,1.08,21.1545,23.7011,1.0802,3.0034,3.0112,0.8791,1.8315,125301.0,38767.7,24033.5,1710360.0,529180.0,3.058,15.16,12.4,0.0000,-0.10353587535726147,1,15,56,2000-07-06
000990.SZ,2018-06-12,13.61,13.72,13.73,13.57,13.65,0.07,0.51,8851.0,12109.5,0.2283,0.3683,0.64,21.263,23.8227,1.0857,3.0188,3.0266,0.8746,1.8222,125301.0,38767.7,24033.5,1719130.0,531893.0,3.058,15.02,12.29,-0.0001,-0.5897789244597167,1,15,56,2000-07-06
000990.SZ,2018-06-13,13.62,13.66,13.75,13.55,13.72,-0.06,-0.44,11075.0,15144.1,0.2857,0.4608,0.85,21.17,23.7185,1.081,3.0056,3.0134,0.8785,1.8302,125301.0,38767.7,24033.5,1711610.0,529567.0,3.058,15.09,12.35,0.0000,-0.1271534775873408,1,15,56,2000-07-06
000990.SZ,2018-06-14,13.67,13.67,13.74,13.56,13.66,0.01,0.07,13410.0,18293.1,0.3459,0.558,1.06,21.1855,23.7359,1.0818,3.0078,3.0156,0.8778,1.8288,125301.0,38767.7,24033.5,1712870.0,529955.0,3.058,15.03,12.29,0.0000,-0.2279121453715196,1,15,56,2000-07-06
000990.SZ,2018-06-15,13.66,13.8,13.85,13.47,13.67,0.13,0.95,27719.7,37716.4,0.715,1.1534,2.13,21.387,23.9616,1.0921,3.0364,3.0443,0.8696,1.8116,125301.0,38767.7,24033.5,1729160.0,534995.0,3.058,15.04,12.3,0.0000,-0.5401852020686897,1,15,56,2000-07-06
000990.SZ,2018-06-19,13.75,13.66,13.75,13.48,13.8,-0.14,-1.01,50468.4,68560.0,1.3018,2.0999,3.34,21.17,23.7185,1.081,3.0056,3.0134,0.8785,1.8302,125301.0,38767.7,24033.5,1711610.0,529567.0,3.058,15.18,12.42,0.0000,-0.5073403435935221,1,15,56,2000-07-06
000990.SZ,2018-06-20,13.64,13.83,13.89,13.49,13.66,0.17,1.24,31743.8,43348.9,0.8188,1.3208,1.42,21.4335,24.0137,1.0944,3.043,3.0509,0.8677,1.8077,125301.0,38767.7,24033.5,1732920.0,536158.0,3.058,15.03,12.29,0.0000,-0.25458069959653445,1,15,56,2000-07-06
000990.SZ,2018-06-21,13.8,13.84,13.85,13.71,13.83,0.01,0.07,24774.1,34138.5,0.639,1.0308,0.92,21.449,24.031,1.0952,3.0452,3.0531,0.8671,1.8064,125301.0,38767.7,24033.5,1734170.0,536545.0,3.058,15.21,12.45,0.0000,-0.4342701563137323,1,15,56,2000-07-06
000990.SZ,2018-06-22,13.8,14.0,14.07,13.75,13.84,0.16,1.16,21294.1,29726.8,0.5493,0.886,0.72,21.6969,24.3089,1.1079,3.0804,3.0884,0.8571,1.7857,125301.0,38767.7,24033.5,1754220.0,542748.0,3.058,15.22,12.46,0.0000,-0.36115924479543465,1,15,56,2000-07-06
000990.SZ,2018-06-25,14.0,13.93,14.05,13.85,14.0,-0.07,-0.5,22880.6,31867.5,0.5902,0.952,0.73,21.5885,24.1873,1.1024,3.065,3.073,0.8615,1.7947,125301.0,38767.7,24033.5,1745450.0,540034.0,3.058,15.4,12.6,0.0000,-0.002465151714977404,1,15,56,2000-07-06
000990.SZ,2018-06-26,13.93,13.95,13.99,13.85,13.93,0.02,0.14,17313.4,24094.2,0.4466,0.7204,0.57,21.6195,24.222,1.1039,3.0694,3.0774,0.8602,1.7921,125301.0,38767.7,24033.5,1747950.0,540810.0,3.058,15.32,12.54,0.0000,-0.3803150868157276,1,15,56,2000-07-06
000990.SZ,2018-06-27,13.99,13.88,13.99,13.81,13.95,-0.07,-0.5,13703.0,19027.6,0.3535,0.5702,0.58,21.511,24.1005,1.0984,3.054,3.0619,0.8646,1.8012,125301.0,38767.7,24033.5,1739180.0,538096.0,3.058,15.35,12.56,0.0000,-0.5069230535778352,1,15,56,2000-07-06
000990.SZ,2018-06-28,13.9,13.88,13.94,13.85,13.88,0.0,0.0,12831.0,17835.4,0.331,0.5339,0.64,21.511,24.1005,1.0984,3.054,3.0619,0.8646,1.8012,125301.0,38767.7,24033.5,1739180.0,538096.0,3.058,15.27,12.49,0.0000,-0.343798707632741,1,15,56,2000-07-06
000990.SZ,2018-06-29,13.89,14.0,14.05,13.81,13.88,0.12,0.86,26226.0,36613.4,0.6765,1.0912,1.49,21.6969,24.3089,1.1079,3.0804,3.0884,0.8571,1.7857,125301.0,38767.7,24033.5,1754220.0,542748.0,3.058,15.27,12.49,0.0000,-0.38507745428057116,1,15,56,2000-07-06
000990.SZ,2018-07-02,14.01,13.99,14.09,13.9,14.0,-0.01,-0.07,21570.4,30178.9,0.5564,0.8975,1.16,21.6814,24.2915,1.1071,3.0782,3.0862,0.8578,1.787,125301.0,38767.7,24033.5,1752960.0,542361.0,3.058,15.4,12.6,0.0000,-0.305316748663241,1,15,56,2000-07-06
000990.SZ,2018-07-03,13.98,13.99,14.05,13.91,13.99,0.0,0.0,15074.0,21072.5,0.3888,0.6272,0.82,21.6814,24.2915,1.1071,3.0782,3.0862,0.8578,1.787,125301.0,38767.7,24033.5,1752960.0,542361.0,3.058,15.39,12.59,0.0000,-0.458773177227526,1,15,56,2000-07-06
000990.SZ,2018-07-04,13.95,13.97,14.0,13.88,13.99,-0.02,-0.14,19103.8,26636.8,0.4928,0.7949,1.07,21.6505,24.2568,1.1055,3.0738,3.0818,0.859,1.7895,125301.0,38767.7,24033.5,1750460.0,541585.0,3.058,15.39,12.59,0.0000,-0.09985934144414547,1,15,56,2000-07-06
000990.SZ,2018-07-05,13.97,13.98,14.04,13.92,13.97,0.01,0.07,15317.0,21408.1,0.3951,0.6373,0.81,21.666,24.2741,1.1063,3.076,3.084,0.8584,1.7883,125301.0,38767.7,24033.5,1751710.0,541973.0,3.058,15.37,12.57,0.0000,-0.17607408840219652,1,15,56,2000-07-06
000990.SZ,2018-07-06,13.99,13.97,14.02,13.88,13.98,-0.01,-0.07,17831.0,24893.2,0.4599,0.7419,0.92,21.6505,24.2568,1.1055,3.0738,3.0818,0.859,1.7895,125301.0,38767.7,24033.5,1750460.0,541585.0,3.058,15.38,12.58,0.0000,-0.20431625225522068,1,15,56,2000-07-06
000990.SZ,2018-07-09,13.97,13.99,14.04,13.9,13.97,0.02,0.14,14657.9,20492.5,0.3781,0.6099,0.82,21.6814,24.2915,1.1071,3.0782,3.0862,0.8578,1.787,125301.0,38767.7,24033.5,1752960.0,542361.0,3.058,15.37,12.57,0.0000,-0.13253191263500358,1,15,56,2000-07-06
000990.SZ,2018-07-10,13.99,14.0,14.0,13.88,13.99,0.01,0.07,18880.9,26344.2,0.487,0.7856,1.15,21.6969,24.3089,1.1079,3.0804,3.0884,0.8571,1.7857,125301.0,38767.7,24033.5,1754220.0,542748.0,3.058,15.39,12.59,0.0000,-0.1765283745684769,1,15,56,2000-07-06
000990.SZ,2018-07-11,13.99,13.91,13.99,13.82,14.0,-0.09,-0.64,16738.0,23301.4,0.4318,0.6964,0.98,21.5575,24.1526,1.1008,3.0606,3.0686,0.8627,1.7973,125301.0,38767.7,24033.5,1742940.0,539259.0,3.058,15.4,12.6,0.0000,-0.26598170769780105,1,15,56,2000-07-06
000990.SZ,2018-07-12,13.84,14.28,14.39,13.84,13.91,0.37,2.66,38686.8,55013.0,0.9979,1.6097,2.32,22.1309,24.795,1.1301,3.142,3.1502,0.8403,1.7507,125301.0,38767.7,24033.5,1789300.0,553603.0,3.058,15.3,12.52,0.0000,-0.2101253728104102,1,15,56,2000-07-06
000990.SZ,2018-07-13,14.25,14.3,14.4,14.11,14.28,0.02,0.14,21507.9,30627.1,0.5548,0.8949,1.01,22.1619,24.8298,1.1316,3.1464,3.1546,0.8392,1.7483,125301.0,38767.7,24033.5,1791810.0,554379.0,3.058,15.71,12.85,0.0000,-0.6662662132867826,1,15,56,2000-07-06
000990.SZ,2018-07-16,14.35,14.46,14.49,14.22,14.3,0.16,1.12,24889.2,35722.9,0.642,1.0356,1.13,22.4098,25.1076,1.1443,3.1816,3.1899,0.8299,1.7289,125301.0,38767.7,24033.5,1811860.0,560581.0,3.058,15.73,12.87,0.0000,-0.03006913741904539,1,15,56,2000-07-06
000990.SZ,2018-07-17,14.4,14.59,14.69,14.32,14.46,0.13,0.9,25242.9,36701.0,0.6511,1.0503,1.05,22.6113,25.3333,1.1546,3.2102,3.2186,0.8225,1.7135,125301.0,38767.7,24033.5,1828140.0,565621.0,3.058,15.91,13.01,0.0000,-0.022227155502311222,1,15,56,2000-07-06
000990.SZ,2018-07-18,14.62,14.55,14.68,14.47,14.59,-0.04,-0.27,20559.3,29914.4,0.5303,0.8554,0.81,22.5493,25.2638,1.1514,3.2014,3.2097,0.8247,1.7182,125301.0,38767.7,24033.5,1823130.0,564070.0,3.058,16.05,13.13,0.0000,-0.15571196795841188,1,15,56,2000-07-06
000990.SZ,2018-07-19,14.55,14.6,14.7,14.48,14.55,0.05,0.34,14009.0,20430.0,0.3614,0.5829,0.54,22.6268,25.3507,1.1554,3.2124,3.2208,0.8219,1.7123,125301.0,38767.7,24033.5,1829400.0,566009.0,3.058,16.01,13.1,0.0000,0.02610252319679711,1,15,56,2000-07-06
000990.SZ,2018-07-20,14.53,14.48,14.63,14.25,14.6,-0.12,-0.8219,22477.3,32408.8,0.5798,0.9352,1.06,22.4408,25.1423,1.1459,3.186,3.1943,0.8287,1.7265,125301.0,38767.7,24033.5,1814360.0,561357.0,3.058,16.06,13.14,0.0000,-0.07383994480456758,1,15,56,2000-07-06
000990.SZ,2018-07-23,14.39,14.47,14.5,14.32,14.48,-0.01,-0.0691,9473.79,13683.1,0.2444,0.3942,0.44,22.4253,25.1249,1.1451,3.1838,3.1921,0.8293,1.7277,125301.0,38767.7,24033.5,1813110.0,560969.0,3.058,15.93,13.03,0.0000,0.002088686204940968,1,15,56,2000-07-06
000990.SZ,2018-07-24,14.53,14.47,14.59,14.4,14.47,0.0,0.0,17834.0,25836.2,0.46,0.742,0.97,22.4253,25.1249,1.1451,3.1838,3.1921,0.8293,1.7277,125301.0,38767.7,24033.5,1813110.0,560969.0,3.058,15.92,13.02,0.0000,-0.21785917590421544,1,15,56,2000-07-06
000990.SZ,2018-07-25,14.47,14.48,14.53,14.4,14.47,0.01,0.0691,11145.0,16143.4,0.2875,0.4637,0.66,22.4408,25.1423,1.1459,3.186,3.1943,0.8287,1.7265,125301.0,38767.7,24033.5,1814360.0,561357.0,3.058,15.92,13.02,0.0000,0.1553785039609291,1,15,56,2000-07-06
000990.SZ,2018-07-26,14.48,14.34,14.5,14.3,14.48,-0.14,-0.9669,15744.0,22619.4,0.4061,0.6551,1.05,22.2239,24.8992,1.1348,3.1552,3.1634,0.8368,1.7434,125301.0,38767.7,24033.5,1796820.0,555929.0,3.058,15.93,13.03,0.0000,-0.35884967199190226,1,15,56,2000-07-06
000990.SZ,2018-07-27,14.37,14.34,14.4,14.21,14.34,0.0,0.0,9651.0,13826.7,0.2489,0.4016,0.63,22.2239,24.8992,1.1348,3.1552,3.1634,0.8368,1.7434,125301.0,38767.7,24033.5,1796820.0,555929.0,3.058,15.77,12.91,0.0000,-0.13172573074737043,1,15,56,2000-07-06
000990.SZ,2018-07-30,14.3,14.41,14.43,14.15,14.34,0.07,0.4881,18737.0,26783.7,0.4833,0.7796,1.47,22.3324,24.4203,1.1252,3.1706,3.1894,0.8328,1.7349,125301.0,38768.3,24034.0,1805590.0,558651.0,3.058,15.77,12.91,0.0000,0.06894961857498294,1,15,56,2000-07-06
000990.SZ,2018-07-31,14.41,14.35,14.46,14.25,14.41,-0.06,-0.4164,12518.0,17957.5,0.3229,0.5208,0.86,22.2394,24.3186,1.1206,3.1574,3.1762,0.8362,1.7422,125301.0,38768.3,24034.0,1798070.0,556325.0,3.058,15.85,12.97,0.0000,-0.11290022468653664,1,15,56,2000-07-06
000990.SZ,2018-08-01,14.37,14.25,14.42,14.22,14.35,-0.1,-0.6969,7601.2,10872.2,0.1961,0.3163,0.56,22.0844,24.1492,1.1127,3.1354,3.154,0.8421,1.7544,125301.0,38768.3,24034.0,1785540.0,552448.0,3.058,15.79,12.92,0.0000,0.0759967319101356,1,15,56,2000-07-06
000990.SZ,2018-08-02,14.2,13.99,14.27,13.81,14.25,-0.26,-1.8246,14785.9,20752.2,0.3814,0.6152,1.15,21.6814,23.7085,1.0924,3.0782,3.0965,0.8578,1.787,125301.0,38768.3,24034.0,1752960.0,542368.0,3.058,15.68,12.83,0.0000,-0.24829111093753933,1,15,56,2000-07-06
000990.SZ,2018-08-03,13.93,14.0,14.03,13.86,13.99,0.01,0.0715,9517.0,13288.4,0.2455,0.396,0.75,21.6969,23.7255,1.0932,3.0804,3.0987,0.8571,1.7857,125301.0,38768.3,24034.0,1754220.0,542756.0,3.058,15.39,12.59,0.0000,0.17296443306412218,1,15,56,2000-07-06
000990.SZ,2018-08-06,13.9,13.89,13.98,13.71,14.0,-0.11,-0.7857,6736.0,9331.02,0.1738,0.2803,0.53,21.5265,23.5391,1.0846,3.0562,3.0744,0.8639,1.7999,125301.0,38768.3,24034.0,1740430.0,538491.0,3.058,15.4,12.6,0.0000,-0.5665452768581654,1,15,56,2000-07-06
000990.SZ,2018-08-07,13.83,13.98,14.0,13.8,13.89,0.09,0.6479,4411.96,6142.41,0.1138,0.1836,0.43,21.666,23.6916,1.0917,3.076,3.0943,0.8584,1.7883,125301.0,38768.3,24034.0,1751710.0,541980.0,3.058,15.28,12.5,0.0000,0.3167505945933983,1,15,56,2000-07-06
000990.SZ,2018-08-08,14.0,13.8,14.0,13.8,13.98,-0.18,-1.2876,5793.0,8030.48,0.1494,0.241,0.67,21.387,23.3866,1.0776,3.0364,3.0544,0.8696,1.8116,125301.0,38768.3,24034.0,1729160.0,535002.0,3.058,15.38,12.58,0.0000,-0.1536036016553689,1,15,56,2000-07-06
000990.SZ,2018-08-09,13.79,13.64,13.8,12.42,13.8,-0.16,-1.1594,100499.0,129536.0,2.5923,4.1815,12.18,21.139,23.1154,1.0651,3.0012,3.019,0.8798,1.8328,125301.0,38768.3,24034.0,1709110.0,528799.0,3.058,15.18,12.42,0.0000,-0.012967647003962095,1,15,56,2000-07-06
000990.SZ,2018-08-10,12.92,13.51,13.57,12.8,13.64,-0.13,-0.9531,49165.5,64897.8,1.2682,2.0457,1.94,20.9376,22.8951,1.055,2.9726,2.9902,0.8882,1.8505,125301.0,38768.3,24034.0,1692820.0,523759.0,3.058,15.0,12.28,0.0000,0.16114266162115554,1,15,56,2000-07-06
000990.SZ,2018-08-13,13.43,13.79,13.88,13.22,13.51,0.28,2.0725,30987.0,42015.7,0.7993,1.2893,0.93,21.3715,23.3696,1.0768,3.0342,3.0522,0.8702,1.8129,125301.0,38768.3,24034.0,1727900.0,534614.0,3.058,14.86,12.16,0.0000,0.32768228830492474,1,15,56,2000-07-06
000990.SZ,2018-08-14,13.75,13.8,13.88,13.69,13.79,0.01,0.0725,16167.4,22336.5,0.417,0.6727,0.42,21.387,23.3866,1.0776,3.0364,3.0544,0.8696,1.8116,125301.0,38768.3,24034.0,1729160.0,535002.0,3.058,15.17,12.41,0.0000,-0.15630761250839717,1,15,56,2000-07-06
000990.SZ,2018-08-15,13.83,13.79,13.97,13.71,13.8,-0.01,-0.0725,7559.0,10412.7,0.195,0.3145,0.19,21.3715,23.3696,1.0768,3.0342,3.0522,0.8702,1.8129,125301.0,38768.3,24034.0,1727900.0,534614.0,3.058,15.18,12.42,0.0000,0.021388013521799292,1,15,56,2000-07-06
000990.SZ,2018-08-16,13.76,13.68,13.76,13.46,13.79,-0.11,-0.7977,8488.0,11574.1,0.2189,0.3532,0.21,21.201,23.1832,1.0682,3.01,3.0279,0.8772,1.8275,125301.0,38768.3,24034.0,1714120.0,530350.0,3.058,15.17,12.41,0.0000,0.086862770597707,1,15,56,2000-07-06
000990.SZ,2018-08-17,13.7,13.64,13.76,13.58,13.68,-0.04,-0.2924,9554.5,13066.5,0.2465,0.3975,0.43,21.139,23.1154,1.0651,3.0012,3.019,0.8798,1.8328,125301.0,38768.3,24034.0,1709110.0,528799.0,3.058,15.05,12.31,0.0000,-0.4318925899672477,1,15,56,2000-07-06
000990.SZ,2018-08-20,13.64,13.64,13.76,13.4,13.64,0.0,0.0,10565.1,14297.0,0.2725,0.4396,0.73,21.139,23.1154,1.0651,3.0012,3.019,0.8798,1.8328,125301.0,38768.3,24034.0,1709110.0,528799.0,3.058,15.0,12.28,0.0000,-0.1815042476218866,1,15,56,2000-07-06
000990.SZ,2018-08-21,13.62,13.69,13.75,13.55,13.64,0.05,0.3666,3860.08,5277.24,0.0996,0.1606,0.37,21.2165,23.2001,1.069,3.0122,3.0301,0.8766,1.8262,125301.0,38768.3,24034.0,1715370.0,530738.0,3.058,15.0,12.28,0.0000,-0.2754198090023477,1,15,56,2000-07-06
000990.SZ,2018-08-22,13.7,13.5,13.7,13.45,13.69,-0.19,-1.3879,5007.49,6784.57,0.1292,0.2083,0.63,20.9221,22.8781,1.0542,2.9704,2.988,0.8889,1.8519,125301.0,38768.3,24034.0,1691570.0,523372.0,3.058,15.06,12.32,0.0000,-1.0,1,15,56,2000-07-06
000990.SZ,2018-08-23,13.5,13.82,13.82,13.41,13.5,0.32,2.3704,11068.6,15141.2,0.2855,0.4605,1.48,21.418,23.4204,1.0792,3.0408,3.0589,0.8683,1.809,125301.0,38768.3,24034.0,1731660.0,535778.0,3.058,14.85,12.15,0.0000,0.3482890091950157,1,15,56,2000-07-06
000990.SZ,2018-08-24,13.83,13.75,13.85,13.69,13.82,-0.07,-0.5065,3514.49,4833.8,0.0907,0.1462,0.44,21.3095,23.3018,1.0737,3.0254,3.0434,0.8727,1.8182,125301.0,38768.3,24034.0,1722890.0,533064.0,3.058,15.2,12.44,0.0000,-1.0,1,15,56,2000-07-06
000990.SZ,2018-08-27,13.7,14.28,14.37,13.7,13.75,0.53,3.8545,20793.9,29409.8,0.5364,0.8652,3.06,22.1309,24.2,1.1151,3.142,3.1607,0.8403,1.7507,125301.0,38768.3,24034.0,1789300.0,553611.0,3.058,15.13,12.38,0.0000,0.1247327658862731,1,15,56,2000-07-06
000990.SZ,2018-08-28,13.97,14.31,14.39,13.97,14.28,0.03,0.2101,13085.8,18680.1,0.3375,0.5445,1.48,22.1774,24.2508,1.1174,3.1486,3.1673,0.8386,1.747,125301.0,38768.3,24034.0,1793060.0,554774.0,3.058,15.71,12.85,0.0000,-0.09613692000521949,1,15,56,2000-07-06
000990.SZ,2018-08-29,14.18,14.24,14.39,14.12,14.31,-0.07,-0.4892,12636.3,17940.3,0.3259,0.5258,1.18,22.0689,24.1322,1.112,3.1332,3.1518,0.8427,1.7556,125301.0,38768.3,24034.0,1784290.0,552060.0,3.058,15.74,12.88,0.0000,-0.4222530186999518,1,15,56,2000-07-06
000990.SZ,2018-08-30,14.23,14.14,14.34,14.12,14.24,-0.1,-0.7022,5245.03,7433.5,0.1353,0.2182,0.43,21.9139,23.9627,1.1042,3.1112,3.1297,0.8487,1.768,125301.0,38768.3,24034.0,1771760.0,548183.0,3.058,15.66,12.82,0.0000,-0.6528363436497862,1,15,56,2000-07-06
000990.SZ,2018-08-31,14.19,14.11,14.19,13.96,14.14,-0.03,-0.2122,5996.48,8435.09,0.1547,0.2495,0.54,21.8674,23.9119,1.1018,3.1046,3.123,0.8505,1.7718,125301.0,38768.3,24034.0,1768000.0,547020.0,3.058,15.55,12.73,-0.0001,-0.5207756064375586,1,15,56,2000-07-06
000990.SZ,2018-09-03,14.06,14.11,14.14,13.94,14.11,0.0,0.0,5064.0,7114.59,0.1306,0.2107,0.44,21.8674,23.9119,1.1018,3.1046,3.123,0.8505,1.7718,125301.0,38768.3,24034.0,1768000.0,547020.0,3.058,15.52,12.7,0.0000,-0.47289839042630094,1,15,56,2000-07-06
000990.SZ,2018-09-04,14.12,14.32,14.42,14.01,14.11,0.21,1.4883,10064.9,14358.2,0.2596,0.4188,1.2,22.1929,24.2678,1.1182,3.1508,3.1695,0.838,1.7458,125301.0,38768.3,24034.0,1794310.0,555162.0,3.058,15.52,12.7,0.0000,0.7663478270757292,1,15,56,2000-07-06
000990.SZ,2018-09-05,14.32,14.06,14.37,14.06,14.32,-0.26,-1.8156,14324.0,20371.7,0.3695,0.596,1.84,21.7899,23.8272,1.0979,3.0936,3.112,0.8535,1.7781,125301.0,38768.3,24034.0,1761730.0,545082.0,3.058,15.75,12.89,0.0000,-0.6512473674735654,1,15,56,2000-07-06
000990.SZ,2018-09-06,14.13,14.17,14.2,14.03,14.06,0.11,0.7824,9873.48,13938.2,0.2547,0.4108,1.21,21.9604,24.0136,1.1065,3.1178,3.1363,0.8469,1.7643,125301.0,38768.3,24034.0,1775520.0,549346.0,3.058,15.47,12.65,0.0000,0.03870959285164512,1,15,56,2000-07-06
000990.SZ,2018-09-07,14.25,14.14,14.32,13.96,14.17,-0.03,-0.2117,6333.0,8985.75,0.1634,0.2635,0.7,21.9139,23.9627,1.1042,3.1112,3.1297,0.8487,1.768,125301.0,38768.3,24034.0,1771760.0,548183.0,3.058,15.59,12.75,0.0000,-0.5032850779341171,1,15,56,2000-07-06
000990.SZ,2018-09-10,13.93,14.26,14.36,13.93,14.14,0.12,0.8487,19434.5,27797.7,0.5013,0.8086,2.13,22.0999,24.1661,1.1135,3.1376,3.1562,0.8415,1.7532,125301.0,38768.3,24034.0,1786800.0,552836.0,3.058,15.55,12.73,0.0000,-0.03277136916875561,1,15,56,2000-07-06
000990.SZ,2018-09-11,14.26,14.28,14.42,14.22,14.26,0.02,0.1403,16270.9,23308.1,0.4197,0.677,1.36,22.1309,24.2,1.1151,3.142,3.1607,0.8403,1.7507,125301.0,38768.3,24034.0,1789300.0,553611.0,3.058,15.69,12.83,0.0000,0.09045583828601239,1,15,56,2000-07-06
000990.SZ,2018-09-12,14.38,14.32,14.38,14.24,14.28,0.04,0.2801,10090.3,14405.5,0.2603,0.4198,0.76,22.1929,24.2678,1.1182,3.1508,3.1695,0.838,1.7458,125301.0,38768.3,24034.0,1794310.0,555162.0,3.058,15.71,12.85,0.0000,-0.01520898262593574,1,15,56,2000-07-06
000990.SZ,2018-09-13,14.4,14.62,14.64,14.28,14.32,0.3,2.095,27404.2,39737.6,0.7069,1.1402,2.21,22.6578,24.7762,1.1416,3.2168,3.2359,0.8208,1.71,125301.0,38768.3,24034.0,1831900.0,566792.0,3.058,15.75,12.89,0.0000,-0.02530349058278514,1,15,56,2000-07-06
000990.SZ,2018-09-14,14.56,14.83,15.06,14.56,14.62,0.21,1.4364,27781.0,41269.8,0.7166,1.1559,1.75,22.9833,25.1321,1.158,3.263,3.2824,0.8092,1.6858,125301.0,38768.3,24034.0,1858220.0,574934.0,3.058,16.08,13.16,0.0000,0.3572189220902224,1,15,56,2000-07-06
000990.SZ,2018-09-17,14.87,14.98,15.12,14.61,14.83,0.15,1.0115,24174.0,36228.0,0.6236,1.0058,1.2,23.2157,25.3863,1.1697,3.2961,3.3156,0.8011,1.6689,125301.0,38768.3,24034.0,1877010.0,580749.0,3.058,16.31,13.35,0.0000,0.17093472001004106,1,15,56,2000-07-06
000990.SZ,2018-09-18,14.94,14.9,15.06,14.68,14.98,-0.08,-0.534,17432.6,25960.0,0.4497,0.7253,0.82,23.0918,25.2507,1.1635,3.2785,3.2979,0.8054,1.6779,125301.0,38768.3,24034.0,1866990.0,577647.0,3.058,16.48,13.48,0.0000,-0.3894298612650218,1,15,56,2000-07-06
000990.SZ,2018-09-19,14.94,14.88,15.18,14.85,14.9,-0.02,-0.1342,23709.6,35621.7,0.6116,0.9865,1.11,23.0608,25.2168,1.1619,3.2741,3.2935,0.8065,1.6801,125301.0,38768.3,24034.0,1864480.0,576872.0,3.058,16.39,13.41,0.0000,-0.1406326352840955,1,15,56,2000-07-06
000990.SZ,2018-09-20,14.82,14.88,14.99,14.75,14.88,0.0,0.0,12339.0,18336.1,0.3183,0.5134,0.51,23.0608,25.2168,1.1619,3.2741,3.2935,0.8065,1.6801,125301.0,38768.3,24034.0,1864480.0,576872.0,3.058,16.37,13.39,0.0000,-0.31645571439733655,1,15,56,2000-07-06
000990.SZ,2018-09-21,14.92,14.83,15.03,14.78,14.88,-0.05,-0.336,23765.7,35384.1,0.613,0.9888,1.13,22.9833,25.1321,1.158,3.263,3.2824,0.8092,1.6858,125301.0,38768.3,24034.0,1858220.0,574934.0,3.058,16.37,13.39,0.0000,0.42808708012407953,1,15,56,2000-07-06
000990.SZ,2018-09-25,14.88,14.82,15.1,14.81,14.83,-0.01,-0.0674,18563.4,27688.9,0.4788,0.7724,0.92,22.9678,25.1151,1.1573,3.2608,3.2802,0.8097,1.6869,125301.0,38768.3,24034.0,1856960.0,574546.0,3.058,16.31,13.35,0.0000,0.11420329389840757,1,15,56,2000-07-06
000990.SZ,2018-09-26,14.93,15.12,15.25,14.86,14.82,0.3,2.0243,38599.6,58193.1,0.9956,1.606,2.01,23.4327,25.6235,1.1807,3.3269,3.3466,0.7937,1.6534,125301.0,38768.3,24034.0,1894550.0,586176.0,3.058,16.3,13.34,0.0000,0.14603684917971257,1,15,56,2000-07-06
000990.SZ,2018-09-27,15.12,14.65,15.18,14.6,15.12,-0.47,-3.1085,29943.0,44307.0,0.7724,1.2459,1.28,22.7043,24.827,1.144,3.2234,3.2426,0.8191,1.7065,125301.0,38768.3,24034.0,1835660.0,567955.0,3.058,16.63,13.61,0.0000,0.15798822140246097,1,15,56,2000-07-06
000990.SZ,2018-09-28,14.67,14.7,14.8,14.55,14.65,0.05,0.3413,15334.0,22490.2,0.3955,0.638,0.62,22.7818,24.9118,1.1479,3.2344,3.2536,0.8163,1.7007,125301.0,38768.3,24034.0,1841930.0,569894.0,3.058,16.12,13.19,0.0000,-0.28636926496720555,1,15,56,2000-07-06
000990.SZ,2018-10-08,14.65,14.41,14.75,14.37,14.7,-0.29,-1.9728,12875.0,18734.4,0.3321,0.5357,0.51,22.3324,24.4203,1.1252,3.1706,3.1894,0.8328,1.7349,125301.0,38768.3,24034.0,1805590.0,558651.0,3.058,16.17,13.23,0.0000,-0.08883323206105301,1,15,56,2000-07-06
000990.SZ,2018-10-09,14.41,14.02,14.47,13.81,14.41,-0.39,-2.7065,26210.3,36996.3,0.6761,1.0905,1.14,21.7279,23.7594,1.0948,3.0848,3.1031,0.8559,1.7832,125301.0,38768.3,24034.0,1756720.0,543531.0,3.058,15.85,12.97,0.0000,-0.2732940433436541,1,15,56,2000-07-06
000990.SZ,2018-10-10,14.0,13.99,14.08,13.75,14.02,-0.03,-0.214,14176.2,19755.5,0.3657,0.5898,0.58,21.6814,23.7085,1.0924,3.0782,3.0965,0.8578,1.787,125301.0,38768.3,24034.0,1752960.0,542368.0,3.058,15.42,12.62,0.0000,-0.09382446754007719,1,15,56,2000-07-06
000990.SZ,2018-10-11,13.8,12.8,13.8,12.66,13.99,-1.19,-8.5061,46547.0,60584.9,1.2006,1.9367,2.36,19.8372,21.6919,0.9995,2.8164,2.8331,0.9375,1.9531,125301.0,38768.3,24034.0,1603860.0,496234.0,3.058,15.39,12.59,0.0000,-0.09100419015415608,1,15,56,2000-07-06
000990.SZ,2018-10-12,12.79,11.52,12.92,11.52,12.8,-1.28,-10.0,51306.3,61149.3,1.3234,2.1347,2.23,17.8535,19.5227,0.8996,2.5347,2.5498,1.0417,2.1701,125301.0,38768.3,24034.0,1443470.0,446611.0,3.058,14.08,11.52,0.0000,-0.3752932944190605,1,15,56,2000-07-06
000990.SZ,2018-10-15,10.55,12.0,12.63,10.55,11.52,0.48,4.1667,61286.5,72449.9,1.5808,2.55,2.03,18.5974,20.3361,0.937,2.6404,2.656,1.0,2.0833,125301.0,38768.3,24034.0,1503610.0,465219.0,3.058,12.67,10.37,0.0000,-0.05071964833584746,1,15,56,2000-07-06
000990.SZ,2018-10-16,11.78,11.98,12.25,11.53,12.0,-0.02,-0.1667,34995.0,41736.3,0.9027,1.4561,0.88,18.5664,20.3022,0.9355,2.636,2.6516,1.0017,2.0868,125301.0,38768.3,24034.0,1501110.0,464444.0,3.058,13.2,10.8,0.0000,0.1501848776117074,1,15,56,2000-07-06
000990.SZ,2018-10-17,12.0,12.08,12.29,11.86,11.98,0.1,0.8347,34725.1,41867.8,0.8957,1.4448,0.83,18.7214,20.4717,0.9433,2.658,2.6737,0.9934,2.0695,125301.0,38768.3,24034.0,1513640.0,468321.0,3.058,13.18,10.78,0.0000,-0.008497129713220674,1,15,56,2000-07-06
000990.SZ,2018-10-18,12.13,12.38,12.55,11.93,12.08,0.3,2.4834,26999.0,33224.7,0.6964,1.1234,0.59,19.1863,20.9801,0.9667,2.724,2.7401,0.9693,2.0194,125301.0,38768.3,24034.0,1551230.0,479951.0,3.058,13.29,10.87,0.0000,-0.3933092159659728,1,15,56,2000-07-06
000990.SZ,2018-10-19,12.38,12.48,12.55,12.15,12.38,0.1,0.8078,23681.8,29206.0,0.6109,0.9853,0.57,19.3413,19.8029,0.9557,2.746,2.6701,0.9615,2.0032,125301.0,38768.3,24034.0,1563760.0,483828.0,3.058,13.62,11.14,0.0000,0.10930302686941583,1,15,56,2000-07-06
000990.SZ,2018-10-22,12.5,13.26,13.62,12.5,12.48,0.78,6.25,40036.9,52948.5,1.0327,1.6658,1.1,20.5501,21.0405,1.0154,2.9176,2.837,0.905,1.8854,125301.0,38768.3,24034.0,1661490.0,514067.0,3.058,13.73,11.23,0.0000,0.007157306543383366,1,15,56,2000-07-06
000990.SZ,2018-10-23,13.25,13.09,13.34,13.0,13.26,-0.17,-1.2821,28963.2,38077.1,0.7471,1.2051,0.9,20.2866,20.7708,1.0024,2.8802,2.8006,0.9167,1.9099,125301.0,38768.3,24034.0,1640190.0,507477.0,3.058,14.59,11.93,0.0000,0.11303550583593047,1,15,56,2000-07-06
000990.SZ,2018-10-24,12.84,12.99,13.18,12.84,13.09,-0.1,-0.7639,22262.0,28909.2,0.5742,0.9263,0.72,20.1317,20.6121,0.9947,2.8582,2.7792,0.9238,1.1547,125301.0,38768.3,24034.0,1627660.0,503600.0,3.058,14.4,11.78,0.0000,0.19932815197532866,1,15,56,2000-07-06
000990.SZ,2018-10-25,12.74,12.97,12.99,12.68,12.99,-0.02,-0.154,13116.0,16826.0,0.3383,0.5457,0.46,20.1007,20.5804,0.9932,2.8538,2.7749,0.9252,1.1565,125301.0,38768.3,24034.0,1625160.0,502825.0,3.058,14.29,11.69,0.0000,-0.21168304846451144,1,15,56,2000-07-06
000990.SZ,2018-10-26,13.09,12.9,13.09,12.81,12.97,-0.07,-0.5397,17081.4,22022.0,0.4406,0.7107,0.67,19.9922,20.4693,0.9878,2.8384,2.76,0.9302,1.1628,125301.0,38768.3,24034.0,1616390.0,500111.0,3.058,14.27,11.67,0.0000,0.03943681381294476,1,15,56,2000-07-06
000990.SZ,2018-10-29,12.72,12.84,12.97,12.72,12.9,-0.06,-0.4651,16452.0,21070.2,0.4244,0.6845,0.68,19.8992,20.3741,0.9832,2.8252,2.7471,0.9346,1.1682,125301.0,38768.3,24034.0,1608870.0,497785.0,3.058,14.19,11.61,0.0000,-0.0011784499301906947,1,15,56,2000-07-06
000990.SZ,2018-10-30,12.71,12.7,12.82,12.55,12.84,-0.14,-1.0903,23892.0,30244.8,0.6163,0.9941,1.22,19.6822,20.152,0.9725,2.7944,2.7172,0.9449,1.1811,125301.0,38768.3,24034.0,1591330.0,492357.0,3.058,14.12,11.56,0.0000,0.015412936130594098,1,15,56,2000-07-06
000990.SZ,2018-10-31,12.7,12.74,12.84,12.57,12.7,0.04,0.315,13596.1,17356.5,0.3507,0.5657,0.73,19.7442,20.2154,0.9756,2.8032,2.7257,0.9419,1.1774,125301.0,38768.3,24034.0,1596340.0,493908.0,3.058,13.97,11.43,0.0000,-0.5640219425231165,1,15,56,2000-07-06
000990.SZ,2018-11-01,12.86,12.93,13.2,12.78,12.74,0.19,1.4914,26333.7,34260.1,0.6793,1.0957,1.56,20.0387,20.5169,0.9901,2.845,2.7664,0.9281,1.1601,125301.0,38768.3,24034.0,1620140.0,501274.0,3.058,14.01,11.47,0.0000,-0.09845515260547866,1,15,56,2000-07-06
000990.SZ,2018-11-02,13.0,13.1,13.28,12.92,12.93,0.17,1.3148,25212.0,32941.0,0.6503,1.049,1.29,20.3021,20.7867,1.0031,2.8824,2.8027,0.916,1.145,125301.0,38768.3,24034.0,1641450.0,507864.0,3.058,14.22,11.64,0.0000,-0.002000719809408415,1,15,56,2000-07-06
000990.SZ,2018-11-05,13.14,13.04,13.16,12.91,13.1,-0.06,-0.458,20975.2,27334.8,0.541,0.8727,0.99,20.2092,20.6915,0.9985,2.8692,2.7899,0.9202,1.1503,125301.0,38768.3,24034.0,1633930.0,505538.0,3.058,14.41,11.79,0.0000,-0.03742656764627495,1,15,56,2000-07-06
000990.SZ,2018-11-06,13.04,13.04,13.11,12.87,13.04,0.0,0.0,22390.9,29084.5,0.5776,0.9316,1.02,20.2092,20.6915,0.9985,2.8692,2.7899,0.9202,1.1503,125301.0,38768.3,24034.0,1633930.0,505538.0,3.058,14.34,11.74,0.0000,-0.030536775104613112,1,15,56,2000-07-06
000990.SZ,2018-11-07,13.09,13.18,13.3,13.0,13.04,0.14,1.0736,17444.2,23036.3,0.45,0.7258,0.8,20.4261,20.9136,1.0093,2.9,2.8199,0.9105,1.1381,125301.0,38768.3,24034.0,1651470.0,510966.0,3.058,14.34,11.74,0.0000,0.15161888595632328,1,15,56,2000-07-06
000990.SZ,2018-11-08,13.2,13.04,13.68,13.0,13.18,-0.14,-1.0622,21464.4,28305.4,0.5537,0.8931,0.96,20.2092,20.6915,0.9985,2.8692,2.7899,0.9202,1.1503,125301.0,38768.3,24034.0,1633930.0,505538.0,3.058,14.5,11.86,0.0000,0.1693728653101629,1,15,56,2000-07-06
000990.SZ,2018-11-09,13.03,13.1,13.25,12.85,13.04,0.06,0.4601,19113.6,24802.9,0.493,0.7953,0.89,20.3021,20.7867,1.0031,2.8824,2.8027,0.916,1.145,125301.0,38768.3,24034.0,1641450.0,507864.0,3.058,14.34,11.74,0.0000,-0.050883753776569306,1,15,56,2000-07-06
000990.SZ,2018-11-12,13.1,13.09,13.12,12.9,13.1,-0.01,-0.0763,24846.9,32285.0,0.6409,1.0338,1.23,20.2866,20.7708,1.0024,2.8802,2.8006,0.9167,1.1459,125301.0,38768.3,24034.0,1640190.0,507477.0,3.058,14.41,11.79,0.0000,0.29219387139659625,1,15,56,2000-07-06
000990.SZ,2018-11-13,13.0,13.09,13.17,12.9,13.09,0.0,0.0,21025.5,27415.9,0.5423,0.8748,1.0,20.2866,20.7708,1.0024,2.8802,2.8006,0.9167,1.1459,125301.0,38768.3,24034.0,1640190.0,507477.0,3.058,14.4,11.78,0.0000,-0.21333967970345363,1,15,56,2000-07-06
000990.SZ,2018-11-14,13.09,13.91,14.06,13.04,13.09,0.82,6.2643,68452.6,93886.2,1.7657,2.8482,3.29,21.5575,22.0719,1.0652,3.0606,2.976,0.8627,1.0784,125301.0,38768.3,24034.0,1742940.0,539267.0,3.058,14.4,11.78,0.0000,0.14051402203854643,1,15,56,2000-07-06
000990.SZ,2018-11-15,13.76,13.94,13.96,13.61,13.91,0.03,0.2157,29214.8,40349.9,0.7536,1.2156,0.94,21.604,22.1195,1.0675,3.0672,2.9825,0.8608,1.076,125301.0,38768.3,24034.0,1746700.0,540430.0,3.058,15.3,12.52,0.0000,0.19353003034741537,1,15,56,2000-07-06
000990.SZ,2018-11-16,13.91,14.09,14.16,13.81,13.94,0.15,1.076,29087.2,40796.6,0.7503,1.2102,0.89,21.8364,22.3576,1.0789,3.1002,3.0146,0.8517,1.0646,125301.0,38768.3,24034.0,1765490.0,546245.0,3.058,15.33,12.55,0.0000,-0.0318524510428833,1,15,56,2000-07-06
000990.SZ,2018-11-19,14.78,14.17,14.78,14.16,14.09,0.08,0.5678,42978.2,61552.8,1.1086,1.7882,1.24,21.9604,22.4845,1.0851,3.1178,3.0317,0.8469,1.0586,125301.0,38768.3,24034.0,1775520.0,549346.0,3.058,15.5,12.68,0.0000,0.07453136132867975,1,15,56,2000-07-06
000990.SZ,2018-11-20,14.14,13.84,14.27,13.75,14.17,-0.33,-2.3289,32950.9,46010.6,0.8499,1.371,0.86,21.449,21.9609,1.0598,3.0452,2.9611,0.8671,1.0838,125301.0,38768.3,24034.0,1734170.0,536553.0,3.058,15.59,12.75,0.0000,0.06276186937890535,1,15,56,2000-07-06
000990.SZ,2018-11-21,13.8,13.89,14.04,13.64,13.84,0.05,0.3613,24501.1,33863.4,0.632,1.0194,0.6,21.5265,22.0402,1.0636,3.0562,2.9718,0.8639,1.0799,125301.0,38768.3,24034.0,1740430.0,538491.0,3.058,15.22,12.46,0.0000,0.41695324050139804,1,15,56,2000-07-06
000990.SZ,2018-11-22,13.88,13.9,14.09,13.8,13.89,0.01,0.072,13573.3,18932.8,0.3501,0.5648,0.43,21.542,22.0561,1.0644,3.0584,2.9739,0.8633,1.0791,125301.0,38768.3,24034.0,1741690.0,538879.0,3.058,15.28,12.5,0.0000,0.07671440764383733,1,15,56,2000-07-06
000990.SZ,2018-11-23,14.0,13.67,14.0,13.58,13.9,-0.23,-1.6547,21592.1,29716.0,0.557,0.8984,0.75,21.1855,21.6911,1.0468,3.0078,2.9247,0.8778,1.0973,125301.0,38768.3,24034.0,1712870.0,529962.0,3.058,15.29,12.51,0.0000,-0.22490840101956416,1,15,56,2000-07-06
000990.SZ,2018-11-26,13.67,13.5,13.94,13.41,13.67,-0.17,-1.2436,13011.0,17660.4,0.3356,0.5414,0.48,20.9221,21.4214,1.0338,2.9704,2.8883,0.8889,1.1111,125301.0,38768.3,24034.0,1691570.0,523372.0,3.058,15.04,12.3,0.0000,0.20864109159966548,1,15,56,2000-07-06
000990.SZ,2018-11-27,13.48,13.45,13.68,13.42,13.5,-0.05,-0.3704,10051.0,13579.4,0.2593,0.4182,0.48,20.8446,21.342,1.0299,2.9594,2.8776,0.8922,1.1152,125301.0,38768.3,24034.0,1685300.0,521433.0,3.058,14.85,12.15,0.0000,-0.6757675621867943,1,15,56,2000-07-06
000990.SZ,2018-11-28,13.49,13.57,13.67,13.4,13.45,0.12,0.8922,12615.7,17111.4,0.3254,0.5249,0.76,21.0305,21.5324,1.0391,2.9858,2.9033,0.8843,1.1054,125301.0,38768.3,24034.0,1700340.0,526086.0,3.058,14.8,12.11,0.0000,0.0011467615031232363,1,15,56,2000-07-06
000990.SZ,2018-11-29,13.61,13.83,14.06,13.61,13.57,0.26,1.916,41168.8,57301.5,1.0619,1.7129,2.91,21.4335,21.945,1.059,3.043,2.9589,0.8677,1.0846,125301.0,38768.3,24034.0,1732920.0,536165.0,3.058,14.93,12.21,0.0000,0.16405375909983708,1,15,56,2000-07-06
000990.SZ,2018-11-30,13.85,13.84,13.94,13.62,13.83,0.01,0.0723,41903.6,57688.5,1.0809,1.7435,2.13,21.449,21.9609,1.0598,3.0452,2.9611,0.8671,1.0838,125301.0,38768.3,24034.0,1734170.0,536553.0,3.058,15.21,12.45,0.0000,0.3845263109181802,1,15,56,2000-07-06
000990.SZ,2018-12-03,14.25,14.12,14.32,13.91,13.84,0.28,2.0231,50804.8,71580.4,1.3105,2.1139,2.14,21.8829,22.4052,1.0812,3.1068,3.021,0.8499,1.0623,125301.0,38768.3,24034.0,1769250.0,547408.0,3.058,15.22,12.46,0.0000,0.43160782125811586,1,15,56,2000-07-06
000990.SZ,2018-12-04,14.04,14.21,14.27,14.04,14.12,0.09,0.6374,36292.6,51440.0,0.9361,1.51,1.16,22.0224,22.548,1.0881,3.1266,3.0402,0.8445,1.0556,125301.0,38768.3,24034.0,1780530.0,550897.0,3.058,15.53,12.71,0.0000,0.18969159274057176,1,15,56,2000-07-06
000990.SZ,2018-12-05,14.21,14.25,14.38,14.08,14.21,0.04,0.2815,35660.0,50803.9,0.9198,1.4837,0.98,22.0844,22.6114,1.0912,3.1354,3.0488,0.8421,1.0526,125301.0,38768.3,24034.0,1785540.0,552448.0,3.058,15.63,12.79,0.0000,0.28535700885489956,1,15,56,2000-07-06
000990.SZ,2018-12-06,14.15,14.13,14.37,14.09,14.25,-0.12,-0.8421,34397.2,48881.0,0.8873,1.4312,0.84,21.8984,22.421,1.082,3.109,3.0231,0.8493,1.0616,125301.0,38768.3,24034.0,1770510.0,547796.0,3.058,15.68,12.83,0.0000,0.1422920651130193,1,15,56,2000-07-06
000990.SZ,2018-12-07,14.15,14.08,14.28,14.04,14.13,-0.05,-0.3539,28439.6,40208.6,0.7336,1.1833,0.71,21.8209,22.3417,1.0782,3.098,3.0124,0.8523,1.0653,125301.0,38768.3,24034.0,1764240.0,545857.0,3.058,15.54,12.72,0.0000,-0.04542588428656319,1,15,56,2000-07-06
000990.SZ,2018-12-10,14.21,14.24,14.33,14.04,14.08,0.16,1.1364,28231.1,40088.8,0.7282,1.1746,0.76,22.0689,22.5956,1.0904,3.1332,3.0466,0.8427,1.0534,125301.0,38768.3,24034.0,1784290.0,552060.0,3.058,15.49,12.67,0.0000,0.47605879590337813,1,15,56,2000-07-06
000990.SZ,2018-12-11,14.35,14.3,14.41,14.15,14.24,0.06,0.4213,26379.7,37640.0,0.6804,1.0976,0.81,22.1619,22.6908,1.095,3.1464,3.0595,0.8392,1.049,125301.0,38768.3,24034.0,1791810.0,554386.0,3.058,15.66,12.82,0.0000,0.3388424379644696,1,15,56,2000-07-06
000990.SZ,2018-12-12,14.29,14.47,14.53,14.29,14.3,0.17,1.1888,45719.6,65928.7,1.1793,1.9023,1.49,22.4253,22.9605,1.108,3.1838,3.0959,0.8293,1.0366,125301.0,38768.3,24034.0,1813110.0,560977.0,3.058,15.73,12.87,0.0000,0.20442682862878017,1,15,56,2000-07-06
000990.SZ,2018-12-13,14.42,14.41,14.53,14.35,14.47,-0.06,-0.4147,27204.2,39191.7,0.7017,1.1319,0.83,22.3324,22.8653,1.1034,3.1706,3.083,0.8328,1.0409,125301.0,38768.3,24034.0,1805590.0,558651.0,3.058,15.92,13.02,0.0000,0.5548394005573599,1,15,56,2000-07-06
000990.SZ,2018-12-14,14.39,14.05,14.43,13.84,14.41,-0.36,-2.4983,29526.1,41903.1,0.7616,1.2285,0.95,21.7744,22.2941,1.0759,3.0914,3.006,0.8541,1.0676,125301.0,38768.3,24034.0,1760480.0,544694.0,3.058,15.85,12.97,0.0000,-0.22051881340955037,1,15,56,2000-07-06
000990.SZ,2018-12-17,14.04,14.19,14.19,13.88,14.05,0.14,0.9964,22337.2,31310.9,0.5762,0.9294,0.71,21.9914,22.5162,1.0866,3.1222,3.0359,0.8457,1.0571,125301.0,38768.3,24034.0,1778020.0,550122.0,3.058,15.46,12.65,0.0000,0.056407138925429784,1,15,56,2000-07-06
000990.SZ,2018-12-18,14.01,13.7,14.14,13.15,14.19,-0.49,-3.4531,42249.8,57477.7,1.0898,1.7579,1.4,21.232,21.7387,1.0491,3.0144,2.9311,0.8759,1.0949,125301.0,38768.3,24034.0,1716630.0,531125.0,3.058,15.61,12.77,0.0000,-0.1652039633587164,1,15,56,2000-07-06
000990.SZ,2018-12-19,13.7,12.56,13.7,12.33,13.7,-1.14,-8.3212,37998.6,49273.6,0.9801,1.581,1.14,19.4653,19.9298,0.9618,2.7636,2.6872,0.9554,1.1943,125301.0,38768.3,24034.0,1573780.0,486930.0,3.058,15.07,12.33,0.0000,-0.08865195842700338,1,15,56,2000-07-06
000990.SZ,2018-12-20,12.72,12.88,12.92,12.61,12.56,0.32,2.5478,34327.5,43955.3,0.8855,1.4283,1.08,19.9612,20.4376,0.9863,2.834,2.7557,0.9317,1.1646,125301.0,38768.3,24034.0,1613880.0,499335.0,3.058,13.82,11.3,0.0000,-0.09277196319352005,1,15,56,2000-07-06
000990.SZ,2018-12-21,12.88,12.44,12.94,12.4,12.88,-0.44,-3.4161,56189.1,70632.2,1.4494,2.3379,1.69,19.2793,19.7394,0.9526,2.7372,2.6615,0.9646,1.2058,125301.0,38768.3,24034.0,1558750.0,482277.0,3.058,14.17,11.59,0.0000,0.014496551191298316,1,15,56,2000-07-06
000990.SZ,2018-12-24,12.62,12.41,12.88,12.38,12.44,-0.03,-0.2412,30411.2,38201.8,0.7844,1.2653,0.79,19.2328,19.6918,0.9503,2.7306,2.6551,0.967,1.2087,125301.0,38768.3,24034.0,1554990.0,481114.0,3.058,13.68,11.2,0.0000,-0.7551661037626746,1,15,56,2000-07-06
000990.SZ,2018-12-25,12.42,12.15,12.43,11.83,12.41,-0.26,-2.0951,39913.7,48077.3,1.0295,1.6607,0.99,18.8298,19.2792,0.9304,2.6734,2.5995,0.9877,1.2346,125301.0,38768.3,24034.0,1522410.0,471035.0,3.058,13.65,11.17,0.0000,-0.2219709896523581,1,15,56,2000-07-06
000990.SZ,2018-12-26,12.16,11.7,12.16,11.67,12.15,-0.45,-3.7037,34872.9,41247.0,0.8995,1.451,0.88,18.1324,18.5652,0.8959,2.5744,2.5032,1.0256,1.2821,125301.0,38768.3,24034.0,1466020.0,453589.0,3.058,13.37,10.94,0.0000,-0.01787124974687231,1,15,56,2000-07-06
000990.SZ,2018-12-27,11.88,12.13,12.46,11.86,11.7,0.43,3.6752,49112.6,59720.2,1.2668,2.0435,1.25,18.7989,19.2475,0.9289,2.669,2.5952,0.9893,1.2366,125301.0,38768.3,24034.0,1519900.0,470259.0,3.058,12.87,10.53,0.0000,0.07243353213258005,1,15,56,2000-07-06
000990.SZ,2018-12-28,12.19,12.01,12.19,11.76,12.13,-0.12,-0.9893,31297.2,37399.6,0.8073,1.3022,0.74,18.6129,19.0571,0.9197,2.6426,2.5695,0.9992,1.249,125301.0,38768.3,24034.0,1504870.0,465607.0,3.058,13.34,10.92,0.0000,0.22908468680039948,1,15,56,2000-07-06
000990.SZ,2019-01-02,12.0,11.92,12.04,11.85,12.01,-0.09,-0.7494,15385.7,18348.5,0.3969,0.6402,0.41,18.4734,18.9143,0.9128,2.6228,2.5503,1.2584,1.2584,125301.0,38768.3,24034.0,1493590.0,462118.0,3.058,13.21,10.81,0.0000,0.7122455918596172,1,15,56,2000-07-06
000990.SZ,2019-01-03,11.92,11.91,12.11,11.82,11.92,-0.01,-0.0839,18071.9,21612.8,0.4662,0.7519,0.53,18.4579,18.8984,0.912,2.6206,2.5481,1.2594,1.2594,125301.0,38768.3,24034.0,1492340.0,461730.0,3.058,13.11,10.73,0.0000,1.0,1,15,56,2000-07-06
000990.SZ,2019-01-04,11.84,12.0,12.09,11.62,11.91,0.09,0.7557,25488.9,30397.0,0.6575,1.0605,0.86,18.5974,19.0412,0.9189,2.6404,2.5674,1.25,1.25,125301.0,38768.3,24034.0,1503610.0,465219.0,3.058,13.1,10.72,0.0000,0.36214966520546277,1,15,56,2000-07-06
000990.SZ,2019-01-07,12.02,12.25,12.4,11.95,12.0,0.25,2.0833,22115.4,26891.6,0.5705,0.9202,0.79,18.9848,19.4379,0.938,2.6954,2.6209,1.2245,1.2245,125301.0,38768.3,24034.0,1534940.0,474911.0,3.058,13.2,10.8,0.0000,0.2624841961390865,1,15,56,2000-07-06
000990.SZ,2019-01-08,12.07,12.16,12.32,12.07,12.25,-0.09,-0.7347,14576.4,17784.6,0.376,0.6065,0.65,18.8453,19.2951,0.9312,2.6756,2.6016,1.2336,1.2336,125301.0,38768.3,24034.0,1523660.0,471422.0,3.058,13.48,11.03,0.0000,0.03760497520070822,1,15,56,2000-07-06
000990.SZ,2019-01-09,12.15,12.21,12.43,12.13,12.16,0.05,0.4112,19280.6,23704.3,0.4973,0.8022,1.01,18.9228,19.3744,0.935,2.6866,2.6123,1.2285,1.2285,125301.0,38768.3,24034.0,1529930.0,473361.0,3.058,13.38,10.94,0.0000,0.48921579288449957,1,15,56,2000-07-06
000990.SZ,2019-01-10,12.19,12.15,12.3,12.1,12.21,-0.06,-0.4914,12305.8,15025.8,0.3174,0.512,0.62,18.8298,19.2792,0.9304,2.6734,2.5995,1.2346,1.2346,125301.0,38768.3,24034.0,1522410.0,471035.0,3.058,13.43,10.99,0.0000,-0.5331164343361616,1,15,56,2000-07-06
000990.SZ,2019-01-11,12.25,12.19,12.28,12.09,12.15,0.04,0.3292,13561.2,16496.2,0.3498,0.5643,0.72,18.8918,19.3427,0.9335,2.6822,2.608,1.2305,1.2305,125301.0,38768.3,24034.0,1527420.0,472585.0,3.058,13.37,10.94,0.0000,0.061943036632924185,1,15,56,2000-07-06
000990.SZ,2019-01-14,12.11,11.96,12.24,11.89,12.19,-0.23,-1.8868,15994.9,19215.5,0.4126,0.6655,0.98,18.5354,18.9777,0.9158,2.6316,2.5588,1.2542,1.2542,125301.0,38768.3,24034.0,1498600.0,463669.0,3.058,13.41,10.97,0.0000,0.22204460648649463,1,15,56,2000-07-06
000990.SZ,2019-01-15,11.89,12.28,12.33,11.89,11.96,0.32,2.6756,24197.8,29529.8,0.6242,1.0068,1.6,19.0313,19.4855,0.9403,2.702,2.6273,1.2215,1.2215,125301.0,38768.3,24034.0,1538700.0,476074.0,3.058,13.16,10.76,0.0000,-0.3469520638589326,1,15,56,2000-07-06
000990.SZ,2019-01-16,12.28,12.29,12.36,12.12,12.28,0.01,0.0814,13170.4,16183.5,0.3397,0.548,0.77,19.0468,19.5014,0.9411,2.7042,2.6294,1.2205,1.2205,125301.0,38768.3,24034.0,1539950.0,476462.0,3.058,13.51,11.05,0.0000,-0.13381787899109113,1,15,56,2000-07-06
000990.SZ,2019-01-17,12.32,12.15,12.33,12.14,12.29,-0.14,-1.1391,12986.0,15899.7,0.335,0.5403,0.82,18.8298,19.2792,0.9304,2.6734,2.5995,1.2346,1.2346,125301.0,38768.3,24034.0,1522410.0,471035.0,3.058,13.52,11.06,0.0000,0.5283531269146449,1,15,56,2000-07-06
000990.SZ,2019-01-18,12.1,12.25,12.27,12.06,12.15,0.1,0.823,10353.9,12632.1,0.2671,0.4308,0.65,18.9848,19.4379,0.938,2.6954,2.6209,1.2245,1.2245,125301.0,38768.3,24034.0,1534940.0,474911.0,3.058,13.37,10.94,0.0000,-0.11243586143618178,1,15,56,2000-07-06
000990.SZ,2019-01-21,12.29,12.17,12.32,12.16,12.25,-0.08,-0.6531,10416.6,12755.2,0.2687,0.4334,0.68,18.8608,19.311,0.9319,2.6778,2.6038,1.2325,1.2325,125301.0,38768.3,24034.0,1524920.0,471810.0,3.058,13.48,11.03,0.0000,-1.0,1,15,56,2000-07-06
000990.SZ,2019-01-22,12.27,12.22,12.37,12.12,12.17,0.05,0.4108,23443.1,28733.8,0.6047,0.9754,1.65,18.9383,19.3903,0.9357,2.6888,2.6145,1.2275,1.2275,125301.0,38768.3,24034.0,1531180.0,473748.0,3.058,13.39,10.95,0.0000,0.31770093567033325,1,15,56,2000-07-06
000990.SZ,2019-01-23,12.27,12.15,12.29,12.11,12.22,-0.07,-0.5728,30618.3,37339.5,0.7898,1.274,2.18,18.8298,19.2792,0.9304,2.6734,2.5995,1.2346,1.2346,125301.0,38768.3,24034.0,1522410.0,471035.0,3.058,13.44,11.0,0.0000,-0.08405296219286025,1,15,56,2000-07-06
000990.SZ,2019-01-24,12.21,12.16,12.27,11.98,12.15,0.01,0.0823,19402.3,23603.8,0.5005,0.8073,1.1,18.8453,19.2951,0.9312,2.6756,2.6016,1.2336,1.2336,125301.0,38768.3,24034.0,1523660.0,471422.0,3.058,13.37,10.94,0.0000,-0.7774904699084801,1,15,56,2000-07-06
000990.SZ,2019-01-25,12.21,11.89,12.21,11.87,12.16,-0.27,-2.2204,21435.8,25799.2,0.5529,0.8919,1.14,18.4269,18.8667,0.9105,2.6162,2.5439,1.2616,1.2616,125301.0,38768.3,24034.0,1489830.0,460955.0,3.058,13.38,10.94,0.0000,0.08359996705616433,1,15,56,2000-07-06
000990.SZ,2019-01-28,12.0,11.84,12.04,11.8,11.89,-0.05,-0.4205,20265.9,24182.0,0.5227,0.8432,0.96,18.3494,18.7873,0.9066,2.6052,2.5332,1.2669,1.2669,125301.0,38768.3,24034.0,1483570.0,459016.0,3.058,13.08,10.7,0.0000,-0.1482108318745661,1,15,56,2000-07-06
000990.SZ,2019-01-29,11.81,11.27,11.84,11.15,11.84,-0.57,-4.8142,50971.3,58343.1,1.3148,2.1208,2.21,17.466,17.8829,0.863,2.4797,2.4112,1.331,1.331,125301.0,38768.3,24034.0,1412140.0,436918.0,3.058,13.02,10.66,0.0000,-0.013971526412835432,1,15,56,2000-07-06
000990.SZ,2019-01-30,11.44,11.18,11.44,11.07,11.27,-0.09,-0.7986,49605.4,55974.7,1.2795,2.064,1.74,17.3266,17.7401,0.8561,2.4599,2.392,1.3417,1.3417,125301.0,38768.3,24034.0,1400870.0,433429.0,3.058,12.4,10.14,0.0000,-0.32264335666454874,1,15,56,2000-07-06
000990.SZ,2019-01-31,11.2,11.07,11.31,11.05,11.18,-0.11,-0.9839,19472.2,21787.8,0.5023,0.8102,0.6,17.1561,17.5655,0.8477,2.4357,2.3684,1.355,1.355,125301.0,38768.3,24034.0,1387080.0,429165.0,3.058,12.3,10.06,0.0000,-0.038349607066638036,1,15,56,2000-07-06
000990.SZ,2019-02-01,11.05,11.59,11.65,11.05,11.07,0.52,4.6974,25371.7,29092.9,0.6544,1.0557,0.78,17.962,18.3906,0.8875,2.5502,2.4797,1.2942,1.2942,125301.0,38768.3,24034.0,1452240.0,449324.0,3.058,12.18,9.96,0.0000,-0.5701291931781249,1,15,56,2000-07-06
000990.SZ,2019-02-11,11.69,11.76,11.95,11.62,11.59,0.17,1.4668,26893.4,31551.0,0.6937,1.119,0.81,18.2254,18.6604,0.9005,2.5876,2.516,1.2755,1.2755,125301.0,38768.3,24034.0,1473540.0,455915.0,3.058,12.75,10.43,0.0000,-0.008585497750503601,1,15,56,2000-07-06
000990.SZ,2019-02-12,11.76,11.99,12.14,11.76,11.76,0.23,1.9558,21874.2,26060.3,0.5642,0.9101,0.63,18.5819,19.0253,0.9181,2.6382,2.5653,1.251,1.251,125301.0,38768.3,24034.0,1502360.0,464832.0,3.058,12.94,10.58,0.0000,0.16015693044303608,1,15,56,2000-07-06
000990.SZ,2019-02-13,11.94,12.6,12.75,11.94,11.99,0.61,5.0876,47379.0,58712.3,1.2221,1.9713,1.65,19.5273,19.9933,0.9648,2.7724,2.6958,1.1905,1.1905,125301.0,38768.3,24034.0,1578800.0,488480.0,3.058,13.19,10.79,0.0000,0.11929456700183771,1,15,56,2000-07-06
000990.SZ,2019-02-14,12.8,12.32,12.8,12.22,12.6,-0.28,-2.2222,46122.4,56899.4,1.1897,1.919,1.64,19.0933,19.549,0.9434,2.7108,2.6359,1.2175,1.2175,125301.0,38768.3,24034.0,1543710.0,477625.0,3.058,13.86,11.34,0.0000,0.11507738022066985,1,15,56,2000-07-06
000990.SZ,2019-02-15,12.35,12.39,12.49,12.23,12.32,0.07,0.5682,35517.2,43833.4,0.9161,1.4778,1.06,19.2018,19.6601,0.9488,2.7262,2.6508,1.2107,1.2107,125301.0,38768.3,24034.0,1552480.0,480339.0,3.058,13.55,11.09,0.0000,0.20951449424887733,1,15,56,2000-07-06
000990.SZ,2019-02-18,12.39,12.9,12.94,12.29,12.39,0.51,4.1162,60779.7,76671.9,1.5678,2.5289,1.71,19.9922,20.4693,0.9878,2.8384,2.76,1.1628,1.1628,125301.0,38768.3,24034.0,1616390.0,500111.0,3.058,13.63,11.15,0.0000,0.16446577193167042,1,15,56,2000-07-06
000990.SZ,2019-02-19,12.83,12.73,12.98,12.6,12.9,-0.17,-1.3178,59131.5,75425.1,1.5253,2.4603,1.4,19.7287,20.1996,0.9748,2.801,2.7236,1.1783,1.1783,125301.0,38768.3,24034.0,1595080.0,493520.0,3.058,14.19,11.61,0.0000,-0.08120614123652907,1,15,56,2000-07-06
000990.SZ,2019-02-20,12.66,12.6,12.75,12.56,12.73,-0.13,-1.0212,28683.3,36193.3,0.7399,1.1934,0.58,19.5273,19.9933,0.9648,2.7724,2.6958,1.1905,1.1905,125301.0,38768.3,24034.0,1578800.0,488480.0,3.058,14.0,11.46,0.0000,-0.15048851823680107,1,15,56,2000-07-06
000990.SZ,2019-02-21,12.62,12.52,12.74,12.46,12.6,-0.08,-0.6349,36216.3,45793.3,0.9342,1.5069,0.79,19.4033,19.8663,0.9587,2.7548,2.6786,1.1981,1.1981,125301.0,38768.3,24034.0,1568770.0,485379.0,3.058,13.86,11.34,0.0000,0.04524977374637193,1,15,56,2000-07-06
000990.SZ,2019-02-22,12.53,12.63,12.65,12.46,12.52,0.11,0.8786,30750.8,38643.3,0.7932,1.2795,0.7,19.5737,20.0409,0.9671,2.779,2.7022,1.1876,1.1876,125301.0,38768.3,24034.0,1582550.0,489643.0,3.058,13.77,11.27,0.0000,-0.34851093546221806,1,15,56,2000-07-06
000990.SZ,2019-02-25,12.81,13.2,13.23,12.7,12.63,0.57,4.5131,59246.7,76940.0,1.5282,2.4651,1.37,20.4571,20.9453,1.0108,2.9044,2.8241,1.1364,1.1364,125301.0,38768.3,24034.0,1653980.0,511741.0,3.058,13.89,11.37,0.0000,0.0885712680424152,1,15,56,2000-07-06
000990.SZ,2019-02-26,13.29,13.03,13.3,13.01,13.2,-0.17,-1.2879,52711.9,69371.3,1.3597,2.1932,1.23,20.1937,20.6756,0.9978,2.867,2.7878,1.1512,1.1512,125301.0,38768.3,24034.0,1632670.0,505151.0,3.058,14.52,11.88,0.0000,-0.07215329765549858,1,15,56,2000-07-06
000990.SZ,2019-02-27,13.04,12.91,13.32,12.8,13.03,-0.12,-0.921,44041.5,57539.1,1.136,1.8325,1.06,20.0077,20.4852,0.9886,2.8406,2.7621,1.1619,1.1619,125301.0,38768.3,24034.0,1617640.0,500498.0,3.058,14.33,11.73,0.0000,-0.05748648510725033,1,15,56,2000-07-06
000990.SZ,2019-02-28,12.9,12.99,13.15,12.88,12.91,0.08,0.6197,34449.0,44799.7,0.8886,1.4333,0.77,20.1317,20.6121,0.9947,2.8582,2.7792,1.1547,1.1547,125301.0,38768.3,24034.0,1627660.0,503600.0,3.058,14.2,11.62,0.0000,-0.10119597958670183,1,15,56,2000-07-06
000990.SZ,2019-03-01,12.99,13.03,13.15,12.83,12.99,0.04,0.3079,28544.0,37067.2,0.7363,1.1876,0.65,20.1937,20.6756,0.9978,2.867,2.7878,1.1512,1.1512,125301.0,38768.3,24034.0,1632670.0,505151.0,3.058,14.29,11.69,0.0000,0.17613143618999405,1,15,56,2000-07-06
000990.SZ,2019-03-04,13.06,13.07,13.41,13.0,13.03,0.04,0.307,60664.6,79941.1,1.5648,2.5241,1.39,20.2556,20.7391,1.0008,2.8758,2.7963,1.1477,1.1477,125301.0,38768.3,24034.0,1637690.0,506701.0,3.058,14.33,11.73,0.0000,0.13077851985076058,1,15,56,2000-07-06
000990.SZ,2019-03-05,13.07,13.3,13.3,13.01,13.07,0.23,1.7598,66244.4,87050.6,1.7087,2.7563,1.5,20.6121,21.104,1.0184,2.9264,2.8455,1.1278,1.1278,125301.0,38768.3,24034.0,1666510.0,515618.0,3.058,14.38,11.76,0.0000,-0.12301584839158063,1,15,56,2000-07-06
000990.SZ,2019-03-06,13.31,13.2,13.45,13.03,13.3,-0.1,-0.7519,115201.0,151767.0,2.9715,4.7932,2.46,20.4571,20.9453,1.0108,2.9044,2.8241,1.1364,1.1364,125301.0,38768.3,24034.0,1653980.0,511741.0,3.058,14.63,11.97,0.0000,-0.15370996153243974,1,15,56,2000-07-06
000990.SZ,2019-03-07,13.18,13.03,13.24,12.8,13.2,-0.17,-1.2879,137800.0,179059.0,3.5544,5.7335,2.26,20.1937,20.6756,0.9978,2.867,2.7878,1.1512,1.1512,125301.0,38768.3,24034.0,1632670.0,505151.0,3.058,14.52,11.88,0.0000,-0.2611886188429521,1,15,56,2000-07-06
000990.SZ,2019-03-08,12.9,12.45,12.93,12.4,13.03,-0.58,-4.4513,116082.0,147804.0,2.9942,4.8299,1.42,19.2948,19.7553,0.9534,2.7394,2.6637,1.2048,1.2048,125301.0,38768.3,24034.0,1560000.0,482665.0,3.058,14.33,11.73,0.0000,-0.01811301817892702,1,15,56,2000-07-06
000990.SZ,2019-03-11,12.65,13.7,13.7,12.61,12.45,1.25,10.0402,162188.0,215148.0,4.1835,6.7483,1.63,21.232,21.7387,1.0491,3.0144,2.9311,1.0949,1.0949,125301.0,38768.3,24034.0,1716630.0,531125.0,3.058,13.7,11.21,0.0000,0.2668756571512367,1,15,56,2000-07-06
000990.SZ,2019-03-12,15.07,15.07,15.07,15.07,13.7,1.37,10.0,13558.5,20432.6,0.3497,0.5641,0.11,23.3552,23.9126,1.154,3.3159,3.2242,0.9954,0.9954,125301.0,38768.3,24034.0,1888290.0,584238.0,3.058,15.07,12.33,0.0000,0.7393295539533875,1,15,56,2000-07-06
000990.SZ,2019-03-13,16.58,16.58,16.58,16.58,15.07,1.51,10.0199,28070.8,46541.3,0.7241,1.168,0.26,25.6954,26.3086,1.2696,3.6481,3.5473,0.9047,0.9047,125301.0,38768.3,24034.0,2077490.0,642778.0,3.058,16.58,13.56,0.0000,0.5781740646411364,1,15,56,2000-07-06
000990.SZ,2019-03-14,18.24,18.24,18.24,17.55,16.58,1.66,10.0121,661498.0,1198920.0,17.0629,27.5234,7.23,28.268,28.9426,1.3967,4.0134,3.9024,0.8224,0.8224,125301.0,38768.3,24034.0,2285490.0,707133.0,3.058,18.24,14.92,0.0000,0.03626477623864294,1,15,56,2000-07-06
000990.SZ,2019-03-15,18.08,18.75,19.88,17.45,18.24,0.51,2.7961,684844.0,1276760.0,17.6651,28.4948,3.49,27.662,27.662,1.4521,4.0035,4.0035,0.8,0.8,125301.0,38768.3,24034.0,2349400.0,726905.0,3.058,20.06,16.42,0.0000,-0.11987500755251336,1,15,56,2000-07-06
000990.SZ,2019-03-18,19.2,19.02,20.63,17.97,18.75,0.27,1.44,610906.0,1176660.0,15.7579,25.4183,1.97,28.0603,28.0603,1.473,4.0611,4.0611,0.7886,0.7886,125301.0,38768.3,24034.0,2383230.0,737373.0,3.058,20.63,16.88,0.0000,-0.0039295044937644715,1,15,56,2000-07-06
000990.SZ,2019-03-19,19.26,20.92,20.92,19.24,19.02,1.9,9.9895,569252.0,1155810.0,14.6835,23.6852,1.42,30.8634,30.8634,1.6201,4.4668,4.4668,0.717,0.717,125301.0,38768.3,24034.0,2621300.0,811032.0,3.058,20.92,17.12,0.0000,0.05983346467606217,1,15,56,2000-07-06
000990.SZ,2019-03-20,21.99,23.01,23.01,21.51,20.92,2.09,9.9904,529574.0,1202910.0,13.66,22.0343,1.04,33.9468,33.9468,1.782,4.9131,4.9131,0.6519,0.6519,125301.0,38768.3,24034.0,2883180.0,892058.0,3.058,23.01,18.83,0.0000,-0.03220594352042973,1,15,56,2000-07-06
000990.SZ,2019-03-21,25.31,25.31,25.31,25.31,23.01,2.3,9.9957,111928.0,283289.0,2.8871,4.657,0.18,37.34,37.34,1.9601,5.4042,5.4042,0.5927,0.5927,125301.0,38768.3,24034.0,3171370.0,981225.0,3.058,25.31,20.71,0.0000,0.08994101413897433,1,15,56,2000-07-06
000990.SZ,2019-03-22,25.84,27.84,27.84,25.35,25.31,2.53,9.996,946915.0,2567120.0,24.425,39.3989,1.89,41.0725,41.0725,2.156,5.9444,5.9444,0.5388,0.5388,125301.0,38768.3,24034.0,3488390.0,1079310.0,3.058,27.84,22.78,0.0000,-0.04656518620086254,1,15,56,2000-07-06
000990.SZ,2019-03-25,26.9,28.7,30.62,26.71,27.84,0.86,3.0891,754210.0,2205020.0,19.4543,31.3809,1.36,42.3413,42.3413,2.2226,6.128,6.128,0.5226,0.5226,125301.0,38768.3,24034.0,3596140.0,1112650.0,3.058,30.62,25.06,0.0000,-0.019451603418688002,1,15,56,2000-07-06
000990.SZ,2019-03-26,29.74,27.6,30.77,26.8,28.7,-1.1,-3.8328,702546.0,2024040.0,18.1217,29.2313,1.21,40.7185,40.7185,2.1374,5.8931,5.8931,0.5435,0.5435,125301.0,38768.3,24034.0,3458310.0,1070000.0,3.058,31.57,25.83,0.0000,-0.08998064073554095,1,15,56,2000-07-06
000990.SZ,2019-03-27,27.0,30.36,30.36,26.12,27.6,2.76,10.0,653301.0,1875360.0,16.8514,27.1823,1.07,44.7903,44.7903,2.3512,6.4824,6.4824,0.4941,0.4941,125301.0,38768.3,24034.0,3804140.0,1177000.0,3.058,30.36,24.84,0.0000,0.011405971515123674,1,15,56,2000-07-06
000990.SZ,2019-03-28,29.0,27.32,29.48,27.32,30.36,-3.04,-10.0132,586004.0,1647750.0,15.1156,24.3822,0.92,40.3054,40.3054,2.1158,5.8334,5.8334,0.549,0.549,125301.0,38768.3,24034.0,3423230.0,1059150.0,3.058,33.4,27.32,0.0000,-0.1819179307125766,1,15,56,2000-07-06
000990.SZ,2019-03-29,25.04,26.04,28.0,24.59,27.32,-1.28,-4.6852,592026.0,1509860.0,15.2709,24.6328,0.81,38.417,38.417,2.0166,5.56,5.56,0.576,0.576,125301.0,38768.3,24034.0,3262840.0,1009530.0,3.058,30.05,24.59,0.0000,-0.0696324569130011,1,15,56,2000-07-06
000990.SZ,2019-04-01,26.28,26.8,27.65,24.88,26.04,0.76,2.9186,551957.0,1459570.0,14.2373,22.9656,0.84,39.5382,39.5382,2.0755,5.7223,5.7223,0.5597,0.5597,125301.0,38768.3,24034.0,3358070.0,1038990.0,3.058,28.64,23.44,0.0000,-0.004412801080861819,1,15,56,2000-07-06
000990.SZ,2019-04-02,26.0,26.51,29.0,25.88,26.8,-0.29,-1.0821,623834.0,1721600.0,16.0914,25.9563,1.01,39.1104,39.1104,2.053,5.6604,5.6604,0.5658,0.5658,125301.0,38768.3,24034.0,3321730.0,1027750.0,3.058,29.48,24.12,0.0000,0.009916555064096036,1,15,56,2000-07-06
000990.SZ,2019-04-03,25.94,26.06,26.72,25.0,26.51,-0.45,-1.6975,373934.0,968361.0,9.6453,15.5585,0.62,38.4465,38.4465,2.0182,5.5643,5.5643,0.5756,0.5756,125301.0,38768.3,24034.0,3265350.0,1010300.0,3.058,29.16,23.86,0.0000,-0.04701455816652033,1,15,56,2000-07-06
000990.SZ,2019-04-04,26.64,28.67,28.67,26.42,26.06,2.61,10.0153,594843.0,1657700.0,15.3435,24.75,1.09,42.297,42.297,2.2203,6.1216,6.1216,0.5232,0.5232,125301.0,38768.3,24034.0,3592390.0,1111490.0,3.058,28.67,23.45,0.0000,0.11854966805232711,1,15,56,2000-07-06
000990.SZ,2019-04-08,30.77,31.54,31.54,30.05,28.67,2.87,10.0105,252619.0,786042.0,6.5161,10.5109,0.46,46.5312,46.5312,2.4426,6.7344,6.7344,0.4756,0.4756,125301.0,38768.3,24034.0,3952000.0,1222750.0,3.058,31.54,25.8,0.0000,-0.03285484306707747,1,15,56,2000-07-06
000990.SZ,2019-04-09,34.6,32.2,34.6,31.66,31.54,0.66,2.0926,661779.0,2193080.0,17.0701,27.535,1.38,47.5049,47.5049,2.4937,6.8753,6.8753,0.4658,0.4658,125301.0,38768.3,24034.0,4034700.0,1248340.0,3.058,34.69,28.39,0.0000,-0.11581023573094253,1,15,56,2000-07-06
000990.SZ,2019-04-10,31.66,29.64,33.69,29.51,32.2,-2.56,-7.9503,588146.0,1876680.0,15.1708,24.4714,1.17,43.7281,43.7281,2.2954,6.3287,6.3287,0.5061,0.5061,125301.0,38768.3,24034.0,3713930.0,1149090.0,3.058,35.42,28.98,0.0000,-0.11046781215116876,1,15,56,2000-07-06
000990.SZ,2019-04-11,28.65,28.31,30.31,28.3,29.64,-1.33,-4.4872,387618.0,1125000.0,9.9983,16.1279,0.78,41.7659,41.7659,2.1924,6.0447,6.0447,0.5298,0.5298,125301.0,38768.3,24034.0,3547280.0,1097530.0,3.058,32.6,26.68,0.0000,-0.06765007768639363,1,15,56,2000-07-06
000990.SZ,2019-04-12,28.37,29.23,29.49,27.1,28.31,0.92,3.2497,368202.0,1055460.0,9.4975,15.32,0.74,43.1232,43.1232,2.2637,6.2412,6.2412,0.5132,0.5132,125301.0,38768.3,24034.0,3662550.0,1133200.0,3.058,31.14,25.48,0.0000,0.016599126399164117,1,15,56,2000-07-06
000990.SZ,2019-04-15,28.5,28.28,29.68,28.2,29.23,-0.95,-3.2501,294718.0,852800.0,7.602,12.2625,0.65,41.7217,41.7217,2.1901,6.0383,6.0383,0.5304,0.5304,125301.0,38768.3,24034.0,3543520.0,1096370.0,3.058,32.15,26.31,0.0000,-0.10734659068901609,1,15,56,2000-07-06
000990.SZ,2019-04-16,28.38,28.71,29.27,27.66,28.28,0.43,1.5205,332235.0,944972.0,8.5698,13.8235,0.72,42.3561,42.3561,2.2234,6.1301,6.1301,0.5225,0.5225,125301.0,38768.3,24034.0,3597400.0,1113040.0,3.058,31.11,25.45,0.0000,-0.13514350082334695,1,15,56,2000-07-06
000990.SZ,2019-04-17,28.1,29.82,30.68,27.68,28.71,1.11,3.8662,453254.0,1307170.0,11.6914,18.8588,1.15,43.9936,43.9936,2.3094,6.3671,6.3671,0.503,0.503,125301.0,38768.3,24034.0,3736480.0,1156070.0,3.058,31.58,25.84,0.0000,-0.045475022640512515,1,15,56,2000-07-06
000990.SZ,2019-04-18,28.88,26.85,29.76,26.84,29.82,-2.97,-9.9598,385871.0,1104730.0,9.9533,16.0552,1.05,39.612,39.612,2.0794,5.733,5.733,0.5587,0.5587,125301.0,38768.3,24034.0,3364340.0,1040930.0,3.058,32.8,26.84,0.0000,-0.16035374260420182,1,15,56,2000-07-06
000990.SZ,2019-04-19,25.77,26.01,26.5,25.46,26.85,-0.84,-3.1285,326247.0,845640.0,8.4153,13.5744,0.89,38.3727,39.7594,2.0155,5.5536,5.5942,0.5767,0.5767,125301.0,38768.3,24034.0,3259080.0,1008360.0,3.058,29.54,24.17,0.0000,-0.07296587145764433,1,15,56,2000-07-06
000990.SZ,2019-04-22,25.98,25.66,26.7,24.55,26.01,-0.35,-1.3456,367678.0,934782.0,9.484,15.2982,1.03,37.8564,39.2244,1.9884,5.4789,5.5189,0.5846,0.5846,125301.0,38768.3,24034.0,3215230.0,994794.0,3.058,28.61,23.41,0.0000,-0.05728068012178828,1,15,56,2000-07-06
000990.SZ,2019-04-23,25.9,24.52,26.2,24.0,25.66,-1.14,-4.4427,269863.0,677567.0,6.9609,11.2284,0.72,36.1745,37.4818,1.9001,5.2355,5.2737,0.6117,0.6117,125301.0,38768.3,24034.0,3072390.0,950598.0,3.058,28.23,23.09,0.0000,-0.15074586251214198,1,15,56,2000-07-06
000990.SZ,2019-04-24,24.55,24.93,25.19,24.3,24.52,0.41,1.6721,196514.0,485896.0,5.0689,8.1765,0.54,36.7794,38.1085,1.9318,5.323,5.3619,0.6017,0.6017,125301.0,38768.3,24034.0,3123760.0,966493.0,3.058,26.97,22.07,0.0000,-0.008181141115933127,1,15,56,2000-07-06
000990.SZ,2019-04-25,24.99,23.75,25.2,23.09,24.93,-1.18,-4.7333,305020.0,732386.0,7.8678,12.6911,0.99,35.0385,36.3048,1.8404,5.0711,5.1081,0.6316,0.6316,125301.0,38768.3,24034.0,2975900.0,920746.0,3.058,27.42,22.44,0.0000,-0.1680031902019211,1,15,56,2000-07-06
000990.SZ,2019-04-26,23.52,23.31,24.07,23.23,23.75,-0.44,-1.8526,177869.0,419271.0,4.588,7.4007,0.61,34.3894,35.6322,1.8063,4.9771,5.0135,0.6435,0.6435,125301.0,38768.3,24034.0,2920770.0,903688.0,3.058,26.13,21.38,0.0000,0.0003385642457198491,1,15,56,2000-07-06
000990.SZ,2019-04-29,23.39,21.97,23.5,21.36,23.31,-1.34,-5.7486,239061.0,533400.0,6.1664,9.9467,0.91,32.4125,33.5838,1.7025,4.691,4.7253,0.6827,0.6827,125301.0,38768.3,24034.0,2752870.0,851739.0,3.058,25.64,20.98,0.0000,-0.059783361372599826,1,15,56,2000-07-06
000990.SZ,2019-04-30,22.1,22.59,23.15,22.1,21.97,0.62,2.822,193908.0,437919.0,5.0017,8.068,0.82,33.3272,34.5316,1.7505,4.8234,4.8586,0.664,0.664,125301.0,38768.3,24034.0,2830550.0,875775.0,3.058,24.17,19.77,0.0000,-0.13198660109035867,1,15,56,2000-07-06
000990.SZ,2019-05-06,21.22,20.33,21.83,20.33,22.59,-2.26,-10.0044,166611.0,351113.0,4.2976,6.9323,0.75,29.993,31.0769,1.5754,4.3408,4.3726,0.7378,0.7378,125301.0,38768.3,24034.0,2547370.0,788159.0,3.058,24.85,20.33,0.0000,-0.19949128251660198,1,15,56,2000-07-06
000990.SZ,2019-05-07,20.24,20.71,21.33,20.24,20.33,0.38,1.8692,178172.0,370931.0,4.5958,7.4133,0.82,30.5536,31.6578,1.6048,4.422,4.4543,0.7243,0.7243,125301.0,38768.3,24034.0,2594990.0,802891.0,3.058,22.36,18.3,0.0000,0.0192356817762945,1,15,56,2000-07-06
000990.SZ,2019-05-08,20.36,21.55,22.42,20.23,20.71,0.84,4.056,279269.0,602311.0,7.2036,11.6197,1.46,31.7929,32.9418,1.6699,4.6013,4.635,0.6961,0.6961,125301.0,38768.3,24034.0,2700240.0,835456.0,3.058,22.78,18.64,0.0000,-0.04891341970425516,1,15,56,2000-07-06
000990.SZ,2019-05-09,21.3,20.2,21.86,19.86,21.55,-1.35,-6.2645,235717.0,491861.0,6.0801,9.8076,1.12,29.8012,30.8782,1.5653,4.3131,4.3446,0.7426,0.7426,125301.0,38768.3,24034.0,2531080.0,783119.0,3.058,23.71,19.4,0.0000,-0.09054161563139275,1,15,56,2000-07-06
000990.SZ,2019-05-10,20.92,21.51,21.65,20.2,20.2,1.31,6.4851,240392.0,508693.0,6.2007,10.0022,1.14,31.7338,32.8807,1.6668,4.5928,4.6264,0.6974,0.6974,125301.0,38768.3,24034.0,2695230.0,833906.0,3.058,22.22,18.18,0.0000,0.009858574223394838,1,15,56,2000-07-06
000990.SZ,2019-05-13,21.6,20.88,22.12,20.86,21.51,-0.63,-2.9289,199364.0,427867.0,5.1425,8.2951,0.91,30.8044,31.9176,1.618,4.4583,4.4909,0.7184,0.7184,125301.0,38768.3,24034.0,2616290.0,809482.0,3.058,23.66,19.36,0.0000,-0.15314142636511915,1,15,56,2000-07-06
000990.SZ,2019-05-14,21.2,21.12,22.18,21.01,20.88,0.24,1.1494,262950.0,564384.0,6.7826,10.9407,1.16,31.1585,32.2845,1.6366,4.5095,4.5425,0.7102,0.7102,125301.0,38768.3,24034.0,2646360.0,818786.0,3.058,22.97,18.79,0.0000,-0.047205001446754116,1,15,56,2000-07-06
000990.SZ,2019-05-15,21.51,21.88,22.28,21.13,21.12,0.76,3.5985,266916.0,578874.0,6.8849,11.1057,1.1,32.2797,33.4462,1.6955,4.6718,4.7059,0.6856,0.6856,125301.0,38768.3,24034.0,2741590.0,848250.0,3.058,23.23,19.01,0.0000,0.04188619965400928,1,15,56,2000-07-06
000990.SZ,2019-05-16,21.6,21.02,21.8,20.57,21.88,-0.86,-3.9305,250941.0,531860.0,6.4728,10.441,1.04,31.0109,32.1316,1.6289,4.4882,4.521,0.7136,0.7136,125301.0,38768.3,24034.0,2633830.0,814909.0,3.058,24.07,19.69,0.0000,-0.111973672830033,1,15,56,2000-07-06
000990.SZ,2019-05-17,20.95,19.54,21.18,19.36,21.02,-1.48,-7.0409,221438.0,448990.0,5.7118,9.2135,0.91,28.8275,29.8693,1.5142,4.1722,4.2027,0.7677,0.7677,125301.0,38768.3,24034.0,2448390.0,757532.0,3.058,23.12,18.92,0.0000,-0.26142139086142846,1,15,56,2000-07-06
000990.SZ,2019-05-20,19.84,19.9,19.95,19.11,19.54,0.36,1.8424,155747.0,304909.0,4.0174,6.4803,0.65,29.3586,30.4196,1.5421,4.249,4.2801,0.7538,0.7538,125301.0,38768.3,24034.0,2493490.0,771489.0,3.058,21.49,17.59,0.0000,0.022757883330778026,1,15,56,2000-07-06
000990.SZ,2019-05-21,19.73,20.23,20.51,19.73,19.9,0.33,1.6583,165104.0,333923.0,4.2587,6.8696,0.71,29.8455,30.924,1.5676,4.3195,4.3511,0.7415,0.7415,125301.0,38768.3,24034.0,2534840.0,784282.0,3.058,21.89,17.91,0.0000,-0.0015280809282698577,1,15,56,2000-07-06
000990.SZ,2019-05-22,20.17,20.0,20.41,19.75,20.23,-0.23,-1.1369,132327.0,266184.0,3.4133,5.5058,0.62,29.5061,30.5724,1.5498,4.2704,4.3016,0.75,0.75,125301.0,38768.3,24034.0,2506020.0,775366.0,3.058,22.25,18.21,0.0000,-0.12542034132987254,1,15,56,2000-07-06
000990.SZ,2019-05-23,20.25,19.1,20.3,18.88,20.0,-0.9,-4.5,161949.0,314310.0,4.1773,6.7383,0.87,28.1784,29.1967,1.4801,4.0782,4.108,0.7853,0.7853,125301.0,38768.3,24034.0,2393250.0,740474.0,3.058,22.0,18.0,0.0000,-0.19684190043909883,1,15,56,2000-07-06
000990.SZ,2019-05-24,19.36,19.12,19.75,19.08,19.1,0.02,0.1047,142213.0,275506.0,3.6683,5.9171,0.85,28.2079,29.2272,1.4816,4.0825,4.1123,0.7845,0.7845,125301.0,38768.3,24034.0,2395760.0,741249.0,3.058,21.01,17.19,0.0000,0.09369324221059488,1,15,56,2000-07-06
000990.SZ,2019-05-27,19.46,19.95,19.99,19.06,19.12,0.83,4.341,155589.0,305417.0,4.0133,6.4737,1.03,29.4324,30.496,1.5459,4.2597,4.2908,0.7519,0.7519,125301.0,38768.3,24034.0,2499760.0,773427.0,3.058,21.03,17.21,0.0000,0.14821007113467954,1,15,56,2000-07-06
000990.SZ,2019-05-28,19.88,19.82,20.66,19.68,19.95,-0.13,-0.6516,245161.0,492712.0,6.3238,10.2006,1.62,29.2406,30.2973,1.5359,4.232,4.2629,0.7568,0.7568,125301.0,38768.3,24034.0,2483470.0,768387.0,3.058,21.95,17.96,0.0000,-0.03520545194491734,1,15,56,2000-07-06
000990.SZ,2019-05-29,19.6,19.51,19.8,19.36,19.82,-0.31,-1.5641,134093.0,262522.0,3.4588,5.5793,0.8,28.7832,29.8234,1.5118,4.1658,4.1962,0.7688,0.7688,125301.0,38768.3,24034.0,2444630.0,756369.0,3.058,21.8,17.84,0.0000,-0.17618862907885494,1,15,56,2000-07-06
000990.SZ,2019-05-30,19.7,19.18,19.89,18.59,19.51,-0.33,-1.6914,172280.0,330087.0,4.4438,7.1682,1.03,28.2964,29.319,1.4863,4.0953,4.1252,0.7821,0.7821,125301.0,38768.3,24034.0,2403280.0,743576.0,3.058,21.46,17.56,0.0000,-0.2025937882774869,1,15,56,2000-07-06
000990.SZ,2019-05-31,19.15,18.84,19.39,18.56,19.18,-0.34,-1.7727,150814.0,286852.0,3.8901,6.275,0.89,27.7948,28.7992,1.4599,4.0227,4.0521,0.7962,0.7962,125301.0,38768.3,24034.0,2360670.0,730394.0,3.058,21.1,17.26,0.0000,-0.18984688619891119,1,15,56,2000-07-06
000990.SZ,2019-06-03,18.62,17.12,18.75,16.96,18.84,-1.72,-9.1295,290673.0,508726.0,7.4977,12.0942,1.69,25.2572,26.17,1.3266,3.6555,3.6822,0.8762,0.8762,125301.0,38768.3,24034.0,2145160.0,663713.0,3.058,20.72,16.96,0.0000,-0.2975786354399187,1,15,56,2000-07-06
000990.SZ,2019-06-04,17.24,17.21,17.57,16.9,17.12,0.09,0.5257,167993.0,289468.0,4.3333,6.9898,0.85,25.39,26.3076,1.3336,3.6747,3.7015,0.8716,0.8716,125301.0,38768.3,24034.0,2156430.0,667202.0,3.058,18.83,15.41,0.0000,-0.22330483029592318,1,15,56,2000-07-06
000990.SZ,2019-06-05,17.39,16.89,17.49,16.6,17.21,-0.32,-1.8594,138982.0,234620.0,3.585,5.7827,0.76,24.9179,25.8184,1.3088,3.6063,3.6327,0.8881,0.8881,125301.0,38768.3,24034.0,2116340.0,654796.0,3.058,18.93,15.49,0.0000,-0.13921228169337435,1,15,56,2000-07-06
000990.SZ,2019-06-06,16.93,16.68,17.09,16.66,16.89,-0.21,-1.2433,127968.0,215655.0,3.3008,5.3244,0.69,24.6081,25.4974,1.2925,3.5615,3.5875,0.8993,0.8993,125301.0,38768.3,24034.0,2090020.0,646655.0,3.058,18.58,15.2,0.0000,0.09398057541525119,1,15,56,2000-07-06
000990.SZ,2019-06-10,16.8,16.85,16.95,16.23,16.68,0.17,1.0192,106181.0,177086.0,2.7389,4.418,0.61,24.8589,25.7573,1.3057,3.5978,3.6241,0.8902,,125301.0,38768.3,24034.0,2111320.0,653245.0,3.058,18.35,15.01,0.0000,-0.06255158417978493,1,15,56,2000-07-06
000990.SZ,2019-06-11,16.91,17.6,17.65,16.63,16.85,0.75,4.451,195560.0,338637.0,5.0443,8.1368,1.18,25.9654,26.9037,1.3638,3.7579,3.7854,0.8523,,125301.0,38768.3,24034.0,2205300.0,682322.0,3.058,18.54,15.17,0.0000,0.17140916461311534,1,15,56,2000-07-06
000990.SZ,2019-06-12,17.43,16.7,17.48,16.42,17.6,-0.9,-5.1136,209035.0,353760.0,5.3919,8.6974,1.42,24.6376,25.528,1.2941,3.5658,3.5918,0.8982,,125301.0,38768.3,24034.0,2092530.0,647430.0,3.058,19.36,15.84,0.0000,-0.2655977852829125,1,15,56,2000-07-06
000990.SZ,2019-06-13,16.77,17.6,18.22,16.7,16.7,0.9,5.3892,266784.0,464939.0,6.8815,11.1002,1.72,25.9654,26.9037,1.3638,3.7579,3.7854,0.8523,,125301.0,38768.3,24034.0,2205300.0,682322.0,3.058,18.37,15.03,0.0000,0.12660759827506915,1,15,56,2000-07-06
000990.SZ,2019-06-14,17.35,16.39,17.55,16.3,17.6,-1.21,-6.875,210320.0,356856.0,5.4251,8.7509,1.16,24.1803,25.0541,1.2701,3.4996,3.5252,0.9152,,125301.0,38768.3,24034.0,2053690.0,635412.0,3.058,19.36,15.84,0.0000,-0.2407460449354611,1,15,56,2000-07-06
000990.SZ,2019-06-17,16.56,16.68,16.88,16.43,16.39,0.29,1.7694,109418.0,182480.0,2.8224,4.5526,0.55,24.6081,25.4974,1.2925,3.5615,3.5875,0.8993,,125301.0,38768.3,24034.0,2090020.0,646655.0,3.058,18.03,14.75,0.0000,-0.03550213975129787,1,15,56,2000-07-06
000990.SZ,2019-06-18,16.7,16.85,16.92,16.46,16.68,0.17,1.0192,93471.3,156486.0,2.411,3.8891,0.47,24.8589,25.7573,1.3057,3.5978,3.6241,0.8902,,125301.0,38768.3,24034.0,2111320.0,653245.0,3.058,18.35,15.01,0.0000,-0.0931426587667545,1,15,56,2000-07-06
000990.SZ,2019-06-19,17.3,16.95,17.49,16.95,16.85,0.1,0.5935,144761.0,249313.0,3.734,6.0232,0.81,25.0064,25.9101,1.3135,3.6192,3.6456,0.885,,125301.0,38768.3,24034.0,2123860.0,657122.0,3.058,18.54,15.17,0.0000,0.061259416581591175,1,15,56,2000-07-06
000990.SZ,2019-06-20,16.95,17.54,17.89,16.88,16.95,0.59,3.4808,222948.0,388855.0,5.7508,9.2763,1.35,25.8769,26.812,1.3592,3.7451,3.7725,0.8552,,125301.0,38768.3,24034.0,2197780.0,679996.0,3.058,18.65,15.26,0.0000,0.036957142023680147,1,15,56,2000-07-06
000990.SZ,2019-06-21,17.58,17.51,17.78,17.36,17.54,-0.03,-0.171,177004.0,310767.0,4.5657,7.3647,1.13,25.8326,26.7662,1.3569,3.7387,3.766,0.8567,,125301.0,38768.3,24034.0,2194020.0,678832.0,3.058,19.29,15.79,0.0000,-0.1027580587751309,1,15,56,2000-07-06
000990.SZ,2019-06-24,17.28,17.3,17.5,17.06,17.51,-0.21,-1.1993,105702.0,182001.0,2.7265,4.398,0.71,25.5228,26.4452,1.3406,3.6939,3.7209,0.8671,,125301.0,38768.3,24034.0,2167710.0,670691.0,3.058,19.26,15.76,0.0000,-0.14889002449807157,1,15,56,2000-07-06
000990.SZ,2019-06-25,17.29,17.01,17.3,16.64,17.3,-0.29,-1.6763,112455.0,190609.0,2.9007,4.679,0.76,25.095,26.0019,1.3181,3.632,3.6585,0.8818,,125301.0,38768.3,24034.0,2131370.0,659448.0,3.058,19.03,15.57,0.0000,-0.07341409522401894,1,15,56,2000-07-06
000990.SZ,2019-06-26,17.03,16.99,17.15,16.72,17.01,-0.02,-0.1176,77560.2,131583.0,2.0006,3.2271,0.51,25.0655,25.9713,1.3166,3.6277,3.6542,0.8829,,125301.0,38768.3,24034.0,2128870.0,658673.0,3.058,18.71,15.31,0.0000,-0.07709698233217921,1,15,56,2000-07-06
000990.SZ,2019-06-27,17.01,16.95,17.26,16.86,16.99,-0.04,-0.2354,98210.0,167317.0,2.5333,4.0863,0.71,25.0064,25.9101,1.3135,3.6192,3.6456,0.885,,125301.0,38768.3,24034.0,2123860.0,657122.0,3.058,18.69,15.29,0.0000,-0.14819682536984818,1,15,56,2000-07-06
000990.SZ,2019-06-28,17.15,16.41,17.15,16.05,16.95,-0.54,-3.1858,145351.0,239856.0,3.7492,6.0477,1.27,24.2098,25.0847,1.2716,3.5039,3.5295,0.9141,,125301.0,38768.3,24034.0,2056190.0,636187.0,3.058,18.65,15.26,0.0000,-0.26167399041511424,1,15,56,2000-07-06
000990.SZ,2019-07-01,16.67,17.6,17.75,16.6,16.41,1.19,7.2517,239858.0,414383.0,6.187,9.9799,2.22,25.9654,26.9037,1.3638,3.7579,3.7854,0.8523,,125301.0,38768.3,24034.0,2205300.0,682322.0,3.058,18.05,14.77,0.0000,0.1705916780617852,1,15,56,2000-07-06
000990.SZ,2019-07-02,17.6,17.4,17.6,17.25,17.6,-0.2,-1.1364,153389.0,267313.0,3.9566,6.3822,1.14,25.6703,26.598,1.3483,3.7152,3.7424,0.8621,,125301.0,38768.3,24034.0,2180240.0,674568.0,3.058,19.36,15.84,0.0000,-0.21980778316734673,1,15,56,2000-07-06
000990.SZ,2019-07-03,17.55,16.94,17.56,16.82,17.4,-0.46,-2.6437,137438.0,234410.0,3.5451,5.7185,0.96,24.9917,25.8949,1.3127,3.617,3.6434,0.8855,,125301.0,38768.3,24034.0,2122600.0,656735.0,3.058,19.14,15.66,0.0000,-0.07191444541024182,1,15,56,2000-07-06
000990.SZ,2019-07-04,16.97,16.71,17.12,16.7,16.94,-0.23,-1.3577,90228.0,152091.0,2.3274,3.7542,0.58,24.6524,25.5433,1.2949,3.5679,3.594,0.8977,,125301.0,38768.3,24034.0,2093780.0,647818.0,3.058,18.63,15.25,0.0000,0.07233728985951783,1,15,56,2000-07-06
000990.SZ,2019-07-05,16.86,16.69,16.87,16.45,16.71,-0.02,-0.1197,72153.9,120120.0,1.8612,3.0022,0.47,24.6229,25.5127,1.2933,3.5636,3.5897,0.8987,,125301.0,38768.3,24034.0,2091280.0,647042.0,3.058,18.38,15.04,0.0000,-0.23437369855862794,1,15,56,2000-07-06
000990.SZ,2019-07-08,16.77,15.4,16.77,15.09,16.69,-1.29,-7.7292,187128.0,293613.0,4.8268,7.786,1.35,22.7197,23.5408,1.1934,3.2882,3.3122,0.974,,125301.0,38768.3,24034.0,1929640.0,597031.0,3.058,18.36,15.02,0.0000,-0.27522404258332994,1,15,56,2000-07-06
000990.SZ,2019-07-09,15.43,15.57,15.78,15.3,15.4,0.17,1.1039,99351.9,153941.0,2.5627,4.1338,0.78,22.9705,23.8006,1.2065,3.3245,3.3488,0.9634,,125301.0,38768.3,24034.0,1950940.0,603622.0,3.058,16.94,13.86,0.0000,-0.2042352808492142,1,15,56,2000-07-06
000990.SZ,2019-07-10,15.53,15.75,15.75,15.39,15.57,0.18,1.1561,92630.5,144523.0,2.3893,3.8541,0.79,23.2361,24.0758,1.2205,3.3629,3.3875,0.9524,,125301.0,38768.3,24034.0,1973490.0,610600.0,3.058,17.13,14.01,0.0000,0.009994638920053,1,15,56,2000-07-06
000990.SZ,2019-07-11,15.79,15.29,15.95,15.24,15.75,-0.46,-2.9206,111516.0,173802.0,2.8765,4.6399,1.03,22.5574,23.3726,1.1848,3.2647,3.2886,0.981,,125301.0,38768.3,24034.0,1915860.0,592767.0,3.058,17.33,14.18,0.0000,-0.15740105160727905,1,15,56,2000-07-06
000990.SZ,2019-07-12,15.44,15.71,16.08,15.44,15.29,0.42,2.7469,137823.0,217957.0,3.555,5.7345,1.22,23.1771,24.0146,1.2174,3.3544,3.3789,0.9548,,125301.0,38768.3,24034.0,1968480.0,609050.0,3.058,16.82,13.76,0.0000,-0.030200227320111274,1,15,56,2000-07-06
000990.SZ,2019-07-15,15.54,16.15,16.39,15.51,15.71,0.44,2.8008,136714.0,219462.0,3.5264,5.6884,1.09,23.8262,24.6872,1.2515,3.4483,3.4735,0.9288,,125301.0,38768.3,24034.0,2023610.0,626108.0,3.058,17.28,14.14,0.0000,0.011252982726230707,1,15,56,2000-07-06
000990.SZ,2019-07-16,16.19,16.08,16.38,15.93,16.15,-0.07,-0.4334,84503.0,135950.0,2.1797,3.516,0.73,23.7229,24.5802,1.246,3.4334,3.4585,0.9328,,125301.0,38768.3,24034.0,2014840.0,623394.0,3.058,17.77,14.54,0.0000,-0.11823123344950696,1,15,56,2000-07-06
000990.SZ,2019-07-17,16.12,15.93,16.45,15.85,16.08,-0.15,-0.9328,120572.0,193716.0,3.1101,5.0167,1.07,23.5016,24.3509,1.2344,3.4014,3.4262,0.9416,,125301.0,38768.3,24034.0,1996050.0,617579.0,3.058,17.69,14.47,0.0000,-0.044331908975082865,1,15,56,2000-07-06
000990.SZ,2019-07-18,15.88,15.41,15.88,15.39,15.93,-0.52,-3.2643,85532.0,132873.0,2.2062,3.5588,0.72,22.7345,23.5561,1.1941,3.2903,3.3144,0.9734,,125301.0,38768.3,24034.0,1930890.0,597419.0,3.058,17.52,14.34,0.0000,-0.2612203976852248,1,15,56,2000-07-06
000990.SZ,2019-07-19,15.54,15.63,16.08,15.49,15.41,0.22,1.4276,86166.3,135759.0,2.2226,3.5852,0.76,23.059,23.8924,1.2112,3.3373,3.3617,0.9597,,125301.0,38768.3,24034.0,1958460.0,605948.0,3.058,16.95,13.87,0.0000,-0.08877617980186023,1,15,56,2000-07-06
000990.SZ,2019-07-22,15.75,15.01,15.89,14.91,15.63,-0.62,-3.9667,108310.0,164457.0,2.7938,4.5065,1.05,22.1444,22.9446,1.1631,3.2049,3.2283,0.9993,,125301.0,38768.3,24034.0,1880770.0,581912.0,3.058,17.19,14.07,0.0000,-0.07722060894856078,1,15,56,2000-07-06
000990.SZ,2019-07-23,14.98,15.07,15.18,14.93,15.01,0.06,0.3997,66854.5,100602.0,1.7245,2.7817,0.69,22.2329,23.0363,1.1678,3.2177,3.2412,0.9954,,125301.0,38768.3,24034.0,1888290.0,584238.0,3.058,16.51,13.51,0.0000,-0.09089589603849423,1,15,56,2000-07-06
000990.SZ,2019-07-24,15.11,15.41,15.57,15.11,15.07,0.34,2.2561,82801.5,127351.0,2.1358,3.4452,0.89,22.7345,23.5561,1.1941,3.2903,3.3144,0.9734,,125301.0,38768.3,24034.0,1930890.0,597419.0,3.058,16.58,13.56,0.0000,-0.028533260553424842,1,15,56,2000-07-06
000990.SZ,2019-07-25,15.35,15.24,15.52,15.14,15.41,-0.17,-1.1032,71803.0,109505.0,1.8521,2.9876,0.84,22.4837,23.2962,1.181,3.254,3.2778,0.9843,,125301.0,38768.3,24034.0,1909590.0,590828.0,3.058,16.95,13.87,0.0000,-0.02491734822676852,1,15,56,2000-07-06
000990.SZ,2019-07-26,15.24,15.31,15.69,15.09,15.24,0.07,0.4593,110902.0,170247.0,2.8606,4.6144,1.33,22.5869,23.4032,1.1864,3.269,3.2929,0.9798,,125301.0,38768.3,24034.0,1918360.0,593542.0,3.058,16.76,13.72,0.0000,0.19389304519775688,1,15,56,2000-07-06
000990.SZ,2019-07-29,15.0,14.71,15.09,14.62,15.31,-0.6,-3.919,121753.0,179918.0,3.1405,5.0659,1.38,21.7018,26.5401,1.1327,3.1409,3.1758,1.0197,,125301.0,38768.3,24034.0,1843180.0,570281.0,3.058,16.84,13.78,0.0000,-0.15995398417117973,1,15,56,2000-07-06
000990.SZ,2019-07-30,14.83,15.27,15.63,14.75,14.71,0.56,3.8069,164031.0,250570.0,4.2311,6.8249,1.81,22.5279,27.5505,1.1758,3.2604,3.2967,0.9823,,125301.0,38768.3,24034.0,1913350.0,591992.0,3.058,16.18,13.24,0.0000,-0.03947549859990448,1,15,56,2000-07-06
000990.SZ,2019-07-31,15.47,15.0,15.47,14.93,15.27,-0.27,-1.7682,93953.9,141966.0,2.4235,3.9092,0.85,22.1296,27.0634,1.155,3.2028,3.2384,1.0,,125301.0,38768.3,24034.0,1879520.0,581524.0,3.058,16.8,13.74,0.0000,-0.04406957538831907,1,15,56,2000-07-06
000990.SZ,2019-08-01,14.9,14.87,15.08,14.75,15.0,-0.13,-0.8667,68338.4,101721.0,1.7627,2.8434,0.61,21.9378,26.8288,1.145,3.175,3.2104,1.0087,,125301.0,38768.3,24034.0,1863230.0,576484.0,3.058,16.5,13.5,0.0000,0.058521986791347146,1,15,56,2000-07-06
000990.SZ,2019-08-02,14.54,14.52,14.59,14.27,14.87,-0.35,-2.3537,89397.0,129040.0,2.3059,3.7196,0.8,21.4215,26.1973,1.118,3.1003,3.1348,1.0331,,125301.0,38768.3,24034.0,1819370.0,562915.0,3.058,16.36,13.38,0.0000,-0.13217463703708657,1,15,56,2000-07-06
000990.SZ,2019-08-05,14.46,14.4,14.65,14.3,14.52,-0.12,-0.8264,55872.9,80825.7,1.4412,2.3247,0.52,21.2444,25.9808,1.1088,3.0747,3.1089,1.0417,,125301.0,38768.3,24034.0,1804340.0,558263.0,3.058,15.97,13.07,0.0000,0.03701129412119109,1,15,56,2000-07-06
000990.SZ,2019-08-06,14.1,13.85,14.22,13.38,14.4,-0.55,-3.8194,106481.0,146503.0,2.7466,4.4304,1.13,20.433,24.9885,1.0664,2.9572,2.9902,1.083,,125301.0,38768.3,24034.0,1735420.0,536941.0,3.058,15.84,12.96,0.0000,-0.08108030921100379,1,15,56,2000-07-06
000990.SZ,2019-08-07,13.9,13.75,14.04,13.7,13.85,-0.1,-0.722,57387.0,79673.7,1.4803,2.3877,0.69,20.2855,24.8081,1.0587,2.9359,2.9686,1.0909,,125301.0,38768.3,24034.0,1722890.0,533064.0,3.058,15.24,12.47,0.0000,-0.13298300917431394,1,15,56,2000-07-06
000990.SZ,2019-08-08,13.88,13.9,14.2,13.81,13.75,0.15,1.0909,70376.0,98485.2,1.8153,2.9282,0.93,20.5068,25.0787,1.0703,2.9679,3.0009,1.0791,,125301.0,38768.3,24034.0,1741690.0,538879.0,3.058,15.13,12.38,0.0000,0.04741590091609628,1,15,56,2000-07-06
000990.SZ,2019-08-09,13.94,13.59,14.14,13.58,13.9,-0.31,-2.2302,55795.0,77109.0,1.4392,2.3215,0.74,20.0494,24.5194,1.0464,2.9017,2.934,1.1038,,125301.0,38768.3,24034.0,1702840.0,526861.0,3.058,15.29,12.51,0.0000,-0.2566318341377839,1,15,56,2000-07-06
000990.SZ,2019-08-12,13.63,14.03,14.04,13.6,13.59,0.44,3.2377,59046.5,81718.2,1.5231,2.4568,0.85,20.6986,25.3133,1.0803,2.9957,3.029,1.0691,,125301.0,38768.3,24034.0,1757980.0,543919.0,3.058,14.95,12.23,0.0000,0.13888120485455036,1,15,56,2000-07-06
000990.SZ,2019-08-13,13.81,13.79,13.87,13.55,14.03,-0.24,-1.7106,54595.0,74930.5,1.4082,2.2716,0.78,20.3445,24.8802,1.0618,2.9444,2.9772,1.0877,,125301.0,38768.3,24034.0,1727900.0,534614.0,3.058,15.43,12.63,0.0000,-0.17433779678978287,1,15,56,2000-07-06
000990.SZ,2019-08-14,14.06,13.79,14.14,13.75,13.79,0.0,0.0,90030.0,125564.0,2.3223,3.7459,1.51,20.3445,24.8802,1.0618,2.9444,2.9772,1.0877,,125301.0,38768.3,24034.0,1727900.0,534614.0,3.058,15.17,12.41,0.0000,0.05973168857227641,1,15,56,2000-07-06
000990.SZ,2019-08-15,13.4,14.15,14.39,13.33,13.79,0.36,2.6106,117341.0,162551.0,3.0267,4.8823,1.78,20.8756,25.5298,1.0895,3.0213,3.0549,1.0601,,125301.0,38768.3,24034.0,1773010.0,548571.0,3.058,15.17,12.41,0.0000,-0.006866021111823644,1,15,56,2000-07-06
000990.SZ,2019-08-16,14.1,13.93,14.12,13.89,14.15,-0.22,-1.5548,79451.9,111332.0,2.0494,3.3058,1.05,20.551,25.1328,1.0726,2.9743,3.0074,1.0768,,125301.0,38768.3,24034.0,1745450.0,540042.0,3.058,15.57,12.74,0.0000,0.08106122041639818,1,15,56,2000-07-06
000990.SZ,2019-08-19,14.05,14.32,14.34,13.94,13.93,0.39,2.7997,95370.6,135175.0,2.46,3.9681,1.19,21.1264,25.8365,1.1026,3.0576,3.0916,1.0475,,125301.0,38768.3,24034.0,1794310.0,555162.0,3.058,15.32,12.54,0.0000,0.19026933037569682,1,15,56,2000-07-06
000990.SZ,2019-08-20,14.35,14.2,14.48,14.18,14.32,-0.12,-0.838,94145.5,134666.0,2.4284,3.9172,1.08,20.9494,25.62,1.0934,3.032,3.0657,1.0563,,125301.0,38768.3,24034.0,1779280.0,550510.0,3.058,15.75,12.89,0.0000,0.006206023850606884,1,15,56,2000-07-06
000990.SZ,2019-08-21,14.58,14.25,14.58,14.17,14.2,0.05,0.3521,102823.0,147525.0,2.6522,4.2782,1.08,21.0231,25.7102,1.0972,3.0427,3.0765,1.0526,,125301.0,38768.3,24034.0,1785540.0,552448.0,3.058,15.62,12.78,0.0000,-0.04765896056455055,1,15,56,2000-07-06
000990.SZ,2019-08-22,14.28,14.49,14.63,14.1,14.25,0.24,1.6842,141411.0,204144.0,3.6476,5.8838,1.45,21.3772,26.1432,1.1157,3.0939,3.1283,1.0352,,125301.0,38768.3,24034.0,1815610.0,561752.0,3.058,15.68,12.83,0.0000,-0.036801157715101805,1,15,56,2000-07-06
000990.SZ,2019-08-23,14.41,15.32,15.6,14.15,14.49,0.83,5.7281,313387.0,465638.0,8.0836,13.0393,3.05,22.6017,27.6407,1.1796,3.2711,3.3075,0.9791,,125301.0,38768.3,24034.0,1919610.0,593930.0,3.058,15.94,13.04,0.0000,-0.01985283014595434,1,15,56,2000-07-06
000990.SZ,2019-08-26,14.8,15.42,15.84,14.7,15.32,0.1,0.6527,296826.0,456230.0,7.6564,12.3502,1.99,22.7492,27.8211,1.1873,3.2925,3.3291,0.9728,,125301.0,38768.3,24034.0,1932140.0,597807.0,3.058,16.85,13.79,0.0000,-0.10448984224299943,1,15,56,2000-07-06
000990.SZ,2019-08-27,15.38,15.81,16.08,15.35,15.42,0.39,2.5292,260383.0,409949.0,6.7164,10.8339,1.37,23.3246,28.5248,1.2174,3.3757,3.4133,0.9488,,125301.0,38768.3,24034.0,1981010.0,612926.0,3.058,16.96,13.88,0.0000,-0.019395499319953848,1,15,56,2000-07-06
000990.SZ,2019-08-28,15.78,15.28,15.78,15.27,15.81,-0.53,-3.3523,160394.0,247119.0,4.1372,6.6736,0.72,22.5427,27.5685,1.1765,3.2626,3.2989,0.9817,,125301.0,38768.3,24034.0,1914600.0,592379.0,3.058,17.39,14.23,0.0000,-0.1852784276200028,1,15,56,2000-07-06
000990.SZ,2019-08-29,15.5,15.35,15.69,15.22,15.28,0.07,0.4581,126222.0,195058.0,3.2558,5.2518,0.54,22.646,27.6948,1.1819,3.2775,3.314,0.9772,,125301.0,38768.3,24034.0,1923370.0,595093.0,3.058,16.81,13.75,0.0000,0.034593234638021685,1,15,56,2000-07-06
000990.SZ,2019-08-30,15.32,14.85,15.42,14.75,15.35,-0.5,-3.2573,137708.0,207287.0,3.5521,5.7297,0.59,21.9083,26.7927,1.1434,3.1708,3.206,1.0101,,125301.0,38768.3,24034.0,1860720.0,575709.0,3.058,16.89,13.82,0.0000,-0.13393073655367754,1,15,56,2000-07-06
000990.SZ,2019-09-02,15.1,15.16,15.21,14.89,14.85,0.31,2.0875,96093.2,144907.0,2.4787,3.9982,0.49,22.3656,27.352,1.1673,3.237,3.273,0.9894,,125301.0,38768.3,24034.0,1899570.0,587727.0,3.058,16.34,13.37,0.0000,-0.024063601323099298,1,15,56,2000-07-06
000990.SZ,2019-09-03,15.11,15.09,15.27,14.95,15.16,-0.07,-0.4617,91399.5,137978.0,2.3576,3.8029,0.59,22.2624,27.2257,1.1619,3.222,3.2579,0.994,,125301.0,38768.3,24034.0,1890800.0,585013.0,3.058,16.68,13.64,0.0000,-0.09899749349123761,1,15,56,2000-07-06
000990.SZ,2019-09-04,15.16,15.94,16.53,15.1,15.09,0.85,5.6329,273038.0,434080.0,7.0428,11.3605,2.23,23.5164,28.7593,1.2274,3.4035,3.4414,0.941,,125301.0,38768.3,24034.0,1997300.0,617966.0,3.058,16.6,13.58,0.0000,0.015843881482473197,1,15,56,2000-07-06
000990.SZ,2019-09-05,15.9,15.87,16.31,15.8,15.94,-0.07,-0.4391,217016.0,347336.0,5.5978,9.0295,1.5,23.4131,28.633,1.222,3.3886,3.4263,0.9452,,125301.0,38768.3,24034.0,1988530.0,615252.0,3.058,17.53,14.35,0.0000,-0.08731631915584247,1,15,56,2000-07-06
000990.SZ,2019-09-06,16.4,16.12,16.7,15.94,15.87,0.25,1.5753,186922.0,303526.0,4.8215,7.7774,1.15,23.7819,29.0841,1.2412,3.4419,3.4802,0.9305,,125301.0,38768.3,24034.0,2019860.0,624945.0,3.058,17.46,14.28,0.0000,-0.1775389443386891,1,15,56,2000-07-06
000990.SZ,2019-09-09,16.24,16.37,16.49,15.88,16.12,0.25,1.5509,173850.0,281087.0,4.4843,7.2335,1.01,24.1508,29.5351,1.2605,3.4953,3.5342,0.9163,,125301.0,38768.3,24034.0,2051180.0,634637.0,3.058,17.73,14.51,0.0000,-0.05590854494517563,1,15,56,2000-07-06
000990.SZ,2019-09-10,16.36,17.18,17.87,16.16,16.37,0.81,4.9481,319424.0,542637.0,8.2393,13.2905,1.7,25.3458,30.9966,1.3228,3.6683,3.7091,0.8731,,125301.0,38768.3,24034.0,2152670.0,666039.0,3.058,18.01,14.73,0.0000,0.04073736697594443,1,15,56,2000-07-06
000990.SZ,2019-09-11,17.08,16.9,17.67,16.9,17.18,-0.28,-1.6298,252461.0,435818.0,6.512,10.5043,1.08,24.9327,30.4914,1.3013,3.6085,3.6486,0.8876,,125301.0,38768.3,24034.0,2117590.0,655184.0,3.058,18.9,15.46,0.0000,-0.09159053120802389,1,15,56,2000-07-06
000990.SZ,2019-09-12,16.9,17.07,17.37,16.66,16.9,0.17,1.0059,161876.0,274837.0,4.1755,6.7353,0.7,25.1835,30.7981,1.3144,3.6448,3.6853,0.8787,,125301.0,38768.3,24034.0,2138890.0,661774.0,3.058,18.59,15.21,0.0000,-0.08359427717495183,1,15,56,2000-07-06
000990.SZ,2019-09-16,17.06,17.16,17.35,16.9,17.07,0.09,0.5272,133862.0,228919.0,3.4529,5.5697,0.61,25.3163,30.9605,1.3213,3.664,3.7048,0.8741,,125301.0,38768.3,24034.0,2150170.0,665264.0,3.058,18.78,15.36,0.0000,-0.04938917242040971,1,15,56,2000-07-06
000990.SZ,2019-09-17,17.16,16.29,17.16,16.02,17.16,-0.87,-5.0699,150529.0,248768.0,3.8828,6.2631,0.72,24.0327,29.3908,1.2543,3.4782,3.5169,0.9208,,125301.0,38768.3,24034.0,2041160.0,631535.0,3.058,18.88,15.44,0.0000,-0.2286059458707626,1,15,56,2000-07-06
000990.SZ,2019-09-18,16.25,16.04,16.46,15.95,16.29,-0.25,-1.5347,94581.1,152717.0,2.4397,3.9353,0.46,23.6639,28.9397,1.2351,3.4249,3.463,0.9352,,125301.0,38768.3,24034.0,2009830.0,621843.0,3.058,17.92,14.66,0.0000,-0.3130364377791929,1,15,56,2000-07-06
000990.SZ,2019-09-19,16.04,16.19,16.2,15.93,16.04,0.15,0.9352,69143.5,111204.0,1.7835,2.8769,0.44,23.8852,29.2104,1.2466,3.4569,3.4953,0.9265,,125301.0,38768.3,24034.0,2028630.0,627658.0,3.058,17.64,14.44,0.0000,-0.16471139017772257,1,15,56,2000-07-06
000990.SZ,2019-09-20,16.11,16.17,16.32,16.07,16.19,-0.02,-0.1235,64614.3,104424.0,1.6667,2.6884,0.53,23.8557,29.1743,1.2451,3.4526,3.491,0.9276,,125301.0,38768.3,24034.0,2026120.0,626883.0,3.058,17.81,14.57,0.0000,-0.037451815434954856,1,15,56,2000-07-06
000990.SZ,2019-09-23,16.1,15.62,16.13,15.43,16.17,-0.55,-3.4014,100024.0,156366.0,2.58,4.1618,0.98,23.0443,28.182,1.2027,3.3352,3.3723,0.9603,,125301.0,38768.3,24034.0,1957200.0,605560.0,3.058,17.79,14.55,0.0000,-0.18410662724760082,1,15,56,2000-07-06
000990.SZ,2019-09-24,15.53,15.4,15.82,15.37,15.62,-0.22,-1.4085,80298.3,125312.0,2.0712,3.341,0.84,22.7197,27.785,1.1858,3.2882,3.3248,0.974,,125301.0,38768.3,24034.0,1929640.0,597031.0,3.058,17.18,14.06,0.0000,-0.31959392597913727,1,15,56,2000-07-06
000990.SZ,2019-09-25,15.4,15.18,15.6,15.07,15.4,-0.22,-1.4286,79073.1,121147.0,2.0396,4.0342,0.97,22.3952,27.3881,1.1688,3.2412,3.2773,0.9881,,125301.0,38768.3,19600.5,1902070.0,588502.0,3.058,16.94,13.86,0.0000,-0.06016363742605327,1,15,56,2000-07-06
000990.SZ,2019-09-26,15.25,14.67,15.37,14.59,15.18,-0.51,-3.3597,91511.4,135904.0,2.3605,4.6688,1.16,21.6427,26.468,1.1296,3.1323,3.1672,1.0225,,125301.0,38768.3,19600.5,1838170.0,568731.0,3.058,16.7,13.66,0.0000,-0.04832730255657657,1,15,56,2000-07-06
000990.SZ,2019-09-27,14.61,14.78,14.98,14.6,14.67,0.11,0.7498,45800.2,67711.2,1.1814,2.3367,0.55,21.805,26.6664,1.138,3.1558,3.1909,1.0149,,125301.0,38768.3,19600.5,1851950.0,572995.0,3.058,16.14,13.2,0.0000,0.008808822217015826,1,15,56,2000-07-06
000990.SZ,2019-09-30,14.7,14.65,14.89,14.53,14.78,-0.13,-0.8796,41587.5,61107.6,1.0727,2.1218,0.52,21.6132,26.4319,1.128,3.1281,3.1629,1.0239,,125301.0,38768.3,19600.5,1835660.0,567955.0,3.058,16.26,13.3,0.0000,-0.07175466342025953,1,15,56,2000-07-06
000990.SZ,2019-10-08,14.7,14.93,15.32,14.6,14.65,0.28,1.9113,70421.5,106080.0,1.8165,3.5928,1.04,22.0263,26.9371,1.1496,3.1878,3.2233,1.0047,,125301.0,38768.3,19600.5,1870750.0,578810.0,3.058,16.12,13.19,0.0000,-0.05295585295549056,1,15,56,2000-07-06
000990.SZ,2019-10-09,14.95,15.12,15.27,14.9,14.93,0.19,1.2726,48370.3,73018.0,1.2477,2.4678,0.74,22.3066,27.2799,1.1642,3.2284,3.2643,0.9921,,125301.0,38768.3,19600.5,1894550.0,586176.0,3.058,16.42,13.44,0.0000,0.0056353115448313,1,15,56,2000-07-06
000990.SZ,2019-10-10,15.1,15.16,15.23,14.92,15.12,0.04,0.2646,40354.6,60755.2,1.0409,2.0589,0.68,22.3656,27.352,1.1673,3.237,3.273,0.9894,,125301.0,38768.3,19600.5,1899570.0,587727.0,3.058,16.63,13.61,0.0000,-0.15814132298665332,1,15,56,2000-07-06
000990.SZ,2019-10-11,15.17,15.66,15.8,15.13,15.16,0.5,3.2982,104272.0,162136.0,2.6896,5.3199,2.11,23.1033,28.2541,1.2058,3.3437,3.3809,0.9579,,125301.0,38768.3,19600.5,1962220.0,607111.0,3.058,16.68,13.64,0.0000,0.04521028123417407,1,15,56,2000-07-06
000990.SZ,2019-10-14,15.62,15.69,16.09,15.52,15.66,0.03,0.1916,90799.8,143553.0,2.3421,4.6325,1.49,23.1476,28.3083,1.2081,3.3501,3.3874,0.956,,125301.0,38768.3,19600.5,1965980.0,608274.0,3.058,17.23,14.09,0.0000,-0.05431066947668386,1,15,56,2000-07-06
000990.SZ,2019-10-15,15.65,15.15,15.65,15.15,15.69,-0.54,-3.4417,71569.4,109924.0,1.8461,3.6514,1.01,22.3509,27.334,1.1665,3.2348,3.2708,0.9901,,125301.0,38768.3,19600.5,1898310.0,587339.0,3.058,17.26,14.12,0.0000,-0.28319963059247527,1,15,56,2000-07-06
000990.SZ,2019-10-16,15.3,14.98,15.3,14.8,15.15,-0.17,-1.1221,45771.8,68850.5,1.1807,2.3352,0.64,22.1001,27.0273,1.1534,3.1985,3.2341,1.0013,,125301.0,38768.3,19600.5,1877010.0,580749.0,3.058,16.67,13.64,0.0000,-0.20321209812298813,1,15,56,2000-07-06
000990.SZ,2019-10-17,14.97,14.76,15.06,14.69,14.98,-0.22,-1.4686,34165.9,50755.7,0.8813,1.7431,0.48,21.7755,26.6303,1.1365,3.1515,3.1866,1.0163,,125301.0,38768.3,19600.5,1849450.0,572220.0,3.058,16.48,13.48,0.0000,-0.464222854874959,1,15,56,2000-07-06
000990.SZ,2019-10-18,14.72,14.32,14.96,14.31,14.76,-0.44,-2.981,58733.7,85540.3,1.515,2.9965,0.85,21.1264,25.8365,1.1026,3.0576,3.0916,1.0475,,125301.0,38768.3,19600.5,1794310.0,555162.0,3.058,16.24,13.28,0.0000,-0.31545769898458476,1,15,56,2000-07-06
000990.SZ,2019-10-21,14.13,14.41,14.5,14.05,14.32,0.09,0.6285,33450.6,47850.6,0.8628,1.3918,0.56,21.2592,33.3809,1.1001,3.0768,3.1124,1.0409,,125301.0,38768.3,24034.0,1805590.0,558651.0,3.058,15.75,12.89,0.0000,-0.1715644033787619,1,15,56,2000-07-06
000990.SZ,2019-10-22,14.41,14.68,14.75,14.25,14.41,0.27,1.8737,68107.3,98932.8,1.7568,2.8338,1.4,21.6575,34.0064,1.1207,3.1345,3.1708,1.0218,,125301.0,38768.3,24034.0,1839420.0,569118.0,3.058,15.85,12.97,0.0000,-0.06456109789257367,1,15,56,2000-07-06
000990.SZ,2019-10-23,14.6,14.32,14.67,14.31,14.68,-0.36,-2.4523,39678.0,57359.7,1.0235,1.6509,0.83,21.1264,33.1724,1.0932,3.0576,3.093,1.0475,,125301.0,38768.3,24034.0,1794310.0,555162.0,3.058,16.15,13.21,0.0000,-0.20963298401539657,1,15,56,2000-07-06
000990.SZ,2019-10-24,14.3,14.28,14.4,14.13,14.32,-0.04,-0.2793,32860.2,46792.4,0.8476,1.3672,0.7,21.0674,33.0798,1.0902,3.0491,3.0844,1.0504,,125301.0,38768.3,24034.0,1789300.0,553611.0,3.058,15.75,12.89,0.0000,-0.16576318836979045,1,15,56,2000-07-06
000990.SZ,2019-10-25,14.21,14.17,14.28,13.9,14.28,-0.11,-0.7703,51328.1,72271.6,1.324,2.1356,1.1,20.9051,32.825,1.0818,3.0256,3.0606,1.0586,,125301.0,38768.3,24034.0,1775520.0,549346.0,3.058,15.71,12.85,0.0000,-0.3143646457660288,1,15,56,2000-07-06
000990.SZ,2019-10-28,14.06,14.34,14.34,14.06,14.17,0.17,1.1997,54138.5,77102.9,1.3965,2.2526,1.2,21.1559,33.2188,1.0948,3.0619,3.0973,1.046,,125301.0,38768.3,24034.0,1796820.0,555937.0,3.058,15.59,12.75,0.0000,-0.173174527228589,1,15,56,2000-07-06
000990.SZ,2019-10-29,14.34,14.48,15.08,14.18,14.34,0.14,0.9763,98140.2,143289.0,2.5315,4.0834,1.99,21.3624,33.5431,1.1055,3.0918,3.1276,1.0359,,125301.0,38768.3,24034.0,1814360.0,561365.0,3.058,15.77,12.91,0.0000,-0.03990437924249603,1,15,56,2000-07-06
000990.SZ,2019-10-30,14.41,13.93,14.42,13.85,14.48,-0.55,-3.7983,67107.9,94478.1,1.731,2.7922,1.22,20.551,32.269,1.0635,2.9743,3.0088,1.0768,,125301.0,38768.3,24034.0,1745450.0,540042.0,3.058,15.93,13.03,0.0000,-0.32115207906755683,1,15,56,2000-07-06
000990.SZ,2019-10-31,13.9,13.9,14.12,13.78,13.93,-0.03,-0.2154,30032.9,41852.6,0.7747,1.2496,0.49,20.5068,32.1995,1.0612,2.9679,3.0023,1.0791,,125301.0,38768.3,24034.0,1741690.0,538879.0,3.058,15.32,12.54,0.0000,0.01599799289361458,1,15,56,2000-07-06
000990.SZ,2019-11-01,13.87,14.05,14.19,13.82,13.9,0.15,1.0791,30092.6,42257.1,0.7762,1.2521,0.5,20.7281,32.547,1.0726,2.9999,3.0347,1.0676,,125301.0,38768.3,24034.0,1760480.0,544694.0,3.058,15.29,12.51,0.0000,-0.08521977538862459,1,15,56,2000-07-06
000990.SZ,2019-11-04,14.07,13.96,14.16,13.94,14.05,-0.09,-0.6406,32894.1,46115.4,0.8485,1.3686,0.59,20.5953,32.3385,1.0658,2.9807,3.0153,1.0745,,125301.0,38768.3,24034.0,1749200.0,541205.0,3.058,15.46,12.65,0.0000,-0.2846093595832352,1,15,56,2000-07-06
000990.SZ,2019-11-05,13.97,14.05,14.14,13.91,13.96,0.09,0.6447,31333.7,44002.8,0.8082,1.3037,0.61,20.7281,32.547,1.0726,2.9999,3.0347,1.0676,,125301.0,38768.3,24034.0,1760480.0,544694.0,3.058,15.36,12.56,0.0000,-0.17473648814085269,1,15,56,2000-07-06
000990.SZ,2019-11-06,14.07,14.19,14.24,14.01,14.05,0.14,0.9964,31572.0,44527.9,0.8144,1.3136,0.82,20.9346,32.8713,1.0833,3.0298,3.0649,1.0571,,125301.0,38768.3,24034.0,1778020.0,550122.0,3.058,15.46,12.65,0.0000,0.15460886282675146,1,15,56,2000-07-06
000990.SZ,2019-11-07,14.07,14.34,14.36,14.07,14.19,0.15,1.0571,41453.9,59204.6,1.0693,1.7248,1.33,21.1559,33.2188,1.0948,3.0619,3.0973,1.046,,125301.0,38768.3,24034.0,1796820.0,555937.0,3.058,15.61,12.77,0.0000,0.08895337059629882,1,15,56,2000-07-06
000990.SZ,2019-11-08,14.35,14.2,14.43,14.16,14.34,-0.14,-0.9763,34657.4,49534.6,0.894,1.442,1.04,20.9494,32.8945,1.0841,3.032,3.0671,1.0563,,125301.0,38768.3,24034.0,1779280.0,550510.0,3.058,15.77,12.91,0.0000,-0.2822894429667325,1,15,56,2000-07-06
000990.SZ,2019-11-11,14.11,13.71,14.16,13.65,14.2,-0.49,-3.4507,37550.5,52091.6,0.9686,1.5624,1.09,20.2265,31.7594,1.0467,2.9274,2.9613,1.0941,,125301.0,38768.3,24034.0,1717880.0,531513.0,3.058,15.62,12.78,0.0000,-0.25163511536604366,1,15,56,2000-07-06
000990.SZ,2019-11-12,13.73,13.82,13.83,13.51,13.71,0.11,0.8023,30615.6,41844.3,0.7897,1.2738,0.87,20.3887,32.0142,1.0551,2.9508,2.985,1.0854,,125301.0,38768.3,24034.0,1731660.0,535778.0,3.058,15.08,12.34,0.0000,0.1062025541145714,1,15,56,2000-07-06
000990.SZ,2019-11-13,13.74,13.49,13.8,13.45,13.82,-0.33,-2.3878,27548.9,37419.9,0.7106,1.1462,0.78,19.9019,31.2497,1.0299,2.8804,2.9137,1.1119,,125301.0,38768.3,24034.0,1690310.0,522984.0,3.058,15.2,12.44,0.0000,-0.5001825499253177,1,15,56,2000-07-06
000990.SZ,2019-11-14,13.55,13.51,13.63,13.4,13.49,0.02,0.1483,20436.2,27641.0,0.5271,0.8503,0.59,19.9314,31.2961,1.0314,2.8846,2.9181,1.1103,,125301.0,38768.3,24034.0,1692820.0,523759.0,3.058,14.84,12.14,0.0000,-0.2051232885927058,1,15,56,2000-07-06
000990.SZ,2019-11-15,13.47,14.02,14.86,13.21,13.51,0.51,3.775,95066.4,133819.0,2.4522,3.9555,3.15,20.6838,32.4775,1.0703,2.9935,3.0282,1.0699,,125301.0,38768.3,24034.0,1756720.0,543531.0,3.058,14.86,12.16,0.0000,-0.05235933401109855,1,15,56,2000-07-06
000990.SZ,2019-11-18,13.9,14.38,14.45,13.7,14.02,0.36,2.5678,64762.6,91923.2,1.6705,2.6946,1.53,21.2149,33.3114,1.0978,3.0704,3.106,1.0431,,125301.0,38768.3,24034.0,1801830.0,557488.0,3.058,15.42,12.62,0.0000,0.16704561643525317,1,15,56,2000-07-06
000990.SZ,2019-11-19,14.25,14.36,14.49,14.18,14.38,-0.02,-0.1391,58001.6,83210.0,1.4961,2.4133,1.22,21.1854,33.2651,1.0963,3.0661,3.1016,1.0446,,125301.0,38768.3,24034.0,1799330.0,556712.0,3.058,15.82,12.94,0.0000,0.12404946249689248,1,15,56,2000-07-06
000990.SZ,2019-11-20,14.3,14.15,14.35,14.09,14.36,-0.21,-1.4624,35402.6,50226.2,0.9132,1.473,0.67,20.8756,32.7786,1.0803,3.0213,3.0563,1.0601,,125301.0,38768.3,24034.0,1773010.0,548571.0,3.058,15.8,12.92,0.0000,-0.22757036296360775,1,15,56,2000-07-06
000990.SZ,2019-11-21,14.1,14.26,14.36,14.1,14.15,0.11,0.7774,32630.5,46418.4,0.8417,1.3577,0.6,21.0379,33.0335,1.0887,3.0448,3.08,1.0519,,125301.0,38768.3,24034.0,1786800.0,552836.0,3.058,15.57,12.74,0.0000,-0.1602170458044429,1,15,56,2000-07-06
000990.SZ,2019-11-22,14.26,13.9,14.36,13.77,14.26,-0.36,-2.5245,41748.0,58600.3,1.0769,1.737,0.73,20.5068,32.1995,1.0612,2.9679,3.0023,1.0791,,125301.0,38768.3,24034.0,1741690.0,538879.0,3.058,15.69,12.83,0.0000,-0.10396336573142817,1,15,56,2000-07-06
000990.SZ,2019-11-25,13.83,13.87,13.99,13.76,13.9,-0.03,-0.2158,24128.1,33503.9,0.6224,1.0039,0.52,20.4625,32.13,1.0589,2.9615,2.9958,1.0815,,125301.0,38768.3,24034.0,1737930.0,537716.0,3.058,15.29,12.51,0.0000,0.0015976573972428308,1,15,56,2000-07-06
000990.SZ,2019-11-26,14.01,13.85,14.06,13.83,13.87,-0.02,-0.1442,19672.1,27390.9,0.5074,0.8185,0.51,20.433,32.0837,1.0574,2.9572,2.9915,1.083,,125301.0,38768.3,24034.0,1735420.0,536941.0,3.058,15.26,12.48,0.0000,-0.018917999711233827,1,15,56,2000-07-06
000990.SZ,2019-11-27,13.68,14.08,14.29,13.68,13.85,0.23,1.6606,36906.2,51987.4,0.952,1.5356,1.2,20.7723,32.6165,1.0749,3.0064,3.0412,1.0653,,125301.0,38768.3,24034.0,1764240.0,545857.0,3.058,15.24,12.47,0.0000,-0.00804475609362765,1,15,56,2000-07-06
000990.SZ,2019-11-28,14.08,14.14,14.27,14.03,14.08,0.06,0.4261,27981.4,39685.8,0.7218,1.1642,0.9,20.8608,32.7555,1.0795,3.0192,3.0541,1.0608,,125301.0,38768.3,24034.0,1771760.0,548183.0,3.058,15.49,12.67,0.0000,0.034204242209306186,1,15,56,2000-07-06
000990.SZ,2019-11-29,14.1,14.25,14.25,14.1,14.14,0.11,0.7779,22646.1,32115.7,0.5841,0.9422,0.75,21.0231,33.0103,1.0879,3.0427,3.0779,1.0526,,125301.0,38768.3,24034.0,1785540.0,552448.0,3.058,15.55,12.73,0.0000,0.02749395918092208,1,15,56,2000-07-06
000990.SZ,2019-12-02,14.25,14.06,14.3,14.05,14.25,-0.19,-1.3333,24393.8,34527.0,0.6292,1.015,0.93,20.7428,32.5701,1.0734,3.0021,3.0369,1.0669,,125301.0,38768.3,24034.0,1761730.0,545082.0,3.058,15.68,12.83,0.0000,-0.10649908810774869,1,15,56,2000-07-06
000990.SZ,2019-12-03,13.94,14.3,14.37,13.86,14.06,0.24,1.707,50496.4,71750.7,1.3025,2.101,1.92,21.0969,33.1261,1.0917,3.0533,3.0887,1.049,,125301.0,38768.3,24034.0,1791810.0,554386.0,3.058,15.47,12.65,0.0000,-0.04191396296622297,1,15,56,2000-07-06
000990.SZ,2019-12-04,14.15,14.12,14.34,14.09,14.3,-0.18,-1.2587,29291.0,41532.4,0.7555,1.2187,0.9,20.8313,32.7091,1.078,3.0149,3.0498,1.0623,,125301.0,38768.3,24034.0,1769250.0,547408.0,3.058,15.73,12.87,0.0000,-0.17248414292578318,1,15,56,2000-07-06
000990.SZ,2019-12-05,14.2,14.43,14.58,14.2,14.12,0.31,2.1955,61157.0,88221.1,1.5775,2.5446,1.98,21.2887,33.4273,1.1016,3.0811,3.1168,1.0395,,125301.0,38768.3,24034.0,1808100.0,559426.0,3.058,15.53,12.71,0.0000,0.06772711450975366,1,15,56,2000-07-06
000990.SZ,2019-12-06,14.39,14.23,14.4,14.12,14.43,-0.2,-1.386,50164.5,71343.5,1.294,2.0872,1.33,20.9936,32.964,1.0864,3.0384,3.0736,1.0541,,125301.0,38768.3,24034.0,1783040.0,551673.0,3.058,15.87,12.99,0.0000,-0.3587102894203255,1,15,56,2000-07-06
000990.SZ,2019-12-09,14.31,14.19,14.4,14.15,14.23,-0.04,-0.2811,41698.8,59315.1,1.0756,1.735,0.97,20.9346,32.8713,1.0833,3.0298,3.0649,1.0571,,125301.0,38768.3,24034.0,1778020.0,550122.0,3.058,15.65,12.81,0.0000,-0.11919041279750732,1,15,56,2000-07-06
000990.SZ,2019-12-10,14.0,13.83,14.1,13.71,14.19,-0.36,-2.537,56117.4,77727.0,1.4475,2.3349,1.21,20.4035,32.0374,1.0558,2.953,2.9872,1.0846,,125301.0,38768.3,24034.0,1732920.0,536165.0,3.058,15.61,12.77,0.0000,-0.22483795920566582,1,15,56,2000-07-06
000990.SZ,2019-12-11,13.8,13.85,13.94,13.77,13.83,0.02,0.1446,28798.0,39864.4,0.7428,1.1982,0.6,20.433,32.0837,1.0574,2.9572,2.9915,1.083,,125301.0,38768.3,24034.0,1735420.0,536941.0,3.058,15.21,12.45,0.0000,-0.060374857652976475,1,15,56,2000-07-06
000990.SZ,2019-12-12,13.9,13.78,13.9,13.75,13.85,-0.07,-0.5054,26482.0,36579.2,0.6831,1.1019,0.56,20.3297,31.9215,1.052,2.9423,2.9764,1.0885,,125301.0,38768.3,24034.0,1726650.0,534227.0,3.058,15.24,12.47,0.0000,0.09265297744876522,1,15,56,2000-07-06
000990.SZ,2019-12-13,13.83,13.9,13.92,13.79,13.78,0.12,0.8708,33009.0,45696.0,0.8514,1.3734,0.81,20.5068,32.1995,1.0612,2.9679,3.0023,1.0791,,125301.0,38768.3,24034.0,1741690.0,538879.0,3.058,15.16,12.4,0.0000,-0.10091748852805277,1,15,56,2000-07-06
000990.SZ,2019-12-16,13.9,14.08,14.08,13.78,13.9,0.18,1.295,55022.0,76555.4,1.4193,2.2893,1.48,20.7723,32.6165,1.0749,3.0064,3.0412,1.0653,,125301.0,38768.3,24034.0,1764240.0,545857.0,3.058,15.29,12.51,0.0000,-0.16073195886074168,1,15,56,2000-07-06
000990.SZ,2019-12-17,13.88,14.37,14.67,13.75,13.8,0.57,4.1304,111660.0,159385.0,2.8802,4.6459,2.8,21.2002,33.2883,1.1211,3.0683,3.1038,1.0438,1.9573,125301.0,38768.3,24034.0,1800580.0,557100.0,3.12,15.18,12.42,0.0000,0.027286856572769264,1,15,56,2000-07-06
000990.SZ,2019-12-18,14.3,14.37,14.54,14.14,14.37,0.0,0.0,70401.8,101322.0,1.816,2.9293,1.38,21.2002,33.2883,1.1211,3.0683,3.1038,1.0438,1.9573,125301.0,38768.3,24034.0,1800580.0,557100.0,3.12,15.81,12.93,0.0000,-0.19725475644245705,1,15,56,2000-07-06
000990.SZ,2019-12-19,14.47,15.33,15.5,14.39,14.37,0.96,6.6806,192074.0,287846.0,4.9544,7.9917,3.24,22.6164,35.5121,1.196,3.2733,3.3112,0.9785,1.8347,125301.0,38768.3,24034.0,1920870.0,594318.0,3.12,15.81,12.93,0.0000,0.09836683117256735,1,15,56,2000-07-06
000990.SZ,2019-12-20,15.33,14.63,15.33,14.55,15.33,-0.7,-4.5662,146783.0,218321.0,3.7862,6.1073,1.59,21.5837,33.8906,1.1414,3.1238,3.16,1.0253,1.9225,125301.0,38768.3,24034.0,1833160.0,567180.0,3.12,16.86,13.8,0.0000,-0.16666254485997753,1,15,56,2000-07-06
000990.SZ,2019-12-23,14.4,14.08,14.47,14.08,14.63,-0.55,-3.7594,69014.3,98375.5,1.7802,2.8715,0.6,20.7723,32.6165,1.0985,3.0064,3.0412,1.0653,1.9976,125301.0,38768.3,24034.0,1764240.0,545857.0,3.12,16.09,13.17,0.0000,-0.15439529386122047,1,15,56,2000-07-06
000990.SZ,2019-12-24,14.08,14.18,14.29,14.04,14.08,0.1,0.7102,48588.1,68794.9,1.2533,2.0216,0.41,20.9198,32.8481,1.1063,3.0277,3.0628,1.0578,1.9835,125301.0,38768.3,24034.0,1776770.0,549734.0,3.12,15.49,12.67,0.0000,-0.019671206261239985,1,15,56,2000-07-06
000990.SZ,2019-12-25,14.16,14.21,14.45,14.1,14.18,0.03,0.2116,46536.2,66251.0,1.2004,1.9363,0.44,20.9641,32.9176,1.1086,3.0341,3.0692,1.0556,1.9793,125301.0,38768.3,24034.0,1780530.0,550897.0,3.12,15.6,12.76,0.0000,-0.1082711871174539,1,15,56,2000-07-06
000990.SZ,2019-12-26,14.18,15.0,15.06,14.18,14.21,0.79,5.5595,158894.0,235708.0,1.9051,4.7072,1.58,22.1296,34.7477,1.1703,3.2028,3.2399,1.0,1.875,125301.0,83402.5,33755.3,1879520.0,1251040.0,3.12,15.63,12.79,0.0000,0.19933523825645116,1,15,56,2000-07-06
000990.SZ,2019-12-27,15.05,14.81,15.28,14.8,15.0,-0.19,-1.2667,100933.0,151359.0,1.2102,2.9902,1.07,21.8493,34.3075,1.1555,3.1622,3.1988,1.0128,1.8991,125301.0,83402.5,33755.3,1855710.0,1235190.0,3.12,16.5,13.5,0.0000,-0.3253947644045009,1,15,56,2000-07-06
000990.SZ,2019-12-30,14.86,14.79,14.96,14.63,14.81,-0.02,-0.135,64397.9,95207.9,0.7721,1.9078,0.76,21.8198,34.2612,1.1539,3.158,3.1945,1.0142,1.9017,125301.0,83402.5,33755.3,1853200.0,1233520.0,3.12,16.29,13.33,0.0000,0.005202675137843199,1,15,56,2000-07-06
000990.SZ,2019-12-31,14.84,14.82,14.94,14.7,14.79,0.03,0.2028,60739.1,89919.8,0.7283,1.7994,0.72,21.864,34.3307,1.1562,3.1644,3.201,1.0121,1.8978,125301.0,83402.5,33755.3,1856960.0,1236030.0,3.12,16.27,13.31,0.0000,0.08504371762245856,1,15,56,2000-07-06
000990.SZ,2020-01-02,14.77,14.7,14.77,14.37,14.82,-0.12,-0.8097,112419.0,164326.0,1.3479,3.3304,1.3,21.687,34.0527,1.1469,3.1387,3.1751,1.9133,1.9133,125301.0,83402.5,33755.3,1841930.0,1226020.0,3.12,16.3,13.34,0.0000,-0.1205812539067591,1,15,56,2000-07-06
000990.SZ,2020-01-03,14.66,14.64,14.7,14.41,14.7,-0.06,-0.4082,71001.7,103461.0,0.8513,2.1034,0.71,21.5985,33.9137,1.1422,3.1259,3.1621,1.9212,1.9212,125301.0,83402.5,33755.3,1834410.0,1221010.0,3.12,16.17,13.23,0.0000,-0.2026947026633357,1,15,56,2000-07-06
000990.SZ,2020-01-06,14.58,14.93,14.99,14.5,14.64,0.29,1.9809,95429.3,141230.0,1.1442,2.8271,1.17,22.0263,34.5855,1.1648,3.1878,3.2248,1.8838,1.8838,125301.0,83402.5,33755.3,1870750.0,1245200.0,3.12,16.1,13.18,0.0000,0.016439179063624385,1,15,56,2000-07-06
000990.SZ,2020-01-07,14.93,14.93,15.07,14.8,14.93,0.0,0.0,60882.6,90803.8,0.73,1.8036,0.75,22.0263,34.5855,1.1648,3.1878,3.2248,1.8838,1.8838,125301.0,83402.5,33755.3,1870750.0,1245200.0,3.12,16.42,13.44,0.0000,-0.12424757215887615,1,15,56,2000-07-06
000990.SZ,2020-01-08,14.92,14.84,15.07,14.79,14.93,-0.09,-0.6028,76562.5,114241.0,0.918,2.2682,0.96,21.8935,34.377,1.1578,3.1686,3.2053,1.8953,1.8953,125301.0,83402.5,33755.3,1859470.0,1237690.0,3.12,16.42,13.44,0.0000,0.022537931904877368,1,15,56,2000-07-06
000990.SZ,2020-01-09,14.88,14.86,15.02,14.8,14.84,0.02,0.1348,56113.5,83482.6,0.6728,1.6624,0.67,21.9231,34.4234,1.1594,3.1729,3.2096,1.8927,1.8927,125301.0,83402.5,33755.3,1861980.0,1239360.0,3.12,16.32,13.36,0.0000,-0.16174191735675364,1,15,56,2000-07-06
000990.SZ,2020-01-10,14.93,14.74,14.94,14.69,14.86,-0.12,-0.8075,41003.2,60608.2,0.4916,1.2147,0.57,21.746,34.1454,1.15,3.1473,3.1837,1.9081,1.9081,125301.0,83402.5,33755.3,1846940.0,1229350.0,3.12,16.35,13.37,0.0000,0.014464251787916948,1,15,56,2000-07-06
000990.SZ,2020-01-13,14.77,14.81,14.87,14.63,14.74,0.07,0.4749,38515.3,56812.8,0.4618,1.141,0.58,21.8493,34.3075,1.1555,3.1622,3.1988,1.8991,1.8991,125301.0,83402.5,33755.3,1855710.0,1235190.0,3.12,16.21,13.27,0.0000,-0.11129166447430064,1,15,56,2000-07-06
000990.SZ,2020-01-14,14.87,14.95,15.04,14.77,14.81,0.14,0.9453,72992.0,109090.0,0.8752,2.1624,1.34,22.0558,34.6318,1.1664,3.1921,3.2291,1.8813,1.8813,125301.0,83402.5,33755.3,1873250.0,1246870.0,3.12,16.29,13.33,0.0000,-0.017835497305590246,1,15,56,2000-07-06
000990.SZ,2020-01-15,14.95,14.54,15.13,14.54,14.95,-0.41,-2.7425,68438.4,100870.0,0.8206,2.0275,1.2,21.451,33.6821,1.1344,3.1046,3.1405,1.9344,1.9344,125301.0,83402.5,33755.3,1821880.0,1212670.0,3.12,16.45,13.46,0.0000,-0.11791755976114758,1,15,56,2000-07-06
000990.SZ,2020-01-16,14.51,14.39,14.57,14.37,14.54,-0.15,-1.0316,41980.2,60593.0,0.5033,1.2437,0.76,21.2297,33.3346,1.1227,3.0725,3.1081,1.9545,1.9545,125301.0,83402.5,33755.3,1803080.0,1200160.0,3.12,15.99,13.09,0.0000,-0.11271735329555346,1,15,56,2000-07-06
000990.SZ,2020-01-17,14.44,14.24,14.52,14.11,14.39,-0.15,-1.0424,42859.8,61271.7,0.5139,1.2697,0.82,21.0084,32.9871,1.111,3.0405,3.0757,1.9751,1.9751,125301.0,83402.5,33755.3,1784290.0,1187650.0,3.12,15.83,12.95,0.0000,-0.23773684089660474,1,15,56,2000-07-06
000990.SZ,2020-01-20,14.2,14.07,14.3,13.9,14.24,-0.17,-1.1938,57893.7,81241.2,0.6941,1.7151,1.09,20.7576,32.5933,1.0977,3.0042,3.039,1.999,1.999,125301.0,83402.5,33755.3,1762990.0,1173470.0,3.12,15.66,12.82,0.0000,-0.29427170799076097,1,15,56,2000-07-06
000990.SZ,2020-01-21,14.07,14.11,14.24,13.95,14.07,0.04,0.2843,40865.2,57657.6,0.49,1.2106,0.72,20.8166,32.686,1.1008,3.0128,3.0477,1.9933,1.9933,125301.0,83402.5,33755.3,1768000.0,1176810.0,3.12,15.48,12.66,0.0000,-0.2098346205974237,1,15,56,2000-07-06
000990.SZ,2020-01-22,14.04,14.07,14.16,13.76,14.11,-0.04,-0.2835,46002.6,64181.2,0.5516,1.3628,0.91,20.7576,32.5933,1.0977,3.0042,3.039,1.999,1.999,125301.0,83402.5,33755.3,1762990.0,1173470.0,3.12,15.52,12.7,0.0000,0.013106271611406718,1,15,56,2000-07-06
000990.SZ,2020-01-23,14.07,13.63,14.07,13.59,14.07,-0.44,-3.1272,50232.2,69189.1,0.6023,1.4881,1.09,20.1084,31.574,1.0634,2.9103,2.944,2.0635,2.0635,125301.0,83402.5,33755.3,1707860.0,1136780.0,3.12,15.48,12.66,0.0000,-0.04579200844381117,1,15,56,2000-07-06
000990.SZ,2020-02-03,12.27,12.27,12.27,12.27,13.63,-1.36,-9.978,11370.0,13951.0,0.1363,0.3368,0.24,18.102,28.4236,0.9573,2.6199,2.6502,2.2922,2.2922,125301.0,83402.5,33755.3,1537450.0,1023350.0,3.12,14.99,12.27,0.0000,-0.18838908396783244,1,15,56,2000-07-06
000990.SZ,2020-02-04,11.04,11.64,11.99,11.04,12.27,-0.63,-5.1345,74442.3,86177.6,0.8926,2.2054,1.8,17.1726,26.9642,0.9081,2.4854,2.5141,2.4163,2.4163,125301.0,83402.5,33755.3,1458510.0,970805.0,3.12,13.5,11.04,0.0000,-0.3748038743711192,1,15,56,2000-07-06
000990.SZ,2020-02-05,11.67,11.85,12.0,11.51,11.64,0.21,1.8041,62856.7,74198.7,0.7537,1.8621,1.41,17.4824,27.4507,0.9245,2.5302,2.5595,2.3735,2.3735,125301.0,83402.5,33755.3,1484820.0,988320.0,3.12,12.8,10.48,0.0000,-0.16897075984400642,1,15,56,2000-07-06
000990.SZ,2020-02-06,11.97,12.36,12.47,11.74,11.85,0.51,4.3038,80484.3,98400.4,0.965,2.3843,1.64,18.2348,28.6321,0.9643,2.6391,2.6697,2.2755,2.2755,125301.0,83402.5,33755.3,1548720.0,1030860.0,3.12,13.04,10.67,0.0000,-0.027123380414311733,1,15,56,2000-07-06
000990.SZ,2020-02-07,12.28,12.44,12.7,12.25,12.36,0.08,0.6472,64671.5,80448.0,0.7754,1.9159,1.16,18.3528,28.8174,0.9705,2.6562,2.6869,2.2609,2.2609,125301.0,83402.5,33755.3,1558750.0,1037530.0,3.12,13.6,11.12,0.0000,-0.2159945893482145,1,15,56,2000-07-06
000990.SZ,2020-02-10,12.39,12.48,12.66,12.31,12.44,0.04,0.3215,49472.7,61469.6,0.5932,1.4656,0.84,18.4118,28.9101,0.9737,2.6647,2.6956,2.2537,2.2537,125301.0,83402.5,33755.3,1563760.0,1040860.0,3.12,13.68,11.2,0.0000,-0.18348529510143327,1,15,56,2000-07-06
000990.SZ,2020-02-11,12.52,12.67,12.88,12.37,12.48,0.19,1.5224,75758.3,95152.0,0.9083,2.2443,1.14,18.6921,29.3502,0.9885,2.7053,2.7366,2.2199,2.2199,125301.0,83402.5,33755.3,1587570.0,1056710.0,3.12,13.73,11.23,0.0000,-0.033961571464684794,1,15,56,2000-07-06
000990.SZ,2020-02-12,12.6,12.52,12.61,12.36,12.67,-0.15,-1.1839,60142.1,74978.8,0.7211,1.7817,0.9,18.4708,29.0027,0.9768,2.6733,2.7042,2.2465,2.2465,125301.0,83402.5,33755.3,1568770.0,1044200.0,3.12,13.94,11.4,0.0000,-0.2617940901723346,1,15,56,2000-07-06
000990.SZ,2020-02-13,12.5,12.24,12.55,12.22,12.52,-0.28,-2.2364,55504.9,68543.5,0.6655,1.6443,0.84,18.0578,28.3541,0.9549,2.6135,2.6437,2.2979,2.2979,125301.0,83402.5,33755.3,1533690.0,1020850.0,3.12,13.77,11.27,0.0000,-0.2937439918581215,1,15,56,2000-07-06
000990.SZ,2020-02-14,12.24,12.24,12.38,12.11,12.24,0.0,0.0,35348.6,43224.6,0.4238,1.0472,0.58,18.0578,28.3541,0.9549,2.6135,2.6437,2.2979,2.2979,125301.0,83402.5,33755.3,1533690.0,1020850.0,3.12,13.46,11.02,0.0000,-0.14725296368679114,1,15,56,2000-07-06
000990.SZ,2020-02-17,12.28,12.7,12.73,12.28,12.24,0.46,3.7582,67709.7,85074.0,0.8118,2.0059,1.23,18.7364,29.4197,0.9908,2.7117,2.7431,2.2146,2.2146,125301.0,83402.5,33755.3,1591330.0,1059210.0,3.12,13.46,11.02,0.0000,0.08985476919942713,1,15,56,2000-07-06
000990.SZ,2020-02-18,12.75,12.97,13.0,12.68,12.7,0.27,2.126,71037.6,91572.9,0.8517,2.1045,1.21,19.1347,30.0452,1.0119,2.7693,2.8014,2.1685,2.1685,125301.0,83402.5,33755.3,1625160.0,1081730.0,3.12,13.97,11.43,0.0000,-0.13597395432875517,1,15,56,2000-07-06
000990.SZ,2020-02-19,14.0,13.19,14.0,13.13,12.97,0.22,1.6962,128009.0,172384.0,1.5348,3.7923,2.21,19.4593,30.5548,1.0291,2.8163,2.8489,2.1324,2.1324,125301.0,83402.5,33755.3,1652720.0,1100080.0,3.12,14.27,11.67,0.0000,-0.009590038043329042,1,15,56,2000-07-06
000990.SZ,2020-02-20,13.3,13.76,13.92,13.2,13.19,0.57,4.3215,100128.0,136275.0,1.2005,2.9663,1.4,20.3002,31.8752,1.0735,2.938,2.9721,2.044,2.044,125301.0,83402.5,33755.3,1724140.0,1147620.0,3.12,14.51,11.87,0.0000,0.18474907744820668,1,15,56,2000-07-06
000990.SZ,2020-02-21,13.96,14.64,14.68,13.8,13.76,0.88,6.3953,167441.0,239148.0,2.0076,4.9604,2.08,21.5985,33.9137,1.1422,3.1259,3.1621,1.9212,1.9212,125301.0,83402.5,33755.3,1834410.0,1221010.0,3.12,15.14,12.38,0.0000,0.0759415939440093,1,15,56,2000-07-06
000990.SZ,2020-02-24,14.57,14.6,14.79,14.21,14.64,-0.04,-0.2732,134924.0,196209.0,1.6177,3.9971,1.26,21.5395,33.8211,1.1391,3.1174,3.1535,1.9264,1.9264,125301.0,83402.5,33755.3,1829400.0,1217680.0,3.12,16.1,13.18,0.0000,-0.04197153778507068,1,15,56,2000-07-06
000990.SZ,2020-02-25,14.3,15.72,16.0,14.18,14.6,1.12,7.6712,218832.0,332882.0,2.6238,6.4829,1.82,23.1918,36.4156,1.2265,3.3565,3.3954,1.7892,1.7892,125301.0,83402.5,33755.3,1969730.0,1311090.0,3.12,16.06,13.14,0.0000,0.12622980005106182,1,15,56,2000-07-06
000990.SZ,2020-02-26,15.77,15.53,16.1,15.05,15.72,-0.19,-1.2087,203425.0,317793.0,2.4391,6.0265,1.36,22.9115,35.9754,1.2116,3.316,3.3544,1.8111,1.8111,125301.0,83402.5,33755.3,1945930.0,1295240.0,3.12,17.29,14.15,0.0000,0.08567404079979467,1,15,56,2000-07-06
000990.SZ,2020-02-27,15.3,15.17,15.69,14.9,15.53,-0.36,-2.3181,129008.0,196126.0,1.5468,3.8219,0.78,22.3804,35.1415,1.1835,3.2391,3.2766,1.854,1.854,125301.0,83402.5,33755.3,1900820.0,1265220.0,3.12,17.08,13.98,0.0000,-0.06021172235712838,1,15,56,2000-07-06
000990.SZ,2020-02-28,14.6,14.29,14.98,14.2,15.17,-0.88,-5.8009,104176.0,151633.0,1.2491,3.0862,0.61,21.0821,33.1029,1.1149,3.0512,3.0865,1.9682,1.9682,125301.0,83402.5,33755.3,1790550.0,1191820.0,3.12,16.69,13.65,0.0000,-0.12254802339071807,1,15,56,2000-07-06
000990.SZ,2020-03-02,14.4,14.55,14.73,14.35,14.29,0.26,1.8195,89723.2,130637.0,1.0758,2.658,0.57,21.4657,33.7052,1.1352,3.1067,3.1427,1.933,1.933,125301.0,83402.5,33755.3,1823130.0,1213510.0,3.12,15.72,12.86,0.0000,-0.0786810766222524,1,15,56,2000-07-06
000990.SZ,2020-03-03,14.8,15.28,15.5,14.57,14.55,0.73,5.0172,187123.0,280845.0,2.2436,5.5435,1.26,22.5427,35.3963,1.1921,3.2626,3.3004,1.8407,1.8407,125301.0,83402.5,33755.3,1914600.0,1274390.0,3.12,16.01,13.1,0.0000,0.031920973030709315,1,15,56,2000-07-06
000990.SZ,2020-03-04,15.0,14.94,15.3,14.72,15.28,-0.34,-2.2251,106100.0,158984.0,1.2721,3.1432,0.74,22.0411,34.6087,1.1656,3.19,3.2269,1.8826,1.8826,125301.0,83402.5,33755.3,1872000.0,1246030.0,3.12,16.81,13.75,0.0000,-0.10528097139407817,1,15,56,2000-07-06
000990.SZ,2020-03-05,15.09,14.88,15.22,14.84,14.94,-0.06,-0.4016,74732.1,111808.0,0.896,2.2139,0.61,21.9526,34.4697,1.1609,3.1772,3.214,1.8902,1.8902,125301.0,83402.5,33755.3,1864480.0,1241030.0,3.12,16.43,13.45,0.0000,-0.09756866916436527,1,15,56,2000-07-06
000990.SZ,2020-03-06,14.71,15.12,15.58,14.7,14.88,0.24,1.6129,126218.0,192609.0,1.5134,3.7392,1.12,22.3066,35.0257,1.1796,3.2284,3.2658,1.8602,1.8602,125301.0,83402.5,33755.3,1894550.0,1261050.0,3.12,16.37,13.39,0.0000,0.12342431451736442,1,15,56,2000-07-06
000990.SZ,2020-03-09,14.87,14.72,15.47,14.7,15.12,-0.4,-2.6455,107522.0,161962.0,1.2892,3.1853,0.92,21.7165,34.099,1.1484,3.143,3.1794,1.9107,1.9107,125301.0,83402.5,33755.3,1844430.0,1227680.0,3.12,16.63,13.61,0.0000,-0.11498067107726152,1,15,56,2000-07-06
000990.SZ,2020-03-10,14.25,15.4,15.67,13.97,14.72,0.68,4.6196,161017.0,239386.0,1.9306,4.7701,1.34,22.7197,35.6743,1.2015,3.2882,3.3263,1.8263,1.8263,125301.0,83402.5,33755.3,1929640.0,1284400.0,3.12,16.19,13.25,0.0000,0.004632160763178357,1,15,56,2000-07-06
000990.SZ,2020-03-11,15.19,15.41,15.78,15.0,15.4,0.01,0.0649,176819.0,271948.0,2.1201,5.2382,1.54,22.7345,35.6974,1.2023,3.2903,3.3284,1.8252,1.8252,125301.0,83402.5,33755.3,1930890.0,1285230.0,3.12,16.94,13.86,0.0000,0.015291812571313367,1,15,56,2000-07-06
000990.SZ,2020-03-12,15.2,16.95,16.95,15.02,15.41,1.54,9.9935,273224.0,443933.0,3.276,8.0943,2.11,25.0064,39.2649,1.3224,3.6192,3.6611,1.6593,1.6593,125301.0,83402.5,33755.3,2123860.0,1413670.0,3.12,16.95,13.87,0.0000,0.1941169735399437,1,15,56,2000-07-06
000990.SZ,2020-03-13,17.0,16.24,18.6,15.86,16.95,-0.71,-4.1888,601410.0,1045620.0,7.2109,17.8168,3.56,23.959,37.6201,1.267,3.4676,3.5077,1.7319,1.7319,125301.0,83402.5,33755.3,2034890.0,1354460.0,3.12,18.65,15.26,0.0000,-0.16185814301952325,1,15,56,2000-07-06
000990.SZ,2020-03-16,16.1,15.32,17.18,15.29,16.24,-0.92,-5.665,389648.0,638116.0,4.6719,11.5433,1.48,22.6017,35.489,1.1952,3.2711,3.309,1.8359,1.8359,125301.0,83402.5,33755.3,1919610.0,1277730.0,3.12,17.86,14.62,0.0000,-0.10684278518420089,1,15,56,2000-07-06
000990.SZ,2020-03-17,14.9,14.18,15.18,13.79,15.32,-1.14,-7.4413,347072.0,492979.0,4.1614,10.282,1.08,20.9198,32.8481,1.1063,3.0277,3.0628,1.9835,1.9835,125301.0,83402.5,33755.3,1776770.0,1182650.0,3.12,16.85,13.79,0.0000,-0.03915571407467664,1,15,56,2000-07-06
000990.SZ,2020-03-18,14.32,13.29,14.34,13.27,14.18,-0.89,-6.2764,232064.0,320747.0,2.7825,6.7318,0.65,19.6068,30.7864,1.0369,2.8377,2.8705,2.1163,2.1163,125301.0,83402.5,34472.8,1665250.0,1108420.0,3.12,15.6,12.76,0.0000,-0.12423822764836405,1,15,56,2000-07-06
000990.SZ,2020-03-19,13.29,12.84,13.44,12.55,13.29,-0.45,-3.386,158112.0,204374.0,1.8958,4.5866,0.43,18.9429,29.744,1.0018,2.7416,2.7733,2.1905,2.1905,125301.0,83402.5,34472.8,1608870.0,1070890.0,3.12,14.62,11.96,0.0000,-0.15587772016260723,1,15,56,2000-07-06
000990.SZ,2020-03-20,12.98,13.26,13.59,12.82,12.84,0.42,3.271,131402.0,173611.0,1.5755,3.8118,0.38,19.5626,30.7169,1.0345,2.8313,2.8641,2.1211,2.1211,125301.0,83402.5,34472.8,1661490.0,1105920.0,3.12,14.12,11.56,0.0000,0.012966171839302031,1,15,56,2000-07-06
000990.SZ,2020-03-23,12.81,12.46,13.15,12.42,13.26,-0.8,-6.0332,97903.3,125330.0,1.1739,2.84,0.39,18.3823,28.8637,0.9721,2.6605,2.6913,2.2573,2.2573,125301.0,83402.5,34472.8,1561250.0,1039200.0,3.12,14.59,11.93,0.0000,-0.2002781553751421,1,15,56,2000-07-06
000990.SZ,2020-03-24,12.7,12.93,13.13,12.45,12.46,0.47,3.7721,93334.6,119459.0,1.1191,2.7075,0.48,19.0757,29.9525,1.0088,2.7608,2.7928,2.1752,2.1752,125301.0,83402.5,34472.8,1620140.0,1078390.0,3.12,13.71,11.21,0.0000,0.09977350448234674,1,15,56,2000-07-06
000990.SZ,2020-03-25,13.23,13.36,13.45,12.93,12.93,0.43,3.3256,114999.0,151845.0,1.3788,3.3359,0.81,19.7101,30.9486,1.0423,2.8526,2.8857,2.1052,2.1052,125301.0,83402.5,34472.8,1674020.0,1114260.0,3.12,14.22,11.64,0.0000,0.02423752662089073,1,15,56,2000-07-06
000990.SZ,2020-03-26,13.22,12.95,13.39,12.92,13.36,-0.41,-3.0689,67394.0,88420.3,0.8081,1.955,0.57,19.1052,29.9988,1.0103,2.7651,2.7971,2.1719,2.1719,125301.0,83402.5,34472.8,1622650.0,1080060.0,3.12,14.7,12.02,0.0000,-0.2940672153853385,1,15,56,2000-07-06
000990.SZ,2020-03-27,13.16,13.2,13.77,13.12,12.95,0.25,1.9305,83508.4,111444.0,1.0013,2.4224,0.83,19.474,30.5779,1.0298,2.8185,2.8511,2.1307,2.1307,125301.0,83402.5,34472.8,1653980.0,1100910.0,3.12,14.25,11.66,0.0000,0.15726921211514833,1,15,56,2000-07-06
000990.SZ,2020-03-30,12.98,12.65,12.98,12.59,13.2,-0.55,-4.1667,63098.9,80265.1,0.7566,1.8304,0.69,18.6626,29.3039,0.9869,2.701,2.7323,2.2234,2.2234,125301.0,83402.5,34472.8,1585060.0,1055040.0,3.12,14.52,11.88,0.0000,-0.3944015545612861,1,15,56,2000-07-06
000990.SZ,2020-03-31,12.82,12.75,12.87,12.65,12.65,0.1,0.7905,41655.1,52975.4,0.4994,1.2083,0.49,18.8102,29.5355,0.9947,2.7224,2.7539,2.2059,2.2059,125301.0,83402.5,34472.8,1597590.0,1063380.0,3.12,13.92,11.39,0.0000,-0.09068749466058937,1,15,56,2000-07-06
000990.SZ,2020-04-01,12.6,12.47,12.83,12.42,12.75,-0.28,-2.1961,52229.8,65922.3,0.6262,1.5151,0.7,18.3971,28.8869,0.9729,2.6626,2.6934,2.2555,2.2555,125301.0,83402.5,34472.8,1562510.0,1040030.0,3.12,14.03,11.48,0.0000,-0.2737780776702214,1,15,56,2000-07-06
000990.SZ,2020-04-02,12.32,12.42,12.45,12.08,12.47,-0.05,-0.401,82715.6,101740.0,0.9918,2.3994,1.34,18.3233,28.7711,0.969,2.6519,2.6826,2.2646,2.2646,125301.0,83402.5,34472.8,1556240.0,1035860.0,3.12,13.72,11.22,0.0000,-0.42039506311819574,1,15,56,2000-07-06
000990.SZ,2020-04-03,12.41,12.11,12.64,12.07,12.42,-0.31,-2.496,85863.3,105547.0,1.0295,2.4908,1.33,17.866,28.053,0.9448,2.5857,2.6157,2.3225,2.3225,125301.0,83402.5,34472.8,1517400.0,1010000.0,3.12,13.66,11.18,0.0000,-0.23630592580110793,1,15,56,2000-07-06
000990.SZ,2020-04-07,12.29,12.85,12.87,12.29,12.11,0.74,6.1107,120777.0,152677.0,1.4481,3.5036,1.85,18.9577,29.7672,1.0025,2.7437,2.7755,2.1888,2.1888,125301.0,83402.5,34472.8,1610120.0,1071720.0,3.12,13.32,10.9,0.0000,-0.01179685006210788,1,15,56,2000-07-06
000990.SZ,2020-04-08,12.81,12.82,12.94,12.67,12.85,-0.03,-0.2335,62587.9,80158.9,0.7504,1.8156,0.82,18.9134,29.6977,1.0002,2.7373,2.769,2.1939,2.1939,125301.0,83402.5,34472.8,1606360.0,1069220.0,3.12,14.14,11.57,0.0000,-0.009767499622836446,1,15,56,2000-07-06
000990.SZ,2020-04-09,12.98,12.91,13.05,12.81,12.82,0.09,0.702,50843.5,65673.8,0.6096,1.4749,0.63,19.0462,29.9062,1.0072,2.7565,2.7885,2.1786,2.1786,125301.0,83402.5,34472.8,1617640.0,1076730.0,3.12,14.1,11.54,0.0000,0.029341728011417843,1,15,56,2000-07-06
000990.SZ,2020-04-10,13.5,13.11,13.66,13.07,12.91,0.2,1.5492,136440.0,181255.0,1.6359,3.9579,1.69,19.3413,30.3695,1.0228,2.7992,2.8317,2.1454,2.1454,125301.0,83402.5,34472.8,1642700.0,1093410.0,3.12,14.2,11.62,0.0000,-0.23979887673029499,1,15,56,2000-07-06
000990.SZ,2020-04-13,12.35,12.05,12.35,11.9,13.11,-1.06,-8.0854,129923.0,156956.0,1.5578,3.7689,1.42,17.7774,32.5746,0.9343,2.5729,2.1844,2.3341,2.3341,125301.0,83402.5,34472.8,1509880.0,1005000.0,3.12,14.42,11.8,0.0000,-0.3132468568023014,1,15,56,2000-07-06
000990.SZ,2020-04-14,12.16,12.17,12.38,12.05,12.05,0.12,0.9959,66630.8,81160.4,0.7989,1.9329,0.67,17.9545,32.899,0.9436,2.5985,2.2061,2.3111,2.3111,125301.0,83402.5,34472.8,1524920.0,1015010.0,3.12,13.26,10.85,0.0000,-0.035145251002947936,1,15,56,2000-07-06
000990.SZ,2020-04-15,12.16,12.2,12.42,12.07,12.17,0.03,0.2465,58042.6,71011.3,0.6959,1.6837,0.65,17.9987,32.9801,0.9459,2.6049,2.2116,2.3054,2.3054,125301.0,83402.5,34472.8,1528670.0,1017510.0,3.12,13.39,10.95,0.0000,0.19720413394765823,1,15,56,2000-07-06
000990.SZ,2020-04-16,12.05,12.16,12.26,12.04,12.2,-0.04,-0.3279,49522.0,60296.9,0.5938,1.4366,0.56,17.9397,32.8719,0.9428,2.5964,2.2043,2.313,2.313,125301.0,83402.5,34472.8,1523660.0,1014170.0,3.12,13.42,10.98,0.0000,0.012269919704660705,1,15,56,2000-07-06
000990.SZ,2020-04-17,12.54,12.46,12.78,12.35,12.16,0.3,2.4671,113095.0,141775.0,1.356,3.2807,1.28,18.3823,33.6829,0.966,2.6605,2.2587,2.2573,2.2573,125301.0,83402.5,34472.8,1561250.0,1039200.0,3.12,13.38,10.94,0.0000,0.13754129985131883,1,15,56,2000-07-06
000990.SZ,2020-04-20,12.29,12.44,12.5,12.12,12.46,-0.02,-0.1605,73897.9,90910.7,0.886,2.1437,0.89,35.222,35.222,0.9657,2.2551,2.2551,2.2609,2.2609,125301.0,83402.5,34472.8,1558750.0,1037530.0,3.12,13.71,11.21,0.0000,-0.09468278949844655,1,15,56,2000-07-06
000990.SZ,2020-04-21,12.39,12.89,13.07,12.36,12.44,0.45,3.6174,124482.0,159133.0,1.4925,3.611,1.72,36.4961,36.4961,1.0007,2.3366,2.3366,2.182,2.182,125301.0,83402.5,34472.8,1615130.0,1075060.0,3.12,13.68,11.2,0.0000,0.23905051014130538,1,15,56,2000-07-06
000990.SZ,2020-04-22,12.87,12.73,12.95,12.69,12.89,-0.16,-1.2413,77173.9,98638.5,0.9253,2.2387,0.92,36.043,36.043,0.9883,2.3076,2.3076,2.2094,2.2094,125301.0,83402.5,34472.8,1595080.0,1061710.0,3.12,14.18,11.6,0.0000,-0.11363608563927023,1,15,56,2000-07-06
000990.SZ,2020-04-23,12.7,12.54,12.79,12.52,12.73,-0.19,-1.4925,55933.4,70602.6,0.6706,1.6225,0.64,35.5051,35.5051,0.9735,2.2732,2.2732,2.2429,2.2429,125301.0,83402.5,34472.8,1571280.0,1045870.0,3.12,14.0,11.46,0.0000,-0.022286275572929462,1,15,56,2000-07-06
000990.SZ,2020-04-24,12.49,12.13,12.55,12.05,12.54,-0.41,-3.2695,70044.4,85773.8,0.8398,2.0319,0.79,34.3442,34.3442,0.9417,2.1989,2.1989,2.3187,2.3187,125301.0,83402.5,34472.8,1519900.0,1011670.0,3.12,13.79,11.29,0.0000,-0.2845875174669086,1,15,56,2000-07-06
000990.SZ,2020-04-27,12.15,12.03,12.31,12.01,12.13,-0.1,-0.8244,49900.0,60403.6,0.5983,1.1717,0.62,34.0611,75.8833,0.9428,2.1807,1.9844,2.338,2.338,125301.0,83402.5,42587.5,1507370.0,1003330.0,3.12,13.34,10.92,0.0000,-0.048541015361803275,1,15,56,2000-07-06
000990.SZ,2020-04-28,12.08,11.71,12.11,11.31,12.03,-0.32,-2.66,61999.2,72255.4,0.7434,1.4558,0.82,33.1551,73.8648,0.9178,2.1227,1.9316,2.4019,2.4019,125301.0,83402.5,42587.5,1467280.0,976643.0,3.12,13.23,10.83,0.0000,-0.13617075958389094,1,15,56,2000-07-06
000990.SZ,2020-04-29,11.6,11.64,11.8,11.6,11.71,-0.07,-0.5978,29692.1,34702.8,0.356,0.6972,0.47,32.9569,73.4233,0.9123,2.11,1.92,2.4163,2.4163,125301.0,83402.5,42587.5,1458510.0,970805.0,3.12,12.88,10.54,0.0000,-0.25698894611703466,1,15,56,2000-07-06
000990.SZ,2020-04-30,11.69,11.9,11.98,11.69,11.64,0.26,2.2337,45784.6,54466.5,0.549,1.0751,0.86,33.693,75.0633,0.9327,2.1572,1.9629,2.3635,2.3635,125301.0,83402.5,42587.5,1491080.0,992490.0,3.12,12.8,10.48,0.0000,0.05267755141641416,1,15,56,2000-07-06
000990.SZ,2020-05-06,11.87,12.12,12.13,11.77,11.9,0.22,1.8487,46713.0,56089.1,0.5601,1.0969,0.91,34.3159,76.4511,0.9499,2.1971,1.9992,2.3206,2.3206,125301.0,83402.5,42587.5,1518650.0,1010840.0,3.12,13.09,10.71,0.0000,-0.011737817310942589,1,15,56,2000-07-06
000990.SZ,2020-05-07,12.2,12.35,12.49,12.06,12.12,0.23,1.8977,55886.2,68688.8,0.6701,1.3123,1.19,34.9671,77.9019,0.9679,2.2387,2.0371,2.2774,2.2774,125301.0,83402.5,42587.5,1547470.0,1030020.0,3.12,13.33,10.91,0.0000,0.28215500982965463,1,15,56,2000-07-06
000990.SZ,2020-05-08,12.37,12.28,12.42,12.22,12.35,-0.07,-0.5668,35986.9,44248.8,0.4315,0.845,0.75,34.7689,77.4603,0.9624,2.2261,2.0256,2.2904,2.2904,125301.0,83402.5,42587.5,1538700.0,1024180.0,3.12,13.59,11.12,0.0000,-0.23520395151983156,1,15,56,2000-07-06
000990.SZ,2020-05-11,12.26,12.13,12.4,12.04,12.28,-0.15,-1.2215,50681.4,62030.6,0.6077,1.1901,1.18,34.3442,76.5141,0.9507,2.1989,2.0009,2.3187,2.3187,125301.0,83402.5,42587.5,1519900.0,1011670.0,3.12,13.51,11.05,0.0000,-0.10722942283154611,1,15,56,2000-07-06
000990.SZ,2020-05-12,12.16,11.98,12.16,11.89,12.13,-0.15,-1.2366,39698.0,47564.0,0.476,0.9321,0.84,33.9195,75.568,0.9389,2.1717,1.9761,2.3477,2.3477,125301.0,83402.5,42587.5,1501110.0,999162.0,3.12,13.34,10.92,0.0000,-0.24390103854226322,1,15,56,2000-07-06
000990.SZ,2020-05-13,11.92,12.02,12.07,11.82,11.98,0.04,0.3339,32215.1,38493.1,0.3863,0.7564,0.7,34.0328,75.8203,0.9421,2.1789,1.9827,2.3399,2.3399,125301.0,83402.5,42587.5,1506120.0,1002500.0,3.12,13.18,10.78,0.0000,0.08323283893223592,1,15,56,2000-07-06
000990.SZ,2020-05-14,12.01,11.89,12.01,11.84,12.02,-0.13,-1.0815,32900.8,39143.1,0.3945,0.7725,0.77,33.6647,75.0002,0.9319,2.1554,1.9613,2.3655,2.3655,125301.0,83402.5,42587.5,1489830.0,991656.0,3.12,13.22,10.82,0.0000,-0.04225199981177184,1,15,56,2000-07-06
000990.SZ,2020-05-15,11.89,11.87,11.97,11.86,11.89,-0.02,-0.1682,28226.7,33590.9,0.3384,0.6628,0.74,33.6081,74.8741,0.9303,2.1517,1.958,2.3695,2.3695,125301.0,83402.5,42587.5,1487330.0,989988.0,3.12,13.08,10.7,0.0000,-0.11946002293061446,1,15,56,2000-07-06
000990.SZ,2020-05-18,11.86,11.63,11.91,11.6,11.87,-0.24,-2.0219,49987.3,58416.3,0.5994,1.1738,1.36,32.9286,73.3602,0.9115,2.1082,1.9184,2.4184,2.4184,125301.0,83402.5,42587.5,1457250.0,969971.0,3.12,13.06,10.68,0.0000,-0.10602309705900202,1,15,56,2000-07-06
000990.SZ,2020-05-19,11.78,11.68,11.85,11.67,11.63,0.05,0.4299,50534.1,59290.6,0.6059,1.1866,1.38,33.0701,73.6756,0.9154,2.1173,1.9266,2.408,2.408,125301.0,83402.5,42587.5,1463520.0,974141.0,3.12,12.79,10.47,0.0000,-0.26393067218266625,1,15,56,2000-07-06
000990.SZ,2020-05-20,11.69,11.59,11.82,11.53,11.68,-0.09,-0.7705,51078.9,59561.1,0.6124,1.1994,1.32,32.8153,73.1079,0.9084,2.101,1.9118,2.4267,2.4267,125301.0,83402.5,42587.5,1452240.0,966635.0,3.12,12.85,10.51,0.0000,-0.13637659440000183,1,15,56,2000-07-06
000990.SZ,2020-05-21,11.6,11.29,11.68,11.26,11.59,-0.3,-2.5884,50884.0,58145.7,0.6101,1.1948,1.2,31.9659,71.2155,0.8849,2.0466,1.8623,2.4912,2.4912,125301.0,83402.5,42587.5,1414650.0,941614.0,3.12,12.75,10.43,0.0000,-0.28811802318368374,1,15,56,2000-07-06
000990.SZ,2020-05-22,11.34,11.2,11.42,11.04,11.29,-0.09,-0.7972,38122.7,42701.2,0.4571,0.8952,0.83,31.7111,70.6478,0.8778,2.0303,1.8475,2.5112,2.5112,125301.0,83402.5,42587.5,1403370.0,934108.0,3.12,12.42,10.16,0.0000,-0.07181864907593628,1,15,56,2000-07-06
000990.SZ,2020-05-25,11.17,11.05,11.27,11.05,11.2,-0.15,-1.3393,35807.4,39865.9,0.4293,0.8408,0.74,31.2864,69.7017,0.866,2.0031,1.8227,2.5453,2.5453,125301.0,83402.5,42587.5,1384580.0,921598.0,3.12,12.32,10.08,0.0000,-0.24104423914984985,1,15,56,2000-07-06
000990.SZ,2020-05-26,11.14,11.19,11.31,11.09,11.05,0.14,1.267,61136.0,68659.4,0.733,1.4355,1.35,31.6828,70.5848,0.877,2.0285,1.8458,2.5135,2.5135,125301.0,83402.5,42587.5,1402120.0,933274.0,3.12,12.16,9.95,0.0000,-0.18698639628928684,1,15,56,2000-07-06
000990.SZ,2020-05-27,11.24,11.16,11.27,11.1,11.19,-0.03,-0.2681,34763.4,38833.6,0.4168,0.8163,0.73,31.5978,70.3955,0.8747,2.023,1.8409,2.5202,2.5202,125301.0,83402.5,42587.5,1398360.0,930772.0,3.12,12.31,10.07,0.0000,-0.306567299750568,1,15,56,2000-07-06
000990.SZ,2020-05-28,11.18,11.13,11.22,10.98,11.16,-0.03,-0.2688,24290.8,26961.9,0.2912,0.5704,0.55,31.5129,70.2063,0.8723,2.0176,1.8359,2.527,2.527,125301.0,83402.5,42587.5,1394600.0,928270.0,3.12,12.28,10.04,0.0000,-0.25510183544087406,1,15,56,2000-07-06
000990.SZ,2020-05-29,11.05,11.18,11.24,11.04,11.13,0.05,0.4492,23069.0,25760.4,0.2766,0.5417,0.59,31.6545,70.5217,0.8762,2.0267,1.8442,2.5157,2.5157,125301.0,83402.5,42587.5,1400870.0,932440.0,3.12,12.24,10.02,0.0000,-0.04447049554646782,1,15,56,2000-07-06
000990.SZ,2020-06-01,11.2,11.55,11.64,11.17,11.18,0.37,3.3095,58608.8,67277.6,0.7027,1.3762,1.64,32.7021,72.8556,0.9052,2.0937,1.9052,2.4351,2.4351,125301.0,83402.5,42587.5,1447230.0,963299.0,3.12,12.3,10.06,0.0000,0.33609081316981343,1,15,56,2000-07-06
000990.SZ,2020-06-02,11.63,11.9,12.06,11.55,11.55,0.35,3.0303,84276.6,100093.0,1.0105,1.9789,2.09,33.693,75.0633,0.9327,2.1572,1.9629,2.3635,2.3635,125301.0,83402.5,42587.5,1491080.0,992490.0,3.12,12.71,10.4,0.0000,0.158080628910848,1,15,56,2000-07-06
000990.SZ,2020-06-03,11.96,12.14,12.47,11.86,11.9,0.24,2.0168,106435.0,130399.0,1.2762,2.4992,2.37,34.3726,76.5772,0.9515,2.2007,2.0025,2.3168,2.3168,125301.0,83402.5,42587.5,1521160.0,1012510.0,3.12,13.09,10.71,0.0000,0.11714958807823067,1,15,56,2000-07-06
000990.SZ,2020-06-04,12.36,12.28,12.55,12.11,12.14,0.14,1.1532,70928.8,87416.8,0.8504,1.6655,1.2,34.7689,77.4603,0.9624,2.2261,2.0256,2.2904,2.2904,125301.0,83402.5,42587.5,1538700.0,1024180.0,3.12,13.35,10.93,0.0000,0.20630470074369808,1,15,56,2000-07-06
000990.SZ,2020-06-05,12.29,12.15,12.29,12.05,12.28,-0.13,-1.0586,46632.0,56701.6,0.5591,1.095,0.68,34.4009,76.6403,0.9523,2.2025,2.0042,2.3149,2.3149,125301.0,83402.5,42587.5,1522410.0,1013340.0,3.12,13.51,11.05,0.0000,-0.2438155087253691,1,15,56,2000-07-06
000990.SZ,2020-06-08,12.21,12.32,12.58,12.19,12.15,0.17,1.3992,67414.7,83507.3,0.8083,1.583,0.92,34.8822,77.7126,0.9656,2.2333,2.0322,2.2829,2.2829,125301.0,83402.5,42587.5,1543710.0,1027520.0,3.12,13.37,10.94,0.0000,0.254604119300728,1,15,56,2000-07-06
000990.SZ,2020-06-09,12.34,12.16,12.47,12.14,12.32,-0.16,-1.2987,33647.4,41082.2,0.4034,0.7901,0.45,34.4292,76.7034,0.953,2.2043,2.0058,2.313,2.313,125301.0,83402.5,42587.5,1523660.0,1014170.0,3.12,13.55,11.09,0.0000,-0.3405409854489052,1,15,56,2000-07-06
000990.SZ,2020-06-10,12.18,11.92,12.27,11.78,12.16,-0.24,-1.9737,61310.6,73058.2,0.7351,1.4396,0.94,33.7497,75.1895,0.9342,2.1608,1.9662,2.3595,2.3595,125301.0,83402.5,42587.5,1493590.0,994158.0,3.12,13.38,10.94,0.0000,-0.3424157500221442,1,15,56,2000-07-06
000990.SZ,2020-06-11,11.92,11.78,12.05,11.67,11.92,-0.14,-1.1745,49003.4,58143.9,0.5876,1.1507,0.88,33.3533,74.3064,0.9233,2.1354,1.9431,2.3876,2.3876,125301.0,83402.5,42587.5,1476050.0,982482.0,3.12,13.11,10.73,0.0000,-0.3150984414485239,1,15,56,2000-07-06
000990.SZ,2020-06-12,11.62,11.8,11.9,11.49,11.78,0.02,0.1698,47880.4,56300.4,0.5741,1.1243,0.93,33.4099,74.4325,0.9248,2.139,1.9464,2.3835,2.3835,125301.0,83402.5,42587.5,1478550.0,984150.0,3.12,12.96,10.6,0.0000,-0.18978386663674524,1,15,56,2000-07-06
000990.SZ,2020-06-15,11.73,11.66,11.89,11.65,11.8,-0.14,-1.1864,40866.6,47957.4,0.49,0.9596,0.79,33.0135,73.5494,0.9139,2.1137,1.9233,2.4122,2.4122,125301.0,83402.5,42587.5,1461010.0,972473.0,3.12,12.98,10.62,0.0000,-0.18252730206673254,1,15,56,2000-07-06
000990.SZ,2020-06-16,11.68,11.77,11.83,11.65,11.66,0.11,0.9434,38424.6,45139.3,0.4607,0.9022,0.83,33.325,74.2433,0.9225,2.1336,1.9415,2.3896,2.3896,125301.0,83402.5,42587.5,1474800.0,981648.0,3.12,12.83,10.49,0.0000,-0.09407343009517645,1,15,56,2000-07-06
000990.SZ,2020-06-17,11.83,11.9,11.91,11.53,11.77,0.13,1.1045,50269.3,58859.5,0.6027,1.1804,1.06,33.693,75.0633,0.9327,2.1572,1.9629,2.3635,2.3635,125301.0,83402.5,42587.5,1491080.0,992490.0,3.12,12.95,10.59,0.0000,-0.1400721316487573,1,15,56,2000-07-06
000990.SZ,2020-06-18,11.96,11.77,11.98,11.73,11.9,-0.13,-1.0924,39001.3,46082.2,0.4676,0.9158,0.86,33.325,74.2433,0.9225,2.1336,1.9415,2.3896,2.3896,125301.0,83402.5,42587.5,1474800.0,981648.0,3.12,13.09,10.71,0.0000,0.247272978189105,1,15,56,2000-07-06
000990.SZ,2020-06-19,11.79,12.95,12.95,11.77,11.77,1.18,10.0255,202180.0,253250.0,2.4242,4.7474,4.67,36.6659,81.6866,1.015,2.3475,2.1361,2.1719,2.1719,125301.0,83402.5,42587.5,1622650.0,1080060.0,3.12,12.95,10.59,0.0000,0.3202312687350604,1,15,56,2000-07-06
000990.SZ,2020-06-22,13.02,12.88,13.28,12.75,12.95,-0.07,-0.5405,212747.0,275751.0,2.5508,4.9955,2.87,36.4677,81.245,1.0095,2.3348,2.1246,2.1837,2.1837,125301.0,83402.5,42587.5,1613880.0,1074220.0,3.12,14.25,11.66,0.0000,-0.14151526614947604,1,15,56,2000-07-06
000990.SZ,2020-06-23,12.88,12.47,12.95,12.39,12.88,-0.41,-3.1832,122682.0,154839.0,1.471,2.8807,1.13,35.3069,78.6588,0.9773,2.2605,2.0569,2.2555,2.2555,125301.0,83402.5,42587.5,1562510.0,1040030.0,3.12,14.17,11.59,0.0000,-0.31052654199310115,1,15,56,2000-07-06
000990.SZ,2020-06-24,12.5,12.31,12.51,12.22,12.47,-0.16,-1.2831,67681.9,83353.2,0.8115,1.5892,0.54,34.8539,77.6495,0.9648,2.2315,2.0306,2.2848,2.2848,125301.0,83402.5,42587.5,1542460.0,1026680.0,3.12,13.72,11.22,0.0000,-0.11393126388917958,1,15,56,2000-07-06
000990.SZ,2020-06-29,12.31,12.13,12.49,12.12,12.31,-0.18,-1.4622,92917.7,114282.0,1.1141,2.1818,0.72,34.3442,76.5141,0.9507,2.1989,2.0009,2.3187,2.3187,125301.0,83402.5,42587.5,1519900.0,1011670.0,3.12,13.54,11.08,0.0000,-0.19177253193488122,1,15,56,2000-07-06
000990.SZ,2020-06-30,12.31,12.69,13.06,12.23,12.13,0.56,4.6167,141176.0,178655.0,1.6927,3.315,1.01,35.9298,80.0465,0.9946,2.3004,2.0932,2.2164,2.2164,125301.0,83402.5,42587.5,1590070.0,1058380.0,3.12,13.34,10.92,0.0000,0.06892588415429204,1,15,56,2000-07-06
000990.SZ,2020-07-01,12.68,13.57,13.86,12.61,12.69,0.88,6.9346,228095.0,305452.0,2.7349,5.3559,1.79,38.4214,85.5974,1.0635,2.4599,2.2384,2.0726,2.0726,125301.0,83402.5,42587.5,1700340.0,1131770.0,3.12,13.96,11.42,0.0000,0.09043723727416725,1,15,56,2000-07-06
000990.SZ,2020-07-02,13.55,14.18,14.56,13.51,13.57,0.61,4.4952,250078.0,355196.0,2.9985,5.8721,1.92,40.1485,89.4452,1.1114,2.5705,2.339,1.9835,1.9835,125301.0,83402.5,42587.5,1776770.0,1182650.0,3.12,14.93,12.21,0.0000,0.03881668884135489,1,15,56,2000-07-06
000990.SZ,2020-07-03,14.23,14.77,14.97,14.21,14.18,0.59,4.1608,228390.0,334460.0,2.7384,5.3628,1.46,41.819,93.1668,1.1576,2.6774,2.4363,1.9042,1.9042,125301.0,83402.5,42587.5,1850700.0,1231860.0,3.12,15.6,12.76,0.0000,0.06051374106788065,1,15,56,2000-07-06
000990.SZ,2020-07-06,14.99,15.78,15.87,14.99,14.77,1.01,6.8382,242945.0,374528.0,2.9129,5.7046,1.29,44.6787,99.5378,1.2368,2.8605,2.6029,1.7824,1.7824,125301.0,83402.5,42587.5,1977250.0,1316090.0,3.12,16.25,13.29,0.0000,0.13283776360051938,1,15,56,2000-07-06
000990.SZ,2020-07-07,15.99,16.21,16.35,15.0,15.78,0.43,2.725,324756.0,510828.0,3.8938,7.6256,1.49,45.8961,102.25,1.2705,2.9385,2.6739,1.7351,1.7351,125301.0,83402.5,42587.5,2031130.0,1351950.0,3.12,17.36,14.2,0.0000,0.09585081052063663,1,15,56,2000-07-06
000990.SZ,2020-07-08,15.95,15.93,16.3,15.62,16.21,-0.28,-1.7273,214618.0,340964.0,2.5733,5.0395,0.84,45.1034,100.484,1.2485,2.8877,2.6277,1.7656,1.7656,125301.0,83402.5,42587.5,1996050.0,1328600.0,3.12,17.83,14.59,0.0000,0.11420137588786439,1,15,56,2000-07-06
000990.SZ,2020-07-09,15.8,15.99,16.17,15.44,15.93,0.06,0.3766,182066.0,289625.0,2.183,4.2751,0.72,45.2732,100.862,1.2532,2.8986,2.6376,1.759,1.759,125301.0,83402.5,42587.5,2003570.0,1333610.0,3.12,17.52,14.34,0.0000,-0.038967368106772066,1,15,56,2000-07-06
000990.SZ,2020-07-10,16.12,17.59,17.59,15.86,15.99,1.6,10.0063,337942.0,586028.0,4.0519,7.9352,1.42,49.8034,110.955,1.3786,3.1886,2.9015,1.599,1.599,125301.0,83402.5,42587.5,2204050.0,1467050.0,3.12,17.59,14.39,0.0000,0.10521223019313479,1,15,56,2000-07-06
000990.SZ,2020-07-13,17.59,17.89,19.26,17.01,17.59,0.3,1.7055,513673.0,935500.0,6.159,10.0304,1.97,50.6528,112.847,1.4021,3.243,2.951,1.5721,1.5721,125301.0,83402.5,51211.8,2241640.0,1492070.0,3.12,19.35,15.83,0.0000,-0.007032128958688349,1,15,56,2000-07-06
000990.SZ,2020-07-14,17.93,16.34,17.99,16.1,17.89,-1.55,-8.6641,428334.0,722199.0,5.1357,8.364,1.36,46.2642,103.07,1.2806,2.962,2.6953,1.7213,1.7213,125301.0,83402.5,51211.8,2047420.0,1362800.0,3.12,19.68,16.1,0.0000,-0.14197933008223548,1,15,56,2000-07-06
000990.SZ,2020-07-15,16.47,15.63,16.84,15.29,16.34,-0.71,-4.3452,294426.0,468589.0,3.5302,5.7492,0.88,44.254,98.5916,1.225,2.8333,2.5782,1.7995,1.7995,125301.0,83402.5,51211.8,1958460.0,1303580.0,3.12,17.97,14.71,0.0000,-0.1382226982668472,1,15,56,2000-07-06
000990.SZ,2020-07-16,15.62,14.86,15.8,14.84,15.63,-0.77,-4.9264,183170.0,281568.0,2.1962,3.5767,0.52,42.0738,93.7345,1.1646,2.6937,2.4512,1.8927,1.8927,125301.0,83402.5,51211.8,1861980.0,1239360.0,3.12,17.19,14.07,0.0000,-0.055484460145311845,1,15,56,2000-07-06
000990.SZ,2020-07-17,15.22,15.15,15.85,15.0,14.86,0.29,1.9515,144403.0,220913.0,1.7314,2.8197,0.41,42.8949,95.5638,1.1874,2.7463,2.499,1.8565,1.8565,125301.0,83402.5,51211.8,1898310.0,1263550.0,3.12,16.35,13.37,0.0000,0.019225021704492008,1,15,56,2000-07-06
000990.SZ,2020-07-20,15.25,15.66,15.71,15.25,15.15,0.51,3.3663,135609.0,210470.0,1.626,2.648,0.43,44.3389,98.7808,1.2273,2.8388,2.5831,1.796,1.796,125301.0,83402.5,51211.8,1962220.0,1306080.0,3.12,16.67,13.64,0.0000,0.2744978150823875,1,15,56,2000-07-06
000990.SZ,2020-07-21,15.66,15.67,15.95,15.26,15.66,0.01,0.0639,107031.0,166625.0,1.2833,2.09,0.45,44.3672,98.8439,1.2281,2.8406,2.5848,1.7949,1.7949,125301.0,83402.5,51211.8,1963470.0,1306920.0,3.12,17.23,14.09,0.0000,0.09664394244669015,1,15,56,2000-07-06
000990.SZ,2020-07-22,15.52,16.8,17.17,15.52,15.67,1.13,7.2112,253870.0,418989.0,3.0439,4.9573,1.47,47.5666,105.972,1.3167,3.0454,2.7712,1.6742,1.6742,125301.0,83402.5,51211.8,2105060.0,1401160.0,3.12,17.24,14.1,0.0000,0.033358724000458695,1,15,56,2000-07-06
000990.SZ,2020-07-23,16.5,16.56,17.12,16.15,16.8,-0.24,-1.4286,209881.0,349108.0,2.5165,4.0983,1.27,46.8871,104.458,1.2979,3.0019,2.7316,1.6984,1.6984,125301.0,83402.5,51211.8,2074990.0,1381150.0,3.12,18.48,15.12,0.0000,0.013995601834477726,1,15,56,2000-07-06
000990.SZ,2020-07-24,16.73,15.78,16.88,15.78,16.56,-0.78,-4.7101,147566.0,240895.0,1.7693,2.8815,0.87,44.6787,99.5378,1.2368,2.8605,2.6029,1.7824,1.7824,125301.0,83402.5,51211.8,1977250.0,1316090.0,3.12,18.22,14.9,0.0000,-0.0486493714335433,1,15,56,2000-07-06
000990.SZ,2020-07-27,15.38,15.09,15.65,15.0,15.78,-0.69,-4.3726,129133.0,197248.0,1.5483,2.8817,0.76,42.725,295.432,1.1862,2.7354,2.3117,1.8639,1.8639,125301.0,83402.5,44811.3,1890800.0,1258540.0,3.12,17.36,14.2,0.0000,-0.17585241827552445,1,15,56,2000-07-06
000990.SZ,2020-07-28,15.24,15.2,15.8,14.9,15.09,0.11,0.729,115516.0,175985.0,1.385,2.5778,0.68,43.0365,297.585,1.1949,2.7554,2.3286,1.8504,1.8504,125301.0,83402.5,44811.3,1904580.0,1267720.0,3.12,16.6,13.58,0.0000,-0.10403579784704806,1,15,56,2000-07-06
000990.SZ,2020-07-29,15.1,15.85,15.86,15.0,15.2,0.65,4.2763,104879.0,163265.0,1.2575,2.3405,0.61,44.8768,310.311,1.246,2.8732,2.4281,1.7745,1.7745,125301.0,83402.5,44811.3,1986020.0,1321930.0,3.12,16.72,13.68,0.0000,0.0035484080861251936,1,15,56,2000-07-06
000990.SZ,2020-07-30,15.86,15.53,16.09,15.44,15.85,-0.32,-2.0189,99435.7,155482.0,1.1922,2.219,0.7,43.9708,304.046,1.2208,2.8152,2.3791,1.8111,1.8111,125301.0,83402.5,44811.3,1945930.0,1295240.0,3.12,17.44,14.27,0.0000,-0.10601020731373877,1,15,56,2000-07-06
000990.SZ,2020-07-31,15.66,16.78,16.96,15.55,15.53,1.25,8.0489,214408.0,352258.0,2.5708,4.7847,1.8,47.51,328.518,1.3191,3.0418,2.5706,1.6761,1.6761,125301.0,83402.5,44811.3,2102550.0,1399490.0,3.12,17.08,13.98,0.0000,0.09333841941782638,1,15,56,2000-07-06
000990.SZ,2020-08-03,17.18,17.94,18.18,16.88,16.78,1.16,6.913,248567.0,438940.0,2.9803,5.547,1.87,50.7944,351.229,1.4103,3.2521,2.7483,1.5678,1.5678,125301.0,83402.5,44811.3,2247900.0,1496240.0,3.12,18.46,15.1,0.0000,0.08291877098418986,1,15,56,2000-07-06
000990.SZ,2020-08-04,18.1,17.84,18.36,17.72,17.94,-0.1,-0.5574,171631.0,309070.0,2.0579,3.8185,1.1,50.5112,349.271,1.4024,3.2339,2.733,1.5766,1.5766,125301.0,83402.5,44946.8,2235370.0,1487900.0,3.12,19.73,16.15,0.0000,-0.05625911201109101,1,15,56,2000-07-06
000990.SZ,2020-08-05,18.08,17.41,18.08,17.17,17.84,-0.43,-2.4103,152916.0,267244.0,1.8335,3.4022,0.91,49.2937,340.853,1.3686,3.156,2.6671,1.6155,1.6155,125301.0,83402.5,44946.8,2181490.0,1452040.0,3.12,19.62,16.06,0.0000,-0.16739864030305363,1,15,56,2000-07-06
000990.SZ,2020-08-06,17.31,17.52,17.95,17.22,17.41,0.11,0.6318,185914.0,325509.0,2.2291,4.1363,1.05,49.6052,343.006,1.3773,3.1759,2.684,1.6054,1.6054,125301.0,83402.5,44946.8,2195280.0,1461210.0,3.12,19.15,15.67,0.0000,0.06528777976007152,1,15,56,2000-07-06
000990.SZ,2020-08-07,17.3,17.22,17.8,16.97,17.52,-0.3,-1.7123,138160.0,238938.0,1.6565,3.0739,0.71,48.7558,337.133,1.3537,3.1216,2.638,1.6333,1.6333,125301.0,83402.5,44946.8,2157690.0,1436190.0,3.12,19.27,15.77,0.0000,-0.21979654336340326,1,15,56,2000-07-06
000990.SZ,2020-08-10,17.17,16.58,17.2,16.29,17.22,-0.64,-3.7166,151121.0,251448.0,1.8119,3.3622,0.84,46.9437,324.603,1.3034,3.0055,2.54,1.6964,1.6964,125301.0,83402.5,44946.8,2077490.0,1382810.0,3.12,18.94,15.5,0.0000,-0.16413015694002775,1,15,56,2000-07-06
000990.SZ,2020-08-11,16.53,15.85,16.58,15.79,16.58,-0.73,-4.4029,136938.0,222476.0,1.6419,3.0467,0.86,44.8768,310.311,1.246,2.8732,2.4281,1.7745,1.7745,125301.0,83402.5,44946.8,1986020.0,1321930.0,3.12,18.24,14.92,0.0000,-0.1481853311058095,1,15,56,2000-07-06
000990.SZ,2020-08-12,16.0,15.9,16.36,15.42,15.85,0.05,0.3155,146891.0,232235.0,1.7612,3.2681,0.96,45.0184,311.29,1.2499,2.8823,2.4358,1.7689,1.7689,125301.0,83402.5,44946.8,1992290.0,1326100.0,3.12,17.44,14.27,0.0000,-0.10498437551190636,1,15,56,2000-07-06
000990.SZ,2020-08-13,15.92,16.4,16.78,15.81,15.9,0.5,3.1447,147487.0,239175.0,1.7684,3.2814,0.97,46.4341,321.079,1.2892,2.9729,2.5124,1.715,1.715,125301.0,83402.5,44946.8,2054940.0,1367800.0,3.12,17.49,14.31,0.0000,-0.02290392038271146,1,15,56,2000-07-06
000990.SZ,2020-08-14,16.4,16.54,16.58,16.23,16.4,0.14,0.8537,70191.9,115176.0,0.8416,1.5617,0.49,46.8305,323.82,1.3002,2.9983,2.5338,1.7005,1.7005,125301.0,83402.5,44946.8,2072480.0,1379480.0,3.12,18.04,14.76,0.0000,0.0092534442773999,1,15,56,2000-07-06
000990.SZ,2020-08-17,16.64,16.38,16.65,16.07,16.54,-0.16,-0.9674,102980.0,168038.0,1.2347,2.2912,0.79,46.3775,320.687,1.2876,2.9693,2.5093,1.7171,1.7171,125301.0,83402.5,44946.8,2052430.0,1366130.0,3.12,18.19,14.89,0.0000,-0.05708048672215781,1,15,56,2000-07-06
000990.SZ,2020-08-18,16.49,16.53,16.66,16.28,16.38,0.15,0.9158,78724.6,129452.0,0.9439,1.7515,0.65,46.8022,323.624,1.2994,2.9965,2.5323,1.7015,1.7015,125301.0,83402.5,44946.8,2071230.0,1378640.0,3.12,18.02,14.74,0.0000,0.03128974471848649,1,15,56,2000-07-06
000990.SZ,2020-08-19,15.9,15.95,16.38,15.89,16.53,-0.58,-3.5088,135720.0,218384.0,1.6273,2.9441,1.24,45.16,312.269,1.2538,2.8913,2.4435,1.7634,1.7634,125301.0,83402.5,46099.5,1998550.0,1330270.0,3.12,18.18,14.88,0.0000,-0.22102914540169583,1,15,56,2000-07-06
000990.SZ,2020-08-20,15.84,15.8,16.11,15.63,15.95,-0.15,-0.9404,63521.0,101072.0,0.7616,1.3779,0.59,44.7353,309.332,1.242,2.8641,2.4205,1.7801,1.7801,125301.0,83402.5,46099.5,1979760.0,1317760.0,3.12,17.55,14.36,0.0000,0.03941971584171552,1,15,56,2000-07-06
000990.SZ,2020-08-21,15.9,15.39,16.05,15.22,15.8,-0.41,-2.5949,93967.4,146182.0,1.1267,2.0384,1.04,43.5744,301.305,1.2098,2.7898,2.3577,1.8275,1.8275,125301.0,83402.5,46099.5,1928390.0,1283560.0,3.12,17.38,14.22,0.0000,-0.3402443060610144,1,15,56,2000-07-06
000990.SZ,2020-08-24,15.55,15.54,15.79,15.1,15.39,0.15,0.9747,63224.0,98096.5,0.7581,1.3715,0.67,43.9991,304.242,1.2216,2.817,2.3806,1.8099,1.8099,125301.0,83402.5,46099.5,1947180.0,1296080.0,3.12,16.93,13.85,0.0000,0.08124263893397356,1,15,56,2000-07-06
000990.SZ,2020-08-25,15.66,15.72,15.9,15.62,15.54,0.18,1.1583,51217.0,80675.6,0.6141,1.111,0.59,44.5088,307.766,1.2358,2.8496,2.4082,1.7892,1.7892,125301.0,83402.5,46099.5,1969730.0,1311090.0,3.12,17.09,13.99,0.0000,0.058405205691022304,1,15,56,2000-07-06
000990.SZ,2020-08-26,15.75,15.12,15.83,15.05,15.72,-0.6,-3.8168,65502.9,100593.0,0.7854,1.4209,0.8,42.81,296.019,1.1886,2.7409,2.3163,1.8602,1.8602,125301.0,83402.5,46099.5,1894550.0,1261050.0,3.12,17.29,14.15,0.0000,-0.2881205670790043,1,15,56,2000-07-06
000990.SZ,2020-08-27,15.57,15.1,15.57,14.89,15.12,-0.02,-0.1323,56134.9,84640.7,0.6731,1.2177,0.83,42.7533,295.627,1.187,2.7373,2.3132,1.8626,1.8626,125301.0,83402.5,46099.5,1892050.0,1259380.0,3.12,16.63,13.61,0.0000,-0.30618067009761935,1,15,56,2000-07-06
000990.SZ,2020-08-28,15.11,15.22,15.29,14.78,15.1,0.12,0.7947,60182.5,90463.8,0.7216,1.3055,0.91,43.0931,297.977,1.1965,2.759,2.3316,1.8479,1.8479,125301.0,83402.5,46099.5,1907080.0,1269390.0,3.12,16.61,13.59,0.0000,-0.34824163956917364,1,15,56,2000-07-06
000990.SZ,2020-08-31,15.3,15.3,15.63,15.12,15.22,0.08,0.5256,52774.4,81387.4,0.6328,1.1448,0.89,43.3196,299.543,1.2027,2.7735,2.3439,1.8383,1.8383,125301.0,83402.5,46099.5,1917110.0,1276060.0,3.12,16.74,13.7,0.0000,0.24159195386607046,1,15,56,2000-07-06
000990.SZ,2020-09-01,15.34,15.44,15.54,15.0,15.3,0.14,0.915,52253.6,79978.8,0.6265,1.1335,0.91,43.716,302.284,1.2138,2.7989,2.3653,1.8216,1.8216,125301.0,83402.5,46099.5,1934650.0,1287730.0,3.12,16.83,13.77,0.0000,0.013289672056282256,1,15,56,2000-07-06
000990.SZ,2020-09-02,15.43,15.35,15.51,15.0,15.44,-0.09,-0.5829,55308.1,84536.8,0.6631,1.1998,0.96,43.4612,300.522,1.2067,2.7826,2.3515,1.8323,1.8323,125301.0,83402.5,46099.5,1923370.0,1280230.0,3.12,16.98,13.9,0.0000,-0.15133590263951158,1,15,56,2000-07-06
000990.SZ,2020-09-03,15.16,15.16,15.7,15.08,15.35,-0.19,-1.2378,77106.3,118355.0,0.9245,1.6726,1.39,42.9232,296.802,1.1917,2.7481,2.3224,1.8553,1.8553,125301.0,83402.5,46099.5,1899570.0,1264380.0,3.12,16.89,13.82,0.0000,-0.19275825906897884,1,15,56,2000-07-06
000990.SZ,2020-09-04,15.08,14.88,15.08,14.5,15.16,-0.28,-1.847,85116.9,125854.0,1.0206,1.8464,1.43,42.1304,291.32,1.1697,2.6974,2.2795,1.8902,1.8902,125301.0,83402.5,46099.5,1864480.0,1241030.0,3.12,16.68,13.64,0.0000,-0.3176990302090436,1,15,56,2000-07-06
000990.SZ,2020-09-07,14.91,14.45,15.07,14.4,14.88,-0.43,-2.8898,72833.6,106922.0,0.8733,1.5799,1.13,40.913,282.902,1.1359,2.6194,2.2137,1.9464,1.9464,125301.0,83402.5,46099.5,1810600.0,1205170.0,3.12,16.37,13.39,0.0000,-0.13284467282484744,1,15,56,2000-07-06
000990.SZ,2020-09-08,14.5,14.44,14.6,14.2,14.45,-0.01,-0.0692,52334.4,75084.2,0.6275,1.1352,0.76,40.8846,282.706,1.1351,2.6176,2.2121,1.9478,1.9478,125301.0,83402.5,46099.5,1809350.0,1204330.0,3.12,15.9,13.01,0.0000,-0.13885491408413686,1,15,56,2000-07-06
000990.SZ,2020-09-09,14.28,13.71,14.54,13.7,14.44,-0.73,-5.0554,87405.9,122915.0,1.048,1.896,1.28,38.8178,268.414,1.0778,2.4853,2.1003,2.0515,2.0515,125301.0,83402.5,46099.5,1717880.0,1143450.0,3.12,15.88,13.0,0.0000,-0.24033154450837596,1,15,56,2000-07-06
000990.SZ,2020-09-10,13.83,13.45,14.07,13.39,13.71,-0.26,-1.8964,63537.7,87349.0,0.7618,1.3783,0.85,38.0816,263.324,1.0573,2.4382,2.0605,2.0911,2.0911,125301.0,83402.5,46099.5,1685300.0,1121760.0,3.12,15.08,12.34,0.0000,-0.1605279360810014,1,15,56,2000-07-06
000990.SZ,2020-09-11,13.6,13.65,13.68,13.38,13.45,0.2,1.487,39602.2,53704.9,0.4748,0.8591,0.55,38.6479,267.239,1.073,2.4744,2.0911,2.0605,2.0605,125301.0,83402.5,46099.5,1710360.0,1138440.0,3.12,14.8,12.11,0.0000,-0.11102572330749823,1,15,56,2000-07-06
000990.SZ,2020-09-14,13.6,13.7,14.0,13.5,13.65,0.05,0.3663,42110.1,57931.6,0.5049,0.9135,0.67,38.7895,268.218,1.077,2.4835,2.0988,2.053,2.053,125301.0,83402.5,46099.5,1716630.0,1142610.0,3.12,15.02,12.29,0.0000,0.04430316152554323,1,15,56,2000-07-06
000990.SZ,2020-09-15,13.82,13.7,13.88,13.47,13.7,0.0,0.0,39085.9,53266.1,0.4686,0.7464,0.69,38.7895,268.218,1.077,2.4835,2.0988,2.053,2.053,125301.0,83402.5,52364.6,1716630.0,1142610.0,3.12,15.07,12.33,0.0000,-0.10153511436854809,1,15,56,2000-07-06
000990.SZ,2020-09-16,13.79,15.07,15.07,13.66,13.7,1.37,10.0,181776.0,268442.0,2.1795,3.4714,3.34,42.6684,295.04,1.1847,2.7318,2.3086,1.8663,1.8663,125301.0,83402.5,52364.6,1888290.0,1256880.0,3.12,15.07,12.33,0.0000,0.0883891483781823,1,15,56,2000-07-06
000990.SZ,2020-09-17,15.05,14.39,15.24,14.33,15.07,-0.68,-4.5123,143620.0,210484.0,1.722,2.7427,1.96,40.7431,281.727,1.1312,2.6085,2.2045,1.9545,1.9545,125301.0,83402.5,52364.6,1803080.0,1200160.0,3.12,16.58,13.56,0.0000,0.14575355085546352,1,15,56,2000-07-06
000990.SZ,2020-09-18,14.52,15.11,15.35,14.33,14.39,0.72,5.0035,110023.0,164358.0,1.3192,2.1011,1.19,42.7817,295.823,1.1878,2.7391,2.3148,1.8614,1.8614,125301.0,83402.5,52364.6,1893300.0,1260210.0,3.12,15.83,12.95,0.0000,0.009857158317936971,1,15,56,2000-07-06
000990.SZ,2020-09-21,15.11,14.53,15.25,14.46,15.11,-0.58,-3.8385,140403.0,206653.0,1.6834,2.6813,1.36,41.1395,284.468,1.1422,2.6339,2.2259,1.9357,1.9357,125301.0,83402.5,52364.6,1820630.0,1211840.0,3.12,16.62,13.6,0.0000,0.0896314154997599,1,15,56,2000-07-06
000990.SZ,2020-09-22,14.34,13.7,14.34,13.65,14.53,-0.83,-5.7123,101940.0,142122.0,1.2223,1.9467,0.83,38.7895,268.218,1.077,2.4835,2.0988,2.053,2.053,125301.0,83402.5,52364.6,1716630.0,1142610.0,3.12,15.98,13.08,0.0000,-0.21803835860518422,1,15,56,2000-07-06
000990.SZ,2020-09-23,13.84,13.75,13.84,13.6,13.7,0.05,0.365,38303.8,52519.6,0.4593,0.7315,0.28,38.931,269.197,1.0809,2.4925,2.1064,2.0455,2.0455,125301.0,83402.5,52364.6,1722890.0,1146780.0,3.12,15.07,12.33,0.0000,-0.010387448137026481,1,15,56,2000-07-06
000990.SZ,2020-09-24,13.55,13.16,13.68,13.07,13.75,-0.59,-4.2909,76725.4,101647.0,0.9199,1.4652,0.72,37.2605,257.646,1.0345,2.3856,2.016,2.1372,2.1372,125301.0,83402.5,52364.6,1648960.0,1097580.0,3.12,15.13,12.38,0.0000,-0.30317222120399895,1,15,56,2000-07-06
000990.SZ,2020-09-25,13.19,12.94,13.27,12.9,13.16,-0.22,-1.6717,47873.4,62260.5,0.574,0.9142,0.51,36.6376,253.339,1.0172,2.3457,1.9823,2.1736,2.1736,125301.0,83402.5,52364.6,1621400.0,1079230.0,3.12,14.48,11.84,0.0000,-0.4006409591615987,1,15,56,2000-07-06
000990.SZ,2020-09-28,12.96,12.79,13.15,12.5,12.94,-0.15,-1.1592,56194.1,72243.7,0.6738,1.0731,0.69,36.2129,250.402,1.0054,2.3185,1.9594,2.199,2.199,125301.0,83402.5,52364.6,1602600.0,1066720.0,3.12,14.23,11.65,0.0000,-0.36761953213037635,1,15,56,2000-07-06
000990.SZ,2020-09-29,12.92,12.8,13.01,12.71,12.79,0.01,0.0782,64866.9,83267.1,0.7778,1.2388,1.01,36.2412,250.598,1.0062,2.3203,1.9609,2.1973,2.1973,125301.0,83402.5,52364.6,1603860.0,1067550.0,3.12,14.07,11.51,0.0000,-0.37407134252840746,1,15,56,2000-07-06
000990.SZ,2020-09-30,12.91,12.92,13.04,12.52,12.8,0.12,0.9375,37909.1,48832.1,0.4545,0.7239,0.67,36.581,252.947,1.0157,2.3421,1.9793,2.1769,2.1769,125301.0,83402.5,52364.6,1618890.0,1077560.0,3.12,14.08,11.52,0.0000,0.040121740744791384,1,15,56,2000-07-06
000990.SZ,2020-10-09,13.1,12.92,13.28,12.89,12.92,0.0,0.0,58709.1,76503.4,0.7039,1.1212,1.04,36.581,252.947,1.0157,2.3421,1.9793,2.1769,2.1769,125301.0,83402.5,52364.6,1618890.0,1077560.0,3.12,14.21,11.63,0.0000,-0.04048116462969786,1,15,56,2000-07-06
000990.SZ,2020-10-12,12.97,13.39,13.58,12.97,12.92,0.47,3.6378,78598.0,104825.0,0.9424,1.501,1.48,37.9117,262.149,1.0526,2.4273,2.0513,2.1005,2.1005,125301.0,83402.5,52364.6,1677780.0,1116760.0,3.12,14.21,11.63,0.0000,0.0035248895759494967,1,15,56,2000-07-06
000990.SZ,2020-10-13,13.34,13.47,13.64,13.31,13.39,0.08,0.5975,46729.0,62991.9,0.5603,0.8924,0.79,38.1382,263.715,1.0589,2.4418,2.0635,2.088,2.088,125301.0,83402.5,52364.6,1687810.0,1123430.0,3.12,14.73,12.05,0.0000,0.07511997006813126,1,15,56,2000-07-06
000990.SZ,2020-10-14,13.4,13.24,13.56,13.22,13.47,-0.23,-1.7075,46118.5,61577.1,0.553,0.8807,0.8,37.487,259.212,1.0408,2.4001,2.0283,2.1243,2.1243,125301.0,83402.5,52364.6,1658990.0,1104250.0,3.12,14.82,12.12,0.0000,-0.16576637955054183,1,15,56,2000-07-06
000990.SZ,2020-10-15,13.33,13.14,13.43,13.09,13.24,-0.1,-0.7553,41114.6,54434.4,0.493,0.7852,0.77,37.2039,257.255,1.0329,2.382,2.013,2.1405,2.1405,125301.0,83402.5,52364.6,1646460.0,1095910.0,3.12,14.56,11.92,0.0000,-0.24873034806887198,1,15,56,2000-07-06
000990.SZ,2020-10-16,13.12,13.03,13.18,12.96,13.14,-0.11,-0.8371,38422.4,50153.0,0.4607,0.7337,0.71,36.8925,255.101,1.0243,2.362,1.9961,2.1585,2.1585,125301.0,83402.5,52364.6,1632670.0,1086730.0,3.12,14.45,11.83,0.0000,-0.478063043026547,1,15,56,2000-07-06
000990.SZ,2020-10-19,13.04,13.03,13.44,12.95,13.03,0.0,0.0,43109.5,56711.0,0.5169,0.8233,0.86,36.8925,255.101,1.0243,2.362,1.9961,2.1585,2.1585,125301.0,83402.5,52364.6,1632670.0,1086730.0,3.12,14.33,11.73,0.0000,0.07882405164850927,1,15,56,2000-07-06
000990.SZ,2020-10-20,12.91,13.22,13.25,12.83,13.03,0.19,1.4582,28258.3,36990.6,0.3388,0.5396,0.66,37.4304,258.821,1.0392,2.3965,2.0252,2.1275,2.1275,125301.0,83402.5,52364.6,1656480.0,1102580.0,3.12,14.33,11.73,0.0000,-0.1402730351576585,1,15,56,2000-07-06
000990.SZ,2020-10-21,13.21,13.31,13.38,13.09,13.22,0.09,0.6808,42357.4,56162.2,0.5079,0.8089,1.07,37.6852,260.583,1.0463,2.4128,2.039,2.1131,2.1131,125301.0,83402.5,52364.6,1667760.0,1110090.0,3.12,14.54,11.9,0.0000,0.08942435603212467,1,15,56,2000-07-06
000990.SZ,2020-10-22,13.31,13.37,13.53,13.18,13.31,0.06,0.4508,56650.0,75825.4,0.6792,1.0818,1.47,37.8551,120.662,1.0352,2.4236,1.8015,2.1036,2.1036,125301.0,83402.5,52364.6,1675280.0,1115090.0,3.12,14.64,11.98,0.0000,0.24653436117156516,1,15,56,2000-07-06
000990.SZ,2020-10-23,13.37,13.64,13.82,13.34,13.37,0.27,2.0194,62280.1,85067.7,0.7467,1.1894,1.49,38.6196,123.099,1.0561,2.4726,1.8378,2.062,2.062,125301.0,83402.5,52364.6,1709110.0,1137610.0,3.12,14.71,12.03,0.0000,0.15370120269099546,1,15,56,2000-07-06
000990.SZ,2020-10-26,13.72,13.55,13.83,13.41,13.64,-0.09,-0.6598,52932.9,72153.0,0.6347,1.0109,1.14,38.3648,122.287,1.0492,2.4563,1.8257,2.0757,2.0757,125301.0,83402.5,52364.6,1697830.0,1130100.0,3.12,15.0,12.28,0.0000,0.16115034267762726,1,15,56,2000-07-06
000990.SZ,2020-10-27,13.46,13.36,13.54,13.26,13.55,-0.19,-1.4022,36038.6,48150.6,0.4321,0.6882,0.74,37.8268,120.572,1.0344,2.4218,1.8001,2.1052,2.1052,125301.0,83402.5,52364.6,1674020.0,1114260.0,3.12,14.91,12.2,0.0000,-0.12146991611897001,1,15,56,2000-07-06
000990.SZ,2020-10-28,13.35,13.35,13.54,13.18,13.36,-0.01,-0.0749,42849.9,57046.8,0.5138,0.8183,0.86,37.7985,120.482,1.0337,2.42,1.7988,2.1068,2.1068,125301.0,83402.5,52364.6,1672770.0,1113420.0,3.12,14.7,12.02,0.0000,-0.28919391151804597,1,15,56,2000-07-06
000990.SZ,2020-10-29,13.26,13.3,13.35,13.08,13.35,-0.05,-0.3745,34363.4,45517.5,0.412,0.6562,0.69,37.6569,120.03,1.0298,2.411,1.792,2.1147,2.1147,125301.0,83402.5,52364.6,1666510.0,1109250.0,3.12,14.69,12.02,0.0000,-0.10111782289265786,1,15,56,2000-07-06
000990.SZ,2020-10-30,13.26,12.95,13.35,12.88,13.3,-0.35,-2.6316,50442.0,66091.7,0.6048,0.9633,1.1,36.6659,116.872,1.0027,2.3475,1.7449,2.1719,2.1719,125301.0,83402.5,52364.6,1622650.0,1080060.0,3.12,14.63,11.97,0.0000,-0.20917337960739066,1,15,56,2000-07-06
000990.SZ,2020-11-02,12.96,13.38,13.56,12.8,12.95,0.43,3.3205,63668.0,84745.2,0.7634,1.2159,1.47,37.8834,120.752,1.036,2.4255,1.8028,2.1021,2.1021,125301.0,83402.5,52364.6,1676530.0,1115930.0,3.12,14.25,11.66,0.0000,0.05630665905941451,1,15,56,2000-07-06
000990.SZ,2020-11-03,13.38,13.29,13.42,13.19,13.38,-0.09,-0.6726,50640.9,67240.8,0.6072,0.9671,1.11,37.6286,119.94,1.029,2.4091,1.7907,2.1163,2.1163,125301.0,83402.5,52364.6,1665250.0,1108420.0,3.12,14.72,12.04,0.0000,-0.08749602094420353,1,15,56,2000-07-06
000990.SZ,2020-11-04,13.3,13.05,13.38,13.01,13.29,-0.24,-1.8059,40764.4,53571.5,0.4888,0.7785,0.84,36.9491,117.774,1.0104,2.3656,1.7584,2.1552,2.1552,125301.0,83402.5,52364.6,1635180.0,1088400.0,3.12,14.62,11.96,0.0000,-0.1056890250683807,1,15,56,2000-07-06
000990.SZ,2020-11-05,13.31,13.71,13.96,13.26,13.05,0.66,5.0575,144243.0,196978.0,1.7295,2.7546,3.01,38.8178,123.731,1.0615,2.4853,1.8473,2.0515,2.0515,125301.0,83402.5,52364.6,1717880.0,1143450.0,3.12,14.36,11.75,0.0000,0.09287933256108935,1,15,56,2000-07-06
000990.SZ,2020-11-06,13.81,13.43,13.82,13.38,13.71,-0.28,-2.0423,75824.3,102770.0,0.9091,1.448,1.08,38.025,121.204,1.0399,2.4345,1.8096,2.0942,2.0942,125301.0,83402.5,52364.6,1682800.0,1120100.0,3.12,15.08,12.34,0.0000,-0.1607450331976348,1,15,56,2000-07-06
000990.SZ,2020-11-09,13.87,13.86,14.4,13.84,13.43,0.43,3.2018,165183.0,232262.0,1.9806,3.1545,2.2,39.2425,125.084,1.0732,2.5125,1.8675,2.0293,2.0293,125301.0,83402.5,52364.6,1736670.0,1155960.0,3.12,14.77,12.09,0.0000,-0.012151519974274489,1,15,56,2000-07-06
000990.SZ,2020-11-10,14.13,14.01,14.24,13.77,13.86,0.15,1.0823,95029.5,132930.0,1.1394,1.8148,1.0,39.6672,126.438,1.0848,2.5397,1.8877,2.0075,2.0075,125301.0,83402.5,52364.6,1755470.0,1168470.0,3.12,15.25,12.47,0.0000,0.16153738625386205,1,15,56,2000-07-06
000990.SZ,2020-11-11,13.86,13.6,14.04,13.56,14.01,-0.41,-2.9265,75041.2,103062.0,0.8997,1.4331,0.72,38.5063,122.738,1.053,2.4653,1.8325,2.0681,2.0681,125301.0,83402.5,52364.6,1704100.0,1134270.0,3.12,15.41,12.61,0.0000,-0.144478060252129,1,15,56,2000-07-06
000990.SZ,2020-11-12,13.62,13.76,13.84,13.55,13.6,0.16,1.1765,41579.4,57107.1,0.4985,0.794,0.37,38.9593,124.182,1.0654,2.4943,1.854,2.044,2.044,125301.0,83402.5,52364.6,1724140.0,1147620.0,3.12,14.96,12.24,0.0000,0.09866902086926012,1,15,56,2000-07-06
000990.SZ,2020-11-13,14.0,13.78,14.48,13.72,13.76,0.02,0.1453,112416.0,157326.0,1.3479,2.1468,1.24,39.016,124.362,1.067,2.498,1.8567,2.0411,2.0411,125301.0,83402.5,52364.6,1726650.0,1149290.0,3.12,15.14,12.38,0.0000,0.02161393835306879,1,15,56,2000-07-06
000990.SZ,2020-11-16,13.62,13.75,13.85,13.56,13.78,-0.03,-0.2177,63893.1,87410.7,0.7661,1.2202,0.65,38.931,124.092,1.0646,2.4925,1.8527,2.0455,2.0455,125301.0,83402.5,52364.6,1722890.0,1146780.0,3.12,15.16,12.4,0.0000,-0.11294331989820532,1,15,56,2000-07-06
000990.SZ,2020-11-17,13.67,13.38,13.77,13.23,13.75,-0.37,-2.6909,74102.6,99146.3,0.8885,1.4151,0.96,37.8834,120.752,1.036,2.4255,1.8028,2.1021,2.1021,125301.0,83402.5,52364.6,1676530.0,1115930.0,3.12,15.13,12.38,0.0000,-0.17187796050297385,1,15,56,2000-07-06
000990.SZ,2020-11-18,13.36,13.51,13.52,13.28,13.38,0.13,0.9716,45683.5,61212.6,0.5477,0.8724,0.62,38.2515,121.926,1.0461,2.449,1.8203,2.0818,2.0818,125301.0,83402.5,52364.6,1692820.0,1126770.0,3.12,14.72,12.04,0.0000,-0.1402364284969423,1,15,56,2000-07-06
000990.SZ,2020-11-19,13.42,13.41,13.53,13.26,13.51,-0.1,-0.7402,49657.9,66423.5,0.5954,0.9483,0.74,37.9684,121.023,1.0383,2.4309,1.8069,2.0974,2.0974,125301.0,83402.5,52364.6,1680290.0,1118430.0,3.12,14.86,12.16,0.0000,-0.12807355229357012,1,15,56,2000-07-06
000990.SZ,2020-11-20,13.37,13.37,13.47,13.28,13.41,-0.04,-0.2983,31564.6,42195.9,0.3785,0.6028,0.46,37.8551,120.662,1.0352,2.4236,1.8015,2.1036,2.1036,125301.0,83402.5,52364.6,1675280.0,1115090.0,3.12,14.75,12.07,0.0000,-0.28383062967373357,1,15,56,2000-07-06
000990.SZ,2020-11-23,13.35,13.57,13.66,13.22,13.37,0.2,1.4959,57809.7,77985.9,0.6931,1.104,1.09,38.4214,122.467,1.0507,2.4599,1.8284,2.0726,2.0726,125301.0,83402.5,52364.6,1700340.0,1131770.0,3.12,14.71,12.03,0.0000,-0.14741314573298533,1,15,56,2000-07-06
000990.SZ,2020-11-24,13.56,13.98,14.12,13.5,13.57,0.41,3.0214,85913.5,118988.0,1.0301,1.6407,1.66,39.5822,126.167,1.0825,2.5342,1.8837,2.0119,2.0119,125301.0,83402.5,52364.6,1751710.0,1165970.0,3.12,14.93,12.21,0.0000,0.12785217668396068,1,15,56,2000-07-06
000990.SZ,2020-11-25,14.12,13.9,14.35,13.88,13.98,-0.08,-0.5722,84919.9,119928.0,1.0182,1.6217,1.57,39.3557,125.445,1.0763,2.5197,1.8729,2.0234,2.0234,125301.0,83402.5,52364.6,1741690.0,1159290.0,3.12,15.38,12.58,0.0000,0.05353505145755414,1,15,56,2000-07-06
000990.SZ,2020-11-26,14.0,14.01,14.08,13.8,13.9,0.11,0.7914,44021.6,61376.8,0.5278,0.8407,0.71,39.6672,126.438,1.0848,2.5397,1.8877,2.0075,2.0075,125301.0,83402.5,52364.6,1755470.0,1168470.0,3.12,15.29,12.51,0.0000,0.18621605152487203,1,15,56,2000-07-06
000990.SZ,2020-11-27,13.93,14.06,14.14,13.72,14.01,0.05,0.3569,55054.8,76900.4,0.6601,1.0514,0.9,39.8087,126.889,1.0886,2.5487,1.8944,2.0004,2.0004,125301.0,83402.5,52364.6,1761730.0,1172640.0,3.12,15.41,12.61,0.0000,-0.008482168458063705,1,15,56,2000-07-06
000990.SZ,2020-11-30,14.14,14.02,14.16,13.84,14.06,-0.04,-0.2845,75362.4,105223.0,0.9036,1.4392,1.15,39.6955,126.528,1.0856,2.5415,1.889,2.0061,2.0061,125301.0,83402.5,52364.6,1756720.0,1169300.0,3.12,15.47,12.65,0.0000,0.029033484364373363,1,15,56,2000-07-06
000990.SZ,2020-12-01,14.0,14.11,14.25,13.89,14.02,0.09,0.6419,85224.4,120381.0,1.0218,1.6275,1.23,39.9503,127.34,1.0925,2.5578,1.9012,1.9933,1.9933,125301.0,83402.5,52364.6,1768000.0,1176810.0,3.12,15.42,12.62,0.0000,-0.08658785698197292,1,15,56,2000-07-06
000990.SZ,2020-12-02,14.06,13.97,14.16,13.91,14.11,-0.14,-0.9922,54458.2,76216.5,0.653,1.04,0.79,39.5539,126.077,1.0817,2.5324,1.8823,2.0133,2.0133,125301.0,83402.5,52364.6,1750460.0,1165130.0,3.12,15.52,12.7,0.0000,-0.1834865388419904,1,15,56,2000-07-06
000990.SZ,2020-12-03,13.91,14.04,14.25,13.64,13.97,0.07,0.5011,101201.0,141099.0,1.2134,1.9326,1.61,39.7521,126.709,1.0871,2.5451,1.8917,2.0033,2.0033,125301.0,83402.5,52364.6,1759230.0,1170970.0,3.12,15.37,12.57,0.0000,-0.19291099774666043,1,15,56,2000-07-06
000990.SZ,2020-12-04,14.21,14.27,14.7,14.11,14.04,0.23,1.6382,131262.0,188206.0,1.5738,2.5067,1.77,40.4033,128.785,1.1049,2.5868,1.9227,1.971,1.971,125301.0,83402.5,52364.6,1788050.0,1190150.0,3.12,15.44,12.64,0.0000,-0.09699380707828863,1,15,56,2000-07-06
000990.SZ,2020-12-07,14.13,13.64,14.25,13.56,14.27,-0.63,-4.4149,117589.0,161795.0,1.4099,2.2456,1.31,38.6196,123.099,1.0561,2.4726,1.8378,2.062,2.062,125301.0,83402.5,52364.6,1709110.0,1137610.0,3.12,15.7,12.84,0.0000,-0.3299353707780973,1,15,56,2000-07-06
000990.SZ,2020-12-08,13.55,13.45,13.63,13.33,13.64,-0.19,-1.393,51407.0,69160.2,0.6164,0.9817,0.52,38.0816,121.384,1.0414,2.4382,1.8122,2.0911,2.0911,125301.0,83402.5,52364.6,1685300.0,1121760.0,3.12,15.0,12.28,0.0000,-0.16661300569532153,1,15,56,2000-07-06
000990.SZ,2020-12-09,13.46,13.33,13.62,13.25,13.45,-0.12,-0.8922,46634.7,62434.5,0.5592,0.8906,0.51,37.7419,120.301,1.0321,2.4164,1.7961,2.11,2.11,125301.0,83402.5,52364.6,1670260.0,1111760.0,3.12,14.8,12.11,0.0000,-0.2279890196126254,1,15,56,2000-07-06
000990.SZ,2020-12-10,13.22,13.2,13.37,13.11,13.33,-0.13,-0.9752,39103.0,51680.2,0.4688,0.7467,0.44,37.3738,119.128,1.0221,2.3928,1.7786,2.1307,2.1307,125301.0,83402.5,52364.6,1653980.0,1100910.0,3.12,14.66,12.0,0.0000,-0.21309207031387162,1,15,56,2000-07-06
000990.SZ,2020-12-11,13.19,13.33,13.33,13.0,13.2,0.13,0.9848,56238.2,74141.6,0.6743,1.074,0.73,37.7419,120.301,1.0321,2.4164,1.7961,2.11,2.11,125301.0,83402.5,52364.6,1670260.0,1111760.0,3.12,14.52,11.88,0.0000,-0.009481300403332721,1,15,56,2000-07-06
000990.SZ,2020-12-14,13.26,13.34,13.4,13.15,13.33,0.01,0.075,30797.1,40944.9,0.3693,0.5881,0.5,37.7702,120.391,1.0329,2.4182,1.7974,2.1084,2.1084,125301.0,83402.5,52364.6,1671520.0,1112590.0,3.12,14.66,12.0,0.0000,-0.029544117938741704,1,15,56,2000-07-06
000990.SZ,2020-12-15,13.28,13.21,13.33,13.16,13.34,-0.13,-0.9745,26509.9,35015.7,0.3179,0.5063,0.59,37.4021,119.218,1.0228,2.3946,1.7799,2.1291,2.1291,125301.0,83402.5,52364.6,1655230.0,1101750.0,3.12,14.67,12.01,0.0000,-0.18263233239146462,1,15,56,2000-07-06
000990.SZ,2020-12-16,13.2,12.84,13.22,12.78,13.21,-0.37,-2.8009,54463.4,70716.6,0.653,1.0401,1.37,36.3545,115.879,0.9942,2.3276,1.7301,2.1905,2.1905,125301.0,83402.5,52364.6,1608870.0,1070890.0,3.12,14.53,11.89,0.0000,-0.27139894446615737,1,15,56,2000-07-06
000990.SZ,2020-12-17,12.8,13.22,13.23,12.67,12.84,0.38,2.9595,55083.4,71441.7,0.6605,1.0519,1.33,37.4304,119.308,1.0236,2.3965,1.7813,2.1275,,125301.0,83402.5,52364.6,1656480.0,1102580.0,3.12,14.12,11.56,0.0000,-0.15715118194098732,1,15,56,2000-07-06
000990.SZ,2020-12-18,13.11,12.98,13.34,12.9,13.22,-0.24,-1.8154,36374.4,47582.1,0.4361,0.6946,0.82,36.7509,117.143,1.005,2.353,1.7489,2.1669,,125301.0,83402.5,52364.6,1626410.0,1082560.0,3.12,14.54,11.9,0.0000,-0.22365267137797934,1,15,56,2000-07-06
000990.SZ,2020-12-21,12.96,13.22,13.47,12.82,12.98,0.24,1.849,59319.0,78344.6,0.7112,1.1328,1.46,37.4304,119.308,1.0236,2.3965,1.7813,2.1275,,125301.0,83402.5,52364.6,1656480.0,1102580.0,3.12,14.28,11.68,0.0000,0.03042839623990336,1,15,56,2000-07-06
000990.SZ,2020-12-22,13.28,12.99,13.33,12.94,13.22,-0.23,-1.7398,52681.9,68903.5,0.6317,1.0061,1.14,36.7792,117.233,1.0058,2.3548,1.7503,2.1652,,125301.0,83402.5,52364.6,1627660.0,1083400.0,3.12,14.54,11.9,0.0000,0.07481201682102827,1,15,56,2000-07-06
000990.SZ,2020-12-23,12.98,13.15,13.26,12.9,12.99,0.16,1.2317,46646.1,61119.4,0.5593,0.8908,0.9,37.2322,118.677,1.0182,2.3838,1.7718,2.1388,,125301.0,83402.5,52364.6,1647710.0,1096740.0,3.12,14.29,11.69,0.0000,0.07450158776166815,1,15,56,2000-07-06
000990.SZ,2020-12-24,13.16,12.8,13.27,12.78,13.15,-0.35,-2.6616,58357.0,75461.7,0.6997,1.1144,1.17,36.2412,115.518,0.9911,2.3203,1.7247,2.1973,,125301.0,83402.5,52364.6,1603860.0,1067550.0,3.12,14.47,11.84,0.0000,-0.051033330131745436,1,15,56,2000-07-06
000990.SZ,2020-12-25,12.76,12.78,13.07,12.74,12.8,-0.02,-0.1563,41485.2,53394.6,0.4974,0.7922,0.82,36.1846,115.338,0.9895,2.3167,1.722,2.2008,,125301.0,83402.5,52364.6,1601350.0,1065880.0,3.12,14.08,11.52,0.0000,-0.2619126222962424,1,15,56,2000-07-06
000990.SZ,2020-12-28,12.79,11.61,12.94,11.53,12.78,-1.17,-9.1549,141578.0,169819.0,1.6975,2.7037,2.74,32.8719,104.778,0.8989,2.1046,1.5643,2.4225,,125301.0,83402.5,52364.6,1454750.0,968303.0,3.12,14.06,11.5,0.0000,-0.23513715399332624,1,15,56,2000-07-06
000990.SZ,2020-12-29,11.6,11.84,12.21,11.5,11.61,0.23,1.9811,72988.7,87142.3,0.8751,1.3939,1.07,33.5231,106.854,0.9168,2.1463,1.5953,2.3755,,125301.0,83402.5,52364.6,1483570.0,987486.0,3.12,12.77,10.45,0.0000,-0.2484427723924684,1,15,56,2000-07-06
000990.SZ,2020-12-30,11.84,11.94,12.1,11.68,11.84,0.1,0.8446,47739.1,57012.2,0.5724,0.9117,0.66,33.8063,107.757,0.9245,2.1644,1.6088,2.3556,,125301.0,83402.5,52364.6,1496100.0,995826.0,3.12,13.02,10.66,0.0000,-0.23321077225290623,1,15,56,2000-07-06
000990.SZ,2020-12-31,12.05,11.86,12.16,11.74,11.94,-0.08,-0.67,49518.2,58953.9,0.5937,0.9456,0.68,33.5798,107.035,0.9183,2.1499,1.598,2.3715,,125301.0,83402.5,52364.6,1486070.0,989154.0,3.12,13.13,10.75,0.0000,-0.2677306983362296,1,15,56,2000-07-06
000990.SZ,2021-01-04,12.0,11.96,12.15,11.83,11.86,0.1,0.8432,65696.7,78691.6,0.7877,1.2546,0.93,33.8629,107.937,0.926,2.1681,1.6115,0.0,,125301.0,83402.5,52364.6,1498600.0,997494.0,3.12,13.05,10.67,0.0000,0.019410081220040502,1,15,56,2000-07-06
000990.SZ,2021-01-05,11.88,11.79,12.09,11.61,11.96,-0.17,-1.4214,65776.0,77474.9,0.7887,1.2561,0.87,33.3816,106.403,0.9129,2.1372,1.5886,0.0,,125301.0,83402.5,52364.6,1477300.0,983316.0,3.12,13.16,10.76,0.0000,-0.16117598236884398,1,15,56,2000-07-06
000990.SZ,2021-01-06,11.77,11.4,11.8,11.02,11.79,-0.39,-3.3079,127618.0,144803.0,1.5302,2.4371,2.11,32.2774,102.883,0.8827,2.0665,1.536,0.0,,125301.0,83402.5,52364.6,1428430.0,950789.0,3.12,12.97,10.61,0.0000,-0.3918102390130654,1,15,56,2000-07-06
000990.SZ,2021-01-07,11.48,11.29,11.75,11.05,11.4,-0.11,-0.9649,82587.5,93689.1,0.9902,1.5772,1.16,31.9659,101.891,0.8742,2.0466,1.5212,0.0,,125301.0,83402.5,52364.6,1414650.0,941614.0,3.12,12.54,10.26,0.0000,-0.19615709302940254,1,15,56,2000-07-06
000990.SZ,2021-01-08,11.28,11.5,11.64,11.16,11.29,0.21,1.8601,81597.6,93453.1,0.9784,1.5583,1.04,32.5605,103.786,0.8904,2.0847,1.5495,0.0,,125301.0,83402.5,52364.6,1440960.0,959129.0,3.12,12.42,10.16,0.0000,-0.2838866239631287,1,15,56,2000-07-06
000990.SZ,2021-01-11,11.41,11.21,11.46,11.15,11.5,-0.29,-2.5217,52610.8,59243.3,0.6308,1.0047,0.62,31.7394,101.169,0.868,2.0321,1.5104,0.0,,125301.0,83402.5,52364.6,1404630.0,934942.0,3.12,12.65,10.35,0.0000,-0.07922405627217907,1,15,56,2000-07-06
000990.SZ,2021-01-12,11.22,11.23,11.35,11.14,11.21,0.02,0.1784,38816.6,43561.4,0.4654,0.7413,0.47,31.796,101.349,0.8695,2.0357,1.5131,0.0,,125301.0,83402.5,52364.6,1407130.0,936610.0,3.12,12.33,10.09,0.0000,0.24075550052091316,1,15,56,2000-07-06
000990.SZ,2021-01-13,11.25,11.06,11.32,10.91,11.23,-0.17,-1.5138,56350.6,62414.1,0.6756,1.0761,0.74,31.3147,99.8148,0.8564,2.0049,1.4902,0.0,,125301.0,83402.5,52364.6,1385830.0,922432.0,3.12,12.35,10.11,0.0000,-0.21747803837948418,1,15,56,2000-07-06
000990.SZ,2021-01-14,11.02,11.3,11.35,10.97,11.06,0.24,2.17,46641.5,52262.5,0.5592,0.8907,0.75,31.9942,101.981,0.8749,2.0484,1.5226,0.0,,125301.0,83402.5,52364.6,1415900.0,942448.0,3.12,12.17,9.95,0.0000,0.20214982043431123,1,15,56,2000-07-06
000990.SZ,2021-01-15,11.31,11.22,11.47,11.11,11.3,-0.08,-0.708,44531.0,50091.8,0.5339,0.8504,0.81,31.7677,101.259,0.8688,2.0339,1.5118,0.0,,125301.0,83402.5,52364.6,1405880.0,935776.0,3.12,12.43,10.17,0.0000,-0.14123843439367145,1,15,56,2000-07-06
000990.SZ,2021-01-18,11.26,11.7,12.34,11.18,11.22,0.48,4.2781,125838.0,148678.0,1.5088,2.4031,2.63,33.1268,105.591,0.9059,2.1209,1.5765,0.0,,125301.0,83402.5,52364.6,1466020.0,975809.0,3.12,12.34,10.1,0.0000,0.24022346201508576,1,15,56,2000-07-06
000990.SZ,2021-01-19,11.66,11.43,11.66,11.31,11.7,-0.27,-2.3077,81477.7,93535.8,0.9769,1.556,1.3,32.3623,103.154,0.885,2.072,1.5401,0.0,,125301.0,83402.5,52364.6,1432190.0,953291.0,3.12,12.87,10.53,0.0000,-0.26837613908818997,1,15,56,2000-07-06
000990.SZ,2021-01-20,11.44,11.44,11.49,11.3,11.43,0.01,0.0875,36017.7,41058.2,0.4319,0.6878,0.51,32.3906,103.244,0.8858,2.0738,1.5414,0.0,,125301.0,83402.5,52364.6,1433450.0,954125.0,3.12,12.57,10.29,0.0000,-0.2849401367999878,1,15,56,2000-07-06
000990.SZ,2021-01-21,11.45,11.59,11.84,11.33,11.44,0.15,1.3112,65849.7,76518.2,0.7895,1.2575,0.98,32.8153,104.598,0.8974,2.101,1.5616,0.0,,125301.0,83402.5,52364.6,1452240.0,966635.0,3.12,12.58,10.3,0.0000,0.015520321779391532,1,15,56,2000-07-06
000990.SZ,2021-01-22,11.6,11.51,11.61,11.41,11.59,-0.08,-0.6903,41177.6,47321.0,0.4937,0.7864,0.58,32.5888,103.876,0.8912,2.0865,1.5509,0.0,,125301.0,83402.5,52364.6,1442220.0,959963.0,3.12,12.75,10.43,0.0000,0.1129720853100023,1,15,56,2000-07-06
000990.SZ,2021-01-25,11.44,11.25,11.5,11.2,11.51,-0.26,-2.2589,50643.8,57390.4,0.6072,0.9671,0.72,31.8527,101.53,0.8711,2.0393,1.5158,0.0,,125301.0,83402.5,52364.6,1409640.0,938278.0,3.12,12.66,10.36,0.0000,-0.29739617798502205,1,15,56,2000-07-06
000990.SZ,2021-01-26,11.21,11.11,11.37,11.04,11.25,-0.14,-1.2444,41341.5,46060.9,0.4957,0.7895,0.75,31.4563,100.266,0.8602,2.014,1.497,0.0,,125301.0,83402.5,52364.6,1392100.0,926602.0,3.12,12.38,10.13,0.0000,-0.43061313152796066,1,15,56,2000-07-06
000990.SZ,2021-01-27,11.27,11.0,11.28,10.99,11.11,-0.11,-0.9901,41302.1,45836.7,0.4952,0.7887,0.88,31.1448,99.2733,0.8517,1.994,1.4821,0.0,,125301.0,83402.5,52364.6,1378310.0,917428.0,3.12,12.22,10.0,0.0000,-0.24198402643148978,1,15,56,2000-07-06
000990.SZ,2021-01-28,10.88,10.94,11.12,10.88,11.0,-0.06,-0.5455,44348.8,48701.2,0.5317,0.8469,0.92,30.9749,98.7318,0.8471,1.9831,1.4741,0.0,,125301.0,83402.5,52364.6,1370800.0,912423.0,3.12,12.1,9.9,0.0000,-0.38285560381695927,1,15,56,2000-07-06
000990.SZ,2021-01-29,10.95,10.61,11.03,10.46,10.94,-0.33,-3.0165,65921.8,70593.7,0.7904,1.2589,1.51,30.0406,95.7536,0.8215,1.9233,1.4296,0.0,,125301.0,83402.5,52364.6,1329450.0,884901.0,3.12,12.03,9.85,0.0000,-0.24499367911057077,1,15,56,2000-07-06
000990.SZ,2021-02-01,10.61,10.66,10.72,10.4,10.61,0.05,0.4713,41806.6,44082.8,0.5013,0.7984,0.86,30.1822,96.2048,0.8254,1.9324,1.4363,0.0,,125301.0,83402.5,52364.6,1335710.0,889071.0,3.12,11.67,9.55,0.0000,-0.19526801215486964,1,15,56,2000-07-06
000990.SZ,2021-02-02,10.67,11.18,11.26,10.67,10.66,0.52,4.878,70239.6,77471.4,0.8422,1.3414,1.5,31.6545,100.898,0.8657,2.0267,1.5064,0.0,,125301.0,83402.5,52364.6,1400870.0,932440.0,3.12,11.73,9.59,0.0000,0.38454664363148805,1,15,56,2000-07-06
000990.SZ,2021-02-03,11.18,11.28,11.4,11.04,11.18,0.1,0.8945,68138.3,76565.4,0.817,1.3012,1.29,31.9376,101.8,0.8734,2.0448,1.5199,0.0,,125301.0,83402.5,52364.6,1413400.0,940780.0,3.12,12.3,10.06,0.0000,0.044153130473591234,1,15,56,2000-07-06
000990.SZ,2021-02-04,11.3,10.91,11.47,10.9,11.28,-0.37,-3.2801,64462.8,71360.4,0.7729,1.231,1.11,30.89,98.461,0.8447,1.9777,1.47,0.0,,125301.0,83402.5,52364.6,1367040.0,909921.0,3.12,12.41,10.15,0.0000,-0.059570796784642346,1,15,56,2000-07-06
000990.SZ,2021-02-05,10.92,11.03,11.22,10.84,10.91,0.12,1.0999,37563.5,41404.1,0.4504,0.7173,0.6,31.2298,99.544,0.854,1.9995,1.4862,0.0,,125301.0,83402.5,52364.6,1382070.0,919930.0,3.12,12.0,9.82,0.0000,-0.24186519601542514,1,15,56,2000-07-06
000990.SZ,2021-02-08,11.11,11.08,11.15,10.64,11.03,0.05,0.4533,45671.5,49859.6,0.5476,0.8722,0.81,31.3713,99.9953,0.8579,2.0085,1.4929,0.0,,125301.0,83402.5,52364.6,1388340.0,924100.0,3.12,12.13,9.93,0.0000,0.1595734067418624,1,15,56,2000-07-06
000990.SZ,2021-02-09,10.98,11.14,11.24,10.98,11.08,0.06,0.5415,38329.4,42733.1,0.4596,0.732,0.67,31.5412,100.537,0.8626,2.0194,1.501,0.0,,125301.0,83402.5,52364.6,1395860.0,929104.0,3.12,12.19,9.97,0.0000,0.19389376137565337,1,15,56,2000-07-06
000990.SZ,2021-02-10,11.17,11.28,11.36,11.08,11.14,0.14,1.2567,42870.0,48118.8,0.514,0.8187,0.84,31.9376,101.8,0.8734,2.0448,1.5199,0.0,,125301.0,83402.5,52364.6,1413400.0,940780.0,3.12,12.25,10.03,0.0000,0.17159367896274552,1,15,56,2000-07-06
000990.SZ,2021-02-18,11.45,11.84,11.87,11.45,11.28,0.56,4.9645,54510.4,63877.5,0.6536,1.041,1.19,33.5231,106.854,0.9168,2.1463,1.5953,0.0,,125301.0,83402.5,52364.6,1483570.0,987486.0,3.12,12.41,10.15,0.0000,0.14089517034809704,1,15,56,2000-07-06
000990.SZ,2021-02-19,11.77,12.49,12.66,11.77,11.84,0.65,5.4899,77615.0,95588.4,0.9306,1.4822,1.77,35.3635,112.72,0.9671,2.2641,1.6829,0.0,,125301.0,83402.5,52364.6,1565010.0,1041700.0,3.12,13.02,10.66,0.0000,0.3137309255960866,1,15,56,2000-07-06
000990.SZ,2021-02-22,12.58,12.6,12.98,12.51,12.49,0.11,0.8807,89353.9,113713.0,1.0714,1.7064,1.73,35.675,113.713,0.9756,2.2841,1.6977,0.0,,125301.0,83402.5,52364.6,1578800.0,1050870.0,3.12,13.74,11.24,0.0000,-0.09381386612103988,1,15,56,2000-07-06
000990.SZ,2021-02-23,12.57,12.69,12.98,12.51,12.6,0.09,0.7143,68951.0,87870.8,0.8267,1.3167,1.14,35.9298,114.525,0.9826,2.3004,1.7098,0.0,,125301.0,83402.5,52364.6,1590070.0,1058380.0,3.12,13.86,11.34,0.0000,0.2769203401723093,1,15,56,2000-07-06
000990.SZ,2021-02-24,12.71,13.01,13.26,12.67,12.69,0.32,2.5217,93084.8,120588.0,1.1161,1.7776,1.4,36.8358,117.413,1.0073,2.3584,1.753,0.0,,125301.0,83402.5,52364.6,1630170.0,1085070.0,3.12,13.96,11.42,0.0000,0.12769605168390114,1,15,56,2000-07-06
000990.SZ,2021-02-25,13.42,12.94,13.56,12.82,13.01,-0.07,-0.538,90141.9,117530.0,1.0808,1.7214,1.18,36.6376,116.782,1.0019,2.3457,1.7435,0.0,,125301.0,83402.5,52364.6,1621400.0,1079230.0,3.12,14.31,11.71,0.0000,-0.054276755834481195,1,15,56,2000-07-06
000990.SZ,2021-02-26,12.56,12.81,12.98,12.49,12.94,-0.13,-1.0046,58741.0,75286.2,0.7043,1.1218,0.7,36.2696,115.608,0.9919,2.3221,1.726,0.0,,125301.0,83402.5,52364.6,1605110.0,1068390.0,3.12,14.23,11.65,0.0000,-0.23168118431209034,1,15,56,2000-07-06
000990.SZ,2021-03-01,12.98,13.87,13.98,12.97,12.81,1.06,8.2748,135055.0,184322.0,1.6193,2.5791,1.69,39.2708,125.175,1.0739,2.5143,1.8688,0.0,,125301.0,83402.5,52364.6,1737930.0,1156790.0,3.12,14.09,11.53,0.0000,0.06317451812422724,1,15,56,2000-07-06
000990.SZ,2021-03-02,13.92,14.0,14.16,13.53,13.87,0.13,0.9373,104345.0,144074.0,1.2511,1.9927,1.17,39.6389,126.348,1.084,2.5379,1.8864,0.0,,125301.0,83402.5,52364.6,1754220.0,1167640.0,3.12,15.26,12.48,0.0000,0.1295560876992637,1,15,56,2000-07-06
000990.SZ,2021-03-03,14.1,14.2,14.27,13.94,14.0,0.2,1.4286,109386.0,154412.0,1.3115,2.0889,1.14,40.2051,128.153,1.0995,2.5741,1.9133,0.0,,125301.0,83402.5,52364.6,1779280.0,1184320.0,3.12,15.4,12.6,0.0000,0.021995961166520334,1,15,56,2000-07-06
000990.SZ,2021-03-04,14.2,14.38,14.6,13.95,14.2,0.18,1.2676,115958.0,165121.0,1.3903,2.2144,1.17,40.7148,129.777,1.1134,2.6067,1.9376,0.0,,125301.0,83402.5,52364.6,1801830.0,1199330.0,3.12,15.62,12.78,0.0000,-0.07195162480765699,1,15,56,2000-07-06
000990.SZ,2021-03-05,13.6,13.67,13.79,12.95,14.38,-0.71,-4.9374,137430.0,186152.0,1.6478,2.6245,1.31,48.2395,48.2395,1.0389,1.7601,1.7601,0.0,,125301.0,83402.5,52364.6,1712870.0,1140110.0,3.12,15.82,12.94,0.0000,-0.11957723831665353,1,15,56,2000-07-06
000990.SZ,2021-03-08,13.9,13.71,14.09,13.63,13.67,0.04,0.2926,80073.8,110522.0,0.9601,1.5292,0.66,48.3807,48.3807,1.0419,1.7652,1.7652,0.0,,125301.0,83402.5,52364.6,1717880.0,1143450.0,3.12,15.04,12.3,0.0000,-0.03173431294778385,1,15,56,2000-07-06
000990.SZ,2021-03-09,13.27,13.62,13.86,13.25,13.71,-0.09,-0.6565,107101.0,145163.0,1.2841,2.0453,0.98,48.0631,48.0631,1.0351,1.7536,1.7536,0.0,,125301.0,83402.5,52364.6,1706600.0,1135940.0,3.12,15.08,12.34,0.0000,-0.056671327686433445,1,15,56,2000-07-06
000990.SZ,2021-03-10,13.65,13.15,13.7,13.11,13.62,-0.47,-3.4508,72227.8,95931.4,0.866,1.3793,0.66,46.4045,46.4045,0.9994,1.6931,1.6931,0.0,,125301.0,83402.5,52364.6,1647710.0,1096740.0,3.12,14.98,12.26,0.0000,-0.13059269313717153,1,15,56,2000-07-06
000990.SZ,2021-03-11,13.29,13.16,13.29,13.01,13.15,0.01,0.076,55348.6,72716.5,0.6636,1.057,0.54,46.4398,46.4398,1.0001,1.6944,1.6944,0.0,,125301.0,83402.5,52364.6,1648960.0,1097580.0,3.12,14.47,11.84,0.0000,-0.041843257720595196,1,15,56,2000-07-06
000990.SZ,2021-03-12,13.13,13.2,13.3,13.03,13.16,0.04,0.304,46054.0,60521.9,0.5522,0.8795,0.51,46.5809,46.5809,1.0032,1.6996,1.6996,0.0,,125301.0,83402.5,52364.6,1653980.0,1100910.0,3.12,14.48,11.84,0.0000,0.23636102039979778,1,15,56,2000-07-06
000990.SZ,2021-03-15,13.06,13.42,13.73,13.05,13.2,0.22,1.6667,77006.1,103638.0,0.9233,1.4706,1.07,47.3573,47.3573,1.0199,1.7279,1.7279,0.0,,125301.0,83402.5,52364.6,1681540.0,1119260.0,3.12,14.52,11.88,0.0000,0.05002708159385739,1,15,56,2000-07-06
000990.SZ,2021-03-16,13.26,13.26,13.61,13.21,13.42,-0.16,-1.1923,45665.5,60769.8,0.5475,0.8721,0.64,46.7927,46.7927,1.0077,1.7073,1.7073,0.0,,125301.0,83402.5,52364.6,1661490.0,1105920.0,3.12,14.76,12.08,0.0000,-0.10845104791448056,1,15,56,2000-07-06
000990.SZ,2021-03-17,13.26,13.33,13.44,13.06,13.26,0.07,0.5279,46149.2,61225.8,0.5533,0.8813,0.78,47.0397,47.0397,1.0131,1.7163,1.7163,0.0,,125301.0,83402.5,52364.6,1670260.0,1111760.0,3.12,14.59,11.93,0.0000,-0.16790765975277505,1,15,56,2000-07-06
000990.SZ,2021-03-18,13.26,13.2,13.42,13.08,13.33,-0.13,-0.9752,48273.7,63888.1,0.5788,0.9219,0.89,46.5809,46.5809,1.0032,1.6996,1.6996,0.0,,125301.0,83402.5,52364.6,1653980.0,1100910.0,3.12,14.66,12.0,0.0000,0.11770794057252285,1,15,56,2000-07-06
000990.SZ,2021-03-19,13.07,13.22,13.27,13.03,13.2,0.02,0.1515,43472.1,57076.6,0.5212,0.8302,0.83,46.6515,46.6515,1.0047,1.7021,1.7021,0.0,,125301.0,83402.5,52364.6,1656480.0,1102580.0,3.12,14.52,11.88,0.0000,-0.2536615732564031,1,15,56,2000-07-06
000990.SZ,2021-03-22,13.16,13.35,13.52,13.11,13.22,0.13,0.9834,49019.5,65397.6,0.5877,0.9361,0.94,47.1103,47.1103,1.0146,1.7189,1.7189,0.0,,125301.0,83402.5,52364.6,1672770.0,1113420.0,3.12,14.54,11.9,0.0000,-0.03290863584717888,1,15,56,2000-07-06
000990.SZ,2021-03-23,13.28,12.99,13.42,12.9,13.35,-0.36,-2.6966,61685.2,80481.4,0.7396,1.178,1.33,45.8399,45.8399,0.9872,1.6725,1.6725,0.0,,125301.0,83402.5,52364.6,1627660.0,1083400.0,3.12,14.69,12.02,0.0000,-0.09060523768290785,1,15,56,2000-07-06
000990.SZ,2021-03-24,12.95,13.18,13.26,12.88,12.99,0.19,1.4627,55660.1,73066.2,0.6674,1.0629,1.12,46.5104,46.5104,1.0017,1.697,1.697,0.0,,125301.0,83402.5,52364.6,1651470.0,1099250.0,3.12,14.29,11.69,0.0000,0.16662445596483472,1,15,56,2000-07-06
000990.SZ,2021-03-25,13.19,12.93,13.24,12.9,13.18,-0.25,-1.8968,47446.8,61873.4,0.5689,0.9061,0.92,45.6281,45.6281,0.9827,1.6648,1.6648,0.0,,125301.0,83402.5,52364.6,1620140.0,1078390.0,3.12,14.5,11.86,0.0000,-0.1206033347405672,1,15,56,2000-07-06
000990.SZ,2021-03-26,12.91,13.01,13.06,12.8,12.93,0.08,0.6187,47145.9,60999.5,0.5653,0.9003,0.92,45.9105,45.9105,0.9887,1.6751,1.6751,0.0,,125301.0,83402.5,52364.6,1630170.0,1085070.0,3.12,14.22,11.64,0.0000,-0.14952656921873084,1,15,56,2000-07-06
000990.SZ,2021-03-29,12.82,12.73,12.84,12.51,13.01,-0.28,-2.1522,71382.5,90204.2,0.8559,1.3632,1.37,44.9224,44.9224,0.9675,1.639,1.639,0.0,,125301.0,83402.5,52364.6,1595080.0,1061710.0,3.12,14.31,11.71,0.0000,-0.14667555612181615,1,15,56,2000-07-06
000990.SZ,2021-03-30,12.75,12.5,12.78,12.49,12.73,-0.23,-1.8068,41140.5,51863.8,0.4933,0.7857,0.73,44.1107,44.1107,0.95,1.6094,1.6094,0.0,,125301.0,83402.5,52364.6,1566260.0,1042530.0,3.12,14.0,11.46,0.0000,-0.679542742953833,1,15,56,2000-07-06
000990.SZ,2021-03-31,12.51,12.72,12.77,12.35,12.5,0.22,1.76,40139.2,50574.5,0.4813,0.7665,0.76,44.8871,44.8871,0.9667,1.6378,1.6378,0.0,,125301.0,83402.5,52364.6,1593830.0,1060880.0,3.12,13.75,11.25,0.0000,0.3641503987361654,1,15,56,2000-07-06
000990.SZ,2021-04-01,12.7,12.99,13.01,12.67,12.72,0.27,2.1226,34581.9,44508.5,0.4146,0.6604,0.7,45.8399,45.8399,0.9872,1.6725,1.6725,0.0,,125301.0,83402.5,52364.6,1627660.0,1083400.0,3.12,13.99,11.45,0.0000,0.07593490428204469,1,15,56,2000-07-06
000990.SZ,2021-04-02,12.93,12.86,13.09,12.78,12.99,-0.13,-1.0008,36067.5,46488.6,0.4325,0.6888,0.77,45.3811,45.3811,0.9773,1.6558,1.6558,0.0,,125301.0,83402.5,52364.6,1611370.0,1072560.0,3.12,14.29,11.69,0.0000,-0.17135156420621017,1,15,56,2000-07-06
000990.SZ,2021-04-06,12.83,13.25,13.38,12.82,12.86,0.39,3.0327,54229.0,71697.5,0.6502,1.0356,1.21,46.7574,46.7574,1.007,1.706,1.706,0.0,,125301.0,83402.5,52364.6,1660240.0,1105080.0,3.12,14.15,11.57,0.0000,-0.13429279588323267,1,15,56,2000-07-06
000990.SZ,2021-04-07,13.32,13.12,13.39,13.05,13.25,-0.13,-0.9811,53089.7,69932.7,0.6365,1.0138,1.29,46.2986,46.2986,0.9971,1.6893,1.6893,0.0,,125301.0,83402.5,52364.6,1643950.0,1094240.0,3.12,14.58,11.93,0.0000,-0.2759817833183827,1,15,56,2000-07-06
000990.SZ,2021-04-08,13.5,12.76,13.6,12.72,13.12,-0.36,-2.7439,145332.0,190876.0,1.7425,2.7754,3.33,45.0282,45.0282,0.9697,1.6429,1.6429,0.0,,125301.0,83402.5,52364.6,1598840.0,1064220.0,3.12,14.43,11.81,0.0000,-0.15862555226479894,1,15,56,2000-07-06
000990.SZ,2021-04-09,12.56,13.28,13.54,12.56,12.76,0.52,4.0752,151109.0,199342.0,1.8118,2.8857,2.34,46.8632,46.8632,1.0093,1.7099,1.7099,0.0,,125301.0,83402.5,52364.6,1664000.0,1107590.0,3.12,14.04,11.48,0.0000,-0.05444385320741579,1,15,56,2000-07-06
000990.SZ,2021-04-12,13.47,13.15,13.54,13.11,13.28,-0.13,-0.9789,98932.6,131668.0,1.1862,1.8893,1.12,46.4045,46.4045,0.9994,1.6931,1.6931,0.0,,125301.0,83402.5,52364.6,1647710.0,1096740.0,3.12,14.61,11.95,0.0000,-0.11813495955315977,1,15,56,2000-07-06
000990.SZ,2021-04-13,13.11,12.94,13.22,12.85,13.15,-0.21,-1.597,57774.6,74918.5,0.6927,1.1033,0.57,45.6634,45.6634,0.9834,1.6661,1.6661,0.0,,125301.0,83402.5,52364.6,1621400.0,1079230.0,3.12,14.47,11.84,0.0000,-0.28834439956124513,1,15,56,2000-07-06
000990.SZ,2021-04-14,13.0,13.03,13.1,12.85,12.94,0.09,0.6955,41186.1,53552.5,0.4938,0.7865,0.41,45.981,45.981,0.9903,1.6777,1.6777,0.0,,125301.0,83402.5,52364.6,1632670.0,1086730.0,3.12,14.23,11.65,0.0000,-0.26372507285731034,1,15,56,2000-07-06
000990.SZ,2021-04-15,12.88,12.98,13.13,12.77,13.03,-0.05,-0.3837,54186.2,70100.3,0.6497,1.0348,0.55,45.8046,19.5281,0.9676,1.6712,1.5186,0.0,,125301.0,83402.5,52364.6,1626410.0,1082560.0,3.12,14.33,11.73,0.0000,-0.37600817195960057,1,15,56,2000-07-06
000990.SZ,2021-04-16,12.97,13.58,13.64,12.91,12.98,0.6,4.6225,110051.0,147516.0,1.3195,2.1016,1.36,47.9219,20.4308,1.0123,1.7485,1.5888,0.0,,125301.0,83402.5,52364.6,1701590.0,1132610.0,3.12,14.28,11.68,0.0000,0.00914068605482995,1,15,56,2000-07-06
000990.SZ,2021-04-19,13.65,13.51,13.74,13.48,13.58,-0.07,-0.5155,83470.9,113339.0,1.0008,1.594,1.15,47.6749,20.3255,1.0071,1.7395,1.5806,0.0,,125301.0,83402.5,52364.6,1692820.0,1126770.0,3.12,14.94,12.22,0.0000,0.01784247260176653,1,15,56,2000-07-06
000990.SZ,2021-04-20,13.61,13.41,13.67,13.33,13.51,-0.1,-0.7402,68304.3,92104.2,0.819,1.3044,0.99,47.322,20.1751,0.9997,1.7266,1.5689,0.0,,125301.0,83402.5,52364.6,1680290.0,1118430.0,3.12,14.86,12.16,0.0000,-0.05610975263232057,1,15,56,2000-07-06
000990.SZ,2021-04-21,13.35,13.15,13.41,13.1,13.41,-0.26,-1.9389,66666.4,87956.4,0.7993,1.2731,0.93,46.4045,19.7839,0.9803,1.6931,1.5385,0.0,,125301.0,83402.5,52364.6,1647710.0,1096740.0,3.12,14.75,12.07,0.0000,-0.3081973952212523,1,15,56,2000-07-06
000990.SZ,2021-04-22,13.18,13.2,13.56,13.16,13.15,0.05,0.3802,57060.7,76041.8,0.6842,1.0897,0.75,46.5809,19.8591,0.984,1.6996,1.5444,0.0,,125301.0,83402.5,52364.6,1653980.0,1100910.0,3.12,14.47,11.84,0.0000,0.006941955203705683,1,15,56,2000-07-06
000990.SZ,2021-04-23,13.25,13.19,13.27,13.01,13.2,-0.01,-0.0758,44215.2,58019.1,0.5301,0.8444,0.57,46.5457,19.8441,0.9833,1.6983,1.5432,0.0,,125301.0,83402.5,52364.6,1652720.0,1100080.0,3.12,14.52,11.88,0.0000,0.0999664070867208,1,15,56,2000-07-06
000990.SZ,2021-04-26,13.18,13.12,13.51,13.08,13.19,-0.07,-0.5307,63759.1,84640.1,0.7645,1.2176,1.0,46.2986,19.7388,0.978,1.6893,1.535,0.0,,125301.0,83402.5,52364.6,1643950.0,1094240.0,3.12,14.51,11.87,0.0000,0.15651706631923845,1,15,56,2000-07-06
000990.SZ,2021-04-27,13.07,13.11,13.26,12.97,13.12,-0.01,-0.0762,42667.2,55967.8,0.5116,0.8148,0.71,46.2633,19.7237,0.9773,1.688,1.5338,0.0,,125301.0,83402.5,52364.6,1642700.0,1093410.0,3.12,14.43,11.81,0.0000,-0.18126608968483818,1,15,56,2000-07-06
000990.SZ,2021-04-28,13.0,12.98,13.11,12.9,13.11,-0.13,-0.9916,45654.6,59254.7,0.5474,0.8719,0.83,45.8046,19.5281,0.9676,1.6712,1.5186,0.0,,125301.0,83402.5,52364.6,1626410.0,1082560.0,3.12,14.42,11.8,0.0000,-0.2633407737450712,1,15,56,2000-07-06
000990.SZ,2021-04-29,12.91,13.69,13.8,12.86,12.98,0.71,5.47,142266.0,192623.0,1.7058,2.7168,2.81,48.3101,20.5963,1.0205,1.7626,1.6017,0.0,,125301.0,83402.5,52364.6,1715370.0,1141780.0,3.12,14.28,11.68,0.0000,0.11970206057798997,1,15,56,2000-07-06
000990.SZ,2021-04-30,13.69,13.51,13.76,13.33,13.69,-0.18,-1.3148,74907.8,101364.0,0.8981,1.4305,1.11,47.6749,20.3255,1.0071,1.7395,1.5806,0.0,,125301.0,83402.5,52364.6,1692820.0,1126770.0,3.12,15.06,12.32,0.0000,-0.008716456905059648,1,15,56,2000-07-06
000990.SZ,2021-05-06,13.55,13.91,14.25,13.52,13.51,0.4,2.9608,141275.0,196330.0,1.6939,2.6979,1.91,49.0864,20.9273,1.0369,1.791,1.6274,0.0,,125301.0,83402.5,52364.6,1742940.0,1160130.0,3.12,14.86,12.16,0.0000,0.021413138098156346,1,15,56,2000-07-06
000990.SZ,2021-05-07,13.91,13.83,14.09,13.78,13.91,-0.08,-0.5751,87359.6,121766.0,1.0474,1.6683,0.98,48.8041,20.8069,1.031,1.7807,1.6181,0.0,,125301.0,83402.5,52364.6,1732920.0,1153460.0,3.12,15.3,12.52,0.0000,-0.10459217756021973,1,15,56,2000-07-06
000990.SZ,2021-05-10,13.83,14.01,14.22,13.83,13.83,0.18,1.3015,82186.2,115310.0,0.9854,1.5695,0.84,49.4393,21.0777,1.0444,1.8038,1.6391,0.0,,125301.0,83402.5,52364.6,1755470.0,1168470.0,3.12,15.21,12.45,0.0000,0.1214727933128763,1,15,56,2000-07-06
000990.SZ,2021-05-11,13.9,14.03,14.19,13.59,14.01,0.02,0.1428,88762.0,123405.0,1.0643,1.6951,0.84,49.5099,21.1078,1.0459,1.8064,1.6415,0.0,,125301.0,83402.5,52364.6,1757980.0,1170140.0,3.12,15.41,12.61,0.0000,0.01236981429514466,1,15,56,2000-07-06
000990.SZ,2021-05-12,13.92,14.13,14.16,13.65,14.03,0.1,0.7128,113620.0,158549.0,1.3623,2.1698,1.2,49.8628,21.2583,1.0533,1.8193,1.6532,0.0,,125301.0,83402.5,52364.6,1770510.0,1178480.0,3.12,15.43,12.63,0.0000,-0.002180448873921465,1,15,56,2000-07-06
000990.SZ,2021-05-13,14.98,14.77,15.54,14.37,14.13,0.64,4.5294,414689.0,619837.0,4.9721,7.9193,4.04,52.1212,22.2212,1.101,1.9017,1.728,0.0,,125301.0,83402.5,52364.6,1850700.0,1231860.0,3.12,15.54,12.72,0.0000,0.009799951313608186,1,15,56,2000-07-06
000990.SZ,2021-05-14,14.63,14.03,14.74,13.85,14.77,-0.74,-5.0102,282181.0,400975.0,3.3834,5.3888,1.79,49.5099,21.1078,1.0459,1.8064,1.6415,0.0,,125301.0,83402.5,52364.6,1757980.0,1170140.0,3.12,16.25,13.29,0.0000,-0.15856586958728677,1,15,56,2000-07-06
000990.SZ,2021-05-17,13.71,13.71,14.27,13.63,14.03,-0.32,-2.2808,152186.0,211369.0,1.8247,2.9063,0.78,48.3807,20.6264,1.022,1.7652,1.604,0.0,,125301.0,83402.5,52364.6,1717880.0,1143450.0,3.12,15.43,12.63,0.0000,-0.10989175380536662,1,15,56,2000-07-06
000990.SZ,2021-05-18,13.79,14.02,14.04,13.65,13.71,0.31,2.2611,101799.0,140933.0,1.2206,1.944,0.48,49.4746,21.0928,1.0451,1.8051,1.6403,0.0,,125301.0,83402.5,52364.6,1756720.0,1169300.0,3.12,15.08,12.34,0.0000,0.06282277271871238,1,15,56,2000-07-06
000990.SZ,2021-05-19,13.89,13.52,13.89,13.35,14.02,-0.5,-3.5663,151225.0,204145.0,1.8132,2.8879,0.71,47.7102,20.3406,1.0079,1.7408,1.5818,0.0,,125301.0,83402.5,52364.6,1694070.0,1127600.0,3.12,15.42,12.62,0.0000,-0.12990681029491932,1,15,56,2000-07-06
000990.SZ,2021-05-20,13.4,12.93,13.48,12.88,13.52,-0.59,-4.3639,121090.0,158260.0,1.4519,2.3124,0.55,45.6281,19.4529,0.9639,1.6648,1.5128,0.0,,125301.0,83402.5,52364.6,1620140.0,1078390.0,3.12,14.87,12.17,0.0000,-0.2610972539046041,1,15,56,2000-07-06
000990.SZ,2021-05-21,12.9,12.86,13.09,12.7,12.93,-0.07,-0.5414,57427.4,74259.6,0.6886,1.0967,0.36,45.3811,19.3476,0.9587,1.6558,1.5046,0.0,,125301.0,83402.5,52364.6,1611370.0,1072560.0,3.12,14.22,11.64,0.0000,-0.14228872051650251,1,15,56,2000-07-06
000990.SZ,2021-05-24,12.93,12.97,13.13,12.91,12.86,0.11,0.8554,43914.8,57133.2,0.3505,0.42,0.38,45.7693,19.5131,0.9669,1.6699,1.5174,0.0,,125301.0,125301.0,104564.0,1625160.0,1625160.0,3.12,14.15,11.57,0.0000,-0.1252239160458841,1,15,56,2000-07-06
000990.SZ,2021-05-25,12.92,13.1,13.15,12.92,12.97,0.13,1.0023,63639.6,83040.1,0.5079,0.6086,0.67,46.2281,19.7087,0.9766,1.6867,1.5327,0.0,,125301.0,125301.0,104564.0,1641450.0,1641440.0,3.12,14.27,11.67,0.0000,-0.08289772347133746,1,15,56,2000-07-06
000990.SZ,2021-05-26,13.1,13.25,13.31,12.97,13.1,0.15,1.145,76740.6,100606.0,0.6124,0.7339,0.88,46.7574,19.9343,0.9877,1.706,1.5502,0.0,,125301.0,125301.0,104564.0,1660240.0,1660240.0,3.12,14.41,11.79,0.0000,-0.0385013135017185,1,15,56,2000-07-06
000990.SZ,2021-05-27,13.24,13.19,13.31,13.11,13.25,-0.06,-0.4528,53364.0,70423.9,0.4259,0.5103,0.74,46.5457,19.8441,0.9833,1.6983,1.5432,0.0,,125301.0,125301.0,104564.0,1652720.0,1652720.0,3.12,14.58,11.93,0.0000,-0.14315176319509837,1,15,56,2000-07-06
000990.SZ,2021-05-28,13.57,13.38,13.94,13.31,13.19,0.19,1.4405,132058.0,179578.0,1.0539,1.2629,2.24,47.2161,20.1299,0.9974,1.7227,1.5654,0.0,,125301.0,125301.0,104564.0,1676530.0,1676530.0,3.12,14.51,11.87,0.0000,-0.07653478535984855,1,15,56,2000-07-06
000990.SZ,2021-05-31,13.3,13.41,13.42,12.98,13.38,0.03,0.2242,86391.8,113784.0,0.6895,0.8262,1.17,47.322,20.1751,0.9997,1.7266,1.5689,0.0,,125301.0,125301.0,104564.0,1680290.0,1680290.0,3.12,14.72,12.04,0.0000,-0.15929801152636563,1,15,56,2000-07-06
000990.SZ,2021-06-01,13.38,13.2,13.38,13.09,13.41,-0.21,-1.566,74280.6,97792.7,0.5928,0.7104,0.9,46.5809,19.8591,0.984,1.6996,1.5444,0.0,,125301.0,125301.0,104564.0,1653980.0,1653970.0,3.12,14.75,12.07,0.0000,-0.014168731222011033,1,15,56,2000-07-06
000990.SZ,2021-06-02,13.2,13.23,13.29,13.12,13.2,0.03,0.2273,57577.9,75961.8,0.4595,0.5506,0.68,46.6868,19.9043,0.9862,1.7034,1.5479,0.0,,125301.0,125301.0,104564.0,1657730.0,1657730.0,3.12,14.52,11.88,0.0000,0.026518760647319225,1,15,56,2000-07-06
000990.SZ,2021-06-03,13.22,13.24,13.35,13.14,13.23,0.01,0.0756,54894.0,72534.7,0.4381,0.525,0.68,46.7221,19.9193,0.987,1.7047,1.549,0.0,,125301.0,125301.0,104564.0,1658990.0,1658990.0,3.12,14.55,11.91,0.0000,-0.004565702202200349,1,15,56,2000-07-06
000990.SZ,2021-06-04,13.25,13.08,13.26,13.06,13.24,-0.16,-1.2085,54169.2,71066.1,0.4323,0.518,0.67,46.1575,19.6786,0.9751,1.6841,1.5303,0.0,,125301.0,125301.0,104564.0,1638940.0,1638940.0,3.12,14.56,11.92,0.0000,-0.2166502001534385,1,15,56,2000-07-06
000990.SZ,2021-06-07,13.12,13.36,13.59,13.1,13.08,0.28,2.1407,101721.0,136258.0,0.8118,0.9728,1.55,47.1456,20.0998,0.9959,1.7202,1.5631,0.0,,125301.0,125301.0,104564.0,1674020.0,1674020.0,3.12,14.39,11.77,0.0000,0.12500616923897687,1,15,56,2000-07-06
000990.SZ,2021-06-08,13.4,13.3,13.58,13.2,13.36,-0.06,-0.4491,65632.1,87756.7,0.5238,0.6277,0.96,46.9338,20.0096,0.9915,1.7124,1.5561,0.0,,125301.0,125301.0,104564.0,1666510.0,1666500.0,3.12,14.7,12.02,0.0000,-0.1964672206818187,1,15,56,2000-07-06
000990.SZ,2021-06-09,13.34,13.16,13.34,13.11,13.3,-0.14,-1.0526,69099.5,91018.3,0.5515,0.6608,1.03,46.4398,19.7989,0.981,1.6944,1.5397,0.0,,125301.0,125301.0,104564.0,1648960.0,1648960.0,3.12,14.63,11.97,0.0000,-0.11978237682047353,1,15,56,2000-07-06
000990.SZ,2021-06-10,13.2,13.19,13.35,13.16,13.16,0.03,0.228,58059.6,76696.0,0.4634,0.5553,0.84,46.5457,19.8441,0.9833,1.6983,1.5432,0.0,,125301.0,125301.0,104564.0,1652720.0,1652720.0,3.12,14.48,11.84,0.0000,-0.06328677154559079,1,15,56,2000-07-06
000990.SZ,2021-06-11,13.28,13.34,13.34,13.15,13.19,0.15,1.1372,71965.1,95331.5,0.5743,0.6882,1.03,47.075,20.0697,0.9944,1.7176,1.5607,0.0,,125301.0,125301.0,104564.0,1671520.0,1671520.0,3.12,14.51,11.87,0.0000,0.1331746917189194,1,15,56,2000-07-06
000990.SZ,2021-06-15,13.39,13.58,13.76,13.3,13.34,0.24,1.7991,123782.0,167844.0,0.9879,1.1838,1.69,47.9219,20.4308,1.0123,1.7485,1.5888,0.0,,125301.0,125301.0,104564.0,1701590.0,1701590.0,3.12,14.67,12.01,0.0000,0.12413420288907005,1,15,56,2000-07-06
000990.SZ,2021-06-16,13.66,13.23,13.66,13.11,13.58,-0.35,-2.5773,93097.8,124705.0,0.743,0.8903,1.2,46.6868,19.9043,0.9862,1.7034,1.5479,0.0,,125301.0,125301.0,104564.0,1657730.0,1657730.0,3.12,14.94,12.22,0.0000,-0.08958519912531285,1,15,56,2000-07-06
000990.SZ,2021-06-17,13.23,13.18,13.33,13.13,13.23,-0.05,-0.3779,76231.0,100740.0,0.6084,0.729,0.92,46.5104,19.829,0.9825,1.697,1.542,0.0,,125301.0,125301.0,104564.0,1651470.0,1651470.0,3.12,14.55,11.91,0.0000,0.002224306975267844,1,15,56,2000-07-06
000990.SZ,2021-06-18,13.15,12.75,13.16,12.72,13.18,-0.43,-3.2625,127322.0,163362.0,1.0161,1.2177,1.5,44.993,19.1821,0.9505,1.6416,1.4917,0.0,,125301.0,125301.0,104564.0,1597590.0,1597590.0,3.12,14.5,11.86,0.0000,-0.1732330567269608,1,15,56,2000-07-06
000990.SZ,2021-06-21,12.75,12.45,12.87,12.33,12.75,-0.3,-2.3529,111822.0,140859.0,0.8924,1.0694,1.14,43.9343,18.7308,0.9281,1.603,1.4566,0.0,,125301.0,125301.0,104564.0,1560000.0,1560000.0,3.12,14.03,11.48,0.0000,-0.2959582312750583,1,15,56,2000-07-06
000990.SZ,2021-06-22,12.42,12.51,12.53,12.39,12.45,0.06,0.4819,60401.0,75353.8,0.482,0.5776,0.57,44.146,18.821,0.9326,1.6107,1.4636,0.0,,125301.0,125301.0,104564.0,1567520.0,1567520.0,3.12,13.7,11.21,0.0000,-0.2676203772358696,1,15,56,2000-07-06
000990.SZ,2021-06-23,12.51,12.68,12.75,12.47,12.51,0.17,1.3589,75119.2,94887.8,0.5995,0.7184,0.8,44.7459,19.0768,0.9452,1.6326,1.4835,0.0,,125301.0,125301.0,104564.0,1588820.0,1588820.0,3.12,13.76,11.26,0.0000,-0.15006848672920858,1,15,56,2000-07-06
000990.SZ,2021-06-24,12.73,12.59,12.73,12.56,12.68,-0.09,-0.7098,43505.1,54907.7,0.3472,0.4161,0.48,44.4283,18.9414,0.9385,1.621,1.473,0.0,,125301.0,125301.0,104564.0,1577540.0,1577540.0,3.12,13.95,11.41,0.0000,-0.24915133433760112,1,15,56,2000-07-06
000990.SZ,2021-06-25,12.59,12.77,12.83,12.52,12.59,0.18,1.4297,59146.2,75165.3,0.472,0.5656,0.71,45.0635,19.2122,0.952,1.6442,1.494,0.0,,125301.0,125301.0,104564.0,1600100.0,1600100.0,3.12,13.85,11.33,0.0000,-0.06468527034423122,1,15,56,2000-07-06
000990.SZ,2021-06-28,12.77,12.85,12.88,12.65,12.77,0.08,0.6265,52103.1,66647.2,0.4158,0.4983,0.74,45.3458,19.3326,0.9579,1.6545,1.5034,0.0,,125301.0,125301.0,104564.0,1610120.0,1610120.0,3.12,14.05,11.49,0.0000,0.1035158505871681,1,15,56,2000-07-06
000990.SZ,2021-06-29,12.86,12.65,12.89,12.62,12.85,-0.2,-1.5564,42142.0,53525.4,0.3363,0.403,0.73,44.6401,19.0317,0.943,1.6287,1.48,0.0,,125301.0,125301.0,104564.0,1585060.0,1585060.0,3.12,14.14,11.57,0.0000,-0.33948449435204386,1,15,56,2000-07-06
000990.SZ,2021-06-30,12.74,12.73,12.97,12.68,12.65,0.08,0.6324,51458.4,65814.1,0.4107,0.4921,0.95,44.9224,19.152,0.949,1.639,1.4894,0.0,,125301.0,125301.0,104564.0,1595080.0,1595080.0,3.12,13.92,11.39,0.0000,-0.12683543658701066,1,15,56,2000-07-06
000990.SZ,2021-07-01,12.7,12.8,13.02,12.7,12.73,0.07,0.5499,70612.1,90918.9,0.5635,0.6753,1.42,45.1694,19.2573,0.9542,1.6481,1.4976,0.0,,125301.0,125301.0,104564.0,1603860.0,1603850.0,3.12,14.0,11.46,0.0000,0.14662933193586236,1,15,56,2000-07-06
000990.SZ,2021-07-02,12.81,12.82,12.98,12.67,12.8,0.02,0.1563,50602.8,64817.4,0.4038,0.4839,0.92,45.24,19.2874,0.9557,1.6506,1.4999,0.0,,125301.0,125301.0,104564.0,1606360.0,1606360.0,3.12,14.08,11.52,0.0000,-0.12150594424835151,1,15,56,2000-07-06
000990.SZ,2021-07-05,12.75,12.76,12.88,12.73,12.82,-0.06,-0.468,39120.0,50013.6,0.3122,0.3741,0.73,45.0282,19.1972,0.9512,1.6429,1.4929,0.0,,125301.0,125301.0,104564.0,1598840.0,1598840.0,3.12,14.1,11.54,0.0000,-0.13774796776489903,1,15,56,2000-07-06
000990.SZ,2021-07-06,12.81,13.04,13.05,12.71,12.76,0.28,2.1944,67439.0,87287.7,0.5382,0.645,1.33,46.0163,19.6184,0.9721,1.679,1.5256,0.0,,125301.0,125301.0,104564.0,1633930.0,1633930.0,3.12,14.04,11.48,0.0000,0.12349066686901497,1,15,56,2000-07-06
000990.SZ,2021-07-07,13.6,14.22,14.3,13.4,13.04,1.18,9.0491,335022.0,465871.0,2.6737,3.204,6.0,50.1804,21.3937,1.06,1.8309,1.6637,0.0,,125301.0,125301.0,104564.0,1781780.0,1781780.0,3.12,14.34,11.74,0.0000,-0.030851672158888954,1,15,56,2000-07-06
000990.SZ,2021-07-08,13.9,14.18,14.49,13.77,14.22,-0.04,-0.2813,227999.0,322149.0,1.8196,2.1805,2.03,50.0392,21.3335,1.0571,1.8257,1.659,0.0,,125301.0,125301.0,104564.0,1776770.0,1776770.0,3.12,15.64,12.8,0.0000,-0.010235652568372946,1,15,56,2000-07-06
000990.SZ,2021-07-09,14.1,14.6,14.66,14.1,14.18,0.42,2.9619,203882.0,295459.0,1.6271,1.9498,1.42,51.5213,21.9654,1.0884,1.8798,1.7081,0.0,,125301.0,125301.0,104564.0,1829400.0,1829400.0,3.12,15.6,12.76,0.0000,-0.13806054296169756,1,15,56,2000-07-06
000990.SZ,2021-07-12,14.57,14.51,14.74,14.27,14.6,-0.09,-0.6164,174845.0,253223.0,1.3954,1.6721,1.0,51.2037,21.83,1.0817,1.8682,1.6976,0.0,,125301.0,125301.0,104564.0,1818120.0,1818120.0,3.12,16.06,13.14,0.0000,-0.12460269995285324,1,15,56,2000-07-06
000990.SZ,2021-07-13,14.45,14.67,14.9,14.38,14.51,0.16,1.1027,142298.0,209569.0,1.1357,1.3609,0.71,51.7684,22.0707,1.0936,1.8888,1.7163,0.0,,125301.0,125301.0,104564.0,1838170.0,1838170.0,3.12,15.96,13.06,0.0000,-0.08483708923587037,1,15,56,2000-07-06
000990.SZ,2021-07-14,14.8,14.77,15.13,14.67,14.67,0.1,0.6817,134277.0,199409.0,1.0716,1.2842,0.62,52.1212,22.2212,1.101,1.9017,1.728,0.0,,125301.0,125301.0,104564.0,1850700.0,1850700.0,3.12,16.14,13.2,0.0000,-0.19360840027790258,1,15,56,2000-07-06
000990.SZ,2021-07-15,14.6,14.77,14.8,14.4,14.77,0.0,0.0,150397.0,219802.0,1.2003,1.4383,0.85,52.1212,22.2212,1.101,1.9017,1.728,0.0,,125301.0,125301.0,104564.0,1850700.0,1850700.0,3.12,16.25,13.29,0.0000,-0.2953337220195529,1,15,56,2000-07-06
000990.SZ,2021-07-16,14.91,14.92,15.35,14.81,14.77,0.15,1.0156,125032.0,187819.0,0.9978,1.1957,0.78,52.6506,22.4468,1.1122,1.921,1.7456,0.0,,125301.0,125301.0,104564.0,1869490.0,1869490.0,3.12,16.25,13.29,0.0000,0.14020540907517218,1,15,56,2000-07-06
000990.SZ,2021-07-19,15.07,14.94,15.15,14.75,14.92,0.02,0.134,111032.0,166046.0,0.8861,1.0619,0.76,52.7212,22.4769,1.1137,1.9236,1.7479,0.0,,125301.0,125301.0,104564.0,1872000.0,1872000.0,3.12,16.41,13.43,0.0000,-0.07197144299357729,1,15,56,2000-07-06
000990.SZ,2021-07-20,14.7,15.09,15.15,14.65,14.94,0.15,1.004,119464.0,178832.0,0.9534,1.1425,0.9,53.2505,22.7026,1.1249,1.9429,1.7655,0.0,,125301.0,125301.0,104564.0,1890800.0,1890790.0,3.12,16.43,13.45,0.0000,0.13895128363441425,1,15,56,2000-07-06
000990.SZ,2021-07-21,15.14,15.08,15.19,14.94,15.09,-0.01,-0.0663,124017.0,186601.0,0.9897,1.186,0.97,53.2152,22.6875,1.1242,1.9416,1.7643,0.0,,125301.0,125301.0,104564.0,1889540.0,1889540.0,3.12,16.6,13.58,0.0000,-0.2640991812853999,1,15,56,2000-07-06
000990.SZ,2021-07-22,15.1,15.05,15.13,14.93,15.08,-0.03,-0.1989,97134.4,145902.0,0.7752,0.9289,0.77,53.1093,22.6424,1.1219,1.9378,1.7608,0.0,,125301.0,125301.0,104564.0,1885780.0,1885780.0,3.12,16.59,13.57,0.0000,-0.2807392899028859,1,15,56,2000-07-06
000990.SZ,2021-07-23,15.04,15.11,15.47,14.99,15.05,0.06,0.3987,117130.0,178009.0,0.9348,1.1202,1.02,53.3211,22.7327,1.1264,1.9455,1.7678,0.0,,125301.0,125301.0,104564.0,1893300.0,1893300.0,3.12,16.56,13.55,0.0000,0.07615378472574469,1,15,56,2000-07-06
000990.SZ,2021-07-26,15.22,15.19,15.37,14.95,15.11,0.08,0.5295,130899.0,198194.0,1.0447,1.2519,1.15,53.6034,22.853,1.1324,1.9558,1.7772,0.0,,125301.0,125301.0,104564.0,1903330.0,1903320.0,3.12,16.62,13.6,0.0000,0.033003738389114,1,15,56,2000-07-06
000990.SZ,2021-07-27,15.45,15.09,15.7,14.34,15.19,-0.1,-0.6583,291389.0,441599.0,2.3255,5.5646,2.48,53.2505,14.5438,1.0924,1.9429,1.5557,0.0,,125301.0,125301.0,52364.6,1890800.0,1890790.0,3.12,16.71,13.67,0.0000,-0.06453324897782026,1,15,56,2000-07-06
000990.SZ,2021-07-28,14.81,14.11,14.97,14.09,15.09,-0.98,-6.4944,234965.0,338754.0,1.8752,4.4871,1.54,49.7922,13.5993,1.0214,1.8167,1.4547,0.0,,125301.0,125301.0,52364.6,1768000.0,1768000.0,3.12,16.6,13.58,0.0000,-0.2516324035532807,1,15,56,2000-07-06
000990.SZ,2021-07-29,14.34,14.57,14.94,14.23,14.11,0.46,3.2601,179456.0,261682.0,1.4322,3.4271,1.03,51.4155,14.0427,1.0547,1.876,1.5021,0.0,,125301.0,125301.0,52364.6,1825640.0,1825640.0,3.12,15.52,12.7,0.0000,-0.16123062574375438,1,15,56,2000-07-06
000990.SZ,2021-07-30,14.42,14.88,15.23,14.38,14.57,0.31,2.1277,146453.0,218376.0,1.1688,2.7968,0.77,52.5094,14.3414,1.0772,1.9159,1.534,0.0,,125301.0,125301.0,52364.6,1864480.0,1864480.0,3.12,16.03,13.11,0.0000,-0.06375784926449478,1,15,56,2000-07-06
000990.SZ,2021-08-02,15.22,15.88,16.08,15.15,14.88,1.0,6.7204,288714.0,453380.0,2.3042,5.5135,1.47,56.0383,15.3052,1.1496,2.0446,1.6371,0.0,,125301.0,125301.0,52364.6,1989780.0,1989780.0,3.12,16.37,13.39,0.0000,-0.07978492338703602,1,15,56,2000-07-06
000990.SZ,2021-08-03,16.07,17.47,17.47,16.07,15.88,1.59,10.0126,541625.0,930051.0,4.3226,10.3433,2.37,61.6492,16.8377,1.2647,2.2493,1.8011,0.0,,125301.0,125301.0,52364.6,2189010.0,2189010.0,3.12,17.47,14.29,0.0000,-0.03117579430183531,1,15,56,2000-07-06
000990.SZ,2021-08-04,17.28,16.92,17.4,16.73,17.47,-0.55,-3.1483,394893.0,671029.0,3.1516,7.5412,1.42,59.7083,16.3076,1.2249,2.1785,1.7444,0.0,,125301.0,125301.0,52364.6,2120100.0,2120090.0,3.12,19.22,15.72,0.0000,-0.213673595832824,1,15,56,2000-07-06
000990.SZ,2021-08-05,17.1,16.93,17.5,16.77,16.92,0.01,0.0591,252291.0,429820.0,2.0135,4.818,0.81,59.7436,16.3172,1.2256,2.1798,1.7454,0.0,,125301.0,125301.0,52364.6,2121350.0,2121350.0,3.12,18.61,15.23,0.0000,-0.11932203443580136,1,15,56,2000-07-06
000990.SZ,2021-08-06,16.7,16.96,17.28,16.7,16.93,0.03,0.1772,160606.0,273092.0,1.2818,3.0671,0.49,59.8495,16.3461,1.2277,2.1837,1.7485,0.0,,125301.0,125301.0,52364.6,2125110.0,2125110.0,3.12,18.62,15.24,0.0000,-0.018073809783787077,1,15,56,2000-07-06
000990.SZ,2021-08-09,17.23,17.91,18.15,17.12,16.96,0.95,5.6014,265293.0,469135.0,2.1172,5.0663,0.81,63.2019,17.2618,1.2965,2.306,1.8464,0.0,,125301.0,125301.0,52364.6,2244140.0,2244140.0,3.12,18.66,15.26,0.0000,0.05831562928806314,1,15,56,2000-07-06
000990.SZ,2021-08-10,17.85,17.78,18.07,17.6,17.91,-0.13,-0.7259,190468.0,338503.0,1.5201,3.6373,0.59,62.7431,17.1365,1.2871,2.2893,1.833,0.0,,125301.0,125301.0,52364.6,2227860.0,2227850.0,3.12,19.7,16.12,0.0000,-0.23488098985037154,1,15,56,2000-07-06
000990.SZ,2021-08-11,17.9,18.11,18.29,17.55,17.78,0.33,1.856,190706.0,342016.0,1.522,3.6419,0.75,63.9076,17.4545,1.311,2.3317,1.867,0.0,,125301.0,125301.0,52364.6,2269200.0,2269200.0,3.12,19.56,16.0,0.0000,-0.01625597705361714,1,15,56,2000-07-06
000990.SZ,2021-08-12,17.8,17.38,17.95,17.3,18.11,-0.73,-4.0309,200399.0,350624.0,1.5993,3.827,0.95,61.3316,16.7509,1.2582,2.2377,1.7918,0.0,,125301.0,125301.0,52364.6,2177730.0,2177730.0,3.12,19.92,16.3,0.0000,-0.21510558969845076,1,15,56,2000-07-06
000990.SZ,2021-08-13,17.49,17.43,17.74,17.36,17.38,0.05,0.2877,131379.0,230039.0,1.0485,2.5089,0.65,61.508,16.7991,1.2618,2.2442,1.7969,0.0,,125301.0,125301.0,52364.6,2184000.0,2184000.0,3.12,19.12,15.64,0.0000,-0.05275565790100883,1,15,56,2000-07-06
000990.SZ,2021-08-16,17.44,17.5,18.12,17.4,17.43,0.07,0.4016,159109.0,281658.0,1.2698,3.0385,0.81,61.755,16.8666,1.2668,2.2532,1.8042,0.0,,125301.0,125301.0,52364.6,2192770.0,2192770.0,3.12,19.17,15.69,0.0000,-0.11419965900852262,1,15,56,2000-07-06
000990.SZ,2021-08-17,17.51,17.15,17.69,16.96,17.5,-0.35,-2.0,151318.0,262147.0,1.2076,2.8897,0.87,60.5199,16.5293,1.2415,2.2081,1.7681,0.0,,125301.0,125301.0,52364.6,2148920.0,2148910.0,3.12,19.25,15.75,0.0000,-0.13771251873826387,1,15,56,2000-07-06
000990.SZ,2021-08-18,17.38,17.57,17.72,17.1,17.15,0.42,2.449,136793.0,239001.0,1.0917,2.6123,0.82,62.0021,16.9341,1.2719,2.2622,1.8114,0.0,,125301.0,125301.0,52364.6,2201540.0,2201540.0,3.12,18.87,15.44,0.0000,0.06561983169335768,1,15,56,2000-07-06
000990.SZ,2021-08-19,17.75,17.3,17.75,16.95,17.57,-0.27,-1.5367,124705.0,214166.0,0.9952,2.3815,0.8,61.0493,16.6738,1.2524,2.2274,1.7835,0.0,,125301.0,125301.0,52364.6,2167710.0,2167710.0,3.12,19.33,15.81,0.0000,-0.20262541339288667,1,15,56,2000-07-06
000990.SZ,2021-08-20,17.3,17.3,17.39,16.95,17.3,0.0,0.0,94318.6,162023.0,0.7527,1.8012,0.67,61.0493,16.6738,1.2524,2.2274,1.7835,0.0,,125301.0,125301.0,52364.6,2167710.0,2167710.0,3.12,19.03,15.57,0.0000,-0.13363516047908844,1,15,56,2000-07-06
000990.SZ,2021-08-23,17.35,17.34,17.46,16.96,17.3,0.04,0.2312,127105.0,218842.0,1.0144,2.4273,0.95,61.1904,16.7124,1.2553,2.2326,1.7877,0.0,,125301.0,125301.0,52364.6,2172720.0,2172720.0,3.12,19.03,15.57,0.0000,-0.17651075994538404,1,15,56,2000-07-06
000990.SZ,2021-08-24,17.4,17.09,17.4,17.03,17.34,-0.25,-1.4418,126862.0,217174.0,1.0125,2.4227,1.0,60.3082,16.4714,1.2372,2.2004,1.7619,0.0,,125301.0,125301.0,52364.6,2141400.0,2141400.0,3.12,19.07,15.61,0.0000,-0.332559090604289,1,15,56,2000-07-06
000990.SZ,2021-08-25,17.1,17.42,17.59,16.96,17.09,0.33,1.931,136800.0,235984.0,1.0918,2.6125,1.12,61.4727,16.7895,1.261,2.2429,1.7959,0.0,,125301.0,125301.0,52364.6,2182750.0,2182750.0,3.12,18.8,15.38,0.0000,-0.05703923545749627,1,15,56,2000-07-06
000990.SZ,2021-08-26,17.35,17.43,17.76,17.16,17.42,0.01,0.0574,145633.0,254443.0,1.1623,2.7811,1.19,61.508,16.7991,1.2618,2.2442,1.7969,0.0,,125301.0,125301.0,52364.6,2184000.0,2184000.0,3.12,19.16,15.68,0.0000,0.005624241041393618,1,15,56,2000-07-06
000990.SZ,2021-08-27,17.52,17.72,18.17,17.14,17.43,0.29,1.6638,207986.0,368746.0,1.6599,3.9719,1.65,62.5314,17.0786,1.2828,2.2815,1.8268,0.0,,125301.0,125301.0,52364.6,2220340.0,2220340.0,3.12,19.17,15.69,0.0000,0.13910832072613935,1,15,56,2000-07-06
000990.SZ,2021-08-30,18.0,18.2,18.55,17.88,17.72,0.48,2.7088,234487.0,427113.0,1.8714,4.478,1.58,64.2252,17.5413,1.3175,2.3433,1.8763,0.0,,125301.0,125301.0,52364.6,2280480.0,2280480.0,3.12,19.49,15.95,0.0000,0.021650247433534442,1,15,56,2000-07-06
000990.SZ,2021-08-31,18.09,16.94,18.1,16.86,18.2,-1.26,-6.9231,260080.0,447488.0,2.0756,4.9667,1.53,59.7789,16.3269,1.2263,2.1811,1.7464,0.0,,125301.0,125301.0,52364.6,2122600.0,2122600.0,3.12,20.02,16.38,0.0000,-0.20832488925725484,1,15,56,2000-07-06
000990.SZ,2021-09-01,16.95,16.3,17.22,16.06,16.94,-0.64,-3.778,226507.0,373842.0,1.8077,4.3256,1.15,57.5204,15.71,1.18,2.0987,1.6804,0.0,,125301.0,125301.0,52364.6,2042410.0,2042410.0,3.12,18.63,15.25,0.0000,-0.19798703523033864,1,15,56,2000-07-06
000990.SZ,2021-09-02,16.31,16.59,16.64,16.01,16.3,0.29,1.7791,136441.0,223438.0,1.0889,2.6056,0.63,58.5438,15.9895,1.201,2.136,1.7103,0.0,,125301.0,125301.0,52364.6,2078750.0,2078750.0,3.12,17.93,14.67,0.0000,-0.15388930520186345,1,15,56,2000-07-06
000990.SZ,2021-09-03,17.07,18.25,18.25,16.69,16.59,1.66,10.006,332473.0,599107.0,2.6534,6.3492,1.56,64.4017,17.5895,1.3211,2.3498,1.8815,0.0,,125301.0,125301.0,52364.6,2286750.0,2286740.0,3.12,18.25,14.93,0.0000,0.0717745366975384,1,15,56,2000-07-06
000990.SZ,2021-09-06,18.42,16.65,18.96,16.52,18.25,-1.6,-8.7671,486286.0,845397.0,3.8809,9.2866,2.04,58.7555,16.0474,1.2053,2.1438,1.7165,0.0,,125301.0,125301.0,52364.6,2086260.0,2086260.0,3.12,20.08,16.43,0.0000,-0.06440449678548542,1,15,56,2000-07-06
000990.SZ,2021-09-07,17.11,17.23,17.34,16.4,16.65,0.58,3.4835,253993.0,430617.0,2.0271,4.8505,0.88,60.8022,16.6064,1.2473,2.2184,1.7763,0.0,,125301.0,125301.0,52364.6,2158940.0,2158940.0,3.12,18.32,14.99,0.0000,0.005220161615910933,1,15,56,2000-07-06
000990.SZ,2021-09-08,17.24,17.45,17.57,16.8,17.23,0.22,1.2768,190725.0,329151.0,1.5221,3.6286,0.66,61.5786,16.8184,1.2632,2.2468,1.799,0.0,,125301.0,125301.0,52561.8,2186510.0,2186500.0,3.12,18.95,15.51,0.0000,0.12170706356166254,1,15,56,2000-07-06
000990.SZ,2021-09-09,17.45,17.44,17.64,17.11,17.45,-0.01,-0.0573,148553.0,258671.0,1.1856,2.8263,0.53,61.5433,16.8088,1.2625,2.2455,1.798,0.0,,125301.0,125301.0,52561.8,2185250.0,2185250.0,3.12,19.2,15.71,0.0000,-0.09550816094144748,1,15,56,2000-07-06
000990.SZ,2021-09-10,17.48,17.35,18.2,17.3,17.44,-0.09,-0.5161,182621.0,322801.0,1.4575,3.4744,0.65,61.2257,16.722,1.256,2.2339,1.7887,0.0,,125301.0,125301.0,52561.8,2173980.0,2173970.0,3.12,19.18,15.7,0.0000,-0.10731972699228322,1,15,56,2000-07-06
000990.SZ,2021-09-13,17.24,17.34,17.54,17.02,17.35,-0.01,-0.0576,150771.0,261103.0,1.2033,2.8685,0.6,61.1904,16.7124,1.2553,2.2326,1.7877,0.0,,125301.0,125301.0,52561.8,2172720.0,2172720.0,3.12,19.09,15.62,0.0000,-0.23462863995797426,1,15,56,2000-07-06
000990.SZ,2021-09-14,17.33,17.07,17.62,16.97,17.34,-0.27,-1.5571,156670.0,270904.0,1.2503,2.9807,0.85,60.2376,16.4522,1.2357,2.1978,1.7598,0.0,,125301.0,125301.0,52561.8,2138890.0,2138890.0,3.12,19.07,15.61,0.0000,-0.10575396708219549,1,15,56,2000-07-06
000990.SZ,2021-09-15,17.04,17.27,17.55,17.0,17.07,0.2,1.1716,119394.0,205429.0,0.9529,2.2715,0.72,60.9434,16.6449,1.2502,2.2236,1.7804,0.0,,125301.0,125301.0,52561.8,2163950.0,2163950.0,3.12,18.78,15.36,0.0000,0.023718938148878405,1,15,56,2000-07-06
000990.SZ,2021-09-16,17.45,17.85,18.98,17.38,17.27,0.58,3.3584,365501.0,665406.0,2.917,6.9537,2.41,62.9901,17.2039,1.2922,2.2983,1.8402,0.0,,125301.0,125301.0,52561.8,2236630.0,2236620.0,3.12,19.0,15.54,0.0000,0.14222129600444114,1,15,56,2000-07-06
000990.SZ,2021-09-17,17.69,17.16,17.75,16.87,17.85,-0.69,-3.8655,197480.0,340307.0,1.576,3.7571,1.01,60.5552,16.5389,1.2422,2.2094,1.7691,0.0,,125301.0,125301.0,52561.8,2150170.0,2150170.0,3.12,19.64,16.07,0.0000,0.029967917349985242,1,15,56,2000-07-06
000990.SZ,2021-09-22,17.0,17.52,17.58,16.87,17.16,0.36,2.0979,133240.0,229753.0,1.0634,2.5349,0.67,61.8256,16.8859,1.2683,2.2558,1.8062,0.0,,125301.0,125301.0,52561.8,2195280.0,2195280.0,3.12,18.88,15.44,0.0000,-0.02681516230561908,1,15,56,2000-07-06
000990.SZ,2021-09-23,17.7,17.34,18.28,17.28,17.52,-0.18,-1.0274,170380.0,301303.0,1.3598,3.2415,0.88,61.1904,16.7124,1.2553,2.2326,1.7877,0.0,,125301.0,125301.0,52561.8,2172720.0,2172720.0,3.12,19.27,15.77,0.0000,-0.02152011444508032,1,15,56,2000-07-06
000990.SZ,2021-09-24,17.17,16.79,17.34,16.7,17.34,-0.55,-3.1719,162732.0,275303.0,1.2987,3.096,0.83,59.2495,16.1823,1.2154,2.1618,1.731,0.0,,125301.0,125301.0,52561.8,2103810.0,2103810.0,3.12,19.07,15.61,0.0000,-0.20743415064193194,1,15,56,2000-07-06
000990.SZ,2021-09-27,16.79,15.68,16.88,15.59,16.79,-1.11,-6.6111,190635.0,305227.0,1.5214,3.6269,0.93,55.3325,15.1125,1.1351,2.0189,1.6165,0.0,,125301.0,125301.0,52561.8,1964720.0,1964720.0,3.12,18.47,15.11,0.0000,-0.1740774223176144,1,15,56,2000-07-06
000990.SZ,2021-09-28,15.82,15.99,16.15,15.51,15.68,0.31,1.977,93897.8,148898.0,0.7494,1.7864,0.55,56.4265,15.4113,1.1575,2.0588,1.6485,0.0,,125301.0,125301.0,52561.8,2003570.0,2003560.0,3.12,17.25,14.11,0.0000,0.12068238604521729,1,15,56,2000-07-06
000990.SZ,2021-09-29,15.84,16.38,17.43,15.76,15.99,0.39,2.439,238310.0,397999.0,1.9019,4.5339,1.59,57.8027,15.7871,1.1858,2.109,1.6887,0.0,,125301.0,125301.0,52561.8,2052430.0,2052430.0,3.12,17.59,14.39,0.0000,-0.005537344738623609,1,15,56,2000-07-06
000990.SZ,2021-09-30,16.0,16.24,16.5,15.77,16.38,-0.14,-0.8547,132529.0,213900.0,1.0577,2.4789,0.77,57.3087,15.6522,1.1756,2.091,1.6743,0.0,,125301.0,125301.0,53461.7,2034890.0,2034890.0,3.12,18.02,14.74,0.0000,0.06953479339148522,1,15,56,2000-07-06
000990.SZ,2021-10-08,17.7,15.77,17.7,15.65,16.24,-0.47,-2.8941,208563.0,341143.0,1.6645,3.9012,1.27,55.6501,15.1992,1.1416,2.0305,1.6258,0.0,,125301.0,125301.0,53461.7,1976000.0,1976000.0,3.12,17.86,14.62,0.0000,0.1686405548586439,1,15,56,2000-07-06
000990.SZ,2021-10-11,15.75,16.41,16.68,15.73,15.77,0.64,4.0583,184442.0,300819.0,1.472,3.45,1.07,57.9086,15.8161,1.1879,2.1129,1.6918,0.0,,125301.0,125301.0,53461.7,2056190.0,2056190.0,3.12,17.35,14.19,0.0000,0.07316471905891939,1,15,56,2000-07-06
000990.SZ,2021-10-12,16.84,16.62,17.28,16.41,16.41,0.21,1.2797,266024.0,445546.0,2.1231,4.976,1.55,58.6496,16.0185,1.2031,2.1399,1.7134,0.0,,125301.0,125301.0,53461.7,2082510.0,2082500.0,3.12,18.05,14.77,0.0000,0.21794176202839602,1,15,56,2000-07-06
000990.SZ,2021-10-13,16.63,16.44,16.69,15.86,16.62,-0.18,-1.083,167959.0,272927.0,1.3404,3.1417,0.82,58.0144,15.845,1.1901,2.1167,1.6949,0.0,,125301.0,125301.0,53461.7,2059950.0,2059950.0,3.12,18.28,14.96,0.0000,0.12539250087908002,1,15,56,2000-07-06
000990.SZ,2021-10-14,16.3,16.66,16.86,16.08,16.44,0.22,1.3382,126212.0,207537.0,1.0073,2.3608,0.66,58.7908,16.057,1.206,2.145,1.7176,0.0,,125301.0,125301.0,53461.7,2087520.0,2087520.0,3.12,18.08,14.8,0.0000,0.2369314300049861,1,15,56,2000-07-06
000990.SZ,2021-10-15,16.02,15.0,16.02,15.0,16.66,-1.66,-9.964,282251.0,433376.0,2.2526,5.2795,1.48,52.9329,14.4571,1.0859,1.9313,1.5464,0.0,,125301.0,125301.0,53461.7,1879520.0,1879520.0,3.12,18.33,14.99,0.0000,-0.10672882039090849,1,15,56,2000-07-06
000990.SZ,2021-10-18,15.0,16.02,16.05,14.93,15.0,1.02,6.8,211726.0,329268.0,1.6897,3.9603,1.03,56.5323,15.4402,1.1597,2.0626,1.6516,0.0,,125301.0,125301.0,53461.7,2007330.0,2007320.0,3.12,16.5,13.5,0.0000,-0.18695287171664568,1,15,56,2000-07-06
000990.SZ,2021-10-19,15.94,15.95,16.05,15.28,16.02,-0.07,-0.437,161085.0,253411.0,1.2856,3.0131,0.76,56.2853,15.3727,1.1546,2.0536,1.6444,0.0,,125301.0,125301.0,53461.7,1998550.0,1998550.0,3.12,17.62,14.42,0.0000,-0.10020890721423895,1,15,56,2000-07-06
000990.SZ,2021-10-20,15.96,15.96,16.3,15.51,15.95,0.01,0.0627,176265.0,281550.0,1.4067,3.297,0.93,56.3206,14.0768,1.1314,2.0549,1.5839,0.0,,125301.0,125301.0,53461.7,1999810.0,1999810.0,3.12,17.55,14.36,0.0000,0.15463356677154622,1,15,56,2000-07-06
000990.SZ,2021-10-21,15.9,15.44,15.98,15.4,15.96,-0.52,-3.2581,148081.0,230444.0,1.1818,2.4499,0.77,54.4856,13.6182,1.0946,1.988,1.5323,0.0,,125301.0,125301.0,60444.3,1934650.0,1934650.0,3.12,17.56,14.36,0.0000,0.09594692568591631,1,15,56,2000-07-06
000990.SZ,2021-10-22,15.38,14.9,15.43,14.85,15.44,-0.54,-3.4974,150578.0,226963.0,1.2017,2.8166,0.77,52.58,13.1419,1.0563,1.9184,1.4787,0.0,,125301.0,125301.0,53461.7,1866990.0,1866990.0,3.12,16.98,13.9,0.0000,-0.0840317237705238,1,15,56,2000-07-06
000990.SZ,2021-10-25,14.82,14.9,14.97,14.56,14.9,0.0,0.0,117667.0,173939.0,0.9391,2.201,0.69,52.58,13.1419,1.0563,1.9184,1.4787,0.0,,125301.0,125301.0,53461.7,1866990.0,1866990.0,3.12,16.39,13.41,0.0000,-0.019073025573352845,1,15,56,2000-07-06
000990.SZ,2021-10-26,14.8,14.54,14.96,14.5,14.9,-0.36,-2.4161,148130.0,217662.0,1.1822,2.7708,0.98,51.3096,12.8244,1.0308,1.8721,1.443,0.0,,125301.0,125301.0,53461.7,1821880.0,1821880.0,3.12,16.39,13.41,0.0000,-0.15793188148404888,1,15,56,2000-07-06
000990.SZ,2021-10-27,14.5,14.22,14.59,14.16,14.54,-0.32,-2.2008,115050.0,164583.0,0.9182,2.152,0.78,50.1804,12.5422,1.0081,1.8309,1.4113,0.0,,125301.0,125301.0,53461.7,1781780.0,1781780.0,3.12,15.99,13.09,0.0000,-0.2021946711550657,1,15,56,2000-07-06
000990.SZ,2021-10-28,14.18,13.94,14.35,13.88,14.22,-0.28,-1.9691,129188.0,181195.0,1.031,2.4165,0.95,49.1923,12.2952,0.9882,1.7948,1.3835,0.0,,125301.0,125301.0,53461.7,1746700.0,1746700.0,3.12,15.64,12.8,0.0000,-0.11476303566476569,1,15,56,2000-07-06
000990.SZ,2021-10-29,14.05,14.16,14.25,13.86,13.94,0.22,1.5782,100246.0,141312.0,0.8,1.8751,0.76,49.9686,12.4892,1.0038,1.8232,1.4053,0.0,,125301.0,125301.0,53461.7,1774260.0,1774260.0,3.12,15.33,12.55,0.0000,0.3604767056026214,1,15,56,2000-07-06
000990.SZ,2021-11-01,14.1,14.23,14.31,13.98,14.16,0.07,0.4944,100532.0,142495.0,0.8023,1.8805,0.82,50.2157,12.551,1.0088,1.8322,1.4122,0.0,,125301.0,125301.0,53461.7,1783040.0,1783030.0,3.12,15.58,12.74,0.0000,0.2148488620975436,1,15,56,2000-07-06
000990.SZ,2021-11-02,14.19,13.86,14.21,13.64,14.23,-0.37,-2.6001,133937.0,186580.0,1.0689,2.5053,1.13,48.91,12.2246,0.9826,1.7845,1.3755,0.0,,125301.0,125301.0,53461.7,1736670.0,1736670.0,3.12,15.65,12.81,0.0000,-0.07422021020092112,1,15,56,2000-07-06
000990.SZ,2021-11-03,13.82,14.02,14.24,13.8,13.86,0.16,1.1544,97565.4,136590.0,0.7786,1.825,0.84,49.4746,12.3658,0.9939,1.8051,1.3914,0.0,,125301.0,125301.0,53461.7,1756720.0,1756720.0,3.12,15.25,12.47,0.0000,0.3182607367586086,1,15,56,2000-07-06
000990.SZ,2021-11-04,14.01,14.08,14.15,13.91,14.02,0.06,0.428,84550.8,118754.0,0.6748,1.5815,0.75,49.6863,12.4187,0.9981,1.8129,1.3974,0.0,,125301.0,125301.0,53461.7,1764240.0,1764240.0,3.12,15.42,12.62,0.0000,0.15230417253695594,1,15,56,2000-07-06
000990.SZ,2021-11-05,14.08,13.82,14.12,13.82,14.08,-0.26,-1.8466,98436.5,137004.0,0.7856,1.8413,0.95,48.7688,12.1894,0.9797,1.7794,1.3716,0.0,,125301.0,125301.0,53461.7,1731660.0,1731660.0,3.12,15.49,12.67,0.0000,-0.18159365960322985,1,15,56,2000-07-06
000990.SZ,2021-11-08,13.83,13.87,14.0,13.56,13.82,0.05,0.3618,90280.3,124948.0,0.7205,1.6887,0.88,48.9453,12.2335,0.9833,1.7858,1.3765,0.0,,125301.0,125301.0,53461.7,1737930.0,1737930.0,3.12,15.2,12.44,0.0000,0.11298284789450985,1,15,56,2000-07-06
000990.SZ,2021-11-09,13.96,14.19,14.23,13.89,13.87,0.32,2.3071,104784.0,148094.0,0.8363,1.96,1.04,50.0745,12.5157,1.0059,1.827,1.4083,0.0,,125301.0,125301.0,53461.7,1778020.0,1778020.0,3.12,15.26,12.48,0.0000,0.10669581785569926,1,15,56,2000-07-06
000990.SZ,2021-11-10,14.07,14.12,14.14,13.81,14.19,-0.07,-0.4933,115415.0,161134.0,0.9211,2.1588,1.21,49.8275,12.454,1.001,1.818,1.4013,0.0,,125301.0,125301.0,53461.7,1769250.0,1769250.0,3.12,15.61,12.77,0.0000,0.11456487893143402,1,15,56,2000-07-06
000990.SZ,2021-11-11,13.98,14.21,14.29,13.98,14.12,0.09,0.6374,107606.0,152883.0,0.8588,2.0128,1.09,50.1451,12.5333,1.0074,1.8296,1.4103,0.0,,125301.0,125301.0,53461.7,1780530.0,1780530.0,3.12,15.53,12.71,0.0000,0.07341409899128462,1,15,56,2000-07-06
000990.SZ,2021-11-12,14.21,14.38,14.42,14.12,14.21,0.17,1.1963,119649.0,170812.0,0.9549,2.238,1.16,50.745,12.6833,1.0194,1.8515,1.4271,0.0,,125301.0,125301.0,53461.7,1801830.0,1801830.0,3.12,15.63,12.79,0.0000,0.01166846835105426,1,15,56,2000-07-06
000990.SZ,2021-11-15,14.68,14.52,14.78,14.18,14.38,0.14,0.9736,149666.0,214945.0,1.1945,2.7995,1.39,51.239,12.8068,1.0293,1.8695,1.441,0.0,,125301.0,125301.0,53461.7,1819370.0,1819370.0,3.12,15.82,12.94,0.0000,0.10884046709548409,1,15,56,2000-07-06
000990.SZ,2021-11-16,14.52,14.46,14.68,14.4,14.52,-0.06,-0.4132,115070.0,166883.0,0.9183,2.1524,0.96,51.0273,12.7538,1.0251,1.8618,1.4351,0.0,,125301.0,125301.0,53461.7,1811860.0,1811850.0,3.12,15.97,13.07,0.0000,0.20829395921370075,1,15,56,2000-07-06
000990.SZ,2021-11-17,14.37,14.53,14.64,14.35,14.46,0.07,0.4841,114174.0,165549.0,0.9112,2.1356,0.94,51.2743,12.8156,1.0301,1.8708,1.442,0.0,,125301.0,125301.0,53461.7,1820630.0,1820620.0,3.12,15.91,13.01,0.0000,-0.006891043434347052,1,15,56,2000-07-06
000990.SZ,2021-11-18,14.72,14.8,15.12,14.64,14.53,0.27,1.8582,188459.0,280384.0,1.504,3.5251,1.55,52.2271,13.0537,1.0492,1.9056,1.4688,0.0,,125301.0,125301.0,53461.7,1854460.0,1854460.0,3.12,15.98,13.08,0.0000,0.15147809369660478,1,15,56,2000-07-06
000990.SZ,2021-11-19,14.69,15.12,15.19,14.6,14.8,0.32,2.1622,153462.0,230020.0,1.2247,2.8705,1.12,53.3563,13.336,1.0719,1.9468,1.5006,0.0,,125301.0,125301.0,53461.7,1894550.0,1894550.0,3.12,16.28,13.32,0.0000,0.12057456048872639,1,15,56,2000-07-06
000990.SZ,2021-11-22,15.24,15.08,15.38,15.05,15.12,-0.04,-0.2646,140767.0,213125.0,1.1234,2.633,0.98,53.2152,13.3007,1.069,1.9416,1.4966,0.0,,125301.0,125301.0,53461.7,1889540.0,1889540.0,3.12,16.63,13.61,0.0000,-0.10632066320393176,1,15,56,2000-07-06
000990.SZ,2021-11-23,15.14,15.14,15.16,14.98,15.08,0.06,0.3979,101729.0,153481.0,0.8119,1.9028,0.71,53.4269,13.3536,1.0733,1.9493,1.5026,0.0,,125301.0,125301.0,53461.7,1897060.0,1897060.0,3.12,16.59,13.57,0.0000,-0.17412737217924718,1,15,56,2000-07-06
000990.SZ,2021-11-24,15.16,14.98,15.16,14.84,15.14,-0.16,-1.0568,104031.0,155762.0,0.8302,1.9459,0.74,52.8623,13.2125,1.062,1.9287,1.4867,0.0,,125301.0,125301.0,53461.7,1877010.0,1877010.0,3.12,16.65,13.63,0.0000,-0.2143437164120527,1,15,56,2000-07-06
000990.SZ,2021-11-25,15.08,14.92,15.08,14.84,14.98,-0.06,-0.4005,72649.6,108576.0,0.5798,1.3589,0.53,52.6506,13.1596,1.0577,1.921,1.4807,0.0,,125301.0,125301.0,53461.7,1869490.0,1869490.0,3.12,16.48,13.48,0.0000,-0.1133668983860805,1,15,56,2000-07-06
000990.SZ,2021-11-26,14.92,14.93,15.05,14.8,14.92,0.01,0.067,73228.2,109246.0,0.5844,1.3697,0.64,52.6859,13.1684,1.0584,1.9223,1.4817,0.0,,125301.0,125301.0,53461.7,1870750.0,1870750.0,3.12,16.41,13.43,0.0000,0.09561319894313781,1,15,56,2000-07-06
000990.SZ,2021-11-29,14.7,14.75,14.87,14.57,14.93,-0.18,-1.2056,78301.1,115326.0,0.6249,1.4646,0.8,52.0507,13.0096,1.0456,1.8991,1.4639,0.0,,125301.0,125301.0,53461.7,1848190.0,1848190.0,3.12,16.42,13.44,0.0000,-0.23583917342034952,1,15,56,2000-07-06
000990.SZ,2021-11-30,14.95,14.81,15.08,14.73,14.75,0.06,0.4068,104556.0,155816.0,0.8344,1.9557,1.22,52.2624,13.0625,1.0499,1.9069,1.4698,0.0,,125301.0,125301.0,53461.7,1855710.0,1855710.0,3.12,16.23,13.28,0.0000,0.0332755306184064,1,15,56,2000-07-06
000990.SZ,2021-12-01,14.81,15.34,15.38,14.76,14.81,0.53,3.5787,187275.0,283634.0,1.4946,3.503,2.16,54.1327,13.53,1.0875,1.9751,1.5224,0.0,,125301.0,125301.0,53461.7,1922120.0,1922120.0,3.12,16.29,13.33,0.0000,0.09002624584393355,1,15,56,2000-07-06
000990.SZ,2021-12-02,15.35,15.14,15.39,15.04,15.34,-0.2,-1.3038,139310.0,211501.0,1.1118,2.6058,1.35,53.4269,13.3536,1.0733,1.9493,1.5026,0.0,,125301.0,125301.0,53461.7,1897060.0,1897060.0,3.12,16.87,13.81,0.0000,-0.18878741353038594,1,15,56,2000-07-06
000990.SZ,2021-12-03,15.09,15.09,15.2,14.85,15.14,-0.05,-0.3303,100879.0,151370.0,0.8051,1.8869,0.87,53.2505,13.3095,1.0698,1.9429,1.4976,0.0,,125301.0,125301.0,53461.7,1890800.0,1890790.0,3.12,16.65,13.63,0.0000,-0.0842195324734717,1,15,56,2000-07-06
000990.SZ,2021-12-06,15.15,15.3,15.42,15.13,15.09,0.21,1.3917,182730.0,279099.0,1.4583,3.418,1.5,53.9915,13.4947,1.0846,1.9699,1.5184,0.0,,125301.0,125301.0,53461.7,1917110.0,1917110.0,3.12,16.6,13.58,0.0000,0.03385496342918218,1,15,56,2000-07-06
000990.SZ,2021-12-07,15.3,14.92,15.38,14.83,15.3,-0.38,-2.4837,161814.0,242763.0,1.2914,3.0267,1.13,52.6506,13.1596,1.0577,1.921,1.4807,0.0,,125301.0,125301.0,53461.7,1869490.0,1869490.0,3.12,16.83,13.77,0.0000,-0.18658647887396843,1,15,56,2000-07-06
000990.SZ,2021-12-08,14.93,14.93,15.11,14.9,14.92,0.01,0.067,111747.0,167174.0,0.8918,2.0902,0.72,52.6859,13.1684,1.0584,1.9223,1.4817,0.0,,125301.0,125301.0,53461.7,1870750.0,1870750.0,3.12,16.41,13.43,0.0000,-0.1253381183229381,1,15,56,2000-07-06
000990.SZ,2021-12-09,14.93,14.78,15.07,14.73,14.93,-0.15,-1.0047,133489.0,198365.0,1.0653,2.4969,0.96,52.1565,13.0361,1.0478,1.903,1.4668,0.0,,125301.0,125301.0,53461.7,1851950.0,1851950.0,3.12,16.42,13.44,0.0000,-0.26692727325674903,1,15,56,2000-07-06
000990.SZ,2021-12-10,14.7,14.58,14.77,14.51,14.78,-0.2,-1.3532,119467.0,174659.0,0.9534,2.2346,0.86,51.4508,12.8597,1.0336,1.8772,1.447,0.0,,125301.0,125301.0,53461.7,1826890.0,1826890.0,3.12,16.26,13.3,0.0000,-0.27656833975309675,1,15,56,2000-07-06
000990.SZ,2021-12-13,14.65,14.53,14.92,14.46,14.58,-0.05,-0.3429,150757.0,220472.0,1.2032,2.8199,1.06,51.2743,12.8156,1.0301,1.8708,1.442,0.0,,125301.0,125301.0,53461.7,1820630.0,1820620.0,3.12,16.04,13.12,0.0000,-0.018820090734365157,1,15,56,2000-07-06
000990.SZ,2021-12-14,14.53,14.24,14.66,14.17,14.53,-0.29,-1.9959,163134.0,233740.0,1.3019,3.0514,1.2,50.251,12.5598,1.0095,1.8335,1.4132,0.0,,125301.0,125301.0,53461.7,1784290.0,1784290.0,3.12,15.98,13.08,0.0000,-0.3422658936242595,1,15,56,2000-07-06
000990.SZ,2021-12-15,14.26,14.09,14.36,14.06,14.24,-0.15,-1.0534,135573.0,192433.0,1.082,2.5359,1.0,49.7216,12.4275,0.9989,1.8141,1.3984,0.0,,125301.0,125301.0,53461.7,1765490.0,1765490.0,3.12,15.66,12.82,0.0000,0.0368391252846168,1,15,56,2000-07-06
000990.SZ,2021-12-16,14.1,14.42,14.43,14.0,14.09,0.33,2.3421,170180.0,242909.0,1.3582,3.1832,1.21,50.8861,12.7186,1.0223,1.8566,1.4311,0.0,,125301.0,125301.0,53461.7,1806840.0,1806840.0,3.12,15.5,12.68,0.0000,-0.03993344419341129,1,15,56,2000-07-06
000990.SZ,2021-12-17,14.45,14.24,14.48,14.21,14.42,-0.18,-1.2483,106399.0,152153.0,0.8491,1.9902,0.72,50.251,12.5598,1.0095,1.8335,1.4132,0.0,,125301.0,125301.0,53461.7,1784290.0,1784290.0,3.12,15.86,12.98,0.0000,-0.11615346767264227,1,15,56,2000-07-06
000990.SZ,2021-12-20,14.65,15.66,15.66,14.62,14.24,1.42,9.9719,579659.0,887710.0,4.6261,10.8425,3.99,55.2619,13.8122,1.1102,2.0163,1.5542,0.0,,125301.0,125301.0,53461.7,1962220.0,1962220.0,3.12,15.66,12.82,0.0000,0.1026282841900714,1,15,56,2000-07-06
000990.SZ,2021-12-21,15.6,15.52,16.04,15.38,15.66,-0.14,-0.894,513442.0,803562.0,4.0977,9.6039,2.22,54.7679,13.6888,1.1002,1.9983,1.5403,0.0,,125301.0,125301.0,53461.7,1944670.0,1944670.0,3.12,17.23,14.09,0.0000,-0.17567931485828503,1,15,56,2000-07-06
000990.SZ,2021-12-22,15.72,15.86,16.05,15.32,15.52,0.34,2.1907,379327.0,596020.0,3.0273,7.0953,1.26,55.9677,13.9886,1.1243,2.042,1.574,0.0,,125301.0,125301.0,53461.7,1987280.0,1987280.0,3.12,17.07,13.97,0.0000,0.012818598156121156,1,15,56,2000-07-06
000990.SZ,2021-12-23,15.77,15.65,15.99,15.62,15.86,-0.21,-1.3241,264149.0,416287.0,2.1081,4.9409,0.76,55.2266,13.8034,1.1094,2.015,1.5532,0.0,,125301.0,125301.0,53461.7,1960960.0,1960960.0,3.12,17.45,14.27,0.0000,-0.16665625630531652,1,15,56,2000-07-06
000990.SZ,2021-12-24,15.7,15.31,15.7,15.16,15.65,-0.34,-2.1725,239738.0,368166.0,1.9133,4.4843,0.65,54.0268,13.5035,1.0853,1.9712,1.5194,0.0,,125301.0,125301.0,53461.7,1918360.0,1918360.0,3.12,17.22,14.09,0.0000,-0.1198692491445212,1,15,56,2000-07-06
000990.SZ,2021-12-27,15.28,15.94,16.25,15.25,15.31,0.63,4.115,345709.0,551099.0,2.759,6.4665,0.87,56.25,14.0592,1.13,2.0523,1.582,0.0,,125301.0,125301.0,53461.7,1997300.0,1997300.0,3.12,16.84,13.78,0.0000,0.013318525243793735,1,15,56,2000-07-06
000990.SZ,2021-12-28,15.96,15.71,16.06,15.48,15.94,-0.23,-1.4429,218948.0,343563.0,1.7474,4.0954,0.63,55.4384,13.8563,1.1137,2.0227,1.5591,0.0,,125301.0,125301.0,53461.7,1968480.0,1968480.0,3.12,17.53,14.35,0.0000,-0.10717671293620501,1,15,56,2000-07-06
000990.SZ,2021-12-29,15.64,15.77,16.05,15.55,15.71,0.06,0.3819,216729.0,343374.0,1.7297,4.0539,0.75,55.6501,13.9093,1.118,2.0305,1.5651,0.0,,125301.0,125301.0,53461.7,1976000.0,1976000.0,3.12,17.28,14.14,0.0000,-0.026107155080450983,1,15,56,2000-07-06
000990.SZ,2021-12-30,16.0,15.9,16.3,15.73,15.77,0.13,0.8244,321965.0,514617.0,2.5695,6.0224,1.25,56.1089,14.0239,1.1272,2.0472,1.578,0.0,,125301.0,125301.0,53461.7,1992290.0,1992290.0,3.12,17.35,14.19,0.0000,-0.02164569615592341,1,15,56,2000-07-06
000990.SZ,2021-12-31,15.8,15.82,16.04,15.52,15.9,-0.08,-0.5031,193453.0,305569.0,1.5439,3.6185,0.72,55.8266,13.9534,1.1215,2.0369,1.57,0.0,,125301.0,125301.0,53461.7,1982260.0,1982260.0,3.12,17.49,14.31,0.0000,-0.06249331054671277,1,15,56,2000-07-06
000990.SZ,2022-01-04,15.9,16.26,16.48,15.79,15.82,0.44,2.7813,304860.0,495463.0,2.433,5.7024,1.18,57.3792,14.3415,1.1527,2.0935,1.6137,0.0,,125301.0,125301.0,53461.7,2037400.0,2037400.0,3.12,17.4,14.24,0.0000,0.07554503303862894,1,15,56,2000-07-06
000990.SZ,2022-01-05,16.25,15.6,16.25,15.47,16.26,-0.66,-4.059,278219.0,438330.0,2.2204,5.2041,1.11,55.0502,13.7593,1.1059,2.0086,1.5482,0.0,,125301.0,125301.0,53461.7,1954700.0,1954700.0,3.12,17.89,14.63,0.0000,-0.24619313399312462,1,15,56,2000-07-06
000990.SZ,2022-01-06,15.67,15.73,15.82,15.53,15.6,0.13,0.8333,150114.0,235614.0,1.198,2.8079,0.57,55.509,13.874,1.1151,2.0253,1.5611,0.0,,125301.0,125301.0,53461.7,1970990.0,1970990.0,3.12,17.16,14.04,0.0000,-0.06417404030687295,1,15,56,2000-07-06
000990.SZ,2022-01-07,15.71,15.37,15.72,15.33,15.73,-0.36,-2.2886,178439.0,276926.0,1.4241,3.3377,0.71,54.2386,13.5565,1.0896,1.979,1.5254,0.0,,125301.0,125301.0,53461.7,1925880.0,1925880.0,3.12,17.3,14.16,0.0000,-0.20234600983335133,1,15,56,2000-07-06
000990.SZ,2022-01-10,15.49,15.42,15.69,15.18,15.37,0.05,0.3253,135205.0,207984.0,1.079,2.529,0.61,54.415,13.6006,1.0931,1.9854,1.5303,0.0,,125301.0,125301.0,53461.7,1932140.0,1932140.0,3.12,16.91,13.83,0.0000,-0.1263922203034191,1,15,56,2000-07-06
000990.SZ,2022-01-11,15.32,15.21,15.65,15.1,15.42,-0.21,-1.3619,146785.0,225793.0,1.1715,2.7456,0.7,53.6739,13.4153,1.0783,1.9584,1.5095,0.0,,125301.0,125301.0,53461.7,1905830.0,1905830.0,3.12,16.96,13.88,0.0000,-0.2616924807421394,1,15,56,2000-07-06
000990.SZ,2022-01-12,15.21,15.55,15.55,15.08,15.21,0.34,2.2354,170280.0,260406.0,1.359,3.1851,0.96,54.8738,13.7152,1.1024,2.0021,1.5433,0.0,,125301.0,125301.0,53461.7,1948430.0,1948430.0,3.12,16.73,13.69,0.0000,0.025133325907548645,1,15,56,2000-07-06
000990.SZ,2022-01-13,15.5,14.93,15.5,14.89,15.55,-0.62,-3.9871,210291.0,318076.0,1.6783,3.9335,1.35,52.6859,13.1684,1.0584,1.9223,1.4817,0.0,,125301.0,125301.0,53461.7,1870750.0,1870750.0,3.12,17.11,14.0,0.0000,-0.1891725085301872,1,15,56,2000-07-06
000990.SZ,2022-01-14,14.88,14.82,15.04,14.75,14.93,-0.11,-0.7368,135745.0,201993.0,1.0834,2.5391,0.81,52.2977,13.0714,1.0506,1.9081,1.4708,0.0,,125301.0,125301.0,53461.7,1856960.0,1856960.0,3.12,16.42,13.44,0.0000,-0.15773257998013984,1,15,56,2000-07-06
000990.SZ,2022-01-17,14.77,14.99,15.0,14.77,14.82,0.17,1.1471,108577.0,161970.0,0.8665,2.0309,0.68,52.8976,13.2213,1.0627,1.93,1.4877,0.0,,125301.0,125301.0,53461.7,1878260.0,1878260.0,3.12,16.3,13.34,0.0000,-0.05792200050267526,1,15,56,2000-07-06
000990.SZ,2022-01-18,14.98,14.83,15.06,14.81,14.99,-0.16,-1.0674,123008.0,183487.0,0.9817,2.3009,0.8,52.333,13.0802,1.0513,1.9094,1.4718,0.0,,125301.0,125301.0,53461.7,1858220.0,1858220.0,3.12,16.49,13.49,0.0000,-0.0979688661165958,1,15,56,2000-07-06
000990.SZ,2022-01-19,14.82,14.71,14.87,14.61,14.83,-0.12,-0.8092,113190.0,166603.0,0.9033,2.1172,0.76,51.9095,12.9743,1.0428,1.894,1.4599,0.0,,125301.0,125301.0,53461.7,1843180.0,1843180.0,3.12,16.31,13.35,0.0000,-0.3303914233687351,1,15,56,2000-07-06
000990.SZ,2022-01-20,14.65,15.4,15.4,14.44,14.71,0.69,4.6907,291092.0,436047.0,2.3231,5.4449,2.11,54.3444,13.5829,1.0917,1.9828,1.5284,0.0,,125301.0,125301.0,53461.7,1929640.0,1929640.0,3.12,16.18,13.24,0.0000,0.3101394948835755,1,15,56,2000-07-06
000990.SZ,2022-01-21,16.25,15.28,16.58,15.26,15.4,-0.12,-0.7792,507501.0,808113.0,4.0503,9.4928,3.29,53.921,13.4771,1.0832,1.9674,1.5165,0.0,,125301.0,125301.0,53461.7,1914600.0,1914600.0,3.12,16.94,13.86,0.0000,-0.048402325280705094,1,15,56,2000-07-06
000990.SZ,2022-01-24,14.55,14.13,14.58,14.0,15.28,-1.15,-7.5262,305178.0,434870.0,2.4356,5.7084,1.33,49.8628,12.4628,1.0017,1.8193,1.4023,0.0,,125301.0,125301.0,53461.7,1770510.0,1770500.0,3.12,16.81,13.75,0.0000,-0.19854365929907625,1,15,56,2000-07-06
000990.SZ,2022-01-25,14.17,14.11,14.68,14.0,14.13,-0.02,-0.1415,182069.0,260080.0,1.4531,3.4056,0.68,49.7922,12.4451,1.0003,1.8167,1.4003,0.0,,125301.0,125301.0,53461.7,1768000.0,1768000.0,3.12,15.54,12.72,0.0000,-0.10311357017186758,1,15,56,2000-07-06
000990.SZ,2022-01-26,13.6,13.37,13.78,13.15,14.11,-0.74,-5.2445,229712.0,306939.0,1.8333,4.2968,0.82,47.1808,11.7924,0.9478,1.7214,1.3269,0.0,,125301.0,125301.0,53461.7,1675280.0,1675280.0,3.12,15.52,12.7,0.0000,-0.1693549121977398,1,15,56,2000-07-06
000990.SZ,2022-01-27,13.5,13.03,13.55,12.97,13.37,-0.34,-2.543,146284.0,193468.0,1.1675,2.7362,0.48,45.981,11.4926,0.9237,1.6777,1.2932,0.0,,125301.0,125301.0,53461.7,1632670.0,1632670.0,3.12,14.71,12.03,0.0000,0.01230131661656856,1,15,56,2000-07-06
000990.SZ,2022-01-28,13.21,13.07,13.29,12.9,13.03,0.04,0.307,94219.1,123438.0,0.7519,1.7624,0.34,46.1222,11.5278,0.9265,1.6828,1.2971,0.0,,125301.0,125301.0,53461.7,1637690.0,1637690.0,3.12,14.33,11.73,0.0000,-0.04333827086667015,1,15,56,2000-07-06
000990.SZ,2022-02-07,13.26,13.28,13.41,13.19,13.07,0.21,1.6067,117978.0,156974.0,0.9416,2.2068,0.62,46.8632,11.7131,0.9414,1.7099,1.318,0.0,,125301.0,125301.0,53461.7,1664000.0,1664000.0,3.12,14.38,11.76,0.0000,0.16519306877910064,1,15,56,2000-07-06
000990.SZ,2022-02-08,13.31,13.43,13.43,13.1,13.28,0.15,1.1295,112560.0,149415.0,0.8983,2.1054,0.73,47.3926,11.8454,0.9521,1.7292,1.3329,0.0,,125301.0,125301.0,53461.7,1682800.0,1682790.0,3.12,14.61,11.95,0.0000,0.010474372028696945,1,15,56,2000-07-06
000990.SZ,2022-02-09,13.49,13.72,13.79,13.38,13.43,0.29,2.1593,110725.0,150496.0,0.8837,2.0711,0.79,48.4159,12.1012,0.9726,1.7665,1.3616,0.0,,125301.0,125301.0,53461.7,1719130.0,1719130.0,3.12,14.77,12.09,0.0000,0.15378813409680328,1,15,56,2000-07-06
000990.SZ,2022-02-10,13.69,13.65,13.77,13.56,13.72,-0.07,-0.5102,103095.0,140656.0,0.8228,1.9284,0.89,48.1689,12.0394,0.9677,1.7575,1.3547,0.0,,125301.0,125301.0,53461.7,1710360.0,1710360.0,3.12,15.09,12.35,0.0000,-0.3767995947932065,1,15,56,2000-07-06
000990.SZ,2022-02-11,13.6,13.41,13.62,13.33,13.65,-0.24,-1.7582,92328.9,124221.0,0.7369,1.727,0.86,47.322,11.8277,0.9507,1.7266,1.3309,0.0,,125301.0,125301.0,53461.7,1680290.0,1680290.0,3.12,15.02,12.29,0.0000,-0.3023361069282266,1,15,56,2000-07-06
000990.SZ,2022-02-14,13.33,13.45,13.54,13.27,13.41,0.04,0.2983,70107.8,94229.0,0.5595,1.3114,0.65,47.4632,11.863,0.9535,1.7317,1.3348,0.0,,125301.0,125301.0,53461.7,1685300.0,1685300.0,3.12,14.75,12.07,0.0000,-0.1308675248427393,1,15,56,2000-07-06
000990.SZ,2022-02-15,13.48,13.41,13.54,13.3,13.45,-0.04,-0.2974,61008.4,81706.4,0.4869,1.1412,0.62,47.322,11.8277,0.9507,1.7266,1.3309,0.0,,125301.0,125301.0,53461.7,1680290.0,1680290.0,3.12,14.8,12.11,0.0000,0.021830224225571526,1,15,56,2000-07-06
000990.SZ,2022-02-16,13.42,13.48,13.6,13.42,13.41,0.07,0.522,64329.2,86857.8,0.5134,1.2033,0.74,47.569,11.8895,0.9556,1.7356,1.3378,0.0,,125301.0,125301.0,53461.7,1689060.0,1689060.0,3.12,14.75,12.07,0.0000,-0.15953721376216937,1,15,56,2000-07-06
000990.SZ,2022-02-17,13.44,13.35,13.52,13.34,13.48,-0.13,-0.9644,76511.3,102501.0,0.6106,1.4311,0.98,47.1103,11.7748,0.9464,1.7189,1.3249,0.0,,125301.0,125301.0,53461.7,1672770.0,1672770.0,3.12,14.83,12.13,0.0000,-0.18441622450671344,1,15,56,2000-07-06
000990.SZ,2022-02-18,13.22,13.55,13.58,13.2,13.35,0.2,1.4981,97496.5,131279.0,0.7781,1.8237,1.34,47.816,11.9512,0.9606,1.7446,1.3448,0.0,,125301.0,125301.0,53461.7,1697830.0,1697830.0,3.12,14.69,12.02,0.0000,-0.1694057233899582,1,15,56,2000-07-06
000990.SZ,2022-02-21,13.5,13.7,13.71,13.48,13.55,0.15,1.107,82850.8,112915.0,0.6612,1.5497,1.12,48.3454,12.0835,0.9712,1.7639,1.3596,0.0,,125301.0,125301.0,53461.7,1716630.0,1716630.0,3.12,14.91,12.2,0.0000,0.0728983911242345,1,15,56,2000-07-06
000990.SZ,2022-02-22,13.6,13.44,13.75,13.33,13.7,-0.26,-1.8978,87557.0,117798.0,0.6988,1.6378,1.15,47.4279,11.8542,0.9528,1.7305,1.3338,0.0,,125301.0,125301.0,53461.7,1684050.0,1684050.0,3.12,15.07,12.33,0.0000,-0.21867671849838968,1,15,56,2000-07-06
000990.SZ,2022-02-23,13.5,13.76,13.78,13.38,13.44,0.32,2.381,96915.4,132258.0,0.7735,1.8128,1.19,48.5571,12.1364,0.9755,1.7717,1.3656,0.0,,125301.0,125301.0,53461.7,1724140.0,1724140.0,3.12,14.78,12.1,0.0000,0.12762849268580725,1,15,56,2000-07-06
000990.SZ,2022-02-24,13.67,13.24,13.83,13.03,13.76,-0.52,-3.7791,160634.0,215747.0,1.282,3.0047,1.82,46.7221,11.6778,0.9386,1.7047,1.314,0.0,,125301.0,125301.0,53461.7,1658990.0,1658990.0,3.12,15.14,12.38,0.0000,-0.3840433205624878,1,15,56,2000-07-06
000990.SZ,2022-02-25,13.32,13.4,13.62,13.28,13.24,0.16,1.2085,108364.0,146191.0,0.8648,2.0269,1.03,47.2867,11.8189,0.9499,1.7253,1.3299,0.0,,125301.0,125301.0,53461.7,1679040.0,1679030.0,3.12,14.56,11.92,0.0000,-0.2632677940389335,1,15,56,2000-07-06
000990.SZ,2022-02-28,13.42,13.5,13.52,13.2,13.4,0.1,0.7463,83168.1,111462.0,0.6637,1.5557,0.78,47.6396,11.9071,0.957,1.7382,1.3398,0.0,,125301.0,125301.0,53461.7,1691570.0,1691560.0,3.12,14.74,12.06,0.0000,0.054516071542799645,1,15,56,2000-07-06
000990.SZ,2022-03-01,13.5,13.59,13.68,13.47,13.5,0.09,0.6667,91514.1,124285.0,0.7304,1.7118,0.85,47.9572,11.9865,0.9634,1.7498,1.3487,0.0,,125301.0,125301.0,53461.7,1702840.0,1702840.0,3.12,14.85,12.15,0.0000,0.17604672255643397,1,15,56,2000-07-06
000990.SZ,2022-03-02,13.35,13.39,13.46,13.28,13.59,-0.2,-1.4717,79705.2,106646.0,0.6361,1.4909,0.74,47.2514,11.8101,0.9492,1.724,1.3289,0.0,,125301.0,125301.0,53461.7,1677780.0,1677780.0,3.12,14.95,12.23,0.0000,-0.23514969647652884,1,15,56,2000-07-06
000990.SZ,2022-03-03,13.4,13.55,13.57,13.36,13.39,0.16,1.1949,101824.0,137161.0,0.8126,1.9046,0.97,47.816,11.9512,0.9606,1.7446,1.3448,0.0,,125301.0,125301.0,53461.7,1697830.0,1697830.0,3.12,14.73,12.05,0.0000,0.052381096914809196,1,15,56,2000-07-06
000990.SZ,2022-03-04,13.55,13.29,13.55,13.2,13.55,-0.26,-1.9188,98151.8,130879.0,0.7833,1.8359,1.06,46.8985,11.7219,0.9421,1.7111,1.319,0.0,,125301.0,125301.0,53461.7,1665250.0,1665250.0,3.12,14.91,12.2,0.0000,-0.24524996576311936,1,15,56,2000-07-06
000990.SZ,2022-03-07,13.21,13.0,13.21,12.96,13.29,-0.29,-2.1821,97530.3,127148.0,0.7784,1.8243,1.07,45.8752,11.4661,0.9216,1.6738,1.2902,0.0,,125301.0,125301.0,53461.7,1628920.0,1628910.0,3.12,14.62,11.96,0.0000,0.013065519404018828,1,15,56,2000-07-06
000990.SZ,2022-03-08,12.95,12.2,12.97,12.17,13.0,-0.8,-6.1538,135180.0,169105.0,1.0788,2.5285,1.44,43.0521,10.7605,0.8649,1.5708,1.2108,0.0,,125301.0,125301.0,53461.7,1528670.0,1528670.0,3.12,14.3,11.7,0.0000,-0.08172175032052638,1,15,56,2000-07-06
000990.SZ,2022-03-09,12.39,11.82,12.43,11.41,12.2,-0.38,-3.1148,147077.0,174413.0,1.1738,2.7511,1.44,41.7111,10.4253,0.8379,1.5219,1.1731,0.0,,125301.0,125301.0,53461.7,1481060.0,1481060.0,3.12,13.42,10.98,0.0000,-0.192597873033309,1,15,56,2000-07-06
000990.SZ,2022-03-10,12.01,12.21,12.35,12.01,11.82,0.39,3.2995,125825.0,153717.0,1.0042,2.3536,1.09,43.0874,10.7693,0.8656,1.5721,1.2118,0.0,,125301.0,125301.0,53461.7,1529930.0,1529930.0,3.12,13.0,10.64,0.0000,-0.3105966848832436,1,15,56,2000-07-06
000990.SZ,2022-03-11,12.11,12.39,12.4,11.9,12.21,0.18,1.4742,85734.7,103991.0,0.6842,1.6037,0.71,43.7226,10.9281,0.8783,1.5953,1.2296,0.0,,125301.0,125301.0,53461.7,1552480.0,1552480.0,3.12,13.43,10.99,0.0000,-0.07268007718621115,1,15,56,2000-07-06
000990.SZ,2022-03-14,12.35,12.23,12.6,12.23,12.39,-0.16,-1.2914,86330.0,107113.0,0.689,1.6148,0.73,43.1579,10.787,0.867,1.5747,1.2138,0.0,,125301.0,125301.0,53461.7,1532430.0,1532430.0,3.12,13.63,11.15,0.0000,0.01799143831550439,1,15,56,2000-07-06
000990.SZ,2022-03-15,12.19,11.47,12.2,11.43,12.23,-0.76,-6.2142,107626.0,127578.0,0.8589,2.0132,0.93,40.476,10.1166,0.8131,1.4768,1.1383,0.0,,125301.0,125301.0,53461.7,1437200.0,1437200.0,3.12,13.45,11.01,0.0000,-0.33965492207901166,1,15,56,2000-07-06
000990.SZ,2022-03-16,11.78,11.71,11.8,11.06,11.47,0.24,2.0924,116803.0,133861.0,0.9322,2.1848,1.06,41.3229,10.3283,0.8301,1.5077,1.1622,0.0,,125301.0,125301.0,53461.7,1467280.0,1467280.0,3.12,12.62,10.32,0.0000,-0.1474149476747199,1,15,56,2000-07-06
000990.SZ,2022-03-17,11.78,11.91,12.15,11.77,11.71,0.2,1.7079,94962.4,113511.0,0.7579,1.7763,0.91,42.0287,10.5047,0.8443,1.5335,1.182,0.0,,125301.0,125301.0,53461.7,1492340.0,1492340.0,3.12,12.88,10.54,0.0000,-0.04411152293992674,1,15,56,2000-07-06
000990.SZ,2022-03-18,11.89,12.03,12.07,11.85,11.91,0.12,1.0076,65978.4,78956.0,0.5266,1.2341,0.67,42.4522,10.6106,0.8528,1.5489,1.1939,0.0,,125301.0,125301.0,53461.7,1507370.0,1507370.0,3.12,13.1,10.72,0.0000,0.03984019636655769,1,15,56,2000-07-06
000990.SZ,2022-03-21,12.08,12.32,12.47,12.04,12.03,0.29,2.4106,112649.0,137586.0,0.899,2.1071,1.19,43.4755,10.8663,0.8734,1.5863,1.2227,0.0,,125301.0,125301.0,53461.7,1543710.0,1543710.0,3.12,13.23,10.83,0.0000,0.13671030614964633,1,15,56,2000-07-06
000990.SZ,2022-03-22,12.5,12.31,12.5,12.05,12.32,-0.01,-0.0812,80491.6,98840.5,0.6424,1.5056,0.81,43.4403,10.8575,0.8727,1.585,1.2217,0.0,,125301.0,125301.0,53461.7,1542460.0,1542460.0,3.12,13.55,11.09,0.0000,-0.10241747880947831,1,15,56,2000-07-06
000990.SZ,2022-03-23,12.52,12.38,12.75,12.35,12.31,0.07,0.5686,102649.0,128834.0,0.8192,1.9201,1.09,43.6873,10.9193,0.8776,1.594,1.2286,0.0,,125301.0,125301.0,53461.7,1551230.0,1551230.0,3.12,13.54,11.08,0.0000,0.015678503270122233,1,15,56,2000-07-06
000990.SZ,2022-03-24,12.28,12.3,12.51,12.22,12.38,-0.08,-0.6462,66613.9,82488.2,0.5316,1.246,0.73,43.405,10.8487,0.872,1.5837,1.2207,0.0,,125301.0,125301.0,53461.7,1541200.0,1541200.0,3.12,13.62,11.14,0.0000,-0.18357077237220293,1,15,56,2000-07-06
000990.SZ,2022-03-25,12.44,12.6,12.91,12.4,12.3,0.3,2.439,150499.0,191025.0,1.2011,2.8151,1.76,44.4636,11.1133,0.8932,1.6223,1.2505,0.0,,125301.0,125301.0,53461.7,1578800.0,1578790.0,3.12,13.53,11.07,0.0000,0.1810618752511344,1,15,56,2000-07-06
000990.SZ,2022-03-28,12.98,13.02,13.3,12.73,12.6,0.42,3.3333,200004.0,259245.0,1.5962,3.7411,1.95,45.9457,11.4837,0.923,1.6764,1.2922,0.0,,125301.0,125301.0,53461.7,1631420.0,1631420.0,3.12,13.86,11.34,0.0000,0.27469637028240873,1,15,56,2000-07-06
000990.SZ,2022-03-29,12.8,13.09,13.49,12.74,13.02,0.07,0.5376,217798.0,286449.0,1.7382,4.0739,1.81,46.1928,11.5455,0.928,1.6854,1.2991,0.0,,125301.0,125301.0,53461.7,1640190.0,1640190.0,3.12,14.32,11.72,0.0000,0.144252168489409,1,15,56,2000-07-06
000990.SZ,2022-03-30,13.11,13.43,13.48,12.85,13.09,0.34,2.5974,274586.0,363936.0,2.1914,5.1361,1.86,47.3926,11.8454,0.9521,1.7292,1.3329,0.0,,125301.0,125301.0,53461.7,1682800.0,1682790.0,3.12,14.4,11.78,0.0000,-0.0064184296465948296,1,15,56,2000-07-06
000990.SZ,2022-03-31,13.14,12.98,13.35,12.95,13.43,-0.45,-3.3507,201326.0,264080.0,1.6067,3.7658,1.11,45.8046,11.4485,0.9202,1.6712,1.2882,0.0,,125301.0,125301.0,53461.7,1626410.0,1626410.0,3.12,14.77,12.09,0.0000,-0.1694125320783725,1,15,56,2000-07-06
000990.SZ,2022-04-01,12.85,12.96,12.98,12.77,12.98,-0.02,-0.1541,111176.0,143102.0,0.8873,2.0796,0.53,45.734,11.4308,0.9188,1.6687,1.2862,0.0,,125301.0,125301.0,53461.7,1623900.0,1623900.0,3.12,14.28,11.68,0.0000,-0.319491335500049,1,15,56,2000-07-06
000990.SZ,2022-04-06,12.95,12.91,13.02,12.67,12.96,-0.05,-0.3858,102486.0,131587.0,0.8179,1.917,0.51,45.5576,11.3867,0.9152,1.6622,1.2812,0.0,,125301.0,125301.0,53461.7,1617640.0,1617640.0,3.12,14.26,11.66,0.0000,-0.017713110259395034,1,15,56,2000-07-06
000990.SZ,2022-04-07,12.84,12.46,12.88,12.46,12.91,-0.45,-3.4857,109290.0,137902.0,0.8722,2.0443,0.6,43.9696,10.9898,0.8833,1.6043,1.2366,0.0,,125301.0,125301.0,53461.7,1561250.0,1561250.0,3.12,14.2,11.62,0.0000,-0.23500190181837982,1,15,56,2000-07-06
000990.SZ,2022-04-08,12.51,12.66,12.68,12.3,12.46,0.2,1.6051,90017.6,112700.0,0.7184,1.6838,0.56,44.6754,11.1662,0.8975,1.63,1.2564,0.0,,125301.0,125301.0,53461.7,1586310.0,1586310.0,3.12,13.71,11.21,0.0000,0.03127087346413416,1,15,56,2000-07-06
000990.SZ,2022-04-11,12.53,12.15,12.64,12.06,12.66,-0.51,-4.0284,93016.8,114812.0,0.7423,1.7399,0.76,42.8756,10.7164,0.8613,1.5644,1.2058,0.0,,125301.0,125301.0,53461.7,1522410.0,1522410.0,3.12,13.93,11.39,0.0000,-0.286031928174568,1,15,56,2000-07-06
000990.SZ,2022-04-12,12.12,12.25,12.27,11.77,12.15,0.1,0.823,88618.1,106593.0,0.7072,1.6576,0.88,43.2285,10.8046,0.8684,1.5772,1.2157,0.0,,125301.0,125301.0,53461.7,1534940.0,1534940.0,3.12,13.37,10.94,0.0000,-0.12996040405577172,1,15,56,2000-07-06
000990.SZ,2022-04-13,12.26,11.93,12.26,11.9,12.25,-0.32,-2.6122,70335.6,84447.4,0.5613,1.3156,0.73,42.0993,10.5224,0.8457,1.536,1.184,0.0,,125301.0,125301.0,53461.7,1494840.0,1494840.0,3.12,13.48,11.03,0.0000,-0.2139377154919487,1,15,56,2000-07-06
000990.SZ,2022-04-14,11.99,12.1,12.16,11.95,11.93,0.17,1.425,50551.9,60974.4,0.4034,0.9456,0.56,42.6992,10.6723,0.8578,1.5579,1.2009,0.0,,125301.0,125301.0,53461.7,1516140.0,1516140.0,3.12,13.12,10.74,0.0000,0.09422144504531733,1,15,56,2000-07-06
000990.SZ,2022-04-15,12.05,12.16,12.37,12.0,12.1,0.06,0.4959,90644.5,110930.0,0.7234,1.6955,1.15,42.9109,10.7252,0.862,1.5657,1.2068,0.0,,125301.0,125301.0,53461.7,1523660.0,1523660.0,3.12,13.31,10.89,0.0000,0.07153527219923739,1,15,56,2000-07-06
000990.SZ,2022-04-18,12.16,12.3,12.35,11.84,12.16,0.14,1.1513,55180.4,66968.0,0.4404,1.0321,0.7,43.405,10.8487,0.872,1.5837,1.2207,0.0,,125301.0,125301.0,53461.7,1541200.0,1541200.0,3.12,13.38,10.94,0.0000,0.20817790407771586,1,15,56,2000-07-06
000990.SZ,2022-04-19,12.3,12.31,12.48,12.2,12.3,0.01,0.0813,66339.5,81881.4,0.5294,1.2409,0.93,43.4403,10.8575,0.8727,1.585,1.2217,0.0,,125301.0,125301.0,53461.7,1542460.0,1542460.0,3.12,13.53,11.07,0.0000,-0.041508256265800264,1,15,56,2000-07-06
000990.SZ,2022-04-20,12.02,11.3,12.15,11.23,12.31,-1.01,-8.2047,206611.0,240244.0,1.6489,3.4182,3.1,14.0405,14.0405,0.8021,1.1621,1.1621,0.0,,125301.0,125301.0,60444.3,1415900.0,1415900.0,3.12,13.54,11.08,0.0000,-0.30600838264133223,1,15,56,2000-07-06
000990.SZ,2022-04-21,11.22,10.72,11.24,10.71,11.3,-0.58,-5.1327,154668.0,169262.0,1.2344,2.5588,1.65,13.3198,13.3198,0.761,1.1025,1.1025,0.0,,125301.0,125301.0,60444.3,1343230.0,1343230.0,3.12,12.43,10.17,0.0000,-0.037320124198635764,1,15,56,2000-07-06
000990.SZ,2022-04-22,10.71,10.68,10.76,10.42,10.72,-0.04,-0.3731,86933.0,92070.1,0.6938,1.4382,0.76,13.2701,13.2701,0.7581,1.0983,1.0983,0.0,,125301.0,125301.0,60444.3,1338220.0,1338220.0,3.12,11.79,9.65,0.0000,-0.06819563360450694,1,15,56,2000-07-06
000990.SZ,2022-04-25,10.57,9.79,10.58,9.79,10.68,-0.89,-8.3333,130767.0,132720.0,1.0436,2.1634,1.15,12.1643,12.1643,0.6949,1.0068,1.0068,0.0,,125301.0,125301.0,60444.3,1226700.0,1226700.0,3.12,11.75,9.61,0.0000,-0.22405329139704347,1,15,56,2000-07-06
000990.SZ,2022-04-26,9.81,9.24,9.9,9.2,9.79,-0.55,-5.618,120550.0,115422.0,0.9621,1.9944,0.93,11.4809,11.4809,0.6559,0.9503,0.9503,0.0,,125301.0,125301.0,60444.3,1157780.0,1157780.0,3.12,10.77,8.81,0.0000,-0.3169005531775392,1,15,56,2000-07-06
000990.SZ,2022-04-27,8.83,9.53,9.6,8.8,9.24,0.29,3.1385,124680.0,114920.0,0.995,2.0627,0.89,11.8412,14.3434,0.6709,0.9801,0.9511,0.0,,125301.0,125301.0,60444.3,1194120.0,1194120.0,3.12,10.16,8.32,0.0000,-0.2175400962025527,1,15,56,2000-07-06
000990.SZ,2022-04-28,9.4,9.2,9.48,9.09,9.53,-0.33,-3.4627,99177.0,92055.8,0.7915,1.6408,0.8,11.4312,13.8467,0.6476,0.9461,0.9182,0.0,,125301.0,125301.0,60444.3,1152770.0,1152770.0,3.12,10.48,8.58,0.0000,-0.25515641181628307,1,15,56,2000-07-06
000990.SZ,2022-04-29,9.28,9.48,9.55,9.25,9.2,0.28,3.0435,90998.1,85637.8,0.7262,1.5055,0.81,11.7791,14.2681,0.6673,0.9749,0.9461,0.0,,125301.0,125301.0,60444.3,1187860.0,1187850.0,3.12,10.12,8.28,0.0000,-0.07407784185404881,1,15,56,2000-07-06
000990.SZ,2022-05-05,9.5,9.72,9.83,9.47,9.48,0.24,2.5316,93255.4,90505.6,0.7443,1.5428,0.82,12.0773,14.6294,0.6842,0.9996,0.9701,0.0,,125301.0,125301.0,60444.3,1217930.0,1217930.0,3.12,10.43,8.53,0.0000,0.005781439743855791,1,15,56,2000-07-06
000990.SZ,2022-05-06,9.47,9.34,9.56,9.29,9.72,-0.38,-3.9095,98710.4,92969.4,0.7878,1.6331,0.93,11.6052,14.0574,0.6575,0.9605,0.9321,0.0,,125301.0,125301.0,60444.3,1170310.0,1170310.0,3.12,10.69,8.75,0.0000,-0.20336196614980273,1,15,56,2000-07-06
000990.SZ,2022-05-09,9.21,9.51,9.54,9.2,9.34,0.17,1.8201,72702.5,68744.3,0.5802,1.2028,0.72,11.8164,14.3133,0.6695,0.978,0.9491,0.0,,125301.0,125301.0,60444.3,1191610.0,1191610.0,3.12,10.27,8.41,0.0000,0.027075977062683665,1,15,56,2000-07-06
000990.SZ,2022-05-10,9.4,9.56,9.59,9.31,9.51,0.05,0.5258,69751.1,66023.9,0.5567,1.154,0.77,11.8785,14.3885,0.673,0.9832,0.9541,0.0,,125301.0,125301.0,60444.3,1197880.0,1197880.0,3.12,10.46,8.56,0.0000,-0.09708860416009112,1,15,56,2000-07-06
000990.SZ,2022-05-11,9.75,10.28,10.43,9.67,9.56,0.72,7.5314,208660.0,210748.0,1.6653,3.4521,2.45,12.7731,15.4722,0.7237,1.0572,1.0259,0.0,,125301.0,125301.0,60444.3,1288100.0,1288100.0,3.12,10.52,8.6,0.0000,0.24812576295738728,1,15,56,2000-07-06
000990.SZ,2022-05-12,10.3,11.31,11.31,10.28,10.28,1.03,10.0195,286856.0,319770.0,2.2893,4.7458,2.64,14.0529,17.0224,0.7962,1.1631,1.1287,0.0,,125301.0,125301.0,60444.3,1417160.0,1417160.0,3.12,11.31,9.25,0.0000,0.16076436920260076,1,15,56,2000-07-06
000990.SZ,2022-05-13,12.2,12.44,12.44,12.01,11.31,1.13,9.9912,328926.0,407244.0,2.6251,5.4418,2.23,15.457,18.7232,0.8757,1.2793,1.2415,0.0,,125301.0,125301.0,60444.3,1558750.0,1558750.0,3.12,12.44,10.18,0.0000,0.10099351338294348,1,15,56,2000-07-06
000990.SZ,2022-05-16,13.0,11.96,13.37,11.82,12.44,-0.48,-3.8585,658180.0,829591.0,5.2528,10.889,3.4,14.8606,18.0007,0.8419,1.23,1.1936,0.0,,125301.0,125301.0,60444.3,1498600.0,1498600.0,3.12,13.68,11.2,0.0000,-0.08837543341511257,1,15,56,2000-07-06
000990.SZ,2022-05-17,11.99,11.35,12.29,11.0,11.96,-0.61,-5.1003,425240.0,486217.0,3.3937,7.0352,1.37,14.1026,17.0826,0.799,1.1673,1.1327,0.0,,125301.0,125301.0,60444.3,1422170.0,1422170.0,3.12,13.16,10.76,0.0000,-0.12620779490486847,1,15,56,2000-07-06
000990.SZ,2022-05-18,11.3,11.19,11.71,11.1,11.35,-0.16,-1.4097,255817.0,291102.0,2.0416,4.2323,0.67,13.9038,16.8418,0.7877,1.1508,1.1168,0.0,,125301.0,125301.0,60444.3,1402120.0,1402120.0,3.12,12.49,10.22,0.0000,-0.04674599764323135,1,15,56,2000-07-06
000990.SZ,2022-05-19,11.09,11.6,11.96,11.06,11.19,0.41,3.664,300295.0,345937.0,2.3966,4.9681,0.77,14.4133,17.4589,0.8166,1.193,1.1577,0.0,,125301.0,125301.0,60444.3,1453490.0,1453490.0,3.12,12.31,10.07,0.0000,0.1238514204911001,1,15,56,2000-07-06
000990.SZ,2022-05-20,11.58,11.29,11.81,11.16,11.6,-0.31,-2.6724,255266.0,290662.0,2.0372,4.2232,0.65,14.0281,16.9923,0.7948,1.1611,1.1267,0.0,,125301.0,125301.0,60444.3,1414650.0,1414650.0,3.12,12.76,10.44,0.0000,-0.2553638852944679,1,15,56,2000-07-06
000990.SZ,2022-05-23,11.31,11.27,11.37,11.11,11.29,-0.02,-0.1771,143292.0,160860.0,1.1436,2.3706,0.38,14.0032,16.9622,0.7934,1.159,1.1247,0.0,,125301.0,125301.0,60444.3,1412140.0,1412140.0,3.12,12.42,10.16,0.0000,-0.32683271201836467,1,15,56,2000-07-06
000990.SZ,2022-05-24,11.39,10.48,11.4,10.48,11.27,-0.79,-7.0098,205929.0,223765.0,1.6435,3.4069,0.75,13.0216,15.7732,0.7377,1.0778,1.0459,0.0,,125301.0,125301.0,60444.3,1313160.0,1313160.0,3.12,12.4,10.14,0.0000,-0.3999571740265622,1,15,56,2000-07-06
000990.SZ,2022-05-25,10.52,10.72,10.8,10.49,10.48,0.24,2.2901,110236.0,117459.0,0.8798,1.8238,0.47,13.3198,16.1344,0.7546,1.1025,1.0699,0.0,,125301.0,125301.0,60444.3,1343230.0,1343230.0,3.12,11.53,9.43,0.0000,-0.08534813010688193,1,15,56,2000-07-06
000990.SZ,2022-05-26,10.73,10.65,10.8,10.46,10.72,-0.07,-0.653,92771.7,98435.6,0.7404,1.5348,0.46,13.2329,16.0291,0.7497,1.0953,1.0629,0.0,,125301.0,125301.0,60444.3,1334460.0,1334460.0,3.12,11.79,9.65,0.0000,-0.06106666782754313,1,15,56,2000-07-06
000990.SZ,2022-05-27,10.66,10.52,10.76,10.43,10.65,-0.13,-1.2207,100765.0,106546.0,0.8042,1.6671,0.62,13.0713,15.8334,0.7406,1.0819,1.0499,0.0,,125301.0,125301.0,60444.3,1318170.0,1318170.0,3.12,11.72,9.59,0.0000,-0.14352409173442707,1,15,56,2000-07-06
000990.SZ,2022-05-30,10.62,10.61,10.64,10.49,10.52,0.09,0.8555,76742.8,81048.5,0.6125,1.2696,0.59,13.1832,15.9689,0.7469,1.0911,1.0589,0.0,,125301.0,125301.0,60444.3,1329450.0,1329440.0,3.12,11.57,9.47,0.0000,0.11599662025125143,1,15,56,2000-07-06
000990.SZ,2022-05-31,10.69,10.67,10.7,10.51,10.61,0.06,0.5655,95830.9,101836.0,0.7648,1.5854,0.82,13.2577,16.0592,0.7511,1.0973,1.0649,0.0,,125301.0,125301.0,60444.3,1336960.0,1336960.0,3.12,11.67,9.55,0.0000,-0.13415811764622826,1,15,56,2000-07-06
000990.SZ,2022-06-01,10.7,10.64,10.86,10.55,10.67,-0.03,-0.2812,98839.9,105713.0,0.7888,1.6352,1.04,13.2204,16.014,0.749,1.0942,1.0619,0.0,,125301.0,125301.0,60444.3,1333200.0,1333200.0,3.12,11.74,9.6,0.0000,0.1710622558644275,1,15,56,2000-07-06
000990.SZ,2022-06-02,10.66,10.67,10.7,10.48,10.64,0.03,0.282,73000.9,77432.6,0.5826,1.2077,0.79,13.2577,16.0592,0.7511,1.0973,1.0649,0.0,,125301.0,125301.0,60444.3,1336960.0,1336960.0,3.12,11.7,9.58,0.0000,-0.17714978982615012,1,15,56,2000-07-06
000990.SZ,2022-06-06,10.67,10.92,10.93,10.67,10.67,0.25,2.343,114456.0,124017.0,0.9134,1.8936,1.29,13.5683,16.4355,0.7687,1.123,1.0898,0.0,,125301.0,125301.0,60444.3,1368290.0,1368290.0,3.12,11.74,9.6,0.0000,0.1550572327272797,1,15,56,2000-07-06
000990.SZ,2022-06-07,10.79,10.82,10.92,10.77,10.92,-0.1,-0.9158,95601.1,103519.0,0.763,1.5816,1.04,13.4441,16.2849,0.7617,1.1127,1.0798,0.0,,125301.0,125301.0,60444.3,1355760.0,1355760.0,3.12,12.01,9.83,0.0000,-0.06946788740494349,1,15,56,2000-07-06
000990.SZ,2022-06-08,10.82,10.74,10.88,10.54,10.82,-0.08,-0.7394,99542.4,106638.0,0.7944,1.6468,1.04,13.3447,16.1645,0.756,1.1045,1.0719,0.0,,125301.0,125301.0,60444.3,1345730.0,1345730.0,3.12,11.9,9.74,0.0000,-0.18516788679215684,1,15,56,2000-07-06
000990.SZ,2022-06-09,10.74,10.42,10.76,10.37,10.74,-0.32,-2.9795,86682.7,91175.3,0.6918,1.4341,0.9,12.9471,15.6829,0.7335,1.0716,1.0399,0.0,,125301.0,125301.0,60444.3,1305640.0,1305640.0,3.12,11.81,9.67,0.0000,-0.21498918301930015,1,15,56,2000-07-06
000990.SZ,2022-06-10,10.31,10.59,10.6,10.3,10.42,0.17,1.6315,93967.5,98555.6,0.7499,1.5546,1.0,13.1583,15.9388,0.7455,1.0891,1.0569,0.0,,125301.0,125301.0,60444.3,1326940.0,1326940.0,3.12,11.46,9.38,0.0000,-0.029307226217306404,1,15,56,2000-07-06
000990.SZ,2022-06-13,10.53,10.64,10.75,10.47,10.59,0.05,0.4721,79852.0,84869.1,0.6373,1.3211,0.81,13.2204,16.014,0.749,1.0942,1.0619,0.0,,125301.0,125301.0,60444.3,1333200.0,1333200.0,3.12,11.65,9.53,0.0000,-0.18324447765161653,1,15,56,2000-07-06
000990.SZ,2022-06-14,10.58,10.66,10.67,10.18,10.64,0.02,0.188,122928.0,128143.0,0.9811,2.0337,1.35,13.2453,16.0441,0.7504,1.0963,1.0639,0.0,,125301.0,125301.0,60444.3,1335710.0,1335710.0,3.12,11.7,9.58,0.0000,-0.2810520249496383,1,15,56,2000-07-06
000990.SZ,2022-06-15,10.67,10.63,10.89,10.62,10.66,-0.03,-0.2814,116403.0,124933.0,0.929,1.9258,1.21,13.208,15.999,0.7483,1.0932,1.0609,0.0,,125301.0,125301.0,60444.3,1331950.0,1331950.0,3.12,11.73,9.59,0.0000,-0.06791895906960012,1,15,56,2000-07-06
000990.SZ,2022-06-16,10.67,10.63,10.79,10.58,10.63,0.0,0.0,86622.6,92574.0,0.6913,1.4331,0.87,13.208,15.999,0.7483,1.0932,1.0609,0.0,,125301.0,125301.0,60444.3,1331950.0,1331950.0,3.12,11.69,9.57,0.0000,0.11342630367914587,1,15,56,2000-07-06
000990.SZ,2022-06-17,10.57,10.66,10.69,10.41,10.63,0.03,0.2822,80082.0,84815.7,0.6391,1.3249,0.8,13.2453,16.0441,0.7504,1.0963,1.0639,0.0,,125301.0,125301.0,60444.3,1335710.0,1335710.0,3.12,11.69,9.57,0.0000,-0.02442648186302704,1,15,56,2000-07-06
000990.SZ,2022-06-20,10.66,10.67,10.78,10.59,10.66,0.01,0.0938,79796.8,85297.0,0.6368,1.3202,0.82,13.2577,16.0592,0.7511,1.0973,1.0649,0.0,,125301.0,125301.0,60444.3,1336960.0,1336960.0,3.12,11.73,9.59,0.0000,-0.13203408661876154,1,15,56,2000-07-06
000990.SZ,2022-06-21,10.61,10.6,10.72,10.48,10.67,-0.07,-0.656,85480.8,90621.1,0.6822,1.4142,0.88,13.1707,15.9538,0.7462,1.0901,1.0579,0.0,,125301.0,125301.0,60444.3,1328190.0,1328190.0,3.12,11.74,9.6,0.0000,0.08697731144808317,1,15,56,2000-07-06
000990.SZ,2022-06-22,10.55,10.45,10.61,10.44,10.6,-0.15,-1.4151,63635.1,66912.4,0.5079,1.0528,0.71,12.9844,15.7281,0.7356,1.0747,1.0429,0.0,,125301.0,125301.0,60444.3,1309400.0,1309400.0,3.12,11.66,9.54,0.0000,0.14696665368200998,1,15,56,2000-07-06
000990.SZ,2022-06-23,10.43,10.46,10.48,10.25,10.45,0.01,0.0957,85860.8,88983.9,0.6852,1.4205,1.09,12.9968,15.7431,0.7363,1.0757,1.0439,0.0,,125301.0,125301.0,60444.3,1310650.0,1310650.0,3.12,11.5,9.41,0.0000,-0.22364556172414396,1,15,56,2000-07-06
000990.SZ,2022-06-24,10.52,10.66,10.82,10.46,10.46,0.2,1.912,111075.0,118809.0,0.8865,1.8376,1.41,13.2453,16.0441,0.7504,1.0963,1.0639,0.0,,125301.0,125301.0,60444.3,1335710.0,1335710.0,3.12,11.51,9.41,0.0000,-0.09278735634358024,1,15,56,2000-07-06
000990.SZ,2022-06-27,10.72,10.64,10.8,10.6,10.66,-0.02,-0.1876,81072.7,86641.7,0.647,1.3413,0.95,13.2204,16.014,0.749,1.0942,1.0619,0.0,,125301.0,125301.0,60444.3,1333200.0,1333200.0,3.12,11.73,9.59,0.0000,-0.3220749398782443,1,15,56,2000-07-06
000990.SZ,2022-06-28,10.64,10.76,10.78,10.56,10.64,0.12,1.1278,76437.0,81779.1,0.61,1.2646,0.89,13.3695,16.1946,0.7575,1.1066,1.0738,0.0,,125301.0,125301.0,60444.3,1348240.0,1348240.0,3.12,11.7,9.58,0.0000,-0.05297663218550683,1,15,56,2000-07-06
000990.SZ,2022-06-29,10.83,10.97,11.21,10.73,10.76,0.21,1.9517,225631.0,248091.0,1.8007,3.7329,2.7,13.6305,16.5107,0.7722,1.1282,1.0948,0.0,,125301.0,125301.0,60444.3,1374550.0,1374550.0,3.12,11.84,9.68,0.0000,0.13412378901161456,1,15,56,2000-07-06
000990.SZ,2022-06-30,10.9,10.95,11.11,10.85,10.97,-0.02,-0.1823,93749.5,102822.0,0.7482,1.551,0.81,13.6056,16.4806,0.7708,1.1261,1.0928,0.0,,125301.0,125301.0,60444.3,1372050.0,1372050.0,3.12,12.07,9.87,0.0000,-0.012430291121931156,1,15,56,2000-07-06
000990.SZ,2022-07-01,11.0,10.83,11.07,10.79,10.95,-0.12,-1.0959,63536.0,69269.4,0.5071,1.0511,0.54,13.4565,16.3,0.7624,1.1138,1.0808,0.0,,125301.0,125301.0,60444.3,1357010.0,1357010.0,3.12,12.05,9.86,0.0000,-0.13514060409712553,1,15,56,2000-07-06
000990.SZ,2022-07-04,10.78,10.83,10.89,10.62,10.83,0.0,0.0,88789.1,95650.5,0.7086,1.4689,0.82,13.4565,16.3,0.7624,1.1138,1.0808,0.0,,125301.0,125301.0,60444.3,1357010.0,1357010.0,3.12,11.91,9.75,0.0000,-0.1800953452248948,1,15,56,2000-07-06
000990.SZ,2022-07-05,10.83,10.68,10.87,10.54,10.83,-0.15,-1.385,86111.5,91906.9,0.6872,1.4246,0.79,13.2701,16.0742,0.7518,1.0983,1.0659,0.0,,125301.0,125301.0,60444.3,1338220.0,1338220.0,3.12,11.91,9.75,0.0000,-0.2313047645689049,1,15,56,2000-07-06
000990.SZ,2022-07-06,10.7,10.44,10.7,10.31,10.68,-0.24,-2.2472,88338.6,92473.1,0.705,1.4615,0.79,12.9719,15.713,0.7349,1.0737,1.0419,0.0,,125301.0,125301.0,60444.3,1308140.0,1308140.0,3.12,11.75,9.61,0.0000,-0.061576974965833337,1,15,56,2000-07-06
000990.SZ,2022-07-07,10.41,10.49,10.61,10.41,10.44,0.05,0.4789,57985.3,60897.6,0.4628,0.9593,0.69,13.0341,15.7883,0.7384,1.0788,1.0469,0.0,,125301.0,125301.0,60444.3,1314410.0,1314410.0,3.12,11.48,9.4,0.0000,-0.17034859803333716,1,15,56,2000-07-06
000990.SZ,2022-07-08,10.48,10.51,10.63,10.46,10.49,0.02,0.1907,46161.5,48708.3,0.3684,0.7637,0.6,13.0589,15.8184,0.7399,1.0809,1.0489,0.0,,125301.0,125301.0,60444.3,1316920.0,1316910.0,3.12,11.54,9.44,0.0000,0.002967640097053852,1,15,56,2000-07-06
000990.SZ,2022-07-11,10.5,10.36,10.5,10.28,10.51,-0.15,-1.4272,59482.9,61519.6,0.4747,0.9841,0.81,12.8725,15.5926,0.7293,1.0654,1.0339,0.0,,125301.0,125301.0,60444.3,1298120.0,1298120.0,3.12,11.56,9.46,0.0000,-0.10011706838624541,1,15,56,2000-07-06
000990.SZ,2022-07-12,10.3,10.19,10.35,10.19,10.36,-0.17,-1.6409,50323.0,51533.6,0.4016,0.8326,0.74,12.6613,15.3367,0.7173,1.048,1.017,0.0,,125301.0,125301.0,60444.3,1276820.0,1276820.0,3.12,11.4,9.32,0.0000,0.15846322345533712,1,15,56,2000-07-06
000990.SZ,2022-07-13,10.23,10.26,10.28,10.16,10.19,0.07,0.6869,39964.9,40880.8,0.319,0.6612,0.66,12.7483,15.4421,0.7223,1.0552,1.0239,0.0,,125301.0,125301.0,60444.3,1285590.0,1285590.0,3.12,11.21,9.17,0.0000,-0.2422672423840109,1,15,56,2000-07-06
000990.SZ,2022-07-14,10.2,10.21,10.35,10.19,10.26,-0.05,-0.4873,43455.9,44565.8,0.3468,0.7189,0.86,12.6862,15.3668,0.7187,1.05,1.019,0.0,,125301.0,125301.0,60444.3,1279330.0,1279320.0,3.12,11.29,9.23,0.0000,-0.290129881607716,1,15,56,2000-07-06
000990.SZ,2022-07-15,10.09,9.33,10.09,9.33,10.21,-0.88,-8.619,209445.0,199300.0,1.6715,3.4651,4.37,11.5927,14.0424,0.6568,0.9595,0.9311,0.0,,125301.0,125301.0,60444.3,1169060.0,1169060.0,3.12,11.23,9.19,0.0000,-0.24124698115775667,1,15,56,2000-07-06
000990.SZ,2022-07-18,9.43,10.15,10.15,9.4,9.33,0.82,8.7889,174604.0,172402.0,1.3935,2.8887,2.17,12.6116,15.2765,0.7145,1.0438,1.013,0.0,,125301.0,125301.0,60444.3,1271810.0,1271810.0,3.12,10.26,8.4,0.0000,0.031418152179985115,1,15,56,2000-07-06
000990.SZ,2022-07-19,10.15,10.16,10.19,9.96,10.15,0.01,0.0985,79415.2,79895.4,0.6338,1.3139,0.77,12.624,15.2916,0.7152,1.0449,1.014,0.0,,125301.0,125301.0,60444.3,1273060.0,1273060.0,3.12,11.17,9.14,0.0000,-0.03105546601383606,1,15,56,2000-07-06
000990.SZ,2022-07-20,10.24,10.28,10.33,10.11,10.16,0.12,1.1811,61118.1,62408.1,0.4878,1.0111,0.56,12.7731,15.4722,0.7237,1.0572,1.0259,0.0,,125301.0,125301.0,60444.3,1288100.0,1288100.0,3.12,11.18,9.14,0.0000,0.008494201005671033,1,15,56,2000-07-06
000990.SZ,2022-07-21,10.3,10.35,10.69,10.25,10.28,0.07,0.6809,101636.0,106414.0,0.8111,1.6815,0.89,12.8601,15.5776,0.7286,1.0644,1.0329,0.0,,125301.0,125301.0,60444.3,1296870.0,1296870.0,3.12,11.31,9.25,0.0000,0.053688495695665306,1,15,56,2000-07-06
000990.SZ,2022-07-22,10.35,10.16,10.49,10.04,10.35,-0.19,-1.8357,74849.8,76569.3,0.5974,1.2383,0.6,12.624,15.2916,0.7152,1.0449,1.014,0.0,,125301.0,125301.0,60444.3,1273060.0,1273060.0,3.12,11.39,9.32,0.0000,-0.18833987290959098,1,15,56,2000-07-06
000990.SZ,2022-07-25,10.18,10.02,10.24,9.95,10.16,-0.14,-1.378,58285.4,58737.8,0.4652,0.9643,0.59,12.4501,29.9197,0.7051,1.0305,1.0236,0.0,,125301.0,125301.0,60444.3,1255520.0,1255520.0,3.12,11.18,9.14,0.0000,-0.03272712413537498,1,15,56,2000-07-06
000990.SZ,2022-07-26,10.07,10.12,10.19,9.95,10.02,0.1,0.998,36320.5,36567.1,0.2899,0.6009,0.48,12.5743,30.2183,0.7122,1.0408,1.0339,0.0,,125301.0,125301.0,60444.3,1268050.0,1268050.0,3.12,11.02,9.02,0.0000,-0.17778066620420727,1,15,56,2000-07-06
000990.SZ,2022-07-27,10.12,10.2,10.23,10.08,10.12,0.08,0.7905,48658.1,49482.0,0.3883,0.805,0.73,12.6737,30.4572,0.7178,1.049,1.042,0.0,,125301.0,125301.0,60444.3,1278070.0,1278070.0,3.12,11.13,9.11,0.0000,0.16449880392119523,1,15,56,2000-07-06
000990.SZ,2022-07-28,10.28,10.19,10.42,10.18,10.2,-0.01,-0.098,54378.4,55869.6,0.434,0.8996,0.85,12.6613,30.4274,0.7171,1.048,1.041,0.0,,125301.0,125301.0,60444.3,1276820.0,1276820.0,3.12,11.22,9.18,0.0000,-0.24541152513377323,1,15,56,2000-07-06
000990.SZ,2022-07-29,10.25,10.1,10.29,10.07,10.19,-0.09,-0.8832,43132.6,43792.8,0.3442,0.7136,0.79,12.5495,30.1586,0.7108,1.0387,1.0318,0.0,,125301.0,125301.0,60444.3,1265540.0,1265540.0,3.12,11.21,9.17,0.0000,-0.16534666242508683,1,15,56,2000-07-06
000990.SZ,2022-08-01,10.1,10.1,10.16,9.99,10.1,0.0,0.0,46102.6,46295.8,0.3679,0.7627,0.96,12.5495,30.1586,0.7108,1.0387,1.0318,0.0,,125301.0,125301.0,60444.3,1265540.0,1265540.0,3.12,11.11,9.09,0.0000,-0.3358386627291947,1,15,56,2000-07-06
000990.SZ,2022-08-02,10.03,9.74,10.03,9.56,10.1,-0.36,-3.5644,98679.4,96069.9,0.7875,1.6326,2.16,12.1022,29.0837,0.6854,1.0017,0.995,0.0,,125301.0,125301.0,60444.3,1220430.0,1220430.0,3.12,11.11,9.09,0.0000,-0.1499792203881656,1,15,56,2000-07-06
000990.SZ,2022-08-03,9.75,9.65,9.99,9.61,9.74,-0.09,-0.924,64801.1,63520.0,0.5172,1.0721,1.11,11.9903,28.8149,0.6791,0.9924,0.9858,0.0,,125301.0,125301.0,60444.3,1209160.0,1209160.0,3.12,10.71,8.77,0.0000,-0.061233675223843674,1,15,56,2000-07-06
000990.SZ,2022-08-04,9.76,9.8,9.81,9.59,9.65,0.15,1.5544,54069.0,52666.8,0.4315,0.8945,0.88,12.1767,29.2628,0.6897,1.0078,1.0012,0.0,,125301.0,125301.0,60444.3,1227950.0,1227950.0,3.12,10.62,8.69,0.0000,-0.011102698578667069,1,15,56,2000-07-06
000990.SZ,2022-08-05,9.82,10.01,10.03,9.77,9.8,0.21,2.1429,61680.8,61058.1,0.4923,1.0205,1.01,12.4376,29.8899,0.7044,1.0294,1.0226,0.0,,125301.0,125301.0,60444.3,1254260.0,1254260.0,3.12,10.78,8.82,0.0000,0.0529975794896352,1,15,56,2000-07-06
000990.SZ,2022-08-08,10.11,10.26,10.34,9.98,10.01,0.25,2.4975,77436.9,78837.7,0.618,1.2811,1.19,12.7483,30.6364,0.722,1.0552,1.0482,0.0,,125301.0,125301.0,60444.3,1285590.0,1285590.0,3.12,11.01,9.01,0.0000,0.25600045973971525,1,15,56,2000-07-06
000990.SZ,2022-08-09,10.19,10.29,10.33,10.16,10.26,0.03,0.2924,61062.1,62496.9,0.4873,1.0102,0.86,12.7856,30.726,0.7241,1.0582,1.0512,0.0,,125301.0,125301.0,60444.3,1289350.0,1289350.0,3.12,11.29,9.23,0.0000,-0.08894940320805231,1,15,56,2000-07-06
000990.SZ,2022-08-10,10.33,10.31,10.53,10.3,10.29,0.02,0.1944,69686.3,72517.3,0.5562,1.1529,1.09,12.8104,30.7857,0.7256,1.0603,1.0533,0.0,,125301.0,125301.0,60444.3,1291860.0,1291850.0,3.12,11.32,9.26,0.0000,-0.06967681278466768,1,15,56,2000-07-06
000990.SZ,2022-08-11,10.35,10.52,10.52,10.35,10.31,0.21,2.0369,74288.7,77806.6,0.5929,1.229,1.15,13.0713,31.4127,0.7403,1.0819,1.0747,0.0,,125301.0,125301.0,60444.3,1318170.0,1318170.0,3.12,11.34,9.28,0.0000,-0.056063195701177744,1,15,56,2000-07-06
000990.SZ,2022-08-12,10.48,10.48,10.58,10.39,10.52,-0.04,-0.3802,53314.9,56050.8,0.4255,0.882,0.77,13.0216,31.2933,0.7375,1.0778,1.0706,0.0,,125301.0,125301.0,60444.3,1313160.0,1313160.0,3.12,11.57,9.47,0.0000,0.12887424589310284,1,15,56,2000-07-06
000990.SZ,2022-08-15,10.45,10.5,10.55,10.35,10.48,0.02,0.1908,55867.6,58409.3,0.4459,0.9243,0.83,13.0465,31.353,0.7389,1.0798,1.0727,0.0,,125301.0,125301.0,60444.3,1315660.0,1315660.0,3.12,11.53,9.43,0.0000,-0.3660047310145869,1,15,56,2000-07-06
000990.SZ,2022-08-16,10.52,10.43,10.72,10.4,10.5,-0.07,-0.6667,55320.4,57934.5,0.4415,0.9152,0.88,12.9595,31.144,0.734,1.0726,1.0655,0.0,,125301.0,125301.0,60444.3,1306890.0,1306890.0,3.12,11.55,9.45,0.0000,-0.5346151156753476,1,15,56,2000-07-06
000990.SZ,2022-08-17,10.46,10.36,10.48,10.32,10.43,-0.07,-0.6711,41088.2,42538.5,0.3279,0.6798,0.67,12.8725,30.935,0.7291,1.0654,1.0584,0.0,,125301.0,125301.0,60444.3,1298120.0,1298120.0,3.12,11.47,9.39,0.0000,-0.24040593156207288,1,15,56,2000-07-06
000990.SZ,2022-08-18,10.33,10.25,10.37,10.21,10.36,-0.11,-1.0618,41679.7,42732.4,0.3326,0.6896,0.74,12.7359,30.6065,0.7213,1.0541,1.0471,0.0,,125301.0,125301.0,60444.3,1284340.0,1284340.0,3.12,11.4,9.32,0.0000,-0.5570284289189753,1,15,56,2000-07-06
000990.SZ,2022-08-19,10.3,10.24,10.5,10.17,10.25,-0.01,-0.0976,67683.4,69644.4,0.5402,1.1198,1.37,12.7234,30.5767,0.7206,1.0531,1.0461,0.0,,125301.0,125301.0,60444.3,1283080.0,1283080.0,3.12,11.28,9.23,0.0000,0.011880563735586344,1,15,56,2000-07-06
000990.SZ,2022-08-22,10.1,10.15,10.17,10.0,10.24,-0.09,-0.8789,56296.0,56753.3,0.4493,0.9314,1.08,12.6116,30.3079,0.7143,1.0438,1.0369,0.0,,125301.0,125301.0,60444.3,1271810.0,1271810.0,3.12,11.26,9.22,0.0000,-0.34653557650516575,1,15,56,2000-07-06
000990.SZ,2022-08-23,10.17,10.19,10.21,10.1,10.15,0.04,0.3941,53948.0,54730.2,0.4305,0.8925,1.03,12.6613,30.4274,0.7171,1.048,1.041,0.0,,125301.0,125301.0,60444.3,1276820.0,1276820.0,3.12,11.17,9.14,0.0000,-0.12908835207243205,1,15,56,2000-07-06
000990.SZ,2022-08-24,10.19,9.82,10.28,9.8,10.19,-0.37,-3.631,99344.3,98871.7,0.7928,1.6436,1.91,12.2016,29.3225,0.6911,1.0099,1.0032,0.0,,125301.0,125301.0,60444.3,1230460.0,1230460.0,3.12,11.21,9.17,0.0000,-0.10504977787125355,1,15,56,2000-07-06
000990.SZ,2022-08-25,9.87,9.83,9.88,9.71,9.82,0.01,0.1018,49209.6,48193.7,0.3927,0.8141,0.77,12.214,29.3524,0.6918,1.0109,1.0042,0.0,,125301.0,125301.0,60444.3,1231710.0,1231710.0,3.12,10.8,8.84,0.0000,-0.27043439121040125,1,15,56,2000-07-06
000990.SZ,2022-08-26,9.85,10.0,10.12,9.81,9.83,0.17,1.7294,63453.1,63432.9,0.5064,1.0498,0.97,12.4252,29.86,0.7037,1.0284,1.0216,0.0,,125301.0,125301.0,60444.3,1253010.0,1253010.0,3.12,10.81,8.85,0.0000,-0.05592098008170816,1,15,56,2000-07-06
000990.SZ,2022-08-29,9.91,10.1,10.11,9.85,10.0,0.1,1.0,61657.5,61726.9,0.4921,1.0201,0.96,12.5495,30.1586,0.7108,1.0387,1.0318,0.0,,125301.0,125301.0,60444.3,1265540.0,1265540.0,3.12,11.0,9.0,0.0000,0.11590870287508434,1,15,56,2000-07-06
000990.SZ,2022-08-30,10.11,9.99,10.19,9.93,10.1,-0.11,-1.0891,54946.7,55042.4,0.4385,0.909,0.84,12.4128,29.8302,0.703,1.0274,1.0206,0.0,,125301.0,125301.0,60444.3,1251760.0,1251760.0,3.12,11.11,9.09,0.0000,-0.40795587346860573,1,15,56,2000-07-06
000990.SZ,2022-08-31,10.99,10.99,10.99,10.99,9.99,1.0,10.01,59371.3,65249.1,0.4738,0.9822,0.9,13.6553,32.8162,0.7734,1.1302,1.1227,0.0,,125301.0,125301.0,60444.3,1377060.0,1377060.0,3.12,10.99,8.99,0.0000,0.37168565834870815,1,15,56,2000-07-06
000990.SZ,2022-09-01,11.5,11.17,11.84,11.05,10.99,0.18,1.6379,610815.0,696030.0,4.8748,10.1054,10.58,13.879,33.3536,0.7861,1.1487,1.1411,0.0,,125301.0,125301.0,60444.3,1399610.0,1399610.0,3.12,12.09,9.89,0.0000,-0.058817571316006824,1,15,56,2000-07-06
000990.SZ,2022-09-02,11.17,10.92,11.19,10.65,11.17,-0.25,-2.2381,334913.0,364727.0,2.6729,5.5409,1.97,13.5683,32.6071,0.7685,1.123,1.1156,0.0,,125301.0,125301.0,60444.3,1368290.0,1368290.0,3.12,12.29,10.05,0.0000,-0.06642149462330883,1,15,56,2000-07-06
000990.SZ,2022-09-05,10.82,11.02,11.17,10.75,10.92,0.1,0.9158,242474.0,264977.0,1.9351,4.0115,1.08,13.6926,32.9057,0.7755,1.1333,1.1258,0.0,,125301.0,125301.0,60444.3,1380820.0,1380820.0,3.12,12.01,9.83,0.0000,-0.011273704796150577,1,15,56,2000-07-06
000990.SZ,2022-09-06,10.91,11.05,11.17,10.84,11.02,0.03,0.2722,239700.0,264060.0,1.913,3.9656,0.92,13.7299,32.9953,0.7776,1.1364,1.1289,0.0,,125301.0,125301.0,60444.3,1384580.0,1384580.0,3.12,12.12,9.92,0.0000,-0.1357622268936136,1,15,56,2000-07-06
000990.SZ,2022-09-07,10.97,10.81,11.0,10.74,11.05,-0.24,-2.1719,156483.0,169704.0,1.2489,2.5889,0.53,13.4317,32.2787,0.7607,1.1117,1.1043,0.0,,125301.0,125301.0,60444.3,1354510.0,1354500.0,3.12,12.16,9.95,0.0000,-0.24209318197232774,1,15,56,2000-07-06
000990.SZ,2022-09-08,10.79,10.6,10.84,10.56,10.81,-0.21,-1.9426,124941.0,133289.0,0.9971,2.067,0.39,13.1707,31.6516,0.746,1.0901,1.0829,0.0,,125301.0,125301.0,60444.3,1328190.0,1328190.0,3.12,11.89,9.73,0.0000,-0.10663978467974192,1,15,56,2000-07-06
000990.SZ,2022-09-09,10.61,10.58,10.68,10.49,10.6,-0.02,-0.1887,84831.2,89544.8,0.677,1.4035,0.39,13.1459,31.5919,0.7446,1.0881,1.0808,0.0,,125301.0,125301.0,60444.3,1325690.0,1325690.0,3.12,11.66,9.54,0.0000,-0.10787202776420071,1,15,56,2000-07-06
000990.SZ,2022-09-13,10.7,10.41,10.7,10.38,10.58,-0.17,-1.6068,109930.0,115299.0,0.8773,1.8187,0.65,12.9347,31.0843,0.7326,1.0706,1.0635,0.0,,125301.0,125301.0,60444.3,1304390.0,1304380.0,3.12,11.64,9.52,0.0000,0.0942558550582195,1,15,56,2000-07-06
000990.SZ,2022-09-14,10.32,10.33,10.48,10.22,10.41,-0.08,-0.7685,80797.8,83605.3,0.6448,1.3367,0.56,12.8353,30.8454,0.727,1.0624,1.0553,0.0,,125301.0,125301.0,60444.3,1294360.0,1294360.0,3.12,11.45,9.37,0.0000,-0.09871273630745787,1,15,56,2000-07-06
000990.SZ,2022-09-15,10.33,10.12,10.39,10.01,10.33,-0.21,-2.0329,92471.3,94175.7,0.738,1.5299,0.83,12.5743,30.2183,0.7122,1.0408,1.0339,0.0,,125301.0,125301.0,60444.3,1268050.0,1268050.0,3.12,11.36,9.3,0.0000,-0.11431083363752156,1,15,56,2000-07-06
000990.SZ,2022-09-16,10.01,9.83,10.12,9.82,10.12,-0.29,-2.8656,104868.0,104287.0,0.8369,1.735,1.06,12.214,29.3524,0.6918,1.0109,1.0042,0.0,,125301.0,125301.0,60444.3,1231710.0,1231710.0,3.12,11.13,9.11,0.0000,-0.23157135461435124,1,15,56,2000-07-06
000990.SZ,2022-09-19,9.93,10.02,10.03,9.64,9.83,0.19,1.9329,99735.1,97995.7,0.796,1.65,1.05,12.4501,29.9197,0.7051,1.0305,1.0236,0.0,,125301.0,125301.0,60444.3,1255520.0,1255520.0,3.12,10.81,8.85,0.0000,-0.0314207200598336,1,15,56,2000-07-06
000990.SZ,2022-09-20,10.02,10.04,10.16,9.94,10.02,0.02,0.1996,76307.8,76566.9,0.609,1.2624,0.78,12.4749,29.9795,0.7066,1.0325,1.0257,0.0,,125301.0,125301.0,60444.3,1258020.0,1258020.0,3.12,11.02,9.02,0.0000,0.09029592876661544,1,15,56,2000-07-06
000990.SZ,2022-09-21,9.96,10.06,10.14,9.79,10.04,0.02,0.1992,57083.3,57078.2,0.4556,0.9444,0.63,12.4998,30.0392,0.708,1.0346,1.0277,0.0,,125301.0,125301.0,60444.3,1260530.0,1260530.0,3.12,11.04,9.04,0.0000,-0.11779485789845152,1,15,56,2000-07-06
000990.SZ,2022-09-22,9.96,9.96,10.09,9.9,10.06,-0.1,-0.994,48687.0,48771.7,0.3886,0.8055,0.57,12.3755,29.7406,0.7009,1.0243,1.0175,0.0,,125301.0,125301.0,60444.3,1248000.0,1248000.0,3.12,11.07,9.05,0.0000,-0.150157619508039,1,15,56,2000-07-06
000990.SZ,2022-09-23,10.03,9.77,10.04,9.75,9.96,-0.19,-1.9076,55208.0,54427.8,0.4406,0.9134,0.71,12.1394,29.1732,0.6876,1.0048,0.9981,0.0,,125301.0,125301.0,60444.3,1224190.0,1224190.0,3.12,10.96,8.96,0.0000,-0.2361615992809425,1,15,56,2000-07-06
000990.SZ,2022-09-26,9.68,9.56,9.77,9.5,9.77,-0.21,-2.1494,62064.0,59751.3,0.4953,1.0268,0.92,11.8785,28.5462,0.6728,0.9832,0.9766,0.0,,125301.0,125301.0,60444.3,1197880.0,1197880.0,3.12,10.75,8.79,0.0000,0.0750676271711637,1,15,56,2000-07-06
000990.SZ,2022-09-27,9.54,9.79,9.81,9.54,9.56,0.23,2.4059,55624.0,54012.8,0.4439,0.9203,0.93,12.1643,29.233,0.689,1.0068,1.0001,0.0,,125301.0,125301.0,60444.3,1226700.0,1226700.0,3.12,10.52,8.6,0.0000,0.018976418893889874,1,15,56,2000-07-06
000990.SZ,2022-09-28,9.74,9.62,9.8,9.6,9.79,-0.17,-1.7365,37230.2,36000.4,0.2971,0.6159,0.67,11.9531,28.7253,0.677,0.9893,0.9828,0.0,,125301.0,125301.0,60444.3,1205400.0,1205400.0,3.12,10.77,8.81,0.0000,0.08265932866570602,1,15,56,2000-07-06
000990.SZ,2022-09-29,9.72,9.46,9.76,9.44,9.62,-0.16,-1.6632,42683.0,40896.1,0.3406,0.7062,0.82,11.7543,28.2476,0.6657,0.9729,0.9664,0.0,,125301.0,125301.0,60444.3,1185350.0,1185350.0,3.12,10.58,8.66,0.0000,-0.148585482264566,1,15,56,2000-07-06
000990.SZ,2022-09-30,9.49,9.55,9.63,9.45,9.46,0.09,0.9514,33842.9,32324.8,0.2701,0.5599,0.67,11.8661,28.5163,0.6721,0.9821,0.9756,0.0,,125301.0,125301.0,60444.3,1196630.0,1196630.0,3.12,10.41,8.51,0.0000,-0.17174566191744942,1,15,56,2000-07-06
000990.SZ,2022-10-10,9.64,9.45,9.74,9.43,9.55,-0.1,-1.0471,38860.3,37282.9,0.3101,0.6429,0.84,11.7418,28.2177,0.665,0.9719,0.9654,0.0,,125301.0,125301.0,60444.3,1184100.0,1184100.0,3.12,10.51,8.6,0.0000,-0.025399026537494228,1,15,56,2000-07-06
000990.SZ,2022-10-11,9.45,9.61,9.65,9.36,9.45,0.16,1.6931,41310.8,39378.6,0.3297,0.6835,0.99,11.9406,28.6955,0.6763,0.9883,0.9818,0.0,,125301.0,125301.0,60444.3,1204140.0,1204140.0,3.12,10.4,8.51,0.0000,0.1989326697303651,1,15,56,2000-07-06
000990.SZ,2022-10-12,9.56,9.8,9.81,9.49,9.61,0.19,1.9771,47380.0,45858.0,0.3781,0.7839,1.22,12.1767,29.2628,0.6897,1.0078,1.0012,0.0,,125301.0,125301.0,60444.3,1227950.0,1227950.0,3.12,10.57,8.65,0.0000,-0.08245483057725835,1,15,56,2000-07-06
000990.SZ,2022-10-13,9.76,9.77,9.82,9.73,9.8,-0.03,-0.3061,36285.2,35471.9,0.2896,0.6003,0.89,12.1394,29.1732,0.6876,1.0048,0.9981,0.0,,125301.0,125301.0,60444.3,1224190.0,1224190.0,3.12,10.78,8.82,0.0000,0.08663322116664057,1,15,56,2000-07-06
000990.SZ,2022-10-14,9.79,10.17,10.25,9.79,9.77,0.4,4.0942,98729.4,99200.3,0.7879,1.6334,2.5,12.6365,30.3676,0.7157,1.0459,1.039,0.0,,125301.0,125301.0,60444.3,1274310.0,1274310.0,3.12,10.75,8.79,0.0000,0.20242322374645527,1,15,56,2000-07-06
000990.SZ,2022-10-17,10.2,10.15,10.23,10.11,10.17,-0.02,-0.1967,49047.2,49823.3,0.3914,0.8114,0.93,12.6116,30.3079,0.7143,1.0438,1.0369,0.0,,125301.0,125301.0,60444.3,1271810.0,1271810.0,3.12,11.19,9.15,0.0000,0.07623802144599869,1,15,56,2000-07-06
000990.SZ,2022-10-18,10.2,10.15,10.25,10.12,10.15,0.0,0.0,57136.1,58131.6,0.456,0.9453,1.05,12.6116,30.3079,0.7143,1.0438,1.0369,0.0,,125301.0,125301.0,60444.3,1271810.0,1271810.0,3.12,11.17,9.14,0.0000,-0.09386468751887055,1,15,56,2000-07-06
000990.SZ,2022-10-19,10.12,9.93,10.17,9.92,10.15,-0.22,-2.1675,76997.0,77200.3,0.6145,1.2739,1.33,12.3382,29.651,0.6988,1.0212,1.0144,0.0,,125301.0,125301.0,60444.3,1244240.0,1244240.0,3.12,11.17,9.14,0.0000,-0.38419313378273956,1,15,56,2000-07-06
000990.SZ,2022-10-20,9.88,9.85,10.02,9.81,9.93,-0.08,-0.8056,52648.9,52136.5,0.4202,0.871,0.83,12.2388,29.4121,0.6932,1.013,1.0063,0.0,,125301.0,125301.0,60444.3,1234220.0,1234220.0,3.12,10.92,8.94,0.0000,-0.24709218868194754,1,15,56,2000-07-06
000990.SZ,2022-10-21,9.87,9.8,9.95,9.73,9.85,-0.05,-0.5076,46230.1,45406.9,0.369,0.7648,0.69,12.1767,29.2628,0.6897,1.0078,1.0012,0.0,,125301.0,125301.0,60444.3,1227950.0,1227950.0,3.12,10.84,8.87,0.0000,0.05893335605084506,1,15,56,2000-07-06
000990.SZ,2022-10-24,9.87,9.55,9.98,9.42,9.8,-0.25,-2.551,96225.9,92756.3,0.768,1.592,1.71,11.8661,28.5163,0.6721,0.9821,0.9756,0.0,,125301.0,125301.0,60444.3,1196630.0,1196630.0,3.12,10.78,8.82,0.0000,-0.23044479530858444,1,15,56,2000-07-06
000990.SZ,2022-10-25,9.45,9.46,9.61,9.38,9.55,-0.09,-0.9424,52497.2,49631.6,0.419,0.8685,0.8,11.7543,28.2476,0.6657,0.9729,0.9664,0.0,,125301.0,125301.0,60444.3,1185350.0,1185350.0,3.12,10.51,8.6,0.0000,-0.23662978593997464,1,15,56,2000-07-06
000990.SZ,2022-10-26,9.47,9.61,9.8,9.46,9.46,0.15,1.5856,66489.5,64138.5,0.5306,1.1,1.02,11.9406,28.6955,0.6763,0.9883,0.9818,0.0,,125301.0,125301.0,60444.3,1204140.0,1204140.0,3.12,10.41,8.51,0.0000,0.12876438955833583,1,15,56,2000-07-06
000990.SZ,2022-10-27,9.62,9.64,9.73,9.55,9.61,0.03,0.3122,39821.4,38349.5,0.3178,0.6588,0.63,11.9779,28.7851,0.6784,0.9914,0.9848,0.0,,125301.0,125301.0,60444.3,1207900.0,1207900.0,3.12,10.57,8.65,0.0000,-0.2519978911563945,1,15,56,2000-07-06
000990.SZ,2022-10-28,9.4,9.03,9.4,9.01,9.64,-0.61,-6.3278,125928.0,114678.0,1.005,2.0834,2.09,11.22,,0.6399,0.9287,0.9487,0.0,,125301.0,125301.0,60444.3,1131470.0,1131470.0,3.12,10.6,8.68,0.0000,0.03168168326593987,1,15,56,2000-07-06
000990.SZ,2022-10-31,9.03,8.93,9.09,8.86,9.03,-0.1,-1.1074,60390.4,54082.6,0.482,0.9991,0.79,11.0957,,0.6328,0.9184,0.9382,0.0,,125301.0,125301.0,60444.3,1118940.0,1118940.0,3.12,9.93,8.13,0.0000,-0.10857017301151167,1,15,56,2000-07-06
000990.SZ,2022-11-01,8.95,9.14,9.14,8.91,8.93,0.21,2.3516,71290.7,64515.9,0.569,1.1794,1.03,11.3567,,0.6477,0.94,0.9602,0.0,,125301.0,125301.0,60444.3,1145250.0,1145250.0,3.12,9.82,8.04,0.0000,0.4091849057392661,1,15,56,2000-07-06
000990.SZ,2022-11-02,9.1,9.18,9.22,9.06,9.14,0.04,0.4376,57334.6,52608.1,0.4576,0.9486,0.79,11.4064,,0.6505,0.9441,0.9644,0.0,,125301.0,125301.0,60444.3,1150260.0,1150260.0,3.12,10.05,8.23,0.0000,0.08449493645580129,1,15,56,2000-07-06
000990.SZ,2022-11-03,9.14,9.07,9.19,9.05,9.18,-0.11,-1.1983,50739.0,46191.6,0.4049,0.8394,0.72,11.2697,,0.6427,0.9328,0.9529,0.0,,125301.0,125301.0,60444.3,1136480.0,1136480.0,3.12,10.1,8.26,0.0000,-0.3508440753530884,1,15,56,2000-07-06
000990.SZ,2022-11-04,9.06,9.25,9.29,9.04,9.07,0.18,1.9846,89558.1,82638.0,0.7147,1.4817,1.22,11.4933,,0.6555,0.9513,0.9718,0.0,,125301.0,125301.0,60444.3,1159040.0,1159040.0,3.12,9.98,8.16,0.0000,-0.27390507721218826,1,15,56,2000-07-06
000990.SZ,2022-11-07,9.25,9.4,9.43,9.21,9.25,0.15,1.6216,65069.7,60861.6,0.5193,1.0765,0.99,11.6797,,0.6661,0.9667,0.9876,0.0,,125301.0,125301.0,60444.3,1177830.0,1177830.0,3.12,10.18,8.33,0.0000,-0.033106074397877494,1,15,56,2000-07-06
000990.SZ,2022-11-08,9.41,9.35,9.41,9.27,9.4,-0.05,-0.5319,41843.2,38949.5,0.3339,0.6923,0.63,11.6176,,0.6626,0.9616,0.9823,0.0,,125301.0,125301.0,60444.3,1171570.0,1171570.0,3.12,10.34,8.46,0.0000,-0.22027712007415867,1,15,56,2000-07-06
000990.SZ,2022-11-09,9.36,9.62,9.7,9.31,9.35,0.27,2.8877,106333.0,101387.0,0.8486,1.7592,1.75,11.9531,,0.6817,0.9893,1.0107,0.0,,125301.0,125301.0,60444.3,1205400.0,1205400.0,3.12,10.29,8.42,0.0000,0.1401989446007318,1,15,56,2000-07-06
000990.SZ,2022-11-10,9.57,9.43,9.58,9.43,9.62,-0.19,-1.9751,57190.7,54217.3,0.4564,0.9462,0.81,11.717,,0.6682,0.9698,0.9907,0.0,,125301.0,125301.0,60444.3,1181590.0,1181590.0,3.12,10.58,8.66,0.0000,-0.20946530419314002,1,15,56,2000-07-06
000990.SZ,2022-11-11,9.6,9.53,9.75,9.5,9.43,0.1,1.0604,89351.1,85715.1,0.7131,1.4782,1.24,11.8412,,0.6753,0.9801,1.0012,0.0,,125301.0,125301.0,60444.3,1194120.0,1194120.0,3.12,10.37,8.49,0.0000,0.005996482094919546,1,15,56,2000-07-06
000990.SZ,2022-11-14,9.54,9.47,9.65,9.44,9.53,-0.06,-0.6296,58193.3,55488.8,0.4644,0.9628,0.81,11.7667,,0.6711,0.9739,0.9949,0.0,,125301.0,125301.0,60444.3,1186600.0,1186600.0,3.12,10.48,8.58,0.0000,-0.12978895945334087,1,15,56,2000-07-06
000990.SZ,2022-11-15,9.46,9.62,9.65,9.43,9.47,0.15,1.5839,64664.7,61734.6,0.5161,1.0698,0.92,11.9531,,0.6817,0.9893,1.0107,0.0,,125301.0,125301.0,60444.3,1205400.0,1205400.0,3.12,10.42,8.52,0.0000,0.12850422050995858,1,15,56,2000-07-06
000990.SZ,2022-11-16,9.62,9.64,9.67,9.55,9.62,0.02,0.2079,55339.0,53207.5,0.4416,0.9155,0.74,11.9779,,0.6831,0.9914,1.0128,0.0,,125301.0,125301.0,60444.3,1207900.0,1207900.0,3.12,10.58,8.66,0.0000,0.23967729570565702,1,15,56,2000-07-06
000990.SZ,2022-11-17,9.62,9.7,9.73,9.57,9.64,0.06,0.6224,73737.2,71291.4,0.5885,1.2199,1.14,12.0525,,0.6874,0.9976,1.0191,0.0,,125301.0,125301.0,60444.3,1215420.0,1215420.0,3.12,10.6,8.68,0.0000,-0.03044961255082714,1,15,56,2000-07-06
000990.SZ,2022-11-18,9.68,9.65,9.78,9.62,9.7,-0.05,-0.5155,74118.0,71809.0,0.6099,1.308,1.09,11.6289,,0.6829,0.9625,0.9833,0.0,,121524.0,121524.0,56666.8,1172700.0,1172700.0,3.12,10.67,8.73,0.0000,-0.2770950742854098,1,15,56,2000-07-06
000990.SZ,2022-11-21,9.62,9.64,9.73,9.51,9.65,-0.01,-0.1036,67360.7,64836.3,0.5543,1.1887,1.03,11.6168,,0.6822,0.9615,0.9822,0.0,,121524.0,121524.0,56666.8,1171490.0,1171490.0,3.12,10.62,8.69,0.0000,-0.053507083448447956,1,15,56,2000-07-06
000990.SZ,2022-11-22,9.65,9.48,9.74,9.43,9.64,-0.16,-1.6598,87250.9,83571.0,0.718,1.5397,1.3,11.424,,0.6709,0.9455,0.9659,0.0,,121524.0,121524.0,56666.8,1152050.0,1152040.0,3.12,10.6,8.68,0.0000,-0.493262153712322,1,15,56,2000-07-06
000990.SZ,2022-11-23,9.46,9.45,9.5,9.31,9.48,-0.03,-0.3165,64333.2,60532.8,0.5294,1.1353,0.9,11.3879,,0.6687,0.9426,0.9629,0.0,,121524.0,121524.0,56666.8,1148400.0,1148400.0,3.12,10.43,8.53,0.0000,-0.03854461449743715,1,15,56,2000-07-06
000990.SZ,2022-11-24,9.4,9.38,9.5,9.31,9.45,-0.07,-0.7407,63307.9,59409.7,0.521,1.1172,0.86,11.3035,,0.6638,0.9356,0.9557,0.0,,121524.0,121524.0,56666.8,1139890.0,1139890.0,3.12,10.4,8.51,0.0000,-0.4473140173132027,1,15,56,2000-07-06
000990.SZ,2022-11-25,9.38,9.29,9.39,9.26,9.38,-0.09,-0.9595,43084.4,40116.1,0.3545,0.7603,0.6,11.195,,0.6574,0.9266,0.9466,0.0,,121524.0,121524.0,56666.8,1128960.0,1128950.0,3.12,10.32,8.44,0.0000,-0.23776083579580146,1,15,56,2000-07-06
000990.SZ,2022-11-28,9.23,9.34,9.35,9.11,9.29,0.05,0.5382,46555.0,43037.8,0.3831,0.8216,0.72,11.2553,,0.661,0.9316,0.9517,0.0,,121524.0,121524.0,56666.8,1135030.0,1135030.0,3.12,10.22,8.36,0.0000,-0.11404949706111253,1,15,56,2000-07-06
000990.SZ,2022-11-29,9.36,9.47,9.49,9.34,9.34,0.13,1.3919,58340.0,55061.9,0.4801,1.0295,0.96,11.412,,0.6702,0.9445,0.9649,0.0,,121524.0,121524.0,56666.8,1150830.0,1150830.0,3.12,10.27,8.41,0.0000,-0.2861519588843861,1,15,56,2000-07-06
000990.SZ,2022-11-30,9.48,9.46,9.54,9.44,9.47,-0.01,-0.1056,46064.7,43705.7,0.3791,0.8129,0.84,11.3999,,0.6695,0.9436,0.9639,0.0,,121524.0,121524.0,56666.8,1149610.0,1149610.0,3.12,10.42,8.52,0.0000,-0.3407807416663808,1,15,56,2000-07-06
000990.SZ,2022-12-01,9.54,9.46,9.59,9.46,9.46,0.0,0.0,42457.2,40401.8,0.3494,0.7492,0.82,11.3999,,0.6695,0.9436,0.9639,0.0,,121524.0,121524.0,56666.8,1149610.0,1149610.0,3.12,10.41,8.51,0.0000,0.011438969679648801,1,15,56,2000-07-06
000990.SZ,2022-12-02,9.48,9.47,9.51,9.44,9.46,0.01,0.1057,30027.0,28436.8,0.2471,0.5299,0.63,11.412,,0.6702,0.9445,0.9649,0.0,,121524.0,121524.0,56666.8,1150830.0,1150830.0,3.12,10.41,8.51,0.0000,-0.23536323731331177,1,15,56,2000-07-06
000990.SZ,2022-12-05,9.5,9.56,9.62,9.5,9.47,0.09,0.9504,71243.1,68042.8,0.5862,1.2572,1.59,11.5204,,0.6765,0.9535,0.9741,0.0,,121524.0,121524.0,56666.8,1161770.0,1161770.0,3.12,10.42,8.52,0.0000,-0.11414142327637038,1,15,56,2000-07-06
000990.SZ,2022-12-06,9.57,9.5,9.62,9.46,9.56,-0.06,-0.6276,66559.0,63479.8,0.5477,1.1746,1.34,11.4481,,0.6723,0.9475,0.968,0.0,,121524.0,121524.0,56666.8,1154480.0,1154470.0,3.12,10.52,8.6,0.0000,0.1754520066864571,1,15,56,2000-07-06
000990.SZ,2022-12-07,9.5,9.36,9.5,9.33,9.5,-0.14,-1.4737,69098.4,64887.6,0.5686,1.2194,1.35,11.2794,,0.6624,0.9336,0.9537,0.0,,121524.0,121524.0,56666.8,1137460.0,1137460.0,3.12,10.45,8.55,0.0000,-0.5224263862900854,1,15,56,2000-07-06
000990.SZ,2022-12-08,9.37,9.33,9.42,9.28,9.36,-0.03,-0.3205,53209.1,49749.8,0.4379,0.939,0.95,11.2432,,0.6603,0.9306,0.9506,0.0,,121524.0,121524.0,56666.8,1133820.0,1133820.0,3.12,10.3,8.42,0.0000,-0.21015014227164208,1,15,56,2000-07-06
000990.SZ,2022-12-09,9.33,9.28,9.39,9.23,9.33,-0.05,-0.5359,59171.3,54999.8,0.4869,1.0442,1.02,11.183,,0.6567,0.9256,0.9456,0.0,,121524.0,121524.0,56666.8,1127740.0,1127740.0,3.12,10.26,8.4,0.0000,-0.4004964969446084,1,15,56,2000-07-06
000990.SZ,2022-12-12,9.28,9.37,9.53,9.28,9.28,0.09,0.9698,98944.9,92844.2,0.8142,1.7461,1.55,11.2915,,0.6631,0.9346,0.9547,0.0,,121524.0,121524.0,56666.8,1138680.0,1138680.0,3.12,10.21,8.35,0.0000,-0.20802654397341666,1,15,56,2000-07-06
000990.SZ,2022-12-13,9.43,9.24,9.43,9.19,9.37,-0.13,-1.3874,89729.5,82884.1,0.7384,1.5835,1.29,11.1348,,0.6539,0.9216,0.9415,0.0,,121524.0,121524.0,56666.8,1122880.0,1122880.0,3.12,10.31,8.43,0.0000,-0.3521886799493628,1,15,56,2000-07-06
000990.SZ,2022-12-14,9.35,9.21,9.5,9.19,9.24,-0.03,-0.3247,96980.0,90191.8,0.798,1.7114,1.31,11.0986,,0.6518,0.9186,0.9384,0.0,,121524.0,121524.0,56666.8,1119230.0,1119230.0,3.12,10.16,8.32,0.0000,0.1256859503648585,1,15,56,2000-07-06
000990.SZ,2022-12-15,9.16,9.22,9.27,9.13,9.21,0.01,0.1086,51857.2,47698.0,0.4267,0.9151,0.65,11.1107,,0.6525,0.9196,0.9394,0.0,,121524.0,121524.0,56666.8,1120450.0,1120450.0,3.12,10.13,8.29,0.0000,0.2899751153804833,1,15,56,2000-07-06
000990.SZ,2022-12-16,9.16,9.25,9.26,9.12,9.22,0.03,0.3254,49781.5,45784.4,0.4096,0.8785,0.63,11.1468,,0.6546,0.9226,0.9425,0.0,,121524.0,121524.0,56666.8,1124090.0,1124090.0,3.12,10.14,8.3,0.0000,0.012496606916030849,1,15,56,2000-07-06
000990.SZ,2022-12-19,9.22,8.98,9.25,8.93,9.25,-0.27,-2.9189,91517.3,82708.4,0.7531,1.615,1.18,10.8215,,0.6355,0.8957,0.915,0.0,,121524.0,121524.0,56666.8,1091280.0,1091280.0,3.12,10.18,8.33,0.0000,0.0027615497468500582,1,15,56,2000-07-06
000990.SZ,2022-12-20,8.98,8.97,9.02,8.85,8.98,-0.01,-0.1114,45279.3,40457.6,0.3726,0.799,0.6,10.8094,,0.6348,0.8947,0.914,0.0,,121524.0,121524.0,56666.8,1090070.0,1090070.0,3.12,9.88,8.08,0.0000,0.03433445317653283,1,15,56,2000-07-06
000990.SZ,2022-12-21,8.98,8.89,9.01,8.85,8.97,-0.08,-0.8919,37527.7,33404.7,0.3088,0.6623,0.56,10.713,,0.6291,0.8867,0.9058,0.0,,121524.0,121524.0,56666.8,1080350.0,1080350.0,3.12,9.87,8.07,0.0000,-0.40645689980727384,1,15,56,2000-07-06
000990.SZ,2022-12-22,8.95,8.61,8.96,8.58,8.89,-0.28,-3.1496,71272.5,62189.2,0.5865,1.2577,1.29,10.3756,,0.6093,0.8588,0.8773,0.0,,121524.0,121524.0,56666.8,1046320.0,1046320.0,3.12,9.78,8.0,0.0000,-0.43539511556323557,1,15,56,2000-07-06
000990.SZ,2022-12-23,8.53,8.61,8.72,8.52,8.61,0.0,0.0,45653.0,39330.2,0.3757,0.8056,0.77,10.3756,,0.6093,0.8588,0.8773,0.0,,121524.0,121524.0,56666.8,1046320.0,1046320.0,3.12,9.47,7.75,0.0000,-0.19081298834573338,1,15,56,2000-07-06
000990.SZ,2022-12-26,8.6,8.69,8.7,8.6,8.61,0.08,0.9292,27974.4,24235.6,0.2302,0.4937,0.48,10.472,,0.615,0.8668,0.8854,0.0,,121524.0,121524.0,56666.8,1056040.0,1056040.0,3.12,9.47,7.75,0.0000,0.2035357009128965,1,15,56,2000-07-06
000990.SZ,2022-12-27,8.71,8.73,8.75,8.66,8.69,0.04,0.4603,24847.0,21624.5,0.2045,0.4385,0.55,10.5202,,0.6178,0.8707,0.8895,0.0,,121524.0,121524.0,56666.8,1060900.0,1060900.0,3.12,9.56,7.82,0.0000,0.12946528582953032,1,15,56,2000-07-06
000990.SZ,2022-12-28,8.71,8.65,8.72,8.63,8.73,-0.08,-0.9164,24659.0,21350.6,0.2029,0.4352,0.59,10.4238,,0.6121,0.8628,0.8814,0.0,,121524.0,121524.0,56666.8,1051180.0,1051180.0,3.12,9.6,7.86,0.0000,0.15951828004849591,1,15,56,2000-07-06
000990.SZ,2022-12-29,8.66,8.61,8.7,8.59,8.65,-0.04,-0.4624,20548.5,17748.9,0.1691,0.3626,0.53,10.3756,,0.6093,0.8588,0.8773,0.0,,121524.0,121524.0,56666.8,1046320.0,1046320.0,3.12,9.52,7.79,0.0000,0.05241950969077249,1,15,56,2000-07-06
000990.SZ,2022-12-30,8.66,8.8,8.8,8.6,8.61,0.19,2.2067,36205.5,31478.0,0.2979,0.6389,1.26,10.6046,,0.6227,0.8777,0.8966,0.0,,121524.0,121524.0,56666.8,1069410.0,1069410.0,3.12,9.47,7.75,0.0000,0.4150698754096493,1,15,56,2000-07-06
000990.SZ,2023-01-03,8.8,8.99,9.14,8.74,8.8,0.19,2.1591,87218.6,78257.9,0.7177,1.5391,3.25,10.8335,,0.6362,0.8967,0.916,0.0,,121524.0,121524.0,56666.8,1092500.0,1092500.0,3.12,9.68,7.92,0.0000,0.03464921027463095,1,15,56,2000-07-06
000990.SZ,2023-01-04,9.01,8.95,9.04,8.89,8.99,-0.04,-0.4449,44092.4,39425.3,0.3628,0.7781,1.14,10.7853,,0.6334,0.8927,0.9119,0.0,,121524.0,121524.0,56666.8,1087640.0,1087640.0,3.12,9.89,8.09,0.0000,-0.26184595944813277,1,15,56,2000-07-06
000990.SZ,2023-01-05,8.98,8.97,8.98,8.92,8.95,0.02,0.2235,28634.0,25650.0,0.2356,0.5053,0.67,10.8094,,0.6348,0.8947,0.914,0.0,,121524.0,121524.0,56666.8,1090070.0,1090070.0,3.12,9.85,8.06,0.0000,0.14600032197945176,1,15,56,2000-07-06
000990.SZ,2023-01-06,8.93,9.0,9.18,8.93,8.97,0.03,0.3344,77429.4,70028.2,0.6372,1.3664,1.79,10.8456,,0.6369,0.8977,0.917,0.0,,121524.0,121524.0,56666.8,1093710.0,1093710.0,3.12,9.87,8.07,0.0000,-0.17652139829296962,1,15,56,2000-07-06
000990.SZ,2023-01-09,9.02,9.04,9.11,8.96,9.0,0.04,0.4444,63943.4,57765.9,0.5262,1.1284,1.17,10.8938,,0.6397,0.9017,0.9211,0.0,,121524.0,121524.0,56666.8,1098570.0,1098570.0,3.12,9.9,8.1,0.0000,0.03689832482276845,1,15,56,2000-07-06
000990.SZ,2023-01-10,9.05,8.92,9.05,8.91,9.04,-0.12,-1.3274,43858.6,39210.0,0.3609,0.774,0.73,10.7492,,0.6312,0.8897,0.9089,0.0,,121524.0,121524.0,56666.8,1083990.0,1083990.0,3.12,9.94,8.14,0.0000,-0.10432168483921274,1,15,56,2000-07-06
000990.SZ,2023-01-11,8.9,8.82,8.95,8.81,8.92,-0.1,-1.1211,31988.0,28420.0,0.2632,0.5645,0.62,10.6287,,0.6242,0.8797,0.8987,0.0,,121524.0,121524.0,56666.8,1071840.0,1071840.0,3.12,9.81,8.03,0.0000,-0.01575213880889839,1,15,56,2000-07-06
000990.SZ,2023-01-12,8.77,8.85,8.89,8.77,8.82,0.03,0.3401,21720.5,19201.9,0.1787,0.3833,0.44,10.6648,,0.6263,0.8827,0.9017,0.0,,121524.0,121524.0,56666.8,1075490.0,1075480.0,3.12,9.7,7.94,0.0000,-0.02018705908614184,1,15,56,2000-07-06
000990.SZ,2023-01-13,8.88,8.85,8.89,8.8,8.85,0.0,0.0,18423.0,16283.2,0.1516,0.3251,0.39,10.6648,,0.6263,0.8827,0.9017,0.0,,121524.0,121524.0,56666.8,1075490.0,1075480.0,3.12,9.74,7.97,0.0000,-0.04973532543758676,1,15,56,2000-07-06
000990.SZ,2023-01-16,8.85,8.94,8.99,8.85,8.85,0.09,1.0169,31307.1,27968.1,0.2576,0.5525,0.87,10.7733,,0.6327,0.8917,0.9109,0.0,,121524.0,121524.0,56666.8,1086420.0,1086420.0,3.12,9.74,7.97,0.0000,-0.05842917778939594,1,15,56,2000-07-06
000990.SZ,2023-01-17,9.04,8.95,9.04,8.88,8.94,0.01,0.1119,22485.8,20112.5,0.185,0.3968,0.76,10.7853,,0.6334,0.8927,0.9119,0.0,,121524.0,121524.0,56666.8,1087640.0,1087640.0,3.12,9.83,8.05,0.0000,-0.017141806154833853,1,15,56,2000-07-06
000990.SZ,2023-01-18,8.93,8.94,8.99,8.93,8.95,-0.01,-0.1117,20189.4,18083.2,0.1661,0.3563,0.8,10.7733,,0.6327,0.8917,0.9109,0.0,,121524.0,121524.0,56666.8,1086420.0,1086420.0,3.12,9.85,8.06,0.0000,-0.29946279768074924,1,15,56,2000-07-06
000990.SZ,2023-01-19,8.93,9.03,9.03,8.91,8.94,0.09,1.0067,34347.6,30834.1,0.2826,0.6061,1.5,10.8817,,0.639,0.9007,0.9201,0.0,,121524.0,121524.0,56666.8,1097360.0,1097360.0,3.12,9.83,8.05,0.0000,0.011957661410091566,1,15,56,2000-07-06
000990.SZ,2023-01-20,9.04,9.08,9.09,9.02,9.03,0.05,0.5537,41342.4,37430.3,0.3402,0.7296,1.63,10.942,,0.6426,0.9056,0.9252,0.0,,121524.0,121524.0,56666.8,1103440.0,1103430.0,3.12,9.93,8.13,0.0000,-0.09301352393546727,1,15,56,2000-07-06
000990.SZ,2023-01-30,9.15,9.2,9.25,9.11,9.08,0.12,1.3216,79954.4,73606.5,0.6579,1.411,2.67,11.0866,,0.6511,0.9176,0.9374,0.0,,121524.0,121524.0,56666.8,1118020.0,1118020.0,3.12,9.99,8.17,0.0000,-0.3253080197249857,1,15,56,2000-07-06
000990.SZ,2023-01-31,9.2,9.21,9.22,9.15,9.2,0.01,0.1087,37797.0,34771.4,0.311,0.667,0.95,11.0986,,0.6518,0.9186,0.9384,0.0,,121524.0,121524.0,56666.8,1119230.0,1119230.0,3.12,10.12,8.28,0.0000,-0.41732239919377545,1,15,56,2000-07-06
000990.SZ,2023-02-01,9.25,9.28,9.29,9.2,9.21,0.07,0.76,52192.0,48347.4,0.4295,0.921,1.22,11.183,,0.6567,0.9256,0.9456,0.0,,121524.0,121524.0,56666.8,1127740.0,1127740.0,3.12,10.13,8.29,0.0000,-0.3858358923791264,1,15,56,2000-07-06
000990.SZ,2023-02-02,9.32,9.33,9.35,9.25,9.28,0.05,0.5388,50263.7,46795.4,0.4136,0.887,1.02,11.2432,,0.6603,0.9306,0.9506,0.0,,121524.0,121524.0,56666.8,1133820.0,1133820.0,3.12,10.21,8.35,0.0000,-0.29873111564067495,1,15,56,2000-07-06
000990.SZ,2023-02-03,9.36,9.28,9.37,9.17,9.33,-0.05,-0.5359,53912.0,49980.8,0.4436,0.9514,1.03,11.183,,0.6567,0.9256,0.9456,0.0,,121524.0,121524.0,56666.8,1127740.0,1127740.0,3.12,10.26,8.4,0.0000,-0.22137640641197312,1,15,56,2000-07-06
000990.SZ,2023-02-06,9.26,9.23,9.29,9.18,9.28,-0.05,-0.5388,38455.0,35482.4,0.3164,0.6786,0.7,11.1227,,0.6532,0.9206,0.9405,0.0,,121524.0,121524.0,56666.8,1121660.0,1121660.0,3.12,10.21,8.35,0.0000,-0.24098409650635788,1,15,56,2000-07-06
000990.SZ,2023-02-07,9.29,9.3,9.3,9.2,9.23,0.07,0.7584,43310.0,40086.9,0.3564,0.7643,0.93,11.2071,,0.6581,0.9276,0.9476,0.0,,121524.0,121524.0,56666.8,1130170.0,1130170.0,3.12,10.15,8.31,0.0000,-0.14696633810645673,1,15,56,2000-07-06
000990.SZ,2023-02-08,9.32,9.24,9.33,9.23,9.3,-0.06,-0.6452,30106.0,27917.2,0.2477,0.5313,0.63,11.1348,,0.6539,0.9216,0.9415,0.0,,121524.0,121524.0,56666.8,1122880.0,1122880.0,3.12,10.23,8.37,0.0000,-0.1692048706195151,1,15,56,2000-07-06
000990.SZ,2023-02-09,9.24,9.34,9.35,9.21,9.24,0.1,1.0823,40941.0,38092.5,0.3369,0.7225,0.95,11.2553,,0.661,0.9316,0.9517,0.0,,121524.0,121524.0,56666.8,1135030.0,1135030.0,3.12,10.16,8.32,0.0000,-0.036614267968275785,1,15,56,2000-07-06
000990.SZ,2023-02-10,9.35,9.4,9.5,9.3,9.34,0.06,0.6424,57732.0,54271.6,0.4751,1.0188,1.4,11.3276,,0.6652,0.9376,0.9578,0.0,,121524.0,121524.0,56666.8,1142320.0,1142320.0,3.12,10.27,8.41,0.0000,0.24479487636228314,1,15,56,2000-07-06
000990.SZ,2023-02-13,9.44,9.95,10.34,9.36,9.4,0.55,5.8511,546333.0,551019.0,4.4957,9.6411,12.97,11.9904,,0.7041,0.9924,1.0138,0.0,,121524.0,121524.0,56666.8,1209160.0,1209160.0,3.12,10.34,8.46,0.0000,0.12853062612383817,1,15,56,2000-07-06
000990.SZ,2023-02-14,9.9,9.68,9.92,9.64,9.95,-0.27,-2.7136,511245.0,497572.0,4.207,9.022,3.56,11.665,,0.685,0.9655,0.9863,0.0,,121524.0,121524.0,56666.8,1176350.0,1176350.0,3.12,10.95,8.96,0.0000,-0.3271771808988421,1,15,56,2000-07-06
000990.SZ,2023-02-15,9.75,9.64,9.81,9.6,9.68,-0.04,-0.4132,251285.0,242694.0,2.0678,4.4344,1.06,11.6168,,0.6822,0.9615,0.9822,0.0,,121524.0,121524.0,56666.8,1171490.0,1171490.0,3.12,10.65,8.71,0.0000,-0.14296680393785133,1,15,56,2000-07-06
000990.SZ,2023-02-16,9.65,9.37,9.7,9.28,9.64,-0.27,-2.8008,266925.0,254513.0,2.1965,4.7104,0.95,11.2915,,0.6631,0.9346,0.9547,0.0,,121524.0,121524.0,56666.8,1138680.0,1138680.0,3.12,10.6,8.68,0.0000,-0.1462995575323536,1,15,56,2000-07-06
000990.SZ,2023-02-17,9.31,9.42,9.57,9.31,9.37,0.05,0.5336,130521.0,123268.0,1.074,2.3033,0.4,11.3517,,0.6666,0.9396,0.9598,0.0,,121524.0,121524.0,56666.8,1144750.0,1144750.0,3.12,10.31,8.43,0.0000,0.09306859049755474,1,15,56,2000-07-06
000990.SZ,2023-02-20,9.45,9.42,9.46,9.3,9.42,0.0,0.0,120456.0,112925.0,0.9912,2.1257,0.35,11.3517,,0.6666,0.9396,0.9598,0.0,,121524.0,121524.0,56666.8,1144750.0,1144750.0,3.12,10.36,8.48,0.0000,-0.10934708637309887,1,15,56,2000-07-06
000990.SZ,2023-02-21,9.43,9.49,9.53,9.38,9.42,0.07,0.7431,107973.0,102230.0,0.8885,1.9054,0.42,11.4361,,0.6716,0.9465,0.9669,0.0,,121524.0,121524.0,56666.8,1153260.0,1153260.0,3.12,10.36,8.48,0.0000,-0.11221724830020834,1,15,56,2000-07-06
000990.SZ,2023-02-22,9.44,9.43,9.48,9.41,9.49,-0.06,-0.6322,73312.9,69176.5,0.6033,1.2938,0.42,11.3638,,0.6673,0.9406,0.9608,0.0,,121524.0,121524.0,56666.8,1145970.0,1145970.0,3.12,10.44,8.54,0.0000,-0.13539894827045657,1,15,56,2000-07-06
000990.SZ,2023-02-23,9.44,9.34,9.48,9.32,9.43,-0.09,-0.9544,92081.5,86453.2,0.7577,1.625,0.66,11.2553,,0.661,0.9316,0.9517,0.0,,121524.0,121524.0,56666.8,1135030.0,1135030.0,3.12,10.37,8.49,0.0000,-0.10033565972853202,1,15,56,2000-07-06
000990.SZ,2023-02-24,9.35,9.32,9.37,9.26,9.34,-0.02,-0.2141,57629.0,53688.1,0.4742,1.017,0.55,11.2312,,0.6595,0.9296,0.9496,0.0,,121524.0,121524.0,56666.8,1132600.0,1132600.0,3.12,10.27,8.41,0.0000,-0.33921037905065515,1,15,56,2000-07-06
000990.SZ,2023-02-27,9.34,9.4,9.45,9.31,9.32,0.08,0.8584,80213.3,75288.7,0.6601,1.4155,0.89,11.3276,,0.6652,0.9376,0.9578,0.0,,121524.0,121524.0,56666.8,1142320.0,1142320.0,3.12,10.25,8.39,0.0000,0.26224826734533435,1,15,56,2000-07-06
000990.SZ,2023-02-28,9.36,9.35,9.39,9.27,9.4,-0.05,-0.5319,75782.3,70676.2,0.6236,1.3373,0.92,11.2673,,0.6617,0.9326,0.9527,0.0,,121524.0,121524.0,56666.8,1136250.0,1136250.0,3.12,10.34,8.46,0.0000,-0.14263256315832823,1,15,56,2000-07-06
000990.SZ,2023-03-01,9.37,9.43,9.44,9.33,9.35,0.08,0.8556,83678.8,78661.8,0.6886,1.4767,1.1,11.3638,,0.6673,0.9406,0.9608,0.0,,121524.0,121524.0,56666.8,1145970.0,1145970.0,3.12,10.29,8.42,0.0000,-0.07601237406601874,1,15,56,2000-07-06
000990.SZ,2023-03-02,9.43,9.42,9.47,9.39,9.43,-0.01,-0.106,66880.0,63040.7,0.5503,1.1802,0.86,11.3517,,0.6666,0.9396,0.9598,0.0,,121524.0,121524.0,56666.8,1144750.0,1144750.0,3.12,10.37,8.49,0.0000,-0.08955991587303887,1,15,56,2000-07-06
000990.SZ,2023-03-03,9.43,9.45,9.46,9.38,9.42,0.03,0.3185,61162.9,57635.6,0.5033,1.0793,0.84,11.3879,,0.6687,0.9426,0.9629,0.0,,121524.0,121524.0,56666.8,1148400.0,1148400.0,3.12,10.36,8.48,0.0000,0.0022925858882145525,1,15,56,2000-07-06
000990.SZ,2023-03-06,9.46,9.46,9.49,9.41,9.45,0.01,0.1058,68797.8,65033.1,0.5661,1.2141,0.94,11.3999,,0.6695,0.9436,0.9639,0.0,,121524.0,121524.0,56666.8,1149610.0,1149610.0,3.12,10.4,8.51,0.0000,-0.07807809795310819,1,15,56,2000-07-06
000990.SZ,2023-03-07,9.49,9.3,9.49,9.27,9.46,-0.16,-1.6913,74398.8,69831.2,0.6122,1.3129,1.04,11.2071,,0.6581,0.9276,0.9476,0.0,,121524.0,121524.0,56666.8,1130170.0,1130170.0,3.12,10.41,8.51,0.0000,-0.24073459480614928,1,15,56,2000-07-06
000990.SZ,2023-03-08,9.28,9.31,9.34,9.24,9.3,0.01,0.1075,51422.8,47763.8,0.4232,0.9075,0.72,11.2191,,0.6588,0.9286,0.9486,0.0,,121524.0,121524.0,56666.8,1131390.0,1131390.0,3.12,10.23,8.37,0.0000,-0.0452241069047151,1,15,56,2000-07-06
000990.SZ,2023-03-09,9.31,9.39,9.43,9.31,9.31,0.08,0.8593,64203.1,60255.6,0.5283,1.133,0.99,11.3156,,0.6645,0.9366,0.9568,0.0,,121524.0,121524.0,56666.8,1141110.0,1141110.0,3.12,10.24,8.38,0.0000,-0.23986315586808027,1,15,56,2000-07-06
000990.SZ,2023-03-10,9.35,9.3,9.39,9.25,9.39,-0.09,-0.9585,60962.6,56660.9,0.5017,1.0758,0.95,11.2071,,0.6581,0.9276,0.9476,0.0,,121524.0,121524.0,56666.8,1130170.0,1130170.0,3.12,10.33,8.45,0.0000,-0.1584035364967064,1,15,56,2000-07-06
000990.SZ,2023-03-13,9.25,9.18,9.29,9.16,9.3,-0.12,-1.2903,72663.6,66921.8,0.5979,1.2823,1.14,11.0625,,0.6496,0.9156,0.9354,0.0,,121524.0,121524.0,56666.8,1115590.0,1115590.0,3.12,10.23,8.37,0.0000,-0.4049507054786528,1,15,56,2000-07-06
000990.SZ,2023-03-14,9.19,9.09,9.2,9.01,9.18,-0.09,-0.9804,70252.0,63886.3,0.5781,1.2397,1.09,10.954,,0.6433,0.9066,0.9262,0.0,,121524.0,121524.0,56666.8,1104650.0,1104650.0,3.12,10.1,8.26,0.0000,-0.24822311839873848,1,15,56,2000-07-06
000990.SZ,2023-03-15,9.08,9.09,9.15,9.06,9.09,0.0,0.0,131449.0,119525.0,1.0817,2.3197,2.06,10.954,,0.6433,0.9066,0.9262,0.0,,121524.0,121524.0,56666.8,1104650.0,1104650.0,3.12,10.0,8.18,0.0000,-0.4914780088668276,1,15,56,2000-07-06
000990.SZ,2023-03-16,9.06,8.97,9.06,8.95,9.09,-0.12,-1.3201,84137.6,75848.6,0.6924,1.4848,1.05,10.8094,,0.6348,0.8947,0.914,0.0,,121524.0,121524.0,56666.8,1090070.0,1090070.0,3.12,10.0,8.18,0.0000,-0.2831532983471633,1,15,56,2000-07-06
000990.SZ,2023-03-17,9.05,9.01,9.06,8.99,8.97,0.04,0.4459,65094.7,58762.8,0.5357,1.1487,0.78,10.8576,,0.6376,0.8987,0.918,0.0,,121524.0,121524.0,56666.8,1094930.0,1094930.0,3.12,9.87,8.07,0.0000,-0.16697835598871227,1,15,56,2000-07-06
000990.SZ,2023-03-20,9.01,8.91,9.06,8.9,9.01,-0.1,-1.1099,63912.3,57252.3,0.5259,1.1279,0.75,10.7371,,0.6305,0.8887,0.9079,0.0,,121524.0,121524.0,56666.8,1082780.0,1082780.0,3.12,9.91,8.11,0.0000,-0.3091835336430269,1,15,56,2000-07-06
000990.SZ,2023-03-21,8.96,9.01,9.01,8.91,8.91,0.1,1.1223,38700.9,34704.7,0.3185,0.683,0.47,10.8576,,0.6376,0.8987,0.918,0.0,,121524.0,121524.0,56666.8,1094930.0,1094930.0,3.12,9.8,8.02,0.0000,0.035816428966593164,1,15,56,2000-07-06
000990.SZ,2023-03-22,9.04,9.02,9.08,9.01,9.01,0.01,0.111,62989.0,56955.2,0.5183,1.1116,0.82,10.8697,,0.6383,0.8997,0.9191,0.0,,121524.0,121524.0,56666.8,1096140.0,1096140.0,3.12,9.91,8.11,0.0000,0.07920829066980745,1,15,56,2000-07-06
000990.SZ,2023-03-23,9.02,9.05,9.07,8.98,9.02,0.03,0.3326,58576.1,52877.5,0.482,1.0337,0.93,10.9058,,0.6404,0.9027,0.9221,0.0,,121524.0,121524.0,56666.8,1099790.0,1099790.0,3.12,9.92,8.12,0.0000,-0.076596636201482,1,15,56,2000-07-06
000990.SZ,2023-03-24,9.03,9.09,9.1,9.01,9.05,0.04,0.442,67276.1,60887.3,0.5536,1.1872,1.16,10.954,,0.6433,0.9066,0.9262,0.0,,121524.0,121524.0,56666.8,1104650.0,1104650.0,3.12,9.96,8.15,0.0000,0.02138649577762603,1,15,56,2000-07-06
000990.SZ,2023-03-27,9.1,9.16,9.18,9.06,9.09,0.07,0.7701,99528.9,90795.7,0.819,1.7564,1.71,210.508,210.508,0.6301,0.95,0.95,0.0,,121524.0,121524.0,56666.8,1113160.0,1113160.0,3.12,10.0,8.18,0.0000,-0.07101593224842842,1,15,56,2000-07-06
000990.SZ,2023-03-28,9.15,9.06,9.16,9.04,9.16,-0.1,-1.0917,83747.7,76051.8,0.6891,1.4779,1.28,208.21,208.21,0.6232,0.9396,0.9396,0.0,,121524.0,121524.0,56666.8,1101010.0,1101000.0,3.12,10.08,8.24,0.0000,0.046936971457897346,1,15,56,2000-07-06
000990.SZ,2023-03-29,9.06,9.03,9.11,8.96,9.06,-0.03,-0.3311,58663.0,52956.2,0.4827,1.0352,0.79,207.52,207.52,0.6212,0.9365,0.9365,0.0,,121524.0,121524.0,56666.8,1097360.0,1097360.0,3.12,9.97,8.15,0.0000,0.1051354879928545,1,15,56,2000-07-06
000990.SZ,2023-03-30,9.04,9.03,9.06,8.97,9.03,0.0,0.0,44828.5,40396.7,0.3689,0.7911,0.61,207.52,207.52,0.6212,0.9365,0.9365,0.0,,121524.0,121524.0,56666.8,1097360.0,1097360.0,3.12,9.93,8.13,0.0000,0.05795708885764468,1,15,56,2000-07-06
000990.SZ,2023-03-31,8.98,9.03,9.08,8.98,9.03,0.0,0.0,47461.3,42867.0,0.3906,0.8375,0.67,207.52,207.52,0.6212,0.9365,0.9365,0.0,,121524.0,121524.0,56666.8,1097360.0,1097360.0,3.12,9.93,8.13,0.0000,0.14029195905206487,1,15,56,2000-07-06
000990.SZ,2023-04-03,9.05,9.18,9.3,9.05,9.03,0.15,1.6611,121298.0,111616.0,0.9981,2.1405,1.81,210.967,210.967,0.6315,0.9521,0.9521,0.0,,121524.0,121524.0,56666.8,1115590.0,1115590.0,3.12,9.93,8.13,0.0000,-0.2893790286738839,1,15,56,2000-07-06
000990.SZ,2023-04-04,9.15,9.04,9.18,9.01,9.18,-0.14,-1.5251,93788.1,85065.4,0.7718,1.6551,1.32,207.75,207.75,0.6219,0.9376,0.9376,0.0,,121524.0,121524.0,56666.8,1098570.0,1098570.0,3.12,10.1,8.26,0.0000,-0.19786197637109754,1,15,56,2000-07-06
000990.SZ,2023-04-06,9.03,9.01,9.05,8.98,9.04,-0.03,-0.3319,60052.0,54130.9,0.4942,1.0597,0.82,207.061,207.061,0.6198,0.9345,0.9345,0.0,,121524.0,121524.0,56666.8,1094930.0,1094930.0,3.12,9.94,8.14,0.0000,0.06436130107927572,1,15,56,2000-07-06
000990.SZ,2023-04-07,9.02,9.02,9.04,8.99,9.01,0.01,0.111,60019.2,54121.6,0.4939,1.0592,0.82,207.29,207.29,0.6205,0.9355,0.9355,0.0,,121524.0,121524.0,56666.8,1096140.0,1096140.0,3.12,9.91,8.11,0.0000,-0.06618997297291564,1,15,56,2000-07-06
000990.SZ,2023-04-10,9.03,8.91,9.03,8.87,9.02,-0.11,-1.2195,96902.0,86553.0,0.7974,1.71,1.27,204.763,204.763,0.6129,0.9241,0.9241,0.0,,121524.0,121524.0,56666.8,1082780.0,1082780.0,3.12,9.92,8.12,0.0000,-0.09882803107129041,1,15,56,2000-07-06
000990.SZ,2023-04-11,8.89,8.92,8.94,8.83,8.91,0.01,0.1122,51173.0,45491.1,0.4211,0.9031,0.59,204.992,204.992,0.6136,0.9251,0.9251,0.0,,121524.0,121524.0,56666.8,1083990.0,1083990.0,3.12,9.8,8.02,0.0000,0.2670413688920766,1,15,56,2000-07-06
000990.SZ,2023-04-12,8.95,8.96,9.01,8.92,8.92,0.04,0.4484,53381.8,47844.2,0.4393,0.942,0.74,205.912,205.912,0.6163,0.9293,0.9293,0.0,,121524.0,121524.0,56666.8,1088850.0,1088850.0,3.12,9.81,8.03,0.0000,-0.058195895935731067,1,15,56,2000-07-06
000990.SZ,2023-04-13,8.95,9.19,9.29,8.95,8.96,0.23,2.567,191748.0,175556.0,1.5779,3.3838,2.98,211.197,211.197,0.6322,0.9531,0.9531,0.0,,121524.0,121524.0,56666.8,1116800.0,1116800.0,3.12,9.86,8.06,0.0000,0.07833420321866162,1,15,56,2000-07-06
000990.SZ,2023-04-14,9.18,9.07,9.19,9.02,9.19,-0.12,-1.3058,95162.9,86489.7,0.7831,1.6793,1.05,208.44,208.44,0.6239,0.9407,0.9407,0.0,,121524.0,121524.0,56666.8,1102220.0,1102220.0,3.12,10.11,8.27,0.0000,0.1184679198904353,1,15,56,2000-07-06
000990.SZ,2023-04-17,8.93,8.72,8.93,8.6,9.07,-0.35,-3.8589,180829.0,157849.0,1.488,3.1911,1.85,200.396,,0.6033,0.9044,0.9039,0.0,,121524.0,121524.0,56666.8,1059690.0,1059690.0,3.12,9.98,8.16,0.0000,-0.07422749439587277,1,15,56,2000-07-06
000990.SZ,2023-04-18,8.78,8.71,8.8,8.68,8.72,-0.01,-0.1147,60071.9,52296.9,0.4943,1.0601,0.52,200.166,,0.6026,0.9033,0.9029,0.0,,121524.0,121524.0,56666.8,1058470.0,1058470.0,3.12,9.59,7.85,0.0000,0.0287034385922145,1,15,56,2000-07-06
000990.SZ,2023-04-19,8.76,8.69,8.76,8.68,8.71,-0.02,-0.2296,65365.2,56871.6,0.5379,1.1535,0.56,199.707,,0.6012,0.9013,0.9008,0.0,,121524.0,121524.0,56666.8,1056040.0,1056040.0,3.12,9.58,7.84,0.0000,-0.16142870288391575,1,15,56,2000-07-06
000990.SZ,2023-04-20,8.7,8.55,8.71,8.53,8.69,-0.14,-1.611,90040.0,77283.9,0.7409,1.5889,0.76,196.489,,0.5915,0.8867,0.8863,0.0,,121524.0,121524.0,56666.8,1039030.0,1039030.0,3.12,9.56,7.82,0.0000,-0.27866554312048253,1,15,56,2000-07-06
000990.SZ,2023-04-21,8.55,8.36,8.56,8.36,8.55,-0.19,-2.2222,91710.0,77531.0,0.7547,1.6184,0.93,192.123,,0.5784,0.867,0.8666,0.0,,121524.0,121524.0,56666.8,1015940.0,1015940.0,3.12,9.41,7.7,0.0000,-0.1597379008137134,1,15,56,2000-07-06
000990.SZ,2023-04-24,8.36,8.23,8.38,8.16,8.36,-0.13,-1.555,102798.0,84533.3,0.8459,1.8141,1.05,189.135,,0.5694,0.8536,0.8531,0.0,,121524.0,121524.0,56666.8,1000140.0,1000140.0,3.12,9.2,7.52,0.0000,0.0075349717833248925,1,15,56,2000-07-06
000990.SZ,2023-04-25,8.25,8.1,8.27,7.97,8.23,-0.13,-1.5796,81002.4,65653.8,0.6666,1.4294,0.99,186.148,,0.5604,0.8401,0.8397,0.0,,121524.0,121524.0,56666.8,984342.0,984342.0,3.12,9.05,7.41,0.0000,-0.34470453046056604,1,15,56,2000-07-06
000990.SZ,2023-04-26,8.08,8.13,8.2,8.02,8.1,0.03,0.3704,66871.7,54411.5,0.5503,1.1801,0.78,186.837,,0.5625,0.8432,0.8428,0.0,,121524.0,121524.0,56666.8,987988.0,987987.0,3.12,8.91,7.29,0.0000,-0.20442241092866645,1,15,56,2000-07-06
000990.SZ,2023-04-27,8.1,8.15,8.19,8.07,8.13,0.02,0.246,53226.7,43282.4,0.438,0.9393,0.62,187.297,,0.5638,0.8453,0.8448,0.0,,121524.0,121524.0,56666.8,990419.0,990418.0,3.12,8.94,7.32,0.0000,0.07041691788527575,1,15,56,2000-07-06
000990.SZ,2023-04-28,8.15,8.23,8.24,8.11,8.15,0.08,0.9816,39265.7,32199.6,0.3231,0.6929,0.5,189.135,,0.5694,0.8536,0.8531,0.0,,121524.0,121524.0,56666.8,1000140.0,1000140.0,3.12,8.97,7.34,0.0000,-0.33611070839313284,1,15,56,2000-07-06
000990.SZ,2023-05-04,8.18,8.31,8.36,8.16,8.23,0.08,0.9721,69705.9,57784.0,0.5736,1.2301,1.02,190.974,,0.5749,0.8619,0.8614,0.0,,121524.0,121524.0,56666.8,1009860.0,1009860.0,3.12,9.05,7.41,0.0000,-0.14145932003431816,1,15,56,2000-07-06
000990.SZ,2023-05-05,8.34,8.31,8.42,8.25,8.31,0.0,0.0,49037.8,40780.1,0.4035,0.8654,0.79,190.974,,0.5749,0.8619,0.8614,0.0,,121524.0,121524.0,56666.8,1009860.0,1009860.0,3.12,9.14,7.48,0.0000,0.1004442989993768,1,15,56,2000-07-06
000990.SZ,2023-05-08,8.31,8.38,8.42,8.28,8.31,0.07,0.8424,56569.4,47267.1,0.4655,0.9983,1.02,192.583,,0.5798,0.8691,0.8687,0.0,,121524.0,121524.0,56666.8,1018370.0,1018370.0,3.12,9.14,7.48,0.0000,-0.09907406014890942,1,15,56,2000-07-06
000990.SZ,2023-05-09,8.37,8.39,8.46,8.35,8.38,0.01,0.1193,64173.3,53917.2,0.5281,1.1325,1.2,192.812,,0.5805,0.8702,0.8697,0.0,,121524.0,121524.0,56666.8,1019580.0,1019580.0,3.12,9.22,7.54,0.0000,0.07687191573721466,1,15,56,2000-07-06
000990.SZ,2023-05-10,8.36,8.37,8.45,8.36,8.39,-0.02,-0.2384,37550.0,31559.3,0.309,0.6626,0.67,192.353,,0.5791,0.8681,0.8676,0.0,,121524.0,121524.0,56666.8,1017150.0,1017150.0,3.12,9.23,7.55,0.0000,-0.42614273130462144,1,15,56,2000-07-06
000990.SZ,2023-05-11,8.37,8.39,8.41,8.36,8.37,0.02,0.2389,35157.5,29463.9,0.2893,0.6204,0.63,192.812,,0.5805,0.8702,0.8697,0.0,,121524.0,121524.0,56666.8,1019580.0,1019580.0,3.12,9.21,7.53,0.0000,-0.34706572123464585,1,15,56,2000-07-06
000990.SZ,2023-05-12,8.39,8.34,8.41,8.31,8.39,-0.05,-0.5959,32996.0,27542.6,0.2715,0.5823,0.68,191.663,,0.577,0.865,0.8645,0.0,,121524.0,121524.0,56666.8,1013510.0,1013510.0,3.12,9.23,7.55,0.0000,0.004721701228734449,1,15,56,2000-07-06
000990.SZ,2023-05-15,8.35,8.33,8.35,8.19,8.34,-0.01,-0.1199,40573.0,33528.3,0.3339,0.716,0.9,191.434,,0.5763,0.8639,0.8635,0.0,,121524.0,121524.0,56666.8,1012290.0,1012290.0,3.12,9.17,7.51,0.0000,-0.3678003299568769,1,15,56,2000-07-06
000990.SZ,2023-05-16,8.32,8.25,8.32,8.22,8.33,-0.08,-0.9604,34057.0,28162.9,0.2802,0.601,0.81,189.595,,0.5708,0.8556,0.8552,0.0,,121524.0,121524.0,56666.8,1002570.0,1002570.0,3.12,9.16,7.5,0.0000,-0.5362075052747265,1,15,56,2000-07-06
000990.SZ,2023-05-17,8.24,8.33,8.36,8.2,8.25,0.08,0.9697,37731.0,31239.6,0.3105,0.6658,1.05,191.434,,0.5763,0.8639,0.8635,0.0,,121524.0,121524.0,56666.8,1012290.0,1012290.0,3.12,9.08,7.43,0.0000,-0.21843724638812004,1,15,56,2000-07-06
000990.SZ,2023-05-18,8.33,8.27,8.35,8.23,8.33,-0.06,-0.7203,37275.0,30902.3,0.3067,0.6578,1.03,190.055,,0.5722,0.8577,0.8573,0.0,,121524.0,121524.0,56666.8,1005000.0,1005000.0,3.12,9.16,7.5,0.0000,-0.3328008936246186,1,15,56,2000-07-06
000990.SZ,2023-05-19,8.25,8.26,8.3,8.22,8.27,-0.01,-0.1209,38760.0,32015.9,0.319,0.684,1.06,189.825,,0.5715,0.8567,0.8562,0.0,,121524.0,121524.0,56666.8,1003790.0,1003790.0,3.12,9.1,7.44,0.0000,-0.5066919368876259,1,15,56,2000-07-06
000990.SZ,2023-05-22,8.31,8.23,8.31,8.21,8.26,-0.03,-0.3632,35144.0,28938.4,0.2892,0.6202,0.93,189.135,,0.5694,0.8536,0.8531,0.0,,121524.0,121524.0,56666.8,1000140.0,1000140.0,3.12,9.09,7.43,0.0000,-0.13210744214926282,1,15,56,2000-07-06
000990.SZ,2023-05-23,8.22,8.22,8.3,8.22,8.23,-0.01,-0.1215,42378.6,35013.5,0.3487,0.7479,1.16,188.906,,0.5687,0.8525,0.8521,0.0,,121524.0,121524.0,56666.8,998925.0,998924.0,3.12,9.05,7.41,0.0000,-0.023632423596334714,1,15,56,2000-07-06
000990.SZ,2023-05-24,8.21,8.19,8.23,8.14,8.22,-0.03,-0.365,39817.1,32586.8,0.3276,0.7027,1.04,188.216,,0.5666,0.8494,0.849,0.0,,121524.0,121524.0,56666.8,995280.0,995279.0,3.12,9.04,7.4,0.0000,0.07282341737158066,1,15,56,2000-07-06
000990.SZ,2023-05-25,8.15,8.17,8.21,8.08,8.19,-0.02,-0.2442,45491.3,37023.3,0.3743,0.8028,1.18,187.757,,0.5652,0.8473,0.8469,0.0,,121524.0,121524.0,56666.8,992849.0,992848.0,3.12,9.01,7.37,0.0000,-0.026823508748790553,1,15,56,2000-07-06
000990.SZ,2023-05-26,8.16,8.18,8.19,8.11,8.17,0.01,0.1224,31221.3,25452.7,0.2569,0.551,0.77,187.986,,0.5659,0.8484,0.8479,0.0,,121524.0,121524.0,56666.8,994064.0,994064.0,3.12,8.99,7.35,0.0000,-0.014035853679198905,1,15,56,2000-07-06
000990.SZ,2023-05-29,8.16,8.04,8.2,8.0,8.18,-0.14,-1.7115,52498.0,42428.9,0.432,0.9264,1.35,184.769,,0.5562,0.8339,0.8334,0.0,,121524.0,121524.0,56666.8,977051.0,977050.0,3.12,9.0,7.36,0.0000,-0.37179078703163887,1,15,56,2000-07-06
000990.SZ,2023-05-30,8.0,8.03,8.06,7.88,8.04,-0.01,-0.1244,54465.1,43413.1,0.4482,0.9611,1.29,184.539,,0.5555,0.8328,0.8324,0.0,,121524.0,121524.0,56666.8,975836.0,975835.0,3.12,8.84,7.24,0.0000,-0.22963310111162696,1,15,56,2000-07-06
000990.SZ,2023-05-31,7.99,7.89,8.04,7.89,8.03,-0.14,-1.7435,44138.0,35019.9,0.3632,0.7789,0.99,181.322,,0.5459,0.8183,0.8179,0.0,,121524.0,121524.0,56666.8,958822.0,958822.0,3.12,8.83,7.23,0.0000,-0.223089147138708,1,15,56,2000-07-06
000990.SZ,2023-06-01,7.86,7.93,7.97,7.86,7.89,0.04,0.507,52729.6,41783.8,0.4339,0.9305,1.16,182.241,,0.5486,0.8224,0.822,0.0,,121524.0,121524.0,56666.8,963683.0,963683.0,3.12,8.68,7.1,0.0000,-0.1146273222078096,1,15,56,2000-07-06
000990.SZ,2023-06-02,7.93,8.02,8.03,7.93,7.93,0.09,1.1349,42365.4,33825.7,0.3486,0.7476,0.9,184.309,,0.5549,0.8318,0.8314,0.0,,121524.0,121524.0,56666.8,974620.0,974620.0,3.12,8.72,7.14,0.0000,0.1674461838640879,1,15,56,2000-07-06
000990.SZ,2023-06-05,8.01,8.07,8.07,8.0,8.02,0.05,0.6234,34651.7,27875.7,0.2851,0.6115,0.7,185.458,,0.5583,0.837,0.8365,0.0,,121524.0,121524.0,56666.8,980697.0,980696.0,3.12,8.82,7.22,0.0000,-0.828436042227846,1,15,56,2000-07-06
000990.SZ,2023-06-06,8.08,7.92,8.08,7.91,8.07,-0.15,-1.8587,31628.0,25239.8,0.2603,0.5581,0.69,182.011,,0.5479,0.8214,0.821,0.0,,121524.0,121524.0,56666.8,962468.0,962467.0,3.12,8.88,7.26,0.0000,-0.07198859681344838,1,15,56,2000-07-06
000990.SZ,2023-06-07,7.93,7.89,7.96,7.87,7.92,-0.03,-0.3788,44612.2,35236.5,0.3671,0.7873,1.09,181.322,,0.5459,0.8183,0.8179,0.0,,121524.0,121524.0,56666.8,958822.0,958822.0,3.12,8.71,7.13,0.0000,0.43231938856492,1,15,56,2000-07-06
000990.SZ,2023-06-08,7.89,7.91,7.94,7.81,7.89,0.02,0.2535,56082.6,44142.4,0.4615,0.9897,1.36,181.781,,0.5472,0.8204,0.82,0.0,,121524.0,121524.0,56666.8,961253.0,961252.0,3.12,8.68,7.1,0.0000,0.25025922561631664,1,15,56,2000-07-06
000990.SZ,2023-06-09,7.87,7.83,7.93,7.79,7.8,0.03,0.3846,99880.1,78483.7,0.8219,1.7626,2.39,179.943,,0.5459,0.8121,0.8117,0.0,1.4049,121524.0,121524.0,56666.8,951531.0,951530.0,3.164,8.58,7.02,0.0000,-0.18229091113638476,1,15,56,2000-07-06
000990.SZ,2023-06-12,7.82,7.76,7.84,7.74,7.83,-0.07,-0.894,65323.4,50779.1,0.5375,1.1528,1.22,178.334,,0.541,0.8048,0.8044,0.0,1.4175,121524.0,121524.0,56666.8,943024.0,943024.0,3.164,8.61,7.05,0.0000,-0.06812082663292261,1,15,56,2000-07-06
000990.SZ,2023-06-13,7.71,7.66,7.74,7.65,7.76,-0.1,-1.2887,70294.0,53997.1,0.5784,1.2405,1.18,176.036,,0.534,0.7944,0.794,0.0,1.436,121524.0,121524.0,56666.8,930872.0,930871.0,3.164,8.54,6.98,0.0000,-0.3453151116207285,1,15,56,2000-07-06
000990.SZ,2023-06-14,7.66,7.68,7.72,7.65,7.66,0.02,0.2611,39807.8,30590.0,0.3276,0.7025,0.59,176.496,,0.5354,0.7965,0.7961,0.0,1.4323,121524.0,121524.0,56666.8,933302.0,933302.0,3.164,8.43,6.89,0.0000,-0.05769653129831551,1,15,56,2000-07-06
000990.SZ,2023-06-15,7.66,7.69,7.69,7.54,7.68,0.01,0.1302,82813.5,63007.4,0.6815,1.4614,1.25,176.725,,0.5361,0.7976,0.7972,0.0,1.4304,121524.0,121524.0,56666.8,934518.0,934517.0,3.164,8.45,6.91,0.0000,-0.0637870277019946,1,15,56,2000-07-06
000990.SZ,2023-06-16,7.66,7.69,7.72,7.66,7.69,0.0,0.0,47387.0,36462.6,0.3899,0.8362,0.66,176.725,,0.5361,0.7976,0.7972,0.0,1.4304,121524.0,121524.0,56666.8,934518.0,934517.0,3.164,8.46,6.92,0.0000,-0.004960640143005209,1,15,56,2000-07-06
000990.SZ,2023-06-19,7.72,7.58,7.73,7.58,7.69,-0.11,-1.4304,48016.2,36616.2,0.3951,0.8473,0.79,174.198,,0.5284,0.7861,0.7858,0.0,1.4512,121524.0,121524.0,56666.8,921150.0,921149.0,3.164,8.46,6.92,0.0000,-0.3198854242082359,1,15,56,2000-07-06
000990.SZ,2023-06-20,7.56,7.47,7.59,7.47,7.58,-0.11,-1.4512,64120.4,48152.3,0.5276,1.1315,1.11,171.67,,0.5208,0.7747,0.7743,0.0,1.4726,121524.0,121524.0,56666.8,907782.0,907782.0,3.164,8.34,6.82,0.0000,-0.28647875363301006,1,15,56,2000-07-06
000990.SZ,2023-06-21,7.46,7.38,7.5,7.37,7.47,-0.09,-1.2048,58763.7,43619.0,0.4836,1.037,1.04,169.601,,0.5145,0.7654,0.765,0.0,1.4905,121524.0,121524.0,56666.8,896845.0,896845.0,3.164,8.22,6.72,0.0000,-0.40377791425561854,1,15,56,2000-07-06
000990.SZ,2023-06-26,7.37,7.32,7.41,7.28,7.38,-0.06,-0.813,45892.9,33727.1,0.3776,0.8099,0.76,168.223,,0.5103,0.7592,0.7588,0.0,1.5027,121524.0,121524.0,56666.8,889554.0,889553.0,3.164,8.12,6.64,0.0000,-0.21363924994887917,1,15,56,2000-07-06
000990.SZ,2023-06-27,7.35,7.48,7.5,7.31,7.32,0.16,2.1858,44452.6,33169.1,0.3658,0.7845,0.84,171.9,,0.5215,0.7758,0.7754,0.0,1.4706,121524.0,121524.0,56666.8,908998.0,908997.0,3.164,8.05,6.59,0.0000,-0.10614502344508818,1,15,56,2000-07-06
000990.SZ,2023-06-28,7.49,7.51,7.53,7.38,7.48,0.03,0.4011,40220.5,29971.0,0.331,0.7098,0.77,172.589,,0.5236,0.7789,0.7785,0.0,1.4647,121524.0,121524.0,56666.8,912643.0,912643.0,3.164,8.23,6.73,0.0000,0.10884391121667521,1,15,56,2000-07-06
000990.SZ,2023-06-29,7.52,7.47,7.52,7.45,7.51,-0.04,-0.5326,38958.5,29141.2,0.3206,0.6875,0.77,171.67,,0.5208,0.7747,0.7743,0.0,1.4726,121524.0,121524.0,56666.8,907782.0,907782.0,3.164,8.26,6.76,0.0000,0.2874550335217827,1,15,56,2000-07-06
000990.SZ,2023-06-30,7.48,7.62,7.67,7.48,7.47,0.15,2.008,58161.2,44295.1,0.4786,1.0264,1.27,175.117,,0.5312,0.7903,0.7899,0.0,1.4436,121524.0,121524.0,56666.8,926011.0,926010.0,3.164,8.22,6.72,0.0000,0.076821815444412,1,15,56,2000-07-06
000990.SZ,2023-07-03,7.64,7.69,7.72,7.63,7.62,0.07,0.9186,53224.9,40938.2,0.438,0.9393,1.17,176.725,,0.5361,0.7976,0.7972,0.0,1.4304,121524.0,121524.0,56666.8,934518.0,934517.0,3.164,8.38,6.86,0.0000,-0.22623914574667045,1,15,56,2000-07-06
000990.SZ,2023-07-04,7.7,7.69,7.71,7.64,7.69,0.0,0.0,41940.1,32182.1,0.3451,0.7401,0.89,176.725,,0.5361,0.7976,0.7972,0.0,1.4304,121524.0,121524.0,56666.8,934518.0,934517.0,3.164,8.46,6.92,0.0000,0.15180502121590794,1,15,56,2000-07-06
000990.SZ,2023-07-05,7.7,7.7,7.72,7.65,7.69,0.01,0.13,33708.1,25946.9,0.2774,0.5948,0.72,176.955,,0.5368,0.7986,0.7982,0.0,1.4286,121524.0,121524.0,56666.8,935733.0,935732.0,3.164,8.46,6.92,0.0000,-0.1411553891063355,1,15,56,2000-07-06
000990.SZ,2023-07-06,7.68,7.67,7.71,7.62,7.7,-0.03,-0.3896,45892.3,35158.7,0.3776,0.8099,1.02,176.266,,0.5347,0.7955,0.7951,0.0,1.4342,121524.0,121524.0,56666.8,932087.0,932086.0,3.164,8.47,6.93,0.0000,-0.42269598598738156,1,15,56,2000-07-06
000990.SZ,2023-07-07,7.67,7.68,7.7,7.62,7.67,0.01,0.1304,31918.6,24483.6,0.2627,0.5633,0.69,176.496,,0.5354,0.7965,0.7961,0.0,1.4323,121524.0,121524.0,56666.8,933302.0,933302.0,3.164,8.44,6.9,0.0000,-0.5163043720121833,1,15,56,2000-07-06
000990.SZ,2023-07-10,7.69,7.68,7.74,7.65,7.68,0.0,0.0,38106.1,29321.2,0.3136,0.6725,0.92,176.496,,0.5354,0.7965,0.7961,0.0,1.4323,121524.0,121524.0,56666.8,933302.0,933302.0,3.164,8.45,6.91,0.0000,-0.3290641163209489,1,15,56,2000-07-06
000990.SZ,2023-07-11,7.7,7.76,7.76,7.67,7.68,0.08,1.0417,36957.1,28556.3,0.3041,0.6522,0.96,178.334,,0.541,0.8048,0.8044,0.0,1.4175,121524.0,121524.0,56666.8,943024.0,943024.0,3.164,8.45,6.91,0.0000,-0.18723774942494334,1,15,56,2000-07-06
000990.SZ,2023-07-12,7.76,7.76,7.82,7.71,7.76,0.0,0.0,40799.0,31717.7,0.3357,0.72,1.09,178.334,,0.541,0.8048,0.8044,0.0,1.4175,121524.0,121524.0,56666.8,943024.0,943024.0,3.164,8.54,6.98,0.0000,-0.1095431310897714,1,15,56,2000-07-06
000990.SZ,2023-07-13,7.77,7.85,7.87,7.74,7.76,0.09,1.1598,64648.0,50566.9,0.532,1.1408,1.67,180.402,,0.5473,0.8141,0.8137,0.0,1.4013,121524.0,121524.0,56666.8,953961.0,953961.0,3.164,8.54,6.98,0.0000,-0.36264860438876617,1,15,56,2000-07-06
000990.SZ,2023-07-14,7.84,7.85,7.88,7.8,7.85,0.0,0.0,32895.0,25780.8,0.2707,0.5805,0.77,180.402,,0.5473,0.8141,0.8137,0.0,1.4013,121524.0,121524.0,56666.8,953961.0,953961.0,3.164,8.64,7.07,0.0000,-0.2643507805184707,1,15,56,2000-07-06
000990.SZ,2023-07-17,7.85,7.97,8.02,7.8,7.85,0.12,1.5287,74810.0,59305.8,0.6156,1.3202,1.75,183.16,,0.5556,0.8266,0.8262,0.0,1.3802,121524.0,121524.0,56666.8,968544.0,968544.0,3.164,8.64,7.07,0.0000,0.5041751915625571,1,15,56,2000-07-06
000990.SZ,2023-07-18,7.96,7.99,8.03,7.91,7.97,0.02,0.2509,47613.4,37942.9,0.3918,0.8402,0.95,183.62,,0.557,0.8287,0.8283,0.0,1.3767,121524.0,121524.0,56666.8,970975.0,970974.0,3.164,8.77,7.17,0.0000,-0.3826394728860459,1,15,56,2000-07-06
000990.SZ,2023-07-19,7.99,8.05,8.1,7.97,7.99,0.06,0.7509,49811.9,40150.9,0.4099,0.879,0.96,184.999,,0.5612,0.8349,0.8345,0.0,1.3665,121524.0,121524.0,56666.8,978266.0,978266.0,3.164,8.79,7.19,0.0000,-0.11852892197166957,1,15,56,2000-07-06
000990.SZ,2023-07-20,8.05,8.04,8.12,8.02,8.05,-0.01,-0.1242,50344.0,40627.1,0.4143,0.8884,0.93,184.769,,0.5605,0.8339,0.8334,0.0,1.3682,121524.0,121524.0,56666.8,977051.0,977050.0,3.164,8.86,7.25,0.0000,-0.3996215255429514,1,15,56,2000-07-06
000990.SZ,2023-07-21,8.02,8.06,8.11,7.98,8.04,0.02,0.2488,42801.5,34550.9,0.3522,0.7553,0.84,185.229,,0.5619,0.8359,0.8355,0.0,1.3648,121524.0,121524.0,56666.8,979481.0,979481.0,3.164,8.84,7.24,0.0000,-0.3279054685534943,1,15,56,2000-07-06
000990.SZ,2023-07-24,8.04,8.03,8.07,8.0,8.06,-0.03,-0.3722,40067.5,32164.9,0.3297,0.7071,0.75,184.539,,0.5598,0.8328,0.8324,0.0,1.3699,121524.0,121524.0,56666.8,975836.0,975835.0,3.164,8.87,7.25,0.0000,-0.5221274237569179,1,15,56,2000-07-06
000990.SZ,2023-07-25,8.05,8.09,8.11,8.03,8.03,0.06,0.7472,47111.3,38061.2,0.3877,0.8314,1.02,185.918,,0.564,0.839,0.8386,0.0,1.3597,121524.0,121524.0,56666.8,983127.0,983126.0,3.164,8.83,7.23,0.0000,0.15588206266218566,1,15,56,2000-07-06
000990.SZ,2023-07-26,8.1,8.14,8.15,8.06,8.09,0.05,0.618,37176.3,30201.4,0.3059,0.656,0.81,187.067,,0.5675,0.8442,0.8438,0.0,1.3514,121524.0,121524.0,56666.8,989203.0,989203.0,3.164,8.9,7.28,0.0000,-0.17037381811909674,1,15,56,2000-07-06
000990.SZ,2023-07-27,8.17,8.18,8.24,8.12,8.14,0.04,0.4914,55175.4,45271.8,0.454,0.9737,1.27,187.986,,0.5703,0.8484,0.8479,0.0,1.3447,121524.0,121524.0,56666.8,994064.0,994064.0,3.164,8.95,7.33,0.0000,-0.37947392898259946,1,15,56,2000-07-06
000990.SZ,2023-07-28,8.15,8.21,8.23,8.11,8.18,0.03,0.3667,39250.1,32117.7,0.323,0.6926,0.88,188.676,,0.5724,0.8515,0.8511,0.0,1.3398,121524.0,121524.0,56666.8,997710.0,997709.0,3.164,9.0,7.36,0.0000,-0.2558152090891469,1,15,56,2000-07-06
000990.SZ,2023-07-31,8.22,8.26,8.31,8.2,8.21,0.05,0.609,50469.4,41676.4,0.4153,0.8906,1.15,189.825,,0.5758,0.8567,0.8562,0.0,1.3317,121524.0,121524.0,56666.8,1003790.0,1003790.0,3.164,9.03,7.39,0.0000,-0.22719459980128218,1,15,56,2000-07-06
000990.SZ,2023-08-01,8.26,8.31,8.34,8.25,8.26,0.05,0.6053,60366.2,50151.1,0.4967,1.0653,1.32,190.974,,0.5793,0.8619,0.8614,0.0,1.3237,121524.0,121524.0,56666.8,1009860.0,1009860.0,3.164,9.09,7.43,0.0000,-0.12481376448612616,1,15,56,2000-07-06
000990.SZ,2023-08-02,8.31,8.29,8.35,8.26,8.31,-0.02,-0.2407,47963.0,39760.1,0.3947,0.8464,0.99,190.514,,0.5779,0.8598,0.8594,0.0,1.3269,121524.0,121524.0,56666.8,1007430.0,1007430.0,3.164,9.14,7.48,0.0000,-0.39488838892201955,1,15,56,2000-07-06
000990.SZ,2023-08-03,8.26,8.3,8.32,8.22,8.29,0.01,0.1206,51453.7,42544.1,0.4234,0.908,1.02,190.744,,0.5786,0.8608,0.8604,0.0,1.3253,121524.0,121524.0,56666.8,1008650.0,1008650.0,3.164,9.12,7.46,0.0000,-0.12487622534299275,1,15,56,2000-07-06
000990.SZ,2023-08-04,8.3,8.24,8.39,8.23,8.3,-0.06,-0.7229,54456.4,45055.9,0.4481,0.961,1.09,189.365,,0.5744,0.8546,0.8542,0.0,1.335,121524.0,121524.0,56666.8,1001360.0,1001360.0,3.164,9.13,7.47,0.0000,-0.3465323258331927,1,15,56,2000-07-06
000990.SZ,2023-08-07,8.22,8.15,8.24,8.11,8.24,-0.09,-1.0922,56346.0,45930.3,0.4637,0.9943,1.06,187.297,,0.5682,0.8453,0.8448,0.0,1.3497,121524.0,121524.0,56666.8,990419.0,990418.0,3.164,9.06,7.42,0.0000,-0.5272807703341633,1,15,56,2000-07-06
000990.SZ,2023-08-08,8.15,8.14,8.2,8.08,8.15,-0.01,-0.1227,51505.0,41948.8,0.4238,0.9089,0.95,187.067,,0.5675,0.8442,0.8438,0.0,1.3514,121524.0,121524.0,56666.8,989203.0,989203.0,3.164,8.97,7.34,0.0000,-0.4374625517679022,1,15,56,2000-07-06
000990.SZ,2023-08-09,8.17,8.11,8.23,8.11,8.14,-0.03,-0.3686,40256.0,32823.5,0.3313,0.7104,0.77,186.378,,0.5654,0.8411,0.8407,0.0,1.3564,121524.0,121524.0,56666.8,985558.0,985557.0,3.164,8.95,7.33,0.0000,-0.17165891136908104,1,15,56,2000-07-06
000990.SZ,2023-08-10,8.2,8.14,8.2,8.11,8.11,0.03,0.3699,40019.0,32577.0,0.3293,0.7062,0.79,187.067,,0.5675,0.8442,0.8438,0.0,1.3514,121524.0,121524.0,56666.8,989203.0,989203.0,3.164,8.92,7.3,0.0000,-0.48870245943411983,1,15,56,2000-07-06
000990.SZ,2023-08-11,8.17,7.99,8.17,7.98,8.14,-0.15,-1.8428,56611.9,45537.6,0.4659,0.999,1.17,183.62,,0.557,0.8287,0.8283,0.0,1.3767,121524.0,121524.0,56666.8,970975.0,970974.0,3.164,8.95,7.33,0.0000,-0.3379417051371006,1,15,56,2000-07-06
000990.SZ,2023-08-14,7.99,8.06,8.07,7.94,7.99,0.07,0.8761,67896.0,54469.5,0.5587,1.1982,1.39,185.229,,0.5602,0.8359,0.8311,0.0,1.3648,121524.0,121524.0,56666.8,979481.0,979481.0,3.164,8.79,7.19,0.0000,-0.3307241405706938,1,15,56,2000-07-06
000990.SZ,2023-08-15,8.06,8.01,8.14,7.95,8.06,-0.05,-0.6203,67112.3,53834.9,0.5523,1.1843,1.31,184.079,,0.5568,0.8307,0.8259,0.0,1.3733,121524.0,121524.0,56666.8,973405.0,973405.0,3.164,8.87,7.25,0.0000,0.21215748343900787,1,15,56,2000-07-06
000990.SZ,2023-08-16,8.07,7.96,8.07,7.93,8.01,-0.05,-0.6242,52482.0,41841.5,0.4319,0.9262,0.97,182.93,,0.5533,0.8256,0.8208,0.0,1.3819,121524.0,121524.0,56666.8,967329.0,967328.0,3.164,8.81,7.21,0.0000,0.337379426293949,1,15,56,2000-07-06
000990.SZ,2023-08-17,7.95,7.97,7.99,7.89,7.96,0.01,0.1256,55621.5,44137.6,0.4577,0.9816,0.98,183.16,,0.554,0.8266,0.8218,0.0,1.3802,121524.0,121524.0,56666.8,968544.0,968544.0,3.164,8.76,7.16,0.0000,0.20070170628994952,1,15,56,2000-07-06
000990.SZ,2023-08-18,7.97,7.87,8.06,7.86,7.97,-0.1,-1.2547,80472.0,64047.2,0.6622,1.4201,1.34,180.862,,0.547,0.8162,0.8115,0.0,1.3977,121524.0,121524.0,56666.8,956392.0,956391.0,3.164,8.77,7.17,0.0000,-0.14446141443484753,1,15,56,2000-07-06
000990.SZ,2023-08-21,7.88,7.84,8.01,7.83,7.87,-0.03,-0.3812,57541.3,45533.3,0.4735,1.0154,0.89,180.173,,0.5449,0.8131,0.8084,0.0,1.4031,121524.0,121524.0,56666.8,952746.0,952746.0,3.164,8.66,7.08,0.0000,0.16671211000783762,1,15,56,2000-07-06
000990.SZ,2023-08-22,7.93,7.84,7.93,7.73,7.84,0.0,0.0,72397.6,56547.3,0.5957,1.2776,1.16,180.173,,0.5449,0.8131,0.8084,0.0,1.4031,121524.0,121524.0,56666.8,952746.0,952746.0,3.164,8.62,7.06,0.0000,0.20878625372035875,1,15,56,2000-07-06
000990.SZ,2023-08-23,7.84,7.76,7.85,7.73,7.84,-0.08,-1.0204,43330.0,33759.3,0.3566,0.7646,0.68,178.334,,0.5394,0.8048,0.8002,0.0,1.4175,121524.0,121524.0,56666.8,943024.0,943024.0,3.164,8.62,7.06,0.0000,0.08727890457051106,1,15,56,2000-07-06
000990.SZ,2023-08-24,7.75,7.75,7.84,7.72,7.76,-0.01,-0.1289,43920.2,34144.8,0.3614,0.7751,0.71,178.104,,0.5387,0.8038,0.7991,0.0,1.4194,121524.0,121524.0,56666.8,941809.0,941808.0,3.164,8.54,6.98,0.0000,0.11296168648211888,1,15,56,2000-07-06
000990.SZ,2023-08-25,7.75,7.74,7.91,7.7,7.75,-0.01,-0.129,49128.9,38348.8,0.4043,0.867,0.83,177.875,,0.538,0.8027,0.7981,0.0,1.4212,121524.0,121524.0,56666.8,940594.0,940593.0,3.164,8.53,6.98,0.0000,0.17203827605717775,1,15,56,2000-07-06
000990.SZ,2023-08-28,8.05,7.87,8.11,7.83,7.74,0.13,1.6796,140643.0,112609.0,1.1573,2.4819,2.64,180.862,,0.547,0.8162,0.8115,0.0,1.3977,121524.0,121524.0,56666.8,956392.0,956391.0,3.164,8.51,6.97,0.0000,-0.16600002700261363,1,15,56,2000-07-06
000990.SZ,2023-08-29,7.86,7.91,7.97,7.85,7.87,0.04,0.5083,97596.0,77264.6,0.8031,1.7223,1.4,181.781,,0.5498,0.8204,0.8156,0.0,1.3906,121524.0,121524.0,56666.8,961253.0,961252.0,3.164,8.66,7.08,0.0000,0.06050298587831639,1,15,56,2000-07-06
000990.SZ,2023-08-30,7.93,7.86,7.98,7.85,7.91,-0.05,-0.6321,60516.8,47866.4,0.498,1.0679,0.81,180.632,,0.5463,0.8152,0.8105,0.0,1.3995,121524.0,121524.0,56666.8,955177.0,955176.0,3.164,8.7,7.12,0.0000,-0.052628504438460996,1,15,56,2000-07-06
000990.SZ,2023-08-31,7.85,7.77,7.88,7.74,7.86,-0.09,-1.145,51149.4,39802.9,0.4209,0.9026,0.65,178.564,,0.5401,0.8059,0.8012,0.0,1.4157,121524.0,121524.0,56666.8,944240.0,944239.0,3.164,8.65,7.07,0.0000,-0.5457563772273059,1,15,56,2000-07-06
000990.SZ,2023-09-01,7.79,7.87,7.9,7.74,7.77,0.1,1.287,67014.0,52590.5,0.5514,1.1826,0.84,180.862,,0.547,0.8162,0.8115,0.0,1.3977,121524.0,121524.0,56666.8,956392.0,956391.0,3.164,8.55,6.99,0.0000,-0.2071363113312626,1,15,56,2000-07-06
000990.SZ,2023-09-04,7.86,8.02,8.04,7.85,7.87,0.15,1.906,86641.9,69210.7,0.713,1.529,1.04,184.309,,0.5574,0.8318,0.827,0.0,1.3716,121524.0,121524.0,56666.8,974620.0,974620.0,3.164,8.66,7.08,0.0000,0.20520127744580308,1,15,56,2000-07-06
000990.SZ,2023-09-05,8.04,8.01,8.04,7.97,8.02,-0.01,-0.1247,44332.3,35493.2,0.3648,0.7823,0.61,184.079,,0.5568,0.8307,0.8259,0.0,1.3733,121524.0,121524.0,56666.8,973405.0,973405.0,3.164,8.82,7.22,0.0000,-0.24463228185087063,1,15,56,2000-07-06
000990.SZ,2023-09-06,8.03,8.01,8.03,7.95,8.01,0.0,0.0,58758.1,46995.7,0.4835,1.0369,0.95,184.079,,0.5568,0.8307,0.8259,0.0,1.3733,121524.0,121524.0,56666.8,973405.0,973405.0,3.164,8.81,7.21,0.0000,-0.29728721387668927,1,15,56,2000-07-06
000990.SZ,2023-09-07,8.01,7.9,8.02,7.89,8.01,-0.11,-1.3733,46096.0,36609.5,0.3793,0.8135,0.75,181.552,,0.5491,0.8193,0.8146,0.0,1.3924,121524.0,121524.0,56666.8,960038.0,960037.0,3.164,8.81,7.21,0.0000,-0.16499508579107613,1,15,56,2000-07-06
000990.SZ,2023-09-08,7.86,7.83,7.91,7.8,7.9,-0.07,-0.8861,41769.0,32754.2,0.3437,0.7371,0.69,179.943,,0.5442,0.8121,0.8074,0.0,1.4049,121524.0,121524.0,56666.8,951531.0,951530.0,3.164,8.69,7.11,0.0000,-0.1755028133925356,1,15,56,2000-07-06
000990.SZ,2023-09-11,7.8,7.96,7.98,7.8,7.83,0.13,1.6603,64742.0,51343.3,0.5328,1.1425,1.17,182.93,,0.5533,0.8256,0.8208,0.0,1.3819,121524.0,121524.0,56666.8,967329.0,967328.0,3.164,8.61,7.05,0.0000,-0.11206379959742283,1,15,56,2000-07-06
000990.SZ,2023-09-12,8.01,8.01,8.06,7.96,7.96,0.05,0.6281,98900.0,79375.1,0.8138,1.7453,1.93,184.079,,0.5568,0.8307,0.8259,0.0,1.3733,121524.0,121524.0,56666.8,973405.0,973405.0,3.164,8.76,7.16,0.0000,-0.04891130172610998,1,15,56,2000-07-06
000990.SZ,2023-09-13,8.02,7.93,8.03,7.89,8.01,-0.08,-0.9988,66136.0,52576.3,0.5442,1.1671,1.07,182.241,,0.5512,0.8224,0.8177,0.0,1.3871,121524.0,121524.0,56666.8,963683.0,963683.0,3.164,8.81,7.21,0.0000,-0.04771202695388025,1,15,56,2000-07-06
000990.SZ,2023-09-14,7.93,7.93,7.97,7.9,7.93,0.0,0.0,50648.9,40188.0,0.4168,0.8938,0.8,182.241,,0.5512,0.8224,0.8177,0.0,1.3871,121524.0,121524.0,56666.8,963683.0,963683.0,3.164,8.72,7.14,0.0000,-0.6433212613751254,1,15,56,2000-07-06
000990.SZ,2023-09-15,7.96,7.99,8.01,7.87,7.93,0.06,0.7566,73832.9,58788.5,0.6076,1.3029,1.15,183.62,,0.5554,0.8287,0.8239,0.0,1.3767,121524.0,121524.0,56666.8,970975.0,970974.0,3.164,8.72,7.14,0.0000,-0.09607863537692506,1,15,56,2000-07-06
000990.SZ,2023-09-18,8.01,8.01,8.04,7.89,7.99,0.02,0.2503,57936.0,46266.2,0.4767,1.0224,0.82,184.079,,0.5568,0.8307,0.8259,0.0,1.3733,121524.0,121524.0,56666.8,973405.0,973405.0,3.164,8.79,7.19,0.0000,-0.23108398708621342,1,15,56,2000-07-06
000990.SZ,2023-09-19,8.02,7.97,8.04,7.94,8.01,-0.04,-0.4994,50735.0,40523.7,0.4175,0.8953,0.73,183.16,,0.554,0.8266,0.8218,0.0,1.3802,121524.0,121524.0,56666.8,968544.0,968544.0,3.164,8.81,7.21,0.0000,-0.4516451680204645,1,15,56,2000-07-06
000990.SZ,2023-09-20,7.96,7.92,8.0,7.91,7.97,-0.05,-0.6274,44292.7,35169.2,0.3645,0.7816,0.74,182.011,,0.5505,0.8214,0.8167,0.0,1.3889,121524.0,121524.0,56666.8,962468.0,962467.0,3.164,8.77,7.17,0.0000,-0.1452445433968678,1,15,56,2000-07-06
000990.SZ,2023-09-21,7.9,7.82,7.91,7.81,7.92,-0.1,-1.2626,49214.5,38660.0,0.405,0.8685,0.89,179.713,,0.5435,0.811,0.8064,0.0,1.4066,121524.0,121524.0,56666.8,950316.0,950315.0,3.164,8.71,7.13,0.0000,-0.22038816451579418,1,15,56,2000-07-06
000990.SZ,2023-09-22,7.82,7.88,7.89,7.76,7.82,0.06,0.7673,72283.0,56493.4,0.5948,1.2756,1.31,181.092,,0.5477,0.8173,0.8125,0.0,1.3959,121524.0,121524.0,56666.8,957607.0,957606.0,3.164,8.6,7.04,0.0000,-0.05762975595535833,1,15,56,2000-07-06
000990.SZ,2023-09-25,7.88,7.86,7.9,7.83,7.88,-0.02,-0.2538,48791.0,38381.9,0.4015,0.861,0.89,180.632,,0.5463,0.8152,0.8105,0.0,1.3995,121524.0,121524.0,56666.8,955177.0,955176.0,3.164,8.67,7.09,0.0000,-0.03416252264365345,1,15,56,2000-07-06
000990.SZ,2023-09-26,7.83,7.76,7.86,7.74,7.86,-0.1,-1.2723,57641.4,44933.0,0.4743,1.0172,1.09,178.334,,0.5394,0.8048,0.8002,0.0,1.4175,121524.0,121524.0,56666.8,943024.0,943024.0,3.164,8.65,7.07,0.0000,-0.10136393931147389,1,15,56,2000-07-06
000990.SZ,2023-09-27,7.73,7.72,7.77,7.67,7.76,-0.04,-0.5155,50949.3,39317.3,0.4193,0.8991,0.94,177.415,,0.5366,0.8007,0.796,0.0,1.4249,121524.0,121524.0,56666.8,938163.0,938163.0,3.164,8.54,6.98,0.0000,0.5413415612545757,1,15,56,2000-07-06
000990.SZ,2023-09-28,7.73,7.81,7.82,7.71,7.72,0.09,1.1658,53667.0,41822.2,0.4416,0.9471,0.96,179.483,,0.5429,0.81,0.8053,0.0,1.4085,121524.0,121524.0,56666.8,949100.0,949100.0,3.164,8.49,6.95,0.0000,-0.2557609641615479,1,15,56,2000-07-06
000990.SZ,2023-10-09,7.78,7.68,7.81,7.64,7.81,-0.13,-1.6645,80016.0,61472.0,0.6584,1.412,1.41,176.496,,0.5338,0.7965,0.7919,0.0,1.4323,121524.0,121524.0,56666.8,933302.0,933302.0,3.164,8.59,7.03,0.0000,0.0741716031752555,1,15,56,2000-07-06
000990.SZ,2023-10-10,7.69,7.65,7.72,7.64,7.68,-0.03,-0.3906,53184.5,40823.6,0.4376,0.9385,0.91,175.806,,0.5317,0.7934,0.7888,0.0,1.4379,121524.0,121524.0,56666.8,929657.0,929656.0,3.164,8.45,6.91,0.0000,0.059032533903563535,1,15,56,2000-07-06
000990.SZ,2023-10-11,7.64,7.58,7.7,7.58,7.65,-0.07,-0.915,55431.0,42326.1,0.4561,0.9782,0.94,174.198,,0.5269,0.7861,0.7816,0.0,1.4512,121524.0,121524.0,56666.8,921150.0,921149.0,3.164,8.42,6.89,0.0000,-0.22326267319521095,1,15,56,2000-07-06
000990.SZ,2023-10-12,7.6,7.69,7.7,7.57,7.58,0.11,1.4512,47644.6,36406.3,0.3921,0.8408,0.81,176.725,,0.5345,0.7976,0.7929,0.0,1.4304,121524.0,121524.0,56666.8,934518.0,934517.0,3.164,8.34,6.82,0.0000,-0.10567835955052239,1,15,56,2000-07-06
000990.SZ,2023-10-13,7.66,7.64,7.68,7.62,7.69,-0.05,-0.6502,45110.0,34511.9,0.3712,0.7961,0.78,175.577,,0.531,0.7924,0.7878,0.0,1.4398,121524.0,121524.0,56666.8,928442.0,928441.0,3.164,8.46,6.92,0.0000,-0.25922982417042006,1,15,56,2000-07-06
000990.SZ,2023-10-16,7.61,7.69,7.78,7.61,7.64,0.05,0.6545,69883.7,53895.5,0.5751,1.2332,1.24,176.725,,0.5345,0.7976,0.7929,0.0,1.4304,121524.0,121524.0,56666.8,934518.0,934517.0,3.164,8.4,6.88,0.0000,-0.17268940057524562,1,15,56,2000-07-06
000990.SZ,2023-10-17,7.68,7.67,7.72,7.62,7.69,-0.02,-0.2601,45359.4,34741.5,0.3733,0.8005,0.84,176.266,,0.5331,0.7955,0.7909,0.0,1.4342,121524.0,121524.0,56666.8,932087.0,932086.0,3.164,8.46,6.92,0.0000,-0.054829643796824444,1,15,56,2000-07-06
000990.SZ,2023-10-18,7.64,7.48,7.68,7.48,7.67,-0.19,-2.4772,60341.4,45501.9,0.4965,1.0648,1.15,171.9,,0.5199,0.7758,0.7713,0.0,1.4706,121524.0,121524.0,56666.8,908998.0,908997.0,3.164,8.44,6.9,0.0000,-0.10011966933548008,1,15,56,2000-07-06
000990.SZ,2023-10-19,7.47,7.44,7.57,7.4,7.48,-0.04,-0.5348,66250.5,49664.6,0.5452,1.1691,1.23,170.98,,0.5171,0.7716,0.7672,0.0,1.4785,121524.0,121524.0,56666.8,904137.0,904136.0,3.164,8.23,6.73,0.0000,-0.2918295118619651,1,15,56,2000-07-06
000990.SZ,2023-10-20,7.44,7.42,7.51,7.4,7.44,-0.02,-0.2688,49249.0,36655.9,0.4053,0.8691,0.86,170.521,,0.5157,0.7696,0.7651,0.0,1.4825,121524.0,121524.0,56666.8,901706.0,901706.0,3.164,8.18,6.7,0.0000,-0.3390538639902127,1,15,56,2000-07-06
000990.SZ,2023-10-23,7.42,7.2,7.43,7.18,7.42,-0.22,-2.965,64222.0,46806.3,0.5285,1.1333,1.1,165.465,,0.5005,0.7467,0.7424,0.0,1.5278,121524.0,121524.0,56666.8,874971.0,874970.0,3.164,8.16,6.68,0.0000,-0.15007194481820668,1,15,56,2000-07-06
000990.SZ,2023-10-24,7.25,7.39,7.42,7.21,7.2,0.19,2.6389,55891.0,40979.1,0.4599,0.9863,0.98,169.831,,0.5137,0.7664,0.762,0.0,1.4885,121524.0,121524.0,56666.8,898061.0,898060.0,3.164,7.92,6.48,0.0000,-0.32275225730933976,1,15,56,2000-07-06
000990.SZ,2023-10-25,7.36,7.53,7.57,7.36,7.39,0.14,1.8945,60686.0,45693.8,0.4994,1.0709,1.03,173.048,,0.5234,0.781,0.7764,0.0,1.4608,121524.0,121524.0,56666.8,915074.0,915073.0,3.164,8.13,6.65,0.0000,-0.24482369914116942,1,15,56,2000-07-06
000990.SZ,2023-10-26,7.5,7.6,7.64,7.46,7.53,0.07,0.9296,58720.3,44347.6,0.4832,1.0362,0.99,174.657,,0.5283,0.7882,0.7837,0.0,1.4474,121524.0,121524.0,56666.8,923580.0,923580.0,3.164,8.28,6.78,0.0000,0.1812641139338888,1,15,56,2000-07-06
000990.SZ,2023-10-27,8.0,8.04,8.26,7.92,7.6,0.44,5.7895,366902.0,297358.0,3.0192,6.4747,6.35,184.769,64.2194,0.5534,0.8339,0.787,0.0,1.3682,121524.0,121524.0,56666.8,977051.0,977050.0,3.164,8.36,6.84,0.0000,-0.26828689954409746,1,15,56,2000-07-06
000990.SZ,2023-10-30,7.92,8.17,8.22,7.92,8.04,0.13,1.6169,275965.0,224180.0,2.2709,4.8699,2.28,187.757,65.2577,0.5623,0.8473,0.7997,0.0,1.3464,121524.0,121524.0,56666.8,992849.0,992848.0,3.164,8.84,7.24,0.0000,-0.08408074556128962,1,15,56,2000-07-06
000990.SZ,2023-10-31,8.28,8.37,8.44,8.19,8.17,0.2,2.448,225000.0,188067.0,1.8515,3.9706,1.38,192.353,66.8552,0.5761,0.8681,0.8193,0.0,1.3142,121524.0,121524.0,56666.8,1017150.0,1017150.0,3.164,8.99,7.35,0.0000,-0.2369823506900661,1,15,56,2000-07-06
000990.SZ,2023-11-01,8.35,8.45,8.49,8.31,8.37,0.08,0.9558,176386.0,148937.0,1.4515,3.1127,0.89,194.191,67.4942,0.5816,0.8764,0.8272,0.0,1.3018,121524.0,121524.0,56666.8,1026880.0,1026870.0,3.164,9.21,7.53,0.0000,-0.4088733679900803,1,15,56,2000-07-06
000990.SZ,2023-11-02,8.49,8.27,8.49,8.23,8.45,-0.18,-2.1302,132980.0,110419.0,1.0943,2.3467,0.6,190.055,66.0565,0.5692,0.8577,0.8095,0.0,1.3301,121524.0,121524.0,56666.8,1005000.0,1005000.0,3.164,9.3,7.61,0.0000,-0.09372636860996866,1,15,56,2000-07-06
000990.SZ,2023-11-03,8.27,8.32,8.4,8.26,8.27,0.05,0.6046,101292.0,84385.7,0.8335,1.7875,0.43,191.204,66.4559,0.5727,0.8629,0.8144,0.0,1.3221,121524.0,121524.0,56666.8,1011080.0,1011080.0,3.164,9.1,7.44,0.0000,-0.17134277629680814,1,15,56,2000-07-06
000990.SZ,2023-11-06,8.35,8.3,8.39,8.19,8.32,-0.02,-0.2404,100897.0,83724.9,0.8303,1.7805,0.55,190.744,66.2961,0.5713,0.8608,0.8125,0.0,1.3253,121524.0,121524.0,56666.8,1008650.0,1008650.0,3.164,9.15,7.49,0.0000,0.11173257548948784,1,15,56,2000-07-06
000990.SZ,2023-11-07,8.3,8.33,8.37,8.24,8.3,0.03,0.3614,79900.1,66420.4,0.6575,1.41,0.54,191.434,66.5357,0.5733,0.8639,0.8154,0.0,1.3205,121524.0,121524.0,56666.8,1012290.0,1012290.0,3.164,9.13,7.47,0.0000,0.01632594426094775,1,15,56,2000-07-06
000990.SZ,2023-11-08,8.33,8.31,8.35,8.24,8.33,-0.02,-0.2401,76187.0,63294.7,0.6269,1.3445,0.64,190.974,66.376,0.572,0.8619,0.8135,0.0,1.3237,121524.0,121524.0,56666.8,1009860.0,1009860.0,3.164,9.16,7.5,0.0000,0.13394545626758356,1,15,56,2000-07-06
000990.SZ,2023-11-09,8.29,8.32,8.4,8.29,8.31,0.01,0.1203,77985.5,65012.8,0.6417,1.3762,0.79,191.204,66.4559,0.5727,0.8629,0.8144,0.0,1.3221,121524.0,121524.0,56666.8,1011080.0,1011080.0,3.164,9.14,7.48,0.0000,0.17066264344836007,1,15,56,2000-07-06
000990.SZ,2023-11-10,8.29,8.31,8.34,8.26,8.32,-0.01,-0.1202,67861.0,56389.7,0.5584,1.1975,0.78,190.974,66.376,0.572,0.8619,0.8135,0.0,1.3237,121524.0,121524.0,56666.8,1009860.0,1009860.0,3.164,9.15,7.49,0.0000,0.09740910388055295,1,15,56,2000-07-06
000990.SZ,2023-11-13,8.3,8.35,8.39,8.28,8.31,0.04,0.4813,76164.0,63369.4,0.6267,1.3441,0.95,191.893,66.6955,0.5747,0.866,0.8174,0.0,1.3174,121524.0,121524.0,56666.8,1014720.0,1014720.0,3.164,9.14,7.48,0.0000,-0.17122267600533123,1,15,56,2000-07-06
000990.SZ,2023-11-14,8.35,8.36,8.4,8.31,8.35,0.01,0.1198,71432.7,59665.4,0.5878,1.2606,0.94,192.123,66.7754,0.5754,0.867,0.8183,0.0,1.3158,121524.0,121524.0,56666.8,1015940.0,1015940.0,3.164,9.19,7.52,0.0000,-0.19270272127151747,1,15,56,2000-07-06
000990.SZ,2023-11-15,8.4,8.36,8.4,8.31,8.36,0.0,0.0,60732.0,50661.9,0.4998,1.0717,0.82,192.123,66.7754,0.5754,0.867,0.8183,0.0,1.3158,121524.0,121524.0,56666.8,1015940.0,1015940.0,3.164,9.2,7.52,0.0000,0.15419853880633125,1,15,56,2000-07-06
000990.SZ,2023-11-16,8.38,8.31,8.38,8.28,8.36,-0.05,-0.5981,55777.7,46377.4,0.459,0.9843,0.79,190.974,66.376,0.572,0.8619,0.8135,0.0,1.3237,121524.0,121524.0,56666.8,1009860.0,1009860.0,3.164,9.2,7.52,0.0000,0.1293144278923744,1,15,56,2000-07-06
000990.SZ,2023-11-17,8.31,8.32,8.37,8.27,8.31,0.01,0.1203,73594.0,61311.4,0.6056,1.2987,1.11,191.204,66.4559,0.5727,0.8629,0.8144,0.0,1.3221,121524.0,121524.0,56666.8,1011080.0,1011080.0,3.164,9.14,7.48,0.0000,-0.2347339336000416,1,15,56,2000-07-06
000990.SZ,2023-11-20,8.35,8.35,8.37,8.29,8.32,0.03,0.3606,72387.0,60361.1,0.5957,1.2774,1.07,191.893,66.6955,0.5747,0.866,0.8174,0.0,1.3174,121524.0,121524.0,56666.8,1014720.0,1014720.0,3.164,9.15,7.49,0.0000,-0.015759820104029626,1,15,56,2000-07-06
000990.SZ,2023-11-21,8.35,8.37,8.43,8.34,8.35,0.02,0.2395,80685.5,67729.5,0.6639,1.4239,1.21,192.353,66.8552,0.5761,0.8681,0.8193,0.0,1.3142,121524.0,121524.0,56666.8,1017150.0,1017150.0,3.164,9.19,7.52,0.0000,-0.15251719814549522,1,15,56,2000-07-06
000990.SZ,2023-11-22,8.37,8.33,8.4,8.33,8.37,-0.04,-0.4779,63370.0,53021.1,0.5215,1.1183,0.92,191.434,66.5357,0.5733,0.8639,0.8154,0.0,1.3205,121524.0,121524.0,56666.8,1012290.0,1012290.0,3.164,9.21,7.53,0.0000,-0.27571429912751166,1,15,56,2000-07-06
000990.SZ,2023-11-23,8.33,8.46,8.46,8.3,8.33,0.13,1.5606,85971.0,72219.2,0.7074,1.5171,1.24,194.421,67.5741,0.5823,0.8774,0.8281,0.0,1.3002,121524.0,121524.0,56666.8,1028090.0,1028090.0,3.164,9.16,7.5,0.0000,-0.09118389532426363,1,15,56,2000-07-06
000990.SZ,2023-11-24,8.46,8.43,8.53,8.39,8.46,-0.03,-0.3546,90247.0,76264.7,0.7426,1.5926,1.2,193.732,67.3345,0.5802,0.8743,0.8252,0.0,1.3049,121524.0,121524.0,56666.8,1024450.0,1024440.0,3.164,9.31,7.61,0.0000,-0.10201092880861556,1,15,56,2000-07-06
000990.SZ,2023-11-27,8.4,8.37,8.44,8.29,8.43,-0.06,-0.7117,85000.3,70976.0,0.6995,1.5,1.08,192.353,66.8552,0.5761,0.8681,0.8193,0.0,1.3142,121524.0,121524.0,56666.8,1017150.0,1017150.0,3.164,9.27,7.59,0.0000,-0.2032802090178215,1,15,56,2000-07-06
000990.SZ,2023-11-28,8.35,8.41,8.41,8.21,8.37,0.04,0.4779,85281.1,71112.3,0.7018,1.505,1.05,193.272,67.1747,0.5789,0.8722,0.8232,0.0,1.308,121524.0,121524.0,56666.8,1022010.0,1022010.0,3.164,9.21,7.53,0.0000,-0.5181698007885602,1,15,56,2000-07-06
000990.SZ,2023-11-29,8.4,8.43,8.54,8.4,8.41,0.02,0.2378,90249.9,76375.4,0.7427,1.5926,1.1,193.732,67.3345,0.5802,0.8743,0.8252,0.0,1.3049,121524.0,121524.0,56666.8,1024450.0,1024440.0,3.164,9.25,7.57,0.0000,0.12358327266980432,1,15,56,2000-07-06
000990.SZ,2023-11-30,8.43,8.34,8.45,8.27,8.43,-0.09,-1.0676,71581.4,59642.9,0.589,1.2632,0.82,191.663,66.6156,0.574,0.865,0.8164,0.0,1.3189,121524.0,121524.0,56666.8,1013510.0,1013510.0,3.164,9.27,7.59,0.0000,-0.24169192861766703,1,15,56,2000-07-06
000990.SZ,2023-12-01,8.32,8.46,8.48,8.32,8.34,0.12,1.4388,99935.0,84337.7,0.8224,1.7636,1.18,194.421,67.5741,0.5823,0.8774,0.8281,0.0,1.3002,121524.0,121524.0,56666.8,1028090.0,1028090.0,3.164,9.17,7.51,0.0000,-0.18913649025069637,1,15,56,2000-07-06
000990.SZ,2023-12-04,8.45,8.34,8.47,8.22,8.46,-0.12,-1.4184,85010.3,70721.4,0.6995,1.5002,0.98,191.663,66.6156,0.574,0.865,0.8164,0.0,1.3189,121524.0,121524.0,56666.8,1013510.0,1013510.0,3.164,9.31,7.61,0.0000,-0.03082907909019834,1,15,56,2000-07-06
000990.SZ,2023-12-05,8.31,8.25,8.37,8.25,8.34,-0.09,-1.0791,69608.0,57875.0,0.5728,1.2284,0.81,189.595,65.8967,0.5678,0.8556,0.8076,0.0,1.3333,121524.0,121524.0,56666.8,1002570.0,1002570.0,3.164,9.17,7.51,0.0000,-0.19503115350302877,1,15,56,2000-07-06
000990.SZ,2023-12-06,8.22,8.35,8.41,8.21,8.25,0.1,1.2121,54930.3,45809.4,0.452,0.9694,0.66,191.893,66.6955,0.5747,0.866,0.8174,0.0,1.3174,121524.0,121524.0,56666.8,1014720.0,1014720.0,3.164,9.08,7.43,0.0000,0.13056040328099655,1,15,56,2000-07-06
000990.SZ,2023-12-07,8.39,8.33,8.4,8.25,8.35,-0.02,-0.2395,73979.9,61643.6,0.6088,1.3055,0.97,191.434,66.5357,0.5733,0.8639,0.8154,0.0,1.3205,121524.0,121524.0,56666.8,1012290.0,1012290.0,3.164,9.19,7.52,0.0000,-0.19920692471957369,1,15,56,2000-07-06
000990.SZ,2023-12-08,8.35,8.18,8.35,8.18,8.33,-0.15,-1.8007,74252.7,61368.9,0.611,1.3103,0.97,187.986,65.3376,0.563,0.8484,0.8007,0.0,1.3447,121524.0,121524.0,56666.8,994064.0,994064.0,3.164,9.16,7.5,0.0000,-0.3708674749076969,1,15,56,2000-07-06
000990.SZ,2023-12-11,8.24,8.37,8.38,8.12,8.18,0.19,2.3227,90458.2,74870.6,0.7444,1.5963,1.26,192.353,66.8552,0.5761,0.8681,0.8193,0.0,1.3142,121524.0,121524.0,56666.8,1017150.0,1017150.0,3.164,9.0,7.36,0.0000,-0.31846516521621787,1,15,56,2000-07-06
000990.SZ,2023-12-12,8.36,8.36,8.39,8.24,8.37,-0.01,-0.1195,67877.1,56472.1,0.5586,1.1978,0.93,192.123,66.7754,0.5754,0.867,0.8183,0.0,1.3158,121524.0,121524.0,56666.8,1015940.0,1015940.0,3.164,9.21,7.53,0.0000,-0.023383469900797007,1,15,56,2000-07-06
000990.SZ,2023-12-13,8.36,8.35,8.43,8.31,8.36,-0.01,-0.1196,59457.6,49895.2,0.4893,1.0492,0.82,191.893,66.6955,0.5747,0.866,0.8174,0.0,1.3174,121524.0,121524.0,56666.8,1014720.0,1014720.0,3.164,9.2,7.52,0.0000,-0.26268168811885395,1,15,56,2000-07-06
000990.SZ,2023-12-14,8.4,8.35,8.41,8.33,8.35,0.0,0.0,41521.7,34789.7,0.3417,0.7327,0.57,191.893,66.6955,0.5747,0.866,0.8174,0.0,1.3174,121524.0,121524.0,56666.8,1014720.0,1014720.0,3.164,9.19,7.52,0.0000,-0.10801338216729338,1,15,56,2000-07-06
000990.SZ,2023-12-15,8.35,8.29,8.41,8.27,8.35,-0.06,-0.7186,54629.0,45560.8,0.4495,0.964,0.82,190.514,66.2162,0.5706,0.8598,0.8115,0.0,1.3269,121524.0,121524.0,56666.8,1007430.0,1007430.0,3.164,9.19,7.52,0.0000,-0.2417229907690533,1,15,56,2000-07-06
000990.SZ,2023-12-18,8.28,8.19,8.33,8.17,8.29,-0.1,-1.2063,53160.0,43677.8,0.4374,0.9381,0.85,188.216,65.4175,0.5637,0.8494,0.8017,0.0,1.3431,121524.0,121524.0,56666.8,995280.0,995279.0,3.164,9.12,7.46,0.0000,-0.3121081273179024,1,15,56,2000-07-06
000990.SZ,2023-12-19,8.17,8.14,8.19,8.1,8.19,-0.05,-0.6105,56405.0,45886.9,0.4641,0.9954,1.02,187.067,65.0181,0.5603,0.8442,0.7968,0.0,1.3514,121524.0,121524.0,56666.8,989203.0,989203.0,3.164,9.01,7.37,0.0000,-0.4601197920461693,1,15,56,2000-07-06
000990.SZ,2023-12-20,8.2,8.1,8.22,8.1,8.14,-0.04,-0.4914,48219.0,39367.6,0.3968,0.8509,0.91,186.148,64.6986,0.5575,0.8401,0.7929,0.0,1.358,121524.0,121524.0,56666.8,984342.0,984342.0,3.164,8.95,7.33,0.0000,-0.5193266289290629,1,15,56,2000-07-06
000990.SZ,2023-12-21,8.05,8.13,8.16,7.97,8.1,0.03,0.3704,47659.1,38420.7,0.3922,0.841,0.94,186.837,64.9382,0.5596,0.8432,0.7958,0.0,1.353,121524.0,121524.0,56666.8,987988.0,987987.0,3.164,8.91,7.29,0.0000,0.013102717241606537,1,15,56,2000-07-06
000990.SZ,2023-12-22,8.13,8.11,8.2,8.05,8.13,-0.02,-0.246,51902.7,42176.7,0.4271,0.9159,1.0,186.378,64.7785,0.5582,0.8411,0.7939,0.0,1.3564,121524.0,121524.0,56666.8,985558.0,985557.0,3.164,8.94,7.32,0.0000,-0.23468814785323422,1,15,56,2000-07-06
000990.SZ,2023-12-25,8.08,8.05,8.16,7.94,8.11,-0.06,-0.7398,56183.0,44956.8,0.4623,0.9915,1.09,184.999,64.2992,0.5541,0.8349,0.788,0.0,1.3665,121524.0,121524.0,56666.8,978266.0,978266.0,3.164,8.92,7.3,0.0000,-0.28476282048430773,1,15,56,2000-07-06
000990.SZ,2023-12-26,8.12,8.01,8.12,7.97,8.05,-0.04,-0.4969,47732.0,38380.2,0.3928,0.8423,0.92,184.079,63.9797,0.5513,0.8307,0.7841,0.0,1.3733,121524.0,121524.0,56666.8,973405.0,973405.0,3.164,8.86,7.25,0.0000,0.10459100729374579,1,15,56,2000-07-06
000990.SZ,2023-12-27,7.94,8.03,8.05,7.91,8.01,0.02,0.2497,49276.0,39268.0,0.4055,0.8696,0.98,184.539,64.1395,0.5527,0.8328,0.786,0.0,1.3699,121524.0,121524.0,56666.8,975836.0,975835.0,3.164,8.81,7.21,0.0000,-0.11822984287277968,1,15,56,2000-07-06
000990.SZ,2023-12-28,8.03,8.15,8.18,7.97,8.03,0.12,1.4944,60594.4,49036.5,0.4986,1.0693,1.2,187.297,65.098,0.561,0.8453,0.7978,0.0,1.3497,121524.0,121524.0,56666.8,990419.0,990418.0,3.164,8.83,7.23,0.0000,-0.2359617123355267,1,15,56,2000-07-06
000990.SZ,2023-12-29,8.18,8.21,8.22,8.13,8.15,0.06,0.7362,49532.0,40490.8,0.4076,0.8741,0.93,188.676,65.5772,0.5651,0.8515,0.8037,0.0,1.3398,121524.0,121524.0,56666.8,997710.0,997709.0,3.164,8.97,7.34,0.0000,0.09547019789393414,1,15,56,2000-07-06
000990.SZ,2024-01-02,8.21,8.38,8.43,8.21,8.21,0.17,2.0706,119832.0,100223.0,0.9861,2.1147,2.28,192.583,66.9351,0.5768,0.8691,0.8203,1.3126,1.3126,121524.0,121524.0,56666.8,1018370.0,1018370.0,3.164,9.03,7.39,0.0000,-0.06545306726798326,1,15,56,2000-07-06
000990.SZ,2024-01-03,8.38,8.56,8.62,8.34,8.38,0.18,2.148,125630.0,107211.0,1.0338,2.217,1.92,196.719,68.3729,0.5892,0.8878,0.8379,1.285,1.285,121524.0,121524.0,56666.8,1040240.0,1040240.0,3.164,9.22,7.54,0.0000,-0.0765359425363904,1,15,56,2000-07-06
000990.SZ,2024-01-04,8.51,8.55,8.6,8.51,8.56,-0.01,-0.1168,92358.3,79051.1,0.76,1.6298,1.14,196.489,68.293,0.5885,0.8867,0.8369,1.2865,1.2865,121524.0,121524.0,56666.8,1039030.0,1039030.0,3.164,9.42,7.7,0.0000,-0.4340782210258058,1,15,56,2000-07-06
000990.SZ,2024-01-05,8.58,8.48,8.62,8.44,8.55,-0.07,-0.8187,67393.0,57535.7,0.5546,1.1893,0.75,194.881,67.7339,0.5837,0.8795,0.8301,1.2972,1.2972,121524.0,121524.0,56666.8,1030520.0,1030520.0,3.164,9.41,7.7,0.0000,-0.42605897388938224,1,15,56,2000-07-06
000990.SZ,2024-01-08,8.49,8.36,8.49,8.33,8.48,-0.12,-1.4151,66750.1,56099.5,0.5493,1.1779,0.73,192.123,66.7754,0.5754,0.867,0.8183,1.3158,1.3158,121524.0,121524.0,56666.8,1015940.0,1015940.0,3.164,9.33,7.63,0.0000,0.07390409309473223,1,15,56,2000-07-06
000990.SZ,2024-01-09,8.33,8.33,8.38,8.22,8.36,-0.03,-0.3589,73553.1,61013.4,0.6053,1.298,0.78,191.434,66.5357,0.5733,0.8639,0.8154,1.3205,1.3205,121524.0,121524.0,56666.8,1012290.0,1012290.0,3.164,9.2,7.52,0.0000,0.27424028489228497,1,15,56,2000-07-06
000990.SZ,2024-01-10,8.34,8.3,8.45,8.25,8.33,-0.03,-0.3601,69110.0,57660.2,0.5687,1.2196,0.81,190.744,66.2961,0.5713,0.8608,0.8125,1.3253,1.3253,121524.0,121524.0,56666.8,1008650.0,1008650.0,3.164,9.16,7.5,0.0000,-0.32898134823038494,1,15,56,2000-07-06
000990.SZ,2024-01-11,8.3,8.28,8.33,8.21,8.3,-0.02,-0.241,65500.0,54244.4,0.539,1.1559,0.89,190.284,66.1364,0.5699,0.8587,0.8105,1.3285,1.3285,121524.0,121524.0,56666.8,1006220.0,1006220.0,3.164,9.13,7.47,0.0000,-0.04207292940872935,1,15,56,2000-07-06
000990.SZ,2024-01-12,8.28,8.22,8.34,8.2,8.28,-0.06,-0.7246,63222.1,52311.6,0.5202,1.1157,0.92,188.906,65.6571,0.5658,0.8525,0.8046,1.3382,1.3382,121524.0,121524.0,56666.8,998925.0,998924.0,3.164,9.11,7.45,0.0000,-0.28961767099823493,1,15,56,2000-07-06
000990.SZ,2024-01-15,8.25,8.24,8.29,8.17,8.22,0.02,0.2433,56772.0,46750.7,0.4672,1.0019,0.84,189.365,65.8169,0.5672,0.8546,0.8066,1.335,1.335,121524.0,121524.0,56666.8,1001360.0,1001360.0,3.164,9.04,7.4,0.0000,-0.06351371625490083,1,15,56,2000-07-06
000990.SZ,2024-01-16,8.22,8.17,8.29,8.11,8.24,-0.07,-0.8495,53998.0,44248.4,0.4443,0.9529,0.82,187.757,65.2577,0.5623,0.8473,0.7997,1.3464,1.3464,121524.0,121524.0,56666.8,992849.0,992848.0,3.164,9.06,7.42,0.0000,-0.011950463650332336,1,15,56,2000-07-06
000990.SZ,2024-01-17,8.19,8.02,8.2,8.01,8.17,-0.15,-1.836,49608.0,40322.7,0.4082,0.8754,0.8,184.309,64.0596,0.552,0.8318,0.7851,1.3716,1.3716,121524.0,121524.0,56666.8,974620.0,974620.0,3.164,8.99,7.35,0.0000,-0.4399384376858614,1,15,56,2000-07-06
000990.SZ,2024-01-18,7.98,7.76,8.04,7.54,8.02,-0.26,-3.2419,133137.0,102779.0,1.0956,2.3495,2.3,178.334,61.9829,0.5341,0.8048,0.7596,1.4175,1.4175,121524.0,121524.0,56666.8,943024.0,943024.0,3.164,8.82,7.22,0.0000,0.23263947882613986,1,15,56,2000-07-06
000990.SZ,2024-01-19,7.79,7.73,7.81,7.67,7.76,-0.03,-0.3866,80984.0,62755.6,0.6664,1.4291,1.14,177.645,61.7432,0.5321,0.8017,0.7567,1.423,1.423,121524.0,121524.0,56666.8,939379.0,939378.0,3.164,8.54,6.98,0.0000,0.17189786115275357,1,15,56,2000-07-06
000990.SZ,2024-01-22,7.68,7.23,7.73,7.18,7.73,-0.5,-6.4683,97745.0,72674.0,0.8043,1.7249,1.31,166.154,57.7495,0.4976,0.7498,0.7077,1.5214,1.5214,121524.0,121524.0,56666.8,878617.0,878616.0,3.164,8.5,6.96,0.0000,-0.14668143396599473,1,15,56,2000-07-06
000990.SZ,2024-01-23,7.22,7.25,7.31,7.0,7.23,0.02,0.2766,117966.0,84583.4,0.9707,2.0817,1.42,166.614,57.9093,0.499,0.7519,0.7097,1.5172,1.5172,121524.0,121524.0,56666.8,881047.0,881047.0,3.164,7.95,6.51,0.0000,0.09122794479268365,1,15,56,2000-07-06
000990.SZ,2024-01-24,7.27,7.5,7.5,7.21,7.25,0.25,3.4483,106158.0,78185.3,0.8736,1.8734,1.11,172.359,59.9061,0.5162,0.7778,0.7342,1.4667,1.4667,121524.0,121524.0,56666.8,911428.0,911428.0,3.164,7.98,6.53,0.0000,-0.32168971368251176,1,15,56,2000-07-06
000990.SZ,2024-01-25,7.55,7.83,7.84,7.48,7.5,0.33,4.4,85964.3,65988.0,0.7074,1.517,0.8,179.943,62.542,0.5389,0.8121,0.7665,1.4049,1.4049,121524.0,121524.0,56666.8,951531.0,951530.0,3.164,8.25,6.75,0.0000,-0.42376466831921034,1,15,56,2000-07-06
000990.SZ,2024-01-26,7.8,7.92,8.01,7.77,7.83,0.09,1.1494,93611.2,74273.6,0.7703,1.652,0.96,182.011,63.2609,0.5451,0.8214,0.7753,1.3889,1.3889,121524.0,121524.0,56666.8,962468.0,962467.0,3.164,8.61,7.05,0.0000,0.44542443433043644,1,15,56,2000-07-06
000990.SZ,2024-01-29,7.98,7.96,8.13,7.93,7.92,0.04,0.5051,115149.0,92303.1,0.9475,2.032,1.15,182.93,63.5804,0.5479,0.8256,0.7792,1.3819,1.3819,121524.0,121524.0,56666.8,967329.0,967328.0,3.164,8.71,7.13,0.0000,0.09651019669043265,1,15,56,2000-07-06
000990.SZ,2024-01-30,7.74,7.61,7.9,7.6,7.96,-0.35,-4.397,111882.0,86801.7,0.9207,1.9744,1.08,174.887,60.7848,0.5238,0.7893,0.7449,1.4455,1.4455,121524.0,121524.0,56666.8,924796.0,924795.0,3.164,8.76,7.16,0.0000,0.25232103877453227,1,15,56,2000-07-06
000990.SZ,2024-01-31,7.67,7.31,7.67,7.26,7.61,-0.3,-3.9422,139466.0,103618.0,1.1476,2.4612,1.36,167.993,58.3885,0.5031,0.7581,0.7156,1.5048,1.5048,121524.0,121524.0,56666.8,888339.0,888338.0,3.164,8.37,6.85,0.0000,0.06593664013295862,1,15,56,2000-07-06
000990.SZ,2024-02-01,7.25,7.1,7.31,7.02,7.31,-0.21,-2.8728,153110.0,109672.0,1.2599,2.7019,1.4,163.167,56.7111,0.4887,0.7364,0.695,1.5493,1.5493,121524.0,121524.0,56666.8,862819.0,862818.0,3.164,8.04,6.58,0.0000,0.21511065448229194,1,15,56,2000-07-06
000990.SZ,2024-02-02,7.1,6.72,7.18,6.52,7.1,-0.38,-5.3521,177240.0,121457.0,1.4585,3.1278,1.45,154.434,53.6759,0.4625,0.697,0.6578,1.6369,1.6369,121524.0,121524.0,56666.8,816640.0,816639.0,3.164,7.81,6.39,0.0000,-0.06576972158194032,1,15,56,2000-07-06
000990.SZ,2024-02-05,6.71,6.14,6.71,6.05,6.72,-0.58,-8.631,214443.0,135046.0,1.7646,3.7843,1.54,141.105,49.0432,0.4226,0.6368,0.601,1.7915,1.7915,121524.0,121524.0,56666.8,746156.0,746155.0,3.164,7.39,6.05,0.0000,-0.1374146432085035,1,15,56,2000-07-06
000990.SZ,2024-02-06,6.07,6.56,6.7,5.96,6.14,0.42,6.8404,214215.0,134982.0,1.7627,3.7802,1.35,150.757,52.3979,0.4515,0.6804,0.6421,1.6768,1.6768,121524.0,121524.0,56666.8,797196.0,797195.0,3.164,6.75,5.53,0.0000,0.15123693691449366,1,15,56,2000-07-06
000990.SZ,2024-02-07,6.51,6.77,6.88,6.5,6.56,0.21,3.2012,192360.0,129630.0,1.5829,3.3946,1.07,155.583,54.0753,0.466,0.7021,0.6627,1.6248,1.6248,121524.0,121524.0,56666.8,822716.0,822715.0,3.164,7.22,5.9,0.0000,-0.32790480628452395,1,15,56,2000-07-06
000990.SZ,2024-02-08,6.77,7.21,7.28,6.77,6.77,0.44,6.4993,194850.0,137527.0,1.6034,3.4385,1.02,165.695,57.5898,0.4963,0.7478,0.7058,1.5257,1.5257,121524.0,121524.0,56666.8,876186.0,876186.0,3.164,7.45,6.09,0.0000,-0.30116536318743947,1,15,56,2000-07-06
000990.SZ,2024-02-19,7.34,7.14,7.34,6.98,7.21,-0.07,-0.9709,210018.0,149469.0,1.7282,3.7062,1.06,164.086,57.0306,0.4914,0.7405,0.6989,1.5406,1.5406,121524.0,121524.0,56666.8,867680.0,867679.0,3.164,7.93,6.49,0.0000,-0.21290527063744974,1,15,56,2000-07-06
000990.SZ,2024-02-20,7.18,7.12,7.18,7.01,7.14,-0.02,-0.2801,103388.0,73322.7,0.8508,1.8245,0.5,163.626,56.8709,0.4901,0.7384,0.697,1.5449,1.5449,121524.0,121524.0,56666.8,865249.0,865248.0,3.164,7.85,6.43,0.0000,0.026406395505078575,1,15,56,2000-07-06
000990.SZ,2024-02-21,7.07,7.18,7.36,7.03,7.12,0.06,0.8427,131683.0,95315.2,1.0836,2.3238,0.72,165.005,57.3501,0.4942,0.7447,0.7028,1.532,1.532,121524.0,121524.0,56666.8,872541.0,872540.0,3.164,7.83,6.41,0.0000,-0.014210392957449249,1,15,56,2000-07-06
000990.SZ,2024-02-22,7.18,7.28,7.34,7.18,7.18,0.1,1.3928,90945.0,66134.1,0.7484,1.6049,0.55,167.303,58.1489,0.5011,0.755,0.7126,1.511,1.511,121524.0,121524.0,56666.8,884693.0,884692.0,3.164,7.9,6.46,0.0000,-0.2000285741722273,1,15,56,2000-07-06
000990.SZ,2024-02-23,7.35,7.37,7.38,7.25,7.28,0.09,1.2363,105143.0,76922.3,0.8652,1.8555,0.72,169.372,58.8678,0.5073,0.7644,0.7214,1.4925,1.4925,121524.0,121524.0,56666.8,895630.0,895629.0,3.164,8.01,6.55,0.0000,-0.14219707981831384,1,15,56,2000-07-06
000990.SZ,2024-02-26,7.4,7.33,7.44,7.27,7.37,-0.04,-0.5427,111849.0,82184.1,0.9204,1.9738,0.87,168.452,58.5483,0.5045,0.7602,0.7175,1.5007,1.5007,121524.0,121524.0,56666.8,890769.0,890768.0,3.164,8.11,6.63,0.0000,-0.10851188052406938,1,15,56,2000-07-06
000990.SZ,2024-02-27,7.28,7.42,7.43,7.26,7.33,0.09,1.2278,104454.0,76809.8,0.8595,1.8433,0.96,170.521,59.2671,0.5107,0.7696,0.7263,1.4825,1.4825,121524.0,121524.0,56666.8,901706.0,901706.0,3.164,8.06,6.6,0.0000,0.1251967475181695,1,15,56,2000-07-06
000990.SZ,2024-02-28,7.44,7.22,7.66,7.22,7.42,-0.2,-2.6954,174111.0,130123.0,1.4327,3.0725,1.6,165.924,57.6696,0.4969,0.7488,0.7068,1.5235,1.5235,121524.0,121524.0,56666.8,877402.0,877401.0,3.164,8.16,6.68,0.0000,-0.11762549387911178,1,15,56,2000-07-06
000990.SZ,2024-02-29,7.2,7.5,7.52,7.15,7.22,0.28,3.8781,175517.0,129141.0,1.4443,3.0974,1.5,172.359,59.9061,0.5162,0.7778,0.7342,1.4667,1.4667,121524.0,121524.0,56666.8,911428.0,911428.0,3.164,7.94,6.5,0.0000,0.0948945268134037,1,15,56,2000-07-06
000990.SZ,2024-03-01,7.55,7.51,7.69,7.45,7.5,0.01,0.1333,169739.0,127880.0,1.3968,2.9954,1.26,172.589,59.986,0.5169,0.7789,0.7351,1.4647,1.4647,121524.0,121524.0,56666.8,912643.0,912643.0,3.164,8.25,6.75,0.0000,0.02480559715015143,1,15,56,2000-07-06
000990.SZ,2024-03-04,7.49,7.39,7.52,7.33,7.51,-0.12,-1.5979,120234.0,88756.4,0.9894,2.1218,0.82,169.831,59.0275,0.5086,0.7664,0.7234,1.4885,1.4885,121524.0,121524.0,56666.8,898061.0,898060.0,3.164,8.26,6.76,0.0000,-0.07351529903238706,1,15,56,2000-07-06
000990.SZ,2024-03-05,7.34,7.26,7.37,7.21,7.39,-0.13,-1.7591,117047.0,85051.1,0.9632,2.0655,0.79,166.844,57.9891,0.4997,0.753,0.7107,1.5152,1.5152,121524.0,121524.0,56666.8,882262.0,882262.0,3.164,8.13,6.65,0.0000,-0.05405465115535339,1,15,56,2000-07-06
000990.SZ,2024-03-06,7.23,7.3,7.36,7.23,7.26,0.04,0.551,78754.1,57415.3,0.6481,1.3898,0.52,167.763,58.3086,0.5025,0.7571,0.7146,1.5068,1.5068,121524.0,121524.0,56666.8,887123.0,887123.0,3.164,7.99,6.53,0.0000,-0.045503599552291,1,15,56,2000-07-06
000990.SZ,2024-03-07,7.28,7.24,7.37,7.24,7.3,-0.06,-0.8219,97798.0,71372.0,0.8048,1.7258,0.74,166.384,57.8294,0.4983,0.7509,0.7087,1.5193,1.5193,121524.0,121524.0,56666.8,879832.0,879831.0,3.164,8.03,6.57,0.0000,-0.16769862500231725,1,15,56,2000-07-06
000990.SZ,2024-03-08,7.27,7.23,7.31,7.13,7.24,-0.01,-0.1381,100540.0,72519.8,0.8273,1.7742,0.86,166.154,57.7495,0.4976,0.7498,0.7077,1.5214,1.5214,121524.0,121524.0,56666.8,878617.0,878616.0,3.164,7.96,6.52,0.0000,0.009743347763421966,1,15,56,2000-07-06
000990.SZ,2024-03-11,7.23,7.27,7.29,7.15,7.23,0.04,0.5533,126449.0,91116.2,1.0405,2.2314,1.23,167.073,58.069,0.5004,0.754,0.7116,1.5131,1.5131,121524.0,121524.0,56666.8,883478.0,883477.0,3.164,7.95,6.51,0.0000,0.16836730142710413,1,15,56,2000-07-06
000990.SZ,2024-03-12,7.27,7.38,7.38,7.22,7.27,0.11,1.5131,151982.0,110930.0,1.2506,2.682,1.46,169.601,58.9476,0.508,0.7654,0.7224,1.4905,1.4905,121524.0,121524.0,56666.8,896845.0,896845.0,3.164,8.0,6.54,0.0000,-0.1853656602407429,1,15,56,2000-07-06
000990.SZ,2024-03-13,7.43,7.26,7.47,7.22,7.38,-0.12,-1.626,225220.0,164346.0,1.8533,3.9745,2.03,49.7326,49.7326,0.4998,0.7105,0.7105,1.5152,1.5152,121524.0,121524.0,56666.8,882262.0,882262.0,3.164,8.12,6.64,0.0000,0.34409973499216095,1,15,56,2000-07-06
000990.SZ,2024-03-14,7.29,7.24,7.35,7.19,7.26,-0.02,-0.2755,153408.0,111518.0,1.2624,2.7072,1.09,49.5956,49.5956,0.4985,0.7085,0.7085,1.5193,1.5193,121524.0,121524.0,56666.8,879832.0,879831.0,3.164,7.99,6.53,0.0000,-0.07577535899043672,1,15,56,2000-07-06
000990.SZ,2024-03-15,7.2,7.32,7.33,7.19,7.24,0.08,1.105,125631.0,91330.7,1.0338,2.217,0.83,50.1436,50.1436,0.504,0.7164,0.7164,1.5027,1.5027,121524.0,121524.0,56666.8,889554.0,889553.0,3.164,7.96,6.52,0.0000,-0.1987949947614746,1,15,56,2000-07-06
000990.SZ,2024-03-18,7.32,7.39,7.41,7.28,7.32,0.07,0.9563,174239.0,128065.0,1.4338,3.0748,1.11,50.6231,50.6231,0.5088,0.7232,0.7232,1.4885,1.4885,121524.0,121524.0,56666.8,898061.0,898060.0,3.164,8.05,6.59,0.0000,-0.11670166282823789,1,15,56,2000-07-06
000990.SZ,2024-03-19,7.38,7.38,7.45,7.37,7.39,-0.01,-0.1353,138222.0,102406.0,1.1374,2.4392,0.83,50.5546,50.5546,0.5081,0.7222,0.7222,1.4905,1.4905,121524.0,121524.0,56666.8,896845.0,896844.0,3.164,8.13,6.65,0.0000,0.11582138492416873,1,15,56,2000-07-06
000990.SZ,2024-03-20,7.37,7.42,7.44,7.35,7.38,0.04,0.542,118970.0,88083.3,0.979,2.0995,0.73,50.8286,50.8286,0.5109,0.7262,0.7262,1.4825,1.4825,121524.0,121524.0,56666.8,901706.0,901705.0,3.164,8.12,6.64,0.0000,-0.2002961374978628,1,15,56,2000-07-06
000990.SZ,2024-03-21,7.44,7.38,7.49,7.33,7.42,-0.04,-0.5391,105627.0,78074.2,0.8692,1.864,0.74,50.5546,50.5546,0.5081,0.7222,0.7222,1.4905,1.4905,121524.0,121524.0,56666.8,896845.0,896844.0,3.164,8.16,6.68,0.0000,0.09868995056843763,1,15,56,2000-07-06
000990.SZ,2024-03-22,7.38,7.31,7.4,7.26,7.38,-0.07,-0.9485,114756.0,84020.9,0.9443,2.0251,0.87,50.0751,50.0751,0.5033,0.7154,0.7154,1.5048,1.5048,121524.0,121524.0,56666.8,888339.0,888338.0,3.164,8.12,6.64,0.0000,0.0011863459417044467,1,15,56,2000-07-06
000990.SZ,2024-03-25,7.3,7.2,7.34,7.2,7.31,-0.11,-1.5048,117376.0,85258.4,0.9659,2.0713,0.9,49.3216,49.3216,0.4957,0.7046,0.7046,1.5278,1.5278,121524.0,121524.0,56666.8,874971.0,874970.0,3.164,8.04,6.58,0.0000,0.17526803611925537,1,15,56,2000-07-06
000990.SZ,2024-03-26,7.25,7.1,7.28,7.01,7.2,-0.1,-1.3889,150243.0,106757.0,1.2363,2.6513,1.26,48.6365,48.6365,0.4888,0.6948,0.6948,1.5493,1.5493,121524.0,121524.0,56666.8,862819.0,862818.0,3.164,7.92,6.48,0.0000,-0.26477667634050794,1,15,56,2000-07-06
000990.SZ,2024-03-27,7.08,7.01,7.23,7.01,7.1,-0.09,-1.2676,149771.0,106650.0,1.2324,2.643,1.23,48.02,48.02,0.4826,0.686,0.686,1.5692,1.5692,121524.0,121524.0,56666.8,851882.0,851881.0,3.164,7.81,6.39,0.0000,0.16501207500970622,1,15,56,2000-07-06
000990.SZ,2024-03-28,6.83,7.03,7.11,6.8,7.01,0.02,0.2853,129661.0,90554.0,1.067,2.2881,1.02,48.157,48.157,0.484,0.688,0.688,1.5647,1.5647,121524.0,121524.0,56666.8,854312.0,854311.0,3.164,7.71,6.31,0.0000,-0.07665309695446408,1,15,56,2000-07-06
000990.SZ,2024-03-29,7.02,7.17,7.17,6.99,7.03,0.14,1.9915,87020.0,61548.1,0.7161,1.5356,0.66,49.116,49.116,0.4936,0.7017,0.7017,1.5342,1.5342,121524.0,121524.0,56666.8,871325.0,871324.0,3.164,7.73,6.33,0.0000,-0.16957050281188407,1,15,56,2000-07-06
000990.SZ,2024-04-01,7.16,7.38,7.38,7.15,7.17,0.21,2.9289,139880.0,102129.0,1.1511,2.4685,1.1,50.5546,50.5546,0.5081,0.7222,0.7222,1.4905,1.4905,121524.0,121524.0,56666.8,896845.0,896844.0,3.164,7.89,6.45,0.0000,-0.28592691585385477,1,15,56,2000-07-06
000990.SZ,2024-04-02,7.38,7.5,7.5,7.35,7.38,0.12,1.626,128754.0,96109.2,1.0595,2.2721,0.98,51.3766,51.3766,0.5164,0.734,0.734,1.4667,1.4667,121524.0,121524.0,56666.8,911428.0,911427.0,3.164,8.12,6.64,0.0000,-0.08012261782743042,1,15,56,2000-07-06
000990.SZ,2024-04-03,7.48,7.54,7.62,7.45,7.5,0.04,0.5333,112314.0,84611.6,0.9242,1.982,0.88,51.6506,51.6506,0.5191,0.7379,0.7379,1.4589,1.4589,121524.0,121524.0,56666.8,916289.0,916288.0,3.164,8.25,6.75,0.0000,-0.2877485428602977,1,15,56,2000-07-06
000990.SZ,2024-04-08,7.48,7.37,7.56,7.35,7.54,-0.17,-2.2546,103880.0,77419.4,0.8548,1.8332,0.87,50.4861,50.4861,0.5074,0.7213,0.7213,1.4925,1.4925,121524.0,121524.0,56666.8,895630.0,895629.0,3.164,8.29,6.79,0.0000,-0.07268751157676556,1,15,56,2000-07-06
000990.SZ,2024-04-09,7.35,7.5,7.5,7.35,7.37,0.13,1.7639,107580.0,80135.0,0.8853,1.8985,0.94,51.3766,51.3766,0.5164,0.734,0.734,1.4667,1.4667,121524.0,121524.0,56666.8,911428.0,911427.0,3.164,8.11,6.63,0.0000,-0.21275776817198258,1,15,56,2000-07-06
000990.SZ,2024-04-10,7.49,7.34,7.5,7.29,7.5,-0.16,-2.1333,85920.2,63411.5,0.707,1.5162,0.73,50.2806,50.2806,0.5054,0.7183,0.7183,1.4986,1.4986,121524.0,121524.0,56666.8,891984.0,891984.0,3.164,8.25,6.75,0.0000,-0.07812448944915461,1,15,56,2000-07-06
000990.SZ,2024-04-11,7.33,7.36,7.46,7.29,7.34,0.02,0.2725,112123.0,83039.5,0.9226,1.9786,1.04,50.4176,50.4176,0.5067,0.7203,0.7203,1.4946,1.4946,121524.0,121524.0,56666.8,894415.0,894414.0,3.164,8.07,6.61,0.0000,-0.07884035728761654,1,15,56,2000-07-06
000990.SZ,2024-04-12,7.36,7.25,7.39,7.23,7.36,-0.11,-1.4946,106519.0,77628.8,0.8765,1.8797,1.02,49.6641,49.6641,0.4992,0.7095,0.7095,1.5172,1.5172,121524.0,121524.0,56666.8,881047.0,881046.0,3.164,8.1,6.62,0.0000,0.18136973396674305,1,15,56,2000-07-06
000990.SZ,2024-04-15,7.27,7.09,7.3,6.97,7.25,-0.16,-2.2069,171910.0,122298.0,1.4146,3.0337,1.67,48.568,48.568,0.4881,0.6939,0.6939,1.5515,1.5515,121524.0,121524.0,56666.8,861603.0,861603.0,3.164,7.98,6.53,0.0000,0.2451575335071304,1,15,56,2000-07-06
000990.SZ,2024-04-16,7.09,6.86,7.17,6.83,7.09,-0.23,-3.244,213607.0,148406.0,1.7577,3.7695,1.83,46.9925,46.9925,0.4723,0.6714,0.6714,1.6035,1.6035,121524.0,121524.0,56666.8,833653.0,833652.0,3.164,7.8,6.38,0.0000,0.10754271445876261,1,15,56,2000-07-06
000990.SZ,2024-04-17,7.55,7.55,7.55,7.31,6.86,0.69,10.0583,448922.0,334091.0,3.6941,7.9221,3.25,51.7191,23.6207,0.5152,0.7389,0.7793,1.457,1.457,121524.0,121524.0,56666.8,917504.0,917503.0,3.164,7.55,6.17,0.0000,-0.017682853919732,1,15,56,2000-07-06
000990.SZ,2024-04-18,7.46,7.4,7.53,7.33,7.55,-0.15,-1.9868,326898.0,242930.0,2.69,5.7688,1.55,50.6916,23.1514,0.505,0.7242,0.7638,1.4865,1.4865,121524.0,121524.0,56666.8,899276.0,899275.0,3.164,8.31,6.8,0.0000,-0.11454261334659323,1,15,56,2000-07-06
000990.SZ,2024-04-19,7.4,7.61,7.8,7.36,7.4,0.21,2.8378,339530.0,258937.0,2.7939,5.9917,1.34,52.1301,23.8084,0.5193,0.7448,0.7855,1.4455,1.4455,121524.0,121524.0,56666.8,924796.0,924795.0,3.164,8.14,6.66,0.0000,0.06126484094974488,1,15,56,2000-07-06
000990.SZ,2024-04-22,7.56,7.5,7.64,7.41,7.61,-0.11,-1.4455,205386.0,154129.0,1.6901,3.6244,0.68,51.3766,23.4642,0.5118,0.734,0.7742,1.4667,1.4667,121524.0,121524.0,56666.8,911428.0,911427.0,3.164,8.37,6.85,0.0000,-0.03357629316423161,1,15,56,2000-07-06
000990.SZ,2024-04-23,7.49,7.38,7.53,7.32,7.5,-0.12,-1.6,184278.0,136190.0,1.5164,3.252,0.6,50.5546,23.0888,0.5036,0.7222,0.7618,1.4905,1.4905,121524.0,121524.0,56666.8,896845.0,896844.0,3.164,8.25,6.75,0.0000,0.04940635996407887,1,15,56,2000-07-06
000990.SZ,2024-04-24,7.38,7.44,7.45,7.24,7.38,0.06,0.813,211714.0,155946.0,1.7422,3.7361,0.7,50.9656,23.2765,0.5077,0.7281,0.768,1.4785,1.4785,121524.0,121524.0,56666.8,904137.0,904136.0,3.164,8.12,6.64,0.0000,0.031133209727436384,1,15,56,2000-07-06
000990.SZ,2024-04-25,7.41,7.47,7.54,7.39,7.44,0.03,0.4032,196267.0,146901.0,1.615,3.4635,0.77,51.1711,23.3704,0.5097,0.7311,0.7711,1.4726,1.4726,121524.0,121524.0,56666.8,907782.0,907782.0,3.164,8.18,6.7,0.0000,-0.020396498167943308,1,15,56,2000-07-06
000990.SZ,2024-04-26,7.44,7.55,7.57,7.42,7.47,0.08,1.071,232069.0,174322.0,1.9097,4.0953,1.02,51.7191,23.6207,0.5152,0.7389,0.7793,1.457,1.457,121524.0,121524.0,56666.8,917504.0,917503.0,3.164,8.22,6.72,0.0000,-0.15063866350227484,1,15,56,2000-07-06
000990.SZ,2024-04-29,7.53,7.71,7.74,7.51,7.55,0.16,2.1192,274525.0,209892.0,2.259,4.8445,1.33,52.8152,24.1212,0.5261,0.7545,0.7958,1.4267,1.4267,121524.0,121524.0,56666.8,936948.0,936947.0,3.164,8.31,6.8,0.0000,-0.11196795324045215,1,15,56,2000-07-06
000990.SZ,2024-04-30,7.67,7.74,7.75,7.63,7.71,0.03,0.3891,235594.0,181485.0,1.9387,4.1575,1.07,53.0207,24.2151,0.5282,0.7575,0.7989,1.4212,1.4212,121524.0,121524.0,56666.8,940594.0,940593.0,3.164,8.48,6.94,0.0000,-0.21883108202970905,1,15,56,2000-07-06
000990.SZ,2024-05-06,7.83,8.06,8.08,7.81,7.74,0.32,4.1344,335603.0,267124.0,2.7616,5.9224,1.46,55.2127,25.2162,0.55,0.7888,0.832,1.3648,1.3648,121524.0,121524.0,56666.8,979481.0,979480.0,3.164,8.51,6.97,0.0000,-0.14654255821018913,1,15,56,2000-07-06
000990.SZ,2024-05-07,8.09,8.11,8.13,7.99,8.06,0.05,0.6203,259630.0,209275.0,2.1365,4.5817,1.02,55.5553,25.3727,0.5534,0.7937,0.8371,1.3564,1.3564,121524.0,121524.0,56666.8,985558.0,985557.0,3.164,8.87,7.25,0.0000,-0.022182600417410818,1,15,56,2000-07-06
000990.SZ,2024-05-08,8.36,8.17,8.37,8.13,8.11,0.06,0.7398,445345.0,365567.0,3.6647,7.859,1.66,55.9663,25.5604,0.5575,0.7996,0.8433,1.3464,1.3464,121524.0,121524.0,56666.8,992849.0,992848.0,3.164,8.92,7.3,0.0000,0.08027802977102588,1,15,56,2000-07-06
000990.SZ,2024-05-09,8.14,8.14,8.23,8.06,8.17,-0.03,-0.3672,285659.0,232763.0,2.3506,5.041,0.92,55.7608,25.4665,0.5555,0.7966,0.8402,1.3514,1.3514,121524.0,121524.0,56666.8,989203.0,989202.0,3.164,8.99,7.35,0.0000,-0.23293914740274888,1,15,56,2000-07-06
000990.SZ,2024-05-10,8.36,8.95,8.95,8.3,8.14,0.81,9.9509,936397.0,823182.0,7.7055,16.5246,3.0,61.3094,28.0007,0.6107,0.8759,0.9238,1.2291,1.2291,121524.0,121524.0,56666.8,1087640.0,1087640.0,3.164,8.95,7.33,0.0000,0.17742941724291278,1,15,56,2000-07-06
000990.SZ,2024-05-13,8.88,8.57,8.9,8.53,8.95,-0.38,-4.2458,908580.0,789990.0,7.4766,16.0337,2.01,58.7064,26.8118,0.5848,0.8387,0.8846,1.2835,1.2835,121524.0,121524.0,56666.8,1041460.0,1041460.0,3.164,9.85,8.06,0.0000,-0.12834194520225006,1,15,56,2000-07-06
000990.SZ,2024-05-14,8.75,8.75,9.14,8.71,8.57,0.18,2.1004,784553.0,694431.0,6.456,13.845,1.38,59.9394,27.3749,0.5971,0.8563,0.9032,1.2571,1.2571,121524.0,121524.0,56666.8,1063330.0,1063330.0,3.164,9.43,7.71,0.0000,-0.01434361698235536,1,15,56,2000-07-06
000990.SZ,2024-05-15,8.68,8.82,9.0,8.63,8.75,0.07,0.8,572927.0,504542.0,4.7145,10.1105,0.85,60.4189,27.5939,0.6019,0.8632,0.9104,1.2472,1.2472,121524.0,121524.0,56666.8,1071840.0,1071840.0,3.164,9.63,7.88,0.0000,0.00021029149149911865,1,15,56,2000-07-06
000990.SZ,2024-05-16,8.75,8.47,8.77,8.43,8.82,-0.35,-3.9683,513690.0,439689.0,4.2271,9.0651,0.74,58.0213,26.499,0.578,0.8289,0.8743,1.2987,1.2987,121524.0,121524.0,56666.8,1029310.0,1029310.0,3.164,9.7,7.94,0.0000,-0.21729009774871072,1,15,56,2000-07-06
000990.SZ,2024-05-17,8.49,8.49,8.53,8.3,8.47,0.02,0.2361,329970.0,278005.0,2.7153,5.823,0.44,58.1583,26.5615,0.5793,0.8309,0.8763,1.2956,1.2956,121524.0,121524.0,56666.8,1031740.0,1031740.0,3.164,9.32,7.62,0.0000,-0.0646964212473588,1,15,56,2000-07-06
000990.SZ,2024-05-20,8.5,8.52,8.59,8.43,8.49,0.03,0.3534,273781.0,232850.0,2.2529,4.8314,0.44,58.3638,26.6554,0.5814,0.8338,0.8794,1.2911,1.2911,121524.0,121524.0,56666.8,1035380.0,1035380.0,3.164,9.34,7.64,0.0000,-0.17530503550433796,1,15,56,2000-07-06
000990.SZ,2024-05-21,8.47,8.38,8.49,8.33,8.52,-0.14,-1.6432,216069.0,181334.0,1.778,3.813,0.44,57.4048,26.2174,0.5718,0.8201,0.865,1.3126,1.3126,121524.0,121524.0,56666.8,1018370.0,1018370.0,3.164,9.37,7.67,0.0000,-0.20578848169955413,1,15,56,2000-07-06
000990.SZ,2024-05-22,8.45,8.38,8.52,8.32,8.38,0.0,0.0,208961.0,175692.0,1.7195,3.6875,0.55,57.4048,26.2174,0.5718,0.8201,0.865,1.3126,1.3126,121524.0,121524.0,56666.8,1018370.0,1018370.0,3.164,9.22,7.54,0.0000,-0.055978090946208786,1,15,56,2000-07-06
000990.SZ,2024-05-23,8.3,8.08,8.36,8.05,8.38,-0.3,-3.58,265742.0,216674.0,2.1868,4.6896,0.86,55.3497,25.2788,0.5514,0.7908,0.834,1.3614,1.3614,121524.0,121524.0,56666.8,981912.0,981911.0,3.164,9.22,7.54,0.0000,-0.11500693748397285,1,15,56,2000-07-06
000990.SZ,2024-05-24,8.09,8.03,8.17,8.02,8.08,-0.05,-0.6188,154854.0,125266.0,1.2743,2.7327,0.6,55.0072,25.1224,0.548,0.7859,0.8289,1.3699,1.3699,121524.0,121524.0,56666.8,975836.0,975835.0,3.164,8.89,7.27,0.0000,-0.2287422240191827,1,15,56,2000-07-06
000990.SZ,2024-05-27,8.03,8.16,8.16,7.99,8.03,0.13,1.6189,168263.0,135885.0,1.3846,2.9693,0.75,55.8978,25.5291,0.5568,0.7986,0.8423,1.348,1.348,121524.0,121524.0,56666.8,991634.0,991633.0,3.164,8.83,7.23,0.0000,-0.068857312763928,1,15,56,2000-07-06
000990.SZ,2024-05-28,8.11,8.02,8.14,8.01,8.16,-0.14,-1.7157,134325.0,108345.0,1.1053,2.3704,0.66,54.9387,25.0911,0.5473,0.7849,0.8278,1.3716,1.3716,121524.0,121524.0,56666.8,974620.0,974620.0,3.164,8.98,7.34,0.0000,0.03901175964088924,1,15,56,2000-07-06
000990.SZ,2024-05-29,8.02,7.95,8.06,7.91,7.97,-0.02,-0.2509,126450.0,100939.0,1.0405,2.2315,0.68,54.4592,24.8721,0.5444,0.778,0.8206,1.3836,2.0126,121524.0,121524.0,56666.8,966114.0,966113.0,3.1838,8.77,7.17,0.0000,-0.031335042079786456,1,15,56,2000-07-06
000990.SZ,2024-05-30,7.95,7.98,8.08,7.92,7.95,0.03,0.3774,152987.0,122455.0,1.2589,2.6998,0.9,54.6647,24.966,0.5464,0.781,0.8237,1.3784,2.005,121524.0,121524.0,56666.8,969760.0,969759.0,3.1838,8.75,7.16,0.0000,0.04942376293749115,1,15,56,2000-07-06
000990.SZ,2024-05-31,7.96,7.9,8.05,7.89,7.98,-0.08,-1.0025,135573.0,107614.0,1.1156,2.3925,0.92,54.1167,24.7157,0.5409,0.7731,0.8154,1.3924,2.0253,121524.0,121524.0,56666.8,960038.0,960037.0,3.1838,8.78,7.18,0.0000,-0.22350746551635378,1,15,56,2000-07-06
000990.SZ,2024-06-03,7.86,7.79,7.89,7.71,7.9,-0.11,-1.3924,183745.0,143191.0,1.512,3.2426,1.28,53.3632,24.3715,0.5334,0.7624,0.8041,1.4121,2.0539,121524.0,121524.0,56666.8,946670.0,946669.0,3.1838,8.69,7.11,0.0000,-0.10897018516074564,1,15,56,2000-07-06
000990.SZ,2024-06-04,7.78,7.89,7.89,7.71,7.79,0.1,1.2837,153351.0,119826.0,1.2619,2.7062,1.05,54.0482,24.6844,0.5402,0.7722,0.8144,1.3942,2.0279,121524.0,121524.0,56666.8,958822.0,958821.0,3.1838,8.57,7.01,0.0000,-0.13300430098675756,1,15,56,2000-07-06
000990.SZ,2024-06-05,7.82,7.68,7.83,7.66,7.89,-0.21,-2.6616,141701.0,109931.0,1.166,2.5006,0.94,52.6097,24.0274,0.5259,0.7516,0.7927,1.4323,2.0833,121524.0,121524.0,56666.8,933302.0,933302.0,3.1838,8.68,7.1,0.0000,0.049531111180657,1,15,56,2000-07-06
000990.SZ,2024-06-06,7.69,7.48,7.75,7.41,7.68,-0.2,-2.6042,229490.0,172918.0,1.8884,4.0498,1.5,51.2396,23.4017,0.5122,0.732,0.7721,1.4706,2.139,121524.0,121524.0,56666.8,908998.0,908997.0,3.1838,8.45,6.91,0.0000,-0.11233849774036417,1,15,56,2000-07-06
000990.SZ,2024-06-07,7.53,7.6,7.62,7.49,7.48,0.12,1.6043,150270.0,113596.0,1.2365,2.6518,0.89,52.0616,23.7771,0.5204,0.7438,0.7845,1.4474,2.1053,121524.0,121524.0,56666.8,923580.0,923580.0,3.1838,8.23,6.73,0.0000,-0.28101292674182715,1,15,56,2000-07-06
000990.SZ,2024-06-11,7.57,7.63,7.66,7.47,7.6,0.03,0.3947,132384.0,100241.0,1.0894,2.3362,0.77,52.2671,23.871,0.5224,0.7467,0.7876,1.4417,0.6553,121524.0,121524.0,56666.8,927226.0,927225.0,3.1838,8.36,6.84,0.0000,-0.1341832436933362,1,15,56,2000-07-06
000990.SZ,2024-06-12,7.66,7.84,7.89,7.64,7.63,0.21,2.7523,204364.0,159531.0,1.6817,3.6064,1.27,53.7057,24.528,0.5368,0.7673,0.8092,1.4031,0.6378,121524.0,121524.0,56666.8,952746.0,952745.0,3.1838,8.39,6.87,0.0000,0.09843050868125656,1,15,56,2000-07-06
000990.SZ,2024-06-13,7.78,7.86,7.87,7.72,7.84,0.02,0.2551,168880.0,131839.0,1.3897,2.9802,0.98,53.8427,24.5905,0.5382,0.7692,0.8113,1.3995,0.6361,121524.0,121524.0,56666.8,955177.0,955176.0,3.1838,8.62,7.06,0.0000,0.04988637247496921,1,15,56,2000-07-06
000990.SZ,2024-06-14,7.81,7.85,7.97,7.78,7.86,-0.01,-0.1272,173491.0,136279.0,1.4276,3.0616,0.98,53.7742,24.5592,0.5375,0.7682,0.8103,1.4013,0.6369,121524.0,121524.0,56666.8,953961.0,953960.0,3.1838,8.65,7.07,0.0000,0.16720759669192273,1,15,56,2000-07-06
000990.SZ,2024-06-17,7.8,7.81,7.97,7.78,7.85,-0.04,-0.5096,150968.0,118851.0,1.2423,2.6641,0.91,53.5002,24.4341,0.5348,0.7643,0.8062,1.4085,0.6402,121524.0,121524.0,56666.8,949100.0,949100.0,3.1838,8.64,7.07,0.0000,-0.1535806424236434,1,15,56,2000-07-06
000990.SZ,2024-06-18,7.78,7.77,7.8,7.62,7.81,-0.04,-0.5122,173206.0,133561.0,1.4253,3.0566,1.04,53.2262,24.309,0.532,0.7604,0.802,1.4157,0.6435,121524.0,121524.0,56666.8,944240.0,944239.0,3.1838,8.59,7.03,0.0000,-0.18569078069218112,1,15,56,2000-07-06
000990.SZ,2024-06-19,7.76,7.63,7.8,7.62,7.77,-0.14,-1.8018,105157.0,80914.5,0.8653,1.8557,0.6,52.2671,23.871,0.5224,0.7467,0.7876,1.4417,0.6553,121524.0,121524.0,56666.8,927226.0,927225.0,3.1838,8.55,6.99,0.0000,-0.17817857763109,1,15,56,2000-07-06
000990.SZ,2024-06-20,7.61,7.46,7.66,7.45,7.63,-0.17,-2.228,113378.0,85242.0,0.933,2.0008,0.73,51.1026,23.3391,0.5108,0.7301,0.77,1.4745,0.6702,121524.0,121524.0,56666.8,906567.0,906566.0,3.1838,8.39,6.87,0.0000,-0.05542181796914659,1,15,56,2000-07-06
000990.SZ,2024-06-21,7.46,7.53,7.58,7.42,7.46,0.07,0.9383,104685.0,78824.4,0.8614,1.8474,0.73,51.5821,23.5581,0.5156,0.7369,0.7773,1.4608,0.664,121524.0,121524.0,56666.8,915074.0,915073.0,3.1838,8.21,6.71,0.0000,-0.2705399431715751,1,15,56,2000-07-06
000990.SZ,2024-06-24,7.5,7.3,7.53,7.23,7.53,-0.23,-3.0544,135439.0,99700.3,1.1145,2.3901,1.05,50.0066,22.8385,0.4998,0.7144,0.7535,1.5068,0.6849,121524.0,121524.0,56666.8,887123.0,887122.0,3.1838,8.28,6.78,0.0000,0.07074794129949746,1,15,56,2000-07-06
000990.SZ,2024-06-25,7.34,7.35,7.44,7.31,7.3,0.05,0.6849,111945.0,82604.9,0.9212,1.9755,0.89,50.3491,22.995,0.5033,0.7193,0.7587,1.4966,0.6803,121524.0,121524.0,56666.8,893200.0,893199.0,3.1839,8.03,6.57,0.0000,-0.18400908201498067,1,15,56,2000-07-06
000990.SZ,2024-06-26,7.36,7.6,7.61,7.28,7.35,0.25,3.4014,120717.0,89873.8,0.9934,2.1303,1.06,52.0616,23.7771,0.5204,0.7438,0.7845,1.4474,0.6579,121524.0,121524.0,56666.8,923580.0,923580.0,3.184,8.09,6.62,0.0000,-0.055690658079858506,1,15,56,2000-07-06
000990.SZ,2024-06-27,7.56,7.38,7.58,7.36,7.6,-0.22,-2.8947,109962.0,81942.6,0.9049,1.9405,0.94,50.5546,23.0888,0.5053,0.7222,0.7618,1.4905,0.6775,121524.0,121524.0,56666.8,896845.0,896844.0,3.184,8.36,6.84,0.0000,0.08225958623270495,1,15,56,2000-07-06
000990.SZ,2024-06-28,7.36,7.44,7.53,7.31,7.38,0.06,0.813,110998.0,82887.0,0.9134,1.9588,0.95,50.9656,23.2765,0.5094,0.7281,0.768,1.4785,0.672,121524.0,121524.0,56666.8,904137.0,904136.0,3.184,8.12,6.64,0.0000,0.09130734597444011,1,15,56,2000-07-06
000990.SZ,2024-07-01,7.48,7.7,7.72,7.45,7.44,0.26,3.4946,160721.0,122432.0,1.3226,2.8363,1.36,52.7467,24.09,0.5272,0.7536,0.7948,1.4286,0.6494,121524.0,121524.0,56666.8,935733.0,935732.0,3.184,8.18,6.7,0.0000,-0.10628581183189026,1,15,56,2000-07-06
000990.SZ,2024-07-02,7.7,7.75,7.78,7.67,7.7,0.05,0.6494,119944.0,92847.2,0.987,2.1167,0.98,53.0892,24.2464,0.5307,0.7585,0.8,1.4194,0.6452,121524.0,121524.0,56666.8,941809.0,941808.0,3.184,8.47,6.93,0.0000,-0.10911038272544674,1,15,56,2000-07-06
000990.SZ,2024-07-03,7.73,7.81,7.85,7.7,7.75,0.06,0.7742,109816.0,85614.0,0.9037,1.9379,0.88,53.5002,24.4341,0.5348,0.7643,0.8062,1.4085,0.6402,121524.0,121524.0,56666.8,949100.0,949100.0,3.184,8.53,6.98,0.0000,-0.05815274766065677,1,15,56,2000-07-06
000990.SZ,2024-07-04,7.81,7.6,7.82,7.57,7.81,-0.21,-2.6889,119648.0,91939.4,0.9846,2.1114,0.98,52.0616,23.7771,0.5204,0.7438,0.7845,1.4474,0.6579,121524.0,121524.0,56666.8,923580.0,923580.0,3.184,8.59,7.03,0.0000,-0.30257499223280226,1,15,56,2000-07-06
000990.SZ,2024-07-05,7.6,7.75,7.76,7.56,7.6,0.15,1.9737,123733.0,94873.0,1.0182,2.1835,1.0,53.0892,24.2464,0.5307,0.7585,0.8,1.4194,0.6452,121524.0,121524.0,56666.8,941809.0,941808.0,3.184,8.36,6.84,0.0000,-0.07629245252190174,1,15,56,2000-07-06
000990.SZ,2024-07-08,7.7,7.53,7.74,7.5,7.75,-0.22,-2.8387,116186.0,88074.8,0.9561,2.0503,0.92,51.5821,23.5581,0.5156,0.7369,0.7773,1.4608,0.664,121524.0,121524.0,56666.8,915074.0,915073.0,3.184,8.53,6.98,0.0000,0.24296713096300634,1,15,56,2000-07-06
000990.SZ,2024-07-09,7.53,7.71,7.74,7.41,7.53,0.18,2.3904,138778.0,105331.0,1.142,2.449,1.18,52.8152,24.1212,0.5279,0.7545,0.7958,1.4267,0.6485,121524.0,121524.0,56666.8,936948.0,936947.0,3.184,8.28,6.78,0.0000,-0.19378884575636254,1,15,56,2000-07-06
000990.SZ,2024-07-10,7.7,7.75,7.83,7.67,7.71,0.04,0.5188,130517.0,101200.0,1.074,2.3032,1.07,53.0892,24.2464,0.5307,0.7585,0.8,1.4194,0.6452,121524.0,121524.0,56666.8,941809.0,941808.0,3.184,8.48,6.94,0.0000,0.0738241627123647,1,15,56,2000-07-06
000990.SZ,2024-07-11,7.61,7.59,7.68,7.37,7.75,-0.16,-2.0645,394512.0,295879.0,3.2464,6.962,3.14,51.9931,23.7458,0.5197,0.7428,0.7834,1.4493,0.6588,121524.0,121524.0,56666.8,922365.0,922364.0,3.184,8.53,6.98,0.0000,-0.022370777135957483,1,15,56,2000-07-06
000990.SZ,2024-07-12,7.54,7.46,7.54,7.43,7.59,-0.13,-1.7128,223464.0,166867.0,1.8388,3.9435,1.24,51.1026,23.3391,0.5108,0.7301,0.77,1.4745,0.6702,121524.0,121524.0,56666.8,906567.0,906566.0,3.184,8.35,6.83,0.0000,0.07330158444602589,1,15,56,2000-07-06
000990.SZ,2024-07-15,7.46,7.34,7.46,7.32,7.46,-0.12,-1.6086,129942.0,95679.8,1.0693,2.2931,0.65,50.2806,22.9637,0.5026,0.7183,0.7576,1.4986,0.6812,121524.0,121524.0,56666.8,891984.0,891984.0,3.184,8.21,6.71,0.0000,-0.2452237986376397,1,15,56,2000-07-06
000990.SZ,2024-07-16,7.31,7.28,7.32,7.21,7.34,-0.06,-0.8174,116040.0,84209.1,0.9549,2.0478,0.57,49.8696,22.776,0.4985,0.7125,0.7514,1.511,0.6868,121524.0,121524.0,56666.8,884693.0,884692.0,3.184,8.07,6.61,0.0000,-0.025683684680384625,1,15,56,2000-07-06
000990.SZ,2024-07-17,7.25,7.24,7.31,7.19,7.28,-0.04,-0.5495,102118.0,74006.3,0.8403,1.8021,0.51,49.5956,22.6508,0.4957,0.7085,0.7473,1.5193,0.6906,121524.0,121524.0,56666.8,879832.0,879831.0,3.184,8.01,6.55,0.0000,-0.13736807941145965,1,15,56,2000-07-06
000990.SZ,2024-07-18,7.21,7.23,7.25,7.11,7.24,-0.01,-0.1381,104342.0,74875.4,0.8586,1.8413,0.54,49.5271,22.6195,0.4951,0.7076,0.7463,1.5214,0.6916,121524.0,121524.0,56666.8,878617.0,878616.0,3.184,7.96,6.52,0.0000,0.06120013368968482,1,15,56,2000-07-06
000990.SZ,2024-07-19,7.2,7.19,7.24,7.14,7.23,-0.04,-0.5533,88710.0,63759.0,0.73,1.5655,0.66,49.2531,22.4944,0.4923,0.7037,0.7422,1.5299,0.6954,121524.0,121524.0,56666.8,873756.0,873755.0,3.184,7.95,6.51,0.0000,0.06743450948530817,1,15,56,2000-07-06
000990.SZ,2024-07-22,7.21,7.16,7.22,7.13,7.19,-0.03,-0.4172,81723.0,58550.7,0.6725,1.4422,0.76,49.0475,22.4005,0.4903,0.7007,0.7391,1.5363,0.6983,121524.0,121524.0,56666.8,870110.0,870109.0,3.184,7.91,6.47,0.0000,0.1616719008369893,1,15,56,2000-07-06
000990.SZ,2024-07-23,7.17,7.05,7.24,7.04,7.16,-0.11,-1.5363,119422.0,85372.9,0.9827,2.1074,1.21,48.294,22.0564,0.4827,0.69,0.7277,1.5603,0.7092,121524.0,121524.0,56666.8,856742.0,856742.0,3.184,7.88,6.44,0.0000,-0.03230869667328636,1,15,56,2000-07-06
000990.SZ,2024-07-24,7.04,6.9,7.05,6.89,7.05,-0.15,-2.1277,151553.0,105532.0,1.2471,2.6745,1.53,47.2665,21.5871,0.4725,0.6753,0.7122,1.5942,0.7246,121524.0,121524.0,56666.8,838514.0,838513.0,3.184,7.76,6.35,0.0000,-0.14322663235068364,1,15,56,2000-07-06
000990.SZ,2024-07-25,6.88,6.96,6.99,6.85,6.9,0.06,0.8696,95549.3,66169.7,0.7863,1.6862,0.88,47.6775,21.7748,0.4766,0.6811,0.7184,1.5805,0.7184,121524.0,121524.0,56666.8,845805.0,845804.0,3.184,7.59,6.21,0.0000,-0.09287274513486152,1,15,56,2000-07-06
000990.SZ,2024-07-26,6.93,6.96,7.04,6.91,6.96,0.0,0.0,119649.0,83427.6,0.9846,2.1115,1.11,47.6775,21.1093,0.4756,0.6811,0.7338,1.5805,0.7184,121524.0,121524.0,56666.8,845805.0,845805.0,3.184,7.66,6.26,0.0000,0.039377516668729386,1,15,56,2000-07-06
000990.SZ,2024-07-29,6.99,6.88,6.99,6.88,6.96,-0.08,-1.1494,98553.9,68168.6,0.811,1.7392,0.87,47.1295,20.8667,0.4701,0.6733,0.7254,1.5988,0.7267,121524.0,121524.0,56666.8,836083.0,836083.0,3.184,7.66,6.26,0.0000,-0.2094148476675408,1,15,56,2000-07-06
000990.SZ,2024-07-30,6.87,6.86,6.9,6.81,6.88,-0.02,-0.2907,83777.1,57445.2,0.6894,1.4784,0.72,46.9925,20.806,0.4688,0.6714,0.7232,1.6035,0.7289,121524.0,121524.0,56666.8,833653.0,833652.0,3.184,7.57,6.19,0.0000,-0.07851960651678656,1,15,56,2000-07-06
000990.SZ,2024-07-31,6.86,7.15,7.17,6.84,6.86,0.29,4.2274,174179.0,122571.0,1.4333,3.0737,1.59,48.979,21.6856,0.4886,0.6997,0.7538,1.5385,0.6993,121524.0,121524.0,56666.8,868895.0,868894.0,3.184,7.55,6.17,0.0000,0.15642259624887184,1,15,56,2000-07-06
000990.SZ,2024-08-01,7.12,7.1,7.22,7.08,7.15,-0.05,-0.6993,124752.0,89109.7,1.0266,2.2015,1.09,48.6365,21.5339,0.4852,0.6948,0.7485,1.5493,0.7042,121524.0,121524.0,56666.8,862819.0,862818.0,3.184,7.87,6.44,0.0000,-0.03205462037041877,1,15,56,2000-07-06
000990.SZ,2024-08-02,7.03,7.05,7.15,7.01,7.1,-0.05,-0.7042,93210.0,66001.5,0.767,1.6449,0.78,48.294,21.3823,0.4818,0.69,0.7433,1.5603,0.7092,121524.0,121524.0,56666.8,856742.0,856742.0,3.184,7.81,6.39,0.0000,0.017988364327012837,1,15,56,2000-07-06
000990.SZ,2024-08-05,7.01,6.87,7.11,6.87,7.05,-0.18,-2.5532,114180.0,79742.9,0.9396,2.0149,0.99,47.061,20.8364,0.4695,0.6723,0.7243,1.6012,0.7278,121524.0,121524.0,56666.8,834868.0,834868.0,3.184,7.76,6.35,0.0000,-0.21060098923119,1,15,56,2000-07-06
000990.SZ,2024-08-06,6.94,6.98,7.01,6.9,6.87,0.11,1.6012,87918.0,61050.6,0.7235,1.5515,0.74,47.8145,21.17,0.477,0.6831,0.7359,1.5759,0.7163,121524.0,121524.0,56666.8,848236.0,848235.0,3.184,7.56,6.18,0.0000,-0.08931070429121071,1,15,56,2000-07-06
000990.SZ,2024-08-07,6.96,6.96,6.99,6.92,6.98,-0.02,-0.2865,70573.0,49134.3,0.5807,1.2454,0.59,47.6775,21.1093,0.4756,0.6811,0.7338,1.5805,0.7184,121524.0,121524.0,56666.8,845805.0,845805.0,3.184,7.68,6.28,0.0000,0.09197167568993507,1,15,56,2000-07-06
000990.SZ,2024-08-08,6.94,7.03,7.05,6.91,6.96,0.07,1.0057,81170.1,56737.5,0.6679,1.4324,0.83,48.157,21.3216,0.4804,0.688,0.7412,1.5647,0.7112,121524.0,121524.0,56666.8,854312.0,854311.0,3.184,7.66,6.26,0.0000,-0.48123850763842496,1,15,56,2000-07-06
000990.SZ,2024-08-09,7.04,6.98,7.1,6.98,7.03,-0.05,-0.7112,76912.0,54111.1,0.6329,1.3573,0.86,47.8145,21.17,0.477,0.6831,0.7359,1.5759,0.7163,121524.0,121524.0,56666.8,848236.0,848235.0,3.184,7.73,6.33,0.0000,-0.12780042175643908,1,15,56,2000-07-06
000990.SZ,2024-08-12,7.0,6.99,7.04,6.96,6.98,0.01,0.1433,62523.0,43728.8,0.5145,1.1033,0.73,47.883,21.2003,0.4777,0.6841,0.7369,1.5737,0.7153,121524.0,121524.0,56666.8,849451.0,849450.0,3.184,7.68,6.28,0.0000,-0.17168757078725372,1,15,56,2000-07-06
000990.SZ,2024-08-13,6.97,6.98,7.0,6.92,6.99,-0.01,-0.1431,57361.6,39943.2,0.472,1.0123,0.76,47.8145,21.17,0.477,0.6831,0.7359,1.5759,0.7163,121524.0,121524.0,56666.8,848236.0,848235.0,3.184,7.69,6.29,0.0000,-0.16378219209743286,1,15,56,2000-07-06
000990.SZ,2024-08-14,7.0,6.88,7.02,6.87,6.98,-0.1,-1.4327,75783.0,52476.9,0.6236,1.3373,1.09,47.1295,20.8667,0.4701,0.6733,0.7254,1.5988,0.7267,121524.0,121524.0,56666.8,836083.0,836083.0,3.184,7.68,6.28,0.0000,-0.09295995679201983,1,15,56,2000-07-06
000990.SZ,2024-08-15,6.85,6.9,6.98,6.82,6.88,0.02,0.2907,87582.0,60416.9,0.7207,1.5456,1.24,47.2665,20.9274,0.4715,0.6753,0.7275,1.5942,0.7246,121524.0,121524.0,56666.8,838514.0,838513.0,3.184,7.57,6.19,0.0000,-0.029427440813028245,1,15,56,2000-07-06
000990.SZ,2024-08-16,6.89,6.8,6.92,6.8,6.9,-0.1,-1.4493,83981.0,57621.6,0.6911,1.482,1.17,46.5815,20.6241,0.4647,0.6655,0.7169,1.6176,0.7353,121524.0,121524.0,56666.8,826362.0,826361.0,3.184,7.59,6.21,0.0000,-0.005708513565952622,1,15,56,2000-07-06
000990.SZ,2024-08-19,6.8,6.78,6.84,6.74,6.8,-0.02,-0.2941,62486.1,42426.5,0.5142,1.1027,0.85,46.4445,20.5634,0.4633,0.6635,0.7148,1.6224,0.7375,121524.0,121524.0,56666.8,823931.0,823930.0,3.184,7.48,6.12,0.0000,-0.11702661414741136,1,15,56,2000-07-06
000990.SZ,2024-08-20,6.8,6.62,6.8,6.61,6.78,-0.16,-2.3599,97893.1,65397.3,0.8055,1.7275,1.33,45.3484,20.0781,0.4524,0.6479,0.6979,1.6616,0.7553,121524.0,121524.0,56666.8,804487.0,804487.0,3.184,7.46,6.1,0.0000,-0.19219340362685713,1,15,56,2000-07-06
000990.SZ,2024-08-21,6.6,6.53,6.62,6.52,6.62,-0.09,-1.3595,81846.0,53722.2,0.6735,1.4443,1.0,44.7319,19.8052,0.4462,0.6391,0.6885,1.6845,0.7657,121524.0,121524.0,56666.8,793550.0,793550.0,3.184,7.28,5.96,0.0000,-0.21622721741290882,1,15,56,2000-07-06
000990.SZ,2024-08-22,6.55,6.44,6.56,6.43,6.53,-0.09,-1.3783,79315.7,51349.1,0.6527,1.3997,0.96,44.1154,19.5322,0.4401,0.6303,0.679,1.7081,0.7764,121524.0,121524.0,56666.8,782613.0,782612.0,3.184,7.18,5.88,0.0000,-0.38831924938052004,1,15,56,2000-07-06
000990.SZ,2024-08-23,6.42,6.44,6.47,6.37,6.44,0.0,0.0,74024.0,47544.0,0.6091,1.3063,0.91,44.1154,19.5322,0.4401,0.6303,0.679,1.7081,0.7764,121524.0,121524.0,56666.8,782613.0,782612.0,3.184,7.08,5.8,0.0000,-0.137147118933766,1,15,56,2000-07-06
000990.SZ,2024-08-26,6.45,6.51,6.55,6.42,6.44,0.07,1.087,63686.0,41430.8,0.5241,1.1239,0.81,44.5949,19.7445,0.4449,0.6371,0.6863,1.6897,0.768,121524.0,121524.0,56666.8,791120.0,791119.0,3.184,7.08,5.8,0.0000,-0.01296887213609315,1,15,56,2000-07-06
000990.SZ,2024-08-27,6.51,6.44,6.53,6.42,6.51,-0.07,-1.0753,49776.0,32144.4,0.4096,0.8784,0.63,44.1154,19.5322,0.4401,0.6303,0.679,1.7081,0.7764,121524.0,121524.0,56666.8,782613.0,782612.0,3.184,7.16,5.86,0.0000,0.11003299315304392,1,15,56,2000-07-06
000990.SZ,2024-08-28,6.41,6.45,6.5,6.4,6.44,0.01,0.1553,58022.9,37459.6,0.4775,1.0239,0.83,44.1839,19.5625,0.4408,0.6312,0.68,1.7054,0.7752,121524.0,121524.0,56666.8,783828.0,783828.0,3.184,7.08,5.8,0.0000,-0.14126491379474,1,15,56,2000-07-06
000990.SZ,2024-08-29,6.41,6.52,6.53,6.41,6.45,0.07,1.0853,58804.0,38133.4,0.4839,1.0377,0.91,44.6634,19.7748,0.4455,0.6381,0.6874,1.6871,0.7669,121524.0,121524.0,56666.8,792335.0,792334.0,3.184,7.1,5.81,0.0000,-0.1433809215161202,1,15,56,2000-07-06
000990.SZ,2024-08-30,6.5,6.6,6.68,6.47,6.52,0.08,1.227,118103.0,78073.6,0.9719,2.0842,1.94,45.2114,20.0175,0.451,0.6459,0.6958,1.6667,0.7576,121524.0,121524.0,56666.8,802057.0,802056.0,3.184,7.17,5.87,0.0000,0.15902750547893577,1,15,56,2000-07-06
000990.SZ,2024-09-02,6.6,6.53,6.66,6.53,6.6,-0.07,-1.0606,79823.1,52686.2,0.6569,1.4086,1.15,44.7319,19.8052,0.4462,0.6391,0.6885,1.6845,0.7657,121524.0,121524.0,56666.8,793550.0,793550.0,3.184,7.26,5.94,0.0000,-0.04468525205296225,1,15,56,2000-07-06
000990.SZ,2024-09-03,6.55,6.54,6.6,6.51,6.53,0.01,0.1531,64422.0,42188.5,0.5301,1.1369,0.88,44.8004,19.8355,0.4469,0.64,0.6895,1.682,0.7645,121524.0,121524.0,56666.8,794765.0,794765.0,3.184,7.18,5.88,0.0000,-0.10140556466757913,1,15,56,2000-07-06
000990.SZ,2024-09-04,6.5,6.45,6.54,6.43,6.54,-0.09,-1.3761,58472.0,37929.8,0.4812,1.0319,0.77,44.1839,19.5625,0.4408,0.6312,0.68,1.7054,0.7752,121524.0,121524.0,56666.8,783828.0,783828.0,3.184,7.19,5.89,0.0000,-0.12354798415591303,1,15,56,2000-07-06
000990.SZ,2024-09-05,6.44,6.47,6.5,6.43,6.45,0.02,0.3101,54980.0,35532.2,0.4524,0.9702,0.72,44.3209,19.6232,0.4421,0.6332,0.6821,1.7002,0.7728,121524.0,121524.0,56666.8,786259.0,786258.0,3.184,7.1,5.81,0.0000,-0.15206055774629695,1,15,56,2000-07-06
000990.SZ,2024-09-06,6.46,6.35,6.48,6.34,6.47,-0.12,-1.8547,71104.0,45557.2,0.5851,1.2548,0.95,43.4989,19.2592,0.4339,0.6214,0.6695,1.7323,0.7874,121524.0,121524.0,56666.8,771676.0,771675.0,3.184,7.12,5.82,0.0000,0.09585758980679737,1,15,56,2000-07-06
000990.SZ,2024-09-09,6.33,6.35,6.37,6.27,6.35,0.0,0.0,63432.3,40094.1,0.522,1.1194,0.96,43.4989,19.2592,0.4339,0.6214,0.6695,1.7323,0.7874,121524.0,121524.0,56666.8,771676.0,771675.0,3.184,6.99,5.72,0.0000,-0.2554107717919529,1,15,56,2000-07-06
000990.SZ,2024-09-10,6.35,6.34,6.37,6.23,6.35,-0.01,-0.1575,58398.0,36747.4,0.4805,1.0305,0.93,43.4304,19.2289,0.4332,0.6205,0.6684,1.735,0.7886,121524.0,121524.0,56666.8,770461.0,770460.0,3.184,6.99,5.72,0.0000,0.0668588649545526,1,15,56,2000-07-06
000990.SZ,2024-09-11,6.32,6.29,6.35,6.27,6.34,-0.05,-0.7886,46703.0,29459.1,0.3843,0.8242,0.76,43.0879,19.0773,0.4298,0.6156,0.6631,1.7488,0.7949,121524.0,121524.0,56666.8,764384.0,764384.0,3.184,6.97,5.71,0.0000,0.17826729960897097,1,15,56,2000-07-06
000990.SZ,2024-09-12,6.29,6.34,6.38,6.29,6.29,0.05,0.7949,59205.0,37529.8,0.4872,1.0448,1.0,43.4304,19.2289,0.4332,0.6205,0.6684,1.735,0.7886,121524.0,121524.0,56666.8,770461.0,770460.0,3.184,6.92,5.66,0.0000,0.03927346285170166,1,15,56,2000-07-06
000990.SZ,2024-09-13,6.33,6.25,6.34,6.24,6.34,-0.09,-1.4196,55233.5,34673.6,0.4545,0.9747,0.92,42.8139,18.9559,0.4271,0.6117,0.6589,1.76,0.8,121524.0,121524.0,56666.8,759523.0,759523.0,3.184,6.97,5.71,0.0000,-0.0891614065383231,1,15,56,2000-07-06
000990.SZ,2024-09-18,6.25,6.23,6.25,6.09,6.25,-0.02,-0.32,66611.8,41091.1,0.5481,1.1755,1.18,42.6768,18.8953,0.4257,0.6097,0.6568,1.7657,0.8026,121524.0,121524.0,56666.8,757093.0,757092.0,3.184,6.88,5.63,0.0000,-0.19214404129981122,1,15,56,2000-07-06
000990.SZ,2024-09-19,6.28,6.41,6.41,6.22,6.23,0.18,2.8892,85288.0,54179.3,0.7018,1.5051,1.49,43.9099,19.4412,0.438,0.6273,0.6758,1.7161,0.78,121524.0,121524.0,56666.8,778967.0,778967.0,3.184,6.85,5.61,0.0000,-0.19314174860739328,1,15,56,2000-07-06
000990.SZ,2024-09-20,6.41,6.39,6.41,6.34,6.41,-0.02,-0.312,55850.0,35586.5,0.4596,0.9856,0.89,43.7729,19.3806,0.4367,0.6254,0.6737,1.7214,0.7825,121524.0,121524.0,56666.8,776537.0,776536.0,3.184,7.05,5.77,0.0000,-0.1799830180249526,1,15,56,2000-07-06
000990.SZ,2024-09-23,6.38,6.4,6.43,6.36,6.39,0.01,0.1565,41571.0,26572.5,0.3421,0.7336,0.65,43.8414,19.4109,0.4373,0.6263,0.6747,1.7188,0.7813,121524.0,121524.0,56666.8,777752.0,777751.0,3.184,7.03,5.75,0.0000,-0.3704432248673745,1,15,56,2000-07-06
000990.SZ,2024-09-24,6.42,6.69,6.69,6.42,6.4,0.29,4.5313,141622.0,93077.7,1.1654,2.4992,2.33,45.8279,20.2904,0.4572,0.6547,0.7053,1.6442,0.7474,121524.0,121524.0,56666.8,812994.0,812993.0,3.184,7.04,5.76,0.0000,0.005824080021593119,1,15,56,2000-07-06
000990.SZ,2024-09-25,6.76,6.91,7.07,6.76,6.69,0.22,3.2885,230545.0,160406.0,1.8971,4.0684,2.95,47.335,20.9577,0.4722,0.6763,0.7285,1.5919,0.7236,121524.0,121524.0,56666.8,839729.0,839728.0,3.184,7.36,6.02,0.0000,-0.007170660762606641,1,15,56,2000-07-06
000990.SZ,2024-09-26,6.91,7.23,7.23,6.9,6.91,0.32,4.631,232059.0,164138.0,1.9096,4.0951,2.09,49.5271,21.9282,0.4941,0.7076,0.7623,1.5214,0.6916,121524.0,121524.0,56666.8,878617.0,878616.0,3.184,7.6,6.22,0.0000,-0.10900778149446096,1,15,56,2000-07-06
000990.SZ,2024-09-27,7.36,7.53,7.66,7.25,7.23,0.3,4.1494,305683.0,227628.0,2.5154,5.3944,2.18,51.5821,22.8381,0.5146,0.7369,0.7939,1.4608,0.664,121524.0,121524.0,56666.8,915074.0,915073.0,3.184,7.95,6.51,0.0000,0.01921184113697233,1,15,56,2000-07-06
000990.SZ,2024-09-30,7.92,8.2,8.28,7.73,7.53,0.67,8.8977,506717.0,405839.0,4.1697,8.942,2.66,56.1718,24.8702,0.5603,0.8025,0.8645,1.3415,0.6098,121524.0,121524.0,56666.8,996495.0,996494.0,3.184,8.28,6.78,0.0000,-0.042968981816764146,1,15,56,2000-07-06
000990.SZ,2024-10-08,9.02,8.69,9.02,8.21,8.2,0.49,5.9756,543191.0,470477.0,4.4698,9.5857,1.92,59.5284,26.3563,0.5938,0.8505,0.9162,1.2658,0.5754,121524.0,121524.0,56666.8,1056040.0,1056040.0,3.184,9.02,7.38,0.0000,-0.08349337718121662,1,15,56,2000-07-06
000990.SZ,2024-10-09,8.55,8.11,8.67,8.0,8.69,-0.58,-6.6743,388764.0,324711.0,3.1991,6.8605,1.07,55.5553,24.5972,0.5542,0.7937,0.855,1.3564,0.6165,121524.0,121524.0,56666.8,985558.0,985557.0,3.184,9.56,7.82,0.0000,-0.13352865284484408,1,15,56,2000-07-06
000990.SZ,2024-10-10,8.21,8.11,8.38,7.98,8.11,0.0,0.0,252347.0,207168.0,2.0765,4.4532,0.64,55.5553,24.5972,0.5542,0.7937,0.855,1.3564,0.6165,121524.0,121524.0,56666.8,985558.0,985557.0,3.184,8.92,7.3,0.0000,-0.020594577142341405,1,15,56,2000-07-06
000990.SZ,2024-10-11,8.09,7.84,8.17,7.72,8.11,-0.27,-3.3292,232085.0,183752.0,1.9098,4.0956,0.58,53.7057,23.7783,0.5357,0.7673,0.8266,1.4031,0.6378,121524.0,121524.0,56666.8,952746.0,952746.0,3.184,8.92,7.3,0.0000,-0.13543895295031352,1,15,56,2000-07-06
000990.SZ,2024-10-14,7.9,7.88,7.94,7.7,7.84,0.04,0.5102,231438.0,181468.0,1.9045,4.0842,0.6,53.9797,23.8996,0.5385,0.7712,0.8308,1.3959,0.6345,121524.0,121524.0,56666.8,957607.0,957606.0,3.184,8.62,7.06,0.0000,-0.04794153310802462,1,15,56,2000-07-06
000990.SZ,2024-10-15,7.84,7.73,7.92,7.73,7.88,-0.15,-1.9036,180532.0,141195.0,1.4856,3.1859,0.55,52.9522,23.4447,0.5282,0.7565,0.815,1.423,0.6468,121524.0,121524.0,56666.8,939379.0,939378.0,3.184,8.67,7.09,0.0000,0.03354832378986772,1,15,56,2000-07-06
000990.SZ,2024-10-16,7.61,7.71,7.8,7.61,7.73,-0.02,-0.2587,128153.0,98880.1,1.0546,2.2615,0.5,52.8152,23.384,0.5269,0.7545,0.8129,1.4267,0.6485,121524.0,121524.0,56666.8,936948.0,936947.0,3.184,8.5,6.96,0.0000,-0.025978857799611347,1,15,56,2000-07-06
000990.SZ,2024-10-17,7.73,7.57,7.8,7.55,7.71,-0.14,-1.8158,126397.0,97062.7,1.0401,2.2305,0.62,51.8561,22.9594,0.5173,0.7408,0.7981,1.4531,0.6605,121524.0,121524.0,56666.8,919935.0,919934.0,3.184,8.48,6.94,0.0000,-0.06840647099042985,1,15,56,2000-07-06
000990.SZ,2024-10-18,7.54,7.71,7.85,7.51,7.57,0.14,1.8494,231680.0,177532.0,1.9065,4.0885,1.29,52.8152,23.384,0.5269,0.7545,0.8129,1.4267,0.6485,121524.0,121524.0,56666.8,936948.0,936947.0,3.184,8.33,6.81,0.0000,-0.03555312832634492,1,15,56,2000-07-06
000990.SZ,2024-10-21,7.76,7.8,7.93,7.72,7.71,0.09,1.1673,235973.0,184270.0,1.9418,4.1642,1.31,53.4317,23.657,0.533,0.7634,0.8223,1.4103,0.641,121524.0,121524.0,56666.8,947885.0,947885.0,3.184,8.48,6.94,0.0000,0.11146800271155825,1,15,56,2000-07-06
000990.SZ,2024-10-22,7.8,7.96,7.97,7.73,7.8,0.16,2.0513,179340.0,141099.0,1.4758,3.1648,0.99,54.5277,24.1423,0.5439,0.779,0.8392,1.3819,0.6281,121524.0,121524.0,56666.8,967329.0,967328.0,3.184,8.58,7.02,0.0000,0.02988762390203912,1,15,56,2000-07-06
000990.SZ,2024-10-23,8.0,7.96,8.04,7.93,7.96,0.0,0.0,168834.0,134744.0,1.3893,2.9794,0.94,54.5277,24.1423,0.5439,0.779,0.8392,1.3819,0.6281,121524.0,121524.0,56666.8,967329.0,967328.0,3.184,8.76,7.16,0.0000,-0.11116318073797433,1,15,56,2000-07-06
000990.SZ,2024-10-24,7.97,8.01,8.05,7.89,7.96,0.05,0.6281,168535.0,134299.0,1.3868,2.9741,0.89,54.8702,24.2939,0.5474,0.7839,0.8445,1.3733,0.6242,121524.0,121524.0,56666.8,973405.0,973405.0,3.184,8.76,7.16,0.0000,-0.029958836523554282,1,15,56,2000-07-06
000990.SZ,2024-10-25,8.0,7.96,8.02,7.88,8.01,-0.05,-0.6242,260600.0,206752.0,2.1444,4.5988,1.32,54.5277,36.4839,0.543,0.779,0.9093,1.3819,0.6281,121524.0,121524.0,56666.8,967329.0,967328.0,3.184,8.81,7.21,0.0000,-0.11937182661018304,1,15,56,2000-07-06
000990.SZ,2024-10-28,7.95,8.11,8.12,7.92,7.96,0.15,1.8844,225845.0,181131.0,1.8584,3.9855,1.11,55.5553,37.1714,0.5532,0.7937,0.9264,1.3564,0.6165,121524.0,121524.0,56666.8,985558.0,985557.0,3.184,8.76,7.16,0.0000,-0.037309538298201494,1,15,56,2000-07-06
000990.SZ,2024-10-29,8.13,7.93,8.16,7.9,8.11,-0.18,-2.2195,200353.0,160340.0,1.6487,3.5356,1.0,54.3222,36.3464,0.541,0.7761,0.9059,1.3871,0.6305,121524.0,121524.0,56666.8,963683.0,963683.0,3.184,8.92,7.3,0.0000,0.08072683986221006,1,15,56,2000-07-06
000990.SZ,2024-10-30,8.04,7.97,8.07,7.88,7.93,0.04,0.5044,164029.0,130922.0,1.3498,2.8946,0.8,54.5962,36.5297,0.5437,0.78,0.9104,1.3802,0.6274,121524.0,121524.0,56666.8,968544.0,968544.0,3.184,8.72,7.14,0.0000,-0.04947399827515122,1,15,56,2000-07-06
000990.SZ,2024-10-31,7.93,7.99,8.02,7.91,7.97,0.02,0.2509,171919.0,137076.0,1.4147,3.0339,0.84,54.7332,36.6214,0.5451,0.7819,0.9127,1.3767,0.6258,121524.0,121524.0,56666.8,970975.0,970974.0,3.184,8.77,7.17,0.0000,-0.0910601664463842,1,15,56,2000-07-06
000990.SZ,2024-11-01,7.95,7.92,8.07,7.84,7.99,-0.07,-0.8761,184641.0,147156.0,1.5194,3.2584,0.9,54.2537,36.3006,0.5403,0.7751,0.9047,1.3889,0.6313,121524.0,121524.0,56666.8,962468.0,962467.0,3.184,8.79,7.19,0.0000,0.1587493800786353,1,15,56,2000-07-06
000990.SZ,2024-11-04,7.9,7.97,7.98,7.88,7.92,0.05,0.6313,116342.0,92358.1,0.9574,2.0531,0.61,54.5962,36.5297,0.5437,0.78,0.9104,1.3802,0.6274,121524.0,121524.0,56666.8,968544.0,968544.0,3.184,8.71,7.13,0.0000,-0.01329791287675119,1,15,56,2000-07-06
000990.SZ,2024-11-05,7.96,8.15,8.16,7.95,7.97,0.18,2.2585,212716.0,172178.0,1.7504,3.7538,1.27,55.8293,37.3547,0.556,0.7976,0.931,1.3497,0.6135,121524.0,121524.0,56666.8,990419.0,990418.0,3.184,8.77,7.17,0.0000,0.03656457877865625,1,15,56,2000-07-06
000990.SZ,2024-11-06,8.15,8.13,8.21,8.06,8.15,-0.02,-0.2454,228248.0,185955.0,1.8782,4.0279,1.34,55.6923,37.2631,0.5546,0.7956,0.9287,1.353,0.615,121524.0,121524.0,56666.8,987988.0,987987.0,3.184,8.97,7.34,0.0000,-0.0672122372648492,1,15,56,2000-07-06
000990.SZ,2024-11-07,8.13,8.45,8.49,8.06,8.13,0.32,3.936,255164.0,212329.0,2.0997,4.5029,1.4,57.8843,38.7298,0.5764,0.827,0.9653,1.3018,0.5917,121524.0,121524.0,56666.8,1026880.0,1026870.0,3.184,8.94,7.32,0.0000,0.034700680213639,1,15,56,2000-07-06
000990.SZ,2024-11-08,8.56,8.34,8.59,8.29,8.45,-0.11,-1.3018,226863.0,190313.0,1.8668,4.0035,1.14,57.1308,38.2256,0.5689,0.8162,0.9527,1.3189,0.5995,121524.0,121524.0,56666.8,1013510.0,1013510.0,3.184,9.3,7.61,0.0000,-0.02804142616129123,1,15,56,2000-07-06
000990.SZ,2024-11-11,8.35,8.4,8.4,8.25,8.34,0.06,0.7194,202895.0,168985.0,1.6696,3.5805,0.98,57.5418,38.5006,0.573,0.8221,0.9596,1.3095,0.5952,121524.0,121524.0,56666.8,1020800.0,1020800.0,3.184,9.17,7.51,0.0000,-0.05991012344965612,1,15,56,2000-07-06
000990.SZ,2024-11-12,8.4,8.44,8.64,8.37,8.4,0.04,0.4762,261274.0,221421.0,2.15,4.6107,1.16,57.8158,38.6839,0.5758,0.826,0.9641,1.3033,0.5924,121524.0,121524.0,56666.8,1025660.0,1025660.0,3.184,9.24,7.56,0.0000,0.15883664517571658,1,15,56,2000-07-06
000990.SZ,2024-11-13,8.42,8.39,8.51,8.31,8.44,-0.05,-0.5924,169792.0,142777.0,1.3972,2.9963,0.72,57.4733,38.4548,0.5723,0.8211,0.9584,1.3111,0.5959,121524.0,121524.0,56666.8,1019580.0,1019580.0,3.184,9.28,7.6,0.0000,0.06203803814052822,1,15,56,2000-07-06
000990.SZ,2024-11-14,8.44,8.13,8.44,8.11,8.39,-0.26,-3.0989,174431.0,143843.0,1.4354,3.0782,0.78,55.6923,37.2631,0.5546,0.7956,0.9287,1.353,0.615,121524.0,121524.0,56666.8,987988.0,987987.0,3.184,9.23,7.55,0.0000,-0.16577529466969912,1,15,56,2000-07-06
000990.SZ,2024-11-15,8.11,7.99,8.21,7.97,8.13,-0.14,-1.722,146318.0,118567.0,1.204,2.5821,0.71,54.7332,36.6214,0.5451,0.7819,0.9127,1.3767,0.6258,121524.0,121524.0,56666.8,970975.0,970974.0,3.184,8.94,7.32,0.0000,-0.14531125835517034,1,15,56,2000-07-06
000990.SZ,2024-11-18,8.38,8.62,8.79,8.38,7.99,0.63,7.8849,651689.0,567675.0,5.3627,11.5004,3.41,59.0489,39.5089,0.588,0.8436,0.9847,1.2761,0.58,121524.0,121524.0,56666.8,1047530.0,1047530.0,3.184,8.79,7.19,0.0000,0.09389309044941709,1,15,56,2000-07-06
000990.SZ,2024-11-19,8.4,8.55,8.62,8.31,8.62,-0.07,-0.8121,572558.0,483145.0,4.7115,10.1039,2.04,58.5693,39.1881,0.5833,0.8368,0.9767,1.2865,0.5848,121524.0,121524.0,56666.8,1039030.0,1039030.0,3.184,9.48,7.76,0.0000,0.02166150014937913,1,15,56,2000-07-06
000990.SZ,2024-11-20,8.49,9.15,9.25,8.46,8.55,0.6,7.0175,723693.0,649982.0,5.9552,12.771,2.11,62.6795,41.9381,0.6242,0.8955,1.0452,1.2022,0.5464,121524.0,121524.0,56666.8,1111940.0,1111940.0,3.184,9.41,7.7,0.0000,0.1766874370136502,1,15,56,2000-07-06
000990.SZ,2024-11-21,9.13,8.97,9.21,8.85,9.15,-0.18,-1.9672,449553.0,404771.0,3.6993,7.9333,0.99,61.4464,41.1131,0.6119,0.8779,1.0247,1.2263,0.5574,121524.0,121524.0,56666.8,1090070.0,1090070.0,3.184,10.07,8.24,0.0000,-0.1570001001718769,1,15,56,2000-07-06
000990.SZ,2024-11-22,8.97,8.46,9.14,8.43,8.97,-0.51,-5.6856,374128.0,327481.0,3.0786,6.6022,0.74,57.9528,38.7756,0.5771,0.8279,0.9664,1.3002,0.591,121524.0,121524.0,56666.8,1028090.0,1028090.0,3.184,9.87,8.07,0.0000,-0.21411123313104946,1,15,56,2000-07-06
000990.SZ,2024-11-25,8.45,8.4,8.52,8.25,8.46,-0.06,-0.7092,231042.0,193356.0,1.9012,4.0772,0.42,57.5418,38.5006,0.573,0.8221,0.9596,1.3095,0.5952,121524.0,121524.0,56666.8,1020800.0,1020800.0,3.184,9.31,7.61,0.0000,-0.06612341953984516,1,15,56,2000-07-06
000990.SZ,2024-11-26,8.42,8.24,8.42,8.22,8.4,-0.16,-1.9048,158491.0,131582.0,1.3042,2.7969,0.34,56.4458,37.7672,0.5621,0.8064,0.9413,1.335,0.6068,121524.0,121524.0,56666.8,1001360.0,1001360.0,3.184,9.24,7.56,0.0000,-0.03499944709952971,1,15,56,2000-07-06
000990.SZ,2024-11-27,8.23,8.21,8.23,7.91,8.24,-0.03,-0.3641,248722.0,200128.0,2.0467,4.3892,0.64,56.2403,37.6297,0.5601,0.8035,0.9379,1.3398,0.609,121524.0,121524.0,56666.8,997710.0,997709.0,3.184,9.06,7.42,0.0000,-0.09697771078084354,1,15,56,2000-07-06
000990.SZ,2024-11-28,8.21,8.21,8.28,8.17,8.21,0.0,0.0,161893.0,133264.0,1.3322,2.8569,0.55,56.2403,37.6297,0.5601,0.8035,0.9379,1.3398,0.609,121524.0,121524.0,56666.8,997710.0,997709.0,3.184,9.03,7.39,0.0000,-0.13636884321145895,1,15,56,2000-07-06
000990.SZ,2024-11-29,8.16,8.23,8.29,8.06,8.21,0.02,0.2436,173390.0,142320.0,1.4268,3.0598,0.74,56.3773,37.7214,0.5614,0.8054,0.9401,1.3366,0.6075,121524.0,121524.0,56666.8,1000140.0,1000140.0,3.184,9.03,7.39,0.0000,-0.1608496682623973,1,15,56,2000-07-06
000990.SZ,2024-12-02,8.23,8.44,8.5,8.23,8.23,0.21,2.5516,199377.0,167252.0,1.6406,3.5184,1.02,57.8158,38.6839,0.5758,0.826,0.9641,1.3033,0.5924,121524.0,121524.0,56666.8,1025660.0,1025660.0,3.184,9.05,7.41,0.0000,-0.04247894621947318,1,15,56,2000-07-06
000990.SZ,2024-12-03,8.43,8.45,8.5,8.3,8.44,0.01,0.1185,150277.0,126274.0,1.2366,2.6519,0.8,57.8843,38.7298,0.5764,0.827,0.9653,1.3018,0.5917,121524.0,121524.0,56666.8,1026880.0,1026870.0,3.184,9.28,7.6,0.0000,-0.10540895088573102,1,15,56,2000-07-06
000990.SZ,2024-12-04,8.49,8.35,8.54,8.31,8.45,-0.1,-1.1834,156865.0,132244.0,1.2908,2.7682,0.84,57.1993,38.2714,0.5696,0.8172,0.9539,1.3174,0.5988,121524.0,121524.0,56666.8,1014720.0,1014720.0,3.184,9.3,7.61,0.0000,0.10566006893560369,1,15,56,2000-07-06
000990.SZ,2024-12-05,8.35,8.35,8.39,8.3,8.35,0.0,0.0,102647.0,85669.3,0.8447,1.8114,0.61,57.1993,38.2714,0.5696,0.8172,0.9539,1.3174,0.5988,121524.0,121524.0,56666.8,1014720.0,1014720.0,3.184,9.19,7.52,0.0000,-0.12684476405647116,1,15,56,2000-07-06
000990.SZ,2024-12-06,8.35,8.54,8.58,8.34,8.35,0.19,2.2754,256527.0,217672.0,2.1109,4.5269,1.64,58.5008,39.1423,0.5826,0.8358,0.9756,1.2881,0.5855,121524.0,121524.0,56666.8,1037810.0,1037810.0,3.184,9.19,7.52,0.0000,-0.005557457619348181,1,15,56,2000-07-06
000990.SZ,2024-12-09,8.54,8.53,8.65,8.45,8.54,-0.01,-0.1171,173225.0,148027.0,1.4254,3.0569,1.0,58.4323,39.0964,0.5819,0.8348,0.9744,1.2896,0.5862,121524.0,121524.0,56666.8,1036600.0,1036600.0,3.184,9.39,7.69,0.0000,0.015537204238481019,1,15,56,2000-07-06
000990.SZ,2024-12-10,8.79,8.54,8.79,8.52,8.53,0.01,0.1172,213070.0,183883.0,1.7533,3.76,1.27,58.5008,39.1423,0.5826,0.8358,0.9756,1.2881,0.5855,121524.0,121524.0,56666.8,1037810.0,1037810.0,3.184,9.38,7.68,0.0000,-0.012656705367681919,1,15,56,2000-07-06
000990.SZ,2024-12-11,8.53,8.57,8.65,8.51,8.54,0.03,0.3513,141082.0,121002.0,1.1609,2.4897,0.78,58.7064,39.2798,0.5846,0.8387,0.979,1.2835,0.5834,121524.0,121524.0,56666.8,1041460.0,1041460.0,3.184,9.39,7.69,0.0000,-0.26580639597151057,1,15,56,2000-07-06
000990.SZ,2024-12-12,8.57,8.61,8.64,8.44,8.57,0.04,0.4667,162024.0,138349.0,1.3333,2.8592,0.91,58.9804,39.4631,0.5874,0.8426,0.9836,1.2776,0.5807,121524.0,121524.0,56666.8,1046320.0,1046320.0,3.184,9.43,7.71,0.0000,-0.0891058418284353,1,15,56,2000-07-06
000990.SZ,2024-12-13,8.6,8.3,8.6,8.28,8.61,-0.31,-3.6005,205030.0,172288.0,1.6872,3.6182,1.08,56.8568,38.0423,0.5662,0.8123,0.9481,1.3253,0.6024,121524.0,121524.0,56666.8,1008650.0,1008650.0,3.184,9.47,7.75,0.0000,-0.188057657890389,1,15,56,2000-07-06
000990.SZ,2024-12-16,8.31,8.3,8.39,8.25,8.3,0.0,0.0,114727.0,95372.4,0.9441,2.0246,0.64,56.8568,38.0423,0.5662,0.8123,0.9481,1.3253,0.6024,121524.0,121524.0,56666.8,1008650.0,1008650.0,3.184,9.13,7.47,0.0000,0.03828750480316463,1,15,56,2000-07-06
000990.SZ,2024-12-17,8.28,8.16,8.3,8.12,8.3,-0.14,-1.6867,112454.0,92133.3,0.9254,1.9845,0.67,55.8978,37.4006,0.5567,0.7986,0.9321,1.348,0.6127,121524.0,121524.0,56666.8,991634.0,991633.0,3.184,9.13,7.47,0.0000,-0.035121535425719955,1,15,56,2000-07-06
000990.SZ,2024-12-18,8.26,8.19,8.42,8.19,8.16,0.03,0.3676,123882.0,102803.0,1.0194,2.1861,0.84,56.1033,37.5381,0.5587,0.8015,0.9356,1.3431,0.6105,121524.0,121524.0,56666.8,995280.0,995279.0,3.184,8.98,7.34,0.0000,-0.00286097606835202,1,15,56,2000-07-06
000990.SZ,2024-12-19,8.14,8.22,8.23,8.07,8.19,0.03,0.3663,119989.0,97755.1,0.9874,2.1175,0.84,56.3088,37.6756,0.5607,0.8045,0.939,1.3382,0.6083,121524.0,121524.0,56666.8,998925.0,998924.0,3.184,9.01,7.37,0.0000,-0.09874512725897246,1,15,56,2000-07-06
000990.SZ,2024-12-20,8.2,8.23,8.27,8.19,8.22,0.01,0.1217,80781.0,66529.7,0.6647,1.4255,0.6,56.3773,37.7214,0.5614,0.8054,0.9401,1.3366,0.6075,121524.0,121524.0,56666.8,1000140.0,1000140.0,3.184,9.04,7.4,0.0000,0.11453613382183095,1,15,56,2000-07-06
000990.SZ,2024-12-23,8.22,8.0,8.23,7.98,8.23,-0.23,-2.7947,129428.0,104602.0,1.065,2.284,1.17,54.8017,36.6672,0.5457,0.7829,0.9139,1.375,0.625,121524.0,121524.0,56666.8,972190.0,972189.0,3.184,9.05,7.41,0.0000,-0.10952910568756703,1,15,56,2000-07-06
000990.SZ,2024-12-24,7.87,7.88,7.93,7.77,8.0,-0.12,-1.5,174428.0,136766.0,1.4353,3.0781,1.54,53.9797,36.1172,0.5376,0.7712,0.9002,1.3959,0.6345,121524.0,121524.0,56666.8,957607.0,957606.0,3.184,8.8,7.2,0.0000,-0.03167883644805468,1,15,56,2000-07-06
000990.SZ,2024-12-25,7.88,7.82,7.89,7.74,7.88,-0.06,-0.7614,90644.0,70677.3,0.7459,1.5996,0.72,53.5687,35.8422,0.5335,0.7653,0.8933,1.4066,0.6394,121524.0,121524.0,56666.8,950316.0,950315.0,3.184,8.67,7.09,0.0000,-0.14055124275692138,1,15,56,2000-07-06
000990.SZ,2024-12-26,7.85,7.85,7.88,7.8,7.82,0.03,0.3836,85691.9,67142.3,0.7051,1.5122,0.72,53.7742,35.9797,0.5355,0.7682,0.8967,1.4013,0.6369,121524.0,121524.0,56666.8,953961.0,953961.0,3.184,8.6,7.04,0.0000,0.1037414680425188,1,15,56,2000-07-06
000990.SZ,2024-12-27,7.84,7.98,8.04,7.81,7.85,0.13,1.6561,117125.0,93376.8,0.9638,2.0669,1.04,54.6647,36.5756,0.5444,0.781,0.9116,1.3784,0.6266,121524.0,121524.0,56666.8,969760.0,969759.0,3.184,8.64,7.07,0.0000,-0.034228569586323664,1,15,56,2000-07-06
000990.SZ,2024-12-30,7.95,7.97,7.97,7.89,7.98,-0.01,-0.1253,66789.2,52995.2,0.5496,1.1786,0.56,54.5962,36.5297,0.5437,0.78,0.9104,1.3802,0.6274,121524.0,121524.0,56666.8,968544.0,968544.0,3.184,8.78,7.18,0.0000,0.14694433004906127,1,15,56,2000-07-06
000990.SZ,2024-12-31,7.96,7.75,8.0,7.73,7.97,-0.22,-2.7604,89089.0,69942.9,0.7331,1.5722,0.83,53.0892,35.5214,0.5287,0.7585,0.8853,1.4194,0.6452,121524.0,121524.0,56666.8,941809.0,941808.0,3.184,8.77,7.17,0.0000,-0.04163328829850617,1,15,56,2000-07-06
000990.SZ,2025-01-02,7.75,7.48,7.81,7.44,7.75,-0.27,-3.4839,125418.0,95794.2,1.032,2.2133,1.4,51.2396,34.2839,0.5103,0.732,0.8545,0.6684,0.6684,121524.0,121524.0,56666.8,908998.0,908997.0,3.184,8.53,6.98,0.0000,-0.17519101970107792,1,15,56,2000-07-06
000990.SZ,2025-01-03,7.55,7.37,7.62,7.35,7.48,-0.11,-1.4706,111142.0,83206.9,0.9146,1.9613,1.15,50.4861,33.7797,0.5028,0.7213,0.8419,0.6784,0.6784,121524.0,121524.0,56666.8,895630.0,895629.0,3.184,8.23,6.73,0.0000,-0.048109229787635696,1,15,56,2000-07-06
000990.SZ,2025-01-06,7.37,7.41,7.49,7.33,7.37,0.04,0.5427,79154.9,58582.1,0.6514,1.3968,0.78,50.7601,33.963,0.5055,0.7252,0.8465,0.6748,0.6748,121524.0,121524.0,56666.8,900491.0,900490.0,3.184,8.11,6.63,0.0000,-0.018433372497036447,1,15,56,2000-07-06
000990.SZ,2025-01-07,7.42,7.37,7.45,7.28,7.41,-0.04,-0.5398,75216.0,55293.8,0.6189,1.3273,0.8,50.4861,33.7797,0.5028,0.7213,0.8419,0.6784,0.6784,121524.0,121524.0,56666.8,895630.0,895629.0,3.184,8.15,6.67,0.0000,-0.3677944133202773,1,15,56,2000-07-06
000990.SZ,2025-01-08,7.37,7.26,7.38,7.09,7.37,-0.11,-1.4925,100934.0,72910.7,0.8306,1.7812,1.05,49.7326,33.2755,0.4953,0.7105,0.8293,0.6887,0.6887,121524.0,121524.0,56666.8,882262.0,882262.0,3.184,8.11,6.63,0.0000,-0.15397268619143364,1,15,56,2000-07-06
000990.SZ,2025-01-09,7.22,7.16,7.29,7.16,7.26,-0.1,-1.3774,69509.5,50201.7,0.572,1.2266,0.71,49.0475,32.8172,0.4884,0.7007,0.8179,0.6983,0.6983,121524.0,121524.0,56666.8,870110.0,870109.0,3.184,7.99,6.53,0.0000,-0.2209100776297948,1,15,56,2000-07-06
000990.SZ,2025-01-10,7.19,7.01,7.22,7.0,7.16,-0.15,-2.095,82530.8,58582.0,0.6791,1.4564,0.95,48.02,32.1297,0.4782,0.686,0.8008,0.7133,0.7133,121524.0,121524.0,56666.8,851882.0,851881.0,3.184,7.88,6.44,0.0000,-0.41842562799808436,1,15,56,2000-07-06
000990.SZ,2025-01-13,6.99,7.02,7.04,6.9,7.01,0.01,0.1427,72126.0,50371.7,0.5935,1.2728,0.89,48.0885,32.1755,0.4789,0.687,0.8019,0.7123,0.7123,121524.0,121524.0,56666.8,853097.0,853096.0,3.184,7.71,6.31,0.0000,-0.20470007199843263,1,15,56,2000-07-06
000990.SZ,2025-01-14,7.04,7.23,7.26,7.02,7.02,0.21,2.9915,103454.0,74023.6,0.8513,1.8256,1.29,49.5271,33.138,0.4932,0.7076,0.8259,0.6916,0.6916,121524.0,121524.0,56666.8,878617.0,878616.0,3.184,7.72,6.32,0.0000,0.08936396554444172,1,15,56,2000-07-06
000990.SZ,2025-01-15,7.23,7.22,7.24,7.14,7.23,-0.01,-0.1383,76113.0,54722.3,0.6263,1.3432,0.89,49.4586,33.0922,0.4925,0.7066,0.8248,0.6925,0.6925,121524.0,121524.0,56666.8,877402.0,877401.0,3.184,7.95,6.51,0.0000,0.08095125535562235,1,15,56,2000-07-06
000990.SZ,2025-01-16,7.22,7.31,7.39,7.22,7.22,0.09,1.2465,98983.7,72564.9,0.8145,1.7468,1.23,50.0751,33.5047,0.4987,0.7154,0.8351,0.684,0.684,121524.0,121524.0,56666.8,888339.0,888338.0,3.184,7.94,6.5,0.0000,0.04352724635232563,1,15,56,2000-07-06
000990.SZ,2025-01-17,7.28,7.37,7.4,7.22,7.31,0.06,0.8208,69624.0,51024.2,0.5729,1.2287,0.8,50.4861,33.7797,0.5028,0.7213,0.8419,0.6784,0.6784,121524.0,121524.0,56666.8,895630.0,895629.0,3.184,8.04,6.58,0.0000,0.023848368370426937,1,15,56,2000-07-06
000990.SZ,2025-01-20,7.4,7.37,7.47,7.35,7.37,0.0,0.0,63636.2,47169.5,0.5237,1.123,0.76,50.4861,33.7797,0.5028,0.7213,0.8419,0.6784,0.6784,121524.0,121524.0,56666.8,895630.0,895629.0,3.184,8.11,6.63,0.0000,-0.21716122177771424,1,15,56,2000-07-06
000990.SZ,2025-01-21,7.39,7.34,7.43,7.3,7.37,-0.03,-0.4071,59439.0,43660.3,0.4891,1.0489,0.72,50.2806,33.6422,0.5007,0.7183,0.8385,0.6812,0.6812,121524.0,121524.0,56666.8,891984.0,891984.0,3.184,8.11,6.63,0.0000,-0.01194162665105088,1,15,56,2000-07-06
000990.SZ,2025-01-22,7.31,7.29,7.32,7.25,7.34,-0.05,-0.6812,47208.1,34351.6,0.3885,0.8331,0.64,49.9381,33.413,0.4973,0.7134,0.8328,0.6859,0.6859,121524.0,121524.0,56666.8,885908.0,885908.0,3.184,8.07,6.61,0.0000,-0.050464429224875096,1,15,56,2000-07-06
000990.SZ,2025-01-23,7.35,7.31,7.47,7.3,7.29,0.02,0.2743,71445.0,52799.9,0.5879,1.2608,1.05,50.0751,33.5047,0.4987,0.7154,0.8351,0.684,0.684,121524.0,121524.0,56666.8,888339.0,888338.0,3.184,8.02,6.56,0.0000,-0.034143604452292795,1,15,56,2000-07-06
000990.SZ,2025-01-24,7.3,7.39,7.4,7.28,7.31,0.08,1.0944,63320.0,46518.9,0.5211,1.1174,1.02,50.6231,33.8714,0.5041,0.7232,0.8442,0.6766,0.6766,121524.0,121524.0,56666.8,898061.0,898060.0,3.184,8.04,6.58,0.0000,0.04728667737072018,1,15,56,2000-07-06
000990.SZ,2025-01-27,7.41,7.39,7.56,7.39,7.39,0.0,0.0,88686.2,66286.3,0.7298,1.565,1.45,50.6231,33.8714,0.5041,0.7232,0.8442,0.6766,0.6766,121524.0,121524.0,56666.8,898061.0,898060.0,3.184,8.13,6.65,0.0000,-0.08959681446776593,1,15,56,2000-07-06
000990.SZ,2025-02-05,7.45,7.32,7.47,7.28,7.39,-0.07,-0.9472,78521.8,57956.9,0.6461,1.3857,1.19,50.1436,33.5505,0.4994,0.7164,0.8362,0.6831,0.6831,121524.0,121524.0,56666.8,889554.0,889553.0,3.184,8.13,6.65,0.0000,-0.3184375267334555,1,15,56,2000-07-06
000990.SZ,2025-02-06,7.29,7.4,7.41,7.25,7.32,0.08,1.0929,81814.1,60109.1,0.6732,1.4438,1.17,50.6916,33.9172,0.5048,0.7242,0.8453,0.6757,0.6757,121524.0,121524.0,56666.8,899276.0,899275.0,3.184,8.05,6.59,0.0000,-0.0003069521902120885,1,15,56,2000-07-06
000990.SZ,2025-02-07,7.41,7.53,7.59,7.38,7.4,0.13,1.7568,115524.0,86669.2,0.9506,2.0387,1.51,51.5821,34.513,0.5137,0.7369,0.8602,0.664,0.664,121524.0,121524.0,56666.8,915074.0,915073.0,3.184,8.14,6.66,0.0000,-0.140415973380597,1,15,56,2000-07-06
000990.SZ,2025-02-10,7.54,7.59,7.64,7.52,7.53,0.06,0.7968,87460.8,66307.3,0.7197,1.5434,1.02,51.9931,34.788,0.5178,0.7428,0.867,0.6588,0.6588,121524.0,121524.0,56666.8,922365.0,922365.0,3.184,8.28,6.78,0.0000,0.10740016169539007,1,15,56,2000-07-06
000990.SZ,2025-02-11,7.6,7.6,7.61,7.48,7.59,0.01,0.1318,77756.8,58693.9,0.6398,1.3722,0.86,52.0616,34.8339,0.5185,0.7438,0.8682,0.6579,0.6579,121524.0,121524.0,56666.8,923580.0,923580.0,3.184,8.35,6.83,0.0000,-0.1302421432409094,1,15,56,2000-07-06
000990.SZ,2025-02-12,7.58,7.66,7.66,7.57,7.6,0.06,0.7895,77001.5,58740.1,0.6336,1.3588,0.87,52.4727,35.1089,0.5225,0.7497,0.875,0.6527,0.6527,121524.0,121524.0,56666.8,930872.0,930871.0,3.184,8.36,6.84,0.0000,0.1349660398840441,1,15,56,2000-07-06
000990.SZ,2025-02-13,7.64,7.61,7.69,7.6,7.66,-0.05,-0.6527,76041.0,58032.1,0.6257,1.3419,0.86,52.1301,34.8797,0.5191,0.7448,0.8693,0.657,0.657,121524.0,121524.0,56666.8,924796.0,924795.0,3.184,8.43,6.89,0.0000,0.012285458394667092,1,15,56,2000-07-06
000990.SZ,2025-02-14,7.61,7.58,7.64,7.55,7.61,-0.03,-0.3942,71719.0,54402.0,0.5902,1.2656,0.83,51.9246,34.7422,0.5171,0.7418,0.8659,0.6596,0.6596,121524.0,121524.0,56666.8,921150.0,921149.0,3.184,8.37,6.85,0.0000,-0.21422635963645492,1,15,56,2000-07-06
000990.SZ,2025-02-17,7.59,7.58,7.63,7.54,7.58,0.0,0.0,89953.7,68158.7,0.7402,1.5874,1.15,51.9246,34.7422,0.5171,0.7418,0.8659,0.6596,0.6596,121524.0,121524.0,56666.8,921150.0,921149.0,3.184,8.34,6.82,0.0000,-0.06827824307744436,1,15,56,2000-07-06
000990.SZ,2025-02-18,7.58,7.47,7.61,7.42,7.58,-0.11,-1.4512,98201.0,74018.6,0.8081,1.733,1.25,51.1711,34.238,0.5096,0.7311,0.8533,0.6693,0.6693,121524.0,121524.0,56666.8,907782.0,907782.0,3.184,8.34,6.82,0.0000,-0.013593754709390369,1,15,56,2000-07-06
000990.SZ,2025-02-19,7.43,7.47,7.48,7.41,7.47,0.0,0.0,90582.0,67441.6,0.7454,1.5985,1.1,51.1711,34.238,0.5096,0.7311,0.8533,0.6693,0.6693,121524.0,121524.0,56666.8,907782.0,907782.0,3.184,8.22,6.72,0.0000,-0.05308147956319899,1,15,56,2000-07-06
000990.SZ,2025-02-20,7.47,7.42,7.48,7.4,7.47,-0.05,-0.6693,100277.0,74537.8,0.8252,1.7696,1.18,50.8286,34.0089,0.5062,0.7262,0.8476,0.6739,0.6739,121524.0,121524.0,56666.8,901706.0,901706.0,3.184,8.22,6.72,0.0000,-0.20112734593089038,1,15,56,2000-07-06
000990.SZ,2025-02-21,7.43,7.47,7.52,7.36,7.42,0.05,0.6739,126486.0,94131.0,1.0408,2.2321,1.4,51.1711,34.238,0.5096,0.7311,0.8533,0.6693,0.6693,121524.0,121524.0,56666.8,907782.0,907782.0,3.184,8.16,6.68,0.0000,-0.0566823856970392,1,15,56,2000-07-06
000990.SZ,2025-02-24,7.47,7.51,7.57,7.44,7.47,0.04,0.5355,115138.0,86540.8,0.9475,2.0318,1.14,51.4451,34.4214,0.5123,0.735,0.8579,0.6658,0.6658,121524.0,121524.0,56666.8,912643.0,912643.0,3.184,8.22,6.72,0.0000,-0.00558280117298589,1,15,56,2000-07-06
000990.SZ,2025-02-25,7.49,7.44,7.52,7.41,7.51,-0.07,-0.9321,85392.3,63716.3,0.7027,1.5069,0.8,50.9656,34.1005,0.5075,0.7281,0.8499,0.672,0.672,121524.0,121524.0,56666.8,904137.0,904136.0,3.184,8.26,6.76,0.0000,-0.004810453132839945,1,15,56,2000-07-06
000990.SZ,2025-02-26,7.44,7.59,7.62,7.42,7.44,0.15,2.0161,119076.0,89946.0,0.9799,2.1013,1.15,51.9931,34.788,0.5178,0.7428,0.867,0.6588,0.6588,121524.0,121524.0,56666.8,922365.0,922365.0,3.184,8.18,6.7,0.0000,0.07482040219653349,1,15,56,2000-07-06
000990.SZ,2025-02-27,7.61,7.61,7.66,7.49,7.59,0.02,0.2635,106775.0,80815.9,0.8786,1.8843,0.98,52.1301,34.8797,0.5191,0.7448,0.8693,0.657,0.657,121524.0,121524.0,56666.8,924796.0,924795.0,3.184,8.35,6.83,0.0000,0.19958411467361717,1,15,56,2000-07-06
000990.SZ,2025-02-28,7.57,7.46,7.64,7.44,7.61,-0.15,-1.9711,119508.0,89992.2,0.9834,2.109,1.08,51.1026,34.1922,0.5089,0.7301,0.8522,0.6702,0.6702,121524.0,121524.0,56666.8,906567.0,906566.0,3.184,8.37,6.85,0.0000,-0.23395999779609694,1,15,56,2000-07-06
000990.SZ,2025-03-03,7.47,7.51,7.62,7.46,7.46,0.05,0.6702,108727.0,82186.0,0.8947,1.9187,1.0,51.4451,34.4214,0.5123,0.735,0.8579,0.6658,0.6658,121524.0,121524.0,56666.8,912643.0,912643.0,3.184,8.21,6.71,0.0000,-0.17242515531870023,1,15,56,2000-07-06
000990.SZ,2025-03-04,7.5,7.47,7.51,7.43,7.51,-0.04,-0.5326,93196.0,69608.5,0.7669,1.6446,0.86,51.1711,34.238,0.5096,0.7311,0.8533,0.6693,0.6693,121524.0,121524.0,56666.8,907782.0,907782.0,3.184,8.26,6.76,0.0000,-0.35196983835864787,1,15,56,2000-07-06
000990.SZ,2025-03-05,7.46,7.37,7.47,7.3,7.47,-0.1,-1.3387,118346.0,87082.2,0.9739,2.0885,1.08,50.4861,33.7797,0.5028,0.7213,0.8419,0.6784,0.6784,121524.0,121524.0,56666.8,895630.0,895629.0,3.184,8.22,6.72,0.0000,0.010115615982790682,1,15,56,2000-07-06
000990.SZ,2025-03-06,7.4,7.43,7.43,7.35,7.37,0.06,0.8141,97898.1,72477.5,0.8056,1.6991,0.9,50.8971,34.0547,0.5069,0.7271,0.8488,0.6729,0.6729,121524.0,121524.0,57616.8,902922.0,902921.0,3.184,8.11,6.63,0.0000,-0.12216617491021858,1,15,56,2000-07-06
000990.SZ,2025-03-07,7.43,7.36,7.45,7.34,7.43,-0.07,-0.9421,96205.9,71151.8,0.7917,1.6698,0.89,50.4176,33.7339,0.5021,0.7203,0.8408,0.6793,0.6793,121524.0,121524.0,57616.8,894415.0,894414.0,3.184,8.17,6.69,0.0000,-0.20721818384515564,1,15,56,2000-07-06
000990.SZ,2025-03-10,7.35,7.36,7.43,7.33,7.36,0.0,0.0,87018.1,64122.9,0.7161,1.5103,0.85,50.4176,33.7339,0.5021,0.7203,0.8408,0.6793,0.6793,121524.0,121524.0,57616.8,894415.0,894414.0,3.184,8.1,6.62,0.0000,-0.013433880750819258,1,15,56,2000-07-06
000990.SZ,2025-03-11,7.32,7.41,7.42,7.26,7.36,0.05,0.6793,92217.0,67698.8,0.7588,1.6005,0.94,50.7601,33.963,0.5055,0.7252,0.8465,0.6748,0.6748,121524.0,121524.0,57616.8,900491.0,900490.0,3.184,8.1,6.62,0.0000,-0.19544260977561406,1,15,56,2000-07-06
000990.SZ,2025-03-12,7.44,7.37,7.44,7.36,7.41,-0.04,-0.5398,76770.8,56737.4,0.6317,1.3324,0.78,50.4861,33.7797,0.5028,0.7213,0.8419,0.6784,0.6784,121524.0,121524.0,57616.8,895630.0,895629.0,3.184,8.15,6.67,0.0000,-0.07214056688400139,1,15,56,2000-07-06
000990.SZ,2025-03-13,7.37,7.39,7.4,7.3,7.37,0.02,0.2714,97664.8,71793.1,0.8037,1.6951,1.08,50.6231,33.8714,0.5041,0.7232,0.8442,0.6766,0.6766,121524.0,121524.0,57616.8,898061.0,898060.0,3.184,8.11,6.63,0.0000,-0.07667533334905142,1,15,56,2000-07-06
000990.SZ,2025-03-14,7.37,7.57,7.58,7.36,7.39,0.18,2.4357,154595.0,115725.0,1.2721,2.6832,1.72,51.8561,34.6964,0.5164,0.7408,0.8648,0.6605,0.6605,121524.0,121524.0,57616.8,919935.0,919934.0,3.184,8.13,6.65,0.0000,0.28137108900624425,1,15,56,2000-07-06
000990.SZ,2025-03-17,7.58,7.75,7.86,7.57,7.57,0.18,2.3778,214317.0,165170.0,1.7636,3.7197,2.11,53.0892,35.5214,0.5287,0.7585,0.8853,0.6452,0.6452,121524.0,121524.0,57616.8,941809.0,941808.0,3.184,8.33,6.81,0.0000,-0.0037667887152826505,1,15,56,2000-07-06
000990.SZ,2025-03-18,7.79,7.67,7.79,7.64,7.75,-0.08,-1.0323,133041.0,102247.0,1.0948,2.3091,1.05,52.5412,35.1547,0.5232,0.7506,0.8762,0.6519,0.6519,121524.0,121524.0,57616.8,932087.0,932086.0,3.184,8.53,6.98,0.0000,-0.2007138047612226,1,15,56,2000-07-06
000990.SZ,2025-03-19,7.66,7.63,7.66,7.58,7.67,-0.04,-0.5215,79014.0,60221.7,0.6502,1.3714,0.58,52.2671,34.9714,0.5205,0.7467,0.8716,0.6553,0.6553,121524.0,121524.0,57616.8,927226.0,927226.0,3.184,8.44,6.9,0.0000,-0.03174859213650936,1,15,56,2000-07-06
000990.SZ,2025-03-20,7.63,7.65,7.69,7.59,7.63,0.02,0.2621,83163.0,63616.1,0.6843,1.4434,0.61,52.4042,35.063,0.5219,0.7487,0.8739,0.6536,0.6536,121524.0,121524.0,57616.8,929657.0,929656.0,3.184,8.39,6.87,0.0000,0.04319659974403389,1,15,56,2000-07-06
000990.SZ,2025-03-21,7.63,7.63,7.74,7.58,7.65,-0.02,-0.2614,109914.0,84186.4,0.9045,1.9077,0.83,52.2671,34.9714,0.5205,0.7467,0.8716,0.6553,0.6553,121524.0,121524.0,57616.8,927226.0,927226.0,3.184,8.42,6.89,0.0000,0.22891193752148545,1,15,56,2000-07-06
000990.SZ,2025-03-24,7.63,7.63,7.66,7.51,7.63,0.0,0.0,110624.0,83758.0,0.9103,1.92,0.89,52.2671,34.9714,0.5205,0.7467,0.8716,0.6553,0.6553,121524.0,121524.0,57616.8,927226.0,927226.0,3.184,8.39,6.87,0.0000,-0.10392767927136157,1,15,56,2000-07-06
000990.SZ,2025-03-25,7.63,7.82,7.83,7.6,7.63,0.19,2.4902,197575.0,153185.0,1.6258,3.4291,1.92,53.5687,35.8422,0.5335,0.7653,0.8933,0.6394,0.6394,121524.0,121524.0,57616.8,950316.0,950315.0,3.184,8.39,6.87,0.0000,0.03424143070958779,1,15,56,2000-07-06
000990.SZ,2025-03-26,7.79,7.79,7.87,7.77,7.82,-0.03,-0.3836,155252.0,121358.0,1.2775,2.6946,1.34,53.3632,35.7047,0.5314,0.7624,0.8899,0.6418,0.6418,121524.0,121524.0,57616.8,946670.0,946669.0,3.184,8.6,7.04,0.0000,-0.007714723460453342,1,15,56,2000-07-06
000990.SZ,2025-03-27,7.76,7.78,7.9,7.73,7.79,-0.01,-0.1284,163798.0,127899.0,1.3479,2.8429,1.25,41.0017,41.0017,0.5302,0.8544,0.8544,0.6427,0.6427,121524.0,121524.0,57616.8,945455.0,945454.0,3.184,8.57,7.01,0.0000,-0.23040693944314913,1,15,56,2000-07-06
000990.SZ,2025-03-28,7.76,7.55,7.79,7.53,7.78,-0.23,-2.9563,157044.0,119814.0,1.2923,2.7257,1.07,39.7896,39.7896,0.5145,0.8291,0.8291,0.6623,0.6623,121524.0,121524.0,57616.8,917504.0,917504.0,3.184,8.56,7.0,0.0000,-0.2896956079701186,1,15,56,2000-07-06
000990.SZ,2025-03-31,7.47,7.36,7.53,7.3,7.55,-0.19,-2.5166,135302.0,100065.0,1.1134,2.3483,0.86,38.7883,38.7883,0.5016,0.8082,0.8082,0.6793,0.6793,121524.0,121524.0,57616.8,894415.0,894414.0,3.184,8.31,6.8,0.0000,0.014374215489682414,1,15,56,2000-07-06
000990.SZ,2025-04-01,7.37,7.57,7.6,7.37,7.36,0.21,2.8533,136783.0,102860.0,1.1256,2.374,0.85,39.895,39.895,0.5159,0.8313,0.8313,0.6605,0.6605,121524.0,121524.0,57616.8,919935.0,919934.0,3.184,8.1,6.62,0.0000,0.10102493987725487,1,15,56,2000-07-06
000990.SZ,2025-04-02,7.56,7.51,7.58,7.48,7.57,-0.06,-0.7926,77817.0,58626.4,0.6403,1.3506,0.52,39.5788,39.5788,0.5118,0.8247,0.8247,0.6658,0.6658,121524.0,121524.0,57616.8,912643.0,912643.0,3.184,8.33,6.81,0.0000,-0.2642664415585347,1,15,56,2000-07-06
000990.SZ,2025-04-03,7.47,7.59,7.62,7.46,7.51,0.08,1.0652,93184.0,70375.6,0.7668,1.6173,0.69,40.0004,40.0004,0.5172,0.8335,0.8335,0.6588,0.6588,121524.0,121524.0,57616.8,922365.0,922365.0,3.184,8.26,6.76,0.0000,0.11163169744780016,1,15,56,2000-07-06
000990.SZ,2025-04-07,7.34,6.83,7.34,6.83,7.59,-0.76,-10.0132,273568.0,191190.0,2.2511,4.7481,2.28,35.9951,35.9951,0.4654,0.75,0.75,0.7321,0.7321,121524.0,121524.0,57616.8,830007.0,830007.0,3.184,8.35,6.83,0.0000,0.1677412135317915,1,15,56,2000-07-06
000990.SZ,2025-04-08,6.85,7.07,7.11,6.85,6.83,0.24,3.5139,183708.0,129016.0,1.5117,3.1884,1.28,37.2599,37.2599,0.4818,0.7764,0.7764,0.7072,0.7072,121524.0,121524.0,57616.8,859173.0,859172.0,3.184,7.51,6.15,0.0000,-0.06368107349562348,1,15,56,2000-07-06
000990.SZ,2025-04-09,6.99,7.08,7.12,6.74,7.07,0.01,0.1414,149756.0,104155.0,1.2323,2.5992,0.98,37.3126,37.3126,0.4825,0.7775,0.7775,0.7062,0.7062,121524.0,121524.0,57616.8,860388.0,860388.0,3.184,7.78,6.36,0.0000,0.10024584221055335,1,15,56,2000-07-06
000990.SZ,2025-04-10,7.18,7.31,7.43,7.13,7.08,0.23,3.2486,200813.0,145962.0,1.6525,3.4853,1.29,38.5248,38.5248,0.4982,0.8028,0.8028,0.684,0.684,121524.0,121524.0,57616.8,888339.0,888338.0,3.184,7.79,6.37,0.0000,0.06838212122009929,1,15,56,2000-07-06
000990.SZ,2025-04-11,7.16,7.19,7.29,7.16,7.31,-0.12,-1.6416,125132.0,90294.2,1.0297,2.1718,0.69,37.8924,37.8924,0.49,0.7896,0.7896,0.6954,0.6954,121524.0,121524.0,57616.8,873756.0,873755.0,3.184,8.04,6.58,0.0000,-0.011215199958694548,1,15,56,2000-07-06
000990.SZ,2025-04-14,7.25,7.25,7.29,7.21,7.19,0.06,0.8345,86646.0,62772.0,0.713,1.5038,0.46,38.2086,38.2086,0.4941,0.7962,0.7962,0.6897,0.6897,121524.0,121524.0,57616.8,881047.0,881047.0,3.184,7.91,6.47,0.0000,-0.08949469902515311,1,15,56,2000-07-06
000990.SZ,2025-04-15,7.26,7.29,7.38,7.18,7.25,0.04,0.5517,101006.0,73562.8,0.8312,1.7531,0.68,38.4194,38.4194,0.4968,0.8006,0.8006,0.6859,0.6859,121524.0,121524.0,57616.8,885908.0,885908.0,3.184,7.98,6.53,0.0000,0.06523164782884391,1,15,56,2000-07-06
000990.SZ,2025-04-16,7.25,7.19,7.27,7.12,7.29,-0.1,-1.3717,76378.2,54884.6,0.6285,1.3256,0.58,37.8924,37.8924,0.49,0.7896,0.7896,0.6954,0.6954,121524.0,121524.0,57616.8,873756.0,873755.0,3.184,8.02,6.56,0.0000,-0.10990445318205921,1,15,56,2000-07-06
000990.SZ,2025-04-17,7.18,7.25,7.3,7.12,7.19,0.06,0.8345,86950.0,63038.6,0.7155,1.5091,0.74,38.2086,38.2086,0.4941,0.7962,0.7962,0.6897,0.6897,121524.0,121524.0,57616.8,881047.0,881047.0,3.184,7.91,6.47,0.0000,-0.18564597912461805,1,15,56,2000-07-06
000990.SZ,2025-04-18,7.26,7.29,7.29,7.2,7.25,0.04,0.5517,47295.0,34311.0,0.3892,0.8209,0.5,38.4194,38.4194,0.4968,0.8006,0.8006,0.6859,0.6859,121524.0,121524.0,57616.8,885908.0,885908.0,3.184,7.98,6.53,0.0000,0.14488957593405752,1,15,56,2000-07-06
000990.SZ,2025-04-21,7.27,7.83,8.02,7.22,7.29,0.54,7.4074,517043.0,403623.0,4.2547,8.9738,6.49,41.2653,41.2653,0.5336,0.8599,0.8599,0.6386,0.6386,121524.0,121524.0,57616.8,951531.0,951530.0,3.184,8.02,6.56,0.0000,0.23536240647213494,1,15,56,2000-07-06
000990.SZ,2025-04-22,7.66,7.56,7.72,7.56,7.83,-0.27,-3.4483,431776.0,329287.0,3.553,7.4939,2.61,39.8423,39.8423,0.5152,0.8302,0.8302,0.6614,0.6614,121524.0,121524.0,57616.8,918720.0,918719.0,3.184,8.61,7.05,0.0000,-0.18359421033908496,1,15,56,2000-07-06
000990.SZ,2025-04-23,7.57,7.59,7.64,7.53,7.56,0.03,0.3968,175178.0,132797.0,1.4415,3.0265,0.76,40.0004,40.0004,0.5172,0.8335,0.8335,0.6588,0.6588,121524.0,121524.0,57882.0,922365.0,922365.0,3.184,8.32,6.8,0.0000,0.1566342412757362,1,15,56,2000-07-06
000990.SZ,2025-04-24,7.53,7.46,7.55,7.43,7.59,-0.13,-1.7128,160500.0,120032.0,1.3207,2.7729,0.64,39.3153,56.493,0.5061,0.8192,0.7992,0.6702,0.6702,121524.0,121524.0,57882.0,906567.0,906566.0,3.184,8.35,6.83,0.0000,-0.2296260977900795,1,15,56,2000-07-06
000990.SZ,2025-04-25,7.6,7.63,7.68,7.58,7.46,0.17,2.2788,229585.0,175223.0,1.8892,3.9664,0.86,40.2112,57.7804,0.5176,0.8379,0.8175,0.6553,0.6553,121524.0,121524.0,57882.0,927226.0,927226.0,3.184,8.21,6.71,0.0000,-0.022758683375733647,1,15,56,2000-07-06
000990.SZ,2025-04-28,7.6,7.53,7.62,7.48,7.63,-0.1,-1.3106,120022.0,90383.0,0.9876,2.0736,0.4,39.6842,57.0231,0.5108,0.8269,0.8067,0.664,0.664,121524.0,121524.0,57882.0,915074.0,915073.0,3.184,8.39,6.87,0.0000,-0.22166596486128018,1,15,56,2000-07-06
000990.SZ,2025-04-29,7.51,7.61,7.61,7.5,7.53,0.08,1.0624,89180.0,67645.3,0.7338,1.5407,0.4,40.1058,57.6289,0.5162,0.8357,0.8153,0.657,0.657,121524.0,121524.0,57882.0,924796.0,924795.0,3.184,8.28,6.78,0.0000,0.0036714203768037487,1,15,56,2000-07-06
000990.SZ,2025-04-30,7.62,7.55,7.67,7.55,7.61,-0.06,-0.7884,105153.0,80015.2,0.8653,1.8167,0.68,39.7896,57.1746,0.5122,0.8291,0.8089,0.6623,0.6623,121524.0,121524.0,57882.0,917504.0,917504.0,3.184,8.37,6.85,0.0000,-0.061881087625645266,1,15,56,2000-07-06
000990.SZ,2025-05-06,7.62,7.74,7.8,7.59,7.55,0.19,2.5166,159423.0,122528.0,1.3119,2.7543,1.13,40.7909,58.6134,0.5251,0.85,0.8292,0.646,0.646,121524.0,121524.0,57882.0,940594.0,940593.0,3.184,8.31,6.8,0.0000,0.18854204382524348,1,15,56,2000-07-06
000990.SZ,2025-05-07,7.82,7.75,7.84,7.69,7.74,0.01,0.1292,174864.0,135582.0,1.4389,3.021,1.24,40.8436,58.6891,0.5257,0.8511,0.8303,0.6452,0.6452,121524.0,121524.0,57882.0,941809.0,941808.0,3.184,8.51,6.97,0.0000,-0.23535680587195212,1,15,56,2000-07-06
000990.SZ,2025-05-08,7.73,7.74,7.78,7.69,7.75,-0.01,-0.129,103510.0,80112.9,0.8518,1.7883,0.8,40.7909,58.6134,0.5251,0.85,0.8292,0.646,0.646,121524.0,121524.0,57882.0,940594.0,940593.0,3.184,8.53,6.98,0.0000,-0.04406191476296593,1,15,56,2000-07-06
000990.SZ,2025-05-09,7.74,7.67,7.75,7.63,7.74,-0.07,-0.9044,86225.0,66173.0,0.7095,1.4897,0.68,40.422,58.0833,0.5203,0.8423,0.8217,0.6519,0.6519,121524.0,121524.0,57882.0,932087.0,932086.0,3.184,8.51,6.97,0.0000,-0.24175617376833375,1,15,56,2000-07-06
000990.SZ,2025-05-12,7.69,7.68,7.74,7.62,7.67,0.01,0.1304,81952.8,62804.7,0.6744,1.4159,0.65,40.4747,58.159,0.521,0.8434,0.8228,0.651,0.651,121524.0,121524.0,57882.0,933302.0,933302.0,3.184,8.44,6.9,0.0000,0.1412217482677675,1,15,56,2000-07-06
000990.SZ,2025-05-13,7.72,7.66,7.74,7.65,7.68,-0.02,-0.2604,63884.0,49050.2,0.5257,1.1037,0.53,40.3693,58.0076,0.5196,0.8412,0.8207,0.6527,0.6527,121524.0,121524.0,57882.0,930872.0,930871.0,3.184,8.45,6.91,0.0000,-0.14457856768168587,1,15,56,2000-07-06
000990.SZ,2025-05-14,7.65,7.73,7.74,7.62,7.66,0.07,0.9138,97291.6,74825.8,0.8006,1.6809,0.95,40.7382,58.5377,0.5244,0.8489,0.8282,0.6468,0.6468,121524.0,121524.0,57882.0,939379.0,939378.0,3.184,8.43,6.89,0.0000,0.07510512183160899,1,15,56,2000-07-06
000990.SZ,2025-05-15,7.72,7.8,7.97,7.7,7.73,0.07,0.9056,249614.0,196103.0,2.054,4.3125,2.88,41.1071,59.0678,0.5291,0.8566,0.8357,0.641,0.641,121524.0,121524.0,57882.0,947885.0,947885.0,3.184,8.5,6.96,0.0000,0.1848210065273237,1,15,56,2000-07-06
000990.SZ,2025-05-16,7.99,7.76,8.04,7.74,7.8,-0.04,-0.5128,228793.0,179511.0,1.8827,3.9528,1.98,40.8963,58.7649,0.5264,0.8522,0.8314,0.6443,0.6443,121524.0,121524.0,57882.0,943024.0,943024.0,3.184,8.58,7.02,0.0000,-0.10507410873958675,1,15,56,2000-07-06
000990.SZ,2025-05-19,7.75,7.79,7.79,7.66,7.76,0.03,0.3866,138644.0,107170.0,1.1409,2.3953,0.96,41.0544,58.992,0.5285,0.8555,0.8346,0.6418,0.6418,121524.0,121524.0,57882.0,946670.0,946669.0,3.184,8.54,6.98,0.0000,-0.06301735254770544,1,15,56,2000-07-06
000990.SZ,2025-05-20,7.77,7.81,7.83,7.74,7.79,0.02,0.2567,93440.0,72716.3,0.7689,1.6143,0.6,41.1598,59.1435,0.5298,0.8577,0.8367,0.6402,0.6402,121524.0,121524.0,57882.0,949100.0,949100.0,3.184,8.57,7.01,0.0000,-0.08060949673804431,1,15,56,2000-07-06
000990.SZ,2025-05-21,7.8,7.7,7.83,7.69,7.81,-0.11,-1.4085,91183.0,70583.8,0.7503,1.5753,0.56,40.5801,58.3105,0.5224,0.8456,0.825,0.6494,0.6494,121524.0,121524.0,57882.0,935733.0,935732.0,3.184,8.59,7.03,0.0000,-0.3324741243696489,1,15,56,2000-07-06
000990.SZ,2025-05-22,7.7,7.62,7.72,7.58,7.7,-0.08,-1.039,90552.0,69179.3,0.7451,1.5644,0.56,40.1585,57.7047,0.5169,0.8368,0.8164,0.6562,0.6562,121524.0,121524.0,57882.0,926011.0,926010.0,3.184,8.47,6.93,0.0000,-0.16246524796777898,1,15,56,2000-07-06
000990.SZ,2025-05-23,7.58,7.6,7.72,7.58,7.62,-0.02,-0.2625,77151.0,59093.0,0.6349,1.3329,0.6,40.0531,57.5532,0.5156,0.8346,0.8142,0.6579,0.6579,121524.0,121524.0,57882.0,923580.0,923580.0,3.184,8.38,6.86,0.0000,0.03872246548265941,1,15,56,2000-07-06
000990.SZ,2025-05-26,7.6,7.64,7.67,7.56,7.6,0.04,0.5263,55572.7,42363.4,0.4573,0.9601,0.57,40.2639,57.8561,0.5183,0.839,0.8185,0.6545,0.6545,121524.0,121524.0,57882.0,928442.0,928441.0,3.184,8.36,6.84,0.0000,0.06057244508157846,1,15,56,2000-07-06
000990.SZ,2025-05-27,7.6,7.74,7.75,7.59,7.64,0.1,1.3089,82979.5,63742.1,0.6828,1.4336,1.02,40.7909,58.6134,0.5251,0.85,0.8292,0.646,0.646,121524.0,121524.0,57882.0,940594.0,940593.0,3.184,8.4,6.88,0.0000,0.020735026998914313,1,15,56,2000-07-06
000990.SZ,2025-05-28,7.76,7.67,7.8,7.65,7.74,-0.07,-0.9044,84111.0,64821.7,0.6921,1.4531,1.06,40.422,58.0833,0.5203,0.8423,0.8217,0.6519,0.6519,121524.0,121524.0,57882.0,932087.0,932086.0,3.184,8.51,6.97,0.0000,-0.25699846342700977,1,15,56,2000-07-06
000990.SZ,2025-05-29,7.69,7.75,7.75,7.64,7.67,0.08,1.043,78025.0,60193.3,0.6421,1.348,1.0,40.8436,58.6891,0.5257,0.8511,0.8303,0.6452,,121524.0,121524.0,57882.0,941809.0,941808.0,3.184,8.44,6.9,0.0000,-0.06369397216423671,1,15,56,2000-07-06
000990.SZ,2025-05-30,7.74,7.72,7.74,7.69,7.75,-0.03,-0.3871,68278.2,52669.1,0.5619,1.1796,0.9,40.6855,58.4619,0.5237,0.8478,0.8271,0.6477,,121524.0,121524.0,57882.0,938163.0,938163.0,3.184,8.53,6.98,0.0000,0.09589989902893344,1,15,56,2000-07-06
000990.SZ,2025-06-03,7.55,7.62,7.66,7.43,7.72,-0.1,-1.2953,134239.0,101803.0,1.1046,2.3192,1.82,40.1585,57.7047,0.5169,0.8368,0.8164,0.6562,,121524.0,121524.0,57882.0,926011.0,926010.0,3.184,8.49,6.95,0.0000,-0.2631431278123452,1,15,56,2000-07-06
000990.SZ,2025-06-04,7.63,7.7,7.7,7.59,7.62,0.08,1.0499,94625.9,72499.3,0.7787,1.6348,1.06,40.5801,58.3105,0.5224,0.8456,0.825,0.6494,,121524.0,121524.0,57882.0,935733.0,935732.0,3.184,8.38,6.86,0.0000,-0.0651028008568558,1,15,56,2000-07-06
000990.SZ,2025-06-05,7.71,7.7,7.88,7.66,7.7,0.0,0.0,127219.0,98605.9,1.0469,2.1979,1.38,40.5801,58.3105,0.5224,0.8456,0.825,0.6494,,121524.0,121524.0,57882.0,935733.0,935732.0,3.184,8.47,6.93,0.0000,0.03798767594633509,1,15,56,2000-07-06
000990.SZ,2025-06-06,7.73,7.76,7.86,7.73,7.7,0.06,0.7792,131079.0,102168.0,1.0786,2.2646,1.3,40.8963,58.7649,0.5264,0.8522,0.8314,0.6443,,121524.0,121524.0,57882.0,943024.0,943024.0,3.184,8.47,6.93,0.0000,-0.007634577086698786,1,15,56,2000-07-06
000990.SZ,2025-06-09,7.74,7.76,7.79,7.7,7.71,0.05,0.6485,92264.8,71551.3,0.7592,1.594,0.83,40.8963,58.7649,0.5282,0.8522,0.8314,0.6443,0.6443,121524.0,121524.0,57882.0,943024.0,943024.0,3.2046,8.48,6.94,0.0000,-0.3204184170097304,1,15,56,2000-07-06
000990.SZ,2025-06-10,7.76,7.79,7.84,7.69,7.76,0.03,0.3866,123549.0,96030.5,1.0167,2.1345,1.07,41.0544,58.992,0.5303,0.8555,0.8346,0.6418,0.6418,121524.0,121524.0,57882.0,946670.0,946669.0,3.2046,8.54,6.98,0.0000,-0.027360066437107873,1,15,56,2000-07-06
000990.SZ,2025-06-11,7.81,7.75,7.84,7.74,7.79,-0.04,-0.5135,91021.3,70794.4,0.749,1.5725,0.8,40.8436,58.6891,0.5275,0.8511,0.8303,0.6452,0.6452,121524.0,121524.0,57882.0,941809.0,941808.0,3.2046,8.57,7.01,0.0000,-0.13785024230772747,1,15,56,2000-07-06
000990.SZ,2025-06-12,7.75,7.72,7.77,7.69,7.75,-0.03,-0.3871,76745.7,59281.2,0.6315,1.3259,0.68,40.6855,58.4619,0.5255,0.8478,0.8271,0.6477,0.6477,121524.0,121524.0,57882.0,938163.0,938163.0,3.2046,8.53,6.98,0.0000,-0.2502898333672536,1,15,56,2000-07-06
000990.SZ,2025-06-13,7.71,7.68,7.78,7.68,7.72,-0.04,-0.5181,101083.0,78065.3,0.8318,1.7464,0.98,40.4747,58.159,0.5228,0.8434,0.8228,0.651,0.651,121524.0,121524.0,57882.0,933302.0,933302.0,3.2046,8.49,6.95,0.0000,-0.09855157008287493,1,15,56,2000-07-06
000990.SZ,2025-06-16,7.69,7.62,7.71,7.59,7.68,-0.06,-0.7813,89624.4,68497.3,0.7375,1.5484,0.92,40.1585,57.7047,0.5187,0.8368,0.8164,0.6562,0.6562,121524.0,121524.0,57882.0,926011.0,926010.0,3.2046,8.45,6.91,0.0000,-0.11402696530712005,1,15,56,2000-07-06
000990.SZ,2025-06-17,7.61,7.63,7.65,7.57,7.62,0.01,0.1312,66501.0,50587.4,0.5472,1.1489,0.69,40.2112,57.7804,0.5194,0.8379,0.8175,0.6553,0.6553,121524.0,121524.0,57882.0,927226.0,927226.0,3.2046,8.38,6.86,0.0000,-0.3091050720113822,1,15,56,2000-07-06
000990.SZ,2025-06-18,7.61,7.51,7.63,7.48,7.63,-0.12,-1.5727,93041.1,69989.6,0.7656,1.6074,1.09,39.5788,56.8717,0.5112,0.8247,0.8046,0.6658,0.6658,121524.0,121524.0,57882.0,912643.0,912643.0,3.2046,8.39,6.87,0.0000,0.1890345839874497,1,15,56,2000-07-06
000990.SZ,2025-06-19,7.5,7.35,7.5,7.33,7.51,-0.16,-2.1305,114633.0,84795.3,0.9433,1.9805,1.34,38.7356,55.66,0.5003,0.8071,0.7875,0.6803,0.6803,121524.0,121524.0,57882.0,893200.0,893199.0,3.2046,8.26,6.76,0.0000,-0.026656156647731733,1,15,56,2000-07-06
000990.SZ,2025-06-20,7.37,7.34,7.43,7.33,7.35,-0.01,-0.1361,69430.0,51281.7,0.5713,1.1995,0.75,38.6829,55.5843,0.4996,0.806,0.7864,0.6812,0.6812,121524.0,121524.0,57882.0,891984.0,891984.0,3.2046,8.09,6.62,0.0000,-0.2453951121501175,1,15,56,2000-07-06
000990.SZ,2025-06-23,7.32,7.4,7.41,7.28,7.34,0.06,0.8174,68141.0,50179.3,0.5607,1.1772,0.79,38.9991,56.0386,0.5037,0.8126,0.7928,0.6757,0.6757,121524.0,121524.0,57882.0,899276.0,899275.0,3.2046,8.07,6.61,0.0000,0.11955775870859985,1,15,56,2000-07-06
000990.SZ,2025-06-24,7.41,7.48,7.49,7.37,7.4,0.08,1.0811,83754.2,62436.3,0.6892,1.447,1.02,39.4207,56.6445,0.5092,0.8214,0.8014,0.6684,0.6684,121524.0,121524.0,57882.0,908998.0,908997.0,3.2046,8.14,6.66,0.0000,-0.015262236137107628,1,15,56,2000-07-06
000990.SZ,2025-06-25,7.49,7.5,7.51,7.43,7.48,0.02,0.2674,87519.1,65374.3,0.7202,1.512,1.02,39.5261,56.7959,0.5105,0.8236,0.8035,0.6667,0.6667,121524.0,121524.0,57882.0,911428.0,911428.0,3.2046,8.23,6.73,0.0000,-0.11535909135746128,1,15,56,2000-07-06
000990.SZ,2025-06-26,7.5,7.45,7.51,7.45,7.5,-0.05,-0.6667,75960.1,56839.0,0.6251,1.3123,0.9,39.2626,56.4173,0.5071,0.8181,0.7982,0.6711,0.6711,121524.0,121524.0,57882.0,905352.0,905351.0,3.2046,8.25,6.75,0.0000,0.10654826590810186,1,15,56,2000-07-06
000990.SZ,2025-06-27,7.46,7.5,7.58,7.46,7.45,0.05,0.6711,74999.4,56404.0,0.6172,1.2957,0.97,39.5261,56.7959,0.5105,0.8236,0.8035,0.6667,0.6667,121524.0,121524.0,57882.0,911428.0,911428.0,3.2046,8.2,6.71,0.0000,-0.05985255978139587,1,15,56,2000-07-06
000990.SZ,2025-06-30,7.55,7.56,7.57,7.51,7.5,0.06,0.8,75719.8,57097.7,0.6231,1.3082,0.97,39.8423,57.2503,0.5146,0.8302,0.81,0.6614,0.6614,121524.0,121524.0,57882.0,918720.0,918719.0,3.2046,8.25,6.75,0.0000,0.13118234217399688,1,15,56,2000-07-06
000990.SZ,2025-07-01,7.55,7.59,7.59,7.52,7.56,0.03,0.3968,65207.0,49288.4,0.5366,1.1265,0.82,40.0004,57.4775,0.5166,0.8335,0.8132,0.6588,0.6588,121524.0,121524.0,57882.0,922365.0,922365.0,3.2046,8.32,6.8,0.0000,-0.13998621538313988,1,15,56,2000-07-06
000990.SZ,2025-07-02,7.6,7.68,7.71,7.56,7.59,0.09,1.1858,109102.0,83522.1,0.8978,1.6813,1.44,40.4747,58.159,0.5228,0.8434,0.8228,0.651,0.651,121524.0,121524.0,64890.8,933302.0,933302.0,3.2046,8.35,6.83,0.0000,0.1354851506996485,1,15,56,2000-07-06
000990.SZ,2025-07-03,7.66,7.71,7.73,7.64,7.68,0.03,0.3906,120151.0,92585.1,0.9887,1.8516,1.5,40.6328,58.3862,0.5248,0.8467,0.826,0.6485,0.6485,121524.0,121524.0,64890.8,936948.0,936947.0,3.2046,8.45,6.91,0.0000,-0.25212163579697744,1,15,56,2000-07-06
000990.SZ,2025-07-04,7.72,7.63,7.73,7.62,7.71,-0.08,-1.0376,96566.6,74124.7,0.7946,1.4881,1.08,40.2112,57.7804,0.5194,0.8379,0.8175,0.6553,0.6553,121524.0,121524.0,64890.8,927226.0,927226.0,3.2046,8.48,6.94,0.0000,-0.11037798008848361,1,15,56,2000-07-06
000990.SZ,2025-07-07,7.63,7.66,7.66,7.61,7.63,0.03,0.3932,66372.7,50715.8,0.5462,1.0228,0.71,40.3693,58.0076,0.5214,0.8412,0.8207,0.6527,0.6527,121524.0,121524.0,64890.8,930872.0,930871.0,3.2046,8.39,6.87,0.0000,-0.1080053311095049,1,15,56,2000-07-06
000990.SZ,2025-07-08,7.66,7.7,7.7,7.63,7.66,0.04,0.5222,78983.0,60550.1,0.6499,1.2172,0.86,40.5801,58.3105,0.5241,0.8456,0.825,0.6494,0.6494,121524.0,121524.0,64890.8,935733.0,935732.0,3.2046,8.43,6.89,0.0000,0.15716683971422213,1,15,56,2000-07-06
000990.SZ,2025-07-09,7.71,7.69,7.75,7.66,7.7,-0.01,-0.1299,92314.8,71097.0,0.7596,1.4226,0.98,40.5274,58.2348,0.5234,0.8445,0.8239,0.6502,0.6502,121524.0,121524.0,64890.8,934518.0,934517.0,3.2046,8.47,6.93,0.0000,-0.11480063685486094,1,15,56,2000-07-06
000990.SZ,2025-07-11,7.76,7.77,7.81,7.73,7.77,0.0,0.0,117528.0,91342.8,0.9671,1.8112,1.31,40.949,58.8406,0.5289,0.8533,0.8325,0.6435,0.6435,121524.0,121524.0,64890.8,944240.0,944239.0,3.2046,8.55,6.99,0.0000,-0.05939147780541478,1,15,56,2000-07-06
000990.SZ,2025-07-14,7.69,7.61,7.71,7.6,7.77,-0.16,-2.0592,217116.0,165808.0,1.7866,3.3459,2.31,40.1058,57.6289,0.518,0.8357,0.8153,0.657,0.657,121524.0,121524.0,64890.8,924796.0,924795.0,3.2046,8.55,6.99,0.0000,-0.026490991374043676,1,15,56,2000-07-06
000990.SZ,2025-07-15,7.61,7.47,7.63,7.43,7.61,-0.14,-1.8397,170707.0,128003.0,1.4047,2.6307,1.37,39.368,56.5687,0.5085,0.8203,0.8003,0.6693,0.6693,121524.0,121524.0,64890.8,907782.0,907782.0,3.2046,8.37,6.85,0.0000,0.14670684101748135,1,15,56,2000-07-06
000990.SZ,2025-07-16,7.46,7.44,7.5,7.42,7.47,-0.03,-0.4016,114948.0,85671.1,0.9459,1.7714,0.81,39.2099,56.3416,0.5064,0.817,0.7971,0.672,0.672,121524.0,121524.0,64890.8,904137.0,904136.0,3.2046,8.22,6.72,0.0000,0.23462919451271605,1,15,56,2000-07-06
000990.SZ,2025-07-17,7.45,7.48,7.48,7.42,7.44,0.04,0.5376,98790.9,73714.7,0.8129,1.5224,0.67,39.4207,56.6445,0.5092,0.8214,0.8014,0.6684,0.6684,121524.0,121524.0,64890.8,908998.0,908997.0,3.2046,8.18,6.7,0.0000,0.1309408474835954,1,15,56,2000-07-06
000990.SZ,2025-07-18,7.48,7.52,7.53,7.47,7.48,0.04,0.5348,100351.0,75285.9,0.8258,1.5465,0.7,39.6315,56.9474,0.5119,0.8258,0.8057,0.6649,0.6649,121524.0,121524.0,64890.8,913859.0,913858.0,3.2046,8.23,6.73,0.0000,-0.08974808565795285,1,15,56,2000-07-06
000990.SZ,2025-07-21,7.54,7.74,7.78,7.53,7.52,0.22,2.9255,250404.0,192894.0,2.0605,3.8588,1.78,40.7909,58.6134,0.5269,0.85,0.8292,0.646,0.646,121524.0,121524.0,64890.8,940594.0,940593.0,3.2046,8.27,6.77,0.0000,-0.16992533449410163,1,15,56,2000-07-06
000990.SZ,2025-07-22,7.75,7.83,7.84,7.68,7.74,0.09,1.1628,195506.0,151866.0,1.6088,3.0128,1.33,41.2653,59.2949,0.533,0.8599,0.8389,0.6386,0.6386,121524.0,121524.0,64890.8,951531.0,951530.0,3.2046,8.51,6.97,0.0000,-0.165229871607931,1,15,56,2000-07-06
000990.SZ,2025-07-23,7.86,7.77,7.89,7.76,7.83,-0.06,-0.7663,161925.0,126895.0,1.3325,2.4953,1.07,40.949,58.8406,0.5289,0.8533,0.8325,0.6435,0.6435,121524.0,121524.0,64890.8,944240.0,944239.0,3.2046,8.61,7.05,0.0000,-0.21474679722784998,1,15,56,2000-07-06
000990.SZ,2025-07-24,7.76,7.87,7.88,7.75,7.77,0.1,1.287,152821.0,119486.0,1.2575,2.3551,0.95,41.4761,59.5979,0.5357,0.8643,0.8432,0.6353,0.6353,121524.0,121524.0,64890.8,956392.0,956391.0,3.2046,8.55,6.99,0.0000,0.1774489260558683,1,15,56,2000-07-06
000990.SZ,2025-07-25,7.95,7.86,8.02,7.84,7.87,-0.01,-0.1271,177858.0,140756.0,1.4636,2.7409,1.03,41.4234,59.5221,0.535,0.8632,0.8421,0.6361,0.6361,121524.0,121524.0,64890.8,955177.0,955176.0,3.2046,8.66,7.08,0.0000,-0.06318879254264223,1,15,56,2000-07-06
000990.SZ,2025-07-28,7.87,7.93,8.09,7.83,7.86,0.07,0.8906,237318.0,188656.0,1.9529,3.6572,1.26,41.7923,60.0522,0.5398,0.8708,0.8496,0.6305,0.6305,121524.0,121524.0,64890.8,963683.0,963683.0,3.2046,8.65,7.07,0.0000,0.1152078587894782,1,15,56,2000-07-06
000990.SZ,2025-07-29,7.93,7.95,7.97,7.89,7.93,0.02,0.2522,118162.0,93641.2,0.9723,1.8209,0.64,41.8977,60.2037,0.5411,0.873,0.8517,0.6289,0.6289,121524.0,121524.0,64890.8,966114.0,966113.0,3.2046,8.72,7.14,0.0000,0.0599852611971006,1,15,56,2000-07-06
000990.SZ,2025-08-04,7.78,7.8,7.83,7.7,7.79,0.01,0.1284,114714.0,88927.8,0.944,1.7678,0.79,41.1071,59.0678,0.5309,0.8566,0.8357,0.641,0.641,121524.0,121524.0,64890.8,947885.0,947885.0,3.2046,8.57,7.01,0.0000,0.32975510578034023,1,15,56,2000-07-06
000990.SZ,2025-08-05,7.8,7.81,7.83,7.77,7.8,0.01,0.1282,104065.0,81170.1,0.8563,1.6037,0.86,41.1598,59.1435,0.5316,0.8577,0.8367,0.6402,0.6402,121524.0,121524.0,64890.8,949100.0,949100.0,3.2046,8.58,7.02,0.0000,0.10409380024291816,1,15,56,2000-07-06
000990.SZ,2025-08-11,7.67,7.7,7.73,7.63,7.64,0.06,0.7853,130402.0,100335.0,1.0731,2.0096,0.97,40.5801,149.512,0.5261,0.8456,0.8218,0.6494,0.6494,121524.0,121524.0,64890.8,935733.0,935732.0,3.2046,8.4,6.88,0.0000,-0.05959653781433684,1,15,56,2000-07-06
000990.SZ,2025-08-25,8.14,8.11,8.14,8.06,8.1,0.01,0.1235,214513.0,173805.0,1.7652,3.3058,0.86,42.7409,157.473,0.5541,0.8906,0.8656,0.6165,0.6165,121524.0,121524.0,64890.8,985558.0,985557.0,3.2045,8.91,7.29,0.0000,0.0596457459775831,1,15,56,2000-07-06
000990.SZ,2025-08-26,8.1,8.13,8.19,8.06,8.11,0.02,0.2466,161554.0,131220.0,1.3294,2.4896,0.68,42.8463,157.861,0.5555,0.8928,0.8677,0.615,0.615,121524.0,121524.0,64890.8,987988.0,987987.0,3.2046,8.92,7.3,0.0000,-0.10801665858283543,1,15,56,2000-07-06
000990.SZ,2025-08-27,8.13,7.98,8.14,7.97,8.13,-0.15,-1.845,266150.0,214754.0,2.1901,4.1015,1.36,42.0558,154.949,0.5453,0.8763,0.8517,0.6266,0.6266,121524.0,121524.0,64890.8,969760.0,969759.0,3.2046,8.94,7.32,0.0000,-0.1716049145172612,1,15,56,2000-07-06
000990.SZ,2025-09-01,7.98,7.95,8.02,7.92,7.98,-0.03,-0.3759,132969.0,105835.0,1.0942,2.0491,0.68,41.8977,154.366,0.5432,0.873,0.8485,0.6289,0.6289,121524.0,121524.0,64890.8,966114.0,966113.0,3.2046,8.78,7.18,0.0000,0.07222489044364072,1,15,56,2000-07-06
000990.SZ,2025-09-02,7.96,7.86,7.97,7.82,7.95,-0.09,-1.1321,142271.0,111929.0,1.1707,2.1925,0.8,41.4234,152.619,0.5371,0.8632,0.8389,0.6361,0.6361,121524.0,121524.0,64890.8,955177.0,955176.0,3.2046,8.75,7.16,0.0000,0.105823625381464,1,15,56,2000-07-06
000990.SZ,2025-09-03,7.87,7.78,7.89,7.78,7.86,-0.08,-1.0178,107745.0,84148.6,0.8866,1.6604,0.62,41.0017,151.066,0.5316,0.8544,0.8303,0.6427,0.6427,121524.0,121524.0,64890.8,945455.0,945454.0,3.2046,8.65,7.07,0.0000,0.19540355564208609,1,15,56,2000-07-06
000990.SZ,2025-09-15,7.91,7.85,7.94,7.83,7.9,-0.05,-0.6329,106438.0,83693.1,0.8759,1.6403,0.85,41.3707,152.425,0.5364,0.8621,0.8378,0.6369,0.6369,121524.0,121524.0,64890.8,953961.0,953961.0,3.2046,8.69,7.11,0.0000,-0.07813623482930362,1,15,56,2000-07-06
000990.SZ,2025-09-16,7.86,7.83,7.87,7.77,7.85,-0.02,-0.2548,130487.0,101946.0,1.0738,2.0109,1.07,41.2653,152.036,0.535,0.8599,0.8357,0.6386,0.6386,121524.0,121524.0,64890.8,951531.0,951530.0,3.2046,8.64,7.07,0.0000,-0.10173893079311956,1,15,56,2000-07-06
000990.SZ,2025-09-17,7.82,7.82,7.84,7.76,7.83,-0.01,-0.1277,115265.0,89949.1,0.9485,1.7763,0.99,41.2126,151.842,0.5343,0.8588,0.8346,0.6394,0.6394,121524.0,121524.0,64890.8,950316.0,950315.0,3.2046,8.61,7.05,0.0000,-0.021128898526738098,1,15,56,2000-07-06
000990.SZ,2025-09-22,7.45,7.32,7.47,7.27,7.44,-0.12,-1.6129,222399.0,163352.0,1.8301,3.4273,1.23,38.5775,142.134,0.5002,0.8039,0.7813,0.6831,0.6831,121524.0,121524.0,64890.8,889554.0,889553.0,3.2046,8.18,6.7,0.0000,-0.19676962802509887,1,15,56,2000-07-06
000990.SZ,2025-09-29,7.24,7.31,7.33,7.14,7.24,0.07,0.9669,104168.0,75462.5,0.8572,1.6053,0.66,38.5248,141.939,0.4995,0.8028,0.7802,0.684,0.684,121524.0,121524.0,64890.8,888339.0,888338.0,3.2046,7.96,6.52,0.0000,-0.0736709770391003,1,15,56,2000-07-06
000990.SZ,2025-10-13,7.29,7.4,7.42,7.24,7.43,-0.03,-0.4038,141348.0,103571.0,1.1631,2.1782,1.21,38.9991,143.687,0.5056,0.8126,0.7898,0.6757,0.6757,121524.0,121524.0,64890.8,899276.0,899275.0,3.2046,8.17,6.69,0.0000,0.010406650761924924,1,15,56,2000-07-06
000990.SZ,2025-10-14,7.43,7.41,7.45,7.37,7.4,0.01,0.1351,149800.0,110946.0,1.2327,2.3085,1.18,39.0518,143.881,0.5063,0.8137,0.7909,0.6748,0.6748,121524.0,121524.0,64890.8,900491.0,900490.0,3.2046,8.14,6.66,0.0000,-0.050563018461168306,1,15,56,2000-07-06
000990.SZ,2025-10-15,7.39,7.41,7.45,7.39,7.41,0.0,0.0,104232.0,77307.4,0.8577,1.6063,0.77,39.0518,143.881,0.5063,0.8137,0.7909,0.6748,0.6748,121524.0,121524.0,64890.8,900491.0,900490.0,3.2046,8.15,6.67,0.0000,0.03996429741865574,1,15,56,2000-07-06
