Instrument,Date,Close,Open,High,Low,Pre_Close,Change,Pct_Chg,Volume,AMount
399370.SZ,2010-01-04,3768.54,3824.19,3829.87,3767.92,3807.72,-39.178,-1.0289,37963500.0,62007100.0
399370.SZ,2010-01-05,3799.97,3778.31,3810.67,3725.04,3768.54,31.424,0.8339,52012200.0,88434500.0
399370.SZ,2010-01-06,3784.71,3796.4,3830.96,3782.33,3799.97,-15.259,-0.4016,48420200.0,83887300.0
399370.SZ,2010-01-07,3716.46,3784.06,3800.49,3694.66,3784.71,-68.246,-1.8032,48258100.0,80375300.0
399370.SZ,2010-01-08,3730.68,3699.53,3731.14,3668.05,3716.46,14.219,0.3826,38686700.0,63243200.0
399370.SZ,2010-01-11,3733.61,3840.79,3845.9,3714.31,3730.68,2.928,0.0785,55269600.0,95528200.0
399370.SZ,2010-01-12,3789.64,3730.61,3790.26,3684.11,3733.61,56.034,1.5008,57463600.0,96298800.0
399370.SZ,2010-01-13,3672.17,3692.78,3747.08,3662.55,3789.64,-117.47,-3.0998,65096900.0,108805000.0
399370.SZ,2010-01-14,3730.8,3682.29,3730.8,3662.51,3672.17,58.628,1.5965,50803800.0,84054800.0
399370.SZ,2010-01-15,3754.07,3735.33,3771.44,3716.35,3730.8,23.27,0.6237,46266700.0,76080000.0
399370.SZ,2010-01-18,3774.1,3741.03,3774.22,3724.09,3754.07,20.032,0.5336,53006800.0,85834100.0
399370.SZ,2010-01-19,3775.98,3780.26,3797.96,3764.95,3774.1,1.879,0.0498,49358200.0,79690600.0
399370.SZ,2010-01-20,3652.69,3779.67,3782.41,3640.5,3775.98,-123.293,-3.2652,59384600.0,95549600.0
399370.SZ,2010-01-21,3667.2,3652.15,3685.82,3614.5,3652.69,14.511,0.3973,42448600.0,69662900.0
399370.SZ,2010-01-22,3603.9,3618.25,3639.96,3527.31,3667.2,-63.299,-1.7261,48958500.0,78620900.0
399370.SZ,2010-01-25,3564.49,3575.76,3618.36,3562.04,3603.9,-39.412,-1.0936,28921000.0,44761500.0
399370.SZ,2010-01-26,3464.39,3567.69,3583.02,3440.61,3564.49,-100.096,-2.8081,36123600.0,56228300.0
399370.SZ,2010-01-27,3413.6,3463.06,3476.17,3395.35,3464.39,-50.789,-1.466,30497900.0,47993200.0
399370.SZ,2010-01-28,3430.76,3408.86,3443.17,3383.67,3413.6,17.153,0.5025,28455100.0,44247400.0
399370.SZ,2010-01-29,3438.13,3413.76,3488.76,3398.48,3430.76,7.377,0.215,32637200.0,49374500.0
399370.SZ,2010-02-01,3381.32,3427.56,3427.56,3334.12,3438.13,-56.811,-1.6524,36669700.0,53882300.0
399370.SZ,2010-02-02,3372.25,3400.1,3444.71,3368.2,3381.32,-9.076,-0.2684,31862600.0,48553800.0
399370.SZ,2010-02-03,3462.93,3385.32,3463.35,3304.58,3372.25,90.679,2.689,40153100.0,61555300.0
399370.SZ,2010-02-04,3455.57,3438.38,3483.63,3420.85,3462.93,-7.355,-0.2124,38068400.0,55461600.0
399370.SZ,2010-02-05,3380.45,3375.02,3414.41,3353.47,3455.57,-75.119,-2.1739,38539100.0,55599900.0
399370.SZ,2010-02-08,3380.25,3378.78,3402.72,3355.24,3380.45,-0.198,-0.0059,25488800.0,37137800.0
399370.SZ,2010-02-09,3394.82,3374.72,3412.01,3372.02,3380.25,14.567,0.4309,21480600.0,31503200.0
399370.SZ,2010-02-10,3452.16,3424.5,3452.3,3414.29,3394.82,57.338,1.689,21099300.0,34074800.0
399370.SZ,2010-02-11,3457.66,3455.45,3477.15,3445.45,3452.16,5.503,0.1594,21016500.0,32856400.0
399370.SZ,2010-02-12,3490.99,3468.86,3494.73,3463.63,3457.66,33.329,0.9639,19090100.0,31623900.0
399370.SZ,2010-02-22,3476.3,3487.49,3506.14,3472.1,3490.99,-14.685,-0.4207,23437400.0,35694400.0
399370.SZ,2010-02-23,3450.36,3468.94,3468.94,3391.14,3476.3,-25.942,-0.7463,28210500.0,43254300.0
399370.SZ,2010-02-24,3502.94,3427.88,3502.97,3414.58,3450.36,52.581,1.5239,32139700.0,47276800.0
399370.SZ,2010-02-25,3566.21,3512.48,3569.12,3511.94,3502.94,63.265,1.8061,43698800.0,66577400.0
399370.SZ,2010-02-26,3557.59,3560.23,3579.28,3546.91,3566.21,-8.619,-0.2417,36014200.0,54017100.0
399370.SZ,2010-03-01,3602.89,3559.09,3608.8,3559.09,3557.59,45.298,1.2733,38577600.0,57724900.0
399370.SZ,2010-03-02,3593.78,3605.99,3621.21,3580.72,3602.89,-9.105,-0.2527,37626200.0,56440900.0
399370.SZ,2010-03-03,3622.37,3594.69,3622.5,3574.6,3593.78,28.588,0.7955,38745500.0,58322900.0
399370.SZ,2010-03-04,3524.32,3627.0,3639.44,3519.25,3622.37,-98.049,-2.7068,45765700.0,69129400.0
399370.SZ,2010-03-05,3533.31,3527.65,3552.57,3510.15,3524.32,8.988,0.255,32534100.0,47994100.0
399370.SZ,2010-03-08,3563.59,3543.24,3572.01,3534.49,3533.31,30.282,0.857,28278600.0,42702900.0
399370.SZ,2010-03-09,3585.75,3563.24,3604.06,3529.61,3563.59,22.163,0.6219,37327600.0,56100700.0
399370.SZ,2010-03-10,3553.01,3584.4,3601.1,3539.32,3585.75,-32.744,-0.9132,32129400.0,49031500.0
399370.SZ,2010-03-11,3545.25,3552.82,3576.71,3515.56,3553.01,-7.76,-0.2184,31332300.0,50061000.0
399370.SZ,2010-03-12,3496.33,3544.94,3553.68,3495.4,3545.25,-48.918,-1.3798,25649200.0,40241100.0
399370.SZ,2010-03-15,3447.39,3494.85,3501.16,3434.52,3496.33,-48.941,-1.3998,22620400.0,35767900.0
399370.SZ,2010-03-16,3479.29,3448.22,3479.29,3433.72,3447.39,31.897,0.9253,20503300.0,32264500.0
399370.SZ,2010-03-17,3559.05,3488.49,3559.05,3479.34,3479.29,79.766,2.2926,31468700.0,49548600.0
399370.SZ,2010-03-18,3554.61,3563.37,3585.28,3539.45,3559.05,-4.447,-0.1249,32018400.0,49349300.0
399370.SZ,2010-03-19,3576.12,3558.61,3579.45,3534.38,3554.61,21.509,0.6051,31122300.0,47119000.0
399370.SZ,2010-03-22,3590.59,3582.27,3601.13,3574.75,3576.12,14.473,0.4047,33560400.0,51513000.0
399370.SZ,2010-03-23,3564.23,3592.33,3600.24,3557.72,3590.59,-26.36,-0.7341,31070800.0,49041300.0
399370.SZ,2010-03-24,3566.69,3570.09,3587.88,3560.52,3564.23,2.464,0.0691,30605400.0,47502800.0
399370.SZ,2010-03-25,3511.51,3559.7,3559.7,3503.42,3566.69,-55.184,-1.5472,32871000.0,49233900.0
399370.SZ,2010-03-26,3561.34,3507.26,3571.77,3501.15,3511.51,49.833,1.4191,30724300.0,47030600.0
399370.SZ,2010-03-29,3648.99,3584.24,3651.48,3584.24,3561.34,87.651,2.4612,42728600.0,72444800.0
399370.SZ,2010-03-30,3662.14,3651.54,3668.5,3640.48,3648.99,13.142,0.3602,33702400.0,57312900.0
399370.SZ,2010-03-31,3646.56,3665.74,3666.75,3638.03,3662.14,-15.578,-0.4254,33434200.0,54829200.0
399370.SZ,2010-04-01,3702.38,3650.98,3702.38,3650.98,3646.56,55.826,1.5309,46152700.0,73845600.0
399370.SZ,2010-04-02,3719.7,3709.8,3725.46,3702.05,3702.38,17.319,0.4678,45194800.0,75422000.0
399370.SZ,2010-04-06,3718.42,3736.45,3752.06,3695.47,3719.7,-1.288,-0.0346,45384800.0,74603700.0
399370.SZ,2010-04-07,3699.95,3715.79,3715.79,3676.96,3718.42,-18.467,-0.4966,39195800.0,63711200.0
399370.SZ,2010-04-08,3655.17,3692.61,3692.61,3642.64,3699.95,-44.782,-1.2103,43986100.0,71031600.0
399370.SZ,2010-04-09,3694.56,3656.85,3694.65,3650.91,3655.17,39.395,1.0778,39813100.0,65173300.0
399370.SZ,2010-04-12,3660.6,3707.08,3711.52,3634.97,3694.56,-33.96,-0.9192,52458100.0,84966900.0
399370.SZ,2010-04-13,3691.81,3658.92,3707.76,3609.89,3660.6,31.205,0.8525,54404400.0,88832200.0
399370.SZ,2010-04-14,3711.37,3694.82,3712.16,3676.4,3691.81,19.565,0.53,43011600.0,71145700.0
399370.SZ,2010-04-15,3694.59,3715.48,3720.02,3663.82,3711.37,-16.776,-0.452,43902300.0,71510400.0
399370.SZ,2010-04-16,3653.47,3686.64,3686.64,3641.4,3694.59,-41.121,-1.113,34043800.0,54091200.0
399370.SZ,2010-04-19,3456.83,3607.27,3607.27,3455.77,3653.47,-196.642,-5.3823,54987800.0,85358100.0
399370.SZ,2010-04-20,3445.76,3452.83,3476.85,3394.32,3456.83,-11.071,-0.3203,43742800.0,66770100.0
399370.SZ,2010-04-21,3523.36,3451.11,3524.38,3439.98,3445.76,77.6,2.252,46138800.0,72552500.0
399370.SZ,2010-04-22,3488.87,3508.64,3523.69,3459.48,3523.36,-34.495,-0.979,47628300.0,76232200.0
399370.SZ,2010-04-23,3481.25,3486.7,3522.64,3462.66,3488.87,-7.62,-0.2184,42710500.0,74650600.0
399370.SZ,2010-04-26,3463.55,3487.36,3498.48,3456.93,3481.25,-17.697,-0.5084,38363500.0,62836100.0
399370.SZ,2010-04-27,3387.05,3452.0,3452.0,3330.1,3463.55,-76.496,-2.2086,42930000.0,66431100.0
399370.SZ,2010-04-28,3378.2,3354.34,3406.62,3334.56,3387.05,-8.855,-0.2614,30651400.0,49726400.0
399370.SZ,2010-04-29,3327.39,3397.39,3417.36,3327.24,3378.2,-50.812,-1.5041,34061400.0,54742100.0
399370.SZ,2010-04-30,3317.98,3326.64,3334.37,3257.63,3327.39,-9.41,-0.2828,34602600.0,53968200.0
399370.SZ,2010-05-04,3256.16,3257.02,3302.22,3226.2,3317.98,-61.818,-1.8631,27139900.0,40789900.0
399370.SZ,2010-05-05,3289.1,3206.89,3289.51,3179.39,3256.16,32.946,1.0118,38715400.0,59813900.0
399370.SZ,2010-05-06,3133.67,3270.5,3270.5,3132.32,3289.1,-155.432,-4.7257,38378300.0,61643600.0
399370.SZ,2010-05-07,3069.94,3064.83,3134.62,3045.92,3133.67,-63.728,-2.0337,35497400.0,55087100.0
399370.SZ,2010-05-10,3083.47,3074.37,3105.4,3015.89,3069.94,13.528,0.4407,31817700.0,47137900.0
399370.SZ,2010-05-11,3015.15,3148.13,3154.35,3005.91,3083.47,-68.327,-2.2159,34031600.0,51946200.0
399370.SZ,2010-05-12,3016.19,2991.06,3044.14,2954.86,3015.15,1.047,0.0347,31487500.0,45220000.0
399370.SZ,2010-05-13,3099.52,3018.1,3099.52,3004.94,3016.19,83.328,2.7627,32804000.0,47019200.0
399370.SZ,2010-05-14,3080.74,3075.02,3103.91,3056.93,3099.52,-18.781,-0.6059,27513800.0,40508600.0
399370.SZ,2010-05-17,2901.65,3037.95,3037.95,2900.13,3080.74,-179.086,-5.8131,31344500.0,44174600.0
399370.SZ,2010-05-18,2969.51,2895.54,2981.6,2865.16,2901.65,67.862,2.3387,35321600.0,46102700.0
399370.SZ,2010-05-19,2957.84,2942.89,3003.9,2916.23,2969.51,-11.678,-0.3933,29995800.0,41337500.0
399370.SZ,2010-05-20,2912.57,2929.67,2992.7,2906.76,2957.84,-45.262,-1.5302,28652800.0,39724900.0
399370.SZ,2010-05-21,2970.07,2832.17,2970.22,2822.57,2912.57,57.495,1.974,38522000.0,49471100.0
399370.SZ,2010-05-24,3097.03,2993.23,3111.7,2993.23,2970.07,126.961,4.2747,52091400.0,70890700.0
399370.SZ,2010-05-25,3039.68,3071.64,3077.64,3017.4,3097.03,-57.348,-1.8517,38748400.0,52987200.0
399370.SZ,2010-05-26,3042.69,3038.3,3066.52,3020.57,3039.68,3.011,0.0991,27697100.0,37562000.0
399370.SZ,2010-05-27,3090.98,3037.54,3098.04,2995.52,3042.69,48.287,1.587,35205200.0,48965100.0
399370.SZ,2010-05-28,3084.29,3121.03,3129.24,3066.06,3090.98,-6.687,-0.2163,35448500.0,50042600.0
399370.SZ,2010-05-31,2991.44,3065.4,3088.27,2991.35,3084.29,-92.851,-3.0104,31713400.0,43747900.0
399370.SZ,2010-06-01,2949.18,2968.17,2993.21,2907.21,2991.44,-42.264,-1.4128,29437000.0,39685800.0
399370.SZ,2010-06-02,2976.84,2931.78,2976.84,2905.99,2949.18,27.659,0.9379,26673700.0,36554600.0
399370.SZ,2010-06-03,2949.17,2988.0,3007.39,2948.67,2976.84,-27.668,-0.9294,27534700.0,36744400.0
399370.SZ,2010-06-04,2968.17,2931.18,2972.38,2922.22,2949.17,19.001,0.6443,23181300.0,32114800.0
399370.SZ,2010-06-07,2921.93,2908.58,2942.45,2891.65,2968.17,-46.241,-1.5579,25749000.0,35217400.0
399370.SZ,2010-06-08,2932.96,2920.87,2957.35,2897.32,2921.93,11.027,0.3774,26263800.0,36310300.0
399370.SZ,2010-06-09,3028.39,2947.54,3030.61,2921.35,2932.96,95.431,3.2537,41489400.0,55013700.0
399370.SZ,2010-06-10,2995.06,2998.55,3025.79,2989.25,3028.39,-33.326,-1.1005,31677300.0,41248000.0
399370.SZ,2010-06-11,2998.65,3012.62,3029.3,2993.72,2995.06,3.583,0.1196,27871700.0,38164400.0
399370.SZ,2010-06-17,2977.29,3021.44,3029.5,2976.91,2998.65,-21.353,-0.7121,24233400.0,31747000.0
399370.SZ,2010-06-18,2914.33,2972.92,2991.0,2900.62,2977.29,-62.964,-2.1148,29996700.0,38933300.0
399370.SZ,2010-06-21,3009.41,2915.68,3012.02,2895.61,2914.33,95.078,3.2624,36604300.0,44684700.0
399370.SZ,2010-06-22,3016.22,2999.94,3028.24,2993.54,3009.41,6.811,0.2263,28113000.0,35385300.0
399370.SZ,2010-06-23,2989.26,2998.78,3023.56,2961.79,3016.22,-26.961,-0.8939,25061000.0,32401700.0
399370.SZ,2010-06-24,2988.0,2982.43,3014.94,2967.19,2989.26,-1.257,-0.0421,21541100.0,27147200.0
399370.SZ,2010-06-25,2955.61,2972.17,2985.66,2932.02,2988.0,-32.384,-1.0838,22803400.0,28266900.0
399370.SZ,2010-06-28,2929.32,2952.9,2972.8,2919.57,2955.61,-26.295,-0.8897,19451200.0,24522300.0
399370.SZ,2010-06-29,2781.52,2931.02,2938.66,2781.09,2929.32,-147.796,-5.0454,32878100.0,38593500.0
399370.SZ,2010-06-30,2741.5,2758.25,2759.61,2721.3,2781.52,-40.022,-1.4389,23508400.0,27596500.0
399370.SZ,2010-07-01,2700.21,2739.26,2756.85,2698.25,2741.5,-41.296,-1.5063,18260900.0,22451600.0
399370.SZ,2010-07-02,2703.35,2695.66,2713.21,2609.56,2700.21,3.145,0.1165,25422600.0,30721100.0
399370.SZ,2010-07-05,2685.43,2670.91,2704.39,2642.52,2703.35,-17.919,-0.6628,17939200.0,22044000.0
399370.SZ,2010-07-06,2752.36,2676.92,2752.36,2674.67,2685.43,66.932,2.4924,24083200.0,29332900.0
399370.SZ,2010-07-07,2780.41,2753.62,2780.41,2742.38,2752.36,28.049,1.0191,22606700.0,28726300.0
399370.SZ,2010-07-08,2775.93,2794.56,2808.29,2761.16,2780.41,-4.486,-0.1613,21918000.0,26995100.0
399370.SZ,2010-07-09,2863.04,2779.38,2879.75,2755.96,2775.93,87.111,3.1381,34642500.0,44538400.0
399370.SZ,2010-07-12,2900.2,2863.45,2918.5,2853.43,2863.04,37.164,1.2981,37452900.0,48240000.0
399370.SZ,2010-07-13,2853.98,2868.87,2870.74,2830.29,2900.2,-46.219,-1.5936,27363300.0,34331800.0
399370.SZ,2010-07-14,2871.52,2860.56,2908.23,2855.43,2853.98,17.536,0.6144,27589500.0,35675300.0
399370.SZ,2010-07-15,2821.45,2867.24,2906.31,2820.61,2871.52,-50.069,-1.7436,24651100.0,30555100.0
399370.SZ,2010-07-16,2835.85,2809.65,2842.29,2780.02,2821.45,14.401,0.5104,20510600.0,26042600.0
399370.SZ,2010-07-19,2916.67,2809.49,2926.07,2800.51,2835.85,80.819,2.8499,32976100.0,43992000.0
399370.SZ,2010-07-20,2988.08,2922.32,2994.36,2922.32,2916.67,71.414,2.4485,45481100.0,60399000.0
399370.SZ,2010-07-21,2992.74,2989.62,3016.75,2977.17,2988.08,4.659,0.1559,40095800.0,52987800.0
399370.SZ,2010-07-22,3040.38,2983.87,3041.23,2978.59,2992.74,47.633,1.5916,37955900.0,47533900.0
399370.SZ,2010-07-23,3055.47,3048.27,3070.21,3025.47,3040.38,15.094,0.4965,38807500.0,51320500.0
399370.SZ,2010-07-26,3080.42,3060.45,3080.42,3036.18,3055.47,24.95,0.8166,34637600.0,45511300.0
399370.SZ,2010-07-27,3068.09,3072.1,3087.99,3054.38,3080.42,-12.33,-0.4003,32733500.0,44791800.0
399370.SZ,2010-07-28,3147.76,3067.04,3150.66,3053.64,3068.09,79.666,2.5966,47742800.0,62716600.0
399370.SZ,2010-07-29,3159.49,3152.66,3168.59,3128.02,3147.76,11.735,0.3728,49640500.0,64437600.0
399370.SZ,2010-07-30,3147.29,3148.04,3154.75,3116.29,3159.49,-12.202,-0.3862,38112000.0,49273700.0
399370.SZ,2010-08-02,3209.08,3145.7,3212.48,3145.17,3147.29,61.796,1.9635,42356700.0,56785100.0
399370.SZ,2010-08-03,3155.81,3217.06,3229.31,3155.81,3209.08,-53.277,-1.6602,49560300.0,66161300.0
399370.SZ,2010-08-04,3171.17,3146.35,3171.17,3095.6,3155.81,15.362,0.4868,42317400.0,56845700.0
399370.SZ,2010-08-05,3153.6,3170.25,3181.23,3132.13,3171.17,-17.568,-0.554,43914800.0,58777800.0
399370.SZ,2010-08-06,3203.49,3149.57,3204.45,3113.25,3153.6,49.883,1.5818,47441400.0,63606600.0
399370.SZ,2010-08-09,3240.27,3200.31,3243.49,3194.05,3203.49,36.782,1.1482,45339300.0,64870500.0
399370.SZ,2010-08-10,3132.6,3240.75,3249.62,3132.56,3240.27,-107.669,-3.3228,45478700.0,62711100.0
399370.SZ,2010-08-11,3162.0,3118.63,3173.44,3117.84,3132.6,29.399,0.9385,33814500.0,45396600.0
399370.SZ,2010-08-12,3125.94,3129.38,3179.1,3117.51,3162.0,-36.057,-1.1403,36696100.0,48700100.0
399370.SZ,2010-08-13,3180.92,3127.31,3181.21,3103.58,3125.94,54.98,1.7588,34792400.0,48014600.0
399370.SZ,2010-08-16,3253.17,3173.78,3261.44,3166.15,3180.92,72.252,2.2714,45741400.0,66239400.0
399370.SZ,2010-08-17,3284.78,3262.65,3295.1,3251.32,3253.17,31.611,0.9717,45854000.0,65511400.0
399370.SZ,2010-08-18,3282.5,3288.08,3311.29,3263.9,3284.78,-2.281,-0.0694,42257200.0,60868500.0
399370.SZ,2010-08-19,3297.27,3286.99,3323.81,3268.39,3282.5,14.771,0.45,46540900.0,68399400.0
399370.SZ,2010-08-20,3228.14,3283.21,3291.75,3220.82,3297.27,-69.135,-2.0967,41424800.0,59633300.0
399370.SZ,2010-08-23,3232.49,3225.43,3258.94,3218.75,3228.14,4.35,0.1348,33141600.0,47118500.0
399370.SZ,2010-08-24,3256.05,3228.04,3274.25,3196.4,3232.49,23.563,0.7289,37322800.0,52280600.0
399370.SZ,2010-08-25,3175.45,3234.88,3247.71,3173.5,3256.05,-80.6,-2.4754,37408800.0,50961100.0
399370.SZ,2010-08-26,3186.7,3187.23,3207.15,3167.95,3175.45,11.253,0.3544,29414100.0,41339300.0
399370.SZ,2010-08-27,3204.86,3183.27,3208.11,3168.89,3186.7,18.157,0.5698,26586300.0,38891200.0
399370.SZ,2010-08-30,3277.47,3222.82,3284.26,3222.82,3204.86,72.613,2.2657,40939700.0,60308300.0
399370.SZ,2010-08-31,3282.94,3266.96,3290.89,3257.97,3277.47,5.469,0.1669,45215500.0,65850500.0
399370.SZ,2010-09-01,3265.19,3289.45,3315.58,3228.02,3282.94,-17.749,-0.5406,50599100.0,73009000.0
399370.SZ,2010-09-02,3313.34,3301.3,3323.36,3279.8,3265.19,48.145,1.4745,50299000.0,72953900.0
399370.SZ,2010-09-03,3313.35,3320.14,3328.43,3279.41,3313.34,0.013,0.0004,50148000.0,72852300.0
399370.SZ,2010-09-06,3352.93,3330.58,3358.62,3319.52,3313.35,39.575,1.1944,50940700.0,76202000.0
399370.SZ,2010-09-07,3363.58,3357.32,3368.28,3333.52,3352.93,10.652,0.3177,41826900.0,61432800.0
399370.SZ,2010-09-08,3365.49,3348.24,3366.99,3329.56,3363.58,1.913,0.0569,43559500.0,66207100.0
399370.SZ,2010-09-09,3299.5,3372.8,3372.99,3293.25,3365.49,-65.991,-1.9608,51603600.0,76158000.0
399370.SZ,2010-09-10,3321.4,3300.28,3325.29,3256.96,3299.5,21.9,0.6637,43613300.0,66092200.0
399370.SZ,2010-09-13,3366.11,3325.42,3384.66,3317.35,3321.4,44.706,1.346,47166700.0,71101400.0
399370.SZ,2010-09-14,3368.67,3377.36,3389.99,3354.82,3366.11,2.564,0.0762,45098600.0,68144300.0
399370.SZ,2010-09-15,3305.77,3369.17,3369.17,3296.67,3368.67,-62.904,-1.8673,41412400.0,62564600.0
399370.SZ,2010-09-16,3227.36,3298.61,3310.19,3197.42,3305.77,-78.402,-2.3717,40298900.0,59443900.0
399370.SZ,2010-09-17,3233.42,3234.14,3253.97,3217.11,3227.36,6.051,0.1875,29544200.0,44672900.0
399370.SZ,2010-09-20,3212.46,3237.06,3245.82,3191.36,3233.42,-20.955,-0.6481,26701300.0,39624300.0
399370.SZ,2010-09-21,3219.66,3222.61,3233.06,3201.57,3212.46,7.202,0.2242,20701200.0,31333200.0
399370.SZ,2010-09-27,3284.6,3234.21,3285.16,3229.2,3219.66,64.938,2.0169,28612900.0,43723000.0
399370.SZ,2010-09-28,3259.34,3279.75,3281.89,3252.73,3284.6,-25.264,-0.7692,31338500.0,51180100.0
399370.SZ,2010-09-29,3236.18,3251.11,3280.42,3226.88,3259.34,-23.162,-0.7106,30103400.0,48764900.0
399370.SZ,2010-09-30,3309.73,3215.31,3309.86,3211.55,3236.18,73.553,2.2728,32551900.0,49266500.0
399370.SZ,2010-10-08,3423.17,3345.38,3434.92,3340.39,3309.73,113.438,3.4274,51755500.0,84050400.0
399370.SZ,2010-10-11,3494.63,3448.51,3518.33,3448.51,3423.17,71.467,2.0877,73728100.0,124855000.0
399370.SZ,2010-10-12,3531.81,3482.81,3533.74,3468.8,3494.63,37.176,1.0638,65681800.0,111048000.0
399370.SZ,2010-10-13,3594.21,3533.54,3596.93,3527.43,3531.81,62.398,1.7667,77264700.0,123489000.0
399370.SZ,2010-10-14,3556.45,3614.6,3640.84,3550.86,3594.21,-37.753,-1.0504,77064200.0,130873000.0
399370.SZ,2010-10-15,3625.45,3534.28,3636.68,3526.23,3556.45,68.999,1.9401,78663700.0,132060000.0
399370.SZ,2010-10-18,3594.93,3640.57,3664.04,3554.43,3625.45,-30.526,-0.842,91305300.0,144971000.0
399370.SZ,2010-10-19,3685.07,3592.24,3685.2,3572.5,3594.93,90.143,2.5075,62544000.0,100630000.0
399370.SZ,2010-10-20,3717.25,3604.33,3756.81,3601.38,3685.07,32.178,0.8732,82645200.0,141004000.0
399370.SZ,2010-10-21,3697.78,3724.07,3741.36,3666.89,3717.25,-19.465,-0.5236,63019000.0,108788000.0
399370.SZ,2010-10-22,3722.6,3696.65,3746.97,3681.37,3697.78,24.818,0.6712,58429700.0,104924000.0
399370.SZ,2010-10-25,3820.86,3733.17,3821.29,3707.72,3722.6,98.264,2.6397,73933700.0,131497000.0
399370.SZ,2010-10-26,3812.96,3829.15,3842.23,3777.73,3820.86,-7.908,-0.207,74818700.0,124420000.0
399370.SZ,2010-10-27,3759.48,3803.67,3854.01,3751.09,3812.96,-53.477,-1.4025,67238500.0,113151000.0
399370.SZ,2010-10-28,3753.44,3747.34,3781.16,3723.62,3759.48,-6.045,-0.1608,52810900.0,87871400.0
399370.SZ,2010-10-29,3746.62,3757.16,3768.82,3711.26,3753.44,-6.813,-0.1815,52697600.0,91702100.0
399370.SZ,2010-11-01,3852.79,3758.11,3852.79,3758.11,3746.62,106.167,2.8337,69482900.0,125173000.0
399370.SZ,2010-11-02,3837.91,3859.83,3900.23,3829.75,3852.79,-14.878,-0.3862,82619500.0,148448000.0
399370.SZ,2010-11-03,3792.7,3834.9,3858.65,3792.7,3837.91,-45.214,-1.1781,64416100.0,112080000.0
399370.SZ,2010-11-04,3858.35,3798.49,3858.52,3791.98,3792.7,65.656,1.7311,59317500.0,100961000.0
399370.SZ,2010-11-05,3899.35,3913.38,3929.3,3874.77,3858.35,41.0,1.0626,69674900.0,122576000.0
399370.SZ,2010-11-08,3950.66,3916.7,3951.09,3897.56,3899.35,51.31,1.3159,70218600.0,117745000.0
399370.SZ,2010-11-09,3938.64,3951.57,3951.57,3904.99,3950.66,-12.025,-0.3044,70439500.0,120054000.0
399370.SZ,2010-11-10,3910.2,3920.89,3924.97,3883.38,3938.64,-28.438,-0.722,69739300.0,122986000.0
399370.SZ,2010-11-11,3910.95,3901.6,3975.8,3901.6,3910.2,0.753,0.0193,78490800.0,142642000.0
399370.SZ,2010-11-12,3660.38,3886.04,3897.76,3652.97,3910.95,-250.576,-6.407,83595400.0,146765000.0
399370.SZ,2010-11-15,3709.06,3672.91,3709.64,3615.16,3660.38,48.686,1.3301,52199100.0,93682500.0
399370.SZ,2010-11-16,3541.04,3703.89,3703.89,3521.55,3709.06,-168.025,-4.5301,60726300.0,105815000.0
399370.SZ,2010-11-17,3449.01,3492.03,3535.45,3430.2,3541.04,-92.023,-2.5988,46148000.0,80156700.0
399370.SZ,2010-11-18,3511.09,3482.96,3521.51,3441.7,3449.01,62.074,1.7998,35907700.0,62586300.0
399370.SZ,2010-11-19,3561.9,3532.03,3561.9,3445.09,3511.09,50.809,1.4471,44426900.0,77051400.0
399370.SZ,2010-11-22,3565.17,3526.42,3592.47,3515.22,3561.9,3.272,0.0919,45544400.0,77734900.0
399370.SZ,2010-11-23,3508.28,3552.13,3552.13,3451.29,3565.17,-56.893,-1.5958,42793200.0,74482800.0
399370.SZ,2010-11-24,3602.25,3490.94,3602.35,3490.94,3508.28,93.972,2.6786,40107200.0,73471300.0
399370.SZ,2010-11-25,3654.35,3630.25,3660.49,3604.51,3602.25,52.097,1.4462,51746800.0,86185000.0
399370.SZ,2010-11-26,3636.13,3647.43,3669.75,3605.81,3654.35,-18.213,-0.4984,41113100.0,71955300.0
399370.SZ,2010-11-29,3642.12,3623.47,3658.12,3600.97,3636.13,5.986,0.1646,37382100.0,67225200.0
399370.SZ,2010-11-30,3574.9,3640.8,3659.61,3480.49,3642.12,-67.224,-1.8457,50462600.0,86466400.0
399370.SZ,2010-12-01,3571.53,3561.86,3587.57,3543.63,3574.9,-3.367,-0.0942,28945700.0,51314400.0
399370.SZ,2010-12-02,3585.49,3625.12,3634.32,3584.34,3571.53,13.964,0.391,36153500.0,65351600.0
399370.SZ,2010-12-03,3577.76,3591.14,3600.19,3551.08,3585.49,-7.735,-0.2157,30775400.0,51230100.0
399370.SZ,2010-12-06,3565.81,3588.61,3597.19,3542.81,3577.76,-11.947,-0.3339,31071800.0,53867600.0
399370.SZ,2010-12-07,3612.78,3552.9,3626.92,3507.62,3565.81,46.971,1.3173,32439700.0,58254100.0
399370.SZ,2010-12-08,3583.44,3604.75,3632.95,3577.41,3612.78,-29.339,-0.8121,34250200.0,58730900.0
399370.SZ,2010-12-09,3505.06,3562.18,3564.41,3503.25,3583.44,-78.379,-2.1873,36570000.0,55570600.0
399370.SZ,2010-12-10,3544.83,3487.36,3553.17,3480.41,3505.06,39.769,1.1346,29344800.0,47843100.0
399370.SZ,2010-12-13,3654.79,3563.25,3655.04,3562.64,3544.83,109.956,3.1019,47203300.0,81725500.0
399370.SZ,2010-12-14,3673.21,3666.16,3679.02,3649.96,3654.79,18.418,0.5039,45140700.0,77961300.0
399370.SZ,2010-12-15,3662.29,3673.98,3698.04,3653.24,3673.21,-10.917,-0.2972,42531800.0,74867600.0
399370.SZ,2010-12-16,3653.56,3663.14,3682.02,3644.21,3662.29,-8.725,-0.2382,35047700.0,58469200.0
399370.SZ,2010-12-17,3648.89,3650.47,3653.07,3629.49,3653.56,-4.672,-0.1279,27779400.0,47477400.0
399370.SZ,2010-12-20,3598.78,3663.05,3676.14,3525.42,3648.89,-50.113,-1.3734,42538100.0,74623700.0
399370.SZ,2010-12-21,3674.54,3601.95,3675.68,3578.33,3598.78,75.763,2.1052,49216700.0,77782200.0
399370.SZ,2010-12-22,3630.75,3677.8,3684.66,3615.04,3674.54,-43.792,-1.1918,42022500.0,69084900.0
399370.SZ,2010-12-23,3594.87,3623.83,3646.88,3588.8,3630.75,-35.884,-0.9883,33861200.0,58101800.0
399370.SZ,2010-12-24,3561.67,3573.29,3589.72,3528.59,3594.87,-33.196,-0.9234,32387400.0,51387000.0
399370.SZ,2010-12-27,3488.47,3573.67,3628.32,3477.81,3561.67,-73.196,-2.0551,40236100.0,69928200.0
399370.SZ,2010-12-28,3424.44,3471.67,3481.78,3416.82,3488.47,-64.034,-1.8356,29793100.0,49169800.0
399370.SZ,2010-12-29,3451.09,3427.49,3451.09,3401.95,3424.44,26.646,0.7781,23881000.0,41218500.0
399370.SZ,2010-12-30,3452.68,3450.74,3474.88,3416.44,3451.09,1.594,0.0462,26912800.0,45807700.0
399370.SZ,2010-12-31,3527.41,3461.24,3527.49,3459.0,3452.68,74.734,2.1645,30563800.0,56091000.0
399370.SZ,2011-01-04,3590.46,3556.94,3593.44,3541.88,3527.41,63.049,1.7874,41594700.0,76235000.0
399370.SZ,2011-01-05,3596.35,3574.09,3609.87,3558.6,3590.46,5.885,0.1639,41285700.0,76152400.0
399370.SZ,2011-01-06,3575.73,3597.6,3619.54,3567.83,3596.35,-20.619,-0.5733,30267400.0,55980100.0
399370.SZ,2011-01-07,3573.97,3571.48,3623.41,3550.52,3575.73,-1.763,-0.0493,39533400.0,68999500.0
399370.SZ,2011-01-10,3485.33,3567.93,3587.45,3478.36,3573.97,-88.632,-2.4799,32062700.0,56435600.0
399370.SZ,2011-01-11,3488.95,3471.94,3496.04,3444.4,3485.33,3.613,0.1037,28240300.0,47871500.0
399370.SZ,2011-01-12,3510.73,3498.87,3521.72,3455.47,3488.95,21.783,0.6243,28022600.0,45158400.0
399370.SZ,2011-01-13,3512.37,3523.23,3528.33,3496.26,3510.73,1.643,0.0468,23576600.0,40792600.0
399370.SZ,2011-01-14,3448.53,3501.69,3501.69,3440.65,3512.37,-63.841,-1.8176,25031100.0,43495400.0
399370.SZ,2011-01-17,3299.8,3420.09,3425.19,3292.28,3448.53,-148.736,-4.313,29948200.0,49518500.0
399370.SZ,2011-01-18,3311.78,3289.73,3318.99,3270.31,3299.8,11.986,0.3632,20116000.0,33290900.0
399370.SZ,2011-01-19,3394.86,3311.81,3394.86,3299.91,3311.78,83.08,2.5086,26049400.0,42779300.0
399370.SZ,2011-01-20,3275.49,3384.82,3384.82,3275.27,3394.86,-119.374,-3.5163,26026500.0,43008000.0
399370.SZ,2011-01-21,3310.08,3264.77,3358.3,3257.86,3275.49,34.591,1.0561,31347900.0,48414300.0
399370.SZ,2011-01-24,3250.2,3310.18,3323.91,3243.55,3310.08,-59.88,-1.809,27608400.0,43896500.0
399370.SZ,2011-01-25,3221.05,3242.04,3245.8,3196.09,3250.2,-29.153,-0.897,20904600.0,33363600.0
399370.SZ,2011-01-26,3271.67,3219.97,3274.86,3219.97,3221.05,50.622,1.5716,19459600.0,30811600.0
399370.SZ,2011-01-27,3329.39,3243.02,3342.74,3218.17,3271.67,57.72,1.7642,35042500.0,54854700.0
399370.SZ,2011-01-28,3355.42,3322.95,3365.67,3321.18,3329.39,26.029,0.7818,31324000.0,48415800.0
399370.SZ,2011-01-31,3403.86,3354.52,3403.86,3347.34,3355.42,48.442,1.4437,31750700.0,50507200.0
399370.SZ,2011-02-01,3406.18,3406.63,3414.89,3386.18,3403.86,2.324,0.0683,25063600.0,40697600.0
399370.SZ,2011-02-09,3358.2,3376.0,3411.35,3349.4,3406.18,-47.988,-1.4088,27840200.0,45917400.0
399370.SZ,2011-02-10,3449.44,3351.64,3449.9,3343.33,3358.2,91.243,2.717,32877200.0,53990200.0
399370.SZ,2011-02-11,3482.08,3444.35,3496.63,3437.03,3449.44,32.64,0.9462,37997800.0,61213000.0
399370.SZ,2011-02-14,3565.62,3485.98,3576.49,3485.98,3482.08,83.54,2.3991,47513400.0,82093700.0
399370.SZ,2011-02-15,3554.24,3570.05,3598.18,3553.0,3565.62,-11.383,-0.3192,46361200.0,79448800.0
399370.SZ,2011-02-16,3599.41,3546.0,3599.41,3535.5,3554.24,45.171,1.2709,41139800.0,71769500.0
399370.SZ,2011-02-17,3600.79,3606.17,3614.26,3564.26,3599.41,1.384,0.0385,43243900.0,76582900.0
399370.SZ,2011-02-18,3562.52,3593.86,3601.21,3553.47,3600.79,-38.27,-1.0628,35820300.0,63220500.0
399370.SZ,2011-02-21,3614.96,3539.22,3615.21,3535.01,3562.52,52.439,1.472,37309400.0,65085800.0
399370.SZ,2011-02-22,3508.63,3626.04,3626.65,3507.31,3614.96,-106.329,-2.9414,48193900.0,84000000.0
399370.SZ,2011-02-23,3529.35,3497.69,3534.74,3495.03,3508.63,20.716,0.5904,34097500.0,58721800.0
399370.SZ,2011-02-24,3547.23,3526.04,3551.9,3510.65,3529.35,17.882,0.5067,33238600.0,56139500.0
399370.SZ,2011-02-25,3551.93,3546.11,3564.73,3512.07,3547.23,4.7,0.1325,30004800.0,50424600.0
399370.SZ,2011-02-28,3605.21,3556.05,3606.12,3535.12,3551.93,53.281,1.5001,39193400.0,67107300.0
399370.SZ,2011-03-01,3628.64,3609.46,3647.06,3604.45,3605.21,23.434,0.65,47632500.0,78906300.0
399370.SZ,2011-03-02,3621.51,3612.57,3631.52,3566.76,3628.64,-7.133,-0.1966,43732500.0,73079400.0
399370.SZ,2011-03-03,3570.83,3624.24,3637.57,3570.16,3621.51,-50.679,-1.3994,43707000.0,74136300.0
399370.SZ,2011-03-04,3618.16,3568.52,3622.57,3559.63,3570.83,47.326,1.3253,37277900.0,62299300.0
399370.SZ,2011-03-07,3681.69,3635.58,3682.12,3635.58,3618.16,63.534,1.756,54279500.0,98331400.0
399370.SZ,2011-03-08,3689.63,3682.36,3690.01,3661.22,3681.69,7.936,0.2156,41548100.0,75521700.0
399370.SZ,2011-03-09,3694.2,3693.13,3702.15,3672.52,3689.63,4.569,0.1238,40178000.0,70613300.0
399370.SZ,2011-03-10,3650.46,3687.16,3687.16,3649.32,3694.2,-43.74,-1.184,41716100.0,75126900.0
399370.SZ,2011-03-11,3621.85,3632.6,3669.36,3616.88,3650.46,-28.601,-0.7835,37180200.0,67908700.0
399370.SZ,2011-03-14,3651.01,3606.93,3651.01,3603.24,3621.85,29.152,0.8049,35810400.0,67202000.0
399370.SZ,2011-03-15,3594.26,3637.45,3637.45,3521.72,3651.01,-56.742,-1.5541,45448000.0,81918700.0
399370.SZ,2011-03-16,3629.77,3589.21,3630.91,3587.14,3594.26,35.504,0.9878,36319400.0,68037700.0
399370.SZ,2011-03-17,3579.85,3595.11,3627.19,3565.65,3629.77,-49.915,-1.3752,39578100.0,71339100.0
399370.SZ,2011-03-18,3605.81,3610.58,3625.45,3585.7,3579.85,25.956,0.7251,32415900.0,58102100.0
399370.SZ,2011-03-21,3592.95,3608.16,3624.62,3578.39,3605.81,-12.865,-0.3568,33018000.0,58340500.0
399370.SZ,2011-03-22,3597.25,3601.06,3606.76,3551.6,3592.95,4.308,0.1199,28097400.0,51231300.0
399370.SZ,2011-03-23,3647.57,3598.63,3650.03,3592.78,3597.25,50.316,1.3987,39275700.0,65375900.0
399370.SZ,2011-03-24,3637.29,3652.56,3658.94,3634.26,3647.57,-10.28,-0.2818,35449200.0,59652900.0
399370.SZ,2011-03-25,3679.94,3639.43,3690.97,3639.4,3637.29,42.654,1.1727,43878100.0,76520400.0
399370.SZ,2011-03-28,3660.07,3696.6,3710.28,3654.83,3679.94,-19.874,-0.5401,50905200.0,88565200.0
399370.SZ,2011-03-29,3611.14,3656.45,3668.38,3608.56,3660.07,-48.93,-1.3369,50303600.0,81913400.0
399370.SZ,2011-03-30,3599.73,3607.7,3627.24,3577.55,3611.14,-11.413,-0.316,37563100.0,60431200.0
399370.SZ,2011-03-31,3558.6,3601.55,3610.68,3546.46,3599.73,-41.127,-1.1425,31103200.0,51011500.0
399370.SZ,2011-04-01,3619.43,3562.3,3619.53,3557.91,3558.6,60.829,1.7094,29596700.0,49960200.0
399370.SZ,2011-04-06,3626.94,3611.58,3644.78,3600.9,3619.43,7.508,0.2074,44746400.0,78481000.0
399370.SZ,2011-04-07,3644.18,3628.57,3647.78,3613.64,3626.94,17.24,0.4753,38573500.0,66919500.0
399370.SZ,2011-04-08,3675.1,3641.5,3675.42,3632.04,3644.18,30.926,0.8486,34626900.0,60450600.0
399370.SZ,2011-04-11,3643.04,3684.41,3692.26,3640.68,3675.1,-32.065,-0.8725,45186200.0,80131200.0
399370.SZ,2011-04-12,3630.67,3632.34,3654.75,3612.01,3643.04,-12.371,-0.3396,36946400.0,61674000.0
399370.SZ,2011-04-13,3681.98,3616.5,3682.15,3595.75,3630.67,51.316,1.4134,36310100.0,59953900.0
399370.SZ,2011-04-14,3658.01,3681.97,3682.71,3651.78,3681.98,-23.968,-0.651,35602400.0,59063000.0
399370.SZ,2011-04-15,3660.49,3651.92,3675.21,3622.2,3658.01,2.478,0.0677,36779400.0,60277800.0
399370.SZ,2011-04-18,3665.55,3649.34,3676.62,3641.69,3660.49,5.057,0.1382,40582000.0,62610000.0
399370.SZ,2011-04-19,3619.9,3644.68,3644.68,3604.74,3665.55,-45.65,-1.2454,38974400.0,62114400.0
399370.SZ,2011-04-20,3626.58,3618.66,3637.27,3609.0,3619.9,6.679,0.1845,37142100.0,60591400.0
399370.SZ,2011-04-21,3646.78,3642.29,3654.62,3632.39,3626.58,20.203,0.5571,37035300.0,61652400.0
399370.SZ,2011-04-22,3620.61,3645.36,3645.36,3610.93,3646.78,-26.17,-0.7176,35942600.0,55581000.0
399370.SZ,2011-04-25,3562.64,3614.1,3617.17,3559.17,3620.61,-57.975,-1.6012,34457800.0,60320200.0
399370.SZ,2011-04-26,3536.34,3552.37,3566.93,3513.34,3562.64,-26.294,-0.738,26461800.0,44328200.0
399370.SZ,2011-04-27,3501.1,3548.14,3564.76,3477.83,3536.34,-35.243,-0.9966,27433900.0,43564600.0
399370.SZ,2011-04-28,3435.32,3514.77,3524.39,3434.84,3501.1,-65.782,-1.8789,27602400.0,43957500.0
399370.SZ,2011-04-29,3474.93,3433.05,3475.56,3421.05,3435.32,39.613,1.1531,21856300.0,35312600.0
399370.SZ,2011-05-03,3501.32,3472.45,3501.32,3444.87,3474.93,26.393,0.7595,24143200.0,38524000.0
399370.SZ,2011-05-04,3412.36,3482.73,3482.73,3402.15,3501.32,-88.958,-2.5407,29245000.0,46899200.0
399370.SZ,2011-05-05,3411.55,3398.06,3423.12,3392.47,3412.36,-0.812,-0.0238,22144300.0,35534200.0
399370.SZ,2011-05-06,3410.92,3377.83,3430.63,3362.55,3411.55,-0.629,-0.0184,22982600.0,37631500.0
399370.SZ,2011-05-09,3428.18,3413.93,3445.4,3413.93,3410.92,17.259,0.506,22105500.0,34711300.0
399370.SZ,2011-05-10,3447.92,3434.1,3448.04,3418.31,3428.18,19.739,0.5758,19959400.0,31096100.0
399370.SZ,2011-05-11,3447.47,3450.87,3464.72,3425.36,3447.92,-0.45,-0.0131,24327800.0,35970600.0
399370.SZ,2011-05-12,3402.95,3425.32,3447.86,3402.63,3447.47,-44.525,-1.2915,27126600.0,41251800.0
399370.SZ,2011-05-13,3426.17,3404.41,3426.17,3372.29,3402.95,23.22,0.6823,24338700.0,35818400.0
399370.SZ,2011-05-16,3409.21,3419.38,3441.93,3407.76,3426.17,-16.959,-0.495,23747600.0,34176500.0
399370.SZ,2011-05-17,3423.79,3404.57,3447.03,3381.38,3409.21,14.583,0.4278,28872700.0,43270500.0
399370.SZ,2011-05-18,3449.54,3414.38,3457.18,3411.01,3423.79,25.748,0.752,24122800.0,36194700.0
399370.SZ,2011-05-19,3433.85,3458.74,3471.92,3430.9,3449.54,-15.689,-0.4548,22642900.0,34822000.0
399370.SZ,2011-05-20,3431.81,3431.09,3443.3,3420.81,3433.85,-2.039,-0.0594,20283600.0,28944300.0
399370.SZ,2011-05-23,3323.15,3425.16,3425.16,3321.42,3431.81,-108.666,-3.1664,27495200.0,39161000.0
399370.SZ,2011-05-24,3321.74,3308.96,3324.01,3285.71,3323.15,-1.406,-0.0423,22182200.0,31709200.0
399370.SZ,2011-05-25,3284.91,3316.22,3332.56,3282.58,3321.74,-36.834,-1.1089,19601700.0,27703600.0
399370.SZ,2011-05-26,3252.32,3304.49,3319.15,3252.3,3284.91,-32.585,-0.992,19783800.0,28375100.0
399370.SZ,2011-05-27,3209.41,3253.26,3263.89,3208.25,3252.32,-42.915,-1.3195,23057200.0,33456700.0
399370.SZ,2011-05-30,3186.7,3197.69,3225.84,3172.6,3209.41,-22.705,-0.7075,17746800.0,25584500.0
399370.SZ,2011-05-31,3245.39,3190.71,3245.54,3173.14,3186.7,58.688,1.8417,19254700.0,28441800.0
399370.SZ,2011-06-01,3261.78,3238.38,3263.89,3228.72,3245.39,16.389,0.505,19603000.0,28979100.0
399370.SZ,2011-06-02,3209.52,3223.1,3237.4,3167.27,3261.78,-52.252,-1.6019,23095600.0,33424900.0
399370.SZ,2011-06-03,3256.63,3206.98,3266.14,3206.98,3209.52,47.102,1.4676,19767700.0,30195100.0
399370.SZ,2011-06-07,3276.15,3250.34,3277.6,3246.08,3256.63,19.526,0.5996,17791600.0,27014900.0
399370.SZ,2011-06-08,3280.34,3273.88,3285.55,3229.66,3276.15,4.192,0.128,21530600.0,29458000.0
399370.SZ,2011-06-09,3211.89,3273.48,3278.48,3211.87,3280.34,-68.458,-2.0869,20877300.0,30455100.0
399370.SZ,2011-06-10,3225.09,3208.53,3227.22,3178.6,3211.89,13.202,0.411,20257100.0,29102400.0
399370.SZ,2011-06-13,3216.59,3205.56,3222.37,3181.26,3225.09,-8.495,-0.2634,16239400.0,23985100.0
399370.SZ,2011-06-14,3270.5,3214.02,3277.96,3210.14,3216.59,53.907,1.6759,26434900.0,37412800.0
399370.SZ,2011-06-15,3234.65,3260.96,3279.53,3234.53,3270.5,-35.848,-1.0961,22034400.0,31629200.0
399370.SZ,2011-06-16,3179.45,3209.35,3217.33,3176.45,3234.65,-55.203,-1.7066,19766900.0,27594900.0
399370.SZ,2011-06-17,3158.72,3180.02,3202.42,3157.54,3179.45,-20.731,-0.652,19621200.0,28100200.0
399370.SZ,2011-06-20,3138.37,3154.92,3163.33,3121.65,3158.72,-20.346,-0.6441,19551400.0,28089300.0
399370.SZ,2011-06-21,3185.96,3145.63,3186.04,3144.54,3138.37,47.584,1.5162,22611300.0,32345800.0
399370.SZ,2011-06-22,3185.52,3190.3,3202.41,3169.56,3185.96,-0.434,-0.0136,19267900.0,28194600.0
399370.SZ,2011-06-23,3248.14,3176.06,3255.67,3164.56,3185.52,62.62,1.9658,25436300.0,37008300.0
399370.SZ,2011-06-24,3314.56,3237.7,3336.4,3234.77,3248.14,66.415,2.0447,42151500.0,61687800.0
399370.SZ,2011-06-27,3341.28,3316.8,3356.66,3316.73,3314.56,26.725,0.8063,33841900.0,51787200.0
399370.SZ,2011-06-28,3348.59,3344.89,3355.33,3314.16,3341.28,7.307,0.2187,29604000.0,46054900.0
399370.SZ,2011-06-29,3305.5,3345.89,3356.1,3305.36,3348.59,-43.092,-1.2869,28719100.0,42762600.0
399370.SZ,2011-06-30,3350.1,3304.8,3362.19,3304.8,3305.5,44.603,1.3494,28988600.0,43083900.0
399370.SZ,2011-07-01,3363.61,3362.67,3387.2,3344.91,3350.1,13.506,0.4032,32627900.0,51724700.0
399370.SZ,2011-07-04,3448.57,3375.89,3448.57,3375.89,3363.61,84.967,2.5261,43176600.0,69871500.0
399370.SZ,2011-07-05,3457.16,3448.98,3464.87,3436.78,3448.57,8.587,0.249,36912700.0,58403800.0
399370.SZ,2011-07-06,3451.83,3450.78,3455.19,3417.71,3457.16,-5.326,-0.1541,32858100.0,53231400.0
399370.SZ,2011-07-07,3450.91,3457.65,3494.6,3446.94,3451.83,-0.928,-0.0269,42105500.0,68877100.0
399370.SZ,2011-07-08,3454.26,3448.65,3469.93,3433.74,3450.91,3.357,0.0973,31340400.0,48989200.0
399370.SZ,2011-07-11,3478.39,3443.5,3487.5,3436.25,3454.26,24.128,0.6985,29450000.0,48017100.0
399370.SZ,2011-07-12,3425.75,3451.69,3456.9,3424.2,3478.39,-52.643,-1.5134,32660200.0,51808500.0
399370.SZ,2011-07-13,3481.27,3429.19,3484.64,3429.19,3425.75,55.523,1.6208,30997700.0,51254000.0
399370.SZ,2011-07-14,3492.6,3490.76,3502.82,3463.15,3481.27,11.332,0.3255,34178500.0,58161300.0
399370.SZ,2011-07-15,3503.88,3482.01,3506.51,3470.79,3492.6,11.277,0.3229,36940600.0,59420200.0
399370.SZ,2011-07-18,3502.95,3506.62,3518.4,3490.37,3503.88,-0.93,-0.0265,37482800.0,59201700.0
399370.SZ,2011-07-19,3470.27,3486.39,3487.37,3460.8,3502.95,-32.682,-0.933,33791100.0,53559600.0
399370.SZ,2011-07-20,3467.81,3488.38,3497.36,3437.92,3470.27,-2.457,-0.0708,27106800.0,42612400.0
399370.SZ,2011-07-21,3432.83,3466.23,3472.1,3431.1,3467.81,-34.984,-1.0088,26471500.0,42489500.0
399370.SZ,2011-07-22,3444.67,3437.94,3460.69,3432.2,3432.83,11.838,0.3448,23146700.0,37053600.0
399370.SZ,2011-07-25,3323.79,3429.56,3429.56,3312.64,3444.67,-120.871,-3.5089,35518800.0,52406400.0
399370.SZ,2011-07-26,3332.82,3320.57,3334.39,3306.38,3323.79,9.03,0.2717,24039900.0,35504600.0
399370.SZ,2011-07-27,3371.18,3318.94,3373.76,3306.14,3332.82,38.35,1.1507,25890300.0,39921300.0
399370.SZ,2011-07-28,3355.06,3341.31,3357.94,3318.08,3371.18,-16.117,-0.4781,26280100.0,41138000.0
399370.SZ,2011-07-29,3331.33,3353.76,3366.01,3312.77,3355.06,-23.725,-0.7071,26061500.0,37396800.0
399370.SZ,2011-08-01,3339.82,3327.95,3353.39,3316.8,3331.33,8.483,0.2546,20840900.0,31671800.0
399370.SZ,2011-08-02,3327.74,3324.11,3327.74,3277.77,3339.82,-12.077,-0.3616,23348500.0,36332000.0
399370.SZ,2011-08-03,3334.42,3297.68,3348.82,3294.31,3327.74,6.678,0.2007,23179100.0,38065500.0
399370.SZ,2011-08-04,3349.56,3342.31,3368.96,3340.01,3334.42,15.143,0.4541,21765100.0,34292300.0
399370.SZ,2011-08-05,3291.56,3253.14,3313.8,3237.98,3349.56,-57.999,-1.7315,26748400.0,41652800.0
399370.SZ,2011-08-08,3173.87,3250.42,3278.17,3106.83,3291.56,-117.689,-3.5755,37362300.0,58180400.0
399370.SZ,2011-08-09,3179.56,3088.02,3198.04,3047.35,3173.87,5.693,0.1794,35788300.0,53905400.0
399370.SZ,2011-08-10,3221.67,3229.95,3256.42,3216.04,3179.56,42.105,1.3242,32851700.0,50114600.0
399370.SZ,2011-08-11,3276.38,3165.96,3276.5,3165.45,3221.67,54.711,1.6982,32594300.0,50532300.0
399370.SZ,2011-08-12,3291.4,3293.31,3313.12,3283.59,3276.38,15.02,0.4584,32249700.0,48040400.0
399370.SZ,2011-08-15,3334.58,3298.43,3334.59,3290.22,3291.4,43.175,1.3118,29432500.0,43582000.0
399370.SZ,2011-08-16,3317.69,3340.29,3353.32,3306.47,3334.58,-16.883,-0.5063,28173800.0,43705400.0
399370.SZ,2011-08-17,3297.15,3309.08,3328.46,3292.27,3317.69,-20.548,-0.6193,20964800.0,31452700.0
399370.SZ,2011-08-18,3233.44,3295.9,3299.5,3231.29,3297.15,-63.706,-1.9322,23316400.0,34089100.0
399370.SZ,2011-08-19,3207.74,3178.59,3208.6,3174.62,3233.44,-25.695,-0.7947,23165600.0,34808600.0
399370.SZ,2011-08-22,3166.42,3206.99,3231.19,3157.09,3207.74,-41.324,-1.2883,20576900.0,31253800.0
399370.SZ,2011-08-23,3210.06,3176.94,3210.06,3165.08,3166.42,43.639,1.3782,19457800.0,28395800.0
399370.SZ,2011-08-24,3201.31,3226.37,3242.67,3196.03,3210.06,-8.751,-0.2726,21938700.0,32394600.0
399370.SZ,2011-08-25,3286.9,3206.97,3286.9,3198.35,3201.31,85.593,2.6737,31931300.0,45703300.0
399370.SZ,2011-08-26,3291.07,3274.01,3295.83,3263.15,3286.9,4.174,0.127,24178200.0,36246500.0
399370.SZ,2011-08-29,3246.2,3267.61,3267.61,3239.36,3291.07,-44.871,-1.3634,24350400.0,35959600.0
399370.SZ,2011-08-30,3228.73,3266.86,3291.75,3225.89,3246.2,-17.474,-0.5383,23630900.0,34968100.0
399370.SZ,2011-08-31,3233.18,3232.97,3246.2,3207.05,3228.73,4.454,0.1379,19222200.0,29345300.0
399370.SZ,2011-09-01,3209.35,3238.75,3250.4,3200.24,3233.18,-23.836,-0.7372,18065400.0,25937100.0
399370.SZ,2011-09-02,3172.81,3202.4,3213.07,3156.95,3209.35,-36.536,-1.1384,17266200.0,24418800.0
399370.SZ,2011-09-05,3102.74,3147.17,3147.17,3102.43,3172.81,-70.074,-2.2086,17464400.0,25437000.0
399370.SZ,2011-09-06,3067.53,3082.04,3101.85,3052.75,3102.74,-35.203,-1.1346,16892800.0,24071700.0
399370.SZ,2011-09-07,3135.07,3083.84,3135.29,3073.75,3067.53,67.539,2.2017,19944800.0,27720300.0
399370.SZ,2011-09-08,3107.52,3145.35,3146.76,3107.52,3135.07,-27.55,-0.8788,17705500.0,25132100.0
399370.SZ,2011-09-09,3092.96,3115.87,3142.24,3079.06,3107.52,-14.561,-0.4686,15785100.0,21999500.0
399370.SZ,2011-09-13,3046.21,3049.73,3056.14,3027.9,3092.96,-46.753,-1.5116,15630700.0,21566200.0
399370.SZ,2011-09-14,3060.29,3056.08,3063.77,2993.57,3046.21,14.078,0.4621,16290500.0,22849100.0
399370.SZ,2011-09-15,3058.42,3062.45,3086.88,3057.03,3060.29,-1.868,-0.061,16448700.0,22304400.0
399370.SZ,2011-09-16,3064.56,3072.33,3086.26,3061.07,3058.42,6.142,0.2008,15129000.0,21017500.0
399370.SZ,2011-09-19,3003.73,3050.43,3050.43,3002.7,3064.56,-60.829,-1.9849,15606000.0,20145600.0
399370.SZ,2011-09-20,3012.4,2995.77,3026.75,2978.74,3003.73,8.668,0.2886,15028400.0,20325600.0
399370.SZ,2011-09-21,3108.06,3012.84,3113.11,3002.39,3012.4,95.657,3.1754,28206800.0,38870600.0
399370.SZ,2011-09-22,3011.28,3079.99,3091.15,3010.67,3108.06,-96.78,-3.1138,24422000.0,32470000.0
399370.SZ,2011-09-23,2990.17,2961.01,3002.26,2949.0,3011.28,-21.104,-0.7008,22708500.0,31627900.0
399370.SZ,2011-09-26,2930.42,2965.98,3000.74,2923.19,2990.17,-59.75,-1.9982,19286300.0,25786400.0
399370.SZ,2011-09-27,2957.79,2954.9,2970.67,2927.43,2930.42,27.366,0.9339,18830300.0,25205100.0
399370.SZ,2011-09-28,2919.84,2975.79,2980.39,2911.12,2957.79,-37.952,-1.2831,18743300.0,24775400.0
399370.SZ,2011-09-29,2877.24,2900.74,2915.09,2873.12,2919.84,-42.602,-1.4591,20140200.0,25490500.0
399370.SZ,2011-09-30,2873.64,2885.05,2900.37,2858.99,2877.24,-3.593,-0.1249,16503400.0,20980400.0
399370.SZ,2011-10-10,2839.81,2881.26,2890.33,2834.0,2873.64,-33.837,-1.1775,14108700.0,17989700.0
399370.SZ,2011-10-11,2809.19,2909.03,2920.71,2780.29,2839.81,-30.614,-1.078,21814100.0,30040700.0
399370.SZ,2011-10-12,2903.65,2794.62,2907.01,2772.37,2809.19,94.46,3.3625,27914400.0,35125900.0
399370.SZ,2011-10-13,2931.06,2898.2,2942.66,2888.32,2903.65,27.405,0.9438,27132300.0,34665300.0
399370.SZ,2011-10-14,2918.35,2925.91,2935.96,2893.38,2931.06,-12.71,-0.4336,20046200.0,25887300.0
399370.SZ,2011-10-17,2933.56,2924.72,2953.56,2917.66,2918.35,15.212,0.5213,19855300.0,26583300.0
399370.SZ,2011-10-18,2853.07,2913.22,2917.6,2850.62,2933.56,-80.485,-2.7436,20403200.0,27026500.0
399370.SZ,2011-10-19,2831.58,2860.41,2872.66,2828.41,2853.07,-21.491,-0.7533,18170100.0,23650600.0
399370.SZ,2011-10-20,2745.04,2815.82,2815.82,2725.7,2831.58,-86.541,-3.0563,21542200.0,26994600.0
399370.SZ,2011-10-21,2718.79,2743.04,2758.4,2714.95,2745.04,-26.256,-0.9565,16159100.0,19831300.0
399370.SZ,2011-10-24,2782.65,2724.41,2782.79,2695.13,2718.79,63.859,2.3488,21641800.0,26562800.0
399370.SZ,2011-10-25,2850.88,2780.55,2858.54,2771.04,2782.65,68.23,2.452,30503900.0,37541500.0
399370.SZ,2011-10-26,2886.35,2834.53,2914.42,2832.83,2850.88,35.477,1.2444,36538300.0,43934200.0
399370.SZ,2011-10-27,2888.15,2892.45,2911.3,2877.64,2886.35,1.797,0.0623,26079500.0,30261900.0
399370.SZ,2011-10-28,2955.08,2925.86,2963.55,2925.33,2888.15,66.936,2.3176,38255200.0,46828900.0
399370.SZ,2011-10-31,2947.55,2949.42,2957.82,2928.71,2955.08,-7.538,-0.2551,29673300.0,38186100.0
399370.SZ,2011-11-01,2942.85,2920.83,2970.7,2914.55,2947.55,-4.7,-0.1595,30682900.0,37965100.0
399370.SZ,2011-11-02,2989.2,2898.64,2990.24,2886.17,2942.85,46.353,1.5751,36489400.0,46003300.0
399370.SZ,2011-11-03,3000.38,3000.96,3036.23,2999.7,2989.2,11.178,0.3739,48332200.0,65076200.0
399370.SZ,2011-11-04,3018.53,3023.35,3036.99,3000.32,3000.38,18.155,0.6051,33061700.0,42589000.0
399370.SZ,2011-11-07,2991.67,3009.96,3027.81,2988.06,3018.53,-26.867,-0.8901,26202700.0,34257100.0
399370.SZ,2011-11-08,2971.35,2999.06,3006.95,2966.21,2991.67,-20.316,-0.6791,25313500.0,32427100.0
399370.SZ,2011-11-09,3005.97,2981.0,3006.09,2951.38,2971.35,34.622,1.1652,25588500.0,34072400.0
399370.SZ,2011-11-10,2957.32,2975.19,2986.34,2957.09,3005.97,-48.649,-1.6184,26719300.0,35302600.0
399370.SZ,2011-11-11,2948.46,2961.94,2970.67,2937.52,2957.32,-8.866,-0.2998,20581800.0,27104300.0
399370.SZ,2011-11-14,3014.88,2973.47,3014.88,2973.14,2948.46,66.422,2.2528,27560300.0,37355600.0
399370.SZ,2011-11-15,3013.36,3012.37,3021.82,3000.31,3014.88,-1.522,-0.0505,24940900.0,33635700.0
399370.SZ,2011-11-16,2934.47,3015.48,3015.48,2921.94,3013.36,-78.885,-2.6178,27674600.0,36780300.0
399370.SZ,2011-11-17,2926.04,2933.15,2957.22,2923.14,2934.47,-8.436,-0.2875,20192100.0,26214700.0
399370.SZ,2011-11-18,2855.16,2906.06,2906.07,2849.29,2926.04,-70.876,-2.4223,22936900.0,29353200.0
399370.SZ,2011-11-21,2854.29,2854.49,2860.89,2827.58,2855.16,-0.868,-0.0304,17697000.0,22610400.0
399370.SZ,2011-11-22,2851.78,2833.65,2853.62,2817.48,2854.29,-2.513,-0.088,17235100.0,22103300.0
399370.SZ,2011-11-23,2835.61,2856.25,2864.78,2827.91,2851.78,-16.17,-0.567,16811000.0,22035900.0
399370.SZ,2011-11-24,2837.02,2812.0,2852.12,2798.06,2835.61,1.415,0.0499,18017300.0,22411000.0
399370.SZ,2011-11-25,2819.1,2831.3,2850.28,2811.65,2837.02,-17.92,-0.6316,15019300.0,19630500.0
399370.SZ,2011-11-28,2821.05,2825.38,2835.52,2804.57,2819.1,1.945,0.069,16241700.0,21912300.0
399370.SZ,2011-11-29,2861.83,2844.53,2861.83,2829.72,2821.05,40.778,1.4455,19884800.0,26772600.0
399370.SZ,2011-11-30,2766.73,2856.49,2856.49,2744.61,2861.83,-95.102,-3.3231,23791600.0,29653600.0
399370.SZ,2011-12-01,2829.49,2844.07,2877.65,2821.4,2766.73,62.764,2.2685,35105700.0,42026900.0
399370.SZ,2011-12-02,2789.2,2815.27,2818.43,2774.39,2829.49,-40.286,-1.4238,20923600.0,25456100.0
399370.SZ,2011-12-05,2723.72,2787.32,2788.05,2719.68,2789.2,-65.488,-2.3479,19337700.0,24028700.0
399370.SZ,2011-12-06,2721.33,2715.25,2730.53,2698.63,2723.72,-2.383,-0.0875,15670300.0,18844900.0
399370.SZ,2011-12-07,2731.71,2720.34,2740.73,2711.26,2721.33,10.379,0.3814,13621000.0,16297200.0
399370.SZ,2011-12-08,2728.24,2729.46,2755.51,2690.91,2731.71,-3.468,-0.127,16272300.0,19722700.0
399370.SZ,2011-12-09,2706.16,2708.95,2733.83,2697.11,2728.24,-22.084,-0.8095,14639800.0,17885200.0
399370.SZ,2011-12-12,2673.08,2703.55,2707.56,2671.26,2706.16,-33.078,-1.2223,13168700.0,15622500.0
399370.SZ,2011-12-13,2602.24,2660.52,2662.05,2598.48,2673.08,-70.842,-2.6502,19198300.0,22020000.0
399370.SZ,2011-12-14,2569.77,2595.82,2616.81,2564.17,2602.24,-32.469,-1.2477,13656300.0,15621500.0
399370.SZ,2011-12-15,2514.21,2554.18,2555.94,2507.81,2569.77,-55.564,-2.1622,19020500.0,20934100.0
399370.SZ,2011-12-16,2581.42,2513.95,2581.83,2513.75,2514.21,67.21,2.6732,18511900.0,21595900.0
399370.SZ,2011-12-19,2581.04,2564.26,2583.97,2516.6,2581.42,-0.374,-0.0145,19916700.0,22477200.0
399370.SZ,2011-12-20,2577.03,2573.35,2611.89,2569.69,2581.04,-4.008,-0.1553,18432200.0,20930000.0
399370.SZ,2011-12-21,2528.42,2598.79,2607.24,2527.82,2577.03,-48.615,-1.8865,16426000.0,19240300.0
399370.SZ,2011-12-22,2528.93,2510.41,2546.29,2465.71,2528.42,0.506,0.02,19093200.0,21051000.0
399370.SZ,2011-12-23,2554.32,2523.5,2578.43,2515.68,2528.93,25.395,1.0042,20214800.0,21922800.0
399370.SZ,2011-12-26,2527.72,2542.78,2569.11,2527.72,2554.32,-26.601,-1.0414,15140400.0,17372600.0
399370.SZ,2011-12-27,2478.39,2523.04,2523.79,2475.0,2527.72,-49.332,-1.9516,15177100.0,17791300.0
399370.SZ,2011-12-28,2474.36,2466.33,2475.83,2423.8,2478.39,-4.022,-0.1623,15878900.0,18192700.0
399370.SZ,2011-12-29,2483.01,2461.97,2494.9,2457.02,2474.36,8.649,0.3495,16400200.0,18082700.0
399370.SZ,2011-12-30,2526.64,2488.99,2526.69,2488.99,2483.01,43.626,1.757,19545300.0,22186600.0
399370.SZ,2012-01-04,2470.03,2543.92,2549.93,2470.03,2526.64,-56.612,-2.2406,19004700.0,22588300.0
399370.SZ,2012-01-05,2426.14,2459.04,2476.08,2420.09,2470.03,-43.891,-1.7769,22361300.0,25313100.0
399370.SZ,2012-01-06,2436.87,2418.78,2436.87,2390.12,2426.14,10.737,0.4426,18102300.0,20077300.0
399370.SZ,2012-01-09,2525.71,2438.2,2526.27,2412.1,2436.87,88.831,3.6453,27332200.0,32315000.0
399370.SZ,2012-01-10,2618.22,2525.18,2620.29,2519.18,2525.71,92.516,3.663,39971200.0,46896900.0
399370.SZ,2012-01-11,2604.89,2615.68,2621.61,2588.74,2618.22,-13.332,-0.5092,31131200.0,38133300.0
399370.SZ,2012-01-12,2607.47,2595.48,2640.93,2590.85,2604.89,2.583,0.0992,26532600.0,32551300.0
399370.SZ,2012-01-13,2549.52,2609.51,2616.52,2529.94,2607.47,-57.949,-2.2224,25901500.0,32622500.0
399370.SZ,2012-01-16,2481.34,2528.46,2547.99,2481.31,2549.52,-68.178,-2.6741,18577600.0,24773000.0
399370.SZ,2012-01-17,2605.34,2483.5,2606.18,2460.15,2481.34,123.997,4.9972,32700500.0,40950600.0
399370.SZ,2012-01-18,2554.38,2609.32,2627.86,2544.82,2605.34,-50.966,-1.9562,32019200.0,41340000.0
399370.SZ,2012-01-19,2604.62,2553.23,2611.34,2543.51,2554.38,50.241,1.9669,26572900.0,33041600.0
399370.SZ,2012-01-20,2651.0,2613.43,2658.58,2605.33,2604.62,46.388,1.781,27769500.0,35823200.0
399370.SZ,2012-01-30,2617.22,2657.44,2657.47,2617.12,2651.0,-33.785,-1.2744,21357200.0,27982400.0
399370.SZ,2012-01-31,2619.2,2616.91,2628.28,2599.21,2617.22,1.983,0.0758,18418300.0,24194600.0
399370.SZ,2012-02-01,2587.06,2612.66,2642.13,2579.94,2619.2,-32.147,-1.2274,19413700.0,25526200.0
399370.SZ,2012-02-02,2646.55,2593.76,2646.84,2586.65,2587.06,59.495,2.2997,23891900.0,30706200.0
399370.SZ,2012-02-03,2672.05,2640.86,2680.43,2633.66,2646.55,25.5,0.9635,29163400.0,36468200.0
399370.SZ,2012-02-06,2677.6,2676.68,2692.16,2660.55,2672.05,5.545,0.2075,27791600.0,34776000.0
399370.SZ,2012-02-07,2628.36,2662.75,2662.75,2610.79,2677.6,-49.238,-1.8389,23361700.0,28440400.0
399370.SZ,2012-02-08,2696.99,2626.24,2700.45,2620.06,2628.36,68.634,2.6113,30314800.0,39596900.0
399370.SZ,2012-02-09,2713.2,2698.39,2732.45,2689.17,2696.99,16.204,0.6008,37897900.0,46598900.0
399370.SZ,2012-02-10,2720.28,2706.88,2744.51,2705.01,2713.2,7.089,0.2613,35735400.0,40977200.0
399370.SZ,2012-02-13,2726.08,2689.62,2747.49,2679.82,2720.28,5.795,0.213,31871600.0,37965700.0
399370.SZ,2012-02-14,2719.85,2721.55,2728.69,2702.23,2726.08,-6.229,-0.2285,27007200.0,33159800.0
399370.SZ,2012-02-15,2749.2,2713.68,2761.92,2705.62,2719.85,29.347,1.079,35002400.0,42732100.0
399370.SZ,2012-02-16,2733.65,2745.39,2762.28,2713.15,2749.2,-15.553,-0.5657,33348200.0,39455300.0
399370.SZ,2012-02-17,2729.5,2748.2,2756.06,2709.59,2733.65,-4.14,-0.1514,25948600.0,29864100.0
399370.SZ,2012-02-20,2735.5,2767.03,2772.9,2735.02,2729.5,5.996,0.2197,33787800.0,40706200.0
399370.SZ,2012-02-21,2765.77,2738.09,2765.95,2714.29,2735.5,30.27,1.1066,30275800.0,37040500.0
399370.SZ,2012-02-22,2812.41,2768.32,2813.16,2766.54,2765.77,46.639,1.6863,46224300.0,55167000.0
399370.SZ,2012-02-23,2826.38,2811.26,2833.54,2804.77,2812.41,13.972,0.4968,40967400.0,51133400.0
399370.SZ,2012-02-24,2875.15,2826.69,2875.15,2823.16,2826.38,48.769,1.7255,49800400.0,59711400.0
399370.SZ,2012-02-27,2881.89,2888.34,2924.04,2881.89,2875.15,6.74,0.2344,57902000.0,69612200.0
399370.SZ,2012-02-28,2883.27,2875.39,2892.67,2856.66,2881.89,1.378,0.0478,44297400.0,53607300.0
399370.SZ,2012-02-29,2854.42,2875.39,2892.04,2852.02,2883.27,-28.847,-1.0005,34500300.0,44882900.0
399370.SZ,2012-03-01,2861.49,2842.09,2875.69,2841.72,2854.42,7.063,0.2474,27485500.0,37524200.0
399370.SZ,2012-03-02,2915.54,2866.1,2915.55,2866.1,2861.49,54.058,1.8892,40565200.0,49649300.0
399370.SZ,2012-03-05,2904.72,2924.4,2932.65,2902.4,2915.54,-10.827,-0.3714,40522500.0,52459100.0
399370.SZ,2012-03-06,2868.43,2895.96,2895.96,2852.86,2904.72,-36.282,-1.2491,40992200.0,53313800.0
399370.SZ,2012-03-07,2845.16,2839.26,2877.56,2836.15,2868.43,-23.275,-0.8114,37949800.0,47728400.0
399370.SZ,2012-03-08,2884.91,2854.5,2895.42,2854.5,2845.16,39.748,1.397,35351100.0,46040000.0
399370.SZ,2012-03-09,2927.85,2893.69,2927.99,2883.18,2884.91,42.948,1.4887,37544400.0,52770600.0
399370.SZ,2012-03-12,2922.13,2928.83,2933.21,2899.1,2927.85,-5.723,-0.1955,39270200.0,54923800.0
399370.SZ,2012-03-13,2948.18,2920.37,2948.18,2914.32,2922.13,26.052,0.8915,36477600.0,48986300.0
399370.SZ,2012-03-14,2847.3,2961.38,2975.08,2836.17,2948.18,-100.884,-3.4219,60330000.0,78796400.0
399370.SZ,2012-03-15,2823.54,2843.46,2862.26,2803.91,2847.3,-23.761,-0.8345,43500500.0,53903800.0
399370.SZ,2012-03-16,2879.59,2829.42,2879.59,2818.62,2823.54,56.051,1.9851,35803800.0,48967800.0
399370.SZ,2012-03-19,2892.06,2875.27,2892.33,2853.46,2879.59,12.473,0.4332,34711000.0,48769400.0
399370.SZ,2012-03-20,2837.84,2884.11,2884.11,2837.71,2892.06,-54.224,-1.8749,33798000.0,44177000.0
399370.SZ,2012-03-21,2837.64,2850.62,2861.98,2809.49,2837.84,-0.203,-0.0072,30198600.0,41721800.0
399370.SZ,2012-03-22,2834.4,2837.04,2852.33,2819.33,2837.64,-3.234,-0.114,25868900.0,34621800.0
399370.SZ,2012-03-23,2791.65,2825.55,2826.96,2782.31,2834.4,-42.754,-1.5084,25851000.0,35190100.0
399370.SZ,2012-03-26,2796.09,2787.91,2805.69,2777.83,2791.65,4.439,0.159,18663200.0,25470300.0
399370.SZ,2012-03-27,2778.26,2805.7,2816.04,2775.46,2796.09,-17.823,-0.6374,21264900.0,34165600.0
399370.SZ,2012-03-28,2686.42,2767.1,2767.1,2680.55,2778.26,-91.849,-3.306,27796600.0,37270200.0
399370.SZ,2012-03-29,2651.67,2672.65,2690.55,2633.4,2686.42,-34.75,-1.2935,25570200.0,32399800.0
399370.SZ,2012-03-30,2656.77,2655.24,2669.7,2637.9,2651.67,5.11,0.1927,20484300.0,26285900.0
399370.SZ,2012-04-05,2735.86,2653.77,2737.91,2648.41,2656.77,79.088,2.9768,26524100.0,36042400.0
399370.SZ,2012-04-06,2746.41,2735.54,2754.46,2727.02,2735.86,10.547,0.3855,24558800.0,33124200.0
399370.SZ,2012-04-09,2721.67,2737.54,2750.07,2717.32,2746.41,-24.736,-0.9007,20428100.0,26981600.0
399370.SZ,2012-04-10,2746.66,2713.57,2746.86,2670.37,2721.67,24.988,0.9181,23403300.0,31042700.0
399370.SZ,2012-04-11,2750.17,2715.71,2774.58,2708.26,2746.66,3.508,0.1277,25797200.0,31620600.0
399370.SZ,2012-04-12,2803.85,2753.27,2803.85,2744.84,2750.17,53.683,1.952,31621200.0,38208200.0
399370.SZ,2012-04-13,2816.78,2809.33,2831.57,2803.04,2803.85,12.924,0.4609,33520000.0,42776200.0
399370.SZ,2012-04-16,2812.51,2799.82,2825.72,2794.56,2816.78,-4.266,-0.1514,27008000.0,31325300.0
399370.SZ,2012-04-17,2776.19,2810.3,2819.39,2776.19,2812.51,-36.324,-1.2915,29098100.0,31093200.0
399370.SZ,2012-04-18,2841.32,2784.86,2843.09,2781.56,2776.19,65.135,2.3462,34806500.0,38698600.0
399370.SZ,2012-04-19,2837.8,2841.79,2853.8,2825.46,2841.32,-3.52,-0.1239,31263700.0,40634800.0
399370.SZ,2012-04-20,2861.01,2831.41,2862.79,2827.65,2837.8,23.21,0.8179,35482600.0,40661200.0
399370.SZ,2012-04-23,2838.28,2858.85,2867.67,2827.16,2861.01,-22.733,-0.7946,38151200.0,44068400.0
399370.SZ,2012-04-24,2835.16,2822.06,2867.98,2779.66,2838.28,-3.116,-0.1098,43371800.0,48417800.0
399370.SZ,2012-04-25,2864.84,2826.58,2870.04,2823.49,2835.16,29.678,1.0468,43479900.0,47001300.0
399370.SZ,2012-04-26,2869.27,2873.96,2884.68,2856.78,2864.84,4.428,0.1546,41389500.0,46678300.0
399370.SZ,2012-04-27,2864.32,2866.46,2878.73,2861.03,2869.27,-4.951,-0.1726,33201000.0,40091500.0
399370.SZ,2012-05-02,2930.07,2901.06,2944.53,2883.02,2864.32,65.749,2.2955,46230800.0,59869500.0
399370.SZ,2012-05-03,2942.03,2925.84,2942.78,2920.99,2930.07,11.967,0.4084,39505700.0,50199100.0
399370.SZ,2012-05-04,2972.27,2940.74,2973.46,2931.71,2942.03,30.24,1.0279,36864100.0,50199800.0
399370.SZ,2012-05-07,2985.71,2957.46,2985.71,2954.9,2972.27,13.435,0.452,41401200.0,58318900.0
399370.SZ,2012-05-08,2976.5,2984.72,2984.72,2945.27,2985.71,-9.211,-0.3085,36980800.0,51375100.0
399370.SZ,2012-05-09,2917.37,2948.94,2948.94,2915.59,2976.5,-59.131,-1.9866,34049500.0,48652400.0
399370.SZ,2012-05-10,2917.68,2915.24,2932.26,2910.62,2917.37,0.314,0.0108,27045400.0,37722500.0
399370.SZ,2012-05-11,2900.05,2914.4,2931.86,2898.9,2917.68,-17.633,-0.6043,26928200.0,36985100.0
399370.SZ,2012-05-14,2877.2,2920.57,2923.38,2874.7,2900.05,-22.853,-0.788,31022800.0,41990000.0
399370.SZ,2012-05-15,2885.97,2856.5,2886.02,2852.82,2877.2,8.773,0.3049,28483700.0,37582800.0
399370.SZ,2012-05-16,2839.3,2880.47,2880.54,2839.12,2885.97,-46.667,-1.617,25974000.0,34998900.0
399370.SZ,2012-05-17,2878.94,2842.4,2884.55,2835.29,2839.3,39.636,1.396,27163800.0,35433000.0
399370.SZ,2012-05-18,2837.33,2859.91,2869.77,2828.86,2878.94,-41.603,-1.4451,26730200.0,34044500.0
399370.SZ,2012-05-21,2854.18,2834.72,2873.09,2826.14,2837.33,16.846,0.5937,26165400.0,35263500.0
399370.SZ,2012-05-22,2905.02,2866.27,2905.1,2866.27,2854.18,50.836,1.7811,28901300.0,38499000.0
399370.SZ,2012-05-23,2898.62,2899.71,2915.28,2873.23,2905.02,-6.392,-0.22,33058000.0,43746900.0
399370.SZ,2012-05-24,2871.23,2891.92,2913.9,2861.77,2898.62,-27.399,-0.9452,32585100.0,42337200.0
399370.SZ,2012-05-25,2841.51,2870.64,2877.13,2832.14,2871.23,-29.716,-1.035,29135900.0,34697400.0
399370.SZ,2012-05-28,2897.71,2830.25,2897.71,2806.43,2841.51,56.204,1.978,39657200.0,46161300.0
399370.SZ,2012-05-29,2937.1,2899.09,2946.0,2896.03,2897.71,39.389,1.3593,48619600.0,59332800.0
399370.SZ,2012-05-30,2930.3,2932.05,2946.36,2923.64,2937.1,-6.8,-0.2315,37017500.0,44889300.0
399370.SZ,2012-05-31,2926.93,2913.97,2941.01,2905.63,2930.3,-3.371,-0.115,31409800.0,39766700.0
399370.SZ,2012-06-01,2928.94,2928.68,2950.57,2916.27,2926.93,2.01,0.0687,30363400.0,42282000.0
399370.SZ,2012-06-04,2849.84,2888.97,2909.16,2849.78,2928.94,-79.099,-2.7006,34035700.0,45988400.0
399370.SZ,2012-06-05,2847.25,2855.73,2867.68,2836.24,2849.84,-2.596,-0.0911,25588400.0,33487800.0
399370.SZ,2012-06-06,2843.65,2852.9,2862.15,2830.61,2847.25,-3.592,-0.1262,23395500.0,32704000.0
399370.SZ,2012-06-07,2827.87,2870.15,2875.6,2821.64,2843.65,-15.782,-0.555,23477300.0,30663500.0
399370.SZ,2012-06-08,2811.91,2850.71,2851.26,2807.34,2827.87,-15.961,-0.5644,28350900.0,34396300.0
399370.SZ,2012-06-11,2859.33,2818.25,2865.58,2814.42,2811.91,47.418,1.6863,26922900.0,34069400.0
399370.SZ,2012-06-12,2847.78,2844.06,2862.37,2833.18,2859.33,-11.552,-0.404,25531600.0,30882600.0
399370.SZ,2012-06-13,2897.31,2855.05,2897.72,2848.1,2847.78,49.532,1.7393,29535900.0,37305400.0
399370.SZ,2012-06-14,2881.43,2892.31,2910.26,2879.25,2897.31,-15.875,-0.5479,28276000.0,36037500.0
399370.SZ,2012-06-15,2888.58,2889.08,2906.24,2850.37,2881.43,7.142,0.2479,29166800.0,37203200.0
399370.SZ,2012-06-18,2909.5,2898.5,2921.37,2895.66,2888.58,20.926,0.7244,23039000.0,29631200.0
399370.SZ,2012-06-19,2882.29,2906.06,2906.06,2878.49,2909.5,-27.209,-0.9352,23592800.0,29119400.0
399370.SZ,2012-06-20,2872.91,2888.08,2896.55,2868.1,2882.29,-9.385,-0.3256,19878300.0,25097100.0
399370.SZ,2012-06-21,2831.46,2866.0,2866.0,2816.59,2872.91,-41.451,-1.4428,22848200.0,27937800.0
399370.SZ,2012-06-25,2763.27,2819.33,2819.33,2761.56,2831.46,-68.183,-2.4081,24485600.0,29078000.0
399370.SZ,2012-06-26,2762.91,2751.38,2773.0,2736.29,2763.27,-0.362,-0.0131,21335800.0,25409700.0
399370.SZ,2012-06-27,2759.14,2759.59,2786.57,2756.62,2762.91,-3.772,-0.1365,19498100.0,23544000.0
399370.SZ,2012-06-28,2733.66,2765.3,2776.13,2733.51,2759.14,-25.478,-0.9234,21321100.0,27610200.0
399370.SZ,2012-06-29,2775.51,2723.11,2776.32,2721.67,2733.66,41.846,1.5308,23368500.0,29961800.0
399370.SZ,2012-07-02,2791.81,2791.14,2804.87,2772.47,2775.51,16.301,0.5873,27421400.0,38611500.0
399370.SZ,2012-07-03,2800.78,2790.96,2824.3,2783.9,2791.81,8.975,0.3215,27937400.0,38036100.0
399370.SZ,2012-07-04,2790.84,2807.68,2814.72,2779.98,2800.78,-9.94,-0.3549,23621300.0,31292800.0
399370.SZ,2012-07-05,2750.97,2777.94,2777.94,2738.54,2790.84,-39.873,-1.4287,23138100.0,29152500.0
399370.SZ,2012-07-06,2813.69,2758.04,2814.87,2747.15,2750.97,62.717,2.2798,34168500.0,46507900.0
399370.SZ,2012-07-09,2753.94,2796.21,2815.37,2752.49,2813.69,-59.745,-2.1234,34881600.0,46776500.0
399370.SZ,2012-07-10,2737.71,2746.21,2761.82,2733.27,2753.94,-16.233,-0.5894,26555500.0,34249400.0
399370.SZ,2012-07-11,2765.01,2732.86,2765.14,2728.63,2737.71,27.302,0.9973,24502700.0,33016000.0
399370.SZ,2012-07-12,2792.0,2759.79,2803.17,2740.35,2765.01,26.993,0.9762,35146900.0,50368400.0
399370.SZ,2012-07-13,2789.79,2781.26,2811.02,2778.16,2792.0,-2.216,-0.0794,24660700.0,34130300.0
399370.SZ,2012-07-16,2716.23,2790.87,2791.14,2715.65,2789.79,-73.561,-2.6368,29346500.0,38570600.0
399370.SZ,2012-07-17,2726.43,2706.88,2731.89,2700.17,2716.23,10.199,0.3755,22310200.0,30938200.0
399370.SZ,2012-07-18,2718.72,2724.41,2734.47,2668.58,2726.43,-7.711,-0.2828,31026900.0,36224500.0
399370.SZ,2012-07-19,2733.88,2711.35,2755.19,2703.73,2718.72,15.161,0.5577,30069900.0,35258000.0
399370.SZ,2012-07-20,2703.58,2724.63,2738.81,2696.62,2733.88,-30.295,-1.1081,25467100.0,29440700.0
399370.SZ,2012-07-23,2669.25,2683.23,2683.23,2656.12,2703.58,-34.337,-1.2701,21450400.0,25662900.0
399370.SZ,2012-07-24,2686.5,2654.28,2704.97,2653.36,2669.25,17.25,0.6463,20260900.0,24682000.0
399370.SZ,2012-07-25,2671.38,2677.77,2693.04,2667.06,2686.5,-15.118,-0.5627,19453300.0,22687500.0
399370.SZ,2012-07-26,2652.4,2671.53,2687.38,2650.11,2671.38,-18.979,-0.7105,22305500.0,26376200.0
399370.SZ,2012-07-27,2649.75,2658.94,2667.44,2639.56,2652.4,-2.651,-0.0999,21974700.0,27713100.0
399370.SZ,2012-07-30,2629.65,2649.14,2669.47,2624.11,2649.75,-20.099,-0.7585,21035900.0,24542400.0
399370.SZ,2012-07-31,2618.15,2628.67,2642.1,2612.73,2629.65,-11.497,-0.4372,21135800.0,24766200.0
399370.SZ,2012-08-01,2652.15,2615.6,2669.4,2615.6,2618.15,34.0,1.2986,21821300.0,26188300.0
399370.SZ,2012-08-02,2625.62,2647.48,2655.4,2612.93,2652.15,-26.535,-1.0005,22390800.0,24382900.0
399370.SZ,2012-08-03,2654.04,2630.88,2654.13,2616.85,2625.62,28.424,1.0826,21784700.0,26377900.0
399370.SZ,2012-08-06,2700.99,2648.46,2702.01,2645.86,2654.04,46.95,1.769,28502300.0,35852700.0
399370.SZ,2012-08-07,2711.44,2698.07,2711.67,2694.11,2700.99,10.453,0.387,27947400.0,34824400.0
399370.SZ,2012-08-08,2706.75,2712.16,2724.62,2694.41,2711.44,-4.689,-0.1729,27582100.0,34895900.0
399370.SZ,2012-08-09,2745.91,2704.51,2746.13,2698.34,2706.75,39.159,1.4467,29320600.0,40063200.0
399370.SZ,2012-08-10,2727.59,2740.32,2744.64,2720.6,2745.91,-18.326,-0.6674,26014500.0,35160300.0
399370.SZ,2012-08-13,2675.19,2721.54,2721.54,2674.48,2727.59,-52.396,-1.921,26802600.0,33213900.0
399370.SZ,2012-08-14,2680.83,2674.0,2682.24,2634.37,2675.19,5.642,0.2109,26575100.0,34166200.0
399370.SZ,2012-08-15,2653.37,2672.87,2672.87,2651.53,2680.83,-27.464,-1.0245,22172400.0,24888100.0
399370.SZ,2012-08-16,2635.11,2647.09,2655.17,2632.2,2653.37,-18.263,-0.6883,18105100.0,22065300.0
399370.SZ,2012-08-17,2623.29,2632.8,2635.77,2599.8,2635.11,-11.813,-0.4483,17625000.0,23616800.0
399370.SZ,2012-08-20,2615.17,2603.5,2621.85,2587.84,2623.29,-8.123,-0.3096,17977200.0,21749300.0
399370.SZ,2012-08-21,2638.1,2615.66,2652.69,2612.09,2615.17,22.927,0.8767,23908700.0,29510800.0
399370.SZ,2012-08-22,2608.56,2640.38,2642.05,2597.23,2638.1,-29.538,-1.1197,23967000.0,27450100.0
399370.SZ,2012-08-23,2617.5,2610.23,2626.01,2592.37,2608.56,8.937,0.3426,22457300.0,29027500.0
399370.SZ,2012-08-24,2581.6,2610.47,2613.38,2580.08,2617.5,-35.892,-1.3712,23217300.0,27905200.0
399370.SZ,2012-08-27,2524.76,2571.18,2571.18,2523.9,2581.6,-56.846,-2.202,23693400.0,27828100.0
399370.SZ,2012-08-28,2532.44,2520.7,2547.54,2514.96,2524.76,7.684,0.3043,20150200.0,22229900.0
399370.SZ,2012-08-29,2505.61,2524.6,2537.01,2505.39,2532.44,-26.827,-1.0593,19416100.0,22640300.0
399370.SZ,2012-08-30,2482.72,2493.03,2509.0,2453.73,2505.61,-22.894,-0.9137,24485600.0,28264400.0
399370.SZ,2012-08-31,2482.63,2477.71,2497.79,2476.04,2482.72,-0.088,-0.0035,17534000.0,18548900.0
399370.SZ,2012-09-03,2527.82,2482.76,2534.73,2480.66,2482.63,45.183,1.82,25156200.0,27584700.0
399370.SZ,2012-09-04,2502.39,2536.39,2538.8,2497.5,2527.82,-25.429,-1.006,23107000.0,27240000.0
399370.SZ,2012-09-05,2499.41,2496.41,2509.3,2481.46,2502.39,-2.973,-0.1188,23602400.0,24177800.0
399370.SZ,2012-09-06,2523.08,2504.86,2523.34,2499.45,2499.41,23.665,0.9468,22229000.0,22606600.0
399370.SZ,2012-09-07,2632.79,2543.02,2660.67,2543.02,2523.08,109.71,4.3483,55562400.0,60567300.0
399370.SZ,2012-09-10,2646.12,2641.82,2657.2,2632.0,2632.79,13.332,0.5064,45590500.0,50061000.0
399370.SZ,2012-09-11,2630.09,2632.97,2632.97,2609.73,2646.12,-16.03,-0.6058,31623500.0,34321500.0
399370.SZ,2012-09-12,2644.54,2644.91,2662.46,2619.21,2630.09,14.447,0.5493,33454800.0,36396900.0
399370.SZ,2012-09-13,2609.16,2641.93,2647.76,2608.85,2644.54,-35.376,-1.3377,28198400.0,29570100.0
399370.SZ,2012-09-14,2626.72,2637.52,2647.44,2605.3,2609.16,17.562,0.6731,36875700.0,40877400.0
399370.SZ,2012-09-17,2559.51,2622.44,2625.98,2559.51,2626.72,-67.214,-2.5589,32265900.0,34997900.0
399370.SZ,2012-09-18,2538.59,2547.06,2559.09,2529.8,2559.51,-20.917,-0.8172,21534200.0,23767000.0
399370.SZ,2012-09-19,2551.92,2539.93,2553.6,2528.16,2538.59,13.323,0.5248,21255600.0,25363000.0
399370.SZ,2012-09-20,2490.34,2543.43,2543.43,2488.42,2551.92,-61.575,-2.4129,28982100.0,31402800.0
399370.SZ,2012-09-21,2490.47,2482.82,2512.47,2476.72,2490.34,0.133,0.0053,26176800.0,28334100.0
399370.SZ,2012-09-24,2510.15,2472.84,2520.44,2457.58,2490.47,19.674,0.79,24093600.0,25499300.0
399370.SZ,2012-09-25,2502.16,2505.3,2524.79,2495.3,2510.15,-7.991,-0.3183,18706900.0,21414400.0
399370.SZ,2012-09-26,2467.59,2498.93,2509.62,2463.56,2502.16,-34.569,-1.3816,19109500.0,20602400.0
399370.SZ,2012-09-27,2535.34,2467.13,2550.85,2467.13,2467.59,67.748,2.7455,29576600.0,32238700.0
399370.SZ,2012-09-28,2587.36,2520.47,2589.16,2517.69,2535.34,52.027,2.0521,33689100.0,38499000.0
399370.SZ,2012-10-08,2558.79,2585.82,2597.6,2546.47,2587.36,-28.577,-1.1045,21083100.0,24399500.0
399370.SZ,2012-10-09,2620.82,2568.54,2621.27,2568.54,2558.79,62.038,2.4245,31144400.0,34435400.0
399370.SZ,2012-10-10,2630.07,2614.11,2631.39,2606.28,2620.82,9.246,0.3528,29701100.0,31070500.0
399370.SZ,2012-10-11,2603.83,2622.16,2630.44,2602.12,2630.07,-26.235,-0.9975,29974200.0,31063500.0
399370.SZ,2012-10-12,2599.44,2612.06,2634.29,2581.68,2603.83,-4.397,-0.1689,25715000.0,26089200.0
399370.SZ,2012-10-15,2589.27,2602.17,2604.85,2569.56,2599.44,-10.171,-0.3913,22488800.0,24876400.0
399370.SZ,2012-10-16,2601.18,2587.91,2619.74,2583.1,2589.27,11.908,0.4599,22511300.0,25783900.0
399370.SZ,2012-10-17,2606.14,2609.83,2614.37,2580.64,2601.18,4.965,0.1909,23673800.0,24470600.0
399370.SZ,2012-10-18,2651.89,2610.23,2656.35,2609.75,2606.14,45.752,1.7555,34662300.0,35223400.0
399370.SZ,2012-10-19,2652.47,2652.19,2665.15,2647.66,2651.89,0.573,0.0216,28320900.0,28757100.0
399370.SZ,2012-10-22,2662.87,2637.39,2667.88,2630.15,2652.47,10.409,0.3924,24873200.0,26098800.0
399370.SZ,2012-10-23,2623.7,2662.86,2665.88,2621.52,2662.87,-39.17,-1.471,27336800.0,27584800.0
399370.SZ,2012-10-24,2617.86,2611.45,2633.8,2609.79,2623.7,-5.843,-0.2227,24447000.0,23602100.0
399370.SZ,2012-10-25,2592.19,2616.81,2632.22,2589.05,2617.86,-25.676,-0.9808,29051800.0,26936100.0
399370.SZ,2012-10-26,2541.19,2591.58,2594.72,2525.18,2592.19,-50.997,-1.9673,28276300.0,27972200.0
399370.SZ,2012-10-29,2532.08,2532.84,2544.74,2521.06,2541.19,-9.11,-0.3585,21257900.0,20650100.0
399370.SZ,2012-10-30,2539.09,2531.33,2560.53,2531.33,2532.08,7.01,0.2768,24833500.0,23084900.0
399370.SZ,2012-10-31,2558.8,2543.09,2559.79,2533.67,2539.09,19.716,0.7765,23473600.0,22886800.0
399370.SZ,2012-11-01,2611.02,2561.35,2617.36,2561.35,2558.8,52.22,2.0408,36118300.0,35770700.0
399370.SZ,2012-11-02,2619.12,2610.05,2622.95,2594.54,2611.02,8.093,0.31,31957500.0,29826900.0
399370.SZ,2012-11-05,2607.88,2612.65,2629.91,2596.93,2619.12,-11.233,-0.4289,27398900.0,27481500.0
399370.SZ,2012-11-06,2594.31,2606.79,2607.86,2559.54,2607.88,-13.573,-0.5205,26641300.0,28010300.0
399370.SZ,2012-11-07,2591.9,2591.53,2605.81,2580.84,2594.31,-2.407,-0.0928,23815400.0,26660200.0
399370.SZ,2012-11-08,2542.91,2569.91,2582.02,2542.91,2591.9,-48.996,-1.8903,25644200.0,25453300.0
399370.SZ,2012-11-09,2535.72,2538.24,2552.06,2529.51,2542.91,-7.192,-0.2828,19658800.0,19069000.0
399370.SZ,2012-11-12,2544.32,2537.53,2551.91,2523.15,2535.72,8.602,0.3392,21398100.0,22555300.0
399370.SZ,2012-11-13,2497.93,2543.02,2543.02,2494.36,2544.32,-46.387,-1.8232,21974000.0,22158900.0
399370.SZ,2012-11-14,2508.74,2498.44,2509.96,2485.79,2497.93,10.811,0.4328,17788500.0,18363700.0
399370.SZ,2012-11-15,2475.22,2495.14,2508.71,2473.54,2508.74,-33.521,-1.3362,17979400.0,18379000.0
399370.SZ,2012-11-16,2454.03,2469.58,2470.14,2437.82,2475.22,-21.191,-0.8561,18312900.0,19451300.0
399370.SZ,2012-11-19,2446.32,2450.97,2450.97,2411.55,2454.03,-7.71,-0.3142,17336400.0,20815000.0
399370.SZ,2012-11-20,2438.8,2451.21,2459.64,2437.09,2446.32,-7.515,-0.3072,16539200.0,18987000.0
399370.SZ,2012-11-21,2468.2,2437.67,2468.34,2414.81,2438.8,29.396,1.2053,18815200.0,19777600.0
399370.SZ,2012-11-22,2444.29,2450.5,2454.88,2435.79,2468.2,-23.912,-0.9688,17575100.0,17921700.0
399370.SZ,2012-11-23,2459.41,2447.13,2472.9,2444.61,2444.29,15.124,0.6187,20725400.0,20453700.0
399370.SZ,2012-11-26,2435.18,2455.51,2458.64,2431.1,2459.41,-24.235,-0.9854,17565100.0,17953600.0
399370.SZ,2012-11-27,2396.56,2426.33,2430.63,2396.0,2435.18,-38.62,-1.5859,21145600.0,20191900.0
399370.SZ,2012-11-28,2365.97,2385.08,2385.89,2361.72,2396.56,-30.591,-1.2765,19950700.0,19597100.0
399370.SZ,2012-11-29,2354.29,2364.54,2381.66,2354.29,2365.97,-11.672,-0.4933,18792800.0,18577300.0
399370.SZ,2012-11-30,2386.27,2351.76,2389.15,2348.08,2354.29,31.971,1.358,23815300.0,21814100.0
399370.SZ,2012-12-03,2337.41,2381.86,2398.84,2336.75,2386.27,-48.857,-2.0474,26727100.0,26585700.0
399370.SZ,2012-12-04,2365.41,2328.49,2370.9,2318.22,2337.41,27.999,1.1979,25881000.0,26079800.0
399370.SZ,2012-12-05,2458.82,2359.1,2470.35,2356.86,2365.41,93.416,3.9493,50524200.0,49825700.0
399370.SZ,2012-12-06,2452.9,2456.16,2469.58,2436.18,2458.82,-5.92,-0.2408,33401300.0,33825200.0
399370.SZ,2012-12-07,2506.66,2452.54,2510.17,2447.05,2452.9,53.76,2.1917,50253300.0,49347400.0
399370.SZ,2012-12-10,2539.18,2511.08,2543.9,2501.94,2506.66,32.515,1.2971,49316700.0,46775700.0
399370.SZ,2012-12-11,2523.1,2530.22,2545.37,2520.39,2539.18,-16.078,-0.6332,37124100.0,37042000.0
399370.SZ,2012-12-12,2538.84,2523.47,2541.7,2513.29,2523.1,15.741,0.6239,32798500.0,32669400.0
399370.SZ,2012-12-13,2506.44,2531.83,2540.1,2506.4,2538.84,-32.407,-1.2764,31851100.0,30847800.0
399370.SZ,2012-12-14,2631.56,2505.24,2632.35,2505.24,2506.44,125.125,4.9922,67697700.0,66397800.0
399370.SZ,2012-12-17,2646.67,2635.79,2660.33,2633.07,2631.56,15.112,0.5743,60590300.0,64330000.0
399370.SZ,2012-12-18,2647.44,2639.33,2679.55,2623.1,2646.67,0.771,0.0291,54205000.0,59731600.0
399370.SZ,2012-12-19,2657.05,2638.99,2673.8,2634.46,2647.44,9.608,0.3629,44593100.0,49066000.0
399370.SZ,2012-12-20,2671.91,2645.43,2676.2,2626.98,2657.05,14.854,0.559,44871300.0,49263800.0
399370.SZ,2012-12-21,2662.49,2672.18,2707.12,2650.86,2671.91,-9.414,-0.3523,45462600.0,51244700.0
399370.SZ,2012-12-24,2667.12,2651.86,2681.33,2649.01,2662.49,4.631,0.1739,33148600.0,41316500.0
399370.SZ,2012-12-25,2740.75,2657.18,2752.16,2648.98,2667.12,73.624,2.7604,58777600.0,63745500.0
399370.SZ,2012-12-26,2760.66,2738.89,2760.68,2736.99,2740.75,19.909,0.7264,48026000.0,53195000.0
399370.SZ,2012-12-27,2744.49,2767.74,2782.01,2739.06,2760.66,-16.167,-0.5856,48207400.0,54458300.0
399370.SZ,2012-12-28,2780.95,2745.69,2781.52,2743.09,2744.49,36.462,1.3286,42384600.0,47462400.0
399370.SZ,2012-12-31,2826.11,2787.46,2826.17,2787.46,2780.95,45.165,1.6241,50554000.0,56741100.0
399370.SZ,2013-01-04,2822.07,2857.71,2865.7,2792.49,2826.11,-4.043,-0.1431,53044200.0,63011100.0
399370.SZ,2013-01-07,2840.84,2815.16,2842.32,2804.39,2822.07,18.765,0.6649,43498800.0,50204500.0
399370.SZ,2013-01-08,2843.74,2838.64,2851.65,2807.25,2840.84,2.898,0.102,47719300.0,58323200.0
399370.SZ,2013-01-09,2849.46,2834.93,2861.6,2824.13,2843.74,5.724,0.2013,48499000.0,57444300.0
399370.SZ,2013-01-10,2855.02,2848.12,2880.53,2836.97,2849.46,5.563,0.1952,45708400.0,49762600.0
399370.SZ,2013-01-11,2795.11,2858.97,2865.63,2786.53,2855.02,-59.911,-2.0984,49749800.0,53458000.0
399370.SZ,2013-01-14,2903.78,2785.07,2907.05,2784.86,2795.11,108.674,3.888,56190700.0,66601400.0
399370.SZ,2013-01-15,2936.43,2906.44,2947.11,2901.72,2903.78,32.644,1.1242,60440600.0,72582400.0
399370.SZ,2013-01-16,2914.74,2928.17,2934.86,2871.82,2936.43,-21.691,-0.7387,56847700.0,67821200.0
399370.SZ,2013-01-17,2888.09,2905.86,2917.07,2875.48,2914.74,-26.644,-0.9141,42810400.0,48630300.0
399370.SZ,2013-01-18,2947.61,2903.1,2957.14,2889.71,2888.09,59.52,2.0609,50537300.0,55822600.0
399370.SZ,2013-01-21,2963.97,2954.58,2963.97,2930.0,2947.61,16.359,0.555,56238400.0,62547300.0
399370.SZ,2013-01-22,2928.31,2959.94,2961.77,2903.18,2963.97,-35.664,-1.2032,56631700.0,64686100.0
399370.SZ,2013-01-23,2940.15,2916.1,2941.97,2900.37,2928.31,11.841,0.4044,42581500.0,48004300.0
399370.SZ,2013-01-24,2899.79,2937.87,2991.54,2877.05,2940.15,-40.356,-1.3726,58829300.0,66305300.0
399370.SZ,2013-01-25,2888.44,2893.75,2910.92,2879.56,2899.79,-11.354,-0.3915,36698300.0,43464200.0
399370.SZ,2013-01-28,2976.84,2891.4,2977.06,2891.4,2888.44,88.404,3.0606,51701400.0,65474800.0
399370.SZ,2013-01-29,3003.72,2981.14,3014.21,2971.71,2976.84,26.879,0.9029,56573500.0,68135000.0
399370.SZ,2013-01-30,3014.46,3004.9,3017.0,2986.74,3003.72,10.736,0.3574,55473700.0,64156800.0
399370.SZ,2013-01-31,2999.87,3016.79,3020.98,2987.59,3014.46,-14.593,-0.4841,49913400.0,57175800.0
399370.SZ,2013-02-01,3066.51,2991.7,3067.32,2986.54,2999.87,66.643,2.2215,53718800.0,67274600.0
399370.SZ,2013-02-04,3064.12,3078.04,3091.7,3049.12,3066.51,-2.393,-0.078,64188300.0,81216800.0
399370.SZ,2013-02-05,3111.48,3042.25,3112.0,3040.89,3064.12,47.364,1.5458,61134000.0,68439600.0
399370.SZ,2013-02-06,3123.2,3113.12,3137.43,3106.66,3111.48,11.719,0.3766,46256400.0,58007300.0
399370.SZ,2013-02-07,3109.58,3116.61,3121.12,3073.07,3123.2,-13.615,-0.4359,45666300.0,58717500.0
399370.SZ,2013-02-08,3130.14,3103.44,3153.94,3096.01,3109.58,20.557,0.6611,45384000.0,56967300.0
399370.SZ,2013-02-18,3104.67,3144.25,3148.04,3096.53,3130.14,-25.468,-0.8136,47212000.0,57776000.0
399370.SZ,2013-02-19,3038.85,3100.59,3103.41,3025.85,3104.67,-65.818,-2.12,52351600.0,58682500.0
399370.SZ,2013-02-20,3067.8,3036.82,3068.46,3022.71,3038.85,28.945,0.9525,44959800.0,52027100.0
399370.SZ,2013-02-21,2975.69,3038.44,3038.44,2943.84,3067.8,-92.112,-3.0025,58942600.0,71127700.0
399370.SZ,2013-02-22,2959.06,2970.49,2989.17,2953.42,2975.69,-16.623,-0.5586,39879200.0,51201900.0
399370.SZ,2013-02-25,2974.74,2967.24,2990.92,2955.92,2959.06,15.67,0.5296,35240200.0,43242000.0
399370.SZ,2013-02-26,2938.99,2958.92,3006.51,2937.48,2974.74,-35.745,-1.2016,47617900.0,59147400.0
399370.SZ,2013-02-27,2959.07,2947.08,2986.52,2933.0,2938.99,20.079,0.6832,38079000.0,45084000.0
399370.SZ,2013-02-28,3043.26,2977.11,3043.26,2955.63,2959.07,84.187,2.8451,49504000.0,61218500.0
399370.SZ,2013-03-01,3044.66,3041.28,3054.32,3001.43,3043.26,1.402,0.0461,46083000.0,57767700.0
399370.SZ,2013-03-04,2893.65,2985.51,2985.51,2875.18,3044.66,-151.006,-4.9597,66761800.0,77048200.0
399370.SZ,2013-03-05,2980.37,2891.14,2980.63,2885.22,2893.65,86.714,2.9967,51357000.0,61173400.0
399370.SZ,2013-03-06,3019.8,2993.72,3024.85,2980.46,2980.37,39.432,1.3231,57071300.0,67771000.0
399370.SZ,2013-03-07,2988.87,3005.95,3028.6,2955.02,3019.8,-30.932,-1.0243,53444500.0,66097100.0
399370.SZ,2013-03-08,2972.72,2993.19,3005.83,2968.52,2988.87,-16.15,-0.5403,36029300.0,44812700.0
399370.SZ,2013-03-11,2954.47,2965.34,2977.06,2931.59,2972.72,-18.242,-0.6136,29777500.0,36455000.0
399370.SZ,2013-03-12,2901.11,2952.44,2981.9,2868.57,2954.47,-53.365,-1.8062,44205500.0,50750100.0
399370.SZ,2013-03-13,2875.4,2896.8,2902.5,2856.36,2901.11,-25.709,-0.8862,33791500.0,39198100.0
399370.SZ,2013-03-14,2883.53,2867.07,2901.34,2861.95,2875.4,8.135,0.2829,28892700.0,35209500.0
399370.SZ,2013-03-15,2887.86,2878.97,2953.81,2850.39,2883.53,4.329,0.1501,43674200.0,52696700.0
399370.SZ,2013-03-18,2844.11,2871.28,2893.27,2841.23,2887.86,-43.755,-1.5151,36551900.0,45603600.0
399370.SZ,2013-03-19,2865.48,2845.17,2865.67,2819.25,2844.11,21.366,0.7512,33604800.0,39983100.0
399370.SZ,2013-03-20,2967.66,2866.29,2967.71,2866.29,2865.48,102.189,3.5662,49005400.0,58431800.0
399370.SZ,2013-03-21,2979.07,2967.72,2992.7,2959.57,2967.66,11.402,0.3842,42267100.0,50597700.0
399370.SZ,2013-03-22,2983.91,2974.79,2992.44,2966.85,2979.07,4.848,0.1627,33991800.0,39599000.0
399370.SZ,2013-03-25,2982.07,2991.98,3006.11,2970.04,2983.91,-1.845,-0.0618,33413500.0,41002600.0
399370.SZ,2013-03-26,2942.99,2968.19,2975.42,2918.06,2982.07,-39.08,-1.3105,35768900.0,43457600.0
399370.SZ,2013-03-27,2945.9,2942.29,2979.71,2925.0,2942.99,2.91,0.0989,32036300.0,40158300.0
399370.SZ,2013-03-28,2845.18,2887.88,2887.88,2841.29,2945.9,-100.72,-3.419,44935400.0,54777200.0
399370.SZ,2013-03-29,2838.22,2843.98,2853.11,2817.66,2845.18,-6.961,-0.2447,31246600.0,37468100.0
399370.SZ,2013-04-01,2841.54,2830.99,2858.51,2827.48,2838.22,3.323,0.1171,30600200.0,36607100.0
399370.SZ,2013-04-02,2819.27,2843.96,2878.07,2811.32,2841.54,-22.271,-0.7838,33330800.0,40188600.0
399370.SZ,2013-04-03,2809.32,2826.22,2839.56,2798.93,2819.27,-9.954,-0.3531,28704900.0,33642100.0
399370.SZ,2013-04-08,2812.5,2763.66,2812.5,2742.78,2809.32,3.189,0.1135,33753100.0,40755000.0
399370.SZ,2013-04-09,2840.07,2817.59,2855.32,2817.59,2812.5,27.565,0.9801,31773000.0,39221500.0
399370.SZ,2013-04-10,2837.06,2839.19,2849.18,2814.52,2840.07,-3.008,-0.1059,31304800.0,40426000.0
399370.SZ,2013-04-11,2834.14,2853.45,2860.14,2831.39,2837.06,-2.922,-0.103,29949700.0,34208500.0
399370.SZ,2013-04-12,2821.11,2830.87,2849.88,2819.66,2834.14,-13.033,-0.4599,27792500.0,32459400.0
399370.SZ,2013-04-15,2792.02,2808.72,2816.48,2784.52,2821.11,-29.088,-1.0311,29866400.0,32558900.0
399370.SZ,2013-04-16,2820.23,2766.67,2820.76,2762.69,2792.02,28.215,1.0106,34825200.0,38095900.0
399370.SZ,2013-04-17,2832.35,2815.77,2834.54,2802.92,2820.23,12.116,0.4296,31713800.0,38036600.0
399370.SZ,2013-04-18,2840.04,2810.1,2850.01,2800.75,2832.35,7.688,0.2714,31579300.0,37217400.0
399370.SZ,2013-04-19,2916.54,2844.18,2925.07,2844.18,2840.04,76.501,2.6937,44618300.0,53095500.0
399370.SZ,2013-04-22,2918.21,2905.88,2922.91,2901.05,2916.54,1.675,0.0574,41572000.0,50241100.0
399370.SZ,2013-04-23,2824.58,2921.71,2921.71,2824.15,2918.21,-93.635,-3.2086,40905100.0,48953400.0
399370.SZ,2013-04-24,2880.82,2825.0,2896.4,2820.49,2824.58,56.242,1.9912,38989800.0,47801800.0
399370.SZ,2013-04-25,2836.82,2868.79,2886.23,2831.79,2880.82,-44.001,-1.5274,40035300.0,47566100.0
399370.SZ,2013-04-26,2802.65,2844.03,2855.81,2794.73,2836.82,-34.167,-1.2044,30432300.0,35857800.0
399370.SZ,2013-05-02,2806.95,2787.27,2809.46,2772.13,2802.65,4.296,0.1533,28180600.0,34948000.0
399370.SZ,2013-05-03,2860.61,2814.56,2890.12,2814.56,2806.95,53.666,1.9119,36165200.0,44054500.0
399370.SZ,2013-05-06,2906.76,2871.23,2914.7,2871.23,2860.61,46.144,1.6131,37024900.0,45454300.0
399370.SZ,2013-05-07,2919.21,2900.96,2927.39,2888.41,2906.76,12.449,0.4283,36635600.0,46893800.0
399370.SZ,2013-05-08,2941.6,2933.26,2954.28,2920.98,2919.21,22.395,0.7672,37930800.0,47749900.0
399370.SZ,2013-05-09,2925.42,2940.34,2944.51,2903.2,2941.6,-16.184,-0.5502,42434600.0,53813900.0
399370.SZ,2013-05-10,2938.6,2917.6,2947.07,2911.23,2925.42,13.181,0.4506,35240100.0,43997500.0
399370.SZ,2013-05-13,2925.16,2940.48,2947.84,2909.56,2938.6,-13.444,-0.4575,33683900.0,41503600.0
399370.SZ,2013-05-14,2872.41,2919.18,2919.18,2856.88,2925.16,-52.745,-1.8032,34284700.0,43297200.0
399370.SZ,2013-05-15,2899.22,2874.15,2899.27,2874.15,2872.41,26.808,0.9333,30622900.0,39223000.0
399370.SZ,2013-05-16,2948.46,2894.36,2948.46,2876.33,2899.22,49.245,1.6986,45392700.0,57489500.0
399370.SZ,2013-05-17,2990.22,2945.25,2997.23,2943.92,2948.46,41.755,1.4162,51995000.0,60890100.0
399370.SZ,2013-05-20,3030.96,2999.59,3044.39,2993.46,2990.22,40.742,1.3625,58085400.0,73610000.0
399370.SZ,2013-05-21,3046.32,3027.71,3046.35,3015.51,3030.96,15.362,0.5068,49895000.0,62637900.0
399370.SZ,2013-05-22,3044.04,3042.83,3064.91,3028.51,3046.32,-2.286,-0.075,52201900.0,63288600.0
399370.SZ,2013-05-23,3006.57,3031.12,3054.42,3001.25,3044.04,-37.471,-1.231,48941500.0,57749700.0
399370.SZ,2013-05-24,3031.68,3013.27,3035.83,2998.63,3006.57,25.117,0.8354,40331300.0,49569100.0
399370.SZ,2013-05-27,3038.9,3028.51,3045.21,3024.32,3031.68,7.214,0.238,42528100.0,52594900.0
399370.SZ,2013-05-28,3080.11,3038.41,3080.13,3016.76,3038.9,41.214,1.3562,49602600.0,60916300.0
399370.SZ,2013-05-29,3082.87,3085.18,3102.08,3080.03,3080.11,2.763,0.0897,52313300.0,61872900.0
399370.SZ,2013-05-30,3067.57,3070.57,3083.33,3051.85,3082.87,-15.304,-0.4964,41625000.0,50536200.0
399370.SZ,2013-05-31,3035.95,3071.88,3078.99,3032.79,3067.57,-31.617,-1.0307,41224700.0,50142000.0
399370.SZ,2013-06-03,3027.04,3039.49,3056.09,3018.26,3035.95,-8.915,-0.2936,37584900.0,47719400.0
399370.SZ,2013-06-04,2978.5,3024.8,3024.8,2963.77,3027.04,-48.539,-1.6035,37697500.0,46108500.0
399370.SZ,2013-06-05,2976.26,2978.13,2986.57,2956.3,2978.5,-2.234,-0.075,29922100.0,37529000.0
399370.SZ,2013-06-06,2937.93,2968.21,2972.47,2935.02,2976.26,-38.332,-1.2879,32848300.0,40297600.0
399370.SZ,2013-06-07,2890.05,2940.28,2953.0,2878.69,2937.93,-47.881,-1.6298,34791500.0,41645000.0
399370.SZ,2013-06-13,2805.35,2852.69,2852.69,2766.57,2890.05,-84.699,-2.9307,37078600.0,42904300.0
399370.SZ,2013-06-14,2842.77,2811.82,2846.77,2810.99,2805.35,37.413,1.3336,31624600.0,39616200.0
399370.SZ,2013-06-17,2835.23,2851.84,2857.38,2821.95,2842.77,-7.532,-0.265,31704000.0,41333500.0
399370.SZ,2013-06-18,2856.75,2840.74,2860.27,2822.71,2835.23,21.521,0.7591,29042500.0,37835400.0
399370.SZ,2013-06-19,2838.73,2843.17,2843.17,2800.2,2856.75,-18.029,-0.6311,30595800.0,38646400.0
399370.SZ,2013-06-20,2743.13,2821.45,2821.45,2740.91,2838.73,-95.6,-3.3677,31295800.0,38694700.0
399370.SZ,2013-06-21,2746.03,2696.7,2761.91,2673.52,2743.13,2.904,0.1059,31989700.0,38136300.0
399370.SZ,2013-06-24,2569.09,2733.11,2733.11,2554.55,2746.03,-176.943,-6.4436,45456800.0,49970300.0
399370.SZ,2013-06-25,2565.96,2536.07,2567.7,2381.72,2569.09,-3.132,-0.1219,56856000.0,59251700.0
399370.SZ,2013-06-26,2598.16,2572.73,2599.47,2538.03,2565.96,32.2,1.2549,42366700.0,48659000.0
399370.SZ,2013-06-27,2580.87,2604.06,2637.98,2575.79,2598.16,-17.283,-0.6652,43057000.0,48232700.0
399370.SZ,2013-06-28,2611.09,2563.82,2651.79,2549.53,2580.87,30.221,1.171,40908800.0,43754800.0
399370.SZ,2013-07-01,2641.53,2598.4,2641.53,2581.11,2611.09,30.434,1.1656,33998900.0,42386000.0
399370.SZ,2013-07-02,2656.25,2638.73,2662.39,2619.59,2641.53,14.727,0.5575,37024600.0,48049700.0
399370.SZ,2013-07-03,2651.45,2648.08,2658.73,2600.37,2656.25,-4.806,-0.1809,41895400.0,52380100.0
399370.SZ,2013-07-04,2666.74,2632.59,2698.79,2618.24,2651.45,15.296,0.5769,43731200.0,52353200.0
399370.SZ,2013-07-05,2666.26,2672.43,2705.32,2665.7,2666.74,-0.486,-0.0182,41575000.0,49350100.0
399370.SZ,2013-07-08,2592.53,2627.32,2648.21,2590.4,2666.26,-73.729,-2.7653,37909300.0,43480800.0
399370.SZ,2013-07-09,2594.41,2590.1,2608.6,2573.77,2592.53,1.877,0.0724,28284000.0,33473500.0
399370.SZ,2013-07-10,2665.81,2593.4,2665.81,2589.84,2594.41,71.403,2.7522,38470100.0,45007300.0
399370.SZ,2013-07-11,2784.39,2682.29,2809.18,2682.29,2665.81,118.58,4.4482,72569500.0,80302900.0
399370.SZ,2013-07-12,2731.8,2777.38,2800.64,2729.71,2784.39,-52.586,-1.8886,52487100.0,62690700.0
399370.SZ,2013-07-15,2774.37,2742.93,2793.7,2729.99,2731.8,42.566,1.5582,42797900.0,52367500.0
399370.SZ,2013-07-16,2792.05,2770.64,2792.29,2748.17,2774.37,17.686,0.6375,41954600.0,51002800.0
399370.SZ,2013-07-17,2745.13,2784.15,2796.25,2739.69,2792.05,-46.929,-1.6808,43194100.0,50930300.0
399370.SZ,2013-07-18,2705.49,2734.74,2745.25,2697.22,2745.13,-39.632,-1.4437,38217200.0,44148300.0
399370.SZ,2013-07-19,2632.55,2704.53,2719.51,2632.55,2705.49,-72.945,-2.6962,43779900.0,52142000.0
399370.SZ,2013-07-22,2659.44,2609.71,2659.62,2595.54,2632.55,26.886,1.0213,34458800.0,40742000.0
399370.SZ,2013-07-23,2737.56,2670.53,2748.26,2667.66,2659.44,78.127,2.9377,46300000.0,55551300.0
399370.SZ,2013-07-24,2730.75,2725.7,2744.3,2688.78,2737.56,-6.81,-0.2488,46927500.0,57316300.0
399370.SZ,2013-07-25,2699.04,2736.31,2751.05,2688.18,2730.75,-31.715,-1.1614,40480000.0,50527700.0
399370.SZ,2013-07-26,2691.77,2688.71,2707.92,2668.53,2699.04,-7.262,-0.2691,31504400.0,38352900.0
399370.SZ,2013-07-29,2634.05,2670.83,2670.83,2626.02,2691.77,-57.721,-2.1443,34168600.0,40544200.0
399370.SZ,2013-07-30,2636.63,2640.04,2674.04,2601.31,2634.05,2.574,0.0977,32813100.0,40453600.0
399370.SZ,2013-07-31,2641.57,2663.18,2693.02,2634.56,2636.63,4.947,0.1876,31299200.0,36856100.0
399370.SZ,2013-08-01,2713.3,2654.96,2713.3,2650.73,2641.57,71.725,2.7152,37755000.0,45218600.0
399370.SZ,2013-08-02,2718.99,2733.86,2751.36,2715.17,2713.3,5.686,0.2096,39164600.0,46449700.0
399370.SZ,2013-08-05,2755.14,2722.87,2755.14,2713.34,2718.99,36.153,1.3297,35113700.0,42044200.0
399370.SZ,2013-08-06,2775.03,2747.67,2786.57,2732.0,2755.14,19.888,0.7219,44671200.0,52444900.0
399370.SZ,2013-08-07,2761.27,2773.49,2797.53,2756.93,2775.03,-13.758,-0.4958,47188200.0,54315900.0
399370.SZ,2013-08-08,2762.2,2758.2,2785.3,2747.44,2761.27,0.931,0.0337,35563000.0,43506200.0
399370.SZ,2013-08-09,2770.02,2774.16,2793.68,2737.78,2762.2,7.816,0.283,40826100.0,50536100.0
399370.SZ,2013-08-12,2838.74,2783.12,2838.84,2783.12,2770.02,68.724,2.481,59634200.0,70532400.0
399370.SZ,2013-08-13,2857.31,2839.94,2857.47,2830.93,2838.74,18.574,0.6543,52141600.0,55546400.0
399370.SZ,2013-08-14,2844.98,2860.46,2883.86,2834.16,2857.31,-12.33,-0.4315,46857700.0,53305200.0
399370.SZ,2013-08-15,2809.41,2844.28,2857.24,2807.76,2844.98,-35.571,-1.2503,38436600.0,46127500.0
399370.SZ,2013-08-16,2779.5,2799.78,2896.34,2776.92,2809.41,-29.918,-1.0649,61192900.0,65978700.0
399370.SZ,2013-08-19,2831.37,2762.26,2836.71,2761.94,2779.5,51.874,1.8663,40183200.0,44721500.0
399370.SZ,2013-08-20,2814.38,2824.11,2858.44,2802.54,2831.37,-16.993,-0.6002,43582500.0,49001100.0
399370.SZ,2013-08-21,2808.38,2823.63,2824.88,2785.23,2814.38,-5.999,-0.2132,34693500.0,39325000.0
399370.SZ,2013-08-22,2810.82,2802.11,2835.5,2796.21,2808.38,2.448,0.0872,34976400.0,40694500.0
399370.SZ,2013-08-23,2792.6,2822.47,2831.03,2745.93,2810.82,-18.228,-0.6485,43676200.0,53324800.0
399370.SZ,2013-08-26,2846.9,2795.43,2847.48,2791.34,2792.6,54.305,1.9446,43755200.0,50357700.0
399370.SZ,2013-08-27,2857.2,2845.92,2859.03,2835.02,2846.9,10.299,0.3618,43350500.0,47817200.0
399370.SZ,2013-08-28,2833.52,2839.65,2854.83,2816.81,2857.2,-23.685,-0.829,56487300.0,63117300.0
399370.SZ,2013-08-29,2820.64,2841.32,2845.74,2810.59,2833.52,-12.88,-0.4546,46519400.0,50095900.0
399370.SZ,2013-08-30,2796.26,2816.81,2831.59,2785.01,2820.64,-24.379,-0.8643,55978500.0,57195900.0
399370.SZ,2013-09-02,2810.98,2803.14,2818.14,2777.61,2796.26,14.721,0.5265,51000900.0,56647000.0
399370.SZ,2013-09-03,2858.75,2817.95,2859.12,2816.01,2810.98,47.773,1.6995,52459600.0,55123200.0
399370.SZ,2013-09-04,2857.36,2858.63,2870.79,2850.69,2858.75,-1.388,-0.0486,52078100.0,55614200.0
399370.SZ,2013-09-05,2857.81,2857.56,2866.6,2847.58,2857.36,0.452,0.0158,46302500.0,52642200.0
399370.SZ,2013-09-06,2873.54,2851.27,2877.21,2849.58,2857.81,15.724,0.5502,45943400.0,50807600.0
399370.SZ,2013-09-09,2952.54,2886.14,2956.11,2884.24,2873.54,78.998,2.7492,76369500.0,78345000.0
399370.SZ,2013-09-10,2969.25,2960.11,2969.4,2939.54,2952.54,16.712,0.566,75761500.0,77454900.0
399370.SZ,2013-09-11,2958.67,2969.0,2981.66,2944.44,2969.25,-10.576,-0.3562,82512600.0,85677100.0
399370.SZ,2013-09-12,2973.0,2951.29,2992.78,2945.39,2958.67,14.322,0.4841,62860600.0,66097800.0
399370.SZ,2013-09-13,2972.26,2969.31,2982.15,2956.64,2973.0,-0.736,-0.0248,58974300.0,62631800.0
399370.SZ,2013-09-16,2968.04,2980.54,2991.01,2949.56,2972.26,-4.218,-0.1419,53320200.0,60744100.0
399370.SZ,2013-09-17,2916.44,2975.92,2979.23,2915.13,2968.04,-51.604,-1.7387,52892100.0,59719800.0
399370.SZ,2013-09-18,2926.63,2914.59,2930.91,2898.38,2916.44,10.193,0.3495,38793400.0,47767100.0
399370.SZ,2013-09-23,2975.43,2937.34,2975.43,2935.28,2926.63,48.798,1.6674,44922800.0,54876300.0
399370.SZ,2013-09-24,2947.32,2975.72,2975.72,2917.47,2975.43,-28.105,-0.9446,53863600.0,65391500.0
399370.SZ,2013-09-25,2931.44,2944.25,2955.07,2924.41,2947.32,-15.883,-0.5389,51658600.0,61365000.0
399370.SZ,2013-09-26,2883.64,2922.62,2922.62,2879.77,2931.44,-47.804,-1.6307,47662400.0,55463400.0
399370.SZ,2013-09-27,2894.52,2880.58,2903.41,2880.58,2883.64,10.882,0.3774,34027900.0,43438100.0
399370.SZ,2013-09-30,2922.34,2909.66,2922.34,2904.83,2894.52,27.822,0.9612,32089700.0,42131400.0
399370.SZ,2013-10-08,2957.44,2921.18,2963.17,2904.03,2922.34,35.096,1.201,45602000.0,59235300.0
399370.SZ,2013-10-09,2981.65,2948.83,2981.65,2938.89,2957.44,24.21,0.8186,45493000.0,56410300.0
399370.SZ,2013-10-10,2953.08,2985.47,2985.88,2947.48,2981.65,-28.561,-0.9579,51372500.0,64738700.0
399370.SZ,2013-10-11,2989.22,2964.38,2991.49,2957.37,2953.08,36.132,1.2235,53019200.0,64131700.0
399370.SZ,2013-10-14,2991.62,2991.57,2998.82,2979.25,2989.22,2.404,0.0804,58123800.0,71774200.0
399370.SZ,2013-10-15,2988.19,2994.29,3001.05,2966.85,2991.62,-3.431,-0.1147,55443400.0,68122100.0
399370.SZ,2013-10-16,2924.54,2980.35,2980.35,2911.79,2988.19,-63.653,-2.1302,56324500.0,67368200.0
399370.SZ,2013-10-17,2915.86,2937.84,2947.92,2908.75,2924.54,-8.676,-0.2967,46312300.0,56104400.0
399370.SZ,2013-10-18,2929.25,2920.35,2939.42,2912.7,2915.86,13.389,0.4592,36525400.0,44512000.0
399370.SZ,2013-10-21,2990.56,2934.86,2990.66,2927.9,2929.25,61.314,2.0932,50401300.0,61581200.0
399370.SZ,2013-10-22,2951.09,2988.17,2988.17,2945.23,2990.56,-39.471,-1.3199,55114200.0,68721100.0
399370.SZ,2013-10-23,2918.36,2954.98,2977.78,2907.64,2951.09,-32.737,-1.1093,55425500.0,63215100.0
399370.SZ,2013-10-24,2900.76,2910.81,2925.91,2894.86,2918.36,-17.592,-0.6028,38822600.0,46211200.0
399370.SZ,2013-10-25,2858.81,2900.64,2917.4,2839.12,2900.76,-41.952,-1.4462,44367700.0,53943400.0
399370.SZ,2013-10-28,2843.87,2858.12,2859.7,2825.81,2858.81,-14.946,-0.5228,39482000.0,45669800.0
399370.SZ,2013-10-29,2833.65,2842.4,2883.01,2778.01,2843.87,-10.217,-0.3593,59124300.0,64169900.0
399370.SZ,2013-10-30,2872.43,2829.89,2872.62,2823.5,2833.65,38.785,1.3687,46170400.0,50044100.0
399370.SZ,2013-10-31,2829.8,2861.17,2862.04,2826.58,2872.43,-42.629,-1.4841,46267600.0,49154900.0
399370.SZ,2013-11-01,2834.63,2824.86,2847.77,2809.72,2829.8,4.829,0.1706,35157400.0,40079400.0
399370.SZ,2013-11-04,2836.71,2847.64,2858.96,2832.53,2834.63,2.071,0.0731,30332000.0,36517300.0
399370.SZ,2013-11-05,2849.7,2823.03,2849.84,2795.45,2836.71,12.998,0.4582,36389000.0,42354300.0
399370.SZ,2013-11-06,2813.19,2836.35,2851.53,2813.19,2849.7,-36.513,-1.2813,39256400.0,45719800.0
399370.SZ,2013-11-07,2790.9,2807.21,2812.33,2778.39,2813.19,-22.293,-0.7924,31348300.0,36387400.0
399370.SZ,2013-11-08,2757.36,2776.02,2792.39,2755.9,2790.9,-33.538,-1.2017,29646100.0,34655000.0
399370.SZ,2013-11-11,2773.02,2755.11,2782.21,2740.15,2757.36,15.658,0.5679,26570800.0,32029600.0
399370.SZ,2013-11-12,2805.07,2775.07,2806.15,2771.97,2773.02,32.05,1.1558,32667200.0,38608400.0
399370.SZ,2013-11-13,2749.48,2789.56,2789.56,2749.24,2805.07,-55.586,-1.9816,35564800.0,39201200.0
399370.SZ,2013-11-14,2770.42,2749.64,2771.38,2733.91,2749.48,20.934,0.7614,35297700.0,39609300.0
399370.SZ,2013-11-15,2814.23,2771.43,2843.74,2771.34,2770.42,43.814,1.5815,45057800.0,52203500.0
399370.SZ,2013-11-18,2891.68,2832.08,2891.82,2825.73,2814.23,77.45,2.7521,57929200.0,63911300.0
399370.SZ,2013-11-19,2875.87,2890.41,2892.39,2865.12,2891.68,-15.809,-0.5467,48124400.0,55344400.0
399370.SZ,2013-11-20,2887.33,2891.41,2895.98,2866.54,2875.87,11.457,0.3984,44153200.0,46211200.0
399370.SZ,2013-11-21,2868.09,2874.54,2875.09,2841.52,2887.33,-19.233,-0.6661,52414200.0,55047300.0
399370.SZ,2013-11-22,2854.58,2873.1,2877.78,2850.0,2868.09,-13.513,-0.4711,40271200.0,44275400.0
399370.SZ,2013-11-25,2844.4,2841.93,2872.84,2834.1,2854.58,-10.177,-0.3565,37098000.0,42042700.0
399370.SZ,2013-11-26,2844.5,2843.17,2856.33,2833.65,2844.4,0.099,0.0035,33571600.0,37907000.0
399370.SZ,2013-11-27,2871.36,2842.03,2880.77,2839.0,2844.5,26.855,0.9441,39293800.0,47897800.0
399370.SZ,2013-11-28,2910.86,2877.12,2930.23,2875.49,2871.36,39.501,1.3757,52086700.0,60272700.0
399370.SZ,2013-11-29,2914.84,2914.7,2921.89,2905.5,2910.86,3.985,0.1369,38319800.0,48293700.0
399370.SZ,2013-12-02,2842.88,2873.25,2911.27,2825.89,2914.84,-71.963,-2.4688,60195700.0,68429000.0
399370.SZ,2013-12-03,2877.38,2831.53,2882.24,2827.48,2842.88,34.5,1.2136,39869800.0,47553100.0
399370.SZ,2013-12-04,2916.87,2873.84,2934.49,2870.39,2877.38,39.485,1.3723,60342200.0,64618400.0
399370.SZ,2013-12-05,2898.71,2918.41,2924.99,2893.74,2916.87,-18.161,-0.6226,43206500.0,48751600.0
399370.SZ,2013-12-06,2893.01,2895.13,2903.38,2882.03,2898.71,-5.693,-0.1964,35822800.0,43112400.0
399370.SZ,2013-12-09,2905.26,2902.15,2911.23,2892.66,2893.01,12.245,0.4233,35734200.0,45003700.0
399370.SZ,2013-12-10,2911.34,2914.95,2922.47,2898.7,2905.26,6.088,0.2096,41953000.0,47635400.0
399370.SZ,2013-12-11,2880.38,2901.04,2901.5,2865.04,2911.34,-30.963,-1.0635,44108700.0,50102000.0
399370.SZ,2013-12-12,2884.4,2873.98,2899.65,2873.98,2880.38,4.02,0.1396,34687500.0,41929500.0
399370.SZ,2013-12-13,2880.38,2861.19,2891.14,2857.46,2884.4,-4.025,-0.1395,33147400.0,39696400.0
399370.SZ,2013-12-16,2842.53,2882.06,2886.61,2839.75,2880.38,-37.845,-1.3139,38787500.0,46286600.0
399370.SZ,2013-12-17,2819.89,2842.93,2846.41,2817.1,2842.53,-22.642,-0.7965,29666100.0,36031800.0
399370.SZ,2013-12-18,2820.48,2820.06,2832.48,2809.88,2819.89,0.589,0.0209,25558700.0,31319600.0
399370.SZ,2013-12-19,2786.31,2827.79,2834.98,2785.93,2820.48,-34.172,-1.2116,30001900.0,35501300.0
399370.SZ,2013-12-20,2732.6,2789.43,2793.48,2728.04,2786.31,-53.711,-1.9277,34832200.0,40445000.0
399370.SZ,2013-12-23,2730.7,2735.41,2743.77,2702.45,2732.6,-1.899,-0.0695,26280000.0,31266200.0
399370.SZ,2013-12-24,2740.95,2737.19,2767.6,2717.75,2730.7,10.257,0.3756,28205200.0,32961200.0
399370.SZ,2013-12-25,2764.46,2743.95,2764.46,2733.49,2740.95,23.503,0.8575,26288000.0,30975200.0
399370.SZ,2013-12-26,2715.47,2761.07,2762.57,2715.29,2764.46,-48.989,-1.7721,31866500.0,37089000.0
399370.SZ,2013-12-27,2760.8,2716.32,2772.4,2714.53,2715.47,45.334,1.6695,30527400.0,35575900.0
399370.SZ,2013-12-30,2761.95,2770.44,2775.85,2753.57,2760.8,1.152,0.0417,29499800.0,35097200.0
399370.SZ,2013-12-31,2797.42,2750.0,2800.06,2746.16,2761.95,35.463,1.284,34781200.0,41853000.0
399370.SZ,2014-01-02,2799.44,2788.0,2802.55,2778.85,2797.42,2.026,0.0724,29511600.0,41927900.0
399370.SZ,2014-01-03,2771.47,2789.65,2796.47,2761.6,2799.44,-27.978,-0.9994,32792300.0,44602800.0
399370.SZ,2014-01-06,2706.8,2767.56,2767.56,2703.9,2771.47,-64.665,-2.3332,34731300.0,42538000.0
399370.SZ,2014-01-07,2717.46,2690.82,2722.01,2688.73,2706.8,10.663,0.3939,24827900.0,33418700.0
399370.SZ,2014-01-08,2732.36,2721.53,2752.9,2714.03,2717.46,14.902,0.5484,30370800.0,43287900.0
399370.SZ,2014-01-09,2705.81,2727.44,2756.93,2704.27,2732.36,-26.559,-0.972,31569900.0,44711700.0
399370.SZ,2014-01-10,2682.14,2698.81,2708.99,2676.12,2705.81,-23.666,-0.8746,27826300.0,34560400.0
399370.SZ,2014-01-13,2674.17,2683.66,2700.51,2660.77,2682.14,-7.973,-0.2973,25588500.0,33579800.0
399370.SZ,2014-01-14,2707.51,2673.64,2707.68,2665.33,2674.17,33.339,1.2467,27205500.0,34627600.0
399370.SZ,2014-01-15,2712.99,2706.12,2717.42,2696.59,2707.51,5.487,0.2027,27415200.0,35913600.0
399370.SZ,2014-01-16,2706.08,2713.8,2724.21,2699.54,2712.99,-6.914,-0.2548,26887400.0,35280900.0
399370.SZ,2014-01-17,2664.95,2698.38,2701.67,2662.63,2706.08,-41.132,-1.52,26242400.0,34575100.0
399370.SZ,2014-01-20,2643.59,2660.86,2671.38,2630.31,2664.95,-21.356,-0.8014,22882000.0,32416000.0
399370.SZ,2014-01-21,2673.73,2645.36,2681.07,2645.36,2643.59,30.134,1.1399,23815200.0,32651600.0
399370.SZ,2014-01-22,2740.71,2676.89,2741.11,2674.94,2673.73,66.983,2.5052,39285900.0,49165900.0
399370.SZ,2014-01-23,2741.55,2741.72,2752.7,2735.47,2740.71,0.842,0.0307,34352100.0,48003900.0
399370.SZ,2014-01-24,2765.68,2735.49,2775.14,2731.86,2741.55,24.125,0.88,39249400.0,50970500.0
399370.SZ,2014-01-27,2739.75,2751.41,2762.01,2732.16,2765.68,-25.922,-0.9373,35017900.0,48699100.0
399370.SZ,2014-01-28,2740.38,2743.58,2758.11,2718.2,2739.75,0.628,0.0229,27786100.0,39191000.0
399370.SZ,2014-01-29,2751.8,2746.53,2757.51,2740.26,2740.38,11.416,0.4166,28102900.0,39197500.0
399370.SZ,2014-01-30,2723.41,2746.99,2746.99,2718.98,2751.8,-28.383,-1.0314,24682000.0,34696500.0
399370.SZ,2014-02-07,2746.97,2706.18,2747.26,2696.74,2723.41,23.552,0.8648,26045900.0,36203900.0
399370.SZ,2014-02-10,2816.64,2758.29,2819.09,2758.29,2746.97,69.677,2.5365,46302400.0,61952000.0
399370.SZ,2014-02-11,2832.91,2818.87,2846.15,2807.65,2816.64,16.262,0.5774,57365500.0,71928500.0
399370.SZ,2014-02-12,2848.27,2831.84,2848.44,2821.94,2832.91,15.369,0.5425,47709300.0,59783300.0
399370.SZ,2014-02-13,2827.9,2845.76,2868.89,2827.65,2848.27,-20.374,-0.7153,58884300.0,69804500.0
399370.SZ,2014-02-14,2856.17,2825.96,2856.17,2821.79,2827.9,28.269,0.9996,41403800.0,53066600.0
399370.SZ,2014-02-17,2879.95,2868.78,2880.1,2853.45,2856.17,23.781,0.8326,51144400.0,67824600.0
399370.SZ,2014-02-18,2851.45,2877.99,2878.42,2841.8,2879.95,-28.505,-0.9898,52164200.0,65434700.0
399370.SZ,2014-02-19,2878.94,2850.08,2888.95,2841.01,2851.45,27.497,0.9643,57851000.0,65212300.0
399370.SZ,2014-02-20,2840.51,2882.49,2896.31,2838.01,2878.94,-38.43,-1.3349,56090500.0,63976700.0
399370.SZ,2014-02-21,2818.26,2837.91,2843.66,2799.77,2840.51,-22.247,-0.7832,40889600.0,49909600.0
399370.SZ,2014-02-24,2762.6,2799.29,2799.29,2734.66,2818.26,-55.664,-1.9751,48970600.0,58788800.0
399370.SZ,2014-02-25,2678.69,2764.26,2777.99,2666.33,2762.6,-83.909,-3.0373,53851100.0,70146700.0
399370.SZ,2014-02-26,2689.31,2663.91,2689.31,2645.93,2678.69,10.614,0.3962,41007700.0,52024400.0
399370.SZ,2014-02-27,2660.05,2694.96,2714.36,2656.01,2689.31,-29.251,-1.0877,49385500.0,60372800.0
399370.SZ,2014-02-28,2690.4,2652.19,2691.5,2633.39,2660.05,30.345,1.1408,40526300.0,49277700.0
399370.SZ,2014-03-03,2717.9,2687.59,2717.9,2682.38,2690.4,27.495,1.022,41774300.0,49567100.0
399370.SZ,2014-03-04,2710.31,2708.91,2715.83,2680.96,2717.9,-7.58,-0.2789,43387800.0,51020400.0
399370.SZ,2014-03-05,2691.0,2715.25,2717.81,2685.83,2710.31,-19.312,-0.7125,39261400.0,46728900.0
399370.SZ,2014-03-06,2697.6,2686.63,2705.39,2655.25,2691.0,6.6,0.2453,43400000.0,49676400.0
399370.SZ,2014-03-07,2694.92,2695.81,2714.27,2684.74,2697.6,-2.68,-0.0993,40746900.0,49060900.0
399370.SZ,2014-03-10,2605.54,2672.79,2672.79,2603.11,2694.92,-89.387,-3.3169,44409300.0,50522800.0
399370.SZ,2014-03-11,2621.21,2599.53,2636.42,2597.92,2605.54,15.675,0.6016,36039200.0,42074000.0
399370.SZ,2014-03-12,2634.8,2615.25,2655.24,2602.11,2621.21,13.591,0.5185,39958300.0,44410300.0
399370.SZ,2014-03-13,2672.32,2642.47,2681.48,2641.7,2634.8,37.516,1.4239,38445100.0,44067300.0
399370.SZ,2014-03-14,2661.01,2661.68,2680.3,2641.58,2672.32,-11.304,-0.423,33412300.0,37261500.0
399370.SZ,2014-03-17,2696.0,2673.97,2696.11,2661.3,2661.01,34.981,1.3146,31149900.0,37719800.0
399370.SZ,2014-03-18,2690.53,2700.27,2710.01,2686.6,2696.0,-5.461,-0.2026,38563300.0,48692400.0
399370.SZ,2014-03-19,2663.65,2680.73,2680.73,2640.68,2690.53,-26.885,-0.9992,36745000.0,44609200.0
399370.SZ,2014-03-20,2609.52,2656.12,2679.14,2609.16,2663.65,-54.128,-2.0321,40826300.0,47214500.0
399370.SZ,2014-03-21,2686.59,2598.49,2691.8,2589.81,2609.52,77.067,2.9533,56886900.0,58125900.0
399370.SZ,2014-03-24,2696.3,2688.28,2706.54,2672.35,2686.59,9.712,0.3615,57770900.0,56319100.0
399370.SZ,2014-03-25,2689.05,2688.21,2707.19,2675.18,2696.3,-7.249,-0.2688,45874900.0,46809000.0
399370.SZ,2014-03-26,2697.02,2693.47,2704.46,2687.75,2689.05,7.971,0.2964,35623300.0,40138900.0
399370.SZ,2014-03-27,2672.21,2693.56,2710.32,2664.3,2697.02,-24.81,-0.9199,44604500.0,48321600.0
399370.SZ,2014-03-28,2654.25,2670.08,2683.93,2645.43,2672.21,-17.96,-0.6721,47567200.0,50140400.0
399370.SZ,2014-03-31,2647.57,2657.93,2669.77,2632.2,2654.25,-6.685,-0.2519,35811700.0,37783900.0
399370.SZ,2014-04-01,2676.04,2642.23,2677.66,2638.66,2647.57,28.477,1.0756,32643300.0,36220400.0
399370.SZ,2014-04-02,2691.47,2677.52,2694.32,2673.84,2676.04,15.43,0.5766,43002300.0,45191300.0
399370.SZ,2014-04-03,2671.63,2697.25,2702.06,2666.14,2691.47,-19.8395,-0.7371,38838600.0,40331400.0
399370.SZ,2014-04-04,2699.23,2663.72,2699.42,2660.3,2671.63,27.592,1.0328,30668700.0,35778300.0
399370.SZ,2014-04-08,2760.76,2691.47,2768.48,2689.42,2699.23,61.532,2.2796,54613800.0,58639100.0
399370.SZ,2014-04-09,2769.14,2762.24,2778.28,2756.9,2760.76,8.382,0.3036,39946100.0,45976800.0
399370.SZ,2014-04-10,2789.34,2774.3,2805.56,2761.62,2769.14,20.204,0.7296,53715700.0,59051400.0
399370.SZ,2014-04-11,2787.45,2781.09,2797.9,2773.69,2789.34,-1.892,-0.0678,44083100.0,51707300.0
399370.SZ,2014-04-14,2793.29,2783.96,2795.05,2777.59,2787.45,5.839,0.2095,34693200.0,40784900.0
399370.SZ,2014-04-15,2749.28,2786.67,2786.67,2745.83,2793.29,-44.011,-1.5756,39118700.0,43457000.0
399370.SZ,2014-04-16,2751.88,2741.03,2762.07,2736.6,2749.28,2.599,0.0945,32224600.0,35029600.0
399370.SZ,2014-04-17,2749.12,2758.49,2764.81,2745.78,2751.88,-2.754,-0.1001,30905200.0,35308900.0
399370.SZ,2014-04-18,2750.3,2739.71,2753.44,2726.47,2749.12,1.177,0.0428,29393400.0,32672100.0
399370.SZ,2014-04-21,2707.92,2731.58,2757.57,2707.92,2750.3,-42.378,-1.5408,32139300.0,37612400.0
399370.SZ,2014-04-22,2711.0,2704.31,2720.17,2669.48,2707.92,3.071,0.1134,34559000.0,40745700.0
399370.SZ,2014-04-23,2710.15,2704.77,2726.25,2700.9,2711.0,-0.848,-0.0313,28559600.0,34746200.0
399370.SZ,2014-04-24,2702.47,2709.48,2726.27,2697.79,2710.15,-7.676,-0.2832,29039500.0,32595700.0
399370.SZ,2014-04-25,2666.28,2705.79,2712.25,2665.87,2702.47,-36.187,-1.339,35674800.0,39883200.0
399370.SZ,2014-04-28,2617.97,2660.23,2661.67,2615.65,2666.28,-48.316,-1.8121,34455600.0,36308100.0
399370.SZ,2014-04-29,2647.0,2615.77,2647.06,2615.77,2617.97,29.028,1.1088,28593200.0,31055700.0
399370.SZ,2014-04-30,2652.7,2649.25,2661.13,2645.67,2647.0,5.699,0.2153,26385500.0,30074900.0
399370.SZ,2014-05-05,2653.4,2645.95,2658.89,2620.96,2652.7,0.706,0.0266,28129100.0,30829700.0
399370.SZ,2014-05-06,2658.84,2649.19,2678.61,2647.95,2653.4,5.437,0.2049,26908600.0,32163900.0
399370.SZ,2014-05-07,2623.36,2652.23,2652.23,2623.14,2658.84,-35.478,-1.3343,23885200.0,26964300.0
399370.SZ,2014-05-08,2622.93,2617.94,2657.8,2614.92,2623.36,-0.431,-0.0164,25732300.0,28152400.0
399370.SZ,2014-05-09,2609.62,2624.83,2626.1,2594.36,2622.93,-13.313,-0.5076,25464200.0,28646300.0
399370.SZ,2014-05-12,2657.24,2624.18,2661.13,2611.73,2609.62,47.624,1.8249,38296800.0,40926600.0
399370.SZ,2014-05-13,2655.04,2656.83,2665.82,2647.03,2657.24,-2.197,-0.0827,33959400.0,35523800.0
399370.SZ,2014-05-14,2650.89,2654.59,2662.55,2646.7,2655.04,-4.152,-0.1564,26098800.0,27806700.0
399370.SZ,2014-05-15,2615.26,2646.1,2649.59,2613.51,2650.89,-35.631,-1.3441,25814900.0,28724000.0
399370.SZ,2014-05-16,2613.43,2613.21,2619.7,2593.48,2615.26,-1.833,-0.0701,23388600.0,26238200.0
399370.SZ,2014-05-19,2577.37,2604.92,2604.92,2563.69,2613.43,-36.057,-1.3797,23347000.0,26638300.0
399370.SZ,2014-05-20,2578.86,2589.44,2602.83,2572.56,2577.37,1.488,0.0577,21394800.0,25038900.0
399370.SZ,2014-05-21,2603.89,2568.77,2604.35,2554.29,2578.86,25.036,0.9708,21264100.0,23425400.0
399370.SZ,2014-05-22,2601.24,2601.81,2637.27,2599.29,2603.89,-2.654,-0.1019,26659700.0,30274900.0
399370.SZ,2014-05-23,2626.74,2601.47,2627.23,2598.4,2601.24,25.497,0.9802,23810200.0,26349300.0
399370.SZ,2014-05-26,2646.26,2642.77,2648.58,2634.89,2626.74,19.525,0.7433,27074700.0,33704000.0
399370.SZ,2014-05-27,2636.19,2644.38,2650.93,2634.34,2646.26,-10.076,-0.3808,25085800.0,28282700.0
399370.SZ,2014-05-28,2662.07,2635.98,2664.44,2630.4,2636.19,25.884,0.9819,28888700.0,33930000.0
399370.SZ,2014-05-29,2641.38,2664.39,2674.94,2641.3,2662.07,-20.695,-0.7774,29551500.0,35215100.0
399370.SZ,2014-05-30,2639.9,2640.47,2651.76,2626.64,2641.38,-1.477,-0.0559,26496100.0,31164400.0
399370.SZ,2014-06-03,2635.99,2641.64,2654.51,2635.69,2639.9,-3.91,-0.1481,27062100.0,32576400.0
399370.SZ,2014-06-04,2613.06,2634.87,2634.87,2594.96,2635.99,-22.931,-0.8699,27453900.0,31309400.0
399370.SZ,2014-06-05,2646.45,2611.65,2646.62,2608.95,2613.06,33.396,1.278,25236400.0,31327900.0
399370.SZ,2014-06-06,2628.47,2644.65,2647.03,2614.35,2646.45,-17.983,-0.6795,24703400.0,30589500.0
399370.SZ,2014-06-09,2619.16,2620.98,2646.76,2617.58,2628.47,-9.315,-0.3544,25603700.0,29039900.0
399370.SZ,2014-06-10,2652.83,2624.45,2653.02,2615.12,2619.16,33.675,1.2857,31230100.0,35916000.0
399370.SZ,2014-06-11,2658.83,2648.39,2661.28,2645.9,2652.83,6.0,0.2262,27849700.0,33428300.0
399370.SZ,2014-06-12,2646.22,2653.08,2657.5,2641.91,2658.83,-12.612,-0.4743,29408600.0,33425700.0
399370.SZ,2014-06-13,2678.14,2644.47,2685.54,2644.13,2646.22,31.923,1.2064,36906800.0,42367300.0
399370.SZ,2014-06-16,2696.75,2678.55,2701.69,2675.1,2678.14,18.61,0.6949,37526700.0,43305300.0
399370.SZ,2014-06-17,2666.81,2689.34,2689.34,2665.14,2696.75,-29.941,-1.1103,30917200.0,36522700.0
399370.SZ,2014-06-18,2654.28,2665.83,2670.7,2652.05,2666.81,-12.533,-0.47,31599600.0,34674100.0
399370.SZ,2014-06-19,2607.49,2654.78,2660.78,2597.05,2654.28,-46.786,-1.7627,35028600.0,37984600.0
399370.SZ,2014-06-20,2624.05,2606.12,2624.42,2602.73,2607.49,16.557,0.635,24429600.0,27279500.0
399370.SZ,2014-06-23,2629.02,2626.78,2640.82,2625.61,2624.05,4.973,0.1895,27200700.0,31344200.0
399370.SZ,2014-06-24,2641.29,2621.41,2641.75,2620.87,2629.02,12.266,0.4666,26878200.0,32881700.0
399370.SZ,2014-06-25,2625.38,2636.54,2636.54,2617.13,2641.29,-15.909,-0.6023,25347200.0,28784700.0
399370.SZ,2014-06-26,2650.24,2627.86,2652.31,2627.86,2625.38,24.863,0.947,31139300.0,35874100.0
399370.SZ,2014-06-27,2653.99,2648.67,2664.01,2642.2,2650.24,3.751,0.1415,36136800.0,39008500.0
399370.SZ,2014-06-30,2673.5,2654.94,2674.19,2654.94,2653.99,19.505,0.7349,35590700.0,40969300.0
399370.SZ,2014-07-01,2674.88,2676.97,2678.98,2665.9,2673.5,1.383,0.0517,32937200.0,41812900.0
399370.SZ,2014-07-02,2680.64,2675.71,2681.67,2660.76,2674.88,5.762,0.2154,33877800.0,41612100.0
399370.SZ,2014-07-03,2699.26,2681.16,2703.81,2676.06,2680.64,18.617,0.6945,40549200.0,48597400.0
399370.SZ,2014-07-04,2697.46,2700.95,2704.07,2692.04,2699.26,-1.799,-0.0666,36561000.0,44511500.0
399370.SZ,2014-07-07,2689.42,2697.64,2704.44,2681.23,2697.46,-8.038,-0.298,35885400.0,44597400.0
399370.SZ,2014-07-08,2699.8,2686.0,2700.1,2672.2,2689.42,10.379,0.3859,34720700.0,41570400.0
399370.SZ,2014-07-09,2656.05,2697.2,2697.7,2655.63,2699.8,-43.749,-1.6205,38900500.0,47949900.0
399370.SZ,2014-07-10,2646.81,2654.52,2663.01,2643.17,2656.05,-9.241,-0.3479,34686400.0,44042200.0
399370.SZ,2014-07-11,2651.57,2639.3,2661.64,2637.52,2646.81,4.762,0.1799,38071300.0,43318900.0
399370.SZ,2014-07-14,2687.98,2654.23,2687.98,2650.09,2651.57,36.408,1.3731,42489900.0,50930700.0
399370.SZ,2014-07-15,2687.38,2686.56,2693.99,2674.73,2687.98,-0.603,-0.0224,46465300.0,53915900.0
399370.SZ,2014-07-16,2673.71,2684.5,2695.31,2667.44,2687.38,-13.671,-0.5087,46094900.0,48340300.0
399370.SZ,2014-07-17,2654.28,2668.44,2668.44,2640.84,2673.71,-19.431,-0.7267,34844000.0,37373100.0
399370.SZ,2014-07-18,2667.66,2642.57,2682.55,2640.44,2654.28,13.379,0.5041,40200700.0,41714100.0
399370.SZ,2014-07-21,2672.77,2668.25,2678.91,2662.53,2667.66,5.119,0.1919,34179800.0,39722100.0
399370.SZ,2014-07-22,2709.55,2667.32,2713.83,2666.6,2672.77,36.774,1.3759,46639000.0,51294700.0
399370.SZ,2014-07-23,2699.58,2707.46,2722.05,2690.44,2709.55,-9.972,-0.368,47401700.0,51728800.0
399370.SZ,2014-07-24,2732.55,2702.97,2736.53,2702.3,2699.58,32.97,1.2213,64567700.0,66951200.0
399370.SZ,2014-07-25,2756.39,2737.54,2756.58,2734.84,2732.55,23.847,0.8727,47161600.0,53005900.0
399370.SZ,2014-07-28,2825.75,2768.37,2827.92,2768.37,2756.39,69.358,2.5163,84366400.0,84083700.0
399370.SZ,2014-07-29,2846.04,2829.94,2858.0,2818.87,2825.75,20.289,0.718,72652100.0,78949200.0
399370.SZ,2014-07-30,2837.7,2840.44,2854.31,2823.33,2846.04,-8.34,-0.293,66123400.0,71756200.0
399370.SZ,2014-07-31,2868.32,2838.62,2868.54,2832.72,2837.7,30.62,1.079,58442500.0,62147100.0
399370.SZ,2014-08-01,2847.99,2857.98,2893.16,2847.59,2868.32,-20.329,-0.7087,63478300.0,69196900.0
399370.SZ,2014-08-04,2895.19,2855.45,2895.19,2850.04,2847.99,47.2,1.6573,59687000.0,64792900.0
399370.SZ,2014-08-05,2896.13,2896.74,2900.09,2874.98,2895.19,0.936,0.0323,64101100.0,70501500.0
399370.SZ,2014-08-06,2885.72,2883.57,2895.05,2856.88,2896.13,-10.41,-0.3594,62810200.0,66557700.0
399370.SZ,2014-08-07,2848.28,2884.45,2893.34,2847.03,2885.72,-37.438,-1.2974,57600000.0,62389500.0
399370.SZ,2014-08-08,2860.78,2850.23,2867.99,2844.2,2848.28,12.498,0.4388,47352500.0,52587300.0
399370.SZ,2014-08-11,2903.54,2868.78,2903.77,2868.78,2860.78,42.767,1.4949,53607000.0,60389500.0
399370.SZ,2014-08-12,2900.29,2900.27,2901.01,2884.17,2903.54,-3.258,-0.1122,56190000.0,61363300.0
399370.SZ,2014-08-13,2894.83,2900.99,2913.3,2871.44,2900.29,-5.453,-0.188,58897800.0,66222200.0
399370.SZ,2014-08-14,2873.07,2893.76,2901.72,2870.26,2894.83,-21.762,-0.7518,57688200.0,63589300.0
399370.SZ,2014-08-15,2897.15,2873.69,2903.25,2867.7,2873.07,24.081,0.8382,52854600.0,58877600.0
399370.SZ,2014-08-18,2923.63,2901.77,2923.88,2901.77,2897.15,26.479,0.914,58114700.0,69233100.0
399370.SZ,2014-08-19,2926.01,2930.06,2931.78,2907.5,2923.63,2.384,0.0815,64681700.0,77465900.0
399370.SZ,2014-08-20,2912.73,2922.71,2923.35,2905.51,2926.01,-13.283,-0.454,55325400.0,63009000.0
399370.SZ,2014-08-21,2905.92,2911.79,2914.5,2875.87,2912.73,-6.816,-0.234,54220000.0,64442400.0
399370.SZ,2014-08-22,2918.76,2902.61,2923.37,2899.98,2905.92,12.843,0.442,50225700.0,61431400.0
399370.SZ,2014-08-25,2890.61,2919.9,2920.32,2883.31,2918.76,-28.144,-0.9642,50582600.0,60223700.0
399370.SZ,2014-08-26,2859.13,2885.43,2897.8,2850.36,2890.61,-31.481,-1.0891,52243200.0,58708600.0
399370.SZ,2014-08-27,2862.94,2858.08,2871.96,2856.51,2859.13,3.806,0.1331,39181500.0,45814800.0
399370.SZ,2014-08-28,2836.05,2863.56,2867.98,2832.8,2862.94,-26.885,-0.9391,37769400.0,44323500.0
399370.SZ,2014-08-29,2869.78,2840.14,2870.14,2838.38,2836.05,33.73,1.1893,31043500.0,37289300.0
399370.SZ,2014-09-01,2901.08,2873.41,2901.08,2871.46,2869.78,31.294,1.0905,44062900.0,54384300.0
399370.SZ,2014-09-02,2935.16,2908.56,2935.34,2898.29,2901.08,34.077,1.1746,62541100.0,74442000.0
399370.SZ,2014-09-03,2960.44,2938.89,2964.52,2938.89,2935.16,25.279,0.8612,69685800.0,83866300.0
399370.SZ,2014-09-04,2980.39,2964.62,2981.21,2953.14,2960.44,19.953,0.674,66095600.0,79315500.0
399370.SZ,2014-09-05,2999.05,2986.55,3000.07,2975.43,2980.39,18.663,0.6262,65796000.0,80068600.0
399370.SZ,2014-09-09,2996.4,3002.59,3004.64,2983.94,2999.05,-2.656,-0.0886,60957500.0,73868800.0
399370.SZ,2014-09-10,2988.52,2986.48,2992.1,2974.44,2996.4,-7.873,-0.2627,58539700.0,70986200.0
399370.SZ,2014-09-11,2979.65,2986.59,3018.94,2968.72,2988.52,-8.874,-0.2969,68824500.0,88273200.0
399370.SZ,2014-09-12,2994.87,2974.94,2994.87,2968.0,2979.65,15.225,0.511,54682800.0,65165600.0
399370.SZ,2014-09-15,2993.94,2987.78,2995.39,2971.18,2994.87,-0.937,-0.0313,63023000.0,77668300.0
399370.SZ,2014-09-16,2925.95,2997.28,2999.7,2924.01,2993.94,-67.982,-2.2707,85995500.0,95784300.0
399370.SZ,2014-09-17,2939.51,2932.74,2940.11,2909.89,2925.95,13.554,0.4632,57403400.0,64354800.0
399370.SZ,2014-09-18,2956.76,2934.52,2959.79,2928.38,2939.51,17.254,0.587,53959100.0,60296400.0
399370.SZ,2014-09-19,2975.47,2958.34,2979.66,2949.85,2956.76,18.704,0.6326,52552800.0,59357700.0
399370.SZ,2014-09-22,2925.28,2969.92,2969.92,2920.1,2975.47,-50.185,-1.6866,55793200.0,63540600.0
399370.SZ,2014-09-23,2947.99,2925.35,2949.2,2925.35,2925.28,22.706,0.7762,46791300.0,54509000.0
399370.SZ,2014-09-24,2984.41,2939.5,2985.59,2933.39,2947.99,36.426,1.2356,63657500.0,71340100.0
399370.SZ,2014-09-25,2975.19,2994.64,3004.7,2967.02,2984.41,-9.228,-0.3092,60587600.0,71990300.0
399370.SZ,2014-09-26,2977.01,2967.99,2977.19,2956.12,2975.19,1.827,0.0614,50502600.0,60049300.0
399370.SZ,2014-09-29,2989.96,2983.4,2994.5,2978.43,2977.01,12.952,0.4351,59078700.0,70919700.0
399370.SZ,2014-09-30,2998.99,2993.95,3002.51,2984.72,2989.96,9.028,0.3019,54120300.0,65497100.0
399370.SZ,2014-10-08,3041.46,3013.73,3041.56,2997.82,2998.99,42.469,1.4161,65068200.0,82280800.0
399370.SZ,2014-10-09,3046.69,3044.52,3053.77,3018.73,3041.46,5.231,0.172,70465000.0,88244300.0
399370.SZ,2014-10-10,3029.85,3036.58,3046.31,3016.74,3046.69,-16.838,-0.5527,72238600.0,81438800.0
399370.SZ,2014-10-13,3011.75,3018.42,3018.42,2981.15,3029.85,-18.101,-0.5974,61350600.0,75506100.0
399370.SZ,2014-10-14,2996.81,3006.81,3022.19,2983.55,3011.75,-14.945,-0.4962,59697600.0,70177800.0
399370.SZ,2014-10-15,3009.54,2994.16,3009.71,2974.92,2996.81,12.732,0.4249,56171200.0,68945900.0
399370.SZ,2014-10-16,2981.12,2994.67,3023.46,2981.08,3009.54,-28.423,-0.9444,67306900.0,78703900.0
399370.SZ,2014-10-17,2970.75,2979.01,2990.32,2934.81,2981.12,-10.368,-0.3478,53700400.0,62935600.0
399370.SZ,2014-10-20,2993.65,2980.36,2994.73,2975.23,2970.75,22.899,0.7708,43342000.0,54093400.0
399370.SZ,2014-10-21,2968.2,2992.66,2996.71,2966.02,2993.65,-25.452,-0.8502,43421900.0,54384500.0
399370.SZ,2014-10-22,2946.72,2969.75,2979.93,2945.2,2968.2,-21.472,-0.7234,42080600.0,53479500.0
399370.SZ,2014-10-23,2915.16,2943.4,2953.74,2908.6,2946.72,-31.565,-1.0712,45960700.0,55250000.0
399370.SZ,2014-10-24,2916.56,2917.26,2930.48,2908.78,2915.16,1.4,0.048,34752300.0,44007900.0
399370.SZ,2014-10-27,2904.94,2907.02,2907.02,2889.06,2916.56,-11.619,-0.3984,38258600.0,47412600.0
399370.SZ,2014-10-28,2953.64,2911.59,2954.0,2911.59,2904.94,48.703,1.6766,47536100.0,60341300.0
399370.SZ,2014-10-29,2986.31,2960.65,2992.41,2950.82,2953.64,32.665,1.1059,66578900.0,80377300.0
399370.SZ,2014-10-30,2992.04,2986.46,2998.98,2971.51,2986.31,5.732,0.1919,75038700.0,81535700.0
399370.SZ,2014-10-31,3028.75,2996.99,3029.34,2985.8,2992.04,36.713,1.227,98804900.0,104103000.0
399370.SZ,2014-11-03,3036.17,3037.44,3042.32,3021.93,3028.75,7.418,0.2449,81850900.0,86522100.0
399370.SZ,2014-11-04,3018.12,3034.87,3034.87,3009.99,3036.17,-18.049,-0.5945,81206000.0,83839300.0
399370.SZ,2014-11-05,2999.54,3017.2,3018.72,2996.25,3018.12,-18.58,-0.6156,66193500.0,72326700.0
399370.SZ,2014-11-06,3009.82,3001.9,3009.95,2985.59,2999.54,10.279,0.3427,58320400.0,64632200.0
399370.SZ,2014-11-07,2996.9,3010.12,3037.72,2984.59,3009.82,-12.922,-0.4293,83330200.0,93002000.0
399370.SZ,2014-11-10,3056.32,3025.75,3056.32,3010.11,2996.9,59.425,1.9829,94157400.0,97770500.0
399370.SZ,2014-11-11,3025.31,3064.24,3074.57,3001.14,3056.32,-31.01,-1.0146,122792000.0,127632000.0
399370.SZ,2014-11-12,3056.87,3012.46,3056.87,3008.6,3025.31,31.56,1.0432,67789800.0,72756500.0
399370.SZ,2014-11-13,3036.16,3059.07,3066.26,3017.76,3056.87,-20.716,-0.6777,83533900.0,93179200.0
399370.SZ,2014-11-14,3037.88,3025.58,3038.38,3015.36,3036.16,1.717,0.0566,62448200.0,70320000.0
399370.SZ,2014-11-17,3039.16,3067.89,3071.06,3036.64,3037.88,1.288,0.0424,64729500.0,76412800.0
399370.SZ,2014-11-18,3015.32,3037.29,3043.32,3006.37,3039.16,-23.839,-0.7844,59497500.0,66348700.0
399370.SZ,2014-11-19,3015.5,3013.99,3025.86,3005.7,3015.32,0.178,0.0059,55531900.0,64045500.0
399370.SZ,2014-11-20,3007.85,3007.07,3015.4,2996.67,3015.5,-7.653,-0.2538,47863600.0,57132500.0
399370.SZ,2014-11-21,3043.13,3009.41,3044.05,3004.52,3007.85,35.282,1.173,61105900.0,69909800.0
399370.SZ,2014-11-24,3087.15,3064.16,3104.55,3048.14,3043.13,44.018,1.4465,122714000.0,131078000.0
399370.SZ,2014-11-25,3134.88,3088.26,3134.88,3084.08,3087.15,47.73,1.5461,94021100.0,109984000.0
399370.SZ,2014-11-26,3157.9,3141.34,3159.07,3134.23,3134.88,23.022,0.7344,105909000.0,120887000.0
399370.SZ,2014-11-27,3175.46,3170.03,3180.03,3146.19,3157.9,17.559,0.556,115911000.0,128313000.0
399370.SZ,2014-11-28,3242.98,3175.95,3244.38,3161.56,3175.46,67.519,2.1263,158600000.0,170895000.0
399370.SZ,2014-12-01,3237.33,3249.97,3289.3,3222.91,3242.98,-5.649,-0.1742,147134000.0,165360000.0
399370.SZ,2014-12-02,3328.13,3235.72,3344.27,3233.47,3237.33,90.797,2.8047,143443000.0,161989000.0
399370.SZ,2014-12-03,3374.78,3340.02,3410.62,3320.19,3328.13,46.652,1.4017,194105000.0,228044000.0
399370.SZ,2014-12-04,3491.41,3385.8,3491.55,3377.85,3374.78,116.629,3.4559,178475000.0,217015000.0
399370.SZ,2014-12-05,3446.25,3508.41,3532.09,3351.41,3491.41,-45.163,-1.2935,198676000.0,238316000.0
399370.SZ,2014-12-08,3510.69,3422.78,3528.48,3388.29,3446.25,64.447,1.8701,180596000.0,215700000.0
399370.SZ,2014-12-09,3349.1,3483.57,3599.03,3331.13,3510.69,-161.587,-4.6027,226102000.0,272544000.0
399370.SZ,2014-12-10,3497.64,3364.44,3501.11,3340.07,3349.1,148.531,4.4349,154217000.0,186029000.0
399370.SZ,2014-12-11,3507.26,3479.76,3561.32,3464.8,3497.64,9.627,0.2752,134930000.0,166623000.0
399370.SZ,2014-12-12,3504.17,3510.65,3531.4,3477.3,3507.26,-3.093,-0.0882,109072000.0,137187000.0
399370.SZ,2014-12-15,3519.88,3492.32,3526.82,3456.68,3504.17,15.712,0.4484,117078000.0,147296000.0
399370.SZ,2014-12-16,3553.75,3519.62,3553.86,3496.8,3519.88,33.868,0.9622,128260000.0,152054000.0
399370.SZ,2014-12-17,3596.83,3553.99,3611.66,3521.76,3553.75,43.084,1.2124,174321000.0,205000000.0
399370.SZ,2014-12-18,3591.68,3609.41,3625.01,3577.62,3596.83,-5.157,-0.1434,130999000.0,158931000.0
399370.SZ,2014-12-19,3593.51,3587.28,3600.2,3515.57,3591.68,1.837,0.0511,132811000.0,157215000.0
399370.SZ,2014-12-22,3595.91,3594.17,3639.75,3558.63,3593.51,2.399,0.0668,180925000.0,209171000.0
399370.SZ,2014-12-23,3536.72,3561.34,3636.92,3530.24,3595.91,-59.197,-1.6462,121652000.0,147054000.0
399370.SZ,2014-12-24,3495.36,3537.67,3545.2,3452.69,3536.72,-41.356,-1.1693,106566000.0,127349000.0
399370.SZ,2014-12-25,3580.4,3525.03,3580.63,3506.81,3495.36,85.038,2.4329,107426000.0,127450000.0
399370.SZ,2014-12-26,3642.58,3585.83,3646.5,3573.25,3580.4,62.181,1.7367,127800000.0,150390000.0
399370.SZ,2014-12-29,3644.11,3689.6,3714.55,3603.45,3642.58,1.528,0.0419,165081000.0,203812000.0
399370.SZ,2014-12-30,3633.32,3641.52,3670.56,3609.01,3644.11,-10.79,-0.2961,133604000.0,165364000.0
399370.SZ,2014-12-31,3711.31,3631.8,3714.58,3621.05,3633.32,77.997,2.1467,127108000.0,158654000.0
399370.SZ,2015-01-05,3813.86,3736.34,3833.61,3731.17,3711.31,102.55,2.7632,163252000.0,214837000.0
399370.SZ,2015-01-06,3831.24,3781.02,3854.52,3758.15,3813.86,17.372,0.4555,149425000.0,202733000.0
399370.SZ,2015-01-07,3805.54,3808.08,3827.64,3769.26,3831.24,-25.692,-0.6706,104825000.0,143167000.0
399370.SZ,2015-01-08,3748.65,3807.93,3812.91,3734.83,3805.54,-56.893,-1.495,101620000.0,135240000.0
399370.SZ,2015-01-09,3742.06,3736.8,3855.55,3734.13,3748.65,-6.589,-0.1758,120531000.0,162942000.0
399370.SZ,2015-01-12,3721.82,3726.79,3752.15,3672.55,3742.06,-20.242,-0.5409,92628400.0,127485000.0
399370.SZ,2015-01-13,3750.76,3715.56,3763.88,3715.56,3721.82,28.938,0.7775,73254300.0,109469000.0
399370.SZ,2015-01-14,3739.31,3758.81,3784.38,3715.14,3750.76,-11.445,-0.3051,73339000.0,106652000.0
399370.SZ,2015-01-15,3807.25,3738.89,3807.27,3728.96,3739.31,67.932,1.8167,82465900.0,112339000.0
399370.SZ,2015-01-16,3844.74,3811.68,3857.72,3806.66,3807.25,37.495,0.9848,100015000.0,141777000.0
399370.SZ,2015-01-19,3624.09,3669.75,3766.44,3588.63,3844.74,-220.652,-5.7391,129983000.0,178853000.0
399370.SZ,2015-01-20,3730.67,3639.47,3732.26,3637.03,3624.09,106.579,2.9409,111822000.0,160953000.0
399370.SZ,2015-01-21,3844.34,3745.77,3852.34,3738.07,3730.67,113.674,3.047,121897000.0,178046000.0
399370.SZ,2015-01-22,3870.15,3842.5,3881.91,3836.01,3844.34,25.806,0.6713,100884000.0,149079000.0
399370.SZ,2015-01-23,3852.52,3876.0,3895.75,3834.16,3870.15,-17.623,-0.4554,100462000.0,143591000.0
399370.SZ,2015-01-26,3900.92,3859.92,3901.43,3853.18,3852.52,48.393,1.2561,87621900.0,130198000.0
399370.SZ,2015-01-27,3869.79,3910.11,3910.96,3806.38,3900.92,-31.127,-0.7979,106406000.0,150297000.0
399370.SZ,2015-01-28,3823.55,3845.13,3874.9,3811.61,3869.79,-46.243,-1.195,82881100.0,119632000.0
399370.SZ,2015-01-29,3778.99,3780.7,3808.53,3759.12,3823.55,-44.559,-1.1654,75654700.0,104387000.0
399370.SZ,2015-01-30,3749.97,3792.45,3811.69,3742.37,3778.99,-29.023,-0.768,76399300.0,105586000.0
399370.SZ,2015-02-02,3700.73,3683.29,3742.93,3675.79,3749.97,-49.24,-1.3131,72621300.0,98647700.0
399370.SZ,2015-02-03,3773.38,3728.29,3773.59,3714.67,3700.73,72.654,1.9632,75341000.0,109633000.0
399370.SZ,2015-02-04,3738.13,3781.23,3798.37,3737.41,3773.38,-35.247,-0.9341,72235200.0,107677000.0
399370.SZ,2015-02-05,3715.16,3809.64,3812.02,3714.9,3738.13,-22.971,-0.6145,96662800.0,141977000.0
399370.SZ,2015-02-06,3656.24,3706.26,3717.78,3636.09,3715.16,-58.922,-1.586,73198200.0,103280000.0
399370.SZ,2015-02-09,3665.49,3652.67,3688.12,3647.58,3656.24,9.251,0.253,59207800.0,86464400.0
399370.SZ,2015-02-10,3732.22,3666.87,3732.47,3665.59,3665.49,66.732,1.8205,58424500.0,82448000.0
399370.SZ,2015-02-11,3765.66,3737.05,3774.5,3737.05,3732.22,33.433,0.8958,66950100.0,94001800.0
399370.SZ,2015-02-12,3780.31,3765.47,3785.98,3746.53,3765.66,14.66,0.3893,68568000.0,95812700.0
399370.SZ,2015-02-13,3828.88,3798.33,3854.33,3798.33,3780.31,48.568,1.2848,85684100.0,127639000.0
399370.SZ,2015-02-16,3873.86,3835.64,3873.87,3825.73,3828.88,44.981,1.1748,77989900.0,124462000.0
399370.SZ,2015-02-17,3899.91,3887.02,3908.73,3885.51,3873.86,26.045,0.6723,69710600.0,110032000.0
399370.SZ,2015-02-25,3864.21,3908.44,3908.87,3849.53,3899.91,-35.704,-0.9155,71925300.0,116034000.0
399370.SZ,2015-02-26,3925.16,3861.77,3927.64,3859.67,3864.21,60.954,1.5774,86060000.0,124521000.0
399370.SZ,2015-02-27,3940.75,3923.11,3950.81,3921.99,3925.16,15.595,0.3973,84325200.0,127462000.0
399370.SZ,2015-03-02,3984.56,3967.86,3984.7,3941.32,3940.75,43.811,1.1117,108529000.0,169085000.0
399370.SZ,2015-03-03,3904.47,3966.21,3966.21,3903.14,3984.56,-80.097,-2.0102,113809000.0,177139000.0
399370.SZ,2015-03-04,3950.45,3911.61,3950.85,3904.46,3904.47,45.982,1.1777,95153600.0,149841000.0
399370.SZ,2015-03-05,3919.09,3943.1,3948.19,3897.51,3950.45,-31.355,-0.7937,99032500.0,156064000.0
399370.SZ,2015-03-06,3886.73,3927.91,3937.0,3881.94,3919.09,-32.369,-0.8259,85117400.0,133353000.0
399370.SZ,2015-03-09,3981.56,3878.88,3985.77,3852.22,3886.73,94.836,2.44,105480000.0,154879000.0
399370.SZ,2015-03-10,3990.91,3969.45,4012.82,3967.62,3981.56,9.344,0.2347,94319000.0,153200000.0
399370.SZ,2015-03-11,3994.95,3995.82,4027.35,3983.59,3990.91,4.048,0.1014,90765400.0,147099000.0
399370.SZ,2015-03-12,4051.59,4031.52,4057.11,4014.95,3994.95,56.635,1.4177,127419000.0,192132000.0
399370.SZ,2015-03-13,4092.37,4060.49,4100.88,4057.86,4051.59,40.782,1.0066,105794000.0,166024000.0
399370.SZ,2015-03-16,4198.52,4125.93,4198.52,4116.52,4092.37,106.145,2.5937,121981000.0,203938000.0
399370.SZ,2015-03-17,4234.85,4222.82,4245.82,4192.7,4198.52,36.335,0.8654,153319000.0,229100000.0
399370.SZ,2015-03-18,4326.37,4242.82,4326.52,4233.94,4234.85,91.52,2.1611,169669000.0,239060000.0
399370.SZ,2015-03-19,4320.82,4333.56,4334.95,4285.53,4326.37,-5.554,-0.1284,151281000.0,221004000.0
399370.SZ,2015-03-20,4360.22,4325.77,4371.47,4314.49,4320.82,39.401,0.9119,154067000.0,245375000.0
399370.SZ,2015-03-23,4465.62,4391.71,4465.62,4391.71,4360.22,105.4,2.4173,158739000.0,264028000.0
399370.SZ,2015-03-24,4481.04,4475.74,4485.6,4366.65,4465.62,15.421,0.3453,176971000.0,298771000.0
399370.SZ,2015-03-25,4473.79,4476.68,4502.83,4439.55,4481.04,-7.245,-0.1617,152279000.0,264288000.0
399370.SZ,2015-03-26,4439.67,4454.16,4494.06,4403.41,4473.79,-34.128,-0.7628,144466000.0,254237000.0
399370.SZ,2015-03-27,4492.19,4442.68,4502.79,4419.95,4439.67,52.521,1.183,126262000.0,206199000.0
399370.SZ,2015-03-30,4605.8,4520.74,4619.96,4520.74,4492.19,113.609,2.529,179155000.0,280159000.0
399370.SZ,2015-03-31,4591.91,4656.73,4678.35,4575.47,4605.8,-13.887,-0.3015,180205000.0,297376000.0
399370.SZ,2015-04-01,4681.54,4595.75,4697.05,4588.99,4591.91,89.628,1.9519,146759000.0,248581000.0
399370.SZ,2015-04-02,4724.07,4714.02,4731.65,4655.91,4681.54,42.532,0.9085,156687000.0,275484000.0
399370.SZ,2015-04-03,4773.42,4699.86,4775.16,4686.13,4724.07,49.349,1.0446,142887000.0,258898000.0
399370.SZ,2015-04-07,4886.37,4813.25,4886.42,4813.25,4773.42,112.948,2.3662,168925000.0,301435000.0
399370.SZ,2015-04-08,4879.78,4905.04,4915.6,4780.36,4886.37,-6.59,-0.1349,183715000.0,325799000.0
399370.SZ,2015-04-09,4847.07,4878.23,4878.23,4722.67,4879.78,-32.707,-0.6703,181735000.0,316530000.0
399370.SZ,2015-04-10,4960.69,4830.53,4968.25,4815.24,4847.07,113.623,2.3442,155990000.0,282674000.0
399370.SZ,2015-04-13,5049.93,5000.09,5064.58,4987.99,4960.69,89.238,1.7989,174430000.0,319804000.0
399370.SZ,2015-04-14,5035.77,5060.65,5091.13,4992.38,5049.93,-14.163,-0.2805,174852000.0,303783000.0
399370.SZ,2015-04-15,4915.22,5028.85,5040.19,4908.72,5035.77,-120.544,-2.3938,185649000.0,296768000.0
399370.SZ,2015-04-16,5038.28,4878.04,5042.88,4854.45,4915.22,123.054,2.5035,159333000.0,268134000.0
399370.SZ,2015-04-17,5066.82,5094.73,5109.39,5041.13,5038.28,28.543,0.5665,202124000.0,332398000.0
399370.SZ,2015-04-20,4957.34,5074.17,5105.23,4930.45,5066.82,-109.479,-2.1607,237103000.0,372570000.0
399370.SZ,2015-04-21,5114.71,4962.03,5114.71,4962.03,4957.34,157.365,3.1744,176737000.0,290693000.0
399370.SZ,2015-04-22,5226.41,5154.31,5228.84,5154.31,5114.71,111.701,2.1839,204649000.0,342700000.0
399370.SZ,2015-04-23,5235.76,5246.99,5269.66,5178.54,5226.41,9.352,0.1789,198920000.0,335111000.0
399370.SZ,2015-04-24,5189.82,5169.0,5224.62,5106.51,5235.76,-45.938,-0.8774,184888000.0,323222000.0
399370.SZ,2015-04-27,5256.22,5231.18,5290.44,5193.86,5189.82,66.398,1.2794,192319000.0,330516000.0
399370.SZ,2015-04-28,5166.72,5267.29,5271.31,5117.35,5256.22,-89.496,-1.7027,220587000.0,372030000.0
399370.SZ,2015-04-29,5235.57,5147.78,5246.45,5137.09,5166.72,68.843,1.3324,150077000.0,271874000.0
399370.SZ,2015-04-30,5240.28,5249.33,5290.87,5240.27,5235.57,4.717,0.0901,162745000.0,296144000.0
399370.SZ,2015-05-04,5269.51,5254.22,5284.01,5204.64,5240.28,29.227,0.5577,153547000.0,252565000.0
399370.SZ,2015-05-05,5055.29,5265.68,5265.68,5027.07,5269.51,-214.223,-4.0653,185142000.0,293022000.0
399370.SZ,2015-05-06,5023.6,5088.87,5160.57,4986.19,5055.29,-31.682,-0.6267,148615000.0,251758000.0
399370.SZ,2015-05-07,4965.55,5005.27,5035.97,4961.03,5023.6,-58.054,-1.1556,120151000.0,200095000.0
399370.SZ,2015-05-08,5108.13,5016.72,5108.25,4988.13,4965.55,142.584,2.8715,126371000.0,229052000.0
399370.SZ,2015-05-11,5285.29,5141.14,5285.49,5098.81,5108.13,177.159,3.4682,163532000.0,308845000.0
399370.SZ,2015-05-12,5341.44,5297.56,5341.44,5258.43,5285.29,56.145,1.0623,157880000.0,306271000.0
399370.SZ,2015-05-13,5354.2,5334.08,5394.45,5299.76,5341.44,12.759,0.2389,166071000.0,323541000.0
399370.SZ,2015-05-14,5335.07,5355.99,5382.23,5307.65,5354.2,-19.126,-0.3572,162103000.0,298669000.0
399370.SZ,2015-05-15,5265.98,5328.62,5328.62,5223.27,5335.07,-69.087,-1.295,144281000.0,267904000.0
399370.SZ,2015-05-18,5297.71,5253.52,5325.52,5245.4,5265.98,31.723,0.6024,121340000.0,246470000.0
399370.SZ,2015-05-19,5447.97,5312.65,5456.75,5312.65,5297.71,150.262,2.8364,133765000.0,267591000.0
399370.SZ,2015-05-20,5519.32,5477.03,5618.54,5477.03,5447.97,71.349,1.3096,167783000.0,331093000.0
399370.SZ,2015-05-21,5687.98,5549.99,5687.98,5543.97,5519.32,168.666,3.0559,150728000.0,313202000.0
399370.SZ,2015-05-22,5797.99,5766.02,5798.8,5687.7,5687.98,110.008,1.934,213736000.0,405777000.0
399370.SZ,2015-05-25,5929.29,5766.98,5929.68,5752.59,5797.99,131.297,2.2645,212706000.0,402698000.0
399370.SZ,2015-05-26,6063.02,5964.6,6063.08,5921.5,5929.29,133.734,2.2555,230097000.0,432254000.0
399370.SZ,2015-05-27,6046.16,6084.34,6088.53,5963.97,6063.02,-16.866,-0.2782,217311000.0,420605000.0
399370.SZ,2015-05-28,5685.31,6044.58,6099.73,5684.82,6046.16,-360.848,-5.9682,267431000.0,476415000.0
399370.SZ,2015-05-29,5721.71,5684.15,5814.9,5481.83,5685.31,36.398,0.6402,194915000.0,351352000.0
399370.SZ,2015-06-01,5996.05,5761.67,5999.43,5747.94,5721.71,274.346,4.7948,186810000.0,354766000.0
399370.SZ,2015-06-02,6153.06,6032.53,6153.58,5990.19,5996.05,157.002,2.6184,199303000.0,386142000.0
399370.SZ,2015-06-03,6161.87,6175.81,6179.36,6022.49,6153.06,8.816,0.1433,197932000.0,396265000.0
399370.SZ,2015-06-04,6173.64,6173.29,6203.99,5815.81,6161.87,11.768,0.191,224500000.0,421014000.0
399370.SZ,2015-06-05,6224.43,6257.33,6297.64,6093.35,6173.64,50.794,0.8228,239751000.0,461259000.0
399370.SZ,2015-06-08,6246.24,6238.75,6264.28,6114.85,6224.43,21.809,0.3504,252545000.0,465787000.0
399370.SZ,2015-06-09,6199.81,6235.08,6270.7,6130.96,6246.24,-46.432,-0.7434,197629000.0,372697000.0
399370.SZ,2015-06-10,6286.2,6162.04,6353.83,6125.78,6199.81,86.391,1.3934,186273000.0,369286000.0
399370.SZ,2015-06-11,6327.51,6291.44,6330.64,6247.76,6286.2,41.307,0.6571,173142000.0,360118000.0
399370.SZ,2015-06-12,6400.1,6363.05,6423.04,6335.66,6327.51,72.594,1.1473,198215000.0,399671000.0
399370.SZ,2015-06-15,6244.63,6419.69,6426.81,6230.19,6400.1,-155.474,-2.4292,206013000.0,403146000.0
399370.SZ,2015-06-16,6056.23,6189.2,6200.66,5995.95,6244.63,-188.397,-3.0169,178172000.0,349456000.0
399370.SZ,2015-06-17,6149.37,6066.96,6168.09,5909.98,6056.23,93.133,1.5378,166719000.0,318681000.0
399370.SZ,2015-06-18,5896.24,6122.97,6134.67,5894.07,6149.37,-253.128,-4.1163,148731000.0,297958000.0
399370.SZ,2015-06-19,5534.81,5795.18,5848.33,5529.69,5896.24,-361.429,-6.1298,163896000.0,280443000.0
399370.SZ,2015-06-23,5656.13,5529.97,5657.19,5274.63,5534.81,121.319,2.1919,164253000.0,286610000.0
399370.SZ,2015-06-24,5761.67,5695.88,5766.43,5594.07,5656.13,105.546,1.866,189133000.0,319892000.0
399370.SZ,2015-06-25,5549.62,5810.26,5810.26,5498.2,5761.67,-212.052,-3.6804,186257000.0,324234000.0
399370.SZ,2015-06-26,5118.13,5382.59,5422.59,5055.74,5549.62,-431.492,-7.7752,178613000.0,286082000.0
399370.SZ,2015-06-29,4925.85,5243.22,5244.49,4728.98,5118.13,-192.277,-3.7568,217023000.0,343475000.0
399370.SZ,2015-06-30,5237.21,4867.93,5241.5,4715.43,4925.85,311.363,6.321,225837000.0,360955000.0
399370.SZ,2015-07-01,5022.14,5182.43,5343.82,4997.62,5237.21,-215.072,-4.1066,180971000.0,337180000.0
399370.SZ,2015-07-02,4838.09,5050.77,5082.23,4728.72,5022.14,-184.057,-3.6649,182321000.0,304763000.0
399370.SZ,2015-07-03,4605.79,4722.37,4917.48,4466.93,4838.09,-232.295,-4.8014,177152000.0,279303000.0
399370.SZ,2015-07-06,4661.19,4964.25,4964.25,4467.69,4605.79,55.398,1.2028,240205000.0,373887000.0
399370.SZ,2015-07-07,4502.37,4523.47,4584.27,4386.68,4661.19,-158.821,-3.4073,209254000.0,280187000.0
399370.SZ,2015-07-08,4296.7,4256.91,4379.18,4219.48,4502.37,-205.67,-4.568,209969000.0,296909000.0
399370.SZ,2015-07-09,4513.02,4255.71,4538.07,4207.41,4296.7,216.317,5.0345,152012000.0,215984000.0
399370.SZ,2015-07-10,4701.74,4553.58,4773.93,4545.84,4513.02,188.722,4.1817,151640000.0,238292000.0
399370.SZ,2015-07-13,4859.35,4777.22,4906.49,4723.65,4701.74,157.612,3.3522,160752000.0,273611000.0
399370.SZ,2015-07-14,4836.94,4881.65,4972.18,4791.57,4859.35,-22.408,-0.4611,161674000.0,281685000.0
399370.SZ,2015-07-15,4666.64,4824.6,4851.27,4616.54,4836.94,-170.304,-3.5209,176403000.0,276291000.0
399370.SZ,2015-07-16,4705.77,4627.85,4790.43,4508.44,4666.64,39.137,0.8387,135356000.0,219732000.0
399370.SZ,2015-07-17,4899.84,4740.92,4938.97,4725.35,4705.77,194.069,4.1241,140562000.0,235104000.0
399370.SZ,2015-07-20,4932.38,4916.34,5004.96,4860.88,4899.84,32.54,0.6641,148226000.0,262260000.0
399370.SZ,2015-07-21,4943.45,4874.72,4986.22,4850.53,4932.38,11.064,0.2243,125863000.0,226361000.0
399370.SZ,2015-07-22,4951.12,4932.53,4974.86,4867.01,4943.45,7.678,0.1553,136242000.0,244259000.0
399370.SZ,2015-07-23,5062.7,4953.59,5071.95,4929.75,4951.12,111.577,2.2536,154494000.0,267526000.0
399370.SZ,2015-07-24,4977.4,5075.14,5116.45,4950.01,5062.7,-85.306,-1.685,167220000.0,295001000.0
399370.SZ,2015-07-27,4589.05,4884.22,4972.58,4588.9,4977.4,-388.348,-7.8022,154624000.0,267164000.0
399370.SZ,2015-07-28,4567.62,4438.07,4661.48,4381.31,4589.05,-21.429,-0.467,167648000.0,267821000.0
399370.SZ,2015-07-29,4709.47,4609.71,4710.02,4500.71,4567.62,141.849,3.1055,119923000.0,206573000.0
399370.SZ,2015-07-30,4561.37,4690.6,4741.9,4554.82,4709.47,-148.099,-3.1447,114620000.0,201148000.0
399370.SZ,2015-07-31,4575.77,4512.69,4624.62,4497.93,4561.37,14.396,0.3156,95115400.0,165157000.0
399370.SZ,2015-08-03,4570.88,4515.01,4573.69,4472.07,4575.77,-4.887,-0.1068,108319000.0,181755000.0
399370.SZ,2015-08-04,4722.86,4566.83,4723.45,4531.72,4570.88,151.982,3.325,100755000.0,171119000.0
399370.SZ,2015-08-05,4628.76,4708.79,4741.04,4618.97,4722.86,-94.103,-1.9925,89745500.0,159289000.0
399370.SZ,2015-08-06,4595.16,4549.8,4657.96,4540.71,4628.76,-33.601,-0.7259,67248200.0,113209000.0
399370.SZ,2015-08-07,4695.73,4635.71,4707.64,4626.56,4595.16,100.579,2.1888,86372500.0,150490000.0
399370.SZ,2015-08-10,4877.97,4724.13,4899.43,4707.44,4695.73,182.233,3.8808,128948000.0,218512000.0
399370.SZ,2015-08-11,4859.16,4866.36,4910.65,4826.33,4877.97,-18.806,-0.3855,126566000.0,215052000.0
399370.SZ,2015-08-12,4775.41,4808.76,4868.95,4774.94,4859.16,-83.754,-1.7236,99513800.0,168929000.0
399370.SZ,2015-08-13,4848.02,4770.79,4848.12,4721.44,4775.41,72.607,1.5204,105344000.0,171758000.0
399370.SZ,2015-08-14,4854.81,4874.02,4905.38,4834.73,4848.02,6.795,0.1402,113821000.0,192715000.0
399370.SZ,2015-08-17,4879.74,4843.67,4880.05,4794.64,4854.81,24.929,0.5135,114292000.0,183922000.0
399370.SZ,2015-08-18,4588.86,4892.31,4908.51,4573.37,4879.74,-290.879,-5.961,143892000.0,241323000.0
399370.SZ,2015-08-19,4680.86,4498.39,4691.4,4403.32,4588.86,92.002,2.0049,123072000.0,193302000.0
399370.SZ,2015-08-20,4547.81,4644.73,4688.88,4547.81,4680.86,-133.049,-2.8424,103585000.0,167826000.0
399370.SZ,2015-08-21,4332.6,4484.24,4528.68,4326.93,4547.81,-215.218,-4.7323,100278000.0,154961000.0
399370.SZ,2015-08-24,3976.92,4165.19,4177.83,3965.38,4332.6,-355.671,-8.2092,106534000.0,142869000.0
399370.SZ,2015-08-25,3727.9,3741.59,3881.01,3688.35,3976.92,-249.021,-6.2616,120855000.0,153814000.0
399370.SZ,2015-08-26,3709.76,3752.24,3901.38,3625.43,3727.9,-18.146,-0.4868,137734000.0,173786000.0
399370.SZ,2015-08-27,3889.2,3782.76,3889.2,3685.31,3709.76,179.447,4.8372,113112000.0,144417000.0
399370.SZ,2015-08-28,4034.95,3931.37,4049.29,3896.59,3889.2,145.742,3.7473,123812000.0,164746000.0
399370.SZ,2015-08-31,3999.7,3995.41,4000.73,3886.6,4034.95,-35.243,-0.8734,106416000.0,140694000.0
399370.SZ,2015-09-01,3925.46,3934.25,3942.93,3805.11,3999.7,-74.245,-1.8563,123356000.0,150703000.0
399370.SZ,2015-09-02,3918.69,3770.42,3957.0,3765.24,3925.46,-6.767,-0.1724,127573000.0,161778000.0
399370.SZ,2015-09-07,3830.41,3914.39,3992.5,3810.97,3918.69,-88.282,-2.2528,90388800.0,120200000.0
399370.SZ,2015-09-08,3949.76,3803.72,3953.99,3768.79,3830.41,119.356,3.116,72627400.0,96727100.0
399370.SZ,2015-09-09,4030.76,3965.33,4061.48,3958.15,3949.76,80.999,2.0507,108303000.0,154914000.0
399370.SZ,2015-09-10,3993.39,3976.89,4038.16,3966.67,4030.76,-37.374,-0.9272,73935900.0,103869000.0
399370.SZ,2015-09-11,4002.14,3985.44,4029.4,3957.86,3993.39,8.748,0.2191,60634900.0,88307300.0
399370.SZ,2015-09-14,3876.6,4015.31,4020.75,3804.66,4002.14,-125.541,-3.1368,92530200.0,125191000.0
399370.SZ,2015-09-15,3727.38,3792.19,3831.99,3703.87,3876.6,-149.214,-3.8491,69655300.0,88938800.0
399370.SZ,2015-09-16,3906.96,3730.09,3943.19,3713.29,3727.38,179.573,4.8177,76645200.0,97993400.0
399370.SZ,2015-09-17,3830.27,3888.57,3960.42,3829.7,3906.96,-76.688,-1.9629,86650300.0,120572000.0
399370.SZ,2015-09-18,3853.96,3851.06,3877.29,3819.68,3830.27,23.691,0.6185,54809600.0,78665100.0
399370.SZ,2015-09-21,3935.65,3815.27,3939.82,3807.08,3853.96,81.691,2.1197,62228500.0,92155700.0
399370.SZ,2015-09-22,3960.82,3942.21,3997.25,3931.66,3935.65,25.167,0.6395,75813000.0,109238000.0
399370.SZ,2015-09-23,3897.65,3905.56,3946.24,3877.73,3960.82,-63.167,-1.5948,63302000.0,91273500.0
399370.SZ,2015-09-24,3928.96,3916.05,3946.67,3893.84,3897.65,31.308,0.8033,61486800.0,89899600.0
399370.SZ,2015-09-25,3850.68,3915.28,3934.21,3817.53,3928.96,-78.28,-1.9924,65086700.0,89863700.0
399370.SZ,2015-09-28,3895.65,3848.41,3897.55,3809.1,3850.68,44.974,1.168,47179600.0,68807100.0
399370.SZ,2015-09-29,3838.54,3842.73,3874.81,3813.31,3895.65,-57.113,-1.4661,53326200.0,75185200.0
399370.SZ,2015-09-30,3860.91,3852.15,3879.06,3829.34,3838.54,22.371,0.5828,46606700.0,67101800.0
399370.SZ,2015-10-08,3974.89,3987.55,4013.84,3960.49,3860.91,113.98,2.9522,74463500.0,107559000.0
399370.SZ,2015-10-09,4018.09,3979.06,4033.13,3969.76,3974.89,43.205,1.0869,71229500.0,99245000.0
399370.SZ,2015-10-12,4147.61,4037.46,4188.74,4032.62,4018.09,129.513,3.2232,114924000.0,162665000.0
399370.SZ,2015-10-13,4162.46,4121.33,4170.44,4110.67,4147.61,14.849,0.358,84855500.0,123495000.0
399370.SZ,2015-10-14,4106.33,4138.02,4167.83,4102.43,4162.46,-56.131,-1.3485,83128600.0,121420000.0
399370.SZ,2015-10-15,4210.38,4097.15,4210.58,4097.15,4106.33,104.052,2.5339,93587600.0,140405000.0
399370.SZ,2015-10-16,4262.71,4232.9,4266.74,4202.09,4210.38,52.33,1.2429,109820000.0,165050000.0
399370.SZ,2015-10-19,4254.36,4276.64,4291.17,4211.9,4262.71,-8.347,-0.1958,110584000.0,168951000.0
399370.SZ,2015-10-20,4302.32,4247.77,4302.39,4234.53,4254.36,47.956,1.1272,96878700.0,155937000.0
399370.SZ,2015-10-21,4146.9,4299.84,4312.64,4101.82,4302.32,-155.413,-3.6123,131204000.0,202201000.0
399370.SZ,2015-10-22,4230.76,4133.13,4234.15,4129.78,4146.9,83.852,2.022,95194300.0,151039000.0
399370.SZ,2015-10-23,4313.5,4254.29,4325.71,4243.91,4230.76,82.748,1.9559,116439000.0,193866000.0
399370.SZ,2015-10-26,4336.21,4363.58,4367.32,4295.96,4313.5,22.706,0.5264,125364000.0,203500000.0
399370.SZ,2015-10-27,4333.48,4307.5,4353.44,4197.56,4336.21,-2.727,-0.0629,99133600.0,165561000.0
399370.SZ,2015-10-28,4247.23,4312.27,4345.85,4237.05,4333.48,-86.249,-1.9903,87638200.0,149606000.0
399370.SZ,2015-10-29,4266.28,4267.57,4301.04,4224.03,4247.23,19.045,0.4484,72041800.0,124249000.0
399370.SZ,2015-10-30,4270.68,4265.1,4319.03,4224.77,4266.28,4.397,0.1031,84777000.0,144712000.0
399370.SZ,2015-11-02,4199.06,4206.91,4291.73,4194.19,4270.68,-71.621,-1.677,77883200.0,131738000.0
399370.SZ,2015-11-03,4188.22,4206.74,4230.38,4170.31,4199.06,-10.839,-0.2581,63910600.0,107572000.0
399370.SZ,2015-11-04,4382.17,4205.48,4382.19,4205.48,4188.22,193.956,4.631,116182000.0,186774000.0
399370.SZ,2015-11-05,4426.45,4386.32,4492.64,4381.0,4382.17,44.275,1.0103,178128000.0,274466000.0
399370.SZ,2015-11-06,4530.16,4426.5,4535.12,4426.5,4426.45,103.71,2.343,144795000.0,230083000.0
399370.SZ,2015-11-09,4605.67,4528.41,4639.85,4527.3,4530.16,75.518,1.667,176505000.0,282181000.0
399370.SZ,2015-11-10,4614.34,4577.32,4648.79,4568.52,4605.67,8.661,0.1881,150961000.0,246950000.0
399370.SZ,2015-11-11,4636.49,4614.64,4643.58,4575.79,4614.34,22.156,0.4802,129618000.0,218236000.0
399370.SZ,2015-11-12,4605.59,4656.26,4659.1,4568.31,4636.49,-30.905,-0.6666,129239000.0,228968000.0
399370.SZ,2015-11-13,4537.07,4562.48,4595.79,4508.5,4605.59,-68.513,-1.4876,119195000.0,204496000.0
399370.SZ,2015-11-16,4597.13,4466.83,4597.62,4466.15,4537.07,60.056,1.3237,93910200.0,168214000.0
399370.SZ,2015-11-17,4561.99,4635.65,4679.69,4553.41,4597.13,-35.142,-0.7644,143733000.0,250868000.0
399370.SZ,2015-11-18,4513.7,4566.48,4584.32,4502.73,4561.99,-48.284,-1.0584,109155000.0,180954000.0
399370.SZ,2015-11-19,4607.15,4523.25,4607.25,4516.02,4513.7,93.451,2.0704,99318800.0,164884000.0
399370.SZ,2015-11-20,4633.48,4615.73,4651.22,4594.83,4607.15,26.323,0.5714,117016000.0,205177000.0
399370.SZ,2015-11-23,4602.55,4633.08,4668.57,4587.72,4633.48,-30.928,-0.6675,106630000.0,191166000.0
399370.SZ,2015-11-24,4619.49,4594.46,4619.49,4541.4,4602.55,16.943,0.3681,84619600.0,150220000.0
399370.SZ,2015-11-25,4680.71,4610.81,4680.8,4599.65,4619.49,61.217,1.3252,100317000.0,189901000.0
399370.SZ,2015-11-26,4645.46,4699.05,4708.29,4641.29,4680.71,-35.247,-0.753,110879000.0,205443000.0
399370.SZ,2015-11-27,4394.28,4619.8,4628.41,4366.22,4645.46,-251.179,-5.407,122562000.0,206621000.0
399370.SZ,2015-11-30,4430.36,4402.18,4449.31,4255.38,4394.28,36.077,0.821,105447000.0,178489000.0
399370.SZ,2015-12-01,4460.54,4423.71,4497.46,4392.02,4430.36,30.179,0.6812,93217600.0,155899000.0
399370.SZ,2015-12-02,4562.34,4451.89,4566.25,4426.45,4460.54,101.799,2.2822,116678000.0,181069000.0
399370.SZ,2015-12-03,4617.14,4557.87,4622.81,4551.28,4562.34,54.803,1.2012,100554000.0,162285000.0
399370.SZ,2015-12-04,4552.8,4589.44,4605.69,4535.59,4617.14,-64.34,-1.3935,87562200.0,152352000.0
399370.SZ,2015-12-07,4585.95,4559.88,4591.92,4533.4,4552.8,33.145,0.728,73640100.0,132919000.0
399370.SZ,2015-12-08,4506.35,4561.32,4561.32,4488.03,4585.95,-79.599,-1.7357,78350600.0,137412000.0
399370.SZ,2015-12-09,4510.15,4487.04,4535.24,4481.57,4506.35,3.807,0.0845,73456800.0,129348000.0
399370.SZ,2015-12-10,4509.71,4510.68,4565.98,4501.54,4510.15,-0.446,-0.0099,77862900.0,139614000.0
399370.SZ,2015-12-11,4475.44,4488.94,4506.33,4447.9,4509.71,-34.268,-0.7599,68278700.0,117386000.0
399370.SZ,2015-12-14,4562.38,4434.82,4562.91,4430.83,4475.44,86.934,1.9425,78723000.0,126822000.0
399370.SZ,2015-12-15,4580.42,4567.52,4606.4,4558.46,4562.38,18.048,0.3956,76822500.0,135681000.0
399370.SZ,2015-12-16,4581.27,4591.47,4608.42,4569.87,4580.42,0.848,0.0185,73383100.0,134457000.0
399370.SZ,2015-12-17,4685.47,4611.44,4685.85,4611.44,4581.27,104.199,2.2745,109419000.0,191873000.0
399370.SZ,2015-12-18,4709.57,4683.92,4761.5,4679.07,4685.47,24.099,0.5143,106336000.0,186588000.0
399370.SZ,2015-12-21,4831.96,4705.92,4841.01,4705.23,4709.57,122.395,2.5989,122541000.0,202919000.0
399370.SZ,2015-12-22,4854.58,4842.2,4860.96,4805.42,4831.96,22.618,0.4681,107292000.0,181330000.0
399370.SZ,2015-12-23,4823.02,4858.7,4887.43,4814.72,4854.58,-31.557,-0.65,112269000.0,191149000.0
399370.SZ,2015-12-24,4791.68,4815.44,4824.7,4734.25,4823.02,-31.347,-0.6499,82768200.0,139772000.0
399370.SZ,2015-12-25,4811.8,4800.53,4820.9,4781.88,4791.68,20.124,0.42,67244000.0,121296000.0
399370.SZ,2015-12-28,4696.57,4826.61,4835.62,4696.44,4811.8,-115.236,-2.3949,89853600.0,161718000.0
399370.SZ,2015-12-29,4739.82,4693.35,4739.93,4670.6,4696.57,43.251,0.9209,62440900.0,116214000.0
399370.SZ,2015-12-30,4765.15,4743.56,4765.15,4711.15,4739.82,25.337,0.5346,65170300.0,124105000.0
399370.SZ,2015-12-31,4708.25,4763.39,4769.83,4700.17,4765.15,-56.905,-1.1942,64794100.0,119303000.0
399370.SZ,2016-01-04,4347.46,4700.83,4700.83,4346.42,4708.25,-360.793,-7.663,63236600.0,108909000.0
399370.SZ,2016-01-05,4318.38,4193.88,4387.7,4173.87,4347.46,-29.08,-0.6689,90557500.0,148689000.0
399370.SZ,2016-01-06,4393.96,4331.08,4395.0,4292.54,4318.38,75.585,1.7503,71223000.0,117210000.0
399370.SZ,2016-01-07,4057.2,4312.64,4312.64,4048.6,4393.96,-336.763,-7.6642,20791800.0,31498700.0
399370.SZ,2016-01-08,4118.18,4148.69,4197.22,3937.67,4057.2,60.984,1.5031,90294400.0,139224000.0
399370.SZ,2016-01-11,3879.83,4040.08,4089.32,3879.82,4118.18,-238.35,-5.7877,83685100.0,124481000.0
399370.SZ,2016-01-12,3917.74,3900.88,3962.03,3854.2,3879.83,37.904,0.9769,66205600.0,103608000.0
399370.SZ,2016-01-13,3818.41,3945.16,3969.53,3818.4,3917.74,-99.324,-2.5352,62457500.0,94752100.0
399370.SZ,2016-01-14,3932.09,3714.78,3937.36,3713.21,3818.41,113.682,2.9772,70165300.0,105193000.0
399370.SZ,2016-01-15,3811.62,3905.69,3936.61,3793.75,3932.09,-120.477,-3.0639,66430800.0,98514400.0
399370.SZ,2016-01-18,3848.4,3746.83,3893.15,3746.83,3811.62,36.78,0.9649,56465700.0,87301700.0
399370.SZ,2016-01-19,3966.6,3845.5,3971.49,3834.21,3848.4,118.204,3.0715,70005200.0,107441000.0
399370.SZ,2016-01-20,3901.12,3943.66,3977.23,3880.12,3966.6,-65.477,-1.6507,65388700.0,100068000.0
399370.SZ,2016-01-21,3773.0,3849.07,3941.48,3773.0,3901.12,-128.128,-3.2844,59795000.0,91152900.0
399370.SZ,2016-01-22,3819.8,3815.33,3838.36,3728.27,3773.0,46.808,1.2406,50963400.0,77432900.0
399370.SZ,2016-01-25,3842.68,3845.01,3875.01,3812.37,3819.8,22.877,0.5989,45200400.0,69158200.0
399370.SZ,2016-01-26,3597.5,3807.87,3811.89,3588.22,3842.68,-245.182,-6.3805,68703400.0,94471000.0
399370.SZ,2016-01-27,3571.69,3609.6,3620.47,3434.86,3597.5,-25.813,-0.7175,71612800.0,93770300.0
399370.SZ,2016-01-28,3465.36,3537.15,3583.85,3452.29,3571.69,-106.327,-2.9769,53777600.0,69440700.0
399370.SZ,2016-01-29,3588.2,3465.6,3613.53,3464.31,3465.36,122.84,3.5448,59538700.0,78335700.0
399370.SZ,2016-02-01,3553.25,3582.12,3597.37,3508.99,3588.2,-34.946,-0.9739,46848700.0,62816400.0
399370.SZ,2016-02-02,3653.25,3558.29,3665.13,3558.29,3553.25,99.993,2.8141,50871400.0,71253800.0
399370.SZ,2016-02-03,3655.32,3618.48,3667.56,3597.63,3653.25,2.077,0.0569,47340900.0,64048100.0
399370.SZ,2016-02-04,3714.65,3669.71,3728.36,3669.71,3655.32,59.325,1.623,54560700.0,77115600.0
399370.SZ,2016-02-05,3687.73,3715.58,3723.19,3681.75,3714.65,-26.92,-0.7247,43609400.0,60411300.0
399370.SZ,2016-02-15,3678.39,3585.81,3696.04,3585.81,3687.73,-9.339,-0.2532,41708500.0,58809200.0
399370.SZ,2016-02-16,3808.74,3699.3,3815.6,3699.3,3678.39,130.348,3.5436,64434400.0,92100000.0
399370.SZ,2016-02-17,3840.38,3806.53,3843.19,3782.57,3808.74,31.644,0.8308,76888100.0,99922000.0
399370.SZ,2016-02-18,3825.05,3863.12,3878.61,3820.57,3840.38,-15.335,-0.3993,71665600.0,99030000.0
399370.SZ,2016-02-19,3834.26,3817.72,3854.68,3805.77,3825.05,9.218,0.241,55085900.0,82725000.0
399370.SZ,2016-02-22,3913.15,3880.58,3913.76,3865.09,3834.26,78.881,2.0573,76144700.0,110548000.0
399370.SZ,2016-02-23,3881.01,3913.44,3917.45,3840.99,3913.15,-32.138,-0.8213,64820500.0,98641800.0
399370.SZ,2016-02-24,3888.31,3866.36,3899.21,3816.24,3881.01,7.304,0.1882,63131200.0,92372100.0
399370.SZ,2016-02-25,3632.32,3879.56,3879.56,3619.1,3888.31,-255.993,-6.5837,81511800.0,110974000.0
399370.SZ,2016-02-26,3649.9,3658.71,3676.17,3589.11,3632.32,17.586,0.4842,57889000.0,77338700.0
399370.SZ,2016-02-29,3513.9,3638.09,3638.09,3465.51,3649.9,-136.001,-3.7262,64992000.0,82551100.0
399370.SZ,2016-03-01,3584.84,3519.24,3607.8,3482.65,3513.9,70.935,2.0187,63368200.0,82743000.0
399370.SZ,2016-03-02,3737.78,3584.82,3742.76,3584.82,3584.84,152.938,4.2662,87918000.0,111011000.0
399370.SZ,2016-03-03,3747.21,3742.66,3795.75,3734.25,3737.78,9.438,0.2525,98141800.0,123418000.0
399370.SZ,2016-03-04,3711.59,3734.51,3756.34,3656.41,3747.21,-35.621,-0.9506,97975000.0,124518000.0
399370.SZ,2016-03-07,3751.19,3738.62,3784.88,3722.78,3711.59,39.594,1.0668,66636400.0,87797400.0
399370.SZ,2016-03-08,3760.29,3744.61,3760.29,3627.48,3751.19,9.108,0.2428,70772000.0,94296300.0
399370.SZ,2016-03-09,3705.5,3691.49,3733.58,3670.51,3760.29,-54.795,-1.4572,55354000.0,76766500.0
399370.SZ,2016-03-10,3651.9,3701.02,3724.98,3650.65,3705.5,-53.601,-1.4465,45838000.0,64869100.0
399370.SZ,2016-03-11,3644.33,3621.17,3663.28,3601.44,3651.9,-7.571,-0.2073,41436400.0,56740900.0
399370.SZ,2016-03-14,3734.24,3677.66,3780.46,3677.66,3644.33,89.915,2.4673,69373500.0,99293000.0
399370.SZ,2016-03-15,3730.54,3726.84,3739.87,3694.76,3734.24,-3.706,-0.0992,56223500.0,81911200.0
399370.SZ,2016-03-16,3717.42,3740.88,3751.59,3704.23,3730.54,-13.122,-0.3517,56741000.0,80710000.0
399370.SZ,2016-03-17,3805.28,3728.32,3825.81,3720.64,3717.42,87.869,2.3637,76734400.0,115817000.0
399370.SZ,2016-03-18,3900.77,3820.9,3926.02,3818.68,3805.28,95.487,2.5093,109431000.0,163008000.0
399370.SZ,2016-03-21,3997.73,3948.26,4005.93,3943.26,3900.77,96.959,2.4856,125589000.0,183695000.0
399370.SZ,2016-03-22,3980.02,3971.97,4008.01,3954.81,3997.73,-17.713,-0.4431,95188600.0,148444000.0
399370.SZ,2016-03-23,4005.88,3971.01,4007.26,3949.31,3980.02,25.859,0.6497,82125700.0,132322000.0
399370.SZ,2016-03-24,3941.9,3973.15,4002.02,3940.1,4005.88,-63.975,-1.597,84825900.0,140939000.0
399370.SZ,2016-03-25,3962.15,3932.03,3972.69,3923.74,3941.9,20.248,0.5137,67069900.0,105765000.0
399370.SZ,2016-03-28,3932.7,3977.84,4009.47,3921.36,3962.15,-29.448,-0.7432,73712500.0,114480000.0
399370.SZ,2016-03-29,3876.77,3930.45,3936.47,3854.43,3932.7,-55.931,-1.4222,65172100.0,100602000.0
399370.SZ,2016-03-30,3996.52,3912.4,3996.52,3912.4,3876.77,119.746,3.0888,77395000.0,125478000.0
399370.SZ,2016-03-31,4001.18,4015.15,4034.89,3992.13,3996.52,4.662,0.1167,81607500.0,134359000.0
399370.SZ,2016-04-01,3981.06,3991.04,4001.53,3921.74,4001.18,-20.118,-0.5028,65960600.0,104254000.0
399370.SZ,2016-04-05,4062.54,3981.05,4070.15,3972.87,3981.06,81.476,2.0466,84842900.0,132753000.0
399370.SZ,2016-04-06,4073.41,4048.46,4078.77,4036.9,4062.54,10.872,0.2676,77186800.0,123648000.0
399370.SZ,2016-04-07,4011.19,4083.99,4091.33,4011.15,4073.41,-62.214,-1.5273,75868000.0,122222000.0
399370.SZ,2016-04-08,3976.08,3982.56,3993.53,3937.58,4011.19,-35.113,-0.8754,67565100.0,106898000.0
399370.SZ,2016-04-11,4045.98,4016.79,4063.55,4016.79,3976.08,69.896,1.7579,79529200.0,130259000.0
399370.SZ,2016-04-12,4021.64,4041.96,4050.05,3988.05,4045.98,-24.333,-0.6014,61376800.0,102076000.0
399370.SZ,2016-04-13,4068.44,4043.49,4115.48,4043.49,4021.64,46.799,1.1637,101793000.0,158249000.0
399370.SZ,2016-04-14,4094.96,4089.35,4099.48,4057.25,4068.44,26.516,0.6517,70554600.0,106712000.0
399370.SZ,2016-04-15,4085.41,4096.79,4099.65,4068.63,4094.96,-9.55,-0.2332,63245500.0,95296200.0
399370.SZ,2016-04-18,4020.44,4059.19,4059.19,4006.51,4085.41,-64.966,-1.5902,62065400.0,92873200.0
399370.SZ,2016-04-19,4030.1,4038.04,4047.27,4004.82,4020.44,9.657,0.2402,53702800.0,82178300.0
399370.SZ,2016-04-20,3899.74,4038.9,4043.84,3828.95,4030.1,-130.364,-3.2348,94292100.0,137340000.0
399370.SZ,2016-04-21,3865.22,3879.62,3918.06,3860.82,3899.74,-34.516,-0.8851,61324800.0,91029700.0
399370.SZ,2016-04-22,3896.02,3843.33,3896.02,3838.69,3865.22,30.801,0.7969,47633400.0,72883800.0
399370.SZ,2016-04-25,3876.85,3885.4,3888.01,3840.07,3896.02,-19.173,-0.4921,43331900.0,64709700.0
399370.SZ,2016-04-26,3912.71,3875.83,3912.71,3869.55,3876.85,35.865,0.9251,42448100.0,65077800.0
399370.SZ,2016-04-27,3901.05,3916.1,3932.45,3895.48,3912.71,-11.665,-0.2981,47213000.0,73240100.0
399370.SZ,2016-04-28,3895.89,3902.26,3908.73,3848.29,3901.05,-5.158,-0.1322,49972900.0,74897300.0
399370.SZ,2016-04-29,3894.67,3883.84,3915.47,3879.43,3895.89,-1.217,-0.0312,40847800.0,63843500.0
399370.SZ,2016-05-03,3992.03,3897.05,3992.5,3884.58,3894.67,97.361,2.4999,66470800.0,103658000.0
399370.SZ,2016-05-04,3984.11,3978.32,4007.77,3974.43,3992.03,-7.927,-0.1986,58542100.0,92301100.0
399370.SZ,2016-05-05,3997.99,3977.74,4000.85,3967.12,3984.11,13.881,0.3484,49207400.0,79783500.0
399370.SZ,2016-05-06,3868.91,3995.82,4004.71,3868.64,3997.99,-129.078,-3.2286,74829900.0,111851000.0
399370.SZ,2016-05-09,3768.04,3842.06,3842.06,3752.54,3868.91,-100.873,-2.6073,62063300.0,84761300.0
399370.SZ,2016-05-10,3768.41,3758.12,3784.87,3751.52,3768.04,0.371,0.0098,40880800.0,58603900.0
399370.SZ,2016-05-11,3769.52,3786.32,3813.2,3753.96,3768.41,1.114,0.0296,47894700.0,70739000.0
399370.SZ,2016-05-12,3775.52,3731.47,3778.47,3689.37,3769.52,5.995,0.159,48510600.0,65938200.0
399370.SZ,2016-05-13,3760.56,3765.5,3802.39,3744.28,3775.52,-14.96,-0.3962,40252700.0,57989900.0
399370.SZ,2016-05-16,3807.02,3750.11,3807.33,3734.71,3760.56,46.463,1.2355,43377600.0,63103300.0
399370.SZ,2016-05-17,3797.22,3806.99,3829.98,3774.89,3807.02,-9.798,-0.2574,51110500.0,75930300.0
399370.SZ,2016-05-18,3737.2,3774.01,3774.01,3699.35,3797.22,-60.021,-1.5807,53159600.0,73395200.0
399370.SZ,2016-05-19,3741.59,3731.44,3782.72,3731.44,3737.2,4.386,0.1174,43859500.0,63721900.0
399370.SZ,2016-05-20,3771.84,3717.8,3772.13,3707.05,3741.59,30.257,0.8087,41553400.0,60137000.0
399370.SZ,2016-05-23,3802.21,3777.59,3812.7,3777.59,3771.84,30.366,0.8051,48100100.0,72456100.0
399370.SZ,2016-05-24,3772.12,3797.55,3797.55,3752.16,3802.21,-30.086,-0.7913,42764200.0,61299700.0
399370.SZ,2016-05-25,3758.19,3793.71,3807.58,3750.03,3772.12,-13.932,-0.3693,41615900.0,62979400.0
399370.SZ,2016-05-26,3768.36,3753.5,3773.55,3699.91,3758.19,10.167,0.2705,45556100.0,64953300.0
399370.SZ,2016-05-27,3765.13,3761.15,3785.93,3752.72,3768.36,-3.227,-0.0856,47291900.0,62672100.0
399370.SZ,2016-05-30,3757.87,3748.24,3776.95,3721.03,3765.13,-7.261,-0.1928,38929800.0,54566700.0
399370.SZ,2016-05-31,3898.64,3760.81,3899.79,3760.81,3757.87,140.764,3.7458,89530000.0,126010000.0
399370.SZ,2016-06-01,3905.9,3909.05,3931.45,3901.87,3898.64,7.265,0.1863,83576500.0,121807000.0
399370.SZ,2016-06-02,3927.1,3901.54,3927.15,3897.93,3905.9,21.202,0.5428,68930700.0,98873300.0
399370.SZ,2016-06-03,3955.03,3925.82,3976.91,3920.69,3927.1,27.925,0.7111,79544500.0,130163000.0
399370.SZ,2016-06-06,3948.77,3961.9,3968.22,3928.23,3955.03,-6.253,-0.1581,64419500.0,104430000.0
399370.SZ,2016-06-07,3944.16,3951.0,3955.35,3929.55,3948.77,-4.611,-0.1168,58991300.0,92430800.0
399370.SZ,2016-06-08,3925.29,3934.95,3943.82,3900.57,3944.16,-18.872,-0.4785,59347400.0,94191300.0
399370.SZ,2016-06-13,3770.81,3882.09,3898.9,3770.74,3925.29,-154.484,-3.9356,70131200.0,105294000.0
399370.SZ,2016-06-14,3783.67,3760.59,3791.33,3748.32,3770.81,12.859,0.341,48780100.0,71184000.0
399370.SZ,2016-06-15,3871.4,3745.69,3884.2,3742.3,3783.67,87.734,2.3188,69200700.0,101920000.0
399370.SZ,2016-06-16,3844.03,3861.24,3875.12,3835.15,3871.4,-27.373,-0.7071,64048100.0,96354000.0
399370.SZ,2016-06-17,3868.5,3850.06,3899.69,3847.04,3844.03,24.469,0.6365,62988800.0,91866700.0
399370.SZ,2016-06-20,3879.83,3869.54,3886.48,3834.82,3868.5,11.332,0.2929,54451100.0,78853600.0
399370.SZ,2016-06-21,3853.68,3900.04,3933.02,3840.39,3879.83,-26.148,-0.6739,71800100.0,104296000.0
399370.SZ,2016-06-22,3906.32,3844.35,3906.32,3840.26,3853.68,52.638,1.3659,54741300.0,79562400.0
399370.SZ,2016-06-23,3881.88,3898.04,3899.76,3858.18,3906.32,-24.434,-0.6255,57346000.0,84584800.0
399370.SZ,2016-06-24,3837.85,3873.73,3902.27,3761.75,3881.88,-44.03,-1.1342,80874000.0,112602000.0
399370.SZ,2016-06-27,3913.12,3817.35,3913.37,3817.35,3837.85,75.263,1.9611,69204900.0,104186000.0
399370.SZ,2016-06-28,3942.13,3896.42,3946.68,3890.1,3913.12,29.016,0.7415,79451300.0,120992000.0
399370.SZ,2016-06-29,3947.82,3953.39,3961.74,3937.72,3942.13,5.691,0.1444,75826200.0,109106000.0
399370.SZ,2016-06-30,3959.22,3952.79,3969.28,3944.77,3947.82,11.397,0.2887,62639900.0,97580300.0
399370.SZ,2016-07-01,3951.52,3963.73,3980.78,3941.87,3959.22,-7.704,-0.1946,58213500.0,91036700.0
399370.SZ,2016-07-04,4017.46,3922.94,4027.78,3919.44,3951.52,65.941,1.6688,89862300.0,129353000.0
399370.SZ,2016-07-05,4012.34,4008.07,4021.86,3993.49,4017.46,-5.116,-0.1273,79449900.0,116977000.0
399370.SZ,2016-07-06,4030.13,4001.86,4031.46,3985.89,4012.34,17.784,0.4432,85733600.0,128859000.0
399370.SZ,2016-07-07,4026.23,4019.88,4043.82,3992.58,4030.13,-3.899,-0.0967,91607700.0,135994000.0
399370.SZ,2016-07-08,4016.89,4019.46,4039.41,4000.88,4026.23,-9.336,-0.2319,77211500.0,116142000.0
399370.SZ,2016-07-11,4017.59,4022.89,4070.33,4014.92,4016.89,0.702,0.0175,93223900.0,135350000.0
399370.SZ,2016-07-12,4097.27,4016.02,4097.27,3996.91,4017.59,79.672,1.9831,104772000.0,154165000.0
399370.SZ,2016-07-13,4123.49,4106.7,4139.71,4106.33,4097.27,26.229,0.6402,106039000.0,159054000.0
399370.SZ,2016-07-14,4122.94,4116.39,4129.44,4098.84,4123.49,-0.555,-0.0135,80457100.0,121014000.0
399370.SZ,2016-07-15,4109.96,4120.94,4125.96,4095.91,4122.94,-12.981,-0.3148,72128700.0,108619000.0
399370.SZ,2016-07-18,4079.51,4098.68,4107.98,4060.77,4109.96,-30.443,-0.7407,73714800.0,109018000.0
399370.SZ,2016-07-19,4078.31,4079.46,4089.87,4039.03,4079.51,-1.204,-0.0295,65966600.0,101424000.0
399370.SZ,2016-07-20,4070.97,4075.98,4091.49,4062.76,4078.31,-7.34,-0.18,60347400.0,92460100.0
399370.SZ,2016-07-21,4091.09,4072.76,4123.24,4072.76,4070.97,20.117,0.4942,68955400.0,104142000.0
399370.SZ,2016-07-22,4055.69,4088.21,4094.22,4052.04,4091.09,-35.398,-0.8652,66741900.0,99028800.0
399370.SZ,2016-07-25,4060.89,4049.84,4084.86,4045.16,4055.69,5.197,0.1281,57507800.0,86860400.0
399370.SZ,2016-07-26,4119.04,4060.01,4119.56,4059.92,4060.89,58.155,1.4321,59697000.0,89826900.0
399370.SZ,2016-07-27,3997.79,4122.45,4128.02,3933.02,4119.04,-121.254,-2.9437,111787000.0,161545000.0
399370.SZ,2016-07-28,4004.64,3987.3,4025.3,3959.44,3997.79,6.849,0.1713,80007800.0,116038000.0
399370.SZ,2016-07-29,3982.2,4001.01,4012.85,3975.16,4004.64,-22.437,-0.5603,62228700.0,89372600.0
399370.SZ,2016-08-01,3935.7,3971.36,3973.91,3903.32,3982.2,-46.501,-1.1677,60641000.0,84234800.0
399370.SZ,2016-08-02,3956.42,3931.19,3956.58,3921.25,3935.7,20.723,0.5265,45478500.0,62894600.0
399370.SZ,2016-08-03,3966.7,3947.96,3971.99,3940.25,3956.42,10.277,0.2598,52980900.0,70789900.0
399370.SZ,2016-08-04,3994.36,3962.94,3994.59,3947.57,3966.7,27.66,0.6973,62014300.0,84860600.0
399370.SZ,2016-08-05,3989.77,3994.24,4020.49,3981.16,3994.36,-4.589,-0.1149,58951800.0,83398000.0
399370.SZ,2016-08-08,4027.78,3980.54,4027.82,3960.15,3989.77,38.008,0.9526,59680600.0,81334000.0
399370.SZ,2016-08-09,4063.71,4025.88,4063.71,4022.06,4027.78,35.927,0.892,60826900.0,86731500.0
399370.SZ,2016-08-10,4037.03,4062.13,4069.03,4036.65,4063.71,-26.677,-0.6565,59995600.0,87386900.0
399370.SZ,2016-08-11,4010.09,4032.66,4059.64,4010.01,4037.03,-26.937,-0.6672,62554100.0,87095600.0
399370.SZ,2016-08-12,4076.82,4005.11,4076.82,4004.97,4010.09,66.734,1.6642,69888900.0,93227400.0
399370.SZ,2016-08-15,4209.48,4088.08,4240.97,4086.56,4076.82,132.656,3.2539,134619000.0,187007000.0
399370.SZ,2016-08-16,4210.8,4218.83,4240.17,4203.38,4209.48,1.316,0.0313,111851000.0,164437000.0
399370.SZ,2016-08-17,4209.28,4211.73,4235.99,4184.24,4210.8,-1.515,-0.036,93629400.0,136692000.0
399370.SZ,2016-08-18,4193.36,4199.96,4230.45,4173.23,4209.28,-15.922,-0.3783,99123000.0,136543000.0
399370.SZ,2016-08-19,4187.14,4184.29,4199.3,4165.04,4193.36,-6.216,-0.1482,78020300.0,104839000.0
399370.SZ,2016-08-22,4137.67,4184.11,4196.37,4136.67,4187.14,-49.477,-1.1816,73999600.0,103548000.0
399370.SZ,2016-08-23,4146.63,4133.63,4164.0,4120.41,4137.67,8.964,0.2166,63099100.0,85259400.0
399370.SZ,2016-08-24,4138.71,4145.56,4159.52,4130.15,4146.63,-7.919,-0.191,61753600.0,84043800.0
399370.SZ,2016-08-25,4114.6,4119.39,4121.8,4072.45,4138.71,-24.112,-0.5826,70630200.0,95808200.0
399370.SZ,2016-08-26,4116.63,4122.37,4149.18,4109.1,4114.6,2.029,0.0493,59680200.0,86218000.0
399370.SZ,2016-08-29,4116.07,4116.19,4129.32,4103.82,4116.63,-0.562,-0.0137,51526300.0,77541800.0
399370.SZ,2016-08-30,4119.33,4119.82,4140.62,4112.2,4116.07,3.265,0.0793,51323600.0,74404000.0
399370.SZ,2016-08-31,4139.36,4119.04,4146.87,4107.05,4119.33,20.025,0.4861,55559300.0,80905300.0
399370.SZ,2016-09-01,4097.82,4138.18,4142.35,4097.19,4139.36,-41.533,-1.0034,58247100.0,82489500.0
399370.SZ,2016-09-02,4101.48,4096.17,4129.57,4080.71,4097.82,3.657,0.0892,58424500.0,81975700.0
399370.SZ,2016-09-05,4123.49,4117.17,4146.4,4112.52,4101.48,22.007,0.5366,55186100.0,77371500.0
399370.SZ,2016-09-06,4171.16,4131.23,4172.12,4097.55,4123.49,47.676,1.1562,72788800.0,109933000.0
399370.SZ,2016-09-07,4161.58,4172.32,4185.04,4157.2,4171.16,-9.581,-0.2297,65902300.0,99360100.0
399370.SZ,2016-09-08,4162.75,4157.67,4168.56,4143.52,4161.58,1.169,0.0281,54745100.0,80752100.0
399370.SZ,2016-09-09,4130.31,4163.52,4171.58,4130.12,4162.75,-32.445,-0.7794,59622800.0,88176000.0
399370.SZ,2016-09-12,4045.46,4064.22,4078.17,4025.03,4130.31,-84.848,-2.0543,76205300.0,108325000.0
399370.SZ,2016-09-13,4054.55,4058.58,4065.58,4036.24,4045.46,9.096,0.2248,52655300.0,78637500.0
399370.SZ,2016-09-14,4030.13,4037.1,4054.34,4019.14,4054.55,-24.429,-0.6025,49508300.0,74277800.0
399370.SZ,2016-09-19,4063.72,4037.87,4068.28,4037.87,4030.13,33.589,0.8334,42541000.0,64515200.0
399370.SZ,2016-09-20,4057.42,4066.35,4066.39,4048.03,4063.72,-6.298,-0.155,40506300.0,59128700.0
399370.SZ,2016-09-21,4068.07,4057.91,4074.89,4052.0,4057.42,10.656,0.2626,42176100.0,63617600.0
399370.SZ,2016-09-22,4098.19,4090.13,4111.17,4084.92,4068.07,30.116,0.7403,55620600.0,80084300.0
399370.SZ,2016-09-23,4074.87,4101.11,4103.88,4074.42,4098.19,-23.319,-0.569,47138400.0,69799100.0
399370.SZ,2016-09-26,3999.21,4065.54,4065.65,3999.02,4074.87,-75.663,-1.8568,51866200.0,74698600.0
399370.SZ,2016-09-27,4032.05,3992.81,4032.17,3990.94,3999.21,32.844,0.8213,46308400.0,64915900.0
399370.SZ,2016-09-28,4027.97,4036.33,4039.6,4017.22,4032.05,-4.083,-0.1013,38557700.0,54198200.0
399370.SZ,2016-09-29,4046.06,4031.46,4065.53,4031.46,4027.97,18.096,0.4493,44834400.0,60507400.0
399370.SZ,2016-09-30,4065.36,4040.65,4074.54,4039.23,4046.06,19.292,0.4768,36903600.0,52192600.0
399370.SZ,2016-10-10,4126.45,4078.82,4126.63,4066.88,4065.36,61.097,1.5029,60803700.0,87399500.0
399370.SZ,2016-10-11,4142.33,4126.2,4142.38,4119.35,4126.45,15.872,0.3846,60441400.0,81180600.0
399370.SZ,2016-10-12,4138.61,4130.22,4140.17,4122.12,4142.33,-3.717,-0.0897,49410100.0,68749200.0
399370.SZ,2016-10-13,4138.62,4137.73,4150.64,4127.19,4138.61,0.014,0.0003,57393200.0,73726700.0
399370.SZ,2016-10-14,4127.46,4133.38,4133.38,4104.43,4138.62,-11.162,-0.2697,47793300.0,67911600.0
399370.SZ,2016-10-17,4085.81,4129.7,4132.81,4076.99,4127.46,-41.651,-1.0091,51405400.0,71968100.0
399370.SZ,2016-10-18,4137.66,4079.9,4137.66,4079.87,4085.81,51.854,1.2691,59014600.0,80319700.0
399370.SZ,2016-10-19,4120.25,4141.45,4145.05,4112.07,4137.66,-17.416,-0.4209,52131600.0,70950900.0
399370.SZ,2016-10-20,4123.88,4123.44,4129.6,4114.94,4120.25,3.638,0.0883,47471900.0,69098000.0
399370.SZ,2016-10-21,4118.69,4123.64,4139.88,4094.98,4123.88,-5.193,-0.1259,54639300.0,78540900.0
399370.SZ,2016-10-24,4166.48,4128.35,4183.97,4122.15,4118.69,47.784,1.1602,75236900.0,102190000.0
399370.SZ,2016-10-25,4169.21,4164.89,4174.56,4157.11,4166.48,2.735,0.0656,57299500.0,79856000.0
399370.SZ,2016-10-26,4155.11,4168.99,4170.09,4143.96,4169.21,-14.104,-0.3383,58381200.0,82218500.0
399370.SZ,2016-10-27,4145.55,4148.81,4150.05,4129.26,4155.11,-9.559,-0.2301,47083000.0,66793600.0
399370.SZ,2016-10-28,4129.75,4148.74,4179.11,4128.1,4145.55,-15.798,-0.3811,59212600.0,84157200.0
399370.SZ,2016-10-31,4126.26,4118.04,4134.18,4098.6,4129.75,-3.494,-0.0846,46909300.0,66917200.0
399370.SZ,2016-11-01,4163.11,4130.01,4163.87,4127.54,4126.26,36.851,0.8931,50683500.0,71802600.0
399370.SZ,2016-11-02,4130.27,4152.13,4164.68,4128.53,4163.11,-32.833,-0.7887,58399400.0,80960500.0
399370.SZ,2016-11-03,4157.46,4119.82,4183.0,4116.88,4130.27,27.189,0.6583,73963900.0,101454000.0
399370.SZ,2016-11-04,4141.53,4154.97,4175.08,4134.53,4157.46,-15.932,-0.3832,58349700.0,81381200.0
399370.SZ,2016-11-07,4138.73,4141.19,4150.67,4126.43,4141.53,-2.801,-0.0676,61616000.0,73574100.0
399370.SZ,2016-11-08,4160.89,4156.15,4172.37,4146.08,4138.73,22.163,0.5355,55496500.0,74417200.0
399370.SZ,2016-11-09,4136.56,4163.04,4167.39,4097.19,4160.89,-24.338,-0.5849,81766600.0,106039000.0
399370.SZ,2016-11-10,4181.16,4165.02,4200.58,4164.96,4136.56,44.606,1.0783,70030400.0,93024600.0
399370.SZ,2016-11-11,4209.8,4182.14,4212.02,4167.54,4181.16,28.638,0.6849,94005000.0,123292000.0
399370.SZ,2016-11-14,4222.28,4204.31,4252.62,4200.49,4209.8,12.479,0.2964,101920000.0,135837000.0
399370.SZ,2016-11-15,4238.18,4220.1,4238.18,4208.42,4222.28,15.901,0.3766,75548300.0,101899000.0
399370.SZ,2016-11-16,4242.99,4244.04,4252.58,4234.02,4238.18,4.809,0.1135,79981300.0,106474000.0
399370.SZ,2016-11-17,4235.26,4232.68,4240.33,4210.43,4242.99,-7.732,-0.1822,65399900.0,89841200.0
399370.SZ,2016-11-18,4209.14,4232.36,4240.91,4204.08,4235.26,-26.116,-0.6166,60813600.0,83595500.0
399370.SZ,2016-11-21,4216.21,4202.97,4240.33,4199.4,4209.14,7.075,0.1681,65602500.0,92605300.0
399370.SZ,2016-11-22,4247.71,4221.27,4248.12,4220.93,4216.21,31.492,0.7469,76126600.0,104456000.0
399370.SZ,2016-11-23,4245.6,4258.65,4273.14,4236.52,4247.71,-2.111,-0.0497,80380400.0,115696000.0
399370.SZ,2016-11-24,4259.23,4238.35,4285.06,4235.45,4245.6,13.639,0.3213,82867600.0,117493000.0
399370.SZ,2016-11-25,4288.73,4257.09,4288.73,4208.43,4259.23,29.49,0.6924,78522200.0,110719000.0
399370.SZ,2016-11-28,4291.05,4307.97,4316.75,4283.08,4288.73,2.329,0.0543,88792300.0,129819000.0
399370.SZ,2016-11-29,4306.6,4284.15,4327.48,4276.16,4291.05,15.542,0.3622,93839000.0,132002000.0
399370.SZ,2016-11-30,4289.64,4301.77,4320.74,4277.26,4306.6,-16.957,-0.3937,79610400.0,116852000.0
399370.SZ,2016-12-01,4323.67,4298.04,4327.21,4296.46,4289.64,34.028,0.7933,76343100.0,117673000.0
399370.SZ,2016-12-02,4258.07,4316.47,4316.47,4253.53,4323.67,-65.595,-1.5171,81997400.0,114244000.0
399370.SZ,2016-12-05,4190.9,4196.99,4236.58,4182.63,4258.07,-67.169,-1.5775,80304200.0,106991000.0
399370.SZ,2016-12-06,4186.11,4192.28,4207.97,4183.93,4190.9,-4.792,-0.1143,51907000.0,78152000.0
399370.SZ,2016-12-07,4209.52,4184.99,4209.65,4175.79,4186.11,23.405,0.5591,50529300.0,68908200.0
399370.SZ,2016-12-08,4196.1,4215.29,4215.44,4192.32,4209.52,-13.42,-0.3188,51969300.0,72527400.0
399370.SZ,2016-12-09,4199.5,4192.25,4218.3,4188.56,4196.1,3.4,0.081,55861700.0,81146200.0
399370.SZ,2016-12-12,4054.17,4189.79,4189.79,4049.85,4199.5,-145.325,-3.4605,82703100.0,113523000.0
399370.SZ,2016-12-13,4052.68,4042.63,4067.19,4011.34,4054.17,-1.487,-0.0367,51751000.0,69190800.0
399370.SZ,2016-12-14,4014.53,4049.94,4052.38,4012.93,4052.68,-38.15,-0.9414,52147400.0,66589000.0
399370.SZ,2016-12-15,3999.9,4002.26,4029.24,3983.86,4014.53,-14.631,-0.3645,52419900.0,67291100.0
399370.SZ,2016-12-16,4021.8,3995.8,4029.59,3992.99,3999.9,21.9,0.5475,43476200.0,57062200.0
399370.SZ,2016-12-19,3995.1,4017.65,4017.65,3990.07,4021.8,-26.7073,-0.6641,42102600.0,51686600.0
399370.SZ,2016-12-20,3980.33,3993.35,3993.85,3961.18,3995.1,-14.7626,-0.3695,44847500.0,53316900.0
399370.SZ,2016-12-21,4005.11,3986.14,4010.23,3986.14,3980.33,24.7723,0.6224,42389100.0,54463500.0
399370.SZ,2016-12-22,3998.43,4003.11,4004.01,3983.04,4005.11,-6.6776,-0.1667,36489800.0,47517900.0
399370.SZ,2016-12-23,3959.27,3994.83,3996.23,3953.75,3998.43,-39.1538,-0.9792,38526000.0,49833200.0
399370.SZ,2016-12-26,3977.03,3946.99,3977.12,3914.8,3959.27,17.7587,0.4485,39356000.0,52637200.0
399370.SZ,2016-12-27,3976.13,3975.92,3992.55,3973.63,3977.03,-0.9011,-0.0227,34266200.0,45698900.0
399370.SZ,2016-12-28,3962.2,3976.71,3982.97,3954.15,3976.13,-13.9362,-0.3505,36686200.0,45756300.0
399370.SZ,2016-12-29,3952.29,3958.65,3971.65,3947.15,3962.2,-9.9062,-0.25,33593300.0,44656600.0
399370.SZ,2016-12-30,3972.35,3958.54,3974.4,3952.95,3952.29,20.0562,0.5075,34703500.0,46542600.0
399370.SZ,2017-01-03,4005.31,3982.82,4010.59,3982.82,3972.35,32.9693,0.83,45798600.0,54972000.0
399370.SZ,2017-01-04,4041.62,4005.55,4041.73,4000.24,4005.31,36.3083,0.9065,46523400.0,62582400.0
399370.SZ,2017-01-05,4029.99,4041.97,4045.51,4028.35,4041.62,-11.6364,-0.2879,40421100.0,51573500.0
399370.SZ,2017-01-06,3998.01,4027.85,4027.85,3997.58,4029.99,-31.9758,-0.7934,38555200.0,52174000.0
399370.SZ,2017-01-09,4009.8,3994.54,4013.73,3984.87,3998.01,11.7863,0.2948,36949700.0,48150900.0
399370.SZ,2017-01-10,4002.72,4007.55,4019.1,3999.93,4009.8,-7.078,-0.1765,37882900.0,46840800.0
399370.SZ,2017-01-11,3969.68,3997.16,4009.75,3969.51,4002.72,-33.0395,-0.8254,37133200.0,47185100.0
399370.SZ,2017-01-12,3949.06,3967.35,3982.06,3948.0,3969.68,-20.6208,-0.5195,39591600.0,44597500.0
399370.SZ,2017-01-13,3920.01,3948.25,3955.93,3913.08,3949.06,-29.0479,-0.7356,40148600.0,49056700.0
399370.SZ,2017-01-16,3857.87,3912.27,3912.27,3779.1,3920.01,-62.139,-1.5852,63587900.0,80550700.0
399370.SZ,2017-01-17,3884.65,3843.64,3885.22,3817.83,3857.87,26.7819,0.6942,37277500.0,49843900.0
399370.SZ,2017-01-18,3878.71,3876.62,3897.77,3866.34,3884.65,-5.9463,-0.1531,31265800.0,43258900.0
399370.SZ,2017-01-19,3872.54,3871.07,3889.86,3859.58,3878.71,-6.1663,-0.159,31849800.0,37265500.0
399370.SZ,2017-01-20,3921.56,3871.0,3928.86,3870.86,3872.54,49.0198,1.2658,40254700.0,51116800.0
399370.SZ,2017-01-23,3936.24,3925.42,3953.33,3925.42,3921.56,14.6801,0.3743,38417900.0,46041200.0
399370.SZ,2017-01-24,3919.64,3933.45,3936.19,3916.35,3936.24,-16.6051,-0.4219,31194800.0,40091600.0
399370.SZ,2017-01-25,3934.98,3917.05,3939.05,3912.17,3919.64,15.339,0.3913,27228300.0,36474000.0
399370.SZ,2017-01-26,3956.93,3939.94,3965.24,3939.81,3934.98,21.9512,0.5578,27953800.0,37378000.0
399370.SZ,2017-02-03,3936.2,3960.12,3961.89,3930.3,3956.93,-20.7243,-0.5237,30521400.0,33777200.0
399370.SZ,2017-02-06,3957.68,3935.88,3962.62,3930.21,3936.2,21.4821,0.5458,34341100.0,44800200.0
399370.SZ,2017-02-07,3944.61,3954.75,3959.97,3929.29,3957.68,-13.0746,-0.3304,32608300.0,43456100.0
399370.SZ,2017-02-08,3973.26,3941.59,3973.52,3921.91,3944.61,28.6502,0.7263,38261100.0,50959000.0
399370.SZ,2017-02-09,3985.3,3970.31,3993.82,3968.04,3973.26,12.0408,0.303,45954500.0,59111500.0
399370.SZ,2017-02-10,3986.77,3986.44,3997.66,3975.47,3985.3,1.4714,0.0369,46690900.0,59850100.0
399370.SZ,2017-02-13,4016.18,3985.89,4017.94,3985.19,3986.77,29.4055,0.7376,48513900.0,65282700.0
399370.SZ,2017-02-14,4006.97,4019.56,4025.93,3999.85,4016.18,-9.2029,-0.2291,39887400.0,54080700.0
399370.SZ,2017-02-15,3978.29,4005.88,4021.44,3972.03,4006.97,-28.6872,-0.7159,50691200.0,67168300.0
399370.SZ,2017-02-16,4007.09,3976.25,4007.29,3971.17,3978.29,28.7986,0.7239,43573600.0,55950800.0
399370.SZ,2017-02-17,3990.07,4012.1,4039.18,3987.6,4007.09,-17.0191,-0.4247,56541400.0,72357800.0
399370.SZ,2017-02-20,4034.0,3989.03,4035.5,3989.02,3990.07,43.931,1.101,50906400.0,67797200.0
399370.SZ,2017-02-21,4059.11,4038.05,4060.16,4033.31,4034.0,25.1117,0.6225,57584800.0,74472800.0
399370.SZ,2017-02-22,4069.93,4058.51,4070.19,4046.24,4059.11,10.8181,0.2665,52329800.0,66756300.0
399370.SZ,2017-02-23,4059.22,4068.41,4070.88,4041.99,4069.93,-10.7055,-0.263,52302100.0,67117500.0
399370.SZ,2017-02-24,4067.53,4058.12,4067.94,4049.25,4059.22,8.3033,0.2046,46280900.0,64140000.0
399370.SZ,2017-02-27,4033.58,4064.13,4065.43,4029.66,4067.53,-33.9458,-0.8346,47536900.0,65890100.0
399370.SZ,2017-02-28,4041.4,4031.38,4050.86,4027.27,4033.58,7.8209,0.1939,39941400.0,54353600.0
399370.SZ,2017-03-01,4045.49,4039.96,4058.49,4035.91,4041.4,4.085,0.1011,43248000.0,59692500.0
399370.SZ,2017-03-02,4024.86,4052.08,4062.48,4023.37,4045.49,-20.6247,-0.5098,44778200.0,61320000.0
399370.SZ,2017-03-03,4028.54,4013.94,4028.58,3997.43,4024.86,3.6788,0.0914,40640500.0,58285200.0
399370.SZ,2017-03-06,4069.72,4029.63,4069.72,4029.59,4028.54,41.1815,1.0222,45746400.0,67051300.0
399370.SZ,2017-03-07,4083.85,4071.54,4083.97,4061.48,4069.72,14.1321,0.3472,46599200.0,69080800.0
399370.SZ,2017-03-08,4066.14,4084.57,4084.57,4057.38,4083.85,-17.709,-0.4336,38407800.0,58040800.0
399370.SZ,2017-03-09,4038.2,4062.3,4062.37,4026.14,4066.14,-27.9435,-0.6872,39624000.0,57211900.0
399370.SZ,2017-03-10,4048.19,4036.99,4056.4,4036.99,4038.2,9.994,0.2475,36692800.0,54508600.0
399370.SZ,2017-03-13,4084.65,4046.53,4084.76,4027.31,4048.19,36.4568,0.9006,48895600.0,72098200.0
399370.SZ,2017-03-14,4072.62,4082.99,4088.72,4064.26,4084.65,-12.0282,-0.2945,42650500.0,67355200.0
399370.SZ,2017-03-15,4080.21,4068.77,4081.3,4061.9,4072.62,7.5908,0.1864,43776100.0,65726800.0
399370.SZ,2017-03-16,4110.74,4086.31,4114.61,4086.31,4080.21,30.5249,0.7481,54797900.0,80032700.0
399370.SZ,2017-03-17,4064.29,4113.64,4116.85,4062.1,4110.74,-46.4459,-1.1299,57182000.0,82482400.0
399370.SZ,2017-03-20,4067.9,4061.33,4069.72,4043.62,4064.29,3.6023,0.0886,45967900.0,66878800.0
399370.SZ,2017-03-21,4087.72,4068.07,4087.91,4063.13,4067.9,19.8226,0.4873,44146100.0,66419500.0
399370.SZ,2017-03-22,4071.15,4069.63,4087.61,4051.29,4087.72,-16.5656,-0.4053,50705000.0,74836800.0
399370.SZ,2017-03-23,4081.26,4073.43,4093.29,4044.23,4071.15,10.1115,0.2484,48796100.0,71189600.0
399370.SZ,2017-03-24,4114.43,4083.25,4122.8,4080.65,4081.26,33.1663,0.8126,56664100.0,78649100.0
399370.SZ,2017-03-27,4090.04,4114.15,4123.85,4089.34,4114.43,-24.3912,-0.5928,48163200.0,69361000.0
399370.SZ,2017-03-28,4079.19,4091.85,4097.88,4070.03,4090.04,-10.8482,-0.2652,40390500.0,56265900.0
399370.SZ,2017-03-29,4058.02,4082.66,4087.66,4050.92,4079.19,-21.1716,-0.519,48968400.0,67605800.0
399370.SZ,2017-03-30,4007.57,4051.42,4057.9,3994.83,4058.02,-50.4491,-1.2432,55101400.0,74744400.0
399370.SZ,2017-03-31,4030.19,4008.32,4030.29,4008.2,4007.57,22.6226,0.5645,40204400.0,58602100.0
399370.SZ,2017-04-05,4096.36,4051.22,4096.36,4051.22,4030.19,66.1659,1.6418,63539600.0,89545500.0
399370.SZ,2017-04-06,4104.49,4102.32,4107.4,4089.42,4096.36,8.1299,0.1985,53661400.0,75566700.0
399370.SZ,2017-04-07,4114.45,4104.68,4124.43,4097.87,4104.49,9.9588,0.2426,61259000.0,83923800.0
399370.SZ,2017-04-10,4093.66,4115.92,4116.6,4090.92,4114.45,-20.7903,-0.5053,69948600.0,98102500.0
399370.SZ,2017-04-11,4106.34,4093.27,4109.24,4041.84,4093.66,12.6847,0.3099,77618300.0,111437000.0
399370.SZ,2017-04-12,4083.82,4102.67,4113.09,4077.15,4106.34,-22.5178,-0.5484,75928700.0,115704000.0
399370.SZ,2017-04-13,4101.98,4077.31,4111.21,4074.59,4083.82,18.1596,0.4447,54412700.0,71226000.0
399370.SZ,2017-04-14,4058.35,4106.15,4106.15,4051.37,4101.98,-43.6317,-1.0637,54203000.0,73514300.0
399370.SZ,2017-04-17,4041.86,4045.98,4052.05,4017.35,4058.35,-16.4875,-0.4063,48451200.0,70945000.0
399370.SZ,2017-04-18,4023.32,4037.71,4063.85,4023.17,4041.86,-18.5402,-0.4587,49096500.0,74695000.0
399370.SZ,2017-04-19,4013.93,4013.45,4018.11,3970.66,4023.32,-9.3916,-0.2334,52257500.0,72646100.0
399370.SZ,2017-04-20,4023.25,4012.74,4036.02,4000.57,4013.93,9.3166,0.2321,51984400.0,79582600.0
399370.SZ,2017-04-21,4021.06,4019.23,4038.35,4006.58,4023.25,-2.1856,-0.0543,46711800.0,65817800.0
399370.SZ,2017-04-24,3971.98,4011.34,4011.34,3939.04,4021.06,-49.0787,-1.2205,50110900.0,67100200.0
399370.SZ,2017-04-25,3983.16,3970.42,4000.34,3966.78,3971.98,11.1789,0.2814,43906300.0,63196200.0
399370.SZ,2017-04-26,3996.88,3983.35,4015.69,3982.11,3983.16,13.7117,0.3442,52166900.0,77131200.0
399370.SZ,2017-04-27,4005.42,3987.39,4011.02,3940.47,3996.88,8.5402,0.2137,57645600.0,81036800.0
399370.SZ,2017-04-28,3998.8,3998.29,3999.93,3978.83,4005.42,-6.6168,-0.1652,46991100.0,69734100.0
399370.SZ,2017-05-02,3987.96,3985.01,3991.84,3972.68,3998.8,-10.8373,-0.271,47336400.0,69344000.0
399370.SZ,2017-05-03,3969.7,3982.45,3993.14,3954.11,3987.96,-18.2603,-0.4579,46884000.0,65522100.0
399370.SZ,2017-05-04,3957.73,3960.87,3987.73,3944.85,3969.7,-11.9677,-0.3015,45980600.0,66381900.0
399370.SZ,2017-05-05,3917.79,3944.18,3947.75,3913.15,3957.73,-39.9448,-1.0093,49441900.0,70448500.0
399370.SZ,2017-05-08,3862.4,3903.16,3909.68,3853.79,3917.79,-55.3884,-1.4138,57816200.0,72565600.0
399370.SZ,2017-05-09,3856.39,3841.68,3861.98,3816.97,3862.4,-6.0155,-0.1557,41542000.0,55125100.0
399370.SZ,2017-05-10,3818.63,3852.48,3874.04,3818.55,3856.39,-37.7542,-0.979,46614000.0,62384700.0
399370.SZ,2017-05-11,3830.77,3798.59,3832.54,3764.48,3818.63,12.1421,0.318,54477200.0,68704800.0
399370.SZ,2017-05-12,3839.31,3823.8,3844.09,3816.62,3830.77,8.5365,0.2228,40984400.0,55845900.0
399370.SZ,2017-05-15,3860.74,3844.0,3870.42,3844.0,3839.31,21.4261,0.5581,40305400.0,56176400.0
399370.SZ,2017-05-16,3917.95,3849.69,3917.95,3830.75,3860.74,57.2151,1.482,55828400.0,75156900.0
399370.SZ,2017-05-17,3907.56,3911.83,3937.33,3906.09,3917.95,-10.3934,-0.2653,55936400.0,77289000.0
399370.SZ,2017-05-18,3883.48,3881.68,3908.52,3874.68,3907.56,-24.0748,-0.6161,43089200.0,58749900.0
399370.SZ,2017-05-19,3885.47,3882.47,3895.46,3869.49,3883.48,1.9887,0.0512,40063000.0,55054600.0
399370.SZ,2017-05-22,3866.92,3880.84,3899.99,3847.14,3885.47,-18.5555,-0.4776,47674000.0,63244000.0
399370.SZ,2017-05-23,3838.07,3858.63,3873.88,3828.08,3866.92,-28.8437,-0.7459,56780800.0,74637800.0
399370.SZ,2017-05-24,3850.36,3822.29,3850.36,3786.45,3838.07,12.2894,0.3202,44679300.0,59589300.0
399370.SZ,2017-05-25,3894.3,3839.16,3902.43,3821.16,3850.36,43.9429,1.1413,60668500.0,78890700.0
399370.SZ,2017-05-26,3884.22,3884.14,3904.9,3878.44,3894.3,-10.0837,-0.2589,51410600.0,70308600.0
399370.SZ,2017-05-31,3888.75,3913.47,3925.54,3881.6,3884.22,4.5292,0.1166,57574000.0,73852600.0
399370.SZ,2017-06-01,3860.01,3878.97,3889.58,3859.71,3888.75,-28.7442,-0.7392,50623000.0,68455000.0
399370.SZ,2017-06-02,3871.71,3852.46,3879.92,3823.75,3860.01,11.6996,0.3031,49028800.0,62724800.0
399370.SZ,2017-06-05,3878.54,3869.06,3885.71,3869.0,3871.71,6.8356,0.1766,41337700.0,54454400.0
399370.SZ,2017-06-06,3904.97,3875.25,3905.07,3871.01,3878.54,26.4296,0.6814,37495900.0,50341700.0
399370.SZ,2017-06-07,3965.0,3904.94,3970.12,3902.16,3904.97,60.0339,1.5374,61870200.0,83468900.0
399370.SZ,2017-06-08,3989.98,3964.02,3990.03,3960.8,3965.0,24.9772,0.6299,55662100.0,74222600.0
399370.SZ,2017-06-09,3995.95,3989.05,4000.26,3980.83,3989.98,5.9703,0.1496,51862900.0,74129700.0
399370.SZ,2017-06-12,3969.67,3981.75,3999.33,3962.56,3995.95,-26.2856,-0.6578,51039900.0,70409400.0
399370.SZ,2017-06-13,3995.18,3962.3,4000.02,3962.24,3969.67,25.5126,0.6427,44536400.0,59042400.0
399370.SZ,2017-06-14,3960.52,3989.61,3992.48,3957.01,3995.18,-34.6635,-0.8676,46294300.0,61971400.0
399370.SZ,2017-06-15,3991.7,3957.13,3994.55,3955.61,3960.52,31.1849,0.7874,53582800.0,70212400.0
399370.SZ,2017-06-16,3977.31,3991.49,4000.74,3975.61,3991.7,-14.3917,-0.3605,46201300.0,58215000.0
399370.SZ,2017-06-19,4016.78,3977.38,4016.78,3977.36,3977.31,39.4679,0.9923,48242600.0,63865100.0
399370.SZ,2017-06-20,4019.18,4023.48,4030.36,4011.93,4016.78,2.3994,0.0597,50335800.0,65726700.0
399370.SZ,2017-06-21,4057.29,4042.59,4057.3,4018.92,4019.18,38.1161,0.9484,54857400.0,75426000.0
399370.SZ,2017-06-22,4025.88,4052.89,4082.04,4025.88,4057.29,-31.4075,-0.7741,66670300.0,91952300.0
399370.SZ,2017-06-23,4053.71,4018.76,4053.83,3993.07,4025.88,27.8231,0.6911,54784700.0,75680100.0
399370.SZ,2017-06-26,4107.9,4055.29,4108.1,4054.97,4053.71,54.1932,1.3369,71294800.0,94535500.0
399370.SZ,2017-06-27,4109.68,4109.04,4113.11,4087.09,4107.9,1.7835,0.0434,54854400.0,72136800.0
399370.SZ,2017-06-28,4074.36,4099.08,4101.39,4069.59,4109.68,-35.3282,-0.8596,49834900.0,69566300.0
399370.SZ,2017-06-29,4096.96,4076.77,4098.3,4075.64,4074.36,22.6012,0.5547,51909900.0,70338600.0
399370.SZ,2017-06-30,4100.84,4084.74,4103.88,4076.93,4096.96,3.8798,0.0947,46854800.0,62612200.0
399370.SZ,2017-07-03,4096.82,4101.42,4103.25,4069.07,4100.84,-4.0198,-0.098,46012300.0,75972000.0
399370.SZ,2017-07-04,4071.36,4091.21,4091.34,4058.6,4096.82,-25.4613,-0.6215,50837500.0,83039700.0
399370.SZ,2017-07-05,4099.29,4059.81,4099.34,4054.54,4071.36,27.9339,0.6861,50991100.0,80876500.0
399370.SZ,2017-07-06,4091.91,4094.87,4104.34,4060.29,4099.29,-7.3812,-0.1801,58168300.0,91157000.0
399370.SZ,2017-07-07,4093.27,4081.02,4097.19,4065.64,4091.91,1.3619,0.0333,58394500.0,83740400.0
399370.SZ,2017-07-10,4074.92,4083.8,4099.91,4070.82,4093.27,-18.3513,-0.4483,65123000.0,93000900.0
399370.SZ,2017-07-11,4076.72,4071.78,4115.93,4071.78,4074.92,1.799,0.0441,60908500.0,93395300.0
399370.SZ,2017-07-12,4065.81,4074.22,4086.28,4037.91,4076.72,-10.9082,-0.2676,57051400.0,86464400.0
399370.SZ,2017-07-13,4082.07,4063.01,4087.35,4057.47,4065.81,16.256,0.3998,54061300.0,80744400.0
399370.SZ,2017-07-14,4068.98,4075.49,4078.18,4053.97,4082.07,-13.0811,-0.3205,50037600.0,75448800.0
399370.SZ,2017-07-17,3942.91,4055.02,4057.24,3926.98,4068.98,-126.072,-3.0984,77469900.0,110811000.0
399370.SZ,2017-07-18,3944.01,3920.71,3945.98,3893.65,3942.91,1.1001,0.0279,55610200.0,79137400.0
399370.SZ,2017-07-19,4035.61,3934.75,4036.05,3926.37,3944.01,91.5991,2.3225,76721300.0,106069000.0
399370.SZ,2017-07-20,4061.52,4033.41,4071.47,4031.11,4035.61,25.9127,0.6421,71037600.0,104248000.0
399370.SZ,2017-07-21,4058.29,4054.84,4074.19,4050.26,4061.52,-3.2325,-0.0796,61003600.0,89583200.0
399370.SZ,2017-07-24,4075.75,4052.51,4085.59,4048.19,4058.29,17.4584,0.4302,65681700.0,96616600.0
399370.SZ,2017-07-25,4050.32,4072.08,4080.3,4040.69,4075.75,-25.4336,-0.624,56700600.0,82602900.0
399370.SZ,2017-07-26,4034.11,4053.72,4058.82,4011.35,4050.32,-16.2043,-0.4001,58254800.0,86882500.0
399370.SZ,2017-07-27,4069.21,4026.35,4075.31,3991.73,4034.11,35.0955,0.87,80497100.0,116477000.0
399370.SZ,2017-07-28,4069.84,4062.79,4082.82,4058.1,4069.21,0.6294,0.0155,62283900.0,91882900.0
399370.SZ,2017-07-31,4087.39,4068.34,4094.21,4052.82,4069.84,17.5482,0.4312,71440200.0,101511000.0
399370.SZ,2017-08-01,4103.28,4083.37,4106.56,4082.56,4087.39,15.895,0.3889,77798100.0,110662000.0
399370.SZ,2017-08-02,4094.57,4107.18,4118.61,4089.03,4103.28,-8.7079,-0.2122,84448700.0,118334000.0
399370.SZ,2017-08-03,4073.03,4087.04,4107.1,4061.6,4094.57,-21.546,-0.5262,71406600.0,102925000.0
399370.SZ,2017-08-04,4048.58,4069.81,4084.69,4048.28,4073.03,-24.4482,-0.6002,73873000.0,100413000.0
399370.SZ,2017-08-07,4065.61,4040.54,4068.66,4038.54,4048.58,17.0277,0.4206,56448800.0,79642200.0
399370.SZ,2017-08-08,4085.46,4062.81,4093.31,4053.95,4065.61,19.8516,0.4883,68504800.0,94264800.0
399370.SZ,2017-08-09,4091.51,4079.54,4099.79,4068.53,4085.46,6.0501,0.1481,62265000.0,86582400.0
399370.SZ,2017-08-10,4080.8,4086.37,4113.35,4051.85,4091.51,-10.7048,-0.2616,64561000.0,92160000.0
399370.SZ,2017-08-11,4012.9,4053.91,4069.93,4010.96,4080.8,-67.9037,-1.664,69057700.0,96047400.0
399370.SZ,2017-08-14,4101.79,4021.65,4101.83,4021.65,4012.9,88.8935,2.2152,68303000.0,101712000.0
399370.SZ,2017-08-15,4113.29,4104.26,4119.99,4093.47,4101.79,11.4985,0.2803,60102700.0,90427200.0
399370.SZ,2017-08-16,4124.41,4107.16,4133.76,4092.56,4113.29,11.1177,0.2703,72536600.0,106019000.0
399370.SZ,2017-08-17,4144.73,4119.84,4146.3,4117.65,4124.41,20.3181,0.4926,68101800.0,102588000.0
399370.SZ,2017-08-18,4124.69,4118.65,4136.27,4110.69,4144.73,-20.0363,-0.4834,57526300.0,87908800.0
399370.SZ,2017-08-21,4150.65,4127.46,4150.65,4127.46,4124.69,25.9575,0.6293,54530800.0,82112400.0
399370.SZ,2017-08-22,4144.76,4150.71,4161.47,4136.34,4150.65,-5.8931,-0.142,56623100.0,86184300.0
399370.SZ,2017-08-23,4138.64,4143.3,4158.31,4122.19,4144.76,-6.1152,-0.1475,54035300.0,77562400.0
399370.SZ,2017-08-24,4106.67,4137.6,4140.26,4102.41,4138.64,-31.9674,-0.7724,48640600.0,73311600.0
399370.SZ,2017-08-25,4159.81,4106.29,4163.31,4106.09,4106.67,53.1366,1.2939,60906100.0,91047100.0
399370.SZ,2017-08-28,4241.88,4174.26,4268.84,4174.26,4159.81,82.0661,1.9728,105854000.0,159309000.0
399370.SZ,2017-08-29,4219.55,4238.02,4245.99,4211.18,4241.88,-22.3219,-0.5262,75392800.0,111186000.0
399370.SZ,2017-08-30,4230.0,4219.8,4252.13,4219.8,4219.55,10.4503,0.2477,72832100.0,105897000.0
399370.SZ,2017-08-31,4240.24,4234.84,4246.24,4219.89,4230.0,10.2319,0.2419,66633500.0,100455000.0
399370.SZ,2017-09-01,4261.66,4242.19,4261.73,4242.19,4240.24,21.4196,0.5052,78353500.0,117899000.0
399370.SZ,2017-09-04,4290.24,4260.4,4292.83,4248.09,4261.66,28.5865,0.6708,81980700.0,122524000.0
399370.SZ,2017-09-05,4299.48,4289.74,4305.59,4284.08,4290.24,9.2376,0.2153,70109300.0,108344000.0
399370.SZ,2017-09-06,4309.48,4290.46,4311.12,4274.25,4299.48,9.9964,0.2325,75385900.0,117112000.0
399370.SZ,2017-09-07,4283.15,4312.13,4327.02,4282.18,4309.48,-26.3214,-0.6108,79780700.0,120012000.0
399370.SZ,2017-09-08,4275.91,4281.97,4294.7,4255.49,4283.15,-7.2427,-0.1691,63223200.0,98592700.0
399370.SZ,2017-09-11,4296.68,4279.84,4303.7,4271.48,4275.91,20.7656,0.4856,64176000.0,103234000.0
399370.SZ,2017-09-12,4297.83,4304.32,4332.58,4289.11,4296.68,1.1514,0.0268,92482700.0,147814000.0
399370.SZ,2017-09-13,4311.98,4296.25,4312.3,4282.8,4297.83,14.154,0.3293,62352300.0,97602800.0
399370.SZ,2017-09-14,4299.5,4311.2,4325.78,4286.69,4311.98,-12.4813,-0.2895,72260400.0,108667000.0
399370.SZ,2017-09-15,4306.21,4293.88,4316.89,4283.92,4299.5,6.7049,0.1559,68681000.0,103472000.0
399370.SZ,2017-09-18,4340.86,4308.14,4344.9,4308.13,4306.21,34.6543,0.8048,67647200.0,103198000.0
399370.SZ,2017-09-19,4312.59,4344.95,4349.37,4299.83,4340.86,-28.2711,-0.6513,69955100.0,108805000.0
399370.SZ,2017-09-20,4341.22,4310.75,4341.55,4306.83,4312.59,28.6294,0.6639,64993600.0,102354000.0
399370.SZ,2017-09-21,4315.01,4342.7,4353.42,4315.01,4341.22,-26.206,-0.6037,68696000.0,106830000.0
399370.SZ,2017-09-22,4310.53,4302.87,4312.19,4284.44,4315.01,-4.4794,-0.1038,57967800.0,91214300.0
399370.SZ,2017-09-25,4265.77,4303.3,4305.68,4258.82,4310.53,-44.7606,-1.0384,58279700.0,90089900.0
399370.SZ,2017-09-26,4260.15,4258.33,4269.87,4239.75,4265.77,-5.6199,-0.1317,47108900.0,73760300.0
399370.SZ,2017-09-27,4287.17,4259.87,4294.29,4259.87,4260.15,27.019,0.6342,47835100.0,80145100.0
399370.SZ,2017-09-28,4280.68,4284.47,4295.17,4279.79,4287.17,-6.4877,-0.1513,48586100.0,78165700.0
399370.SZ,2017-09-29,4317.19,4287.42,4322.83,4287.42,4280.68,36.5068,0.8528,50931100.0,83190800.0
399370.SZ,2017-10-09,4367.94,4384.25,4394.31,4361.92,4317.19,50.7493,1.1755,65183000.0,107322000.0
399370.SZ,2017-10-10,4389.38,4368.83,4389.75,4349.98,4367.94,21.4353,0.4907,66166100.0,104637000.0
399370.SZ,2017-10-11,4395.11,4387.22,4405.71,4382.54,4389.38,5.7388,0.1307,67280400.0,107750000.0
399370.SZ,2017-10-12,4392.26,4394.33,4405.07,4369.18,4395.11,-2.8524,-0.0649,49985900.0,80031100.0
399370.SZ,2017-10-13,4415.23,4394.76,4418.71,4389.35,4392.26,22.9632,0.5228,49548500.0,84992600.0
399370.SZ,2017-10-16,4372.43,4419.97,4429.44,4372.42,4415.23,-42.7904,-0.9692,63808100.0,102745000.0
399370.SZ,2017-10-17,4375.91,4367.11,4391.82,4352.3,4372.43,3.4755,0.0795,46332300.0,78353500.0
399370.SZ,2017-10-18,4388.57,4379.41,4399.37,4371.2,4375.91,12.6644,0.2894,51286700.0,83445700.0
399370.SZ,2017-10-19,4348.62,4383.55,4387.95,4341.32,4388.57,-39.9547,-0.9104,52798200.0,81788800.0
399370.SZ,2017-10-20,4359.4,4337.67,4359.55,4328.28,4348.62,10.7817,0.2479,40310200.0,69348300.0
399370.SZ,2017-10-23,4372.55,4358.5,4372.58,4354.98,4359.4,13.1522,0.3017,43474300.0,71074400.0
399370.SZ,2017-10-24,4395.11,4366.26,4395.15,4357.96,4372.55,22.5583,0.5159,47913500.0,79649700.0
399370.SZ,2017-10-25,4418.23,4390.48,4418.52,4387.11,4395.11,23.117,0.526,40998600.0,71578700.0
399370.SZ,2017-10-26,4422.0,4411.52,4444.93,4406.46,4418.23,3.7746,0.0854,54719400.0,94660000.0
399370.SZ,2017-10-27,4408.76,4418.43,4428.2,4397.61,4422.0,-13.2464,-0.2996,47444800.0,78401800.0
399370.SZ,2017-10-30,4363.35,4408.17,4419.38,4314.6,4408.76,-45.411,-1.03,65423000.0,103886000.0
399370.SZ,2017-10-31,4371.73,4354.89,4374.11,4342.7,4363.35,8.3866,0.1922,45213200.0,80591100.0
399370.SZ,2017-11-01,4355.2,4373.37,4391.55,4353.85,4371.73,-16.5354,-0.3782,50343500.0,88091700.0
399370.SZ,2017-11-02,4348.7,4349.81,4362.6,4323.59,4355.2,-6.4985,-0.1492,52220200.0,85361900.0
399370.SZ,2017-11-03,4331.36,4346.08,4362.15,4310.89,4348.7,-17.343,-0.3988,53795900.0,86163800.0
399370.SZ,2017-11-06,4375.68,4329.0,4376.31,4322.21,4331.36,44.3208,1.0233,51647500.0,89291800.0
399370.SZ,2017-11-07,4412.25,4378.18,4412.39,4377.46,4375.68,36.5724,0.8358,58294000.0,101209000.0
399370.SZ,2017-11-08,4421.16,4409.35,4471.62,4405.83,4412.25,8.911,0.202,67157600.0,115450000.0
399370.SZ,2017-11-09,4457.08,4418.5,4457.33,4407.57,4421.16,35.9193,0.8124,53238700.0,93972600.0
399370.SZ,2017-11-10,4498.09,4455.22,4502.54,4451.04,4457.08,41.014,0.9202,62874000.0,111402000.0
399370.SZ,2017-11-13,4514.84,4508.21,4529.55,4504.45,4498.09,16.7485,0.3723,68378300.0,123265000.0
399370.SZ,2017-11-14,4466.72,4515.48,4515.48,4453.1,4514.84,-48.1222,-1.0659,66095600.0,119502000.0
399370.SZ,2017-11-15,4417.0,4451.15,4468.7,4398.72,4466.72,-49.7206,-1.1131,58322100.0,108953000.0
399370.SZ,2017-11-16,4440.89,4411.44,4445.42,4401.06,4417.0,23.8869,0.5408,57740500.0,102159000.0
399370.SZ,2017-11-17,4404.17,4437.33,4451.3,4399.49,4440.89,-36.7177,-0.8268,77511600.0,128487000.0
399370.SZ,2017-11-20,4450.14,4379.94,4450.49,4337.13,4404.17,45.9699,1.0438,63038900.0,108196000.0
399370.SZ,2017-11-21,4527.28,4445.96,4527.38,4442.7,4450.14,77.1402,1.7334,75109200.0,133325000.0
399370.SZ,2017-11-22,4518.29,4526.47,4555.72,4477.33,4527.28,-8.987,-0.1985,70509800.0,125540000.0
399370.SZ,2017-11-23,4370.6,4505.17,4505.17,4362.48,4518.29,-147.69,-3.2687,66869700.0,118403000.0
399370.SZ,2017-11-24,4361.68,4353.7,4381.93,4320.99,4370.6,-8.9194,-0.2041,54423600.0,97473200.0
399370.SZ,2017-11-27,4296.78,4344.99,4344.99,4288.5,4361.68,-64.9054,-1.4881,50912300.0,87319600.0
399370.SZ,2017-11-28,4335.62,4287.05,4335.76,4276.8,4296.78,38.8446,0.904,44198200.0,75376300.0
399370.SZ,2017-11-29,4322.43,4336.85,4341.69,4268.87,4335.62,-13.1871,-0.3042,53868000.0,87054000.0
399370.SZ,2017-11-30,4279.94,4308.55,4337.54,4264.07,4322.43,-42.4936,-0.9831,49173400.0,79093500.0
399370.SZ,2017-12-01,4301.66,4281.54,4322.63,4268.99,4279.94,21.7171,0.5074,51386100.0,81938700.0
399370.SZ,2017-12-04,4301.11,4292.93,4322.88,4288.77,4301.66,-0.5496,-0.0128,50533600.0,81165700.0
399370.SZ,2017-12-05,4267.02,4289.91,4310.99,4255.01,4301.11,-34.0845,-0.7925,61501000.0,97997600.0
399370.SZ,2017-12-06,4273.47,4258.05,4275.44,4210.19,4267.02,6.4465,0.1511,51236800.0,82168800.0
399370.SZ,2017-12-07,4222.82,4260.45,4269.84,4219.57,4273.47,-50.6513,-1.1852,47702100.0,72473300.0
399370.SZ,2017-12-08,4263.85,4218.43,4278.79,4218.43,4222.82,41.0317,0.9717,48846100.0,78236400.0
399370.SZ,2017-12-11,4342.25,4272.65,4342.49,4272.65,4263.85,78.4021,1.8388,55392200.0,92065000.0
399370.SZ,2017-12-12,4299.72,4343.16,4353.59,4299.59,4342.25,-42.5358,-0.9796,52122500.0,84185000.0
399370.SZ,2017-12-13,4334.33,4295.95,4334.36,4288.77,4299.72,34.6114,0.805,46536000.0,74694800.0
399370.SZ,2017-12-14,4305.36,4333.76,4339.22,4291.67,4334.33,-28.9647,-0.6683,48996100.0,80835100.0
399370.SZ,2017-12-15,4264.12,4298.98,4300.61,4252.97,4305.36,-41.239,-0.9579,49315400.0,79543500.0
399370.SZ,2017-12-18,4248.77,4258.24,4282.69,4234.72,4264.12,-15.3516,-0.36,40691600.0,66485000.0
399370.SZ,2017-12-19,4285.25,4249.59,4285.68,4249.39,4248.77,36.4766,0.8585,43114100.0,67822000.0
399370.SZ,2017-12-20,4261.15,4284.83,4288.25,4252.42,4285.25,-24.0975,-0.5623,44380500.0,70296700.0
399370.SZ,2017-12-21,4298.95,4254.75,4314.73,4236.16,4261.15,37.7986,0.8871,46975300.0,76211300.0
399370.SZ,2017-12-22,4289.54,4296.48,4317.17,4284.31,4298.95,-9.4084,-0.2189,40527100.0,64086800.0
399370.SZ,2017-12-25,4253.08,4291.1,4302.65,4241.45,4289.54,-36.4673,-0.8501,48121200.0,73381300.0
399370.SZ,2017-12-26,4257.12,4252.72,4266.6,4216.25,4253.08,4.0438,0.0951,41593900.0,62564000.0
399370.SZ,2017-12-27,4201.5,4248.16,4252.41,4199.08,4257.12,-55.6188,-1.3065,44646100.0,71100100.0
399370.SZ,2017-12-28,4220.92,4198.84,4242.51,4192.71,4201.5,19.4219,0.4623,46873400.0,70750700.0
399370.SZ,2017-12-29,4244.19,4224.4,4249.04,4222.64,4220.92,23.263,0.5511,40095100.0,61691800.0
399370.SZ,2018-01-02,4292.92,4258.38,4293.0,4256.18,4244.19,48.7303,1.1482,53888100.0,85593600.0
399370.SZ,2018-01-03,4345.2,4293.2,4359.68,4291.46,4292.92,52.2854,1.2179,65232100.0,109558000.0
399370.SZ,2018-01-04,4366.26,4344.67,4369.36,4338.31,4345.2,21.0585,0.4846,55065500.0,93320200.0
399370.SZ,2018-01-05,4369.42,4367.65,4381.33,4355.76,4366.26,3.16,0.0724,61053700.0,94265200.0
399370.SZ,2018-01-08,4391.81,4369.54,4399.58,4349.42,4369.42,22.3943,0.5125,71320200.0,112788000.0
399370.SZ,2018-01-09,4406.83,4386.69,4407.86,4382.12,4391.81,15.0194,0.342,57690700.0,91588600.0
399370.SZ,2018-01-10,4398.3,4406.67,4409.09,4363.86,4406.83,-8.5351,-0.1937,61511600.0,99022200.0
399370.SZ,2018-01-11,4402.14,4386.92,4412.52,4371.8,4398.3,3.8448,0.0874,61683200.0,93697200.0
399370.SZ,2018-01-12,4409.34,4401.12,4416.1,4390.85,4402.14,7.1991,0.1635,55405600.0,87138100.0
399370.SZ,2018-01-15,4346.28,4406.41,4411.57,4336.15,4409.34,-63.0569,-1.4301,68073700.0,112777000.0
399370.SZ,2018-01-16,4376.67,4334.7,4379.48,4334.11,4346.28,30.3894,0.6992,65057600.0,107369000.0
399370.SZ,2018-01-17,4370.31,4377.62,4388.98,4341.9,4376.67,-6.3596,-0.1453,87539600.0,138791000.0
399370.SZ,2018-01-18,4378.12,4374.05,4408.06,4367.31,4370.31,7.8011,0.1785,56281900.0,91938500.0
399370.SZ,2018-01-19,4384.06,4375.08,4406.89,4367.63,4378.12,5.9439,0.1358,73780100.0,112864000.0
399370.SZ,2018-01-22,4465.49,4377.53,4465.92,4371.55,4384.06,81.4309,1.8574,67526100.0,112167000.0
399370.SZ,2018-01-23,4490.6,4467.08,4491.35,4463.83,4465.49,25.1139,0.5624,64476600.0,107980000.0
399370.SZ,2018-01-24,4530.57,4493.69,4533.69,4461.3,4490.6,39.9679,0.89,89403100.0,144506000.0
399370.SZ,2018-01-25,4497.23,4520.39,4530.94,4494.27,4530.57,-33.3377,-0.7358,80409200.0,128479000.0
399370.SZ,2018-01-26,4508.47,4487.95,4527.32,4486.09,4497.23,11.2345,0.2498,64151800.0,104600000.0
399370.SZ,2018-01-29,4431.78,4507.67,4516.05,4419.29,4508.47,-76.6865,-1.7009,71803400.0,118252000.0
399370.SZ,2018-01-30,4403.1,4418.66,4444.02,4393.25,4431.78,-28.6777,-0.6471,58721600.0,94821800.0
399370.SZ,2018-01-31,4366.77,4377.59,4398.06,4345.87,4403.1,-36.3326,-0.8252,68379200.0,104357000.0
399370.SZ,2018-02-01,4287.67,4368.21,4386.53,4269.46,4366.77,-79.1045,-1.8115,76175800.0,115607000.0
399370.SZ,2018-02-02,4304.01,4253.98,4310.53,4208.52,4287.67,16.3464,0.3812,63130500.0,94572500.0
399370.SZ,2018-02-05,4264.74,4239.63,4273.33,4226.1,4304.01,-39.2701,-0.9124,54000100.0,89042000.0
399370.SZ,2018-02-06,4095.69,4171.29,4201.01,4094.49,4264.74,-169.055,-3.964,76087100.0,121000000.0
399370.SZ,2018-02-07,4037.61,4166.67,4179.61,4010.85,4095.69,-58.0813,-1.4181,71757800.0,108876000.0
399370.SZ,2018-02-08,4073.69,4025.88,4093.73,4025.88,4037.61,36.0846,0.8937,53004700.0,83444400.0
399370.SZ,2018-02-09,3920.54,3965.03,3989.3,3867.25,4073.69,-153.15,-3.7595,74028900.0,108848000.0
399370.SZ,2018-02-12,4017.47,3937.43,4032.73,3931.67,3920.54,96.9302,2.4724,52533400.0,81955900.0
399370.SZ,2018-02-13,4043.15,4046.34,4092.14,4039.58,4017.47,25.6765,0.6391,48403500.0,76626000.0
399370.SZ,2018-02-14,4063.86,4048.12,4064.66,4025.75,4043.15,20.7151,0.5124,32790300.0,50911500.0
399370.SZ,2018-02-22,4144.74,4111.82,4150.59,4097.78,4063.86,80.8793,1.9902,47257200.0,73611700.0
399370.SZ,2018-02-23,4145.6,4150.19,4163.13,4115.39,4144.74,0.8611,0.0208,44207900.0,71513900.0
399370.SZ,2018-02-26,4234.02,4172.09,4243.39,4149.73,4145.6,88.4144,2.1327,63351500.0,103294000.0
399370.SZ,2018-02-27,4193.99,4234.75,4236.95,4185.04,4234.02,-40.0302,-0.9454,60101200.0,101800000.0
399370.SZ,2018-02-28,4189.37,4154.42,4210.91,4128.42,4193.99,-4.6218,-0.1102,60129600.0,98480700.0
399370.SZ,2018-03-01,4230.12,4161.05,4230.37,4152.26,4189.37,40.755,0.9728,57863600.0,95982000.0
399370.SZ,2018-03-02,4194.22,4197.98,4234.83,4190.84,4230.12,-35.8978,-0.8486,52179200.0,86089100.0
399370.SZ,2018-03-05,4203.91,4199.4,4213.18,4176.12,4194.22,9.6846,0.2309,44667100.0,73578700.0
399370.SZ,2018-03-06,4250.78,4217.21,4251.14,4200.19,4203.91,46.872,1.115,63446300.0,100622000.0
399370.SZ,2018-03-07,4211.46,4244.11,4262.23,4206.09,4250.78,-39.3165,-0.9249,53083400.0,83722300.0
399370.SZ,2018-03-08,4247.43,4205.22,4247.49,4202.41,4211.46,35.9614,0.8539,48672500.0,77461400.0
399370.SZ,2018-03-09,4313.23,4254.0,4314.7,4250.67,4247.43,65.7997,1.5492,71349800.0,109537000.0
399370.SZ,2018-03-12,4365.0,4340.38,4365.01,4339.97,4313.23,51.7707,1.2003,79703200.0,131566000.0
399370.SZ,2018-03-13,4332.36,4359.93,4368.44,4329.93,4365.0,-32.6401,-0.7478,63232200.0,99649700.0
399370.SZ,2018-03-14,4292.58,4315.96,4330.84,4291.4,4332.36,-39.7717,-0.918,53315800.0,87048300.0
399370.SZ,2018-03-15,4306.05,4277.37,4310.52,4267.67,4292.58,13.4612,0.3136,50959600.0,83639800.0
399370.SZ,2018-03-16,4256.07,4305.24,4314.74,4255.8,4306.05,-49.9754,-1.1606,49139700.0,81495200.0
399370.SZ,2018-03-19,4262.33,4256.14,4278.31,4235.37,4256.07,6.2647,0.1472,46238700.0,76312600.0
399370.SZ,2018-03-20,4268.58,4232.58,4269.91,4221.87,4262.33,6.2424,0.1465,48087800.0,75829500.0
399370.SZ,2018-03-21,4240.97,4278.61,4310.74,4235.54,4268.58,-27.607,-0.6467,62242700.0,93378600.0
399370.SZ,2018-03-22,4199.83,4244.72,4261.44,4193.22,4240.97,-41.1435,-0.9701,52500500.0,82259800.0
399370.SZ,2018-03-23,4028.94,4063.36,4119.74,3966.24,4199.83,-170.889,-4.069,89775900.0,125085000.0
399370.SZ,2018-03-26,4066.72,3982.71,4066.8,3953.07,4028.94,37.7834,0.9378,64748300.0,97214600.0
399370.SZ,2018-03-27,4146.37,4115.32,4153.85,4107.68,4066.72,79.6449,1.9585,70686300.0,110524000.0
399370.SZ,2018-03-28,4083.03,4093.52,4139.15,4077.85,4146.37,-63.332,-1.5274,59704800.0,98192800.0
399370.SZ,2018-03-29,4128.15,4100.64,4138.33,4052.31,4083.03,45.1206,1.1051,60673900.0,95622900.0
399370.SZ,2018-03-30,4169.49,4135.97,4177.07,4131.98,4128.15,41.3316,1.0012,60916700.0,101205000.0
399370.SZ,2018-04-02,4157.35,4177.38,4199.15,4153.88,4169.49,-12.1392,-0.2911,72471200.0,119427000.0
399370.SZ,2018-04-03,4129.41,4109.62,4142.22,4097.55,4157.35,-27.9367,-0.672,63136100.0,97940000.0
399370.SZ,2018-04-04,4106.48,4143.26,4160.54,4104.88,4129.41,-22.9318,-0.5553,57458100.0,91711500.0
399370.SZ,2018-04-09,4095.09,4097.55,4118.19,4063.39,4106.48,-11.3908,-0.2774,53293900.0,83585600.0
399370.SZ,2018-04-10,4147.81,4104.71,4148.16,4092.75,4095.09,52.7231,1.2875,56859400.0,88370900.0
399370.SZ,2018-04-11,4165.77,4155.4,4184.21,4155.26,4147.81,17.957,0.4329,56733300.0,89178400.0
399370.SZ,2018-04-12,4134.73,4161.59,4174.09,4132.45,4165.77,-31.0326,-0.7449,49129500.0,74672800.0
399370.SZ,2018-04-13,4111.02,4156.4,4171.38,4105.29,4134.73,-23.7198,-0.5737,43790500.0,68787400.0
399370.SZ,2018-04-16,4066.53,4095.38,4112.28,4044.46,4111.02,-44.4901,-1.0822,59118300.0,89301500.0
399370.SZ,2018-04-17,3990.99,4071.31,4085.82,3987.72,4066.53,-75.5305,-1.8574,59744200.0,94809800.0
399370.SZ,2018-04-18,4029.5,4026.57,4038.13,3942.32,3990.99,38.5042,0.9648,65252200.0,105358000.0
399370.SZ,2018-04-19,4074.79,4033.08,4092.78,4027.14,4029.5,45.2943,1.1241,58087200.0,95909900.0
399370.SZ,2018-04-20,3994.3,4065.91,4080.5,3991.06,4074.79,-80.4914,-1.9753,56680400.0,89547700.0
399370.SZ,2018-04-23,3990.71,4001.35,4037.19,3948.94,3994.3,-3.5958,-0.09,51150500.0,84494900.0
399370.SZ,2018-04-24,4085.24,3994.48,4085.53,3994.48,3990.71,94.534,2.3689,58501800.0,94378900.0
399370.SZ,2018-04-25,4085.12,4066.1,4095.53,4060.38,4085.24,-0.116,-0.0028,51029100.0,83209500.0
399370.SZ,2018-04-26,3984.42,4061.69,4069.15,3983.18,4085.12,-100.703,-2.4651,55496100.0,94800800.0
399370.SZ,2018-04-27,3992.93,4002.73,4015.74,3961.74,3984.42,8.5117,0.2136,56610100.0,96866400.0
399370.SZ,2018-05-02,3993.65,4002.17,4028.58,3968.82,3992.93,0.7128,0.0179,53615800.0,82995300.0
399370.SZ,2018-05-03,4042.99,3985.55,4044.02,3960.6,3993.65,49.3398,1.2355,59609600.0,90258200.0
399370.SZ,2018-05-04,4024.99,4028.09,4052.0,4019.45,4042.99,-17.9961,-0.4451,44911000.0,74328800.0
399370.SZ,2018-05-07,4091.62,4035.42,4091.79,4031.4,4024.99,66.6325,1.6555,52451700.0,87496200.0
399370.SZ,2018-05-08,4117.88,4091.43,4124.06,4088.7,4091.62,26.2567,0.6417,53831200.0,89140100.0
399370.SZ,2018-05-09,4104.63,4112.03,4115.98,4088.24,4117.88,-13.2456,-0.3217,43626500.0,67927000.0
399370.SZ,2018-05-10,4124.46,4113.69,4124.58,4090.14,4104.63,19.8295,0.4831,47880200.0,74574000.0
399370.SZ,2018-05-11,4084.55,4131.27,4132.12,4084.47,4124.46,-39.9095,-0.9676,49490200.0,76264100.0
399370.SZ,2018-05-14,4111.56,4092.06,4126.09,4092.0,4084.55,27.0051,0.6612,53150600.0,87009700.0
399370.SZ,2018-05-15,4139.52,4118.74,4139.61,4095.3,4111.56,27.9661,0.6802,47734100.0,74711900.0
399370.SZ,2018-05-16,4117.77,4125.02,4149.08,4113.54,4139.52,-21.755,-0.5255,48373800.0,75168100.0
399370.SZ,2018-05-17,4085.57,4116.76,4122.04,4078.96,4117.77,-32.2005,-0.782,41923700.0,64830400.0
399370.SZ,2018-05-18,4106.71,4082.93,4110.29,4060.87,4085.57,21.1416,0.5175,45559900.0,68111100.0
399370.SZ,2018-05-21,4146.75,4132.34,4156.43,4129.46,4106.71,40.0428,0.9751,56457100.0,86195700.0
399370.SZ,2018-05-22,4139.9,4143.3,4143.3,4112.53,4146.75,-6.8484,-0.1652,50878700.0,77163600.0
399370.SZ,2018-05-23,4085.36,4129.5,4129.5,4084.95,4139.9,-54.54,-1.3174,53297300.0,78567700.0
399370.SZ,2018-05-24,4054.96,4084.42,4090.41,4048.88,4085.36,-30.3997,-0.7441,44690000.0,67975500.0
399370.SZ,2018-05-25,4007.04,4048.5,4057.06,4001.54,4054.96,-47.9225,-1.1818,49431300.0,71662000.0
399370.SZ,2018-05-28,4014.31,4001.11,4039.8,3982.38,4007.04,7.2677,0.1814,47540700.0,71390800.0
399370.SZ,2018-05-29,3971.21,4006.71,4034.19,3971.21,4014.31,-43.0993,-1.0736,47417600.0,73927900.0
399370.SZ,2018-05-30,3872.63,3916.43,3927.14,3870.08,3971.21,-98.5763,-2.4823,57213100.0,81629100.0
399370.SZ,2018-05-31,3952.42,3904.09,3953.47,3889.23,3872.63,79.7834,2.0602,51268800.0,80390600.0
399370.SZ,2018-06-01,3906.38,3933.89,3941.13,3889.51,3952.42,-46.0419,-1.1649,47015700.0,70420200.0
399370.SZ,2018-06-04,3911.54,3909.61,3928.16,3893.97,3906.38,5.1624,0.1322,43075100.0,67086800.0
399370.SZ,2018-06-05,3972.39,3911.61,3972.39,3911.61,3911.54,60.855,1.5558,45366300.0,69579000.0
399370.SZ,2018-06-06,3963.36,3966.48,3975.11,3952.48,3972.39,-9.0291,-0.2273,43514200.0,65297900.0
399370.SZ,2018-06-07,3946.45,3976.92,3983.01,3944.46,3963.36,-16.9128,-0.4267,45109700.0,66570200.0
399370.SZ,2018-06-08,3901.66,3938.25,3939.26,3879.1,3946.45,-44.79,-1.1349,46756600.0,65306700.0
399370.SZ,2018-06-11,3892.94,3894.42,3911.9,3876.45,3901.66,-8.7176,-0.2234,37780200.0,58825400.0
399370.SZ,2018-06-12,3937.35,3897.17,3940.24,3868.74,3892.94,44.4101,1.1408,39420200.0,62706100.0
399370.SZ,2018-06-13,3880.74,3927.76,3927.76,3879.3,3937.35,-56.6092,-1.4377,40562800.0,57049600.0
399370.SZ,2018-06-14,3856.68,3869.56,3901.43,3845.63,3880.74,-24.0684,-0.6202,36896000.0,53770400.0
399370.SZ,2018-06-15,3807.17,3852.74,3867.51,3793.09,3856.68,-49.5088,-1.2837,46499300.0,62119300.0
399370.SZ,2018-06-19,3616.46,3748.33,3762.77,3578.35,3807.17,-190.709,-5.0092,68276200.0,88064700.0
399370.SZ,2018-06-20,3643.21,3598.55,3663.26,3573.07,3616.46,26.7471,0.7396,49244400.0,63126500.0
399370.SZ,2018-06-21,3567.23,3642.64,3670.4,3564.72,3643.21,-75.9722,-2.0853,50611700.0,64389500.0
399370.SZ,2018-06-22,3607.72,3542.56,3609.41,3518.35,3567.23,40.4859,1.1349,42345400.0,52427500.0
399370.SZ,2018-06-25,3569.26,3632.75,3638.96,3567.25,3607.72,-38.4578,-1.066,42165100.0,54415300.0
399370.SZ,2018-06-26,3579.91,3522.82,3591.3,3514.62,3569.26,10.6522,0.2984,45676800.0,57065200.0
399370.SZ,2018-06-27,3514.38,3577.46,3591.36,3499.5,3579.91,-65.5341,-1.8306,45463600.0,58291700.0
399370.SZ,2018-06-28,3489.43,3498.42,3548.67,3486.25,3514.38,-24.953,-0.71,46547900.0,57404000.0
399370.SZ,2018-06-29,3602.89,3497.58,3603.88,3492.7,3489.43,113.46,3.2515,51195000.0,64166300.0
399370.SZ,2018-07-02,3522.37,3600.12,3605.22,3492.49,3602.89,-80.5207,-2.2349,55205700.0,74448000.0
399370.SZ,2018-07-03,3533.47,3526.58,3543.83,3429.59,3522.37,11.0997,0.3151,62592000.0,84038900.0
399370.SZ,2018-07-04,3458.7,3518.98,3526.08,3448.11,3533.47,-74.7655,-2.1159,52734400.0,65006000.0
399370.SZ,2018-07-05,3398.22,3460.05,3487.8,3390.9,3458.7,-60.4811,-1.7487,52330600.0,65312400.0
399370.SZ,2018-07-06,3423.83,3404.95,3467.07,3349.8,3398.22,25.6083,0.7536,60548800.0,77006700.0
399370.SZ,2018-07-09,3522.41,3441.64,3522.43,3441.64,3423.83,98.5803,2.8792,52551700.0,70947900.0
399370.SZ,2018-07-10,3538.1,3528.5,3541.29,3505.88,3522.41,15.6918,0.4455,48835900.0,65891800.0
399370.SZ,2018-07-11,3470.89,3467.68,3494.91,3430.86,3538.1,-67.2048,-1.8995,53444300.0,69993200.0
399370.SZ,2018-07-12,3566.12,3470.35,3583.41,3470.35,3470.89,95.2252,2.7435,73540400.0,90765000.0
399370.SZ,2018-07-13,3586.85,3570.39,3592.4,3563.53,3566.12,20.726,0.5812,56220800.0,76494500.0
399370.SZ,2018-07-16,3577.83,3584.74,3602.61,3563.32,3586.85,-9.0139,-0.2513,49313000.0,66024200.0
399370.SZ,2018-07-17,3563.29,3573.64,3573.64,3524.24,3577.83,-14.5381,-0.4063,48349200.0,65317900.0
399370.SZ,2018-07-18,3533.44,3567.68,3587.05,3532.98,3563.29,-29.859,-0.838,51603300.0,69226000.0
399370.SZ,2018-07-19,3518.13,3544.33,3566.71,3506.17,3533.44,-15.3015,-0.433,48870100.0,64662800.0
399370.SZ,2018-07-20,3570.94,3518.7,3581.26,3489.23,3518.13,52.8075,1.501,62681500.0,79821900.0
399370.SZ,2018-07-23,3600.33,3549.99,3600.49,3537.24,3570.94,29.3913,0.8231,68126100.0,89120100.0
399370.SZ,2018-07-24,3654.63,3602.12,3670.31,3601.59,3600.33,54.3,1.5082,88057300.0,111938000.0
399370.SZ,2018-07-25,3642.82,3656.79,3666.5,3633.83,3654.63,-11.8113,-0.3232,69787300.0,90179400.0
399370.SZ,2018-07-26,3597.39,3643.5,3653.24,3587.86,3642.82,-45.4348,-1.2472,67070300.0,79682600.0
399370.SZ,2018-07-27,3573.77,3593.85,3599.68,3564.49,3597.39,-23.6135,-0.6564,53241000.0,62160300.0
399370.SZ,2018-07-30,3536.49,3572.71,3583.45,3517.11,3573.77,-37.2826,-1.0432,53355100.0,66445700.0
399370.SZ,2018-07-31,3537.62,3530.22,3547.59,3516.48,3536.49,1.1257,0.0318,46006400.0,57523000.0
399370.SZ,2018-08-01,3470.21,3549.72,3563.63,3470.04,3537.62,-67.4057,-1.9054,56434500.0,71985900.0
399370.SZ,2018-08-02,3383.91,3454.63,3454.73,3323.62,3470.21,-86.3029,-2.487,65965600.0,83591900.0
399370.SZ,2018-08-03,3316.87,3379.73,3396.53,3316.51,3383.91,-67.0352,-1.981,45524900.0,62125500.0
399370.SZ,2018-08-06,3245.43,3306.15,3329.02,3228.4,3316.87,-71.4438,-2.154,50611100.0,66640200.0
399370.SZ,2018-08-07,3337.79,3257.53,3338.0,3229.15,3245.43,92.3579,2.8458,54190900.0,69366800.0
399370.SZ,2018-08-08,3271.64,3329.5,3336.89,3269.22,3337.79,-66.1454,-1.9817,50008200.0,61593300.0
399370.SZ,2018-08-09,3370.48,3263.4,3388.22,3258.01,3271.64,98.8396,3.0211,65363300.0,77558200.0
399370.SZ,2018-08-10,3391.72,3371.09,3403.89,3365.81,3370.48,21.2386,0.6301,46889500.0,58030800.0
399370.SZ,2018-08-13,3404.21,3356.17,3408.91,3343.41,3391.72,12.4941,0.3684,51033400.0,61766700.0
399370.SZ,2018-08-14,3377.0,3398.01,3400.77,3365.1,3404.21,-27.2125,-0.7994,41501500.0,49467000.0
399370.SZ,2018-08-15,3294.0,3375.49,3376.1,3289.85,3377.0,-83.0008,-2.4578,50350600.0,56942200.0
399370.SZ,2018-08-16,3274.77,3253.62,3318.13,3230.18,3294.0,-19.2278,-0.5837,49424800.0,56556700.0
399370.SZ,2018-08-17,3214.81,3303.66,3312.12,3208.53,3274.77,-59.9601,-1.831,48874300.0,57163100.0
399370.SZ,2018-08-20,3238.5,3213.0,3240.0,3172.9,3214.81,23.6848,0.7367,50649900.0,59131700.0
399370.SZ,2018-08-21,3290.13,3240.17,3295.98,3232.15,3238.5,51.6326,1.5943,51343200.0,63884600.0
399370.SZ,2018-08-22,3252.92,3282.86,3282.86,3246.17,3290.13,-37.2069,-1.1309,39315300.0,46761700.0
399370.SZ,2018-08-23,3268.72,3250.31,3285.93,3233.73,3252.92,15.7974,0.4856,45048400.0,54349900.0
399370.SZ,2018-08-24,3261.1,3257.54,3283.77,3241.86,3268.72,-7.6157,-0.233,41683400.0,48403200.0
399370.SZ,2018-08-27,3345.19,3270.18,3346.85,3270.18,3261.1,84.0835,2.5784,62994100.0,72856800.0
399370.SZ,2018-08-28,3344.95,3346.09,3356.12,3331.72,3345.19,-0.2339,-0.007,53411000.0,62933400.0
399370.SZ,2018-08-29,3317.72,3337.91,3340.24,3306.79,3344.95,-27.2308,-0.8141,56210800.0,57021800.0
399370.SZ,2018-08-30,3270.86,3311.5,3325.75,3268.82,3317.72,-46.8616,-1.4125,54546600.0,56478600.0
399370.SZ,2018-08-31,3229.51,3243.91,3256.24,3210.72,3270.86,-41.3533,-1.2643,47938500.0,56646900.0
399370.SZ,2018-09-03,3217.8,3220.49,3221.68,3178.1,3229.51,-11.7048,-0.3624,51756300.0,56018100.0
399370.SZ,2018-09-04,3254.91,3218.54,3262.3,3204.99,3217.8,37.1062,1.1532,54538400.0,58265700.0
399370.SZ,2018-09-05,3197.8,3243.27,3252.57,3197.8,3254.91,-57.1063,-1.7545,55929000.0,55337800.0
399370.SZ,2018-09-06,3163.02,3186.81,3214.16,3152.96,3197.8,-34.7803,-1.0876,45604300.0,53927800.0
399370.SZ,2018-09-07,3163.76,3171.4,3216.44,3143.43,3163.02,0.7357,0.0233,51466500.0,58071100.0
399370.SZ,2018-09-10,3093.67,3157.81,3158.07,3092.43,3163.76,-70.0923,-2.2155,51966100.0,55947600.0
399370.SZ,2018-09-11,3096.28,3091.64,3116.48,3075.77,3093.67,2.6113,0.0844,43961500.0,46166100.0
399370.SZ,2018-09-12,3082.28,3093.4,3113.64,3076.33,3096.28,-13.994,-0.452,40272500.0,46570200.0
399370.SZ,2018-09-13,3102.34,3115.73,3127.38,3060.67,3082.28,20.0532,0.6506,52239800.0,53857800.0
399370.SZ,2018-09-14,3088.35,3107.94,3114.34,3081.37,3102.34,-13.9822,-0.4507,52602200.0,50915500.0
399370.SZ,2018-09-17,3045.87,3072.82,3072.82,3037.9,3088.35,-42.4817,-1.3755,44612000.0,41379300.0
399370.SZ,2018-09-18,3095.38,3032.46,3095.8,3031.72,3045.87,49.5068,1.6254,50618100.0,50862700.0
399370.SZ,2018-09-19,3132.89,3087.0,3158.73,3081.06,3095.38,37.5142,1.2119,62771200.0,65460800.0
399370.SZ,2018-09-20,3132.87,3133.07,3154.78,3127.53,3132.89,-0.0212,-0.0007,50462500.0,50368800.0
399370.SZ,2018-09-21,3203.73,3141.7,3208.16,3125.18,3132.87,70.8614,2.2619,65461800.0,69529100.0
399370.SZ,2018-09-25,3177.69,3172.51,3191.94,3164.28,3203.73,-26.039,-0.8128,45051300.0,48314500.0
399370.SZ,2018-09-26,3208.44,3184.39,3231.9,3176.72,3177.69,30.7469,0.9676,61547500.0,64482300.0
399370.SZ,2018-09-27,3176.54,3203.71,3211.19,3173.74,3208.44,-31.9006,-0.9943,56900800.0,54954300.0
399370.SZ,2018-09-28,3202.39,3181.25,3203.18,3172.02,3176.54,25.8462,0.8137,50187200.0,52882200.0
399370.SZ,2018-10-08,3071.81,3133.74,3141.58,3068.51,3202.39,-130.579,-4.0776,56094800.0,59234500.0
399370.SZ,2018-10-09,3065.69,3079.22,3098.84,3054.68,3071.81,-6.1168,-0.1991,41096400.0,44774100.0
399370.SZ,2018-10-10,3058.62,3072.71,3087.02,3032.45,3065.69,-7.0757,-0.2308,46626400.0,45811300.0
399370.SZ,2018-10-11,2878.34,2958.63,2978.74,2860.53,3058.62,-180.272,-5.8939,79043700.0,72365500.0
399370.SZ,2018-10-12,2887.11,2861.82,2901.65,2810.44,2878.34,8.7675,0.3046,70783000.0,64266200.0
399370.SZ,2018-10-15,2847.89,2892.54,2914.89,2842.49,2887.11,-39.2169,-1.3583,52904000.0,48553100.0
399370.SZ,2018-10-16,2791.29,2847.88,2866.45,2778.92,2847.89,-56.6017,-1.9875,53635600.0,49313200.0
399370.SZ,2018-10-17,2814.76,2828.07,2838.45,2757.95,2791.29,23.4708,0.8409,62595100.0,55753200.0
399370.SZ,2018-10-18,2755.98,2795.74,2806.11,2753.96,2814.76,-58.7865,-2.0885,55724300.0,49433500.0
399370.SZ,2018-10-19,2829.73,2722.56,2829.73,2719.32,2755.98,73.7538,2.6761,68479700.0,64711300.0
399370.SZ,2018-10-22,2983.11,2863.39,3006.21,2863.38,2829.73,153.379,5.4203,98267900.0,100284000.0
399370.SZ,2018-10-23,2925.87,2996.0,3001.24,2903.93,2983.11,-57.2422,-1.9189,87612400.0,86126400.0
399370.SZ,2018-10-24,2916.43,2909.15,2966.43,2900.37,2925.87,-9.4407,-0.3227,69260500.0,68955500.0
399370.SZ,2018-10-25,2917.98,2829.53,2922.55,2821.41,2916.43,1.5534,0.0533,71462100.0,66880100.0
399370.SZ,2018-10-26,2896.13,2933.68,2944.62,2883.75,2917.98,-21.8458,-0.7487,65799600.0,61586400.0
399370.SZ,2018-10-29,2820.83,2876.9,2877.17,2808.83,2896.13,-75.308,-2.6003,58835800.0,60010200.0
399370.SZ,2018-10-30,2854.09,2805.58,2890.53,2775.25,2820.83,33.26,1.1791,77115900.0,73825400.0
399370.SZ,2018-10-31,2895.78,2854.63,2913.83,2848.87,2854.09,41.6929,1.4608,68303900.0,66321600.0
399370.SZ,2018-11-01,2933.06,2930.06,2983.35,2929.12,2895.78,37.282,1.2875,90084900.0,90741600.0
399370.SZ,2018-11-02,3053.57,3018.05,3054.12,2993.38,2933.06,120.506,4.1085,101204000.0,108951000.0
399370.SZ,2018-11-05,3045.07,3041.97,3067.48,3004.15,3053.57,-8.4967,-0.2783,87649900.0,89326600.0
399370.SZ,2018-11-06,3018.21,3032.09,3032.09,2985.77,3045.07,-26.862,-0.8821,66543700.0,65309200.0
399370.SZ,2018-11-07,2999.9,3014.65,3047.21,2996.83,3018.21,-18.3075,-0.6066,71962200.0,73854100.0
399370.SZ,2018-11-08,2972.16,3025.85,3028.66,2969.94,2999.9,-27.7401,-0.9247,63089500.0,60018000.0
399370.SZ,2018-11-09,2954.01,2956.72,2976.2,2947.38,2972.16,-18.1503,-0.6107,60585000.0,54784200.0
399370.SZ,2018-11-12,3026.23,2950.35,3026.86,2944.75,2954.01,72.222,2.4449,80646700.0,72526700.0
399370.SZ,2018-11-13,3077.46,2986.27,3096.69,2980.84,3026.23,51.2272,1.6928,113904000.0,98492700.0
399370.SZ,2018-11-14,3051.24,3068.81,3087.23,3046.27,3077.46,-26.2244,-0.8521,91340700.0,76558700.0
399370.SZ,2018-11-15,3090.12,3041.22,3090.12,3040.54,3051.24,38.8857,1.2744,83123700.0,74474600.0
399370.SZ,2018-11-16,3117.86,3090.66,3144.46,3075.23,3090.12,27.7374,0.8976,99710500.0,96519000.0
399370.SZ,2018-11-19,3139.46,3112.04,3139.46,3099.14,3117.86,21.5972,0.6927,89662300.0,85665700.0
399370.SZ,2018-11-20,3042.37,3109.55,3118.95,3039.33,3139.46,-97.0808,-3.0923,88530500.0,87162400.0
399370.SZ,2018-11-21,3051.11,3006.96,3056.99,3002.97,3042.37,8.7308,0.287,73677200.0,68764100.0
399370.SZ,2018-11-22,3045.33,3060.46,3068.94,3028.58,3051.11,-5.7706,-0.1891,62404000.0,56318300.0
399370.SZ,2018-11-23,2949.69,3038.97,3042.63,2940.08,3045.33,-95.6443,-3.1407,75030200.0,66195800.0
399370.SZ,2018-11-26,2938.04,2945.5,2966.0,2926.56,2949.69,-11.6524,-0.395,49711000.0,45139300.0
399370.SZ,2018-11-27,2943.14,2955.17,2966.54,2926.28,2938.04,5.103,0.1737,47277600.0,45914900.0
399370.SZ,2018-11-28,2995.75,2941.37,2995.76,2922.75,2943.14,52.6089,1.7875,62616900.0,57971100.0
399370.SZ,2018-11-29,2935.43,3013.63,3023.53,2935.43,2995.75,-60.3227,-2.0136,62463600.0,59711700.0
399370.SZ,2018-11-30,2970.17,2930.01,2972.84,2914.65,2935.43,34.7389,1.1834,53409600.0,52761900.0
399370.SZ,2018-12-03,3070.71,3066.93,3085.89,3034.61,2970.17,100.548,3.3853,89753000.0,96465900.0
399370.SZ,2018-12-04,3078.76,3061.43,3078.76,3051.39,3070.71,8.0456,0.262,63211500.0,64259400.0
399370.SZ,2018-12-05,3068.3,3027.58,3085.04,3021.61,3078.76,-10.4602,-0.3398,62759800.0,67571300.0
399370.SZ,2018-12-06,2991.42,3036.71,3042.57,2987.5,3068.3,-76.8795,-2.5056,60784400.0,67427800.0
399370.SZ,2018-12-07,2989.89,2998.1,3005.2,2982.06,2991.42,-1.5327,-0.0512,42844700.0,46198600.0
399370.SZ,2018-12-10,2949.97,2962.59,2977.23,2939.56,2989.89,-39.9131,-1.3349,48417300.0,50285900.0
399370.SZ,2018-12-11,2969.68,2955.96,2969.95,2947.41,2949.97,19.7074,0.6681,42187500.0,43030500.0
399370.SZ,2018-12-12,2975.43,2985.36,2992.37,2966.66,2969.68,5.7496,0.1936,43416800.0,44554000.0
399370.SZ,2018-12-13,3020.54,2983.57,3038.43,2968.43,2975.43,45.1077,1.516,59146700.0,65371800.0
399370.SZ,2018-12-14,2953.69,3011.51,3014.78,2951.91,3020.54,-66.8511,-2.2132,59302000.0,60903200.0
399370.SZ,2018-12-17,2938.2,2942.01,2951.3,2908.89,2953.69,-15.484,-0.5242,47225200.0,48381400.0
399370.SZ,2018-12-18,2910.92,2918.17,2946.37,2889.83,2938.2,-27.2838,-0.9286,45917500.0,46547100.0
399370.SZ,2018-12-19,2864.25,2915.13,2917.25,2860.4,2910.92,-46.6657,-1.6031,42880600.0,42522300.0
399370.SZ,2018-12-20,2872.95,2858.07,2879.86,2845.49,2864.25,8.6914,0.3034,45461600.0,44282600.0
399370.SZ,2018-12-21,2836.77,2861.48,2865.69,2815.22,2872.95,-36.1712,-1.259,53407200.0,51199200.0
399370.SZ,2018-12-24,2852.26,2827.72,2855.72,2818.03,2836.77,15.4873,0.5459,40866300.0,39969800.0
399370.SZ,2018-12-25,2826.0,2821.08,2838.04,2770.62,2852.26,-26.2583,-0.9206,59337500.0,53275800.0
399370.SZ,2018-12-26,2809.69,2822.37,2840.22,2804.15,2826.0,-16.3106,-0.5772,44820700.0,40443400.0
399370.SZ,2018-12-27,2787.19,2852.41,2857.93,2787.16,2809.69,-22.5011,-0.8008,55997300.0,51644800.0
399370.SZ,2018-12-28,2802.45,2791.66,2817.4,2772.42,2787.19,15.2591,0.5475,48835700.0,46505100.0
399370.SZ,2019-01-02,2776.53,2816.54,2818.16,2768.66,2802.45,-25.917,-0.9248,44213000.0,48320100.0
399370.SZ,2019-01-03,2760.45,2773.07,2808.35,2754.2,2776.53,-16.0838,-0.5793,49996400.0,50257200.0
399370.SZ,2019-01-04,2838.59,2734.59,2841.85,2728.36,2760.45,78.1446,2.8309,69471200.0,68240900.0
399370.SZ,2019-01-07,2876.13,2856.95,2879.39,2844.47,2838.59,37.5358,1.3223,68950000.0,69509500.0
399370.SZ,2019-01-08,2871.11,2869.3,2880.67,2860.56,2876.13,-5.0191,-0.1745,62737500.0,57315300.0
399370.SZ,2019-01-09,2899.49,2886.3,2941.78,2878.27,2871.11,28.3733,0.9882,79013700.0,83122200.0
399370.SZ,2019-01-10,2898.67,2898.88,2921.67,2889.21,2899.49,-0.8104,-0.0279,64294300.0,63834200.0
399370.SZ,2019-01-11,2917.33,2904.44,2923.49,2888.81,2898.67,18.654,0.6435,60291100.0,57405900.0
399370.SZ,2019-01-14,2894.9,2916.68,2923.68,2890.01,2917.33,-22.4267,-0.7687,61156900.0,54188200.0
399370.SZ,2019-01-15,2956.06,2894.44,2956.96,2887.67,2894.9,61.1578,2.1126,65697800.0,67513000.0
399370.SZ,2019-01-16,2954.11,2955.19,2971.54,2946.23,2956.06,-1.9508,-0.066,62113300.0,61205900.0
399370.SZ,2019-01-17,2929.85,2953.0,2958.5,2926.46,2954.11,-24.2628,-0.8213,63169900.0,59645200.0
399370.SZ,2019-01-18,2978.57,2939.77,2982.3,2935.1,2929.85,48.7248,1.663,73963800.0,72020400.0
399370.SZ,2019-01-21,2994.35,2983.58,3008.24,2976.66,2978.57,15.7752,0.5296,67535200.0,71243000.0
399370.SZ,2019-01-22,2946.82,2988.83,2988.83,2938.47,2994.35,-47.5291,-1.5873,57427300.0,56697500.0
399370.SZ,2019-01-23,2945.59,2936.92,2957.4,2934.68,2946.82,-1.2271,-0.0416,47404400.0,47779000.0
399370.SZ,2019-01-24,2964.34,2951.53,2978.18,2934.25,2945.59,18.7546,0.6367,58559600.0,60268900.0
399370.SZ,2019-01-25,2978.22,2968.7,3000.91,2958.65,2964.34,13.8728,0.468,62445000.0,66018800.0
399370.SZ,2019-01-28,2972.15,2997.19,3023.29,2964.91,2978.22,-6.068,-0.2037,60181800.0,64684600.0
399370.SZ,2019-01-29,2963.38,2965.36,2972.91,2916.0,2972.15,-8.7719,-0.2951,64016600.0,63577300.0
399370.SZ,2019-01-30,2931.5,2952.33,2972.11,2931.22,2963.38,-31.8809,-1.0758,51168400.0,54359900.0
399370.SZ,2019-01-31,2938.85,2938.8,2965.62,2918.26,2931.5,7.3568,0.251,65370700.0,64946200.0
399370.SZ,2019-02-01,3014.51,2961.21,3015.4,2957.91,2938.85,75.6582,2.5744,64825400.0,67488300.0
399370.SZ,2019-02-11,3108.68,3018.65,3109.52,3018.65,3014.51,94.1651,3.1237,77082700.0,82598800.0
399370.SZ,2019-02-12,3139.31,3107.64,3148.25,3102.97,3108.68,30.6375,0.9855,99156900.0,89244000.0
399370.SZ,2019-02-13,3207.75,3148.65,3215.71,3144.11,3139.31,68.435,2.1799,117793000.0,115371000.0
399370.SZ,2019-02-14,3228.07,3210.49,3242.7,3196.32,3207.75,20.3216,0.6335,122508000.0,104206000.0
399370.SZ,2019-02-15,3184.74,3218.76,3227.63,3181.81,3228.07,-43.3258,-1.3422,117344000.0,104710000.0
399370.SZ,2019-02-18,3307.04,3211.37,3307.04,3211.17,3184.74,122.294,3.84,146642000.0,131297000.0
399370.SZ,2019-02-19,3304.6,3322.49,3348.72,3274.17,3307.04,-2.4363,-0.0737,152176000.0,139137000.0
399370.SZ,2019-02-20,3316.89,3311.87,3329.3,3278.72,3304.6,12.2844,0.3717,131215000.0,115974000.0
399370.SZ,2019-02-21,3320.32,3313.93,3388.07,3297.55,3316.89,3.4361,0.1036,154800000.0,147992000.0
399370.SZ,2019-02-22,3412.34,3315.24,3412.34,3298.61,3320.32,92.0192,2.7714,145617000.0,147890000.0
399370.SZ,2019-02-25,3602.43,3480.71,3602.47,3472.51,3412.34,190.085,5.5705,230353000.0,246811000.0
399370.SZ,2019-02-26,3583.91,3619.67,3659.11,3568.55,3602.43,-18.5217,-0.5141,259305000.0,263610000.0
399370.SZ,2019-02-27,3546.68,3573.65,3610.91,3504.28,3583.91,-37.2274,-1.0387,203535000.0,205345000.0
399370.SZ,2019-02-28,3544.27,3542.84,3573.05,3525.41,3546.68,-2.407,-0.0679,138375000.0,143503000.0
399370.SZ,2019-03-01,3609.39,3574.81,3609.39,3540.84,3544.27,65.115,1.8372,143170000.0,152360000.0
399370.SZ,2019-03-04,3675.09,3652.71,3758.81,3632.95,3609.39,65.703,1.8203,215594000.0,242876000.0
399370.SZ,2019-03-05,3737.18,3666.4,3737.41,3652.97,3675.09,62.0912,1.6895,177877000.0,193222000.0
399370.SZ,2019-03-06,3782.38,3751.64,3790.41,3712.38,3737.18,45.2046,1.2096,245795000.0,244486000.0
399370.SZ,2019-03-07,3770.45,3780.77,3811.41,3726.05,3782.38,-11.9321,-0.3155,236214000.0,255899000.0
399370.SZ,2019-03-08,3636.19,3672.02,3772.83,3636.12,3770.45,-134.258,-3.5608,234965000.0,257274000.0
399370.SZ,2019-03-11,3752.0,3652.04,3752.62,3637.06,3636.19,115.81,3.1849,182801000.0,206421000.0
399370.SZ,2019-03-12,3792.95,3776.91,3837.71,3741.11,3752.0,40.9514,1.0915,206100000.0,242214000.0
399370.SZ,2019-03-13,3708.18,3790.31,3790.31,3688.64,3792.95,-84.778,-2.2351,181768000.0,210691000.0
399370.SZ,2019-03-14,3652.69,3683.74,3723.74,3617.51,3708.18,-55.4891,-1.4964,150198000.0,172973000.0
399370.SZ,2019-03-15,3705.11,3679.41,3747.02,3667.99,3652.69,52.421,1.4351,128711000.0,157654000.0
399370.SZ,2019-03-18,3821.25,3715.32,3821.25,3693.2,3705.11,116.137,3.1345,150566000.0,182049000.0
399370.SZ,2019-03-19,3804.24,3819.86,3835.49,3784.16,3821.25,-17.0025,-0.4449,138240000.0,157082000.0
399370.SZ,2019-03-20,3786.68,3797.13,3808.39,3729.03,3804.24,-17.5648,-0.4617,138675000.0,156824000.0
399370.SZ,2019-03-21,3803.46,3784.17,3830.44,3769.78,3786.68,16.7847,0.4433,153555000.0,169380000.0
399370.SZ,2019-03-22,3797.97,3804.48,3812.04,3737.29,3803.46,-5.4902,-0.1443,132697000.0,147313000.0
399370.SZ,2019-03-25,3716.19,3727.55,3780.18,3713.78,3797.97,-81.7844,-2.1534,133703000.0,149695000.0
399370.SZ,2019-03-26,3648.91,3738.64,3747.96,3636.33,3716.19,-67.2821,-1.8105,128553000.0,142566000.0
399370.SZ,2019-03-27,3684.58,3673.9,3686.05,3630.23,3648.91,35.6689,0.9775,105566000.0,127183000.0
399370.SZ,2019-03-28,3664.59,3671.81,3710.7,3649.98,3684.58,-19.986,-0.5424,98242200.0,119870000.0
399370.SZ,2019-03-29,3815.39,3677.7,3819.86,3677.38,3664.59,150.8,4.1151,141627000.0,177670000.0
399370.SZ,2019-04-01,3943.87,3846.77,3950.74,3846.77,3815.39,128.479,3.3674,174136000.0,216649000.0
399370.SZ,2019-04-02,3937.06,3962.3,3964.77,3921.37,3943.87,-6.8053,-0.1726,168237000.0,210052000.0
399370.SZ,2019-04-03,3975.17,3912.65,3980.89,3901.12,3937.06,38.1057,0.9679,151353000.0,187586000.0
399370.SZ,2019-04-04,4011.7,3986.02,4026.11,3967.83,3975.17,36.5327,0.919,164020000.0,205065000.0
399370.SZ,2019-04-08,3996.11,4053.22,4065.04,3947.34,4011.7,-15.5939,-0.3887,184451000.0,228091000.0
399370.SZ,2019-04-09,4021.35,4015.42,4030.52,3982.59,3996.11,25.2433,0.6317,134954000.0,169147000.0
399370.SZ,2019-04-10,4040.25,4018.51,4074.46,3985.18,4021.35,18.9038,0.4701,145637000.0,195333000.0
399370.SZ,2019-04-11,3938.55,4034.02,4039.73,3933.12,4040.25,-101.702,-2.5172,130295000.0,166666000.0
399370.SZ,2019-04-12,3927.64,3923.79,3949.95,3899.35,3938.55,-10.9088,-0.277,101231000.0,126992000.0
399370.SZ,2019-04-15,3892.7,3993.95,4013.69,3891.05,3927.64,-34.9484,-0.8898,120324000.0,153329000.0
399370.SZ,2019-04-16,3984.01,3871.37,3984.01,3849.13,3892.7,91.311,2.3457,123864000.0,156279000.0
399370.SZ,2019-04-17,4006.68,3985.54,4032.32,3972.03,3984.01,22.6755,0.5692,133183000.0,164845000.0
399370.SZ,2019-04-18,3989.43,4004.07,4015.67,3980.65,4006.68,-17.2559,-0.4307,108691000.0,133287000.0
399370.SZ,2019-04-19,4040.84,3987.27,4040.84,3957.97,3989.43,51.4119,1.2887,108637000.0,133361000.0
399370.SZ,2019-04-22,3964.52,4049.98,4050.24,3953.0,4040.84,-76.3198,-1.8887,128115000.0,160644000.0
399370.SZ,2019-04-23,3938.87,3958.51,3985.38,3919.27,3964.52,-25.6469,-0.6469,115267000.0,141807000.0
399370.SZ,2019-04-24,3971.85,3953.4,3972.92,3898.61,3938.87,32.9805,0.8373,115135000.0,133584000.0
399370.SZ,2019-04-25,3855.18,3951.97,3962.33,3852.77,3971.85,-116.676,-2.9376,127589000.0,145580000.0
399370.SZ,2019-04-26,3798.31,3835.79,3863.34,3797.0,3855.18,-56.8617,-1.4749,107063000.0,130983000.0
399370.SZ,2019-04-29,3749.52,3795.85,3821.05,3738.19,3798.31,-48.7916,-1.2846,115498000.0,137081000.0
399370.SZ,2019-04-30,3768.78,3728.43,3790.82,3728.43,3749.52,19.2608,0.5137,81165300.0,102160000.0
399370.SZ,2019-05-06,3496.22,3613.69,3629.06,3469.33,3768.78,-272.567,-7.2322,123443000.0,150590000.0
399370.SZ,2019-05-07,3546.52,3516.04,3571.7,3490.55,3496.22,50.3039,1.4388,98300900.0,123398000.0
399370.SZ,2019-05-08,3506.4,3467.92,3566.25,3460.32,3546.52,-40.1232,-1.1313,87991000.0,100570000.0
399370.SZ,2019-05-09,3453.43,3473.66,3502.44,3443.78,3506.4,-52.9649,-1.5105,75999500.0,91774400.0
399370.SZ,2019-05-10,3591.5,3501.12,3593.01,3434.19,3453.43,138.071,3.9981,105150000.0,124707000.0
399370.SZ,2019-05-13,3524.42,3539.86,3567.63,3509.43,3591.5,-67.0853,-1.8679,76485400.0,90135200.0
399370.SZ,2019-05-14,3498.19,3485.58,3539.22,3484.73,3524.42,-26.226,-0.7441,73135600.0,88882800.0
399370.SZ,2019-05-15,3581.89,3530.25,3593.54,3530.25,3498.19,83.6995,2.3927,78430000.0,96883400.0
399370.SZ,2019-05-16,3596.25,3574.86,3600.84,3563.58,3581.89,14.3541,0.4007,88194900.0,94792100.0
399370.SZ,2019-05-17,3485.33,3599.3,3601.79,3471.43,3596.25,-110.919,-3.0843,97682000.0,104373000.0
399370.SZ,2019-05-20,3446.23,3474.96,3476.92,3404.67,3485.33,-39.0951,-1.1217,80787500.0,90179000.0
399370.SZ,2019-05-21,3508.82,3450.52,3526.95,3440.44,3446.23,62.5927,1.8163,87012800.0,91906200.0
399370.SZ,2019-05-22,3488.67,3502.34,3528.45,3470.45,3508.82,-20.1493,-0.5742,79782600.0,88264100.0
399370.SZ,2019-05-23,3406.53,3471.76,3471.76,3400.11,3488.67,-82.1408,-2.3545,77995400.0,89831300.0
399370.SZ,2019-05-24,3402.88,3401.72,3439.66,3389.27,3406.53,-3.6547,-0.1073,66266800.0,74967500.0
399370.SZ,2019-05-27,3471.52,3407.61,3480.1,3380.28,3402.88,68.6392,2.0171,82625900.0,91725400.0
399370.SZ,2019-05-28,3500.98,3471.37,3521.09,3466.29,3471.52,29.4637,0.8487,79587400.0,96554200.0
399370.SZ,2019-05-29,3496.63,3477.45,3523.23,3473.45,3500.98,-4.3557,-0.1244,72603000.0,79447000.0
399370.SZ,2019-05-30,3475.44,3481.02,3481.1,3438.66,3496.63,-21.1914,-0.6061,77808600.0,83539000.0
399370.SZ,2019-05-31,3459.79,3470.23,3497.73,3450.11,3475.44,-15.6465,-0.4502,72795800.0,78617200.0
399370.SZ,2019-06-03,3442.58,3469.51,3494.94,3429.59,3459.79,-17.2106,-0.4974,78686400.0,85945500.0
399370.SZ,2019-06-04,3406.58,3443.03,3447.35,3388.09,3442.58,-36.001,-1.0458,70086000.0,76416800.0
399370.SZ,2019-06-05,3408.86,3439.4,3446.83,3403.7,3406.58,2.2821,0.067,63372400.0,73847700.0
399370.SZ,2019-06-06,3351.73,3410.37,3410.37,3341.24,3408.86,-57.125,-1.6758,65563900.0,70672300.0
399370.SZ,2019-06-10,3391.78,3362.31,3404.1,3341.1,3351.73,40.049,1.1949,62914400.0,72924600.0
399370.SZ,2019-06-11,3520.65,3396.26,3524.55,3395.64,3391.78,128.871,3.7995,103097000.0,115348000.0
399370.SZ,2019-06-12,3491.18,3509.4,3520.48,3481.51,3520.65,-29.4755,-0.8372,94710200.0,93763600.0
399370.SZ,2019-06-13,3491.8,3490.17,3501.94,3457.93,3491.18,0.6223,0.0178,76134300.0,80185600.0
399370.SZ,2019-06-14,3446.93,3496.58,3514.68,3443.87,3491.8,-44.8753,-1.2852,79609700.0,83515600.0
399370.SZ,2019-06-17,3438.07,3445.11,3471.17,3426.48,3446.93,-8.8558,-0.2569,57276700.0,67707800.0
399370.SZ,2019-06-18,3445.67,3443.41,3457.27,3417.55,3438.07,7.6014,0.2211,53965100.0,63096300.0
399370.SZ,2019-06-19,3492.78,3544.84,3558.52,3492.59,3445.67,47.1092,1.3672,84404600.0,110224000.0
399370.SZ,2019-06-20,3585.68,3491.48,3607.23,3487.37,3492.78,92.8984,2.6597,101358000.0,130750000.0
399370.SZ,2019-06-21,3610.16,3600.75,3629.63,3590.33,3585.68,24.4842,0.6828,104855000.0,129421000.0
399370.SZ,2019-06-24,3616.48,3615.77,3633.74,3596.98,3610.16,6.3192,0.175,78493600.0,98358700.0
399370.SZ,2019-06-25,3583.72,3612.17,3613.41,3536.82,3616.48,-32.7598,-0.9058,76321400.0,95171400.0
399370.SZ,2019-06-26,3584.96,3563.62,3601.19,3553.31,3583.72,1.2383,0.0346,54495300.0,73515400.0
399370.SZ,2019-06-27,3627.82,3601.16,3644.83,3598.55,3584.96,42.8616,1.1956,67978800.0,93806800.0
399370.SZ,2019-06-28,3607.13,3623.86,3623.86,3587.19,3627.82,-20.6901,-0.5703,60421200.0,74439900.0
399370.SZ,2019-07-01,3737.7,3687.57,3737.7,3668.92,3607.13,130.568,3.6197,110973000.0,141470000.0
399370.SZ,2019-07-02,3735.62,3728.8,3743.34,3716.69,3737.7,-2.0771,-0.0556,93851900.0,116085000.0
399370.SZ,2019-07-03,3673.9,3724.58,3724.75,3658.9,3735.62,-61.7252,-1.6523,75907700.0,103710000.0
399370.SZ,2019-07-04,3653.67,3677.11,3688.8,3634.64,3673.9,-20.2323,-0.5507,64441600.0,84371400.0
399370.SZ,2019-07-05,3681.76,3658.44,3689.89,3641.49,3653.67,28.0985,0.769,52966600.0,75100900.0
399370.SZ,2019-07-08,3587.32,3668.23,3668.49,3561.6,3681.76,-94.4425,-2.5651,76370100.0,93774600.0
399370.SZ,2019-07-09,3591.89,3583.0,3600.47,3564.05,3587.32,4.5649,0.1273,54857200.0,77314700.0
399370.SZ,2019-07-10,3580.56,3605.05,3607.91,3569.29,3591.89,-11.3303,-0.3154,56446300.0,70111700.0
399370.SZ,2019-07-11,3577.43,3600.57,3627.38,3562.39,3580.56,-3.1225,-0.0872,56221200.0,73986200.0
399370.SZ,2019-07-12,3596.22,3577.95,3605.96,3566.48,3577.43,18.7843,0.5251,57050400.0,69798700.0
399370.SZ,2019-07-15,3621.62,3580.31,3643.89,3531.35,3596.22,25.4054,0.7064,74307800.0,96794400.0
399370.SZ,2019-07-16,3607.18,3617.15,3627.77,3596.93,3621.62,-14.4454,-0.3989,66996900.0,80861100.0
399370.SZ,2019-07-17,3609.31,3601.02,3627.94,3589.17,3607.18,2.1289,0.059,80658600.0,86161200.0
399370.SZ,2019-07-18,3558.82,3597.63,3597.63,3558.55,3609.31,-50.4904,-1.3989,72395100.0,80088000.0
399370.SZ,2019-07-19,3586.56,3574.42,3612.63,3574.42,3558.82,27.743,0.7796,64031000.0,76375200.0
399370.SZ,2019-07-22,3550.66,3596.84,3599.9,3535.04,3586.56,-35.8975,-1.0009,70116400.0,82751100.0
399370.SZ,2019-07-23,3572.7,3553.32,3572.82,3546.44,3550.66,22.0362,0.6206,53388400.0,69803300.0
399370.SZ,2019-07-24,3604.85,3586.03,3622.24,3586.03,3572.7,32.1513,0.8999,67840500.0,88397400.0
399370.SZ,2019-07-25,3631.02,3603.32,3631.02,3595.3,3604.85,26.1701,0.726,70952100.0,86478800.0
399370.SZ,2019-07-26,3639.08,3618.92,3644.28,3612.08,3631.02,8.0638,0.2221,61544600.0,77822600.0
399370.SZ,2019-07-29,3639.28,3637.73,3645.31,3622.78,3639.08,0.1975,0.0054,61448100.0,76966900.0
399370.SZ,2019-07-30,3653.45,3643.26,3677.26,3643.26,3639.28,14.1675,0.3893,74418300.0,86118000.0
399370.SZ,2019-07-31,3628.91,3642.77,3646.7,3623.36,3653.45,-24.542,-0.6717,59698100.0,73958800.0
399370.SZ,2019-08-01,3604.58,3616.06,3628.91,3588.07,3628.91,-24.3251,-0.6703,60131500.0,81357400.0
399370.SZ,2019-08-02,3558.08,3521.69,3563.73,3512.42,3604.58,-46.5057,-1.2902,78550100.0,97407800.0
399370.SZ,2019-08-05,3494.49,3538.47,3562.17,3493.82,3558.08,-63.5894,-1.7872,70079200.0,87685900.0
399370.SZ,2019-08-06,3442.43,3419.75,3458.67,3374.04,3494.49,-52.0598,-1.4898,91607700.0,107974000.0
399370.SZ,2019-08-07,3434.12,3464.61,3470.99,3434.12,3442.43,-8.3109,-0.2414,62136000.0,75980200.0
399370.SZ,2019-08-08,3477.4,3461.85,3483.37,3457.96,3434.12,43.2851,1.2604,63663900.0,79869800.0
399370.SZ,2019-08-09,3434.54,3494.92,3496.92,3429.68,3477.4,-42.8563,-1.2324,64736800.0,82572000.0
399370.SZ,2019-08-12,3509.33,3455.86,3509.33,3443.44,3434.54,74.7861,2.1775,61557300.0,84622000.0
399370.SZ,2019-08-13,3478.97,3483.29,3502.44,3469.02,3509.33,-30.3606,-0.8651,55332400.0,74383800.0
399370.SZ,2019-08-14,3503.39,3528.52,3539.64,3500.97,3478.97,24.4174,0.7019,70846500.0,92179200.0
399370.SZ,2019-08-15,3517.93,3435.11,3518.23,3428.9,3503.39,14.5456,0.4152,70959000.0,83433800.0
399370.SZ,2019-08-16,3539.61,3517.16,3570.37,3511.88,3517.93,21.6816,0.6163,74707000.0,96754000.0
399370.SZ,2019-08-19,3635.61,3574.79,3635.62,3566.3,3539.61,95.9952,2.712,101510000.0,133415000.0
399370.SZ,2019-08-20,3636.67,3635.14,3656.98,3624.53,3635.61,1.0645,0.0293,86918000.0,109023000.0
399370.SZ,2019-08-21,3636.97,3625.84,3648.13,3624.32,3636.67,0.2963,0.0081,71308500.0,93520100.0
399370.SZ,2019-08-22,3653.93,3650.67,3656.35,3627.24,3636.97,16.9583,0.4663,75911700.0,92737300.0
399370.SZ,2019-08-23,3671.75,3657.68,3679.47,3643.38,3653.93,17.8199,0.4877,75054500.0,99325000.0
399370.SZ,2019-08-26,3623.42,3602.84,3634.25,3600.17,3671.75,-48.3264,-1.3162,77952300.0,100652000.0
399370.SZ,2019-08-27,3685.93,3648.74,3716.27,3647.72,3623.42,62.5029,1.725,100548000.0,127155000.0
399370.SZ,2019-08-28,3676.06,3686.23,3689.11,3653.52,3685.93,-9.8685,-0.2677,83498700.0,99815000.0
399370.SZ,2019-08-29,3672.2,3680.9,3687.27,3653.21,3676.06,-3.8535,-0.1048,78230800.0,94045000.0
399370.SZ,2019-08-30,3668.48,3696.95,3707.76,3647.32,3672.2,-3.7264,-0.1015,86441800.0,113411000.0
399370.SZ,2019-09-02,3733.95,3677.87,3742.16,3676.42,3668.48,65.4733,1.7848,89384100.0,117480000.0
399370.SZ,2019-09-03,3752.4,3741.88,3752.84,3727.78,3733.95,18.4505,0.4941,87749000.0,115278000.0
399370.SZ,2019-09-04,3782.07,3747.83,3782.07,3741.36,3752.4,29.6712,0.7907,100198000.0,125605000.0
399370.SZ,2019-09-05,3824.89,3807.85,3864.93,3807.8,3782.07,42.8142,1.132,138901000.0,172432000.0
399370.SZ,2019-09-06,3836.33,3844.77,3847.43,3807.11,3824.89,11.4471,0.2993,100796000.0,133545000.0
399370.SZ,2019-09-09,3893.99,3872.03,3893.99,3849.79,3836.33,57.6586,1.503,124167000.0,160220000.0
399370.SZ,2019-09-10,3877.9,3896.62,3896.62,3858.47,3893.99,-16.0899,-0.4132,114192000.0,142056000.0
399370.SZ,2019-09-11,3837.51,3891.78,3893.28,3829.95,3877.9,-40.388,-1.0415,103806000.0,140113000.0
399370.SZ,2019-09-12,3872.94,3851.16,3878.71,3835.94,3837.51,35.4225,0.9231,86280700.0,112065000.0
399370.SZ,2019-09-16,3869.91,3884.1,3886.08,3852.61,3872.94,-3.0256,-0.0781,93845600.0,122094000.0
399370.SZ,2019-09-17,3798.35,3859.12,3859.12,3784.53,3869.91,-71.5578,-1.8491,95191300.0,117606000.0
399370.SZ,2019-09-18,3820.42,3810.78,3830.65,3804.45,3798.35,22.0643,0.5809,75484900.0,107373000.0
399370.SZ,2019-09-19,3849.45,3832.66,3849.45,3812.98,3820.42,29.0362,0.76,78593500.0,105872000.0
399370.SZ,2019-09-20,3858.11,3855.62,3867.31,3840.74,3849.45,8.6542,0.2248,84387100.0,117947000.0
399370.SZ,2019-09-23,3815.67,3848.04,3848.04,3788.85,3858.11,-42.4391,-1.1,78695800.0,107385000.0
399370.SZ,2019-09-24,3833.73,3820.02,3864.09,3811.19,3815.67,18.059,0.4733,78389800.0,115294000.0
399370.SZ,2019-09-25,3784.31,3817.2,3817.2,3781.24,3833.73,-49.4196,-1.2891,81030900.0,111680000.0
399370.SZ,2019-09-26,3726.43,3795.7,3802.81,3726.25,3784.31,-57.8765,-1.5294,79318800.0,111754000.0
399370.SZ,2019-09-27,3756.69,3729.32,3763.73,3723.46,3726.43,30.2584,0.812,60348300.0,84066900.0
399370.SZ,2019-09-30,3717.35,3749.14,3766.87,3716.82,3756.69,-39.344,-1.0473,53257800.0,75873900.0
399370.SZ,2019-10-08,3725.99,3724.81,3756.61,3724.7,3717.35,8.6435,0.2325,55797200.0,82120500.0
399370.SZ,2019-10-09,3723.3,3712.46,3724.72,3689.02,3725.99,-2.6852,-0.0721,54187500.0,77149800.0
399370.SZ,2019-10-10,3772.39,3719.47,3774.24,3708.69,3723.3,49.0866,1.3184,65394500.0,100829000.0
399370.SZ,2019-10-11,3795.05,3779.86,3808.52,3757.39,3772.39,22.6575,0.6006,71427500.0,101099000.0
399370.SZ,2019-10-14,3832.02,3829.72,3857.96,3813.23,3795.05,36.9698,0.9742,85080700.0,112508000.0
399370.SZ,2019-10-15,3807.38,3826.9,3826.9,3798.17,3832.02,-24.6389,-0.643,69524600.0,93034900.0
399370.SZ,2019-10-16,3786.48,3802.07,3819.49,3783.41,3807.38,-20.901,-0.549,65257300.0,95452300.0
399370.SZ,2019-10-17,3785.52,3791.78,3796.36,3775.43,3786.48,-0.9624,-0.0254,55049400.0,76834700.0
399370.SZ,2019-10-18,3743.55,3792.79,3806.47,3736.54,3785.52,-41.9659,-1.1086,68876500.0,87049700.0
399370.SZ,2019-10-21,3742.13,3738.87,3747.06,3718.7,3743.55,-1.4227,-0.038,60598300.0,82396700.0
399370.SZ,2019-10-22,3772.48,3756.63,3775.37,3744.99,3742.13,30.3498,0.811,54938500.0,75294300.0
399370.SZ,2019-10-23,3747.72,3774.11,3780.19,3740.16,3772.48,-24.7533,-0.6562,54610300.0,71244400.0
399370.SZ,2019-10-24,3738.02,3750.55,3757.72,3719.07,3747.72,-9.6999,-0.2588,52097500.0,72176400.0
399370.SZ,2019-10-25,3774.75,3741.41,3777.33,3715.62,3738.02,36.7287,0.9826,61537800.0,88403500.0
399370.SZ,2019-10-28,3817.4,3786.34,3818.01,3783.28,3774.75,42.6457,1.1298,84243300.0,112656000.0
399370.SZ,2019-10-29,3799.54,3823.53,3823.53,3799.54,3817.4,-17.8589,-0.4678,83776800.0,109669000.0
399370.SZ,2019-10-30,3778.26,3789.44,3793.04,3760.3,3799.54,-21.2804,-0.5601,71625100.0,94992700.0
399370.SZ,2019-10-31,3771.7,3795.54,3799.5,3767.29,3778.26,-6.5584,-0.1736,71651200.0,99904600.0
399370.SZ,2019-11-01,3835.57,3766.91,3843.24,3759.86,3771.7,63.873,1.6935,73985000.0,105246000.0
399370.SZ,2019-11-04,3864.99,3847.77,3879.45,3847.77,3835.57,29.4136,0.7669,78330500.0,111971000.0
399370.SZ,2019-11-05,3892.87,3872.61,3910.94,3857.72,3864.99,27.8868,0.7215,79541600.0,113128000.0
399370.SZ,2019-11-06,3868.17,3897.71,3899.19,3856.7,3892.87,-24.7084,-0.6347,72728300.0,103823000.0
399370.SZ,2019-11-07,3886.4,3864.78,3895.06,3858.71,3868.17,18.2377,0.4715,68791700.0,88826000.0
399370.SZ,2019-11-08,3873.78,3912.87,3919.78,3873.78,3886.4,-12.623,-0.3248,75604100.0,104051000.0
399370.SZ,2019-11-11,3797.59,3849.53,3849.53,3792.35,3873.78,-76.1944,-1.9669,70558500.0,93306300.0
399370.SZ,2019-11-12,3792.74,3796.9,3806.61,3759.68,3797.59,-4.847,-0.1276,65373200.0,84885000.0
399370.SZ,2019-11-13,3800.71,3798.28,3808.2,3777.88,3792.74,7.9712,0.2102,57499900.0,79079900.0
399370.SZ,2019-11-14,3814.74,3803.84,3826.84,3797.17,3800.71,14.0291,0.3691,66623100.0,86426300.0
399370.SZ,2019-11-15,3779.49,3814.72,3825.34,3779.26,3814.74,-35.2521,-0.9241,68598900.0,85879200.0
399370.SZ,2019-11-18,3802.53,3775.81,3806.32,3771.3,3779.49,23.0429,0.6097,60470700.0,78037600.0
399370.SZ,2019-11-19,3868.15,3804.94,3868.16,3801.74,3802.53,65.625,1.7258,68964800.0,98110500.0
399370.SZ,2019-11-20,3836.03,3864.81,3874.42,3830.17,3868.15,-32.1282,-0.8306,70507300.0,93806200.0
399370.SZ,2019-11-21,3820.46,3823.1,3835.2,3804.12,3836.03,-15.5664,-0.4058,57267900.0,77097400.0
399370.SZ,2019-11-22,3775.42,3826.13,3863.78,3754.97,3820.46,-45.045,-1.179,78987300.0,119122000.0
399370.SZ,2019-11-25,3782.58,3774.39,3785.64,3740.54,3775.42,7.1654,0.1898,83467200.0,108401000.0
399370.SZ,2019-11-26,3804.03,3797.57,3811.06,3778.04,3782.58,21.4504,0.5671,85422600.0,108579000.0
399370.SZ,2019-11-27,3792.03,3792.59,3808.36,3772.21,3804.03,-11.9984,-0.3154,67727600.0,91827100.0
399370.SZ,2019-11-28,3781.51,3794.73,3806.21,3771.56,3792.03,-10.5264,-0.2776,55171200.0,73581400.0
399370.SZ,2019-11-29,3747.64,3774.14,3777.27,3714.47,3781.51,-33.8634,-0.8955,57439000.0,87250900.0
399370.SZ,2019-12-02,3761.87,3756.76,3776.84,3752.77,3747.64,14.225,0.3796,57670100.0,79938500.0
399370.SZ,2019-12-03,3777.61,3757.39,3777.61,3735.23,3761.87,15.7431,0.4185,57841500.0,82653400.0
399370.SZ,2019-12-04,3786.1,3771.18,3791.96,3765.71,3777.61,8.4889,0.2247,64651800.0,86209800.0
399370.SZ,2019-12-05,3829.73,3799.83,3834.99,3794.43,3786.1,43.627,1.1523,73394600.0,104576000.0
399370.SZ,2019-12-06,3870.59,3834.36,3870.59,3832.55,3829.73,40.8641,1.067,69798500.0,97585300.0
399370.SZ,2019-12-09,3870.09,3883.69,3888.6,3861.16,3870.59,-0.496,-0.0128,81567200.0,107913000.0
399370.SZ,2019-12-10,3880.65,3861.02,3880.65,3850.44,3870.09,10.5531,0.2727,73899100.0,97744100.0
399370.SZ,2019-12-11,3861.36,3882.43,3884.65,3854.86,3880.65,-19.2831,-0.4969,79040600.0,99979400.0
399370.SZ,2019-12-12,3846.46,3863.44,3867.15,3841.36,3861.36,-14.9072,-0.3861,69673100.0,93605500.0
399370.SZ,2019-12-13,3918.81,3884.37,3922.48,3882.06,3846.46,72.3574,1.8811,103849000.0,137218000.0
399370.SZ,2019-12-16,3951.89,3932.31,3951.89,3917.77,3918.81,33.0744,0.844,101287000.0,141015000.0
399370.SZ,2019-12-17,4007.53,3954.62,4014.8,3951.24,3951.89,55.6377,1.4079,133434000.0,172934000.0
399370.SZ,2019-12-18,3991.57,4006.5,4019.1,3982.65,4007.53,-15.9522,-0.3981,104410000.0,138188000.0
399370.SZ,2019-12-19,3983.42,3991.22,3993.16,3968.71,3991.57,-8.1557,-0.2043,87959600.0,111668000.0
399370.SZ,2019-12-20,3960.86,3989.8,3995.72,3959.45,3983.42,-22.5602,-0.5664,84863400.0,110463000.0
399370.SZ,2019-12-23,3914.64,3950.59,3979.75,3911.85,3960.86,-46.2226,-1.167,83298700.0,112976000.0
399370.SZ,2019-12-24,3960.8,3922.72,3961.77,3920.02,3914.64,46.1595,1.1792,72741500.0,95745000.0
399370.SZ,2019-12-25,3971.78,3956.6,3978.32,3951.9,3960.8,10.9848,0.2773,74181800.0,106793000.0
399370.SZ,2019-12-26,3997.74,3974.72,3997.74,3971.96,3971.78,25.9625,0.6537,79198000.0,106618000.0
399370.SZ,2019-12-27,3994.67,4008.47,4042.19,3991.06,3997.74,-3.0778,-0.077,107458000.0,145140000.0
399370.SZ,2019-12-30,4050.0,3991.9,4051.11,3981.54,3994.67,55.3372,1.3853,96528100.0,136535000.0
399370.SZ,2019-12-31,4073.22,4049.06,4074.79,4046.34,4050.0,23.2217,0.5734,82563200.0,119067000.0
399370.SZ,2020-01-02,4128.5,4081.62,4138.92,4074.99,4073.22,55.2746,1.357,116511000.0,181843000.0
399370.SZ,2020-01-03,4111.53,4132.64,4133.41,4093.42,4128.5,-16.9732,-0.4111,103214000.0,158692000.0
399370.SZ,2020-01-06,4114.11,4088.35,4155.12,4080.54,4111.53,2.586,0.0629,127498000.0,192284000.0
399370.SZ,2020-01-07,4168.9,4121.81,4169.05,4121.81,4114.11,54.7916,1.3318,112453000.0,163170000.0
399370.SZ,2020-01-08,4133.16,4148.88,4177.71,4121.31,4168.9,-35.7403,-0.8573,127731000.0,168410000.0
399370.SZ,2020-01-09,4209.83,4171.15,4210.1,4171.15,4133.16,76.6686,1.855,103685000.0,160465000.0
399370.SZ,2020-01-10,4209.33,4222.44,4224.7,4194.34,4209.83,-0.5049,-0.012,87740000.0,141820000.0
399370.SZ,2020-01-13,4261.85,4215.36,4261.85,4204.11,4209.33,52.5211,1.2477,90785400.0,159645000.0
399370.SZ,2020-01-14,4244.26,4278.6,4282.58,4241.36,4261.85,-17.5922,-0.4128,97544200.0,157123000.0
399370.SZ,2020-01-15,4239.02,4242.56,4253.11,4206.63,4244.26,-5.2329,-0.1233,88155600.0,136434000.0
399370.SZ,2020-01-16,4232.08,4246.18,4250.46,4222.23,4239.02,-6.9391,-0.1637,79147000.0,126470000.0
399370.SZ,2020-01-17,4228.43,4246.16,4257.4,4216.43,4232.08,-3.6556,-0.0864,77771400.0,126281000.0
399370.SZ,2020-01-20,4270.73,4241.71,4270.73,4218.18,4228.43,42.306,1.0005,88752900.0,153671000.0
399370.SZ,2020-01-21,4199.83,4254.47,4254.47,4194.44,4270.73,-70.9062,-1.6603,92602700.0,152060000.0
399370.SZ,2020-01-22,4237.48,4177.02,4247.52,4125.6,4199.83,37.6574,0.8966,97805400.0,165754000.0
399370.SZ,2020-01-23,4092.8,4199.46,4213.57,4052.13,4237.48,-144.687,-3.4144,114928000.0,193519000.0
399370.SZ,2020-02-03,3767.5,3724.81,3825.55,3724.81,4092.8,-325.298,-7.9481,80370100.0,163379000.0
399370.SZ,2020-02-04,3899.42,3732.17,3900.19,3732.17,3767.5,131.925,3.5016,149824000.0,223138000.0
399370.SZ,2020-02-05,3981.06,3935.46,4021.87,3923.35,3899.42,81.6345,2.0935,129991000.0,217285000.0
399370.SZ,2020-02-06,4081.55,3985.09,4088.9,3948.55,3981.06,100.494,2.5243,136851000.0,227728000.0
399370.SZ,2020-02-07,4085.1,4069.51,4085.2,4022.86,4081.55,3.5499,0.087,126664000.0,209569000.0
399370.SZ,2020-02-10,4123.68,4065.22,4124.39,4055.94,4085.1,38.5718,0.9442,125388000.0,206625000.0
399370.SZ,2020-02-11,4155.99,4127.99,4178.74,4106.51,4123.68,32.3151,0.7836,114549000.0,187864000.0
399370.SZ,2020-02-12,4209.55,4145.43,4209.84,4140.76,4155.99,53.5594,1.2887,112925000.0,184162000.0
399370.SZ,2020-02-13,4175.47,4210.0,4224.95,4163.12,4209.55,-34.0761,-0.8095,123784000.0,201320000.0
399370.SZ,2020-02-14,4192.16,4173.23,4225.79,4162.07,4175.47,16.686,0.3996,116445000.0,189713000.0
399370.SZ,2020-02-17,4291.71,4198.1,4291.72,4198.1,4192.16,99.5535,2.3748,135643000.0,211948000.0
399370.SZ,2020-02-18,4286.73,4287.8,4298.49,4238.16,4291.71,-4.9848,-0.1161,136070000.0,208178000.0
399370.SZ,2020-02-19,4267.05,4283.33,4309.51,4260.85,4286.73,-19.6761,-0.459,137692000.0,226199000.0
399370.SZ,2020-02-20,4361.17,4283.42,4365.67,4283.42,4267.05,94.1191,2.2057,146644000.0,237942000.0
399370.SZ,2020-02-21,4391.32,4354.7,4419.33,4352.01,4361.17,30.1519,0.6914,156804000.0,251521000.0
399370.SZ,2020-02-24,4398.18,4378.04,4414.43,4333.83,4391.32,6.8559,0.1561,164692000.0,267158000.0
399370.SZ,2020-02-25,4406.63,4316.36,4411.42,4257.37,4398.18,8.455,0.1922,195336000.0,309724000.0
399370.SZ,2020-02-26,4299.27,4342.08,4378.95,4282.15,4406.63,-107.368,-2.4365,188394000.0,284165000.0
399370.SZ,2020-02-27,4322.72,4317.27,4368.21,4289.07,4299.27,23.4576,0.5456,142416000.0,227945000.0
399370.SZ,2020-02-28,4137.43,4193.02,4256.74,4121.82,4322.72,-185.292,-4.2865,168555000.0,258662000.0
399370.SZ,2020-03-02,4275.31,4172.23,4302.56,4165.43,4137.43,137.875,3.3324,153702000.0,241812000.0
399370.SZ,2020-03-03,4315.6,4350.42,4387.99,4281.53,4275.31,40.2968,0.9425,158499000.0,257189000.0
399370.SZ,2020-03-04,4329.88,4296.63,4331.05,4262.24,4315.6,14.2795,0.3309,129971000.0,204387000.0
399370.SZ,2020-03-05,4426.17,4377.19,4434.06,4347.65,4329.88,96.2906,2.2239,147716000.0,245197000.0
399370.SZ,2020-03-06,4373.04,4371.53,4414.39,4366.89,4426.17,-53.1307,-1.2004,123020000.0,186746000.0
399370.SZ,2020-03-09,4192.85,4287.89,4291.35,4191.83,4373.04,-180.19,-4.1205,154290000.0,230784000.0
399370.SZ,2020-03-10,4299.63,4161.95,4308.26,4136.14,4192.85,106.775,2.5466,142749000.0,224253000.0
399370.SZ,2020-03-11,4234.58,4312.23,4313.33,4234.56,4299.63,-65.0472,-1.5129,121623000.0,188601000.0
399370.SZ,2020-03-12,4128.75,4167.14,4179.25,4098.7,4234.58,-105.832,-2.4992,115026000.0,175373000.0
399370.SZ,2020-03-13,4075.75,3923.02,4126.16,3916.75,4128.75,-52.9967,-1.2836,138341000.0,212018000.0
399370.SZ,2020-03-16,3865.86,4086.2,4086.2,3853.13,4075.75,-209.896,-5.1499,136548000.0,216078000.0
399370.SZ,2020-03-17,3845.54,3885.05,3937.25,3723.25,3865.86,-20.3134,-0.5255,117787000.0,188648000.0
399370.SZ,2020-03-18,3784.34,3877.45,3946.22,3784.18,3845.54,-61.2031,-1.5915,114001000.0,187664000.0
399370.SZ,2020-03-19,3753.0,3777.39,3809.65,3648.08,3784.34,-31.344,-0.8283,117805000.0,194534000.0
399370.SZ,2020-03-20,3823.8,3802.35,3833.68,3750.76,3753.0,70.8088,1.8867,92855700.0,157615000.0
399370.SZ,2020-03-23,3669.31,3700.49,3739.61,3660.45,3823.8,-154.491,-4.0403,97736700.0,152500000.0
399370.SZ,2020-03-24,3764.95,3746.71,3775.09,3667.11,3669.31,95.633,2.6063,97215200.0,154292000.0
399370.SZ,2020-03-25,3885.23,3867.48,3894.67,3840.97,3764.95,120.281,3.1948,104958000.0,170034000.0
399370.SZ,2020-03-26,3856.7,3855.42,3901.47,3839.07,3885.23,-28.5223,-0.7341,79063500.0,125896000.0
399370.SZ,2020-03-27,3854.57,3914.27,3917.81,3854.57,3856.7,-2.1303,-0.0552,79536500.0,132515000.0
399370.SZ,2020-03-30,3794.35,3795.56,3818.75,3753.6,3854.57,-60.2271,-1.5625,86894600.0,137160000.0
399370.SZ,2020-03-31,3841.91,3833.93,3861.27,3820.78,3794.35,47.5656,1.2536,73621500.0,119903000.0
399370.SZ,2020-04-01,3834.94,3842.08,3899.47,3826.14,3841.91,-6.9695,-0.1814,82646100.0,130203000.0
399370.SZ,2020-04-02,3916.31,3817.2,3916.31,3811.32,3834.94,81.3633,2.1216,78084300.0,128810000.0
399370.SZ,2020-04-03,3894.94,3909.81,3932.18,3877.86,3916.31,-21.3675,-0.5456,70601400.0,112936000.0
399370.SZ,2020-04-07,4012.87,3973.12,4016.21,3969.62,3894.94,117.933,3.0278,98620900.0,156706000.0
399370.SZ,2020-04-08,3997.5,3989.4,4010.14,3980.82,4012.87,-15.367,-0.3829,89292900.0,131076000.0
399370.SZ,2020-04-09,4020.06,4019.85,4028.41,4002.14,3997.5,22.5577,0.5643,78608800.0,124436000.0
399370.SZ,2020-04-10,3974.2,4018.33,4053.31,3963.8,4020.06,-45.8596,-1.1408,82172000.0,129302000.0
399370.SZ,2020-04-13,3962.43,3956.18,3985.77,3940.59,3974.2,-11.7696,-0.2961,67781700.0,103803000.0
399370.SZ,2020-04-14,4054.37,3993.68,4054.37,3976.66,3962.43,91.9362,2.3202,80122700.0,138219000.0
399370.SZ,2020-04-15,4025.37,4055.18,4071.05,4019.06,4054.37,-29.0003,-0.7153,83845000.0,139001000.0
399370.SZ,2020-04-16,4038.03,4007.29,4042.52,3999.89,4025.37,12.6584,0.3145,75335800.0,118380000.0
399370.SZ,2020-04-17,4074.75,4075.31,4102.6,4065.71,4038.03,36.7263,0.9095,94215300.0,157682000.0
399370.SZ,2020-04-20,4097.9,4083.67,4098.27,4071.47,4074.75,23.1446,0.568,74056400.0,120740000.0
399370.SZ,2020-04-21,4045.07,4079.65,4079.65,4004.41,4097.9,-52.8275,-1.2891,77984200.0,122758000.0
399370.SZ,2020-04-22,4100.74,4022.64,4100.74,4016.45,4045.07,55.672,1.3763,70757900.0,115449000.0
399370.SZ,2020-04-23,4088.82,4117.97,4125.19,4086.13,4100.74,-11.9203,-0.2907,72904500.0,117435000.0
399370.SZ,2020-04-24,4056.49,4090.3,4101.99,4046.13,4088.82,-32.3321,-0.7907,74740200.0,110110000.0
399370.SZ,2020-04-27,4078.19,4070.25,4099.82,4039.19,4056.49,21.7036,0.535,68775700.0,110818000.0
399370.SZ,2020-04-28,4105.85,4092.54,4122.01,4001.66,4078.19,27.6551,0.6781,95366200.0,145821000.0
399370.SZ,2020-04-29,4092.83,4081.16,4119.1,4075.27,4105.85,-13.0148,-0.317,71634500.0,114317000.0
399370.SZ,2020-04-30,4151.76,4110.6,4159.13,4110.6,4092.83,58.929,1.4398,95770700.0,155000000.0
399370.SZ,2020-05-06,4209.12,4107.99,4209.12,4107.42,4151.76,57.3573,1.3815,98931500.0,166262000.0
399370.SZ,2020-05-07,4213.21,4214.05,4232.22,4199.1,4209.12,4.0915,0.0972,86902700.0,136503000.0
399370.SZ,2020-05-08,4263.67,4234.78,4283.05,4226.0,4213.21,50.4561,1.1976,87111800.0,144673000.0
399370.SZ,2020-05-11,4252.98,4283.21,4305.42,4230.31,4263.67,-10.691,-0.2507,93683700.0,155043000.0
399370.SZ,2020-05-12,4277.94,4255.13,4278.78,4231.16,4252.98,24.9648,0.587,78094000.0,127228000.0
399370.SZ,2020-05-13,4301.68,4264.14,4307.32,4253.17,4277.94,23.7406,0.555,73767900.0,125539000.0
399370.SZ,2020-05-14,4254.94,4284.38,4284.64,4252.79,4301.68,-46.7431,-1.0866,74140800.0,119071000.0
399370.SZ,2020-05-15,4240.25,4272.66,4276.93,4227.13,4254.94,-14.6897,-0.3452,79953800.0,133640000.0
399370.SZ,2020-05-18,4253.82,4242.71,4284.02,4221.85,4240.25,13.5748,0.3201,94315400.0,156156000.0
399370.SZ,2020-05-19,4300.8,4296.73,4302.83,4276.58,4253.82,46.9715,1.1042,75500700.0,130823000.0
399370.SZ,2020-05-20,4266.02,4306.01,4306.01,4254.4,4300.8,-34.7737,-0.8085,87457900.0,141079000.0
399370.SZ,2020-05-21,4243.25,4287.58,4289.81,4233.12,4266.02,-22.772,-0.5338,81255400.0,129815000.0
399370.SZ,2020-05-22,4143.97,4237.11,4237.11,4126.66,4243.25,-99.2795,-2.3397,77933400.0,127457000.0
399370.SZ,2020-05-25,4158.04,4146.7,4158.04,4113.12,4143.97,14.0692,0.3395,61400700.0,102959000.0
399370.SZ,2020-05-26,4231.6,4184.29,4232.42,4178.21,4158.04,73.5583,1.7691,65461600.0,111108000.0
399370.SZ,2020-05-27,4184.72,4233.72,4233.72,4174.46,4231.6,-46.8814,-1.1079,77184800.0,118193000.0
399370.SZ,2020-05-28,4176.16,4186.53,4204.28,4123.62,4184.72,-8.5616,-0.2046,75626200.0,113281000.0
399370.SZ,2020-05-29,4224.57,4160.62,4230.8,4152.79,4176.16,48.4122,1.1593,78796900.0,122426000.0
399370.SZ,2020-06-01,4353.82,4259.64,4359.28,4259.64,4224.57,129.256,3.0596,111369000.0,172205000.0
399370.SZ,2020-06-02,4342.93,4361.03,4361.03,4326.97,4353.82,-10.8906,-0.2501,113670000.0,162560000.0
399370.SZ,2020-06-03,4343.19,4359.9,4372.73,4338.55,4342.93,0.2528,0.0058,109924000.0,156350000.0
399370.SZ,2020-06-04,4362.47,4357.73,4367.12,4339.99,4343.19,19.2851,0.444,93817900.0,133654000.0
399370.SZ,2020-06-05,4385.04,4366.59,4385.04,4349.45,4362.47,22.569,0.5173,84855000.0,127681000.0
399370.SZ,2020-06-08,4399.66,4414.04,4446.1,4392.1,4385.04,14.6237,0.3335,106200000.0,154985000.0
399370.SZ,2020-06-09,4434.44,4410.81,4443.67,4396.79,4399.66,34.7768,0.7904,92380200.0,139563000.0
399370.SZ,2020-06-10,4448.16,4437.19,4450.27,4420.78,4434.44,13.7181,0.3094,90297200.0,138940000.0
399370.SZ,2020-06-11,4412.4,4441.02,4467.43,4386.98,4448.16,-35.7559,-0.8038,99015000.0,169762000.0
399370.SZ,2020-06-12,4425.29,4331.59,4441.07,4326.13,4412.4,12.8878,0.2921,97923400.0,161406000.0
399370.SZ,2020-06-15,4382.95,4409.7,4443.15,4382.41,4425.29,-42.3384,-0.9567,105953000.0,177832000.0
399370.SZ,2020-06-16,4461.72,4431.96,4461.76,4420.68,4382.95,78.7658,1.7971,101072000.0,163250000.0
399370.SZ,2020-06-17,4467.98,4473.1,4473.1,4434.32,4461.72,6.2594,0.1403,102963000.0,161187000.0
399370.SZ,2020-06-18,4496.54,4465.21,4498.59,4457.76,4467.98,28.5627,0.6393,116060000.0,172992000.0
399370.SZ,2020-06-19,4570.84,4503.62,4581.49,4500.87,4496.54,74.2957,1.6523,106427000.0,188883000.0
399370.SZ,2020-06-22,4573.22,4572.68,4594.57,4555.26,4570.84,2.3819,0.0521,102364000.0,187720000.0
399370.SZ,2020-06-23,4625.35,4574.61,4626.96,4558.94,4573.22,52.1282,1.1399,94371000.0,181777000.0
399370.SZ,2020-06-24,4642.36,4631.7,4650.45,4620.1,4625.35,17.0114,0.3678,84954300.0,178136000.0
399370.SZ,2020-06-29,4632.06,4625.53,4638.21,4605.77,4642.36,-10.2971,-0.2218,90268400.0,173111000.0
399370.SZ,2020-06-30,4717.57,4658.7,4728.19,4658.7,4632.06,85.51,1.846,89719300.0,178889000.0
399370.SZ,2020-07-01,4787.65,4732.55,4793.11,4718.62,4717.57,70.0832,1.4856,112208000.0,229711000.0
399370.SZ,2020-07-02,4840.18,4782.77,4844.5,4774.18,4787.65,52.525,1.0971,143328000.0,262643000.0
399370.SZ,2020-07-03,4882.87,4845.93,4883.37,4815.76,4840.18,42.6921,0.882,152868000.0,261426000.0
399370.SZ,2020-07-06,5069.55,4905.38,5078.7,4905.38,4882.87,186.677,3.8231,203673000.0,346770000.0
399370.SZ,2020-07-07,5161.11,5117.24,5260.1,5117.2,5069.55,91.5636,1.8061,213797000.0,382607000.0
399370.SZ,2020-07-08,5222.59,5156.02,5229.0,5109.76,5161.11,61.4823,1.1913,182040000.0,309989000.0
399370.SZ,2020-07-09,5350.95,5220.42,5353.58,5215.31,5222.59,128.355,2.4577,206586000.0,357145000.0
399370.SZ,2020-07-10,5322.6,5312.72,5374.46,5287.08,5350.95,-28.3487,-0.5298,177929000.0,321952000.0
399370.SZ,2020-07-13,5491.67,5332.71,5493.96,5332.71,5322.6,169.07,3.1765,190792000.0,359598000.0
399370.SZ,2020-07-14,5435.5,5476.91,5490.77,5332.33,5491.67,-56.1684,-1.0228,187201000.0,361535000.0
399370.SZ,2020-07-15,5383.14,5447.1,5483.69,5344.63,5435.5,-52.3637,-0.9634,169556000.0,342553000.0
399370.SZ,2020-07-16,5064.74,5377.05,5401.0,5055.71,5383.14,-318.401,-5.9148,163484000.0,353958000.0
399370.SZ,2020-07-17,5137.15,5068.86,5210.36,5053.21,5064.74,72.4179,1.4298,127928000.0,270956000.0
399370.SZ,2020-07-20,5245.54,5206.04,5245.54,5086.53,5137.15,108.387,2.1099,145131000.0,286062000.0
399370.SZ,2020-07-21,5299.33,5262.48,5322.37,5232.61,5245.54,53.7869,1.0254,123564000.0,249548000.0
399370.SZ,2020-07-22,5352.83,5286.73,5419.09,5274.52,5299.33,53.5004,1.0096,128708000.0,260792000.0
399370.SZ,2020-07-23,5377.88,5302.17,5390.42,5240.67,5352.83,25.0551,0.4681,139794000.0,284890000.0
399370.SZ,2020-07-24,5095.36,5334.47,5347.63,5061.94,5377.88,-282.523,-5.2534,140780000.0,306229000.0
399370.SZ,2020-07-27,5128.39,5131.44,5175.27,5071.5,5095.36,33.0307,0.6483,96231400.0,212570000.0
399370.SZ,2020-07-28,5206.33,5178.71,5230.52,5155.91,5128.39,77.9437,1.5198,97147200.0,207938000.0
399370.SZ,2020-07-29,5341.72,5200.87,5343.69,5187.36,5206.33,135.385,2.6004,108904000.0,240090000.0
399370.SZ,2020-07-30,5324.37,5359.98,5382.65,5317.4,5341.72,-17.3448,-0.3247,104943000.0,228972000.0
399370.SZ,2020-07-31,5384.35,5320.48,5432.92,5283.64,5324.37,59.9808,1.1265,115946000.0,246790000.0
399370.SZ,2020-08-03,5465.98,5427.83,5466.5,5404.77,5384.35,81.6246,1.516,134509000.0,273490000.0
399370.SZ,2020-08-04,5435.36,5469.32,5490.26,5405.12,5465.98,-30.6173,-0.5601,130871000.0,261798000.0
399370.SZ,2020-08-05,5459.89,5429.58,5470.25,5376.18,5435.36,24.5262,0.4512,129998000.0,238810000.0
399370.SZ,2020-08-06,5403.04,5462.88,5463.87,5344.46,5459.89,-56.8464,-1.0412,137288000.0,257813000.0
399370.SZ,2020-08-07,5331.46,5392.21,5412.98,5241.01,5403.04,-71.5808,-1.3248,122576000.0,256290000.0
399370.SZ,2020-08-10,5330.27,5304.63,5362.34,5246.64,5331.46,-1.1902,-0.0223,106588000.0,218483000.0
399370.SZ,2020-08-11,5277.14,5339.76,5405.95,5271.91,5330.27,-53.1294,-0.9967,108531000.0,213005000.0
399370.SZ,2020-08-12,5198.69,5263.01,5272.45,5098.48,5277.14,-78.4532,-1.4867,106035000.0,221581000.0
399370.SZ,2020-08-13,5187.95,5224.54,5236.29,5172.8,5198.69,-10.7396,-0.2066,92837000.0,161787000.0
399370.SZ,2020-08-14,5268.56,5185.79,5271.88,5174.1,5187.95,80.6061,1.5537,88366300.0,165531000.0
399370.SZ,2020-08-17,5351.94,5289.31,5358.16,5272.02,5268.56,83.3855,1.5827,130875000.0,227239000.0
399370.SZ,2020-08-18,5374.09,5356.44,5394.77,5340.0,5351.94,22.1474,0.4138,109816000.0,200029000.0
399370.SZ,2020-08-19,5276.77,5365.17,5365.17,5272.35,5374.09,-97.3204,-1.8109,107596000.0,202897000.0
399370.SZ,2020-08-20,5215.46,5241.35,5270.81,5195.27,5276.77,-61.311,-1.1619,94135500.0,172589000.0
399370.SZ,2020-08-21,5269.3,5260.27,5293.11,5233.68,5215.46,53.8461,1.0324,89981400.0,175745000.0
399370.SZ,2020-08-24,5352.48,5307.83,5364.86,5262.34,5269.3,83.1812,1.5786,102249000.0,206139000.0
399370.SZ,2020-08-25,5378.4,5365.69,5417.31,5358.86,5352.48,25.9169,0.4842,96483600.0,197737000.0
399370.SZ,2020-08-26,5308.22,5383.6,5414.0,5284.75,5378.4,-70.1846,-1.3049,97818600.0,198519000.0
399370.SZ,2020-08-27,5357.49,5324.44,5357.83,5281.74,5308.22,49.2727,0.9282,78873900.0,168272000.0
399370.SZ,2020-08-28,5488.9,5358.24,5495.96,5348.61,5357.49,131.409,2.4528,100673000.0,210732000.0
399370.SZ,2020-08-31,5467.99,5522.97,5555.18,5467.07,5488.9,-20.9105,-0.381,112294000.0,230689000.0
399370.SZ,2020-09-01,5510.58,5459.18,5510.58,5435.11,5467.99,42.5915,0.7789,86555600.0,182996000.0
399370.SZ,2020-09-02,5534.56,5537.16,5553.5,5472.35,5510.58,23.9769,0.4351,107119000.0,201713000.0
399370.SZ,2020-09-03,5501.78,5532.63,5579.52,5477.89,5534.56,-32.7755,-0.5922,101386000.0,208616000.0
399370.SZ,2020-09-04,5429.84,5394.3,5439.45,5366.85,5501.78,-71.9394,-1.3076,83335300.0,182693000.0
399370.SZ,2020-09-07,5271.47,5417.35,5448.1,5248.1,5429.84,-158.371,-2.9167,101587000.0,213746000.0
399370.SZ,2020-09-08,5271.69,5282.8,5298.24,5199.49,5271.47,0.2186,0.0041,108735000.0,181303000.0
399370.SZ,2020-09-09,5114.79,5196.05,5196.21,5076.44,5271.69,-156.898,-2.9762,139917000.0,195322000.0
399370.SZ,2020-09-10,5114.72,5173.15,5208.24,5102.0,5114.79,-0.0713,-0.0014,120297000.0,172769000.0
399370.SZ,2020-09-11,5196.86,5103.79,5200.69,5102.38,5114.72,82.1366,1.6059,85675900.0,150117000.0
399370.SZ,2020-09-14,5243.75,5237.12,5268.9,5207.38,5196.86,46.8945,0.9024,91496300.0,174203000.0
399370.SZ,2020-09-15,5291.71,5246.01,5293.3,5218.06,5243.75,47.9588,0.9146,77784200.0,150760000.0
399370.SZ,2020-09-16,5229.92,5287.59,5293.1,5206.26,5291.71,-61.7852,-1.1676,77719400.0,150500000.0
399370.SZ,2020-09-17,5205.08,5207.08,5243.6,5155.85,5229.92,-24.8405,-0.475,81753000.0,165085000.0
399370.SZ,2020-09-18,5282.05,5204.92,5286.19,5177.58,5205.08,76.9638,1.4786,94703400.0,177345000.0
399370.SZ,2020-09-21,5235.69,5292.42,5293.78,5229.03,5282.05,-46.3546,-0.8776,79072400.0,148464000.0
399370.SZ,2020-09-22,5185.0,5198.99,5254.66,5168.18,5235.69,-50.6883,-0.9681,74502800.0,136166000.0
399370.SZ,2020-09-23,5230.35,5184.78,5241.31,5164.62,5185.0,45.3481,0.8746,63746500.0,142413000.0
399370.SZ,2020-09-24,5120.73,5195.38,5207.77,5119.97,5230.35,-109.622,-2.0959,72817900.0,138811000.0
399370.SZ,2020-09-25,5121.33,5146.61,5164.15,5107.44,5120.73,0.6042,0.0118,56368200.0,115796000.0
399370.SZ,2020-09-28,5125.64,5143.16,5172.13,5120.11,5121.33,4.3094,0.0841,52732500.0,115097000.0
399370.SZ,2020-09-29,5171.44,5159.09,5200.97,5131.52,5125.64,45.7929,0.8934,54497000.0,114425000.0
399370.SZ,2020-09-30,5181.24,5192.06,5239.33,5154.59,5171.44,9.799,0.1895,54266900.0,118066000.0
399370.SZ,2020-10-09,5325.64,5283.12,5340.64,5277.55,5181.24,144.401,2.787,73957200.0,176317000.0
399370.SZ,2020-10-12,5490.5,5357.25,5490.52,5357.14,5325.64,164.862,3.0956,96724400.0,219225000.0
399370.SZ,2020-10-13,5522.46,5485.69,5530.46,5459.3,5490.5,31.9639,0.5822,72117100.0,167958000.0
399370.SZ,2020-10-14,5485.84,5507.69,5522.23,5472.69,5522.46,-36.6204,-0.6631,76379900.0,171310000.0
399370.SZ,2020-10-15,5452.66,5486.45,5494.56,5450.48,5485.84,-33.1871,-0.605,68359500.0,148319000.0
399370.SZ,2020-10-16,5414.37,5450.18,5475.9,5380.63,5452.66,-38.2852,-0.7021,63649100.0,133648000.0
399370.SZ,2020-10-19,5356.64,5454.98,5462.68,5343.51,5414.37,-57.7299,-1.0662,66458800.0,144724000.0
399370.SZ,2020-10-20,5431.47,5356.67,5431.47,5340.21,5356.64,74.8267,1.3969,61188300.0,129103000.0
399370.SZ,2020-10-21,5388.15,5441.42,5441.42,5363.09,5431.47,-43.3124,-0.7974,59510100.0,130251000.0
399370.SZ,2020-10-22,5362.78,5371.18,5375.18,5301.51,5388.15,-25.3744,-0.4709,56401500.0,122972000.0
399370.SZ,2020-10-23,5242.04,5364.47,5387.47,5235.22,5362.78,-120.745,-2.2515,55917300.0,127653000.0
399370.SZ,2020-10-26,5242.37,5181.13,5260.17,5134.29,5242.04,0.3303,0.0063,52697400.0,133780000.0
399370.SZ,2020-10-27,5273.42,5234.26,5278.17,5227.64,5242.37,31.0502,0.5923,54672200.0,135062000.0
399370.SZ,2020-10-28,5344.9,5280.23,5366.45,5271.85,5273.42,71.4871,1.3556,66194100.0,165037000.0
399370.SZ,2020-10-29,5402.15,5288.8,5429.55,5280.98,5344.9,57.2515,1.0711,72412900.0,178114000.0
399370.SZ,2020-10-30,5304.08,5401.78,5405.81,5288.79,5402.15,-98.0789,-1.8156,84724800.0,199531000.0
399370.SZ,2020-11-02,5353.75,5309.37,5376.92,5301.74,5304.08,49.6704,0.9365,88387300.0,195910000.0
399370.SZ,2020-11-03,5408.2,5379.19,5415.51,5354.04,5353.75,54.4551,1.0171,81976700.0,173286000.0
399370.SZ,2020-11-04,5451.55,5407.66,5461.45,5398.27,5408.2,43.3472,0.8015,68884100.0,157165000.0
399370.SZ,2020-11-05,5537.02,5508.08,5538.06,5477.8,5451.55,85.4751,1.5679,89702000.0,196891000.0
399370.SZ,2020-11-06,5523.35,5556.95,5556.95,5468.96,5537.02,-13.6725,-0.2469,91889400.0,205161000.0
399370.SZ,2020-11-09,5641.12,5560.55,5661.04,5560.55,5523.35,117.767,2.1322,117516000.0,254646000.0
399370.SZ,2020-11-10,5605.42,5639.33,5645.37,5574.19,5641.12,-35.6997,-0.6328,101079000.0,221607000.0
399370.SZ,2020-11-11,5522.22,5584.92,5615.12,5519.95,5605.42,-83.1989,-1.4843,106112000.0,213274000.0
399370.SZ,2020-11-12,5560.69,5547.82,5574.86,5533.59,5522.22,38.4709,0.6967,83505000.0,169604000.0
399370.SZ,2020-11-13,5528.78,5540.35,5548.76,5481.5,5560.69,-31.914,-0.5739,87731500.0,180778000.0
399370.SZ,2020-11-16,5587.18,5556.3,5587.18,5503.63,5528.78,58.4016,1.0563,107320000.0,199849000.0
399370.SZ,2020-11-17,5536.75,5584.85,5584.85,5499.28,5587.18,-50.4312,-0.9026,103029000.0,204391000.0
399370.SZ,2020-11-18,5471.6,5531.1,5545.48,5446.65,5536.75,-65.1505,-1.1767,103889000.0,199952000.0
399370.SZ,2020-11-19,5530.21,5460.53,5545.02,5441.32,5471.6,58.6092,1.0712,86852400.0,170022000.0
399370.SZ,2020-11-20,5561.04,5535.22,5568.69,5528.95,5530.21,30.836,0.5576,89297300.0,158174000.0
399370.SZ,2020-11-23,5621.63,5587.22,5653.42,5567.92,5561.04,60.5889,1.0895,128235000.0,215821000.0
399370.SZ,2020-11-24,5591.21,5615.98,5615.98,5562.35,5621.63,-30.4214,-0.5411,109323000.0,180192000.0
399370.SZ,2020-11-25,5477.66,5600.96,5604.01,5477.66,5591.21,-113.547,-2.0308,114631000.0,189704000.0
399370.SZ,2020-11-26,5460.36,5478.8,5504.21,5398.54,5477.66,-17.3045,-0.3159,89665000.0,160195000.0
399370.SZ,2020-11-27,5500.08,5469.83,5500.08,5442.63,5460.36,39.7222,0.7275,83893300.0,147628000.0
399370.SZ,2020-11-30,5473.91,5505.61,5527.69,5465.76,5500.08,-26.1733,-0.4759,121557000.0,218743000.0
399370.SZ,2020-12-01,5579.51,5475.58,5580.64,5473.59,5473.91,105.599,1.9291,109607000.0,200132000.0
399370.SZ,2020-12-02,5594.0,5595.87,5605.86,5552.98,5579.51,14.4909,0.2597,116954000.0,197937000.0
399370.SZ,2020-12-03,5602.42,5593.01,5615.05,5569.11,5594.0,8.4212,0.1505,101113000.0,177799000.0
399370.SZ,2020-12-04,5657.55,5594.46,5663.7,5587.94,5602.42,55.1298,0.984,85778000.0,172102000.0
399370.SZ,2020-12-07,5663.85,5665.34,5698.19,5652.53,5657.55,6.2989,0.1113,84171800.0,181382000.0
399370.SZ,2020-12-08,5669.33,5675.04,5693.31,5657.27,5663.85,5.4876,0.0969,75813500.0,162884000.0
399370.SZ,2020-12-09,5591.15,5682.52,5695.0,5588.7,5669.33,-78.1805,-1.379,87913200.0,181751000.0
399370.SZ,2020-12-10,5610.35,5576.54,5641.65,5566.38,5591.15,19.1941,0.3433,77418300.0,161126000.0
399370.SZ,2020-12-11,5557.17,5630.84,5632.17,5511.67,5610.35,-53.1753,-0.9478,95019000.0,189586000.0
399370.SZ,2020-12-14,5620.83,5574.13,5622.53,5543.54,5557.17,63.6624,1.1456,66363900.0,164577000.0
399370.SZ,2020-12-15,5645.94,5622.49,5654.84,5602.05,5620.83,25.1037,0.4466,62516800.0,164603000.0
399370.SZ,2020-12-16,5676.38,5660.63,5694.18,5652.12,5645.94,30.4371,0.5391,60745500.0,156699000.0
399370.SZ,2020-12-17,5735.22,5683.08,5740.27,5669.85,5676.38,58.846,1.0367,81322700.0,179858000.0
399370.SZ,2020-12-18,5720.99,5730.56,5754.14,5700.58,5735.22,-14.2321,-0.2482,82039100.0,178832000.0
399370.SZ,2020-12-21,5820.33,5730.19,5820.71,5711.03,5720.99,99.3415,1.7364,86262200.0,202889000.0
399370.SZ,2020-12-22,5749.83,5804.69,5862.7,5744.99,5820.33,-70.4999,-1.2113,93373300.0,215290000.0
399370.SZ,2020-12-23,5793.79,5769.07,5846.17,5742.54,5749.83,43.9617,0.7646,86090800.0,216842000.0
399370.SZ,2020-12-24,5766.62,5783.36,5816.47,5740.47,5793.79,-27.1717,-0.469,73503900.0,173506000.0
399370.SZ,2020-12-25,5838.27,5743.13,5838.52,5737.62,5766.62,71.6523,1.2425,83438500.0,178929000.0
399370.SZ,2020-12-28,5860.41,5843.28,5888.26,5827.66,5838.27,22.1339,0.3791,88194500.0,197536000.0
399370.SZ,2020-12-29,5820.92,5863.76,5868.09,5792.52,5860.41,-39.4905,-0.6739,90181800.0,190139000.0
399370.SZ,2020-12-30,5935.69,5828.83,5935.69,5826.91,5820.92,114.775,1.9718,83726400.0,194863000.0
399370.SZ,2020-12-31,6051.71,5946.95,6054.91,5946.95,5935.69,116.019,1.9546,87330400.0,215039000.0
399370.SZ,2021-01-04,6189.93,6067.78,6202.92,6067.31,6051.71,138.219,2.284,110256000.0,286935000.0
399370.SZ,2021-01-05,6363.0,6162.71,6363.0,6144.96,6189.93,173.072,2.796,115243000.0,319398000.0
399370.SZ,2021-01-06,6404.79,6400.77,6451.97,6302.78,6363.0,41.7844,0.6567,103944000.0,294993000.0
399370.SZ,2021-01-07,6536.77,6417.25,6536.77,6392.03,6404.79,131.985,2.0607,126827000.0,311464000.0
399370.SZ,2021-01-08,6487.09,6556.84,6580.36,6411.74,6536.77,-49.676,-0.7599,115462000.0,315162000.0
399370.SZ,2021-01-11,6411.47,6493.71,6560.75,6365.5,6487.09,-75.62,-1.1657,124258000.0,339138000.0
399370.SZ,2021-01-12,6571.91,6372.62,6571.91,6372.33,6411.47,160.434,2.5023,104376000.0,282525000.0
399370.SZ,2021-01-13,6515.3,6593.87,6643.99,6450.81,6571.91,-56.6116,-0.8614,121560000.0,332020000.0
399370.SZ,2021-01-14,6367.36,6478.98,6510.16,6353.58,6515.3,-147.939,-2.2706,107509000.0,304155000.0
399370.SZ,2021-01-15,6334.71,6344.38,6378.62,6206.02,6367.36,-32.6521,-0.5128,95829600.0,278211000.0
399370.SZ,2021-01-18,6391.78,6309.15,6415.55,6248.09,6334.71,57.071,0.9009,93217300.0,253176000.0
399370.SZ,2021-01-19,6268.13,6403.67,6437.27,6246.53,6391.78,-123.647,-1.9345,103658000.0,272622000.0
399370.SZ,2021-01-20,6388.84,6278.73,6390.76,6249.09,6268.13,120.706,1.9257,92561000.0,244030000.0
399370.SZ,2021-01-21,6524.21,6407.7,6559.38,6405.98,6388.84,135.379,2.119,119203000.0,289232000.0
399370.SZ,2021-01-22,6619.16,6527.17,6622.74,6516.49,6524.21,94.9468,1.4553,118919000.0,309838000.0
399370.SZ,2021-01-25,6704.11,6616.68,6777.61,6612.59,6619.16,84.9523,1.2834,121830000.0,357685000.0
399370.SZ,2021-01-26,6551.58,6674.02,6674.02,6532.78,6704.11,-152.532,-2.2752,102017000.0,283031000.0
399370.SZ,2021-01-27,6564.49,6541.18,6575.71,6424.67,6551.58,12.9067,0.197,97134800.0,268077000.0
399370.SZ,2021-01-28,6353.12,6456.08,6484.08,6337.23,6564.49,-211.369,-3.2199,97050200.0,258184000.0
399370.SZ,2021-01-29,6339.5,6413.29,6451.99,6259.23,6353.12,-13.6174,-0.2143,97388500.0,265123000.0
399370.SZ,2021-02-01,6416.93,6348.8,6431.61,6335.4,6339.5,77.4232,1.2213,90711200.0,236688000.0
399370.SZ,2021-02-02,6578.83,6441.51,6580.68,6396.23,6416.93,161.908,2.5231,101400000.0,272773000.0
399370.SZ,2021-02-03,6596.04,6587.99,6658.54,6570.77,6578.83,17.2093,0.2616,120111000.0,286387000.0
399370.SZ,2021-02-04,6576.47,6555.25,6646.81,6488.32,6596.04,-19.5758,-0.2968,105716000.0,283285000.0
399370.SZ,2021-02-05,6550.39,6605.82,6668.27,6544.99,6576.47,-26.0808,-0.3966,94651100.0,268873000.0
399370.SZ,2021-02-08,6690.14,6582.85,6697.65,6537.76,6550.39,139.754,2.1335,87719400.0,252837000.0
399370.SZ,2021-02-09,6871.64,6719.65,6871.64,6697.43,6690.14,181.497,2.7129,89783500.0,252323000.0
399370.SZ,2021-02-10,7081.17,6901.21,7095.95,6897.85,6871.64,209.528,3.0492,89449000.0,277859000.0
399370.SZ,2021-02-18,6934.84,7218.98,7225.38,6898.94,7081.17,-146.322,-2.0664,125587000.0,354544000.0
399370.SZ,2021-02-19,6916.1,6885.64,6944.19,6720.35,6934.84,-18.7444,-0.2703,127211000.0,317025000.0
399370.SZ,2021-02-22,6640.21,6919.71,6919.71,6640.21,6916.1,-275.891,-3.9891,168646000.0,376406000.0
399370.SZ,2021-02-23,6604.5,6554.84,6689.45,6543.59,6640.21,-35.7053,-0.5377,141767000.0,287464000.0
399370.SZ,2021-02-24,6385.79,6623.77,6641.68,6320.52,6604.5,-218.717,-3.3116,133336000.0,332747000.0
399370.SZ,2021-02-25,6366.16,6461.65,6469.98,6336.53,6385.79,-19.6277,-0.3074,132521000.0,264202000.0
399370.SZ,2021-02-26,6214.51,6196.91,6309.89,6136.62,6366.16,-151.647,-2.3821,123578000.0,270060000.0
399370.SZ,2021-03-01,6380.44,6308.29,6384.43,6259.65,6214.51,165.925,2.67,128373000.0,261968000.0
399370.SZ,2021-03-02,6291.96,6441.25,6443.55,6230.64,6380.44,-88.474,-1.3866,144293000.0,280027000.0
399370.SZ,2021-03-03,6383.17,6259.95,6383.17,6229.5,6291.96,91.2053,1.4496,134702000.0,234455000.0
399370.SZ,2021-03-04,6106.62,6298.52,6298.52,6071.25,6383.17,-276.551,-4.3325,164534000.0,290912000.0
399370.SZ,2021-03-05,6089.86,5976.85,6152.95,5951.97,6106.62,-16.756,-0.2744,137246000.0,248275000.0
399370.SZ,2021-03-08,5819.91,6139.6,6176.42,5819.39,6089.86,-269.951,-4.4328,144428000.0,280603000.0
399370.SZ,2021-03-09,5672.46,5787.24,5845.54,5577.48,5819.91,-147.454,-2.5336,154333000.0,296446000.0
399370.SZ,2021-03-10,5756.75,5794.56,5823.73,5716.41,5672.46,84.2913,1.486,118491000.0,231012000.0
399370.SZ,2021-03-11,5920.37,5779.01,5958.38,5749.48,5756.75,163.621,2.8422,128528000.0,239497000.0
399370.SZ,2021-03-12,5935.31,5962.29,5965.88,5846.4,5920.37,14.9396,0.2523,128066000.0,229722000.0
399370.SZ,2021-03-15,5731.27,5890.75,5890.86,5664.94,5935.31,-204.034,-3.4376,134951000.0,236604000.0
399370.SZ,2021-03-16,5785.49,5750.48,5785.82,5684.66,5731.27,54.2205,0.946,115538000.0,200076000.0
399370.SZ,2021-03-17,5875.71,5768.3,5897.29,5698.87,5785.49,90.2141,1.5593,99208000.0,187143000.0
399370.SZ,2021-03-18,5960.2,5902.92,5976.45,5899.12,5875.71,84.4926,1.438,101040000.0,190513000.0
399370.SZ,2021-03-19,5795.12,5844.98,5901.31,5755.07,5960.2,-165.081,-2.7697,101829000.0,196423000.0
399370.SZ,2021-03-22,5815.35,5794.76,5873.92,5728.31,5795.12,20.2302,0.3491,97446800.0,182470000.0
399370.SZ,2021-03-23,5743.38,5812.87,5825.03,5688.54,5815.35,-71.9684,-1.2376,101039000.0,184712000.0
399370.SZ,2021-03-24,5644.3,5706.95,5767.72,5628.3,5743.38,-99.0836,-1.7252,96926200.0,184112000.0
399370.SZ,2021-03-25,5673.34,5599.6,5700.9,5567.6,5644.3,29.0374,0.5145,82372200.0,156628000.0
399370.SZ,2021-03-26,5845.32,5712.2,5861.39,5705.84,5673.34,171.983,3.0314,92958400.0,202019000.0
399370.SZ,2021-03-29,5869.33,5874.38,5937.99,5814.9,5845.32,24.0075,0.4107,92637500.0,193320000.0
399370.SZ,2021-03-30,5945.94,5870.6,5976.55,5860.18,5869.33,76.6114,1.3053,93118300.0,184818000.0
399370.SZ,2021-03-31,5881.93,5937.01,5937.01,5839.24,5945.94,-64.0084,-1.0765,80572300.0,170974000.0
399370.SZ,2021-04-01,5992.88,5899.24,5998.5,5899.24,5881.93,110.947,1.8862,82087000.0,156957000.0
399370.SZ,2021-04-02,6099.5,6022.23,6112.43,6019.6,5992.88,106.622,1.7791,75983400.0,174052000.0
399370.SZ,2021-04-06,6060.57,6124.15,6131.69,6036.2,6099.5,-38.9297,-0.6382,70389700.0,155962000.0
399370.SZ,2021-04-07,6000.93,6069.0,6069.66,5936.55,6060.57,-59.6379,-0.984,104158000.0,186352000.0
399370.SZ,2021-04-08,6029.26,5965.31,6052.57,5939.97,6000.93,28.3262,0.472,116053000.0,181572000.0
399370.SZ,2021-04-09,5935.78,6014.64,6021.63,5917.26,6029.26,-93.4772,-1.5504,94488100.0,167927000.0
399370.SZ,2021-04-12,5812.48,5933.74,5971.43,5790.95,5935.78,-123.296,-2.0772,107034000.0,199428000.0
399370.SZ,2021-04-13,5821.81,5811.58,5915.39,5803.78,5812.48,9.3302,0.1605,88310600.0,165013000.0
399370.SZ,2021-04-14,5908.49,5827.86,5916.95,5827.86,5821.81,86.6757,1.4888,79149000.0,156249000.0
399370.SZ,2021-04-15,5885.19,5892.23,5898.01,5812.44,5908.49,-23.2962,-0.3943,74204200.0,150842000.0
399370.SZ,2021-04-16,5904.48,5912.67,5925.12,5835.16,5885.19,19.2882,0.3277,78065500.0,154777000.0
399370.SZ,2021-04-19,6076.66,5903.16,6080.39,5867.44,5904.48,172.175,2.916,96923000.0,215398000.0
399370.SZ,2021-04-20,6087.58,6050.54,6145.47,6041.33,6076.66,10.9289,0.1799,89163200.0,196466000.0
399370.SZ,2021-04-21,6100.61,6040.81,6111.58,6022.77,6087.58,13.0282,0.214,84139400.0,175990000.0
399370.SZ,2021-04-22,6103.99,6129.1,6134.13,6050.79,6100.61,3.3746,0.0553,87106000.0,178693000.0
399370.SZ,2021-04-23,6198.72,6106.76,6215.79,6105.39,6103.99,94.7335,1.552,91280000.0,200334000.0
399370.SZ,2021-04-26,6112.59,6231.01,6275.34,6106.97,6198.72,-86.1281,-1.3894,100274000.0,237985000.0
399370.SZ,2021-04-27,6148.56,6117.73,6148.86,6074.59,6112.59,35.9693,0.5884,86551200.0,188948000.0
399370.SZ,2021-04-28,6214.39,6116.41,6214.4,6105.15,6148.56,65.8265,1.0706,84018400.0,210422000.0
399370.SZ,2021-04-29,6237.12,6226.17,6253.73,6159.1,6214.39,22.7345,0.3658,86320600.0,208814000.0
399370.SZ,2021-04-30,6218.36,6222.39,6265.97,6179.73,6237.12,-18.7642,-0.3008,95440600.0,224432000.0
399370.SZ,2021-05-06,6121.29,6188.02,6221.51,6065.67,6218.36,-97.0666,-1.561,104772000.0,232875000.0
399370.SZ,2021-05-07,6004.0,6140.94,6173.28,6004.0,6121.29,-117.287,-1.9161,128614000.0,232153000.0
399370.SZ,2021-05-10,6008.93,6009.97,6066.76,5968.24,6004.0,4.9203,0.082,144410000.0,229928000.0
399370.SZ,2021-05-11,6042.43,5957.96,6054.1,5907.32,6008.93,33.5042,0.5576,129741000.0,208722000.0
399370.SZ,2021-05-12,6091.02,6021.77,6100.73,6006.05,6042.43,48.5869,0.8041,103762000.0,175019000.0
399370.SZ,2021-05-13,6009.91,6014.1,6052.82,5977.27,6091.02,-81.1069,-1.3316,107809000.0,179559000.0
399370.SZ,2021-05-14,6124.07,6027.5,6130.27,5980.85,6009.91,114.162,1.8996,97971000.0,197285000.0
399370.SZ,2021-05-17,6272.64,6143.0,6302.4,6143.0,6124.07,148.571,2.426,98685100.0,232796000.0
399370.SZ,2021-05-18,6260.2,6280.58,6296.02,6219.22,6272.64,-12.4469,-0.1984,80816000.0,166508000.0
399370.SZ,2021-05-19,6263.3,6236.67,6297.79,6209.88,6260.2,3.105,0.0496,83346200.0,170086000.0
399370.SZ,2021-05-20,6285.25,6261.82,6302.38,6244.65,6263.3,21.9522,0.3505,100526000.0,198193000.0
399370.SZ,2021-05-21,6241.25,6307.17,6337.69,6212.44,6285.25,-44.0033,-0.7001,88091000.0,198618000.0
399370.SZ,2021-05-24,6270.5,6250.75,6271.01,6160.87,6241.25,29.2513,0.4687,86857700.0,205227000.0
399370.SZ,2021-05-25,6453.68,6285.07,6458.72,6282.74,6270.5,183.175,2.9212,95134800.0,252902000.0
399370.SZ,2021-05-26,6434.98,6457.8,6473.08,6406.1,6453.68,-18.6965,-0.2897,101672000.0,217441000.0
399370.SZ,2021-05-27,6485.21,6430.15,6530.06,6393.74,6434.98,50.2287,0.7806,97415300.0,220577000.0
399370.SZ,2021-05-28,6461.66,6489.34,6526.47,6425.89,6485.21,-23.547,-0.3631,104970000.0,238393000.0
399370.SZ,2021-05-31,6515.6,6470.89,6515.6,6439.55,6461.66,53.9399,0.8348,97419700.0,242526000.0
399370.SZ,2021-06-01,6554.49,6503.59,6557.68,6435.8,6515.6,38.8846,0.5968,107526000.0,243983000.0
399370.SZ,2021-06-02,6489.01,6573.87,6582.69,6455.31,6554.49,-65.4767,-0.999,103191000.0,228713000.0
399370.SZ,2021-06-03,6447.75,6483.69,6537.55,6431.85,6489.01,-41.2632,-0.6359,109738000.0,219381000.0
399370.SZ,2021-06-04,6493.93,6416.38,6554.45,6397.51,6447.75,46.1877,0.7163,95936400.0,216584000.0
399370.SZ,2021-06-07,6487.17,6501.87,6506.19,6433.48,6493.93,-6.7598,-0.1041,91399300.0,217503000.0
399370.SZ,2021-06-08,6388.19,6483.61,6536.27,6342.21,6487.17,-98.988,-1.5259,87557000.0,228348000.0
399370.SZ,2021-06-09,6406.75,6376.96,6421.63,6347.13,6388.19,18.5602,0.2905,84271400.0,187254000.0
399370.SZ,2021-06-10,6500.14,6406.81,6523.56,6395.47,6406.75,93.3938,1.4577,94495200.0,227243000.0
399370.SZ,2021-06-11,6452.32,6516.04,6517.46,6422.2,6500.14,-47.8159,-0.7356,105428000.0,256429000.0
399370.SZ,2021-06-15,6400.53,6452.51,6466.92,6338.56,6452.32,-51.7964,-0.8028,78696200.0,225859000.0
399370.SZ,2021-06-16,6210.13,6397.31,6398.4,6207.23,6400.53,-190.398,-2.9747,71000500.0,214965000.0
399370.SZ,2021-06-17,6291.45,6209.17,6312.46,6209.17,6210.13,81.3201,1.3095,68222300.0,206732000.0
399370.SZ,2021-06-18,6312.57,6307.26,6355.34,6250.12,6291.45,21.1199,0.3357,78840100.0,251321000.0
399370.SZ,2021-06-21,6347.07,6304.98,6376.59,6260.84,6312.57,34.5028,0.5466,78960100.0,250311000.0
399370.SZ,2021-06-22,6391.7,6364.69,6394.36,6304.41,6347.07,44.624,0.7031,77199800.0,239090000.0
399370.SZ,2021-06-23,6425.3,6405.73,6464.06,6366.63,6391.7,33.6052,0.5258,88521300.0,274514000.0
399370.SZ,2021-06-24,6428.6,6441.87,6445.46,6364.26,6425.3,3.3001,0.0514,82659300.0,244972000.0
399370.SZ,2021-06-25,6546.44,6435.12,6566.43,6430.5,6428.6,117.836,1.833,94552500.0,266031000.0
399370.SZ,2021-06-28,6615.48,6565.18,6625.96,6555.48,6546.44,69.0434,1.0547,86644300.0,254856000.0
399370.SZ,2021-06-29,6573.55,6635.35,6639.25,6553.75,6615.48,-41.9283,-0.6338,77966500.0,246469000.0
399370.SZ,2021-06-30,6646.66,6576.72,6653.31,6553.79,6573.55,73.1049,1.1121,72022900.0,232354000.0
399370.SZ,2021-07-01,6637.3,6665.12,6673.07,6585.96,6646.66,-9.355,-0.1407,75148300.0,241089000.0
399370.SZ,2021-07-02,6425.41,6579.66,6579.73,6417.6,6637.3,-211.895,-3.1925,78547600.0,267421000.0
399370.SZ,2021-07-05,6448.66,6415.8,6496.86,6394.23,6425.41,23.2531,0.3619,87073100.0,267559000.0
399370.SZ,2021-07-06,6402.3,6459.63,6462.96,6312.23,6448.66,-46.356,-0.7188,88263700.0,288557000.0
399370.SZ,2021-07-07,6552.28,6362.65,6565.24,6343.6,6402.3,149.974,2.3425,94691100.0,286574000.0
399370.SZ,2021-07-08,6530.82,6569.82,6605.34,6519.56,6552.28,-21.457,-0.3275,103443000.0,324704000.0
399370.SZ,2021-07-09,6490.61,6488.69,6515.09,6359.36,6530.82,-40.2169,-0.6158,100318000.0,298419000.0
399370.SZ,2021-07-12,6624.39,6536.73,6650.78,6468.29,6490.61,133.784,2.0612,115448000.0,348074000.0
399370.SZ,2021-07-13,6628.32,6616.24,6675.69,6580.21,6624.39,3.9317,0.0594,103196000.0,301525000.0
399370.SZ,2021-07-14,6582.37,6597.14,6649.16,6552.6,6628.32,-45.9526,-0.6933,93921400.0,278496000.0
399370.SZ,2021-07-15,6687.82,6566.6,6687.82,6545.96,6582.37,105.451,1.602,110206000.0,298736000.0
399370.SZ,2021-07-16,6547.07,6677.48,6677.48,6543.34,6687.82,-140.746,-2.1045,108891000.0,299940000.0
399370.SZ,2021-07-19,6577.73,6531.16,6591.76,6499.7,6547.07,30.6525,0.4682,95164500.0,276481000.0
399370.SZ,2021-07-20,6598.99,6537.21,6607.08,6526.74,6577.73,21.2654,0.3233,83476100.0,237566000.0
399370.SZ,2021-07-21,6697.46,6627.95,6724.29,6625.67,6598.99,98.4728,1.4922,101166000.0,313828000.0
399370.SZ,2021-07-22,6676.42,6711.46,6722.07,6641.89,6697.46,-21.0457,-0.3142,116150000.0,331045000.0
399370.SZ,2021-07-23,6552.01,6664.59,6664.79,6534.54,6676.42,-124.406,-1.8634,126301000.0,340520000.0
399370.SZ,2021-07-26,6336.44,6524.0,6524.08,6202.95,6552.01,-215.576,-3.2902,120511000.0,370004000.0
399370.SZ,2021-07-27,6080.8,6332.46,6380.39,6080.8,6336.44,-255.633,-4.0343,132316000.0,397363000.0
399370.SZ,2021-07-28,6135.49,6019.16,6166.01,5935.8,6080.8,54.685,0.8993,110270000.0,336325000.0
399370.SZ,2021-07-29,6327.06,6278.88,6338.85,6225.76,6135.49,191.572,3.1224,103123000.0,340539000.0
399370.SZ,2021-07-30,6242.88,6299.2,6299.2,6175.46,6327.06,-84.1798,-1.3305,110492000.0,358669000.0
399370.SZ,2021-08-02,6389.25,6212.74,6391.57,6162.09,6242.88,146.373,2.3446,128960000.0,415188000.0
399370.SZ,2021-08-03,6379.41,6360.85,6421.71,6322.96,6389.25,-9.8388,-0.154,122025000.0,378794000.0
399370.SZ,2021-08-04,6497.27,6365.28,6500.96,6349.91,6379.41,117.853,1.8474,110035000.0,357976000.0
399370.SZ,2021-08-05,6447.68,6448.67,6502.78,6401.93,6497.27,-49.5843,-0.7632,104132000.0,334278000.0
399370.SZ,2021-08-06,6386.03,6443.23,6447.8,6343.81,6447.68,-61.6559,-0.9562,99745400.0,307165000.0
399370.SZ,2021-08-09,6409.74,6333.95,6432.1,6304.57,6386.03,23.7088,0.3713,115777000.0,325166000.0
399370.SZ,2021-08-10,6481.76,6402.01,6481.89,6346.82,6409.74,72.0243,1.1237,106172000.0,337508000.0
399370.SZ,2021-08-11,6439.77,6468.01,6475.65,6416.86,6481.76,-41.9929,-0.6479,110977000.0,295289000.0
399370.SZ,2021-08-12,6363.31,6409.88,6443.41,6344.71,6439.77,-76.4573,-1.1873,111894000.0,296484000.0
399370.SZ,2021-08-13,6317.67,6333.26,6413.51,6280.27,6363.31,-45.6453,-0.7173,111569000.0,303696000.0
399370.SZ,2021-08-16,6260.7,6293.28,6314.09,6241.11,6317.67,-56.9608,-0.9016,105012000.0,278682000.0
399370.SZ,2021-08-17,6091.6,6262.1,6282.19,6067.23,6260.7,-169.102,-2.701,108616000.0,299533000.0
399370.SZ,2021-08-18,6104.76,6095.19,6131.11,6043.54,6091.6,13.1569,0.216,100003000.0,277744000.0
399370.SZ,2021-08-19,6104.41,6101.46,6142.14,6049.21,6104.76,-0.3457,-0.0057,100408000.0,270882000.0
399370.SZ,2021-08-20,5956.05,6033.58,6071.5,5892.55,6104.41,-148.362,-2.4304,95956800.0,307002000.0
399370.SZ,2021-08-23,6101.15,5986.95,6110.62,5963.86,5956.05,145.093,2.4361,100790000.0,305889000.0
399370.SZ,2021-08-24,6192.88,6123.25,6215.25,6102.4,6101.15,91.739,1.5036,107934000.0,317324000.0
399370.SZ,2021-08-25,6241.64,6204.75,6241.7,6174.43,6192.88,48.7513,0.7872,107690000.0,288659000.0
399370.SZ,2021-08-26,6107.88,6244.12,6244.17,6104.09,6241.64,-133.758,-2.143,112398000.0,290704000.0
399370.SZ,2021-08-27,6128.02,6090.87,6179.88,6086.12,6107.88,20.1467,0.3298,114471000.0,300107000.0
399370.SZ,2021-08-30,6136.1,6161.29,6178.13,6092.21,6128.02,8.0749,0.1318,135675000.0,377186000.0
399370.SZ,2021-08-31,6048.27,6115.11,6126.13,5992.08,6136.1,-87.8312,-1.4314,136322000.0,349311000.0
399370.SZ,2021-09-01,6075.19,6045.39,6124.26,5962.99,6048.27,26.9183,0.4451,161801000.0,399784000.0
399370.SZ,2021-09-02,6018.68,6073.44,6098.04,6007.37,6075.19,-56.5092,-0.9302,132707000.0,323371000.0
399370.SZ,2021-09-03,5988.29,6014.52,6033.06,5963.89,6018.68,-30.3851,-0.5048,130267000.0,319628000.0
399370.SZ,2021-09-06,6156.19,5990.11,6166.57,5968.22,5988.29,167.898,2.8038,125873000.0,329905000.0
399370.SZ,2021-09-07,6223.27,6153.43,6234.09,6129.84,6156.19,67.0805,1.0896,129424000.0,301130000.0
399370.SZ,2021-09-08,6178.21,6225.72,6251.24,6159.31,6223.27,-45.0603,-0.7241,129819000.0,306467000.0
399370.SZ,2021-09-09,6182.76,6168.37,6202.11,6119.7,6178.21,4.5469,0.0736,132589000.0,287813000.0
399370.SZ,2021-09-10,6233.73,6171.02,6241.48,6159.34,6182.76,50.9777,0.8245,148637000.0,331113000.0
399370.SZ,2021-09-13,6202.99,6233.2,6271.78,6177.69,6233.73,-30.7402,-0.4931,137789000.0,321979000.0
399370.SZ,2021-09-14,6195.02,6203.0,6280.75,6181.75,6202.99,-7.9741,-0.1286,129070000.0,308874000.0
399370.SZ,2021-09-15,6127.23,6181.41,6181.41,6100.18,6195.02,-67.7859,-1.0942,105316000.0,275697000.0
399370.SZ,2021-09-16,6043.88,6121.68,6140.95,6043.88,6127.23,-83.351,-1.3603,124742000.0,298197000.0
399370.SZ,2021-09-17,6119.44,6020.14,6126.19,6010.96,6043.88,75.5598,1.2502,113157000.0,277881000.0
399370.SZ,2021-09-22,6062.55,6028.85,6101.82,6022.15,6119.44,-56.8904,-0.9297,87578100.0,213267000.0
399370.SZ,2021-09-23,6095.42,6097.62,6126.75,6069.16,6062.55,32.8633,0.5421,108075000.0,252220000.0
399370.SZ,2021-09-24,6124.59,6086.5,6195.3,6075.56,6095.42,29.1749,0.4786,112110000.0,279490000.0
399370.SZ,2021-09-27,6191.82,6174.47,6266.1,6152.55,6124.59,67.2246,1.0976,118628000.0,326876000.0
399370.SZ,2021-09-28,6157.4,6170.38,6232.23,6122.33,6191.82,-34.4128,-0.5558,91231800.0,238160000.0
399370.SZ,2021-09-29,6069.42,6102.37,6126.29,6042.48,6157.4,-87.986,-1.4289,101467000.0,239157000.0
399370.SZ,2021-09-30,6176.43,6090.24,6191.88,6090.24,6069.42,107.01,1.7631,81724600.0,219456000.0
399370.SZ,2021-10-08,6196.33,6230.82,6258.16,6171.58,6176.43,19.9046,0.3223,90908600.0,252631000.0
399370.SZ,2021-10-11,6166.01,6203.54,6239.78,6156.69,6196.33,-30.3204,-0.4893,85645800.0,228737000.0
399370.SZ,2021-10-12,6083.94,6153.86,6157.44,6025.7,6166.01,-82.0715,-1.331,90886300.0,218558000.0
399370.SZ,2021-10-13,6222.99,6090.05,6231.13,6081.36,6083.94,139.049,2.2855,73209500.0,208958000.0
399370.SZ,2021-10-14,6208.73,6217.6,6241.62,6181.2,6222.99,-14.2582,-0.2291,70959600.0,189868000.0
399370.SZ,2021-10-15,6256.66,6178.18,6264.83,6154.82,6208.73,47.932,0.772,86884200.0,241544000.0
399370.SZ,2021-10-18,6183.26,6242.47,6242.47,6133.08,6256.66,-73.4064,-1.1733,83230500.0,248773000.0
399370.SZ,2021-10-19,6251.49,6190.11,6254.92,6190.11,6183.26,68.2374,1.1036,82927300.0,228434000.0
399370.SZ,2021-10-20,6240.97,6254.8,6277.61,6220.82,6251.49,-10.5265,-0.1684,81337700.0,220540000.0
399370.SZ,2021-10-21,6227.72,6239.99,6254.09,6184.92,6240.97,-13.2452,-0.2122,82548400.0,208984000.0
399370.SZ,2021-10-22,6266.79,6238.7,6310.36,6229.0,6227.72,39.0664,0.6273,84149000.0,221142000.0
399370.SZ,2021-10-25,6303.79,6261.01,6305.31,6248.73,6266.79,37.0017,0.5904,81010400.0,231341000.0
399370.SZ,2021-10-26,6290.37,6325.64,6337.0,6278.57,6303.79,-13.418,-0.2129,83096500.0,237947000.0
399370.SZ,2021-10-27,6223.71,6274.96,6274.96,6199.15,6290.37,-66.6634,-1.0598,83766600.0,238061000.0
399370.SZ,2021-10-28,6176.99,6215.84,6249.27,6153.73,6223.71,-46.7184,-0.7507,97963800.0,264028000.0
399370.SZ,2021-10-29,6276.5,6176.12,6276.5,6174.77,6176.99,99.5093,1.611,91276400.0,287859000.0
399370.SZ,2021-11-01,6232.09,6228.47,6278.63,6190.21,6276.5,-44.41,-0.7076,95298000.0,306488000.0
399370.SZ,2021-11-02,6201.3,6219.8,6269.09,6148.41,6232.09,-30.7904,-0.4941,101818000.0,290669000.0
399370.SZ,2021-11-03,6172.13,6199.03,6232.01,6140.08,6201.3,-29.1696,-0.4704,83821700.0,242750000.0
399370.SZ,2021-11-04,6244.99,6205.55,6263.82,6193.29,6172.13,72.8615,1.1805,83364800.0,247673000.0
399370.SZ,2021-11-05,6214.59,6234.21,6278.89,6214.59,6244.99,-30.3963,-0.4867,94322800.0,250767000.0
399370.SZ,2021-11-08,6230.69,6211.3,6247.79,6189.64,6214.59,16.0985,0.259,81089200.0,234600000.0
399370.SZ,2021-11-09,6244.16,6249.06,6262.43,6200.65,6230.69,13.4704,0.2162,68988500.0,201871000.0
399370.SZ,2021-11-10,6208.69,6223.31,6232.23,6116.51,6244.16,-35.4775,-0.5682,82119200.0,228143000.0
399370.SZ,2021-11-11,6276.47,6206.16,6279.38,6195.91,6208.69,67.7803,1.0917,92068800.0,241487000.0
399370.SZ,2021-11-12,6263.55,6283.31,6293.47,6238.66,6276.47,-12.9189,-0.2058,85177700.0,220529000.0
399370.SZ,2021-11-15,6237.2,6270.55,6274.42,6214.15,6263.55,-26.3425,-0.4206,80767900.0,227701000.0
399370.SZ,2021-11-16,6263.49,6236.45,6310.43,6230.31,6237.2,26.2897,0.4215,81409700.0,231770000.0
399370.SZ,2021-11-17,6296.0,6275.87,6296.18,6254.46,6263.49,32.5095,0.519,70089400.0,202627000.0
399370.SZ,2021-11-18,6233.37,6280.9,6280.9,6220.04,6296.0,-62.6367,-0.9949,80254100.0,206351000.0
399370.SZ,2021-11-19,6305.3,6231.62,6308.39,6224.3,6233.37,71.9375,1.1541,94155400.0,223667000.0
399370.SZ,2021-11-22,6396.14,6321.8,6397.85,6321.21,6305.3,90.8313,1.4406,100866000.0,282725000.0
399370.SZ,2021-11-23,6387.24,6384.22,6416.99,6373.01,6396.14,-8.8973,-0.1391,99190200.0,259549000.0
399370.SZ,2021-11-24,6401.85,6393.22,6429.76,6380.78,6387.24,14.6115,0.2288,94297100.0,266990000.0
399370.SZ,2021-11-25,6386.75,6406.51,6416.65,6378.92,6401.85,-15.0973,-0.2358,81753200.0,228619000.0
399370.SZ,2021-11-26,6365.89,6380.08,6409.59,6346.59,6386.75,-20.8663,-0.3267,83294400.0,221166000.0
399370.SZ,2021-11-29,6403.92,6326.02,6403.92,6326.02,6365.89,38.0356,0.5975,86263300.0,250612000.0
399370.SZ,2021-11-30,6367.18,6419.04,6422.72,6333.13,6403.92,-36.7421,-0.5737,88160300.0,246483000.0
399370.SZ,2021-12-01,6346.04,6371.71,6380.68,6322.86,6367.18,-21.1407,-0.332,87351200.0,227104000.0
399370.SZ,2021-12-02,6353.27,6342.37,6372.63,6333.65,6346.04,7.2357,0.114,97387700.0,237741000.0
399370.SZ,2021-12-03,6412.76,6353.57,6412.76,6353.36,6353.27,59.4893,0.9364,90151700.0,247767000.0
399370.SZ,2021-12-06,6345.35,6413.61,6434.46,6341.63,6412.76,-67.4139,-1.0512,99686600.0,251333000.0
399370.SZ,2021-12-07,6339.1,6389.38,6394.72,6306.17,6345.35,-6.2503,-0.0985,108240000.0,271936000.0
399370.SZ,2021-12-08,6478.67,6361.76,6479.48,6358.82,6339.1,139.565,2.2017,91940400.0,262802000.0
399370.SZ,2021-12-09,6568.18,6481.37,6598.87,6474.41,6478.67,89.5156,1.3817,100571000.0,299966000.0
399370.SZ,2021-12-10,6551.56,6518.9,6560.48,6510.73,6568.18,-16.6205,-0.253,92337000.0,269085000.0
399370.SZ,2021-12-13,6605.95,6595.95,6660.36,6581.31,6551.56,54.3857,0.8301,90857400.0,287800000.0
399370.SZ,2021-12-14,6598.14,6590.03,6620.89,6576.05,6605.95,-7.8034,-0.1181,77591300.0,225004000.0
399370.SZ,2021-12-15,6524.02,6584.26,6617.81,6521.13,6598.14,-74.125,-1.1234,70870400.0,217166000.0
399370.SZ,2021-12-16,6547.96,6524.67,6549.62,6495.2,6524.02,23.9381,0.3669,74095700.0,215842000.0
399370.SZ,2021-12-17,6418.64,6527.27,6530.53,6418.16,6547.96,-129.318,-1.9749,78173900.0,227287000.0
399370.SZ,2021-12-20,6295.2,6392.41,6438.44,6284.12,6418.64,-123.442,-1.9232,72828500.0,218211000.0
399370.SZ,2021-12-21,6326.43,6290.24,6330.93,6264.86,6295.2,31.232,0.4961,69130500.0,185966000.0
399370.SZ,2021-12-22,6358.19,6343.2,6373.99,6333.71,6326.43,31.7621,0.5021,74221900.0,186869000.0
399370.SZ,2021-12-23,6406.49,6373.77,6406.78,6344.66,6358.19,48.2954,0.7596,70086100.0,197956000.0
399370.SZ,2021-12-24,6371.86,6416.3,6449.53,6346.97,6406.49,-34.6273,-0.5405,66254300.0,209365000.0
399370.SZ,2021-12-27,6357.14,6362.24,6390.62,6325.54,6371.86,-14.7213,-0.231,59670300.0,175186000.0
399370.SZ,2021-12-28,6411.1,6366.96,6416.14,6341.22,6357.14,53.9652,0.8489,63334000.0,191745000.0
399370.SZ,2021-12-29,6299.45,6415.41,6415.41,6299.45,6411.1,-111.654,-1.7416,56942200.0,193636000.0
399370.SZ,2021-12-30,6361.74,6298.01,6392.57,6290.77,6299.45,62.2921,0.9889,61495700.0,192747000.0
399370.SZ,2021-12-31,6380.25,6385.52,6396.38,6354.66,6361.74,18.5102,0.291,63304100.0,195156000.0
399370.SZ,2022-01-04,6316.54,6408.41,6412.32,6260.92,6380.25,-63.7151,-0.9986,88193700.0,250721000.0
399370.SZ,2022-01-05,6186.05,6299.73,6300.73,6164.42,6316.54,-130.489,-2.0658,89599700.0,248794000.0
399370.SZ,2022-01-06,6123.62,6145.84,6178.6,6069.52,6186.05,-62.4221,-1.0091,80699200.0,227338000.0
399370.SZ,2022-01-07,6073.19,6128.66,6151.25,6066.78,6123.62,-50.436,-0.8236,92782900.0,227008000.0
399370.SZ,2022-01-10,6099.12,6045.53,6113.77,5988.57,6073.19,25.9279,0.4269,79837600.0,216440000.0
399370.SZ,2022-01-11,6018.19,6091.84,6107.92,6010.82,6099.12,-80.9242,-1.3268,74849800.0,194140000.0
399370.SZ,2022-01-12,6114.2,6056.01,6117.61,6054.35,6018.19,96.0072,1.5953,70320700.0,208059000.0
399370.SZ,2022-01-13,5978.75,6123.15,6123.15,5976.85,6114.2,-135.451,-2.2153,71274500.0,203221000.0
399370.SZ,2022-01-14,5985.12,5943.67,6018.8,5940.46,5978.75,6.3704,0.1066,71521800.0,198280000.0
399370.SZ,2022-01-17,6056.33,5986.5,6064.49,5975.29,5985.12,71.2118,1.1898,67078700.0,206573000.0
399370.SZ,2022-01-18,6077.63,6056.3,6116.01,6016.21,6056.33,21.3006,0.3517,71761300.0,204562000.0
399370.SZ,2022-01-19,6008.02,6084.36,6095.63,5969.54,6077.63,-69.6131,-1.1454,76832000.0,203800000.0
399370.SZ,2022-01-20,6020.85,6000.78,6060.81,5990.8,6008.02,12.8301,0.2135,75356400.0,189677000.0
399370.SZ,2022-01-21,5958.25,5994.31,6018.67,5932.35,6020.85,-62.6021,-1.0398,66896500.0,184305000.0
399370.SZ,2022-01-24,5973.76,5915.85,5997.54,5911.6,5958.25,15.5096,0.2603,55902500.0,171542000.0
399370.SZ,2022-01-25,5834.7,5944.46,5979.88,5834.52,5973.76,-139.051,-2.3277,67708400.0,169792000.0
399370.SZ,2022-01-26,5872.33,5852.05,5888.45,5782.56,5834.7,37.6209,0.6448,55686400.0,161302000.0
399370.SZ,2022-01-27,5731.88,5876.44,5889.1,5726.32,5872.33,-140.441,-2.3916,58334900.0,172647000.0
399370.SZ,2022-01-28,5672.18,5774.36,5793.19,5642.87,5731.88,-59.7053,-1.0416,58982400.0,179258000.0
399370.SZ,2022-02-07,5704.87,5765.58,5808.11,5685.68,5672.18,32.6901,0.5763,66834900.0,175177000.0
399370.SZ,2022-02-08,5606.84,5689.7,5690.26,5490.21,5704.87,-98.0274,-1.7183,70456500.0,190661000.0
399370.SZ,2022-02-09,5683.78,5605.5,5693.37,5563.41,5606.84,76.9384,1.3722,70141700.0,181582000.0
399370.SZ,2022-02-10,5632.01,5691.72,5691.77,5591.37,5683.78,-51.7747,-0.9109,65988600.0,189682000.0
399370.SZ,2022-02-11,5529.65,5591.89,5642.28,5519.79,5632.01,-102.359,-1.8174,70759100.0,195693000.0
399370.SZ,2022-02-14,5506.35,5497.17,5564.56,5476.58,5529.65,-23.3023,-0.4214,66470200.0,179949000.0
399370.SZ,2022-02-15,5637.64,5519.3,5639.6,5516.8,5506.35,131.299,2.3845,56605900.0,175592000.0
399370.SZ,2022-02-16,5646.44,5662.33,5678.03,5630.02,5637.64,8.7986,0.1561,52373100.0,146363000.0
399370.SZ,2022-02-17,5671.04,5642.57,5698.96,5627.26,5646.44,24.5992,0.4357,53514900.0,152754000.0
399370.SZ,2022-02-18,5682.94,5636.5,5683.37,5619.33,5671.04,11.8933,0.2097,59790000.0,138294000.0
399370.SZ,2022-02-21,5655.18,5684.72,5698.28,5633.54,5682.94,-27.752,-0.4883,61443400.0,153205000.0
399370.SZ,2022-02-22,5569.33,5613.44,5613.44,5525.06,5655.18,-85.8556,-1.5182,64613500.0,171012000.0
399370.SZ,2022-02-23,5682.16,5581.29,5685.04,5581.29,5569.33,112.833,2.026,63852900.0,184998000.0
399370.SZ,2022-02-24,5565.83,5643.33,5676.51,5500.21,5682.16,-116.327,-2.0472,89330900.0,237210000.0
399370.SZ,2022-02-25,5657.38,5624.89,5709.57,5624.89,5565.83,91.5504,1.6449,68881000.0,195200000.0
399370.SZ,2022-02-28,5683.05,5645.97,5683.05,5606.36,5657.38,25.6696,0.4537,66476300.0,175260000.0
399370.SZ,2022-03-01,5737.19,5707.45,5740.83,5697.78,5683.05,54.1318,0.9525,65382200.0,182069000.0
399370.SZ,2022-03-02,5662.86,5705.89,5705.89,5626.14,5737.19,-74.328,-1.2955,60511400.0,156559000.0
399370.SZ,2022-03-03,5574.2,5686.44,5691.34,5570.6,5662.86,-88.6593,-1.5656,74010500.0,170351000.0
399370.SZ,2022-03-04,5511.6,5516.63,5583.62,5491.4,5574.2,-62.5965,-1.123,71543800.0,179975000.0
399370.SZ,2022-03-07,5304.55,5466.75,5466.75,5284.87,5511.6,-207.048,-3.7566,77953900.0,209089000.0
399370.SZ,2022-03-08,5232.41,5336.31,5375.62,5196.64,5304.55,-72.1397,-1.36,79808000.0,212765000.0
399370.SZ,2022-03-09,5200.9,5257.09,5291.23,4990.14,5232.41,-31.5122,-0.6022,88414300.0,228988000.0
399370.SZ,2022-03-10,5324.58,5342.87,5373.19,5311.89,5200.9,123.674,2.3779,71665900.0,217278000.0
399370.SZ,2022-03-11,5338.46,5241.36,5347.68,5171.75,5324.58,13.8816,0.2607,73488800.0,213652000.0
399370.SZ,2022-03-14,5158.56,5277.19,5302.1,5158.56,5338.46,-179.901,-3.3699,64966300.0,191726000.0
399370.SZ,2022-03-15,4949.84,5092.62,5178.64,4949.84,5158.56,-208.714,-4.046,90514400.0,233171000.0
399370.SZ,2022-03-16,5163.51,5045.89,5173.49,4874.61,4949.84,213.669,4.3167,91473600.0,262105000.0
399370.SZ,2022-03-17,5301.62,5267.11,5390.92,5267.11,5163.51,138.108,2.6747,89758900.0,276754000.0
399370.SZ,2022-03-18,5300.85,5275.01,5327.86,5229.16,5301.62,-0.7671,-0.0145,70106800.0,183890000.0
399370.SZ,2022-03-21,5315.65,5332.35,5349.38,5266.8,5300.85,14.7935,0.2791,70761700.0,176703000.0
399370.SZ,2022-03-22,5264.4,5310.22,5314.86,5245.13,5315.65,-51.2507,-0.9641,66529300.0,150638000.0
399370.SZ,2022-03-23,5321.03,5289.61,5335.75,5251.92,5264.4,56.6328,1.0758,63257500.0,157005000.0
399370.SZ,2022-03-24,5271.79,5284.53,5301.53,5215.16,5321.03,-49.2427,-0.9254,65071000.0,157672000.0
399370.SZ,2022-03-25,5154.35,5272.79,5284.79,5154.35,5271.79,-117.436,-2.2276,64427500.0,150312000.0
399370.SZ,2022-03-28,5092.47,5089.64,5134.07,5046.61,5154.35,-61.8808,-1.2006,65002100.0,151039000.0
399370.SZ,2022-03-29,5069.5,5103.14,5141.33,5055.76,5092.47,-22.968,-0.451,65009600.0,148226000.0
399370.SZ,2022-03-30,5233.58,5110.68,5233.58,5103.66,5069.5,164.081,3.2366,84269300.0,188856000.0
399370.SZ,2022-03-31,5167.62,5209.93,5217.67,5153.99,5233.58,-65.964,-1.2604,79694100.0,164315000.0
399370.SZ,2022-04-01,5216.78,5141.66,5247.18,5128.0,5167.62,49.1583,0.9513,79409000.0,163433000.0
399370.SZ,2022-04-06,5153.48,5190.0,5197.51,5123.52,5216.78,-63.2923,-1.2132,86600900.0,166017000.0
399370.SZ,2022-04-07,5080.72,5121.99,5171.4,5076.01,5153.48,-72.7682,-1.412,85582100.0,151488000.0
399370.SZ,2022-04-08,5085.46,5088.88,5114.2,5029.11,5080.72,4.7399,0.0933,88551200.0,162107000.0
399370.SZ,2022-04-11,4901.31,5046.85,5046.85,4887.61,5085.46,-184.149,-3.6211,81800100.0,182642000.0
399370.SZ,2022-04-12,5022.92,4908.15,5022.92,4877.35,4901.31,121.618,2.4813,77994600.0,172945000.0
399370.SZ,2022-04-13,4941.81,4985.58,5011.69,4941.81,5022.92,-81.1161,-1.6149,73209200.0,154123000.0
399370.SZ,2022-04-14,5018.7,4986.04,5055.79,4957.85,4941.81,76.896,1.556,72698500.0,178666000.0
399370.SZ,2022-04-15,4999.57,4977.01,5032.74,4950.94,5018.7,-19.1288,-0.3812,81804300.0,163874000.0
399370.SZ,2022-04-18,5026.49,4957.63,5028.32,4932.04,4999.57,26.912,0.5383,71406300.0,147810000.0
399370.SZ,2022-04-19,4976.43,5024.64,5068.82,4951.9,5026.49,-50.0606,-0.9959,69593900.0,148459000.0
399370.SZ,2022-04-20,4881.44,4965.72,4971.02,4867.36,4976.43,-94.986,-1.9087,70821300.0,155721000.0
399370.SZ,2022-04-21,4762.25,4853.62,4905.31,4740.67,4881.44,-119.187,-2.4416,75174400.0,157621000.0
399370.SZ,2022-04-22,4746.65,4730.8,4789.07,4690.3,4762.25,-15.6023,-0.3276,66494300.0,143528000.0
399370.SZ,2022-04-25,4480.17,4643.34,4671.58,4480.17,4746.65,-266.479,-5.614,85494700.0,177945000.0
399370.SZ,2022-04-26,4455.28,4487.23,4579.35,4440.86,4480.17,-24.889,-0.5555,81718300.0,170786000.0
399370.SZ,2022-04-27,4656.42,4425.89,4656.42,4425.89,4455.28,201.132,4.5145,88781900.0,199951000.0
399370.SZ,2022-04-28,4667.08,4635.81,4708.33,4613.65,4656.42,10.6653,0.229,79176000.0,181562000.0
399370.SZ,2022-04-29,4792.63,4693.31,4800.3,4637.8,4667.08,125.552,2.6902,94399100.0,213904000.0
399370.SZ,2022-05-05,4782.34,4748.07,4836.59,4741.92,4792.63,-10.2963,-0.2148,83821100.0,196267000.0
399370.SZ,2022-05-06,4660.4,4670.89,4711.93,4652.64,4782.34,-121.941,-2.5498,70826100.0,146118000.0
399370.SZ,2022-05-09,4628.33,4634.57,4674.94,4599.6,4660.4,-32.061,-0.6879,57019900.0,118814000.0
399370.SZ,2022-05-10,4692.08,4551.39,4718.84,4536.29,4628.33,63.7434,1.3772,79084200.0,165255000.0
399370.SZ,2022-05-11,4792.32,4695.3,4879.37,4693.98,4692.08,100.239,2.1364,90903100.0,208794000.0
399370.SZ,2022-05-12,4783.4,4757.55,4815.63,4753.46,4792.32,-8.9178,-0.1861,65686500.0,138872000.0
399370.SZ,2022-05-13,4799.12,4817.95,4832.39,4760.76,4783.4,15.7235,0.3287,70282000.0,130194000.0
399370.SZ,2022-05-16,4760.29,4835.53,4855.6,4748.51,4799.12,-38.8333,-0.8092,73034500.0,138118000.0
399370.SZ,2022-05-17,4816.55,4767.14,4816.55,4748.66,4760.29,56.265,1.182,63827300.0,136019000.0
399370.SZ,2022-05-18,4797.58,4826.88,4832.5,4764.56,4816.55,-18.9731,-0.3939,61464300.0,133147000.0
399370.SZ,2022-05-19,4813.12,4726.89,4813.12,4720.73,4797.58,15.5364,0.3238,69819600.0,143682000.0
399370.SZ,2022-05-20,4915.95,4839.59,4916.0,4839.59,4813.12,102.834,2.1365,86847100.0,182266000.0
399370.SZ,2022-05-23,4899.5,4928.09,4928.83,4860.51,4915.95,-16.449,-0.3346,77084000.0,153181000.0
399370.SZ,2022-05-24,4749.63,4895.05,4895.05,4748.95,4899.5,-149.872,-3.0589,87267200.0,170950000.0
399370.SZ,2022-05-25,4768.51,4750.18,4777.64,4722.47,4749.63,18.8815,0.3975,67823800.0,133104000.0
399370.SZ,2022-05-26,4774.21,4774.02,4807.49,4697.42,4768.51,5.6964,0.1195,78952300.0,152082000.0
399370.SZ,2022-05-27,4786.78,4816.61,4862.67,4765.42,4774.21,12.5733,0.2634,69748100.0,149691000.0
399370.SZ,2022-05-30,4848.17,4812.2,4857.79,4792.0,4786.78,61.3828,1.2823,63031200.0,149959000.0
399370.SZ,2022-05-31,4957.99,4851.12,4966.01,4825.98,4848.17,109.822,2.2652,79840300.0,194312000.0
399370.SZ,2022-06-01,4960.38,4951.36,4976.9,4926.94,4957.99,2.3934,0.0483,73719700.0,162671000.0
399370.SZ,2022-06-02,4989.87,4942.34,4992.92,4930.36,4960.38,29.4903,0.5945,71492900.0,163773000.0
399370.SZ,2022-06-06,5129.31,4997.84,5130.83,4972.41,4989.87,139.443,2.7945,89493200.0,222869000.0
399370.SZ,2022-06-07,5147.85,5134.39,5180.74,5116.59,5129.31,18.5368,0.3614,82237900.0,204123000.0
399370.SZ,2022-06-08,5200.86,5156.85,5213.68,5115.2,5147.85,53.0141,1.0298,88695300.0,223829000.0
399370.SZ,2022-06-09,5102.34,5185.04,5197.24,5079.96,5200.86,-98.5198,-1.8943,85447500.0,185809000.0
399370.SZ,2022-06-10,5190.15,5062.71,5194.24,5053.5,5102.34,87.8011,1.7208,93825800.0,216195000.0
399370.SZ,2022-06-13,5158.08,5122.86,5186.79,5109.74,5190.15,-32.0709,-0.6179,109193000.0,255147000.0
399370.SZ,2022-06-14,5166.8,5092.35,5169.37,5004.85,5158.08,8.7221,0.1691,112062000.0,250085000.0
399370.SZ,2022-06-15,5209.32,5180.46,5304.52,5165.74,5166.8,42.5247,0.823,143468000.0,310029000.0
399370.SZ,2022-06-16,5213.43,5214.47,5273.71,5193.58,5209.32,4.1095,0.0789,121117000.0,258047000.0
399370.SZ,2022-06-17,5315.89,5168.94,5328.74,5165.77,5213.43,102.459,1.9653,108389000.0,276934000.0
399370.SZ,2022-06-20,5375.09,5347.79,5429.89,5318.15,5315.89,59.2032,1.1137,111086000.0,288299000.0
399370.SZ,2022-06-21,5340.41,5368.41,5392.88,5287.27,5375.09,-34.6794,-0.6452,96475900.0,247405000.0
399370.SZ,2022-06-22,5269.82,5348.23,5354.95,5267.05,5340.41,-70.5907,-1.3218,100995000.0,239439000.0
399370.SZ,2022-06-23,5373.89,5278.62,5373.89,5233.28,5269.82,104.069,1.9748,103497000.0,247456000.0
399370.SZ,2022-06-24,5466.67,5393.1,5472.15,5379.44,5373.89,92.7767,1.7264,99698000.0,271418000.0
399370.SZ,2022-06-27,5538.46,5501.71,5586.78,5501.71,5466.67,71.7875,1.3132,107560000.0,293460000.0
399370.SZ,2022-06-28,5609.81,5534.98,5616.87,5468.72,5538.46,71.3576,1.2884,104176000.0,282281000.0
399370.SZ,2022-06-29,5477.98,5580.64,5622.08,5470.94,5609.81,-131.839,-2.3502,110173000.0,301124000.0
399370.SZ,2022-06-30,5600.26,5488.36,5637.78,5488.36,5477.98,122.281,2.2322,95528500.0,273484000.0
399370.SZ,2022-07-01,5577.08,5604.91,5627.99,5552.2,5600.26,-23.1797,-0.4139,90139700.0,247534000.0
399370.SZ,2022-07-04,5635.4,5541.1,5635.4,5506.07,5577.08,58.3254,1.0458,93215500.0,284379000.0
399370.SZ,2022-07-05,5629.23,5655.34,5681.93,5547.89,5635.4,-6.1699,-0.1095,104167000.0,301749000.0
399370.SZ,2022-07-06,5546.04,5607.71,5637.52,5495.24,5629.23,-83.1964,-1.4779,105079000.0,282781000.0
399370.SZ,2022-07-07,5580.4,5547.88,5598.3,5480.49,5546.04,34.3676,0.6197,89373000.0,262321000.0
399370.SZ,2022-07-08,5537.86,5616.42,5637.41,5534.47,5580.4,-42.5446,-0.7624,92217800.0,257914000.0
399370.SZ,2022-07-11,5422.52,5506.8,5506.8,5377.75,5537.86,-115.337,-2.0827,89309700.0,239797000.0
399370.SZ,2022-07-12,5340.45,5432.36,5447.33,5320.92,5422.52,-82.076,-1.5136,79545000.0,219227000.0
399370.SZ,2022-07-13,5389.21,5342.09,5411.15,5297.16,5340.45,48.7616,0.9131,77594600.0,210872000.0
399370.SZ,2022-07-14,5446.14,5373.09,5489.11,5364.12,5389.21,56.9349,1.0565,79247500.0,218983000.0
399370.SZ,2022-07-15,5364.33,5418.42,5494.33,5364.33,5446.14,-81.8159,-1.5023,89917300.0,232551000.0
399370.SZ,2022-07-18,5418.12,5390.04,5430.7,5305.7,5364.33,53.7955,1.0028,87618100.0,230035000.0
399370.SZ,2022-07-19,5367.5,5416.18,5416.18,5328.1,5418.12,-50.6224,-0.9343,76289100.0,197739000.0
399370.SZ,2022-07-20,5398.35,5398.07,5428.21,5376.99,5367.5,30.855,0.5748,74408500.0,186046000.0
399370.SZ,2022-07-21,5354.13,5386.08,5422.13,5354.13,5398.35,-44.2277,-0.8193,88660700.0,206829000.0
399370.SZ,2022-07-22,5331.12,5381.21,5397.92,5288.72,5354.13,-23.0066,-0.4297,81228700.0,194331000.0
399370.SZ,2022-07-25,5277.98,5325.88,5336.73,5261.5,5331.12,-53.1417,-0.9968,67875700.0,165953000.0
399370.SZ,2022-07-26,5328.04,5288.68,5351.19,5271.26,5277.98,50.0621,0.9485,59011300.0,158046000.0
399370.SZ,2022-07-27,5314.0,5316.19,5334.91,5285.72,5328.04,-14.0404,-0.2635,59776100.0,166227000.0
399370.SZ,2022-07-28,5324.98,5347.58,5383.64,5312.47,5314.0,10.9753,0.2065,84530400.0,213098000.0
399370.SZ,2022-07-29,5241.0,5328.47,5338.71,5231.89,5324.98,-83.9764,-1.577,79631700.0,208574000.0
399370.SZ,2022-08-01,5312.2,5228.71,5312.51,5182.61,5241.0,71.1991,1.3585,72944200.0,203876000.0
399370.SZ,2022-08-02,5192.64,5242.05,5265.15,5147.67,5312.2,-119.556,-2.2506,95783100.0,227333000.0
399370.SZ,2022-08-03,5131.11,5208.25,5267.14,5114.44,5192.64,-61.5336,-1.185,81547700.0,219261000.0
399370.SZ,2022-08-04,5164.12,5161.19,5183.2,5104.77,5131.11,33.0138,0.6434,62951000.0,180674000.0
399370.SZ,2022-08-05,5257.97,5175.9,5261.31,5157.25,5164.12,93.8457,1.8173,76816900.0,209710000.0
399370.SZ,2022-08-08,5261.13,5237.88,5263.3,5215.23,5257.97,3.162,0.0601,70408800.0,201234000.0
399370.SZ,2022-08-09,5297.44,5250.05,5298.08,5233.1,5261.13,36.307,0.6901,66438600.0,197189000.0
399370.SZ,2022-08-10,5246.98,5282.34,5306.45,5221.05,5297.44,-50.4524,-0.9524,72688900.0,203120000.0
399370.SZ,2022-08-11,5360.86,5275.25,5362.12,5247.53,5246.98,113.877,2.1703,93529400.0,236097000.0
399370.SZ,2022-08-12,5337.53,5349.83,5368.03,5335.91,5360.86,-23.3266,-0.4351,85901100.0,196297000.0
399370.SZ,2022-08-15,5366.53,5326.4,5398.33,5322.25,5337.53,28.997,0.5433,82555500.0,215114000.0
399370.SZ,2022-08-16,5360.43,5370.99,5401.35,5348.04,5366.53,-6.1037,-0.1137,79019500.0,215960000.0
399370.SZ,2022-08-17,5403.5,5364.91,5414.83,5327.69,5360.43,43.0694,0.8035,84370600.0,220956000.0
399370.SZ,2022-08-18,5369.27,5389.89,5402.64,5362.83,5403.5,-34.2235,-0.6334,74186300.0,205553000.0
399370.SZ,2022-08-19,5290.21,5367.5,5368.38,5290.21,5369.27,-79.0687,-1.4726,79302000.0,218776000.0
399370.SZ,2022-08-22,5349.92,5275.12,5352.28,5250.35,5290.21,59.7107,1.1287,78984700.0,215700000.0
399370.SZ,2022-08-23,5332.56,5340.66,5364.61,5308.63,5349.92,-17.3562,-0.3244,73823900.0,199655000.0
399370.SZ,2022-08-24,5178.64,5346.6,5349.36,5171.6,5332.56,-153.919,-2.8864,87826600.0,221824000.0
399370.SZ,2022-08-25,5189.49,5195.23,5209.92,5120.2,5178.64,10.8463,0.2094,81351900.0,200780000.0
399370.SZ,2022-08-26,5163.11,5206.38,5236.3,5154.22,5189.49,-26.3737,-0.5082,71536800.0,190950000.0
399370.SZ,2022-08-29,5150.45,5093.47,5161.48,5085.95,5163.11,-12.6602,-0.2452,60102000.0,161766000.0
399370.SZ,2022-08-30,5116.68,5147.99,5153.7,5085.57,5150.45,-33.7718,-0.6557,65594600.0,159959000.0
399370.SZ,2022-08-31,5054.32,5090.78,5119.73,5022.71,5116.68,-62.3589,-1.2187,82105200.0,213807000.0
399370.SZ,2022-09-01,5004.6,5044.87,5076.04,4997.92,5054.32,-49.7187,-0.9837,63407900.0,156272000.0
399370.SZ,2022-09-02,4987.54,5020.2,5024.26,4960.66,5004.6,-17.0644,-0.341,55810800.0,143403000.0
399370.SZ,2022-09-05,4987.14,4975.7,5001.47,4948.5,4987.54,-0.4021,-0.0081,56573500.0,149215000.0
399370.SZ,2022-09-06,5053.29,5002.19,5055.11,4958.24,4987.14,66.1541,1.3265,68872800.0,185412000.0
399370.SZ,2022-09-07,5078.45,5026.16,5104.31,5019.49,5053.29,25.1563,0.4978,66018300.0,177042000.0
399370.SZ,2022-09-08,5035.54,5082.24,5087.85,5031.29,5078.45,-42.9109,-0.845,60450300.0,149392000.0
399370.SZ,2022-09-09,5090.75,5051.9,5093.93,5034.26,5035.54,55.2129,1.0965,65031700.0,159155000.0
399370.SZ,2022-09-13,5090.53,5117.24,5120.03,5071.38,5090.75,-0.2158,-0.0042,62983900.0,158632000.0
399370.SZ,2022-09-14,5020.12,5008.73,5050.0,4989.84,5090.53,-70.41,-1.3832,61945000.0,152702000.0
399370.SZ,2022-09-15,4899.77,5040.41,5045.15,4858.58,5020.12,-120.358,-2.3975,76707600.0,199971000.0
399370.SZ,2022-09-16,4778.73,4883.36,4897.46,4778.73,4899.77,-121.036,-2.4702,78445700.0,176484000.0
399370.SZ,2022-09-19,4761.35,4771.63,4813.9,4738.15,4778.73,-17.3763,-0.3636,57491000.0,140832000.0
399370.SZ,2022-09-20,4804.19,4794.77,4837.99,4769.27,4761.35,42.8393,0.8997,50222400.0,139124000.0
399370.SZ,2022-09-21,4753.4,4784.38,4787.84,4733.51,4804.19,-50.7887,-1.0572,55421000.0,134211000.0
399370.SZ,2022-09-22,4720.42,4712.39,4774.58,4699.97,4753.4,-32.9885,-0.694,55070800.0,131693000.0
399370.SZ,2022-09-23,4669.32,4716.3,4734.79,4622.93,4720.42,-51.0928,-1.0824,56585700.0,132759000.0
399370.SZ,2022-09-26,4669.99,4628.78,4746.38,4624.77,4669.32,0.6668,0.0143,59961700.0,146102000.0
399370.SZ,2022-09-27,4758.39,4685.3,4758.39,4666.27,4669.99,88.4027,1.893,55664900.0,148002000.0
399370.SZ,2022-09-28,4635.87,4744.98,4744.98,4634.72,4758.39,-122.525,-2.5749,54808700.0,137923000.0
399370.SZ,2022-09-29,4661.3,4689.89,4705.15,4636.78,4635.87,25.4294,0.5485,54107000.0,135071000.0
399370.SZ,2022-09-30,4595.88,4664.67,4681.32,4595.48,4661.3,-65.4164,-1.4034,49227100.0,120960000.0
399370.SZ,2022-10-10,4466.08,4602.5,4607.28,4456.39,4595.88,-129.803,-2.8243,55676600.0,138363000.0
399370.SZ,2022-10-11,4498.08,4485.46,4516.1,4461.13,4466.08,31.9978,0.7165,48335100.0,126968000.0
399370.SZ,2022-10-12,4600.92,4494.8,4600.92,4405.63,4498.08,102.839,2.2863,70353400.0,169144000.0
399370.SZ,2022-10-13,4585.19,4571.3,4632.38,4558.98,4600.92,-15.7255,-0.3418,60202400.0,149718000.0
399370.SZ,2022-10-14,4736.12,4635.13,4764.89,4614.1,4585.19,150.928,3.2916,75856500.0,206126000.0
399370.SZ,2022-10-17,4747.74,4706.29,4752.49,4692.11,4736.12,11.6241,0.2454,63651100.0,168020000.0
399370.SZ,2022-10-18,4749.14,4769.67,4792.79,4727.87,4747.74,1.4013,0.0295,57474300.0,147052000.0
399370.SZ,2022-10-19,4681.43,4733.59,4765.05,4681.43,4749.14,-67.7128,-1.4258,58086300.0,149343000.0
399370.SZ,2022-10-20,4651.99,4641.7,4723.02,4591.76,4681.43,-29.4366,-0.6288,62505000.0,162884000.0
399370.SZ,2022-10-21,4628.25,4644.96,4665.51,4605.73,4651.99,-23.7415,-0.5104,55355900.0,135377000.0
399370.SZ,2022-10-24,4520.06,4616.82,4671.83,4490.84,4628.25,-108.196,-2.3377,70774200.0,178258000.0
399370.SZ,2022-10-25,4506.81,4496.59,4562.05,4449.8,4520.06,-13.2459,-0.293,67151600.0,168277000.0
399370.SZ,2022-10-26,4586.01,4517.4,4635.81,4513.97,4506.81,79.1979,1.7573,72156400.0,190843000.0
399370.SZ,2022-10-27,4548.22,4602.86,4627.27,4548.22,4586.01,-37.7893,-0.824,75424400.0,204189000.0
399370.SZ,2022-10-28,4420.6,4509.58,4539.53,4408.45,4548.22,-127.615,-2.8058,76526400.0,190596000.0
399370.SZ,2022-10-31,4394.14,4367.97,4454.12,4366.23,4420.6,-26.4607,-0.5986,77070500.0,184768000.0
399370.SZ,2022-11-01,4560.18,4406.23,4560.21,4394.75,4394.14,166.041,3.7787,82881700.0,213607000.0
399370.SZ,2022-11-02,4632.77,4547.91,4668.99,4540.67,4560.18,72.5867,1.5917,85545800.0,222886000.0
399370.SZ,2022-11-03,4618.84,4584.67,4638.01,4579.5,4632.77,-13.9347,-0.3008,67779900.0,180885000.0
399370.SZ,2022-11-04,4780.96,4620.21,4799.54,4620.21,4618.84,162.121,3.51,92519600.0,244820000.0
399370.SZ,2022-11-07,4800.97,4780.15,4825.72,4759.74,4780.96,20.0105,0.4185,89905800.0,214375000.0
399370.SZ,2022-11-08,4760.03,4795.81,4803.59,4722.82,4800.97,-40.9378,-0.8527,64490300.0,162261000.0
399370.SZ,2022-11-09,4706.32,4760.06,4767.41,4704.84,4760.03,-53.7083,-1.1283,61400800.0,142071000.0
399370.SZ,2022-11-10,4636.83,4664.59,4673.35,4610.3,4706.32,-69.4956,-1.4766,64460900.0,154742000.0
399370.SZ,2022-11-11,4741.66,4790.41,4800.52,4721.92,4636.83,104.838,2.261,109366000.0,256016000.0
399370.SZ,2022-11-14,4712.14,4756.59,4793.7,4692.7,4741.66,-29.5226,-0.6226,96344200.0,225719000.0
399370.SZ,2022-11-15,4825.18,4706.97,4828.52,4692.46,4712.14,113.038,2.3989,98593000.0,231946000.0
399370.SZ,2022-11-16,4777.04,4821.11,4845.04,4768.79,4825.18,-48.1416,-0.9977,80730500.0,192349000.0
399370.SZ,2022-11-17,4751.97,4753.81,4753.81,4686.38,4777.04,-25.0661,-0.5247,75406000.0,187366000.0
399370.SZ,2022-11-18,4737.58,4755.22,4795.99,4734.85,4751.97,-14.3886,-0.3028,73741000.0,183985000.0
399370.SZ,2022-11-21,4715.73,4697.01,4717.72,4663.36,4737.58,-21.8492,-0.4612,63244800.0,149244000.0
399370.SZ,2022-11-22,4655.39,4704.66,4721.69,4638.25,4715.73,-60.3424,-1.2796,64611700.0,145090000.0
399370.SZ,2022-11-23,4649.8,4640.46,4676.46,4592.83,4655.39,-5.5881,-0.12,57521500.0,139781000.0
399370.SZ,2022-11-24,4645.4,4670.0,4685.87,4635.88,4649.8,-4.4023,-0.0947,55431200.0,125900000.0
399370.SZ,2022-11-25,4612.27,4630.17,4639.18,4603.53,4645.4,-33.1347,-0.7133,57431600.0,125914000.0
399370.SZ,2022-11-28,4563.04,4512.63,4566.29,4491.96,4612.27,-49.2278,-1.0673,58342100.0,135544000.0
399370.SZ,2022-11-29,4663.56,4582.37,4673.23,4581.59,4563.04,100.518,2.2029,78419800.0,178985000.0
399370.SZ,2022-11-30,4666.01,4652.03,4675.39,4634.66,4663.56,2.4478,0.0525,71696300.0,160367000.0
399370.SZ,2022-12-01,4741.61,4749.1,4783.26,4740.88,4666.01,75.602,1.6203,85052300.0,209490000.0
399370.SZ,2022-12-02,4716.87,4731.1,4766.2,4715.09,4741.61,-24.7339,-0.5216,61863800.0,149477000.0
399370.SZ,2022-12-05,4742.79,4745.06,4757.14,4716.43,4716.87,25.9166,0.5494,90833800.0,199476000.0
399370.SZ,2022-12-06,4782.16,4722.41,4814.58,4719.4,4742.79,39.368,0.8301,75028800.0,192942000.0
399370.SZ,2022-12-07,4789.55,4767.0,4828.26,4764.95,4782.16,7.3956,0.1546,68409800.0,177776000.0
399370.SZ,2022-12-08,4784.11,4784.38,4804.67,4757.98,4789.55,-5.4407,-0.1136,59016000.0,140376000.0
399370.SZ,2022-12-09,4829.06,4785.87,4832.97,4764.3,4784.11,44.9439,0.9394,83340000.0,193664000.0
399370.SZ,2022-12-12,4783.94,4806.35,4815.5,4781.17,4829.06,-45.1136,-0.9342,66777700.0,169127000.0
399370.SZ,2022-12-13,4744.38,4781.89,4782.75,4742.22,4783.94,-39.5586,-0.8269,52880700.0,143569000.0
399370.SZ,2022-12-14,4743.96,4756.54,4770.25,4733.53,4744.38,-0.4249,-0.009,56475500.0,154952000.0
399370.SZ,2022-12-15,4765.06,4739.52,4769.93,4720.96,4743.96,21.0992,0.4448,50509800.0,143152000.0
399370.SZ,2022-12-16,4730.27,4733.26,4746.64,4704.53,4765.06,-34.793,-0.7302,50994600.0,127888000.0
399370.SZ,2022-12-19,4661.66,4725.0,4751.96,4645.6,4730.27,-68.6094,-1.4504,54091200.0,130582000.0
399370.SZ,2022-12-20,4593.45,4649.59,4649.78,4576.16,4661.66,-68.2047,-1.4631,42521500.0,118977000.0
399370.SZ,2022-12-21,4583.49,4602.83,4620.6,4567.82,4593.45,-9.9631,-0.2169,37119700.0,97622500.0
399370.SZ,2022-12-22,4560.85,4613.42,4633.95,4544.83,4583.49,-22.6359,-0.4939,45921200.0,127882000.0
399370.SZ,2022-12-23,4543.0,4529.99,4579.83,4515.53,4560.85,-17.8557,-0.3915,35784600.0,104627000.0
399370.SZ,2022-12-26,4610.4,4547.14,4615.6,4547.14,4543.0,67.4,1.4836,39838400.0,117946000.0
399370.SZ,2022-12-27,4668.7,4626.65,4673.89,4621.93,4610.4,58.3032,1.2646,41943200.0,120890000.0
399370.SZ,2022-12-28,4635.15,4645.16,4652.16,4607.68,4668.7,-33.5522,-0.7187,39313400.0,117751000.0
399370.SZ,2022-12-29,4627.57,4614.98,4655.21,4611.77,4635.15,-7.5767,-0.1635,39793200.0,111133000.0
399370.SZ,2022-12-30,4627.36,4648.69,4663.49,4627.36,4627.57,-0.216,-0.0047,39417100.0,108082000.0
399370.SZ,2023-01-03,4651.42,4619.32,4657.84,4571.34,4627.36,24.0627,0.52,55462700.0,147149000.0
399370.SZ,2023-01-04,4619.82,4642.81,4654.12,4597.66,4651.42,-31.5939,-0.6792,54216900.0,144693000.0
399370.SZ,2023-01-05,4736.13,4643.01,4742.9,4641.49,4619.82,116.301,2.5174,62873200.0,188998000.0
399370.SZ,2023-01-06,4776.63,4729.57,4812.61,4727.21,4736.13,40.5001,0.8551,65440100.0,185484000.0
399370.SZ,2023-01-09,4823.9,4796.66,4847.39,4793.73,4776.63,47.2719,0.9897,70715700.0,185616000.0
399370.SZ,2023-01-10,4857.92,4830.78,4868.94,4816.7,4823.9,34.0211,0.7053,59298400.0,169331000.0
399370.SZ,2023-01-11,4823.04,4860.15,4882.65,4818.41,4857.92,-34.8781,-0.718,58499000.0,154974000.0
399370.SZ,2023-01-12,4837.53,4841.16,4866.88,4823.8,4823.04,14.49,0.3004,54736300.0,144826000.0
399370.SZ,2023-01-13,4890.16,4860.39,4890.17,4847.84,4837.53,52.6291,1.0879,53643900.0,156513000.0
399370.SZ,2023-01-16,4986.27,4891.22,5032.18,4891.22,4890.16,96.1132,1.9654,81796500.0,225782000.0
399370.SZ,2023-01-17,4999.24,4989.19,5012.04,4974.94,4986.27,12.9691,0.2601,56635400.0,156947000.0
399370.SZ,2023-01-18,4995.53,5008.03,5024.52,4991.82,4999.24,-3.7073,-0.0742,48436000.0,129690000.0
399370.SZ,2023-01-19,5040.04,4990.65,5040.04,4972.3,4995.53,44.504,0.8909,56417300.0,145549000.0
399370.SZ,2023-01-20,5080.54,5056.56,5091.1,5054.82,5040.04,40.5027,0.8036,60396700.0,165314000.0
399370.SZ,2023-01-30,5128.77,5198.62,5200.57,5124.76,5080.54,48.2285,0.9493,90596100.0,247736000.0
399370.SZ,2023-01-31,5079.7,5119.81,5136.71,5073.6,5128.77,-49.0728,-0.9568,75992200.0,197557000.0
399370.SZ,2023-02-01,5144.9,5094.65,5144.9,5064.96,5079.7,65.2009,1.2836,85651300.0,209958000.0
399370.SZ,2023-02-02,5141.66,5159.73,5175.33,5124.54,5144.9,-3.2389,-0.063,81355200.0,205131000.0
399370.SZ,2023-02-03,5095.74,5118.33,5118.33,5031.3,5141.66,-45.9153,-0.893,69654200.0,177514000.0
399370.SZ,2023-02-06,5029.0,5045.7,5052.4,4992.74,5095.74,-66.7477,-1.3099,64899300.0,173621000.0
399370.SZ,2023-02-07,5024.14,5040.28,5048.83,4996.27,5029.0,-4.8567,-0.0966,57254200.0,147669000.0
399370.SZ,2023-02-08,4994.55,5031.31,5044.94,4989.83,5024.14,-29.5899,-0.589,52597000.0,137782000.0
399370.SZ,2023-02-09,5081.06,4981.45,5081.06,4977.42,4994.55,86.5066,1.732,62551800.0,168224000.0
399370.SZ,2023-02-10,5039.18,5073.03,5075.23,5015.85,5081.06,-41.8715,-0.8241,64676300.0,160671000.0
399370.SZ,2023-02-13,5098.72,5031.22,5103.89,5026.88,5039.18,59.5341,1.1814,76878800.0,192493000.0
399370.SZ,2023-02-14,5092.81,5110.36,5110.41,5067.89,5098.72,-5.9057,-0.1158,69594800.0,170223000.0
399370.SZ,2023-02-15,5067.9,5096.45,5112.26,5055.54,5092.81,-24.9103,-0.4891,72134300.0,171852000.0
399370.SZ,2023-02-16,4999.69,5068.58,5105.53,4965.83,5067.9,-68.2092,-1.3459,92261200.0,207860000.0
399370.SZ,2023-02-17,4923.96,4991.77,5018.95,4922.85,4999.69,-75.7324,-1.5147,65243200.0,169311000.0
399370.SZ,2023-02-20,5023.66,4923.08,5025.21,4909.62,4923.96,99.6982,2.0248,83811300.0,196168000.0
399370.SZ,2023-02-21,5033.2,5018.67,5045.66,4998.01,5023.66,9.5452,0.19,82281100.0,179070000.0
399370.SZ,2023-02-22,4991.5,4999.72,5027.85,4980.55,5033.2,-41.7069,-0.8286,59552900.0,140794000.0
399370.SZ,2023-02-23,4996.83,4989.61,5023.02,4974.5,4991.5,5.3358,0.1069,60558200.0,147874000.0
399370.SZ,2023-02-24,4941.67,4996.3,4997.0,4922.66,4996.83,-55.1589,-1.1039,53871000.0,133982000.0
399370.SZ,2023-02-27,4911.73,4913.13,4947.84,4900.27,4941.67,-29.947,-0.606,56366500.0,142989000.0
399370.SZ,2023-02-28,4938.37,4926.84,4943.09,4888.27,4911.73,26.6387,0.5423,51040200.0,132835000.0
399370.SZ,2023-03-01,4979.91,4938.88,4988.69,4918.42,4938.37,41.5458,0.8413,63416800.0,153243000.0
399370.SZ,2023-03-02,4949.31,4975.3,4981.95,4944.88,4979.91,-30.6014,-0.6145,64786000.0,156772000.0
399370.SZ,2023-03-03,4948.19,4960.28,4978.78,4917.69,4949.31,-1.1247,-0.0227,55437000.0,138256000.0
399370.SZ,2023-03-06,4947.77,4949.21,4955.79,4889.75,4948.19,-0.4182,-0.0085,66683300.0,177701000.0
399370.SZ,2023-03-07,4861.21,4939.93,4947.44,4859.98,4947.77,-86.5599,-1.7495,68318100.0,158412000.0
399370.SZ,2023-03-08,4842.41,4837.77,4855.49,4816.76,4861.21,-18.795,-0.3866,48208700.0,120243000.0
399370.SZ,2023-03-09,4828.2,4847.58,4859.68,4806.78,4842.41,-14.2139,-0.2935,46444800.0,131000000.0
399370.SZ,2023-03-10,4779.54,4800.0,4816.01,4774.46,4828.2,-48.6541,-1.0077,52268400.0,139255000.0
399370.SZ,2023-03-13,4798.2,4768.38,4817.26,4766.97,4779.54,18.6531,0.3903,54945300.0,144697000.0
399370.SZ,2023-03-14,4761.6,4793.91,4795.88,4701.26,4798.2,-36.6012,-0.7628,66056300.0,170518000.0
399370.SZ,2023-03-15,4750.6,4794.99,4816.01,4749.36,4761.6,-10.9943,-0.2309,60316200.0,149600000.0
399370.SZ,2023-03-16,4665.22,4717.47,4735.1,4658.86,4750.6,-85.381,-1.7973,69196900.0,165676000.0
399370.SZ,2023-03-17,4668.54,4707.27,4723.79,4653.88,4665.22,3.3216,0.0712,77696000.0,195154000.0
399370.SZ,2023-03-20,4665.94,4671.14,4703.89,4646.03,4668.54,-2.6053,-0.0558,79711900.0,196203000.0
399370.SZ,2023-03-21,4738.16,4675.51,4738.16,4672.53,4665.94,72.2198,1.5478,65004100.0,169096000.0
399370.SZ,2023-03-22,4751.06,4753.8,4779.12,4732.68,4738.16,12.906,0.2724,79787800.0,181362000.0
399370.SZ,2023-03-23,4799.8,4731.86,4799.81,4726.31,4751.06,48.7362,1.0258,83190900.0,204870000.0
399370.SZ,2023-03-24,4812.95,4802.0,4823.37,4784.75,4799.8,13.1494,0.274,78937200.0,207240000.0
399370.SZ,2023-03-27,4822.77,4806.24,4826.46,4788.67,4812.95,9.8215,0.2041,84124600.0,223495000.0
399370.SZ,2023-03-28,4779.31,4824.2,4825.59,4773.23,4822.77,-43.4559,-0.9011,67257000.0,178916000.0
399370.SZ,2023-03-29,4799.32,4792.16,4815.79,4782.66,4779.31,20.0059,0.4186,62759500.0,180209000.0
399370.SZ,2023-03-30,4840.52,4803.95,4840.53,4781.36,4799.32,41.1963,0.8584,67887300.0,183357000.0
399370.SZ,2023-03-31,4855.86,4845.86,4867.68,4837.34,4840.52,15.3389,0.3169,70743800.0,196735000.0
399370.SZ,2023-04-03,4912.55,4866.97,4914.83,4865.57,4855.86,56.6925,1.1675,97733500.0,269251000.0
399370.SZ,2023-04-04,4888.59,4912.48,4912.57,4862.06,4912.55,-23.9624,-0.4878,89440600.0,270219000.0
399370.SZ,2023-04-06,4900.25,4861.0,4903.81,4858.73,4888.59,11.6664,0.2386,82949000.0,252288000.0
399370.SZ,2023-04-07,4933.73,4896.35,4942.53,4887.94,4900.25,33.4785,0.6832,71786000.0,212774000.0
399370.SZ,2023-04-10,4896.93,4946.85,4947.8,4886.48,4933.73,-36.8019,-0.7459,82956500.0,258498000.0
399370.SZ,2023-04-11,4898.27,4899.39,4914.71,4871.84,4896.93,1.3367,0.0273,81675100.0,231946000.0
399370.SZ,2023-04-12,4886.33,4898.46,4903.2,4864.17,4898.27,-11.9337,-0.2436,81801800.0,226841000.0
399370.SZ,2023-04-13,4838.9,4871.91,4880.85,4833.07,4886.33,-47.4346,-0.9708,76980000.0,216732000.0
399370.SZ,2023-04-14,4874.48,4850.43,4881.18,4847.8,4838.9,35.5802,0.7353,76980500.0,231223000.0
399370.SZ,2023-04-17,4903.68,4864.72,4910.29,4864.1,4874.48,29.2049,0.5991,84415800.0,225973000.0
399370.SZ,2023-04-18,4892.08,4887.52,4911.05,4879.55,4903.68,-11.5979,-0.2365,74936000.0,220036000.0
399370.SZ,2023-04-19,4841.46,4890.04,4890.08,4834.94,4892.08,-50.6258,-1.0349,75870100.0,206317000.0
399370.SZ,2023-04-20,4792.68,4833.63,4833.63,4772.26,4841.46,-48.776,-1.0075,80410500.0,222940000.0
399370.SZ,2023-04-21,4680.48,4797.02,4806.76,4679.1,4792.68,-112.205,-2.3412,87242800.0,234416000.0
399370.SZ,2023-04-24,4587.33,4676.67,4679.59,4564.72,4680.48,-93.1453,-1.9901,79552300.0,216594000.0
399370.SZ,2023-04-25,4515.49,4589.24,4594.72,4474.44,4587.33,-71.8431,-1.5661,82654000.0,222787000.0
399370.SZ,2023-04-26,4550.84,4496.02,4574.22,4493.05,4515.49,35.348,0.7828,73600000.0,220434000.0
399370.SZ,2023-04-27,4562.1,4533.17,4581.14,4529.13,4550.84,11.2639,0.2475,69477100.0,193426000.0
399370.SZ,2023-04-28,4596.24,4567.32,4601.38,4565.76,4562.1,34.1366,0.7483,79367300.0,208118000.0
399370.SZ,2023-05-04,4546.29,4587.49,4587.85,4537.5,4596.24,-49.9482,-1.0867,85630800.0,193613000.0
399370.SZ,2023-05-05,4509.92,4541.42,4542.48,4485.28,4546.29,-36.3643,-0.7999,81077700.0,181085000.0
399370.SZ,2023-05-08,4532.24,4519.68,4533.8,4499.93,4509.92,22.3176,0.4949,82276000.0,181250000.0
399370.SZ,2023-05-09,4500.45,4530.61,4557.99,4499.84,4532.24,-31.7901,-0.7014,102829000.0,210254000.0
399370.SZ,2023-05-10,4504.55,4489.99,4523.59,4468.45,4500.45,4.0956,0.091,73857100.0,178532000.0
399370.SZ,2023-05-11,4508.9,4514.88,4535.8,4507.28,4504.55,4.3502,0.0966,61775800.0,155489000.0
399370.SZ,2023-05-12,4440.82,4502.49,4513.01,4440.29,4508.9,-68.0739,-1.5098,61803300.0,144329000.0
399370.SZ,2023-05-15,4525.77,4444.12,4525.77,4443.22,4440.82,84.9494,1.9129,67388800.0,171685000.0
399370.SZ,2023-05-16,4505.08,4529.3,4530.08,4491.95,4525.77,-20.698,-0.4573,58133200.0,152464000.0
399370.SZ,2023-05-17,4491.9,4499.32,4510.09,4473.71,4505.08,-13.1772,-0.2925,49113200.0,130181000.0
399370.SZ,2023-05-18,4468.68,4498.3,4500.21,4447.89,4491.9,-23.2176,-0.5169,57604400.0,148553000.0
399370.SZ,2023-05-19,4472.4,4461.95,4490.78,4441.41,4468.68,3.7224,0.0833,58571600.0,146433000.0
399370.SZ,2023-05-22,4494.72,4470.72,4509.21,4445.25,4472.4,22.3177,0.499,51744500.0,139118000.0
399370.SZ,2023-05-23,4443.33,4492.26,4495.36,4443.33,4494.72,-51.3881,-1.1433,50070100.0,125062000.0
399370.SZ,2023-05-24,4418.37,4427.3,4464.91,4412.16,4443.33,-24.9651,-0.5619,55313100.0,135639000.0
399370.SZ,2023-05-25,4399.88,4405.56,4421.18,4363.46,4418.37,-18.4921,-0.4185,60570400.0,145620000.0
399370.SZ,2023-05-26,4385.96,4397.25,4397.25,4346.47,4399.88,-13.9134,-0.3162,52029200.0,132898000.0
399370.SZ,2023-05-29,4334.87,4397.43,4402.61,4321.64,4385.96,-51.0954,-1.165,64145300.0,160948000.0
399370.SZ,2023-05-30,4343.37,4326.65,4344.39,4273.85,4334.87,8.5006,0.1961,64428700.0,165562000.0
399370.SZ,2023-05-31,4294.83,4330.28,4330.28,4271.01,4343.37,-48.5399,-1.1176,59504300.0,157025000.0
399370.SZ,2023-06-01,4327.53,4290.08,4362.79,4280.79,4294.83,32.6977,0.7613,65863900.0,167422000.0
399370.SZ,2023-06-02,4397.44,4341.06,4402.69,4340.42,4327.53,69.9103,1.6155,65484300.0,164028000.0
399370.SZ,2023-06-05,4350.82,4395.45,4395.45,4337.42,4397.44,-46.6183,-1.0601,56550700.0,152344000.0
399370.SZ,2023-06-06,4280.36,4343.12,4345.07,4274.47,4350.82,-70.4526,-1.6193,59936000.0,151920000.0
399370.SZ,2023-06-07,4234.02,4282.43,4289.09,4223.21,4280.36,-46.3444,-1.0827,50015900.0,135259000.0
399370.SZ,2023-06-08,4236.31,4236.04,4260.28,4213.09,4234.02,2.291,0.0541,52147900.0,130215000.0
399370.SZ,2023-06-09,4260.73,4238.15,4260.73,4222.47,4236.31,24.4182,0.5764,65769800.0,171996000.0
399370.SZ,2023-06-12,4290.41,4246.95,4309.8,4232.91,4260.73,29.6769,0.6965,56639400.0,163592000.0
399370.SZ,2023-06-13,4312.06,4282.07,4317.16,4277.27,4290.41,21.6496,0.5046,50931300.0,146169000.0
399370.SZ,2023-06-14,4314.74,4323.59,4342.93,4309.31,4312.06,2.685,0.0623,57183600.0,158033000.0
399370.SZ,2023-06-15,4426.1,4322.92,4426.17,4319.11,4314.74,111.364,2.581,70823800.0,217571000.0
399370.SZ,2023-06-16,4468.01,4433.83,4473.35,4421.98,4426.1,41.9099,0.9469,65232600.0,193824000.0
399370.SZ,2023-06-19,4437.72,4464.42,4464.42,4425.78,4468.01,-30.2976,-0.6781,59040600.0,178487000.0
399370.SZ,2023-06-20,4430.96,4431.38,4450.59,4419.63,4437.72,-6.7608,-0.1523,57038200.0,173231000.0
399370.SZ,2023-06-21,4333.44,4416.07,4434.16,4333.44,4430.96,-97.5133,-2.2007,58295400.0,170123000.0
399370.SZ,2023-06-26,4297.01,4291.08,4345.53,4266.08,4333.44,-36.435,-0.8408,60767400.0,162488000.0
399370.SZ,2023-06-27,4324.29,4296.63,4329.73,4286.9,4297.01,27.2822,0.6349,54002300.0,138451000.0
399370.SZ,2023-06-28,4313.54,4313.08,4323.62,4268.35,4324.29,-10.749,-0.2486,53757800.0,144454000.0
399370.SZ,2023-06-29,4289.67,4305.9,4326.01,4287.57,4313.54,-23.8673,-0.5533,51602700.0,141592000.0
399370.SZ,2023-06-30,4340.12,4284.85,4362.63,4275.88,4289.67,50.4415,1.1759,57935300.0,158393000.0
399370.SZ,2023-07-03,4386.51,4354.06,4400.1,4354.06,4340.12,46.3927,1.0689,68055800.0,186667000.0
399370.SZ,2023-07-04,4400.9,4383.21,4404.23,4367.99,4386.51,14.3965,0.3282,60250500.0,166667000.0
399370.SZ,2023-07-05,4367.63,4398.95,4403.36,4360.85,4400.9,-33.2722,-0.756,53598800.0,148653000.0
399370.SZ,2023-07-06,4328.74,4357.0,4366.76,4320.77,4367.63,-38.8873,-0.8904,49663200.0,134506000.0
399370.SZ,2023-07-07,4288.79,4313.21,4313.79,4285.79,4328.74,-39.9559,-0.923,48756900.0,118648000.0
399370.SZ,2023-07-10,4337.22,4302.69,4364.08,4302.69,4288.79,48.433,1.1293,50965700.0,139445000.0
399370.SZ,2023-07-11,4366.33,4344.59,4367.46,4322.81,4337.22,29.1059,0.6711,44297600.0,125434000.0
399370.SZ,2023-07-12,4341.87,4360.67,4380.93,4335.71,4366.33,-24.4554,-0.5601,58748900.0,153622000.0
399370.SZ,2023-07-13,4417.86,4362.56,4419.53,4362.56,4341.87,75.9907,1.7502,62862500.0,175114000.0
399370.SZ,2023-07-14,4391.5,4422.31,4425.24,4387.72,4417.86,-26.3599,-0.5967,54917800.0,152458000.0
399370.SZ,2023-07-17,4352.64,4371.71,4371.71,4333.26,4391.5,-38.8618,-0.8849,48992900.0,126096000.0
399370.SZ,2023-07-18,4348.27,4360.41,4362.44,4330.27,4352.64,-4.3761,-0.1005,48029200.0,125158000.0
399370.SZ,2023-07-19,4325.6,4343.83,4356.07,4304.73,4348.27,-22.6628,-0.5212,43183700.0,114467000.0
399370.SZ,2023-07-20,4304.07,4333.87,4365.02,4298.55,4325.6,-21.5353,-0.4979,53321100.0,133302000.0
399370.SZ,2023-07-21,4296.93,4295.25,4334.58,4279.82,4304.07,-7.1389,-0.1659,47121800.0,122485000.0
399370.SZ,2023-07-24,4252.97,4274.83,4289.25,4246.99,4296.93,-43.9601,-1.0231,39137200.0,104361000.0
399370.SZ,2023-07-25,4367.98,4325.31,4372.7,4325.31,4252.97,115.014,2.7043,75267000.0,186594000.0
399370.SZ,2023-07-26,4366.63,4363.8,4375.55,4353.09,4367.98,-1.3549,-0.031,56826600.0,133324000.0
399370.SZ,2023-07-27,4342.47,4375.33,4383.76,4334.76,4366.63,-24.1614,-0.5533,61056900.0,133624000.0
399370.SZ,2023-07-28,4409.83,4326.79,4416.76,4319.4,4342.47,67.3636,1.5513,86501200.0,181710000.0
399370.SZ,2023-07-31,4447.12,4435.39,4494.5,4433.11,4409.83,37.2869,0.8455,94283800.0,221954000.0
399370.SZ,2023-08-01,4434.72,4446.58,4467.36,4418.5,4447.12,-12.3989,-0.2788,77257400.0,168846000.0
399370.SZ,2023-08-02,4415.71,4426.84,4447.16,4405.02,4434.72,-19.0108,-0.4287,68948500.0,139478000.0
399370.SZ,2023-08-03,4452.32,4405.06,4452.93,4404.48,4415.71,36.6137,0.8292,68064300.0,154084000.0
399370.SZ,2023-08-04,4463.73,4482.53,4498.56,4443.28,4452.32,11.4113,0.2563,83475300.0,195318000.0
399370.SZ,2023-08-07,4427.88,4446.01,4446.06,4416.0,4463.73,-35.8497,-0.8031,64068500.0,149841000.0
399370.SZ,2023-08-08,4416.6,4421.07,4437.77,4399.4,4427.88,-11.2834,-0.2548,59725900.0,141193000.0
399370.SZ,2023-08-09,4403.49,4401.5,4423.3,4395.75,4416.6,-13.1051,-0.2967,49659600.0,121099000.0
399370.SZ,2023-08-10,4421.8,4401.06,4423.81,4390.53,4403.49,18.3081,0.4158,49951600.0,120737000.0
399370.SZ,2023-08-11,4324.75,4424.02,4424.02,4324.75,4421.8,-97.0525,-2.1949,59140400.0,131103000.0
399370.SZ,2023-08-14,4279.2,4276.84,4284.25,4229.0,4324.75,-45.546,-1.0531,54893600.0,132940000.0
399370.SZ,2023-08-15,4236.08,4279.95,4286.61,4200.47,4279.2,-43.1224,-1.0077,49970500.0,122521000.0
399370.SZ,2023-08-16,4195.27,4219.53,4242.58,4195.25,4236.08,-40.8077,-0.9633,48613000.0,115362000.0
399370.SZ,2023-08-17,4226.77,4181.32,4231.97,4154.97,4195.27,31.4951,0.7507,51073500.0,121950000.0
399370.SZ,2023-08-18,4162.18,4228.05,4232.72,4162.18,4226.77,-64.587,-1.528,46934800.0,115543000.0
399370.SZ,2023-08-21,4101.74,4146.97,4163.16,4101.74,4162.18,-60.4382,-1.4521,46845000.0,111735000.0
399370.SZ,2023-08-22,4105.11,4121.01,4133.15,4036.02,4101.74,3.3701,0.0822,58331400.0,137737000.0
399370.SZ,2023-08-23,4017.18,4097.65,4097.65,4016.8,4105.11,-87.9341,-2.1421,48072500.0,109702000.0
399370.SZ,2023-08-24,4074.19,4035.26,4108.98,4024.94,4017.18,57.0155,1.4193,52238800.0,131181000.0
399370.SZ,2023-08-25,4035.36,4055.21,4066.77,4019.95,4074.19,-38.8359,-0.9532,50510100.0,117876000.0
399370.SZ,2023-08-28,4068.22,4275.01,4275.01,4055.62,4035.36,32.8576,0.8142,94154900.0,215838000.0
399370.SZ,2023-08-29,4158.81,4056.64,4179.51,4056.52,4068.22,90.5929,2.2268,76063900.0,183214000.0
399370.SZ,2023-08-30,4173.03,4177.81,4211.17,4160.73,4158.81,14.2198,0.3419,66510800.0,155216000.0
399370.SZ,2023-08-31,4144.92,4165.58,4170.7,4137.17,4173.03,-28.111,-0.6736,56104400.0,127214000.0
399370.SZ,2023-09-01,4165.33,4158.2,4183.76,4150.94,4144.92,20.4146,0.4925,51164300.0,113340000.0
399370.SZ,2023-09-04,4234.32,4189.19,4235.05,4168.88,4165.33,68.992,1.6563,72742600.0,159418000.0
399370.SZ,2023-09-05,4213.27,4222.99,4232.24,4205.57,4234.32,-21.0511,-0.4972,55021100.0,133378000.0
399370.SZ,2023-09-06,4199.25,4198.28,4205.36,4172.47,4213.27,-14.025,-0.3329,50966800.0,127830000.0
399370.SZ,2023-09-07,4117.51,4187.95,4187.95,4117.51,4199.25,-81.7428,-1.9466,52245100.0,126707000.0
399370.SZ,2023-09-08,4094.0,4101.59,4114.97,4077.73,4117.51,-23.5072,-0.5709,39692600.0,101073000.0
399370.SZ,2023-09-11,4129.44,4094.0,4153.78,4078.89,4094.0,35.4422,0.8657,56842000.0,135343000.0
399370.SZ,2023-09-12,4119.37,4127.65,4142.49,4114.35,4129.44,-10.0748,-0.244,45454100.0,110313000.0
399370.SZ,2023-09-13,4085.6,4112.77,4129.69,4063.24,4119.37,-33.7604,-0.8196,45860600.0,105371000.0
399370.SZ,2023-09-14,4062.65,4079.73,4087.07,4046.61,4085.6,-22.9502,-0.5617,47938100.0,106252000.0
399370.SZ,2023-09-15,4050.53,4071.18,4091.61,4038.54,4062.65,-12.1213,-0.2984,55605400.0,132222000.0
399370.SZ,2023-09-18,4075.33,4036.51,4097.44,4031.25,4050.53,24.8005,0.6123,50102400.0,123803000.0
399370.SZ,2023-09-19,4049.82,4070.2,4070.2,4033.0,4075.33,-25.5106,-0.626,44717100.0,101043000.0
399370.SZ,2023-09-20,4016.62,4042.41,4042.76,4016.6,4049.82,-33.2018,-0.8198,39249600.0,87832600.0
399370.SZ,2023-09-21,3975.87,4004.35,4018.93,3975.87,4016.62,-40.7507,-1.0146,41480400.0,94336200.0
399370.SZ,2023-09-22,4048.24,3971.73,4049.85,3965.12,3975.87,72.3736,1.8203,58427200.0,136079000.0
399370.SZ,2023-09-25,4031.87,4048.21,4048.21,4023.98,4048.24,-16.375,-0.4045,49748900.0,117172000.0
399370.SZ,2023-09-26,3996.99,4024.18,4032.41,3996.99,4031.87,-34.8772,-0.865,41813200.0,106286000.0
399370.SZ,2023-09-27,4029.18,3999.37,4066.66,3999.0,3996.99,32.187,0.8053,51995200.0,134212000.0
399370.SZ,2023-09-28,4018.13,4040.08,4050.63,4010.46,4029.18,-11.0496,-0.2742,49307300.0,121314000.0
399370.SZ,2023-10-09,4009.58,4006.05,4023.09,3962.21,4018.13,-8.5481,-0.2127,52594500.0,127459000.0
399370.SZ,2023-10-10,3984.65,4019.94,4037.48,3982.88,4009.58,-24.9335,-0.6218,50217700.0,119642000.0
399370.SZ,2023-10-11,4003.81,4005.7,4033.92,3988.77,3984.65,19.1592,0.4808,52831600.0,135824000.0
399370.SZ,2023-10-12,4045.94,4029.25,4049.49,4009.62,4003.81,42.1335,1.0523,60504700.0,154819000.0
399370.SZ,2023-10-13,3999.57,4018.33,4018.33,3983.06,4045.94,-46.3754,-1.1462,50518600.0,130021000.0
399370.SZ,2023-10-16,3936.87,3999.65,3999.99,3923.24,3999.57,-62.6941,-1.5675,52040200.0,124846000.0
399370.SZ,2023-10-17,3946.67,3943.12,3957.1,3924.58,3936.87,9.7949,0.2488,47813900.0,112514000.0
399370.SZ,2023-10-18,3901.3,3938.09,3938.09,3897.56,3946.67,-45.3648,-1.1494,49797800.0,117289000.0
399370.SZ,2023-10-19,3841.02,3875.53,3889.1,3841.02,3901.3,-60.2809,-1.5451,55271700.0,130962000.0
399370.SZ,2023-10-20,3821.47,3819.57,3856.47,3814.33,3841.02,-19.5464,-0.5089,53023700.0,128869000.0
399370.SZ,2023-10-23,3753.19,3810.2,3810.2,3731.55,3821.47,-68.2855,-1.7869,54050600.0,117565000.0
399370.SZ,2023-10-24,3786.59,3767.0,3797.93,3741.02,3753.19,33.3989,0.8899,59921100.0,135933000.0
399370.SZ,2023-10-25,3790.94,3822.78,3836.77,3790.94,3786.59,4.3519,0.1149,61713900.0,143359000.0
399370.SZ,2023-10-26,3791.12,3763.14,3794.24,3738.9,3790.94,0.1758,0.0046,57562900.0,133545000.0
399370.SZ,2023-10-27,3886.52,3774.38,3901.29,3767.55,3791.12,95.4081,2.5166,69202400.0,176823000.0
399370.SZ,2023-10-30,3953.29,3884.97,3964.71,3883.38,3886.52,66.7674,1.7179,75726100.0,188134000.0
399370.SZ,2023-10-31,3928.28,3944.12,3946.31,3906.66,3953.29,-25.0099,-0.6326,60097800.0,148305000.0
399370.SZ,2023-11-01,3906.26,3946.45,3947.33,3897.38,3928.28,-22.0193,-0.5605,54146800.0,132369000.0
399370.SZ,2023-11-02,3865.8,3914.49,3926.37,3865.54,3906.26,-40.4652,-1.0359,49388000.0,116496000.0
399370.SZ,2023-11-03,3918.98,3871.89,3928.74,3871.89,3865.8,53.1839,1.3758,53883900.0,129013000.0
399370.SZ,2023-11-06,4001.04,3948.62,4006.04,3948.62,3918.98,82.0643,2.094,85683000.0,195121000.0
399370.SZ,2023-11-07,3989.69,3988.63,4000.13,3968.84,4001.04,-11.3538,-0.2838,66048200.0,153313000.0
399370.SZ,2023-11-08,3982.01,3976.15,4001.17,3956.28,3989.69,-7.6786,-0.1925,63015400.0,154046000.0
399370.SZ,2023-11-09,3986.98,3973.7,4007.58,3973.35,3982.01,4.9682,0.1248,64868400.0,148301000.0
399370.SZ,2023-11-10,3959.16,3967.29,3968.23,3946.48,3986.98,-27.8246,-0.6979,53943200.0,124192000.0
399370.SZ,2023-11-13,3958.56,3972.94,3980.73,3937.84,3959.16,-0.5927,-0.015,50458800.0,118571000.0
399370.SZ,2023-11-14,3956.8,3960.35,3983.65,3939.06,3958.56,-1.7633,-0.0445,52996200.0,123779000.0
399370.SZ,2023-11-15,3992.09,4004.55,4011.06,3980.24,3956.8,35.2889,0.8919,64293400.0,153565000.0
399370.SZ,2023-11-16,3932.78,3981.95,3981.95,3932.78,3992.09,-59.313,-1.4858,50236700.0,114952000.0
399370.SZ,2023-11-17,3936.1,3919.42,3936.25,3911.01,3932.78,3.3213,0.0845,44942900.0,99914500.0
399370.SZ,2023-11-20,3939.99,3938.35,3953.54,3904.31,3936.1,3.8889,0.0988,50948100.0,119218000.0
399370.SZ,2023-11-21,3932.72,3950.89,3978.94,3926.56,3939.99,-7.2614,-0.1843,56233000.0,127505000.0
399370.SZ,2023-11-22,3869.64,3915.29,3923.64,3869.64,3932.72,-63.0806,-1.604,45733600.0,105888000.0
399370.SZ,2023-11-23,3892.32,3865.71,3894.1,3855.16,3869.64,22.6778,0.586,48252000.0,106290000.0
399370.SZ,2023-11-24,3853.5,3889.31,3889.31,3847.88,3892.32,-38.8249,-0.9975,46266300.0,105610000.0
399370.SZ,2023-11-27,3832.65,3848.87,3848.87,3810.92,3853.5,-20.844,-0.5409,49413000.0,115764000.0
399370.SZ,2023-11-28,3848.59,3831.23,3848.59,3817.92,3832.65,15.9346,0.4158,52646500.0,118646000.0
399370.SZ,2023-11-29,3818.78,3846.83,3850.25,3813.53,3848.59,-29.812,-0.7746,51724600.0,115723000.0
399370.SZ,2023-11-30,3814.16,3814.37,3833.49,3795.45,3818.78,-4.6139,-0.1208,51698800.0,111513000.0
399370.SZ,2023-12-01,3803.52,3811.1,3816.19,3765.28,3814.16,-10.6426,-0.279,54893800.0,126085000.0
399370.SZ,2023-12-04,3776.07,3801.31,3811.55,3775.96,3803.52,-27.4449,-0.7216,60156500.0,132302000.0
399370.SZ,2023-12-05,3703.22,3760.68,3768.16,3702.95,3776.07,-72.8589,-1.9295,56505300.0,127013000.0
399370.SZ,2023-12-06,3732.43,3694.23,3756.6,3692.91,3703.22,29.2146,0.7889,61818600.0,145869000.0
399370.SZ,2023-12-07,3711.01,3721.99,3729.02,3687.39,3732.43,-21.4212,-0.5739,55198900.0,130736000.0
399370.SZ,2023-12-08,3725.51,3716.71,3735.81,3697.83,3711.01,14.505,0.3909,65032000.0,152709000.0
399370.SZ,2023-12-11,3747.49,3697.67,3755.51,3662.42,3725.51,21.9755,0.5899,70184800.0,152627000.0
399370.SZ,2023-12-12,3737.47,3735.89,3746.9,3722.58,3747.49,-10.0166,-0.2673,47851200.0,108159000.0
399370.SZ,2023-12-13,3671.82,3727.65,3727.65,3671.82,3737.47,-65.6522,-1.7566,48067600.0,114205000.0
399370.SZ,2023-12-14,3651.16,3696.72,3716.42,3649.92,3671.82,-20.6625,-0.5627,45423600.0,105704000.0
399370.SZ,2023-12-15,3643.22,3667.2,3695.64,3636.44,3651.16,-7.9419,-0.2175,52140900.0,115755000.0
399370.SZ,2023-12-18,3601.87,3627.98,3641.91,3593.87,3643.22,-41.3499,-1.135,47937500.0,102679000.0
399370.SZ,2023-12-19,3612.02,3596.88,3629.85,3586.1,3601.87,10.1561,0.282,43751500.0,97071400.0
399370.SZ,2023-12-20,3575.92,3617.19,3625.38,3575.84,3612.02,-36.1061,-0.9996,45855800.0,96135400.0
399370.SZ,2023-12-21,3622.76,3560.07,3637.5,3555.9,3575.92,46.8424,1.3099,53934700.0,124417000.0
399370.SZ,2023-12-22,3629.83,3620.58,3663.02,3592.61,3622.76,7.0767,0.1953,62958800.0,133221000.0
399370.SZ,2023-12-25,3645.69,3620.4,3650.59,3620.4,3629.83,15.8523,0.4367,44415500.0,94963700.0
399370.SZ,2023-12-26,3613.03,3643.04,3643.04,3599.81,3645.69,-32.6571,-0.8958,45072900.0,94189400.0
399370.SZ,2023-12-27,3618.56,3615.57,3630.0,3593.66,3613.03,5.5323,0.1531,48230700.0,102786000.0
399370.SZ,2023-12-28,3736.41,3615.98,3750.5,3612.46,3618.56,117.851,3.2569,82086100.0,193632000.0
399370.SZ,2023-12-29,3750.47,3734.34,3759.93,3732.84,3736.41,14.0547,0.3762,65584000.0,153036000.0
399370.SZ,2024-01-02,3696.45,3749.3,3749.3,3696.45,3750.47,-54.0197,-1.4403,65183400.0,138471000.0
399370.SZ,2024-01-03,3674.96,3688.23,3703.93,3656.72,3696.45,-21.4896,-0.5814,58189200.0,123930000.0
399370.SZ,2024-01-04,3629.31,3669.44,3669.44,3610.29,3674.96,-45.6511,-1.2422,56626900.0,120407000.0
399370.SZ,2024-01-05,3587.4,3623.74,3656.79,3569.74,3629.31,-41.9103,-1.1548,58371900.0,124174000.0
399370.SZ,2024-01-08,3527.15,3576.27,3594.63,3527.15,3587.4,-60.2509,-1.6795,57436200.0,119800000.0
399370.SZ,2024-01-09,3536.7,3530.19,3573.4,3513.79,3527.15,9.5483,0.2707,56885100.0,126681000.0
399370.SZ,2024-01-10,3527.31,3521.4,3576.3,3499.44,3536.7,-9.3816,-0.2653,53896200.0,127048000.0
399370.SZ,2024-01-11,3572.12,3525.85,3592.28,3517.77,3527.31,44.8094,1.2704,61483500.0,147786000.0
399370.SZ,2024-01-12,3547.07,3559.07,3588.87,3546.88,3572.12,-25.0519,-0.7013,55590600.0,130826000.0
399370.SZ,2024-01-15,3526.49,3529.63,3563.33,3509.25,3547.07,-20.5844,-0.5803,48388200.0,113401000.0
399370.SZ,2024-01-16,3540.86,3519.43,3549.73,3492.23,3526.49,14.3691,0.4075,58493900.0,130838000.0
399370.SZ,2024-01-17,3435.77,3530.11,3530.11,3435.77,3540.86,-105.084,-2.9678,53813100.0,119797000.0
399370.SZ,2024-01-18,3493.61,3414.66,3497.73,3385.91,3435.77,57.8344,1.6833,82449100.0,172143000.0
399370.SZ,2024-01-19,3472.44,3481.05,3514.29,3465.23,3493.61,-21.1679,-0.6059,59295500.0,133941000.0
399370.SZ,2024-01-22,3371.54,3460.91,3460.91,3347.11,3472.44,-100.895,-2.9056,71563300.0,152583000.0
399370.SZ,2024-01-23,3404.66,3362.84,3423.28,3339.74,3371.54,33.1186,0.9823,64288000.0,137270000.0
399370.SZ,2024-01-24,3422.2,3419.21,3428.51,3320.09,3404.66,17.5407,0.5152,69864600.0,144227000.0
399370.SZ,2024-01-25,3487.81,3413.79,3487.87,3393.73,3422.2,65.6047,1.917,79747500.0,160817000.0
399370.SZ,2024-01-26,3438.26,3462.89,3487.04,3428.3,3487.81,-49.548,-1.4206,75812000.0,149647000.0
399370.SZ,2024-01-29,3345.77,3433.43,3443.36,3345.77,3438.26,-92.4886,-2.69,73705000.0,150595000.0
399370.SZ,2024-01-30,3257.05,3318.11,3338.06,3255.08,3345.77,-88.7184,-2.6517,59510600.0,120738000.0
399370.SZ,2024-01-31,3202.52,3242.9,3276.04,3199.56,3257.05,-54.5312,-1.6743,69677600.0,139038000.0
399370.SZ,2024-02-01,3212.01,3189.12,3264.56,3176.66,3202.52,9.486,0.2962,66388200.0,128694000.0
399370.SZ,2024-02-02,3132.07,3213.77,3226.95,3051.83,3212.01,-79.9358,-2.4887,79591400.0,145884000.0
399370.SZ,2024-02-05,3120.77,3107.57,3184.16,3000.15,3132.07,-11.2966,-0.3607,97772700.0,176172000.0
399370.SZ,2024-02-06,3302.08,3095.39,3304.4,3094.34,3120.77,181.307,5.8097,98313100.0,181392000.0
399370.SZ,2024-02-07,3388.67,3308.4,3392.98,3296.08,3302.08,86.5927,2.6224,111048000.0,202879000.0
399370.SZ,2024-02-08,3430.15,3403.56,3476.83,3400.94,3388.67,41.4769,1.224,105128000.0,194432000.0
399370.SZ,2024-02-19,3446.47,3462.7,3462.7,3407.76,3430.15,16.3217,0.4758,90463200.0,176469000.0
399370.SZ,2024-02-20,3440.65,3429.73,3447.06,3398.73,3446.47,-5.826,-0.169,69814400.0,140279000.0
399370.SZ,2024-02-21,3482.37,3414.01,3537.73,3406.3,3440.65,41.723,1.2126,89734500.0,185000000.0
399370.SZ,2024-02-22,3518.3,3472.77,3518.3,3471.71,3482.37,35.9321,1.0318,73846200.0,146014000.0
399370.SZ,2024-02-23,3530.96,3527.7,3535.5,3495.4,3518.3,12.6538,0.3597,79988200.0,158814000.0
399370.SZ,2024-02-26,3514.99,3529.71,3550.05,3503.56,3530.96,-15.9682,-0.4522,78680900.0,161059000.0
399370.SZ,2024-02-27,3581.81,3499.79,3581.81,3495.81,3514.99,66.8266,1.9012,75788800.0,165741000.0
399370.SZ,2024-02-28,3507.97,3590.72,3638.16,3507.97,3581.81,-73.8439,-2.0616,108518000.0,227509000.0
399370.SZ,2024-02-29,3617.54,3489.78,3617.54,3489.78,3507.97,109.569,3.1234,88214800.0,197355000.0
399370.SZ,2024-03-01,3645.66,3619.98,3653.93,3599.7,3617.54,28.1246,0.7775,85579900.0,188220000.0
399370.SZ,2024-03-04,3655.89,3649.31,3670.5,3625.99,3645.66,10.227,0.2805,83713100.0,189048000.0
399370.SZ,2024-03-05,3650.31,3634.06,3657.33,3624.16,3655.89,-5.5817,-0.1527,82134000.0,184031000.0
399370.SZ,2024-03-06,3649.51,3636.16,3687.31,3614.69,3650.31,-0.802,-0.022,75705700.0,163543000.0
399370.SZ,2024-03-07,3602.46,3644.79,3667.82,3601.76,3649.51,-47.0496,-1.2892,81965900.0,167958000.0
399370.SZ,2024-03-08,3632.68,3603.59,3638.63,3586.77,3602.46,30.2174,0.8388,70655100.0,155243000.0
399370.SZ,2024-03-11,3731.23,3645.81,3731.23,3645.81,3632.68,98.556,2.713,92103700.0,216747000.0
399370.SZ,2024-03-12,3758.98,3741.39,3777.6,3729.32,3731.23,27.7484,0.7437,97563900.0,234430000.0
399370.SZ,2024-03-13,3745.27,3757.15,3768.03,3731.71,3758.98,-13.7073,-0.3647,81489300.0,179183000.0
399370.SZ,2024-03-14,3722.87,3748.65,3779.12,3697.67,3745.27,-22.4008,-0.5981,80235100.0,178645000.0
399370.SZ,2024-03-15,3736.19,3710.49,3738.23,3670.9,3722.87,13.3214,0.3578,79868300.0,174578000.0
399370.SZ,2024-03-18,3794.16,3755.45,3794.17,3744.52,3736.19,57.9661,1.5515,91420600.0,208335000.0
399370.SZ,2024-03-19,3769.04,3783.98,3813.54,3769.04,3794.16,-25.1229,-0.6621,85260900.0,191324000.0
399370.SZ,2024-03-20,3773.0,3756.19,3777.8,3752.12,3769.04,3.9603,0.1051,72499000.0,155243000.0
399370.SZ,2024-03-21,3757.62,3784.97,3794.29,3748.9,3773.0,-15.3753,-0.4075,74388900.0,165465000.0
399370.SZ,2024-03-22,3698.33,3745.23,3756.24,3683.35,3757.62,-59.2877,-1.5778,78193000.0,174473000.0
399370.SZ,2024-03-25,3656.59,3687.05,3718.64,3656.3,3698.33,-41.7405,-1.1286,74938600.0,160625000.0
399370.SZ,2024-03-26,3674.36,3658.4,3687.11,3635.57,3656.59,17.764,0.4858,70439000.0,158131000.0
399370.SZ,2024-03-27,3591.85,3671.44,3671.44,3591.85,3674.36,-82.5091,-2.2455,68031700.0,144574000.0
399370.SZ,2024-03-28,3623.25,3588.21,3662.71,3588.21,3591.85,31.4017,0.8742,68791200.0,144840000.0
399370.SZ,2024-03-29,3648.87,3625.56,3651.0,3615.45,3623.25,25.6168,0.707,64969700.0,131911000.0
399370.SZ,2024-04-01,3734.01,3666.62,3737.2,3666.62,3648.87,85.1469,2.3335,89581600.0,175559000.0
399370.SZ,2024-04-02,3729.71,3733.2,3737.98,3710.55,3734.01,-4.3007,-0.1152,81601300.0,165170000.0
399370.SZ,2024-04-03,3730.1,3727.14,3739.42,3715.79,3729.71,0.3913,0.0105,89559400.0,176130000.0
399370.SZ,2024-04-08,3660.4,3714.1,3723.02,3659.98,3730.1,-69.701,-1.8686,95391500.0,183535000.0
399370.SZ,2024-04-09,3691.57,3656.23,3691.85,3648.63,3660.4,31.1666,0.8515,78585500.0,157113000.0
399370.SZ,2024-04-10,3646.02,3685.89,3686.19,3625.98,3691.57,-45.5509,-1.2339,73959000.0,148534000.0
399370.SZ,2024-04-11,3640.5,3617.82,3667.35,3617.42,3646.02,-5.517,-0.1513,74811900.0,150767000.0
399370.SZ,2024-04-12,3607.56,3644.23,3653.13,3601.32,3640.5,-32.9397,-0.9048,71878200.0,148144000.0
399370.SZ,2024-04-15,3672.65,3605.8,3683.24,3603.12,3607.56,65.0847,1.8041,88187900.0,177763000.0
399370.SZ,2024-04-16,3585.44,3652.37,3658.4,3583.14,3672.65,-87.2069,-2.3745,87790100.0,168216000.0
399370.SZ,2024-04-17,3653.09,3591.87,3653.58,3591.87,3585.44,67.6546,1.8869,77766700.0,154443000.0
399370.SZ,2024-04-18,3648.81,3635.64,3686.5,3614.45,3653.09,-4.2872,-0.1174,81521000.0,161694000.0
399370.SZ,2024-04-19,3604.25,3626.63,3638.4,3587.01,3648.81,-44.5599,-1.2212,82089100.0,159753000.0
399370.SZ,2024-04-22,3588.67,3593.54,3628.07,3587.1,3604.25,-15.5749,-0.4321,78226200.0,152483000.0
399370.SZ,2024-04-23,3558.6,3579.66,3590.82,3546.02,3588.67,-30.0746,-0.838,76277000.0,146702000.0
399370.SZ,2024-04-24,3574.48,3562.27,3577.5,3541.18,3558.6,15.8853,0.4464,70303800.0,140380000.0
399370.SZ,2024-04-25,3579.94,3558.52,3605.89,3553.87,3574.48,5.4619,0.1528,68405600.0,136926000.0
399370.SZ,2024-04-26,3661.4,3576.89,3665.0,3576.89,3579.94,81.4601,2.2755,98143100.0,199665000.0
399370.SZ,2024-04-29,3745.62,3667.34,3770.69,3667.34,3661.4,84.2119,2.3,111683000.0,237778000.0
399370.SZ,2024-04-30,3699.59,3733.76,3739.3,3699.59,3745.62,-46.0298,-1.2289,90819600.0,177730000.0
399370.SZ,2024-05-06,3778.52,3752.89,3785.44,3752.89,3699.59,78.9303,2.1335,105439000.0,213248000.0
399370.SZ,2024-05-07,3787.17,3778.12,3793.96,3768.18,3778.52,8.651,0.229,80047200.0,162871000.0
399370.SZ,2024-05-08,3745.44,3779.8,3779.8,3744.1,3787.17,-41.7247,-1.1017,74162800.0,145232000.0
399370.SZ,2024-05-09,3807.29,3750.18,3814.72,3750.18,3745.44,61.8483,1.6513,87230600.0,177417000.0
399370.SZ,2024-05-10,3779.19,3812.71,3817.06,3757.48,3807.29,-28.1035,-0.7381,79928300.0,160330000.0
399370.SZ,2024-05-13,3753.33,3746.9,3768.66,3729.88,3779.19,-25.8626,-0.6843,80268600.0,165032000.0
399370.SZ,2024-05-14,3751.73,3762.25,3775.05,3742.24,3753.33,-1.5916,-0.0424,71327700.0,143588000.0
399370.SZ,2024-05-15,3711.94,3748.62,3758.27,3709.11,3751.73,-39.7921,-1.0606,67052600.0,129249000.0
399370.SZ,2024-05-16,3710.93,3724.93,3739.08,3703.58,3711.94,-1.0083,-0.0272,73872000.0,142700000.0
399370.SZ,2024-05-17,3749.71,3706.51,3749.71,3696.79,3710.93,38.7722,1.0448,73956100.0,143125000.0
399370.SZ,2024-05-20,3779.41,3759.65,3790.46,3758.49,3749.71,29.7065,0.7922,88813400.0,172253000.0
399370.SZ,2024-05-21,3738.26,3769.97,3769.97,3727.23,3779.41,-41.1492,-1.0888,70923800.0,129997000.0
399370.SZ,2024-05-22,3761.21,3741.16,3768.74,3727.29,3738.26,22.9488,0.6139,83025400.0,161479000.0
399370.SZ,2024-05-23,3696.52,3741.84,3741.84,3689.31,3761.21,-64.6924,-1.72,78372400.0,146455000.0
399370.SZ,2024-05-24,3645.14,3683.04,3705.56,3643.68,3696.52,-51.3826,-1.39,62181700.0,125278000.0
399370.SZ,2024-05-27,3679.96,3652.04,3682.22,3625.04,3645.14,34.8243,0.9554,70045400.0,138576000.0
399370.SZ,2024-05-28,3649.95,3676.49,3687.54,3648.06,3679.96,-30.0077,-0.8154,71030100.0,135497000.0
399370.SZ,2024-05-29,3677.16,3651.39,3695.37,3651.39,3649.95,27.2056,0.7454,72136000.0,142657000.0
399370.SZ,2024-05-30,3662.46,3672.5,3689.17,3654.31,3677.16,-14.6968,-0.3997,73219300.0,147100000.0
399370.SZ,2024-05-31,3644.35,3664.51,3688.33,3644.35,3662.46,-18.1095,-0.4945,65051500.0,133953000.0
399370.SZ,2024-06-03,3653.54,3639.21,3668.8,3620.61,3644.35,9.1835,0.252,79615800.0,159110000.0
399370.SZ,2024-06-04,3690.71,3645.73,3698.01,3641.86,3653.54,37.1694,1.0174,71916600.0,141191000.0
399370.SZ,2024-06-05,3665.55,3679.9,3707.26,3665.39,3690.71,-25.1541,-0.6816,64515100.0,135834000.0
399370.SZ,2024-06-06,3647.24,3680.62,3696.08,3636.91,3665.55,-18.3143,-0.4996,85752300.0,164838000.0
399370.SZ,2024-06-07,3609.61,3650.71,3657.42,3583.15,3647.24,-37.6234,-1.0316,70630600.0,148809000.0
399370.SZ,2024-06-11,3606.94,3584.72,3613.28,3570.4,3609.61,-2.6702,-0.074,72135400.0,155374000.0
399370.SZ,2024-06-12,3612.59,3600.48,3620.97,3599.38,3606.94,5.6451,0.1565,68845400.0,151400000.0
399370.SZ,2024-06-13,3590.95,3619.4,3628.45,3586.9,3612.59,-21.6375,-0.5989,71208600.0,161564000.0
399370.SZ,2024-06-14,3595.63,3581.22,3599.35,3555.79,3590.95,4.6773,0.1303,86856400.0,188861000.0
399370.SZ,2024-06-17,3603.78,3571.98,3609.08,3569.77,3595.63,8.1563,0.2268,80395900.0,172941000.0
399370.SZ,2024-06-18,3606.45,3598.55,3620.4,3591.8,3603.78,2.6607,0.0738,69248700.0,149677000.0
399370.SZ,2024-06-19,3570.86,3602.73,3602.97,3569.8,3606.45,-35.585,-0.9867,61915700.0,133011000.0
399370.SZ,2024-06-20,3537.64,3567.4,3583.83,3535.18,3570.86,-33.2233,-0.9304,69885300.0,137761000.0
399370.SZ,2024-06-21,3519.89,3531.96,3539.67,3498.57,3537.64,-17.7509,-0.5018,60672700.0,128001000.0
399370.SZ,2024-06-24,3482.53,3482.89,3519.9,3480.16,3519.89,-37.3531,-1.0612,69561100.0,139981000.0
399370.SZ,2024-06-25,3453.44,3480.11,3489.64,3434.03,3482.53,-29.091,-0.8353,65299200.0,132897000.0
399370.SZ,2024-06-26,3484.52,3443.09,3491.3,3432.51,3453.44,31.0801,0.9,63011100.0,119576000.0
399370.SZ,2024-06-27,3431.42,3470.04,3470.04,3430.47,3484.52,-53.1071,-1.5241,61750400.0,113451000.0
399370.SZ,2024-06-28,3419.6,3416.69,3456.53,3412.75,3431.42,-11.8179,-0.3444,70703200.0,133737000.0
399370.SZ,2024-07-01,3428.98,3418.75,3435.47,3383.45,3419.6,9.3839,0.2744,66591000.0,130844000.0
399370.SZ,2024-07-02,3412.36,3424.27,3435.74,3403.98,3428.98,-16.6233,-0.4848,64618000.0,126182000.0
399370.SZ,2024-07-03,3404.07,3415.38,3424.8,3389.69,3412.36,-8.286,-0.2428,58639900.0,113963000.0
399370.SZ,2024-07-04,3374.43,3413.14,3430.41,3374.07,3404.07,-29.6431,-0.8708,61060000.0,111708000.0
399370.SZ,2024-07-05,3376.36,3369.26,3383.91,3334.13,3374.43,1.93,0.0572,58312400.0,114399000.0
399370.SZ,2024-07-08,3320.17,3363.27,3364.52,3312.76,3376.36,-56.1854,-1.6641,64357600.0,118789000.0
399370.SZ,2024-07-09,3367.93,3315.99,3380.81,3301.86,3320.17,47.7534,1.4383,77455100.0,146145000.0
399370.SZ,2024-07-10,3353.77,3355.97,3394.69,3347.75,3367.93,-14.1605,-0.4205,76467700.0,140251000.0
399370.SZ,2024-07-11,3426.45,3392.52,3437.42,3377.36,3353.77,72.6857,2.1673,91322700.0,171389000.0
399370.SZ,2024-07-12,3423.46,3420.4,3434.51,3407.45,3426.45,-2.9901,-0.0873,79244000.0,148482000.0
399370.SZ,2024-07-15,3411.76,3409.21,3425.39,3404.29,3423.46,-11.7022,-0.3418,74962900.0,123927000.0
399370.SZ,2024-07-16,3441.09,3404.64,3442.35,3402.53,3411.76,29.3266,0.8596,67868200.0,136056000.0
399370.SZ,2024-07-17,3432.5,3440.75,3449.64,3417.22,3441.09,-8.5903,-0.2496,76063700.0,150329000.0
399370.SZ,2024-07-18,3455.31,3410.24,3456.69,3402.59,3432.5,22.817,0.6647,69204500.0,147160000.0
399370.SZ,2024-07-19,3470.74,3429.12,3477.44,3422.44,3455.31,15.4277,0.4465,70128700.0,152660000.0
399370.SZ,2024-07-22,3446.72,3467.99,3472.49,3428.31,3470.74,-24.0258,-0.6922,68495600.0,140241000.0
399370.SZ,2024-07-23,3331.43,3443.02,3443.02,3331.43,3446.72,-115.288,-3.3449,71914700.0,138581000.0
399370.SZ,2024-07-24,3291.23,3322.42,3342.54,3281.82,3331.43,-40.1974,-1.2066,83284000.0,122759000.0
399370.SZ,2024-07-25,3275.43,3270.94,3295.09,3265.2,3291.23,-15.7963,-0.48,65730800.0,125894000.0
399370.SZ,2024-07-26,3308.75,3280.32,3322.56,3280.32,3275.43,33.3167,1.0172,60792800.0,118604000.0
399370.SZ,2024-07-29,3263.16,3303.37,3303.37,3263.16,3308.75,-45.5863,-1.3777,51721500.0,109717000.0
399370.SZ,2024-07-30,3244.35,3250.69,3252.95,3223.31,3263.16,-18.8142,-0.5766,53869400.0,113757000.0
399370.SZ,2024-07-31,3354.29,3236.34,3355.51,3235.62,3244.35,109.945,3.3888,84944900.0,165933000.0
399370.SZ,2024-08-01,3310.97,3360.64,3370.41,3302.9,3354.29,-43.3261,-1.2917,64783200.0,136933000.0
399370.SZ,2024-08-02,3267.47,3280.42,3314.23,3263.92,3310.97,-43.4942,-1.3136,59546400.0,123076000.0
399370.SZ,2024-08-05,3221.48,3239.06,3307.08,3221.48,3267.47,-45.9936,-1.4076,73893300.0,147378000.0
399370.SZ,2024-08-06,3247.0,3252.88,3272.04,3217.96,3221.48,25.5226,0.7923,65568600.0,123615000.0
399370.SZ,2024-08-07,3250.68,3242.11,3270.82,3230.74,3247.0,3.6726,0.1131,53504000.0,101548000.0
399370.SZ,2024-08-08,3250.89,3238.2,3279.57,3220.72,3250.68,0.2146,0.0066,59567600.0,106200000.0
399370.SZ,2024-08-09,3236.02,3276.11,3291.09,3236.02,3250.89,-14.8696,-0.4574,64842600.0,98988200.0
399370.SZ,2024-08-12,3230.8,3234.09,3243.52,3223.44,3236.02,-5.2223,-0.1614,50745400.0,79300800.0
399370.SZ,2024-08-13,3235.4,3232.48,3236.15,3207.16,3230.8,4.6016,0.1424,51457200.0,87440900.0
399370.SZ,2024-08-14,3193.31,3233.31,3233.35,3193.31,3235.4,-42.0935,-1.301,44428300.0,79225700.0
399370.SZ,2024-08-15,3219.89,3182.28,3244.39,3181.04,3193.31,26.584,0.8325,59358500.0,97696800.0
399370.SZ,2024-08-16,3213.34,3223.23,3235.17,3208.55,3219.89,-6.5539,-0.2035,52026100.0,91393900.0
399370.SZ,2024-08-19,3211.83,3213.71,3253.65,3210.94,3213.34,-1.506,-0.0469,52412100.0,89769200.0
399370.SZ,2024-08-20,3175.08,3215.09,3216.44,3165.37,3211.83,-36.7527,-1.1443,55041300.0,88715200.0
399370.SZ,2024-08-21,3171.6,3164.82,3189.88,3160.42,3175.08,-3.473,-0.1094,54783400.0,86848200.0
399370.SZ,2024-08-22,3144.96,3172.69,3175.81,3139.55,3171.6,-26.6423,-0.84,53867700.0,94479700.0
399370.SZ,2024-08-23,3143.86,3132.17,3153.99,3128.78,3144.96,-1.102,-0.035,45787900.0,82838300.0
399370.SZ,2024-08-26,3148.43,3150.89,3167.5,3136.78,3143.86,4.5741,0.1455,52773900.0,96883500.0
399370.SZ,2024-08-27,3126.57,3137.45,3139.77,3115.6,3148.43,-21.8604,-0.6943,54987800.0,90004700.0
399370.SZ,2024-08-28,3114.46,3117.85,3127.54,3095.79,3126.57,-12.1189,-0.3876,49851200.0,92722100.0
399370.SZ,2024-08-29,3154.46,3097.38,3165.87,3096.54,3114.46,40.0032,1.2844,65050600.0,120479000.0
399370.SZ,2024-08-30,3222.67,3154.56,3260.6,3150.54,3154.46,68.2128,2.1624,91284800.0,169971000.0
399370.SZ,2024-09-02,3142.21,3209.52,3212.28,3142.21,3222.67,-80.4651,-2.4968,71273600.0,125474000.0
399370.SZ,2024-09-03,3174.16,3137.87,3186.15,3137.87,3142.21,31.9512,1.0168,60102400.0,104366000.0
399370.SZ,2024-09-04,3157.39,3149.71,3184.55,3142.0,3174.16,-16.7707,-0.5284,60796200.0,106965000.0
399370.SZ,2024-09-05,3165.52,3157.85,3184.59,3154.89,3157.39,8.1325,0.2576,53240300.0,95449300.0
399370.SZ,2024-09-06,3121.48,3165.54,3168.11,3121.28,3165.52,-44.0348,-1.3911,47206200.0,82538200.0
399370.SZ,2024-09-09,3089.2,3102.36,3122.81,3074.81,3121.48,-32.2866,-1.0343,55356900.0,96129700.0
399370.SZ,2024-09-10,3088.3,3089.92,3102.43,3058.94,3089.2,-0.8998,-0.0291,52767800.0,94761900.0
399370.SZ,2024-09-11,3109.36,3080.32,3117.23,3073.92,3088.3,21.0596,0.6819,56487200.0,106987000.0
399370.SZ,2024-09-12,3084.47,3113.4,3137.48,3084.47,3109.36,-24.886,-0.8004,55869400.0,105912000.0
399370.SZ,2024-09-13,3046.17,3087.71,3090.82,3045.52,3084.47,-38.3,-1.2417,54861000.0,110582000.0
399370.SZ,2024-09-18,3046.71,3047.35,3058.18,3021.19,3046.17,0.5366,0.0176,50317600.0,91141600.0
399370.SZ,2024-09-19,3081.1,3055.49,3112.96,3024.35,3046.71,34.3946,1.1289,69799000.0,125761000.0
399370.SZ,2024-09-20,3076.19,3079.11,3082.54,3050.65,3081.1,-4.9087,-0.1593,58227100.0,105398000.0
399370.SZ,2024-09-23,3070.01,3077.78,3106.53,3068.49,3076.19,-6.1804,-0.2009,50966400.0,102613000.0
399370.SZ,2024-09-24,3222.15,3104.0,3222.15,3075.85,3070.01,152.137,4.9556,110644000.0,201447000.0
399370.SZ,2024-09-25,3257.81,3275.47,3333.17,3254.62,3222.15,35.6644,1.1069,125724000.0,224514000.0
399370.SZ,2024-09-26,3413.48,3254.88,3413.78,3248.03,3257.81,155.664,4.7782,124424000.0,233811000.0
399370.SZ,2024-09-27,3648.32,3494.91,3668.36,3494.91,3413.48,234.845,6.8799,155106000.0,320797000.0
399370.SZ,2024-09-30,4034.08,3823.17,4047.43,3768.74,3648.32,385.761,10.5737,259436000.0,548043000.0
399370.SZ,2024-10-08,4355.46,4541.07,4541.07,4142.3,4034.08,321.377,7.9665,314572000.0,751452000.0
399370.SZ,2024-10-09,4021.74,4237.31,4299.4,3999.41,4355.46,-333.723,-7.6622,268133000.0,713208000.0
399370.SZ,2024-10-10,4003.39,4039.74,4133.06,3928.62,4021.74,-18.3528,-0.4563,190615000.0,463639000.0
399370.SZ,2024-10-11,3848.68,3966.13,3972.31,3802.74,4003.39,-154.706,-3.8644,139890000.0,319994000.0
399370.SZ,2024-10-14,3920.06,3869.67,3940.09,3801.52,3848.68,71.3766,1.8546,144410000.0,329811000.0
399370.SZ,2024-10-15,3808.48,3900.09,3937.77,3808.48,3920.06,-111.581,-2.8464,129455000.0,297260000.0
399370.SZ,2024-10-16,3755.72,3748.27,3813.92,3735.98,3808.48,-52.7518,-1.3851,110414000.0,245190000.0
399370.SZ,2024-10-17,3716.99,3784.93,3807.49,3715.85,3755.72,-38.7338,-1.0313,110125000.0,239199000.0
399370.SZ,2024-10-18,3912.45,3711.6,4000.93,3710.19,3716.99,195.457,5.2585,178946000.0,440766000.0
399370.SZ,2024-10-21,3956.31,3949.67,4030.9,3911.29,3912.45,43.8584,1.121,173294000.0,448000000.0
399370.SZ,2024-10-22,3985.03,3942.98,3994.14,3925.45,3956.31,28.724,0.726,148152000.0,358195000.0
399370.SZ,2024-10-23,4010.77,3976.31,4064.2,3957.23,3985.03,25.7361,0.6458,170105000.0,381219000.0
399370.SZ,2024-10-24,3955.0,3984.78,3996.91,3941.74,4010.77,-55.7694,-1.3905,124334000.0,287043000.0
399370.SZ,2024-10-25,4036.42,3963.38,4086.67,3963.38,3955.0,81.4192,2.0586,160840000.0,371479000.0
399370.SZ,2024-10-28,4049.44,4034.93,4049.44,3982.59,4036.42,13.0202,0.3226,163430000.0,338303000.0
399370.SZ,2024-10-29,3983.29,4059.23,4073.58,3981.52,4049.44,-66.1462,-1.6335,154793000.0,346599000.0
399370.SZ,2024-10-30,3951.88,3954.12,3994.74,3920.79,3983.29,-31.4067,-0.7885,160781000.0,304943000.0
399370.SZ,2024-10-31,3969.19,3952.25,4004.77,3922.25,3951.88,17.3043,0.4379,203454000.0,382123000.0
399370.SZ,2024-11-01,3951.47,3957.57,4010.7,3937.5,3969.19,-17.7142,-0.4463,220514000.0,383181000.0
399370.SZ,2024-11-04,4019.9,3960.05,4019.9,3960.05,3951.47,68.4236,1.7316,167645000.0,322149000.0
399370.SZ,2024-11-05,4144.41,4011.72,4151.86,3996.91,4019.9,124.518,3.0975,227052000.0,455295000.0
399370.SZ,2024-11-06,4127.13,4149.35,4209.3,4098.9,4144.41,-17.2886,-0.4172,252241000.0,499249000.0
399370.SZ,2024-11-07,4236.34,4081.69,4238.46,4077.03,4127.13,109.217,2.6463,234394000.0,475022000.0
399370.SZ,2024-11-08,4204.26,4294.55,4307.72,4195.41,4236.34,-32.0808,-0.7573,226024000.0,505800000.0
399370.SZ,2024-11-11,4278.25,4174.13,4279.97,4168.38,4204.26,73.989,1.7599,206204000.0,471586000.0
399370.SZ,2024-11-12,4238.74,4288.31,4349.29,4205.25,4278.25,-39.5144,-0.9236,213100000.0,497290000.0
399370.SZ,2024-11-13,4252.03,4206.91,4257.99,4181.43,4238.74,13.2914,0.3136,147889000.0,357647000.0
399370.SZ,2024-11-14,4140.29,4243.48,4249.37,4134.49,4252.03,-111.736,-2.6278,141981000.0,323609000.0
399370.SZ,2024-11-15,4035.11,4119.65,4140.19,4035.11,4140.29,-105.182,-2.5404,148174000.0,323344000.0
399370.SZ,2024-11-18,3986.48,4039.44,4079.53,3964.02,4035.11,-48.6269,-1.2051,165003000.0,302818000.0
399370.SZ,2024-11-19,4061.59,4000.38,4065.14,3946.18,3986.48,75.1035,1.884,150949000.0,286751000.0
399370.SZ,2024-11-20,4075.02,4048.86,4094.36,4037.19,4061.59,13.4353,0.3308,133602000.0,266027000.0
399370.SZ,2024-11-21,4077.82,4068.89,4091.24,4048.79,4075.02,2.8006,0.0687,134862000.0,259237000.0
399370.SZ,2024-11-22,3934.7,4067.17,4077.46,3934.7,4077.82,-143.122,-3.5098,147242000.0,287067000.0
399370.SZ,2024-11-25,3921.26,3943.4,3969.09,3878.22,3934.7,-13.4433,-0.3417,124787000.0,247833000.0
399370.SZ,2024-11-26,3890.46,3910.47,3942.71,3889.47,3921.26,-30.7962,-0.7854,106682000.0,198795000.0
399370.SZ,2024-11-27,3966.13,3875.5,3967.26,3847.18,3890.46,75.6674,1.9449,122320000.0,234864000.0
399370.SZ,2024-11-28,3919.73,3961.78,3968.91,3912.72,3966.13,-46.4008,-1.1699,116321000.0,212157000.0
399370.SZ,2024-11-29,3986.56,3913.91,4036.48,3913.91,3919.73,66.8293,1.7049,118997000.0,266648000.0
399370.SZ,2024-12-02,4029.39,3979.72,4038.12,3967.53,3986.56,42.8296,1.0744,128712000.0,260965000.0
399370.SZ,2024-12-03,4017.37,4031.93,4033.72,3987.69,4029.39,-12.019,-0.2983,123290000.0,235040000.0
399370.SZ,2024-12-04,3987.01,4018.87,4025.48,3971.78,4017.37,-30.3564,-0.7556,141896000.0,245872000.0
399370.SZ,2024-12-05,3977.97,3968.33,3995.48,3961.21,3987.01,-9.0424,-0.2268,109721000.0,204675000.0
399370.SZ,2024-12-06,4032.86,3979.77,4059.59,3962.96,3977.97,54.8884,1.3798,164729000.0,265919000.0
399370.SZ,2024-12-09,4019.47,4033.89,4051.63,3999.17,4032.86,-13.3918,-0.3321,176155000.0,238157000.0
399370.SZ,2024-12-10,4049.77,4167.77,4171.81,4041.14,4019.47,30.305,0.754,206386000.0,352815000.0
399370.SZ,2024-12-11,4053.5,4041.41,4069.97,4038.25,4049.77,3.7313,0.0921,158721000.0,245288000.0
399370.SZ,2024-12-12,4094.96,4049.51,4100.25,4043.78,4053.5,41.4609,1.0228,145189000.0,257880000.0
399370.SZ,2024-12-13,3988.32,4062.78,4062.78,3986.67,4094.96,-106.645,-2.6043,167829000.0,315981000.0
399370.SZ,2024-12-16,3941.16,3983.07,3987.79,3928.68,3988.32,-47.1612,-1.1825,129486000.0,228241000.0
399370.SZ,2024-12-17,3949.65,3935.97,3987.62,3935.97,3941.16,8.4884,0.2154,115108000.0,204214000.0
399370.SZ,2024-12-18,3960.75,3959.33,3979.5,3950.09,3949.65,11.1049,0.2812,108744000.0,182169000.0
399370.SZ,2024-12-19,3962.14,3924.07,3973.01,3909.81,3960.75,1.3929,0.0352,123082000.0,204977000.0
399370.SZ,2024-12-20,3949.53,3953.39,3985.49,3942.68,3962.14,-12.6132,-0.3183,120526000.0,237503000.0
399370.SZ,2024-12-23,3932.82,3950.11,3981.54,3930.67,3949.53,-16.7059,-0.423,123928000.0,235309000.0
399370.SZ,2024-12-24,3981.81,3935.71,3983.59,3935.71,3932.82,48.988,1.2456,115469000.0,207663000.0
399370.SZ,2024-12-25,3965.34,3988.89,3989.88,3949.43,3981.81,-16.4766,-0.4138,97428100.0,186602000.0
399370.SZ,2024-12-26,3970.04,3963.44,3981.38,3952.34,3965.34,4.7083,0.1187,87874400.0,191733000.0
399370.SZ,2024-12-27,3964.2,3972.02,4005.41,3955.95,3970.04,-5.8404,-0.1471,107596000.0,231749000.0
399370.SZ,2024-12-30,3974.85,3960.25,3988.39,3960.25,3964.2,10.6461,0.2686,104265000.0,212141000.0
399370.SZ,2024-12-31,3894.96,3972.45,3977.16,3894.96,3974.85,-79.8917,-2.0099,112889000.0,222293000.0
399370.SZ,2025-01-02,3781.67,3891.18,3892.35,3753.52,3894.96,-113.283,-2.9085,124386000.0,240595000.0
399370.SZ,2025-01-03,3737.15,3786.81,3815.08,3730.61,3781.67,-44.521,-1.1773,114591000.0,202224000.0
399370.SZ,2025-01-06,3723.46,3732.03,3759.42,3701.33,3737.15,-13.6903,-0.3663,97208100.0,177710000.0
399370.SZ,2025-01-07,3757.47,3711.06,3758.81,3698.56,3723.46,34.0037,0.9132,107173000.0,186056000.0
399370.SZ,2025-01-08,3733.47,3740.39,3760.96,3666.28,3757.47,-23.9972,-0.6387,120331000.0,203978000.0
399370.SZ,2025-01-09,3735.11,3720.53,3750.94,3716.48,3733.47,1.6426,0.044,98882900.0,171920000.0
399370.SZ,2025-01-10,3691.17,3735.49,3757.35,3691.17,3735.11,-43.9407,-1.1764,108262000.0,196140000.0
399370.SZ,2025-01-13,3706.02,3662.53,3727.88,3662.19,3691.17,14.851,0.4023,98408700.0,174148000.0
399370.SZ,2025-01-14,3822.02,3714.29,3827.93,3700.73,3706.02,116.001,3.1301,119984000.0,236499000.0
399370.SZ,2025-01-15,3786.44,3810.78,3812.5,3779.08,3822.02,-35.5809,-0.9309,94395600.0,189865000.0
399370.SZ,2025-01-16,3794.66,3805.16,3851.58,3765.89,3786.44,8.221,0.2171,122508000.0,219126000.0
399370.SZ,2025-01-17,3820.35,3784.39,3843.5,3784.15,3794.66,25.6829,0.6768,94826400.0,194972000.0
399370.SZ,2025-01-20,3851.76,3846.29,3880.72,3840.04,3820.35,31.418,0.8224,100027000.0,211568000.0
399370.SZ,2025-01-21,3850.06,3871.95,3872.35,3825.66,3851.76,-1.7076,-0.0443,98952600.0,199341000.0
399370.SZ,2025-01-22,3812.75,3836.64,3841.29,3791.97,3850.06,-37.3093,-0.9691,89355400.0,193480000.0
399370.SZ,2025-01-23,3792.89,3844.01,3875.83,3792.89,3812.75,-19.8549,-0.5208,109650000.0,225521000.0
399370.SZ,2025-01-24,3828.81,3783.28,3847.18,3783.28,3792.89,35.9121,0.9468,96367800.0,203308000.0
399370.SZ,2025-01-27,3790.36,3828.89,3845.52,3790.36,3828.81,-38.4482,-1.0042,86750700.0,177875000.0
399370.SZ,2025-02-05,3791.05,3828.46,3828.56,3777.7,3790.36,0.6978,0.0184,102036000.0,230266000.0
399370.SZ,2025-02-06,3871.28,3782.07,3871.47,3779.87,3791.05,80.2297,2.1163,126369000.0,277690000.0
399370.SZ,2025-02-07,3934.15,3878.02,3964.64,3867.75,3871.28,62.8633,1.6238,156915000.0,346973000.0
399370.SZ,2025-02-10,3936.94,3939.79,3942.23,3906.43,3934.15,2.7923,0.071,133102000.0,272282000.0
399370.SZ,2025-02-11,3902.66,3942.48,3942.48,3894.38,3936.94,-34.2801,-0.8707,121531000.0,246627000.0
399370.SZ,2025-02-12,3953.77,3891.73,3955.57,3883.39,3902.66,51.1093,1.3096,118856000.0,267244000.0
399370.SZ,2025-02-13,3932.13,3947.51,3971.29,3930.88,3953.77,-21.6384,-0.5473,119284000.0,271747000.0
399370.SZ,2025-02-14,3965.34,3927.35,3970.71,3927.35,3932.13,33.2086,0.8445,113377000.0,242791000.0
399370.SZ,2025-02-17,3967.52,3978.65,3980.73,3941.33,3965.34,2.1796,0.055,130670000.0,289509000.0
399370.SZ,2025-02-18,3923.37,3968.07,3988.34,3909.45,3967.52,-44.15,-1.1128,125615000.0,273096000.0
399370.SZ,2025-02-19,3978.18,3915.42,3979.24,3915.42,3923.37,54.8107,1.397,116957000.0,266951000.0
399370.SZ,2025-02-20,3971.97,3972.26,3986.34,3950.44,3978.18,-6.2142,-0.1562,111436000.0,242730000.0
399370.SZ,2025-02-21,4035.41,3977.87,4040.67,3977.87,3971.97,63.4445,1.5973,137138000.0,340339000.0
399370.SZ,2025-02-24,4021.41,4027.66,4052.66,3995.52,4035.41,-14.0035,-0.347,136120000.0,312652000.0
399370.SZ,2025-02-25,3984.38,3977.26,4020.31,3972.92,4021.41,-37.0234,-0.9207,119234000.0,273424000.0
399370.SZ,2025-02-26,4025.94,3992.06,4026.91,3982.96,3984.38,41.5564,1.043,133889000.0,300871000.0
399370.SZ,2025-02-27,4022.08,4028.18,4042.4,3978.54,4025.94,-3.8561,-0.0958,134486000.0,314661000.0
399370.SZ,2025-02-28,3932.4,4003.71,4027.72,3924.44,4022.08,-89.6833,-2.2298,124561000.0,297676000.0
399370.SZ,2025-03-03,3949.75,3946.15,4005.5,3929.38,3932.4,17.3491,0.4412,117784000.0,269260000.0
399370.SZ,2025-03-04,3938.92,3918.33,3946.89,3898.01,3949.75,-10.8277,-0.2741,102332000.0,229202000.0
399370.SZ,2025-03-05,3936.04,3938.25,3941.8,3909.53,3938.92,-2.8864,-0.0733,99448300.0,208312000.0
399370.SZ,2025-03-06,4008.53,3962.54,4018.05,3960.28,3936.04,72.4964,1.8419,121813000.0,280882000.0
399370.SZ,2025-03-07,4000.47,3993.09,4029.57,3987.05,4008.53,-8.0644,-0.2012,126419000.0,265524000.0
399370.SZ,2025-03-10,3999.42,4004.63,4018.91,3966.98,4000.47,-1.0444,-0.0261,111520000.0,226573000.0
399370.SZ,2025-03-11,4014.47,3953.93,4014.47,3953.02,3999.42,15.0495,0.3763,113216000.0,237169000.0
399370.SZ,2025-03-12,4002.18,4025.97,4031.34,3995.27,4014.47,-12.2916,-0.3062,107409000.0,239947000.0
399370.SZ,2025-03-13,3980.93,4003.13,4017.04,3961.04,4002.18,-21.2512,-0.531,127929000.0,230812000.0
399370.SZ,2025-03-14,4084.03,3991.58,4089.59,3988.74,3980.93,103.099,2.5898,140420000.0,325801000.0
399370.SZ,2025-03-17,4070.94,4102.28,4103.89,4066.01,4084.03,-13.0895,-0.3205,107229000.0,243694000.0
399370.SZ,2025-03-18,4084.5,4089.08,4102.99,4074.6,4070.94,13.5571,0.333,100024000.0,229223000.0
399370.SZ,2025-03-19,4079.98,4075.18,4100.32,4056.41,4084.5,-4.5178,-0.1106,88775600.0,208745000.0
399370.SZ,2025-03-20,4047.52,4080.03,4081.91,4042.5,4079.98,-32.455,-0.7955,87279200.0,191686000.0
399370.SZ,2025-03-21,3970.91,4035.8,4050.95,3960.07,4047.52,-76.6086,-1.8927,103966000.0,219724000.0
399370.SZ,2025-03-24,3987.93,3973.49,3993.44,3948.67,3970.91,17.0145,0.4285,100159000.0,202049000.0
399370.SZ,2025-03-25,3980.95,3991.45,4004.15,3965.74,3987.93,-6.9744,-0.1749,89695300.0,180906000.0
399370.SZ,2025-03-26,3975.38,3979.06,4002.43,3973.91,3980.95,-5.5795,-0.1402,85393500.0,164869000.0
399370.SZ,2025-03-27,3987.18,3963.08,4016.92,3947.98,3975.38,11.8007,0.2968,84422600.0,173495000.0
399370.SZ,2025-03-28,3958.56,3984.23,3993.55,3951.95,3987.18,-28.619,-0.7178,79096500.0,158585000.0
399370.SZ,2025-03-31,3913.05,3943.04,3956.9,3893.31,3958.56,-45.5017,-1.1495,89042200.0,176272000.0
399370.SZ,2025-04-01,3919.61,3922.09,3946.62,3911.56,3913.05,6.559,0.1676,79139100.0,172790000.0
399370.SZ,2025-04-02,3906.98,3916.19,3936.05,3899.41,3919.61,-12.6292,-0.3222,62687300.0,137864000.0
399370.SZ,2025-04-03,3866.57,3861.73,3908.05,3854.84,3906.98,-40.4155,-1.0344,81469900.0,184125000.0
399370.SZ,2025-04-07,3536.42,3644.34,3680.93,3463.45,3866.57,-330.145,-8.5384,162249000.0,323029000.0
399370.SZ,2025-04-08,3569.54,3543.4,3577.78,3515.0,3536.42,33.1197,0.9365,162174000.0,303211000.0
399370.SZ,2025-04-09,3614.55,3511.75,3621.22,3474.68,3569.54,45.0027,1.2607,158747000.0,304309000.0
399370.SZ,2025-04-10,3681.28,3697.69,3716.28,3661.77,3614.55,66.7295,1.8461,136758000.0,272300000.0
399370.SZ,2025-04-14,3727.03,3746.54,3751.61,3720.9,3714.69,12.3325,0.332,103879000.0,207324000.0
399370.SZ,2025-04-15,3714.84,3726.64,3728.41,3695.92,3727.03,-12.1872,-0.327,76853200.0,158962000.0
399370.SZ,2025-04-17,3706.47,3687.94,3720.38,3685.79,3707.09,-0.6197,-0.0167,69172300.0,142321000.0
399370.SZ,2025-04-18,3694.9,3694.84,3704.07,3675.0,3706.47,-11.5699,-0.3122,57117400.0,116289000.0
399370.SZ,2025-04-21,3732.54,3693.04,3735.27,3682.76,3694.9,37.6408,1.0187,73540300.0,147472000.0
399370.SZ,2025-04-22,3724.13,3725.98,3742.44,3718.25,3732.54,-8.4149,-0.2254,86959900.0,158905000.0
399370.SZ,2025-04-23,3739.68,3750.97,3760.67,3726.72,3724.13,15.5534,0.4176,86263200.0,187134000.0
399370.SZ,2025-04-24,3723.8,3739.61,3756.61,3715.18,3739.68,-15.8768,-0.4245,76274200.0,153851000.0
399370.SZ,2025-04-25,3736.27,3731.55,3756.62,3722.35,3723.8,12.465,0.3347,89185100.0,167961000.0
399370.SZ,2025-04-28,3718.84,3736.82,3737.08,3713.16,3736.27,-17.4299,-0.4665,78064100.0,150600000.0
399370.SZ,2025-04-29,3711.41,3712.07,3729.17,3704.84,3718.84,-7.4243,-0.1996,76985300.0,146535000.0
399370.SZ,2025-04-30,3722.43,3714.88,3736.04,3710.34,3711.41,11.0206,0.2969,86435700.0,166890000.0
399370.SZ,2025-05-06,3774.91,3749.99,3775.22,3743.58,3722.43,52.4736,1.4097,104545000.0,194707000.0
399370.SZ,2025-05-07,3789.06,3829.24,3835.43,3768.18,3774.91,14.1537,0.3749,103637000.0,210719000.0
399370.SZ,2025-05-08,3813.31,3776.57,3827.8,3770.98,3789.06,24.2518,0.64,82718900.0,178307000.0
399370.SZ,2025-05-09,3788.14,3808.25,3808.25,3774.8,3813.31,-25.1759,-0.6602,72605100.0,156596000.0
399370.SZ,2025-05-12,3853.55,3819.36,3853.91,3813.47,3788.14,65.4097,1.7267,95014300.0,214261000.0
399370.SZ,2025-05-13,3847.18,3887.76,3887.76,3843.36,3853.55,-6.3667,-0.1652,95121400.0,198137000.0
399370.SZ,2025-05-14,3883.71,3844.02,3904.85,3836.73,3847.18,36.5329,0.9496,100074000.0,204426000.0
399370.SZ,2025-05-15,3835.3,3875.3,3875.3,3833.35,3883.71,-48.4142,-1.2466,86657200.0,170108000.0
399370.SZ,2025-05-19,3811.07,3819.77,3819.96,3788.38,3829.21,-18.1381,-0.4737,63428200.0,135468000.0
399370.SZ,2025-05-20,3830.78,3817.17,3842.86,3803.73,3811.07,19.7034,0.517,67665900.0,146673000.0
399370.SZ,2025-05-21,3854.72,3832.45,3866.95,3831.75,3830.78,23.9385,0.6249,78479700.0,167506000.0
399370.SZ,2025-05-22,3829.2,3849.18,3851.06,3825.98,3854.72,-25.5202,-0.6621,67763200.0,139478000.0
399370.SZ,2025-05-23,3802.38,3824.7,3856.8,3802.38,3829.2,-26.8175,-0.7003,73653500.0,161068000.0
399370.SZ,2025-05-26,3778.25,3797.32,3802.91,3763.83,3802.38,-24.1255,-0.6345,63197300.0,143744000.0
399370.SZ,2025-05-27,3746.66,3773.89,3775.71,3737.2,3778.25,-31.5942,-0.8362,60908800.0,127761000.0
399370.SZ,2025-05-28,3735.73,3749.78,3756.28,3733.21,3746.66,-10.9334,-0.2918,56348000.0,113562000.0
399370.SZ,2025-05-29,3770.9,3735.72,3780.91,3730.58,3735.73,35.1789,0.9417,66014700.0,143396000.0
399370.SZ,2025-05-30,3728.7,3758.62,3758.62,3727.27,3770.9,-42.2005,-1.1191,60942200.0,128629000.0
399370.SZ,2025-06-03,3735.24,3720.99,3745.52,3720.66,3728.7,6.5411,0.1754,70465700.0,147028000.0
399370.SZ,2025-06-04,3758.74,3740.01,3766.05,3738.95,3735.24,23.4912,0.6289,71745300.0,144825000.0
399370.SZ,2025-06-05,3775.34,3763.9,3780.92,3748.48,3758.74,16.6001,0.4416,74948200.0,157770000.0
399370.SZ,2025-06-06,3767.67,3777.99,3787.24,3762.4,3775.34,-7.6677,-0.2031,68202400.0,144888000.0
399370.SZ,2025-06-09,3776.99,3768.84,3792.88,3763.89,3767.67,9.3201,0.2474,84149200.0,187980000.0
399370.SZ,2025-06-10,3748.44,3780.44,3781.52,3730.74,3776.99,-28.5512,-0.7559,87376300.0,192887000.0
399370.SZ,2025-06-11,3782.44,3754.18,3798.46,3754.18,3748.44,34.0067,0.9072,91121800.0,183682000.0
399370.SZ,2025-06-12,3778.65,3777.46,3789.09,3762.46,3782.44,-3.7941,-0.1003,85479900.0,188315000.0
399370.SZ,2025-06-13,3744.88,3762.73,3773.54,3733.38,3778.65,-33.7717,-0.8938,105600000.0,222329000.0
399370.SZ,2025-06-16,3740.88,3730.73,3751.47,3729.55,3744.88,-4.0002,-0.1068,69617600.0,174270000.0
399370.SZ,2025-06-17,3736.52,3741.81,3748.92,3728.45,3740.88,-4.3588,-0.1165,69744000.0,155548000.0
399370.SZ,2025-06-18,3746.07,3739.85,3752.04,3726.13,3736.52,9.5519,0.2556,65773800.0,164061000.0
399370.SZ,2025-06-19,3718.74,3740.09,3756.98,3708.69,3746.07,-27.3327,-0.7296,75020800.0,179795000.0
399370.SZ,2025-06-20,3710.41,3715.3,3735.21,3707.93,3718.74,-8.3236,-0.2238,67784000.0,160846000.0
399370.SZ,2025-06-23,3713.72,3692.55,3721.83,3691.6,3710.41,3.3076,0.0891,72950700.0,171535000.0
399370.SZ,2025-06-24,3761.76,3719.2,3768.15,3719.2,3713.72,48.0333,1.2934,85137400.0,200106000.0
399370.SZ,2025-06-25,3805.13,3766.0,3808.37,3756.52,3761.76,43.371,1.1529,89371000.0,221395000.0
399370.SZ,2025-06-26,3783.05,3799.48,3816.34,3782.89,3805.13,-22.0727,-0.5801,86767000.0,215026000.0
399370.SZ,2025-06-27,3791.45,3794.37,3813.02,3787.53,3783.05,8.3934,0.2219,94183100.0,219027000.0
399370.SZ,2025-07-01,3832.58,3825.1,3834.61,3809.67,3828.26,4.3247,0.113,82660600.0,187991000.0
399370.SZ,2025-07-02,3820.33,3829.03,3830.72,3810.78,3832.58,-12.2558,-0.3198,97217900.0,194026000.0
399370.SZ,2025-07-04,3848.74,3855.94,3884.73,3836.48,3857.46,-8.7185,-0.226,86315100.0,198233000.0
399370.SZ,2025-07-07,3821.87,3842.8,3845.16,3819.19,3848.74,-26.8678,-0.6981,73040200.0,157980000.0
399370.SZ,2025-07-08,3868.67,3822.86,3871.9,3822.86,3821.87,46.798,1.2245,88402600.0,206662000.0
399370.SZ,2025-07-09,3856.3,3868.74,3888.17,3850.3,3868.67,-12.3701,-0.3198,91929000.0,208859000.0
399370.SZ,2025-07-10,3863.65,3860.76,3879.62,3844.95,3856.3,7.3507,0.1906,98181600.0,214487000.0
399370.SZ,2025-07-11,3883.55,3866.34,3915.9,3865.54,3863.65,19.9056,0.5152,115642000.0,250064000.0
399370.SZ,2025-07-14,3882.16,3889.93,3896.6,3877.07,3883.55,-1.3967,-0.036,96813400.0,210523000.0
399370.SZ,2025-07-15,3897.45,3885.17,3913.21,3869.65,3882.16,15.2936,0.3939,108891000.0,248715000.0
399370.SZ,2025-07-16,3892.57,3901.63,3919.1,3885.54,3897.45,-4.8842,-0.1253,88675400.0,224751000.0
399370.SZ,2025-07-17,3930.38,3894.13,3930.42,3894.13,3892.57,37.8153,0.9715,90329500.0,230803000.0
399370.SZ,2025-07-18,3955.34,3939.09,3962.63,3935.41,3930.38,24.9628,0.6351,95695000.0,250572000.0
399370.SZ,2025-07-21,3993.46,3966.74,3993.61,3963.1,3955.34,38.115,0.9636,126351000.0,266900000.0
399370.SZ,2025-07-22,4041.52,3993.19,4041.52,3988.24,3993.46,48.0621,1.2035,143956000.0,309727000.0
399370.SZ,2025-07-28,4063.5,4061.8,4067.66,4038.23,4065.72,-2.2125,-0.0544,111797000.0,269322000.0
399370.SZ,2025-07-29,4096.29,4060.86,4096.76,4051.45,4063.5,32.7819,0.8067,108308000.0,281714000.0
399370.SZ,2025-08-04,4002.54,3963.04,4002.54,3962.16,3977.71,24.8384,0.6244,89669300.0,229897000.0
399370.SZ,2025-08-05,4022.89,4015.08,4024.59,4003.43,4002.54,20.347,0.5084,86101400.0,216259000.0
399370.SZ,2025-08-11,4076.58,4047.81,4085.93,4045.08,4036.41,40.1696,0.9952,110064000.0,278037000.0
399370.SZ,2025-08-25,4488.56,4428.64,4502.02,4417.83,4379.88,108.684,2.4814,182796000.0,547549000.0
399370.SZ,2025-08-26,4496.77,4474.9,4527.58,4456.32,4488.56,8.2071,0.1828,164660000.0,468395000.0
399370.SZ,2025-08-27,4447.63,4504.11,4576.41,4447.63,4496.77,-49.1352,-1.0927,193354000.0,566144000.0
399370.SZ,2025-09-01,4694.46,4646.23,4695.11,4622.54,4619.3,75.164,1.6272,172478000.0,547369000.0
399370.SZ,2025-09-02,4618.82,4692.05,4723.36,4576.39,4694.46,-75.64,-1.6113,186863000.0,574034000.0
399370.SZ,2025-09-03,4618.05,4637.87,4657.54,4571.76,4618.82,-0.7718,-0.0167,153159000.0,484178000.0
399370.SZ,2025-09-15,4790.88,4783.89,4839.06,4774.11,4751.85,39.0291,0.8213,161918000.0,511012000.0
399370.SZ,2025-09-16,4801.0,4801.95,4817.25,4738.6,4790.88,10.1205,0.2112,171891000.0,487859000.0
399370.SZ,2025-09-17,4853.95,4796.18,4857.51,4780.14,4801.0,52.9525,1.1029,155306000.0,488831000.0
399370.SZ,2025-09-22,4853.14,4839.79,4853.46,4792.02,4822.5,30.6367,0.6353,139712000.0,443162000.0
399370.SZ,2025-09-29,5042.41,4954.11,5052.28,4948.02,4936.71,105.706,2.1412,151528000.0,531219000.0
399370.SZ,2025-10-13,4986.38,4837.22,4995.16,4837.22,5016.61,-30.2312,-0.6026,170524000.0,563213000.0
399370.SZ,2025-10-14,4853.75,5046.17,5050.76,4828.78,4986.38,-132.634,-2.6599,191777000.0,617746000.0
399370.SZ,2025-10-15,4938.59,4861.75,4939.61,4822.28,4853.75,84.8409,1.7479,150091000.0,477442000.0
