Instrument,Date,Close,Open,High,Low,Pre_Close,Change,Pct_Chg,Volume,AMount
399371.SZ,2010-01-04,4290.8,4356.74,4362.49,4290.26,4334.65,-43.854,-1.0117,48151200.0,55320600.0
399371.SZ,2010-01-05,4321.51,4302.36,4338.79,4241.72,4290.8,30.708,0.7157,59259600.0,71384200.0
399371.SZ,2010-01-06,4290.76,4312.4,4345.46,4288.81,4321.51,-30.75,-0.7116,59189500.0,73807400.0
399371.SZ,2010-01-07,4197.51,4288.27,4307.26,4176.78,4290.76,-93.25,-2.1733,59513700.0,71391600.0
399371.SZ,2010-01-08,4216.44,4179.08,4218.46,4148.68,4197.51,18.934,0.4511,45711600.0,54977200.0
399371.SZ,2010-01-11,4222.07,4347.26,4348.88,4200.13,4216.44,5.63,0.1335,65009600.0,76120900.0
399371.SZ,2010-01-12,4286.19,4212.8,4286.91,4166.35,4222.07,64.115,1.5186,71082100.0,81297000.0
399371.SZ,2010-01-13,4137.72,4179.98,4222.68,4130.76,4286.19,-148.465,-3.4638,82921100.0,94428100.0
399371.SZ,2010-01-14,4195.87,4150.44,4196.56,4127.33,4137.72,58.15,1.4054,62376200.0,72828300.0
399371.SZ,2010-01-15,4216.71,4197.34,4234.98,4167.93,4195.87,20.841,0.4967,55107800.0,65030300.0
399371.SZ,2010-01-18,4249.2,4204.0,4249.92,4190.41,4216.71,32.485,0.7704,61497400.0,70384500.0
399371.SZ,2010-01-19,4265.13,4255.1,4287.16,4248.89,4249.2,15.93,0.3749,63200500.0,72828700.0
399371.SZ,2010-01-20,4119.2,4271.57,4275.85,4111.28,4265.13,-145.925,-3.4214,73924100.0,82616600.0
399371.SZ,2010-01-21,4148.43,4124.44,4172.17,4094.58,4119.2,29.233,0.7097,52004800.0,59968600.0
399371.SZ,2010-01-22,4126.14,4096.75,4157.91,4016.45,4148.43,-22.292,-0.5374,67323200.0,75652400.0
399371.SZ,2010-01-25,4043.88,4077.98,4125.15,4041.17,4126.14,-82.259,-1.9936,40942800.0,43420100.0
399371.SZ,2010-01-26,3953.53,4045.0,4063.42,3927.09,4043.88,-90.353,-2.2343,44900200.0,48113100.0
399371.SZ,2010-01-27,3886.96,3954.96,3968.22,3866.99,3953.53,-66.574,-1.6839,38020900.0,40737800.0
399371.SZ,2010-01-28,3886.6,3883.38,3907.2,3847.15,3886.96,-0.355,-0.0091,34473700.0,36648100.0
399371.SZ,2010-01-29,3883.15,3866.84,3939.54,3851.36,3886.6,-3.447,-0.0887,38033200.0,41368700.0
399371.SZ,2010-02-01,3809.81,3873.8,3873.8,3767.38,3883.15,-73.347,-1.8889,40465500.0,43508700.0
399371.SZ,2010-02-02,3814.46,3830.68,3891.05,3810.19,3809.81,4.657,0.1222,35660600.0,39663000.0
399371.SZ,2010-02-03,3922.16,3830.31,3922.58,3748.89,3814.46,107.691,2.8232,47011500.0,50552400.0
399371.SZ,2010-02-04,3908.54,3892.7,3937.68,3872.33,3922.16,-13.618,-0.3472,40479000.0,44025500.0
399371.SZ,2010-02-05,3834.56,3824.96,3865.31,3804.46,3908.54,-73.973,-1.8926,41494100.0,44344700.0
399371.SZ,2010-02-08,3818.32,3831.62,3854.25,3800.96,3834.56,-16.248,-0.4237,26559700.0,28603700.0
399371.SZ,2010-02-09,3849.44,3814.91,3856.49,3810.23,3818.32,31.127,0.8152,28414000.0,28059100.0
399371.SZ,2010-02-10,3896.85,3876.57,3897.18,3863.41,3849.44,47.411,1.2316,24614700.0,26664000.0
399371.SZ,2010-02-11,3899.87,3899.46,3920.52,3887.93,3896.85,3.014,0.0773,25148300.0,25929600.0
399371.SZ,2010-02-12,3943.78,3915.84,3945.44,3912.59,3899.87,43.915,1.1261,23016300.0,24831000.0
399371.SZ,2010-02-22,3923.92,3936.32,3957.92,3921.01,3943.78,-19.861,-0.5036,27698700.0,29556500.0
399371.SZ,2010-02-23,3905.58,3918.53,3918.53,3841.21,3923.92,-18.338,-0.4673,34429000.0,36771100.0
399371.SZ,2010-02-24,3964.97,3879.95,3965.71,3864.06,3905.58,59.39,1.5206,43082900.0,44881600.0
399371.SZ,2010-02-25,4027.69,3971.37,4030.49,3969.22,3964.97,62.712,1.5816,53823500.0,58526400.0
399371.SZ,2010-02-26,4026.16,4018.75,4043.86,4003.67,4027.69,-1.528,-0.0379,42810600.0,46841700.0
399371.SZ,2010-03-01,4078.48,4029.43,4088.51,4029.43,4026.16,52.323,1.2996,46617500.0,50863600.0
399371.SZ,2010-03-02,4065.91,4083.64,4102.64,4048.89,4078.48,-12.569,-0.3082,44368300.0,49807000.0
399371.SZ,2010-03-03,4099.02,4066.37,4100.14,4045.05,4065.91,33.108,0.8143,50348400.0,53265700.0
399371.SZ,2010-03-04,3992.79,4100.89,4110.03,3983.15,4099.02,-106.232,-2.5916,55583500.0,59749300.0
399371.SZ,2010-03-05,4003.07,3996.51,4021.45,3978.93,3992.79,10.284,0.2576,38950300.0,41145600.0
399371.SZ,2010-03-08,4044.74,4014.04,4056.11,4004.93,4003.07,41.672,1.041,36760300.0,39609200.0
399371.SZ,2010-03-09,4064.65,4041.72,4084.89,4007.58,4044.74,19.908,0.4922,40751400.0,44667400.0
399371.SZ,2010-03-10,4029.9,4061.11,4085.04,4014.83,4064.65,-34.752,-0.855,38056500.0,40728600.0
399371.SZ,2010-03-11,4031.91,4032.62,4064.11,4002.64,4029.9,2.005,0.0498,38660500.0,42896300.0
399371.SZ,2010-03-12,3971.82,4031.71,4040.62,3970.75,4031.91,-60.082,-1.4902,33359600.0,35935500.0
399371.SZ,2010-03-15,3908.1,3968.28,3974.89,3893.57,3971.82,-63.718,-1.6043,29375300.0,31799400.0
399371.SZ,2010-03-16,3945.85,3906.88,3945.85,3893.42,3908.1,37.742,0.9657,26566900.0,28586600.0
399371.SZ,2010-03-17,4031.97,3953.95,4031.97,3946.14,3945.85,86.125,2.1827,39313200.0,43075000.0
399371.SZ,2010-03-18,4021.92,4037.34,4056.41,4007.24,4031.97,-10.054,-0.2494,40095100.0,44282100.0
399371.SZ,2010-03-19,4051.49,4023.96,4055.11,4000.29,4021.92,29.57,0.7352,38656100.0,43491700.0
399371.SZ,2010-03-22,4069.84,4054.85,4083.34,4049.8,4051.49,18.351,0.4529,39726600.0,44631700.0
399371.SZ,2010-03-23,4035.35,4072.93,4078.45,4032.15,4069.84,-34.486,-0.8474,40889400.0,45249400.0
399371.SZ,2010-03-24,4040.8,4043.68,4068.11,4033.45,4035.35,5.444,0.1349,42352200.0,45522000.0
399371.SZ,2010-03-25,3985.49,4032.72,4032.72,3973.1,4040.8,-55.307,-1.3687,42475600.0,46576600.0
399371.SZ,2010-03-26,4049.06,3980.77,4062.24,3974.31,3985.49,63.575,1.5952,43235400.0,47185000.0
399371.SZ,2010-03-29,4148.54,4073.46,4153.77,4069.39,4049.06,99.471,2.4566,61887600.0,70744700.0
399371.SZ,2010-03-30,4160.57,4150.18,4167.58,4134.67,4148.54,12.037,0.2902,44283700.0,52277900.0
399371.SZ,2010-03-31,4131.93,4161.04,4161.21,4121.39,4160.57,-28.647,-0.6885,44171500.0,51253300.0
399371.SZ,2010-04-01,4178.76,4135.37,4184.17,4135.37,4131.93,46.838,1.1336,52056800.0,61878500.0
399371.SZ,2010-04-02,4196.63,4188.71,4199.43,4175.37,4178.76,17.871,0.4277,54093200.0,63055000.0
399371.SZ,2010-04-06,4209.55,4215.74,4243.13,4187.38,4196.63,12.911,0.3077,50803900.0,60958600.0
399371.SZ,2010-04-07,4188.48,4207.18,4209.92,4163.97,4209.55,-21.062,-0.5003,44084400.0,52146900.0
399371.SZ,2010-04-08,4138.59,4178.78,4178.78,4122.89,4188.48,-49.892,-1.1912,47303100.0,57306200.0
399371.SZ,2010-04-09,4177.54,4138.95,4177.81,4134.15,4138.59,38.947,0.9411,43576400.0,52868100.0
399371.SZ,2010-04-12,4138.62,4189.01,4194.41,4110.3,4177.54,-38.919,-0.9316,57335900.0,68939400.0
399371.SZ,2010-04-13,4175.24,4137.38,4191.3,4086.79,4138.62,36.622,0.8849,62521000.0,75097900.0
399371.SZ,2010-04-14,4186.7,4176.54,4187.73,4157.79,4175.24,11.458,0.2744,47565900.0,56635600.0
399371.SZ,2010-04-15,4171.5,4193.35,4195.6,4133.13,4186.7,-15.205,-0.3632,47558700.0,57141000.0
399371.SZ,2010-04-16,4119.64,4162.17,4162.17,4111.72,4171.5,-51.858,-1.2432,37840500.0,44427700.0
399371.SZ,2010-04-19,3884.29,4062.33,4062.33,3882.04,4119.64,-235.342,-5.7127,65427400.0,73102200.0
399371.SZ,2010-04-20,3869.44,3885.92,3912.36,3817.28,3884.29,-14.859,-0.3825,48677000.0,54746900.0
399371.SZ,2010-04-21,3946.67,3875.68,3946.89,3851.04,3869.44,77.232,1.9959,53537400.0,63150200.0
399371.SZ,2010-04-22,3885.83,3924.99,3924.99,3851.62,3946.67,-60.834,-1.5414,56726300.0,67304300.0
399371.SZ,2010-04-23,3869.28,3880.81,3909.62,3842.29,3885.83,-16.558,-0.4261,48970800.0,61910400.0
399371.SZ,2010-04-26,3854.29,3875.75,3891.78,3847.85,3869.28,-14.99,-0.3874,39445900.0,47329800.0
399371.SZ,2010-04-27,3766.19,3841.0,3841.0,3712.03,3854.29,-88.098,-2.2857,48445600.0,53708500.0
399371.SZ,2010-04-28,3762.43,3732.5,3783.73,3713.73,3766.19,-3.754,-0.0997,35037800.0,39691100.0
399371.SZ,2010-04-29,3723.43,3784.27,3809.92,3722.91,3762.43,-39.008,-1.0368,38146500.0,44630700.0
399371.SZ,2010-04-30,3734.65,3732.89,3741.34,3670.83,3723.43,11.22,0.3013,40977400.0,44116500.0
399371.SZ,2010-05-04,3686.38,3666.46,3723.87,3649.44,3734.65,-48.263,-1.2923,28734800.0,32112100.0
399371.SZ,2010-05-05,3731.14,3649.59,3731.34,3612.21,3686.38,44.752,1.214,39000300.0,43789300.0
399371.SZ,2010-05-06,3561.27,3711.17,3711.17,3559.82,3731.14,-169.864,-4.5526,40720400.0,47424700.0
399371.SZ,2010-05-07,3487.44,3479.9,3549.36,3458.4,3561.27,-73.83,-2.0731,40090500.0,43278600.0
399371.SZ,2010-05-10,3511.96,3491.62,3529.45,3432.98,3487.44,24.516,0.703,33943000.0,37378400.0
399371.SZ,2010-05-11,3436.74,3584.82,3591.65,3423.74,3511.96,-75.222,-2.1419,40627900.0,43037500.0
399371.SZ,2010-05-12,3459.74,3409.16,3469.83,3376.85,3436.74,23.008,0.6695,35519900.0,36253000.0
399371.SZ,2010-05-13,3543.37,3454.01,3543.53,3446.55,3459.74,83.624,2.4171,38884100.0,39717400.0
399371.SZ,2010-05-14,3517.22,3516.75,3540.29,3493.01,3543.37,-26.147,-0.7379,30392500.0,31930100.0
399371.SZ,2010-05-17,3326.27,3469.12,3469.12,3322.83,3517.22,-190.953,-5.4291,34844500.0,33798100.0
399371.SZ,2010-05-18,3398.73,3323.48,3410.96,3292.69,3326.27,72.461,2.1784,34059200.0,33268600.0
399371.SZ,2010-05-19,3383.38,3372.8,3439.1,3337.94,3398.73,-15.352,-0.4517,31040000.0,31463400.0
399371.SZ,2010-05-20,3342.93,3356.34,3425.05,3335.56,3383.38,-40.451,-1.1956,28797100.0,29417600.0
399371.SZ,2010-05-21,3391.25,3256.1,3391.51,3246.59,3342.93,48.323,1.4455,35796500.0,35032600.0
399371.SZ,2010-05-24,3512.39,3412.63,3524.05,3412.63,3391.25,121.144,3.5723,49429600.0,51257600.0
399371.SZ,2010-05-25,3441.4,3486.39,3491.98,3423.2,3512.39,-70.988,-2.0211,39019800.0,39412800.0
399371.SZ,2010-05-26,3442.35,3441.2,3470.44,3422.92,3441.4,0.946,0.0275,27284300.0,27567700.0
399371.SZ,2010-05-27,3492.24,3438.53,3498.58,3393.03,3442.35,49.89,1.4493,35423900.0,36467200.0
399371.SZ,2010-05-28,3485.67,3524.7,3533.55,3465.58,3492.24,-6.575,-0.1883,38351900.0,39962200.0
399371.SZ,2010-05-31,3388.93,3464.37,3490.11,3388.24,3485.67,-96.738,-2.7753,34538600.0,35131900.0
399371.SZ,2010-06-01,3341.5,3368.93,3390.37,3302.17,3388.93,-47.422,-1.3993,34815700.0,33306600.0
399371.SZ,2010-06-02,3351.84,3320.42,3352.44,3286.42,3341.5,10.339,0.3094,30239400.0,29590600.0
399371.SZ,2010-06-03,3326.83,3366.75,3392.69,3326.44,3351.84,-25.015,-0.7463,30964400.0,31911600.0
399371.SZ,2010-06-04,3328.69,3311.69,3333.88,3295.8,3326.83,1.864,0.056,23981900.0,24188200.0
399371.SZ,2010-06-07,3257.9,3266.79,3287.02,3230.88,3328.69,-70.793,-2.1268,28849100.0,29066000.0
399371.SZ,2010-06-08,3254.48,3254.65,3282.26,3219.79,3257.9,-3.418,-0.1049,25217400.0,25481700.0
399371.SZ,2010-06-09,3370.48,3270.02,3377.47,3240.62,3254.48,116.001,3.5643,44227200.0,43582600.0
399371.SZ,2010-06-10,3329.39,3334.18,3359.4,3321.44,3370.48,-41.09,-1.2191,34173500.0,33794900.0
399371.SZ,2010-06-11,3342.16,3346.02,3370.03,3336.71,3329.39,12.763,0.3833,30893100.0,30624500.0
399371.SZ,2010-06-17,3333.71,3366.43,3375.7,3333.65,3342.16,-8.445,-0.2527,25393400.0,25113700.0
399371.SZ,2010-06-18,3281.75,3330.56,3352.79,3268.59,3333.71,-51.966,-1.5588,28869500.0,28488500.0
399371.SZ,2010-06-21,3386.43,3288.19,3390.28,3272.84,3281.75,104.68,3.1898,37560100.0,35382100.0
399371.SZ,2010-06-22,3394.61,3379.77,3409.89,3372.26,3386.43,8.189,0.2418,30185900.0,29557100.0
399371.SZ,2010-06-23,3361.96,3374.52,3393.5,3330.0,3394.61,-32.659,-0.9621,26131100.0,24896800.0
399371.SZ,2010-06-24,3364.58,3355.05,3392.85,3337.2,3361.96,2.624,0.078,21895500.0,21256200.0
399371.SZ,2010-06-25,3342.14,3348.02,3368.82,3316.9,3364.58,-22.435,-0.6668,22656500.0,21316600.0
399371.SZ,2010-06-28,3328.01,3338.5,3365.85,3315.62,3342.14,-14.135,-0.4229,21454500.0,20654800.0
399371.SZ,2010-06-29,3171.76,3330.6,3337.13,3171.76,3328.01,-156.245,-4.6948,33536400.0,29975200.0
399371.SZ,2010-06-30,3131.62,3149.07,3152.99,3114.31,3171.76,-40.139,-1.2655,24535200.0,20841400.0
399371.SZ,2010-07-01,3097.79,3128.92,3149.84,3095.68,3131.62,-33.839,-1.0806,20688900.0,18782100.0
399371.SZ,2010-07-02,3113.01,3097.71,3121.41,3024.72,3097.79,15.22,0.4913,26850400.0,23928600.0
399371.SZ,2010-07-05,3095.0,3080.65,3113.73,3048.76,3113.01,-18.008,-0.5785,20748800.0,18209900.0
399371.SZ,2010-07-06,3162.24,3089.16,3162.24,3085.65,3095.0,67.237,2.1724,27822800.0,24425900.0
399371.SZ,2010-07-07,3182.87,3157.55,3182.87,3141.02,3162.24,20.633,0.6525,23219500.0,21231400.0
399371.SZ,2010-07-08,3182.37,3199.69,3213.98,3165.58,3182.87,-0.498,-0.0156,24009400.0,22048300.0
399371.SZ,2010-07-09,3270.9,3185.99,3288.69,3159.18,3182.37,88.525,2.7817,39156000.0,36815400.0
399371.SZ,2010-07-12,3309.32,3270.67,3327.57,3255.91,3270.9,38.422,1.1747,39260300.0,38577200.0
399371.SZ,2010-07-13,3258.78,3278.58,3278.58,3235.37,3309.32,-50.54,-1.5272,28702300.0,27064200.0
399371.SZ,2010-07-14,3288.05,3267.52,3322.76,3266.86,3258.78,29.27,0.8982,31222000.0,30162300.0
399371.SZ,2010-07-15,3222.38,3283.66,3317.32,3222.02,3288.05,-65.665,-1.9971,27131600.0,24905900.0
399371.SZ,2010-07-16,3231.05,3208.93,3238.91,3180.27,3222.38,8.672,0.2691,22661200.0,20525900.0
399371.SZ,2010-07-19,3312.31,3202.42,3322.28,3193.3,3231.05,81.259,2.5149,34365200.0,34201000.0
399371.SZ,2010-07-20,3379.64,3318.83,3387.48,3318.83,3312.31,67.327,2.0326,47824800.0,47817900.0
399371.SZ,2010-07-21,3386.56,3382.26,3407.92,3368.07,3379.64,6.924,0.2049,45780000.0,43355600.0
399371.SZ,2010-07-22,3427.13,3375.56,3428.09,3371.15,3386.56,40.566,1.1979,38837400.0,37336600.0
399371.SZ,2010-07-23,3441.35,3431.9,3458.43,3411.84,3427.13,14.225,0.4151,42935400.0,41642600.0
399371.SZ,2010-07-26,3460.01,3446.46,3460.01,3415.38,3441.35,18.651,0.542,36003500.0,35294500.0
399371.SZ,2010-07-27,3438.47,3449.42,3458.09,3422.71,3460.01,-21.536,-0.6224,33808700.0,33991800.0
399371.SZ,2010-07-28,3522.11,3440.71,3522.92,3423.07,3438.47,83.643,2.4326,51139100.0,49498700.0
399371.SZ,2010-07-29,3545.79,3526.06,3555.99,3513.41,3522.11,23.674,0.6722,55640900.0,54712100.0
399371.SZ,2010-07-30,3530.91,3535.44,3540.32,3501.12,3545.79,-14.882,-0.4197,36656500.0,36522700.0
399371.SZ,2010-08-02,3595.75,3528.58,3597.69,3527.85,3530.91,64.844,1.8365,45842600.0,45657300.0
399371.SZ,2010-08-03,3528.82,3604.83,3607.81,3528.49,3595.75,-66.929,-1.8613,49631200.0,49906600.0
399371.SZ,2010-08-04,3540.12,3519.69,3541.06,3469.08,3528.82,11.3,0.3202,44796000.0,45248000.0
399371.SZ,2010-08-05,3508.04,3539.59,3539.59,3486.96,3540.12,-32.077,-0.9061,45053300.0,45785600.0
399371.SZ,2010-08-06,3562.77,3503.63,3563.67,3469.65,3508.04,54.725,1.56,46977500.0,48353200.0
399371.SZ,2010-08-09,3583.54,3556.58,3592.49,3547.55,3562.77,20.769,0.5829,46260800.0,48262400.0
399371.SZ,2010-08-10,3473.57,3584.97,3595.6,3472.94,3583.54,-109.971,-3.0688,51860400.0,52007400.0
399371.SZ,2010-08-11,3493.94,3462.71,3509.38,3462.71,3473.57,20.372,0.5865,34204700.0,35150700.0
399371.SZ,2010-08-12,3446.89,3460.67,3498.95,3440.08,3493.94,-47.044,-1.3464,37315500.0,37906800.0
399371.SZ,2010-08-13,3488.85,3448.42,3489.68,3420.45,3446.89,41.953,1.2171,34934700.0,35762100.0
399371.SZ,2010-08-16,3570.51,3481.57,3576.07,3473.48,3488.85,81.666,2.3408,51632400.0,53002000.0
399371.SZ,2010-08-17,3591.65,3572.42,3599.79,3560.7,3570.51,21.136,0.592,48854900.0,50028100.0
399371.SZ,2010-08-18,3585.51,3596.6,3621.14,3572.28,3591.65,-6.136,-0.1708,46994200.0,49473500.0
399371.SZ,2010-08-19,3611.12,3589.25,3633.19,3575.54,3585.51,25.604,0.7141,50131600.0,54171700.0
399371.SZ,2010-08-20,3551.21,3597.4,3614.5,3545.02,3611.12,-59.912,-1.6591,48027400.0,50548700.0
399371.SZ,2010-08-23,3560.41,3549.55,3585.96,3547.51,3551.21,9.205,0.2592,37440600.0,38944800.0
399371.SZ,2010-08-24,3575.22,3556.42,3602.46,3522.07,3560.41,14.811,0.416,44452900.0,42884500.0
399371.SZ,2010-08-25,3487.57,3552.56,3565.13,3486.45,3575.22,-87.653,-2.4517,45425200.0,43205000.0
399371.SZ,2010-08-26,3496.4,3499.32,3519.78,3478.0,3487.57,8.833,0.2533,34122200.0,33267600.0
399371.SZ,2010-08-27,3508.06,3494.28,3510.96,3477.34,3496.4,11.664,0.3336,29751000.0,30228200.0
399371.SZ,2010-08-30,3568.46,3525.03,3575.93,3523.29,3508.06,60.395,1.7216,44635500.0,47892700.0
399371.SZ,2010-08-31,3551.83,3556.67,3564.84,3536.19,3568.46,-16.627,-0.4659,44423500.0,49484200.0
399371.SZ,2010-09-01,3535.01,3558.02,3592.49,3506.59,3551.83,-16.824,-0.4737,52779500.0,57124900.0
399371.SZ,2010-09-02,3580.24,3575.75,3587.06,3555.11,3535.01,45.228,1.2794,51959400.0,58423400.0
399371.SZ,2010-09-03,3572.37,3583.86,3584.85,3537.72,3580.24,-7.87,-0.2198,49457000.0,54774400.0
399371.SZ,2010-09-06,3630.16,3589.19,3635.04,3586.55,3572.37,57.788,1.6176,63353900.0,65528100.0
399371.SZ,2010-09-07,3638.18,3635.56,3651.04,3610.52,3630.16,8.027,0.2211,52250400.0,52877000.0
399371.SZ,2010-09-08,3618.95,3619.09,3620.93,3593.18,3638.18,-19.231,-0.5286,48257800.0,52119400.0
399371.SZ,2010-09-09,3549.75,3624.37,3624.37,3542.98,3618.95,-69.197,-1.9121,55168000.0,60934300.0
399371.SZ,2010-09-10,3557.38,3553.0,3570.26,3504.81,3549.75,7.621,0.2147,44223700.0,50237400.0
399371.SZ,2010-09-13,3585.1,3559.56,3599.97,3546.7,3557.38,27.73,0.7795,47059400.0,53864700.0
399371.SZ,2010-09-14,3588.23,3595.14,3613.1,3574.98,3585.1,3.126,0.0872,45949100.0,52019900.0
399371.SZ,2010-09-15,3527.88,3587.46,3587.46,3519.25,3588.23,-60.352,-1.6819,45239900.0,48602200.0
399371.SZ,2010-09-16,3454.06,3524.35,3533.05,3425.21,3527.88,-73.823,-2.0926,48422200.0,51740200.0
399371.SZ,2010-09-17,3447.19,3462.47,3472.84,3438.63,3454.06,-6.863,-0.1987,32962400.0,35514700.0
399371.SZ,2010-09-20,3429.43,3450.31,3458.72,3408.38,3447.19,-17.766,-0.5154,28988100.0,30398200.0
399371.SZ,2010-09-21,3438.81,3440.68,3450.69,3420.75,3429.43,9.383,0.2736,22200900.0,23867800.0
399371.SZ,2010-09-27,3478.45,3451.02,3479.18,3442.32,3438.81,39.637,1.1526,29222500.0,31130600.0
399371.SZ,2010-09-28,3436.75,3473.71,3473.85,3432.17,3478.45,-41.695,-1.1987,33642700.0,36709500.0
399371.SZ,2010-09-29,3425.5,3428.81,3462.34,3417.34,3436.75,-11.257,-0.3275,33961700.0,37306500.0
399371.SZ,2010-09-30,3489.99,3408.49,3490.84,3407.34,3425.5,64.495,1.8828,32691900.0,37051000.0
399371.SZ,2010-10-08,3601.46,3522.85,3613.0,3514.86,3489.99,111.471,3.194,55117300.0,64610400.0
399371.SZ,2010-10-11,3699.95,3621.61,3718.42,3621.61,3601.46,98.492,2.7348,85568900.0,99319600.0
399371.SZ,2010-10-12,3734.75,3689.28,3735.33,3672.73,3699.95,34.798,0.9405,73046900.0,88113700.0
399371.SZ,2010-10-13,3802.08,3739.41,3802.08,3735.51,3734.75,67.333,1.8029,82565900.0,100562000.0
399371.SZ,2010-10-14,3783.51,3823.07,3874.77,3777.6,3802.08,-18.573,-0.4885,96615600.0,113721000.0
399371.SZ,2010-10-15,3907.16,3764.16,3907.16,3756.76,3783.51,123.645,3.268,104397000.0,119037000.0
399371.SZ,2010-10-18,3907.2,3933.83,3987.73,3877.22,3907.16,0.04,0.001,117842000.0,131805000.0
399371.SZ,2010-10-19,3976.56,3900.93,3976.56,3872.67,3907.2,69.363,1.7753,72611800.0,83995900.0
399371.SZ,2010-10-20,3997.82,3912.93,4044.06,3911.17,3976.56,21.261,0.5347,91534700.0,115576000.0
399371.SZ,2010-10-21,3960.3,4002.16,4016.05,3930.71,3997.82,-37.517,-0.9384,72051600.0,93558600.0
399371.SZ,2010-10-22,3957.25,3953.69,3983.82,3922.26,3960.3,-3.058,-0.0772,62296100.0,82658200.0
399371.SZ,2010-10-25,4051.44,3965.12,4052.08,3938.45,3957.25,94.197,2.3804,77794800.0,101912000.0
399371.SZ,2010-10-26,4040.13,4064.97,4080.37,4008.65,4051.44,-11.31,-0.2792,81496300.0,102781000.0
399371.SZ,2010-10-27,3986.67,4030.84,4080.88,3978.68,4040.13,-53.466,-1.3234,72860400.0,92701500.0
399371.SZ,2010-10-28,3991.69,3976.32,4011.08,3953.37,3986.67,5.023,0.126,58228600.0,74722000.0
399371.SZ,2010-10-29,3962.2,3996.21,3998.44,3931.92,3991.69,-29.493,-0.7389,59376100.0,76512400.0
399371.SZ,2010-11-01,4059.47,3972.65,4059.47,3972.65,3962.2,97.27,2.455,74629600.0,99514500.0
399371.SZ,2010-11-02,4035.7,4067.63,4100.47,4021.48,4059.47,-23.762,-0.5853,89699300.0,119555000.0
399371.SZ,2010-11-03,4013.82,4034.53,4067.51,3996.46,4035.7,-21.886,-0.5423,74865400.0,94685800.0
399371.SZ,2010-11-04,4078.29,4019.44,4078.9,4013.85,4013.82,64.475,1.6063,68516200.0,87166400.0
399371.SZ,2010-11-05,4118.88,4125.12,4141.76,4088.03,4078.29,40.591,0.9953,82442700.0,103370000.0
399371.SZ,2010-11-08,4175.51,4136.49,4176.02,4125.19,4118.88,56.628,1.3748,85289200.0,103772000.0
399371.SZ,2010-11-09,4137.74,4175.88,4175.88,4106.58,4175.51,-37.77,-0.9046,77066000.0,97886100.0
399371.SZ,2010-11-10,4087.65,4116.79,4116.79,4063.09,4137.74,-50.09,-1.2106,74066900.0,97174700.0
399371.SZ,2010-11-11,4107.52,4080.79,4159.06,4078.53,4087.65,19.871,0.4861,88172900.0,116813000.0
399371.SZ,2010-11-12,3865.99,4079.23,4089.37,3858.67,4107.52,-241.537,-5.8804,102935000.0,125433000.0
399371.SZ,2010-11-15,3914.69,3873.73,3915.65,3818.21,3865.99,48.705,1.2598,69943200.0,80905800.0
399371.SZ,2010-11-16,3757.57,3908.65,3908.65,3743.9,3914.69,-157.125,-4.0137,69653500.0,87895800.0
399371.SZ,2010-11-17,3681.91,3708.71,3755.36,3665.14,3757.57,-75.653,-2.0134,51998100.0,64848600.0
399371.SZ,2010-11-18,3726.17,3711.83,3735.46,3669.78,3681.91,44.253,1.2019,40724100.0,51861600.0
399371.SZ,2010-11-19,3760.25,3745.78,3760.25,3651.13,3726.17,34.08,0.9146,51772700.0,65274600.0
399371.SZ,2010-11-22,3741.12,3723.21,3776.37,3712.9,3760.25,-19.125,-0.5086,51914100.0,66079100.0
399371.SZ,2010-11-23,3681.76,3726.57,3726.57,3626.83,3741.12,-59.358,-1.5866,48795200.0,61184500.0
399371.SZ,2010-11-24,3751.75,3651.11,3751.82,3651.11,3681.76,69.985,1.9009,52333300.0,64398300.0
399371.SZ,2010-11-25,3799.08,3771.31,3805.38,3743.33,3751.75,47.329,1.2615,54364700.0,66813200.0
399371.SZ,2010-11-26,3764.15,3792.4,3798.48,3736.76,3799.08,-34.927,-0.9194,43685000.0,57456200.0
399371.SZ,2010-11-29,3760.44,3751.98,3777.38,3726.16,3764.15,-3.711,-0.0986,38605000.0,51725800.0
399371.SZ,2010-11-30,3692.93,3757.47,3778.92,3612.44,3760.44,-67.512,-1.7953,52351900.0,66279300.0
399371.SZ,2010-12-01,3699.23,3679.84,3714.61,3665.07,3692.93,6.298,0.1705,31014600.0,39692100.0
399371.SZ,2010-12-02,3724.83,3750.92,3762.24,3723.39,3699.23,25.603,0.6921,41357100.0,53181700.0
399371.SZ,2010-12-03,3717.63,3728.35,3736.22,3693.97,3724.83,-7.202,-0.1934,31351800.0,40426400.0
399371.SZ,2010-12-06,3722.18,3725.45,3747.01,3694.54,3717.63,4.558,0.1226,33665400.0,43285500.0
399371.SZ,2010-12-07,3746.66,3704.95,3758.28,3657.64,3722.18,24.475,0.6575,33011200.0,42168800.0
399371.SZ,2010-12-08,3710.15,3738.56,3754.61,3704.65,3746.66,-36.505,-0.9743,31832600.0,41547600.0
399371.SZ,2010-12-09,3646.23,3691.65,3707.34,3645.04,3710.15,-63.927,-1.723,36056500.0,42608600.0
399371.SZ,2010-12-10,3687.06,3631.12,3698.56,3625.81,3646.23,40.838,1.12,29811400.0,37171500.0
399371.SZ,2010-12-13,3795.1,3700.19,3795.28,3696.62,3687.06,108.034,2.9301,51683900.0,63280400.0
399371.SZ,2010-12-14,3803.82,3806.23,3814.48,3784.5,3795.1,8.725,0.2299,49627000.0,60702200.0
399371.SZ,2010-12-15,3785.91,3806.36,3825.86,3778.55,3803.82,-17.916,-0.471,45738300.0,59561400.0
399371.SZ,2010-12-16,3766.94,3781.91,3794.48,3758.67,3785.91,-18.967,-0.501,32232000.0,41351200.0
399371.SZ,2010-12-17,3762.64,3764.9,3769.53,3744.26,3766.94,-4.304,-0.1143,28367900.0,36307300.0
399371.SZ,2010-12-20,3709.26,3774.31,3784.91,3649.79,3762.64,-53.377,-1.4186,43132600.0,54607400.0
399371.SZ,2010-12-21,3787.07,3713.73,3789.18,3697.22,3709.26,77.808,2.0977,42762000.0,55406100.0
399371.SZ,2010-12-22,3745.76,3789.28,3793.23,3732.18,3787.07,-41.31,-1.0908,40357200.0,50979900.0
399371.SZ,2010-12-23,3722.62,3740.68,3780.49,3715.45,3745.76,-23.139,-0.6177,36423800.0,45710300.0
399371.SZ,2010-12-24,3705.66,3701.58,3724.73,3671.81,3722.62,-16.957,-0.4555,32233100.0,39126400.0
399371.SZ,2010-12-27,3628.24,3722.55,3759.22,3622.47,3705.66,-77.42,-2.0892,40756300.0,52593400.0
399371.SZ,2010-12-28,3563.64,3610.6,3622.25,3561.53,3628.24,-64.6,-1.7805,31757600.0,37805300.0
399371.SZ,2010-12-29,3581.17,3566.74,3581.93,3539.08,3563.64,17.527,0.4918,24856200.0,31055900.0
399371.SZ,2010-12-30,3578.65,3578.81,3595.26,3537.78,3581.17,-2.515,-0.0702,29659600.0,33953300.0
399371.SZ,2010-12-31,3637.09,3583.3,3637.72,3581.65,3578.65,58.436,1.6329,32082000.0,41207600.0
399371.SZ,2011-01-04,3698.92,3661.53,3703.6,3637.1,3637.09,61.827,1.6999,45571400.0,56241800.0
399371.SZ,2011-01-05,3694.9,3679.97,3709.54,3669.47,3698.92,-4.014,-0.1085,39826400.0,48786100.0
399371.SZ,2011-01-06,3679.23,3693.75,3714.99,3670.57,3694.9,-15.673,-0.4242,32958200.0,40943800.0
399371.SZ,2011-01-07,3715.56,3675.33,3762.18,3662.72,3679.23,36.335,0.9876,50698600.0,61412700.0
399371.SZ,2011-01-10,3645.67,3706.38,3733.2,3642.36,3715.56,-69.891,-1.881,39387700.0,45225500.0
399371.SZ,2011-01-11,3676.02,3631.7,3680.47,3626.26,3645.67,30.348,0.8324,33904600.0,38116500.0
399371.SZ,2011-01-12,3705.45,3684.83,3713.92,3653.08,3676.02,29.428,0.8005,36556100.0,39633900.0
399371.SZ,2011-01-13,3700.11,3716.13,3717.87,3684.99,3705.45,-5.339,-0.1441,33890300.0,35853700.0
399371.SZ,2011-01-14,3642.59,3689.38,3689.38,3636.56,3700.11,-57.522,-1.5546,31989300.0,35720700.0
399371.SZ,2011-01-17,3514.26,3617.78,3627.82,3505.62,3642.59,-128.326,-3.5229,38412500.0,40835700.0
399371.SZ,2011-01-18,3521.3,3507.55,3530.65,3493.46,3514.26,7.033,0.2001,24656500.0,25662600.0
399371.SZ,2011-01-19,3583.81,3523.02,3584.53,3512.24,3521.3,62.512,1.7753,29586700.0,32420500.0
399371.SZ,2011-01-20,3478.06,3575.76,3575.76,3477.06,3583.81,-105.747,-2.9507,31675800.0,33716400.0
399371.SZ,2011-01-21,3534.44,3471.5,3581.19,3471.5,3478.06,56.38,1.621,37324600.0,38474800.0
399371.SZ,2011-01-24,3506.23,3535.76,3556.06,3500.05,3534.44,-28.21,-0.7981,35035100.0,35575800.0
399371.SZ,2011-01-25,3500.1,3503.91,3522.36,3477.83,3506.23,-6.126,-0.1747,27965700.0,28372000.0
399371.SZ,2011-01-26,3538.7,3502.41,3543.64,3502.41,3500.1,38.591,1.1026,23461000.0,25550300.0
399371.SZ,2011-01-27,3583.2,3512.02,3588.56,3494.17,3538.7,44.507,1.2577,40198100.0,43663400.0
399371.SZ,2011-01-28,3586.88,3575.04,3597.25,3560.25,3583.2,3.678,0.1026,32429000.0,36457600.0
399371.SZ,2011-01-31,3621.9,3583.99,3622.53,3576.69,3586.88,35.019,0.9763,34356800.0,37050700.0
399371.SZ,2011-02-01,3625.1,3626.19,3632.13,3610.15,3621.9,3.2,0.0884,26492800.0,30707300.0
399371.SZ,2011-02-09,3586.55,3600.81,3633.54,3578.82,3625.1,-38.552,-1.0635,30449000.0,34927200.0
399371.SZ,2011-02-10,3661.52,3581.2,3661.89,3575.64,3586.55,74.969,2.0903,35966400.0,41983100.0
399371.SZ,2011-02-11,3681.39,3657.46,3692.45,3649.47,3661.52,19.877,0.5429,42845500.0,49612300.0
399371.SZ,2011-02-14,3800.68,3684.39,3809.64,3684.39,3681.39,119.284,3.2402,69474900.0,78384800.0
399371.SZ,2011-02-15,3788.79,3803.08,3836.1,3787.13,3800.68,-11.892,-0.3129,65496500.0,75574100.0
399371.SZ,2011-02-16,3824.75,3780.27,3825.07,3769.8,3788.79,35.963,0.9492,55573400.0,64884800.0
399371.SZ,2011-02-17,3828.36,3831.56,3848.09,3795.11,3824.75,3.616,0.0945,54181400.0,65214300.0
399371.SZ,2011-02-18,3797.73,3822.02,3825.73,3784.11,3828.36,-30.639,-0.8003,45310200.0,52850500.0
399371.SZ,2011-02-21,3846.86,3774.84,3847.19,3772.5,3797.73,49.135,1.2938,50932500.0,59249600.0
399371.SZ,2011-02-22,3735.58,3854.51,3855.16,3733.97,3846.86,-111.284,-2.8929,63138800.0,75092000.0
399371.SZ,2011-02-23,3745.93,3724.09,3756.0,3717.74,3735.58,10.348,0.277,43022000.0,49493400.0
399371.SZ,2011-02-24,3772.94,3740.77,3777.81,3731.57,3745.93,27.016,0.7212,45010900.0,52307800.0
399371.SZ,2011-02-25,3781.52,3770.74,3797.31,3736.45,3772.94,8.578,0.2274,40659900.0,46173100.0
399371.SZ,2011-02-28,3830.9,3785.88,3834.13,3764.53,3781.52,49.383,1.3059,49176500.0,57539900.0
399371.SZ,2011-03-01,3852.13,3833.04,3876.36,3829.52,3830.9,21.224,0.554,56583500.0,67745900.0
399371.SZ,2011-03-02,3856.84,3828.83,3871.09,3811.17,3852.13,4.717,0.1225,55051900.0,63704500.0
399371.SZ,2011-03-03,3852.37,3862.06,3909.15,3851.26,3856.84,-4.472,-0.1159,68421900.0,76613400.0
399371.SZ,2011-03-04,3907.39,3854.48,3912.06,3844.92,3852.37,55.016,1.4281,56784500.0,63726600.0
399371.SZ,2011-03-07,3979.13,3923.75,3980.7,3923.75,3907.39,71.743,1.8361,75768700.0,94625800.0
399371.SZ,2011-03-08,3985.37,3980.27,3993.91,3955.72,3979.13,6.243,0.1569,57450100.0,72714800.0
399371.SZ,2011-03-09,3988.75,3993.2,4010.48,3972.37,3985.37,3.372,0.0846,53219300.0,64817500.0
399371.SZ,2011-03-10,3915.78,3978.72,3978.72,3913.89,3988.75,-72.96,-1.8291,55789900.0,68613600.0
399371.SZ,2011-03-11,3882.11,3896.64,3933.57,3874.88,3915.78,-33.678,-0.8601,48220100.0,59753800.0
399371.SZ,2011-03-14,3906.74,3876.68,3907.13,3868.26,3882.11,24.629,0.6344,47547900.0,60078200.0
399371.SZ,2011-03-15,3847.88,3890.91,3890.91,3783.42,3906.74,-58.861,-1.5067,62686000.0,73493900.0
399371.SZ,2011-03-16,3894.64,3847.37,3899.92,3847.37,3847.88,46.766,1.2154,52915600.0,62247600.0
399371.SZ,2011-03-17,3831.35,3858.2,3885.29,3816.91,3894.64,-63.292,-1.6251,49854400.0,59343800.0
399371.SZ,2011-03-18,3849.79,3865.16,3878.28,3843.39,3831.35,18.441,0.4813,38143400.0,46205500.0
399371.SZ,2011-03-21,3839.58,3854.74,3871.69,3825.24,3849.79,-10.212,-0.2653,38257900.0,45876600.0
399371.SZ,2011-03-22,3866.25,3852.1,3871.62,3805.29,3839.58,26.675,0.6947,38294200.0,46392400.0
399371.SZ,2011-03-23,3909.44,3862.26,3911.76,3856.07,3866.25,43.182,1.1169,44029100.0,51975100.0
399371.SZ,2011-03-24,3904.2,3912.6,3917.31,3897.13,3909.44,-5.237,-0.134,42819400.0,51098400.0
399371.SZ,2011-03-25,3958.23,3908.96,3967.7,3907.62,3904.2,54.033,1.384,58607300.0,69240500.0
399371.SZ,2011-03-28,3965.45,3972.62,3999.64,3961.44,3958.23,7.219,0.1824,64229300.0,75660800.0
399371.SZ,2011-03-29,3944.29,3963.7,4002.17,3942.2,3965.45,-21.163,-0.5337,72212800.0,80556300.0
399371.SZ,2011-03-30,3931.34,3941.51,3962.71,3903.42,3944.29,-12.944,-0.3282,54471400.0,59691000.0
399371.SZ,2011-03-31,3886.63,3930.8,3942.86,3872.82,3931.34,-44.716,-1.1374,41914200.0,47097400.0
399371.SZ,2011-04-01,3960.91,3886.55,3961.19,3886.55,3886.63,74.278,1.9111,41666300.0,49335200.0
399371.SZ,2011-04-06,4014.26,3956.37,4025.15,3956.17,3960.91,53.36,1.3472,64010700.0,76585500.0
399371.SZ,2011-04-07,4025.98,4015.41,4036.7,4001.39,4014.26,11.718,0.2919,52725500.0,60458300.0
399371.SZ,2011-04-08,4060.23,4023.55,4061.69,4014.85,4025.98,34.251,0.8507,50238900.0,57791300.0
399371.SZ,2011-04-11,4035.09,4067.99,4093.9,4032.33,4060.23,-25.141,-0.6192,71094300.0,79201400.0
399371.SZ,2011-04-12,4035.62,4023.38,4061.81,4012.69,4035.09,0.532,0.0132,72492900.0,69926800.0
399371.SZ,2011-04-13,4093.37,4017.7,4093.37,4002.29,4035.62,57.745,1.4309,61295600.0,64744200.0
399371.SZ,2011-04-14,4080.69,4098.34,4111.48,4072.65,4093.37,-12.683,-0.3098,61927700.0,67002200.0
399371.SZ,2011-04-15,4094.5,4067.41,4109.0,4043.67,4080.69,13.818,0.3386,58991200.0,64164700.0
399371.SZ,2011-04-18,4098.37,4077.55,4111.27,4071.0,4094.5,3.865,0.0944,60916200.0,68347100.0
399371.SZ,2011-04-19,4021.66,4068.85,4073.69,4019.92,4098.37,-76.711,-1.8717,62513600.0,66648000.0
399371.SZ,2011-04-20,4018.22,4028.23,4043.57,4001.05,4021.66,-3.439,-0.0855,50720500.0,56446400.0
399371.SZ,2011-04-21,4051.88,4039.09,4070.63,4028.31,4018.22,33.663,0.8378,55346800.0,60268500.0
399371.SZ,2011-04-22,4027.83,4050.21,4059.73,4017.96,4051.88,-24.054,-0.5936,52347400.0,55320100.0
399371.SZ,2011-04-25,3973.27,4017.98,4017.98,3969.88,4027.83,-54.56,-1.3546,50944500.0,54264800.0
399371.SZ,2011-04-26,3943.18,3964.15,3981.19,3923.88,3973.27,-30.092,-0.7574,44654200.0,48088200.0
399371.SZ,2011-04-27,3923.76,3955.74,3977.86,3897.47,3943.18,-19.416,-0.4924,46409200.0,48855000.0
399371.SZ,2011-04-28,3877.2,3942.45,3970.11,3874.69,3923.76,-46.56,-1.1866,47531400.0,50439600.0
399371.SZ,2011-04-29,3902.88,3876.55,3905.53,3841.19,3877.2,25.678,0.6623,37765200.0,40394600.0
399371.SZ,2011-05-03,3932.52,3901.36,3933.67,3878.96,3902.88,29.646,0.7596,41712400.0,42231900.0
399371.SZ,2011-05-04,3832.64,3912.88,3912.88,3821.33,3932.52,-99.883,-2.5399,50178200.0,52466300.0
399371.SZ,2011-05-05,3833.87,3813.04,3846.29,3804.72,3832.64,1.225,0.032,41972600.0,41188600.0
399371.SZ,2011-05-06,3820.26,3796.57,3846.76,3786.39,3833.87,-13.604,-0.3548,39181400.0,41562200.0
399371.SZ,2011-05-09,3829.56,3826.4,3851.89,3813.83,3820.26,9.298,0.2434,33830400.0,36842900.0
399371.SZ,2011-05-10,3863.57,3835.77,3864.03,3820.05,3829.56,34.009,0.8881,34335800.0,36346500.0
399371.SZ,2011-05-11,3848.41,3859.21,3872.25,3826.85,3863.57,-15.161,-0.3924,39034200.0,40730300.0
399371.SZ,2011-05-12,3803.31,3822.29,3848.66,3802.36,3848.41,-45.1,-1.1719,42065800.0,42939600.0
399371.SZ,2011-05-13,3834.37,3806.19,3835.0,3776.17,3803.31,31.065,0.8168,41015300.0,43180500.0
399371.SZ,2011-05-16,3801.77,3823.58,3845.59,3800.16,3834.37,-32.602,-0.8503,37740400.0,38581600.0
399371.SZ,2011-05-17,3811.18,3796.88,3837.98,3768.66,3801.77,9.408,0.2475,41047800.0,44757900.0
399371.SZ,2011-05-18,3843.25,3802.66,3850.26,3799.92,3811.18,32.072,0.8415,32739600.0,34743600.0
399371.SZ,2011-05-19,3821.76,3853.94,3862.02,3819.94,3843.25,-21.495,-0.5593,32485400.0,35196000.0
399371.SZ,2011-05-20,3822.47,3817.86,3837.05,3811.08,3821.76,0.708,0.0185,29288400.0,31701900.0
399371.SZ,2011-05-23,3697.3,3814.28,3814.28,3693.58,3822.47,-125.162,-3.2744,41429000.0,41696800.0
399371.SZ,2011-05-24,3695.0,3687.4,3700.63,3670.1,3697.3,-2.304,-0.0623,28201500.0,29153700.0
399371.SZ,2011-05-25,3646.29,3691.55,3700.42,3643.71,3695.0,-48.711,-1.3183,28251500.0,28972200.0
399371.SZ,2011-05-26,3633.07,3667.12,3676.54,3631.24,3646.29,-13.219,-0.3625,26140000.0,27595700.0
399371.SZ,2011-05-27,3606.84,3633.89,3649.75,3604.71,3633.07,-26.225,-0.7218,31756700.0,31663700.0
399371.SZ,2011-05-30,3591.64,3595.93,3623.29,3579.3,3606.84,-15.207,-0.4216,24951700.0,23760900.0
399371.SZ,2011-05-31,3652.72,3596.65,3653.02,3587.99,3591.64,61.085,1.7008,26705900.0,27555500.0
399371.SZ,2011-06-01,3650.54,3645.48,3654.41,3632.03,3652.72,-2.183,-0.0598,26536300.0,27765300.0
399371.SZ,2011-06-02,3576.31,3611.46,3621.77,3537.15,3650.54,-74.227,-2.0333,36183800.0,35806500.0
399371.SZ,2011-06-03,3611.3,3572.93,3617.28,3572.54,3576.31,34.986,0.9783,25541800.0,27078200.0
399371.SZ,2011-06-07,3628.58,3598.41,3630.27,3592.4,3611.3,17.285,0.4786,23676800.0,24874500.0
399371.SZ,2011-06-08,3624.53,3625.44,3626.81,3574.09,3628.58,-4.05,-0.1116,27753100.0,28407400.0
399371.SZ,2011-06-09,3557.18,3616.74,3619.8,3557.14,3624.53,-67.351,-1.8582,27784400.0,28607600.0
399371.SZ,2011-06-10,3570.69,3556.46,3572.71,3528.06,3557.18,13.512,0.3799,26394200.0,26448400.0
399371.SZ,2011-06-13,3562.82,3548.69,3568.94,3524.69,3570.69,-7.869,-0.2204,21455800.0,21039000.0
399371.SZ,2011-06-14,3614.83,3559.4,3623.43,3554.94,3562.82,52.001,1.4595,32740100.0,33829500.0
399371.SZ,2011-06-15,3582.14,3606.61,3621.24,3582.11,3614.83,-32.685,-0.9042,27465600.0,28198800.0
399371.SZ,2011-06-16,3525.29,3558.39,3563.25,3523.74,3582.14,-56.852,-1.5871,25175900.0,25048200.0
399371.SZ,2011-06-17,3500.75,3525.0,3545.63,3499.82,3525.29,-24.534,-0.6959,22549000.0,22688900.0
399371.SZ,2011-06-20,3487.96,3497.41,3507.72,3471.04,3500.75,-12.798,-0.3656,22962800.0,22740400.0
399371.SZ,2011-06-21,3535.25,3497.69,3535.79,3496.66,3487.96,47.292,1.3559,25877900.0,27454000.0
399371.SZ,2011-06-22,3532.5,3542.28,3548.26,3516.79,3535.25,-2.744,-0.0776,22981700.0,23426900.0
399371.SZ,2011-06-23,3594.75,3523.93,3604.52,3510.2,3532.5,62.246,1.7621,30579200.0,31835400.0
399371.SZ,2011-06-24,3689.84,3583.45,3712.54,3581.49,3594.75,95.085,2.6451,52872500.0,57939400.0
399371.SZ,2011-06-27,3698.4,3687.22,3718.82,3676.9,3689.84,8.564,0.2321,40635700.0,44004000.0
399371.SZ,2011-06-28,3696.36,3701.66,3702.03,3659.4,3698.4,-2.041,-0.0552,32349800.0,35761800.0
399371.SZ,2011-06-29,3643.06,3693.91,3696.67,3642.5,3696.36,-53.303,-1.442,37716800.0,39445900.0
399371.SZ,2011-06-30,3691.84,3645.99,3711.01,3645.99,3643.06,48.78,1.339,38335400.0,40887700.0
399371.SZ,2011-07-01,3695.88,3701.95,3723.13,3679.72,3691.84,4.046,0.1096,42590000.0,44856100.0
399371.SZ,2011-07-04,3781.34,3714.27,3781.45,3714.27,3695.88,85.455,2.3122,57469800.0,60073100.0
399371.SZ,2011-07-05,3783.25,3781.18,3792.04,3762.75,3781.34,1.916,0.0507,47926600.0,50839300.0
399371.SZ,2011-07-06,3764.55,3776.48,3776.48,3727.4,3783.25,-18.707,-0.4945,44847500.0,48073200.0
399371.SZ,2011-07-07,3746.49,3781.38,3796.95,3745.16,3764.55,-18.061,-0.4798,51025800.0,54876700.0
399371.SZ,2011-07-08,3761.83,3748.89,3777.91,3739.69,3746.49,15.347,0.4096,38466900.0,40217700.0
399371.SZ,2011-07-11,3765.28,3749.13,3773.71,3735.36,3761.83,3.446,0.0916,37499600.0,39962500.0
399371.SZ,2011-07-12,3700.22,3737.18,3737.18,3696.83,3765.28,-65.06,-1.7279,43067200.0,45584800.0
399371.SZ,2011-07-13,3756.22,3704.29,3760.28,3704.29,3700.22,55.998,1.5134,39502100.0,43128100.0
399371.SZ,2011-07-14,3768.13,3760.29,3768.76,3737.3,3756.22,11.915,0.3172,43809500.0,47314500.0
399371.SZ,2011-07-15,3777.91,3753.27,3778.4,3738.08,3768.13,9.774,0.2594,47567500.0,50495300.0
399371.SZ,2011-07-18,3762.31,3778.02,3779.43,3749.2,3777.91,-15.593,-0.4127,44043800.0,47151700.0
399371.SZ,2011-07-19,3724.36,3744.0,3744.0,3718.21,3762.31,-37.955,-1.0088,38297800.0,40950200.0
399371.SZ,2011-07-20,3721.31,3744.75,3751.19,3700.13,3724.36,-3.047,-0.0818,33152900.0,34921900.0
399371.SZ,2011-07-21,3680.85,3723.53,3729.59,3678.69,3721.31,-40.462,-1.0873,34650700.0,35854900.0
399371.SZ,2011-07-22,3689.38,3689.73,3704.64,3679.99,3680.85,8.53,0.2317,29730600.0,31655800.0
399371.SZ,2011-07-25,3567.41,3669.78,3669.85,3558.47,3689.38,-121.967,-3.3059,46188000.0,44831500.0
399371.SZ,2011-07-26,3576.78,3565.38,3584.24,3557.19,3567.41,9.369,0.2626,28639100.0,27405200.0
399371.SZ,2011-07-27,3598.79,3561.43,3599.51,3550.08,3576.78,22.006,0.6152,33938800.0,34087500.0
399371.SZ,2011-07-28,3563.48,3567.95,3574.1,3539.86,3598.79,-35.302,-0.9809,33592800.0,33846900.0
399371.SZ,2011-07-29,3576.37,3566.18,3604.6,3536.96,3563.48,12.888,0.3617,36543800.0,34428800.0
399371.SZ,2011-08-01,3580.18,3569.66,3596.01,3555.87,3576.37,3.809,0.1065,26759200.0,26306300.0
399371.SZ,2011-08-02,3553.36,3560.47,3560.47,3514.44,3580.18,-26.816,-0.749,29365100.0,28570800.0
399371.SZ,2011-08-03,3549.94,3522.99,3567.44,3517.11,3553.36,-3.425,-0.0964,27005000.0,27041600.0
399371.SZ,2011-08-04,3554.6,3559.19,3580.48,3546.06,3549.94,4.658,0.1312,24387400.0,25577200.0
399371.SZ,2011-08-05,3471.82,3466.07,3494.46,3450.85,3554.6,-82.775,-2.3287,35090200.0,33633000.0
399371.SZ,2011-08-08,3333.66,3436.66,3457.27,3293.99,3471.82,-138.16,-3.9795,47736600.0,42445000.0
399371.SZ,2011-08-09,3340.0,3252.42,3354.21,3223.58,3333.66,6.332,0.1899,45786600.0,39167100.0
399371.SZ,2011-08-10,3368.86,3396.83,3414.71,3363.99,3340.0,28.867,0.8643,40195800.0,36401800.0
399371.SZ,2011-08-11,3420.44,3311.88,3420.68,3311.17,3368.86,51.573,1.5309,38244800.0,34865800.0
399371.SZ,2011-08-12,3432.16,3437.92,3452.84,3422.81,3420.44,11.727,0.3429,36737300.0,33437400.0
399371.SZ,2011-08-15,3493.96,3439.87,3494.08,3424.32,3432.16,61.795,1.8005,37184200.0,34032600.0
399371.SZ,2011-08-16,3472.86,3494.68,3515.28,3463.03,3493.96,-21.101,-0.6039,34111800.0,31498000.0
399371.SZ,2011-08-17,3463.36,3470.16,3488.03,3457.67,3472.86,-9.494,-0.2734,27906300.0,25772600.0
399371.SZ,2011-08-18,3400.53,3465.04,3467.33,3398.21,3463.36,-62.836,-1.8143,27781500.0,27023700.0
399371.SZ,2011-08-19,3367.4,3343.08,3371.84,3338.84,3400.53,-33.124,-0.9741,28923100.0,27047000.0
399371.SZ,2011-08-22,3345.3,3369.55,3398.35,3335.11,3367.4,-22.101,-0.6563,23151000.0,21758900.0
399371.SZ,2011-08-23,3409.11,3358.47,3409.11,3346.09,3345.3,63.808,1.9074,23522300.0,21357400.0
399371.SZ,2011-08-24,3390.92,3423.18,3436.16,3384.87,3409.11,-18.186,-0.5335,25227300.0,24613500.0
399371.SZ,2011-08-25,3515.83,3405.74,3515.83,3401.94,3390.92,124.911,3.6837,52327500.0,47199300.0
399371.SZ,2011-08-26,3512.82,3495.58,3516.69,3485.11,3515.83,-3.009,-0.0856,34192300.0,31794900.0
399371.SZ,2011-08-29,3442.89,3480.37,3480.37,3438.77,3512.82,-69.939,-1.991,33890000.0,32770200.0
399371.SZ,2011-08-30,3432.91,3465.91,3502.35,3429.63,3442.89,-9.98,-0.2899,32147100.0,30651700.0
399371.SZ,2011-08-31,3439.62,3432.85,3449.88,3409.41,3432.91,6.713,0.1955,24163300.0,23014300.0
399371.SZ,2011-09-01,3431.99,3444.43,3469.53,3420.0,3439.62,-7.634,-0.2219,23527100.0,22137100.0
399371.SZ,2011-09-02,3394.21,3426.15,3433.16,3377.76,3431.99,-37.773,-1.1006,20974600.0,19285200.0
399371.SZ,2011-09-05,3329.46,3364.41,3364.41,3326.64,3394.21,-64.751,-1.9077,24639200.0,22642900.0
399371.SZ,2011-09-06,3309.75,3307.64,3331.61,3293.85,3329.46,-19.713,-0.5921,21600800.0,20062400.0
399371.SZ,2011-09-07,3382.81,3325.76,3383.7,3321.69,3309.75,73.067,2.2076,26005000.0,24510400.0
399371.SZ,2011-09-08,3356.76,3393.87,3394.38,3355.87,3382.81,-26.058,-0.7703,23225900.0,22701100.0
399371.SZ,2011-09-09,3354.31,3367.93,3402.46,3341.1,3356.76,-2.443,-0.0728,22035300.0,20908700.0
399371.SZ,2011-09-13,3327.54,3310.16,3332.34,3297.05,3354.31,-26.775,-0.7982,21715600.0,20217700.0
399371.SZ,2011-09-14,3348.33,3336.67,3349.1,3284.18,3327.54,20.791,0.6248,23332900.0,21025300.0
399371.SZ,2011-09-15,3340.42,3349.36,3372.4,3340.42,3348.33,-7.906,-0.2361,24683700.0,22112500.0
399371.SZ,2011-09-16,3345.71,3357.61,3372.07,3338.46,3340.42,5.287,0.1583,21479900.0,19760600.0
399371.SZ,2011-09-19,3278.7,3324.78,3324.78,3277.5,3345.71,-67.015,-2.003,21622900.0,19063400.0
399371.SZ,2011-09-20,3297.62,3276.14,3311.23,3264.73,3278.7,18.92,0.5771,19731000.0,18770500.0
399371.SZ,2011-09-21,3387.39,3298.3,3395.33,3280.73,3297.62,89.77,2.7223,38392900.0,36143000.0
399371.SZ,2011-09-22,3286.81,3357.28,3368.85,3285.33,3387.39,-100.575,-2.9691,32522600.0,29656700.0
399371.SZ,2011-09-23,3272.56,3240.95,3284.47,3227.18,3286.81,-14.254,-0.4337,29173500.0,25668100.0
399371.SZ,2011-09-26,3207.31,3249.72,3282.68,3197.64,3272.56,-65.247,-1.9938,25794300.0,23189000.0
399371.SZ,2011-09-27,3241.44,3234.13,3257.08,3213.25,3207.31,34.13,1.0641,24368500.0,22326300.0
399371.SZ,2011-09-28,3202.53,3260.73,3266.77,3194.19,3241.44,-38.912,-1.2005,23066400.0,21392100.0
399371.SZ,2011-09-29,3175.85,3185.44,3206.82,3163.73,3202.53,-26.673,-0.8329,25047400.0,21464700.0
399371.SZ,2011-09-30,3168.64,3181.06,3201.36,3158.33,3175.85,-7.216,-0.2272,21357200.0,18174600.0
399371.SZ,2011-10-10,3139.0,3173.81,3181.58,3133.65,3168.64,-29.642,-0.9355,18034500.0,14750000.0
399371.SZ,2011-10-11,3146.99,3224.81,3237.58,3118.02,3139.0,7.992,0.2546,29442700.0,26083000.0
399371.SZ,2011-10-12,3262.08,3130.88,3264.99,3115.57,3146.99,115.093,3.6572,42500400.0,36269800.0
399371.SZ,2011-10-13,3280.37,3251.75,3288.29,3244.11,3262.08,18.29,0.5607,38132800.0,31797400.0
399371.SZ,2011-10-14,3274.56,3270.86,3281.44,3242.41,3280.37,-5.814,-0.1772,24734600.0,21423200.0
399371.SZ,2011-10-17,3287.67,3277.92,3311.88,3270.33,3274.56,13.116,0.4005,24612500.0,22191600.0
399371.SZ,2011-10-18,3200.87,3265.18,3268.64,3196.36,3287.67,-86.801,-2.6402,26304500.0,22673600.0
399371.SZ,2011-10-19,3195.58,3208.44,3230.83,3189.37,3200.87,-5.293,-0.1654,20754200.0,18239400.0
399371.SZ,2011-10-20,3130.2,3179.41,3182.68,3107.06,3195.58,-65.384,-2.0461,26687300.0,21970400.0
399371.SZ,2011-10-21,3124.26,3132.53,3157.81,3122.37,3130.2,-5.931,-0.1895,20476000.0,17132900.0
399371.SZ,2011-10-24,3209.26,3132.8,3212.97,3122.82,3124.26,84.995,2.7205,31449600.0,26390800.0
399371.SZ,2011-10-25,3257.64,3203.17,3266.57,3186.15,3209.26,48.38,1.5075,37965400.0,31746700.0
399371.SZ,2011-10-26,3278.34,3239.97,3310.1,3236.81,3257.64,20.696,0.6353,43917300.0,37311500.0
399371.SZ,2011-10-27,3296.06,3288.18,3314.04,3282.61,3278.34,17.723,0.5406,34345400.0,27177900.0
399371.SZ,2011-10-28,3354.99,3337.78,3378.34,3328.23,3296.06,58.927,1.7878,49781900.0,41736600.0
399371.SZ,2011-10-31,3337.84,3347.71,3352.26,3320.98,3354.99,-17.15,-0.5112,35154100.0,29806600.0
399371.SZ,2011-11-01,3341.12,3312.07,3373.81,3306.4,3337.84,3.284,0.0984,37828500.0,32350100.0
399371.SZ,2011-11-02,3395.8,3294.53,3397.28,3291.55,3341.12,54.679,1.6365,42279700.0,35522600.0
399371.SZ,2011-11-03,3388.53,3404.46,3427.29,3388.1,3395.8,-7.264,-0.2139,54256500.0,48178700.0
399371.SZ,2011-11-04,3409.94,3416.58,3423.24,3389.48,3388.53,21.408,0.6318,38039400.0,32713700.0
399371.SZ,2011-11-07,3372.99,3395.33,3411.76,3368.89,3409.94,-36.955,-1.0837,30738800.0,27578300.0
399371.SZ,2011-11-08,3366.1,3379.09,3393.92,3361.61,3372.99,-6.89,-0.2043,32000600.0,27531000.0
399371.SZ,2011-11-09,3391.79,3377.2,3396.36,3343.99,3366.1,25.696,0.7634,30108200.0,25963200.0
399371.SZ,2011-11-10,3329.76,3356.41,3368.48,3328.13,3391.79,-62.036,-1.829,34701900.0,28964700.0
399371.SZ,2011-11-11,3323.97,3334.97,3347.14,3313.33,3329.76,-5.786,-0.1738,25495000.0,21272600.0
399371.SZ,2011-11-14,3391.23,3351.31,3392.11,3349.04,3323.97,67.257,2.0234,33635600.0,30354800.0
399371.SZ,2011-11-15,3383.68,3386.72,3392.5,3369.35,3391.23,-7.548,-0.2226,30219800.0,27151900.0
399371.SZ,2011-11-16,3293.1,3382.33,3383.27,3278.87,3383.68,-90.584,-2.6771,37421500.0,32540300.0
399371.SZ,2011-11-17,3282.56,3294.53,3312.18,3281.22,3293.1,-10.538,-0.32,25500900.0,21376100.0
399371.SZ,2011-11-18,3223.31,3262.88,3266.89,3215.95,3282.56,-59.247,-1.8049,29194000.0,24375400.0
399371.SZ,2011-11-21,3222.59,3225.28,3229.41,3194.1,3223.31,-0.721,-0.0224,20063800.0,17448900.0
399371.SZ,2011-11-22,3223.95,3202.29,3225.15,3189.67,3222.59,1.355,0.042,20130400.0,16590000.0
399371.SZ,2011-11-23,3190.36,3227.92,3230.84,3185.27,3223.95,-33.589,-1.0419,21308800.0,17996700.0
399371.SZ,2011-11-24,3195.71,3167.99,3213.29,3159.15,3190.36,5.354,0.1678,21488100.0,17793200.0
399371.SZ,2011-11-25,3169.1,3190.03,3200.44,3160.29,3195.71,-26.614,-0.8328,17797500.0,14761500.0
399371.SZ,2011-11-28,3171.09,3178.89,3191.69,3159.4,3169.1,1.998,0.063,18276200.0,16037000.0
399371.SZ,2011-11-29,3213.65,3195.15,3215.11,3178.93,3171.09,42.554,1.3419,21247200.0,19007000.0
399371.SZ,2011-11-30,3107.6,3202.67,3205.34,3093.16,3213.65,-106.044,-3.2998,30469800.0,24281000.0
399371.SZ,2011-12-01,3186.54,3200.32,3243.58,3178.82,3107.6,78.938,2.5402,46182800.0,38898000.0
399371.SZ,2011-12-02,3155.54,3172.31,3176.47,3134.33,3186.54,-31.003,-0.9729,24351400.0,20211500.0
399371.SZ,2011-12-05,3121.43,3157.17,3157.22,3117.14,3155.54,-34.109,-1.0809,23178300.0,18486000.0
399371.SZ,2011-12-06,3119.7,3114.78,3130.62,3102.88,3121.43,-1.736,-0.0556,18067800.0,14558200.0
399371.SZ,2011-12-07,3135.58,3121.14,3143.81,3110.9,3119.7,15.888,0.5093,16964200.0,14068100.0
399371.SZ,2011-12-08,3133.58,3133.31,3156.46,3099.16,3135.58,-2.005,-0.0639,19258500.0,15761200.0
399371.SZ,2011-12-09,3115.08,3113.74,3137.73,3107.76,3133.58,-18.495,-0.5902,16342800.0,13038300.0
399371.SZ,2011-12-12,3089.45,3109.44,3113.93,3086.95,3115.08,-25.636,-0.823,16101500.0,12487400.0
399371.SZ,2011-12-13,3024.64,3078.65,3084.85,3022.37,3089.45,-64.803,-2.0976,24177400.0,18637000.0
399371.SZ,2011-12-14,3002.33,3018.32,3040.82,2996.35,3024.64,-22.316,-0.7378,17195200.0,12994800.0
399371.SZ,2011-12-15,2945.94,2988.33,2997.84,2945.36,3002.33,-56.388,-1.8781,23847100.0,17563000.0
399371.SZ,2011-12-16,3008.37,2944.7,3009.55,2938.04,2945.94,62.427,2.1191,23494000.0,18126600.0
399371.SZ,2011-12-19,3006.65,2985.14,3008.81,2933.29,3008.37,-1.714,-0.057,24401000.0,17904800.0
399371.SZ,2011-12-20,3002.44,2997.6,3045.49,2993.23,3006.65,-4.211,-0.1401,22547200.0,17297600.0
399371.SZ,2011-12-21,2966.15,3026.99,3036.82,2964.86,3002.44,-36.295,-1.2088,20288500.0,15400500.0
399371.SZ,2011-12-22,2963.41,2953.37,2981.67,2912.36,2966.15,-2.737,-0.0923,24403200.0,17290700.0
399371.SZ,2011-12-23,2986.3,2959.21,3011.66,2950.56,2963.41,22.889,0.7724,22669200.0,17009500.0
399371.SZ,2011-12-26,2967.35,2971.99,3001.19,2961.98,2986.3,-18.953,-0.6347,18736300.0,13513500.0
399371.SZ,2011-12-27,2935.3,2964.29,2980.3,2933.56,2967.35,-32.046,-1.08,18112100.0,13102800.0
399371.SZ,2011-12-28,2931.76,2925.68,2933.85,2886.58,2935.3,-3.54,-0.1206,20605500.0,15150900.0
399371.SZ,2011-12-29,2936.41,2919.77,2948.82,2915.36,2931.76,4.652,0.1587,18904700.0,13901400.0
399371.SZ,2011-12-30,2977.61,2944.16,2979.27,2944.16,2936.41,41.2,1.4031,23389800.0,17421600.0
399371.SZ,2012-01-04,2933.26,2995.46,3003.13,2933.16,2977.61,-44.35,-1.4894,22602800.0,16454700.0
399371.SZ,2012-01-05,2921.21,2926.5,2973.04,2917.37,2933.26,-12.05,-0.4108,30293200.0,21946000.0
399371.SZ,2012-01-06,2939.36,2917.16,2939.44,2900.68,2921.21,18.146,0.6212,23671400.0,16693400.0
399371.SZ,2012-01-09,3031.38,2939.85,3031.93,2922.26,2939.36,92.018,3.1305,37384700.0,27461900.0
399371.SZ,2012-01-10,3108.52,3029.1,3112.73,3024.16,3031.38,77.148,2.545,50562100.0,36907600.0
399371.SZ,2012-01-11,3088.52,3105.49,3112.79,3075.96,3108.52,-20.0,-0.6434,34528400.0,26567600.0
399371.SZ,2012-01-12,3094.4,3081.74,3128.5,3077.75,3088.52,5.876,0.1903,31188800.0,23711000.0
399371.SZ,2012-01-13,3046.33,3097.44,3103.95,3027.68,3094.4,-48.068,-1.5534,29989800.0,22451900.0
399371.SZ,2012-01-16,3010.32,3029.72,3052.86,3009.97,3046.33,-36.016,-1.1823,19960900.0,15464900.0
399371.SZ,2012-01-17,3130.47,3011.34,3130.47,2989.93,3010.32,120.152,3.9913,40219200.0,29992200.0
399371.SZ,2012-01-18,3087.73,3127.01,3146.53,3079.62,3130.47,-42.738,-1.3652,35867800.0,27708800.0
399371.SZ,2012-01-19,3142.65,3091.49,3152.9,3086.71,3087.73,54.917,1.7786,33094900.0,25319800.0
399371.SZ,2012-01-20,3191.07,3154.2,3197.24,3143.25,3142.65,48.421,1.5408,35178800.0,28201500.0
399371.SZ,2012-01-30,3128.81,3193.12,3193.12,3128.81,3191.07,-62.259,-1.951,28319100.0,21927500.0
399371.SZ,2012-01-31,3128.74,3129.62,3142.61,3109.04,3128.81,-0.073,-0.0023,20222700.0,15850100.0
399371.SZ,2012-02-01,3089.92,3121.34,3144.84,3084.02,3128.74,-38.814,-1.2406,21472600.0,16892400.0
399371.SZ,2012-02-02,3163.13,3098.22,3163.13,3090.2,3089.92,73.205,2.3692,28274400.0,22771500.0
399371.SZ,2012-02-03,3188.93,3153.37,3199.35,3147.76,3163.13,25.807,0.8159,36170600.0,28503300.0
399371.SZ,2012-02-06,3183.86,3193.21,3203.83,3164.71,3188.93,-5.073,-0.1591,33364800.0,26095000.0
399371.SZ,2012-02-07,3125.45,3166.42,3166.58,3110.03,3183.86,-58.41,-1.8346,28016900.0,21179300.0
399371.SZ,2012-02-08,3204.8,3123.53,3208.55,3118.34,3125.45,79.354,2.539,35977100.0,28305900.0
399371.SZ,2012-02-09,3206.18,3201.12,3224.48,3186.42,3204.8,1.37,0.0427,41755400.0,31664600.0
399371.SZ,2012-02-10,3210.01,3196.61,3243.4,3194.79,3206.18,3.831,0.1195,44594300.0,32346600.0
399371.SZ,2012-02-13,3197.67,3176.28,3221.43,3165.11,3210.01,-12.336,-0.3843,36698500.0,28358900.0
399371.SZ,2012-02-14,3187.79,3193.2,3196.51,3167.4,3197.67,-9.881,-0.309,31416500.0,25395600.0
399371.SZ,2012-02-15,3214.8,3178.99,3229.41,3171.65,3187.79,27.014,0.8474,39640800.0,31271400.0
399371.SZ,2012-02-16,3206.4,3211.66,3228.5,3184.36,3214.8,-8.4,-0.2613,38529000.0,29542000.0
399371.SZ,2012-02-17,3207.1,3222.05,3229.41,3190.14,3206.4,0.697,0.0217,27807100.0,21968400.0
399371.SZ,2012-02-20,3211.74,3249.77,3250.72,3210.43,3207.1,4.638,0.1446,36477800.0,29838100.0
399371.SZ,2012-02-21,3233.02,3215.98,3233.43,3188.16,3211.74,21.279,0.6625,30573800.0,24304700.0
399371.SZ,2012-02-22,3274.13,3233.45,3274.13,3228.45,3233.02,41.117,1.2718,53272900.0,42812500.0
399371.SZ,2012-02-23,3279.07,3270.61,3288.11,3261.66,3274.13,4.939,0.1508,48094200.0,36955800.0
399371.SZ,2012-02-24,3330.49,3280.68,3330.49,3271.8,3279.07,51.42,1.5681,64312200.0,49463500.0
399371.SZ,2012-02-27,3339.57,3343.85,3381.53,3339.57,3330.49,9.082,0.2727,75533800.0,59768000.0
399371.SZ,2012-02-28,3356.07,3335.03,3365.06,3328.09,3339.57,16.494,0.4939,55874200.0,43839200.0
399371.SZ,2012-02-29,3313.89,3346.93,3350.25,3310.98,3356.07,-42.178,-1.2568,40415900.0,31477700.0
399371.SZ,2012-03-01,3321.33,3303.39,3336.46,3303.15,3313.89,7.443,0.2246,30196400.0,24890700.0
399371.SZ,2012-03-02,3381.89,3325.47,3381.94,3325.47,3321.33,60.56,1.8234,49191100.0,40079200.0
399371.SZ,2012-03-05,3358.32,3390.27,3400.95,3356.28,3381.89,-23.572,-0.697,51812500.0,42937300.0
399371.SZ,2012-03-06,3313.39,3351.88,3352.01,3303.06,3358.32,-44.93,-1.3379,47745700.0,40814700.0
399371.SZ,2012-03-07,3292.53,3285.79,3323.07,3282.45,3313.39,-20.865,-0.6297,40090900.0,34293500.0
399371.SZ,2012-03-08,3328.48,3303.56,3338.86,3303.56,3292.53,35.951,1.0919,40885000.0,34574700.0
399371.SZ,2012-03-09,3350.41,3335.9,3350.83,3316.44,3328.48,21.928,0.6588,39772500.0,34979300.0
399371.SZ,2012-03-12,3326.03,3345.8,3347.57,3305.63,3350.41,-24.374,-0.7275,42905700.0,37329800.0
399371.SZ,2012-03-13,3355.52,3324.22,3355.76,3321.04,3326.03,29.487,0.8866,39719500.0,34383600.0
399371.SZ,2012-03-14,3263.19,3370.61,3386.58,3254.49,3355.52,-92.326,-2.7515,73935700.0,61016400.0
399371.SZ,2012-03-15,3234.62,3262.87,3277.23,3227.63,3263.19,-28.568,-0.8755,48002700.0,38916800.0
399371.SZ,2012-03-16,3275.43,3239.57,3276.39,3227.87,3234.62,40.8,1.2614,39865200.0,33502600.0
399371.SZ,2012-03-19,3275.8,3267.96,3278.45,3242.24,3275.43,0.378,0.0115,37811300.0,31581500.0
399371.SZ,2012-03-20,3223.93,3268.88,3268.88,3222.63,3275.8,-51.873,-1.5835,38885700.0,32012900.0
399371.SZ,2012-03-21,3223.21,3239.85,3246.23,3200.15,3223.93,-0.72,-0.0223,34760100.0,28992100.0
399371.SZ,2012-03-22,3231.25,3223.82,3248.22,3210.27,3223.21,8.035,0.2493,30980000.0,25596500.0
399371.SZ,2012-03-23,3195.26,3222.43,3225.19,3186.28,3231.25,-35.988,-1.1138,29509500.0,23700600.0
399371.SZ,2012-03-26,3196.67,3194.12,3205.24,3182.64,3195.26,1.417,0.0443,20959500.0,17227300.0
399371.SZ,2012-03-27,3194.34,3209.06,3214.63,3188.25,3196.67,-2.336,-0.0731,23061100.0,18978300.0
399371.SZ,2012-03-28,3111.33,3186.85,3188.23,3106.45,3194.34,-83.005,-2.5985,34629300.0,26884200.0
399371.SZ,2012-03-29,3082.24,3101.4,3117.1,3067.63,3111.33,-29.092,-0.935,31011600.0,23648500.0
399371.SZ,2012-03-30,3112.73,3088.36,3112.92,3088.36,3082.24,30.488,0.9892,26670600.0,20452800.0
399371.SZ,2012-04-05,3162.67,3104.96,3167.84,3092.99,3112.73,49.941,1.6044,36939800.0,29221100.0
399371.SZ,2012-04-06,3169.93,3156.94,3171.93,3147.31,3162.67,7.257,0.2295,30204300.0,24246000.0
399371.SZ,2012-04-09,3136.55,3158.97,3166.12,3135.93,3169.93,-33.378,-1.053,24163500.0,18400700.0
399371.SZ,2012-04-10,3169.0,3130.5,3169.07,3100.56,3136.55,32.455,1.0347,27116600.0,21329300.0
399371.SZ,2012-04-11,3173.71,3142.04,3194.4,3136.27,3169.0,4.71,0.1486,31968300.0,24872300.0
399371.SZ,2012-04-12,3238.25,3175.52,3238.25,3168.75,3173.71,64.541,2.0336,42623900.0,34355500.0
399371.SZ,2012-04-13,3247.28,3242.01,3262.58,3232.38,3238.25,9.026,0.2787,42744000.0,34567600.0
399371.SZ,2012-04-16,3246.62,3227.62,3259.2,3223.48,3247.28,-0.658,-0.0203,34243900.0,26846000.0
399371.SZ,2012-04-17,3202.92,3244.39,3253.25,3201.56,3246.62,-43.7,-1.346,35501900.0,26346900.0
399371.SZ,2012-04-18,3273.02,3211.84,3275.27,3206.24,3202.92,70.094,2.1884,44474000.0,34545400.0
399371.SZ,2012-04-19,3269.42,3270.4,3279.68,3257.86,3273.02,-3.6,-0.11,36911400.0,31021600.0
399371.SZ,2012-04-20,3313.47,3264.42,3313.47,3262.3,3269.42,44.049,1.3473,48123300.0,38700800.0
399371.SZ,2012-04-23,3291.22,3309.88,3319.45,3282.61,3313.47,-22.242,-0.6713,48981200.0,39916300.0
399371.SZ,2012-04-24,3302.63,3279.01,3344.98,3245.96,3291.22,11.41,0.3467,62156400.0,50593400.0
399371.SZ,2012-04-25,3327.89,3291.36,3334.74,3285.98,3302.63,25.251,0.7646,57388700.0,43412700.0
399371.SZ,2012-04-26,3322.96,3337.58,3342.63,3306.34,3327.89,-4.924,-0.148,49451800.0,39941700.0
399371.SZ,2012-04-27,3313.58,3322.45,3330.19,3311.09,3322.96,-9.383,-0.2824,37636700.0,29647400.0
399371.SZ,2012-05-02,3370.48,3354.67,3386.97,3337.3,3313.58,56.897,1.7171,57086000.0,47100000.0
399371.SZ,2012-05-03,3369.28,3365.15,3375.62,3350.73,3370.48,-1.198,-0.0355,41420600.0,35970700.0
399371.SZ,2012-05-04,3384.9,3365.71,3384.95,3346.04,3369.28,15.627,0.4638,43300100.0,36541000.0
399371.SZ,2012-05-07,3382.67,3366.82,3382.67,3356.09,3384.9,-2.234,-0.066,47153600.0,40373800.0
399371.SZ,2012-05-08,3370.41,3380.26,3381.05,3347.69,3382.67,-12.258,-0.3624,42990600.0,35534300.0
399371.SZ,2012-05-09,3313.38,3347.45,3347.45,3309.55,3370.41,-57.033,-1.6922,39837500.0,33637300.0
399371.SZ,2012-05-10,3310.29,3314.19,3321.31,3296.92,3313.38,-3.091,-0.0933,30074600.0,24478400.0
399371.SZ,2012-05-11,3288.09,3303.74,3320.02,3287.41,3310.29,-22.196,-0.6705,26759400.0,22647600.0
399371.SZ,2012-05-14,3272.69,3310.29,3311.41,3270.29,3288.09,-15.404,-0.4685,35002200.0,29521600.0
399371.SZ,2012-05-15,3272.26,3254.16,3273.69,3244.29,3272.69,-0.426,-0.013,31576300.0,26836300.0
399371.SZ,2012-05-16,3222.37,3264.94,3267.32,3221.49,3272.26,-49.896,-1.5248,32042400.0,25811800.0
399371.SZ,2012-05-17,3273.03,3227.33,3280.89,3220.41,3222.37,50.661,1.5722,36016900.0,28835300.0
399371.SZ,2012-05-18,3230.41,3252.89,3262.79,3221.79,3273.03,-42.622,-1.3022,38788900.0,28057000.0
399371.SZ,2012-05-21,3231.23,3227.45,3249.31,3210.37,3230.41,0.824,0.0255,31047800.0,22669000.0
399371.SZ,2012-05-22,3274.76,3242.91,3275.04,3242.53,3231.23,43.533,1.3473,32350300.0,25930500.0
399371.SZ,2012-05-23,3266.96,3269.63,3285.74,3246.24,3274.76,-7.798,-0.2381,35321100.0,29304600.0
399371.SZ,2012-05-24,3241.32,3265.18,3279.8,3234.59,3266.96,-25.648,-0.7851,31886700.0,26474800.0
399371.SZ,2012-05-25,3219.46,3241.78,3249.25,3210.66,3241.32,-21.859,-0.6744,32266800.0,24365400.0
399371.SZ,2012-05-28,3269.15,3209.12,3269.23,3193.86,3219.46,49.694,1.5436,44509000.0,35067400.0
399371.SZ,2012-05-29,3307.67,3270.25,3315.64,3265.83,3269.15,38.522,1.1783,51886300.0,44837300.0
399371.SZ,2012-05-30,3302.32,3302.81,3313.23,3292.91,3307.67,-5.356,-0.1619,39341300.0,32244600.0
399371.SZ,2012-05-31,3285.69,3281.33,3300.58,3271.49,3302.32,-16.628,-0.5035,31979600.0,27372800.0
399371.SZ,2012-06-01,3284.17,3286.95,3304.74,3272.61,3285.69,-1.515,-0.0461,30802400.0,25537100.0
399371.SZ,2012-06-04,3191.74,3243.49,3248.36,3191.74,3284.17,-92.437,-2.8146,37379400.0,30140300.0
399371.SZ,2012-06-05,3197.6,3199.18,3212.29,3184.45,3191.74,5.867,0.1838,28306700.0,22804700.0
399371.SZ,2012-06-06,3196.36,3201.66,3214.07,3185.16,3197.6,-1.241,-0.0388,25414200.0,20784300.0
399371.SZ,2012-06-07,3180.31,3224.26,3229.58,3175.17,3196.36,-16.054,-0.5023,27099400.0,22039100.0
399371.SZ,2012-06-08,3152.48,3199.33,3199.69,3146.67,3180.31,-27.826,-0.8749,35267500.0,27310000.0
399371.SZ,2012-06-11,3193.36,3161.41,3202.71,3153.5,3152.48,40.88,1.2968,30414900.0,23503800.0
399371.SZ,2012-06-12,3173.69,3179.23,3191.92,3158.32,3193.36,-19.676,-0.6162,30205500.0,22767600.0
399371.SZ,2012-06-13,3218.53,3182.1,3219.12,3172.24,3173.69,44.847,1.4131,35694800.0,27966600.0
399371.SZ,2012-06-14,3192.52,3211.51,3221.66,3190.39,3218.53,-26.01,-0.8081,32800600.0,25433400.0
399371.SZ,2012-06-15,3215.46,3201.39,3223.61,3181.55,3192.52,22.938,0.7185,32461500.0,25881000.0
399371.SZ,2012-06-18,3229.05,3229.6,3241.25,3221.09,3215.46,13.586,0.4225,26649700.0,21036000.0
399371.SZ,2012-06-19,3208.14,3225.74,3226.41,3205.64,3229.05,-20.909,-0.6475,24084100.0,18845900.0
399371.SZ,2012-06-20,3206.68,3215.75,3227.75,3203.59,3208.14,-1.455,-0.0454,21938500.0,16820200.0
399371.SZ,2012-06-21,3166.67,3203.06,3203.06,3155.96,3206.68,-40.011,-1.2477,26564100.0,20548900.0
399371.SZ,2012-06-25,3117.87,3158.5,3159.91,3116.2,3166.67,-48.803,-1.5411,29120100.0,22328300.0
399371.SZ,2012-06-26,3123.99,3107.76,3134.38,3100.66,3117.87,6.117,0.1962,24315000.0,18044700.0
399371.SZ,2012-06-27,3110.4,3121.93,3137.92,3106.87,3123.99,-13.584,-0.4348,22941000.0,16547900.0
399371.SZ,2012-06-28,3083.7,3116.11,3120.69,3083.7,3110.4,-26.708,-0.8587,23209200.0,17016800.0
399371.SZ,2012-06-29,3124.53,3077.08,3125.8,3076.11,3083.7,40.835,1.3242,27814700.0,20771500.0
399371.SZ,2012-07-02,3119.86,3136.47,3136.74,3106.42,3124.53,-4.668,-0.1494,28575700.0,22264400.0
399371.SZ,2012-07-03,3130.32,3119.51,3152.96,3112.09,3119.86,10.46,0.3353,28349200.0,22420400.0
399371.SZ,2012-07-04,3127.54,3136.05,3145.26,3119.07,3130.32,-2.782,-0.0889,24408600.0,18518600.0
399371.SZ,2012-07-05,3095.33,3116.18,3116.26,3084.35,3127.54,-32.211,-1.0299,26414100.0,20085200.0
399371.SZ,2012-07-06,3125.54,3094.11,3130.6,3071.5,3095.33,30.213,0.9761,37061300.0,28991200.0
399371.SZ,2012-07-09,3048.5,3105.63,3116.55,3046.04,3125.54,-77.045,-2.465,36515500.0,27830000.0
399371.SZ,2012-07-10,3041.75,3044.07,3060.83,3031.95,3048.5,-6.75,-0.2214,27291300.0,20076100.0
399371.SZ,2012-07-11,3054.85,3037.71,3062.59,3035.08,3041.75,13.101,0.4307,26750500.0,19952300.0
399371.SZ,2012-07-12,3073.64,3050.73,3084.0,3021.34,3054.85,18.791,0.6151,38058600.0,29932300.0
399371.SZ,2012-07-13,3079.41,3064.75,3097.64,3061.83,3073.64,5.767,0.1876,25532000.0,20312200.0
399371.SZ,2012-07-16,3024.72,3083.78,3083.78,3023.77,3079.41,-54.682,-1.7757,28888000.0,21393000.0
399371.SZ,2012-07-17,3050.28,3019.2,3054.69,3019.2,3024.72,25.553,0.8448,22763300.0,17474400.0
399371.SZ,2012-07-18,3047.59,3050.39,3056.23,3002.67,3050.28,-2.69,-0.0882,31593600.0,23051700.0
399371.SZ,2012-07-19,3066.13,3041.91,3085.97,3034.9,3047.59,18.54,0.6084,35875500.0,26731600.0
399371.SZ,2012-07-20,3037.36,3056.64,3062.71,3030.05,3066.13,-28.771,-0.9383,27572400.0,19684400.0
399371.SZ,2012-07-23,2994.58,3018.77,3018.77,2986.01,3037.36,-42.772,-1.4082,23466500.0,17059700.0
399371.SZ,2012-07-24,3000.84,2981.97,3018.54,2981.72,2994.58,6.252,0.2088,22792900.0,16444700.0
399371.SZ,2012-07-25,2979.89,2992.87,3002.13,2976.37,3000.84,-20.945,-0.698,20200700.0,14104200.0
399371.SZ,2012-07-26,2966.46,2979.07,2994.6,2962.72,2979.89,-13.432,-0.4508,21656100.0,15380500.0
399371.SZ,2012-07-27,2977.76,2974.05,2996.36,2970.38,2966.46,11.301,0.381,22764400.0,16540300.0
399371.SZ,2012-07-30,2968.73,2981.96,2998.24,2967.74,2977.76,-9.026,-0.3031,23189800.0,16228500.0
399371.SZ,2012-07-31,2978.78,2971.45,2992.81,2966.77,2968.73,10.046,0.3384,24688600.0,16993300.0
399371.SZ,2012-08-01,3004.8,2978.88,3015.28,2978.88,2978.78,26.023,0.8736,23910300.0,17020100.0
399371.SZ,2012-08-02,2980.41,3002.74,3009.24,2969.52,3004.8,-24.397,-0.8119,25629900.0,17175900.0
399371.SZ,2012-08-03,2995.66,2985.84,2996.03,2971.51,2980.41,15.255,0.5118,21722300.0,15353700.0
399371.SZ,2012-08-06,3020.94,2990.42,3024.17,2986.91,2995.66,25.274,0.8437,28070800.0,19817000.0
399371.SZ,2012-08-07,3020.83,3018.59,3022.17,3008.37,3020.94,-0.109,-0.0036,26811800.0,18357400.0
399371.SZ,2012-08-08,3027.25,3021.38,3036.89,3015.9,3020.83,6.429,0.2128,25076900.0,18158700.0
399371.SZ,2012-08-09,3045.21,3026.93,3046.24,3013.84,3027.25,17.95,0.5929,27065500.0,18970200.0
399371.SZ,2012-08-10,3039.28,3048.45,3054.5,3034.91,3045.21,-5.923,-0.1945,25712200.0,17949800.0
399371.SZ,2012-08-13,2984.87,3033.07,3033.07,2983.85,3039.28,-54.414,-1.7904,29183200.0,21989500.0
399371.SZ,2012-08-14,2996.76,2986.38,2996.76,2963.78,2984.87,11.892,0.3984,25862800.0,18309200.0
399371.SZ,2012-08-15,2960.1,2990.42,2990.42,2958.84,2996.76,-36.66,-1.2233,21522100.0,14893600.0
399371.SZ,2012-08-16,2953.63,2956.13,2964.71,2950.78,2960.1,-6.466,-0.2184,16788100.0,11655800.0
399371.SZ,2012-08-17,2956.95,2952.68,2965.11,2937.85,2953.63,3.318,0.1123,17605700.0,11955400.0
399371.SZ,2012-08-20,2934.5,2936.74,2940.64,2911.24,2956.95,-22.455,-0.7594,18694000.0,13199600.0
399371.SZ,2012-08-21,2940.58,2933.84,2955.03,2925.82,2934.5,6.082,0.2073,23818600.0,16245500.0
399371.SZ,2012-08-22,2921.98,2941.11,2941.32,2908.09,2940.58,-18.601,-0.6326,23447100.0,16420200.0
399371.SZ,2012-08-23,2928.9,2921.43,2936.26,2908.89,2921.98,6.919,0.2368,22588800.0,15776400.0
399371.SZ,2012-08-24,2899.47,2920.73,2921.97,2897.81,2928.9,-29.426,-1.0047,22909600.0,15669900.0
399371.SZ,2012-08-27,2855.63,2892.8,2892.8,2854.99,2899.47,-43.845,-1.5122,25779100.0,17087600.0
399371.SZ,2012-08-28,2880.28,2856.75,2889.7,2852.6,2855.63,24.657,0.8635,24246400.0,15544600.0
399371.SZ,2012-08-29,2862.48,2871.14,2884.83,2862.0,2880.28,-17.808,-0.6183,20045900.0,12972700.0
399371.SZ,2012-08-30,2864.17,2846.63,2875.24,2840.41,2862.48,1.697,0.0593,23950900.0,15841400.0
399371.SZ,2012-08-31,2860.38,2857.92,2873.97,2857.23,2864.17,-3.79,-0.1323,18971200.0,12663500.0
399371.SZ,2012-09-03,2880.45,2857.37,2891.25,2852.72,2860.38,20.071,0.7017,26297300.0,17917800.0
399371.SZ,2012-09-04,2843.94,2878.49,2882.08,2837.27,2880.45,-36.51,-1.2675,23195000.0,15483000.0
399371.SZ,2012-09-05,2834.36,2839.53,2846.69,2820.38,2843.94,-9.583,-0.337,23817000.0,15491700.0
399371.SZ,2012-09-06,2857.71,2839.08,2858.3,2833.7,2834.36,23.354,0.824,21698900.0,14258500.0
399371.SZ,2012-09-07,2966.22,2875.54,2996.41,2875.54,2857.71,108.507,3.797,64329100.0,43710100.0
399371.SZ,2012-09-10,2971.73,2967.83,2980.4,2957.55,2966.22,5.51,0.1858,45055500.0,32904200.0
399371.SZ,2012-09-11,2947.86,2959.48,2959.48,2928.68,2971.73,-23.87,-0.8032,30577100.0,22167600.0
399371.SZ,2012-09-12,2952.76,2959.81,2973.34,2927.79,2947.86,4.896,0.1661,34301400.0,24303000.0
399371.SZ,2012-09-13,2929.66,2948.47,2958.04,2929.66,2952.76,-23.095,-0.7822,29470300.0,20093100.0
399371.SZ,2012-09-14,2946.98,2949.9,2962.99,2925.7,2929.66,17.321,0.5912,37330000.0,26277500.0
399371.SZ,2012-09-17,2877.85,2942.49,2943.2,2876.94,2946.98,-69.129,-2.3458,30971600.0,21538900.0
399371.SZ,2012-09-18,2854.67,2870.15,2873.99,2847.49,2877.85,-23.186,-0.8057,21050100.0,14519900.0
399371.SZ,2012-09-19,2861.16,2856.39,2868.83,2846.94,2854.67,6.491,0.2274,20344100.0,14054300.0
399371.SZ,2012-09-20,2802.64,2853.83,2853.83,2801.81,2861.16,-58.519,-2.0453,27508200.0,18292100.0
399371.SZ,2012-09-21,2804.07,2796.17,2822.06,2793.04,2802.64,1.434,0.0512,22896800.0,15597900.0
399371.SZ,2012-09-24,2816.15,2789.9,2825.86,2772.68,2804.07,12.071,0.4305,24766300.0,17305700.0
399371.SZ,2012-09-25,2809.31,2810.51,2824.37,2800.05,2816.15,-6.836,-0.2427,18465700.0,13159600.0
399371.SZ,2012-09-26,2780.97,2806.36,2813.84,2776.36,2809.31,-28.338,-1.0087,18786100.0,12902500.0
399371.SZ,2012-09-27,2860.48,2782.32,2876.08,2781.33,2780.97,79.507,2.859,33927800.0,23746900.0
399371.SZ,2012-09-28,2904.92,2840.19,2909.19,2837.46,2860.48,44.438,1.5535,36366700.0,25902100.0
399371.SZ,2012-10-08,2880.64,2902.73,2918.69,2866.6,2904.92,-24.281,-0.8359,21783900.0,15248000.0
399371.SZ,2012-10-09,2940.78,2892.03,2946.29,2892.03,2880.64,60.147,2.088,34560800.0,23990800.0
399371.SZ,2012-10-10,2944.32,2935.79,2947.14,2922.48,2940.78,3.538,0.1203,30587900.0,19909900.0
399371.SZ,2012-10-11,2922.18,2937.54,2941.83,2920.04,2944.32,-22.144,-0.7521,30147400.0,19279800.0
399371.SZ,2012-10-12,2928.73,2930.93,2955.75,2909.15,2922.18,6.558,0.2244,27348900.0,18132500.0
399371.SZ,2012-10-15,2918.95,2931.85,2933.31,2901.5,2928.73,-9.781,-0.334,20294500.0,13324900.0
399371.SZ,2012-10-16,2918.86,2916.85,2935.93,2906.9,2918.95,-0.091,-0.0031,22694700.0,15675000.0
399371.SZ,2012-10-17,2924.4,2926.08,2933.65,2900.25,2918.86,5.536,0.1897,24536200.0,16428400.0
399371.SZ,2012-10-18,2972.39,2930.75,2978.58,2929.18,2924.4,47.992,1.6411,38738000.0,25892600.0
399371.SZ,2012-10-19,2970.39,2969.72,2980.59,2967.02,2972.39,-1.999,-0.0673,28260500.0,18714800.0
399371.SZ,2012-10-22,2985.74,2956.24,2992.68,2951.33,2970.39,15.348,0.5167,25786900.0,17453400.0
399371.SZ,2012-10-23,2957.15,2985.12,2992.28,2954.4,2985.74,-28.589,-0.9575,28880100.0,18995500.0
399371.SZ,2012-10-24,2961.78,2947.07,2973.03,2945.66,2957.15,4.633,0.1567,31180800.0,18463900.0
399371.SZ,2012-10-25,2944.91,2960.76,2983.66,2943.44,2961.78,-16.875,-0.5698,37738600.0,20485100.0
399371.SZ,2012-10-26,2895.4,2943.98,2946.58,2880.56,2944.91,-49.512,-1.6813,32838900.0,19420600.0
399371.SZ,2012-10-29,2884.69,2888.54,2895.15,2874.56,2895.4,-10.702,-0.3696,23403100.0,13997300.0
399371.SZ,2012-10-30,2892.79,2885.68,2909.97,2878.51,2884.69,8.101,0.2808,26901100.0,16613500.0
399371.SZ,2012-10-31,2907.58,2896.07,2909.99,2883.82,2892.79,14.786,0.5111,25122300.0,16286600.0
399371.SZ,2012-11-01,2964.05,2908.71,2975.81,2908.71,2907.58,56.467,1.9421,41287200.0,27101900.0
399371.SZ,2012-11-02,2986.78,2965.29,2990.26,2954.43,2964.05,22.734,0.767,37405900.0,23138800.0
399371.SZ,2012-11-05,2988.21,2983.68,3002.93,2972.74,2986.78,1.429,0.0478,33735500.0,21015800.0
399371.SZ,2012-11-06,2973.29,2986.8,2988.26,2936.25,2988.21,-14.923,-0.4994,29690800.0,19162800.0
399371.SZ,2012-11-07,2964.36,2968.26,2976.26,2950.94,2973.29,-8.931,-0.3004,24263900.0,15350600.0
399371.SZ,2012-11-08,2916.63,2943.51,2951.71,2916.24,2964.36,-47.726,-1.61,27662400.0,17377900.0
399371.SZ,2012-11-09,2911.69,2910.88,2925.22,2904.14,2916.63,-4.939,-0.1693,22587000.0,13433100.0
399371.SZ,2012-11-12,2935.89,2913.34,2935.95,2911.8,2911.69,24.199,0.8311,26501900.0,16765100.0
399371.SZ,2012-11-13,2886.27,2934.68,2934.68,2880.31,2935.89,-49.619,-1.6901,25289600.0,15578400.0
399371.SZ,2012-11-14,2892.63,2885.34,2895.3,2874.87,2886.27,6.357,0.2202,19156900.0,11905200.0
399371.SZ,2012-11-15,2857.6,2878.93,2890.12,2857.08,2892.63,-35.032,-1.2111,21588400.0,13261200.0
399371.SZ,2012-11-16,2841.07,2851.55,2854.74,2823.68,2857.6,-16.525,-0.5783,21928900.0,13574500.0
399371.SZ,2012-11-19,2847.32,2838.58,2847.95,2820.32,2841.07,6.245,0.2198,19921200.0,12428600.0
399371.SZ,2012-11-20,2839.61,2854.28,2858.8,2836.05,2847.32,-7.702,-0.2705,18323400.0,11813300.0
399371.SZ,2012-11-21,2875.76,2839.8,2876.96,2826.11,2839.61,36.147,1.273,21979500.0,13830000.0
399371.SZ,2012-11-22,2859.16,2864.18,2867.74,2851.09,2875.76,-16.606,-0.5774,18499100.0,11601100.0
399371.SZ,2012-11-23,2877.31,2866.71,2887.65,2861.13,2859.16,18.151,0.6348,23451600.0,14896400.0
399371.SZ,2012-11-26,2861.97,2870.62,2875.89,2857.05,2877.31,-15.34,-0.5331,19235900.0,12274300.0
399371.SZ,2012-11-27,2832.58,2854.2,2859.31,2832.29,2861.97,-29.382,-1.0266,25251300.0,14844400.0
399371.SZ,2012-11-28,2810.95,2823.47,2825.42,2806.54,2832.58,-21.634,-0.7638,23430200.0,13659500.0
399371.SZ,2012-11-29,2801.81,2811.71,2822.75,2801.42,2810.95,-9.136,-0.325,23168900.0,13476300.0
399371.SZ,2012-11-30,2839.31,2799.43,2844.79,2799.09,2801.81,37.498,1.3383,29250400.0,17888900.0
399371.SZ,2012-12-03,2819.92,2836.14,2857.59,2818.88,2839.31,-19.397,-0.6832,32344800.0,20126900.0
399371.SZ,2012-12-04,2846.67,2815.53,2850.68,2810.3,2819.92,26.752,0.9487,28816700.0,17509900.0
399371.SZ,2012-12-05,2945.57,2844.69,2961.45,2843.37,2846.67,98.902,3.4743,64990000.0,42497500.0
399371.SZ,2012-12-06,2952.06,2942.45,2962.72,2939.59,2945.57,6.495,0.2205,41511100.0,27204900.0
399371.SZ,2012-12-07,3006.7,2949.31,3009.84,2942.91,2952.06,54.634,1.8507,64194300.0,43561400.0
399371.SZ,2012-12-10,3041.14,3018.58,3047.78,3011.52,3006.7,34.441,1.1455,60547100.0,40122400.0
399371.SZ,2012-12-11,3020.43,3029.59,3042.97,3017.05,3041.14,-20.709,-0.681,42606100.0,27716400.0
399371.SZ,2012-12-12,3033.53,3018.91,3047.23,3010.7,3020.43,13.101,0.4337,36910600.0,24613300.0
399371.SZ,2012-12-13,3007.17,3025.9,3035.08,3007.14,3033.53,-26.361,-0.869,34416100.0,22475900.0
399371.SZ,2012-12-14,3166.83,3010.98,3166.89,3010.98,3007.17,159.656,5.3092,87182900.0,58580800.0
399371.SZ,2012-12-17,3177.78,3176.84,3202.73,3170.17,3166.83,10.95,0.3458,73315400.0,50492800.0
399371.SZ,2012-12-18,3175.78,3169.86,3217.06,3153.02,3177.78,-2.0,-0.0629,62435800.0,43527300.0
399371.SZ,2012-12-19,3176.37,3169.82,3198.78,3159.04,3175.78,0.595,0.0187,46485400.0,34150500.0
399371.SZ,2012-12-20,3188.21,3162.78,3197.52,3143.59,3176.37,11.836,0.3726,45200100.0,32494800.0
399371.SZ,2012-12-21,3169.59,3191.5,3223.38,3161.03,3188.21,-18.616,-0.5839,48369500.0,35349200.0
399371.SZ,2012-12-24,3191.44,3166.5,3211.69,3166.24,3169.59,21.844,0.6892,36015300.0,27264300.0
399371.SZ,2012-12-25,3293.87,3183.52,3308.27,3176.53,3191.44,102.436,3.2097,71684100.0,52074700.0
399371.SZ,2012-12-26,3299.7,3290.14,3302.14,3279.99,3293.87,5.828,0.1769,53060000.0,38186500.0
399371.SZ,2012-12-27,3273.51,3306.33,3323.44,3272.45,3299.7,-26.194,-0.7938,53739600.0,38231700.0
399371.SZ,2012-12-28,3323.12,3274.72,3324.07,3272.68,3273.51,49.613,1.5156,51137900.0,36541400.0
399371.SZ,2012-12-31,3390.54,3329.02,3390.73,3329.02,3323.12,67.424,2.0289,63829400.0,47713400.0
399371.SZ,2013-01-04,3401.71,3432.57,3442.21,3368.67,3390.54,11.162,0.3292,73695600.0,51810300.0
399371.SZ,2013-01-07,3428.47,3393.98,3440.93,3385.62,3401.71,26.764,0.7868,54950400.0,40014800.0
399371.SZ,2013-01-08,3402.02,3429.03,3436.0,3379.63,3428.47,-26.447,-0.7714,54669700.0,40014800.0
399371.SZ,2013-01-09,3392.4,3391.37,3406.16,3368.49,3402.02,-9.626,-0.2829,53998200.0,38921500.0
399371.SZ,2013-01-10,3398.91,3391.62,3426.62,3378.58,3392.4,6.513,0.192,53433300.0,38182400.0
399371.SZ,2013-01-11,3327.66,3400.99,3407.53,3315.6,3398.91,-71.251,-2.0963,57912100.0,41283000.0
399371.SZ,2013-01-14,3454.73,3316.3,3463.83,3316.3,3327.66,127.074,3.8187,69552700.0,51518500.0
399371.SZ,2013-01-15,3473.07,3455.14,3484.99,3451.09,3454.73,18.341,0.5309,71189900.0,52642500.0
399371.SZ,2013-01-16,3433.16,3467.2,3471.53,3390.3,3473.07,-39.909,-1.1491,61912500.0,46222400.0
399371.SZ,2013-01-17,3403.49,3424.08,3427.33,3384.51,3433.16,-29.676,-0.8644,48389000.0,36039300.0
399371.SZ,2013-01-18,3461.7,3422.65,3476.08,3409.48,3403.49,58.214,1.7104,58373200.0,43020400.0
399371.SZ,2013-01-21,3508.59,3480.71,3508.85,3456.31,3461.7,46.89,1.3545,68573800.0,51913100.0
399371.SZ,2013-01-22,3506.67,3508.8,3544.65,3479.68,3508.59,-1.927,-0.0549,84629400.0,64046400.0
399371.SZ,2013-01-23,3521.83,3493.3,3527.2,3475.6,3506.67,15.165,0.4325,60077800.0,43308700.0
399371.SZ,2013-01-24,3497.35,3521.44,3607.7,3469.86,3521.83,-24.477,-0.695,86937900.0,66304500.0
399371.SZ,2013-01-25,3482.12,3497.34,3508.32,3473.12,3497.35,-15.23,-0.4355,45327300.0,34507400.0
399371.SZ,2013-01-28,3609.34,3491.36,3609.34,3491.36,3482.12,127.218,3.6535,71217400.0,57928800.0
399371.SZ,2013-01-29,3639.66,3614.44,3657.92,3601.36,3609.34,30.319,0.84,75827800.0,60601500.0
399371.SZ,2013-01-30,3664.8,3641.24,3665.65,3615.01,3639.66,25.136,0.6906,82876300.0,59591700.0
399371.SZ,2013-01-31,3660.54,3666.61,3672.43,3632.34,3664.8,-4.251,-0.116,76081800.0,54114800.0
399371.SZ,2013-02-01,3751.5,3649.69,3752.15,3637.55,3660.54,90.959,2.4848,78107400.0,62672000.0
399371.SZ,2013-02-04,3766.98,3760.48,3797.84,3745.77,3751.5,15.473,0.4124,95274600.0,77966700.0
399371.SZ,2013-02-05,3784.35,3737.07,3792.78,3726.06,3766.98,17.372,0.4612,89334800.0,67059900.0
399371.SZ,2013-02-06,3783.06,3781.61,3798.62,3762.43,3784.35,-1.292,-0.0341,61917100.0,48116900.0
399371.SZ,2013-02-07,3730.48,3776.07,3777.64,3680.49,3783.06,-52.582,-1.3899,68856000.0,56508600.0
399371.SZ,2013-02-08,3739.65,3723.28,3763.31,3701.99,3730.48,9.176,0.246,60725200.0,50402600.0
399371.SZ,2013-02-18,3720.24,3761.07,3768.15,3715.7,3739.65,-19.409,-0.519,61648200.0,49124600.0
399371.SZ,2013-02-19,3654.21,3716.83,3726.82,3640.6,3720.24,-66.037,-1.7751,66276000.0,50957400.0
399371.SZ,2013-02-20,3663.09,3656.69,3664.07,3607.63,3654.21,8.887,0.2432,58593000.0,46648300.0
399371.SZ,2013-02-21,3529.05,3629.61,3629.61,3496.4,3663.09,-134.042,-3.6593,79684700.0,63221300.0
399371.SZ,2013-02-22,3492.44,3524.01,3533.67,3484.56,3529.05,-36.614,-1.0375,46029900.0,36446300.0
399371.SZ,2013-02-25,3515.09,3505.39,3540.04,3494.55,3492.44,22.659,0.6488,42936200.0,34112300.0
399371.SZ,2013-02-26,3471.11,3491.33,3560.88,3469.15,3515.09,-43.986,-1.2513,62188900.0,51904200.0
399371.SZ,2013-02-27,3510.23,3479.87,3537.52,3475.43,3471.11,39.121,1.127,49390800.0,40179100.0
399371.SZ,2013-02-28,3626.96,3535.53,3626.96,3514.12,3510.23,116.734,3.3255,66080200.0,55414100.0
399371.SZ,2013-03-01,3617.15,3627.43,3639.86,3562.13,3626.96,-9.817,-0.2707,58134000.0,50614200.0
399371.SZ,2013-03-04,3428.53,3543.8,3544.01,3407.47,3617.15,-188.62,-5.2146,88860000.0,71210500.0
399371.SZ,2013-03-05,3548.77,3428.5,3550.37,3424.47,3428.53,120.248,3.5073,71618800.0,59120700.0
399371.SZ,2013-03-06,3590.05,3564.79,3604.5,3545.54,3548.77,41.276,1.1631,70295000.0,58013600.0
399371.SZ,2013-03-07,3541.18,3573.65,3597.61,3504.64,3590.05,-48.873,-1.3613,65823900.0,53585000.0
399371.SZ,2013-03-08,3532.83,3545.97,3562.91,3523.95,3541.18,-8.347,-0.2357,44005300.0,37730900.0
399371.SZ,2013-03-11,3502.79,3525.15,3531.56,3484.45,3532.83,-30.042,-0.8504,38331100.0,30700000.0
399371.SZ,2013-03-12,3447.15,3499.57,3536.0,3416.39,3502.79,-55.644,-1.5886,56792200.0,44364100.0
399371.SZ,2013-03-13,3409.44,3442.2,3448.44,3391.3,3447.15,-37.71,-1.0939,42958900.0,33581900.0
399371.SZ,2013-03-14,3416.72,3399.88,3436.14,3394.11,3409.44,7.288,0.2138,37844200.0,30516600.0
399371.SZ,2013-03-15,3429.29,3417.58,3507.84,3380.37,3416.72,12.572,0.368,61038200.0,50869000.0
399371.SZ,2013-03-18,3384.35,3409.26,3436.16,3381.39,3429.29,-44.948,-1.3107,46703900.0,37958700.0
399371.SZ,2013-03-19,3422.79,3389.05,3425.06,3375.0,3384.35,38.444,1.1359,43113600.0,34362300.0
399371.SZ,2013-03-20,3545.53,3425.2,3545.53,3425.2,3422.79,122.743,3.5861,70706200.0,58230700.0
399371.SZ,2013-03-21,3545.8,3546.36,3562.55,3523.46,3545.53,0.267,0.0075,58512100.0,47911000.0
399371.SZ,2013-03-22,3551.97,3542.51,3560.65,3529.19,3545.8,6.166,0.1739,47438700.0,37059600.0
399371.SZ,2013-03-25,3548.09,3565.36,3582.95,3542.94,3551.97,-3.878,-0.1092,45800500.0,36496700.0
399371.SZ,2013-03-26,3486.34,3534.13,3541.78,3467.43,3548.09,-61.749,-1.7403,50382600.0,40031900.0
399371.SZ,2013-03-27,3500.97,3489.28,3539.64,3476.03,3486.34,14.625,0.4195,44576400.0,34843000.0
399371.SZ,2013-03-28,3361.99,3421.75,3421.75,3353.23,3500.97,-138.971,-3.9695,70454700.0,56313800.0
399371.SZ,2013-03-29,3370.75,3364.06,3379.68,3346.53,3361.99,8.761,0.2606,42087800.0,34210600.0
399371.SZ,2013-04-01,3370.45,3358.89,3389.84,3356.61,3370.75,-0.303,-0.009,36592500.0,28718500.0
399371.SZ,2013-04-02,3368.17,3374.37,3412.33,3354.27,3370.45,-2.278,-0.0676,42082100.0,33546200.0
399371.SZ,2013-04-03,3370.31,3377.33,3396.48,3358.04,3368.17,2.132,0.0633,36493000.0,27890500.0
399371.SZ,2013-04-08,3348.95,3311.19,3349.38,3292.85,3370.31,-21.353,-0.6336,39094900.0,30133300.0
399371.SZ,2013-04-09,3375.88,3357.52,3395.59,3357.52,3348.95,26.928,0.8041,39491700.0,32238400.0
399371.SZ,2013-04-10,3364.84,3372.76,3379.92,3342.14,3375.88,-11.036,-0.3269,35435900.0,28502800.0
399371.SZ,2013-04-11,3362.59,3388.24,3396.76,3360.02,3364.84,-2.251,-0.0669,35876800.0,28338400.0
399371.SZ,2013-04-12,3338.0,3360.45,3374.7,3335.81,3362.59,-24.596,-0.7315,32494000.0,25787600.0
399371.SZ,2013-04-15,3312.68,3330.59,3341.5,3304.17,3338.0,-25.316,-0.7584,37053700.0,27663000.0
399371.SZ,2013-04-16,3341.81,3293.46,3342.75,3282.09,3312.68,29.133,0.8794,44236900.0,35481300.0
399371.SZ,2013-04-17,3322.01,3336.98,3341.91,3294.96,3341.81,-19.809,-0.5928,37151600.0,29710000.0
399371.SZ,2013-04-18,3335.64,3296.33,3339.85,3287.52,3322.01,13.638,0.4105,38640600.0,31995300.0
399371.SZ,2013-04-19,3437.83,3340.77,3447.8,3339.79,3335.64,102.182,3.0633,60430700.0,50696400.0
399371.SZ,2013-04-22,3440.4,3425.51,3445.99,3419.85,3437.83,2.576,0.0749,50191900.0,40370000.0
399371.SZ,2013-04-23,3329.71,3444.08,3444.11,3327.73,3440.4,-110.695,-3.2175,49493600.0,39798500.0
399371.SZ,2013-04-24,3388.42,3333.62,3407.62,3323.42,3329.71,58.715,1.7634,45974700.0,36461100.0
399371.SZ,2013-04-25,3344.11,3373.53,3388.89,3331.03,3388.42,-44.308,-1.3076,47283100.0,37109600.0
399371.SZ,2013-04-26,3314.0,3354.61,3365.2,3306.98,3344.11,-30.117,-0.9006,38101000.0,28564100.0
399371.SZ,2013-05-02,3322.97,3297.94,3326.19,3286.1,3314.0,8.973,0.2708,34740600.0,25970800.0
399371.SZ,2013-05-03,3379.72,3333.65,3420.32,3333.65,3322.97,56.748,1.7077,46531000.0,36977300.0
399371.SZ,2013-05-06,3414.4,3389.51,3427.85,3386.15,3379.72,34.678,1.0261,45776400.0,34899500.0
399371.SZ,2013-05-07,3418.06,3406.21,3425.57,3392.85,3414.4,3.665,0.1073,42873300.0,33197100.0
399371.SZ,2013-05-08,3435.18,3433.68,3458.12,3419.08,3418.06,17.118,0.5008,44948300.0,36123300.0
399371.SZ,2013-05-09,3410.22,3434.31,3434.31,3386.16,3435.18,-24.96,-0.7266,46645600.0,38033200.0
399371.SZ,2013-05-10,3437.35,3404.26,3437.62,3399.14,3410.22,27.132,0.7956,41596700.0,33315800.0
399371.SZ,2013-05-13,3427.17,3440.49,3444.2,3410.97,3437.35,-10.179,-0.2961,40168900.0,32118700.0
399371.SZ,2013-05-14,3385.15,3421.43,3421.43,3367.29,3427.17,-42.018,-1.226,39160700.0,31684800.0
399371.SZ,2013-05-15,3401.92,3386.57,3401.92,3381.35,3385.15,16.764,0.4952,32380700.0,26138000.0
399371.SZ,2013-05-16,3457.7,3395.65,3458.76,3373.64,3401.92,55.777,1.6396,51515800.0,42280600.0
399371.SZ,2013-05-17,3505.21,3454.13,3513.59,3450.86,3457.7,47.516,1.3742,61979400.0,48135700.0
399371.SZ,2013-05-20,3537.62,3514.21,3562.26,3508.14,3505.21,32.411,0.9247,66106400.0,53797600.0
399371.SZ,2013-05-21,3539.78,3531.92,3542.64,3511.98,3537.62,2.16,0.0611,55185100.0,43396200.0
399371.SZ,2013-05-22,3540.85,3538.01,3555.95,3522.1,3539.78,1.072,0.0303,57700500.0,45035500.0
399371.SZ,2013-05-23,3484.41,3526.6,3541.31,3482.74,3540.85,-56.44,-1.594,55600300.0,42256700.0
399371.SZ,2013-05-24,3497.64,3494.17,3513.81,3467.06,3484.41,13.227,0.3796,43839100.0,33340800.0
399371.SZ,2013-05-27,3500.05,3492.8,3516.06,3489.18,3497.64,2.413,0.069,45661600.0,35708100.0
399371.SZ,2013-05-28,3568.67,3501.31,3568.67,3486.93,3500.05,68.611,1.9603,61201600.0,48331400.0
399371.SZ,2013-05-29,3568.24,3573.66,3589.98,3566.18,3568.67,-0.421,-0.0118,63604600.0,50979300.0
399371.SZ,2013-05-30,3557.97,3555.54,3573.22,3541.95,3568.24,-10.276,-0.288,51275400.0,41102500.0
399371.SZ,2013-05-31,3528.59,3562.56,3572.04,3526.12,3557.97,-29.38,-0.8258,48543600.0,39351000.0
399371.SZ,2013-06-03,3528.24,3533.27,3556.08,3519.16,3528.59,-0.349,-0.0099,44613100.0,35571200.0
399371.SZ,2013-06-04,3485.76,3526.05,3526.05,3474.28,3528.24,-42.476,-1.2039,46545100.0,36056800.0
399371.SZ,2013-06-05,3469.64,3485.44,3489.02,3450.74,3485.76,-16.121,-0.4625,35069400.0,28723300.0
399371.SZ,2013-06-06,3421.97,3461.16,3462.6,3418.94,3469.64,-47.67,-1.3739,38773100.0,30847400.0
399371.SZ,2013-06-07,3370.66,3424.99,3435.8,3362.65,3421.97,-51.314,-1.4995,42251900.0,33010600.0
399371.SZ,2013-06-13,3268.04,3333.29,3333.29,3232.41,3370.66,-102.616,-3.0444,51016800.0,36092500.0
399371.SZ,2013-06-14,3284.51,3273.56,3287.43,3261.73,3268.04,16.464,0.5038,39103500.0,28611200.0
399371.SZ,2013-06-17,3266.58,3294.57,3300.49,3255.71,3284.51,-17.925,-0.5457,36364100.0,28081400.0
399371.SZ,2013-06-18,3281.36,3277.7,3292.94,3255.46,3266.58,14.775,0.4523,32684300.0,24217100.0
399371.SZ,2013-06-19,3244.09,3269.26,3269.26,3206.36,3281.36,-37.263,-1.1356,36441800.0,26251200.0
399371.SZ,2013-06-20,3136.54,3228.4,3228.4,3134.3,3244.09,-107.55,-3.3153,39837500.0,28622200.0
399371.SZ,2013-06-21,3130.44,3093.19,3148.83,3070.81,3136.54,-6.101,-0.1945,41483500.0,29328400.0
399371.SZ,2013-06-24,2925.65,3119.3,3119.3,2920.51,3130.44,-204.79,-6.5419,60343300.0,40338900.0
399371.SZ,2013-06-25,2920.74,2894.73,2926.35,2733.25,2925.65,-4.916,-0.168,75602200.0,47449000.0
399371.SZ,2013-06-26,2910.54,2933.52,2937.52,2870.7,2920.74,-10.198,-0.3492,53894000.0,34994100.0
399371.SZ,2013-06-27,2918.98,2922.36,2964.3,2907.65,2910.54,8.444,0.2901,55830200.0,35642900.0
399371.SZ,2013-06-28,2992.0,2909.21,3013.44,2896.03,2918.98,73.02,2.5016,53311800.0,34285800.0
399371.SZ,2013-07-01,2999.51,2977.33,2999.51,2943.68,2992.0,7.507,0.2509,41247800.0,28288400.0
399371.SZ,2013-07-02,2997.02,2997.29,2999.92,2956.96,2999.51,-2.492,-0.0831,43657900.0,31260000.0
399371.SZ,2013-07-03,2970.77,2985.51,2985.51,2926.69,2997.02,-26.243,-0.8756,46296400.0,31864400.0
399371.SZ,2013-07-04,3000.26,2954.25,3027.98,2939.72,2970.77,29.485,0.9925,47864300.0,34366900.0
399371.SZ,2013-07-05,3011.92,3009.79,3037.83,3006.79,3000.26,11.659,0.3886,41686500.0,30117700.0
399371.SZ,2013-07-08,2939.13,2976.19,2983.5,2935.5,3011.92,-72.786,-2.4166,39982200.0,27109200.0
399371.SZ,2013-07-09,2945.13,2936.39,2953.74,2923.91,2939.13,6.0,0.2041,31413000.0,21598200.0
399371.SZ,2013-07-10,3020.45,2945.82,3021.0,2938.91,2945.13,75.318,2.5574,42975900.0,29984500.0
399371.SZ,2013-07-11,3170.03,3035.16,3202.17,3035.16,3020.45,149.584,4.9524,86055500.0,61760200.0
399371.SZ,2013-07-12,3094.63,3162.13,3172.78,3091.02,3170.03,-75.408,-2.3788,59559600.0,43384000.0
399371.SZ,2013-07-15,3125.39,3111.21,3166.01,3090.66,3094.63,30.761,0.994,48386400.0,35741000.0
399371.SZ,2013-07-16,3136.69,3115.48,3137.1,3084.86,3125.39,11.302,0.3616,45299500.0,32969800.0
399371.SZ,2013-07-17,3099.87,3127.68,3144.85,3099.87,3136.69,-36.816,-1.1737,47419200.0,34401500.0
399371.SZ,2013-07-18,3046.56,3089.06,3099.23,3042.61,3099.87,-53.316,-1.7199,41689900.0,30098500.0
399371.SZ,2013-07-19,2975.2,3049.62,3057.42,2972.35,3046.56,-71.354,-2.3421,47156800.0,34292100.0
399371.SZ,2013-07-22,2985.04,2946.81,2985.37,2930.37,2975.2,9.842,0.3308,37846700.0,26871800.0
399371.SZ,2013-07-23,3057.63,2993.35,3078.06,2985.61,2985.04,72.586,2.4317,49702600.0,35847400.0
399371.SZ,2013-07-24,3031.3,3040.11,3053.83,2989.43,3057.63,-26.335,-0.8613,48957200.0,35051800.0
399371.SZ,2013-07-25,3016.16,3042.49,3058.06,3009.16,3031.3,-15.139,-0.4994,43264300.0,30837600.0
399371.SZ,2013-07-26,3008.92,3005.15,3022.23,2990.47,3016.16,-7.233,-0.2398,32492500.0,24639500.0
399371.SZ,2013-07-29,2947.23,2984.37,2984.37,2935.24,3008.92,-61.697,-2.0505,38460000.0,27087800.0
399371.SZ,2013-07-30,2973.27,2955.44,3010.06,2937.18,2947.23,26.048,0.8838,36035100.0,25602700.0
399371.SZ,2013-07-31,2984.57,3005.56,3037.84,2976.08,2973.27,11.3,0.3801,32880600.0,24450300.0
399371.SZ,2013-08-01,3045.5,3000.9,3046.92,2994.64,2984.57,60.924,2.0413,41709500.0,30266500.0
399371.SZ,2013-08-02,3045.01,3069.58,3083.64,3040.23,3045.5,-0.486,-0.016,41426200.0,30425300.0
399371.SZ,2013-08-05,3079.44,3047.22,3079.44,3035.87,3045.01,34.428,1.1306,37554400.0,28817000.0
399371.SZ,2013-08-06,3093.31,3067.35,3104.47,3049.43,3079.44,13.871,0.4504,46962000.0,34849700.0
399371.SZ,2013-08-07,3083.15,3091.49,3124.35,3077.94,3093.31,-10.167,-0.3287,49445700.0,36858000.0
399371.SZ,2013-08-08,3078.86,3080.17,3104.52,3066.75,3083.15,-4.287,-0.139,36310000.0,27393600.0
399371.SZ,2013-08-09,3087.17,3095.25,3107.5,3050.03,3078.86,8.311,0.2699,41552900.0,29766400.0
399371.SZ,2013-08-12,3180.54,3100.5,3181.17,3099.86,3087.17,93.376,3.0246,65038200.0,48345100.0
399371.SZ,2013-08-13,3203.31,3184.26,3203.6,3174.93,3180.54,22.769,0.7159,62143200.0,43599000.0
399371.SZ,2013-08-14,3191.34,3208.27,3240.95,3180.68,3203.31,-11.974,-0.3738,55967900.0,41117600.0
399371.SZ,2013-08-15,3161.5,3188.59,3212.25,3159.92,3191.34,-29.842,-0.9351,46155300.0,32671200.0
399371.SZ,2013-08-16,3149.8,3150.57,3290.04,3126.97,3161.5,-11.697,-0.37,84727600.0,58989500.0
399371.SZ,2013-08-19,3190.43,3123.94,3200.21,3122.99,3149.8,40.628,1.2899,50092400.0,35729800.0
399371.SZ,2013-08-20,3174.38,3184.48,3225.01,3162.98,3190.43,-16.053,-0.5032,53579600.0,38820800.0
399371.SZ,2013-08-21,3163.27,3183.57,3184.54,3141.61,3174.38,-11.105,-0.3498,37695100.0,27538000.0
399371.SZ,2013-08-22,3156.53,3155.15,3192.07,3147.5,3163.27,-6.736,-0.2129,39725200.0,28276400.0
399371.SZ,2013-08-23,3128.22,3172.64,3180.45,3085.49,3156.53,-28.315,-0.897,50306400.0,37076900.0
399371.SZ,2013-08-26,3194.83,3134.53,3196.67,3124.38,3128.22,66.606,2.1292,52440100.0,38700900.0
399371.SZ,2013-08-27,3204.67,3192.16,3212.76,3179.44,3194.83,9.846,0.3082,54832100.0,39264200.0
399371.SZ,2013-08-28,3190.37,3185.28,3212.99,3161.17,3204.67,-14.3,-0.4462,68094500.0,47778900.0
399371.SZ,2013-08-29,3188.23,3205.48,3212.13,3174.26,3190.37,-2.147,-0.0673,58809600.0,40113000.0
399371.SZ,2013-08-30,3202.73,3187.84,3228.17,3180.63,3188.23,14.508,0.455,81032000.0,54578600.0
399371.SZ,2013-09-02,3206.96,3217.5,3227.35,3176.26,3202.73,4.231,0.1321,74454500.0,50539200.0
399371.SZ,2013-09-03,3257.45,3213.25,3257.95,3206.8,3206.96,50.49,1.5744,70972000.0,48790100.0
399371.SZ,2013-09-04,3260.13,3254.63,3273.8,3250.15,3257.45,2.673,0.0821,69142300.0,47425100.0
399371.SZ,2013-09-05,3251.9,3262.99,3264.37,3244.5,3260.13,-8.23,-0.2524,56898000.0,41132400.0
399371.SZ,2013-09-06,3281.7,3245.64,3288.79,3243.43,3251.9,29.805,0.9165,65289400.0,48164600.0
399371.SZ,2013-09-09,3427.4,3309.5,3437.35,3309.45,3281.7,145.699,4.4397,125007000.0,90665000.0
399371.SZ,2013-09-10,3484.23,3443.23,3484.68,3429.6,3427.4,56.83,1.6581,130821000.0,96671600.0
399371.SZ,2013-09-11,3491.35,3498.04,3528.71,3478.43,3484.23,7.115,0.2042,129479000.0,93828300.0
399371.SZ,2013-09-12,3541.93,3485.09,3576.1,3466.14,3491.35,50.587,1.4489,111885000.0,86316500.0
399371.SZ,2013-09-13,3497.22,3526.51,3548.35,3481.92,3541.93,-44.711,-1.2623,87751600.0,67180400.0
399371.SZ,2013-09-16,3480.06,3512.1,3516.52,3454.78,3497.22,-17.158,-0.4906,78420900.0,64166700.0
399371.SZ,2013-09-17,3402.49,3488.18,3494.21,3400.78,3480.06,-77.574,-2.2291,77056400.0,62691100.0
399371.SZ,2013-09-18,3413.06,3400.5,3423.52,3377.89,3402.49,10.575,0.3108,57807500.0,47256400.0
399371.SZ,2013-09-23,3454.89,3423.86,3455.98,3412.17,3413.06,41.825,1.2254,62923900.0,53737700.0
399371.SZ,2013-09-24,3398.84,3448.65,3448.65,3367.06,3454.89,-56.049,-1.6223,77160100.0,64900800.0
399371.SZ,2013-09-25,3383.42,3394.28,3423.56,3375.13,3398.84,-15.418,-0.4536,71097500.0,60290200.0
399371.SZ,2013-09-26,3300.17,3372.91,3372.91,3298.92,3383.42,-83.254,-2.4606,64927600.0,53504500.0
399371.SZ,2013-09-27,3311.85,3295.19,3318.25,3288.55,3300.17,11.686,0.3541,44025300.0,37025700.0
399371.SZ,2013-09-30,3331.19,3325.89,3338.53,3316.34,3311.85,19.339,0.5839,38532700.0,33098700.0
399371.SZ,2013-10-08,3372.23,3324.63,3376.24,3301.12,3331.19,41.034,1.2318,58837600.0,46599200.0
399371.SZ,2013-10-09,3394.13,3360.38,3395.17,3350.81,3372.23,21.903,0.6495,58424700.0,46360300.0
399371.SZ,2013-10-10,3353.88,3399.33,3399.5,3346.52,3394.13,-40.248,-1.1858,64276300.0,52091000.0
399371.SZ,2013-10-11,3423.95,3376.24,3425.05,3371.25,3353.88,70.067,2.0891,74053200.0,60287600.0
399371.SZ,2013-10-14,3428.54,3428.99,3441.24,3416.02,3423.95,4.588,0.134,79178400.0,63099900.0
399371.SZ,2013-10-15,3415.39,3431.59,3433.0,3395.98,3428.54,-13.147,-0.3835,75792400.0,57855700.0
399371.SZ,2013-10-16,3351.71,3406.41,3406.41,3335.93,3415.39,-63.686,-1.8647,74567700.0,56495000.0
399371.SZ,2013-10-17,3340.83,3369.87,3380.71,3334.07,3351.71,-10.87,-0.3243,60700200.0,45448000.0
399371.SZ,2013-10-18,3352.7,3343.69,3370.18,3337.78,3340.83,11.865,0.3552,48544100.0,36839300.0
399371.SZ,2013-10-21,3408.03,3359.17,3410.55,3341.27,3352.7,55.333,1.6504,66214000.0,51245800.0
399371.SZ,2013-10-22,3371.07,3403.26,3403.26,3363.21,3408.03,-36.962,-1.0846,68392900.0,53016500.0
399371.SZ,2013-10-23,3346.56,3380.16,3421.09,3341.09,3371.07,-24.51,-0.7271,74375100.0,56369600.0
399371.SZ,2013-10-24,3328.18,3338.71,3356.04,3319.3,3346.56,-18.385,-0.5494,54053400.0,42531500.0
399371.SZ,2013-10-25,3305.59,3328.58,3353.0,3287.75,3328.18,-22.586,-0.6786,61112700.0,48170700.0
399371.SZ,2013-10-28,3308.19,3316.0,3318.71,3288.65,3305.59,2.603,0.0787,46899000.0,35322200.0
399371.SZ,2013-10-29,3328.51,3311.5,3380.16,3266.36,3308.19,20.319,0.6142,83237600.0,62568100.0
399371.SZ,2013-10-30,3381.81,3327.85,3382.6,3313.69,3328.51,53.296,1.6012,69370500.0,50049100.0
399371.SZ,2013-10-31,3339.75,3375.43,3376.43,3336.91,3381.81,-42.053,-1.2435,62358400.0,45805300.0
399371.SZ,2013-11-01,3359.56,3340.86,3371.88,3329.3,3339.75,19.809,0.5931,46481000.0,34749700.0
399371.SZ,2013-11-04,3353.3,3374.71,3381.96,3345.12,3359.56,-6.261,-0.1864,40915200.0,31144800.0
399371.SZ,2013-11-05,3352.92,3335.72,3354.73,3298.86,3353.3,-0.381,-0.0114,48967900.0,37227900.0
399371.SZ,2013-11-06,3306.99,3333.46,3345.0,3306.89,3352.92,-45.933,-1.3699,52016100.0,38875600.0
399371.SZ,2013-11-07,3298.74,3304.76,3315.86,3282.24,3306.99,-8.254,-0.2496,38552300.0,29208500.0
399371.SZ,2013-11-08,3264.0,3285.39,3301.94,3261.41,3298.74,-34.73,-1.0528,38251400.0,29526900.0
399371.SZ,2013-11-11,3268.07,3261.99,3277.91,3244.08,3264.0,4.068,0.1246,32505400.0,24444700.0
399371.SZ,2013-11-12,3302.74,3274.62,3303.43,3272.99,3268.07,34.667,1.0608,38264400.0,29574900.0
399371.SZ,2013-11-13,3219.74,3281.38,3281.38,3219.1,3302.74,-82.998,-2.513,44950700.0,33699900.0
399371.SZ,2013-11-14,3228.03,3220.23,3229.75,3201.15,3219.74,8.286,0.2573,41864900.0,31533400.0
399371.SZ,2013-11-15,3288.22,3231.36,3321.03,3231.36,3228.03,60.195,1.8648,59272100.0,47047800.0
399371.SZ,2013-11-18,3406.65,3311.56,3407.82,3301.69,3288.22,118.423,3.6014,79831200.0,66167000.0
399371.SZ,2013-11-19,3387.82,3406.12,3407.14,3380.31,3406.65,-18.823,-0.5525,61226800.0,50878200.0
399371.SZ,2013-11-20,3408.04,3406.12,3413.44,3381.47,3387.82,20.22,0.5968,56307300.0,43837300.0
399371.SZ,2013-11-21,3389.55,3391.7,3394.87,3349.62,3408.04,-18.494,-0.5427,69134500.0,52358200.0
399371.SZ,2013-11-22,3377.26,3394.44,3400.88,3367.26,3389.55,-12.288,-0.3625,57095700.0,44392400.0
399371.SZ,2013-11-25,3366.86,3360.4,3405.33,3352.39,3377.26,-10.404,-0.3081,53161900.0,40573700.0
399371.SZ,2013-11-26,3365.35,3367.89,3380.4,3359.36,3366.86,-1.508,-0.0448,48714300.0,35389000.0
399371.SZ,2013-11-27,3391.19,3362.28,3405.84,3353.28,3365.35,25.836,0.7677,55191000.0,41905500.0
399371.SZ,2013-11-28,3421.26,3397.18,3447.89,3395.02,3391.19,30.077,0.8869,65265900.0,49521700.0
399371.SZ,2013-11-29,3421.2,3429.67,3433.05,3413.65,3421.26,-0.063,-0.0018,49087900.0,38167200.0
399371.SZ,2013-12-02,3407.02,3400.06,3456.12,3365.87,3421.2,-14.178,-0.4144,90402900.0,68666500.0
399371.SZ,2013-12-03,3436.15,3395.6,3443.18,3391.97,3407.02,29.131,0.855,59606000.0,45428900.0
399371.SZ,2013-12-04,3488.43,3431.41,3506.42,3426.08,3436.15,52.282,1.5215,88016500.0,66972700.0
399371.SZ,2013-12-05,3478.72,3490.06,3496.35,3466.91,3488.43,-9.712,-0.2784,63532600.0,48415800.0
399371.SZ,2013-12-06,3460.74,3473.66,3481.81,3447.73,3478.72,-17.982,-0.5169,52401800.0,41415300.0
399371.SZ,2013-12-09,3459.94,3471.57,3482.1,3451.0,3460.74,-0.801,-0.0231,45644500.0,36798600.0
399371.SZ,2013-12-10,3473.54,3467.74,3487.43,3458.8,3459.94,13.598,0.393,54467200.0,42453600.0
399371.SZ,2013-12-11,3414.3,3457.64,3457.64,3398.36,3473.54,-59.232,-1.7052,56884400.0,43708200.0
399371.SZ,2013-12-12,3405.42,3405.52,3423.13,3397.78,3414.3,-8.888,-0.2603,41870400.0,31595500.0
399371.SZ,2013-12-13,3403.68,3380.94,3412.24,3375.89,3405.42,-1.738,-0.051,42943700.0,32413100.0
399371.SZ,2013-12-16,3354.7,3406.65,3411.7,3354.47,3403.68,-48.975,-1.4389,48516400.0,37275100.0
399371.SZ,2013-12-17,3335.45,3358.09,3362.88,3330.78,3354.7,-19.256,-0.574,37321300.0,28171800.0
399371.SZ,2013-12-18,3337.94,3335.87,3353.5,3327.87,3335.45,2.496,0.0748,30568600.0,23238400.0
399371.SZ,2013-12-19,3300.88,3350.11,3356.25,3299.36,3337.94,-37.064,-1.1104,35573600.0,26421800.0
399371.SZ,2013-12-20,3221.96,3304.17,3307.79,3221.96,3300.88,-78.918,-2.3908,46771700.0,34359400.0
399371.SZ,2013-12-23,3227.2,3232.84,3248.36,3200.28,3221.96,5.235,0.1625,32785100.0,24605100.0
399371.SZ,2013-12-24,3236.63,3238.93,3268.45,3212.11,3227.2,9.432,0.2923,34401300.0,26155200.0
399371.SZ,2013-12-25,3252.87,3240.57,3253.44,3227.74,3236.63,16.245,0.5019,30362100.0,23934100.0
399371.SZ,2013-12-26,3193.54,3247.45,3247.46,3192.03,3252.87,-59.331,-1.824,38363000.0,28642100.0
399371.SZ,2013-12-27,3247.48,3197.23,3264.62,3193.66,3193.54,53.933,1.6888,39800900.0,30148900.0
399371.SZ,2013-12-30,3244.68,3262.73,3268.01,3241.55,3247.48,-2.792,-0.086,38871000.0,28370200.0
399371.SZ,2013-12-31,3288.74,3232.89,3291.87,3228.45,3244.68,44.057,1.3578,43638900.0,33884700.0
399371.SZ,2014-01-02,3270.54,3277.79,3280.34,3256.59,3288.74,-18.203,-0.5535,33866900.0,26709600.0
399371.SZ,2014-01-03,3215.21,3252.49,3254.18,3204.49,3270.54,-55.325,-1.6916,42150800.0,32588400.0
399371.SZ,2014-01-06,3147.26,3210.85,3210.85,3132.55,3215.21,-67.957,-2.1136,49316600.0,36066900.0
399371.SZ,2014-01-07,3142.78,3125.64,3154.27,3119.35,3147.26,-4.478,-0.1423,31993300.0,23749800.0
399371.SZ,2014-01-08,3144.59,3145.74,3172.9,3127.71,3142.78,1.815,0.0578,36210400.0,27035000.0
399371.SZ,2014-01-09,3122.37,3138.35,3166.24,3119.35,3144.59,-22.219,-0.7066,37108600.0,27967700.0
399371.SZ,2014-01-10,3104.25,3117.34,3124.1,3095.79,3122.37,-18.127,-0.5806,37935500.0,25342600.0
399371.SZ,2014-01-13,3092.68,3105.97,3125.8,3078.69,3104.25,-11.57,-0.3727,33478500.0,24216500.0
399371.SZ,2014-01-14,3122.68,3091.31,3123.22,3080.67,3092.68,30.002,0.9701,34644900.0,24027400.0
399371.SZ,2014-01-15,3109.51,3119.8,3123.64,3091.83,3122.68,-13.165,-0.4216,31765900.0,22876200.0
399371.SZ,2014-01-16,3114.91,3110.56,3133.83,3096.12,3109.51,5.4,0.1737,34356000.0,25586800.0
399371.SZ,2014-01-17,3077.12,3105.75,3105.75,3071.32,3114.91,-37.795,-1.2134,33802100.0,24987500.0
399371.SZ,2014-01-20,3064.76,3071.62,3081.18,3053.74,3077.12,-12.36,-0.4017,28463500.0,22011900.0
399371.SZ,2014-01-21,3097.37,3069.24,3107.66,3069.24,3064.76,32.61,1.064,28238500.0,22326500.0
399371.SZ,2014-01-22,3169.07,3101.62,3169.21,3098.69,3097.37,71.706,2.3151,49440700.0,36017500.0
399371.SZ,2014-01-23,3145.47,3165.83,3172.5,3140.77,3169.07,-23.606,-0.7449,40456900.0,31546600.0
399371.SZ,2014-01-24,3160.08,3135.78,3179.63,3130.91,3145.47,14.608,0.4644,44571200.0,34595100.0
399371.SZ,2014-01-27,3120.36,3140.77,3140.78,3112.14,3160.08,-39.714,-1.2567,42407200.0,34372700.0
399371.SZ,2014-01-28,3137.32,3126.93,3146.39,3114.93,3120.36,16.96,0.5435,33459000.0,25702400.0
399371.SZ,2014-01-29,3154.45,3144.75,3157.92,3139.79,3137.32,17.124,0.5458,33364100.0,25965400.0
399371.SZ,2014-01-30,3125.58,3146.94,3146.94,3122.65,3154.45,-28.868,-0.9152,27350600.0,22151600.0
399371.SZ,2014-02-07,3134.13,3104.55,3134.13,3090.5,3125.58,8.551,0.2736,33573200.0,27526600.0
399371.SZ,2014-02-10,3198.73,3143.65,3200.74,3143.65,3134.13,64.595,2.061,57546100.0,45065200.0
399371.SZ,2014-02-11,3236.91,3197.49,3249.27,3189.71,3198.73,38.18,1.1936,72225700.0,55254800.0
399371.SZ,2014-02-12,3248.55,3236.15,3256.97,3234.38,3236.91,11.645,0.3598,59512000.0,46403000.0
399371.SZ,2014-02-13,3245.76,3245.56,3287.25,3232.75,3248.55,-2.786,-0.0858,73415000.0,56114900.0
399371.SZ,2014-02-14,3262.1,3241.94,3263.1,3235.18,3245.76,16.333,0.5032,51332200.0,39410300.0
399371.SZ,2014-02-17,3277.68,3279.97,3288.04,3254.91,3262.1,15.586,0.4778,65468600.0,50145300.0
399371.SZ,2014-02-18,3239.12,3273.62,3273.62,3231.51,3277.68,-38.56,-1.1764,63970800.0,51135800.0
399371.SZ,2014-02-19,3286.59,3237.13,3301.27,3231.09,3239.12,47.467,1.4654,73570200.0,55783900.0
399371.SZ,2014-02-20,3258.53,3294.87,3327.14,3256.99,3286.59,-28.06,-0.8538,79911400.0,60593000.0
399371.SZ,2014-02-21,3226.66,3254.86,3258.52,3205.17,3258.53,-31.868,-0.978,55332100.0,41932600.0
399371.SZ,2014-02-24,3153.56,3201.0,3201.0,3127.77,3226.66,-73.102,-2.2656,63626600.0,49173100.0
399371.SZ,2014-02-25,3085.07,3155.06,3167.24,3076.27,3153.56,-68.49,-2.1718,64913900.0,52517600.0
399371.SZ,2014-02-26,3093.07,3071.26,3093.93,3058.32,3085.07,8.002,0.2594,51386400.0,38749300.0
399371.SZ,2014-02-27,3098.23,3099.83,3122.31,3086.66,3093.07,5.153,0.1666,65926100.0,48442700.0
399371.SZ,2014-02-28,3116.44,3090.45,3119.85,3060.1,3098.23,18.215,0.5879,53448600.0,39930500.0
399371.SZ,2014-03-03,3134.73,3106.99,3139.54,3101.1,3116.44,18.286,0.5868,63783700.0,45871300.0
399371.SZ,2014-03-04,3138.8,3126.42,3144.83,3101.2,3134.73,4.074,0.13,57483900.0,43209300.0
399371.SZ,2014-03-05,3109.96,3141.17,3143.38,3105.53,3138.8,-28.839,-0.9188,50287000.0,38237400.0
399371.SZ,2014-03-06,3133.2,3104.44,3144.73,3080.03,3109.96,23.235,0.7471,55315100.0,40549300.0
399371.SZ,2014-03-07,3116.52,3128.43,3152.54,3107.62,3133.2,-16.671,-0.5321,50852100.0,37425000.0
399371.SZ,2014-03-10,3015.93,3093.6,3093.6,3012.82,3116.52,-100.597,-3.2279,54354700.0,38779400.0
399371.SZ,2014-03-11,3024.54,3010.32,3041.42,3003.21,3015.93,8.613,0.2856,42950600.0,31335700.0
399371.SZ,2014-03-12,3039.17,3018.39,3059.44,3004.21,3024.54,14.625,0.4835,51178700.0,35148600.0
399371.SZ,2014-03-13,3070.85,3047.54,3093.35,3040.21,3039.17,31.68,1.0424,52431400.0,34341400.0
399371.SZ,2014-03-14,3048.04,3055.24,3072.85,3026.92,3070.85,-22.808,-0.7427,45336800.0,31454200.0
399371.SZ,2014-03-17,3079.86,3060.41,3079.89,3044.88,3048.04,31.825,1.0441,41219600.0,30043200.0
399371.SZ,2014-03-18,3073.67,3085.64,3092.22,3068.79,3079.86,-6.195,-0.2011,47011100.0,36343900.0
399371.SZ,2014-03-19,3063.65,3062.99,3063.89,3029.35,3073.67,-10.021,-0.326,44828800.0,33219200.0
399371.SZ,2014-03-20,3028.96,3058.02,3089.89,3028.89,3063.65,-34.687,-1.1322,54304700.0,38795700.0
399371.SZ,2014-03-21,3137.71,3019.95,3143.43,3018.58,3028.96,108.751,3.5904,82808900.0,57291700.0
399371.SZ,2014-03-24,3169.72,3144.77,3184.85,3134.11,3137.71,32.004,1.02,84144200.0,56504300.0
399371.SZ,2014-03-25,3163.67,3163.67,3190.46,3149.93,3169.72,-6.049,-0.1908,70081100.0,45597300.0
399371.SZ,2014-03-26,3159.01,3171.63,3178.68,3150.95,3163.67,-4.658,-0.1472,52514700.0,35812200.0
399371.SZ,2014-03-27,3150.82,3154.84,3196.87,3131.34,3159.01,-8.183,-0.259,64439300.0,46238600.0
399371.SZ,2014-03-28,3155.04,3148.42,3183.72,3143.23,3150.82,4.211,0.1336,64422600.0,46225600.0
399371.SZ,2014-03-31,3142.71,3160.96,3171.15,3126.92,3155.04,-12.328,-0.3907,47658200.0,33987500.0
399371.SZ,2014-04-01,3163.83,3137.84,3173.88,3133.28,3142.71,21.118,0.672,40036400.0,29482600.0
399371.SZ,2014-04-02,3196.24,3167.38,3200.25,3164.69,3163.83,32.415,1.0246,59068400.0,40620400.0
399371.SZ,2014-04-03,3163.75,3206.17,3213.79,3157.67,3196.24,-32.491,-1.0165,60284500.0,40078000.0
399371.SZ,2014-04-04,3190.03,3152.18,3190.7,3149.58,3163.75,26.284,0.8308,39426900.0,28231100.0
399371.SZ,2014-04-08,3264.22,3184.07,3278.74,3182.91,3190.03,74.187,2.3256,73548500.0,54967100.0
399371.SZ,2014-04-09,3265.0,3265.29,3276.23,3251.06,3264.22,0.776,0.0238,52943100.0,40379200.0
399371.SZ,2014-04-10,3321.78,3269.74,3347.33,3256.04,3265.0,56.786,1.7392,87405200.0,68091800.0
399371.SZ,2014-04-11,3315.1,3312.46,3327.73,3296.7,3321.78,-6.68,-0.2011,72290100.0,57037600.0
399371.SZ,2014-04-14,3307.23,3309.05,3319.62,3285.62,3315.1,-7.869,-0.2374,50051500.0,38163700.0
399371.SZ,2014-04-15,3245.73,3296.23,3296.23,3241.11,3307.23,-61.504,-1.8597,53625400.0,41159100.0
399371.SZ,2014-04-16,3254.67,3237.17,3266.09,3233.89,3245.73,8.939,0.2754,42166200.0,31859300.0
399371.SZ,2014-04-17,3242.64,3263.64,3267.17,3237.65,3254.67,-12.03,-0.3696,41435500.0,31553300.0
399371.SZ,2014-04-18,3243.09,3229.49,3245.16,3210.52,3242.64,0.456,0.0141,41443700.0,30607400.0
399371.SZ,2014-04-21,3187.81,3222.08,3249.44,3187.81,3243.09,-55.285,-1.7047,44682200.0,33729700.0
399371.SZ,2014-04-22,3211.8,3183.11,3212.12,3164.44,3187.81,23.99,0.7526,48177700.0,35569300.0
399371.SZ,2014-04-23,3209.52,3203.53,3225.49,3199.99,3211.8,-2.281,-0.071,40232200.0,30881400.0
399371.SZ,2014-04-24,3205.23,3207.49,3234.47,3199.15,3209.52,-4.286,-0.1335,39143500.0,29804500.0
399371.SZ,2014-04-25,3179.32,3215.4,3232.49,3178.51,3205.23,-25.915,-0.8085,49237800.0,35927800.0
399371.SZ,2014-04-28,3136.23,3175.89,3181.54,3132.8,3179.32,-43.087,-1.3552,48275500.0,33328700.0
399371.SZ,2014-04-29,3167.78,3136.0,3168.54,3129.51,3136.23,31.548,1.0059,37770900.0,27421300.0
399371.SZ,2014-04-30,3164.8,3167.85,3174.72,3158.06,3167.78,-2.978,-0.094,36607000.0,25341700.0
399371.SZ,2014-05-05,3160.6,3156.83,3166.98,3128.17,3164.8,-4.205,-0.1329,39672200.0,27305800.0
399371.SZ,2014-05-06,3159.28,3152.78,3177.89,3149.28,3160.6,-1.311,-0.0415,36601600.0,25771600.0
399371.SZ,2014-05-07,3132.72,3151.85,3155.32,3132.0,3159.28,-26.564,-0.8408,35566700.0,25097300.0
399371.SZ,2014-05-08,3134.42,3124.24,3177.61,3119.63,3132.72,1.697,0.0542,37967000.0,25839400.0
399371.SZ,2014-05-09,3127.21,3138.63,3142.21,3111.85,3134.42,-7.212,-0.2301,34311300.0,23285200.0
399371.SZ,2014-05-12,3188.15,3149.15,3193.14,3133.77,3127.21,60.946,1.9489,54858800.0,36886200.0
399371.SZ,2014-05-13,3182.33,3188.49,3195.58,3171.95,3188.15,-5.825,-0.1827,44794300.0,29273300.0
399371.SZ,2014-05-14,3180.8,3182.99,3196.58,3174.2,3182.33,-1.53,-0.0481,33085900.0,22966600.0
399371.SZ,2014-05-15,3147.34,3176.84,3179.91,3144.92,3180.8,-33.458,-1.0519,33045100.0,22701300.0
399371.SZ,2014-05-16,3150.98,3144.9,3155.45,3130.09,3147.34,3.643,0.1157,31124100.0,21112300.0
399371.SZ,2014-05-19,3111.2,3141.38,3141.38,3098.03,3150.98,-39.78,-1.2625,29728000.0,20932800.0
399371.SZ,2014-05-20,3116.73,3123.58,3132.79,3109.11,3111.2,5.525,0.1776,28029300.0,19288400.0
399371.SZ,2014-05-21,3141.73,3104.61,3141.89,3088.83,3116.73,25.003,0.8022,27210300.0,19064300.0
399371.SZ,2014-05-22,3138.77,3139.87,3177.32,3136.54,3141.73,-2.957,-0.0941,33598200.0,23831100.0
399371.SZ,2014-05-23,3164.73,3138.13,3164.83,3136.2,3138.77,25.959,0.827,27941500.0,20333500.0
399371.SZ,2014-05-26,3173.68,3179.24,3184.28,3163.21,3164.73,8.945,0.2826,30048900.0,22852300.0
399371.SZ,2014-05-27,3163.94,3171.66,3179.03,3163.24,3173.68,-9.74,-0.3069,29098300.0,21842800.0
399371.SZ,2014-05-28,3192.88,3163.6,3195.03,3154.93,3163.94,28.944,0.9148,35632200.0,27750700.0
399371.SZ,2014-05-29,3174.3,3194.89,3205.06,3173.56,3192.88,-18.579,-0.5819,34230000.0,26261700.0
399371.SZ,2014-05-30,3172.62,3175.26,3184.82,3159.03,3174.3,-1.685,-0.0531,31884000.0,23509500.0
399371.SZ,2014-06-03,3166.96,3173.49,3190.12,3166.42,3172.62,-5.662,-0.1785,29902400.0,21765600.0
399371.SZ,2014-06-04,3138.88,3165.65,3165.65,3122.05,3166.96,-28.076,-0.8865,31132000.0,22353600.0
399371.SZ,2014-06-05,3172.85,3136.21,3173.22,3132.35,3138.88,33.974,1.0824,27753700.0,21283600.0
399371.SZ,2014-06-06,3147.29,3169.15,3169.15,3132.51,3172.85,-25.563,-0.8057,26559900.0,20502500.0
399371.SZ,2014-06-09,3146.88,3137.1,3175.48,3135.26,3147.29,-0.407,-0.0129,26314600.0,19826400.0
399371.SZ,2014-06-10,3186.15,3154.12,3186.17,3145.07,3146.88,39.264,1.2477,34400100.0,26343000.0
399371.SZ,2014-06-11,3183.47,3179.17,3186.82,3170.91,3186.15,-2.681,-0.0841,30868300.0,23634100.0
399371.SZ,2014-06-12,3170.41,3176.53,3179.36,3163.49,3183.47,-13.056,-0.4101,31608000.0,23446900.0
399371.SZ,2014-06-13,3209.09,3166.69,3218.61,3166.56,3170.41,38.685,1.2202,44487300.0,34019400.0
399371.SZ,2014-06-16,3235.73,3208.32,3240.09,3206.77,3209.09,26.639,0.8301,46551200.0,34639800.0
399371.SZ,2014-06-17,3202.54,3225.29,3225.29,3199.15,3235.73,-33.195,-1.0259,36753000.0,27115700.0
399371.SZ,2014-06-18,3185.52,3200.76,3204.51,3182.81,3202.54,-17.017,-0.5314,36034900.0,24960100.0
399371.SZ,2014-06-19,3140.01,3186.81,3194.97,3130.97,3185.52,-45.508,-1.4286,38044200.0,26790100.0
399371.SZ,2014-06-20,3156.68,3134.71,3157.17,3133.7,3140.01,16.668,0.5308,29109200.0,20433500.0
399371.SZ,2014-06-23,3143.68,3155.38,3167.87,3142.11,3156.68,-13.004,-0.412,28457700.0,20608100.0
399371.SZ,2014-06-24,3149.71,3137.65,3152.14,3135.31,3143.68,6.027,0.1917,28503000.0,21292100.0
399371.SZ,2014-06-25,3136.0,3147.01,3147.01,3124.25,3149.71,-13.708,-0.4352,28573900.0,21059300.0
399371.SZ,2014-06-26,3160.92,3137.5,3162.15,3137.5,3136.0,24.924,0.7948,35763900.0,25938400.0
399371.SZ,2014-06-27,3162.23,3155.9,3173.71,3147.77,3160.92,1.309,0.0414,43820500.0,30379000.0
399371.SZ,2014-06-30,3181.84,3166.71,3188.57,3166.71,3162.23,19.608,0.6201,43923400.0,31208600.0
399371.SZ,2014-07-01,3179.11,3186.68,3187.43,3168.71,3181.84,-2.724,-0.0856,41782100.0,27546900.0
399371.SZ,2014-07-02,3190.59,3178.25,3191.85,3167.35,3179.11,11.48,0.3611,49710200.0,31620400.0
399371.SZ,2014-07-03,3205.26,3186.21,3210.29,3181.41,3190.59,14.666,0.4597,59638900.0,36411900.0
399371.SZ,2014-07-04,3205.16,3203.72,3209.09,3198.02,3205.26,-0.102,-0.0032,48563000.0,31319700.0
399371.SZ,2014-07-07,3208.24,3204.6,3216.26,3196.84,3205.16,3.08,0.0961,45836100.0,30095800.0
399371.SZ,2014-07-08,3216.76,3206.47,3217.31,3192.24,3208.24,8.525,0.2657,46149800.0,29837300.0
399371.SZ,2014-07-09,3172.67,3213.05,3213.05,3172.44,3216.76,-44.095,-1.3708,50807200.0,33769200.0
399371.SZ,2014-07-10,3171.8,3167.95,3181.96,3167.54,3172.67,-0.864,-0.0272,45980300.0,28953500.0
399371.SZ,2014-07-11,3178.27,3157.19,3188.01,3156.61,3171.8,6.462,0.2037,53099500.0,33251100.0
399371.SZ,2014-07-14,3215.77,3179.28,3215.79,3178.52,3178.27,37.509,1.1802,56125000.0,40026700.0
399371.SZ,2014-07-15,3219.55,3213.89,3220.99,3204.59,3215.77,3.777,0.1175,63443400.0,43364500.0
399371.SZ,2014-07-16,3224.17,3217.51,3233.61,3215.11,3219.55,4.616,0.1434,75849000.0,45629900.0
399371.SZ,2014-07-17,3204.23,3216.45,3216.45,3190.48,3224.17,-19.938,-0.6184,53260900.0,32915100.0
399371.SZ,2014-07-18,3216.75,3188.25,3231.73,3186.54,3204.23,12.525,0.3909,60327300.0,39319100.0
399371.SZ,2014-07-21,3211.49,3215.23,3224.29,3204.81,3216.75,-5.27,-0.1638,46657300.0,30611500.0
399371.SZ,2014-07-22,3248.79,3206.29,3256.85,3204.5,3211.49,37.309,1.1617,66713400.0,45099100.0
399371.SZ,2014-07-23,3262.59,3246.66,3276.95,3246.18,3248.79,13.801,0.4248,73738300.0,47773200.0
399371.SZ,2014-07-24,3327.53,3266.29,3331.25,3266.29,3262.59,64.939,1.9904,99478700.0,66855600.0
399371.SZ,2014-07-25,3358.1,3333.98,3358.15,3327.03,3327.53,30.571,0.9187,75816000.0,49177700.0
399371.SZ,2014-07-28,3455.06,3372.88,3465.29,3372.88,3358.1,96.952,2.8871,138008000.0,88891900.0
399371.SZ,2014-07-29,3466.96,3461.2,3483.45,3445.87,3455.06,11.905,0.3446,107928000.0,70649400.0
399371.SZ,2014-07-30,3442.34,3456.82,3475.9,3434.51,3466.96,-24.621,-0.7102,98570100.0,64854100.0
399371.SZ,2014-07-31,3485.65,3439.01,3485.96,3433.69,3442.34,43.308,1.2581,85489100.0,55226500.0
399371.SZ,2014-08-01,3453.55,3473.54,3515.06,3453.55,3485.65,-32.098,-0.9209,105190000.0,67168400.0
399371.SZ,2014-08-04,3522.76,3462.69,3522.76,3457.21,3453.55,69.208,2.004,94547900.0,63153700.0
399371.SZ,2014-08-05,3508.35,3522.21,3525.47,3487.04,3522.76,-14.408,-0.409,94244200.0,62081600.0
399371.SZ,2014-08-06,3492.83,3492.94,3504.17,3454.78,3508.35,-15.524,-0.4425,91609100.0,59638100.0
399371.SZ,2014-08-07,3440.06,3490.39,3496.68,3437.9,3492.83,-52.769,-1.5108,87943800.0,57467000.0
399371.SZ,2014-08-08,3443.83,3440.66,3454.22,3425.83,3440.06,3.771,0.1096,67185400.0,44960500.0
399371.SZ,2014-08-11,3496.34,3451.04,3498.77,3451.04,3443.83,52.513,1.5248,73286300.0,51784500.0
399371.SZ,2014-08-12,3483.16,3489.55,3489.55,3466.2,3496.34,-13.184,-0.3771,70198100.0,50036500.0
399371.SZ,2014-08-13,3486.98,3483.84,3502.22,3454.17,3483.16,3.826,0.1098,86076700.0,59968300.0
399371.SZ,2014-08-14,3458.11,3486.46,3496.04,3455.68,3486.98,-28.878,-0.8282,79432500.0,56925100.0
399371.SZ,2014-08-15,3490.9,3458.91,3499.18,3454.14,3458.11,32.795,0.9484,74560200.0,53087100.0
399371.SZ,2014-08-18,3508.2,3497.6,3516.53,3492.04,3490.9,17.302,0.4956,85683800.0,57873900.0
399371.SZ,2014-08-19,3507.66,3512.39,3513.01,3483.56,3508.2,-0.548,-0.0156,92669100.0,61833300.0
399371.SZ,2014-08-20,3493.38,3500.46,3506.66,3485.2,3507.66,-14.271,-0.4069,82617600.0,54374800.0
399371.SZ,2014-08-21,3471.78,3491.62,3492.0,3441.65,3493.38,-21.605,-0.6185,76860300.0,52340500.0
399371.SZ,2014-08-22,3489.52,3468.17,3493.75,3464.96,3471.78,17.741,0.511,70972900.0,49413400.0
399371.SZ,2014-08-25,3460.06,3490.51,3490.51,3451.77,3489.52,-29.455,-0.8441,80105400.0,51635300.0
399371.SZ,2014-08-26,3432.62,3455.04,3470.85,3422.41,3460.06,-27.447,-0.7933,78889100.0,51825500.0
399371.SZ,2014-08-27,3433.0,3430.36,3445.03,3426.43,3432.62,0.381,0.0111,55043300.0,37160700.0
399371.SZ,2014-08-28,3403.84,3431.77,3441.51,3403.74,3433.0,-29.162,-0.8495,57684300.0,38263100.0
399371.SZ,2014-08-29,3442.74,3411.98,3443.83,3406.9,3403.84,38.907,1.143,46716300.0,32062700.0
399371.SZ,2014-09-01,3468.03,3446.25,3468.76,3441.28,3442.74,25.285,0.7344,60661400.0,42308400.0
399371.SZ,2014-09-02,3516.04,3475.77,3516.86,3464.29,3468.03,48.016,1.3845,93574500.0,65389900.0
399371.SZ,2014-09-03,3547.68,3519.86,3555.42,3519.86,3516.04,31.635,0.8997,106556000.0,74502400.0
399371.SZ,2014-09-04,3576.62,3552.71,3578.24,3542.57,3547.68,28.936,0.8156,91424500.0,65327700.0
399371.SZ,2014-09-05,3603.17,3585.93,3604.51,3579.32,3576.62,26.558,0.7425,104158000.0,71874100.0
399371.SZ,2014-09-09,3597.5,3606.29,3609.9,3586.91,3603.17,-5.669,-0.1573,95464300.0,65046300.0
399371.SZ,2014-09-10,3578.31,3582.17,3583.18,3562.69,3597.5,-19.198,-0.5336,92411000.0,61324000.0
399371.SZ,2014-09-11,3568.1,3575.5,3620.58,3557.3,3578.31,-10.209,-0.2853,104938000.0,73071200.0
399371.SZ,2014-09-12,3592.61,3560.27,3592.61,3551.55,3568.1,24.51,0.6869,91132000.0,59694000.0
399371.SZ,2014-09-15,3593.64,3584.01,3596.09,3569.26,3592.61,1.033,0.0288,107636000.0,72868800.0
399371.SZ,2014-09-16,3539.61,3597.25,3615.76,3536.77,3593.64,-54.026,-1.5034,170188000.0,101515000.0
399371.SZ,2014-09-17,3558.03,3548.15,3561.49,3526.12,3539.61,18.413,0.5202,115545000.0,66835000.0
399371.SZ,2014-09-18,3569.52,3549.51,3579.64,3542.17,3558.03,11.494,0.323,101301000.0,62355300.0
399371.SZ,2014-09-19,3590.21,3568.45,3596.22,3558.79,3569.52,20.683,0.5794,89373700.0,58143000.0
399371.SZ,2014-09-22,3521.47,3580.33,3580.33,3514.24,3590.21,-68.733,-1.9145,95605700.0,64075600.0
399371.SZ,2014-09-23,3550.72,3521.74,3552.51,3521.74,3521.47,29.25,0.8306,79125300.0,53226000.0
399371.SZ,2014-09-24,3607.77,3538.79,3609.88,3532.71,3550.72,57.047,1.6066,116825000.0,76054000.0
399371.SZ,2014-09-25,3598.55,3623.0,3634.65,3588.01,3607.77,-9.222,-0.2556,113780000.0,73641600.0
399371.SZ,2014-09-26,3599.6,3589.46,3601.92,3575.11,3598.55,1.057,0.0294,87054400.0,57224800.0
399371.SZ,2014-09-29,3613.08,3605.29,3621.05,3595.21,3599.6,13.479,0.3745,98391100.0,67816300.0
399371.SZ,2014-09-30,3619.29,3618.08,3623.71,3607.4,3613.08,6.21,0.1719,93093100.0,64850700.0
399371.SZ,2014-10-08,3657.4,3636.25,3657.4,3614.91,3619.29,38.107,1.0529,103691000.0,72478200.0
399371.SZ,2014-10-09,3666.01,3659.92,3672.64,3636.26,3657.4,8.609,0.2354,120234000.0,79979600.0
399371.SZ,2014-10-10,3648.82,3653.84,3666.28,3634.45,3666.01,-17.191,-0.4689,128176000.0,82474300.0
399371.SZ,2014-10-13,3632.16,3635.18,3640.02,3597.48,3648.82,-16.66,-0.4566,116713000.0,75153700.0
399371.SZ,2014-10-14,3621.72,3624.59,3650.23,3606.0,3632.16,-10.434,-0.2873,111986000.0,71833300.0
399371.SZ,2014-10-15,3645.96,3619.35,3646.6,3601.25,3621.72,24.236,0.6692,114869000.0,73218200.0
399371.SZ,2014-10-16,3626.0,3625.26,3677.66,3614.77,3645.96,-19.961,-0.5475,148865000.0,93702800.0
399371.SZ,2014-10-17,3605.25,3621.06,3635.48,3567.47,3626.0,-20.744,-0.5721,115909000.0,75075100.0
399371.SZ,2014-10-20,3627.04,3615.06,3628.21,3605.07,3605.25,21.783,0.6042,81398700.0,56786600.0
399371.SZ,2014-10-21,3596.29,3624.91,3631.66,3594.81,3627.04,-30.745,-0.8477,81526700.0,55375000.0
399371.SZ,2014-10-22,3580.88,3597.97,3619.16,3579.14,3596.29,-15.409,-0.4285,73900300.0,52733700.0
399371.SZ,2014-10-23,3547.4,3577.45,3590.98,3541.99,3580.88,-33.489,-0.9352,91074500.0,61489800.0
399371.SZ,2014-10-24,3544.06,3549.87,3562.46,3536.73,3547.4,-3.331,-0.0939,67179900.0,46708100.0
399371.SZ,2014-10-27,3515.14,3529.28,3529.28,3505.92,3544.06,-28.921,-0.816,67720000.0,47582100.0
399371.SZ,2014-10-28,3589.91,3523.0,3590.02,3523.0,3515.14,74.762,2.1269,96021300.0,64531700.0
399371.SZ,2014-10-29,3652.74,3601.14,3666.3,3595.16,3589.91,62.831,1.7502,150292000.0,99845000.0
399371.SZ,2014-10-30,3694.2,3651.16,3702.65,3641.49,3652.74,41.46,1.135,185820000.0,111767000.0
399371.SZ,2014-10-31,3762.02,3701.53,3771.31,3697.62,3694.2,67.823,1.8359,223030000.0,140807000.0
399371.SZ,2014-11-03,3777.27,3772.86,3791.78,3759.07,3762.02,15.248,0.4053,192162000.0,118323000.0
399371.SZ,2014-11-04,3777.77,3776.22,3787.49,3755.6,3777.27,0.508,0.0134,204398000.0,121812000.0
399371.SZ,2014-11-05,3756.76,3782.65,3787.84,3754.97,3777.77,-21.01,-0.5561,160878000.0,99596500.0
399371.SZ,2014-11-06,3763.42,3758.85,3769.81,3729.18,3756.76,6.656,0.1772,129550000.0,82884500.0
399371.SZ,2014-11-07,3751.11,3767.48,3814.73,3734.0,3763.42,-12.314,-0.3272,175081000.0,119458000.0
399371.SZ,2014-11-10,3852.41,3797.25,3852.41,3774.24,3751.11,101.299,2.7005,197088000.0,131850000.0
399371.SZ,2014-11-11,3846.16,3870.92,3919.03,3809.28,3852.41,-6.247,-0.1622,275258000.0,185821000.0
399371.SZ,2014-11-12,3896.65,3824.82,3896.65,3814.91,3846.16,50.492,1.3128,156929000.0,108012000.0
399371.SZ,2014-11-13,3883.04,3901.6,3925.85,3861.0,3896.65,-13.611,-0.3493,174285000.0,122977000.0
399371.SZ,2014-11-14,3877.19,3868.95,3878.12,3841.32,3883.04,-5.854,-0.1508,130322000.0,91674500.0
399371.SZ,2014-11-17,3853.85,3924.64,3928.26,3852.6,3877.19,-23.333,-0.6018,131923000.0,97895500.0
399371.SZ,2014-11-18,3812.03,3850.23,3856.19,3801.05,3853.85,-41.827,-1.0853,122640000.0,85584900.0
399371.SZ,2014-11-19,3801.11,3806.52,3817.31,3790.83,3812.03,-10.912,-0.2863,100835000.0,71720500.0
399371.SZ,2014-11-20,3806.7,3788.36,3817.69,3780.35,3801.11,5.586,0.147,91408200.0,68744600.0
399371.SZ,2014-11-21,3869.3,3806.69,3871.29,3791.49,3806.7,62.596,1.6444,120350000.0,92387700.0
399371.SZ,2014-11-24,3957.28,3901.14,3988.14,3885.32,3869.3,87.983,2.2739,237277000.0,181784000.0
399371.SZ,2014-11-25,4012.2,3954.43,4013.24,3945.89,3957.28,54.925,1.3879,191776000.0,141686000.0
399371.SZ,2014-11-26,4062.14,4021.14,4062.3,4016.41,4012.2,49.938,1.2447,204983000.0,157991000.0
399371.SZ,2014-11-27,4099.29,4084.09,4099.62,4049.36,4062.14,37.153,0.9146,219945000.0,169524000.0
399371.SZ,2014-11-28,4224.89,4101.03,4225.13,4087.31,4099.29,125.594,3.0638,327071000.0,235021000.0
399371.SZ,2014-12-01,4228.68,4257.02,4321.35,4216.91,4224.89,3.795,0.0898,312435000.0,234193000.0
399371.SZ,2014-12-02,4391.79,4212.1,4424.04,4209.27,4228.68,163.103,3.8571,306297000.0,232074000.0
399371.SZ,2014-12-03,4431.1,4407.38,4537.21,4355.62,4391.79,39.316,0.8952,380925000.0,301346000.0
399371.SZ,2014-12-04,4644.24,4442.46,4644.6,4420.2,4431.1,213.141,4.8101,359404000.0,292664000.0
399371.SZ,2014-12-05,4646.18,4683.59,4773.42,4483.4,4644.24,1.94,0.0418,438035000.0,369057000.0
399371.SZ,2014-12-08,4826.5,4611.04,4854.97,4563.93,4646.18,180.317,3.881,410338000.0,342136000.0
399371.SZ,2014-12-09,4577.6,4779.38,5008.91,4534.0,4826.5,-248.898,-5.1569,526661000.0,452513000.0
399371.SZ,2014-12-10,4760.9,4595.58,4770.05,4502.78,4577.6,183.293,4.0041,332112000.0,288697000.0
399371.SZ,2014-12-11,4749.02,4716.88,4846.71,4694.25,4760.9,-11.877,-0.2495,302668000.0,258857000.0
399371.SZ,2014-12-12,4742.33,4749.7,4806.96,4700.88,4749.02,-6.69,-0.1409,251117000.0,212569000.0
399371.SZ,2014-12-15,4755.28,4719.16,4767.41,4642.44,4742.33,12.948,0.273,249855000.0,213956000.0
399371.SZ,2014-12-16,4887.78,4758.74,4887.86,4738.62,4755.28,132.499,2.7864,291859000.0,264208000.0
399371.SZ,2014-12-17,5013.76,4908.44,5034.1,4879.25,4887.78,125.981,2.5775,384444000.0,350328000.0
399371.SZ,2014-12-18,5006.85,5036.88,5076.45,4955.49,5013.76,-6.906,-0.1377,289476000.0,272038000.0
399371.SZ,2014-12-19,5105.45,5010.48,5120.34,4943.92,5006.85,98.595,1.9692,362160000.0,310773000.0
399371.SZ,2014-12-22,5156.42,5133.95,5278.4,5103.59,5105.45,50.969,0.9983,498137000.0,411193000.0
399371.SZ,2014-12-23,5016.11,5083.35,5211.36,4985.31,5156.42,-140.308,-2.721,326900000.0,277346000.0
399371.SZ,2014-12-24,4869.3,5014.9,5032.7,4801.0,5016.11,-146.807,-2.9267,269358000.0,238512000.0
399371.SZ,2014-12-25,5048.59,4914.98,5048.85,4871.43,4869.3,179.29,3.682,269330000.0,240071000.0
399371.SZ,2014-12-26,5204.51,5062.2,5214.94,5039.71,5048.59,155.916,3.0883,327196000.0,305784000.0
399371.SZ,2014-12-29,5245.6,5301.35,5345.8,5168.88,5204.51,41.091,0.7895,372567000.0,367220000.0
399371.SZ,2014-12-30,5266.69,5234.91,5309.06,5198.82,5245.6,21.088,0.402,285170000.0,278202000.0
399371.SZ,2014-12-31,5396.18,5271.75,5407.18,5247.77,5266.69,129.496,2.4588,303096000.0,284845000.0
399371.SZ,2015-01-05,5581.43,5458.77,5619.39,5457.85,5396.18,185.247,3.4329,409871000.0,390017000.0
399371.SZ,2015-01-06,5547.58,5533.88,5651.11,5468.9,5581.43,-33.845,-0.6064,375105000.0,361280000.0
399371.SZ,2015-01-07,5550.14,5510.11,5580.73,5470.88,5547.58,2.559,0.0461,273518000.0,269375000.0
399371.SZ,2015-01-08,5399.76,5562.23,5570.67,5391.0,5550.14,-150.378,-2.7094,260586000.0,250877000.0
399371.SZ,2015-01-09,5389.72,5378.86,5611.54,5361.91,5399.76,-10.041,-0.186,306257000.0,307927000.0
399371.SZ,2015-01-12,5294.59,5356.49,5383.03,5225.04,5389.72,-95.129,-1.765,231915000.0,236345000.0
399371.SZ,2015-01-13,5292.65,5279.23,5344.12,5261.15,5294.59,-1.941,-0.0367,148923000.0,156818000.0
399371.SZ,2015-01-14,5280.79,5308.32,5361.08,5235.49,5292.65,-11.863,-0.2241,167474000.0,164585000.0
399371.SZ,2015-01-15,5463.72,5278.82,5463.72,5251.85,5280.79,182.934,3.4641,204689000.0,213975000.0
399371.SZ,2015-01-16,5500.02,5482.68,5543.61,5449.74,5463.72,36.298,0.6643,237944000.0,246659000.0
399371.SZ,2015-01-19,5026.94,5148.28,5277.16,4998.55,5500.02,-473.081,-8.6014,290077000.0,261096000.0
399371.SZ,2015-01-20,5101.39,5021.15,5138.47,4993.34,5026.94,74.445,1.4809,239271000.0,245420000.0
399371.SZ,2015-01-21,5342.93,5132.01,5361.34,5106.93,5101.39,241.54,4.7348,282340000.0,284999000.0
399371.SZ,2015-01-22,5350.78,5338.26,5368.21,5286.43,5342.93,7.854,0.147,217247000.0,216740000.0
399371.SZ,2015-01-23,5362.19,5370.52,5445.21,5328.96,5350.78,11.409,0.2132,224851000.0,225305000.0
399371.SZ,2015-01-26,5390.48,5360.66,5391.23,5309.15,5362.19,28.296,0.5277,186653000.0,185232000.0
399371.SZ,2015-01-27,5328.79,5398.6,5400.96,5232.72,5390.48,-61.691,-1.1444,238783000.0,235224000.0
399371.SZ,2015-01-28,5265.67,5284.52,5341.54,5246.66,5328.79,-63.126,-1.1846,185580000.0,183955000.0
399371.SZ,2015-01-29,5202.22,5192.26,5241.1,5166.75,5265.67,-63.45,-1.205,179878000.0,167906000.0
399371.SZ,2015-01-30,5135.18,5223.9,5248.21,5125.73,5202.22,-67.037,-1.2886,168901000.0,163882000.0
399371.SZ,2015-02-02,4993.78,5017.07,5076.11,4986.67,5135.18,-141.401,-2.7536,156722000.0,146053000.0
399371.SZ,2015-02-03,5108.85,5038.03,5111.49,4989.54,4993.78,115.068,2.3042,155607000.0,150387000.0
399371.SZ,2015-02-04,5060.48,5121.84,5161.98,5058.12,5108.85,-48.373,-0.9468,155309000.0,151107000.0
399371.SZ,2015-02-05,5003.35,5206.58,5208.07,5003.09,5060.48,-57.129,-1.1289,202417000.0,196083000.0
399371.SZ,2015-02-06,4905.43,4978.37,5003.25,4870.62,5003.35,-97.92,-1.9571,158253000.0,142438000.0
399371.SZ,2015-02-09,4934.0,4890.13,4974.79,4861.74,4905.43,28.57,0.5824,128254000.0,123680000.0
399371.SZ,2015-02-10,5019.86,4929.65,5019.86,4921.76,4934.0,85.866,1.7403,121483000.0,114172000.0
399371.SZ,2015-02-11,5042.85,5029.74,5058.21,5020.13,5019.86,22.992,0.458,109506000.0,103855000.0
399371.SZ,2015-02-12,5063.15,5045.57,5074.49,5006.95,5042.85,20.293,0.4024,125896000.0,116765000.0
399371.SZ,2015-02-13,5110.93,5086.3,5164.86,5073.27,5063.15,47.784,0.9438,169977000.0,154984000.0
399371.SZ,2015-02-16,5132.44,5112.36,5139.04,5096.92,5110.93,21.51,0.4209,132527000.0,126092000.0
399371.SZ,2015-02-17,5179.45,5147.53,5192.98,5147.09,5132.44,47.008,0.9159,139930000.0,131406000.0
399371.SZ,2015-02-25,5135.61,5189.96,5189.96,5113.97,5179.45,-43.841,-0.8464,145497000.0,137100000.0
399371.SZ,2015-02-26,5261.1,5126.91,5264.48,5101.28,5135.61,125.49,2.4435,192451000.0,182381000.0
399371.SZ,2015-02-27,5265.35,5261.62,5287.76,5247.0,5261.1,4.253,0.0808,187023000.0,171249000.0
399371.SZ,2015-03-02,5304.27,5307.85,5311.68,5254.17,5265.35,38.914,0.7391,212808000.0,207771000.0
399371.SZ,2015-03-03,5172.61,5273.68,5273.68,5169.92,5304.27,-131.657,-2.4821,234297000.0,220807000.0
399371.SZ,2015-03-04,5190.67,5177.46,5208.95,5150.5,5172.61,18.057,0.3491,171799000.0,163651000.0
399371.SZ,2015-03-05,5125.78,5164.14,5164.14,5080.43,5190.67,-64.885,-1.25,191939000.0,184591000.0
399371.SZ,2015-03-06,5124.96,5125.9,5157.69,5111.45,5125.78,-0.825,-0.0161,158688000.0,153809000.0
399371.SZ,2015-03-09,5248.64,5102.79,5262.15,5063.24,5124.96,123.685,2.4134,204630000.0,191664000.0
399371.SZ,2015-03-10,5212.73,5225.83,5253.99,5199.43,5248.64,-35.906,-0.6841,176294000.0,173466000.0
399371.SZ,2015-03-11,5223.48,5217.97,5286.02,5205.46,5212.73,10.748,0.2062,174469000.0,167195000.0
399371.SZ,2015-03-12,5349.04,5278.65,5370.72,5249.22,5223.48,125.562,2.4038,242341000.0,239717000.0
399371.SZ,2015-03-13,5388.51,5367.01,5440.35,5354.31,5349.04,39.462,0.7377,222833000.0,221389000.0
399371.SZ,2015-03-16,5514.72,5424.28,5514.88,5392.65,5388.51,126.218,2.3424,241755000.0,247470000.0
399371.SZ,2015-03-17,5602.44,5558.23,5606.67,5538.85,5514.72,87.718,1.5906,324327000.0,320261000.0
399371.SZ,2015-03-18,5737.47,5619.75,5737.49,5612.67,5602.44,135.029,2.4102,357468000.0,339076000.0
399371.SZ,2015-03-19,5739.33,5742.36,5767.63,5689.65,5737.47,1.861,0.0324,345931000.0,336882000.0
399371.SZ,2015-03-20,5793.62,5760.65,5828.64,5717.16,5739.33,54.283,0.9458,330892000.0,356870000.0
399371.SZ,2015-03-23,5906.84,5841.15,5914.84,5840.4,5793.62,113.226,1.9543,343500000.0,361126000.0
399371.SZ,2015-03-24,5895.4,5913.53,5932.15,5763.89,5906.84,-11.439,-0.1937,416527000.0,411320000.0
399371.SZ,2015-03-25,5836.04,5880.62,5891.31,5797.43,5895.4,-59.357,-1.0068,333833000.0,341851000.0
399371.SZ,2015-03-26,5882.25,5807.73,5934.3,5758.86,5836.04,46.209,0.7918,305592000.0,334599000.0
399371.SZ,2015-03-27,5913.42,5893.67,5942.0,5846.54,5882.25,31.164,0.5298,258729000.0,278864000.0
399371.SZ,2015-03-30,6124.03,5963.5,6139.03,5963.5,5913.42,210.61,3.5616,379873000.0,408087000.0
399371.SZ,2015-03-31,6035.75,6209.17,6231.98,6019.07,6124.03,-88.277,-1.4415,377678000.0,421219000.0
399371.SZ,2015-04-01,6117.33,6038.66,6133.53,6019.75,6035.75,81.576,1.3515,283653000.0,313315000.0
399371.SZ,2015-04-02,6119.92,6144.75,6149.48,6040.89,6117.33,2.592,0.0424,288954000.0,318973000.0
399371.SZ,2015-04-03,6169.46,6083.47,6169.46,6065.88,6119.92,49.536,0.8094,277058000.0,306341000.0
399371.SZ,2015-04-07,6327.53,6222.07,6327.89,6222.07,6169.46,158.071,2.5622,368308000.0,394204000.0
399371.SZ,2015-04-08,6395.23,6356.69,6396.14,6254.59,6327.53,67.707,1.07,399596000.0,449872000.0
399371.SZ,2015-04-09,6357.19,6417.9,6440.08,6258.75,6395.23,-38.048,-0.5949,384018000.0,449432000.0
399371.SZ,2015-04-10,6484.49,6341.19,6492.59,6312.11,6357.19,127.306,2.0026,311079000.0,362294000.0
399371.SZ,2015-04-13,6645.42,6554.27,6662.2,6554.27,6484.49,160.932,2.4818,393407000.0,441949000.0
399371.SZ,2015-04-14,6675.61,6664.87,6741.13,6608.21,6645.42,30.187,0.4543,382786000.0,439541000.0
399371.SZ,2015-04-15,6638.96,6684.22,6781.87,6607.48,6675.61,-36.651,-0.549,422347000.0,458984000.0
399371.SZ,2015-04-16,6840.31,6598.08,6840.31,6558.22,6638.96,201.353,3.0329,374028000.0,423405000.0
399371.SZ,2015-04-17,6974.69,6948.81,7031.58,6903.95,6840.31,134.373,1.9644,486498000.0,546465000.0
399371.SZ,2015-04-20,6871.29,7014.63,7108.58,6821.14,6974.69,-103.397,-1.4825,592742000.0,696939000.0
399371.SZ,2015-04-21,6969.6,6860.21,6970.38,6790.2,6871.29,98.308,1.4307,413403000.0,480008000.0
399371.SZ,2015-04-22,7123.18,6984.18,7124.45,6962.31,6969.6,153.584,2.2036,439733000.0,545578000.0
399371.SZ,2015-04-23,7114.6,7145.1,7163.43,7045.38,7123.18,-8.581,-0.1205,422228000.0,517725000.0
399371.SZ,2015-04-24,7043.27,7011.04,7084.59,6914.91,7114.6,-71.331,-1.0026,411039000.0,506041000.0
399371.SZ,2015-04-27,7239.98,7116.44,7243.29,7114.25,7043.27,196.717,2.793,451918000.0,563553000.0
399371.SZ,2015-04-28,7187.5,7256.04,7345.67,7124.42,7239.98,-52.487,-0.725,544311000.0,647473000.0
399371.SZ,2015-04-29,7209.56,7155.78,7248.91,7098.75,7187.5,22.067,0.307,345207000.0,437534000.0
399371.SZ,2015-04-30,7183.86,7222.17,7273.08,7183.44,7209.56,-25.703,-0.3565,360459000.0,461112000.0
399371.SZ,2015-05-04,7250.19,7195.52,7261.72,7120.43,7183.86,66.327,0.9233,334608000.0,430939000.0
399371.SZ,2015-05-05,6921.67,7252.44,7252.44,6889.46,7250.19,-328.515,-4.5311,405733000.0,490390000.0
399371.SZ,2015-05-06,6803.52,6941.78,7052.82,6741.04,6921.67,-118.155,-1.707,318670000.0,402843000.0
399371.SZ,2015-05-07,6648.68,6755.5,6784.28,6645.71,6803.52,-154.839,-2.2759,253264000.0,288901000.0
399371.SZ,2015-05-08,6770.45,6715.94,6770.69,6605.15,6648.68,121.767,1.8314,254042000.0,294942000.0
399371.SZ,2015-05-11,6956.44,6803.43,6956.82,6733.66,6770.45,185.998,2.7472,316459000.0,385215000.0
399371.SZ,2015-05-12,7028.95,6959.41,7028.95,6916.84,6956.44,72.507,1.0423,314152000.0,384560000.0
399371.SZ,2015-05-13,6982.12,7038.24,7043.92,6916.11,7028.95,-46.835,-0.6663,314467000.0,390128000.0
399371.SZ,2015-05-14,6954.72,6973.85,6992.63,6905.56,6982.12,-27.397,-0.3924,273156000.0,328829000.0
399371.SZ,2015-05-15,6819.33,6936.7,6936.7,6777.03,6954.72,-135.394,-1.9468,256574000.0,313889000.0
399371.SZ,2015-05-18,6744.91,6767.62,6812.51,6737.29,6819.33,-74.412,-1.0912,218563000.0,268761000.0
399371.SZ,2015-05-19,6966.67,6750.21,6972.16,6750.08,6744.91,221.752,3.2877,255120000.0,323327000.0
399371.SZ,2015-05-20,7009.7,6993.95,7124.61,6975.06,6966.67,43.03,0.6177,311499000.0,392181000.0
399371.SZ,2015-05-21,7135.67,7026.15,7136.18,6992.21,7009.7,125.97,1.7971,274232000.0,348158000.0
399371.SZ,2015-05-22,7329.15,7211.37,7329.98,7176.84,7135.67,193.489,2.7116,397427000.0,496492000.0
399371.SZ,2015-05-25,7564.34,7352.47,7564.34,7350.19,7329.15,235.183,3.2089,414184000.0,536462000.0
399371.SZ,2015-05-26,7679.36,7634.21,7679.36,7485.94,7564.34,115.026,1.5206,440977000.0,579913000.0
399371.SZ,2015-05-27,7671.44,7686.54,7724.03,7579.79,7679.36,-7.927,-0.1032,418902000.0,548081000.0
399371.SZ,2015-05-28,7185.34,7667.78,7742.7,7180.2,7671.44,-486.1,-6.3365,500867000.0,640239000.0
399371.SZ,2015-05-29,7190.74,7190.6,7302.24,6926.79,7185.34,5.406,0.0752,378505000.0,465452000.0
399371.SZ,2015-06-01,7552.23,7223.4,7553.8,7187.95,7190.74,361.484,5.0271,386775000.0,483188000.0
399371.SZ,2015-06-02,7673.38,7582.02,7674.13,7506.6,7552.23,121.158,1.6043,396223000.0,507115000.0
399371.SZ,2015-06-03,7685.75,7692.49,7721.19,7545.11,7673.38,12.361,0.1611,386444000.0,512359000.0
399371.SZ,2015-06-04,7776.91,7696.08,7788.17,7324.79,7685.75,91.162,1.1861,455910000.0,567155000.0
399371.SZ,2015-06-05,7900.75,7891.72,7938.65,7698.07,7776.91,123.84,1.5924,523108000.0,679638000.0
399371.SZ,2015-06-08,8141.42,7959.09,8164.19,7891.77,7900.75,240.672,3.0462,598019000.0,757300000.0
399371.SZ,2015-06-09,8073.96,8181.0,8181.0,7970.06,8141.42,-67.46,-0.8286,525587000.0,685523000.0
399371.SZ,2015-06-10,8039.27,7959.33,8141.24,7892.1,8073.96,-34.694,-0.4297,403364000.0,551674000.0
399371.SZ,2015-06-11,8044.45,8029.55,8062.31,7941.63,8039.27,5.185,0.0645,364332000.0,516270000.0
399371.SZ,2015-06-12,8128.14,8076.4,8141.94,8020.62,8044.45,83.689,1.0403,416893000.0,582488000.0
399371.SZ,2015-06-15,7987.74,8145.29,8167.78,7966.03,8128.14,-140.397,-1.7273,428000000.0,586003000.0
399371.SZ,2015-06-16,7722.66,7900.32,7958.81,7649.94,7987.74,-265.086,-3.3187,371240000.0,495405000.0
399371.SZ,2015-06-17,7850.42,7742.3,7873.3,7558.87,7722.66,127.758,1.6543,365459000.0,461320000.0
399371.SZ,2015-06-18,7582.42,7809.0,7848.72,7580.22,7850.42,-267.997,-3.4138,352155000.0,448171000.0
399371.SZ,2015-06-19,7094.46,7441.62,7530.92,7089.78,7582.42,-487.954,-6.4353,306632000.0,380452000.0
399371.SZ,2015-06-23,7279.1,7092.25,7280.18,6786.54,7094.46,184.64,2.6026,317770000.0,386915000.0
399371.SZ,2015-06-24,7471.08,7324.08,7478.21,7240.09,7279.1,191.972,2.6373,374330000.0,460889000.0
399371.SZ,2015-06-25,7248.23,7530.94,7544.36,7185.1,7471.08,-222.841,-2.9827,384361000.0,480261000.0
399371.SZ,2015-06-26,6718.46,7048.94,7173.78,6611.44,7248.23,-529.774,-7.309,376577000.0,445741000.0
399371.SZ,2015-06-29,6557.32,6897.43,6917.83,6236.86,6718.46,-161.145,-2.3985,450309000.0,519407000.0
399371.SZ,2015-06-30,6953.63,6530.45,6957.36,6297.12,6557.32,396.319,6.0439,444336000.0,507281000.0
399371.SZ,2015-07-01,6598.02,6856.64,6983.81,6582.08,6953.63,-355.617,-5.1141,340109000.0,392998000.0
399371.SZ,2015-07-02,6344.07,6629.6,6655.48,6193.24,6598.02,-253.945,-3.8488,367231000.0,377970000.0
399371.SZ,2015-07-03,5939.15,6174.65,6350.82,5850.65,6344.07,-404.926,-6.3827,340352000.0,333119000.0
399371.SZ,2015-07-06,6130.1,6421.43,6421.43,5873.04,5939.15,190.954,3.2152,551730000.0,528471000.0
399371.SZ,2015-07-07,6107.61,5955.42,6125.28,5797.13,6130.1,-22.491,-0.3669,517623000.0,525187000.0
399371.SZ,2015-07-08,5702.74,5658.26,5882.03,5578.58,6107.61,-404.87,-6.6289,564306000.0,532514000.0
399371.SZ,2015-07-09,6063.9,5635.0,6133.46,5523.95,5702.74,361.162,6.3331,422215000.0,389539000.0
399371.SZ,2015-07-10,6353.51,6081.23,6498.5,6048.69,6063.9,289.607,4.7759,411872000.0,421812000.0
399371.SZ,2015-07-13,6499.13,6393.52,6590.17,6298.75,6353.51,145.619,2.2919,413113000.0,423656000.0
399371.SZ,2015-07-14,6353.53,6444.58,6559.64,6265.3,6499.13,-145.596,-2.2402,383886000.0,396100000.0
399371.SZ,2015-07-15,6161.06,6279.11,6348.23,6063.77,6353.53,-192.471,-3.0294,339604000.0,328833000.0
399371.SZ,2015-07-16,6197.31,6130.69,6289.53,6022.0,6161.06,36.246,0.5883,266560000.0,254709000.0
399371.SZ,2015-07-17,6402.96,6233.45,6456.83,6198.94,6197.31,205.651,3.3184,259829000.0,266714000.0
399371.SZ,2015-07-20,6415.73,6401.29,6483.26,6333.09,6402.96,12.768,0.1994,278867000.0,293482000.0
399371.SZ,2015-07-21,6421.19,6344.65,6469.65,6307.7,6415.73,5.465,0.0852,255478000.0,268170000.0
399371.SZ,2015-07-22,6404.11,6393.94,6427.58,6302.15,6421.19,-17.081,-0.266,261874000.0,280553000.0
399371.SZ,2015-07-23,6552.14,6402.54,6566.49,6396.58,6404.11,148.031,2.3115,285577000.0,308791000.0
399371.SZ,2015-07-24,6458.48,6556.8,6627.38,6428.27,6552.14,-93.662,-1.4295,323725000.0,352954000.0
399371.SZ,2015-07-27,5917.34,6345.77,6424.33,5914.73,6458.48,-541.142,-8.3788,300731000.0,307911000.0
399371.SZ,2015-07-28,5883.66,5739.76,5994.07,5665.69,5917.34,-33.68,-0.5692,300493000.0,290950000.0
399371.SZ,2015-07-29,6061.4,5929.01,6064.37,5827.06,5883.66,177.742,3.0209,208514000.0,211923000.0
399371.SZ,2015-07-30,5902.12,6038.22,6110.88,5888.55,6061.4,-159.283,-2.6278,211546000.0,217612000.0
399371.SZ,2015-07-31,5908.94,5851.54,5969.69,5819.89,5902.12,6.819,0.1155,173465000.0,178130000.0
399371.SZ,2015-08-03,5955.5,5851.7,5955.5,5812.97,5908.94,46.56,0.788,202375000.0,196929000.0
399371.SZ,2015-08-04,6126.87,5948.68,6126.98,5904.37,5955.5,171.375,2.8776,186423000.0,188357000.0
399371.SZ,2015-08-05,6022.62,6107.68,6154.98,6006.34,6126.87,-104.248,-1.7015,175448000.0,185127000.0
399371.SZ,2015-08-06,5974.62,5925.33,6054.28,5915.19,6022.62,-47.997,-0.7969,124333000.0,129725000.0
399371.SZ,2015-08-07,6085.43,6024.01,6107.76,6011.49,5974.62,110.803,1.8546,152875000.0,159370000.0
399371.SZ,2015-08-10,6336.67,6139.87,6362.18,6122.35,6085.43,251.242,4.1286,254732000.0,263518000.0
399371.SZ,2015-08-11,6318.54,6327.67,6380.16,6267.66,6336.67,-18.13,-0.2861,276823000.0,288643000.0
399371.SZ,2015-08-12,6238.5,6240.09,6319.7,6227.67,6318.54,-80.04,-1.2667,223906000.0,236645000.0
399371.SZ,2015-08-13,6331.97,6226.5,6331.97,6185.81,6238.5,93.473,1.4983,215689000.0,230999000.0
399371.SZ,2015-08-14,6343.97,6363.03,6406.82,6315.52,6331.97,11.993,0.1894,231896000.0,255722000.0
399371.SZ,2015-08-17,6390.78,6322.11,6390.78,6259.38,6343.97,46.815,0.7379,236786000.0,254904000.0
399371.SZ,2015-08-18,5985.58,6395.96,6402.46,5977.48,6390.78,-405.198,-6.3404,281121000.0,292928000.0
399371.SZ,2015-08-19,6077.58,5862.18,6095.05,5744.55,5985.58,92.001,1.537,236479000.0,232952000.0
399371.SZ,2015-08-20,5895.71,6018.9,6070.17,5895.71,6077.58,-181.87,-2.9925,185610000.0,183293000.0
399371.SZ,2015-08-21,5647.47,5825.55,5881.78,5632.59,5895.71,-248.244,-4.2106,184386000.0,176885000.0
399371.SZ,2015-08-24,5163.8,5446.09,5457.24,5145.47,5647.47,-483.673,-8.5644,207047000.0,180497000.0
399371.SZ,2015-08-25,4806.38,4860.61,5063.04,4766.35,5163.8,-357.414,-6.9215,219901000.0,182838000.0
399371.SZ,2015-08-26,4827.1,4852.33,5054.67,4697.32,4806.38,20.714,0.431,244665000.0,197360000.0
399371.SZ,2015-08-27,5106.3,4921.63,5107.53,4833.84,4827.1,279.206,5.7841,205396000.0,170262000.0
399371.SZ,2015-08-28,5310.32,5170.48,5327.88,5135.6,5106.3,204.016,3.9954,237176000.0,201913000.0
399371.SZ,2015-08-31,5331.56,5252.72,5333.18,5123.43,5310.32,21.24,0.4,209361000.0,182119000.0
399371.SZ,2015-09-01,5306.67,5242.06,5328.45,5089.56,5331.56,-24.894,-0.4669,265119000.0,211607000.0
399371.SZ,2015-09-02,5330.05,5105.3,5357.65,5089.2,5306.67,23.388,0.4407,277781000.0,225272000.0
399371.SZ,2015-09-07,5142.73,5297.54,5383.05,5120.6,5330.05,-187.324,-3.5145,170087000.0,145834000.0
399371.SZ,2015-09-08,5269.12,5107.99,5276.79,5044.09,5142.73,126.394,2.4577,129231000.0,109135000.0
399371.SZ,2015-09-09,5359.47,5285.56,5389.67,5267.62,5269.12,90.35,1.7147,188601000.0,170212000.0
399371.SZ,2015-09-10,5310.56,5289.11,5362.45,5272.88,5359.47,-48.913,-0.9126,130008000.0,116837000.0
399371.SZ,2015-09-11,5308.76,5295.71,5342.35,5254.23,5310.56,-1.804,-0.034,101952000.0,96274800.0
399371.SZ,2015-09-14,5213.35,5337.78,5345.88,5093.04,5308.76,-95.402,-1.7971,171867000.0,155462000.0
399371.SZ,2015-09-15,5040.02,5107.83,5151.08,5003.07,5213.35,-173.333,-3.3248,127525000.0,104992000.0
399371.SZ,2015-09-16,5243.38,5032.96,5302.03,5004.12,5040.02,203.359,4.0349,132764000.0,111011000.0
399371.SZ,2015-09-17,5133.38,5209.78,5299.6,5133.38,5243.38,-110.0,-2.0979,147520000.0,129618000.0
399371.SZ,2015-09-18,5146.03,5157.03,5185.59,5111.77,5133.38,12.646,0.2463,93380700.0,81591000.0
399371.SZ,2015-09-21,5208.93,5099.54,5213.47,5091.54,5146.03,62.908,1.2225,109627000.0,97091700.0
399371.SZ,2015-09-22,5252.45,5210.82,5296.23,5198.55,5208.93,43.514,0.8354,122729000.0,111242000.0
399371.SZ,2015-09-23,5136.75,5180.95,5213.56,5121.56,5252.45,-115.696,-2.2027,112882000.0,96928500.0
399371.SZ,2015-09-24,5166.33,5153.65,5183.2,5120.7,5136.75,29.578,0.5758,96801700.0,84536700.0
399371.SZ,2015-09-25,5106.1,5146.97,5170.81,5053.29,5166.33,-60.235,-1.1659,110435000.0,99386500.0
399371.SZ,2015-09-28,5106.17,5096.01,5111.56,5036.87,5106.1,0.076,0.0015,67931200.0,60401200.0
399371.SZ,2015-09-29,5005.57,5038.64,5052.97,4984.85,5106.17,-100.601,-1.9702,76632700.0,66300600.0
399371.SZ,2015-09-30,5039.37,5031.62,5064.1,5015.01,5005.57,33.796,0.6752,63571700.0,59028800.0
399371.SZ,2015-10-08,5168.87,5206.66,5222.96,5163.96,5039.37,129.501,2.5698,108922000.0,104012000.0
399371.SZ,2015-10-09,5227.64,5182.89,5240.08,5168.85,5168.87,58.772,1.137,104097000.0,90807000.0
399371.SZ,2015-10-12,5386.27,5245.56,5426.36,5242.52,5227.64,158.627,3.0344,183209000.0,165373000.0
399371.SZ,2015-10-13,5381.2,5352.66,5390.83,5334.63,5386.27,-5.067,-0.0941,131243000.0,120665000.0
399371.SZ,2015-10-14,5317.49,5355.37,5388.08,5313.32,5381.2,-63.713,-1.184,124567000.0,112547000.0
399371.SZ,2015-10-15,5426.46,5312.97,5426.46,5312.8,5317.49,108.974,2.0494,137359000.0,124538000.0
399371.SZ,2015-10-16,5497.04,5453.36,5499.66,5421.28,5426.46,70.575,1.3006,183083000.0,169762000.0
399371.SZ,2015-10-19,5490.79,5509.95,5535.96,5441.5,5497.04,-6.246,-0.1136,174763000.0,164644000.0
399371.SZ,2015-10-20,5537.08,5480.45,5537.08,5452.63,5490.79,46.288,0.843,146136000.0,137704000.0
399371.SZ,2015-10-21,5414.59,5543.2,5584.71,5327.37,5537.08,-122.484,-2.2121,236757000.0,211396000.0
399371.SZ,2015-10-22,5465.09,5374.15,5472.92,5361.86,5414.59,50.497,0.9326,153099000.0,137411000.0
399371.SZ,2015-10-23,5535.55,5474.45,5549.93,5457.16,5465.09,70.456,1.2892,168725000.0,156935000.0
399371.SZ,2015-10-26,5550.22,5589.96,5594.48,5517.71,5535.55,14.673,0.2651,164316000.0,162137000.0
399371.SZ,2015-10-27,5542.44,5523.36,5549.15,5407.24,5550.22,-7.776,-0.1401,154511000.0,140124000.0
399371.SZ,2015-10-28,5465.52,5517.53,5550.31,5455.92,5542.44,-76.926,-1.3879,147655000.0,132776000.0
399371.SZ,2015-10-29,5487.61,5482.89,5521.21,5456.09,5465.52,22.095,0.4043,114450000.0,105736000.0
399371.SZ,2015-10-30,5480.79,5483.33,5528.75,5445.48,5487.61,-6.825,-0.1244,110686000.0,105691000.0
399371.SZ,2015-11-02,5405.92,5421.59,5492.17,5405.92,5480.79,-74.867,-1.366,106467000.0,102118000.0
399371.SZ,2015-11-03,5389.04,5412.76,5437.89,5374.13,5405.92,-16.882,-0.3123,86643500.0,83332600.0
399371.SZ,2015-11-04,5603.93,5401.68,5603.93,5401.68,5389.04,214.894,3.9876,159521000.0,155893000.0
399371.SZ,2015-11-05,5708.18,5592.36,5816.77,5585.88,5603.93,104.245,1.8602,292607000.0,278231000.0
399371.SZ,2015-11-06,5784.47,5689.84,5792.93,5689.84,5708.18,76.292,1.3365,208325000.0,196312000.0
399371.SZ,2015-11-09,5887.66,5789.3,5947.33,5788.81,5784.47,103.193,1.784,263975000.0,255110000.0
399371.SZ,2015-11-10,5861.25,5838.1,5895.02,5815.88,5887.66,-26.417,-0.4487,208099000.0,201719000.0
399371.SZ,2015-11-11,5843.38,5857.74,5862.34,5790.37,5861.25,-17.867,-0.3048,176016000.0,165742000.0
399371.SZ,2015-11-12,5789.37,5856.18,5857.66,5754.39,5843.38,-54.007,-0.9242,162811000.0,158505000.0
399371.SZ,2015-11-13,5729.55,5740.89,5800.49,5712.64,5789.37,-59.817,-1.0332,153529000.0,154352000.0
399371.SZ,2015-11-16,5758.65,5652.86,5758.87,5641.73,5729.55,29.099,0.5079,122394000.0,122897000.0
399371.SZ,2015-11-17,5758.75,5789.13,5869.12,5749.12,5758.65,0.1,0.0017,171597000.0,173762000.0
399371.SZ,2015-11-18,5735.58,5763.63,5804.08,5719.97,5758.75,-23.178,-0.4025,146237000.0,145071000.0
399371.SZ,2015-11-19,5804.83,5741.0,5804.83,5722.94,5735.58,69.254,1.2074,119063000.0,117140000.0
399371.SZ,2015-11-20,5821.77,5807.69,5840.87,5795.52,5804.83,16.941,0.2918,153521000.0,149064000.0
399371.SZ,2015-11-23,5801.29,5823.98,5863.19,5786.15,5821.77,-20.48,-0.3518,147632000.0,144805000.0
399371.SZ,2015-11-24,5786.74,5790.58,5795.08,5719.45,5801.29,-14.553,-0.2509,119908000.0,116705000.0
399371.SZ,2015-11-25,5822.36,5776.48,5822.36,5762.26,5786.74,35.622,0.6156,124641000.0,128176000.0
399371.SZ,2015-11-26,5804.67,5841.22,5857.4,5799.69,5822.36,-17.688,-0.3038,141825000.0,144858000.0
399371.SZ,2015-11-27,5514.48,5781.67,5785.31,5475.34,5804.67,-290.193,-4.9993,168360000.0,164367000.0
399371.SZ,2015-11-30,5554.79,5518.94,5578.74,5388.15,5514.48,40.312,0.731,139008000.0,132774000.0
399371.SZ,2015-12-01,5614.22,5553.87,5654.08,5509.82,5554.79,59.432,1.0699,123744000.0,128639000.0
399371.SZ,2015-12-02,5822.33,5604.0,5830.11,5579.74,5614.22,208.112,3.7069,181432000.0,185052000.0
399371.SZ,2015-12-03,5869.0,5802.29,5889.46,5770.5,5822.33,46.661,0.8014,168525000.0,165636000.0
399371.SZ,2015-12-04,5760.01,5821.86,5829.14,5748.37,5869.0,-108.983,-1.8569,129432000.0,135224000.0
399371.SZ,2015-12-07,5770.13,5764.96,5779.28,5727.44,5760.01,10.121,0.1757,97216300.0,107949000.0
399371.SZ,2015-12-08,5667.06,5738.8,5738.8,5658.28,5770.13,-103.073,-1.7863,108645000.0,109979000.0
399371.SZ,2015-12-09,5688.95,5650.94,5715.49,5650.06,5667.06,21.889,0.3862,96121800.0,100686000.0
399371.SZ,2015-12-10,5656.29,5682.58,5742.83,5647.27,5688.95,-32.658,-0.5741,92526700.0,98990500.0
399371.SZ,2015-12-11,5626.36,5631.15,5651.85,5586.48,5656.29,-29.933,-0.5292,84903500.0,86216900.0
399371.SZ,2015-12-14,5744.18,5577.2,5748.41,5570.86,5626.36,117.819,2.0941,106728000.0,103161000.0
399371.SZ,2015-12-15,5725.45,5735.1,5759.03,5701.68,5744.18,-18.729,-0.3261,95657400.0,100322000.0
399371.SZ,2015-12-16,5704.13,5732.51,5743.12,5692.63,5725.45,-21.321,-0.3724,84882800.0,87319100.0
399371.SZ,2015-12-17,5822.74,5732.93,5828.15,5732.93,5704.13,118.616,2.0795,145724000.0,143509000.0
399371.SZ,2015-12-18,5860.3,5820.08,5943.81,5815.02,5822.74,37.561,0.6451,146797000.0,148978000.0
399371.SZ,2015-12-21,6018.1,5843.88,6034.78,5841.86,5860.3,157.795,2.6926,167439000.0,171888000.0
399371.SZ,2015-12-22,6023.06,6022.64,6043.6,5972.48,6018.1,4.961,0.0824,136319000.0,139846000.0
399371.SZ,2015-12-23,6016.48,6025.01,6091.33,6009.23,6023.06,-6.578,-0.1092,146355000.0,156665000.0
399371.SZ,2015-12-24,5975.54,6012.35,6021.85,5910.59,6016.48,-40.942,-0.6805,108911000.0,114795000.0
399371.SZ,2015-12-25,6000.33,5981.73,6008.52,5965.17,5975.54,24.785,0.4148,90828500.0,98550800.0
399371.SZ,2015-12-28,5837.75,6009.63,6018.57,5837.72,6000.33,-162.573,-2.7094,124001000.0,129919000.0
399371.SZ,2015-12-29,5893.53,5831.67,5893.53,5811.43,5837.75,55.776,0.9554,83216400.0,87067200.0
399371.SZ,2015-12-30,5897.18,5891.29,5897.85,5835.87,5893.53,3.654,0.062,86143400.0,97224200.0
399371.SZ,2015-12-31,5850.63,5888.95,5899.22,5836.37,5897.18,-46.55,-0.7894,85559800.0,91613300.0
399371.SZ,2016-01-04,5478.65,5837.59,5839.5,5478.54,5850.63,-371.979,-6.3579,89689300.0,90415100.0
399371.SZ,2016-01-05,5502.62,5362.92,5556.75,5354.36,5478.65,23.966,0.4374,123953000.0,119022000.0
399371.SZ,2016-01-06,5608.75,5504.53,5608.87,5497.61,5502.62,106.13,1.9287,120676000.0,107535000.0
399371.SZ,2016-01-07,5265.27,5535.94,5535.94,5251.1,5608.75,-343.474,-6.1239,37401000.0,32529300.0
399371.SZ,2016-01-08,5373.31,5376.83,5446.73,5200.29,5265.27,108.034,2.0518,145673000.0,128790000.0
399371.SZ,2016-01-11,5121.06,5293.33,5340.37,5121.06,5373.31,-252.252,-4.6945,144780000.0,123186000.0
399371.SZ,2016-01-12,5134.78,5142.9,5175.46,5075.51,5121.06,13.724,0.268,104311000.0,88331400.0
399371.SZ,2016-01-13,5054.2,5171.04,5206.44,5054.11,5134.78,-80.58,-1.5693,99903100.0,84486300.0
399371.SZ,2016-01-14,5134.25,4934.2,5144.73,4927.48,5054.2,80.053,1.5839,110242000.0,91485800.0
399371.SZ,2016-01-15,4968.44,5100.82,5126.22,4941.65,5134.25,-165.815,-3.2296,101987000.0,83599700.0
399371.SZ,2016-01-18,4969.51,4888.44,5022.64,4886.45,4968.44,1.071,0.0216,79672500.0,65132100.0
399371.SZ,2016-01-19,5106.32,4974.15,5111.37,4957.51,4969.51,136.81,2.753,97243800.0,81845000.0
399371.SZ,2016-01-20,5032.69,5078.27,5103.38,4993.75,5106.32,-73.635,-1.442,102345000.0,87224100.0
399371.SZ,2016-01-21,4903.11,4973.67,5072.95,4903.11,5032.69,-129.575,-2.5747,87197400.0,74258100.0
399371.SZ,2016-01-22,4947.85,4949.93,4974.45,4863.41,4903.11,44.743,0.9125,71498500.0,60410900.0
399371.SZ,2016-01-25,4978.33,4969.47,5000.5,4940.13,4947.85,30.476,0.6159,70371100.0,58302200.0
399371.SZ,2016-01-26,4704.7,4934.29,4942.31,4692.98,4978.33,-273.625,-5.4963,99162000.0,79165900.0
399371.SZ,2016-01-27,4683.61,4720.41,4736.6,4557.74,4704.7,-21.095,-0.4484,103222000.0,78325800.0
399371.SZ,2016-01-28,4569.65,4651.77,4695.35,4551.76,4683.61,-113.956,-2.4331,76940400.0,58081600.0
399371.SZ,2016-01-29,4693.25,4566.36,4724.4,4564.09,4569.65,123.595,2.7047,85098900.0,65057900.0
399371.SZ,2016-02-01,4618.23,4684.5,4691.42,4573.95,4693.25,-75.02,-1.5985,69474000.0,53123000.0
399371.SZ,2016-02-02,4702.23,4613.79,4712.72,4613.79,4618.23,84.003,1.8189,69331000.0,55069400.0
399371.SZ,2016-02-03,4679.75,4658.94,4687.88,4622.72,4702.23,-22.485,-0.4782,63832700.0,50616500.0
399371.SZ,2016-02-04,4735.95,4698.97,4751.16,4698.97,4679.75,56.207,1.2011,71971400.0,58095100.0
399371.SZ,2016-02-05,4719.21,4741.12,4752.57,4716.13,4735.95,-16.747,-0.3536,59655800.0,48439900.0
399371.SZ,2016-02-15,4686.91,4602.14,4710.96,4600.38,4719.21,-32.3,-0.6844,56440200.0,45035000.0
399371.SZ,2016-02-16,4816.58,4706.34,4822.42,4706.34,4686.91,129.672,2.7667,85109200.0,66137600.0
399371.SZ,2016-02-17,4854.12,4808.75,4855.87,4800.23,4816.58,37.546,0.7795,91385500.0,72502200.0
399371.SZ,2016-02-18,4846.78,4875.48,4897.11,4841.69,4854.12,-7.34,-0.1512,95076000.0,75773200.0
399371.SZ,2016-02-19,4833.0,4836.38,4854.44,4809.95,4846.78,-13.78,-0.2843,65743300.0,53091900.0
399371.SZ,2016-02-22,4939.13,4878.74,4952.99,4870.36,4833.0,106.127,2.1959,108182000.0,84891200.0
399371.SZ,2016-02-23,4901.36,4934.38,4938.56,4858.67,4939.13,-37.771,-0.7647,89464100.0,72426300.0
399371.SZ,2016-02-24,4936.47,4879.48,4936.71,4856.44,4901.36,35.113,0.7164,92227200.0,75567400.0
399371.SZ,2016-02-25,4664.23,4929.29,4929.29,4643.23,4936.47,-272.24,-5.5149,124071000.0,98651700.0
399371.SZ,2016-02-26,4717.53,4698.83,4741.4,4648.33,4664.23,53.3,1.1427,87230900.0,68805500.0
399371.SZ,2016-02-29,4635.54,4709.43,4711.73,4550.48,4717.53,-81.991,-1.738,104877000.0,80350300.0
399371.SZ,2016-03-01,4704.75,4639.71,4723.59,4611.36,4635.54,69.206,1.4929,90069500.0,71412400.0
399371.SZ,2016-03-02,4891.44,4707.79,4895.07,4706.83,4704.75,186.691,3.9681,141379000.0,111135000.0
399371.SZ,2016-03-03,4908.68,4894.9,4942.42,4880.36,4891.44,17.245,0.3526,150678000.0,122354000.0
399371.SZ,2016-03-04,4975.61,4893.96,4987.7,4882.87,4908.68,66.925,1.3634,174453000.0,138401000.0
399371.SZ,2016-03-07,4993.47,4993.72,5028.37,4958.33,4975.61,17.859,0.3589,111360000.0,88218400.0
399371.SZ,2016-03-08,4992.67,4988.91,4994.1,4836.52,4993.47,-0.801,-0.016,113990000.0,88917200.0
399371.SZ,2016-03-09,4933.49,4894.57,4933.59,4846.32,4992.67,-59.173,-1.1852,91650300.0,71286500.0
399371.SZ,2016-03-10,4846.53,4907.13,4934.28,4845.15,4933.49,-86.965,-1.7627,65164000.0,53538300.0
399371.SZ,2016-03-11,4851.89,4818.36,4853.86,4792.63,4846.53,5.36,0.1106,58532200.0,48502100.0
399371.SZ,2016-03-14,4911.41,4879.01,4972.33,4872.8,4851.89,59.519,1.2267,89101700.0,75096300.0
399371.SZ,2016-03-15,4923.26,4906.1,4926.95,4851.89,4911.41,11.849,0.2413,75067300.0,61880000.0
399371.SZ,2016-03-16,4957.0,4910.26,4966.79,4904.55,4923.26,33.739,0.6853,96094900.0,79733700.0
399371.SZ,2016-03-17,4987.51,4963.4,5022.38,4929.02,4957.0,30.516,0.6156,89561000.0,76862500.0
399371.SZ,2016-03-18,5047.17,5005.1,5076.81,4993.91,4987.51,59.662,1.1962,140386000.0,117969000.0
399371.SZ,2016-03-21,5120.38,5072.92,5145.93,5067.27,5047.17,73.201,1.4503,151119000.0,126525000.0
399371.SZ,2016-03-22,5086.87,5099.41,5124.0,5078.94,5120.38,-33.507,-0.6544,100042000.0,89277900.0
399371.SZ,2016-03-23,5092.18,5078.05,5110.5,5061.19,5086.87,5.31,0.1044,80234700.0,71064000.0
399371.SZ,2016-03-24,5026.86,5063.54,5074.61,5025.21,5092.18,-65.316,-1.2827,94442500.0,81719400.0
399371.SZ,2016-03-25,5057.53,5024.18,5061.33,5024.18,5026.86,30.67,0.6101,70246800.0,62426400.0
399371.SZ,2016-03-28,5019.08,5071.27,5100.68,5006.58,5057.53,-38.449,-0.7602,84488800.0,81732700.0
399371.SZ,2016-03-29,4964.95,5021.79,5027.41,4946.32,5019.08,-54.13,-1.0785,77087800.0,66975100.0
399371.SZ,2016-03-30,5088.08,5000.13,5088.08,5000.13,4964.95,123.131,2.48,93231300.0,81060500.0
399371.SZ,2016-03-31,5088.54,5102.63,5111.55,5072.45,5088.08,0.453,0.0089,90937800.0,81514100.0
399371.SZ,2016-04-01,5105.36,5082.75,5105.36,5017.35,5088.54,16.822,0.3306,95332400.0,78927800.0
399371.SZ,2016-04-05,5159.71,5085.01,5166.21,5073.18,5105.36,54.355,1.0647,110840000.0,95125800.0
399371.SZ,2016-04-06,5142.94,5136.25,5157.72,5114.37,5159.71,-16.771,-0.325,93069000.0,81641600.0
399371.SZ,2016-04-07,5080.02,5156.59,5160.43,5079.7,5142.94,-62.925,-1.2235,94586300.0,83169100.0
399371.SZ,2016-04-08,5051.01,5050.52,5066.3,5020.9,5080.02,-29.01,-0.5711,78229600.0,67562400.0
399371.SZ,2016-04-11,5117.82,5073.66,5142.25,5073.66,5051.01,66.808,1.3227,99989400.0,85612600.0
399371.SZ,2016-04-12,5102.25,5115.52,5118.94,5076.05,5117.82,-15.567,-0.3042,78557100.0,66014500.0
399371.SZ,2016-04-13,5166.04,5130.41,5215.75,5130.41,5102.25,63.792,1.2503,145521000.0,121906000.0
399371.SZ,2016-04-14,5186.06,5189.32,5201.6,5153.33,5166.04,20.014,0.3874,86074900.0,73330900.0
399371.SZ,2016-04-15,5186.99,5191.72,5203.74,5169.63,5186.06,0.937,0.0181,79472300.0,70465200.0
399371.SZ,2016-04-18,5131.33,5159.55,5159.55,5120.18,5186.99,-55.667,-1.0732,77202400.0,69044500.0
399371.SZ,2016-04-19,5142.34,5154.24,5163.28,5119.5,5131.33,11.011,0.2146,61744200.0,57604900.0
399371.SZ,2016-04-20,5057.21,5153.31,5161.12,4954.06,5142.34,-85.128,-1.6554,118948000.0,103903000.0
399371.SZ,2016-04-21,5041.88,5032.11,5095.78,5016.45,5057.21,-15.333,-0.3032,82470200.0,71078700.0
399371.SZ,2016-04-22,5063.9,5015.07,5065.25,5008.68,5041.88,22.024,0.4368,58700300.0,51310100.0
399371.SZ,2016-04-25,5055.05,5047.54,5066.09,5010.41,5063.9,-8.848,-0.1747,55174600.0,50371100.0
399371.SZ,2016-04-26,5077.87,5049.93,5078.82,5036.17,5055.05,22.822,0.4515,48187600.0,44432400.0
399371.SZ,2016-04-27,5061.12,5081.16,5094.11,5055.01,5077.87,-16.749,-0.3298,51778400.0,49454400.0
399371.SZ,2016-04-28,5052.29,5064.81,5073.07,5012.24,5061.12,-8.839,-0.1746,56956900.0,51966700.0
399371.SZ,2016-04-29,5044.0,5040.83,5066.76,5034.06,5052.29,-8.29,-0.1641,49410900.0,48239400.0
399371.SZ,2016-05-03,5122.97,5050.05,5128.83,5034.89,5044.0,78.972,1.5657,75649700.0,73267600.0
399371.SZ,2016-05-04,5117.22,5108.46,5134.68,5101.48,5122.97,-5.743,-0.1121,69036600.0,65172000.0
399371.SZ,2016-05-05,5123.08,5111.04,5126.78,5095.18,5117.22,5.851,0.1143,57802800.0,54623900.0
399371.SZ,2016-05-06,5000.43,5121.86,5125.06,5000.43,5123.08,-122.642,-2.3939,84509800.0,76109500.0
399371.SZ,2016-05-09,4901.05,4981.75,4981.75,4883.77,5000.43,-99.38,-1.9874,77634600.0,64692800.0
399371.SZ,2016-05-10,4905.32,4886.55,4926.54,4886.49,4901.05,4.271,0.0871,52174700.0,46128600.0
399371.SZ,2016-05-11,4934.72,4921.46,4961.05,4901.14,4905.32,29.394,0.5992,62011700.0,56381000.0
399371.SZ,2016-05-12,4942.67,4901.01,4949.78,4862.03,4934.72,7.947,0.161,60772300.0,51984200.0
399371.SZ,2016-05-13,4927.48,4928.85,4961.22,4911.15,4942.67,-15.187,-0.3073,51788400.0,45070300.0
399371.SZ,2016-05-16,4955.77,4912.52,4956.02,4894.71,4927.48,28.29,0.5741,49992100.0,44526200.0
399371.SZ,2016-05-17,4928.75,4954.73,4956.81,4919.13,4955.77,-27.019,-0.5452,51319800.0,46600100.0
399371.SZ,2016-05-18,4895.51,4910.24,4910.81,4851.57,4928.75,-33.235,-0.6743,63652700.0,54549400.0
399371.SZ,2016-05-19,4883.66,4884.17,4918.64,4877.79,4895.51,-11.854,-0.2421,44545800.0,38137600.0
399371.SZ,2016-05-20,4904.21,4864.39,4904.54,4856.31,4883.66,20.551,0.4208,41147000.0,36301600.0
399371.SZ,2016-05-23,4919.21,4907.26,4931.71,4903.18,4904.21,15.0,0.3059,47282900.0,43003700.0
399371.SZ,2016-05-24,4879.57,4915.18,4915.18,4863.79,4919.21,-39.64,-0.8058,46920400.0,40528700.0
399371.SZ,2016-05-25,4879.16,4903.59,4912.56,4867.81,4879.57,-0.409,-0.0084,42965500.0,37100400.0
399371.SZ,2016-05-26,4884.54,4874.99,4897.04,4835.11,4879.16,5.376,0.1102,46569300.0,39549000.0
399371.SZ,2016-05-27,4884.48,4877.72,4899.2,4866.22,4884.54,-0.06,-0.0012,44443200.0,36267100.0
399371.SZ,2016-05-30,4889.9,4877.48,4899.09,4848.72,4884.48,5.42,0.111,44987100.0,36595300.0
399371.SZ,2016-05-31,5019.79,4891.42,5020.61,4891.42,4889.9,129.896,2.6564,92066000.0,76817000.0
399371.SZ,2016-06-01,5010.41,5024.71,5034.52,5009.46,5019.79,-9.382,-0.1869,74795100.0,66242700.0
399371.SZ,2016-06-02,5015.17,5008.07,5022.19,4995.4,5010.41,4.756,0.0949,61659900.0,54344600.0
399371.SZ,2016-06-03,5042.32,5026.64,5048.95,5006.46,5015.17,27.154,0.5414,68728500.0,64583100.0
399371.SZ,2016-06-06,5033.26,5042.27,5049.06,5014.87,5042.32,-9.061,-0.1797,58856700.0,55252600.0
399371.SZ,2016-06-07,5030.34,5037.55,5037.61,5014.22,5033.26,-2.918,-0.058,51368400.0,48832400.0
399371.SZ,2016-06-08,5015.58,5025.04,5028.96,4990.63,5030.34,-14.758,-0.2934,55531800.0,50661500.0
399371.SZ,2016-06-13,4894.1,4975.14,4992.38,4893.29,5015.58,-121.489,-2.4222,67381300.0,58735400.0
399371.SZ,2016-06-14,4909.87,4881.29,4912.08,4878.83,4894.1,15.775,0.3223,45961200.0,40541000.0
399371.SZ,2016-06-15,4967.71,4866.38,4974.85,4864.15,4909.87,57.837,1.178,66822200.0,61027500.0
399371.SZ,2016-06-16,4941.37,4948.44,4962.85,4932.98,4967.71,-26.34,-0.5302,73182200.0,68172100.0
399371.SZ,2016-06-17,4967.81,4941.85,4987.33,4941.85,4941.37,26.44,0.5351,79427200.0,71667100.0
399371.SZ,2016-06-20,4973.48,4976.21,4982.07,4940.92,4967.81,5.667,0.1141,57611400.0,53607800.0
399371.SZ,2016-06-21,4956.04,4985.39,5009.16,4943.93,4973.48,-17.438,-0.3506,67279400.0,60647400.0
399371.SZ,2016-06-22,4989.87,4948.48,4990.06,4944.96,4956.04,33.835,0.6827,55671700.0,47763500.0
399371.SZ,2016-06-23,4961.13,4981.09,4982.78,4945.73,4989.87,-28.746,-0.5761,55609400.0,48230100.0
399371.SZ,2016-06-24,4903.44,4950.15,4975.85,4841.97,4961.13,-57.686,-1.1628,82698600.0,69773700.0
399371.SZ,2016-06-27,4956.16,4885.2,4956.16,4885.2,4903.44,52.718,1.0751,63679700.0,55638000.0
399371.SZ,2016-06-28,4966.22,4937.21,4966.22,4923.94,4956.16,10.061,0.203,66092500.0,59859900.0
399371.SZ,2016-06-29,4997.74,4971.63,4998.61,4964.97,4966.22,31.523,0.6347,74129900.0,64112100.0
399371.SZ,2016-06-30,4990.87,4997.22,5007.25,4981.16,4997.74,-6.868,-0.1374,56009300.0,50821100.0
399371.SZ,2016-07-01,4998.37,4996.82,5018.75,4991.31,4990.87,7.5,0.1503,59670500.0,54361700.0
399371.SZ,2016-07-04,5072.79,4973.89,5083.29,4971.75,4998.37,74.42,1.4889,101418000.0,89571700.0
399371.SZ,2016-07-05,5074.09,5062.82,5078.73,5054.35,5072.79,1.295,0.0255,101864000.0,90252300.0
399371.SZ,2016-07-06,5082.67,5059.19,5085.2,5038.19,5074.09,8.585,0.1692,103874000.0,103061000.0
399371.SZ,2016-07-07,5069.37,5063.83,5081.36,5040.62,5082.67,-13.307,-0.2618,95432100.0,93436000.0
399371.SZ,2016-07-08,5034.33,5051.8,5052.15,5026.11,5069.37,-35.038,-0.6912,69495100.0,67827700.0
399371.SZ,2016-07-11,5052.15,5043.44,5094.75,5041.54,5034.33,17.819,0.3539,102168000.0,95284400.0
399371.SZ,2016-07-12,5157.2,5051.85,5157.2,5051.85,5052.15,105.052,2.0794,137289000.0,124240000.0
399371.SZ,2016-07-13,5174.83,5152.95,5201.52,5152.89,5157.2,17.627,0.3418,131695000.0,118795000.0
399371.SZ,2016-07-14,5161.6,5167.66,5174.24,5135.3,5174.83,-13.223,-0.2555,87030600.0,79133200.0
399371.SZ,2016-07-15,5167.25,5163.01,5180.42,5149.4,5161.6,5.648,0.1094,84409100.0,78133600.0
399371.SZ,2016-07-18,5158.77,5157.22,5187.22,5139.41,5167.25,-8.484,-0.1642,91629400.0,85847000.0
399371.SZ,2016-07-19,5129.04,5157.86,5165.48,5099.05,5158.77,-29.731,-0.5763,76391300.0,73083100.0
399371.SZ,2016-07-20,5112.31,5125.52,5134.92,5100.96,5129.04,-16.728,-0.3261,64555300.0,63490300.0
399371.SZ,2016-07-21,5141.48,5113.02,5164.76,5113.02,5112.31,29.176,0.5707,76889100.0,76454800.0
399371.SZ,2016-07-22,5095.18,5139.8,5143.3,5088.4,5141.48,-46.309,-0.9007,73484000.0,72417000.0
399371.SZ,2016-07-25,5102.34,5089.0,5120.54,5085.51,5095.18,7.167,0.1407,62171500.0,61055600.0
399371.SZ,2016-07-26,5163.02,5098.0,5163.14,5097.62,5102.34,60.673,1.1891,72392200.0,70080600.0
399371.SZ,2016-07-27,5099.99,5161.39,5174.13,5005.91,5163.02,-63.027,-1.2207,135531000.0,126659000.0
399371.SZ,2016-07-28,5115.67,5076.71,5126.83,5064.24,5099.99,15.684,0.3075,97324200.0,94483000.0
399371.SZ,2016-07-29,5098.36,5108.75,5129.65,5088.33,5115.67,-17.311,-0.3384,84715200.0,83246400.0
399371.SZ,2016-08-01,5070.77,5088.34,5095.78,5035.33,5098.36,-27.592,-0.5412,81064500.0,75188900.0
399371.SZ,2016-08-02,5092.4,5064.68,5092.4,5053.82,5070.77,21.629,0.4265,59909000.0,56956600.0
399371.SZ,2016-08-03,5099.25,5074.4,5104.57,5066.9,5092.4,6.85,0.1345,72754000.0,68027700.0
399371.SZ,2016-08-04,5108.89,5095.08,5109.36,5064.71,5099.25,9.64,0.189,73244700.0,72282600.0
399371.SZ,2016-08-05,5120.03,5108.96,5151.61,5098.04,5108.89,11.144,0.2181,74596300.0,77024600.0
399371.SZ,2016-08-08,5166.27,5113.31,5166.49,5098.66,5120.03,46.232,0.903,84289400.0,81696700.0
399371.SZ,2016-08-09,5201.35,5165.12,5202.17,5158.66,5166.27,35.08,0.679,88303300.0,84445200.0
399371.SZ,2016-08-10,5182.42,5197.95,5211.66,5180.93,5201.35,-18.926,-0.3639,83981900.0,81209100.0
399371.SZ,2016-08-11,5170.16,5175.14,5237.49,5168.8,5182.42,-12.262,-0.2366,86499600.0,84211100.0
399371.SZ,2016-08-12,5277.47,5170.2,5277.47,5169.47,5170.16,107.311,2.0756,103669000.0,99182500.0
399371.SZ,2016-08-15,5426.75,5293.28,5457.8,5292.3,5277.47,149.278,2.8286,179012000.0,176574000.0
399371.SZ,2016-08-16,5394.95,5446.4,5468.9,5383.94,5426.75,-31.794,-0.5859,173352000.0,171325000.0
399371.SZ,2016-08-17,5385.74,5394.08,5418.21,5356.8,5394.95,-9.214,-0.1708,118228000.0,116715000.0
399371.SZ,2016-08-18,5377.48,5378.79,5432.04,5353.22,5385.74,-8.256,-0.1533,135178000.0,133756000.0
399371.SZ,2016-08-19,5366.6,5367.74,5380.44,5334.3,5377.48,-10.879,-0.2023,100846000.0,95265800.0
399371.SZ,2016-08-22,5328.46,5363.75,5372.86,5325.79,5366.6,-38.142,-0.7107,89933700.0,86085500.0
399371.SZ,2016-08-23,5338.49,5323.83,5364.9,5310.74,5328.46,10.029,0.1882,79391300.0,77491900.0
399371.SZ,2016-08-24,5315.56,5336.48,5344.68,5305.69,5338.49,-22.926,-0.4294,66666400.0,65324200.0
399371.SZ,2016-08-25,5283.12,5291.95,5292.73,5237.88,5315.56,-32.44,-0.6103,83499300.0,77840000.0
399371.SZ,2016-08-26,5278.97,5286.95,5311.06,5269.65,5283.12,-4.158,-0.0787,66528400.0,63072000.0
399371.SZ,2016-08-29,5277.79,5273.26,5285.17,5255.0,5278.97,-1.18,-0.0224,67877200.0,61938100.0
399371.SZ,2016-08-30,5289.84,5281.28,5306.42,5276.04,5277.79,12.051,0.2283,64071100.0,61063400.0
399371.SZ,2016-08-31,5316.4,5286.12,5324.73,5280.76,5289.84,26.564,0.5022,69511400.0,69591600.0
399371.SZ,2016-09-01,5274.04,5314.36,5316.8,5273.18,5316.4,-42.364,-0.7969,73770800.0,72207200.0
399371.SZ,2016-09-02,5293.83,5273.33,5301.03,5266.07,5274.04,19.797,0.3754,67498100.0,67438300.0
399371.SZ,2016-09-05,5311.65,5304.61,5333.45,5300.24,5293.83,17.815,0.3365,64490800.0,62034700.0
399371.SZ,2016-09-06,5343.14,5317.02,5356.07,5287.35,5311.65,31.495,0.5929,85464800.0,88081300.0
399371.SZ,2016-09-07,5348.82,5344.44,5373.04,5340.15,5343.14,5.679,0.1063,94390400.0,88307000.0
399371.SZ,2016-09-08,5353.51,5345.44,5357.42,5335.79,5348.82,4.685,0.0876,67906800.0,67853200.0
399371.SZ,2016-09-09,5322.66,5352.4,5363.53,5322.66,5353.51,-30.845,-0.5762,71614700.0,73634500.0
399371.SZ,2016-09-12,5239.63,5253.51,5260.63,5194.49,5322.66,-83.033,-1.56,102895000.0,98371300.0
399371.SZ,2016-09-13,5238.36,5242.65,5248.72,5216.48,5239.63,-1.269,-0.0242,62699800.0,64100700.0
399371.SZ,2016-09-14,5194.78,5215.16,5226.37,5184.21,5238.36,-43.58,-0.8319,59787500.0,60827900.0
399371.SZ,2016-09-19,5237.94,5200.98,5238.36,5200.98,5194.78,43.161,0.8309,53571000.0,53841900.0
399371.SZ,2016-09-20,5232.63,5238.08,5238.68,5223.5,5237.94,-5.314,-0.1015,49725900.0,49589200.0
399371.SZ,2016-09-21,5241.98,5232.95,5248.99,5227.46,5232.63,9.356,0.1788,51563800.0,51492400.0
399371.SZ,2016-09-22,5289.1,5265.1,5307.25,5261.03,5241.98,47.112,0.8987,69133500.0,73900300.0
399371.SZ,2016-09-23,5266.11,5291.75,5294.08,5264.77,5289.1,-22.983,-0.4345,59273900.0,58130300.0
399371.SZ,2016-09-26,5191.45,5251.67,5251.82,5191.34,5266.11,-74.661,-1.4178,71251300.0,65391300.0
399371.SZ,2016-09-27,5224.07,5181.68,5224.07,5181.68,5191.45,32.617,0.6283,55659100.0,54428100.0
399371.SZ,2016-09-28,5209.73,5229.3,5229.3,5204.4,5224.07,-14.339,-0.2745,43437700.0,43815600.0
399371.SZ,2016-09-29,5230.52,5216.91,5247.85,5216.86,5209.73,20.792,0.3991,49767100.0,49046100.0
399371.SZ,2016-09-30,5242.93,5222.74,5255.41,5221.04,5230.52,12.412,0.2373,44060900.0,45119100.0
399371.SZ,2016-10-10,5304.5,5262.17,5304.54,5249.09,5242.93,61.564,1.1742,74374400.0,72446900.0
399371.SZ,2016-10-11,5320.57,5307.59,5324.57,5301.56,5304.5,16.071,0.303,81749000.0,73465400.0
399371.SZ,2016-10-12,5308.34,5307.92,5310.37,5290.82,5320.57,-12.23,-0.2299,64164700.0,58916200.0
399371.SZ,2016-10-13,5303.33,5306.57,5315.95,5290.49,5308.34,-5.014,-0.0945,66902200.0,61127400.0
399371.SZ,2016-10-14,5309.71,5298.69,5311.91,5280.38,5303.33,6.385,0.1204,69108600.0,60658300.0
399371.SZ,2016-10-17,5267.69,5307.81,5313.41,5258.12,5309.71,-42.016,-0.7913,72716200.0,64866200.0
399371.SZ,2016-10-18,5331.71,5262.81,5332.44,5262.66,5267.69,64.011,1.2152,82275200.0,73325800.0
399371.SZ,2016-10-19,5322.29,5334.74,5350.31,5313.31,5331.71,-9.419,-0.1767,78431200.0,67324100.0
399371.SZ,2016-10-20,5328.98,5323.13,5334.75,5316.12,5322.29,6.699,0.1259,66987900.0,57641100.0
399371.SZ,2016-10-21,5349.69,5324.63,5362.83,5314.7,5328.98,20.704,0.3885,88878700.0,77137600.0
399371.SZ,2016-10-24,5409.13,5350.57,5432.66,5349.63,5349.69,59.439,1.1111,119091000.0,101670000.0
399371.SZ,2016-10-25,5415.87,5409.65,5421.38,5397.54,5409.13,6.737,0.1245,96428100.0,83656200.0
399371.SZ,2016-10-26,5387.88,5410.27,5410.27,5381.81,5415.87,-27.98,-0.5166,86473600.0,78537900.0
399371.SZ,2016-10-27,5370.36,5382.7,5384.51,5351.55,5387.88,-17.527,-0.3253,71633000.0,64755200.0
399371.SZ,2016-10-28,5365.04,5370.04,5405.81,5359.24,5370.36,-5.317,-0.099,77326800.0,73290100.0
399371.SZ,2016-10-31,5359.89,5354.1,5365.78,5327.56,5365.04,-5.147,-0.0959,63575900.0,59879600.0
399371.SZ,2016-11-01,5398.01,5364.08,5398.01,5356.47,5359.89,38.12,0.7112,68036800.0,65941800.0
399371.SZ,2016-11-02,5349.84,5382.83,5384.93,5346.26,5398.01,-48.17,-0.8924,76326800.0,69059200.0
399371.SZ,2016-11-03,5395.58,5340.01,5414.83,5336.96,5349.84,45.735,0.8549,92707900.0,83607000.0
399371.SZ,2016-11-04,5382.17,5392.9,5416.62,5373.69,5395.58,-13.412,-0.2486,83702000.0,75888900.0
399371.SZ,2016-11-07,5395.45,5383.08,5403.37,5369.18,5382.17,13.287,0.2469,81204200.0,71151300.0
399371.SZ,2016-11-08,5411.36,5408.89,5431.32,5397.07,5395.45,15.907,0.2948,88501600.0,77037100.0
399371.SZ,2016-11-09,5385.8,5412.19,5416.1,5337.65,5411.36,-25.565,-0.4724,115694000.0,105119000.0
399371.SZ,2016-11-10,5450.03,5418.86,5468.44,5418.86,5385.8,64.233,1.1926,114884000.0,102176000.0
399371.SZ,2016-11-11,5490.53,5444.37,5497.81,5438.3,5450.03,40.505,0.7432,148330000.0,125930000.0
399371.SZ,2016-11-14,5509.54,5481.86,5540.31,5480.42,5490.53,19.005,0.3461,175173000.0,147668000.0
399371.SZ,2016-11-15,5506.65,5510.08,5518.74,5490.64,5509.54,-2.891,-0.0525,121791000.0,102985000.0
399371.SZ,2016-11-16,5506.71,5509.04,5513.25,5485.88,5506.65,0.066,0.0012,108192000.0,91910000.0
399371.SZ,2016-11-17,5522.85,5496.14,5526.04,5483.7,5506.71,16.137,0.293,104351000.0,89522900.0
399371.SZ,2016-11-18,5500.02,5528.46,5534.14,5493.89,5522.85,-22.829,-0.4134,102510000.0,91044300.0
399371.SZ,2016-11-21,5542.79,5491.71,5579.08,5491.63,5500.02,42.773,0.7777,132555000.0,120821000.0
399371.SZ,2016-11-22,5586.54,5543.72,5588.94,5543.59,5542.79,43.75,0.7893,149842000.0,134292000.0
399371.SZ,2016-11-23,5607.91,5594.52,5636.3,5592.94,5586.54,21.363,0.3824,143000000.0,133000000.0
399371.SZ,2016-11-24,5634.28,5603.13,5665.13,5600.11,5607.91,26.376,0.4703,126388000.0,126792000.0
399371.SZ,2016-11-25,5689.59,5636.7,5690.15,5599.03,5634.28,55.306,0.9816,131848000.0,126870000.0
399371.SZ,2016-11-28,5718.87,5716.51,5749.94,5709.9,5689.59,29.278,0.5146,176363000.0,171109000.0
399371.SZ,2016-11-29,5747.92,5702.83,5774.7,5694.51,5718.87,29.048,0.5079,181885000.0,172495000.0
399371.SZ,2016-11-30,5694.13,5740.51,5753.71,5678.56,5747.92,-53.782,-0.9357,138366000.0,130221000.0
399371.SZ,2016-12-01,5744.06,5709.93,5766.26,5709.93,5694.13,49.927,0.8768,141704000.0,145396000.0
399371.SZ,2016-12-02,5689.47,5735.14,5737.43,5665.57,5744.06,-54.592,-0.9504,151182000.0,142821000.0
399371.SZ,2016-12-05,5603.31,5603.91,5636.87,5580.73,5689.47,-86.155,-1.5143,132238000.0,129574000.0
399371.SZ,2016-12-06,5588.08,5596.75,5616.76,5584.85,5603.31,-15.237,-0.2719,88940800.0,87369400.0
399371.SZ,2016-12-07,5611.58,5585.39,5611.72,5564.1,5588.08,23.499,0.4205,88617200.0,79449300.0
399371.SZ,2016-12-08,5614.31,5620.77,5633.7,5608.4,5611.58,2.733,0.0487,94481000.0,87011900.0
399371.SZ,2016-12-09,5666.91,5604.6,5692.26,5600.79,5614.31,52.604,0.937,123958000.0,112537000.0
399371.SZ,2016-12-12,5553.96,5661.33,5683.46,5534.3,5666.91,-112.954,-1.9932,153366000.0,138036000.0
399371.SZ,2016-12-13,5534.69,5528.06,5551.91,5482.93,5553.96,-19.269,-0.3469,95321100.0,83989900.0
399371.SZ,2016-12-14,5503.26,5525.42,5558.58,5501.82,5534.69,-31.431,-0.5679,104502000.0,92300100.0
399371.SZ,2016-12-15,5426.54,5477.71,5496.72,5403.14,5503.26,-76.72,-1.3941,97275600.0,88232700.0
399371.SZ,2016-12-16,5430.04,5416.94,5448.72,5411.13,5426.54,3.504,0.0646,77905100.0,70136900.0
399371.SZ,2016-12-19,5411.19,5425.76,5433.61,5403.13,5430.04,-18.8544,-0.3472,75065800.0,68263400.0
399371.SZ,2016-12-20,5371.22,5409.65,5410.38,5338.43,5411.19,-39.9672,-0.7386,80178100.0,70052200.0
399371.SZ,2016-12-21,5413.86,5375.74,5420.24,5375.74,5371.22,42.6347,0.7938,92415700.0,78105100.0
399371.SZ,2016-12-22,5413.05,5406.82,5417.0,5389.43,5413.86,-0.8073,-0.0149,82782000.0,69511100.0
399371.SZ,2016-12-23,5372.29,5409.94,5409.94,5360.0,5413.05,-40.762,-0.753,82656600.0,70998200.0
399371.SZ,2016-12-26,5395.13,5347.97,5395.13,5312.66,5372.29,22.8418,0.4252,76961200.0,66572700.0
399371.SZ,2016-12-27,5390.39,5390.44,5408.61,5387.93,5395.13,-4.7382,-0.0878,68968200.0,62120900.0
399371.SZ,2016-12-28,5370.27,5388.44,5396.15,5354.03,5390.39,-20.1247,-0.3733,66385000.0,59626600.0
399371.SZ,2016-12-29,5359.04,5360.71,5379.85,5343.73,5370.27,-11.2223,-0.209,62987800.0,56091600.0
399371.SZ,2016-12-30,5376.54,5363.84,5381.77,5354.03,5359.04,17.4955,0.3265,65145700.0,59369900.0
399371.SZ,2017-01-03,5431.02,5380.71,5433.46,5380.71,5376.54,54.4779,1.0133,71132900.0,62790900.0
399371.SZ,2017-01-04,5469.06,5427.81,5471.82,5423.71,5431.02,38.0479,0.7006,83857400.0,74852100.0
399371.SZ,2017-01-05,5475.58,5470.66,5480.74,5462.52,5469.06,6.5167,0.1192,81363800.0,71386100.0
399371.SZ,2017-01-06,5452.45,5474.3,5480.58,5447.75,5475.58,-23.1352,-0.4225,83666500.0,73446700.0
399371.SZ,2017-01-09,5476.99,5451.78,5478.92,5449.35,5452.45,24.5414,0.4501,73168300.0,65129700.0
399371.SZ,2017-01-10,5468.37,5471.98,5489.12,5458.49,5476.99,-8.62,-0.1574,78287900.0,67103700.0
399371.SZ,2017-01-11,5431.26,5465.79,5483.92,5431.02,5468.37,-37.1106,-0.6786,86111300.0,70054500.0
399371.SZ,2017-01-12,5401.6,5427.73,5443.82,5399.8,5431.26,-29.657,-0.546,69412700.0,57208900.0
399371.SZ,2017-01-13,5412.1,5401.8,5437.42,5392.38,5401.6,10.5009,0.1944,75510400.0,64516400.0
399371.SZ,2017-01-16,5427.25,5404.83,5432.69,5344.18,5412.1,15.1514,0.28,140149000.0,115520000.0
399371.SZ,2017-01-17,5425.77,5402.69,5426.26,5380.51,5427.25,-1.4828,-0.0273,61953200.0,52178000.0
399371.SZ,2017-01-18,5457.9,5423.77,5473.98,5420.19,5425.77,32.1283,0.5921,65699800.0,57259800.0
399371.SZ,2017-01-19,5440.78,5444.15,5470.35,5431.27,5457.9,-17.1189,-0.3137,61836000.0,51404500.0
399371.SZ,2017-01-20,5480.0,5436.91,5484.2,5436.36,5440.78,39.2196,0.7208,56399600.0,50333300.0
399371.SZ,2017-01-23,5496.37,5485.43,5518.9,5483.58,5480.0,16.3755,0.2988,68573800.0,59090000.0
399371.SZ,2017-01-24,5513.55,5495.8,5525.3,5490.22,5496.37,17.173,0.3124,66945700.0,55383900.0
399371.SZ,2017-01-25,5529.56,5508.7,5530.17,5500.98,5513.55,16.0124,0.2904,58625800.0,51344800.0
399371.SZ,2017-01-26,5551.37,5532.44,5564.62,5532.35,5529.56,21.812,0.3945,62170000.0,52292300.0
399371.SZ,2017-02-03,5504.04,5554.67,5557.33,5501.43,5551.37,-47.3352,-0.8527,46036400.0,42092100.0
399371.SZ,2017-02-06,5519.28,5511.74,5531.4,5496.77,5504.04,15.2457,0.277,65136700.0,58266700.0
399371.SZ,2017-02-07,5512.99,5516.72,5526.9,5494.6,5519.28,-6.293,-0.114,61712100.0,55677400.0
399371.SZ,2017-02-08,5534.45,5505.99,5534.95,5482.16,5512.99,21.4634,0.3893,67189400.0,60087100.0
399371.SZ,2017-02-09,5555.79,5532.08,5572.52,5528.61,5534.45,21.3413,0.3856,91190500.0,80010400.0
399371.SZ,2017-02-10,5593.72,5559.71,5603.69,5559.52,5555.79,37.9287,0.6827,119084000.0,99888600.0
399371.SZ,2017-02-13,5631.41,5603.4,5634.82,5603.4,5593.72,37.6883,0.6738,114958000.0,101287000.0
399371.SZ,2017-02-14,5629.94,5634.44,5635.58,5607.38,5631.41,-1.4673,-0.0261,92612200.0,79681700.0
399371.SZ,2017-02-15,5618.15,5629.07,5658.27,5610.69,5629.94,-11.7931,-0.2095,125596000.0,102935000.0
399371.SZ,2017-02-16,5651.58,5619.87,5651.62,5616.52,5618.15,33.435,0.5951,104926000.0,86094800.0
399371.SZ,2017-02-17,5606.05,5653.9,5666.19,5601.72,5651.58,-45.5351,-0.8057,99330900.0,86199800.0
399371.SZ,2017-02-20,5697.0,5606.07,5699.01,5606.07,5606.05,90.955,1.6224,121410000.0,107273000.0
399371.SZ,2017-02-21,5711.94,5702.68,5728.99,5697.94,5697.0,14.9352,0.2622,106214000.0,94068100.0
399371.SZ,2017-02-22,5729.24,5711.52,5729.71,5698.41,5711.94,17.2983,0.3028,101994000.0,92306800.0
399371.SZ,2017-02-23,5698.1,5725.51,5734.89,5675.93,5729.24,-31.143,-0.5436,100735000.0,89012900.0
399371.SZ,2017-02-24,5689.75,5689.35,5690.43,5655.52,5698.1,-8.3502,-0.1465,93272000.0,79744100.0
399371.SZ,2017-02-27,5640.77,5684.51,5684.51,5631.98,5689.75,-48.9703,-0.8607,92021400.0,83949300.0
399371.SZ,2017-02-28,5656.46,5639.86,5665.99,5639.86,5640.77,15.6864,0.2781,68411500.0,62022300.0
399371.SZ,2017-03-01,5662.59,5655.35,5686.99,5651.11,5656.46,6.1282,0.1083,87698600.0,78816300.0
399371.SZ,2017-03-02,5621.54,5671.97,5678.05,5619.5,5662.59,-41.049,-0.7249,80229300.0,73610800.0
399371.SZ,2017-03-03,5610.13,5606.68,5614.12,5587.61,5621.54,-11.4125,-0.203,74388300.0,66471500.0
399371.SZ,2017-03-06,5634.53,5608.17,5642.86,5606.62,5610.13,24.4031,0.435,76130800.0,68945000.0
399371.SZ,2017-03-07,5639.36,5632.13,5639.59,5617.81,5634.53,4.8281,0.0857,74298200.0,68792800.0
399371.SZ,2017-03-08,5634.45,5635.01,5644.63,5620.24,5639.36,-4.9134,-0.0871,76756100.0,69730500.0
399371.SZ,2017-03-09,5593.96,5623.23,5623.25,5573.35,5634.45,-40.4827,-0.7185,82647100.0,72388100.0
399371.SZ,2017-03-10,5599.34,5589.09,5609.66,5588.71,5593.96,5.3759,0.0961,66460500.0,61661600.0
399371.SZ,2017-03-13,5644.36,5594.38,5644.41,5571.91,5599.34,45.0184,0.804,81865300.0,78400900.0
399371.SZ,2017-03-14,5644.62,5642.15,5660.15,5633.89,5644.36,0.2628,0.0047,71044700.0,67845600.0
399371.SZ,2017-03-15,5653.98,5637.66,5659.45,5628.36,5644.62,9.3628,0.1659,72350400.0,67738100.0
399371.SZ,2017-03-16,5682.53,5666.93,5698.09,5666.93,5653.98,28.5472,0.5049,94073200.0,87593900.0
399371.SZ,2017-03-17,5620.64,5688.06,5691.71,5613.72,5682.53,-61.8863,-1.0891,92373100.0,87761600.0
399371.SZ,2017-03-20,5623.54,5629.0,5639.02,5589.65,5620.64,2.8968,0.0515,80311900.0,76345000.0
399371.SZ,2017-03-21,5650.12,5625.29,5650.87,5618.69,5623.54,26.5829,0.4727,79416200.0,84956600.0
399371.SZ,2017-03-22,5612.72,5624.04,5642.35,5592.43,5650.12,-37.4062,-0.662,92250600.0,90243900.0
399371.SZ,2017-03-23,5632.68,5615.02,5647.4,5591.31,5612.72,19.964,0.3557,86974600.0,87675700.0
399371.SZ,2017-03-24,5673.51,5634.94,5687.53,5627.63,5632.68,40.828,0.7248,110971000.0,107253000.0
399371.SZ,2017-03-27,5661.8,5671.66,5705.51,5654.56,5673.51,-11.7081,-0.2064,102471000.0,98460500.0
399371.SZ,2017-03-28,5645.38,5665.12,5665.42,5632.62,5661.8,-16.419,-0.29,76050600.0,72842200.0
399371.SZ,2017-03-29,5640.98,5648.42,5666.07,5620.78,5645.38,-4.4059,-0.078,102761000.0,88568000.0
399371.SZ,2017-03-30,5605.84,5635.81,5646.35,5580.44,5640.98,-35.1333,-0.6228,119166000.0,98940900.0
399371.SZ,2017-03-31,5639.0,5601.7,5640.08,5596.27,5605.84,33.1588,0.5915,93386400.0,78780300.0
399371.SZ,2017-04-05,5718.54,5681.35,5718.77,5670.5,5639.0,79.5364,1.4105,136894000.0,125724000.0
399371.SZ,2017-04-06,5743.72,5730.03,5747.58,5712.41,5718.54,25.1791,0.4403,137231000.0,120642000.0
399371.SZ,2017-04-07,5748.42,5742.51,5763.33,5728.19,5743.72,4.7076,0.082,141684000.0,128210000.0
399371.SZ,2017-04-10,5744.62,5750.36,5765.99,5738.27,5748.42,-3.8073,-0.0662,137870000.0,129773000.0
399371.SZ,2017-04-11,5767.24,5745.93,5772.0,5683.29,5744.62,22.6256,0.3939,161425000.0,152121000.0
399371.SZ,2017-04-12,5752.47,5765.98,5779.41,5730.29,5767.24,-14.7746,-0.2562,181968000.0,158730000.0
399371.SZ,2017-04-13,5761.56,5736.94,5769.14,5730.36,5752.47,9.0926,0.1581,141015000.0,123289000.0
399371.SZ,2017-04-14,5708.11,5766.51,5767.68,5693.24,5761.56,-53.4471,-0.9276,141306000.0,118051000.0
399371.SZ,2017-04-17,5693.93,5690.95,5694.8,5650.0,5708.11,-14.1835,-0.2485,138410000.0,118766000.0
399371.SZ,2017-04-18,5655.96,5683.93,5705.53,5655.79,5693.93,-37.9689,-0.6668,120732000.0,111556000.0
399371.SZ,2017-04-19,5616.95,5637.76,5644.66,5577.01,5655.96,-39.0113,-0.6897,127960000.0,113344000.0
399371.SZ,2017-04-20,5626.07,5613.19,5636.55,5597.28,5616.95,9.1191,0.1623,115943000.0,109402000.0
399371.SZ,2017-04-21,5644.5,5625.85,5651.25,5617.18,5626.07,18.4323,0.3276,100259000.0,90481300.0
399371.SZ,2017-04-24,5576.25,5630.92,5630.94,5547.94,5644.5,-68.2488,-1.2091,110135000.0,98043500.0
399371.SZ,2017-04-25,5590.08,5570.01,5607.63,5559.91,5576.25,13.8298,0.248,98445100.0,87374800.0
399371.SZ,2017-04-26,5602.17,5590.69,5629.06,5588.18,5590.08,12.0923,0.2163,111664000.0,106445000.0
399371.SZ,2017-04-27,5602.19,5585.52,5608.75,5528.33,5602.17,0.0147,0.0003,129841000.0,118145000.0
399371.SZ,2017-04-28,5602.15,5592.69,5602.15,5565.3,5602.19,-0.0353,-0.0006,105365000.0,95209000.0
399371.SZ,2017-05-02,5584.2,5586.53,5604.68,5570.63,5602.15,-17.9568,-0.3205,100516000.0,91677100.0
399371.SZ,2017-05-03,5552.9,5575.17,5587.16,5536.59,5584.2,-31.3006,-0.5605,93968700.0,85019700.0
399371.SZ,2017-05-04,5538.87,5538.48,5569.29,5517.78,5552.9,-14.0259,-0.2526,110374000.0,95209300.0
399371.SZ,2017-05-05,5504.68,5519.36,5523.29,5475.8,5538.87,-34.1882,-0.6172,106554000.0,96712500.0
399371.SZ,2017-05-08,5469.23,5483.85,5491.77,5437.47,5504.68,-35.4534,-0.6441,107071000.0,96939300.0
399371.SZ,2017-05-09,5466.03,5447.26,5473.35,5428.53,5469.23,-3.204,-0.0586,71673400.0,64974200.0
399371.SZ,2017-05-10,5433.94,5464.22,5489.75,5431.14,5466.03,-32.0859,-0.587,86458100.0,79235800.0
399371.SZ,2017-05-11,5467.14,5413.08,5469.9,5389.31,5433.94,33.1987,0.611,103174000.0,88504100.0
399371.SZ,2017-05-12,5522.41,5455.49,5527.55,5451.35,5467.14,55.2704,1.011,93946100.0,83031500.0
399371.SZ,2017-05-15,5534.55,5528.58,5551.72,5528.52,5522.41,12.1448,0.2199,76240900.0,71374500.0
399371.SZ,2017-05-16,5572.35,5519.19,5572.75,5487.32,5534.55,37.7928,0.6829,101353000.0,89583300.0
399371.SZ,2017-05-17,5546.98,5563.28,5578.4,5543.44,5572.35,-25.3713,-0.4553,99337200.0,90444600.0
399371.SZ,2017-05-18,5522.0,5510.45,5546.58,5504.25,5546.98,-24.9787,-0.4503,84570500.0,72596700.0
399371.SZ,2017-05-19,5532.07,5517.53,5536.82,5516.64,5522.0,10.0694,0.1824,71064600.0,64122100.0
399371.SZ,2017-05-22,5537.22,5526.57,5562.07,5509.92,5532.07,5.1552,0.0932,85059200.0,77982800.0
399371.SZ,2017-05-23,5555.36,5529.19,5582.29,5523.56,5537.22,18.1417,0.3276,100268000.0,93858200.0
399371.SZ,2017-05-24,5559.26,5534.91,5559.43,5495.58,5555.36,3.8965,0.0701,74345400.0,69157500.0
399371.SZ,2017-05-25,5678.91,5542.91,5684.65,5540.94,5559.26,119.654,2.1523,120250000.0,109540000.0
399371.SZ,2017-05-26,5675.32,5668.19,5701.91,5664.22,5678.91,-3.5972,-0.0633,91213600.0,85394600.0
399371.SZ,2017-05-31,5695.19,5699.23,5738.68,5667.19,5675.32,19.8755,0.3502,86717900.0,84108200.0
399371.SZ,2017-06-01,5692.12,5685.0,5700.93,5667.42,5695.19,-3.0664,-0.0538,89916500.0,85064900.0
399371.SZ,2017-06-02,5680.62,5684.04,5695.64,5653.22,5692.12,-11.5082,-0.2022,78195200.0,71849700.0
399371.SZ,2017-06-05,5651.19,5670.04,5679.07,5639.39,5680.62,-29.4247,-0.518,77526100.0,67840900.0
399371.SZ,2017-06-06,5689.98,5644.41,5689.98,5637.22,5651.19,38.7909,0.6864,63066200.0,62008200.0
399371.SZ,2017-06-07,5755.63,5691.11,5759.74,5685.86,5689.98,65.6513,1.1538,97833600.0,93978900.0
399371.SZ,2017-06-08,5798.16,5748.42,5800.52,5742.93,5755.63,42.5241,0.7388,82627900.0,83304400.0
399371.SZ,2017-06-09,5820.41,5796.63,5844.31,5794.21,5798.16,22.2483,0.3837,93842000.0,92902300.0
399371.SZ,2017-06-12,5823.23,5810.79,5869.27,5804.18,5820.41,2.8194,0.0484,84644700.0,88233200.0
399371.SZ,2017-06-13,5836.66,5815.46,5840.15,5800.45,5823.23,13.4306,0.2306,73551500.0,72929700.0
399371.SZ,2017-06-14,5755.74,5814.61,5815.02,5745.02,5836.66,-80.913,-1.3863,75573800.0,77236700.0
399371.SZ,2017-06-15,5739.24,5747.6,5767.53,5712.54,5755.74,-16.4991,-0.2867,72539700.0,71204400.0
399371.SZ,2017-06-16,5716.71,5728.82,5749.65,5709.12,5739.24,-22.5296,-0.3926,65177400.0,62626400.0
399371.SZ,2017-06-19,5781.6,5721.46,5782.38,5720.76,5716.71,64.8861,1.135,70095700.0,69991100.0
399371.SZ,2017-06-20,5775.5,5791.22,5796.57,5762.94,5781.6,-6.1053,-0.1056,74932600.0,72984600.0
399371.SZ,2017-06-21,5829.33,5800.59,5829.33,5763.86,5775.5,53.8326,0.9321,73993700.0,78004500.0
399371.SZ,2017-06-22,5839.23,5822.97,5916.39,5820.82,5829.33,9.9004,0.1698,116623000.0,119206000.0
399371.SZ,2017-06-23,5886.54,5828.51,5887.43,5800.94,5839.23,47.3124,0.8103,91116300.0,93235500.0
399371.SZ,2017-06-26,5953.6,5890.54,5968.06,5890.54,5886.54,67.0575,1.1392,112676000.0,123070000.0
399371.SZ,2017-06-27,5971.03,5949.51,5974.78,5924.47,5953.6,17.4363,0.2929,86414800.0,91361600.0
399371.SZ,2017-06-28,5939.51,5954.33,5983.37,5936.54,5971.03,-31.5272,-0.528,91243400.0,94371000.0
399371.SZ,2017-06-29,5974.49,5945.5,5975.51,5936.65,5939.51,34.9787,0.5889,76178100.0,78810300.0
399371.SZ,2017-06-30,5972.74,5951.89,5976.55,5939.81,5974.49,-1.751,-0.0293,69777700.0,72356200.0
399371.SZ,2017-07-03,5957.02,5972.15,5973.88,5926.2,5972.74,-15.7121,-0.2631,71034000.0,76921200.0
399371.SZ,2017-07-04,5904.43,5950.79,5950.79,5891.54,5957.02,-52.59,-0.8828,75380000.0,82698200.0
399371.SZ,2017-07-05,5971.89,5887.86,5974.66,5887.56,5904.43,67.46,1.1425,72161300.0,82106500.0
399371.SZ,2017-07-06,5983.83,5966.17,5996.72,5934.6,5971.89,11.9361,0.1999,82776600.0,90168800.0
399371.SZ,2017-07-07,5972.67,5960.91,5973.25,5937.6,5983.83,-11.1598,-0.1865,78758900.0,82656600.0
399371.SZ,2017-07-10,5981.49,5959.11,6001.12,5953.09,5972.67,8.8244,0.1477,92141900.0,95691700.0
399371.SZ,2017-07-11,6010.03,5969.48,6058.42,5967.95,5981.49,28.5381,0.4771,99164300.0,106957000.0
399371.SZ,2017-07-12,5995.16,6010.33,6055.13,5966.77,6010.03,-14.8757,-0.2475,100428000.0,104319000.0
399371.SZ,2017-07-13,6050.07,5990.5,6054.44,5986.88,5995.16,54.9111,0.9159,101144000.0,104085000.0
399371.SZ,2017-07-14,6081.45,6044.57,6081.51,6031.64,6050.07,31.3831,0.5187,82157100.0,84902600.0
399371.SZ,2017-07-17,6036.53,6083.77,6117.58,5971.35,6081.45,-44.916,-0.7386,148716000.0,142678000.0
399371.SZ,2017-07-18,6048.55,6012.33,6050.43,5975.82,6036.53,12.014,0.199,105362000.0,103719000.0
399371.SZ,2017-07-19,6138.14,6039.43,6140.28,6035.76,6048.55,89.5961,1.4813,143353000.0,141109000.0
399371.SZ,2017-07-20,6164.3,6128.55,6166.63,6115.97,6138.14,26.1527,0.4261,114971000.0,118409000.0
399371.SZ,2017-07-21,6133.27,6144.28,6163.08,6122.27,6164.3,-31.0261,-0.5033,104172000.0,110670000.0
399371.SZ,2017-07-24,6171.2,6126.5,6193.2,6119.95,6133.27,37.9286,0.6184,120615000.0,127866000.0
399371.SZ,2017-07-25,6140.6,6170.33,6186.04,6126.2,6171.2,-30.6014,-0.4959,103855000.0,105067000.0
399371.SZ,2017-07-26,6118.5,6140.39,6177.22,6079.98,6140.6,-22.1002,-0.3599,109578000.0,112588000.0
399371.SZ,2017-07-27,6101.69,6107.63,6114.67,6052.58,6118.5,-16.8091,-0.2747,107119000.0,111659000.0
399371.SZ,2017-07-28,6117.57,6087.37,6121.19,6073.9,6101.69,15.8767,0.2602,81200700.0,84573100.0
399371.SZ,2017-07-31,6145.92,6114.83,6156.38,6099.99,6117.57,28.3521,0.4635,117014000.0,118725000.0
399371.SZ,2017-08-01,6204.28,6147.25,6204.39,6143.98,6145.92,58.3613,0.9496,116650000.0,121119000.0
399371.SZ,2017-08-02,6184.48,6198.46,6226.6,6181.88,6204.28,-19.8031,-0.3192,131150000.0,127862000.0
399371.SZ,2017-08-03,6131.5,6174.49,6199.71,6117.35,6184.48,-52.9752,-0.8566,111872000.0,113032000.0
399371.SZ,2017-08-04,6096.53,6128.73,6149.43,6095.09,6131.5,-34.9685,-0.5703,119511000.0,118541000.0
399371.SZ,2017-08-07,6132.85,6087.54,6137.85,6058.7,6096.53,36.3187,0.5957,105638000.0,100952000.0
399371.SZ,2017-08-08,6123.5,6128.57,6141.38,6107.61,6132.85,-9.3563,-0.1526,114298000.0,107949000.0
399371.SZ,2017-08-09,6112.24,6119.06,6124.21,6093.8,6123.5,-11.2565,-0.1838,113939000.0,110192000.0
399371.SZ,2017-08-10,6074.07,6100.53,6126.34,6026.9,6112.24,-38.1645,-0.6244,108190000.0,108529000.0
399371.SZ,2017-08-11,5949.56,6025.72,6042.71,5942.54,6074.07,-124.511,-2.0499,126590000.0,120392000.0
399371.SZ,2017-08-14,6000.71,5952.97,6007.56,5951.95,5949.56,51.1495,0.8597,89548800.0,90277800.0
399371.SZ,2017-08-15,6027.11,6003.55,6054.93,6002.12,6000.71,26.396,0.4399,86955600.0,86065100.0
399371.SZ,2017-08-16,6008.04,6021.75,6022.12,5983.0,6027.11,-19.0678,-0.3164,75950700.0,75682100.0
399371.SZ,2017-08-17,6039.74,6018.88,6040.68,6011.46,6008.04,31.6959,0.5276,86666100.0,85926000.0
399371.SZ,2017-08-18,6058.81,6020.31,6074.55,6009.67,6039.74,19.073,0.3158,84230000.0,88706600.0
399371.SZ,2017-08-21,6087.13,6069.67,6088.0,6066.07,6058.81,28.3192,0.4674,81810600.0,84293200.0
399371.SZ,2017-08-22,6119.31,6098.51,6122.36,6086.54,6087.13,32.1807,0.5287,82612400.0,89593400.0
399371.SZ,2017-08-23,6123.47,6111.16,6148.69,6102.45,6119.31,4.1616,0.068,84614000.0,86076400.0
399371.SZ,2017-08-24,6100.29,6123.92,6150.99,6090.63,6123.47,-23.1855,-0.3786,78993100.0,79569300.0
399371.SZ,2017-08-25,6210.68,6101.58,6211.23,6101.58,6100.29,110.391,1.8096,109446000.0,108977000.0
399371.SZ,2017-08-28,6271.26,6226.16,6315.64,6226.16,6210.68,60.5828,0.9755,129341000.0,138792000.0
399371.SZ,2017-08-29,6274.45,6265.96,6290.92,6253.06,6271.26,3.1913,0.0509,94974000.0,100283000.0
399371.SZ,2017-08-30,6272.9,6276.47,6309.77,6262.62,6274.45,-1.5487,-0.0247,111348000.0,114322000.0
399371.SZ,2017-08-31,6236.97,6271.84,6277.88,6200.73,6272.9,-35.933,-0.5728,110494000.0,111530000.0
399371.SZ,2017-09-01,6245.66,6246.43,6273.85,6225.46,6236.97,8.6907,0.1393,128284000.0,129609000.0
399371.SZ,2017-09-04,6253.0,6240.63,6255.57,6215.28,6245.66,7.3398,0.1175,121801000.0,119556000.0
399371.SZ,2017-09-05,6274.92,6253.85,6290.76,6247.3,6253.0,21.9214,0.3506,97246800.0,97468000.0
399371.SZ,2017-09-06,6258.25,6257.67,6274.75,6230.02,6274.92,-16.6724,-0.2657,102131000.0,101096000.0
399371.SZ,2017-09-07,6225.37,6259.71,6268.27,6223.96,6258.25,-32.8832,-0.5254,100001000.0,101129000.0
399371.SZ,2017-09-08,6220.02,6226.48,6247.02,6202.33,6225.37,-5.3464,-0.0859,87259500.0,91233100.0
399371.SZ,2017-09-11,6220.52,6228.79,6265.99,6210.57,6220.02,0.505,0.0081,104429000.0,108218000.0
399371.SZ,2017-09-12,6244.93,6232.92,6259.07,6219.41,6220.52,24.407,0.3924,130445000.0,135394000.0
399371.SZ,2017-09-13,6253.3,6239.93,6261.86,6224.72,6244.93,8.3721,0.1341,89320200.0,94679000.0
399371.SZ,2017-09-14,6236.06,6254.51,6273.75,6217.15,6253.3,-17.2402,-0.2757,102045000.0,107179000.0
399371.SZ,2017-09-15,6221.0,6226.69,6243.12,6204.47,6236.06,-15.0678,-0.2416,111672000.0,115684000.0
399371.SZ,2017-09-18,6231.38,6221.26,6264.01,6221.26,6221.0,10.3808,0.1669,94680600.0,101558000.0
399371.SZ,2017-09-19,6224.74,6241.4,6258.86,6204.02,6231.38,-6.6369,-0.1065,94797400.0,101600000.0
399371.SZ,2017-09-20,6237.95,6218.32,6251.71,6212.18,6224.74,13.2156,0.2123,94135600.0,101185000.0
399371.SZ,2017-09-21,6232.26,6238.8,6269.82,6230.36,6237.95,-5.6977,-0.0913,95293700.0,99496300.0
399371.SZ,2017-09-22,6230.74,6214.33,6242.97,6205.31,6232.26,-1.5197,-0.0244,83716200.0,88641300.0
399371.SZ,2017-09-25,6191.52,6215.23,6221.73,6180.54,6230.74,-39.2123,-0.6293,86674400.0,92016400.0
399371.SZ,2017-09-26,6194.81,6179.64,6201.27,6175.27,6191.52,3.2838,0.053,61964900.0,67073200.0
399371.SZ,2017-09-27,6191.74,6190.73,6206.16,6187.19,6194.81,-3.0675,-0.0495,66964500.0,71818000.0
399371.SZ,2017-09-28,6168.71,6192.63,6192.67,6162.81,6191.74,-23.0353,-0.372,68644500.0,72156900.0
399371.SZ,2017-09-29,6187.92,6169.78,6206.92,6169.78,6168.71,19.2094,0.3114,64871500.0,71719300.0
399371.SZ,2017-10-09,6258.85,6312.15,6326.69,6248.15,6187.92,70.9377,1.1464,107306000.0,114605000.0
399371.SZ,2017-10-10,6266.85,6260.52,6286.45,6212.79,6258.85,7.9949,0.1277,90514600.0,104267000.0
399371.SZ,2017-10-11,6283.2,6261.2,6303.67,6257.65,6266.85,16.3492,0.2609,85673600.0,97054200.0
399371.SZ,2017-10-12,6297.75,6281.66,6306.48,6274.4,6283.2,14.5525,0.2316,73896000.0,81338200.0
399371.SZ,2017-10-13,6303.93,6297.97,6315.73,6292.44,6297.75,6.1811,0.0981,67853400.0,73079800.0
399371.SZ,2017-10-16,6290.05,6313.99,6337.31,6289.93,6303.93,-13.877,-0.2201,85427400.0,90999300.0
399371.SZ,2017-10-17,6294.68,6286.57,6313.52,6272.26,6290.05,4.6226,0.0735,58057600.0,65679600.0
399371.SZ,2017-10-18,6332.77,6298.15,6333.53,6294.19,6294.68,38.0986,0.6053,84206000.0,84846500.0
399371.SZ,2017-10-19,6318.12,6325.11,6334.36,6305.66,6332.77,-14.6549,-0.2314,84593800.0,87149900.0
399371.SZ,2017-10-20,6310.35,6298.2,6316.4,6284.38,6318.12,-7.7738,-0.123,60767700.0,63586700.0
399371.SZ,2017-10-23,6313.99,6317.41,6321.09,6297.39,6310.35,3.6462,0.0578,66939100.0,71215500.0
399371.SZ,2017-10-24,6355.84,6308.23,6356.51,6301.83,6313.99,41.8517,0.6628,69456200.0,77505200.0
399371.SZ,2017-10-25,6380.04,6353.08,6383.02,6348.89,6355.84,24.1975,0.3807,64993700.0,71686300.0
399371.SZ,2017-10-26,6389.43,6375.92,6421.4,6362.72,6380.04,9.3882,0.1471,96658400.0,108077000.0
399371.SZ,2017-10-27,6440.85,6389.9,6446.0,6387.55,6389.43,51.4245,0.8048,93421500.0,101867000.0
399371.SZ,2017-10-30,6413.98,6440.64,6459.56,6344.53,6440.85,-26.8719,-0.4172,106829000.0,115692000.0
399371.SZ,2017-10-31,6398.67,6392.37,6402.58,6367.34,6413.98,-15.3153,-0.2388,77754300.0,84822400.0
399371.SZ,2017-11-01,6379.64,6400.65,6440.3,6367.58,6398.67,-19.0307,-0.2974,98164300.0,109359000.0
399371.SZ,2017-11-02,6373.27,6376.07,6376.28,6332.67,6379.64,-6.3711,-0.0999,87498300.0,92704900.0
399371.SZ,2017-11-03,6339.09,6363.0,6363.25,6291.65,6373.27,-34.1789,-0.5363,92957800.0,96050900.0
399371.SZ,2017-11-06,6355.81,6330.01,6356.83,6291.28,6339.09,16.7198,0.2638,85387400.0,95462700.0
399371.SZ,2017-11-07,6424.99,6359.48,6429.65,6358.25,6355.81,69.184,1.0885,106233000.0,116457000.0
399371.SZ,2017-11-08,6419.69,6420.65,6483.13,6408.07,6424.99,-5.2966,-0.0824,100061000.0,114587000.0
399371.SZ,2017-11-09,6460.85,6415.87,6461.94,6410.48,6419.69,41.1514,0.641,87664500.0,96104100.0
399371.SZ,2017-11-10,6506.43,6450.62,6512.03,6443.41,6460.85,45.5852,0.7056,104185000.0,120258000.0
399371.SZ,2017-11-13,6541.34,6515.11,6557.51,6515.11,6506.43,34.9134,0.5366,115764000.0,127831000.0
399371.SZ,2017-11-14,6516.21,6542.25,6550.64,6493.53,6541.34,-25.1321,-0.3842,103692000.0,119226000.0
399371.SZ,2017-11-15,6485.36,6491.28,6517.2,6461.18,6516.21,-30.8536,-0.4735,88544100.0,103652000.0
399371.SZ,2017-11-16,6525.51,6468.05,6529.77,6464.36,6485.36,40.1487,0.6191,85579600.0,104415000.0
399371.SZ,2017-11-17,6577.07,6516.25,6579.3,6508.18,6525.51,51.5633,0.7902,143695000.0,160770000.0
399371.SZ,2017-11-20,6610.83,6538.2,6612.06,6492.33,6577.07,33.7589,0.5133,103804000.0,119051000.0
399371.SZ,2017-11-21,6720.42,6593.75,6738.73,6589.72,6610.83,109.592,1.6578,124955000.0,153943000.0
399371.SZ,2017-11-22,6756.83,6746.47,6800.38,6700.35,6720.42,36.413,0.5418,134446000.0,156350000.0
399371.SZ,2017-11-23,6580.97,6741.85,6758.03,6551.42,6756.83,-175.866,-2.6028,130781000.0,150369000.0
399371.SZ,2017-11-24,6597.98,6565.66,6605.74,6510.83,6580.97,17.0152,0.2586,94348700.0,114295000.0
399371.SZ,2017-11-27,6530.93,6576.45,6576.68,6497.98,6597.98,-67.0522,-1.0163,99567900.0,115494000.0
399371.SZ,2017-11-28,6520.02,6496.99,6524.27,6452.06,6530.93,-10.909,-0.167,77373900.0,87091500.0
399371.SZ,2017-11-29,6539.07,6530.61,6547.75,6459.84,6520.02,19.0438,0.2921,100825000.0,118001000.0
399371.SZ,2017-11-30,6468.78,6512.35,6531.21,6441.4,6539.07,-70.2833,-1.0748,84362500.0,101529000.0
399371.SZ,2017-12-01,6434.73,6462.12,6485.4,6420.78,6468.78,-34.057,-0.5265,75195500.0,90069600.0
399371.SZ,2017-12-04,6454.24,6418.33,6481.39,6409.21,6434.73,19.5174,0.3033,73590900.0,90004700.0
399371.SZ,2017-12-05,6492.17,6435.61,6504.21,6433.36,6454.24,37.9272,0.5876,116589000.0,134415000.0
399371.SZ,2017-12-06,6442.29,6468.22,6470.37,6362.22,6492.17,-49.8802,-0.7683,79276100.0,91528200.0
399371.SZ,2017-12-07,6369.91,6423.31,6444.47,6343.14,6442.29,-72.3793,-1.1235,65278800.0,76182100.0
399371.SZ,2017-12-08,6419.1,6361.21,6435.96,6344.44,6369.91,49.1871,0.7722,66513100.0,79287700.0
399371.SZ,2017-12-11,6506.37,6418.09,6507.15,6411.0,6419.1,87.2683,1.3595,71671600.0,90415800.0
399371.SZ,2017-12-12,6413.56,6499.91,6505.01,6412.57,6506.37,-92.8109,-1.4265,62054800.0,75634900.0
399371.SZ,2017-12-13,6470.44,6411.5,6477.23,6392.19,6413.56,56.8812,0.8869,56562300.0,70545700.0
399371.SZ,2017-12-14,6441.38,6471.11,6483.01,6418.83,6470.44,-29.0614,-0.4491,60986300.0,71006600.0
399371.SZ,2017-12-15,6370.68,6429.17,6429.17,6360.35,6441.38,-70.6942,-1.0975,64668100.0,73227800.0
399371.SZ,2017-12-18,6389.17,6373.08,6416.84,6361.71,6370.68,18.4887,0.2902,58528800.0,70163400.0
399371.SZ,2017-12-19,6482.07,6389.82,6483.73,6388.92,6389.17,92.9014,1.454,62181300.0,79831500.0
399371.SZ,2017-12-20,6464.12,6479.08,6496.28,6437.04,6482.07,-17.9473,-0.2769,68589800.0,81332900.0
399371.SZ,2017-12-21,6516.49,6451.33,6536.22,6438.06,6464.12,52.3616,0.81,69633900.0,85002400.0
399371.SZ,2017-12-22,6502.05,6508.48,6526.15,6490.6,6516.49,-14.4345,-0.2215,55443900.0,68941000.0
399371.SZ,2017-12-25,6497.45,6504.61,6571.05,6473.3,6502.05,-4.605,-0.0708,71566300.0,88641500.0
399371.SZ,2017-12-26,6529.07,6493.51,6531.84,6468.54,6497.45,31.6278,0.4868,68641600.0,78711000.0
399371.SZ,2017-12-27,6435.44,6516.1,6522.7,6424.39,6529.07,-93.6355,-1.4341,82408700.0,96074800.0
399371.SZ,2017-12-28,6459.62,6429.61,6486.81,6412.67,6435.44,24.1793,0.3757,86188100.0,97698500.0
399371.SZ,2017-12-29,6485.09,6466.14,6498.01,6455.37,6459.62,25.4693,0.3943,70926600.0,82996100.0
399371.SZ,2018-01-02,6615.25,6505.05,6615.98,6505.05,6485.09,130.168,2.0072,118644000.0,131799000.0
399371.SZ,2018-01-03,6627.52,6623.63,6685.95,6612.73,6615.25,12.2699,0.1855,113591000.0,136482000.0
399371.SZ,2018-01-04,6653.63,6635.38,6668.96,6617.53,6627.52,26.1016,0.3938,105297000.0,120090000.0
399371.SZ,2018-01-05,6697.17,6660.9,6719.75,6645.67,6653.63,43.5484,0.6545,115466000.0,128618000.0
399371.SZ,2018-01-08,6743.21,6706.51,6760.64,6697.49,6697.17,46.0326,0.6873,136197000.0,160330000.0
399371.SZ,2018-01-09,6765.66,6740.92,6772.21,6730.7,6743.21,22.4483,0.3329,103962000.0,122873000.0
399371.SZ,2018-01-10,6807.63,6761.0,6815.41,6756.25,6765.66,41.9762,0.6204,120062000.0,137233000.0
399371.SZ,2018-01-11,6797.95,6789.16,6821.06,6756.33,6807.63,-9.6805,-0.1422,94860600.0,111229000.0
399371.SZ,2018-01-12,6846.53,6797.2,6849.08,6792.71,6797.95,48.5814,0.7146,91483900.0,110242000.0
399371.SZ,2018-01-15,6879.81,6858.17,6933.61,6847.7,6846.53,33.2816,0.4861,131618000.0,160682000.0
399371.SZ,2018-01-16,6952.1,6866.53,6955.01,6865.27,6879.81,72.2858,1.0507,132340000.0,160294000.0
399371.SZ,2018-01-17,6944.03,6959.1,7032.64,6908.89,6952.1,-8.0708,-0.1161,162098000.0,193689000.0
399371.SZ,2018-01-18,7011.51,6966.61,7022.75,6954.27,6944.03,67.4816,0.9718,144435000.0,170693000.0
399371.SZ,2018-01-19,7020.34,7035.8,7090.37,6989.03,7011.51,8.8256,0.1259,159849000.0,185932000.0
399371.SZ,2018-01-22,7084.82,6998.96,7088.88,6998.65,7020.34,64.4803,0.9185,137758000.0,160755000.0
399371.SZ,2018-01-23,7170.97,7103.19,7172.8,7102.74,7084.82,86.1526,1.216,162071000.0,186266000.0
399371.SZ,2018-01-24,7170.17,7186.19,7205.72,7117.05,7170.97,-0.7998,-0.0112,162765000.0,193530000.0
399371.SZ,2018-01-25,7131.87,7152.3,7167.88,7065.4,7170.17,-38.2957,-0.5341,138780000.0,163802000.0
399371.SZ,2018-01-26,7177.07,7116.59,7216.88,7113.13,7131.87,45.1936,0.6337,142128000.0,160856000.0
399371.SZ,2018-01-29,7088.91,7193.33,7223.04,7055.69,7177.07,-88.16,-1.2284,144803000.0,173613000.0
399371.SZ,2018-01-30,7000.73,7063.4,7093.75,6993.34,7088.91,-88.1821,-1.2439,114591000.0,134235000.0
399371.SZ,2018-01-31,7038.31,6965.94,7056.09,6960.42,7000.73,37.5849,0.5369,118416000.0,137768000.0
399371.SZ,2018-02-01,7008.81,7041.82,7070.59,6953.07,7038.31,-29.4961,-0.4191,149305000.0,170490000.0
399371.SZ,2018-02-02,7051.95,6949.49,7053.48,6894.42,7008.81,43.1385,0.6155,119265000.0,137506000.0
399371.SZ,2018-02-05,7128.01,6953.82,7128.01,6946.23,7051.95,76.0615,1.0786,141677000.0,165497000.0
399371.SZ,2018-02-06,6919.29,6979.81,7021.91,6889.49,7128.01,-208.724,-2.9282,177273000.0,208086000.0
399371.SZ,2018-02-07,6738.63,7007.35,7039.87,6731.24,6919.29,-180.658,-2.6109,173125000.0,201234000.0
399371.SZ,2018-02-08,6624.53,6685.04,6745.67,6552.16,6738.63,-114.104,-1.6933,128775000.0,144403000.0
399371.SZ,2018-02-09,6322.67,6432.22,6451.48,6185.46,6624.53,-301.854,-4.5566,164545000.0,177862000.0
399371.SZ,2018-02-12,6374.47,6321.56,6407.45,6283.96,6322.67,51.7917,0.8191,91655700.0,101739000.0
399371.SZ,2018-02-13,6468.75,6432.56,6550.54,6432.56,6374.47,94.2883,1.4792,89807200.0,101096000.0
399371.SZ,2018-02-14,6525.62,6478.96,6534.01,6445.63,6468.75,56.8662,0.8791,57929400.0,65017800.0
399371.SZ,2018-02-22,6652.32,6618.93,6662.02,6593.8,6525.62,126.696,1.9415,81236000.0,91990000.0
399371.SZ,2018-02-23,6696.44,6664.95,6716.19,6633.44,6652.32,44.1229,0.6633,79420000.0,88645100.0
399371.SZ,2018-02-26,6751.43,6734.27,6763.3,6653.43,6696.44,54.991,0.8212,101219000.0,113330000.0
399371.SZ,2018-02-27,6624.57,6753.53,6753.53,6611.34,6751.43,-126.864,-1.8791,96236200.0,113747000.0
399371.SZ,2018-02-28,6566.2,6566.34,6613.03,6515.04,6624.57,-58.363,-0.881,79626600.0,91930100.0
399371.SZ,2018-03-01,6590.71,6520.16,6620.51,6507.13,6566.2,24.5023,0.3732,75809600.0,85380900.0
399371.SZ,2018-03-02,6548.86,6533.21,6587.03,6513.98,6590.71,-41.8494,-0.635,71918700.0,80018000.0
399371.SZ,2018-03-05,6532.71,6550.57,6587.26,6504.39,6548.86,-16.1502,-0.2466,70526400.0,78786500.0
399371.SZ,2018-03-06,6621.22,6561.72,6622.74,6495.02,6532.71,88.5127,1.3549,101048000.0,105912000.0
399371.SZ,2018-03-07,6588.83,6622.2,6673.62,6575.34,6621.22,-32.3839,-0.4891,86918700.0,93377200.0
399371.SZ,2018-03-08,6652.36,6592.13,6653.39,6573.78,6588.83,63.5246,0.9641,70040500.0,77599000.0
399371.SZ,2018-03-09,6678.74,6669.07,6683.5,6639.85,6652.36,26.3766,0.3965,77867400.0,85591300.0
399371.SZ,2018-03-12,6700.53,6709.5,6722.86,6672.0,6678.74,21.7893,0.3262,102551000.0,116248000.0
399371.SZ,2018-03-13,6657.66,6696.33,6722.59,6650.12,6700.53,-42.8696,-0.6398,86342600.0,91446400.0
399371.SZ,2018-03-14,6618.46,6630.95,6641.02,6601.87,6657.66,-39.1949,-0.5887,70633300.0,77860900.0
399371.SZ,2018-03-15,6638.97,6590.99,6648.44,6590.75,6618.46,20.5078,0.3099,62950100.0,73482200.0
399371.SZ,2018-03-16,6594.36,6639.07,6668.21,6593.42,6638.97,-44.6071,-0.6719,65834400.0,76304200.0
399371.SZ,2018-03-19,6601.85,6588.91,6602.17,6544.33,6594.36,7.4841,0.1135,63374500.0,74162600.0
399371.SZ,2018-03-20,6614.57,6557.92,6619.65,6549.21,6601.85,12.7245,0.1927,60752000.0,69344200.0
399371.SZ,2018-03-21,6585.74,6651.84,6667.54,6562.3,6614.57,-28.8296,-0.4358,72549200.0,87103600.0
399371.SZ,2018-03-22,6530.87,6587.78,6603.56,6492.16,6585.74,-54.8695,-0.8332,66126400.0,77372400.0
399371.SZ,2018-03-23,6333.87,6343.91,6379.45,6236.36,6530.87,-196.998,-3.0164,132524000.0,137114000.0
399371.SZ,2018-03-26,6257.02,6265.57,6273.7,6183.95,6333.87,-76.8567,-1.2134,86453800.0,93771200.0
399371.SZ,2018-03-27,6285.49,6331.51,6346.04,6240.34,6257.02,28.4699,0.455,85299600.0,92425300.0
399371.SZ,2018-03-28,6187.81,6215.16,6286.7,6175.26,6285.49,-97.6764,-1.554,76090200.0,88137300.0
399371.SZ,2018-03-29,6304.66,6203.29,6340.85,6125.67,6187.81,116.848,1.8884,89108900.0,102501000.0
399371.SZ,2018-03-30,6281.5,6301.61,6315.33,6265.17,6304.66,-23.1586,-0.3673,67376500.0,77032900.0
399371.SZ,2018-04-02,6254.75,6274.11,6349.44,6250.79,6281.5,-26.7444,-0.4258,79692700.0,89284200.0
399371.SZ,2018-04-03,6211.37,6193.51,6235.66,6181.18,6254.75,-43.3844,-0.6936,68173100.0,73807800.0
399371.SZ,2018-04-04,6198.66,6224.46,6265.48,6195.82,6211.37,-12.7113,-0.2046,64413900.0,75347600.0
399371.SZ,2018-04-09,6194.35,6191.82,6218.35,6149.97,6198.66,-4.3087,-0.0695,59363300.0,67611800.0
399371.SZ,2018-04-10,6340.39,6201.54,6340.76,6191.08,6194.35,146.038,2.3576,79876600.0,89328500.0
399371.SZ,2018-04-11,6367.59,6350.95,6404.38,6334.6,6340.39,27.2027,0.429,87368900.0,92521700.0
399371.SZ,2018-04-12,6295.9,6363.47,6364.8,6291.4,6367.59,-71.6899,-1.1259,61884800.0,66171800.0
399371.SZ,2018-04-13,6256.22,6329.85,6343.51,6247.12,6295.9,-39.6834,-0.6303,54268000.0,58614400.0
399371.SZ,2018-04-16,6124.73,6242.28,6248.85,6097.23,6256.22,-131.484,-2.1017,77511800.0,82872300.0
399371.SZ,2018-04-17,6055.88,6131.87,6151.32,6049.76,6124.73,-68.8513,-1.1242,61808400.0,68532900.0
399371.SZ,2018-04-18,6093.95,6119.38,6129.85,6020.94,6055.88,38.0698,0.6286,70959300.0,76506700.0
399371.SZ,2018-04-19,6157.51,6104.95,6171.87,6096.02,6093.95,63.5598,1.043,62298400.0,70136400.0
399371.SZ,2018-04-20,6078.15,6141.12,6151.75,6056.83,6157.51,-79.3589,-1.2888,65594000.0,70749700.0
399371.SZ,2018-04-23,6101.5,6066.8,6123.4,6057.91,6078.15,23.3466,0.3841,53445800.0,58528400.0
399371.SZ,2018-04-24,6232.16,6115.26,6259.77,6115.26,6101.5,130.657,2.1414,79937000.0,90480400.0
399371.SZ,2018-04-25,6184.29,6200.88,6215.72,6172.32,6232.16,-47.8693,-0.7681,52350200.0,59979300.0
399371.SZ,2018-04-26,6080.38,6172.77,6189.81,6056.99,6184.29,-103.91,-1.6802,61017300.0,81219400.0
399371.SZ,2018-04-27,6074.07,6104.23,6113.76,6000.28,6080.38,-6.3058,-0.1037,64331000.0,91173000.0
399371.SZ,2018-05-02,6086.65,6093.6,6122.54,6056.48,6074.07,12.5764,0.2071,64839300.0,74281500.0
399371.SZ,2018-05-03,6121.66,6070.82,6131.86,6035.01,6086.65,35.0096,0.5752,64447200.0,73465300.0
399371.SZ,2018-05-04,6093.84,6108.29,6131.99,6086.71,6121.66,-27.8143,-0.4544,53242800.0,62120900.0
399371.SZ,2018-05-07,6175.88,6106.65,6177.12,6090.4,6093.84,82.0385,1.3463,67148500.0,78536600.0
399371.SZ,2018-05-08,6254.47,6178.16,6279.43,6175.25,6175.88,78.5926,1.2726,70536500.0,86400700.0
399371.SZ,2018-05-09,6245.52,6251.91,6260.33,6221.91,6254.47,-8.9584,-0.1432,52283200.0,59053900.0
399371.SZ,2018-05-10,6268.8,6265.92,6285.08,6233.26,6245.52,23.2853,0.3728,56136400.0,63650400.0
399371.SZ,2018-05-11,6247.37,6282.06,6285.38,6242.95,6268.8,-21.4326,-0.3419,55271600.0,62751500.0
399371.SZ,2018-05-14,6292.69,6265.69,6313.63,6265.69,6247.37,45.327,0.7255,59239200.0,70728500.0
399371.SZ,2018-05-15,6307.03,6307.43,6311.5,6260.52,6292.69,14.3368,0.2278,54781600.0,63835300.0
399371.SZ,2018-05-16,6249.95,6284.44,6295.12,6244.27,6307.03,-57.0855,-0.9051,56896800.0,66399600.0
399371.SZ,2018-05-17,6220.16,6255.38,6261.1,6213.65,6249.95,-29.7845,-0.4766,50516100.0,59829500.0
399371.SZ,2018-05-18,6290.42,6215.38,6290.77,6196.41,6220.16,70.2564,1.1295,63977200.0,72549000.0
399371.SZ,2018-05-21,6315.39,6322.19,6335.31,6302.76,6290.42,24.9708,0.397,73839500.0,82921700.0
399371.SZ,2018-05-22,6280.45,6310.98,6310.98,6242.44,6315.39,-34.9388,-0.5532,62169100.0,70551900.0
399371.SZ,2018-05-23,6190.9,6266.21,6266.21,6190.9,6280.45,-89.554,-1.4259,71542400.0,76889700.0
399371.SZ,2018-05-24,6151.46,6191.53,6199.82,6147.42,6190.9,-39.4315,-0.6369,55495200.0,59315500.0
399371.SZ,2018-05-25,6136.48,6148.09,6169.8,6115.58,6151.46,-14.9824,-0.2436,54734100.0,58692100.0
399371.SZ,2018-05-28,6148.23,6134.32,6173.92,6104.42,6136.48,11.7519,0.1915,52235400.0,60688900.0
399371.SZ,2018-05-29,6114.66,6133.84,6149.13,6081.56,6148.23,-33.5743,-0.5461,62283800.0,72134100.0
399371.SZ,2018-05-30,5972.88,6037.31,6042.77,5972.43,6114.66,-141.775,-2.3186,65878100.0,69569500.0
399371.SZ,2018-05-31,6089.03,6010.56,6094.33,5999.18,5972.88,116.15,1.9446,64577200.0,75954600.0
399371.SZ,2018-06-01,6051.84,6067.86,6102.28,6028.18,6089.03,-37.1911,-0.6108,57379700.0,62615900.0
399371.SZ,2018-06-04,6122.69,6075.7,6129.99,6072.57,6051.84,70.8512,1.1707,56413300.0,68468400.0
399371.SZ,2018-06-05,6160.86,6123.56,6161.25,6098.93,6122.69,38.1647,0.6233,52913800.0,65542600.0
399371.SZ,2018-06-06,6139.67,6151.76,6154.4,6125.27,6160.86,-21.1867,-0.3439,51080200.0,58789700.0
399371.SZ,2018-06-07,6135.14,6147.84,6179.99,6131.56,6139.67,-4.5294,-0.0738,58318400.0,67909300.0
399371.SZ,2018-06-08,6043.81,6114.58,6115.24,6016.64,6135.14,-91.3285,-1.4886,62226000.0,67132500.0
399371.SZ,2018-06-11,6057.99,6030.3,6072.52,6010.33,6043.81,14.1756,0.2345,49692100.0,59076100.0
399371.SZ,2018-06-12,6124.11,6061.37,6132.06,6036.69,6057.99,66.1184,1.0914,53503400.0,67984000.0
399371.SZ,2018-06-13,6086.96,6111.05,6124.82,6078.16,6124.11,-37.1469,-0.6066,53342900.0,59502900.0
399371.SZ,2018-06-14,6079.68,6069.76,6128.52,6059.32,6086.96,-7.2862,-0.1197,51304100.0,59410700.0
399371.SZ,2018-06-15,6072.75,6066.83,6102.11,6047.0,6079.68,-6.9223,-0.1139,65831700.0,69357200.0
399371.SZ,2018-06-19,5876.55,5998.29,6014.21,5812.78,6072.75,-196.208,-3.231,118721000.0,119881000.0
399371.SZ,2018-06-20,5879.98,5849.6,5899.49,5803.65,5876.55,3.4302,0.0584,62570700.0,64785700.0
399371.SZ,2018-06-21,5835.41,5879.23,5949.69,5828.71,5879.98,-44.5657,-0.7579,68869300.0,70924000.0
399371.SZ,2018-06-22,5849.07,5800.35,5849.48,5769.1,5835.41,13.6588,0.2341,56573300.0,54702600.0
399371.SZ,2018-06-25,5756.91,5876.07,5883.97,5755.21,5849.07,-92.1578,-1.5756,56036400.0,59768900.0
399371.SZ,2018-06-26,5685.84,5696.61,5706.21,5604.71,5756.91,-71.0668,-1.2345,62157200.0,63463800.0
399371.SZ,2018-06-27,5591.75,5677.81,5704.27,5560.59,5685.84,-94.0894,-1.6548,62696400.0,64470900.0
399371.SZ,2018-06-28,5533.23,5555.85,5612.81,5520.01,5591.75,-58.5295,-1.0467,54646800.0,55919800.0
399371.SZ,2018-06-29,5659.22,5547.13,5659.95,5538.29,5533.23,125.99,2.277,53814400.0,53401600.0
399371.SZ,2018-07-02,5468.48,5645.49,5645.49,5438.97,5659.22,-190.731,-3.3703,65842700.0,62262400.0
399371.SZ,2018-07-03,5489.71,5477.51,5491.8,5360.88,5468.48,21.2288,0.3882,67811400.0,64017200.0
399371.SZ,2018-07-04,5435.8,5473.16,5513.31,5426.56,5489.71,-53.9093,-0.982,59372600.0,50111500.0
399371.SZ,2018-07-05,5404.08,5437.61,5476.6,5373.76,5435.8,-31.7254,-0.5836,65979300.0,56098100.0
399371.SZ,2018-07-06,5434.7,5405.06,5477.57,5327.0,5404.08,30.6244,0.5667,63273500.0,56104400.0
399371.SZ,2018-07-09,5584.98,5453.09,5586.0,5452.76,5434.7,150.276,2.7651,60146400.0,55638700.0
399371.SZ,2018-07-10,5596.41,5594.01,5610.21,5546.58,5584.98,11.4297,0.2047,56248700.0,51964400.0
399371.SZ,2018-07-11,5504.18,5494.16,5527.48,5458.98,5596.41,-92.2237,-1.6479,54445400.0,47372200.0
399371.SZ,2018-07-12,5597.76,5491.07,5620.04,5491.07,5504.18,93.5733,1.7,67672400.0,61882400.0
399371.SZ,2018-07-13,5601.67,5605.99,5610.75,5576.82,5597.76,3.9141,0.0699,53422200.0,52249900.0
399371.SZ,2018-07-16,5547.23,5589.85,5610.52,5524.8,5601.67,-54.4435,-0.9719,49759900.0,48633500.0
399371.SZ,2018-07-17,5512.62,5531.77,5533.57,5471.8,5547.23,-34.6122,-0.624,44331000.0,43871900.0
399371.SZ,2018-07-18,5491.87,5521.92,5557.7,5490.32,5512.62,-20.7434,-0.3763,50792300.0,48197300.0
399371.SZ,2018-07-19,5496.21,5509.94,5548.16,5480.79,5491.87,4.3326,0.0789,54487100.0,51225000.0
399371.SZ,2018-07-20,5617.9,5487.9,5641.24,5452.57,5496.21,121.695,2.2142,78976000.0,70469000.0
399371.SZ,2018-07-23,5700.84,5593.92,5709.09,5580.88,5617.9,82.9368,1.4763,93981800.0,83725000.0
399371.SZ,2018-07-24,5790.42,5716.85,5820.97,5716.85,5700.84,89.5807,1.5714,122155000.0,108481000.0
399371.SZ,2018-07-25,5791.01,5806.77,5807.99,5763.38,5790.42,0.5963,0.0103,80564700.0,67861700.0
399371.SZ,2018-07-26,5747.26,5800.13,5821.89,5734.34,5791.01,-43.7569,-0.7556,74342600.0,63459900.0
399371.SZ,2018-07-27,5725.0,5744.83,5762.05,5709.46,5747.26,-22.2591,-0.3873,63830700.0,53909800.0
399371.SZ,2018-07-30,5748.66,5725.21,5794.06,5706.39,5725.0,23.6582,0.4132,69252500.0,60892600.0
399371.SZ,2018-07-31,5758.32,5743.42,5776.5,5707.47,5748.66,9.6635,0.1681,57015500.0,51745000.0
399371.SZ,2018-08-01,5641.98,5776.15,5804.98,5641.0,5758.32,-116.335,-2.0203,76416500.0,71870500.0
399371.SZ,2018-08-02,5530.44,5624.67,5626.81,5451.66,5641.98,-111.549,-1.9771,85336500.0,76395100.0
399371.SZ,2018-08-03,5473.08,5524.16,5554.7,5473.08,5530.44,-57.356,-1.0371,63193700.0,56808400.0
399371.SZ,2018-08-06,5428.36,5474.22,5531.49,5402.98,5473.08,-44.7148,-0.817,63873200.0,57149700.0
399371.SZ,2018-08-07,5587.74,5447.08,5587.75,5424.21,5428.36,159.373,2.9359,76472000.0,67180500.0
399371.SZ,2018-08-08,5517.85,5576.48,5588.7,5514.88,5587.74,-69.8878,-1.2507,69315700.0,62038200.0
399371.SZ,2018-08-09,5627.22,5495.55,5642.6,5487.7,5517.85,109.371,1.9821,71786100.0,64714100.0
399371.SZ,2018-08-10,5621.56,5625.73,5656.34,5588.26,5627.22,-5.6597,-0.1006,58245900.0,51188000.0
399371.SZ,2018-08-13,5584.34,5567.86,5591.91,5502.76,5621.56,-37.2253,-0.6622,60844300.0,51982300.0
399371.SZ,2018-08-14,5558.46,5577.18,5586.36,5532.24,5584.34,-25.8767,-0.4634,52107300.0,45348100.0
399371.SZ,2018-08-15,5437.07,5555.57,5555.81,5430.43,5558.46,-121.386,-2.1838,55096200.0,50219200.0
399371.SZ,2018-08-16,5406.69,5374.86,5462.78,5344.24,5437.07,-30.3806,-0.5588,59898900.0,48293300.0
399371.SZ,2018-08-17,5344.08,5448.37,5460.53,5338.23,5406.69,-62.6115,-1.158,52772800.0,46691800.0
399371.SZ,2018-08-20,5404.34,5358.16,5404.34,5321.92,5344.08,60.263,1.1277,54790200.0,48425700.0
399371.SZ,2018-08-21,5480.15,5408.79,5497.57,5405.64,5404.34,75.8012,1.4026,54894200.0,50536900.0
399371.SZ,2018-08-22,5461.41,5490.24,5490.24,5450.49,5480.15,-18.7308,-0.3418,41667300.0,40720000.0
399371.SZ,2018-08-23,5470.02,5457.62,5498.9,5418.83,5461.41,8.6086,0.1576,46702200.0,45390300.0
399371.SZ,2018-08-24,5490.93,5451.19,5531.32,5434.17,5470.02,20.9081,0.3822,48663500.0,42417000.0
399371.SZ,2018-08-27,5598.18,5512.79,5598.18,5510.28,5490.93,107.252,1.9533,67061000.0,59728200.0
399371.SZ,2018-08-28,5592.53,5602.66,5617.02,5574.08,5598.18,-5.6531,-0.101,54578300.0,49656400.0
399371.SZ,2018-08-29,5563.1,5579.38,5592.17,5549.98,5592.53,-29.4264,-0.5262,46426300.0,39876900.0
399371.SZ,2018-08-30,5512.2,5565.42,5591.16,5510.25,5563.1,-50.9029,-0.915,50237000.0,43378800.0
399371.SZ,2018-08-31,5502.41,5497.26,5540.73,5468.47,5512.2,-9.7939,-0.1777,55987200.0,47865700.0
399371.SZ,2018-09-03,5485.34,5487.34,5492.25,5442.63,5502.41,-17.0646,-0.3101,50542000.0,41692000.0
399371.SZ,2018-09-04,5552.83,5489.45,5566.43,5462.61,5485.34,67.4855,1.2303,51441700.0,44979800.0
399371.SZ,2018-09-05,5435.9,5529.65,5535.31,5435.9,5552.83,-116.924,-2.1057,49549300.0,41996400.0
399371.SZ,2018-09-06,5387.12,5420.22,5457.09,5374.37,5435.9,-48.7875,-0.8975,45644100.0,38942800.0
399371.SZ,2018-09-07,5428.85,5405.11,5476.41,5387.83,5387.12,41.7335,0.7747,49657000.0,42570900.0
399371.SZ,2018-09-10,5378.2,5421.21,5435.52,5375.35,5428.85,-50.6453,-0.9329,45218000.0,37648700.0
399371.SZ,2018-09-11,5338.45,5373.02,5385.04,5317.52,5378.2,-39.7523,-0.7391,51710900.0,42450900.0
399371.SZ,2018-09-12,5316.17,5325.49,5349.17,5293.14,5338.45,-22.2847,-0.4174,40094100.0,33674400.0
399371.SZ,2018-09-13,5382.86,5370.02,5387.82,5319.89,5316.17,66.6943,1.2546,46278500.0,39610800.0
399371.SZ,2018-09-14,5392.25,5392.39,5411.32,5373.01,5382.86,9.3849,0.1743,42752600.0,35986100.0
399371.SZ,2018-09-17,5327.32,5365.32,5365.32,5324.07,5392.25,-64.9236,-1.204,39676100.0,31679000.0
399371.SZ,2018-09-18,5435.65,5311.39,5437.06,5310.81,5327.32,108.326,2.0334,55883400.0,46725800.0
399371.SZ,2018-09-19,5499.46,5428.1,5532.84,5421.09,5435.65,63.8069,1.1739,72888800.0,61989500.0
399371.SZ,2018-09-20,5499.69,5502.06,5526.79,5488.22,5499.46,0.2307,0.0042,54237700.0,44050100.0
399371.SZ,2018-09-21,5664.75,5515.47,5664.75,5499.57,5499.69,165.068,3.0014,87770300.0,72275400.0
399371.SZ,2018-09-25,5618.07,5609.17,5637.61,5595.49,5664.75,-46.6798,-0.824,59355300.0,49584600.0
399371.SZ,2018-09-26,5664.66,5625.91,5715.6,5619.77,5618.07,46.5872,0.8292,75154600.0,66742500.0
399371.SZ,2018-09-27,5643.63,5663.09,5672.39,5633.78,5664.66,-21.0309,-0.3713,58434500.0,47777400.0
399371.SZ,2018-09-28,5697.73,5652.28,5713.63,5645.75,5643.63,54.1037,0.9587,64370600.0,56349400.0
399371.SZ,2018-10-08,5487.58,5582.03,5590.87,5476.94,5697.73,-210.156,-3.6884,73362500.0,63642800.0
399371.SZ,2018-10-09,5487.52,5484.33,5513.63,5468.46,5487.58,-0.063,-0.0011,54333700.0,44778400.0
399371.SZ,2018-10-10,5503.35,5493.95,5543.08,5459.42,5487.52,15.8317,0.2885,53052700.0,45129700.0
399371.SZ,2018-10-11,5245.0,5353.16,5390.81,5205.64,5503.35,-258.348,-4.6944,94327100.0,72755600.0
399371.SZ,2018-10-12,5322.44,5243.58,5339.96,5190.45,5245.0,77.4451,1.4766,78651600.0,59883800.0
399371.SZ,2018-10-15,5232.56,5324.83,5327.04,5225.88,5322.44,-89.8887,-1.6889,57581900.0,44833400.0
399371.SZ,2018-10-16,5191.64,5233.62,5295.36,5175.41,5232.56,-40.9169,-0.782,57802000.0,45040300.0
399371.SZ,2018-10-17,5234.16,5250.76,5264.46,5147.97,5191.64,42.5202,0.819,59510200.0,46252600.0
399371.SZ,2018-10-18,5103.83,5205.9,5205.9,5103.45,5234.16,-130.333,-2.49,59561700.0,44382500.0
399371.SZ,2018-10-19,5249.84,5062.2,5255.92,5046.15,5103.83,146.014,2.8609,74905400.0,58474200.0
399371.SZ,2018-10-22,5437.65,5282.77,5491.18,5282.77,5249.84,187.814,3.5775,103492000.0,86679000.0
399371.SZ,2018-10-23,5309.0,5433.77,5446.5,5282.94,5437.65,-128.656,-2.366,79152200.0,65213400.0
399371.SZ,2018-10-24,5340.18,5298.3,5423.59,5297.2,5309.0,31.1868,0.5874,75629300.0,58614000.0
399371.SZ,2018-10-25,5363.11,5221.44,5363.11,5211.5,5340.18,22.9228,0.4293,75134200.0,58687300.0
399371.SZ,2018-10-26,5360.25,5373.53,5415.32,5316.12,5363.11,-2.8626,-0.0534,77589600.0,59900000.0
399371.SZ,2018-10-29,5206.99,5356.84,5360.33,5182.71,5360.25,-153.252,-2.8591,71362700.0,63035000.0
399371.SZ,2018-10-30,5262.04,5189.2,5314.84,5179.23,5206.99,55.0492,1.0572,78271600.0,65250100.0
399371.SZ,2018-10-31,5328.99,5273.66,5350.86,5256.22,5262.04,66.944,1.2722,82978400.0,65608000.0
399371.SZ,2018-11-01,5344.41,5368.92,5406.15,5338.18,5328.99,15.425,0.2895,91104700.0,72669600.0
399371.SZ,2018-11-02,5497.45,5455.41,5498.27,5395.71,5344.41,153.041,2.8636,111139000.0,94320200.0
399371.SZ,2018-11-05,5461.64,5464.14,5481.16,5411.84,5497.45,-35.8161,-0.6515,81981500.0,64198800.0
399371.SZ,2018-11-06,5446.63,5449.02,5450.42,5401.15,5461.64,-15.0028,-0.2747,62557500.0,48465200.0
399371.SZ,2018-11-07,5416.73,5448.68,5489.33,5410.82,5446.63,-29.9072,-0.5491,69492600.0,55221400.0
399371.SZ,2018-11-08,5412.4,5461.24,5464.65,5403.97,5416.73,-4.3287,-0.0799,61285800.0,46959900.0
399371.SZ,2018-11-09,5316.92,5381.68,5381.68,5313.59,5412.4,-95.4763,-1.764,68027600.0,51636000.0
399371.SZ,2018-11-12,5373.01,5304.42,5375.82,5299.41,5316.92,56.0864,1.0549,73636300.0,53170300.0
399371.SZ,2018-11-13,5422.96,5311.13,5443.79,5305.5,5373.01,49.9497,0.9296,98901800.0,67038700.0
399371.SZ,2018-11-14,5381.51,5418.46,5432.56,5370.81,5422.96,-41.442,-0.7642,94851800.0,65250200.0
399371.SZ,2018-11-15,5440.96,5377.3,5441.01,5377.0,5381.51,59.45,1.1047,74483900.0,53567500.0
399371.SZ,2018-11-16,5460.57,5441.22,5495.54,5414.44,5440.96,19.604,0.3603,91092000.0,68877800.0
399371.SZ,2018-11-19,5511.8,5467.86,5511.8,5455.34,5460.57,51.2311,0.9382,90863700.0,68573200.0
399371.SZ,2018-11-20,5394.84,5471.68,5489.77,5388.0,5511.8,-116.957,-2.1219,83274800.0,61141300.0
399371.SZ,2018-11-21,5401.69,5347.47,5407.04,5344.66,5394.84,6.8469,0.1269,69639800.0,50448700.0
399371.SZ,2018-11-22,5379.26,5411.2,5414.43,5356.57,5401.69,-22.43,-0.4152,53811300.0,40121700.0
399371.SZ,2018-11-23,5263.11,5372.1,5375.47,5258.94,5379.26,-116.152,-2.1593,71083900.0,49847900.0
399371.SZ,2018-11-26,5270.94,5272.03,5309.04,5255.17,5263.11,7.8272,0.1487,51897100.0,37797400.0
399371.SZ,2018-11-27,5256.35,5285.99,5301.71,5242.04,5270.94,-14.5884,-0.2768,44124400.0,33009300.0
399371.SZ,2018-11-28,5314.41,5256.62,5315.64,5240.71,5256.35,58.0627,1.1046,53820400.0,38158500.0
399371.SZ,2018-11-29,5252.01,5342.86,5349.26,5252.01,5314.41,-62.3947,-1.1741,58967200.0,42998300.0
399371.SZ,2018-11-30,5294.41,5248.72,5296.62,5238.58,5252.01,42.3972,0.8073,52327800.0,37732300.0
399371.SZ,2018-12-03,5424.74,5409.32,5444.04,5373.87,5294.41,130.33,2.4617,88849400.0,74179800.0
399371.SZ,2018-12-04,5438.43,5417.75,5439.51,5400.78,5424.74,13.6899,0.2524,65769000.0,52630100.0
399371.SZ,2018-12-05,5405.62,5372.73,5429.67,5365.8,5438.43,-32.8148,-0.6034,57597100.0,46248400.0
399371.SZ,2018-12-06,5315.83,5361.51,5369.13,5313.61,5405.62,-89.7877,-1.661,54744700.0,45014800.0
399371.SZ,2018-12-07,5320.45,5325.76,5337.84,5310.58,5315.83,4.6172,0.0869,42281200.0,35063600.0
399371.SZ,2018-12-10,5263.49,5283.78,5303.19,5249.71,5320.45,-56.9596,-1.0706,47901100.0,38632600.0
399371.SZ,2018-12-11,5282.4,5269.28,5286.29,5258.7,5263.49,18.9097,0.3593,41529000.0,32063700.0
399371.SZ,2018-12-12,5307.01,5317.04,5319.73,5288.91,5282.4,24.6155,0.466,42069900.0,33359500.0
399371.SZ,2018-12-13,5384.05,5320.12,5407.32,5302.75,5307.01,77.0379,1.4516,70118400.0,59531500.0
399371.SZ,2018-12-14,5305.59,5366.97,5373.4,5305.59,5384.05,-78.4558,-1.4572,62566300.0,49411700.0
399371.SZ,2018-12-17,5310.36,5299.77,5318.37,5268.92,5305.59,4.7693,0.0899,52178300.0,42037600.0
399371.SZ,2018-12-18,5263.08,5279.58,5317.06,5241.03,5310.36,-47.2825,-0.8904,52542100.0,40984500.0
399371.SZ,2018-12-19,5212.74,5273.34,5279.57,5206.79,5263.08,-50.3406,-0.9565,47869800.0,38668100.0
399371.SZ,2018-12-20,5168.74,5202.43,5224.13,5131.3,5212.74,-44.0008,-0.8441,57200000.0,45449000.0
399371.SZ,2018-12-21,5123.33,5150.36,5152.92,5089.14,5168.74,-45.4136,-0.8786,53349900.0,43389500.0
399371.SZ,2018-12-24,5134.77,5097.55,5140.18,5086.04,5123.33,11.4456,0.2234,41201300.0,31881800.0
399371.SZ,2018-12-25,5097.04,5086.2,5120.19,5012.86,5134.77,-37.7344,-0.7349,58866700.0,43126500.0
399371.SZ,2018-12-26,5081.26,5089.63,5114.07,5067.22,5097.04,-15.7749,-0.3095,40876000.0,31149700.0
399371.SZ,2018-12-27,5062.9,5143.85,5151.32,5062.9,5081.26,-18.3611,-0.3613,59561700.0,44107600.0
399371.SZ,2018-12-28,5080.17,5066.59,5108.47,5053.42,5062.9,17.2702,0.3411,54234400.0,41941300.0
399371.SZ,2019-01-02,5005.9,5082.27,5085.8,4987.0,5080.17,-74.2717,-1.462,53651700.0,38703800.0
399371.SZ,2019-01-03,5015.72,4997.38,5061.54,4993.17,5005.9,9.8203,0.1962,51272300.0,36168900.0
399371.SZ,2019-01-04,5112.44,4981.02,5113.82,4973.31,5015.72,96.7195,1.9283,70642600.0,52186300.0
399371.SZ,2019-01-07,5135.96,5145.21,5152.77,5109.86,5112.44,23.5235,0.4601,76104700.0,52946300.0
399371.SZ,2019-01-08,5120.22,5129.3,5129.3,5104.81,5135.96,-15.7462,-0.3066,61418900.0,38909400.0
399371.SZ,2019-01-09,5170.97,5151.25,5232.4,5150.01,5120.22,50.7504,0.9912,81239500.0,61177600.0
399371.SZ,2019-01-10,5157.49,5165.28,5191.83,5144.05,5170.97,-13.4778,-0.2606,61738900.0,42780100.0
399371.SZ,2019-01-11,5196.37,5170.8,5205.55,5157.84,5157.49,38.8785,0.7538,54921800.0,37722900.0
399371.SZ,2019-01-14,5161.35,5192.52,5200.84,5156.46,5196.37,-35.0222,-0.674,54449000.0,36663900.0
399371.SZ,2019-01-15,5228.96,5166.38,5232.28,5155.72,5161.35,67.6089,1.3099,65038000.0,45836500.0
399371.SZ,2019-01-16,5235.84,5225.3,5242.47,5215.59,5228.96,6.883,0.1316,59233000.0,39254700.0
399371.SZ,2019-01-17,5215.02,5247.35,5269.05,5214.4,5235.84,-20.8227,-0.3977,64557100.0,42842400.0
399371.SZ,2019-01-18,5304.41,5239.07,5308.48,5232.9,5215.02,89.3931,1.7141,93860600.0,61598200.0
399371.SZ,2019-01-21,5332.97,5310.06,5351.85,5309.91,5304.41,28.5655,0.5385,77812000.0,55089300.0
399371.SZ,2019-01-22,5269.3,5329.89,5330.03,5257.51,5332.97,-63.6713,-1.1939,64498000.0,43773900.0
399371.SZ,2019-01-23,5272.14,5260.2,5298.02,5257.31,5269.3,2.8399,0.0539,54310600.0,36484400.0
399371.SZ,2019-01-24,5294.37,5282.27,5301.25,5247.28,5272.14,22.2311,0.4217,62521400.0,43101200.0
399371.SZ,2019-01-25,5338.48,5306.13,5365.23,5306.13,5294.37,44.1075,0.8331,70092600.0,51675400.0
399371.SZ,2019-01-28,5336.8,5365.19,5402.48,5323.79,5338.48,-1.6802,-0.0315,65362200.0,48689200.0
399371.SZ,2019-01-29,5359.76,5330.27,5369.15,5281.41,5336.8,22.962,0.4303,69550700.0,48810800.0
399371.SZ,2019-01-30,5328.56,5335.97,5375.66,5320.67,5359.76,-31.207,-0.5822,58400800.0,42083900.0
399371.SZ,2019-01-31,5384.54,5348.6,5409.06,5343.12,5328.56,55.987,1.0507,69928600.0,52283800.0
399371.SZ,2019-02-01,5432.82,5413.27,5434.32,5378.5,5384.54,48.2747,0.8965,62665400.0,46808700.0
399371.SZ,2019-02-11,5493.69,5415.09,5496.41,5415.09,5432.82,60.8719,1.1204,75576300.0,56185400.0
399371.SZ,2019-02-12,5522.97,5491.52,5527.93,5474.43,5493.69,29.2802,0.533,86008400.0,61645000.0
399371.SZ,2019-02-13,5606.96,5530.16,5623.46,5510.48,5522.97,83.986,1.5207,115322000.0,82601200.0
399371.SZ,2019-02-14,5597.38,5594.92,5618.43,5574.56,5606.96,-9.5792,-0.1708,88726900.0,62669100.0
399371.SZ,2019-02-15,5493.34,5579.87,5583.68,5490.24,5597.38,-104.038,-1.8587,88133500.0,66726900.0
399371.SZ,2019-02-18,5637.26,5531.17,5637.26,5530.46,5493.34,143.919,2.6199,116915000.0,85347800.0
399371.SZ,2019-02-19,5633.16,5653.05,5697.45,5606.53,5637.26,-4.0989,-0.0727,122873000.0,89819400.0
399371.SZ,2019-02-20,5654.6,5651.81,5671.15,5614.82,5633.16,21.4429,0.3807,100650000.0,69978000.0
399371.SZ,2019-02-21,5624.48,5654.78,5704.07,5609.93,5654.6,-30.1202,-0.5327,121627000.0,86072400.0
399371.SZ,2019-02-22,5703.35,5619.62,5703.35,5575.08,5624.48,78.8665,1.4022,121759000.0,90096400.0
399371.SZ,2019-02-25,6041.66,5765.55,6041.93,5765.55,5703.35,338.311,5.9318,256889000.0,199923000.0
399371.SZ,2019-02-26,5967.84,6025.03,6074.88,5960.41,6041.66,-73.8163,-1.2218,256435000.0,190105000.0
399371.SZ,2019-02-27,5982.09,5974.25,6079.54,5927.14,5967.84,14.2431,0.2387,211146000.0,155846000.0
399371.SZ,2019-02-28,5961.53,5976.36,6012.77,5942.26,5982.09,-20.5606,-0.3437,132516000.0,99669800.0
399371.SZ,2019-03-01,6088.31,5992.92,6088.35,5953.13,5961.53,126.789,2.1268,148201000.0,117782000.0
399371.SZ,2019-03-04,6153.56,6133.27,6288.22,6114.63,6088.31,65.2403,1.0716,247787000.0,196484000.0
399371.SZ,2019-03-05,6184.23,6144.67,6187.9,6125.83,6153.56,30.6747,0.4985,181904000.0,139150000.0
399371.SZ,2019-03-06,6245.57,6196.5,6249.41,6160.81,6184.23,61.3389,0.9919,234028000.0,168831000.0
399371.SZ,2019-03-07,6182.29,6232.26,6232.3,6137.13,6245.57,-63.2792,-1.0132,249051000.0,181332000.0
399371.SZ,2019-03-08,5926.35,6069.55,6106.97,5924.65,6182.29,-255.941,-4.1399,242874000.0,174430000.0
399371.SZ,2019-03-11,6023.25,5925.49,6027.28,5910.43,5926.35,96.8979,1.635,171180000.0,130390000.0
399371.SZ,2019-03-12,6072.79,6074.69,6149.8,6025.28,6023.25,49.5459,0.8226,204954000.0,160247000.0
399371.SZ,2019-03-13,6051.85,6090.1,6106.33,6025.08,6072.79,-20.9413,-0.3448,176074000.0,146975000.0
399371.SZ,2019-03-14,6016.46,6033.78,6098.85,5979.8,6051.85,-35.3894,-0.5848,149095000.0,121606000.0
399371.SZ,2019-03-15,6094.83,6037.4,6147.23,6037.32,6016.46,78.3647,1.3025,142063000.0,124119000.0
399371.SZ,2019-03-18,6244.07,6115.77,6244.07,6077.39,6094.83,149.245,2.4487,184182000.0,157609000.0
399371.SZ,2019-03-19,6230.72,6258.95,6286.96,6202.49,6244.07,-13.3508,-0.2138,154649000.0,129750000.0
399371.SZ,2019-03-20,6243.22,6217.86,6273.35,6168.46,6230.72,12.5001,0.2006,153400000.0,126269000.0
399371.SZ,2019-03-21,6239.04,6250.57,6277.75,6225.94,6243.22,-4.1771,-0.0669,166342000.0,133591000.0
399371.SZ,2019-03-22,6238.39,6238.77,6246.22,6161.88,6239.04,-0.6491,-0.0104,148060000.0,117747000.0
399371.SZ,2019-03-25,6096.88,6152.73,6196.57,6094.86,6238.39,-141.518,-2.2685,164740000.0,130998000.0
399371.SZ,2019-03-26,6029.38,6131.39,6137.39,6007.0,6096.88,-67.4976,-1.1071,145481000.0,111170000.0
399371.SZ,2019-03-27,6102.01,6060.88,6102.3,6028.78,6029.38,72.6309,1.2046,121018000.0,100095000.0
399371.SZ,2019-03-28,6038.27,6074.22,6088.43,6030.75,6102.01,-63.7345,-1.0445,118478000.0,94753200.0
399371.SZ,2019-03-29,6240.9,6046.88,6243.67,6044.66,6038.27,202.62,3.3556,167548000.0,143806000.0
399371.SZ,2019-04-01,6415.46,6290.15,6423.72,6290.05,6240.9,174.564,2.7971,221107000.0,191270000.0
399371.SZ,2019-04-02,6431.31,6440.72,6455.44,6403.78,6415.46,15.8466,0.247,192678000.0,163544000.0
399371.SZ,2019-04-03,6517.25,6397.39,6521.74,6383.38,6431.31,85.9412,1.3363,196258000.0,166785000.0
399371.SZ,2019-04-04,6596.23,6550.24,6617.85,6527.69,6517.25,78.9832,1.2119,224047000.0,194030000.0
399371.SZ,2019-04-08,6636.8,6646.8,6721.89,6562.05,6596.23,40.5743,0.6151,248497000.0,220377000.0
399371.SZ,2019-04-09,6623.61,6633.79,6654.17,6577.88,6636.8,-13.1988,-0.1989,173494000.0,155997000.0
399371.SZ,2019-04-10,6618.65,6588.14,6663.05,6541.22,6623.61,-4.9516,-0.0748,164882000.0,148562000.0
399371.SZ,2019-04-11,6506.75,6624.16,6652.57,6495.73,6618.65,-111.902,-1.6907,151575000.0,137174000.0
399371.SZ,2019-04-12,6499.39,6496.75,6522.74,6456.15,6506.75,-7.364,-0.1132,126740000.0,108606000.0
399371.SZ,2019-04-15,6485.3,6605.45,6652.64,6484.71,6499.39,-14.0909,-0.2168,166050000.0,148718000.0
399371.SZ,2019-04-16,6662.41,6459.86,6662.41,6437.37,6485.3,177.109,2.7309,174682000.0,152478000.0
399371.SZ,2019-04-17,6656.87,6651.84,6687.39,6611.48,6662.41,-5.5406,-0.0832,158380000.0,139154000.0
399371.SZ,2019-04-18,6613.38,6655.76,6656.65,6599.41,6656.87,-43.4818,-0.6532,126562000.0,107510000.0
399371.SZ,2019-04-19,6690.94,6622.66,6691.03,6575.18,6613.38,77.556,1.1727,133461000.0,113682000.0
399371.SZ,2019-04-22,6528.07,6698.14,6698.14,6510.3,6690.94,-162.87,-2.4342,160776000.0,139824000.0
399371.SZ,2019-04-23,6498.44,6521.19,6567.67,6482.0,6528.07,-29.6255,-0.4538,132364000.0,112864000.0
399371.SZ,2019-04-24,6512.14,6518.3,6531.02,6414.84,6498.44,13.7008,0.2108,114349000.0,97863300.0
399371.SZ,2019-04-25,6356.78,6482.48,6486.2,6350.44,6512.14,-155.359,-2.3857,134160000.0,110497000.0
399371.SZ,2019-04-26,6259.41,6326.8,6348.83,6256.58,6356.78,-97.3735,-1.5318,116385000.0,98759900.0
399371.SZ,2019-04-29,6289.13,6277.22,6361.74,6251.04,6259.41,29.7189,0.4748,119644000.0,102330000.0
399371.SZ,2019-04-30,6330.27,6282.18,6340.12,6270.46,6289.13,41.1427,0.6542,94115300.0,87545700.0
399371.SZ,2019-05-06,6002.96,6137.38,6159.42,5931.14,6330.27,-327.311,-5.1706,160858000.0,138010000.0
399371.SZ,2019-05-07,6044.48,6036.87,6071.1,5979.0,6002.96,41.5225,0.6917,108995000.0,95629200.0
399371.SZ,2019-05-08,5955.25,5941.91,6036.82,5930.74,6044.48,-89.2367,-1.4763,94367100.0,77338900.0
399371.SZ,2019-05-09,5857.3,5916.92,5942.24,5839.16,5955.25,-97.9504,-1.6448,82351600.0,72497000.0
399371.SZ,2019-05-10,6035.34,5915.34,6039.33,5839.77,5857.3,178.04,3.0396,109140000.0,93580000.0
399371.SZ,2019-05-13,5939.93,5955.42,5982.54,5927.94,6035.34,-95.4087,-1.5808,79614300.0,67179300.0
399371.SZ,2019-05-14,5906.56,5882.23,5957.68,5881.5,5939.93,-33.3701,-0.5618,77187100.0,65820700.0
399371.SZ,2019-05-15,6011.86,5944.89,6035.44,5944.89,5906.56,105.301,1.7828,86969600.0,72559400.0
399371.SZ,2019-05-16,6043.39,6008.07,6047.82,5998.77,6011.86,31.5271,0.5244,91932400.0,73898000.0
399371.SZ,2019-05-17,5909.66,6046.62,6046.69,5896.66,6043.39,-133.725,-2.2128,94383900.0,75175700.0
399371.SZ,2019-05-20,5869.38,5895.28,5915.94,5821.09,5909.66,-40.2789,-0.6816,81013300.0,64694400.0
399371.SZ,2019-05-21,5936.55,5868.91,5970.96,5862.31,5869.38,67.1708,1.1444,76392500.0,63854800.0
399371.SZ,2019-05-22,5905.06,5936.18,5945.18,5885.94,5936.55,-31.4911,-0.5305,71580200.0,61287400.0
399371.SZ,2019-05-23,5817.06,5872.36,5874.99,5805.58,5905.06,-88.0003,-1.4903,74214400.0,60357400.0
399371.SZ,2019-05-24,5836.26,5819.62,5871.93,5817.3,5817.06,19.197,0.33,61425200.0,51340500.0
399371.SZ,2019-05-27,5894.51,5828.84,5910.39,5778.69,5836.26,58.246,0.998,76273800.0,64189100.0
399371.SZ,2019-05-28,5937.47,5891.95,5962.93,5884.63,5894.51,42.9655,0.7289,87398300.0,77793400.0
399371.SZ,2019-05-29,5929.63,5896.76,5975.75,5885.79,5937.47,-7.8407,-0.1321,65523100.0,60717900.0
399371.SZ,2019-05-30,5908.69,5911.72,5917.78,5861.82,5929.63,-20.9382,-0.3531,70090900.0,59816800.0
399371.SZ,2019-05-31,5889.82,5904.77,5949.49,5886.5,5908.69,-18.8769,-0.3195,66894200.0,55247500.0
399371.SZ,2019-06-03,5885.47,5904.06,5947.56,5856.88,5889.82,-4.349,-0.0738,81221500.0,65082200.0
399371.SZ,2019-06-04,5840.94,5883.93,5888.65,5821.27,5885.47,-44.5283,-0.7566,67798600.0,54640400.0
399371.SZ,2019-06-05,5843.65,5882.31,5896.86,5841.27,5840.94,2.7161,0.0465,69317500.0,56969500.0
399371.SZ,2019-06-06,5799.04,5853.05,5853.05,5789.63,5843.65,-44.6184,-0.7635,64281900.0,50853500.0
399371.SZ,2019-06-10,5870.72,5825.83,5893.86,5812.96,5799.04,71.6871,1.2362,66624200.0,56250000.0
399371.SZ,2019-06-11,6019.6,5883.73,6023.66,5883.55,5870.72,148.882,2.536,105535000.0,88752600.0
399371.SZ,2019-06-12,5979.32,6000.56,6004.8,5967.86,6019.6,-40.2827,-0.6692,79338200.0,62877700.0
399371.SZ,2019-06-13,5970.83,5977.92,5988.31,5923.41,5979.32,-8.4962,-0.1421,70763900.0,54586700.0
399371.SZ,2019-06-14,5920.19,5977.39,5992.08,5913.55,5970.83,-50.637,-0.8481,79695900.0,59520700.0
399371.SZ,2019-06-17,5934.37,5921.57,5964.47,5913.31,5920.19,14.1822,0.2396,54927000.0,46182000.0
399371.SZ,2019-06-18,5947.57,5941.9,5959.78,5911.62,5934.37,13.202,0.2225,51106200.0,43426500.0
399371.SZ,2019-06-19,6008.7,6059.45,6076.82,6007.37,5947.57,61.1235,1.0277,85049100.0,77995500.0
399371.SZ,2019-06-20,6170.6,6015.27,6187.48,6013.17,6008.7,161.905,2.6945,113783000.0,104917000.0
399371.SZ,2019-06-21,6164.17,6170.89,6207.65,6142.82,6170.6,-6.436,-0.1043,105497000.0,92966100.0
399371.SZ,2019-06-24,6178.27,6165.14,6185.21,6148.59,6164.17,14.1034,0.2288,73957300.0,66176300.0
399371.SZ,2019-06-25,6097.06,6172.14,6172.14,6035.23,6178.27,-81.2072,-1.3144,86191300.0,81990400.0
399371.SZ,2019-06-26,6083.92,6070.41,6110.09,6060.95,6097.06,-13.141,-0.2155,57092400.0,51500800.0
399371.SZ,2019-06-27,6130.17,6103.62,6160.58,6101.29,6083.92,46.2532,0.7603,69364500.0,66883400.0
399371.SZ,2019-06-28,6108.86,6127.58,6130.59,6078.81,6130.17,-21.3108,-0.3476,60867600.0,54152000.0
399371.SZ,2019-07-01,6252.26,6203.34,6254.25,6190.03,6108.86,143.4,2.3474,99354200.0,96141200.0
399371.SZ,2019-07-02,6250.32,6242.87,6258.38,6223.61,6252.26,-1.944,-0.0311,80258800.0,76681400.0
399371.SZ,2019-07-03,6219.82,6238.69,6239.06,6198.73,6250.32,-30.4961,-0.4879,74776400.0,72190700.0
399371.SZ,2019-07-04,6212.62,6225.95,6258.72,6187.15,6219.82,-7.206,-0.1159,71247000.0,66996600.0
399371.SZ,2019-07-05,6224.81,6207.87,6231.35,6174.08,6212.62,12.1955,0.1963,56505000.0,54869400.0
399371.SZ,2019-07-08,6072.76,6191.01,6191.07,6038.61,6224.81,-152.051,-2.4427,80972400.0,73864000.0
399371.SZ,2019-07-09,6042.49,6065.28,6079.05,6021.13,6072.76,-30.267,-0.4984,54257100.0,58076200.0
399371.SZ,2019-07-10,6012.01,6065.28,6067.36,5993.9,6042.49,-30.4876,-0.5046,50096800.0,48988500.0
399371.SZ,2019-07-11,6019.81,6037.88,6081.29,6002.21,6012.01,7.8005,0.1297,50779400.0,52543300.0
399371.SZ,2019-07-12,6049.87,6014.04,6067.62,5996.9,6019.81,30.0658,0.4994,53022800.0,53700800.0
399371.SZ,2019-07-15,6063.67,6030.83,6096.43,5955.27,6049.87,13.7973,0.2281,69699700.0,63819600.0
399371.SZ,2019-07-16,6051.6,6060.38,6070.46,6039.99,6063.67,-12.0726,-0.1991,55566500.0,51691200.0
399371.SZ,2019-07-17,6043.27,6042.66,6067.08,6023.99,6051.6,-8.3314,-0.1377,58671300.0,52877700.0
399371.SZ,2019-07-18,5998.86,6023.28,6023.83,5995.14,6043.27,-44.4097,-0.7349,55197200.0,48691400.0
399371.SZ,2019-07-19,6065.7,6030.49,6090.51,6030.15,5998.86,66.8437,1.1143,63019500.0,59197500.0
399371.SZ,2019-07-22,6020.71,6066.99,6072.75,6000.44,6065.7,-44.9938,-0.7418,62797300.0,54197800.0
399371.SZ,2019-07-23,6031.68,6021.86,6037.47,6007.69,6020.71,10.9782,0.1823,51390600.0,47157700.0
399371.SZ,2019-07-24,6078.09,6053.76,6111.06,6053.76,6031.68,46.4098,0.7694,60735800.0,57076800.0
399371.SZ,2019-07-25,6111.32,6082.53,6111.32,6067.95,6078.09,33.2245,0.5466,56031900.0,51597600.0
399371.SZ,2019-07-26,6126.25,6086.3,6132.4,6085.33,6111.32,14.936,0.2444,54198000.0,49695200.0
399371.SZ,2019-07-29,6110.52,6123.71,6130.35,6094.23,6126.25,-15.7319,-0.2568,53988600.0,49714500.0
399371.SZ,2019-07-30,6147.58,6124.56,6175.48,6124.47,6110.52,37.0529,0.6064,56782400.0,53445400.0
399371.SZ,2019-07-31,6081.28,6126.29,6126.29,6074.43,6147.58,-66.299,-1.0785,55237500.0,54021600.0
399371.SZ,2019-08-01,6028.32,6056.84,6072.89,6012.67,6081.28,-52.9527,-0.8707,55921300.0,51941300.0
399371.SZ,2019-08-02,5944.23,5925.38,5955.38,5906.92,6028.32,-84.0986,-1.3951,70381100.0,63238300.0
399371.SZ,2019-08-05,5835.17,5907.44,5919.65,5835.17,5944.23,-109.056,-1.8346,66641500.0,59570400.0
399371.SZ,2019-08-06,5758.18,5740.36,5775.75,5676.37,5835.17,-76.9889,-1.3194,89741000.0,76748200.0
399371.SZ,2019-08-07,5734.03,5779.41,5786.05,5734.03,5758.18,-24.147,-0.4194,55284900.0,48493100.0
399371.SZ,2019-08-08,5796.2,5765.75,5804.13,5762.73,5734.03,62.1687,1.0842,51161800.0,46755300.0
399371.SZ,2019-08-09,5753.96,5817.97,5822.02,5744.62,5796.2,-42.245,-0.7288,50605000.0,46034800.0
399371.SZ,2019-08-12,5826.06,5753.28,5826.35,5753.09,5753.96,72.0983,1.253,46181600.0,43592300.0
399371.SZ,2019-08-13,5768.28,5795.03,5806.98,5756.68,5826.06,-57.7738,-0.9916,48003900.0,45040000.0
399371.SZ,2019-08-14,5773.76,5832.87,5840.39,5771.47,5768.28,5.4742,0.0949,55125500.0,50118300.0
399371.SZ,2019-08-15,5785.55,5680.71,5785.97,5665.22,5773.76,11.7904,0.2042,56961100.0,50425600.0
399371.SZ,2019-08-16,5795.82,5789.63,5828.69,5767.0,5785.55,10.2723,0.1776,51982400.0,51820800.0
399371.SZ,2019-08-19,5904.94,5828.87,5904.94,5806.17,5795.82,109.117,1.8827,85852100.0,77932600.0
399371.SZ,2019-08-20,5895.17,5894.52,5919.89,5886.05,5904.94,-9.7628,-0.1653,70803800.0,61893300.0
399371.SZ,2019-08-21,5895.84,5882.01,5909.72,5878.09,5895.17,0.6637,0.0113,53728700.0,50881000.0
399371.SZ,2019-08-22,5892.83,5912.56,5914.4,5866.81,5895.84,-3.0035,-0.0509,50484500.0,45350300.0
399371.SZ,2019-08-23,5931.67,5895.96,5941.73,5886.3,5892.83,38.836,0.659,55442000.0,57361900.0
399371.SZ,2019-08-26,5847.33,5835.59,5862.57,5826.6,5931.67,-84.3431,-1.4219,65854000.0,65910800.0
399371.SZ,2019-08-27,5906.71,5878.82,5951.51,5878.8,5847.33,59.3886,1.0157,84537000.0,79275500.0
399371.SZ,2019-08-28,5874.93,5906.86,5915.76,5865.63,5906.71,-31.7822,-0.5381,64128100.0,58017300.0
399371.SZ,2019-08-29,5843.07,5880.46,5886.37,5826.11,5874.93,-31.8579,-0.5423,64265200.0,58257000.0
399371.SZ,2019-08-30,5839.79,5885.29,5897.34,5813.85,5843.07,-3.2816,-0.0562,66148900.0,61805300.0
399371.SZ,2019-09-02,5912.58,5847.09,5931.1,5846.12,5839.79,72.7906,1.2465,77115400.0,71661900.0
399371.SZ,2019-09-03,5915.28,5922.97,5923.96,5892.11,5912.58,2.6947,0.0456,65294300.0,60598800.0
399371.SZ,2019-09-04,5995.29,5910.33,5995.29,5907.66,5915.28,80.009,1.3526,89350300.0,81251000.0
399371.SZ,2019-09-05,6029.33,6022.74,6103.56,6022.74,5995.29,34.0382,0.5677,116163000.0,105447000.0
399371.SZ,2019-09-06,6068.28,6058.06,6068.28,6026.25,6029.33,38.9566,0.6461,71329600.0,67033600.0
399371.SZ,2019-09-09,6089.31,6113.79,6122.34,6072.92,6068.28,21.0228,0.3464,86926000.0,79665200.0
399371.SZ,2019-09-10,6066.62,6096.69,6096.69,6038.22,6089.31,-22.6802,-0.3725,76422200.0,66743200.0
399371.SZ,2019-09-11,6067.94,6085.56,6087.24,6042.9,6066.62,1.3101,0.0216,83013200.0,68386700.0
399371.SZ,2019-09-12,6132.45,6091.84,6136.87,6074.76,6067.94,64.5113,1.0632,71386900.0,67819700.0
399371.SZ,2019-09-16,6108.56,6151.61,6151.77,6091.48,6132.45,-23.8865,-0.3895,77819000.0,68907600.0
399371.SZ,2019-09-17,6003.93,6095.97,6095.97,5989.67,6108.56,-104.628,-1.7128,75348200.0,65238500.0
399371.SZ,2019-09-18,6013.3,6019.05,6034.38,6007.66,6003.93,9.3715,0.1561,57757600.0,52010900.0
399371.SZ,2019-09-19,6014.98,6033.43,6033.84,5987.34,6013.3,1.6777,0.0279,55014700.0,49218500.0
399371.SZ,2019-09-20,6018.1,6028.8,6028.8,6006.45,6014.98,3.1173,0.0518,67772000.0,61360900.0
399371.SZ,2019-09-23,5947.87,6003.66,6003.66,5918.26,6018.1,-70.2257,-1.1669,62662000.0,57223400.0
399371.SZ,2019-09-24,5948.18,5954.1,5983.07,5931.45,5947.87,0.3059,0.0051,54899500.0,51175600.0
399371.SZ,2019-09-25,5907.2,5933.39,5933.91,5898.16,5948.18,-40.977,-0.6889,55572600.0,50390100.0
399371.SZ,2019-09-26,5903.68,5925.75,5949.63,5901.81,5907.2,-3.5179,-0.0596,67640900.0,61500100.0
399371.SZ,2019-09-27,5896.44,5907.07,5911.6,5881.04,5903.68,-7.2479,-0.1228,50794800.0,45423000.0
399371.SZ,2019-09-30,5857.05,5881.28,5910.23,5855.7,5896.44,-39.39,-0.668,47323500.0,42925500.0
399371.SZ,2019-10-08,5916.26,5860.95,5941.46,5860.93,5857.05,59.2149,1.011,56873600.0,55637900.0
399371.SZ,2019-10-09,5945.04,5887.84,5956.53,5881.51,5916.26,28.775,0.4864,60796500.0,58095000.0
399371.SZ,2019-10-10,5964.35,5945.33,5966.59,5930.48,5945.04,19.3175,0.3249,54667400.0,49505500.0
399371.SZ,2019-10-11,6036.81,5986.45,6048.98,5974.72,5964.35,72.4587,1.2149,68594700.0,66725000.0
399371.SZ,2019-10-14,6101.42,6078.4,6152.85,6070.61,6036.81,64.6056,1.0702,94101100.0,82624700.0
399371.SZ,2019-10-15,6067.43,6106.97,6106.97,6057.7,6101.42,-33.9902,-0.5571,67550200.0,59213500.0
399371.SZ,2019-10-16,6065.94,6088.12,6140.37,6058.18,6067.43,-1.4923,-0.0246,66492300.0,59917400.0
399371.SZ,2019-10-17,6057.78,6074.41,6085.51,6042.15,6065.94,-8.1564,-0.1345,52143900.0,48365200.0
399371.SZ,2019-10-18,5967.91,6076.78,6093.22,5961.43,6057.78,-89.8674,-1.4835,63813200.0,55523000.0
399371.SZ,2019-10-21,5991.84,5958.56,5998.7,5946.93,5967.91,23.931,0.401,58581200.0,53256400.0
399371.SZ,2019-10-22,6006.0,6013.36,6013.36,5969.1,5991.84,14.1552,0.2362,50503100.0,45698000.0
399371.SZ,2019-10-23,5979.7,6001.88,6014.56,5964.33,6006.0,-26.2933,-0.4378,50585600.0,44701000.0
399371.SZ,2019-10-24,5993.17,5988.84,6015.97,5967.45,5979.7,13.4683,0.2252,51749400.0,45895200.0
399371.SZ,2019-10-25,5986.68,5983.51,5992.13,5928.21,5993.17,-6.4973,-0.1084,54974000.0,57160000.0
399371.SZ,2019-10-28,6000.49,5992.23,6014.61,5972.78,5986.68,13.8122,0.2307,65119800.0,59371600.0
399371.SZ,2019-10-29,5968.99,6011.73,6011.73,5968.5,6000.49,-31.5021,-0.525,60760200.0,57973200.0
399371.SZ,2019-10-30,5938.47,5963.93,5974.55,5929.09,5968.99,-30.5154,-0.5112,61249100.0,58032000.0
399371.SZ,2019-10-31,5932.69,5949.58,5953.21,5922.2,5938.47,-5.7764,-0.0973,63764500.0,59558600.0
399371.SZ,2019-11-01,6054.66,5930.29,6060.53,5917.19,5932.69,121.97,2.0559,78950400.0,81849700.0
399371.SZ,2019-11-04,6087.96,6076.14,6098.5,6070.62,6054.66,33.293,0.5499,79914100.0,76458700.0
399371.SZ,2019-11-05,6122.51,6095.15,6170.3,6074.08,6087.96,34.5559,0.5676,84731200.0,81931700.0
399371.SZ,2019-11-06,6109.9,6126.62,6136.2,6091.81,6122.51,-12.6164,-0.2061,74720900.0,66267400.0
399371.SZ,2019-11-07,6113.21,6109.77,6134.58,6091.38,6109.9,3.3093,0.0542,63692800.0,55905800.0
399371.SZ,2019-11-08,6080.18,6149.63,6157.46,6077.07,6113.21,-33.0266,-0.5403,69467000.0,62992100.0
399371.SZ,2019-11-11,5963.9,6041.84,6041.84,5958.22,6080.18,-116.278,-1.9124,71416000.0,64604600.0
399371.SZ,2019-11-12,5959.75,5963.63,5974.82,5927.65,5963.9,-4.1466,-0.0695,54163900.0,49661500.0
399371.SZ,2019-11-13,5928.35,5958.3,5958.3,5911.39,5959.75,-31.401,-0.5269,55130700.0,47988000.0
399371.SZ,2019-11-14,5922.53,5942.06,5946.23,5908.11,5928.35,-5.8185,-0.0981,54583000.0,47925900.0
399371.SZ,2019-11-15,5894.49,5929.8,5942.44,5894.49,5922.53,-28.047,-0.4736,53608500.0,47777600.0
399371.SZ,2019-11-18,5947.57,5890.24,5955.51,5877.88,5894.49,53.078,0.9005,54925000.0,49377100.0
399371.SZ,2019-11-19,5990.22,5937.88,5990.22,5935.15,5947.57,42.658,0.7172,56683500.0,52773200.0
399371.SZ,2019-11-20,5928.58,5978.8,5980.48,5923.11,5990.22,-61.6393,-1.029,56096500.0,50856200.0
399371.SZ,2019-11-21,5904.87,5910.47,5918.51,5879.69,5928.58,-23.7171,-0.4,52656300.0,48423100.0
399371.SZ,2019-11-22,5883.42,5916.12,5954.98,5864.83,5904.87,-21.4441,-0.3632,68903100.0,60376100.0
399371.SZ,2019-11-25,5988.04,5895.12,5989.07,5895.12,5883.42,104.614,1.7781,98056800.0,78024000.0
399371.SZ,2019-11-26,5967.03,6005.03,6005.18,5955.49,5988.04,-21.0112,-0.3509,87065200.0,70289000.0
399371.SZ,2019-11-27,5944.73,5957.85,5971.41,5929.8,5967.03,-22.2922,-0.3736,59063200.0,51484700.0
399371.SZ,2019-11-28,5926.13,5948.38,5961.84,5910.24,5944.73,-18.6001,-0.3129,50649700.0,43517600.0
399371.SZ,2019-11-29,5894.17,5920.83,5939.19,5866.67,5926.13,-31.9662,-0.5394,52789000.0,47293800.0
399371.SZ,2019-12-02,5909.24,5905.18,5937.15,5899.36,5894.17,15.0749,0.2558,55781700.0,48489300.0
399371.SZ,2019-12-03,5940.52,5904.68,5940.54,5885.38,5909.24,31.2738,0.5292,51413100.0,48039600.0
399371.SZ,2019-12-04,5925.8,5916.06,5932.07,5900.9,5940.52,-14.7129,-0.2477,51299800.0,46017700.0
399371.SZ,2019-12-05,5951.78,5947.6,5960.69,5926.87,5925.8,25.9795,0.4384,55261300.0,48620200.0
399371.SZ,2019-12-06,5965.25,5958.94,5965.25,5936.49,5951.78,13.4682,0.2263,50566500.0,45060200.0
399371.SZ,2019-12-09,5986.56,5970.61,5991.58,5961.1,5965.25,21.3121,0.3573,72634500.0,62261400.0
399371.SZ,2019-12-10,5982.96,5974.42,5987.33,5969.84,5986.56,-3.6072,-0.0603,57175600.0,49077600.0
399371.SZ,2019-12-11,6006.92,5998.28,6015.57,5983.0,5982.96,23.9673,0.4006,69802900.0,59667900.0
399371.SZ,2019-12-12,5995.37,6018.57,6018.72,5989.96,6006.92,-11.5507,-0.1923,59471800.0,50926600.0
399371.SZ,2019-12-13,6104.01,6048.44,6106.82,6046.41,5995.37,108.634,1.812,90032600.0,85984900.0
399371.SZ,2019-12-16,6127.44,6097.28,6127.58,6082.97,6104.01,23.4329,0.3839,90601400.0,80867400.0
399371.SZ,2019-12-17,6194.65,6128.06,6233.58,6111.93,6127.44,67.2133,1.0969,120196000.0,100415000.0
399371.SZ,2019-12-18,6186.0,6191.94,6223.77,6175.67,6194.65,-8.6547,-0.1397,88252700.0,74648600.0
399371.SZ,2019-12-19,6203.08,6191.99,6221.67,6187.56,6186.0,17.0807,0.2761,76941100.0,63047400.0
399371.SZ,2019-12-20,6190.69,6209.2,6231.45,6184.58,6203.08,-12.3866,-0.1997,76200300.0,63491800.0
399371.SZ,2019-12-23,6121.4,6202.66,6214.61,6117.67,6190.69,-69.29,-1.1193,79719200.0,68287200.0
399371.SZ,2019-12-24,6151.82,6127.12,6154.63,6115.99,6121.4,30.414,0.4968,57086000.0,49274400.0
399371.SZ,2019-12-25,6137.2,6149.93,6157.6,6118.11,6151.82,-14.621,-0.2377,56636100.0,49837800.0
399371.SZ,2019-12-26,6196.89,6141.54,6196.89,6141.46,6137.2,59.6975,0.9727,67727100.0,58525000.0
399371.SZ,2019-12-27,6198.44,6195.25,6250.84,6194.57,6196.89,1.545,0.0249,91308000.0,74673500.0
399371.SZ,2019-12-30,6263.52,6193.3,6263.52,6166.74,6198.44,65.0785,1.0499,96761600.0,85534600.0
399371.SZ,2019-12-31,6283.47,6255.36,6284.45,6237.73,6263.52,19.952,0.3185,84636600.0,74004800.0
399371.SZ,2020-01-02,6382.75,6335.4,6411.41,6335.4,6283.47,99.2841,1.5801,126592000.0,115103000.0
399371.SZ,2020-01-03,6374.69,6401.23,6403.3,6358.91,6382.75,-8.0593,-0.1263,95029800.0,87425400.0
399371.SZ,2020-01-06,6335.05,6348.09,6396.4,6301.34,6374.69,-39.6401,-0.6218,125909000.0,112994000.0
399371.SZ,2020-01-07,6379.65,6348.41,6389.24,6346.84,6335.05,44.5953,0.7039,106500000.0,90335000.0
399371.SZ,2020-01-08,6308.27,6356.99,6364.64,6292.0,6379.65,-71.3786,-1.1188,116434000.0,100600000.0
399371.SZ,2020-01-09,6361.56,6358.08,6374.46,6335.06,6308.27,53.2899,0.8448,92496300.0,84968300.0
399371.SZ,2020-01-10,6347.12,6372.48,6378.15,6328.94,6361.56,-14.4401,-0.227,77159100.0,72084400.0
399371.SZ,2020-01-13,6384.99,6352.15,6384.99,6320.57,6347.12,37.8723,0.5967,79856100.0,78347100.0
399371.SZ,2020-01-14,6384.7,6399.19,6425.48,6381.78,6384.99,-0.2954,-0.0046,87707800.0,80225700.0
399371.SZ,2020-01-15,6317.1,6380.89,6380.89,6306.72,6384.7,-67.5958,-1.0587,74384200.0,67656200.0
399371.SZ,2020-01-16,6277.92,6334.75,6335.89,6270.33,6317.1,-39.1838,-0.6203,71896600.0,66962400.0
399371.SZ,2020-01-17,6284.67,6297.29,6321.49,6266.0,6277.92,6.7503,0.1075,64454800.0,60822500.0
399371.SZ,2020-01-20,6313.62,6311.75,6315.93,6280.97,6284.67,28.9554,0.4607,75250000.0,76021400.0
399371.SZ,2020-01-21,6194.73,6287.07,6287.07,6193.94,6313.62,-118.89,-1.8831,87247900.0,83650500.0
399371.SZ,2020-01-22,6203.05,6171.7,6216.41,6106.16,6194.73,8.3174,0.1343,78983300.0,77285400.0
399371.SZ,2020-01-23,6022.69,6149.57,6149.57,5988.27,6203.05,-180.361,-2.9076,104511000.0,98847500.0
399371.SZ,2020-02-03,5554.46,5479.8,5629.53,5479.8,6022.69,-468.231,-7.7744,122762000.0,119467000.0
399371.SZ,2020-02-04,5675.29,5503.9,5678.16,5503.9,5554.46,120.832,2.1754,142238000.0,116998000.0
399371.SZ,2020-02-05,5717.18,5687.75,5764.43,5655.59,5675.29,41.884,0.738,115621000.0,100165000.0
399371.SZ,2020-02-06,5792.65,5743.94,5813.33,5692.5,5717.18,75.4771,1.3202,118538000.0,103083000.0
399371.SZ,2020-02-07,5778.69,5754.91,5778.74,5713.01,5792.65,-13.9614,-0.241,106482000.0,90694100.0
399371.SZ,2020-02-10,5816.72,5745.92,5820.51,5724.91,5778.69,38.0305,0.6581,111452000.0,97415600.0
399371.SZ,2020-02-11,5866.21,5833.61,5892.85,5813.39,5816.72,49.4912,0.8508,107619000.0,92175000.0
399371.SZ,2020-02-12,5891.62,5858.56,5891.62,5839.13,5866.21,25.4117,0.4332,88535700.0,76339100.0
399371.SZ,2020-02-13,5861.66,5891.99,5916.46,5854.88,5891.62,-29.9603,-0.5085,103423000.0,91712500.0
399371.SZ,2020-02-14,5900.62,5850.59,5900.62,5849.99,5861.66,38.9526,0.6645,92541900.0,80678600.0
399371.SZ,2020-02-17,6006.67,5899.62,6006.73,5898.23,5900.62,106.051,1.7973,117481000.0,103113000.0
399371.SZ,2020-02-18,5965.11,5993.2,5993.2,5935.59,6006.67,-41.5565,-0.6918,113391000.0,100479000.0
399371.SZ,2020-02-19,5951.94,5954.32,5991.04,5943.96,5965.11,-13.1669,-0.2207,109481000.0,96469400.0
399371.SZ,2020-02-20,6044.43,5962.6,6050.53,5937.68,5951.94,92.4815,1.5538,124556000.0,109418000.0
399371.SZ,2020-02-21,6029.39,6028.62,6063.33,6005.88,6044.43,-15.0332,-0.2487,129223000.0,116797000.0
399371.SZ,2020-02-24,5977.75,6007.91,6010.7,5952.42,6029.39,-51.6442,-0.8565,137354000.0,126806000.0
399371.SZ,2020-02-25,5928.75,5897.26,5933.91,5843.59,5977.75,-49.0029,-0.8198,157647000.0,137017000.0
399371.SZ,2020-02-26,5942.29,5868.07,5998.02,5858.79,5928.75,13.5418,0.2284,194011000.0,154868000.0
399371.SZ,2020-02-27,5957.3,5947.22,5989.22,5939.55,5942.29,15.0149,0.2527,138951000.0,115558000.0
399371.SZ,2020-02-28,5791.93,5854.36,5905.07,5784.42,5957.3,-165.376,-2.776,165733000.0,136265000.0
399371.SZ,2020-03-02,5993.18,5823.53,6011.25,5823.53,5791.93,201.253,3.4747,168319000.0,142282000.0
399371.SZ,2020-03-03,5999.66,6061.56,6072.61,5968.05,5993.18,6.4852,0.1082,173883000.0,145599000.0
399371.SZ,2020-03-04,6057.84,5984.22,6058.57,5980.4,5999.66,58.1791,0.9697,144347000.0,122962000.0
399371.SZ,2020-03-05,6177.39,6087.38,6179.22,6074.28,6057.84,119.542,1.9733,176772000.0,155943000.0
399371.SZ,2020-03-06,6075.79,6113.87,6130.34,6065.35,6177.39,-101.593,-1.6446,136672000.0,117136000.0
399371.SZ,2020-03-09,5895.91,5972.01,5972.01,5892.07,6075.79,-179.887,-2.9607,164516000.0,139124000.0
399371.SZ,2020-03-10,5989.01,5858.81,6002.16,5839.67,5895.91,93.1039,1.5791,153786000.0,128431000.0
399371.SZ,2020-03-11,5921.65,5994.58,5995.99,5921.65,5989.01,-67.3599,-1.1247,126065000.0,104829000.0
399371.SZ,2020-03-12,5831.26,5863.92,5878.65,5803.64,5921.65,-90.3871,-1.5264,121469000.0,102966000.0
399371.SZ,2020-03-13,5737.91,5589.03,5791.2,5579.45,5831.26,-93.353,-1.6009,145685000.0,121720000.0
399371.SZ,2020-03-16,5549.91,5758.01,5758.01,5540.97,5737.91,-187.996,-3.2764,138285000.0,116279000.0
399371.SZ,2020-03-17,5531.67,5551.07,5629.86,5432.04,5549.91,-18.2432,-0.3287,126762000.0,105217000.0
399371.SZ,2020-03-18,5425.93,5555.91,5603.49,5424.53,5531.67,-105.745,-1.9116,118917000.0,105837000.0
399371.SZ,2020-03-19,5319.12,5399.37,5426.74,5221.81,5425.93,-106.802,-1.9684,129356000.0,114951000.0
399371.SZ,2020-03-20,5419.27,5373.8,5433.05,5331.98,5319.12,100.143,1.8827,102909000.0,93550100.0
399371.SZ,2020-03-23,5250.63,5271.34,5325.36,5241.51,5419.27,-168.637,-3.1118,101220000.0,86353400.0
399371.SZ,2020-03-24,5388.08,5338.37,5391.6,5291.19,5250.63,137.446,2.6177,103460000.0,89080900.0
399371.SZ,2020-03-25,5515.3,5497.76,5529.69,5456.2,5388.08,127.223,2.3612,111175000.0,99115600.0
399371.SZ,2020-03-26,5483.24,5472.38,5532.4,5459.78,5515.3,-32.0603,-0.5813,87222200.0,75144900.0
399371.SZ,2020-03-27,5508.66,5544.48,5570.31,5505.59,5483.24,25.4219,0.4636,96985900.0,83882800.0
399371.SZ,2020-03-30,5469.75,5446.08,5493.68,5428.57,5508.66,-38.9103,-0.7063,95171800.0,81151900.0
399371.SZ,2020-03-31,5446.74,5513.24,5518.51,5436.44,5469.75,-23.0124,-0.4207,85826500.0,70509600.0
399371.SZ,2020-04-01,5428.28,5441.66,5504.99,5421.46,5446.74,-18.4598,-0.3389,85983100.0,72201800.0
399371.SZ,2020-04-02,5483.1,5391.27,5483.1,5380.49,5428.28,54.8189,1.0099,84737500.0,68699200.0
399371.SZ,2020-04-03,5442.87,5464.65,5474.68,5423.4,5483.1,-40.2213,-0.7336,72905500.0,60424000.0
399371.SZ,2020-04-07,5538.88,5525.62,5547.1,5510.66,5442.87,96.0086,1.7639,106174000.0,91110200.0
399371.SZ,2020-04-08,5512.07,5512.35,5527.93,5490.23,5538.88,-26.8122,-0.4841,84564600.0,70026200.0
399371.SZ,2020-04-09,5518.08,5532.77,5536.11,5514.03,5512.07,6.0064,0.109,70804000.0,60086600.0
399371.SZ,2020-04-10,5509.13,5528.63,5572.72,5494.99,5518.08,-8.9511,-0.1622,77560400.0,71647400.0
399371.SZ,2020-04-13,5508.43,5493.69,5525.77,5485.28,5509.13,-0.6921,-0.0126,63597400.0,58946700.0
399371.SZ,2020-04-14,5578.26,5534.56,5578.38,5523.14,5508.43,69.8308,1.2677,76325500.0,69288400.0
399371.SZ,2020-04-15,5530.13,5565.59,5570.83,5524.86,5578.26,-48.1321,-0.8629,73534900.0,67662000.0
399371.SZ,2020-04-16,5526.2,5507.08,5533.77,5502.27,5530.13,-3.9346,-0.0711,74330400.0,62940300.0
399371.SZ,2020-04-17,5572.76,5557.43,5603.37,5544.81,5526.2,46.565,0.8426,97062400.0,87424500.0
399371.SZ,2020-04-20,5588.15,5581.85,5593.21,5551.86,5572.76,15.3886,0.2761,80222600.0,72996400.0
399371.SZ,2020-04-21,5532.07,5570.87,5573.66,5500.19,5588.15,-56.0817,-1.0036,84172300.0,73917000.0
399371.SZ,2020-04-22,5551.1,5507.34,5551.1,5491.54,5532.07,19.0268,0.3439,73586800.0,63881800.0
399371.SZ,2020-04-23,5542.38,5566.52,5568.44,5537.4,5551.1,-8.7211,-0.1571,85650600.0,73200600.0
399371.SZ,2020-04-24,5494.51,5534.1,5534.28,5481.55,5542.38,-47.8629,-0.8636,74928700.0,64430200.0
399371.SZ,2020-04-27,5524.66,5500.01,5557.61,5500.01,5494.51,30.1492,0.5487,80365000.0,67069900.0
399371.SZ,2020-04-28,5523.27,5533.68,5535.78,5434.79,5524.66,-1.3902,-0.0252,95744000.0,76743000.0
399371.SZ,2020-04-29,5593.96,5515.25,5597.06,5513.36,5523.27,70.6903,1.2799,80046300.0,69480700.0
399371.SZ,2020-04-30,5652.84,5610.09,5666.28,5610.09,5593.96,58.8744,1.0525,100065000.0,85008000.0
399371.SZ,2020-05-06,5643.59,5587.73,5647.87,5587.35,5652.84,-9.251,-0.1637,108037000.0,93112100.0
399371.SZ,2020-05-07,5618.7,5638.08,5638.08,5606.11,5643.59,-24.8807,-0.4409,85359400.0,72457100.0
399371.SZ,2020-05-08,5676.54,5637.98,5690.93,5630.03,5618.7,57.8327,1.0293,86436800.0,80939000.0
399371.SZ,2020-05-11,5705.43,5691.53,5743.91,5689.8,5676.54,28.8939,0.509,92505700.0,85904800.0
399371.SZ,2020-05-12,5680.77,5709.89,5716.98,5655.8,5705.43,-24.659,-0.4322,77245400.0,69698400.0
399371.SZ,2020-05-13,5675.74,5664.35,5680.66,5635.65,5680.77,-5.0285,-0.0885,71199700.0,62540500.0
399371.SZ,2020-05-14,5613.47,5658.95,5658.95,5611.77,5675.74,-62.2747,-1.0972,74916500.0,65862100.0
399371.SZ,2020-05-15,5601.33,5633.55,5640.31,5596.78,5613.47,-12.1346,-0.2162,74323900.0,63536900.0
399371.SZ,2020-05-18,5610.47,5615.27,5634.29,5585.24,5601.33,9.1379,0.1631,83342700.0,71375500.0
399371.SZ,2020-05-19,5648.97,5664.4,5667.67,5641.61,5610.47,38.4949,0.6861,74008400.0,66002600.0
399371.SZ,2020-05-20,5632.2,5644.88,5645.42,5617.28,5648.97,-16.7632,-0.2967,77288000.0,65685000.0
399371.SZ,2020-05-21,5596.39,5651.23,5651.47,5591.04,5632.2,-35.8102,-0.6358,75286200.0,60899800.0
399371.SZ,2020-05-22,5483.47,5584.85,5585.03,5483.47,5596.39,-112.92,-2.0177,78052000.0,64934300.0
399371.SZ,2020-05-25,5486.41,5495.68,5496.41,5452.91,5483.47,2.9324,0.0535,60500200.0,51593100.0
399371.SZ,2020-05-26,5534.6,5513.03,5539.63,5503.71,5486.41,48.1924,0.8784,63125200.0,53187500.0
399371.SZ,2020-05-27,5530.81,5539.46,5562.36,5523.86,5534.6,-3.7864,-0.0684,72915700.0,59938800.0
399371.SZ,2020-05-28,5562.61,5539.36,5607.38,5524.88,5530.81,31.8018,0.575,72591100.0,63123300.0
399371.SZ,2020-05-29,5540.51,5539.03,5552.0,5527.8,5562.61,-22.1021,-0.3973,77662300.0,62568300.0
399371.SZ,2020-06-01,5649.79,5571.63,5651.48,5571.63,5540.51,109.275,1.9723,92265500.0,79127300.0
399371.SZ,2020-06-02,5695.28,5646.81,5700.83,5639.26,5649.79,45.493,0.8052,91438600.0,79414800.0
399371.SZ,2020-06-03,5697.84,5721.1,5765.64,5697.84,5695.28,2.5621,0.045,95820900.0,84311100.0
399371.SZ,2020-06-04,5689.51,5725.74,5727.39,5673.55,5697.84,-8.3277,-0.1462,76292600.0,67900400.0
399371.SZ,2020-06-05,5691.77,5698.08,5703.21,5655.51,5689.51,2.2562,0.0397,70287200.0,64393300.0
399371.SZ,2020-06-08,5741.43,5724.6,5758.68,5724.6,5691.77,49.6557,0.8724,86641700.0,80749000.0
399371.SZ,2020-06-09,5759.69,5747.55,5764.28,5736.62,5741.43,18.2658,0.3181,75757500.0,69146100.0
399371.SZ,2020-06-10,5723.09,5764.08,5764.08,5714.71,5759.69,-36.6029,-0.6355,76140800.0,67076800.0
399371.SZ,2020-06-11,5649.67,5711.93,5713.01,5634.59,5723.09,-73.4163,-1.2828,89169800.0,77974100.0
399371.SZ,2020-06-12,5645.07,5570.13,5652.18,5562.32,5649.67,-4.6054,-0.0815,93713700.0,76382600.0
399371.SZ,2020-06-15,5578.98,5613.84,5638.79,5578.98,5645.07,-66.0907,-1.1708,92279300.0,78095800.0
399371.SZ,2020-06-16,5653.67,5626.21,5654.52,5618.27,5578.98,74.6923,1.3388,82821500.0,68197500.0
399371.SZ,2020-06-17,5655.45,5650.64,5658.21,5628.98,5653.67,1.7816,0.0315,83824900.0,68665800.0
399371.SZ,2020-06-18,5683.77,5642.75,5690.68,5624.03,5655.45,28.3204,0.5008,112343000.0,87207800.0
399371.SZ,2020-06-19,5705.73,5678.58,5718.39,5671.94,5683.77,21.9547,0.3863,103367000.0,86101800.0
399371.SZ,2020-06-22,5670.4,5695.38,5712.06,5663.02,5705.73,-35.3292,-0.6192,94602300.0,82755300.0
399371.SZ,2020-06-23,5644.03,5661.27,5661.27,5631.29,5670.4,-26.3626,-0.4649,79554400.0,72327600.0
399371.SZ,2020-06-24,5681.17,5653.16,5687.36,5653.09,5644.03,37.1373,0.658,79398700.0,75023000.0
399371.SZ,2020-06-29,5630.04,5671.02,5679.89,5616.45,5681.17,-51.1262,-0.8999,85239100.0,75638400.0
399371.SZ,2020-06-30,5651.68,5640.28,5666.36,5634.65,5630.04,21.6344,0.3843,78945600.0,71360000.0
399371.SZ,2020-07-01,5787.36,5661.68,5788.26,5651.66,5651.68,135.683,2.4008,120644000.0,111922000.0
399371.SZ,2020-07-02,5928.41,5777.71,5931.66,5775.12,5787.36,141.048,2.4372,172727000.0,153108000.0
399371.SZ,2020-07-03,6034.31,5946.69,6042.95,5946.69,5928.41,105.9,1.7863,200438000.0,172800000.0
399371.SZ,2020-07-06,6435.51,6111.58,6449.24,6111.58,6034.31,401.196,6.6486,304272000.0,257216000.0
399371.SZ,2020-07-07,6409.81,6554.63,6629.16,6409.81,6435.51,-25.6952,-0.3993,297355000.0,257171000.0
399371.SZ,2020-07-08,6485.6,6398.76,6535.94,6361.64,6409.81,75.7918,1.1824,245996000.0,209536000.0
399371.SZ,2020-07-09,6536.29,6492.51,6536.29,6432.88,6485.6,50.6909,0.7816,253890000.0,222645000.0
399371.SZ,2020-07-10,6332.91,6464.33,6465.12,6317.16,6536.29,-203.383,-3.1116,226460000.0,206772000.0
399371.SZ,2020-07-13,6414.02,6311.84,6454.81,6291.71,6332.91,81.1064,1.2807,238756000.0,213121000.0
399371.SZ,2020-07-14,6335.16,6400.39,6424.39,6259.23,6414.02,-78.8579,-1.2295,216092000.0,194342000.0
399371.SZ,2020-07-15,6244.03,6363.11,6383.23,6222.12,6335.16,-91.1286,-1.4385,195310000.0,176340000.0
399371.SZ,2020-07-16,6071.38,6261.65,6316.4,6071.38,6244.03,-172.652,-2.7651,209708000.0,188576000.0
399371.SZ,2020-07-17,6085.38,6081.09,6137.17,6025.15,6071.38,13.9993,0.2306,152430000.0,140350000.0
399371.SZ,2020-07-20,6338.99,6134.87,6339.42,6134.87,6085.38,253.614,4.1676,186362000.0,177510000.0
399371.SZ,2020-07-21,6303.92,6364.56,6364.56,6274.05,6338.99,-35.0732,-0.5533,153255000.0,148529000.0
399371.SZ,2020-07-22,6301.31,6296.16,6386.21,6261.36,6303.92,-2.6075,-0.0414,159632000.0,149761000.0
399371.SZ,2020-07-23,6247.18,6238.72,6288.09,6134.9,6301.31,-54.1365,-0.8591,163060000.0,154314000.0
399371.SZ,2020-07-24,6035.9,6220.14,6242.11,6004.24,6247.18,-211.279,-3.382,172127000.0,159212000.0
399371.SZ,2020-07-27,6033.47,6070.23,6084.84,5983.21,6035.9,-2.4256,-0.0402,120658000.0,111990000.0
399371.SZ,2020-07-28,6054.52,6070.68,6091.21,6020.09,6033.47,21.0483,0.3489,110602000.0,101994000.0
399371.SZ,2020-07-29,6160.23,6035.67,6160.49,6011.79,6054.52,105.714,1.746,122060000.0,116007000.0
399371.SZ,2020-07-30,6124.63,6169.26,6186.51,6116.85,6160.23,-35.5992,-0.5779,121747000.0,118009000.0
399371.SZ,2020-07-31,6148.34,6117.4,6217.1,6080.41,6124.63,23.7097,0.3871,130919000.0,122990000.0
399371.SZ,2020-08-03,6243.04,6191.9,6243.17,6191.9,6148.34,94.6937,1.5401,155980000.0,148692000.0
399371.SZ,2020-08-04,6316.56,6261.18,6351.55,6226.71,6243.04,73.5193,1.1776,190809000.0,184654000.0
399371.SZ,2020-08-05,6275.8,6280.24,6289.84,6210.77,6316.56,-40.7611,-0.6453,144885000.0,134380000.0
399371.SZ,2020-08-06,6292.37,6283.48,6325.55,6213.61,6275.8,16.5726,0.2641,155208000.0,141622000.0
399371.SZ,2020-08-07,6245.49,6271.32,6289.68,6179.47,6292.37,-46.8795,-0.745,141949000.0,131912000.0
399371.SZ,2020-08-10,6315.94,6231.99,6341.55,6207.91,6245.49,70.453,1.1281,149542000.0,144294000.0
399371.SZ,2020-08-11,6256.14,6328.19,6382.29,6248.62,6315.94,-59.8071,-0.9469,157062000.0,146011000.0
399371.SZ,2020-08-12,6245.3,6241.91,6273.63,6156.7,6256.14,-10.836,-0.1732,149353000.0,138025000.0
399371.SZ,2020-08-13,6243.17,6260.31,6272.49,6231.27,6245.3,-2.1343,-0.0342,117346000.0,104646000.0
399371.SZ,2020-08-14,6317.33,6234.75,6322.45,6211.01,6243.17,74.1691,1.188,116716000.0,104915000.0
399371.SZ,2020-08-17,6479.0,6333.0,6524.76,6330.57,6317.33,161.667,2.5591,190661000.0,176004000.0
399371.SZ,2020-08-18,6458.38,6480.45,6481.03,6421.65,6479.0,-20.6227,-0.3183,145980000.0,134221000.0
399371.SZ,2020-08-19,6393.87,6451.23,6469.48,6392.78,6458.38,-64.5124,-0.9989,157510000.0,141396000.0
399371.SZ,2020-08-20,6323.53,6361.74,6365.85,6303.99,6393.87,-70.3346,-1.1,130144000.0,111623000.0
399371.SZ,2020-08-21,6343.55,6356.61,6366.8,6303.18,6323.53,20.0226,0.3166,105968000.0,94687200.0
399371.SZ,2020-08-24,6348.6,6365.54,6386.69,6340.71,6343.55,5.0508,0.0796,109357000.0,101705000.0
399371.SZ,2020-08-25,6324.92,6365.08,6391.79,6305.47,6348.6,-23.6856,-0.3731,105941000.0,96840500.0
399371.SZ,2020-08-26,6249.71,6322.13,6338.35,6229.68,6324.92,-75.205,-1.189,113475000.0,103812000.0
399371.SZ,2020-08-27,6252.0,6264.72,6270.38,6210.57,6249.71,2.2903,0.0366,100135000.0,92839300.0
399371.SZ,2020-08-28,6371.06,6246.37,6375.0,6225.07,6252.0,119.055,1.9043,119776000.0,113229000.0
399371.SZ,2020-08-31,6333.06,6396.38,6441.84,6330.28,6371.06,-38.001,-0.5965,150764000.0,138295000.0
399371.SZ,2020-09-01,6347.29,6319.08,6347.35,6304.31,6333.06,14.2328,0.2247,113218000.0,100095000.0
399371.SZ,2020-09-02,6324.87,6359.94,6363.04,6278.47,6347.29,-22.4207,-0.3532,117496000.0,104144000.0
399371.SZ,2020-09-03,6307.8,6328.05,6374.6,6291.19,6324.87,-17.0719,-0.2699,113554000.0,102869000.0
399371.SZ,2020-09-04,6270.18,6233.0,6278.43,6220.21,6307.8,-37.6218,-0.5964,93953400.0,85015300.0
399371.SZ,2020-09-07,6209.02,6262.1,6319.24,6197.6,6270.18,-61.1562,-0.9754,110566000.0,104972000.0
399371.SZ,2020-09-08,6291.56,6230.24,6297.73,6216.01,6209.02,82.538,1.3293,114906000.0,100028000.0
399371.SZ,2020-09-09,6205.06,6230.88,6274.77,6180.11,6291.56,-86.4943,-1.3748,152436000.0,106957000.0
399371.SZ,2020-09-10,6189.23,6253.95,6265.97,6175.83,6205.06,-15.8333,-0.2552,135829000.0,102768000.0
399371.SZ,2020-09-11,6198.08,6176.59,6207.48,6148.13,6189.23,8.847,0.1429,98212900.0,81354000.0
399371.SZ,2020-09-14,6237.87,6218.21,6240.16,6206.61,6198.08,39.7956,0.6421,91447900.0,82233600.0
399371.SZ,2020-09-15,6286.74,6236.68,6291.79,6214.23,6237.87,48.8662,0.7834,82091900.0,80385900.0
399371.SZ,2020-09-16,6287.76,6276.65,6322.11,6259.53,6286.74,1.016,0.0162,89149600.0,79044800.0
399371.SZ,2020-09-17,6288.34,6290.24,6322.34,6263.88,6287.76,0.5842,0.0093,84379700.0,80597900.0
399371.SZ,2020-09-18,6436.55,6301.09,6441.47,6296.27,6288.34,148.215,2.357,123862000.0,124201000.0
399371.SZ,2020-09-21,6377.78,6446.92,6449.6,6372.7,6436.55,-58.7711,-0.9131,96876000.0,93043300.0
399371.SZ,2020-09-22,6274.9,6325.75,6368.08,6260.68,6377.78,-102.88,-1.6131,92699100.0,84841400.0
399371.SZ,2020-09-23,6258.33,6293.88,6302.01,6247.76,6274.9,-16.5735,-0.2641,74860200.0,69611600.0
399371.SZ,2020-09-24,6145.6,6228.11,6228.65,6141.08,6258.33,-112.734,-1.8014,90184400.0,80474500.0
399371.SZ,2020-09-25,6122.51,6166.93,6173.32,6100.11,6145.6,-23.0813,-0.3756,69483700.0,65089400.0
399371.SZ,2020-09-28,6134.72,6133.58,6169.68,6117.91,6122.51,12.2055,0.1994,65434400.0,62176700.0
399371.SZ,2020-09-29,6118.01,6159.95,6164.27,6118.01,6134.72,-16.7141,-0.2725,62870100.0,61600200.0
399371.SZ,2020-09-30,6083.52,6132.98,6142.79,6054.96,6118.01,-34.4857,-0.5637,68354000.0,64948300.0
399371.SZ,2020-10-09,6175.21,6154.45,6200.04,6154.45,6083.52,91.6906,1.5072,84649000.0,79601300.0
399371.SZ,2020-10-12,6330.64,6196.25,6332.03,6196.05,6175.21,155.433,2.517,115200000.0,110226000.0
399371.SZ,2020-10-13,6340.5,6322.21,6346.55,6289.26,6330.64,9.8604,0.1558,83559500.0,83092600.0
399371.SZ,2020-10-14,6316.95,6331.73,6331.95,6297.89,6340.5,-23.5512,-0.3714,83743500.0,82868900.0
399371.SZ,2020-10-15,6324.21,6319.42,6366.91,6301.51,6316.95,7.2539,0.1148,84182700.0,82638000.0
399371.SZ,2020-10-16,6346.98,6324.23,6376.23,6322.27,6324.21,22.7705,0.3601,100773000.0,90247900.0
399371.SZ,2020-10-19,6328.81,6375.5,6467.25,6319.91,6346.98,-18.168,-0.2862,106167000.0,100602000.0
399371.SZ,2020-10-20,6332.98,6316.79,6334.25,6289.71,6328.81,4.1714,0.0659,73601000.0,68319400.0
399371.SZ,2020-10-21,6372.94,6340.29,6376.51,6314.92,6332.98,39.9551,0.6309,80133400.0,74782000.0
399371.SZ,2020-10-22,6354.71,6356.89,6378.14,6295.79,6372.94,-18.2203,-0.2859,77764000.0,75251300.0
399371.SZ,2020-10-23,6339.42,6342.11,6403.66,6339.42,6354.71,-15.299,-0.2408,82011900.0,81012000.0
399371.SZ,2020-10-26,6301.45,6339.59,6340.73,6265.19,6339.42,-37.9621,-0.5988,77908000.0,73208300.0
399371.SZ,2020-10-27,6268.96,6278.2,6289.24,6248.19,6301.45,-32.4951,-0.5157,71099000.0,66931100.0
399371.SZ,2020-10-28,6257.42,6268.01,6281.19,6212.2,6268.96,-11.5376,-0.184,80404400.0,82832900.0
399371.SZ,2020-10-29,6268.68,6189.43,6306.78,6185.05,6257.42,11.2603,0.18,84809400.0,87784900.0
399371.SZ,2020-10-30,6175.8,6286.78,6293.6,6163.75,6268.68,-92.8816,-1.4817,104347000.0,100679000.0
399371.SZ,2020-11-02,6223.75,6197.82,6241.61,6193.63,6175.8,47.9552,0.7765,105568000.0,102005000.0
399371.SZ,2020-11-03,6304.71,6252.48,6325.27,6251.07,6223.75,80.9522,1.3007,97418300.0,93358900.0
399371.SZ,2020-11-04,6360.58,6311.22,6375.37,6295.19,6304.71,55.8735,0.8862,87231700.0,91367600.0
399371.SZ,2020-11-05,6448.41,6404.49,6448.41,6391.12,6360.58,87.8256,1.3808,105615000.0,105773000.0
399371.SZ,2020-11-06,6481.55,6456.23,6495.95,6432.84,6448.41,33.1457,0.514,108944000.0,106153000.0
399371.SZ,2020-11-09,6569.39,6522.48,6582.4,6522.48,6481.55,87.839,1.3552,146315000.0,135976000.0
399371.SZ,2020-11-10,6554.28,6599.21,6614.89,6525.02,6569.39,-15.1111,-0.23,138260000.0,134144000.0
399371.SZ,2020-11-11,6576.35,6541.59,6617.38,6536.6,6554.28,22.0724,0.3368,144118000.0,128963000.0
399371.SZ,2020-11-12,6561.17,6578.81,6581.03,6536.95,6576.35,-15.1823,-0.2309,103524000.0,97089800.0
399371.SZ,2020-11-13,6476.28,6532.72,6532.72,6431.85,6561.17,-84.8927,-1.2939,106268000.0,98230000.0
399371.SZ,2020-11-16,6582.69,6509.16,6582.69,6493.47,6476.28,106.413,1.6431,132474000.0,118882000.0
399371.SZ,2020-11-17,6622.17,6581.32,6641.62,6571.73,6582.69,39.4812,0.5998,137728000.0,127782000.0
399371.SZ,2020-11-18,6667.99,6615.58,6701.58,6611.25,6622.17,45.8204,0.6919,139846000.0,127126000.0
399371.SZ,2020-11-19,6691.7,6659.99,6704.27,6633.42,6667.99,23.7052,0.3555,110957000.0,102818000.0
399371.SZ,2020-11-20,6699.21,6681.92,6703.53,6651.22,6691.7,7.5179,0.1123,112828000.0,100694000.0
399371.SZ,2020-11-23,6787.13,6705.57,6818.7,6698.26,6699.21,87.9195,1.3124,182946000.0,155427000.0
399371.SZ,2020-11-24,6733.39,6777.67,6789.15,6716.86,6787.13,-53.7442,-0.7919,132168000.0,115573000.0
399371.SZ,2020-11-25,6684.43,6772.48,6794.97,6684.43,6733.39,-48.9628,-0.7272,144737000.0,135370000.0
399371.SZ,2020-11-26,6705.36,6677.68,6707.37,6643.21,6684.43,20.9376,0.3132,117063000.0,115219000.0
399371.SZ,2020-11-27,6791.16,6728.2,6791.16,6695.29,6705.36,85.7944,1.2795,141168000.0,121675000.0
399371.SZ,2020-11-30,6737.81,6812.41,6940.75,6737.81,6791.16,-53.3476,-0.7855,212403000.0,185274000.0
399371.SZ,2020-12-01,6869.24,6741.07,6877.75,6723.78,6737.81,131.432,1.9507,162562000.0,141010000.0
399371.SZ,2020-12-02,6881.16,6878.21,6929.66,6836.39,6869.24,11.9199,0.1735,154894000.0,136092000.0
399371.SZ,2020-12-03,6827.29,6884.17,6884.17,6787.4,6881.16,-53.8721,-0.7829,148016000.0,125078000.0
399371.SZ,2020-12-04,6784.53,6818.34,6818.79,6724.68,6827.29,-42.7629,-0.6264,120126000.0,106815000.0
399371.SZ,2020-12-07,6678.09,6786.83,6788.77,6667.03,6784.53,-106.441,-1.5689,115241000.0,104470000.0
399371.SZ,2020-12-08,6630.55,6677.59,6701.05,6614.39,6678.09,-47.5344,-0.7118,99541100.0,94650000.0
399371.SZ,2020-12-09,6564.58,6641.97,6653.8,6563.58,6630.55,-65.9742,-0.995,106542000.0,98251100.0
399371.SZ,2020-12-10,6559.93,6559.02,6582.52,6532.45,6564.58,-4.6498,-0.0708,101189000.0,89165100.0
399371.SZ,2020-12-11,6484.34,6587.82,6589.35,6444.76,6559.93,-75.59,-1.1523,127844000.0,111979000.0
399371.SZ,2020-12-14,6511.03,6498.31,6520.68,6479.85,6484.34,26.6936,0.4117,103521000.0,93511100.0
399371.SZ,2020-12-15,6494.04,6502.62,6509.09,6437.53,6511.03,-16.9898,-0.2609,96426800.0,91696500.0
399371.SZ,2020-12-16,6499.68,6506.61,6535.4,6480.67,6494.04,5.6351,0.0868,91953200.0,88203100.0
399371.SZ,2020-12-17,6575.95,6496.13,6580.35,6472.42,6499.68,76.2762,1.1735,113631000.0,102433000.0
399371.SZ,2020-12-18,6562.53,6572.34,6615.01,6536.02,6575.95,-13.4222,-0.2041,123094000.0,105502000.0
399371.SZ,2020-12-21,6567.22,6554.54,6583.84,6502.31,6562.53,4.6903,0.0715,117722000.0,107850000.0
399371.SZ,2020-12-22,6416.91,6545.09,6545.09,6405.82,6567.22,-150.311,-2.2888,131067000.0,122553000.0
399371.SZ,2020-12-23,6461.09,6418.23,6480.71,6414.92,6416.91,44.1822,0.6885,119040000.0,112450000.0
399371.SZ,2020-12-24,6434.3,6467.45,6481.78,6415.69,6461.09,-26.79,-0.4146,105584000.0,94394900.0
399371.SZ,2020-12-25,6481.26,6420.03,6486.19,6399.96,6434.3,46.9539,0.7297,118357000.0,100748000.0
399371.SZ,2020-12-28,6504.52,6484.32,6534.84,6465.88,6481.26,23.2685,0.359,136801000.0,122647000.0
399371.SZ,2020-12-29,6479.92,6514.84,6526.55,6470.93,6504.52,-24.6052,-0.3783,127368000.0,109268000.0
399371.SZ,2020-12-30,6506.79,6474.84,6506.79,6459.98,6479.92,26.8663,0.4146,115906000.0,101800000.0
399371.SZ,2020-12-31,6589.51,6506.52,6595.39,6506.52,6506.79,82.7241,1.2714,137542000.0,126132000.0
399371.SZ,2021-01-04,6588.38,6578.89,6605.51,6530.38,6589.51,-1.1276,-0.0171,166139000.0,156601000.0
399371.SZ,2021-01-05,6588.15,6564.4,6590.97,6500.84,6588.38,-0.2362,-0.0036,176692000.0,166184000.0
399371.SZ,2021-01-06,6653.67,6590.51,6653.85,6578.03,6588.15,65.5282,0.9946,154484000.0,149686000.0
399371.SZ,2021-01-07,6718.43,6669.17,6722.07,6635.1,6653.67,64.7542,0.9732,183017000.0,174245000.0
399371.SZ,2021-01-08,6758.51,6719.87,6758.51,6692.47,6718.43,40.0792,0.5966,160574000.0,157019000.0
399371.SZ,2021-01-11,6704.84,6765.49,6799.76,6678.77,6758.51,-53.669,-0.7941,173657000.0,171215000.0
399371.SZ,2021-01-12,6823.48,6686.74,6823.48,6676.61,6704.84,118.643,1.7695,149559000.0,154000000.0
399371.SZ,2021-01-13,6848.98,6837.78,6884.66,6810.17,6823.48,25.5001,0.3737,185975000.0,180608000.0
399371.SZ,2021-01-14,6781.61,6839.47,6879.73,6766.28,6848.98,-67.3763,-0.9837,174552000.0,167671000.0
399371.SZ,2021-01-15,6818.95,6800.29,6889.39,6778.07,6781.61,37.347,0.5507,173106000.0,170651000.0
399371.SZ,2021-01-18,6869.18,6813.52,6889.15,6804.74,6818.95,50.2305,0.7366,145063000.0,147553000.0
399371.SZ,2021-01-19,6841.67,6876.89,6911.82,6812.69,6869.18,-27.5142,-0.4005,157961000.0,157030000.0
399371.SZ,2021-01-20,6814.65,6845.11,6870.8,6783.96,6841.67,-27.0186,-0.3949,128667000.0,128154000.0
399371.SZ,2021-01-21,6859.68,6834.3,6901.38,6811.13,6814.65,45.0309,0.6608,143326000.0,147380000.0
399371.SZ,2021-01-22,6790.42,6855.55,6855.55,6756.49,6859.68,-69.263,-1.0097,139845000.0,145489000.0
399371.SZ,2021-01-25,6806.08,6776.73,6818.22,6715.93,6790.42,15.658,0.2306,141767000.0,152009000.0
399371.SZ,2021-01-26,6725.66,6778.44,6798.25,6721.04,6806.08,-80.4205,-1.1816,119565000.0,128507000.0
399371.SZ,2021-01-27,6753.62,6724.53,6781.77,6724.53,6725.66,27.9618,0.4157,123230000.0,123592000.0
399371.SZ,2021-01-28,6619.93,6681.47,6686.36,6600.56,6753.62,-133.691,-1.9795,130543000.0,127195000.0
399371.SZ,2021-01-29,6566.05,6643.57,6656.49,6516.29,6619.93,-53.8756,-0.8138,138369000.0,136272000.0
399371.SZ,2021-02-01,6646.44,6555.27,6649.11,6521.1,6566.05,80.384,1.2242,132118000.0,125036000.0
399371.SZ,2021-02-02,6665.15,6647.26,6669.13,6635.54,6646.44,18.716,0.2816,127938000.0,132210000.0
399371.SZ,2021-02-03,6641.63,6667.22,6677.3,6606.55,6665.15,-23.525,-0.353,138631000.0,138314000.0
399371.SZ,2021-02-04,6630.46,6632.02,6690.21,6578.61,6641.63,-11.1663,-0.1681,143955000.0,142035000.0
399371.SZ,2021-02-05,6641.75,6644.96,6687.13,6627.32,6630.46,11.2902,0.1703,161628000.0,150818000.0
399371.SZ,2021-02-08,6701.91,6655.88,6716.0,6615.25,6641.75,60.1616,0.9058,135033000.0,129061000.0
399371.SZ,2021-02-09,6791.1,6713.77,6791.95,6681.09,6701.91,89.1865,1.3308,132636000.0,133938000.0
399371.SZ,2021-02-10,6853.81,6805.23,6876.43,6791.54,6791.1,62.7075,0.9234,136721000.0,134752000.0
399371.SZ,2021-02-18,6967.29,6993.38,7011.51,6937.47,6853.81,113.488,1.6558,191478000.0,186159000.0
399371.SZ,2021-02-19,7046.4,6935.63,7047.58,6928.03,6967.29,79.1034,1.1354,188504000.0,183003000.0
399371.SZ,2021-02-22,7027.28,7069.25,7123.24,7025.83,7046.4,-19.1196,-0.2713,254092000.0,232639000.0
399371.SZ,2021-02-23,7027.49,6997.21,7090.47,6994.24,7027.28,0.2098,0.003,216927000.0,194027000.0
399371.SZ,2021-02-24,6937.5,7046.36,7085.23,6878.24,7027.49,-89.9891,-1.2805,192430000.0,187181000.0
399371.SZ,2021-02-25,7065.83,7011.93,7112.14,6982.79,6937.5,128.327,1.8498,204798000.0,197951000.0
399371.SZ,2021-02-26,6894.56,6942.52,7000.57,6882.63,7065.83,-171.268,-2.4239,183258000.0,176954000.0
399371.SZ,2021-03-01,6951.08,6925.3,6955.14,6882.18,6894.56,56.5182,0.8198,162940000.0,150869000.0
399371.SZ,2021-03-02,6871.92,6973.67,6976.37,6830.53,6951.08,-79.1535,-1.1387,172390000.0,159329000.0
399371.SZ,2021-03-03,7045.72,6863.15,7047.34,6862.46,6871.92,173.793,2.529,193056000.0,172140000.0
399371.SZ,2021-03-04,6941.92,6990.91,7033.91,6911.83,7045.72,-103.799,-1.4732,205819000.0,180363000.0
399371.SZ,2021-03-05,6873.66,6864.5,6914.13,6803.3,6941.92,-68.2566,-0.9833,173871000.0,153820000.0
399371.SZ,2021-03-08,6799.31,6919.28,6992.71,6795.82,6873.66,-74.3524,-1.0817,187685000.0,164925000.0
399371.SZ,2021-03-09,6708.24,6797.46,6824.08,6664.29,6799.31,-91.0659,-1.3393,208455000.0,175031000.0
399371.SZ,2021-03-10,6680.82,6747.15,6752.24,6676.78,6708.24,-27.4216,-0.4088,147013000.0,127027000.0
399371.SZ,2021-03-11,6862.24,6718.33,6862.54,6718.33,6680.82,181.418,2.7155,172783000.0,146805000.0
399371.SZ,2021-03-12,6937.21,6882.96,6952.52,6855.48,6862.24,74.9679,1.0925,207078000.0,166191000.0
399371.SZ,2021-03-15,6922.36,6919.03,6981.33,6870.33,6937.21,-14.8474,-0.214,207111000.0,161490000.0
399371.SZ,2021-03-16,6983.59,6933.44,6984.83,6899.7,6922.36,61.2265,0.8845,168287000.0,139077000.0
399371.SZ,2021-03-17,6919.01,6954.53,6956.33,6878.52,6983.59,-64.5779,-0.9247,146782000.0,125811000.0
399371.SZ,2021-03-18,6948.7,6923.81,6968.69,6906.22,6919.01,29.691,0.4291,144113000.0,125218000.0
399371.SZ,2021-03-19,6806.24,6883.64,6895.75,6776.07,6948.7,-142.461,-2.0502,166922000.0,143776000.0
399371.SZ,2021-03-22,6895.9,6808.77,6896.9,6808.77,6806.24,89.6615,1.3173,167657000.0,138201000.0
399371.SZ,2021-03-23,6808.86,6899.54,6899.92,6767.4,6895.9,-87.0418,-1.2622,166930000.0,141267000.0
399371.SZ,2021-03-24,6687.55,6780.65,6803.11,6676.79,6808.86,-121.31,-1.7816,164653000.0,138065000.0
399371.SZ,2021-03-25,6662.52,6683.46,6710.03,6645.09,6687.55,-25.0268,-0.3742,131735000.0,107723000.0
399371.SZ,2021-03-26,6746.15,6687.83,6759.55,6687.83,6662.52,83.6283,1.2552,133481000.0,114415000.0
399371.SZ,2021-03-29,6776.09,6763.31,6785.43,6719.89,6746.15,29.9428,0.4439,152658000.0,133389000.0
399371.SZ,2021-03-30,6808.89,6771.66,6808.89,6734.9,6776.09,32.8019,0.4841,138637000.0,121912000.0
399371.SZ,2021-03-31,6785.96,6798.28,6798.28,6735.57,6808.89,-22.9384,-0.3369,149497000.0,121786000.0
399371.SZ,2021-04-01,6822.75,6787.64,6830.33,6774.84,6785.96,36.7912,0.5422,142142000.0,112303000.0
399371.SZ,2021-04-02,6803.03,6828.16,6828.16,6788.45,6822.75,-19.7151,-0.289,127419000.0,105623000.0
399371.SZ,2021-04-06,6789.73,6811.71,6815.75,6775.86,6803.03,-13.3022,-0.1955,108144000.0,93840200.0
399371.SZ,2021-04-07,6803.94,6803.07,6803.94,6752.1,6789.73,14.2106,0.2093,145466000.0,118299000.0
399371.SZ,2021-04-08,6786.51,6794.1,6810.09,6769.15,6803.94,-17.4311,-0.2562,164625000.0,127311000.0
399371.SZ,2021-04-09,6740.62,6791.47,6791.47,6719.98,6786.51,-45.8922,-0.6762,138594000.0,114037000.0
399371.SZ,2021-04-12,6690.81,6739.85,6747.11,6669.14,6740.62,-49.8051,-0.7389,156472000.0,127083000.0
399371.SZ,2021-04-13,6646.42,6688.92,6705.91,6630.26,6690.81,-44.3875,-0.6634,135146000.0,106478000.0
399371.SZ,2021-04-14,6674.35,6649.99,6683.07,6637.92,6646.42,27.9229,0.4201,118056000.0,92589100.0
399371.SZ,2021-04-15,6640.66,6660.28,6660.28,6588.22,6674.35,-33.6918,-0.5048,110560000.0,91011600.0
399371.SZ,2021-04-16,6691.13,6651.56,6695.59,6637.71,6640.66,50.4712,0.76,117636000.0,96461300.0
399371.SZ,2021-04-19,6770.62,6691.0,6772.43,6664.04,6691.13,79.4973,1.1881,135503000.0,120182000.0
399371.SZ,2021-04-20,6749.7,6744.25,6768.57,6738.43,6770.62,-20.9272,-0.3091,122491000.0,109857000.0
399371.SZ,2021-04-21,6735.97,6719.59,6752.1,6701.66,6749.7,-13.7225,-0.2033,112547000.0,99374700.0
399371.SZ,2021-04-22,6716.93,6749.13,6754.05,6703.04,6735.97,-19.0431,-0.2827,118325000.0,102769000.0
399371.SZ,2021-04-23,6723.41,6709.33,6738.01,6686.42,6716.93,6.4766,0.0964,113343000.0,103541000.0
399371.SZ,2021-04-26,6646.73,6734.61,6746.85,6641.54,6723.41,-76.6754,-1.1404,130337000.0,125890000.0
399371.SZ,2021-04-27,6641.51,6640.38,6644.94,6599.49,6646.73,-5.2239,-0.0786,109281000.0,100656000.0
399371.SZ,2021-04-28,6659.02,6639.06,6660.92,6614.83,6641.51,17.5082,0.2636,107422000.0,99082400.0
399371.SZ,2021-04-29,6727.26,6665.84,6731.83,6641.9,6659.02,68.24,1.0248,129322000.0,115862000.0
399371.SZ,2021-04-30,6637.33,6717.25,6717.25,6600.88,6727.26,-89.929,-1.3368,151820000.0,132472000.0
399371.SZ,2021-05-06,6665.46,6630.76,6708.92,6630.76,6637.33,28.1285,0.4238,154568000.0,137134000.0
399371.SZ,2021-05-07,6686.89,6680.98,6749.69,6666.13,6665.46,21.4369,0.3216,183662000.0,153527000.0
399371.SZ,2021-05-10,6723.66,6711.5,6723.67,6662.62,6686.89,36.768,0.5499,188407000.0,155621000.0
399371.SZ,2021-05-11,6701.22,6675.74,6712.69,6606.09,6723.66,-22.441,-0.3338,178467000.0,144613000.0
399371.SZ,2021-05-12,6713.77,6681.46,6722.12,6662.79,6701.22,12.5515,0.1873,147230000.0,118782000.0
399371.SZ,2021-05-13,6617.34,6659.0,6684.22,6599.27,6713.77,-96.4298,-1.4363,143121000.0,118721000.0
399371.SZ,2021-05-14,6712.21,6631.47,6712.52,6599.0,6617.34,94.8725,1.4337,148165000.0,130289000.0
399371.SZ,2021-05-17,6746.18,6701.23,6773.88,6700.12,6712.21,33.9652,0.506,143367000.0,128768000.0
399371.SZ,2021-05-18,6764.75,6764.56,6767.63,6744.7,6746.18,18.5679,0.2752,117370000.0,101241000.0
399371.SZ,2021-05-19,6706.66,6750.63,6750.63,6692.72,6764.75,-58.0839,-0.8586,122112000.0,105082000.0
399371.SZ,2021-05-20,6691.21,6679.89,6707.36,6632.12,6706.66,-15.4533,-0.2304,147845000.0,132105000.0
399371.SZ,2021-05-21,6665.37,6700.6,6720.6,6654.4,6691.21,-25.8356,-0.3861,126161000.0,113471000.0
399371.SZ,2021-05-24,6654.59,6664.69,6683.36,6631.28,6665.37,-10.7824,-0.1618,118822000.0,106770000.0
399371.SZ,2021-05-25,6795.82,6665.98,6804.03,6641.35,6654.59,141.23,2.1223,145020000.0,138266000.0
399371.SZ,2021-05-26,6832.94,6801.97,6852.75,6794.56,6795.82,37.122,0.5462,144055000.0,134977000.0
399371.SZ,2021-05-27,6835.98,6820.19,6857.81,6798.03,6832.94,3.0404,0.0445,129051000.0,119340000.0
399371.SZ,2021-05-28,6822.52,6847.95,6857.58,6792.46,6835.98,-13.4653,-0.197,139891000.0,125176000.0
399371.SZ,2021-05-31,6793.94,6820.17,6820.17,6755.28,6822.52,-28.5802,-0.4189,128066000.0,118348000.0
399371.SZ,2021-06-01,6794.29,6776.71,6796.73,6716.15,6793.94,0.3543,0.0052,142017000.0,132385000.0
399371.SZ,2021-06-02,6780.39,6790.83,6796.81,6759.58,6794.29,-13.9039,-0.2046,137114000.0,127762000.0
399371.SZ,2021-06-03,6744.19,6780.07,6801.08,6744.08,6780.39,-36.1981,-0.5339,137651000.0,120387000.0
399371.SZ,2021-06-04,6753.52,6715.57,6806.18,6706.01,6744.19,9.327,0.1383,126115000.0,111997000.0
399371.SZ,2021-06-07,6730.56,6750.62,6750.8,6706.54,6753.52,-22.9546,-0.3399,117505000.0,107500000.0
399371.SZ,2021-06-08,6716.66,6728.71,6761.78,6684.47,6730.56,-13.9062,-0.2066,116932000.0,106438000.0
399371.SZ,2021-06-09,6733.77,6711.85,6749.54,6707.81,6716.66,17.1142,0.2548,127016000.0,113749000.0
399371.SZ,2021-06-10,6732.75,6728.42,6771.72,6721.68,6733.77,-1.021,-0.0152,131312000.0,119618000.0
399371.SZ,2021-06-11,6717.5,6744.22,6747.11,6699.61,6732.75,-15.2465,-0.2265,157786000.0,141692000.0
399371.SZ,2021-06-15,6616.12,6708.1,6710.11,6592.57,6717.5,-101.379,-1.5092,139681000.0,129440000.0
399371.SZ,2021-06-16,6606.03,6615.57,6647.12,6596.03,6616.12,-10.0906,-0.1525,122496000.0,109302000.0
399371.SZ,2021-06-17,6566.85,6594.44,6613.28,6559.85,6606.03,-39.1874,-0.5932,110772000.0,98689700.0
399371.SZ,2021-06-18,6524.39,6547.85,6547.85,6495.01,6566.85,-42.4559,-0.6465,118617000.0,110851000.0
399371.SZ,2021-06-21,6469.46,6503.58,6511.25,6454.15,6524.39,-54.9293,-0.8419,121286000.0,117112000.0
399371.SZ,2021-06-22,6524.0,6486.84,6542.02,6484.9,6469.46,54.5333,0.8429,129589000.0,119284000.0
399371.SZ,2021-06-23,6566.37,6526.0,6569.08,6507.75,6524.0,42.3766,0.6495,130445000.0,124399000.0
399371.SZ,2021-06-24,6579.7,6571.69,6590.42,6548.27,6566.37,13.3305,0.203,122543000.0,109386000.0
399371.SZ,2021-06-25,6655.32,6586.98,6664.2,6584.41,6579.7,75.6225,1.1493,136634000.0,128085000.0
399371.SZ,2021-06-28,6602.68,6657.79,6661.41,6583.9,6655.32,-52.6495,-0.7911,129093000.0,121015000.0
399371.SZ,2021-06-29,6515.17,6579.02,6579.02,6512.48,6602.68,-87.5098,-1.3254,116740000.0,112983000.0
399371.SZ,2021-06-30,6535.42,6517.54,6551.77,6503.76,6515.17,20.2562,0.3109,103070000.0,98840500.0
399371.SZ,2021-07-01,6566.89,6549.99,6595.69,6514.72,6535.42,31.4661,0.4815,114016000.0,114531000.0
399371.SZ,2021-07-02,6459.04,6532.99,6533.17,6447.83,6566.89,-107.845,-1.6423,120273000.0,116853000.0
399371.SZ,2021-07-05,6436.1,6452.99,6453.65,6393.94,6459.04,-22.9411,-0.3552,119090000.0,112150000.0
399371.SZ,2021-07-06,6483.06,6432.12,6486.3,6422.01,6436.1,46.9624,0.7297,120599000.0,114389000.0
399371.SZ,2021-07-07,6484.69,6454.8,6492.67,6449.75,6483.06,1.6302,0.0251,114780000.0,107672000.0
399371.SZ,2021-07-08,6365.17,6484.37,6484.44,6355.09,6484.69,-119.527,-1.8432,132653000.0,131794000.0
399371.SZ,2021-07-09,6359.76,6340.42,6365.86,6324.59,6365.17,-5.4072,-0.0849,138827000.0,126580000.0
399371.SZ,2021-07-12,6363.36,6406.02,6419.24,6348.17,6359.76,3.5954,0.0565,166230000.0,147373000.0
399371.SZ,2021-07-13,6416.66,6356.3,6419.67,6330.72,6363.36,53.3038,0.8377,155287000.0,137492000.0
399371.SZ,2021-07-14,6330.07,6419.49,6419.49,6320.3,6416.66,-86.5932,-1.3495,157577000.0,145715000.0
399371.SZ,2021-07-15,6408.06,6320.68,6416.11,6308.12,6330.07,77.9944,1.2321,158472000.0,146124000.0
399371.SZ,2021-07-16,6398.36,6391.35,6430.82,6378.19,6408.06,-9.697,-0.1513,159202000.0,143301000.0
399371.SZ,2021-07-19,6379.0,6398.99,6398.99,6322.07,6398.36,-19.3584,-0.3026,145272000.0,132212000.0
399371.SZ,2021-07-20,6325.88,6330.57,6341.0,6296.36,6379.0,-53.1203,-0.8327,121828000.0,107397000.0
399371.SZ,2021-07-21,6293.21,6330.18,6352.86,6278.92,6325.88,-32.67,-0.5164,133239000.0,122618000.0
399371.SZ,2021-07-22,6359.09,6292.33,6379.37,6283.18,6293.21,65.8791,1.0468,165402000.0,140184000.0
399371.SZ,2021-07-23,6322.4,6359.52,6361.51,6315.87,6359.09,-36.6918,-0.577,197249000.0,166658000.0
399371.SZ,2021-07-26,6152.42,6300.4,6300.4,6132.32,6322.4,-169.981,-2.6886,199939000.0,174535000.0
399371.SZ,2021-07-27,5978.39,6161.39,6171.26,5970.2,6152.42,-174.033,-2.8287,210865000.0,178542000.0
399371.SZ,2021-07-28,5976.36,5956.85,5999.81,5927.05,5978.39,-2.0242,-0.0339,178003000.0,146760000.0
399371.SZ,2021-07-29,5992.12,6033.6,6037.41,5963.17,5976.36,15.755,0.2636,146943000.0,126471000.0
399371.SZ,2021-07-30,5997.1,5974.43,6009.36,5934.67,5992.12,4.9866,0.0832,171786000.0,138418000.0
399371.SZ,2021-08-02,6098.16,5977.96,6119.38,5915.01,5997.1,101.055,1.6851,205634000.0,172614000.0
399371.SZ,2021-08-03,6107.09,6073.27,6113.39,6059.75,6098.16,8.9285,0.1464,181529000.0,161914000.0
399371.SZ,2021-08-04,6111.86,6106.94,6120.05,6085.2,6107.09,4.7737,0.0782,152443000.0,136290000.0
399371.SZ,2021-08-05,6095.06,6096.1,6151.49,6082.25,6111.86,-16.8046,-0.275,150143000.0,136086000.0
399371.SZ,2021-08-06,6117.2,6081.79,6118.27,6050.34,6095.06,22.1468,0.3634,139830000.0,122145000.0
399371.SZ,2021-08-09,6236.87,6103.27,6270.73,6100.46,6117.2,119.662,1.9562,159578000.0,151110000.0
399371.SZ,2021-08-10,6274.01,6224.51,6274.73,6188.55,6236.87,37.1434,0.5955,145861000.0,136317000.0
399371.SZ,2021-08-11,6340.83,6285.35,6368.25,6284.56,6274.01,66.8206,1.065,188173000.0,165704000.0
399371.SZ,2021-08-12,6341.29,6332.46,6359.47,6323.03,6340.83,0.4579,0.0072,174091000.0,158534000.0
399371.SZ,2021-08-13,6342.98,6331.34,6366.33,6308.12,6341.29,1.6904,0.0267,160812000.0,148485000.0
399371.SZ,2021-08-16,6369.41,6356.54,6400.25,6340.39,6342.98,26.4357,0.4168,168457000.0,158047000.0
399371.SZ,2021-08-17,6288.3,6360.01,6419.48,6277.29,6369.41,-81.1186,-1.2736,185943000.0,164953000.0
399371.SZ,2021-08-18,6417.67,6282.98,6417.93,6280.45,6288.3,129.375,2.0574,179498000.0,166026000.0
399371.SZ,2021-08-19,6316.65,6395.35,6395.35,6296.73,6417.67,-101.022,-1.5741,172534000.0,164981000.0
399371.SZ,2021-08-20,6292.58,6295.62,6313.11,6230.5,6316.65,-24.0715,-0.3811,162814000.0,154555000.0
399371.SZ,2021-08-23,6326.16,6302.99,6343.42,6302.93,6292.58,33.5784,0.5336,162789000.0,149857000.0
399371.SZ,2021-08-24,6358.42,6332.19,6377.33,6309.12,6326.16,32.266,0.51,182482000.0,168958000.0
399371.SZ,2021-08-25,6362.76,6356.33,6362.82,6325.86,6358.42,4.3382,0.0682,183886000.0,162351000.0
399371.SZ,2021-08-26,6315.8,6360.68,6363.31,6312.16,6362.76,-46.9634,-0.7381,223863000.0,192096000.0
399371.SZ,2021-08-27,6368.56,6309.89,6378.6,6309.71,6315.8,52.7639,0.8354,201715000.0,182073000.0
399371.SZ,2021-08-30,6329.92,6379.66,6381.67,6300.39,6368.56,-38.6378,-0.6067,232516000.0,224165000.0
399371.SZ,2021-08-31,6420.57,6318.05,6421.41,6308.28,6329.92,90.6443,1.432,253295000.0,236119000.0
399371.SZ,2021-09-01,6534.09,6426.78,6569.09,6424.79,6420.57,113.521,1.7681,332464000.0,301864000.0
399371.SZ,2021-09-02,6647.39,6527.71,6648.47,6518.32,6534.09,113.297,1.7339,287606000.0,262401000.0
399371.SZ,2021-09-03,6645.62,6671.91,6710.75,6613.46,6647.39,-1.7672,-0.0266,296748000.0,274177000.0
399371.SZ,2021-09-06,6691.01,6659.36,6717.27,6658.2,6645.62,45.391,0.683,264496000.0,245526000.0
399371.SZ,2021-09-07,6832.29,6698.92,6841.07,6680.89,6691.01,141.282,2.1115,275319000.0,257205000.0
399371.SZ,2021-09-08,6866.06,6821.42,6890.24,6814.72,6832.29,33.7661,0.4942,291208000.0,268725000.0
399371.SZ,2021-09-09,6920.99,6842.28,6922.91,6821.97,6866.06,54.9369,0.8001,319050000.0,286922000.0
399371.SZ,2021-09-10,6928.27,6915.69,7023.93,6911.35,6920.99,7.2719,0.1051,331730000.0,319367000.0
399371.SZ,2021-09-13,7008.15,6924.15,7010.73,6919.11,6928.27,79.8835,1.153,292437000.0,287296000.0
399371.SZ,2021-09-14,6817.68,7000.44,7000.44,6804.22,7008.15,-190.469,-2.7178,307921000.0,288310000.0
399371.SZ,2021-09-15,6790.29,6790.16,6847.57,6751.43,6817.68,-27.3911,-0.4018,241054000.0,239983000.0
399371.SZ,2021-09-16,6704.69,6817.06,6849.65,6699.61,6790.29,-85.5988,-1.2606,276520000.0,268899000.0
399371.SZ,2021-09-17,6691.5,6690.01,6752.84,6611.31,6704.69,-13.1935,-0.1968,253391000.0,237601000.0
399371.SZ,2021-09-22,6722.63,6571.96,6728.13,6566.79,6691.5,31.1345,0.4653,253197000.0,235206000.0
399371.SZ,2021-09-23,6761.19,6785.14,6857.83,6733.64,6722.63,38.5576,0.5735,292817000.0,273567000.0
399371.SZ,2021-09-24,6635.01,6748.61,6749.7,6627.02,6761.19,-126.18,-1.8662,267251000.0,243673000.0
399371.SZ,2021-09-27,6513.06,6642.65,6655.67,6480.83,6635.01,-121.953,-1.838,269081000.0,239792000.0
399371.SZ,2021-09-28,6625.27,6518.05,6638.98,6518.05,6513.06,112.21,1.7228,254339000.0,209642000.0
399371.SZ,2021-09-29,6532.1,6583.56,6603.48,6491.81,6625.27,-93.1652,-1.4062,260426000.0,222994000.0
399371.SZ,2021-09-30,6538.83,6541.74,6559.05,6482.16,6532.1,6.7289,0.103,238302000.0,191156000.0
399371.SZ,2021-10-08,6589.26,6612.98,6622.94,6538.65,6538.83,50.4281,0.7712,233183000.0,206715000.0
399371.SZ,2021-10-11,6613.88,6611.32,6655.97,6600.6,6589.26,24.6187,0.3736,214540000.0,187471000.0
399371.SZ,2021-10-12,6536.02,6587.38,6601.99,6480.66,6613.88,-77.8548,-1.1771,227463000.0,186136000.0
399371.SZ,2021-10-13,6485.48,6527.16,6527.4,6408.77,6536.02,-50.5378,-0.7732,176067000.0,143568000.0
399371.SZ,2021-10-14,6450.2,6470.01,6486.63,6435.95,6485.48,-35.2862,-0.5441,156965000.0,131142000.0
399371.SZ,2021-10-15,6461.67,6446.07,6474.38,6429.29,6450.2,11.4762,0.1779,177566000.0,150226000.0
399371.SZ,2021-10-18,6480.02,6465.41,6482.55,6420.98,6461.67,18.3428,0.2839,184907000.0,160985000.0
399371.SZ,2021-10-19,6536.48,6470.26,6551.59,6462.56,6480.02,56.4645,0.8714,174339000.0,156969000.0
399371.SZ,2021-10-20,6489.51,6506.91,6511.46,6476.21,6536.48,-46.9704,-0.7186,180146000.0,156097000.0
399371.SZ,2021-10-21,6580.07,6509.04,6605.64,6506.67,6489.51,90.5568,1.3954,183690000.0,172320000.0
399371.SZ,2021-10-22,6551.92,6586.74,6621.64,6543.88,6580.07,-28.1483,-0.4278,191315000.0,173801000.0
399371.SZ,2021-10-25,6555.86,6521.56,6562.14,6498.64,6551.92,3.9445,0.0602,164542000.0,154322000.0
399371.SZ,2021-10-26,6520.93,6557.13,6588.21,6508.79,6555.86,-34.9362,-0.5329,171851000.0,157958000.0
399371.SZ,2021-10-27,6446.5,6497.83,6497.83,6422.62,6520.93,-74.4318,-1.1414,184897000.0,173846000.0
399371.SZ,2021-10-28,6361.56,6412.21,6421.91,6343.02,6446.5,-84.9318,-1.3175,199818000.0,174682000.0
399371.SZ,2021-10-29,6342.35,6355.95,6366.56,6293.53,6361.56,-19.2139,-0.302,182463000.0,172360000.0
399371.SZ,2021-11-01,6386.66,6328.32,6400.28,6309.14,6342.35,44.3079,0.6986,185044000.0,168782000.0
399371.SZ,2021-11-02,6248.72,6388.38,6388.38,6200.78,6386.66,-137.94,-2.1598,205590000.0,181075000.0
399371.SZ,2021-11-03,6280.5,6245.54,6298.67,6232.48,6248.72,31.7798,0.5086,152751000.0,143481000.0
399371.SZ,2021-11-04,6286.24,6286.55,6293.36,6256.68,6280.5,5.7411,0.0914,144463000.0,135326000.0
399371.SZ,2021-11-05,6203.97,6267.91,6267.91,6202.02,6286.24,-82.2725,-1.3088,164276000.0,146613000.0
399371.SZ,2021-11-08,6212.78,6204.25,6231.6,6182.95,6203.97,8.8114,0.142,129297000.0,117827000.0
399371.SZ,2021-11-09,6201.83,6229.85,6239.9,6181.36,6212.78,-10.9527,-0.1763,123981000.0,115124000.0
399371.SZ,2021-11-10,6174.54,6186.78,6186.78,6090.35,6201.83,-27.2863,-0.44,148760000.0,131967000.0
399371.SZ,2021-11-11,6314.3,6164.56,6315.99,6161.66,6174.54,139.766,2.2636,165996000.0,155402000.0
399371.SZ,2021-11-12,6285.56,6311.51,6316.85,6264.83,6314.3,-28.7435,-0.4552,145270000.0,131200000.0
399371.SZ,2021-11-15,6286.52,6290.58,6301.21,6253.6,6285.56,0.9589,0.0153,131096000.0,120439000.0
399371.SZ,2021-11-16,6243.1,6282.28,6306.81,6236.08,6286.52,-43.4189,-0.6907,131769000.0,115740000.0
399371.SZ,2021-11-17,6248.53,6231.84,6260.62,6218.47,6243.1,5.4294,0.087,112706000.0,101255000.0
399371.SZ,2021-11-18,6208.98,6243.28,6244.53,6208.31,6248.53,-39.5528,-0.633,129417000.0,114203000.0
399371.SZ,2021-11-19,6290.61,6203.97,6293.61,6191.32,6208.98,81.633,1.3148,156978000.0,131466000.0
399371.SZ,2021-11-22,6270.69,6286.65,6293.41,6257.84,6290.61,-19.9195,-0.3167,147909000.0,132434000.0
399371.SZ,2021-11-23,6284.04,6266.44,6308.45,6251.61,6270.69,13.3516,0.2129,158588000.0,134449000.0
399371.SZ,2021-11-24,6295.98,6288.14,6304.31,6250.6,6284.04,11.9391,0.19,149775000.0,130202000.0
399371.SZ,2021-11-25,6272.51,6291.88,6291.88,6264.07,6295.98,-23.4698,-0.3728,135672000.0,115854000.0
399371.SZ,2021-11-26,6212.75,6252.57,6252.57,6209.16,6272.51,-59.7608,-0.9527,127101000.0,112011000.0
399371.SZ,2021-11-29,6194.07,6151.51,6194.07,6142.81,6212.75,-18.6844,-0.3007,151897000.0,129159000.0
399371.SZ,2021-11-30,6189.27,6200.23,6237.87,6163.82,6194.07,-4.7959,-0.0774,161962000.0,135769000.0
399371.SZ,2021-12-01,6254.69,6179.99,6254.84,6179.35,6189.27,65.4215,1.057,150061000.0,127447000.0
399371.SZ,2021-12-02,6295.52,6239.24,6311.48,6231.2,6254.69,40.8277,0.6528,168438000.0,146043000.0
399371.SZ,2021-12-03,6349.41,6299.67,6349.41,6258.08,6295.52,53.8884,0.856,191957000.0,158949000.0
399371.SZ,2021-12-06,6368.16,6370.12,6444.76,6363.28,6349.41,18.7488,0.2953,219023000.0,185306000.0
399371.SZ,2021-12-07,6446.67,6423.25,6454.18,6369.4,6368.16,78.5136,1.2329,214712000.0,186588000.0
399371.SZ,2021-12-08,6459.95,6453.45,6462.05,6406.86,6446.67,13.2773,0.206,175537000.0,156978000.0
399371.SZ,2021-12-09,6514.15,6463.08,6551.78,6452.45,6459.95,54.2038,0.8391,201297000.0,178677000.0
399371.SZ,2021-12-10,6477.75,6481.2,6512.03,6457.2,6514.15,-36.4004,-0.5588,194138000.0,161956000.0
399371.SZ,2021-12-13,6500.73,6521.69,6581.59,6494.36,6477.75,22.9825,0.3548,196327000.0,174388000.0
399371.SZ,2021-12-14,6423.17,6479.15,6479.15,6414.47,6500.73,-77.5643,-1.1932,159076000.0,137914000.0
399371.SZ,2021-12-15,6436.62,6412.68,6455.06,6409.25,6423.17,13.4529,0.2094,151369000.0,128737000.0
399371.SZ,2021-12-16,6510.0,6443.04,6510.0,6434.4,6436.62,73.3781,1.14,172949000.0,138954000.0
399371.SZ,2021-12-17,6469.72,6506.96,6531.8,6468.38,6510.0,-40.2787,-0.6187,179264000.0,147469000.0
399371.SZ,2021-12-20,6425.07,6454.2,6492.73,6416.18,6469.72,-44.648,-0.6901,185992000.0,146460000.0
399371.SZ,2021-12-21,6508.7,6421.04,6520.62,6421.04,6425.07,83.6225,1.3015,185906000.0,137075000.0
399371.SZ,2021-12-22,6475.44,6516.71,6516.9,6457.28,6508.7,-33.2546,-0.5109,161453000.0,121870000.0
399371.SZ,2021-12-23,6513.45,6476.17,6516.47,6471.2,6475.44,38.0084,0.587,166235000.0,134842000.0
399371.SZ,2021-12-24,6469.88,6511.5,6511.5,6463.2,6513.45,-43.5695,-0.6689,156991000.0,129747000.0
399371.SZ,2021-12-27,6482.97,6468.76,6512.81,6462.61,6469.88,13.0874,0.2023,141991000.0,125926000.0
399371.SZ,2021-12-28,6486.06,6489.83,6493.7,6455.31,6482.97,3.0947,0.0477,141857000.0,123745000.0
399371.SZ,2021-12-29,6425.82,6483.67,6483.67,6425.82,6486.06,-60.2401,-0.9288,121010000.0,106911000.0
399371.SZ,2021-12-30,6453.84,6427.11,6475.7,6426.34,6425.82,28.0122,0.4359,125560000.0,111585000.0
399371.SZ,2021-12-31,6498.07,6459.79,6508.02,6459.56,6453.84,44.2352,0.6854,136186000.0,119388000.0
399371.SZ,2022-01-04,6536.75,6513.87,6546.75,6485.57,6498.07,38.6814,0.5953,177718000.0,153780000.0
399371.SZ,2022-01-05,6544.1,6531.83,6591.65,6524.06,6536.75,7.352,0.1125,189271000.0,171983000.0
399371.SZ,2022-01-06,6533.23,6524.73,6560.59,6513.33,6544.1,-10.8758,-0.1662,172847000.0,150012000.0
399371.SZ,2022-01-07,6620.02,6544.77,6650.01,6544.77,6533.23,86.7919,1.3285,220287000.0,185401000.0
399371.SZ,2022-01-10,6651.8,6626.99,6681.04,6601.27,6620.02,31.7778,0.48,173297000.0,149492000.0
399371.SZ,2022-01-11,6651.47,6650.3,6724.58,6637.88,6651.8,-0.328,-0.0049,171985000.0,149987000.0
399371.SZ,2022-01-12,6634.39,6658.73,6661.89,6574.35,6651.47,-17.0841,-0.2568,154135000.0,132924000.0
399371.SZ,2022-01-13,6584.05,6636.05,6677.78,6583.31,6634.39,-50.3382,-0.7587,162904000.0,137989000.0
399371.SZ,2022-01-14,6464.53,6569.28,6569.28,6459.86,6584.05,-119.521,-1.8153,166555000.0,139920000.0
399371.SZ,2022-01-17,6495.34,6465.75,6507.23,6465.66,6464.53,30.8138,0.4767,120797000.0,109321000.0
399371.SZ,2022-01-18,6589.8,6495.42,6606.76,6480.47,6495.34,94.4563,1.4542,172900000.0,144691000.0
399371.SZ,2022-01-19,6624.0,6592.37,6650.68,6591.75,6589.8,34.202,0.519,163347000.0,143525000.0
399371.SZ,2022-01-20,6694.86,6624.65,6724.89,6624.51,6624.0,70.8579,1.0697,187241000.0,168608000.0
399371.SZ,2022-01-21,6626.56,6677.46,6682.19,6613.41,6694.86,-68.2956,-1.0201,145357000.0,127688000.0
399371.SZ,2022-01-24,6617.88,6608.88,6646.85,6570.21,6626.56,-8.6791,-0.131,122953000.0,105155000.0
399371.SZ,2022-01-25,6430.29,6587.01,6588.35,6430.29,6617.88,-187.587,-2.8345,143705000.0,117396000.0
399371.SZ,2022-01-26,6481.11,6452.73,6491.79,6423.92,6430.29,50.8175,0.7903,117159000.0,96912700.0
399371.SZ,2022-01-27,6392.15,6464.4,6470.84,6391.26,6481.11,-88.9608,-1.3726,120399000.0,101811000.0
399371.SZ,2022-01-28,6310.38,6421.11,6434.65,6306.63,6392.15,-81.7728,-1.2793,132768000.0,108268000.0
399371.SZ,2022-02-07,6499.63,6395.69,6504.44,6395.69,6310.38,189.253,2.9991,166803000.0,128408000.0
399371.SZ,2022-02-08,6606.95,6503.92,6607.25,6489.77,6499.63,107.318,1.6511,190161000.0,140592000.0
399371.SZ,2022-02-09,6634.7,6607.6,6660.2,6601.54,6606.95,27.7499,0.42,177513000.0,138555000.0
399371.SZ,2022-02-10,6687.78,6632.03,6687.89,6599.17,6634.7,53.0831,0.8001,176166000.0,139471000.0
399371.SZ,2022-02-11,6706.1,6676.18,6769.1,6667.89,6687.78,18.3187,0.2739,180197000.0,158319000.0
399371.SZ,2022-02-14,6559.92,6681.56,6681.56,6536.98,6706.1,-146.185,-2.1799,155959000.0,128592000.0
399371.SZ,2022-02-15,6519.93,6548.8,6564.88,6485.0,6559.92,-39.9826,-0.6095,123044000.0,103185000.0
399371.SZ,2022-02-16,6573.73,6540.2,6598.3,6537.94,6519.93,53.7978,0.8251,114069000.0,93139900.0
399371.SZ,2022-02-17,6555.51,6572.71,6589.42,6545.29,6573.73,-18.2257,-0.2773,118836000.0,98581200.0
399371.SZ,2022-02-18,6648.12,6528.02,6648.14,6522.16,6555.51,92.6133,1.4128,139679000.0,110853000.0
399371.SZ,2022-02-21,6640.71,6635.11,6646.15,6580.75,6648.12,-7.41,-0.1115,131060000.0,107461000.0
399371.SZ,2022-02-22,6563.18,6597.55,6607.33,6525.52,6640.71,-77.5272,-1.1675,139293000.0,116091000.0
399371.SZ,2022-02-23,6550.95,6565.42,6573.42,6519.25,6563.18,-12.2353,-0.1864,133017000.0,111103000.0
399371.SZ,2022-02-24,6431.05,6521.71,6533.14,6388.83,6550.95,-119.901,-1.8303,201547000.0,159558000.0
399371.SZ,2022-02-25,6428.84,6451.22,6489.53,6405.12,6431.05,-2.2019,-0.0342,164171000.0,129507000.0
399371.SZ,2022-02-28,6430.61,6423.08,6437.59,6366.63,6428.84,1.7655,0.0275,144161000.0,116247000.0
399371.SZ,2022-03-01,6482.76,6439.86,6487.58,6417.92,6430.61,52.1523,0.811,138959000.0,115061000.0
399371.SZ,2022-03-02,6479.26,6458.45,6495.72,6454.25,6482.76,-3.506,-0.0541,143173000.0,113878000.0
399371.SZ,2022-03-03,6538.18,6501.04,6545.43,6501.04,6479.26,58.926,0.9095,202196000.0,148906000.0
399371.SZ,2022-03-04,6471.11,6505.26,6505.26,6434.55,6538.18,-67.0704,-1.0258,175778000.0,135476000.0
399371.SZ,2022-03-07,6370.73,6457.43,6464.52,6349.89,6471.11,-100.385,-1.5513,185277000.0,149905000.0
399371.SZ,2022-03-08,6178.55,6349.48,6356.24,6169.07,6370.73,-192.171,-3.0165,198497000.0,158070000.0
399371.SZ,2022-03-09,6075.67,6190.61,6216.07,5881.66,6178.55,-102.886,-1.6652,219979000.0,169634000.0
399371.SZ,2022-03-10,6116.19,6166.73,6178.95,6107.98,6075.67,40.5239,0.667,161152000.0,130712000.0
399371.SZ,2022-03-11,6143.8,6059.5,6158.53,5984.21,6116.19,27.6031,0.4513,162534000.0,129797000.0
399371.SZ,2022-03-14,5998.85,6067.32,6155.63,5998.85,6143.8,-144.942,-2.3592,139746000.0,115617000.0
399371.SZ,2022-03-15,5640.62,5950.48,5950.48,5640.62,5998.85,-358.23,-5.9716,225022000.0,171882000.0
399371.SZ,2022-03-16,5841.74,5717.59,5868.06,5577.27,5640.62,201.118,3.5655,193090000.0,152543000.0
399371.SZ,2022-03-17,5920.94,5941.47,5999.26,5889.04,5841.74,79.2017,1.3558,173752000.0,146585000.0
399371.SZ,2022-03-18,6060.53,5906.04,6071.35,5894.77,5920.94,139.59,2.3576,165154000.0,137359000.0
399371.SZ,2022-03-21,6019.34,6061.26,6064.49,5975.3,6060.53,-41.1918,-0.6797,149317000.0,125559000.0
399371.SZ,2022-03-22,6098.72,6004.13,6128.15,6001.54,6019.34,79.3746,1.3187,155755000.0,129324000.0
399371.SZ,2022-03-23,6089.59,6099.42,6113.55,6042.08,6098.72,-9.1251,-0.1496,147482000.0,124262000.0
399371.SZ,2022-03-24,6072.17,6059.88,6101.9,6044.79,6089.59,-17.4225,-0.2861,135480000.0,111193000.0
399371.SZ,2022-03-25,6023.71,6067.22,6109.17,6021.85,6072.17,-48.4551,-0.798,134577000.0,111845000.0
399371.SZ,2022-03-28,6073.71,5988.24,6095.51,5941.35,6023.71,49.9996,0.83,152047000.0,119629000.0
399371.SZ,2022-03-29,6059.21,6071.87,6090.02,6042.99,6073.71,-14.5056,-0.2388,131909000.0,108488000.0
399371.SZ,2022-03-30,6175.88,6073.84,6177.86,6073.84,6059.21,116.669,1.9255,170354000.0,141092000.0
399371.SZ,2022-03-31,6203.97,6156.04,6247.98,6148.29,6175.88,28.0915,0.4549,186271000.0,156595000.0
399371.SZ,2022-04-01,6278.09,6163.89,6279.64,6151.54,6203.97,74.1193,1.1947,184341000.0,149952000.0
399371.SZ,2022-04-06,6357.24,6264.36,6367.69,6263.97,6278.09,79.1489,1.2607,222714000.0,172561000.0
399371.SZ,2022-04-07,6264.89,6325.52,6369.78,6257.08,6357.24,-92.3461,-1.4526,199786000.0,154723000.0
399371.SZ,2022-04-08,6333.26,6269.58,6335.6,6217.66,6264.89,68.3706,1.0913,195883000.0,152056000.0
399371.SZ,2022-04-11,6205.23,6309.97,6309.97,6186.15,6333.26,-128.033,-2.0216,186382000.0,150071000.0
399371.SZ,2022-04-12,6244.43,6202.26,6273.87,6139.81,6205.23,39.2041,0.6318,180864000.0,145253000.0
399371.SZ,2022-04-13,6214.31,6221.0,6289.9,6193.25,6244.43,-30.1263,-0.4825,167925000.0,135278000.0
399371.SZ,2022-04-14,6288.67,6245.29,6315.24,6237.72,6214.31,74.3622,1.1966,163589000.0,136748000.0
399371.SZ,2022-04-15,6293.61,6264.34,6330.95,6260.5,6288.67,4.9435,0.0786,187192000.0,152105000.0
399371.SZ,2022-04-18,6161.23,6231.68,6231.68,6146.12,6293.61,-132.381,-2.1034,160811000.0,133889000.0
399371.SZ,2022-04-19,6172.58,6142.7,6195.46,6126.62,6161.23,11.3505,0.1842,150947000.0,130150000.0
399371.SZ,2022-04-20,6043.32,6161.26,6170.98,6030.89,6172.58,-129.265,-2.0942,156277000.0,129604000.0
399371.SZ,2022-04-21,5945.97,6025.04,6065.5,5925.27,6043.32,-97.3426,-1.6107,162538000.0,125567000.0
399371.SZ,2022-04-22,6025.95,5908.46,6042.9,5896.47,5945.97,79.9742,1.345,153116000.0,117552000.0
399371.SZ,2022-04-25,5745.9,5923.74,5959.85,5745.9,6025.95,-280.052,-4.6474,198256000.0,149244000.0
399371.SZ,2022-04-26,5660.18,5754.1,5793.2,5648.43,5745.9,-85.7138,-1.4917,176635000.0,130428000.0
399371.SZ,2022-04-27,5732.08,5621.19,5733.84,5616.85,5660.18,71.896,1.2702,192731000.0,142330000.0
399371.SZ,2022-04-28,5798.97,5715.1,5809.71,5708.79,5732.08,66.8935,1.167,172639000.0,131025000.0
399371.SZ,2022-04-29,5897.77,5807.96,5909.77,5755.44,5798.97,98.795,1.7037,198792000.0,156772000.0
399371.SZ,2022-05-05,5916.38,5894.78,5937.16,5880.96,5897.77,18.6168,0.3157,181763000.0,142809000.0
399371.SZ,2022-05-06,5768.19,5817.2,5834.71,5756.51,5916.38,-148.191,-2.5048,147331000.0,108609000.0
399371.SZ,2022-05-09,5750.73,5746.48,5782.81,5717.59,5768.19,-17.4648,-0.3028,118196000.0,92036400.0
399371.SZ,2022-05-10,5795.66,5682.35,5807.25,5643.22,5750.73,44.932,0.7813,169339000.0,123988000.0
399371.SZ,2022-05-11,5789.46,5787.84,5851.17,5781.07,5795.66,-6.1963,-0.1069,178161000.0,141262000.0
399371.SZ,2022-05-12,5751.89,5766.31,5801.84,5711.65,5789.46,-37.5721,-0.649,131549000.0,102843000.0
399371.SZ,2022-05-13,5845.71,5776.11,5845.71,5776.11,5751.89,93.8233,1.6312,140615000.0,111360000.0
399371.SZ,2022-05-16,5825.56,5880.79,5883.01,5799.76,5845.71,-20.1551,-0.3448,145721000.0,115881000.0
399371.SZ,2022-05-17,5847.08,5827.34,5849.89,5784.51,5825.56,21.525,0.3695,129869000.0,104144000.0
399371.SZ,2022-05-18,5808.71,5849.42,5849.56,5785.18,5847.08,-38.3743,-0.6563,120202000.0,93829600.0
399371.SZ,2022-05-19,5823.34,5737.91,5823.71,5730.87,5808.71,14.6302,0.2519,134077000.0,101953000.0
399371.SZ,2022-05-20,5914.05,5843.09,5915.01,5842.44,5823.34,90.7057,1.5576,161775000.0,128993000.0
399371.SZ,2022-05-23,5884.3,5913.91,5913.91,5858.02,5914.05,-29.7428,-0.5029,143263000.0,111856000.0
399371.SZ,2022-05-24,5774.58,5888.06,5907.07,5774.58,5884.3,-109.72,-1.8646,163841000.0,121505000.0
399371.SZ,2022-05-25,5838.58,5773.19,5839.23,5768.65,5774.58,63.998,1.1083,134303000.0,95682600.0
399371.SZ,2022-05-26,5885.91,5849.19,5901.22,5807.25,5838.58,47.329,0.8106,154146000.0,112781000.0
399371.SZ,2022-05-27,5893.2,5901.49,5922.45,5861.56,5885.91,7.2906,0.1239,136029000.0,102776000.0
399371.SZ,2022-05-30,5882.19,5911.37,5912.54,5855.63,5893.2,-11.0091,-0.1868,129850000.0,98124100.0
399371.SZ,2022-05-31,5918.19,5883.9,5925.08,5869.02,5882.19,35.997,0.612,147873000.0,115790000.0
399371.SZ,2022-06-01,5912.1,5909.45,5925.3,5870.82,5918.19,-6.0936,-0.103,140985000.0,104675000.0
399371.SZ,2022-06-02,5883.32,5881.96,5886.74,5857.97,5912.1,-28.7713,-0.4867,139120000.0,104338000.0
399371.SZ,2022-06-06,5908.93,5877.42,5911.06,5832.55,5883.32,25.6017,0.4352,177205000.0,136288000.0
399371.SZ,2022-06-07,5930.57,5900.54,5947.62,5889.5,5908.93,21.6424,0.3663,166167000.0,129681000.0
399371.SZ,2022-06-08,5965.43,5938.56,5965.43,5887.25,5930.57,34.8657,0.5879,178154000.0,136446000.0
399371.SZ,2022-06-09,5971.51,5959.98,6016.85,5948.59,5965.43,6.0729,0.1018,182972000.0,140054000.0
399371.SZ,2022-06-10,6022.22,5929.71,6028.45,5923.96,5971.51,50.7104,0.8492,197019000.0,145701000.0
399371.SZ,2022-06-13,5937.85,5974.79,5986.81,5896.28,6022.22,-84.3685,-1.401,181450000.0,154533000.0
399371.SZ,2022-06-14,6033.42,5886.47,6034.49,5867.9,5937.85,95.5699,1.6095,184561000.0,155192000.0
399371.SZ,2022-06-15,6118.84,6030.91,6216.52,6030.33,6033.42,85.4194,1.4158,260498000.0,227466000.0
399371.SZ,2022-06-16,6010.14,6112.12,6124.91,6003.19,6118.84,-108.693,-1.7764,188926000.0,163644000.0
399371.SZ,2022-06-17,6028.65,5971.7,6040.33,5946.81,6010.14,18.5008,0.3078,156432000.0,139322000.0
399371.SZ,2022-06-20,5986.2,6013.24,6014.29,5964.9,6028.65,-42.4499,-0.7041,170558000.0,156278000.0
399371.SZ,2022-06-21,5997.7,5981.39,6031.85,5952.73,5986.2,11.5089,0.1923,155200000.0,133335000.0
399371.SZ,2022-06-22,5911.81,6002.4,6002.49,5911.52,5997.7,-85.8898,-1.432,135715000.0,116281000.0
399371.SZ,2022-06-23,5983.37,5911.92,5983.37,5898.2,5911.81,71.5526,1.2103,142337000.0,122608000.0
399371.SZ,2022-06-24,5986.66,5981.41,6001.36,5957.65,5983.37,3.2959,0.0551,141077000.0,129531000.0
399371.SZ,2022-06-27,6028.13,5998.31,6048.34,5991.38,5986.66,41.4664,0.6926,152278000.0,140935000.0
399371.SZ,2022-06-28,6073.85,6029.15,6078.38,6011.49,6028.13,45.7245,0.7585,154105000.0,136583000.0
399371.SZ,2022-06-29,6041.08,6060.3,6110.37,6036.96,6073.85,-32.7703,-0.5395,177087000.0,154774000.0
399371.SZ,2022-06-30,6080.7,6036.6,6107.08,6036.6,6041.08,39.613,0.6557,149004000.0,134603000.0
399371.SZ,2022-07-01,6072.53,6086.68,6096.2,6056.54,6080.7,-8.162,-0.1342,130600000.0,122989000.0
399371.SZ,2022-07-04,6087.58,6061.59,6089.38,6043.63,6072.53,15.0447,0.2477,140770000.0,128910000.0
399371.SZ,2022-07-05,6107.08,6097.31,6137.52,6063.43,6087.58,19.4983,0.3203,177151000.0,149337000.0
399371.SZ,2022-07-06,5988.24,6085.77,6085.77,5957.59,6107.08,-118.836,-1.9459,167729000.0,141646000.0
399371.SZ,2022-07-07,5992.46,5986.08,6022.5,5975.0,5988.24,4.2175,0.0704,139802000.0,117458000.0
399371.SZ,2022-07-08,5982.1,6013.7,6019.75,5973.2,5992.46,-10.355,-0.1728,122804000.0,109533000.0
399371.SZ,2022-07-11,5938.52,5963.94,5964.15,5921.44,5982.1,-43.5824,-0.7285,138755000.0,118017000.0
399371.SZ,2022-07-12,5945.0,5924.79,5980.07,5923.78,5938.52,6.4744,0.109,142904000.0,122070000.0
399371.SZ,2022-07-13,5909.07,5941.74,5946.4,5890.21,5945.0,-35.9209,-0.6042,145792000.0,122188000.0
399371.SZ,2022-07-14,5824.79,5895.88,5895.88,5808.77,5909.07,-84.2866,-1.4264,153792000.0,130943000.0
399371.SZ,2022-07-15,5683.37,5783.71,5806.43,5683.37,5824.79,-141.414,-2.4278,161457000.0,135064000.0
399371.SZ,2022-07-18,5802.46,5699.08,5803.68,5699.08,5683.37,119.091,2.0954,145367000.0,117016000.0
399371.SZ,2022-07-19,5811.16,5804.01,5821.73,5772.84,5802.46,8.6995,0.1499,121435000.0,101777000.0
399371.SZ,2022-07-20,5831.77,5832.95,5842.22,5814.11,5811.16,20.6044,0.3546,110629000.0,93191100.0
399371.SZ,2022-07-21,5740.15,5815.05,5815.05,5740.15,5831.77,-91.6167,-1.571,128117000.0,110334000.0
399371.SZ,2022-07-22,5743.38,5744.52,5776.72,5705.54,5740.15,3.231,0.0563,111216000.0,92847000.0
399371.SZ,2022-07-25,5732.59,5743.81,5756.59,5722.76,5743.38,-10.7938,-0.1879,99649400.0,84030300.0
399371.SZ,2022-07-26,5788.52,5735.3,5799.29,5731.23,5732.59,55.9277,0.9756,95112500.0,79716900.0
399371.SZ,2022-07-27,5763.9,5779.87,5779.87,5755.0,5788.52,-24.6195,-0.4253,88472200.0,76566900.0
399371.SZ,2022-07-28,5763.9,5776.7,5796.26,5759.28,5763.9,0.0065,0.0001,106316000.0,88307400.0
399371.SZ,2022-07-29,5717.95,5769.05,5797.68,5709.51,5763.9,-45.9568,-0.7973,121045000.0,102187000.0
399371.SZ,2022-08-01,5695.77,5711.98,5711.98,5658.97,5717.95,-22.1753,-0.3878,112525000.0,96548900.0
399371.SZ,2022-08-02,5558.67,5650.0,5650.0,5505.24,5695.77,-137.099,-2.407,160345000.0,122816000.0
399371.SZ,2022-08-03,5492.09,5554.87,5603.44,5488.8,5558.67,-66.5814,-1.1978,116595000.0,96109700.0
399371.SZ,2022-08-04,5531.55,5518.82,5535.26,5483.73,5492.09,39.4577,0.7184,91111800.0,73645100.0
399371.SZ,2022-08-05,5583.39,5534.44,5584.95,5505.69,5531.55,51.839,0.9372,96872300.0,81100600.0
399371.SZ,2022-08-08,5595.75,5571.58,5604.65,5566.44,5583.39,12.3628,0.2214,89634600.0,76575900.0
399371.SZ,2022-08-09,5598.37,5595.32,5611.05,5582.55,5595.75,2.6232,0.0469,86534800.0,75728300.0
399371.SZ,2022-08-10,5568.54,5595.19,5610.48,5551.48,5598.37,-29.8333,-0.5329,84441400.0,72711500.0
399371.SZ,2022-08-11,5669.67,5594.51,5670.75,5587.28,5568.54,101.134,1.8162,110650000.0,92799600.0
399371.SZ,2022-08-12,5700.83,5659.84,5711.99,5654.94,5669.67,31.1579,0.5496,112385000.0,90061700.0
399371.SZ,2022-08-15,5682.59,5686.16,5720.83,5671.85,5700.83,-18.2456,-0.3201,115391000.0,95732300.0
399371.SZ,2022-08-16,5686.8,5690.8,5708.94,5670.92,5682.59,4.2119,0.0741,106021000.0,90176500.0
399371.SZ,2022-08-17,5727.94,5695.46,5732.52,5663.58,5686.8,41.1454,0.7235,117786000.0,100527000.0
399371.SZ,2022-08-18,5664.7,5714.38,5718.6,5660.23,5727.94,-63.2472,-1.1042,105673000.0,86548600.0
399371.SZ,2022-08-19,5691.34,5659.83,5715.44,5659.32,5664.7,26.6419,0.4703,125313000.0,102697000.0
399371.SZ,2022-08-22,5723.57,5679.47,5732.98,5678.27,5691.34,32.2297,0.5663,120984000.0,104354000.0
399371.SZ,2022-08-23,5710.87,5715.04,5731.45,5680.81,5723.57,-12.697,-0.2218,125056000.0,105356000.0
399371.SZ,2022-08-24,5651.78,5718.75,5745.75,5648.55,5710.87,-59.0906,-1.0347,140751000.0,121191000.0
399371.SZ,2022-08-25,5751.56,5665.8,5756.44,5655.49,5651.78,99.7821,1.7655,140539000.0,125277000.0
399371.SZ,2022-08-26,5724.35,5749.86,5757.43,5715.6,5751.56,-27.2141,-0.4732,118842000.0,106009000.0
399371.SZ,2022-08-29,5720.41,5669.46,5720.68,5645.47,5724.35,-3.9368,-0.0688,117329000.0,101714000.0
399371.SZ,2022-08-30,5704.1,5713.56,5737.91,5676.4,5720.41,-16.3119,-0.2852,119080000.0,101628000.0
399371.SZ,2022-08-31,5710.07,5695.55,5752.65,5679.13,5704.1,5.9705,0.1047,148800000.0,131151000.0
399371.SZ,2022-09-01,5702.73,5697.62,5752.92,5687.08,5710.07,-7.338,-0.1285,116080000.0,102652000.0
399371.SZ,2022-09-02,5687.32,5710.92,5718.76,5667.27,5702.73,-15.4132,-0.2703,99893000.0,85047300.0
399371.SZ,2022-09-05,5745.34,5685.88,5745.34,5669.15,5687.32,58.0179,1.0201,116348000.0,94606700.0
399371.SZ,2022-09-06,5801.57,5753.6,5804.48,5751.69,5745.34,56.2293,0.9787,135193000.0,111646000.0
399371.SZ,2022-09-07,5791.52,5782.23,5793.4,5762.73,5801.57,-10.0501,-0.1732,129668000.0,100369000.0
399371.SZ,2022-09-08,5786.29,5791.41,5811.74,5771.75,5791.52,-5.2235,-0.0902,123819000.0,95138000.0
399371.SZ,2022-09-09,5873.95,5795.87,5884.14,5790.52,5786.29,87.658,1.5149,139983000.0,118745000.0
399371.SZ,2022-09-13,5868.63,5882.02,5903.32,5847.15,5873.95,-5.3206,-0.0906,128582000.0,106835000.0
399371.SZ,2022-09-14,5811.08,5804.92,5849.96,5796.29,5868.63,-57.5494,-0.9806,108338000.0,86595700.0
399371.SZ,2022-09-15,5814.16,5837.06,5871.42,5767.41,5811.08,3.0806,0.053,144911000.0,121515000.0
399371.SZ,2022-09-16,5645.0,5796.74,5797.15,5645.0,5814.16,-169.157,-2.9094,154000000.0,120198000.0
399371.SZ,2022-09-19,5639.9,5639.93,5664.51,5612.25,5645.0,-5.0994,-0.0903,111542000.0,84378200.0
399371.SZ,2022-09-20,5610.55,5659.08,5663.6,5598.01,5639.9,-29.3569,-0.5205,95257400.0,77339700.0
399371.SZ,2022-09-21,5639.83,5604.45,5659.53,5564.93,5610.55,29.2803,0.5219,102964000.0,77664400.0
399371.SZ,2022-09-22,5617.21,5605.48,5629.03,5596.14,5639.83,-22.6183,-0.401,97715100.0,80518100.0
399371.SZ,2022-09-23,5604.5,5605.45,5666.94,5582.16,5617.21,-12.7147,-0.2264,106079000.0,81322900.0
399371.SZ,2022-09-26,5495.59,5568.68,5599.54,5493.33,5604.5,-108.903,-1.9431,116655000.0,85057400.0
399371.SZ,2022-09-27,5531.08,5502.26,5532.1,5457.59,5495.59,35.4866,0.6457,96962700.0,76066300.0
399371.SZ,2022-09-28,5461.97,5519.7,5519.7,5461.97,5531.08,-69.1114,-1.2495,92676800.0,71624900.0
399371.SZ,2022-09-29,5423.06,5500.32,5516.95,5398.96,5461.97,-38.9116,-0.7124,98426000.0,75279500.0
399371.SZ,2022-09-30,5450.19,5425.85,5487.64,5425.85,5423.06,27.1312,0.5003,90608600.0,70870400.0
399371.SZ,2022-10-10,5424.18,5458.09,5499.3,5417.86,5450.19,-26.0046,-0.4771,115950000.0,87703100.0
399371.SZ,2022-10-11,5425.66,5429.34,5443.54,5382.92,5424.18,1.4798,0.0273,92984100.0,69888300.0
399371.SZ,2022-10-12,5491.14,5417.97,5491.14,5365.55,5425.66,65.4802,1.2069,107951000.0,81006600.0
399371.SZ,2022-10-13,5431.95,5460.61,5470.64,5405.85,5491.14,-59.1915,-1.0779,106520000.0,85219100.0
399371.SZ,2022-10-14,5502.58,5459.4,5523.23,5459.29,5431.95,70.6288,1.3002,114953000.0,93146300.0
399371.SZ,2022-10-17,5503.53,5476.6,5511.79,5437.2,5502.58,0.9544,0.0173,106763000.0,83216800.0
399371.SZ,2022-10-18,5491.41,5521.14,5527.79,5478.45,5503.53,-12.1214,-0.2202,95749500.0,79267500.0
399371.SZ,2022-10-19,5428.56,5481.2,5500.14,5428.56,5491.41,-62.8576,-1.1447,87203400.0,75113800.0
399371.SZ,2022-10-20,5391.4,5405.8,5443.1,5379.05,5428.56,-37.1562,-0.6845,92978800.0,74597900.0
399371.SZ,2022-10-21,5395.13,5405.83,5438.67,5377.22,5391.4,3.7323,0.0692,97694000.0,74797700.0
399371.SZ,2022-10-24,5264.98,5393.82,5429.16,5250.68,5395.13,-130.156,-2.4125,122702000.0,97071200.0
399371.SZ,2022-10-25,5259.13,5263.1,5304.41,5218.09,5264.98,-5.8464,-0.111,103315000.0,78655600.0
399371.SZ,2022-10-26,5252.87,5256.15,5307.5,5236.11,5259.13,-6.2602,-0.119,110776000.0,86921900.0
399371.SZ,2022-10-27,5259.6,5260.92,5297.56,5252.28,5252.87,6.7347,0.1282,107019000.0,84424300.0
399371.SZ,2022-10-28,5147.87,5241.16,5246.15,5136.87,5259.6,-111.73,-2.1243,123147000.0,95082700.0
399371.SZ,2022-10-31,5066.19,5110.13,5124.22,5047.64,5147.87,-81.6795,-1.5867,136630000.0,105533000.0
399371.SZ,2022-11-01,5169.19,5074.64,5169.19,5066.85,5066.19,102.997,2.033,138925000.0,107724000.0
399371.SZ,2022-11-02,5202.83,5152.1,5220.9,5142.82,5169.19,33.6336,0.6507,125764000.0,104059000.0
399371.SZ,2022-11-03,5164.68,5171.55,5185.34,5140.34,5202.83,-38.1451,-0.7332,101222000.0,78378700.0
399371.SZ,2022-11-04,5286.81,5160.33,5302.41,5160.12,5164.68,122.134,2.3648,133949000.0,108448000.0
399371.SZ,2022-11-07,5317.05,5276.35,5337.09,5269.08,5286.81,30.2317,0.5718,124456000.0,98107800.0
399371.SZ,2022-11-08,5306.33,5318.44,5322.32,5280.35,5317.05,-10.7111,-0.2014,97009200.0,76535900.0
399371.SZ,2022-11-09,5298.56,5315.02,5344.48,5296.56,5306.33,-7.7778,-0.1466,95063900.0,75819200.0
399371.SZ,2022-11-10,5294.74,5271.48,5310.7,5245.37,5298.56,-3.82,-0.0721,95295600.0,71578000.0
399371.SZ,2022-11-11,5441.71,5388.98,5485.69,5357.82,5294.74,146.977,2.7759,170491000.0,141416000.0
399371.SZ,2022-11-14,5488.93,5504.86,5557.29,5477.94,5441.71,47.2153,0.8677,165866000.0,146575000.0
399371.SZ,2022-11-15,5552.67,5484.04,5558.67,5462.69,5488.93,63.7412,1.1613,135613000.0,113867000.0
399371.SZ,2022-11-16,5522.08,5549.1,5556.73,5517.61,5552.67,-30.5851,-0.5508,109954000.0,89592700.0
399371.SZ,2022-11-17,5505.92,5508.79,5511.88,5467.95,5522.08,-16.162,-0.2927,100219000.0,88543300.0
399371.SZ,2022-11-18,5477.22,5510.31,5520.28,5474.08,5505.92,-28.699,-0.5212,109026000.0,90245100.0
399371.SZ,2022-11-21,5448.31,5446.48,5450.48,5398.97,5477.22,-28.9121,-0.5279,94161700.0,83268100.0
399371.SZ,2022-11-22,5511.9,5453.58,5557.67,5448.37,5448.31,63.5919,1.1672,149880000.0,109627000.0
399371.SZ,2022-11-23,5534.27,5508.37,5577.45,5506.09,5511.9,22.3618,0.4057,156750000.0,109471000.0
399371.SZ,2022-11-24,5530.88,5554.7,5572.58,5520.14,5534.27,-3.3849,-0.0612,113080000.0,85501000.0
399371.SZ,2022-11-25,5629.71,5528.24,5641.5,5527.78,5530.88,98.8336,1.7869,158867000.0,115369000.0
399371.SZ,2022-11-28,5563.62,5548.51,5567.93,5489.61,5629.71,-66.0942,-1.174,145702000.0,105474000.0
399371.SZ,2022-11-29,5747.49,5618.03,5759.66,5618.03,5563.62,183.871,3.3049,197784000.0,160560000.0
399371.SZ,2022-11-30,5733.28,5729.15,5797.92,5716.05,5747.49,-14.2072,-0.2472,183270000.0,143430000.0
399371.SZ,2022-12-01,5722.89,5791.1,5805.17,5720.59,5733.28,-10.3924,-0.1813,168527000.0,135406000.0
399371.SZ,2022-12-02,5685.83,5713.09,5720.75,5666.27,5722.89,-37.058,-0.6475,126893000.0,103169000.0
399371.SZ,2022-12-05,5852.54,5736.14,5860.2,5736.14,5685.83,166.702,2.9319,221003000.0,166471000.0
399371.SZ,2022-12-06,5832.21,5832.03,5860.16,5805.33,5852.54,-20.3207,-0.3472,175586000.0,135913000.0
399371.SZ,2022-12-07,5785.71,5820.98,5837.62,5762.9,5832.21,-46.5018,-0.7973,160349000.0,127842000.0
399371.SZ,2022-12-08,5803.87,5778.72,5821.3,5771.75,5785.71,18.1595,0.3139,137438000.0,111592000.0
399371.SZ,2022-12-09,5853.54,5808.7,5870.89,5788.06,5803.87,49.6695,0.8558,180961000.0,148747000.0
399371.SZ,2022-12-12,5750.72,5830.55,5830.55,5746.53,5853.54,-102.823,-1.7566,147289000.0,126201000.0
399371.SZ,2022-12-13,5770.0,5751.89,5789.11,5747.91,5750.72,19.2805,0.3353,104874000.0,88909900.0
399371.SZ,2022-12-14,5760.96,5766.43,5784.76,5735.01,5770.0,-9.0411,-0.1567,101177000.0,88065100.0
399371.SZ,2022-12-15,5707.57,5748.79,5762.19,5698.4,5760.96,-53.3854,-0.9267,88919300.0,76150200.0
399371.SZ,2022-12-16,5758.7,5690.32,5773.16,5689.58,5707.57,51.131,0.8958,102858000.0,85243600.0
399371.SZ,2022-12-19,5632.05,5752.78,5766.88,5608.94,5758.7,-126.65,-2.1993,113295000.0,89546400.0
399371.SZ,2022-12-20,5566.75,5611.01,5629.52,5545.7,5632.05,-65.3085,-1.1596,82749900.0,67857400.0
399371.SZ,2022-12-21,5569.74,5574.47,5603.36,5558.27,5566.75,2.9926,0.0538,64635300.0,51586200.0
399371.SZ,2022-12-22,5553.94,5606.95,5626.84,5535.19,5569.74,-15.8022,-0.2837,81292500.0,64957700.0
399371.SZ,2022-12-23,5546.61,5528.97,5581.86,5523.87,5553.94,-7.3236,-0.1319,65042800.0,50439300.0
399371.SZ,2022-12-26,5528.51,5548.24,5557.7,5521.3,5546.61,-18.0974,-0.3263,75305500.0,60194000.0
399371.SZ,2022-12-27,5594.61,5557.68,5606.19,5556.91,5528.51,66.0952,1.1955,80127900.0,64532900.0
399371.SZ,2022-12-28,5601.09,5582.55,5625.66,5571.89,5594.61,6.4826,0.1159,86596900.0,67167700.0
399371.SZ,2022-12-29,5552.63,5579.42,5579.42,5533.06,5601.09,-48.4627,-0.8652,79327600.0,63668300.0
399371.SZ,2022-12-30,5589.26,5568.4,5603.68,5565.78,5552.63,36.6257,0.6596,77125200.0,61315700.0
399371.SZ,2023-01-03,5627.38,5580.43,5635.12,5543.46,5589.26,38.1241,0.6821,108190000.0,87180500.0
399371.SZ,2023-01-04,5691.43,5628.72,5695.37,5621.21,5627.38,64.0523,1.1382,111834000.0,94051600.0
399371.SZ,2023-01-05,5720.01,5710.01,5732.64,5700.76,5691.43,28.5744,0.5021,101364000.0,88843800.0
399371.SZ,2023-01-06,5717.43,5726.87,5736.95,5702.27,5720.01,-2.5786,-0.0451,98997400.0,82903000.0
399371.SZ,2023-01-09,5741.52,5733.28,5754.31,5715.53,5717.43,24.0884,0.4213,102859000.0,88045300.0
399371.SZ,2023-01-10,5700.19,5740.05,5740.05,5698.62,5741.52,-41.3261,-0.7198,90874200.0,76973800.0
399371.SZ,2023-01-11,5743.77,5708.68,5770.55,5707.83,5700.19,43.585,0.7646,97717400.0,88655300.0
399371.SZ,2023-01-12,5742.53,5748.08,5748.58,5714.66,5743.77,-1.2493,-0.0218,88378400.0,73955500.0
399371.SZ,2023-01-13,5808.92,5749.69,5808.95,5746.58,5742.53,66.3906,1.1561,88100300.0,78514400.0
399371.SZ,2023-01-16,5852.66,5818.51,5900.46,5808.92,5808.92,43.7449,0.7531,136576000.0,119157000.0
399371.SZ,2023-01-17,5843.67,5850.7,5857.66,5817.44,5852.66,-8.9912,-0.1536,91473100.0,77252900.0
399371.SZ,2023-01-18,5848.94,5846.1,5866.78,5836.94,5843.67,5.2676,0.0901,93190600.0,74760100.0
399371.SZ,2023-01-19,5875.96,5839.5,5875.96,5816.0,5848.94,27.0233,0.462,96595400.0,79048900.0
399371.SZ,2023-01-20,5929.85,5887.55,5931.03,5877.17,5875.96,53.888,0.9171,124914000.0,96843600.0
399371.SZ,2023-01-30,5905.96,6002.78,6006.66,5902.97,5929.85,-23.8864,-0.4028,149491000.0,123649000.0
399371.SZ,2023-01-31,5889.22,5898.72,5932.51,5879.84,5905.96,-16.7437,-0.2835,119558000.0,96615100.0
399371.SZ,2023-02-01,5927.39,5905.41,5928.01,5864.18,5889.22,38.1667,0.6481,138798000.0,112109000.0
399371.SZ,2023-02-02,5907.57,5939.0,5939.23,5884.19,5927.39,-19.8125,-0.3343,131787000.0,110333000.0
399371.SZ,2023-02-03,5850.27,5887.65,5887.65,5810.07,5907.57,-57.3038,-0.97,113833000.0,93034600.0
399371.SZ,2023-02-06,5790.09,5811.7,5811.87,5771.78,5850.27,-60.1748,-1.0286,103870000.0,88172200.0
399371.SZ,2023-02-07,5821.82,5803.25,5829.93,5795.79,5790.09,31.7285,0.548,90712800.0,74443200.0
399371.SZ,2023-02-08,5796.63,5826.97,5838.82,5792.13,5821.82,-25.1967,-0.4328,88635900.0,70341700.0
399371.SZ,2023-02-09,5846.5,5789.45,5846.5,5786.05,5796.63,49.8722,0.8604,92424100.0,76230700.0
399371.SZ,2023-02-10,5838.51,5840.07,5854.73,5816.55,5846.5,-7.9864,-0.1366,97170200.0,76400600.0
399371.SZ,2023-02-13,5860.59,5831.92,5863.01,5803.77,5838.51,22.0739,0.3781,120753000.0,100113000.0
399371.SZ,2023-02-14,5884.91,5869.44,5884.91,5860.02,5860.59,24.3205,0.415,103472000.0,85345900.0
399371.SZ,2023-02-15,5842.9,5884.25,5887.36,5833.01,5884.91,-42.0112,-0.7139,109671000.0,89309300.0
399371.SZ,2023-02-16,5808.0,5845.43,5907.82,5779.44,5842.9,-34.8933,-0.5972,150416000.0,118641000.0
399371.SZ,2023-02-17,5779.84,5804.68,5841.81,5778.84,5808.0,-28.1627,-0.4849,108558000.0,88693800.0
399371.SZ,2023-02-20,5945.13,5799.93,5946.72,5799.93,5779.84,165.288,2.8597,161468000.0,137019000.0
399371.SZ,2023-02-21,5990.41,5952.84,5995.66,5937.88,5945.13,45.2862,0.7617,147735000.0,123658000.0
399371.SZ,2023-02-22,5948.6,5963.16,5976.8,5943.33,5990.41,-41.8112,-0.698,106963000.0,91610400.0
399371.SZ,2023-02-23,5948.99,5957.87,5990.36,5930.03,5948.6,0.3926,0.0066,109639000.0,93759000.0
399371.SZ,2023-02-24,5903.73,5945.69,5947.05,5881.06,5948.99,-45.2608,-0.7608,93726400.0,78523500.0
399371.SZ,2023-02-27,5875.56,5882.28,5911.47,5866.4,5903.73,-28.1693,-0.4771,94508500.0,82466900.0
399371.SZ,2023-02-28,5912.58,5887.85,5916.3,5854.99,5875.56,37.0188,0.63,104652000.0,87073200.0
399371.SZ,2023-03-01,6005.53,5912.19,6011.5,5909.99,5912.58,92.9493,1.5721,148505000.0,119742000.0
399371.SZ,2023-03-02,6033.17,5997.86,6052.09,5989.03,6005.53,27.6343,0.4601,152425000.0,119901000.0
399371.SZ,2023-03-03,6079.75,6042.31,6084.94,6023.8,6033.17,46.5855,0.7722,168614000.0,124729000.0
399371.SZ,2023-03-06,6017.97,6083.79,6090.41,6011.08,6079.75,-61.7837,-1.0162,164583000.0,136097000.0
399371.SZ,2023-03-07,5971.87,6018.91,6094.85,5966.48,6017.97,-46.1024,-0.7661,208236000.0,156205000.0
399371.SZ,2023-03-08,5955.5,5943.97,5955.5,5918.48,5971.87,-16.3635,-0.274,120411000.0,93786800.0
399371.SZ,2023-03-09,5934.07,5959.49,5966.65,5912.89,5955.5,-21.4329,-0.3599,115715000.0,91645800.0
399371.SZ,2023-03-10,5834.41,5897.31,5908.93,5833.71,5934.07,-99.6573,-1.6794,123474000.0,97131100.0
399371.SZ,2023-03-13,5909.83,5832.57,5909.83,5832.57,5834.41,75.4214,1.2927,137437000.0,111871000.0
399371.SZ,2023-03-14,5861.16,5890.15,5910.29,5829.86,5909.83,-48.6787,-0.8237,143898000.0,120356000.0
399371.SZ,2023-03-15,5923.5,5893.37,5938.59,5882.44,5861.16,62.3421,1.0636,149432000.0,117029000.0
399371.SZ,2023-03-16,5869.8,5882.05,5918.1,5865.42,5923.5,-53.6972,-0.9065,162991000.0,126403000.0
399371.SZ,2023-03-17,5930.79,5905.52,5988.26,5905.52,5869.8,60.9893,1.039,177589000.0,143110000.0
399371.SZ,2023-03-20,5885.84,5941.02,5991.18,5880.14,5930.79,-44.9453,-0.7578,206012000.0,160720000.0
399371.SZ,2023-03-21,5892.08,5898.21,5925.8,5871.12,5885.84,6.2313,0.1059,143338000.0,112917000.0
399371.SZ,2023-03-22,5924.15,5907.58,5948.3,5894.69,5892.08,32.0696,0.5443,133096000.0,107784000.0
399371.SZ,2023-03-23,5966.79,5912.38,5966.79,5901.45,5924.15,42.6417,0.7198,140238000.0,118572000.0
399371.SZ,2023-03-24,5912.39,5958.72,5958.72,5901.47,5966.79,-54.3985,-0.9117,148971000.0,125149000.0
399371.SZ,2023-03-27,5863.94,5907.46,5907.65,5830.13,5912.39,-48.4465,-0.8194,153290000.0,130806000.0
399371.SZ,2023-03-28,5867.17,5880.03,5898.83,5857.2,5863.94,3.2228,0.055,137688000.0,114914000.0
399371.SZ,2023-03-29,5838.04,5883.3,5885.58,5827.57,5867.17,-29.1277,-0.4965,136147000.0,110652000.0
399371.SZ,2023-03-30,5896.66,5840.64,5898.78,5803.53,5838.04,58.6189,1.0041,145399000.0,119507000.0
399371.SZ,2023-03-31,5908.05,5896.38,5931.42,5890.97,5896.66,11.3905,0.1932,131118000.0,112450000.0
399371.SZ,2023-04-03,5954.06,5914.4,5962.31,5914.4,5908.05,46.0139,0.7788,163259000.0,144777000.0
399371.SZ,2023-04-04,6007.97,5952.02,6007.97,5942.21,5954.06,53.9073,0.9054,181081000.0,155392000.0
399371.SZ,2023-04-06,5989.76,5999.31,6009.1,5977.12,6007.97,-18.2033,-0.303,138065000.0,124735000.0
399371.SZ,2023-04-07,6014.87,5994.13,6020.09,5988.1,5989.76,25.1089,0.4192,118146000.0,109564000.0
399371.SZ,2023-04-10,6016.95,6016.36,6040.73,6001.31,6014.87,2.0795,0.0346,141538000.0,125641000.0
399371.SZ,2023-04-11,6030.54,6013.83,6032.89,5997.62,6016.95,13.5922,0.2259,142277000.0,130342000.0
399371.SZ,2023-04-12,6078.85,6035.79,6088.47,6033.36,6030.54,48.3018,0.801,164283000.0,133470000.0
399371.SZ,2023-04-13,6056.24,6064.27,6084.68,6037.53,6078.85,-22.6043,-0.3719,156961000.0,127990000.0
399371.SZ,2023-04-14,6086.27,6072.25,6104.52,6056.04,6056.24,30.03,0.4959,151323000.0,127702000.0
399371.SZ,2023-04-17,6207.59,6079.9,6207.59,6074.66,6086.27,121.314,1.9932,202757000.0,176792000.0
399371.SZ,2023-04-18,6241.98,6195.29,6252.55,6189.99,6207.59,34.3972,0.5541,174797000.0,159281000.0
399371.SZ,2023-04-19,6191.32,6237.02,6244.04,6179.66,6241.98,-50.6659,-0.8117,166690000.0,143665000.0
399371.SZ,2023-04-20,6217.3,6185.81,6217.81,6156.19,6191.32,25.9784,0.4196,162117000.0,148144000.0
399371.SZ,2023-04-21,6103.56,6215.3,6238.2,6103.48,6217.3,-113.74,-1.8294,168637000.0,150190000.0
399371.SZ,2023-04-24,6068.29,6108.03,6139.55,6052.49,6103.56,-35.2621,-0.5777,159556000.0,140687000.0
399371.SZ,2023-04-25,6076.0,6075.48,6104.83,6007.52,6068.29,7.7077,0.127,166440000.0,142585000.0
399371.SZ,2023-04-26,6036.37,6049.69,6061.88,5995.22,6076.0,-39.6362,-0.6523,156937000.0,133518000.0
399371.SZ,2023-04-27,6092.84,6022.28,6108.66,6015.2,6036.37,56.4755,0.9356,147754000.0,143071000.0
399371.SZ,2023-04-28,6175.94,6089.23,6178.84,6082.2,6092.84,83.0992,1.3639,180396000.0,165657000.0
399371.SZ,2023-05-04,6258.5,6122.3,6265.94,6099.67,6175.94,82.5622,1.3368,251931000.0,209231000.0
399371.SZ,2023-05-05,6257.95,6260.04,6327.6,6223.58,6258.5,-0.5491,-0.0088,226810000.0,190314000.0
399371.SZ,2023-05-08,6401.25,6266.67,6430.98,6266.67,6257.95,143.294,2.2898,298604000.0,241419000.0
399371.SZ,2023-05-09,6331.88,6415.96,6477.63,6327.26,6401.25,-69.3681,-1.0837,314679000.0,257002000.0
399371.SZ,2023-05-10,6227.26,6314.92,6324.21,6205.88,6331.88,-104.623,-1.6523,239587000.0,184667000.0
399371.SZ,2023-05-11,6207.51,6238.47,6276.95,6201.19,6227.26,-19.7463,-0.3171,168241000.0,131737000.0
399371.SZ,2023-05-12,6137.64,6198.07,6240.46,6134.84,6207.51,-69.8721,-1.1256,169801000.0,133332000.0
399371.SZ,2023-05-15,6198.96,6134.86,6204.45,6049.11,6137.64,61.3218,0.9991,194117000.0,152372000.0
399371.SZ,2023-05-16,6152.22,6198.65,6221.8,6136.3,6198.96,-46.7451,-0.7541,143400000.0,118587000.0
399371.SZ,2023-05-17,6116.64,6134.6,6161.82,6092.83,6152.22,-35.5713,-0.5782,123941000.0,103546000.0
399371.SZ,2023-05-18,6139.17,6127.76,6186.35,6117.5,6116.64,22.5228,0.3682,143169000.0,115387000.0
399371.SZ,2023-05-19,6078.82,6116.94,6129.45,6063.51,6139.17,-60.3507,-0.983,127891000.0,102958000.0
399371.SZ,2023-05-22,6093.04,6070.19,6128.25,6066.01,6078.82,14.2288,0.2341,119298000.0,95804800.0
399371.SZ,2023-05-23,5995.8,6089.95,6104.0,5995.8,6093.04,-97.2405,-1.5959,132130000.0,99449300.0
399371.SZ,2023-05-24,5874.21,5983.31,5983.31,5873.73,5995.8,-121.592,-2.028,143385000.0,109554000.0
399371.SZ,2023-05-25,5860.25,5859.4,5875.61,5802.16,5874.21,-13.965,-0.2377,127712000.0,100784000.0
399371.SZ,2023-05-26,5895.03,5854.17,5908.26,5828.74,5860.25,34.781,0.5935,114144000.0,88959100.0
399371.SZ,2023-05-29,5922.92,5904.69,5945.99,5893.14,5895.03,27.8899,0.4731,140977000.0,111631000.0
399371.SZ,2023-05-30,5931.54,5911.71,5947.29,5864.0,5922.92,8.624,0.1456,139052000.0,112027000.0
399371.SZ,2023-05-31,5890.69,5910.41,5916.6,5871.29,5931.54,-40.8535,-0.6888,125087000.0,106224000.0
399371.SZ,2023-06-01,5875.33,5869.38,5918.76,5845.68,5890.69,-15.3602,-0.2608,126805000.0,103615000.0
399371.SZ,2023-06-02,5949.22,5895.21,5953.17,5895.21,5875.33,73.8929,1.2577,122836000.0,102372000.0
399371.SZ,2023-06-05,5963.46,5948.32,5987.96,5927.77,5949.22,14.2407,0.2394,116095000.0,90407900.0
399371.SZ,2023-06-06,5931.44,5957.8,6034.38,5922.42,5963.46,-32.0246,-0.537,127282000.0,100135000.0
399371.SZ,2023-06-07,5951.54,5946.44,5977.94,5928.23,5931.44,20.103,0.3389,92746900.0,77096000.0
399371.SZ,2023-06-08,6025.58,5947.31,6036.57,5916.58,5951.54,74.0377,1.244,122307000.0,98345600.0
399371.SZ,2023-06-09,6029.17,6025.13,6038.47,5999.16,6025.58,3.5927,0.0596,129321000.0,109879000.0
399371.SZ,2023-06-12,6000.86,6017.23,6022.14,5977.98,6029.17,-28.3091,-0.4695,127877000.0,109686000.0
399371.SZ,2023-06-13,5988.88,5990.55,6009.6,5960.9,6000.86,-11.983,-0.1997,99284500.0,87197100.0
399371.SZ,2023-06-14,5957.79,5992.41,6022.93,5955.21,5988.88,-31.0935,-0.5192,114535000.0,98409900.0
399371.SZ,2023-06-15,5991.53,5964.06,5991.53,5945.75,5957.79,33.7431,0.5664,110695000.0,99199400.0
399371.SZ,2023-06-16,6009.79,5999.0,6025.51,5994.59,5991.53,18.2624,0.3048,120063000.0,108765000.0
399371.SZ,2023-06-19,5940.41,5995.17,5995.17,5933.38,6009.79,-69.3763,-1.1544,120435000.0,104823000.0
399371.SZ,2023-06-20,5896.31,5934.07,5939.38,5891.74,5940.41,-44.1021,-0.7424,103337000.0,93118000.0
399371.SZ,2023-06-21,5838.39,5877.47,5907.95,5838.39,5896.31,-57.9204,-0.9823,106588000.0,91364600.0
399371.SZ,2023-06-26,5753.16,5810.21,5810.21,5742.55,5838.39,-85.2327,-1.4599,118153000.0,97189400.0
399371.SZ,2023-06-27,5849.25,5761.05,5862.52,5753.94,5753.16,96.0882,1.6702,111822000.0,92529000.0
399371.SZ,2023-06-28,5856.88,5833.64,5859.89,5810.73,5849.25,7.6366,0.1306,96057900.0,83557200.0
399371.SZ,2023-06-29,5826.58,5845.5,5849.62,5821.62,5856.88,-30.3077,-0.5175,86373300.0,75680300.0
399371.SZ,2023-06-30,5855.7,5823.43,5878.66,5821.32,5826.58,29.1281,0.4999,92943900.0,81449800.0
399371.SZ,2023-07-03,5935.1,5864.21,5942.75,5864.04,5855.7,79.393,1.3558,116492000.0,102493000.0
399371.SZ,2023-07-04,5908.0,5933.45,5933.77,5888.47,5935.1,-27.0931,-0.4565,102417000.0,88423400.0
399371.SZ,2023-07-05,5883.85,5898.37,5915.08,5876.11,5908.0,-24.1539,-0.4088,90604800.0,76898100.0
399371.SZ,2023-07-06,5848.29,5868.93,5897.13,5837.51,5883.85,-35.5558,-0.6043,91551900.0,75177100.0
399371.SZ,2023-07-07,5851.88,5832.86,5875.27,5826.71,5848.29,3.5847,0.0613,95965300.0,77797100.0
399371.SZ,2023-07-10,5857.36,5873.4,5883.22,5835.22,5851.88,5.4834,0.0937,85636900.0,75132900.0
399371.SZ,2023-07-11,5878.94,5871.83,5885.42,5846.33,5857.36,21.5781,0.3684,78466600.0,67447800.0
399371.SZ,2023-07-12,5844.73,5870.37,5892.73,5839.56,5878.94,-34.2067,-0.5819,91971400.0,83227200.0
399371.SZ,2023-07-13,5911.42,5851.59,5914.29,5851.59,5844.73,66.6816,1.1409,101914000.0,91307700.0
399371.SZ,2023-07-14,5924.19,5914.77,5943.12,5905.56,5911.42,12.7707,0.216,102466000.0,87027000.0
399371.SZ,2023-07-17,5875.62,5891.36,5891.36,5850.26,5924.19,-48.5701,-0.8199,87951700.0,74574000.0
399371.SZ,2023-07-18,5854.67,5873.9,5873.9,5835.36,5875.62,-20.9448,-0.3565,83091800.0,70757400.0
399371.SZ,2023-07-19,5880.88,5843.94,5882.0,5842.4,5854.67,26.2058,0.4476,76962500.0,65369400.0
399371.SZ,2023-07-20,5845.72,5886.32,5902.59,5838.66,5880.88,-35.1604,-0.5979,90309400.0,77954500.0
399371.SZ,2023-07-21,5829.8,5831.7,5860.69,5815.37,5845.72,-15.9144,-0.2722,77375500.0,64396300.0
399371.SZ,2023-07-24,5812.42,5815.01,5839.28,5791.11,5829.8,-17.3872,-0.2982,73598000.0,62205900.0
399371.SZ,2023-07-25,5974.67,5885.41,5976.36,5885.41,5812.42,162.255,2.7915,155117000.0,140179000.0
399371.SZ,2023-07-26,5966.87,5967.87,5981.86,5943.76,5974.67,-7.7979,-0.1305,117210000.0,95537200.0
399371.SZ,2023-07-27,5959.0,5967.15,6012.28,5947.95,5966.87,-7.8704,-0.1319,123923000.0,96455600.0
399371.SZ,2023-07-28,6103.16,5942.01,6113.69,5939.16,5959.0,144.157,2.4191,185182000.0,154307000.0
399371.SZ,2023-07-31,6140.66,6138.77,6208.9,6126.04,6103.16,37.5056,0.6145,203942000.0,177280000.0
399371.SZ,2023-08-01,6127.83,6132.45,6170.8,6104.6,6140.66,-12.8301,-0.2089,166087000.0,130366000.0
399371.SZ,2023-08-02,6067.46,6107.45,6132.05,6047.35,6127.83,-60.3738,-0.9852,145152000.0,112102000.0
399371.SZ,2023-08-03,6117.3,6057.59,6118.48,6033.66,6067.46,49.8355,0.8214,137632000.0,112913000.0
399371.SZ,2023-08-04,6133.17,6158.29,6202.28,6132.1,6117.3,15.8739,0.2595,189126000.0,158639000.0
399371.SZ,2023-08-07,6088.83,6107.19,6107.19,6069.03,6133.17,-44.3389,-0.7229,134683000.0,113058000.0
399371.SZ,2023-08-08,6071.15,6071.26,6100.83,6043.19,6088.83,-17.6834,-0.2904,108151000.0,93998200.0
399371.SZ,2023-08-09,6048.95,6054.52,6072.87,6041.04,6071.15,-22.1963,-0.3656,90649100.0,78606600.0
399371.SZ,2023-08-10,6063.89,6042.53,6067.93,6021.87,6048.95,14.9422,0.247,97411800.0,84425800.0
399371.SZ,2023-08-11,5932.08,6059.61,6059.61,5932.08,6063.89,-131.817,-2.1738,123927000.0,102402000.0
399371.SZ,2023-08-14,5914.58,5875.26,5926.57,5850.84,5932.08,-17.4973,-0.295,109557000.0,90611500.0
399371.SZ,2023-08-15,5932.58,5914.68,5944.13,5876.59,5914.58,18.0051,0.3044,95761300.0,79460200.0
399371.SZ,2023-08-16,5906.42,5910.33,5950.29,5886.32,5932.58,-26.169,-0.4411,95727800.0,80027600.0
399371.SZ,2023-08-17,5904.03,5880.84,5910.62,5851.78,5906.42,-2.3834,-0.0404,100943000.0,82607500.0
399371.SZ,2023-08-18,5854.49,5901.8,5943.85,5854.49,5904.03,-49.5445,-0.8392,100633000.0,81605100.0
399371.SZ,2023-08-21,5777.3,5849.53,5858.77,5777.3,5854.49,-77.1831,-1.3184,100695000.0,83487200.0
399371.SZ,2023-08-22,5835.68,5795.67,5848.21,5770.45,5777.3,58.3764,1.0104,113660000.0,91899800.0
399371.SZ,2023-08-23,5778.64,5826.58,5840.36,5776.47,5835.68,-57.0411,-0.9775,99234700.0,78685300.0
399371.SZ,2023-08-24,5762.7,5794.82,5810.8,5748.43,5778.64,-15.9348,-0.2758,120004000.0,94223600.0
399371.SZ,2023-08-25,5771.84,5741.83,5811.76,5736.49,5762.7,9.1347,0.1585,106700000.0,83232700.0
399371.SZ,2023-08-28,5866.36,6059.53,6059.91,5847.09,5771.84,94.5244,1.6377,199985000.0,167053000.0
399371.SZ,2023-08-29,5866.23,5853.64,5887.37,5821.12,5866.36,-0.1317,-0.0022,160237000.0,125966000.0
399371.SZ,2023-08-30,5830.49,5871.17,5872.0,5825.66,5866.23,-35.7372,-0.6092,132530000.0,105751000.0
399371.SZ,2023-08-31,5798.46,5835.43,5864.63,5793.24,5830.49,-32.0312,-0.5494,121827000.0,98952800.0
399371.SZ,2023-09-01,5864.8,5816.3,5883.16,5816.3,5798.46,66.3403,1.1441,120702000.0,102287000.0
399371.SZ,2023-09-04,5967.8,5893.79,5980.58,5893.79,5864.8,102.994,1.7561,161375000.0,135476000.0
399371.SZ,2023-09-05,5912.5,5952.25,5952.25,5905.53,5967.8,-55.2947,-0.9266,112533000.0,91288900.0
399371.SZ,2023-09-06,5912.44,5898.74,5921.34,5874.04,5912.5,-0.067,-0.0011,93699200.0,78301400.0
399371.SZ,2023-09-07,5867.39,5902.61,5917.03,5864.19,5912.44,-45.0419,-0.7618,97947200.0,79068500.0
399371.SZ,2023-09-08,5846.03,5852.72,5861.96,5827.0,5867.39,-21.3688,-0.3642,76411800.0,61644000.0
399371.SZ,2023-09-11,5887.77,5858.5,5910.03,5852.11,5846.03,41.7467,0.7141,110287000.0,92859700.0
399371.SZ,2023-09-12,5878.33,5884.2,5895.07,5871.58,5887.77,-9.4391,-0.1603,79847900.0,67369700.0
399371.SZ,2023-09-13,5867.26,5884.05,5903.22,5845.15,5878.33,-11.0695,-0.1883,91724600.0,71816100.0
399371.SZ,2023-09-14,5906.44,5872.89,5914.9,5866.91,5867.26,39.1728,0.6677,117320000.0,91920700.0
399371.SZ,2023-09-15,5874.8,5921.63,5939.1,5858.62,5906.44,-31.6397,-0.5357,121365000.0,97866200.0
399371.SZ,2023-09-18,5877.26,5865.27,5880.11,5834.17,5874.8,2.4585,0.0418,96527700.0,78023600.0
399371.SZ,2023-09-19,5896.39,5873.83,5900.47,5865.74,5877.26,19.1341,0.3256,97652700.0,76399000.0
399371.SZ,2023-09-20,5890.59,5892.26,5904.77,5869.32,5896.39,-5.796,-0.0983,88594900.0,68798100.0
399371.SZ,2023-09-21,5850.94,5886.17,5905.76,5850.57,5890.59,-39.6538,-0.6732,91694600.0,70285200.0
399371.SZ,2023-09-22,5922.14,5853.8,5923.29,5842.07,5850.94,71.1976,1.2169,114326000.0,94164600.0
399371.SZ,2023-09-25,5885.31,5914.63,5918.62,5881.9,5922.14,-36.8259,-0.6218,101244000.0,81189500.0
399371.SZ,2023-09-26,5854.83,5884.79,5898.82,5854.83,5885.31,-30.4825,-0.5179,80855900.0,66292600.0
399371.SZ,2023-09-27,5852.51,5859.19,5882.98,5847.57,5854.83,-2.3201,-0.0396,87116600.0,71262200.0
399371.SZ,2023-09-28,5842.92,5869.45,5877.24,5838.59,5852.51,-9.5884,-0.1638,82024000.0,68584600.0
399371.SZ,2023-10-09,5824.65,5820.48,5835.79,5772.63,5842.92,-18.2673,-0.3126,98316900.0,79585300.0
399371.SZ,2023-10-10,5765.21,5837.57,5851.14,5762.83,5824.65,-59.4411,-1.0205,98633200.0,76096300.0
399371.SZ,2023-10-11,5751.71,5781.25,5790.92,5744.07,5765.21,-13.4981,-0.2341,94730900.0,74485600.0
399371.SZ,2023-10-12,5822.79,5799.49,5835.74,5790.27,5751.71,71.0809,1.2358,115214000.0,86893400.0
399371.SZ,2023-10-13,5792.76,5792.89,5802.48,5777.89,5822.79,-30.0327,-0.5158,95028700.0,71817100.0
399371.SZ,2023-10-16,5780.38,5797.05,5800.53,5765.01,5792.76,-12.3798,-0.2137,92975000.0,74225300.0
399371.SZ,2023-10-17,5809.46,5789.19,5815.39,5771.93,5780.38,29.0753,0.503,98117300.0,78039800.0
399371.SZ,2023-10-18,5767.56,5799.24,5803.82,5764.94,5809.46,-41.9023,-0.7213,100781000.0,77335700.0
399371.SZ,2023-10-19,5654.87,5745.32,5745.32,5653.96,5767.56,-112.683,-1.9537,116167000.0,89314500.0
399371.SZ,2023-10-20,5626.67,5639.04,5665.69,5618.92,5654.87,-28.1981,-0.4987,98301000.0,76324400.0
399371.SZ,2023-10-23,5552.16,5606.04,5614.72,5521.48,5626.67,-74.5156,-1.3243,101697000.0,76448500.0
399371.SZ,2023-10-24,5573.7,5561.65,5581.08,5530.62,5552.16,21.5406,0.388,115450000.0,89518900.0
399371.SZ,2023-10-25,5585.48,5620.93,5630.39,5579.38,5573.7,11.7814,0.2114,127845000.0,99402600.0
399371.SZ,2023-10-26,5605.08,5559.17,5609.5,5552.01,5585.48,19.5972,0.3509,103226000.0,79498800.0
399371.SZ,2023-10-27,5630.81,5588.22,5652.95,5578.08,5605.08,25.728,0.459,114656000.0,93106600.0
399371.SZ,2023-10-30,5590.5,5610.28,5623.11,5567.03,5630.81,-40.3105,-0.7159,134066000.0,105347000.0
399371.SZ,2023-10-31,5586.97,5585.83,5603.65,5564.63,5590.5,-3.5252,-0.0631,110666000.0,89527200.0
399371.SZ,2023-11-01,5576.63,5596.64,5598.37,5562.01,5586.97,-10.3449,-0.1852,90878700.0,73466500.0
399371.SZ,2023-11-02,5573.99,5582.76,5621.93,5572.81,5576.63,-2.6382,-0.0473,89552600.0,69674700.0
399371.SZ,2023-11-03,5574.32,5579.52,5604.69,5571.94,5573.99,0.3367,0.006,91657300.0,70639000.0
399371.SZ,2023-11-06,5600.89,5602.44,5609.21,5575.97,5574.32,26.5665,0.4766,142441000.0,115943000.0
399371.SZ,2023-11-07,5587.26,5593.76,5599.57,5568.74,5600.89,-13.6283,-0.2433,108817000.0,89990700.0
399371.SZ,2023-11-08,5562.8,5576.12,5587.75,5542.51,5587.26,-24.4617,-0.4378,108195000.0,89299700.0
399371.SZ,2023-11-09,5572.47,5553.85,5586.98,5550.96,5562.8,9.672,0.1739,107803000.0,91483500.0
399371.SZ,2023-11-10,5542.42,5558.5,5564.3,5520.5,5572.47,-30.0522,-0.5393,95951100.0,79564200.0
399371.SZ,2023-11-13,5538.25,5547.69,5552.92,5502.13,5542.42,-4.1655,-0.0752,98037600.0,79287000.0
399371.SZ,2023-11-14,5544.22,5538.77,5559.28,5526.43,5538.25,5.9624,0.1077,97426400.0,79041400.0
399371.SZ,2023-11-15,5580.98,5580.06,5591.56,5567.62,5544.22,36.7677,0.6632,100388000.0,85237300.0
399371.SZ,2023-11-16,5554.69,5571.52,5580.77,5546.77,5580.98,-26.2982,-0.4712,86075100.0,69142300.0
399371.SZ,2023-11-17,5539.57,5541.83,5547.4,5510.98,5554.69,-15.1162,-0.2721,83144000.0,67633200.0
399371.SZ,2023-11-20,5555.79,5543.03,5564.48,5519.87,5539.57,16.2179,0.2928,85435400.0,69550500.0
399371.SZ,2023-11-21,5568.25,5567.17,5609.03,5562.18,5555.79,12.4601,0.2243,107896000.0,86670300.0
399371.SZ,2023-11-22,5536.48,5557.03,5571.84,5536.48,5568.25,-31.7723,-0.5706,83674100.0,65735700.0
399371.SZ,2023-11-23,5569.64,5533.69,5571.54,5520.06,5536.48,33.1673,0.5991,81235200.0,65013900.0
399371.SZ,2023-11-24,5557.08,5567.08,5576.54,5547.61,5569.64,-12.5614,-0.2255,92960800.0,68471100.0
399371.SZ,2023-11-27,5520.19,5555.31,5555.31,5492.23,5557.08,-36.8878,-0.6638,104168000.0,82688900.0
399371.SZ,2023-11-28,5516.67,5517.52,5519.54,5498.4,5520.19,-3.5284,-0.0639,85929700.0,65917200.0
399371.SZ,2023-11-29,5467.79,5519.69,5519.69,5460.16,5516.67,-48.8781,-0.886,96525600.0,74999500.0
399371.SZ,2023-11-30,5483.11,5464.92,5491.63,5463.06,5467.79,15.3265,0.2803,95630100.0,74868400.0
399371.SZ,2023-12-01,5485.46,5482.5,5493.73,5453.07,5483.11,2.3471,0.0428,99897700.0,81418300.0
399371.SZ,2023-12-04,5469.8,5487.42,5500.6,5468.11,5485.46,-15.664,-0.2856,93514900.0,75887900.0
399371.SZ,2023-12-05,5385.45,5460.84,5460.84,5384.83,5469.8,-84.3475,-1.5421,95035000.0,75144800.0
399371.SZ,2023-12-06,5377.09,5377.51,5400.04,5346.55,5385.45,-8.3636,-0.1553,96703200.0,76155000.0
399371.SZ,2023-12-07,5384.41,5372.51,5400.85,5342.5,5377.09,7.326,0.1362,94029800.0,74829100.0
399371.SZ,2023-12-08,5383.05,5379.6,5412.92,5369.36,5384.41,-1.3626,-0.0253,126982000.0,95167400.0
399371.SZ,2023-12-11,5419.94,5363.97,5428.18,5309.81,5383.05,36.8876,0.6853,136674000.0,108040000.0
399371.SZ,2023-12-12,5456.16,5413.54,5456.6,5399.25,5419.94,36.2207,0.6683,102246000.0,82951600.0
399371.SZ,2023-12-13,5393.67,5443.23,5443.23,5393.5,5456.16,-62.4847,-1.1452,85104500.0,71713500.0
399371.SZ,2023-12-14,5382.44,5414.92,5429.25,5381.42,5393.67,-11.2365,-0.2083,75454500.0,63300100.0
399371.SZ,2023-12-15,5360.76,5400.62,5424.7,5359.18,5382.44,-21.6805,-0.4028,89855000.0,75727600.0
399371.SZ,2023-12-18,5352.83,5345.92,5386.74,5324.09,5360.76,-7.9273,-0.1479,89343800.0,69725100.0
399371.SZ,2023-12-19,5347.59,5348.57,5362.3,5317.31,5352.83,-5.2385,-0.0979,77093700.0,60354600.0
399371.SZ,2023-12-20,5309.04,5348.17,5367.35,5309.04,5347.59,-38.5463,-0.7208,86567400.0,70777700.0
399371.SZ,2023-12-21,5333.8,5295.73,5341.4,5281.55,5309.04,24.7525,0.4662,92903600.0,75600400.0
399371.SZ,2023-12-22,5348.82,5335.26,5380.68,5321.16,5333.8,15.0245,0.2817,100775000.0,83072200.0
399371.SZ,2023-12-25,5349.89,5337.67,5354.14,5321.79,5348.82,1.0706,0.02,71073600.0,60684300.0
399371.SZ,2023-12-26,5330.59,5349.53,5361.66,5324.01,5349.89,-19.3027,-0.3608,74667300.0,63879300.0
399371.SZ,2023-12-27,5360.98,5332.34,5365.54,5308.98,5330.59,30.3889,0.5701,89534600.0,70708500.0
399371.SZ,2023-12-28,5420.09,5360.6,5428.63,5354.84,5360.98,59.1162,1.1027,133689000.0,110943000.0
399371.SZ,2023-12-29,5449.47,5409.57,5449.47,5407.91,5420.09,29.3745,0.542,99518400.0,83776600.0
399371.SZ,2024-01-02,5439.45,5438.96,5461.88,5430.24,5449.47,-10.0229,-0.1839,118075000.0,95162900.0
399371.SZ,2024-01-03,5469.98,5432.49,5474.18,5429.55,5439.45,30.5334,0.5613,109117000.0,86488700.0
399371.SZ,2024-01-04,5464.01,5466.86,5483.41,5424.27,5469.98,-5.9673,-0.1091,105675000.0,86254100.0
399371.SZ,2024-01-05,5466.99,5457.0,5525.13,5441.5,5464.01,2.9739,0.0544,126542000.0,101449000.0
399371.SZ,2024-01-08,5413.57,5458.9,5470.07,5412.15,5466.99,-53.4156,-0.9771,108714000.0,86377500.0
399371.SZ,2024-01-09,5429.51,5408.44,5441.0,5384.02,5413.57,15.9435,0.2945,99967400.0,80422100.0
399371.SZ,2024-01-10,5398.81,5418.46,5438.87,5398.81,5429.51,-30.7066,-0.5655,83833400.0,71519300.0
399371.SZ,2024-01-11,5399.91,5392.56,5423.64,5368.79,5398.81,1.1013,0.0204,101188000.0,85136900.0
399371.SZ,2024-01-12,5411.98,5387.16,5446.9,5385.75,5399.91,12.0754,0.2236,90791200.0,73701500.0
399371.SZ,2024-01-15,5435.51,5399.0,5457.85,5394.13,5411.98,23.5309,0.4348,85195900.0,70364500.0
399371.SZ,2024-01-16,5467.04,5425.5,5467.2,5409.11,5435.51,31.5278,0.58,104330000.0,83638000.0
399371.SZ,2024-01-17,5389.46,5455.63,5466.76,5389.46,5467.04,-77.5857,-1.4192,103857000.0,83315900.0
399371.SZ,2024-01-18,5401.35,5371.67,5409.65,5250.44,5389.46,11.8905,0.2206,165252000.0,125476000.0
399371.SZ,2024-01-19,5384.17,5381.27,5406.87,5356.56,5401.35,-17.1797,-0.3181,103588000.0,85513800.0
399371.SZ,2024-01-22,5276.42,5372.09,5391.74,5242.73,5384.17,-107.747,-2.0012,140623000.0,110989000.0
399371.SZ,2024-01-23,5312.45,5261.68,5339.76,5220.67,5276.42,36.0266,0.6828,115477000.0,89146300.0
399371.SZ,2024-01-24,5434.29,5331.51,5438.13,5293.95,5312.45,121.845,2.2936,146555000.0,108568000.0
399371.SZ,2024-01-25,5580.48,5442.34,5582.23,5435.24,5434.29,146.188,2.6901,192241000.0,144710000.0
399371.SZ,2024-01-26,5626.32,5572.83,5643.92,5567.56,5580.48,45.8374,0.8214,181534000.0,135959000.0
399371.SZ,2024-01-29,5628.52,5637.93,5699.52,5626.8,5626.32,2.2001,0.0391,190409000.0,144076000.0
399371.SZ,2024-01-30,5556.82,5599.45,5653.49,5555.71,5628.52,-71.6989,-1.2739,146481000.0,110775000.0
399371.SZ,2024-01-31,5528.56,5531.08,5586.95,5493.07,5556.82,-28.2556,-0.5085,155766000.0,118759000.0
399371.SZ,2024-02-01,5486.53,5499.77,5539.26,5466.61,5528.56,-42.0378,-0.7604,144516000.0,109287000.0
399371.SZ,2024-02-02,5455.17,5487.85,5536.33,5335.5,5486.53,-31.3534,-0.5715,176903000.0,131212000.0
399371.SZ,2024-02-05,5459.61,5432.5,5514.54,5338.69,5455.17,4.4346,0.0813,211021000.0,153119000.0
399371.SZ,2024-02-06,5608.26,5433.34,5622.46,5429.54,5459.61,148.649,2.7227,210886000.0,158265000.0
399371.SZ,2024-02-07,5696.79,5604.55,5696.79,5573.24,5608.26,88.534,1.5786,251013000.0,186620000.0
399371.SZ,2024-02-08,5704.67,5695.52,5740.2,5671.15,5696.79,7.8819,0.1384,224324000.0,168860000.0
399371.SZ,2024-02-19,5780.16,5736.37,5780.26,5681.06,5704.67,75.4865,1.3232,194341000.0,151617000.0
399371.SZ,2024-02-20,5819.81,5767.79,5828.08,5747.88,5780.16,39.6492,0.686,146021000.0,120314000.0
399371.SZ,2024-02-21,5874.35,5794.07,5951.0,5779.5,5819.81,54.537,0.9371,188479000.0,156718000.0
399371.SZ,2024-02-22,5927.29,5860.13,5927.29,5857.34,5874.35,52.9425,0.9012,142608000.0,121269000.0
399371.SZ,2024-02-23,5928.53,5932.94,5970.22,5906.4,5927.29,1.2374,0.0209,149942000.0,126653000.0
399371.SZ,2024-02-26,5834.65,5918.26,5929.47,5821.21,5928.53,-93.8782,-1.5835,160093000.0,131988000.0
399371.SZ,2024-02-27,5878.97,5818.53,5878.97,5810.56,5834.65,44.3262,0.7597,132937000.0,111353000.0
399371.SZ,2024-02-28,5837.24,5877.65,5913.19,5837.24,5878.97,-41.7287,-0.7098,189613000.0,155576000.0
399371.SZ,2024-02-29,5904.99,5814.96,5906.07,5814.96,5837.24,67.7409,1.1605,150514000.0,127536000.0
399371.SZ,2024-03-01,5920.42,5900.67,5928.52,5891.52,5904.99,15.4314,0.2613,140981000.0,121544000.0
399371.SZ,2024-03-04,5931.82,5915.64,5934.44,5894.26,5920.42,11.4032,0.1926,150620000.0,135319000.0
399371.SZ,2024-03-05,5970.25,5915.02,5980.35,5907.08,5931.82,38.4322,0.6479,150671000.0,133635000.0
399371.SZ,2024-03-06,5951.08,5962.56,5988.34,5946.3,5970.25,-19.1762,-0.3212,128974000.0,113191000.0
399371.SZ,2024-03-07,5970.92,5952.73,6026.98,5952.73,5951.08,19.8405,0.3334,146633000.0,125661000.0
399371.SZ,2024-03-08,6000.39,5968.79,6001.42,5947.19,5970.92,29.4718,0.4936,126456000.0,109679000.0
399371.SZ,2024-03-11,5993.66,5993.85,6011.42,5941.71,6000.39,-6.7241,-0.1121,146878000.0,132905000.0
399371.SZ,2024-03-12,5920.04,5986.44,5986.86,5905.09,5993.66,-73.622,-1.2283,171981000.0,157797000.0
399371.SZ,2024-03-13,5874.42,5908.65,5908.65,5848.77,5920.04,-45.6251,-0.7707,134913000.0,127697000.0
399371.SZ,2024-03-14,5878.27,5867.63,5913.69,5856.94,5874.42,3.8516,0.0656,140496000.0,127106000.0
399371.SZ,2024-03-15,5899.03,5872.79,5900.29,5841.74,5878.27,20.7608,0.3532,144116000.0,125061000.0
399371.SZ,2024-03-18,5916.48,5895.57,5924.11,5877.54,5899.03,17.4521,0.2958,152023000.0,137645000.0
399371.SZ,2024-03-19,5869.14,5904.19,5919.2,5867.87,5916.48,-47.3373,-0.8001,132370000.0,120403000.0
399371.SZ,2024-03-20,5892.14,5859.57,5903.54,5843.03,5869.14,22.9995,0.3919,119644000.0,109224000.0
399371.SZ,2024-03-21,5893.72,5899.14,5912.5,5878.78,5892.14,1.579,0.0268,116289000.0,107496000.0
399371.SZ,2024-03-22,5849.28,5878.02,5885.67,5810.27,5893.72,-44.4428,-0.7541,129634000.0,117388000.0
399371.SZ,2024-03-25,5851.05,5834.73,5911.94,5830.53,5849.28,1.7671,0.0302,135321000.0,119940000.0
399371.SZ,2024-03-26,5875.9,5855.09,5880.01,5834.31,5851.05,24.8555,0.4248,122906000.0,108802000.0
399371.SZ,2024-03-27,5846.28,5864.55,5904.28,5846.28,5875.9,-29.6196,-0.5041,121056000.0,106675000.0
399371.SZ,2024-03-28,5849.87,5840.39,5891.72,5810.75,5846.28,3.5912,0.0614,134646000.0,112538000.0
399371.SZ,2024-03-29,5902.02,5837.55,5902.1,5836.97,5849.87,52.1497,0.8915,129776000.0,111416000.0
399371.SZ,2024-04-01,5962.51,5914.6,5964.94,5914.6,5902.02,60.4828,1.0248,149100000.0,132001000.0
399371.SZ,2024-04-02,5966.61,5959.24,5990.3,5950.16,5962.51,4.1053,0.0689,144196000.0,123275000.0
399371.SZ,2024-04-03,5979.06,5964.35,5984.31,5939.64,5966.61,12.446,0.2086,141206000.0,125741000.0
399371.SZ,2024-04-08,5965.92,5961.39,6020.89,5935.72,5979.06,-13.1422,-0.2198,169811000.0,145957000.0
399371.SZ,2024-04-09,5934.83,5962.64,5979.16,5915.26,5965.92,-31.0897,-0.5211,130220000.0,112764000.0
399371.SZ,2024-04-10,5924.97,5929.33,5967.97,5899.48,5934.83,-9.8529,-0.166,133070000.0,116165000.0
399371.SZ,2024-04-11,5946.11,5896.31,5976.59,5886.7,5924.97,21.1385,0.3568,137354000.0,118273000.0
399371.SZ,2024-04-12,5906.77,5943.58,5953.8,5896.3,5946.11,-39.3409,-0.6616,129948000.0,116023000.0
399371.SZ,2024-04-15,6039.94,5904.63,6040.36,5893.18,5906.77,133.173,2.2546,199226000.0,166427000.0
399371.SZ,2024-04-16,5995.97,6017.17,6062.51,5969.9,6039.94,-43.9776,-0.7281,197917000.0,166121000.0
399371.SZ,2024-04-17,6096.42,5985.3,6096.65,5958.49,5995.97,100.449,1.6753,182805000.0,150591000.0
399371.SZ,2024-04-18,6117.75,6076.34,6172.61,6071.74,6096.42,21.3385,0.35,191839000.0,165883000.0
399371.SZ,2024-04-19,6120.06,6092.35,6157.2,6092.35,6117.75,2.3008,0.0376,163769000.0,143670000.0
399371.SZ,2024-04-22,6053.1,6119.47,6158.51,6050.71,6120.06,-66.9584,-1.0941,165015000.0,145582000.0
399371.SZ,2024-04-23,5971.57,6034.6,6044.28,5960.98,6053.1,-81.5274,-1.3469,150490000.0,129094000.0
399371.SZ,2024-04-24,5991.11,5979.99,5993.5,5942.65,5971.57,19.5391,0.3272,124252000.0,110645000.0
399371.SZ,2024-04-25,6025.43,5973.98,6033.48,5968.85,5991.11,34.3245,0.5729,115747000.0,105132000.0
399371.SZ,2024-04-26,6061.36,6021.99,6072.73,5995.74,6025.43,35.9294,0.5963,200624000.0,174853000.0
399371.SZ,2024-04-29,6096.62,6051.67,6109.92,6022.56,6061.36,35.2562,0.5817,222747000.0,197807000.0
399371.SZ,2024-04-30,6094.71,6083.17,6135.18,6082.52,6096.62,-1.9097,-0.0313,194134000.0,172670000.0
399371.SZ,2024-05-06,6152.24,6153.97,6163.01,6118.18,6094.71,57.5329,0.944,206137000.0,188033000.0
399371.SZ,2024-05-07,6156.76,6148.68,6166.22,6130.55,6152.24,4.5215,0.0735,159655000.0,141485000.0
399371.SZ,2024-05-08,6126.72,6141.37,6158.11,6123.07,6156.76,-30.0461,-0.488,132255000.0,117509000.0
399371.SZ,2024-05-09,6185.06,6127.26,6199.51,6127.26,6126.72,58.3385,0.9522,144896000.0,129026000.0
399371.SZ,2024-05-10,6231.82,6194.85,6240.4,6176.83,6185.06,46.7685,0.7562,154470000.0,136609000.0
399371.SZ,2024-05-13,6253.31,6207.42,6269.15,6182.15,6231.82,21.4897,0.3448,162927000.0,143778000.0
399371.SZ,2024-05-14,6223.67,6253.46,6256.91,6204.38,6253.31,-29.6469,-0.4741,140318000.0,128072000.0
399371.SZ,2024-05-15,6185.74,6207.56,6223.45,6177.9,6223.67,-37.9277,-0.6094,130311000.0,119659000.0
399371.SZ,2024-05-16,6213.11,6197.31,6245.55,6189.53,6185.74,27.3697,0.4425,164376000.0,147641000.0
399371.SZ,2024-05-17,6286.06,6217.46,6286.06,6188.77,6213.11,72.9474,1.1741,169345000.0,153303000.0
399371.SZ,2024-05-20,6317.61,6292.9,6331.53,6283.12,6286.06,31.5576,0.502,192963000.0,177787000.0
399371.SZ,2024-05-21,6307.32,6306.51,6324.16,6285.75,6317.61,-10.2922,-0.1629,138943000.0,125240000.0
399371.SZ,2024-05-22,6302.96,6303.24,6340.77,6292.58,6307.32,-4.3568,-0.0691,153558000.0,136520000.0
399371.SZ,2024-05-23,6231.35,6276.45,6277.27,6215.14,6302.96,-71.6192,-1.1363,149341000.0,129302000.0
399371.SZ,2024-05-24,6198.45,6214.3,6268.92,6195.46,6231.35,-32.8929,-0.5279,128060000.0,111787000.0
399371.SZ,2024-05-27,6279.48,6210.41,6283.41,6210.41,6198.45,81.0275,1.3072,141197000.0,125428000.0
399371.SZ,2024-05-28,6246.89,6280.54,6297.61,6237.61,6279.48,-32.586,-0.5189,132277000.0,114051000.0
399371.SZ,2024-05-29,6243.61,6239.59,6286.35,6225.38,6246.89,-3.2861,-0.0526,125269000.0,109644000.0
399371.SZ,2024-05-30,6186.61,6231.13,6264.35,6172.18,6243.61,-56.9977,-0.9129,129971000.0,112145000.0
399371.SZ,2024-05-31,6167.68,6194.86,6215.04,6167.68,6186.61,-18.9258,-0.3059,115759000.0,102391000.0
399371.SZ,2024-06-03,6154.82,6161.13,6187.53,6121.98,6167.68,-12.8627,-0.2085,154280000.0,130452000.0
399371.SZ,2024-06-04,6198.91,6143.47,6209.88,6127.96,6154.82,44.0881,0.7163,132298000.0,116652000.0
399371.SZ,2024-06-05,6133.01,6192.51,6196.53,6131.35,6198.91,-65.8964,-1.063,115667000.0,102372000.0
399371.SZ,2024-06-06,6144.61,6140.86,6190.26,6129.41,6133.01,11.5987,0.1891,144022000.0,128419000.0
399371.SZ,2024-06-07,6157.63,6151.33,6168.96,6115.38,6144.61,13.0204,0.2119,130567000.0,113575000.0
399371.SZ,2024-06-11,6069.75,6137.27,6156.46,6050.91,6157.63,-87.8824,-1.4272,144123000.0,122526000.0
399371.SZ,2024-06-12,6087.9,6060.47,6099.77,6036.55,6069.75,18.1513,0.299,124589000.0,109443000.0
399371.SZ,2024-06-13,6035.66,6084.36,6085.99,6021.18,6087.9,-52.2464,-0.8582,125083000.0,108602000.0
399371.SZ,2024-06-14,6058.43,6015.51,6072.66,6009.14,6035.66,22.771,0.3773,166851000.0,145854000.0
399371.SZ,2024-06-17,5999.7,6033.24,6051.69,5992.7,6058.43,-58.7221,-0.9693,129625000.0,114661000.0
399371.SZ,2024-06-18,6029.46,6001.95,6038.12,5973.87,5999.7,29.7578,0.496,108117000.0,96701400.0
399371.SZ,2024-06-19,6027.78,6029.19,6051.44,6017.51,6029.46,-1.6864,-0.028,96205800.0,88615300.0
399371.SZ,2024-06-20,6002.35,6024.71,6041.96,5994.64,6027.78,-25.427,-0.4218,106138000.0,93739600.0
399371.SZ,2024-06-21,6001.0,5992.93,6022.97,5975.56,6002.35,-1.3493,-0.0225,100874000.0,91558100.0
399371.SZ,2024-06-24,5970.88,5982.83,6007.85,5942.57,6001.0,-30.1226,-0.502,115206000.0,99670700.0
399371.SZ,2024-06-25,5973.34,5967.11,6007.81,5948.34,5970.88,2.4596,0.0412,109509000.0,94678400.0
399371.SZ,2024-06-26,5981.69,5959.08,5990.72,5930.55,5973.34,8.3498,0.1398,109481000.0,86419400.0
399371.SZ,2024-06-27,5946.36,5959.64,5978.02,5929.73,5981.69,-35.3286,-0.5906,121117000.0,96285900.0
399371.SZ,2024-06-28,5990.7,5932.2,6018.9,5932.2,5946.36,44.3436,0.7457,131531000.0,106250000.0
399371.SZ,2024-07-01,6075.99,5985.79,6079.42,5985.79,5990.7,85.2909,1.4237,126084000.0,106205000.0
399371.SZ,2024-07-02,6077.66,6069.32,6093.21,6054.38,6075.99,1.6707,0.0275,126526000.0,109160000.0
399371.SZ,2024-07-03,6039.17,6072.64,6087.67,6029.84,6077.66,-38.4924,-0.6333,101336000.0,88029400.0
399371.SZ,2024-07-04,6017.15,6043.81,6072.2,6013.85,6039.17,-22.0164,-0.3646,109695000.0,87915200.0
399371.SZ,2024-07-05,5973.5,6014.89,6025.89,5927.98,6017.15,-43.6495,-0.7254,117610000.0,100356000.0
399371.SZ,2024-07-08,5950.05,5953.52,5976.41,5940.12,5973.5,-23.4539,-0.3926,119628000.0,101039000.0
399371.SZ,2024-07-09,5999.62,5935.09,6007.58,5911.79,5950.05,49.5705,0.8331,131038000.0,108207000.0
399371.SZ,2024-07-10,5944.78,5973.94,5991.92,5939.3,5999.62,-54.8417,-0.9141,126877000.0,107411000.0
399371.SZ,2024-07-11,5965.64,5958.5,5968.9,5932.86,5944.78,20.8614,0.3509,134008000.0,115128000.0
399371.SZ,2024-07-12,5974.89,5950.71,5992.06,5948.4,5965.64,9.2472,0.155,129671000.0,110478000.0
399371.SZ,2024-07-15,6001.93,5961.64,6008.24,5949.29,5974.89,27.0394,0.4526,112629000.0,92390000.0
399371.SZ,2024-07-16,5981.16,5983.14,5988.24,5954.86,6001.93,-20.764,-0.346,108956000.0,92366400.0
399371.SZ,2024-07-17,5960.51,5972.5,5981.11,5939.51,5981.16,-20.6526,-0.3453,113867000.0,108171000.0
399371.SZ,2024-07-18,5992.19,5939.19,5995.64,5913.59,5960.51,31.6802,0.5315,103503000.0,96528200.0
399371.SZ,2024-07-19,5976.94,5964.63,5987.87,5931.71,5992.19,-15.2547,-0.2546,107035000.0,97765500.0
399371.SZ,2024-07-22,5915.57,5965.51,5967.98,5883.57,5976.94,-61.3683,-1.0268,110256000.0,100911000.0
399371.SZ,2024-07-23,5857.45,5910.38,5917.86,5857.45,5915.57,-58.1165,-0.9824,118563000.0,100157000.0
399371.SZ,2024-07-24,5843.34,5847.25,5871.31,5817.41,5857.45,-14.1146,-0.241,132949000.0,98976600.0
399371.SZ,2024-07-25,5807.05,5830.82,5834.32,5768.48,5843.34,-36.2908,-0.6211,114015000.0,97879100.0
399371.SZ,2024-07-26,5804.51,5813.54,5833.52,5767.69,5807.05,-2.5368,-0.0437,110826000.0,100039000.0
399371.SZ,2024-07-29,5819.78,5801.66,5828.09,5777.21,5804.51,15.268,0.263,99264200.0,86731100.0
399371.SZ,2024-07-30,5771.55,5805.68,5805.95,5752.61,5819.78,-48.226,-0.8287,97371400.0,84737000.0
399371.SZ,2024-07-31,5855.73,5770.23,5860.2,5762.17,5771.55,84.1801,1.4585,151330000.0,130293000.0
399371.SZ,2024-08-01,5849.85,5856.49,5888.62,5849.25,5855.73,-5.8781,-0.1004,123485000.0,106381000.0
399371.SZ,2024-08-02,5802.58,5817.19,5842.7,5798.0,5849.85,-47.2752,-0.8081,99778300.0,85625200.0
399371.SZ,2024-08-05,5731.19,5776.15,5824.22,5731.08,5802.58,-71.3846,-1.2302,124914000.0,108547000.0
399371.SZ,2024-08-06,5705.51,5758.4,5781.51,5669.39,5731.19,-25.6808,-0.4481,107132000.0,93958500.0
399371.SZ,2024-08-07,5714.96,5699.64,5751.21,5686.7,5705.51,9.4433,0.1655,90123000.0,78458200.0
399371.SZ,2024-08-08,5727.87,5712.37,5747.85,5696.71,5714.96,12.9186,0.226,91180000.0,76114600.0
399371.SZ,2024-08-09,5716.89,5738.09,5757.36,5716.89,5727.87,-10.9828,-0.1917,102527000.0,77812800.0
399371.SZ,2024-08-12,5713.57,5710.95,5733.15,5703.8,5716.89,-3.3257,-0.0582,86416700.0,66564600.0
399371.SZ,2024-08-13,5730.42,5719.21,5731.65,5693.78,5713.57,16.8563,0.295,82760600.0,65091100.0
399371.SZ,2024-08-14,5702.86,5726.36,5729.22,5701.7,5730.42,-27.5627,-0.481,80313200.0,67515600.0
399371.SZ,2024-08-15,5765.46,5694.47,5778.69,5681.45,5702.86,62.6027,1.0977,101714000.0,83089700.0
399371.SZ,2024-08-16,5779.09,5767.11,5796.74,5759.35,5765.46,13.6261,0.2363,98103700.0,78488200.0
399371.SZ,2024-08-19,5836.04,5779.26,5840.14,5779.21,5779.09,56.9507,0.9855,108112000.0,84009800.0
399371.SZ,2024-08-20,5795.02,5845.04,5845.47,5772.29,5836.04,-41.0233,-0.7029,108955000.0,86823800.0
399371.SZ,2024-08-21,5773.57,5782.66,5785.67,5741.85,5795.02,-21.4499,-0.3701,97718800.0,76528600.0
399371.SZ,2024-08-22,5779.68,5772.21,5798.07,5765.94,5773.57,6.1175,0.106,99745800.0,80876000.0
399371.SZ,2024-08-23,5814.25,5776.48,5828.1,5773.87,5779.68,34.5691,0.5981,90541700.0,79856100.0
399371.SZ,2024-08-26,5817.2,5820.07,5828.46,5785.13,5814.25,2.9508,0.0508,94205600.0,81217700.0
399371.SZ,2024-08-27,5807.55,5809.19,5819.35,5788.27,5817.2,-9.6531,-0.1659,96811500.0,83129300.0
399371.SZ,2024-08-28,5771.02,5797.0,5811.67,5752.8,5807.55,-36.5297,-0.629,99312300.0,83476000.0
399371.SZ,2024-08-29,5687.14,5757.95,5758.15,5684.25,5771.02,-83.8762,-1.4534,131175000.0,105972000.0
399371.SZ,2024-08-30,5697.02,5675.4,5751.86,5664.96,5687.14,9.8716,0.1736,187240000.0,156970000.0
399371.SZ,2024-09-02,5667.18,5677.27,5709.3,5663.14,5697.02,-29.8327,-0.5237,158606000.0,125555000.0
399371.SZ,2024-09-03,5635.31,5661.64,5672.11,5614.76,5667.18,-31.8757,-0.5625,133724000.0,105089000.0
399371.SZ,2024-09-04,5596.17,5609.26,5630.06,5593.02,5635.31,-39.1403,-0.6946,111671000.0,91022300.0
399371.SZ,2024-09-05,5595.9,5597.19,5616.73,5575.43,5596.17,-0.2655,-0.0047,97809700.0,83764100.0
399371.SZ,2024-09-06,5564.94,5597.34,5637.1,5563.21,5595.9,-30.9613,-0.5533,90442900.0,76800700.0
399371.SZ,2024-09-09,5479.14,5542.79,5542.79,5463.9,5564.94,-85.7987,-1.5418,114339000.0,96051800.0
399371.SZ,2024-09-10,5480.17,5478.92,5490.17,5442.09,5479.14,1.028,0.0188,106655000.0,85190200.0
399371.SZ,2024-09-11,5412.09,5459.91,5459.91,5392.39,5480.17,-68.0841,-1.2424,111018000.0,92503400.0
399371.SZ,2024-09-12,5420.77,5412.15,5441.52,5405.18,5412.09,8.6878,0.1605,103772000.0,84373400.0
399371.SZ,2024-09-13,5414.93,5423.46,5466.74,5414.93,5420.77,-5.8413,-0.1078,94670800.0,80689000.0
399371.SZ,2024-09-18,5473.37,5415.87,5481.53,5412.85,5414.93,58.4359,1.0792,97447900.0,76899800.0
399371.SZ,2024-09-19,5509.81,5473.81,5521.41,5433.06,5473.37,36.4428,0.6658,128652000.0,103002000.0
399371.SZ,2024-09-20,5526.75,5501.75,5537.26,5485.56,5509.81,16.9412,0.3075,113005000.0,94007200.0
399371.SZ,2024-09-23,5577.42,5521.86,5598.03,5520.79,5526.75,50.6641,0.9167,100174000.0,84476600.0
399371.SZ,2024-09-24,5803.73,5619.17,5803.73,5611.2,5577.42,226.31,4.0576,198396000.0,164420000.0
399371.SZ,2024-09-25,5889.87,5885.42,5996.69,5874.38,5803.73,86.1455,1.4843,244424000.0,203394000.0
399371.SZ,2024-09-26,6117.4,5887.36,6117.4,5880.33,5889.87,227.526,3.863,251615000.0,207631000.0
399371.SZ,2024-09-27,6223.61,6215.56,6262.43,6117.33,6117.4,106.214,1.7363,244638000.0,214178000.0
399371.SZ,2024-09-30,6641.48,6395.26,6692.08,6332.1,6223.61,417.863,6.7142,485648000.0,444116000.0
399371.SZ,2024-10-08,6850.06,7252.12,7252.12,6650.02,6641.48,208.581,3.1406,582090000.0,564945000.0
399371.SZ,2024-10-09,6367.2,6732.52,6732.52,6367.2,6850.06,-482.86,-7.049,416750000.0,393789000.0
399371.SZ,2024-10-10,6566.92,6408.41,6693.37,6403.0,6367.2,199.725,3.1368,368209000.0,332237000.0
399371.SZ,2024-10-11,6447.78,6554.88,6603.41,6392.03,6566.92,-119.141,-1.8143,248663000.0,222747000.0
399371.SZ,2024-10-14,6600.67,6508.95,6637.4,6489.82,6447.78,152.893,2.3713,277501000.0,252985000.0
399371.SZ,2024-10-15,6436.01,6571.02,6611.74,6436.01,6600.67,-164.661,-2.4946,231691000.0,207491000.0
399371.SZ,2024-10-16,6481.9,6383.58,6532.56,6381.8,6436.01,45.8856,0.713,208325000.0,187764000.0
399371.SZ,2024-10-17,6383.63,6502.53,6548.34,6383.63,6481.9,-98.2709,-1.5161,190835000.0,175710000.0
399371.SZ,2024-10-18,6478.78,6369.78,6570.8,6311.19,6383.63,95.1541,1.4906,253279000.0,237940000.0
399371.SZ,2024-10-21,6455.01,6492.83,6492.94,6396.44,6478.78,-23.7752,-0.367,231706000.0,217084000.0
399371.SZ,2024-10-22,6502.67,6447.48,6506.68,6446.36,6455.01,47.6658,0.7384,186982000.0,176797000.0
399371.SZ,2024-10-23,6529.33,6506.56,6560.12,6490.65,6502.67,26.6633,0.41,196342000.0,182546000.0
399371.SZ,2024-10-24,6484.57,6503.14,6506.86,6459.11,6529.33,-44.7637,-0.6856,145275000.0,132720000.0
399371.SZ,2024-10-25,6479.09,6479.56,6509.87,6459.98,6484.57,-5.4761,-0.0844,174858000.0,161416000.0
399371.SZ,2024-10-28,6498.59,6473.62,6498.59,6433.67,6479.09,19.4955,0.3009,221369000.0,187611000.0
399371.SZ,2024-10-29,6445.97,6505.33,6539.5,6439.3,6498.59,-52.6198,-0.8097,211839000.0,187838000.0
399371.SZ,2024-10-30,6390.08,6426.56,6469.66,6356.96,6445.97,-55.892,-0.8671,189727000.0,176864000.0
399371.SZ,2024-10-31,6382.85,6387.69,6426.78,6332.53,6390.08,-7.2302,-0.1131,232951000.0,213360000.0
399371.SZ,2024-11-01,6435.96,6380.99,6486.42,6380.7,6382.85,53.1115,0.8321,278828000.0,237573000.0
399371.SZ,2024-11-04,6485.71,6446.07,6485.71,6391.39,6435.96,49.7517,0.773,205951000.0,180716000.0
399371.SZ,2024-11-05,6583.06,6470.49,6583.06,6451.35,6485.71,97.3524,1.501,279663000.0,242508000.0
399371.SZ,2024-11-06,6536.14,6583.25,6604.12,6511.21,6583.06,-46.9244,-0.7128,307683000.0,263072000.0
399371.SZ,2024-11-07,6703.55,6494.61,6703.58,6490.18,6536.14,167.408,2.5613,326002000.0,281010000.0
399371.SZ,2024-11-08,6619.05,6743.6,6760.21,6601.4,6703.55,-84.496,-1.2605,310978000.0,276177000.0
399371.SZ,2024-11-11,6567.93,6564.38,6580.82,6490.67,6619.05,-51.1184,-0.7723,258484000.0,230189000.0
399371.SZ,2024-11-12,6497.2,6563.49,6638.56,6472.0,6567.93,-70.7322,-1.0769,255703000.0,241523000.0
399371.SZ,2024-11-13,6542.24,6477.35,6557.3,6476.46,6497.2,45.0419,0.6933,217064000.0,198058000.0
399371.SZ,2024-11-14,6473.74,6531.48,6563.65,6468.59,6542.24,-68.5043,-1.0471,210682000.0,188578000.0
399371.SZ,2024-11-15,6415.09,6456.95,6506.13,6415.08,6473.74,-58.6487,-0.9059,217760000.0,190026000.0
399371.SZ,2024-11-18,6466.79,6457.76,6584.47,6441.51,6415.09,51.7005,0.8059,339277000.0,255403000.0
399371.SZ,2024-11-19,6459.81,6461.25,6487.26,6383.48,6466.79,-6.9841,-0.108,261771000.0,191947000.0
399371.SZ,2024-11-20,6471.57,6445.38,6482.24,6432.04,6459.81,11.7609,0.1821,194106000.0,158503000.0
399371.SZ,2024-11-21,6462.91,6462.9,6479.3,6431.67,6471.57,-8.6533,-0.1337,171607000.0,141002000.0
399371.SZ,2024-11-22,6281.69,6458.68,6470.53,6281.69,6462.91,-181.221,-2.804,206781000.0,173020000.0
399371.SZ,2024-11-25,6270.99,6295.29,6333.26,6235.63,6281.69,-10.7039,-0.1704,179040000.0,149781000.0
399371.SZ,2024-11-26,6274.4,6257.77,6306.3,6244.04,6270.99,3.4066,0.0543,150150000.0,120316000.0
399371.SZ,2024-11-27,6351.66,6261.97,6351.66,6226.13,6274.4,77.2603,1.2314,167448000.0,133575000.0
399371.SZ,2024-11-28,6314.93,6350.8,6361.06,6298.63,6351.66,-36.7259,-0.5782,162288000.0,126044000.0
399371.SZ,2024-11-29,6351.48,6317.07,6403.45,6316.92,6314.93,36.5498,0.5788,170181000.0,148615000.0
399371.SZ,2024-12-02,6396.22,6351.49,6406.94,6334.46,6351.48,44.7438,0.7045,197974000.0,161774000.0
399371.SZ,2024-12-03,6455.16,6396.36,6458.19,6378.15,6396.22,58.9337,0.9214,197055000.0,161161000.0
399371.SZ,2024-12-04,6452.0,6443.14,6477.62,6412.32,6455.16,-3.1554,-0.0489,207724000.0,167790000.0
399371.SZ,2024-12-05,6439.47,6431.99,6459.57,6425.4,6452.0,-12.5314,-0.1942,155483000.0,125837000.0
399371.SZ,2024-12-06,6517.4,6443.65,6534.28,6443.65,6439.47,77.9244,1.2101,240412000.0,181084000.0
399371.SZ,2024-12-09,6518.6,6511.1,6563.34,6492.3,6517.4,1.2104,0.0186,259679000.0,171467000.0
399371.SZ,2024-12-10,6549.05,6663.53,6678.0,6541.02,6518.6,30.4442,0.467,299710000.0,233086000.0
399371.SZ,2024-12-11,6553.25,6538.27,6584.3,6538.24,6549.05,4.2047,0.0642,229788000.0,167189000.0
399371.SZ,2024-12-12,6609.79,6555.04,6614.64,6540.5,6553.25,56.5309,0.8626,218814000.0,171789000.0
399371.SZ,2024-12-13,6476.59,6581.22,6581.22,6475.18,6609.79,-133.192,-2.0151,263311000.0,217535000.0
399371.SZ,2024-12-16,6476.61,6476.07,6513.18,6461.88,6476.59,0.0209,0.0003,194723000.0,159658000.0
399371.SZ,2024-12-17,6461.04,6468.86,6515.39,6454.97,6476.61,-15.5703,-0.2404,176193000.0,139795000.0
399371.SZ,2024-12-18,6505.79,6488.09,6550.33,6488.09,6461.04,44.7421,0.6925,182155000.0,138611000.0
399371.SZ,2024-12-19,6466.88,6465.31,6490.27,6439.51,6505.79,-38.9093,-0.5981,169572000.0,124514000.0
399371.SZ,2024-12-20,6425.43,6461.56,6475.12,6420.29,6466.88,-41.4417,-0.6408,160439000.0,123401000.0
399371.SZ,2024-12-23,6465.58,6426.34,6515.51,6426.34,6425.43,40.1475,0.6248,183389000.0,149530000.0
399371.SZ,2024-12-24,6552.9,6464.81,6556.52,6464.81,6465.58,87.3217,1.3506,169366000.0,139492000.0
399371.SZ,2024-12-25,6575.48,6558.63,6600.97,6535.11,6552.9,22.5758,0.3445,164270000.0,134011000.0
399371.SZ,2024-12-26,6547.32,6567.68,6569.17,6526.77,6575.48,-28.1641,-0.4283,132760000.0,111851000.0
399371.SZ,2024-12-27,6553.6,6543.88,6561.45,6490.56,6547.32,6.2865,0.096,157241000.0,131401000.0
399371.SZ,2024-12-30,6603.88,6542.05,6613.53,6542.05,6553.6,50.2772,0.7672,157548000.0,136416000.0
399371.SZ,2024-12-31,6520.33,6599.17,6626.06,6520.33,6603.88,-83.5473,-1.2651,182307000.0,151547000.0
399371.SZ,2025-01-02,6368.52,6524.95,6551.38,6336.51,6520.33,-151.807,-2.3282,202056000.0,169552000.0
399371.SZ,2025-01-03,6311.48,6378.99,6407.02,6298.58,6368.52,-57.0393,-0.8956,174098000.0,142335000.0
399371.SZ,2025-01-06,6329.36,6319.59,6349.94,6259.09,6311.48,17.8736,0.2832,151963000.0,125372000.0
399371.SZ,2025-01-07,6335.64,6313.63,6338.62,6277.44,6329.36,6.2782,0.0992,134709000.0,108846000.0
399371.SZ,2025-01-08,6356.0,6321.5,6380.75,6269.53,6335.64,20.3655,0.3214,171338000.0,140241000.0
399371.SZ,2025-01-09,6303.34,6343.2,6344.58,6293.91,6356.0,-52.6622,-0.8285,136757000.0,109128000.0
399371.SZ,2025-01-10,6220.8,6305.78,6325.36,6220.8,6303.34,-82.5352,-1.3094,136359000.0,106073000.0
399371.SZ,2025-01-13,6181.21,6185.94,6225.37,6143.77,6220.8,-39.5937,-0.6365,138462000.0,109427000.0
399371.SZ,2025-01-14,6293.42,6185.29,6305.85,6174.54,6181.21,112.204,1.8153,152463000.0,124694000.0
399371.SZ,2025-01-15,6293.54,6285.87,6345.41,6278.08,6293.42,0.1285,0.002,128420000.0,108296000.0
399371.SZ,2025-01-16,6337.48,6317.7,6364.93,6302.68,6293.54,43.9341,0.6981,153811000.0,120689000.0
399371.SZ,2025-01-17,6332.21,6322.48,6358.29,6289.89,6337.48,-5.2688,-0.0831,125230000.0,101741000.0
399371.SZ,2025-01-20,6313.51,6357.78,6378.51,6306.64,6332.21,-18.7021,-0.2953,135185000.0,115271000.0
399371.SZ,2025-01-21,6288.17,6336.94,6338.59,6276.53,6313.51,-25.3334,-0.4013,124104000.0,102367000.0
399371.SZ,2025-01-22,6210.72,6273.56,6273.56,6193.71,6288.17,-77.4585,-1.2318,123701000.0,100764000.0
399371.SZ,2025-01-23,6278.69,6257.4,6332.42,6257.4,6210.72,67.9783,1.0945,166360000.0,133658000.0
399371.SZ,2025-01-24,6315.08,6263.2,6338.24,6249.76,6278.69,36.3864,0.5795,137225000.0,115550000.0
399371.SZ,2025-01-27,6364.52,6330.54,6391.44,6330.54,6315.08,49.4406,0.7829,141115000.0,117168000.0
399371.SZ,2025-02-05,6268.1,6383.05,6383.31,6254.11,6364.52,-96.4257,-1.5151,144337000.0,121737000.0
399371.SZ,2025-02-06,6296.01,6265.33,6298.32,6241.19,6268.1,27.9178,0.4454,153071000.0,123796000.0
399371.SZ,2025-02-07,6349.17,6288.99,6377.9,6268.78,6296.01,53.1619,0.8444,200388000.0,163923000.0
399371.SZ,2025-02-10,6360.16,6351.02,6382.56,6337.3,6349.17,10.9826,0.173,183058000.0,148366000.0
399371.SZ,2025-02-11,6376.1,6369.27,6378.66,6344.42,6360.16,15.9468,0.2507,171809000.0,142573000.0
399371.SZ,2025-02-12,6409.91,6368.04,6409.91,6350.58,6376.1,33.8096,0.5303,156805000.0,136658000.0
399371.SZ,2025-02-13,6402.87,6403.06,6444.1,6397.58,6409.91,-7.0418,-0.1099,179152000.0,155858000.0
399371.SZ,2025-02-14,6431.57,6397.19,6434.69,6375.22,6402.87,28.699,0.4482,171897000.0,142535000.0
399371.SZ,2025-02-17,6421.85,6440.84,6442.78,6381.0,6431.57,-9.7238,-0.1512,200162000.0,170859000.0
399371.SZ,2025-02-18,6392.02,6411.9,6455.86,6376.79,6421.85,-29.8279,-0.4645,198666000.0,165259000.0
399371.SZ,2025-02-19,6391.56,6381.67,6412.51,6369.3,6392.02,-0.4558,-0.0071,168008000.0,145366000.0
399371.SZ,2025-02-20,6362.82,6382.9,6382.9,6346.05,6391.56,-28.7446,-0.4497,148223000.0,127053000.0
399371.SZ,2025-02-21,6364.67,6374.93,6384.99,6331.41,6362.82,1.8527,0.0291,201318000.0,184580000.0
399371.SZ,2025-02-24,6366.6,6357.56,6383.4,6341.26,6364.67,1.9243,0.0302,208076000.0,183854000.0
399371.SZ,2025-02-25,6297.08,6333.12,6349.81,6285.67,6366.6,-69.511,-1.0918,163687000.0,151194000.0
399371.SZ,2025-02-26,6357.05,6306.77,6361.89,6306.77,6297.08,59.97,0.9523,172480000.0,153265000.0
399371.SZ,2025-02-27,6398.97,6361.91,6398.97,6344.1,6357.05,41.92,0.6594,177565000.0,164813000.0
399371.SZ,2025-02-28,6328.05,6387.11,6421.4,6328.05,6398.97,-70.9269,-1.1084,177805000.0,160084000.0
399371.SZ,2025-03-03,6338.72,6341.79,6378.68,6321.01,6328.05,10.6745,0.1687,159798000.0,145527000.0
399371.SZ,2025-03-04,6337.64,6321.19,6348.76,6313.46,6338.72,-1.0853,-0.0171,127595000.0,115763000.0
399371.SZ,2025-03-05,6379.26,6339.0,6382.53,6323.87,6337.64,41.6211,0.6567,151712000.0,129384000.0
399371.SZ,2025-03-06,6410.27,6393.41,6420.93,6357.52,6379.26,31.0082,0.4861,178721000.0,160074000.0
399371.SZ,2025-03-07,6410.85,6402.15,6436.8,6398.21,6410.27,0.5791,0.009,172402000.0,154865000.0
399371.SZ,2025-03-10,6383.23,6408.61,6412.21,6356.16,6410.85,-27.6114,-0.4307,145059000.0,130798000.0
399371.SZ,2025-03-11,6414.8,6339.14,6414.8,6337.43,6383.23,31.5613,0.4944,135293000.0,123865000.0
399371.SZ,2025-03-12,6397.4,6417.09,6425.69,6386.01,6414.8,-17.3996,-0.2712,142317000.0,131698000.0
399371.SZ,2025-03-13,6413.06,6396.89,6438.89,6386.94,6397.4,15.6642,0.2449,167435000.0,145167000.0
399371.SZ,2025-03-14,6522.51,6421.07,6535.43,6421.07,6413.06,109.452,1.7067,205333000.0,196582000.0
399371.SZ,2025-03-17,6528.62,6537.07,6548.91,6524.23,6522.51,6.1089,0.0937,167064000.0,155111000.0
399371.SZ,2025-03-18,6540.88,6544.47,6547.77,6520.94,6528.62,12.2636,0.1878,135296000.0,129686000.0
399371.SZ,2025-03-19,6562.09,6547.14,6570.47,6519.96,6540.88,21.2007,0.3241,141659000.0,136536000.0
399371.SZ,2025-03-20,6514.59,6561.6,6564.12,6507.03,6562.09,-47.4943,-0.7238,134783000.0,129670000.0
399371.SZ,2025-03-21,6467.43,6504.3,6547.82,6448.95,6514.59,-47.1657,-0.724,166952000.0,150422000.0
399371.SZ,2025-03-24,6504.21,6470.46,6509.16,6468.14,6467.43,36.7884,0.5688,158390000.0,141491000.0
399371.SZ,2025-03-25,6528.22,6507.23,6533.66,6502.43,6504.21,24.0052,0.3691,141153000.0,124514000.0
399371.SZ,2025-03-26,6485.87,6518.33,6523.83,6481.03,6528.22,-42.3452,-0.6486,136235000.0,123803000.0
399371.SZ,2025-03-27,6496.35,6479.98,6525.6,6472.4,6485.87,10.4803,0.1616,129547000.0,115186000.0
399371.SZ,2025-03-28,6470.98,6496.28,6497.96,6457.34,6496.35,-25.3744,-0.3906,135714000.0,115157000.0
399371.SZ,2025-03-31,6445.09,6463.18,6512.07,6427.95,6470.98,-25.886,-0.4,181937000.0,150679000.0
399371.SZ,2025-04-01,6445.25,6444.71,6454.23,6427.39,6445.09,0.1608,0.0025,152230000.0,131207000.0
399371.SZ,2025-04-02,6463.63,6439.33,6477.4,6438.2,6445.25,18.3788,0.2852,127614000.0,107149000.0
399371.SZ,2025-04-03,6450.74,6408.07,6476.54,6408.07,6463.63,-12.8938,-0.1995,134717000.0,121949000.0
399371.SZ,2025-04-07,6030.67,6189.1,6233.69,5919.19,6450.74,-420.071,-6.512,276697000.0,238409000.0
399371.SZ,2025-04-08,6167.9,6037.84,6167.9,6037.84,6030.67,137.234,2.2756,242320000.0,209626000.0
399371.SZ,2025-04-09,6185.01,6115.48,6185.01,6041.47,6167.9,17.1028,0.2773,225003000.0,187090000.0
399371.SZ,2025-04-10,6246.65,6245.83,6266.81,6197.54,6185.01,61.6403,0.9966,193907000.0,167101000.0
399371.SZ,2025-04-14,6261.35,6249.08,6271.99,6239.18,6228.32,33.0264,0.5303,145045000.0,126581000.0
399371.SZ,2025-04-15,6299.58,6261.53,6304.29,6250.45,6261.35,38.2347,0.6106,125784000.0,110691000.0
399371.SZ,2025-04-17,6328.88,6305.59,6337.79,6284.75,6328.52,0.3573,0.0056,114330000.0,97980000.0
399371.SZ,2025-04-18,6348.0,6313.72,6359.98,6311.4,6328.88,19.1249,0.3022,98728100.0,83932200.0
399371.SZ,2025-04-21,6334.34,6335.74,6376.64,6326.49,6348.0,-13.6594,-0.2152,118933000.0,101233000.0
399371.SZ,2025-04-22,6354.98,6332.25,6374.21,6332.21,6334.34,20.6336,0.3257,128615000.0,108647000.0
399371.SZ,2025-04-23,6340.81,6371.22,6376.17,6334.77,6354.98,-14.1677,-0.2229,119978000.0,108306000.0
399371.SZ,2025-04-24,6375.28,6342.75,6390.76,6342.75,6340.81,34.47,0.5436,119490000.0,105709000.0
399371.SZ,2025-04-25,6363.5,6378.81,6391.29,6352.7,6375.28,-11.7748,-0.1847,131413000.0,108900000.0
399371.SZ,2025-04-28,6370.99,6359.75,6386.33,6338.13,6363.5,7.4908,0.1177,139646000.0,120554000.0
399371.SZ,2025-04-29,6358.59,6361.35,6390.28,6351.89,6370.99,-12.4079,-0.1948,126267000.0,106340000.0
399371.SZ,2025-04-30,6305.1,6353.47,6355.66,6302.58,6358.59,-53.4879,-0.8412,161314000.0,137445000.0
399371.SZ,2025-05-06,6343.79,6330.83,6345.19,6297.69,6305.1,38.6971,0.6137,156721000.0,134412000.0
399371.SZ,2025-05-07,6399.68,6408.94,6413.7,6370.86,6343.79,55.8823,0.8809,154867000.0,134800000.0
399371.SZ,2025-05-08,6426.22,6381.8,6446.85,6376.42,6399.68,26.5449,0.4148,127146000.0,114394000.0
399371.SZ,2025-05-09,6451.7,6426.17,6459.52,6426.17,6426.22,25.4765,0.3964,121078000.0,109230000.0
399371.SZ,2025-05-12,6489.31,6469.02,6504.07,6450.58,6451.7,37.6104,0.583,127706000.0,120978000.0
399371.SZ,2025-05-13,6537.78,6518.54,6539.35,6497.16,6489.31,48.4694,0.7469,139248000.0,129149000.0
399371.SZ,2025-05-14,6606.09,6529.2,6620.81,6513.42,6537.78,68.3094,1.0448,164630000.0,154567000.0
399371.SZ,2025-05-15,6567.91,6593.21,6613.89,6565.58,6606.09,-38.1787,-0.5779,139572000.0,121933000.0
399371.SZ,2025-05-19,6526.33,6527.06,6541.51,6522.54,6526.93,-0.601,-0.0092,113415000.0,99262500.0
399371.SZ,2025-05-20,6554.95,6536.21,6571.88,6535.77,6526.33,28.6248,0.4386,111063000.0,102177000.0
399371.SZ,2025-05-21,6586.44,6556.19,6611.03,6556.19,6554.95,31.4837,0.4803,115756000.0,106744000.0
399371.SZ,2025-05-22,6592.14,6576.82,6598.33,6561.78,6586.44,5.7073,0.0867,108721000.0,96860700.0
399371.SZ,2025-05-23,6535.68,6589.07,6626.88,6535.68,6592.14,-56.4671,-0.8566,116665000.0,106440000.0
399371.SZ,2025-05-26,6511.96,6530.59,6554.67,6497.09,6535.68,-23.7134,-0.3628,101271000.0,93329900.0
399371.SZ,2025-05-27,6510.7,6515.16,6536.43,6497.22,6511.96,-1.2675,-0.0195,97266200.0,87286100.0
399371.SZ,2025-05-28,6517.21,6514.88,6533.01,6498.6,6510.7,6.5165,0.1001,98381700.0,87465400.0
399371.SZ,2025-05-29,6531.83,6516.58,6547.39,6502.33,6517.21,14.6133,0.2242,107467000.0,97049500.0
399371.SZ,2025-05-30,6530.36,6527.06,6551.78,6503.6,6531.83,-1.4647,-0.0224,116634000.0,105767000.0
399371.SZ,2025-06-03,6560.26,6522.18,6578.09,6509.59,6530.36,29.9035,0.4579,136562000.0,129592000.0
399371.SZ,2025-06-04,6581.38,6561.62,6586.51,6561.62,6560.26,21.1128,0.3218,111571000.0,107475000.0
399371.SZ,2025-06-05,6561.24,6582.99,6596.44,6551.57,6581.38,-20.135,-0.3059,114759000.0,106531000.0
399371.SZ,2025-06-06,6561.33,6562.02,6583.22,6552.33,6561.24,0.0874,0.0013,102767000.0,94481200.0
399371.SZ,2025-06-09,6582.44,6568.6,6585.05,6551.59,6561.33,21.1111,0.3218,116443000.0,108148000.0
399371.SZ,2025-06-10,6574.76,6585.47,6631.25,6549.64,6582.44,-7.6789,-0.1167,140114000.0,125206000.0
399371.SZ,2025-06-11,6613.04,6576.05,6630.45,6576.05,6574.76,38.2789,0.5822,122051000.0,114787000.0
399371.SZ,2025-06-12,6609.61,6597.75,6614.83,6572.5,6613.04,-3.4336,-0.0519,119336000.0,115035000.0
399371.SZ,2025-06-13,6570.74,6605.44,6610.59,6558.08,6609.61,-38.8658,-0.588,173699000.0,156836000.0
399371.SZ,2025-06-16,6597.16,6565.87,6599.19,6562.89,6570.74,26.4148,0.402,132264000.0,127209000.0
399371.SZ,2025-06-17,6606.26,6597.69,6613.65,6586.56,6597.16,9.1058,0.138,111132000.0,112637000.0
399371.SZ,2025-06-18,6600.02,6606.68,6621.39,6566.76,6606.26,-6.2453,-0.0945,108002000.0,104264000.0
399371.SZ,2025-06-19,6550.59,6592.91,6598.25,6533.28,6600.02,-49.4231,-0.7488,121858000.0,115958000.0
399371.SZ,2025-06-20,6580.0,6537.71,6589.02,6537.71,6550.59,29.4017,0.4488,111788000.0,110258000.0
399371.SZ,2025-06-23,6611.26,6565.07,6627.27,6538.05,6580.0,31.2663,0.4752,129308000.0,123392000.0
399371.SZ,2025-06-24,6670.02,6608.71,6687.3,6608.71,6611.26,58.7585,0.8888,144563000.0,142531000.0
399371.SZ,2025-06-25,6736.05,6665.34,6741.59,6644.86,6670.02,66.0301,0.99,156162000.0,155651000.0
399371.SZ,2025-06-26,6734.25,6729.19,6750.0,6709.3,6736.05,-1.8004,-0.0267,137990000.0,138718000.0
399371.SZ,2025-06-27,6661.24,6730.42,6766.33,6649.36,6734.25,-73.0096,-1.0842,175754000.0,162936000.0
399371.SZ,2025-07-01,6687.84,6653.13,6692.53,6643.93,6645.35,42.4929,0.6394,121702000.0,116890000.0
399371.SZ,2025-07-02,6726.28,6695.29,6735.79,6685.98,6687.84,38.4385,0.5748,142888000.0,128790000.0
399371.SZ,2025-07-04,6780.69,6731.56,6820.82,6721.69,6734.03,46.6553,0.6928,147495000.0,135723000.0
399371.SZ,2025-07-07,6778.99,6776.85,6784.38,6749.61,6780.69,-1.7009,-0.0251,135895000.0,120327000.0
399371.SZ,2025-07-08,6800.55,6779.06,6806.16,6764.64,6778.99,21.5624,0.3181,139393000.0,130730000.0
399371.SZ,2025-07-09,6792.39,6799.76,6829.48,6786.87,6800.55,-8.1589,-0.12,155085000.0,140202000.0
399371.SZ,2025-07-10,6846.08,6786.9,6880.76,6786.9,6792.39,53.6872,0.7904,181436000.0,166515000.0
399371.SZ,2025-07-11,6810.28,6837.83,6909.73,6810.28,6846.08,-35.8016,-0.523,223395000.0,206415000.0
399371.SZ,2025-07-14,6825.98,6813.28,6863.95,6813.28,6810.28,15.7034,0.2306,170899000.0,155036000.0
399371.SZ,2025-07-15,6776.41,6829.11,6845.08,6751.36,6825.98,-49.5726,-0.7262,157307000.0,143715000.0
399371.SZ,2025-07-16,6752.09,6774.11,6781.03,6720.25,6776.41,-24.3135,-0.3588,125994000.0,118444000.0
399371.SZ,2025-07-17,6747.73,6744.42,6763.17,6732.74,6752.09,-4.3648,-0.0646,119043000.0,114081000.0
399371.SZ,2025-07-18,6787.22,6755.31,6791.81,6745.75,6747.73,39.488,0.5852,133390000.0,131421000.0
399371.SZ,2025-07-21,6840.98,6808.4,6843.62,6808.4,6787.22,53.7628,0.7921,202318000.0,186542000.0
399371.SZ,2025-07-22,6902.46,6847.99,6902.46,6796.82,6840.98,61.4835,0.8988,250990000.0,235886000.0
399371.SZ,2025-07-28,6870.72,6868.41,6909.52,6844.38,6877.12,-6.3975,-0.093,184445000.0,185971000.0
399371.SZ,2025-07-29,6848.46,6866.35,6881.46,6825.58,6870.72,-22.2567,-0.3239,165016000.0,171168000.0
399371.SZ,2025-08-04,6782.84,6739.08,6785.52,6738.3,6759.02,23.8259,0.3525,124817000.0,128472000.0
399371.SZ,2025-08-05,6851.73,6788.96,6855.24,6786.76,6782.84,68.8854,1.0156,134194000.0,130646000.0
399371.SZ,2025-08-11,6864.32,6887.22,6892.67,6851.24,6878.34,-14.0269,-0.2039,147052000.0,147580000.0
399371.SZ,2025-08-25,7091.38,7019.74,7091.38,7016.33,7000.54,90.8352,1.2975,265666000.0,274731000.0
399371.SZ,2025-08-26,7082.77,7084.89,7110.16,7066.74,7091.38,-8.6059,-0.1214,206116000.0,215607000.0
399371.SZ,2025-08-27,6932.85,7075.79,7080.33,6932.85,7082.77,-149.924,-2.1167,240382000.0,253844000.0
399371.SZ,2025-09-01,6939.98,6976.93,6991.93,6926.59,6963.45,-23.4694,-0.337,245846000.0,265373000.0
399371.SZ,2025-09-02,6967.34,6944.06,6982.99,6907.75,6939.98,27.3623,0.3943,233102000.0,249906000.0
399371.SZ,2025-09-03,6888.35,6984.84,6990.92,6860.94,6967.34,-78.9956,-1.1338,190577000.0,206945000.0
399371.SZ,2025-09-15,6920.57,6940.04,6963.13,6905.56,6942.95,-22.3746,-0.3223,196616000.0,204182000.0
399371.SZ,2025-09-16,6879.36,6927.44,6941.46,6859.11,6920.57,-41.2084,-0.5954,205993000.0,206083000.0
399371.SZ,2025-09-17,6905.53,6875.2,6910.51,6864.62,6879.36,26.1641,0.3803,218695000.0,216125000.0
399371.SZ,2025-09-22,6757.49,6803.01,6806.8,6732.81,6799.82,-42.3277,-0.6225,187987000.0,182842000.0
399371.SZ,2025-09-29,6830.04,6782.45,6882.12,6744.17,6782.85,47.188,0.6957,210576000.0,230335000.0
399371.SZ,2025-10-13,6889.79,6789.85,6902.06,6789.85,6924.75,-34.961,-0.5049,236597000.0,244573000.0
399371.SZ,2025-10-14,6938.35,6914.26,6987.77,6905.35,6889.79,48.5631,0.7049,268360000.0,288724000.0
399371.SZ,2025-10-15,6992.65,6938.85,6996.46,6927.49,6938.35,54.2994,0.7826,201484000.0,218041000.0
